

================================================================
== Vitis HLS Report for 'dense_latency_ap_fixed_16_6_5_3_0_ap_fixed_32_18_5_3_0_config4_s'
================================================================
* Date:           Sat Nov 15 21:49:05 2025

* Version:        2023.1 (Build 3854077 on May  4 2023)
* Project:        myproject_prj
* Solution:       solution1 (Vivado IP Flow Target)
* Product family: zynq
* Target device:  xc7z020-clg400-1


================================================================
== Performance Estimates
================================================================
+ Timing: 
    * Summary: 
    +--------+---------+-----------+------------+
    |  Clock |  Target | Estimated | Uncertainty|
    +--------+---------+-----------+------------+
    |ap_clk  |  0.10 us|  24.687 ns|    27.00 ns|
    +--------+---------+-----------+------------+

+ Latency: 
    * Summary: 
    +---------+---------+----------+----------+-----+-----+---------+
    |  Latency (cycles) |  Latency (absolute) |  Interval | Pipeline|
    |   min   |   max   |    min   |    max   | min | max |   Type  |
    +---------+---------+----------+----------+-----+-----+---------+
    |       30|       30|  3.000 us|  3.000 us|   31|   31|      yes|
    +---------+---------+----------+----------+-----+-----+---------+

    + Detail: 
        * Instance: 
        N/A

        * Loop: 
        N/A



================================================================
== Utilization Estimates
================================================================
* Summary: 
+-----------------+---------+-----+--------+-------+-----+
|       Name      | BRAM_18K| DSP |   FF   |  LUT  | URAM|
+-----------------+---------+-----+--------+-------+-----+
|DSP              |        -|    -|       -|      -|    -|
|Expression       |        -|    -|       0|  57098|    -|
|FIFO             |        -|    -|       -|      -|    -|
|Instance         |        -|   64|       0|    384|    -|
|Memory           |        -|    -|       -|      -|    -|
|Multiplexer      |        -|    -|       -|  17652|    -|
|Register         |        -|    -|   26600|      -|    -|
+-----------------+---------+-----+--------+-------+-----+
|Total            |        0|   64|   26600|  75134|    0|
+-----------------+---------+-----+--------+-------+-----+
|Available        |      280|  220|  106400|  53200|    0|
+-----------------+---------+-----+--------+-------+-----+
|Utilization (%)  |        0|   29|      25|    141|    0|
+-----------------+---------+-----+--------+-------+-----+

+ Detail: 
    * Instance: 
    +-------------------------+--------------------+---------+----+---+----+-----+
    |         Instance        |       Module       | BRAM_18K| DSP| FF| LUT| URAM|
    +-------------------------+--------------------+---------+----+---+----+-----+
    |mul_16s_14s_29_1_1_U217  |mul_16s_14s_29_1_1  |        0|   1|  0|   6|    0|
    |mul_16s_14s_29_1_1_U218  |mul_16s_14s_29_1_1  |        0|   1|  0|   6|    0|
    |mul_16s_14s_29_1_1_U220  |mul_16s_14s_29_1_1  |        0|   1|  0|   6|    0|
    |mul_16s_14s_29_1_1_U221  |mul_16s_14s_29_1_1  |        0|   1|  0|   6|    0|
    |mul_16s_14s_29_1_1_U222  |mul_16s_14s_29_1_1  |        0|   1|  0|   6|    0|
    |mul_16s_14s_29_1_1_U223  |mul_16s_14s_29_1_1  |        0|   1|  0|   6|    0|
    |mul_16s_14s_29_1_1_U224  |mul_16s_14s_29_1_1  |        0|   1|  0|   6|    0|
    |mul_16s_14s_29_1_1_U225  |mul_16s_14s_29_1_1  |        0|   1|  0|   6|    0|
    |mul_16s_14s_29_1_1_U229  |mul_16s_14s_29_1_1  |        0|   1|  0|   6|    0|
    |mul_16s_14s_29_1_1_U231  |mul_16s_14s_29_1_1  |        0|   1|  0|   6|    0|
    |mul_16s_14s_29_1_1_U233  |mul_16s_14s_29_1_1  |        0|   1|  0|   6|    0|
    |mul_16s_14s_29_1_1_U234  |mul_16s_14s_29_1_1  |        0|   1|  0|   6|    0|
    |mul_16s_14s_29_1_1_U235  |mul_16s_14s_29_1_1  |        0|   1|  0|   6|    0|
    |mul_16s_14s_29_1_1_U237  |mul_16s_14s_29_1_1  |        0|   1|  0|   6|    0|
    |mul_16s_14s_29_1_1_U238  |mul_16s_14s_29_1_1  |        0|   1|  0|   6|    0|
    |mul_16s_14s_29_1_1_U239  |mul_16s_14s_29_1_1  |        0|   1|  0|   6|    0|
    |mul_16s_14s_29_1_1_U241  |mul_16s_14s_29_1_1  |        0|   1|  0|   6|    0|
    |mul_16s_14s_29_1_1_U243  |mul_16s_14s_29_1_1  |        0|   1|  0|   6|    0|
    |mul_16s_14s_29_1_1_U244  |mul_16s_14s_29_1_1  |        0|   1|  0|   6|    0|
    |mul_16s_14s_29_1_1_U246  |mul_16s_14s_29_1_1  |        0|   1|  0|   6|    0|
    |mul_16s_14s_29_1_1_U247  |mul_16s_14s_29_1_1  |        0|   1|  0|   6|    0|
    |mul_16s_14s_29_1_1_U248  |mul_16s_14s_29_1_1  |        0|   1|  0|   6|    0|
    |mul_16s_14s_29_1_1_U249  |mul_16s_14s_29_1_1  |        0|   1|  0|   6|    0|
    |mul_16s_14s_29_1_1_U251  |mul_16s_14s_29_1_1  |        0|   1|  0|   6|    0|
    |mul_16s_14s_29_1_1_U252  |mul_16s_14s_29_1_1  |        0|   1|  0|   6|    0|
    |mul_16s_14s_29_1_1_U254  |mul_16s_14s_29_1_1  |        0|   1|  0|   6|    0|
    |mul_16s_14s_29_1_1_U255  |mul_16s_14s_29_1_1  |        0|   1|  0|   6|    0|
    |mul_16s_14s_29_1_1_U257  |mul_16s_14s_29_1_1  |        0|   1|  0|   6|    0|
    |mul_16s_14s_29_1_1_U260  |mul_16s_14s_29_1_1  |        0|   1|  0|   6|    0|
    |mul_16s_14s_29_1_1_U261  |mul_16s_14s_29_1_1  |        0|   1|  0|   6|    0|
    |mul_16s_14s_29_1_1_U262  |mul_16s_14s_29_1_1  |        0|   1|  0|   6|    0|
    |mul_16s_14s_29_1_1_U263  |mul_16s_14s_29_1_1  |        0|   1|  0|   6|    0|
    |mul_16s_14s_29_1_1_U264  |mul_16s_14s_29_1_1  |        0|   1|  0|   6|    0|
    |mul_16s_14s_29_1_1_U265  |mul_16s_14s_29_1_1  |        0|   1|  0|   6|    0|
    |mul_16s_14s_29_1_1_U267  |mul_16s_14s_29_1_1  |        0|   1|  0|   6|    0|
    |mul_16s_14s_29_1_1_U269  |mul_16s_14s_29_1_1  |        0|   1|  0|   6|    0|
    |mul_16s_14s_29_1_1_U270  |mul_16s_14s_29_1_1  |        0|   1|  0|   6|    0|
    |mul_16s_14s_29_1_1_U271  |mul_16s_14s_29_1_1  |        0|   1|  0|   6|    0|
    |mul_16s_14s_29_1_1_U273  |mul_16s_14s_29_1_1  |        0|   1|  0|   6|    0|
    |mul_16s_14s_29_1_1_U274  |mul_16s_14s_29_1_1  |        0|   1|  0|   6|    0|
    |mul_16s_14s_29_1_1_U275  |mul_16s_14s_29_1_1  |        0|   1|  0|   6|    0|
    |mul_16s_14s_29_1_1_U276  |mul_16s_14s_29_1_1  |        0|   1|  0|   6|    0|
    |mul_16s_14s_29_1_1_U277  |mul_16s_14s_29_1_1  |        0|   1|  0|   6|    0|
    |mul_16s_14s_29_1_1_U278  |mul_16s_14s_29_1_1  |        0|   1|  0|   6|    0|
    |mul_16s_14s_29_1_1_U279  |mul_16s_14s_29_1_1  |        0|   1|  0|   6|    0|
    |mul_16s_14s_29_1_1_U280  |mul_16s_14s_29_1_1  |        0|   1|  0|   6|    0|
    |mul_16s_14s_30_1_1_U219  |mul_16s_14s_30_1_1  |        0|   1|  0|   6|    0|
    |mul_16s_14s_30_1_1_U227  |mul_16s_14s_30_1_1  |        0|   1|  0|   6|    0|
    |mul_16s_14s_30_1_1_U228  |mul_16s_14s_30_1_1  |        0|   1|  0|   6|    0|
    |mul_16s_14s_30_1_1_U232  |mul_16s_14s_30_1_1  |        0|   1|  0|   6|    0|
    |mul_16s_14s_30_1_1_U245  |mul_16s_14s_30_1_1  |        0|   1|  0|   6|    0|
    |mul_16s_14s_30_1_1_U250  |mul_16s_14s_30_1_1  |        0|   1|  0|   6|    0|
    |mul_16s_14s_30_1_1_U253  |mul_16s_14s_30_1_1  |        0|   1|  0|   6|    0|
    |mul_16s_14s_30_1_1_U256  |mul_16s_14s_30_1_1  |        0|   1|  0|   6|    0|
    |mul_16s_14s_30_1_1_U258  |mul_16s_14s_30_1_1  |        0|   1|  0|   6|    0|
    |mul_16s_14s_30_1_1_U259  |mul_16s_14s_30_1_1  |        0|   1|  0|   6|    0|
    |mul_16s_14s_30_1_1_U266  |mul_16s_14s_30_1_1  |        0|   1|  0|   6|    0|
    |mul_16s_14s_30_1_1_U272  |mul_16s_14s_30_1_1  |        0|   1|  0|   6|    0|
    |mul_16s_15s_30_1_1_U226  |mul_16s_15s_30_1_1  |        0|   1|  0|   6|    0|
    |mul_16s_15s_30_1_1_U230  |mul_16s_15s_30_1_1  |        0|   1|  0|   6|    0|
    |mul_16s_15s_30_1_1_U236  |mul_16s_15s_30_1_1  |        0|   1|  0|   6|    0|
    |mul_16s_15s_30_1_1_U240  |mul_16s_15s_30_1_1  |        0|   1|  0|   6|    0|
    |mul_16s_15s_30_1_1_U242  |mul_16s_15s_30_1_1  |        0|   1|  0|   6|    0|
    |mul_16s_15s_30_1_1_U268  |mul_16s_15s_30_1_1  |        0|   1|  0|   6|    0|
    +-------------------------+--------------------+---------+----+---+----+-----+
    |Total                    |                    |        0|  64|  0| 384|    0|
    +-------------------------+--------------------+---------+----+---+----+-----+

    * DSP: 
    N/A

    * Memory: 
    N/A

    * FIFO: 
    N/A

    * Expression: 
    +----------------------------+----------+----+---+-----+------------+------------+
    |        Variable Name       | Operation| DSP| FF| LUT | Bitwidth P0| Bitwidth P1|
    +----------------------------+----------+----+---+-----+------------+------------+
    |add_ln58_5326_fu_155025_p2  |         +|   0|  0|   27|          20|          20|
    |add_ln58_5327_fu_155035_p2  |         +|   0|  0|   28|          21|          21|
    |add_ln58_5328_fu_155919_p2  |         +|   0|  0|   27|          20|          20|
    |add_ln58_5329_fu_156767_p2  |         +|   0|  0|   27|          20|          20|
    |add_ln58_5330_fu_156777_p2  |         +|   0|  0|   28|          21|          21|
    |add_ln58_5331_fu_156787_p2  |         +|   0|  0|   29|          22|          22|
    |add_ln58_5332_fu_158141_p2  |         +|   0|  0|   27|          20|          20|
    |add_ln58_5333_fu_158769_p2  |         +|   0|  0|   27|          20|          20|
    |add_ln58_5334_fu_160413_p2  |         +|   0|  0|   21|          21|          21|
    |add_ln58_5335_fu_159781_p2  |         +|   0|  0|   25|          18|          18|
    |add_ln58_5336_fu_160422_p2  |         +|   0|  0|   25|          18|          18|
    |add_ln58_5337_fu_160432_p2  |         +|   0|  0|   26|          19|          19|
    |add_ln58_5338_fu_160442_p2  |         +|   0|  0|   21|          21|          21|
    |add_ln58_5339_fu_160452_p2  |         +|   0|  0|   30|          23|          23|
    |add_ln58_5340_fu_162260_p2  |         +|   0|  0|   24|          17|          17|
    |add_ln58_5341_fu_162920_p2  |         +|   0|  0|   27|          20|          20|
    |add_ln58_5342_fu_162930_p2  |         +|   0|  0|   28|          21|          21|
    |add_ln58_5343_fu_163880_p2  |         +|   0|  0|   27|          20|          20|
    |add_ln58_5344_fu_164525_p2  |         +|   0|  0|   26|          19|          19|
    |add_ln58_5345_fu_164535_p2  |         +|   0|  0|   28|          21|          21|
    |add_ln58_5346_fu_164545_p2  |         +|   0|  0|   29|          22|          22|
    |add_ln58_5347_fu_166208_p2  |         +|   0|  0|   27|          20|          20|
    |add_ln58_5348_fu_166829_p2  |         +|   0|  0|   27|          20|          20|
    |add_ln58_5349_fu_166839_p2  |         +|   0|  0|   28|          21|          21|
    |add_ln58_5350_fu_167852_p2  |         +|   0|  0|   26|          19|          19|
    |add_ln58_5351_fu_167862_p2  |         +|   0|  0|   27|          20|          20|
    |add_ln58_5352_fu_167872_p2  |         +|   0|  0|   28|          21|          21|
    |add_ln58_5353_fu_167882_p2  |         +|   0|  0|   29|          22|          22|
    |add_ln58_5354_fu_167892_p2  |         +|   0|  0|   30|          23|          23|
    |add_ln58_5355_fu_167902_p2  |         +|   0|  0|   31|          24|          24|
    |add_ln58_5356_fu_170670_p2  |         +|   0|  0|   20|          20|          20|
    |add_ln58_5357_fu_170676_p2  |         +|   0|  0|   26|          19|          19|
    |add_ln58_5358_fu_170686_p2  |         +|   0|  0|   20|          20|          20|
    |add_ln58_5359_fu_171325_p2  |         +|   0|  0|   27|          20|          20|
    |add_ln58_5360_fu_172230_p2  |         +|   0|  0|   27|          20|          20|
    |add_ln58_5361_fu_172240_p2  |         +|   0|  0|   28|          21|          21|
    |add_ln58_5362_fu_172250_p2  |         +|   0|  0|   29|          22|          22|
    |add_ln58_5363_fu_173061_p2  |         +|   0|  0|   27|          20|          20|
    |add_ln58_5364_fu_174567_p2  |         +|   0|  0|   27|          20|          20|
    |add_ln58_5365_fu_174577_p2  |         +|   0|  0|   28|          21|          21|
    |add_ln58_5366_fu_175330_p2  |         +|   0|  0|   27|          20|          20|
    |add_ln58_5367_fu_176237_p2  |         +|   0|  0|   26|          19|          19|
    |add_ln58_5368_fu_176247_p2  |         +|   0|  0|   28|          21|          21|
    |add_ln58_5369_fu_176257_p2  |         +|   0|  0|   29|          22|          22|
    |add_ln58_5370_fu_176267_p2  |         +|   0|  0|   30|          23|          23|
    |add_ln58_5371_fu_177553_p2  |         +|   0|  0|   27|          20|          20|
    |add_ln58_5372_fu_178863_p2  |         +|   0|  0|   27|          20|          20|
    |add_ln58_5373_fu_178873_p2  |         +|   0|  0|   28|          21|          21|
    |add_ln58_5374_fu_179644_p2  |         +|   0|  0|   27|          20|          20|
    |add_ln58_5375_fu_180717_p2  |         +|   0|  0|   27|          20|          20|
    |add_ln58_5376_fu_180727_p2  |         +|   0|  0|   28|          21|          21|
    |add_ln58_5377_fu_180737_p2  |         +|   0|  0|   29|          22|          22|
    |add_ln58_5378_fu_182098_p2  |         +|   0|  0|   25|          18|          18|
    |add_ln58_5379_fu_182921_p2  |         +|   0|  0|   27|          20|          20|
    |add_ln58_5380_fu_182931_p2  |         +|   0|  0|   28|          21|          21|
    |add_ln58_5381_fu_183878_p2  |         +|   0|  0|   27|          20|          20|
    |add_ln58_5382_fu_184508_p2  |         +|   0|  0|   27|          20|           9|
    |add_ln58_5383_fu_184518_p2  |         +|   0|  0|   21|          21|          21|
    |add_ln58_5384_fu_184524_p2  |         +|   0|  0|   21|          21|          21|
    |add_ln58_5385_fu_184534_p2  |         +|   0|  0|   29|          22|          22|
    |add_ln58_5386_fu_184544_p2  |         +|   0|  0|   30|          23|          23|
    |add_ln58_5387_fu_184554_p2  |         +|   0|  0|   31|          24|          24|
    |add_ln58_5388_fu_184564_p2  |         +|   0|  0|   32|          25|          25|
    |add_ln58_5389_fu_154371_p2  |         +|   0|  0|   27|          20|          20|
    |add_ln58_5390_fu_155044_p2  |         +|   0|  0|   27|          20|          20|
    |add_ln58_5391_fu_155054_p2  |         +|   0|  0|   28|          21|          21|
    |add_ln58_5392_fu_155925_p2  |         +|   0|  0|   27|          20|          20|
    |add_ln58_5393_fu_156799_p2  |         +|   0|  0|   27|          20|          20|
    |add_ln58_5394_fu_156809_p2  |         +|   0|  0|   28|          21|          21|
    |add_ln58_5395_fu_156819_p2  |         +|   0|  0|   29|          22|          22|
    |add_ln58_5396_fu_158147_p2  |         +|   0|  0|   27|          20|          20|
    |add_ln58_5397_fu_158778_p2  |         +|   0|  0|   27|          20|          20|
    |add_ln58_5398_fu_158788_p2  |         +|   0|  0|   28|          21|          21|
    |add_ln58_5399_fu_159787_p2  |         +|   0|  0|   28|          21|          21|
    |add_ln58_5400_fu_160467_p2  |         +|   0|  0|   28|          21|          21|
    |add_ln58_5401_fu_160477_p2  |         +|   0|  0|   29|          22|          22|
    |add_ln58_5402_fu_160487_p2  |         +|   0|  0|   23|          23|          23|
    |add_ln58_5403_fu_160493_p2  |         +|   0|  0|   23|          23|          23|
    |add_ln58_5404_fu_162266_p2  |         +|   0|  0|   27|          20|          20|
    |add_ln58_5405_fu_162939_p2  |         +|   0|  0|   27|          20|          20|
    |add_ln58_5406_fu_162949_p2  |         +|   0|  0|   28|          21|          21|
    |add_ln58_5407_fu_163886_p2  |         +|   0|  0|   27|          20|          20|
    |add_ln58_5408_fu_164557_p2  |         +|   0|  0|   27|          20|          20|
    |add_ln58_5409_fu_164567_p2  |         +|   0|  0|   28|          21|          21|
    |add_ln58_5410_fu_164577_p2  |         +|   0|  0|   29|          22|          22|
    |add_ln58_5411_fu_166214_p2  |         +|   0|  0|   26|          19|          19|
    |add_ln58_5412_fu_166848_p2  |         +|   0|  0|   26|          19|          19|
    |add_ln58_5413_fu_166858_p2  |         +|   0|  0|   27|          20|          20|
    |add_ln58_5414_fu_167908_p2  |         +|   0|  0|   26|          19|          19|
    |add_ln58_5415_fu_168448_p2  |         +|   0|  0|   27|          20|          20|
    |add_ln58_5416_fu_168458_p2  |         +|   0|  0|   28|          21|          21|
    |add_ln58_5417_fu_168468_p2  |         +|   0|  0|   29|          22|          22|
    |add_ln58_5418_fu_168478_p2  |         +|   0|  0|   30|          23|          23|
    |add_ln58_5419_fu_168488_p2  |         +|   0|  0|   31|          24|          24|
    |add_ln58_5420_fu_170692_p2  |         +|   0|  0|   27|          20|          20|
    |add_ln58_5421_fu_170702_p2  |         +|   0|  0|   27|          20|          20|
    |add_ln58_5422_fu_170712_p2  |         +|   0|  0|   28|          21|          21|
    |add_ln58_5423_fu_171331_p2  |         +|   0|  0|   26|          19|          19|
    |add_ln58_5424_fu_172262_p2  |         +|   0|  0|   20|          20|          20|
    |add_ln58_5425_fu_172268_p2  |         +|   0|  0|   20|          20|          20|
    |add_ln58_5426_fu_172278_p2  |         +|   0|  0|   29|          22|          22|
    |add_ln58_5427_fu_173067_p2  |         +|   0|  0|   26|          19|          19|
    |add_ln58_5428_fu_174586_p2  |         +|   0|  0|   27|          20|          20|
    |add_ln58_5429_fu_174596_p2  |         +|   0|  0|   28|          21|          21|
    |add_ln58_5430_fu_175336_p2  |         +|   0|  0|   27|          20|          20|
    |add_ln58_5431_fu_176282_p2  |         +|   0|  0|   27|          20|          20|
    |add_ln58_5432_fu_176292_p2  |         +|   0|  0|   28|          21|          21|
    |add_ln58_5433_fu_176302_p2  |         +|   0|  0|   29|          22|          22|
    |add_ln58_5434_fu_176312_p2  |         +|   0|  0|   30|          23|          23|
    |add_ln58_5435_fu_177559_p2  |         +|   0|  0|   27|          20|          20|
    |add_ln58_5436_fu_178882_p2  |         +|   0|  0|   27|          20|          20|
    |add_ln58_5437_fu_178892_p2  |         +|   0|  0|   28|          21|          21|
    |add_ln58_5438_fu_179650_p2  |         +|   0|  0|   27|          20|          20|
    |add_ln58_5439_fu_180749_p2  |         +|   0|  0|   27|          20|          20|
    |add_ln58_5440_fu_180759_p2  |         +|   0|  0|   28|          21|          21|
    |add_ln58_5441_fu_180769_p2  |         +|   0|  0|   29|          22|          22|
    |add_ln58_5442_fu_182104_p2  |         +|   0|  0|   26|          19|          19|
    |add_ln58_5443_fu_182940_p2  |         +|   0|  0|   26|          19|          19|
    |add_ln58_5444_fu_182950_p2  |         +|   0|  0|   27|          20|          20|
    |add_ln58_5445_fu_184586_p2  |         +|   0|  0|   20|          20|          20|
    |add_ln58_5446_fu_184592_p2  |         +|   0|  0|   19|          19|          10|
    |add_ln58_5447_fu_184598_p2  |         +|   0|  0|   19|          19|          19|
    |add_ln58_5448_fu_184608_p2  |         +|   0|  0|   20|          20|          20|
    |add_ln58_5449_fu_184618_p2  |         +|   0|  0|   28|          21|          21|
    |add_ln58_5450_fu_184628_p2  |         +|   0|  0|   30|          23|          23|
    |add_ln58_5451_fu_184638_p2  |         +|   0|  0|   31|          24|          24|
    |add_ln58_5452_fu_184648_p2  |         +|   0|  0|   32|          25|          25|
    |add_ln58_5453_fu_154377_p2  |         +|   0|  0|   26|          19|          19|
    |add_ln58_5454_fu_155063_p2  |         +|   0|  0|   20|          20|          20|
    |add_ln58_5455_fu_155069_p2  |         +|   0|  0|   20|          20|          20|
    |add_ln58_5456_fu_155931_p2  |         +|   0|  0|   26|          19|          19|
    |add_ln58_5457_fu_156831_p2  |         +|   0|  0|   27|          20|          20|
    |add_ln58_5458_fu_156841_p2  |         +|   0|  0|   28|          21|          21|
    |add_ln58_5459_fu_156851_p2  |         +|   0|  0|   29|          22|          22|
    |add_ln58_5460_fu_158153_p2  |         +|   0|  0|   27|          20|          20|
    |add_ln58_5461_fu_158797_p2  |         +|   0|  0|   26|          19|          19|
    |add_ln58_5462_fu_158807_p2  |         +|   0|  0|   28|          21|          21|
    |add_ln58_5463_fu_159793_p2  |         +|   0|  0|   27|          20|          20|
    |add_ln58_5464_fu_160508_p2  |         +|   0|  0|   26|          19|          19|
    |add_ln58_5465_fu_160518_p2  |         +|   0|  0|   28|          21|          21|
    |add_ln58_5466_fu_160528_p2  |         +|   0|  0|   29|          22|          22|
    |add_ln58_5467_fu_160538_p2  |         +|   0|  0|   30|          23|          23|
    |add_ln58_5468_fu_162272_p2  |         +|   0|  0|   26|          19|          19|
    |add_ln58_5469_fu_162958_p2  |         +|   0|  0|   27|          20|          20|
    |add_ln58_5470_fu_162968_p2  |         +|   0|  0|   28|          21|          21|
    |add_ln58_5471_fu_163892_p2  |         +|   0|  0|   27|          20|          20|
    |add_ln58_5472_fu_164589_p2  |         +|   0|  0|   27|          20|          20|
    |add_ln58_5473_fu_164599_p2  |         +|   0|  0|   28|          21|          21|
    |add_ln58_5474_fu_164609_p2  |         +|   0|  0|   29|          22|          22|
    |add_ln58_5475_fu_166220_p2  |         +|   0|  0|   27|          20|          20|
    |add_ln58_5476_fu_166867_p2  |         +|   0|  0|   27|          20|          20|
    |add_ln58_5477_fu_166877_p2  |         +|   0|  0|   28|          21|          21|
    |add_ln58_5478_fu_167914_p2  |         +|   0|  0|   27|          20|          20|
    |add_ln58_5479_fu_168506_p2  |         +|   0|  0|   27|          20|          20|
    |add_ln58_5480_fu_168516_p2  |         +|   0|  0|   28|          21|          21|
    |add_ln58_5481_fu_168526_p2  |         +|   0|  0|   29|          22|          22|
    |add_ln58_5482_fu_168536_p2  |         +|   0|  0|   30|          23|          23|
    |add_ln58_5483_fu_168546_p2  |         +|   0|  0|   31|          24|          24|
    |add_ln58_5484_fu_170718_p2  |         +|   0|  0|   27|          20|          20|
    |add_ln58_5485_fu_170728_p2  |         +|   0|  0|   27|          20|          20|
    |add_ln58_5486_fu_170738_p2  |         +|   0|  0|   28|          21|          21|
    |add_ln58_5487_fu_171337_p2  |         +|   0|  0|   27|          20|          20|
    |add_ln58_5488_fu_172290_p2  |         +|   0|  0|   27|          20|          20|
    |add_ln58_5489_fu_172300_p2  |         +|   0|  0|   28|          21|          21|
    |add_ln58_5490_fu_172310_p2  |         +|   0|  0|   29|          22|          22|
    |add_ln58_5491_fu_173073_p2  |         +|   0|  0|   26|          19|          19|
    |add_ln58_5492_fu_174605_p2  |         +|   0|  0|   20|          20|          20|
    |add_ln58_5493_fu_174611_p2  |         +|   0|  0|   20|          20|          20|
    |add_ln58_5494_fu_175342_p2  |         +|   0|  0|   26|          19|          19|
    |add_ln58_5495_fu_176327_p2  |         +|   0|  0|   27|          20|          20|
    |add_ln58_5496_fu_176337_p2  |         +|   0|  0|   28|          21|          21|
    |add_ln58_5497_fu_176347_p2  |         +|   0|  0|   29|          22|          22|
    |add_ln58_5498_fu_176357_p2  |         +|   0|  0|   30|          23|          23|
    |add_ln58_5499_fu_177565_p2  |         +|   0|  0|   27|          20|          20|
    |add_ln58_5500_fu_178901_p2  |         +|   0|  0|   27|          20|          20|
    |add_ln58_5501_fu_178911_p2  |         +|   0|  0|   28|          21|          21|
    |add_ln58_5502_fu_179656_p2  |         +|   0|  0|   27|          20|          20|
    |add_ln58_5503_fu_180781_p2  |         +|   0|  0|   27|          20|          20|
    |add_ln58_5504_fu_180791_p2  |         +|   0|  0|   28|          21|          21|
    |add_ln58_5505_fu_180801_p2  |         +|   0|  0|   29|          22|          22|
    |add_ln58_5506_fu_182110_p2  |         +|   0|  0|   27|          20|          20|
    |add_ln58_5507_fu_182959_p2  |         +|   0|  0|   26|          19|          19|
    |add_ln58_5508_fu_182969_p2  |         +|   0|  0|   28|          21|          21|
    |add_ln58_5509_fu_183884_p2  |         +|   0|  0|   25|          18|          18|
    |add_ln58_5510_fu_184673_p2  |         +|   0|  0|   26|          19|          10|
    |add_ln58_5511_fu_184683_p2  |         +|   0|  0|   27|          20|          20|
    |add_ln58_5512_fu_184693_p2  |         +|   0|  0|   28|          21|          21|
    |add_ln58_5513_fu_184703_p2  |         +|   0|  0|   29|          22|          22|
    |add_ln58_5514_fu_184713_p2  |         +|   0|  0|   30|          23|          23|
    |add_ln58_5515_fu_184723_p2  |         +|   0|  0|   31|          24|          24|
    |add_ln58_5516_fu_184733_p2  |         +|   0|  0|   32|          25|          25|
    |add_ln58_5517_fu_154383_p2  |         +|   0|  0|   27|          20|          20|
    |add_ln58_5518_fu_155078_p2  |         +|   0|  0|   27|          20|          20|
    |add_ln58_5519_fu_155088_p2  |         +|   0|  0|   28|          21|          21|
    |add_ln58_5520_fu_155937_p2  |         +|   0|  0|   26|          19|          19|
    |add_ln58_5521_fu_156863_p2  |         +|   0|  0|   27|          20|          20|
    |add_ln58_5522_fu_156873_p2  |         +|   0|  0|   28|          21|          21|
    |add_ln58_5523_fu_156883_p2  |         +|   0|  0|   29|          22|          22|
    |add_ln58_5524_fu_158159_p2  |         +|   0|  0|   28|          21|          21|
    |add_ln58_5525_fu_158816_p2  |         +|   0|  0|   27|          20|          20|
    |add_ln58_5526_fu_158826_p2  |         +|   0|  0|   29|          22|          22|
    |add_ln58_5527_fu_159799_p2  |         +|   0|  0|   27|          20|          20|
    |add_ln58_5528_fu_160553_p2  |         +|   0|  0|   27|          20|          20|
    |add_ln58_5529_fu_160563_p2  |         +|   0|  0|   28|          21|          21|
    |add_ln58_5530_fu_160573_p2  |         +|   0|  0|   23|          23|          23|
    |add_ln58_5531_fu_160579_p2  |         +|   0|  0|   23|          23|          23|
    |add_ln58_5532_fu_162278_p2  |         +|   0|  0|   25|          18|          18|
    |add_ln58_5533_fu_162977_p2  |         +|   0|  0|   20|          20|          20|
    |add_ln58_5534_fu_162983_p2  |         +|   0|  0|   20|          20|          20|
    |add_ln58_5535_fu_163898_p2  |         +|   0|  0|   27|          20|          20|
    |add_ln58_5536_fu_164621_p2  |         +|   0|  0|   27|          20|          20|
    |add_ln58_5537_fu_164631_p2  |         +|   0|  0|   28|          21|          21|
    |add_ln58_5538_fu_164641_p2  |         +|   0|  0|   29|          22|          22|
    |add_ln58_5539_fu_166226_p2  |         +|   0|  0|   28|          21|          21|
    |add_ln58_5540_fu_166883_p2  |         +|   0|  0|   27|          20|          20|
    |add_ln58_5541_fu_168564_p2  |         +|   0|  0|   22|          22|          22|
    |add_ln58_5542_fu_167920_p2  |         +|   0|  0|   25|          18|          18|
    |add_ln58_5543_fu_168573_p2  |         +|   0|  0|   27|          20|          20|
    |add_ln58_5544_fu_168583_p2  |         +|   0|  0|   28|          21|          21|
    |add_ln58_5545_fu_168593_p2  |         +|   0|  0|   22|          22|          22|
    |add_ln58_5546_fu_168603_p2  |         +|   0|  0|   30|          23|          23|
    |add_ln58_5547_fu_168613_p2  |         +|   0|  0|   31|          24|          24|
    |add_ln58_5548_fu_170744_p2  |         +|   0|  0|   27|          20|          20|
    |add_ln58_5549_fu_171346_p2  |         +|   0|  0|   26|          19|          19|
    |add_ln58_5550_fu_171356_p2  |         +|   0|  0|   28|          21|          21|
    |add_ln58_5551_fu_171362_p2  |         +|   0|  0|   27|          20|          20|
    |add_ln58_5552_fu_172322_p2  |         +|   0|  0|   27|          20|          20|
    |add_ln58_5553_fu_172332_p2  |         +|   0|  0|   28|          21|          21|
    |add_ln58_5554_fu_172342_p2  |         +|   0|  0|   29|          22|          22|
    |add_ln58_5555_fu_173079_p2  |         +|   0|  0|   27|          20|          20|
    |add_ln58_5556_fu_174620_p2  |         +|   0|  0|   27|          20|          20|
    |add_ln58_5557_fu_174630_p2  |         +|   0|  0|   28|          21|          21|
    |add_ln58_5558_fu_175348_p2  |         +|   0|  0|   27|          20|          20|
    |add_ln58_5559_fu_176372_p2  |         +|   0|  0|   27|          20|          20|
    |add_ln58_5560_fu_176382_p2  |         +|   0|  0|   28|          21|          21|
    |add_ln58_5561_fu_176392_p2  |         +|   0|  0|   29|          22|          22|
    |add_ln58_5562_fu_176402_p2  |         +|   0|  0|   30|          23|          23|
    |add_ln58_5563_fu_177571_p2  |         +|   0|  0|   26|          19|          19|
    |add_ln58_5564_fu_178920_p2  |         +|   0|  0|   20|          20|          20|
    |add_ln58_5565_fu_178926_p2  |         +|   0|  0|   20|          20|          20|
    |add_ln58_5566_fu_180810_p2  |         +|   0|  0|   20|          20|          20|
    |add_ln58_5567_fu_180816_p2  |         +|   0|  0|   25|          18|          18|
    |add_ln58_5568_fu_180826_p2  |         +|   0|  0|   20|          20|          20|
    |add_ln58_5569_fu_180836_p2  |         +|   0|  0|   28|          21|          21|
    |add_ln58_5570_fu_182116_p2  |         +|   0|  0|   27|          20|          20|
    |add_ln58_5571_fu_182978_p2  |         +|   0|  0|   27|          20|          20|
    |add_ln58_5572_fu_182988_p2  |         +|   0|  0|   28|          21|          21|
    |add_ln58_5573_fu_183890_p2  |         +|   0|  0|   27|          20|          20|
    |add_ln58_5574_fu_184758_p2  |         +|   0|  0|   27|          20|          10|
    |add_ln58_5575_fu_184768_p2  |         +|   0|  0|   21|          21|          21|
    |add_ln58_5576_fu_184774_p2  |         +|   0|  0|   21|          21|          21|
    |add_ln58_5577_fu_184784_p2  |         +|   0|  0|   29|          22|          22|
    |add_ln58_5578_fu_184794_p2  |         +|   0|  0|   30|          23|          23|
    |add_ln58_5579_fu_184804_p2  |         +|   0|  0|   31|          24|          24|
    |add_ln58_5580_fu_184814_p2  |         +|   0|  0|   32|          25|          25|
    |add_ln58_5581_fu_154389_p2  |         +|   0|  0|   27|          20|          20|
    |add_ln58_5582_fu_155097_p2  |         +|   0|  0|   27|          20|          20|
    |add_ln58_5583_fu_155107_p2  |         +|   0|  0|   28|          21|          21|
    |add_ln58_5584_fu_155943_p2  |         +|   0|  0|   27|          20|          20|
    |add_ln58_5585_fu_156895_p2  |         +|   0|  0|   21|          21|          21|
    |add_ln58_5586_fu_156901_p2  |         +|   0|  0|   21|          21|          21|
    |add_ln58_5587_fu_156911_p2  |         +|   0|  0|   29|          22|          22|
    |add_ln58_5588_fu_158165_p2  |         +|   0|  0|   26|          19|          19|
    |add_ln58_5589_fu_158835_p2  |         +|   0|  0|   27|          20|          20|
    |add_ln58_5590_fu_158845_p2  |         +|   0|  0|   28|          21|          21|
    |add_ln58_5591_fu_159805_p2  |         +|   0|  0|   27|          20|          20|
    |add_ln58_5592_fu_160594_p2  |         +|   0|  0|   27|          20|          20|
    |add_ln58_5593_fu_160604_p2  |         +|   0|  0|   28|          21|          21|
    |add_ln58_5594_fu_160614_p2  |         +|   0|  0|   29|          22|          22|
    |add_ln58_5595_fu_160624_p2  |         +|   0|  0|   30|          23|          23|
    |add_ln58_5596_fu_162284_p2  |         +|   0|  0|   27|          20|          20|
    |add_ln58_5597_fu_162992_p2  |         +|   0|  0|   27|          20|          20|
    |add_ln58_5598_fu_163002_p2  |         +|   0|  0|   28|          21|          21|
    |add_ln58_5599_fu_163904_p2  |         +|   0|  0|   25|          18|          18|
    |add_ln58_5600_fu_164653_p2  |         +|   0|  0|   20|          20|          20|
    |add_ln58_5601_fu_164659_p2  |         +|   0|  0|   20|          20|          20|
    |add_ln58_5602_fu_164669_p2  |         +|   0|  0|   29|          22|          22|
    |add_ln58_5603_fu_166232_p2  |         +|   0|  0|   27|          20|          20|
    |add_ln58_5604_fu_166892_p2  |         +|   0|  0|   27|          20|          20|
    |add_ln58_5605_fu_166902_p2  |         +|   0|  0|   28|          21|          21|
    |add_ln58_5606_fu_168628_p2  |         +|   0|  0|   25|          18|          18|
    |add_ln58_5607_fu_168638_p2  |         +|   0|  0|   20|          20|          20|
    |add_ln58_5608_fu_168644_p2  |         +|   0|  0|   20|          20|          20|
    |add_ln58_5609_fu_168654_p2  |         +|   0|  0|   29|          22|          22|
    |add_ln58_5610_fu_168664_p2  |         +|   0|  0|   30|          23|          23|
    |add_ln58_5611_fu_168674_p2  |         +|   0|  0|   31|          24|          24|
    |add_ln58_5612_fu_171368_p2  |         +|   0|  0|   20|          20|          20|
    |add_ln58_5613_fu_171374_p2  |         +|   0|  0|   26|          19|          19|
    |add_ln58_5614_fu_171384_p2  |         +|   0|  0|   20|          20|          20|
    |add_ln58_5615_fu_172351_p2  |         +|   0|  0|   27|          20|          20|
    |add_ln58_5616_fu_172361_p2  |         +|   0|  0|   27|          20|          20|
    |add_ln58_5617_fu_172371_p2  |         +|   0|  0|   28|          21|          21|
    |add_ln58_5618_fu_172381_p2  |         +|   0|  0|   29|          22|          22|
    |add_ln58_5619_fu_173085_p2  |         +|   0|  0|   26|          19|          19|
    |add_ln58_5620_fu_174636_p2  |         +|   0|  0|   27|          20|          20|
    |add_ln58_5621_fu_176417_p2  |         +|   0|  0|   21|          21|          21|
    |add_ln58_5622_fu_175354_p2  |         +|   0|  0|   26|          19|          19|
    |add_ln58_5623_fu_176426_p2  |         +|   0|  0|   26|          19|          19|
    |add_ln58_5624_fu_176436_p2  |         +|   0|  0|   27|          20|          20|
    |add_ln58_5625_fu_176446_p2  |         +|   0|  0|   21|          21|          21|
    |add_ln58_5626_fu_176456_p2  |         +|   0|  0|   30|          23|          23|
    |add_ln58_5627_fu_177577_p2  |         +|   0|  0|   26|          19|          19|
    |add_ln58_5628_fu_178935_p2  |         +|   0|  0|   27|          20|          20|
    |add_ln58_5629_fu_178945_p2  |         +|   0|  0|   28|          21|          21|
    |add_ln58_5630_fu_179662_p2  |         +|   0|  0|   27|          20|          20|
    |add_ln58_5631_fu_180848_p2  |         +|   0|  0|   27|          20|          20|
    |add_ln58_5632_fu_180858_p2  |         +|   0|  0|   28|          21|          21|
    |add_ln58_5633_fu_180868_p2  |         +|   0|  0|   29|          22|          22|
    |add_ln58_5634_fu_182994_p2  |         +|   0|  0|   20|          20|          20|
    |add_ln58_5635_fu_183000_p2  |         +|   0|  0|   26|          19|          19|
    |add_ln58_5636_fu_183010_p2  |         +|   0|  0|   20|          20|          20|
    |add_ln58_5637_fu_183896_p2  |         +|   0|  0|   27|          20|          20|
    |add_ln58_5638_fu_184839_p2  |         +|   0|  0|   24|          17|           9|
    |add_ln58_5639_fu_184849_p2  |         +|   0|  0|   27|          20|          20|
    |add_ln58_5640_fu_184859_p2  |         +|   0|  0|   28|          21|          21|
    |add_ln58_5641_fu_184869_p2  |         +|   0|  0|   29|          22|          22|
    |add_ln58_5642_fu_184879_p2  |         +|   0|  0|   30|          23|          23|
    |add_ln58_5643_fu_184889_p2  |         +|   0|  0|   31|          24|          24|
    |add_ln58_5644_fu_184899_p2  |         +|   0|  0|   32|          25|          25|
    |add_ln58_5645_fu_154395_p2  |         +|   0|  0|   26|          19|          19|
    |add_ln58_5646_fu_155116_p2  |         +|   0|  0|   27|          20|          20|
    |add_ln58_5647_fu_155126_p2  |         +|   0|  0|   28|          21|          21|
    |add_ln58_5648_fu_155949_p2  |         +|   0|  0|   27|          20|          20|
    |add_ln58_5649_fu_156923_p2  |         +|   0|  0|   26|          19|          19|
    |add_ln58_5650_fu_156933_p2  |         +|   0|  0|   28|          21|          21|
    |add_ln58_5651_fu_156943_p2  |         +|   0|  0|   29|          22|          22|
    |add_ln58_5652_fu_158171_p2  |         +|   0|  0|   27|          20|          20|
    |add_ln58_5653_fu_158854_p2  |         +|   0|  0|   26|          19|          19|
    |add_ln58_5654_fu_158864_p2  |         +|   0|  0|   28|          21|          21|
    |add_ln58_5655_fu_159811_p2  |         +|   0|  0|   26|          19|          19|
    |add_ln58_5656_fu_160639_p2  |         +|   0|  0|   20|          20|          20|
    |add_ln58_5657_fu_160645_p2  |         +|   0|  0|   20|          20|          20|
    |add_ln58_5658_fu_160655_p2  |         +|   0|  0|   29|          22|          22|
    |add_ln58_5659_fu_160665_p2  |         +|   0|  0|   30|          23|          23|
    |add_ln58_5660_fu_163008_p2  |         +|   0|  0|   20|          20|          20|
    |add_ln58_5661_fu_163014_p2  |         +|   0|  0|   26|          19|          19|
    |add_ln58_5662_fu_163024_p2  |         +|   0|  0|   20|          20|          20|
    |add_ln58_5663_fu_163910_p2  |         +|   0|  0|   24|          17|          17|
    |add_ln58_5664_fu_164681_p2  |         +|   0|  0|   25|          18|          18|
    |add_ln58_5665_fu_164691_p2  |         +|   0|  0|   26|          19|          19|
    |add_ln58_5666_fu_164701_p2  |         +|   0|  0|   28|          21|          21|
    |add_ln58_5667_fu_166238_p2  |         +|   0|  0|   27|          20|          20|
    |add_ln58_5668_fu_166911_p2  |         +|   0|  0|   27|          20|          20|
    |add_ln58_5669_fu_166921_p2  |         +|   0|  0|   28|          21|          21|
    |add_ln58_5670_fu_167926_p2  |         +|   0|  0|   27|          20|          20|
    |add_ln58_5671_fu_168692_p2  |         +|   0|  0|   27|          20|          20|
    |add_ln58_5672_fu_168702_p2  |         +|   0|  0|   28|          21|          21|
    |add_ln58_5673_fu_168712_p2  |         +|   0|  0|   29|          22|          22|
    |add_ln58_5674_fu_168722_p2  |         +|   0|  0|   30|          23|          23|
    |add_ln58_5675_fu_168732_p2  |         +|   0|  0|   31|          24|          24|
    |add_ln58_5676_fu_170750_p2  |         +|   0|  0|   27|          20|          20|
    |add_ln58_5677_fu_171393_p2  |         +|   0|  0|   27|          20|          20|
    |add_ln58_5678_fu_171403_p2  |         +|   0|  0|   28|          21|          21|
    |add_ln58_5679_fu_172390_p2  |         +|   0|  0|   27|          20|          20|
    |add_ln58_5680_fu_172400_p2  |         +|   0|  0|   26|          19|          19|
    |add_ln58_5681_fu_172410_p2  |         +|   0|  0|   28|          21|          21|
    |add_ln58_5682_fu_172420_p2  |         +|   0|  0|   29|          22|          22|
    |add_ln58_5683_fu_174642_p2  |         +|   0|  0|   27|          20|          20|
    |add_ln58_5684_fu_174652_p2  |         +|   0|  0|   27|          20|          20|
    |add_ln58_5685_fu_174662_p2  |         +|   0|  0|   28|          21|          21|
    |add_ln58_5686_fu_175360_p2  |         +|   0|  0|   26|          19|          19|
    |add_ln58_5687_fu_176471_p2  |         +|   0|  0|   27|          20|          20|
    |add_ln58_5688_fu_176481_p2  |         +|   0|  0|   28|          21|          21|
    |add_ln58_5689_fu_176491_p2  |         +|   0|  0|   29|          22|          22|
    |add_ln58_5690_fu_176501_p2  |         +|   0|  0|   30|          23|          23|
    |add_ln58_5691_fu_177583_p2  |         +|   0|  0|   27|          20|          20|
    |add_ln58_5692_fu_178954_p2  |         +|   0|  0|   27|          20|          20|
    |add_ln58_5693_fu_178964_p2  |         +|   0|  0|   28|          21|          21|
    |add_ln58_5694_fu_179668_p2  |         +|   0|  0|   27|          20|          20|
    |add_ln58_5695_fu_180880_p2  |         +|   0|  0|   27|          20|          20|
    |add_ln58_5696_fu_180890_p2  |         +|   0|  0|   28|          21|          21|
    |add_ln58_5697_fu_180900_p2  |         +|   0|  0|   29|          22|          22|
    |add_ln58_5698_fu_182122_p2  |         +|   0|  0|   26|          19|          19|
    |add_ln58_5699_fu_183019_p2  |         +|   0|  0|   27|          20|          20|
    |add_ln58_5700_fu_183029_p2  |         +|   0|  0|   28|          21|          21|
    |add_ln58_5701_fu_183902_p2  |         +|   0|  0|   27|          20|          20|
    |add_ln58_5702_fu_184924_p2  |         +|   0|  0|   20|          20|          10|
    |add_ln58_5703_fu_184930_p2  |         +|   0|  0|   20|          20|          20|
    |add_ln58_5704_fu_184940_p2  |         +|   0|  0|   28|          21|          21|
    |add_ln58_5705_fu_184950_p2  |         +|   0|  0|   29|          22|          22|
    |add_ln58_5706_fu_184960_p2  |         +|   0|  0|   30|          23|          23|
    |add_ln58_5707_fu_184970_p2  |         +|   0|  0|   31|          24|          24|
    |add_ln58_5708_fu_184980_p2  |         +|   0|  0|   32|          25|          25|
    |add_ln58_5709_fu_155132_p2  |         +|   0|  0|   20|          20|          20|
    |add_ln58_5710_fu_155138_p2  |         +|   0|  0|   26|          19|          19|
    |add_ln58_5711_fu_155148_p2  |         +|   0|  0|   20|          20|          20|
    |add_ln58_5712_fu_156952_p2  |         +|   0|  0|   20|          20|          20|
    |add_ln58_5713_fu_156958_p2  |         +|   0|  0|   25|          18|          18|
    |add_ln58_5714_fu_156968_p2  |         +|   0|  0|   20|          20|          20|
    |add_ln58_5715_fu_156978_p2  |         +|   0|  0|   28|          21|          21|
    |add_ln58_5716_fu_158177_p2  |         +|   0|  0|   27|          20|          20|
    |add_ln58_5717_fu_158873_p2  |         +|   0|  0|   27|          20|          20|
    |add_ln58_5718_fu_158883_p2  |         +|   0|  0|   28|          21|          21|
    |add_ln58_5719_fu_159817_p2  |         +|   0|  0|   27|          20|          20|
    |add_ln58_5720_fu_160680_p2  |         +|   0|  0|   26|          19|          19|
    |add_ln58_5721_fu_160690_p2  |         +|   0|  0|   28|          21|          21|
    |add_ln58_5722_fu_160700_p2  |         +|   0|  0|   29|          22|          22|
    |add_ln58_5723_fu_160710_p2  |         +|   0|  0|   30|          23|          23|
    |add_ln58_5724_fu_162290_p2  |         +|   0|  0|   26|          19|          19|
    |add_ln58_5725_fu_163033_p2  |         +|   0|  0|   27|          20|          20|
    |add_ln58_5726_fu_163043_p2  |         +|   0|  0|   28|          21|          21|
    |add_ln58_5727_fu_163916_p2  |         +|   0|  0|   27|          20|          20|
    |add_ln58_5728_fu_164713_p2  |         +|   0|  0|   27|          20|          20|
    |add_ln58_5729_fu_164723_p2  |         +|   0|  0|   28|          21|          21|
    |add_ln58_5730_fu_164733_p2  |         +|   0|  0|   29|          22|          22|
    |add_ln58_5731_fu_166244_p2  |         +|   0|  0|   27|          20|          20|
    |add_ln58_5732_fu_166930_p2  |         +|   0|  0|   26|          19|          19|
    |add_ln58_5733_fu_166940_p2  |         +|   0|  0|   28|          21|          21|
    |add_ln58_5734_fu_167932_p2  |         +|   0|  0|   26|          19|          19|
    |add_ln58_5735_fu_168750_p2  |         +|   0|  0|   27|          20|          20|
    |add_ln58_5736_fu_168760_p2  |         +|   0|  0|   28|          21|          21|
    |add_ln58_5737_fu_168770_p2  |         +|   0|  0|   29|          22|          22|
    |add_ln58_5738_fu_168780_p2  |         +|   0|  0|   30|          23|          23|
    |add_ln58_5739_fu_168790_p2  |         +|   0|  0|   31|          24|          24|
    |add_ln58_5740_fu_170756_p2  |         +|   0|  0|   27|          20|          20|
    |add_ln58_5741_fu_171412_p2  |         +|   0|  0|   27|          20|          20|
    |add_ln58_5742_fu_171422_p2  |         +|   0|  0|   28|          21|          21|
    |add_ln58_5743_fu_172426_p2  |         +|   0|  0|   27|          20|          20|
    |add_ln58_5744_fu_173097_p2  |         +|   0|  0|   27|          20|          20|
    |add_ln58_5745_fu_173107_p2  |         +|   0|  0|   28|          21|          21|
    |add_ln58_5746_fu_173117_p2  |         +|   0|  0|   29|          22|          22|
    |add_ln58_5747_fu_173123_p2  |         +|   0|  0|   25|          18|          18|
    |add_ln58_5748_fu_174671_p2  |         +|   0|  0|   26|          19|          19|
    |add_ln58_5749_fu_174681_p2  |         +|   0|  0|   27|          20|          20|
    |add_ln58_5750_fu_175366_p2  |         +|   0|  0|   27|          20|          20|
    |add_ln58_5751_fu_176516_p2  |         +|   0|  0|   27|          20|          20|
    |add_ln58_5752_fu_176526_p2  |         +|   0|  0|   28|          21|          21|
    |add_ln58_5753_fu_176536_p2  |         +|   0|  0|   29|          22|          22|
    |add_ln58_5754_fu_176546_p2  |         +|   0|  0|   30|          23|          23|
    |add_ln58_5755_fu_177589_p2  |         +|   0|  0|   28|          21|          21|
    |add_ln58_5756_fu_178970_p2  |         +|   0|  0|   27|          20|          20|
    |add_ln58_5757_fu_180912_p2  |         +|   0|  0|   22|          22|          22|
    |add_ln58_5758_fu_179674_p2  |         +|   0|  0|   26|          19|          19|
    |add_ln58_5759_fu_180921_p2  |         +|   0|  0|   25|          18|          18|
    |add_ln58_5760_fu_180931_p2  |         +|   0|  0|   27|          20|          20|
    |add_ln58_5761_fu_180941_p2  |         +|   0|  0|   22|          22|          22|
    |add_ln58_5762_fu_182128_p2  |         +|   0|  0|   27|          20|          20|
    |add_ln58_5763_fu_183038_p2  |         +|   0|  0|   27|          20|          20|
    |add_ln58_5764_fu_183048_p2  |         +|   0|  0|   28|          21|          21|
    |add_ln58_5765_fu_183908_p2  |         +|   0|  0|   25|          18|          18|
    |add_ln58_5766_fu_185005_p2  |         +|   0|  0|   27|          20|           9|
    |add_ln58_5767_fu_185011_p2  |         +|   0|  0|   20|          20|          20|
    |add_ln58_5768_fu_185017_p2  |         +|   0|  0|   20|          20|          20|
    |add_ln58_5769_fu_185027_p2  |         +|   0|  0|   29|          22|          22|
    |add_ln58_5770_fu_185037_p2  |         +|   0|  0|   30|          23|          23|
    |add_ln58_5771_fu_185047_p2  |         +|   0|  0|   31|          24|          24|
    |add_ln58_5772_fu_185057_p2  |         +|   0|  0|   32|          25|          25|
    |add_ln58_5773_fu_154401_p2  |         +|   0|  0|   27|          20|          20|
    |add_ln58_5774_fu_155157_p2  |         +|   0|  0|   27|          20|          20|
    |add_ln58_5775_fu_155167_p2  |         +|   0|  0|   28|          21|          21|
    |add_ln58_5776_fu_155955_p2  |         +|   0|  0|   25|          18|          18|
    |add_ln58_5777_fu_156990_p2  |         +|   0|  0|   27|          20|          20|
    |add_ln58_5778_fu_157000_p2  |         +|   0|  0|   28|          21|          21|
    |add_ln58_5779_fu_157010_p2  |         +|   0|  0|   29|          22|          22|
    |add_ln58_5780_fu_158183_p2  |         +|   0|  0|   27|          20|          20|
    |add_ln58_5781_fu_158892_p2  |         +|   0|  0|   27|          20|          20|
    |add_ln58_5782_fu_158902_p2  |         +|   0|  0|   28|          21|          21|
    |add_ln58_5783_fu_159823_p2  |         +|   0|  0|   26|          19|          19|
    |add_ln58_5784_fu_160725_p2  |         +|   0|  0|   27|          20|          20|
    |add_ln58_5785_fu_160735_p2  |         +|   0|  0|   28|          21|          21|
    |add_ln58_5786_fu_160745_p2  |         +|   0|  0|   29|          22|          22|
    |add_ln58_5787_fu_160755_p2  |         +|   0|  0|   30|          23|          23|
    |add_ln58_5788_fu_162296_p2  |         +|   0|  0|   27|          20|          20|
    |add_ln58_5789_fu_163052_p2  |         +|   0|  0|   27|          20|          20|
    |add_ln58_5790_fu_163062_p2  |         +|   0|  0|   28|          21|          21|
    |add_ln58_5791_fu_163922_p2  |         +|   0|  0|   27|          20|          20|
    |add_ln58_5792_fu_164745_p2  |         +|   0|  0|   27|          20|          20|
    |add_ln58_5793_fu_164755_p2  |         +|   0|  0|   28|          21|          21|
    |add_ln58_5794_fu_164765_p2  |         +|   0|  0|   29|          22|          22|
    |add_ln58_5795_fu_166250_p2  |         +|   0|  0|   27|          20|          20|
    |add_ln58_5796_fu_166949_p2  |         +|   0|  0|   27|          20|          20|
    |add_ln58_5797_fu_166959_p2  |         +|   0|  0|   28|          21|          21|
    |add_ln58_5798_fu_167938_p2  |         +|   0|  0|   27|          20|          20|
    |add_ln58_5799_fu_168808_p2  |         +|   0|  0|   26|          19|          19|
    |add_ln58_5800_fu_168818_p2  |         +|   0|  0|   28|          21|          21|
    |add_ln58_5801_fu_168828_p2  |         +|   0|  0|   29|          22|          22|
    |add_ln58_5802_fu_168838_p2  |         +|   0|  0|   30|          23|          23|
    |add_ln58_5803_fu_168848_p2  |         +|   0|  0|   31|          24|          24|
    |add_ln58_5804_fu_170762_p2  |         +|   0|  0|   27|          20|          20|
    |add_ln58_5805_fu_171431_p2  |         +|   0|  0|   27|          20|          20|
    |add_ln58_5806_fu_171441_p2  |         +|   0|  0|   28|          21|          21|
    |add_ln58_5807_fu_172432_p2  |         +|   0|  0|   26|          19|          19|
    |add_ln58_5808_fu_173135_p2  |         +|   0|  0|   26|          19|          19|
    |add_ln58_5809_fu_173145_p2  |         +|   0|  0|   27|          20|          20|
    |add_ln58_5810_fu_173155_p2  |         +|   0|  0|   29|          22|          22|
    |add_ln58_5811_fu_173161_p2  |         +|   0|  0|   27|          20|          20|
    |add_ln58_5812_fu_174690_p2  |         +|   0|  0|   25|          18|          18|
    |add_ln58_5813_fu_174700_p2  |         +|   0|  0|   28|          21|          21|
    |add_ln58_5814_fu_175372_p2  |         +|   0|  0|   27|          20|          20|
    |add_ln58_5815_fu_176561_p2  |         +|   0|  0|   27|          20|          20|
    |add_ln58_5816_fu_176571_p2  |         +|   0|  0|   28|          21|          21|
    |add_ln58_5817_fu_176581_p2  |         +|   0|  0|   29|          22|          22|
    |add_ln58_5818_fu_176591_p2  |         +|   0|  0|   30|          23|          23|
    |add_ln58_5819_fu_177595_p2  |         +|   0|  0|   27|          20|          20|
    |add_ln58_5820_fu_178979_p2  |         +|   0|  0|   27|          20|          20|
    |add_ln58_5821_fu_178989_p2  |         +|   0|  0|   28|          21|          21|
    |add_ln58_5822_fu_179680_p2  |         +|   0|  0|   27|          20|          20|
    |add_ln58_5823_fu_180953_p2  |         +|   0|  0|   25|          18|          18|
    |add_ln58_5824_fu_180963_p2  |         +|   0|  0|   28|          21|          21|
    |add_ln58_5825_fu_180973_p2  |         +|   0|  0|   29|          22|          22|
    |add_ln58_5826_fu_182134_p2  |         +|   0|  0|   27|          20|          20|
    |add_ln58_5827_fu_183057_p2  |         +|   0|  0|   27|          20|          20|
    |add_ln58_5828_fu_183067_p2  |         +|   0|  0|   28|          21|          21|
    |add_ln58_5829_fu_183914_p2  |         +|   0|  0|   26|          19|          19|
    |add_ln58_5830_fu_185082_p2  |         +|   0|  0|   26|          19|           7|
    |add_ln58_5831_fu_185092_p2  |         +|   0|  0|   20|          20|          20|
    |add_ln58_5832_fu_185098_p2  |         +|   0|  0|   20|          20|          20|
    |add_ln58_5833_fu_185108_p2  |         +|   0|  0|   29|          22|          22|
    |add_ln58_5834_fu_185118_p2  |         +|   0|  0|   30|          23|          23|
    |add_ln58_5835_fu_185128_p2  |         +|   0|  0|   31|          24|          24|
    |add_ln58_5836_fu_185138_p2  |         +|   0|  0|   32|          25|          25|
    |add_ln58_5837_fu_155173_p2  |         +|   0|  0|   20|          20|          20|
    |add_ln58_5838_fu_155179_p2  |         +|   0|  0|   26|          19|          19|
    |add_ln58_5839_fu_155189_p2  |         +|   0|  0|   20|          20|          20|
    |add_ln58_5840_fu_155961_p2  |         +|   0|  0|   27|          20|          20|
    |add_ln58_5841_fu_157022_p2  |         +|   0|  0|   27|          20|          20|
    |add_ln58_5842_fu_157032_p2  |         +|   0|  0|   28|          21|          21|
    |add_ln58_5843_fu_157042_p2  |         +|   0|  0|   29|          22|          22|
    |add_ln58_5844_fu_158189_p2  |         +|   0|  0|   27|          20|          20|
    |add_ln58_5845_fu_158911_p2  |         +|   0|  0|   27|          20|          20|
    |add_ln58_5846_fu_158921_p2  |         +|   0|  0|   28|          21|          21|
    |add_ln58_5847_fu_159829_p2  |         +|   0|  0|   27|          20|          20|
    |add_ln58_5848_fu_160770_p2  |         +|   0|  0|   26|          19|          19|
    |add_ln58_5849_fu_160780_p2  |         +|   0|  0|   28|          21|          21|
    |add_ln58_5850_fu_160790_p2  |         +|   0|  0|   29|          22|          22|
    |add_ln58_5851_fu_160800_p2  |         +|   0|  0|   30|          23|          23|
    |add_ln58_5852_fu_162302_p2  |         +|   0|  0|   27|          20|          20|
    |add_ln58_5853_fu_163071_p2  |         +|   0|  0|   27|          20|          20|
    |add_ln58_5854_fu_163081_p2  |         +|   0|  0|   28|          21|          21|
    |add_ln58_5855_fu_163928_p2  |         +|   0|  0|   27|          20|          20|
    |add_ln58_5856_fu_164777_p2  |         +|   0|  0|   27|          20|          20|
    |add_ln58_5857_fu_164787_p2  |         +|   0|  0|   28|          21|          21|
    |add_ln58_5858_fu_164797_p2  |         +|   0|  0|   29|          22|          22|
    |add_ln58_5859_fu_166256_p2  |         +|   0|  0|   27|          20|          20|
    |add_ln58_5860_fu_166968_p2  |         +|   0|  0|   21|          21|          21|
    |add_ln58_5861_fu_166974_p2  |         +|   0|  0|   21|          21|          21|
    |add_ln58_5862_fu_167944_p2  |         +|   0|  0|   27|          20|          20|
    |add_ln58_5863_fu_168866_p2  |         +|   0|  0|   27|          20|          20|
    |add_ln58_5864_fu_168876_p2  |         +|   0|  0|   28|          21|          21|
    |add_ln58_5865_fu_168886_p2  |         +|   0|  0|   29|          22|          22|
    |add_ln58_5866_fu_168896_p2  |         +|   0|  0|   30|          23|          23|
    |add_ln58_5867_fu_168906_p2  |         +|   0|  0|   31|          24|          24|
    |add_ln58_5868_fu_170768_p2  |         +|   0|  0|   27|          20|          20|
    |add_ln58_5869_fu_171450_p2  |         +|   0|  0|   27|          20|          20|
    |add_ln58_5870_fu_171460_p2  |         +|   0|  0|   28|          21|          21|
    |add_ln58_5871_fu_173170_p2  |         +|   0|  0|   20|          20|          20|
    |add_ln58_5872_fu_173176_p2  |         +|   0|  0|   26|          19|          19|
    |add_ln58_5873_fu_173186_p2  |         +|   0|  0|   20|          20|          20|
    |add_ln58_5874_fu_173196_p2  |         +|   0|  0|   29|          22|          22|
    |add_ln58_5875_fu_173202_p2  |         +|   0|  0|   27|          20|          20|
    |add_ln58_5876_fu_174709_p2  |         +|   0|  0|   27|          20|          20|
    |add_ln58_5877_fu_174719_p2  |         +|   0|  0|   28|          21|          21|
    |add_ln58_5878_fu_175378_p2  |         +|   0|  0|   27|          20|          20|
    |add_ln58_5879_fu_176606_p2  |         +|   0|  0|   27|          20|          20|
    |add_ln58_5880_fu_176616_p2  |         +|   0|  0|   28|          21|          21|
    |add_ln58_5881_fu_176626_p2  |         +|   0|  0|   29|          22|          22|
    |add_ln58_5882_fu_176636_p2  |         +|   0|  0|   30|          23|          23|
    |add_ln58_5883_fu_177601_p2  |         +|   0|  0|   27|          20|          20|
    |add_ln58_5884_fu_178998_p2  |         +|   0|  0|   24|          17|          17|
    |add_ln58_5885_fu_179008_p2  |         +|   0|  0|   28|          21|          21|
    |add_ln58_5886_fu_179686_p2  |         +|   0|  0|   27|          20|          20|
    |add_ln58_5887_fu_180985_p2  |         +|   0|  0|   27|          20|          20|
    |add_ln58_5888_fu_180995_p2  |         +|   0|  0|   28|          21|          21|
    |add_ln58_5889_fu_181005_p2  |         +|   0|  0|   29|          22|          22|
    |add_ln58_5890_fu_182140_p2  |         +|   0|  0|   27|          20|          20|
    |add_ln58_5891_fu_183076_p2  |         +|   0|  0|   27|          20|          20|
    |add_ln58_5892_fu_183086_p2  |         +|   0|  0|   28|          21|          21|
    |add_ln58_5893_fu_183920_p2  |         +|   0|  0|   27|          20|          20|
    |add_ln58_5894_fu_185163_p2  |         +|   0|  0|   25|          18|          10|
    |add_ln58_5895_fu_185173_p2  |         +|   0|  0|   26|          19|          19|
    |add_ln58_5896_fu_185183_p2  |         +|   0|  0|   28|          21|          21|
    |add_ln58_5897_fu_185193_p2  |         +|   0|  0|   29|          22|          22|
    |add_ln58_5898_fu_185203_p2  |         +|   0|  0|   30|          23|          23|
    |add_ln58_5899_fu_185213_p2  |         +|   0|  0|   31|          24|          24|
    |add_ln58_5900_fu_185223_p2  |         +|   0|  0|   32|          25|          25|
    |add_ln58_5901_fu_154407_p2  |         +|   0|  0|   27|          20|          20|
    |add_ln58_5902_fu_155198_p2  |         +|   0|  0|   27|          20|          20|
    |add_ln58_5903_fu_155208_p2  |         +|   0|  0|   28|          21|          21|
    |add_ln58_5904_fu_155967_p2  |         +|   0|  0|   26|          19|          19|
    |add_ln58_5905_fu_157054_p2  |         +|   0|  0|   27|          20|          20|
    |add_ln58_5906_fu_157064_p2  |         +|   0|  0|   28|          21|          21|
    |add_ln58_5907_fu_157074_p2  |         +|   0|  0|   29|          22|          22|
    |add_ln58_5908_fu_158195_p2  |         +|   0|  0|   27|          20|          20|
    |add_ln58_5909_fu_158930_p2  |         +|   0|  0|   26|          19|          19|
    |add_ln58_5910_fu_158940_p2  |         +|   0|  0|   28|          21|          21|
    |add_ln58_5911_fu_159835_p2  |         +|   0|  0|   27|          20|          20|
    |add_ln58_5912_fu_160815_p2  |         +|   0|  0|   27|          20|          20|
    |add_ln58_5913_fu_160825_p2  |         +|   0|  0|   28|          21|          21|
    |add_ln58_5914_fu_160835_p2  |         +|   0|  0|   29|          22|          22|
    |add_ln58_5915_fu_160845_p2  |         +|   0|  0|   30|          23|          23|
    |add_ln58_5916_fu_162308_p2  |         +|   0|  0|   25|          18|          18|
    |add_ln58_5917_fu_163090_p2  |         +|   0|  0|   27|          20|          20|
    |add_ln58_5918_fu_163100_p2  |         +|   0|  0|   28|          21|          21|
    |add_ln58_5919_fu_163934_p2  |         +|   0|  0|   27|          20|          20|
    |add_ln58_5920_fu_164809_p2  |         +|   0|  0|   26|          19|          19|
    |add_ln58_5921_fu_164819_p2  |         +|   0|  0|   28|          21|          21|
    |add_ln58_5922_fu_164829_p2  |         +|   0|  0|   29|          22|          22|
    |add_ln58_5923_fu_166262_p2  |         +|   0|  0|   27|          20|          20|
    |add_ln58_5924_fu_166980_p2  |         +|   0|  0|   26|          19|          19|
    |add_ln58_5925_fu_168924_p2  |         +|   0|  0|   21|          21|          21|
    |add_ln58_5926_fu_168930_p2  |         +|   0|  0|   20|          20|          20|
    |add_ln58_5927_fu_168936_p2  |         +|   0|  0|   24|          17|          17|
    |add_ln58_5928_fu_168946_p2  |         +|   0|  0|   20|          20|          20|
    |add_ln58_5929_fu_168956_p2  |         +|   0|  0|   21|          21|          21|
    |add_ln58_5930_fu_168966_p2  |         +|   0|  0|   30|          23|          23|
    |add_ln58_5931_fu_168976_p2  |         +|   0|  0|   31|          24|          24|
    |add_ln58_5932_fu_170774_p2  |         +|   0|  0|   27|          20|          20|
    |add_ln58_5933_fu_171469_p2  |         +|   0|  0|   27|          20|          20|
    |add_ln58_5934_fu_171479_p2  |         +|   0|  0|   28|          21|          21|
    |add_ln58_5935_fu_172438_p2  |         +|   0|  0|   27|          20|          20|
    |add_ln58_5936_fu_173214_p2  |         +|   0|  0|   27|          20|          20|
    |add_ln58_5937_fu_173224_p2  |         +|   0|  0|   28|          21|          21|
    |add_ln58_5938_fu_173234_p2  |         +|   0|  0|   29|          22|          22|
    |add_ln58_5939_fu_174725_p2  |         +|   0|  0|   20|          20|          20|
    |add_ln58_5940_fu_174731_p2  |         +|   0|  0|   25|          18|          18|
    |add_ln58_5941_fu_174741_p2  |         +|   0|  0|   20|          20|          20|
    |add_ln58_5942_fu_175384_p2  |         +|   0|  0|   27|          20|          20|
    |add_ln58_5943_fu_176651_p2  |         +|   0|  0|   27|          20|          20|
    |add_ln58_5944_fu_176661_p2  |         +|   0|  0|   28|          21|          21|
    |add_ln58_5945_fu_176671_p2  |         +|   0|  0|   29|          22|          22|
    |add_ln58_5946_fu_176681_p2  |         +|   0|  0|   30|          23|          23|
    |add_ln58_5947_fu_177607_p2  |         +|   0|  0|   27|          20|          20|
    |add_ln58_5948_fu_179017_p2  |         +|   0|  0|   27|          20|          20|
    |add_ln58_5949_fu_179027_p2  |         +|   0|  0|   28|          21|          21|
    |add_ln58_5950_fu_181014_p2  |         +|   0|  0|   20|          20|          20|
    |add_ln58_5951_fu_181020_p2  |         +|   0|  0|   25|          18|          18|
    |add_ln58_5952_fu_181030_p2  |         +|   0|  0|   20|          20|          20|
    |add_ln58_5953_fu_181040_p2  |         +|   0|  0|   29|          22|          22|
    |add_ln58_5954_fu_182146_p2  |         +|   0|  0|   27|          20|          20|
    |add_ln58_5955_fu_183926_p2  |         +|   0|  0|   26|          19|          19|
    |add_ln58_5956_fu_185248_p2  |         +|   0|  0|   21|          21|          21|
    |add_ln58_5957_fu_185254_p2  |         +|   0|  0|   26|          19|          19|
    |add_ln58_5958_fu_185264_p2  |         +|   0|  0|   20|          15|           2|
    |add_ln58_5959_fu_185274_p2  |         +|   0|  0|   26|          19|          19|
    |add_ln58_5960_fu_185284_p2  |         +|   0|  0|   27|          20|          20|
    |add_ln58_5961_fu_185294_p2  |         +|   0|  0|   21|          21|          21|
    |add_ln58_5962_fu_185304_p2  |         +|   0|  0|   30|          23|          23|
    |add_ln58_5963_fu_185314_p2  |         +|   0|  0|   31|          24|          24|
    |add_ln58_5964_fu_185324_p2  |         +|   0|  0|   32|          25|          25|
    |add_ln58_5965_fu_154413_p2  |         +|   0|  0|   27|          20|          20|
    |add_ln58_5966_fu_155217_p2  |         +|   0|  0|   27|          20|          20|
    |add_ln58_5967_fu_155227_p2  |         +|   0|  0|   28|          21|          21|
    |add_ln58_5968_fu_155973_p2  |         +|   0|  0|   26|          19|          19|
    |add_ln58_5969_fu_157086_p2  |         +|   0|  0|   20|          20|          20|
    |add_ln58_5970_fu_157092_p2  |         +|   0|  0|   20|          20|          20|
    |add_ln58_5971_fu_157102_p2  |         +|   0|  0|   29|          22|          22|
    |add_ln58_5972_fu_158201_p2  |         +|   0|  0|   27|          20|          20|
    |add_ln58_5973_fu_158949_p2  |         +|   0|  0|   27|          20|          20|
    |add_ln58_5974_fu_158959_p2  |         +|   0|  0|   28|          21|          21|
    |add_ln58_5975_fu_159841_p2  |         +|   0|  0|   27|          20|          20|
    |add_ln58_5976_fu_160860_p2  |         +|   0|  0|   27|          20|          20|
    |add_ln58_5977_fu_160870_p2  |         +|   0|  0|   28|          21|          21|
    |add_ln58_5978_fu_160880_p2  |         +|   0|  0|   29|          22|          22|
    |add_ln58_5979_fu_160890_p2  |         +|   0|  0|   30|          23|          23|
    |add_ln58_5980_fu_162314_p2  |         +|   0|  0|   27|          20|          20|
    |add_ln58_5981_fu_163109_p2  |         +|   0|  0|   25|          18|          18|
    |add_ln58_5982_fu_163119_p2  |         +|   0|  0|   28|          21|          21|
    |add_ln58_5983_fu_163940_p2  |         +|   0|  0|   26|          19|          19|
    |add_ln58_5984_fu_164841_p2  |         +|   0|  0|   27|          20|          20|
    |add_ln58_5985_fu_164851_p2  |         +|   0|  0|   28|          21|          21|
    |add_ln58_5986_fu_164861_p2  |         +|   0|  0|   29|          22|          22|
    |add_ln58_5987_fu_166986_p2  |         +|   0|  0|   20|          20|          20|
    |add_ln58_5988_fu_166992_p2  |         +|   0|  0|   25|          18|          18|
    |add_ln58_5989_fu_167002_p2  |         +|   0|  0|   20|          20|          20|
    |add_ln58_5990_fu_167950_p2  |         +|   0|  0|   27|          20|          20|
    |add_ln58_5991_fu_168994_p2  |         +|   0|  0|   27|          20|          20|
    |add_ln58_5992_fu_169004_p2  |         +|   0|  0|   28|          21|          21|
    |add_ln58_5993_fu_169014_p2  |         +|   0|  0|   29|          22|          22|
    |add_ln58_5994_fu_169024_p2  |         +|   0|  0|   30|          23|          23|
    |add_ln58_5995_fu_169034_p2  |         +|   0|  0|   31|          24|          24|
    |add_ln58_5996_fu_170780_p2  |         +|   0|  0|   27|          20|          20|
    |add_ln58_5997_fu_171488_p2  |         +|   0|  0|   27|          20|          20|
    |add_ln58_5998_fu_171498_p2  |         +|   0|  0|   28|          21|          21|
    |add_ln58_5999_fu_172444_p2  |         +|   0|  0|   27|          20|          20|
    |add_ln58_6000_fu_173246_p2  |         +|   0|  0|   27|          20|          20|
    |add_ln58_6001_fu_173256_p2  |         +|   0|  0|   28|          21|          21|
    |add_ln58_6002_fu_173266_p2  |         +|   0|  0|   29|          22|          22|
    |add_ln58_6003_fu_174747_p2  |         +|   0|  0|   27|          20|          20|
    |add_ln58_6004_fu_174757_p2  |         +|   0|  0|   27|          20|          20|
    |add_ln58_6005_fu_174767_p2  |         +|   0|  0|   28|          21|          21|
    |add_ln58_6006_fu_175390_p2  |         +|   0|  0|   27|          20|          20|
    |add_ln58_6007_fu_176696_p2  |         +|   0|  0|   27|          20|          20|
    |add_ln58_6008_fu_176706_p2  |         +|   0|  0|   28|          21|          21|
    |add_ln58_6009_fu_176716_p2  |         +|   0|  0|   29|          22|          22|
    |add_ln58_6010_fu_176726_p2  |         +|   0|  0|   30|          23|          23|
    |add_ln58_6011_fu_177613_p2  |         +|   0|  0|   27|          20|          20|
    |add_ln58_6012_fu_179036_p2  |         +|   0|  0|   27|          20|          20|
    |add_ln58_6013_fu_179046_p2  |         +|   0|  0|   28|          21|          21|
    |add_ln58_6014_fu_179692_p2  |         +|   0|  0|   27|          20|          20|
    |add_ln58_6015_fu_181052_p2  |         +|   0|  0|   27|          20|          20|
    |add_ln58_6016_fu_181062_p2  |         +|   0|  0|   28|          21|          21|
    |add_ln58_6017_fu_181072_p2  |         +|   0|  0|   29|          22|          22|
    |add_ln58_6018_fu_182152_p2  |         +|   0|  0|   26|          19|          19|
    |add_ln58_6019_fu_183095_p2  |         +|   0|  0|   20|          20|          20|
    |add_ln58_6020_fu_183101_p2  |         +|   0|  0|   20|          20|          20|
    |add_ln58_6021_fu_183932_p2  |         +|   0|  0|   27|          20|          20|
    |add_ln58_6022_fu_185349_p2  |         +|   0|  0|   20|          20|           4|
    |add_ln58_6023_fu_185355_p2  |         +|   0|  0|   20|          20|          20|
    |add_ln58_6024_fu_185365_p2  |         +|   0|  0|   28|          21|          21|
    |add_ln58_6025_fu_185375_p2  |         +|   0|  0|   29|          22|          22|
    |add_ln58_6026_fu_185385_p2  |         +|   0|  0|   30|          23|          23|
    |add_ln58_6027_fu_185395_p2  |         +|   0|  0|   31|          24|          24|
    |add_ln58_6028_fu_185405_p2  |         +|   0|  0|   32|          25|          25|
    |add_ln58_6029_fu_154419_p2  |         +|   0|  0|   24|          17|          17|
    |add_ln58_6030_fu_155236_p2  |         +|   0|  0|   20|          20|          20|
    |add_ln58_6031_fu_155242_p2  |         +|   0|  0|   20|          20|          20|
    |add_ln58_6032_fu_155979_p2  |         +|   0|  0|   25|          18|          18|
    |add_ln58_6033_fu_157114_p2  |         +|   0|  0|   20|          20|          20|
    |add_ln58_6034_fu_157120_p2  |         +|   0|  0|   20|          20|          20|
    |add_ln58_6035_fu_157130_p2  |         +|   0|  0|   28|          21|          21|
    |add_ln58_6036_fu_158207_p2  |         +|   0|  0|   26|          19|          19|
    |add_ln58_6037_fu_158968_p2  |         +|   0|  0|   27|          20|          20|
    |add_ln58_6038_fu_158978_p2  |         +|   0|  0|   28|          21|          21|
    |add_ln58_6039_fu_159847_p2  |         +|   0|  0|   27|          20|          20|
    |add_ln58_6040_fu_160905_p2  |         +|   0|  0|   27|          20|          20|
    |add_ln58_6041_fu_160915_p2  |         +|   0|  0|   28|          21|          21|
    |add_ln58_6042_fu_160925_p2  |         +|   0|  0|   22|          22|          22|
    |add_ln58_6043_fu_160931_p2  |         +|   0|  0|   22|          22|          22|
    |add_ln58_6044_fu_162320_p2  |         +|   0|  0|   27|          20|          20|
    |add_ln58_6045_fu_163128_p2  |         +|   0|  0|   27|          20|          20|
    |add_ln58_6046_fu_163138_p2  |         +|   0|  0|   28|          21|          21|
    |add_ln58_6047_fu_163946_p2  |         +|   0|  0|   27|          20|          20|
    |add_ln58_6048_fu_164873_p2  |         +|   0|  0|   27|          20|          20|
    |add_ln58_6049_fu_164883_p2  |         +|   0|  0|   28|          21|          21|
    |add_ln58_6050_fu_164893_p2  |         +|   0|  0|   29|          22|          22|
    |add_ln58_6051_fu_166268_p2  |         +|   0|  0|   27|          20|          20|
    |add_ln58_6052_fu_167011_p2  |         +|   0|  0|   27|          20|          20|
    |add_ln58_6053_fu_167021_p2  |         +|   0|  0|   28|          21|          21|
    |add_ln58_6054_fu_167956_p2  |         +|   0|  0|   27|          20|          20|
    |add_ln58_6055_fu_169052_p2  |         +|   0|  0|   25|          18|          18|
    |add_ln58_6056_fu_169062_p2  |         +|   0|  0|   28|          21|          21|
    |add_ln58_6057_fu_169072_p2  |         +|   0|  0|   29|          22|          22|
    |add_ln58_6058_fu_169082_p2  |         +|   0|  0|   30|          23|          23|
    |add_ln58_6059_fu_169092_p2  |         +|   0|  0|   31|          24|          24|
    |add_ln58_6060_fu_170786_p2  |         +|   0|  0|   25|          18|          18|
    |add_ln58_6061_fu_171507_p2  |         +|   0|  0|   27|          20|          20|
    |add_ln58_6062_fu_171517_p2  |         +|   0|  0|   28|          21|          21|
    |add_ln58_6063_fu_172450_p2  |         +|   0|  0|   27|          20|          20|
    |add_ln58_6064_fu_173278_p2  |         +|   0|  0|   27|          20|          20|
    |add_ln58_6065_fu_173288_p2  |         +|   0|  0|   28|          21|          21|
    |add_ln58_6066_fu_173298_p2  |         +|   0|  0|   29|          22|          22|
    |add_ln58_6067_fu_174773_p2  |         +|   0|  0|   27|          20|          20|
    |add_ln58_6068_fu_175399_p2  |         +|   0|  0|   27|          20|          20|
    |add_ln58_6069_fu_175409_p2  |         +|   0|  0|   28|          21|          21|
    |add_ln58_6070_fu_175415_p2  |         +|   0|  0|   26|          19|          19|
    |add_ln58_6071_fu_176741_p2  |         +|   0|  0|   27|          20|          20|
    |add_ln58_6072_fu_176751_p2  |         +|   0|  0|   28|          21|          21|
    |add_ln58_6073_fu_176761_p2  |         +|   0|  0|   29|          22|          22|
    |add_ln58_6074_fu_176771_p2  |         +|   0|  0|   30|          23|          23|
    |add_ln58_6075_fu_177619_p2  |         +|   0|  0|   27|          20|          20|
    |add_ln58_6076_fu_179055_p2  |         +|   0|  0|   27|          20|          20|
    |add_ln58_6077_fu_179065_p2  |         +|   0|  0|   28|          21|          21|
    |add_ln58_6078_fu_179698_p2  |         +|   0|  0|   27|          20|          20|
    |add_ln58_6079_fu_181084_p2  |         +|   0|  0|   27|          20|          20|
    |add_ln58_6080_fu_181094_p2  |         +|   0|  0|   28|          21|          21|
    |add_ln58_6081_fu_181104_p2  |         +|   0|  0|   29|          22|          22|
    |add_ln58_6082_fu_182158_p2  |         +|   0|  0|   26|          19|          19|
    |add_ln58_6083_fu_183110_p2  |         +|   0|  0|   20|          20|          20|
    |add_ln58_6084_fu_183116_p2  |         +|   0|  0|   20|          20|          20|
    |add_ln58_6085_fu_183938_p2  |         +|   0|  0|   27|          20|          20|
    |add_ln58_6086_fu_185430_p2  |         +|   0|  0|   21|          21|           8|
    |add_ln58_6087_fu_185436_p2  |         +|   0|  0|   21|          21|          21|
    |add_ln58_6088_fu_185446_p2  |         +|   0|  0|   22|          22|          22|
    |add_ln58_6089_fu_185452_p2  |         +|   0|  0|   22|          22|          22|
    |add_ln58_6090_fu_185462_p2  |         +|   0|  0|   30|          23|          23|
    |add_ln58_6091_fu_185472_p2  |         +|   0|  0|   31|          24|          24|
    |add_ln58_6092_fu_185482_p2  |         +|   0|  0|   32|          25|          25|
    |add_ln58_6093_fu_154425_p2  |         +|   0|  0|   27|          20|          20|
    |add_ln58_6094_fu_155251_p2  |         +|   0|  0|   27|          20|          20|
    |add_ln58_6095_fu_155261_p2  |         +|   0|  0|   28|          21|          21|
    |add_ln58_6096_fu_157139_p2  |         +|   0|  0|   20|          20|          20|
    |add_ln58_6097_fu_157145_p2  |         +|   0|  0|   25|          18|          18|
    |add_ln58_6098_fu_157155_p2  |         +|   0|  0|   20|          20|          20|
    |add_ln58_6099_fu_157165_p2  |         +|   0|  0|   29|          22|          22|
    |add_ln58_6100_fu_158213_p2  |         +|   0|  0|   27|          20|          20|
    |add_ln58_6101_fu_158987_p2  |         +|   0|  0|   27|          20|          20|
    |add_ln58_6102_fu_158997_p2  |         +|   0|  0|   28|          21|          21|
    |add_ln58_6103_fu_159853_p2  |         +|   0|  0|   27|          20|          20|
    |add_ln58_6104_fu_160946_p2  |         +|   0|  0|   27|          20|          20|
    |add_ln58_6105_fu_160956_p2  |         +|   0|  0|   28|          21|          21|
    |add_ln58_6106_fu_160966_p2  |         +|   0|  0|   29|          22|          22|
    |add_ln58_6107_fu_160976_p2  |         +|   0|  0|   30|          23|          23|
    |add_ln58_6108_fu_162326_p2  |         +|   0|  0|   27|          20|          20|
    |add_ln58_6109_fu_163147_p2  |         +|   0|  0|   27|          20|          20|
    |add_ln58_6110_fu_163157_p2  |         +|   0|  0|   28|          21|          21|
    |add_ln58_6111_fu_163952_p2  |         +|   0|  0|   27|          20|          20|
    |add_ln58_6112_fu_164905_p2  |         +|   0|  0|   27|          20|          20|
    |add_ln58_6113_fu_164915_p2  |         +|   0|  0|   28|          21|          21|
    |add_ln58_6114_fu_164925_p2  |         +|   0|  0|   29|          22|          22|
    |add_ln58_6115_fu_166274_p2  |         +|   0|  0|   26|          19|          19|
    |add_ln58_6116_fu_167030_p2  |         +|   0|  0|   27|          20|          20|
    |add_ln58_6117_fu_167040_p2  |         +|   0|  0|   28|          21|          21|
    |add_ln58_6118_fu_167962_p2  |         +|   0|  0|   27|          20|          20|
    |add_ln58_6119_fu_169110_p2  |         +|   0|  0|   27|          20|          20|
    |add_ln58_6120_fu_169120_p2  |         +|   0|  0|   28|          21|          21|
    |add_ln58_6121_fu_169130_p2  |         +|   0|  0|   29|          22|          22|
    |add_ln58_6122_fu_169140_p2  |         +|   0|  0|   30|          23|          23|
    |add_ln58_6123_fu_169150_p2  |         +|   0|  0|   31|          24|          24|
    |add_ln58_6124_fu_170792_p2  |         +|   0|  0|   26|          19|          19|
    |add_ln58_6125_fu_171526_p2  |         +|   0|  0|   27|          20|          20|
    |add_ln58_6126_fu_171536_p2  |         +|   0|  0|   28|          21|          21|
    |add_ln58_6127_fu_172456_p2  |         +|   0|  0|   26|          19|          19|
    |add_ln58_6128_fu_173310_p2  |         +|   0|  0|   27|          20|          20|
    |add_ln58_6129_fu_173320_p2  |         +|   0|  0|   28|          21|          21|
    |add_ln58_6130_fu_173330_p2  |         +|   0|  0|   29|          22|          22|
    |add_ln58_6131_fu_174779_p2  |         +|   0|  0|   26|          19|          19|
    |add_ln58_6132_fu_175424_p2  |         +|   0|  0|   27|          20|          20|
    |add_ln58_6133_fu_175434_p2  |         +|   0|  0|   28|          21|          21|
    |add_ln58_6134_fu_175440_p2  |         +|   0|  0|   26|          19|          19|
    |add_ln58_6135_fu_176786_p2  |         +|   0|  0|   27|          20|          20|
    |add_ln58_6136_fu_176796_p2  |         +|   0|  0|   28|          21|          21|
    |add_ln58_6137_fu_176806_p2  |         +|   0|  0|   29|          22|          22|
    |add_ln58_6138_fu_176816_p2  |         +|   0|  0|   30|          23|          23|
    |add_ln58_6139_fu_177625_p2  |         +|   0|  0|   27|          20|          20|
    |add_ln58_6140_fu_179071_p2  |         +|   0|  0|   27|          20|          20|
    |add_ln58_6141_fu_181116_p2  |         +|   0|  0|   21|          21|          21|
    |add_ln58_6142_fu_179704_p2  |         +|   0|  0|   20|          15|          15|
    |add_ln58_6143_fu_181125_p2  |         +|   0|  0|   17|          17|          17|
    |add_ln58_6144_fu_181131_p2  |         +|   0|  0|   17|          17|          17|
    |add_ln58_6145_fu_181141_p2  |         +|   0|  0|   21|          21|          21|
    |add_ln58_6146_fu_182164_p2  |         +|   0|  0|   27|          20|          20|
    |add_ln58_6147_fu_183125_p2  |         +|   0|  0|   27|          20|          20|
    |add_ln58_6148_fu_183135_p2  |         +|   0|  0|   28|          21|          21|
    |add_ln58_6149_fu_183944_p2  |         +|   0|  0|   27|          20|          20|
    |add_ln58_6150_fu_185507_p2  |         +|   0|  0|   26|          19|           9|
    |add_ln58_6151_fu_185517_p2  |         +|   0|  0|   27|          20|          20|
    |add_ln58_6152_fu_185527_p2  |         +|   0|  0|   28|          21|          21|
    |add_ln58_6153_fu_185537_p2  |         +|   0|  0|   29|          22|          22|
    |add_ln58_6154_fu_185547_p2  |         +|   0|  0|   30|          23|          23|
    |add_ln58_6155_fu_185557_p2  |         +|   0|  0|   31|          24|          24|
    |add_ln58_6156_fu_185567_p2  |         +|   0|  0|   32|          25|          25|
    |add_ln58_6157_fu_154431_p2  |         +|   0|  0|   26|          19|          19|
    |add_ln58_6158_fu_155270_p2  |         +|   0|  0|   27|          20|          20|
    |add_ln58_6159_fu_155280_p2  |         +|   0|  0|   28|          21|          21|
    |add_ln58_6160_fu_155985_p2  |         +|   0|  0|   27|          20|          20|
    |add_ln58_6161_fu_157177_p2  |         +|   0|  0|   27|          20|          20|
    |add_ln58_6162_fu_157187_p2  |         +|   0|  0|   28|          21|          21|
    |add_ln58_6163_fu_157197_p2  |         +|   0|  0|   29|          22|          22|
    |add_ln58_6164_fu_158219_p2  |         +|   0|  0|   27|          20|          20|
    |add_ln58_6165_fu_159006_p2  |         +|   0|  0|   27|          20|          20|
    |add_ln58_6166_fu_159016_p2  |         +|   0|  0|   28|          21|          21|
    |add_ln58_6167_fu_159859_p2  |         +|   0|  0|   27|          20|          20|
    |add_ln58_6168_fu_160991_p2  |         +|   0|  0|   27|          20|          20|
    |add_ln58_6169_fu_161001_p2  |         +|   0|  0|   28|          21|          21|
    |add_ln58_6170_fu_161011_p2  |         +|   0|  0|   29|          22|          22|
    |add_ln58_6171_fu_161021_p2  |         +|   0|  0|   30|          23|          23|
    |add_ln58_6172_fu_162332_p2  |         +|   0|  0|   27|          20|          20|
    |add_ln58_6173_fu_163166_p2  |         +|   0|  0|   27|          20|          20|
    |add_ln58_6174_fu_163176_p2  |         +|   0|  0|   28|          21|          21|
    |add_ln58_6175_fu_163958_p2  |         +|   0|  0|   27|          20|          20|
    |add_ln58_6176_fu_164937_p2  |         +|   0|  0|   27|          20|          20|
    |add_ln58_6177_fu_164947_p2  |         +|   0|  0|   28|          21|          21|
    |add_ln58_6178_fu_164957_p2  |         +|   0|  0|   29|          22|          22|
    |add_ln58_6179_fu_166280_p2  |         +|   0|  0|   26|          19|          19|
    |add_ln58_6180_fu_167049_p2  |         +|   0|  0|   26|          19|          19|
    |add_ln58_6181_fu_167059_p2  |         +|   0|  0|   27|          20|          20|
    |add_ln58_6182_fu_167968_p2  |         +|   0|  0|   27|          20|          20|
    |add_ln58_6183_fu_169168_p2  |         +|   0|  0|   27|          20|          20|
    |add_ln58_6184_fu_169178_p2  |         +|   0|  0|   28|          21|          21|
    |add_ln58_6185_fu_169188_p2  |         +|   0|  0|   29|          22|          22|
    |add_ln58_6186_fu_169198_p2  |         +|   0|  0|   30|          23|          23|
    |add_ln58_6187_fu_169208_p2  |         +|   0|  0|   31|          24|          24|
    |add_ln58_6188_fu_170798_p2  |         +|   0|  0|   27|          20|          20|
    |add_ln58_6189_fu_171545_p2  |         +|   0|  0|   27|          20|          20|
    |add_ln58_6190_fu_171555_p2  |         +|   0|  0|   28|          21|          21|
    |add_ln58_6191_fu_172462_p2  |         +|   0|  0|   27|          20|          20|
    |add_ln58_6192_fu_173342_p2  |         +|   0|  0|   26|          19|          19|
    |add_ln58_6193_fu_173352_p2  |         +|   0|  0|   28|          21|          21|
    |add_ln58_6194_fu_173362_p2  |         +|   0|  0|   29|          22|          22|
    |add_ln58_6195_fu_174785_p2  |         +|   0|  0|   27|          20|          20|
    |add_ln58_6196_fu_175449_p2  |         +|   0|  0|   26|          19|          19|
    |add_ln58_6197_fu_175459_p2  |         +|   0|  0|   28|          21|          21|
    |add_ln58_6198_fu_176822_p2  |         +|   0|  0|   27|          20|          20|
    |add_ln58_6199_fu_177640_p2  |         +|   0|  0|   27|          20|          20|
    |add_ln58_6200_fu_177650_p2  |         +|   0|  0|   28|          21|          21|
    |add_ln58_6201_fu_177660_p2  |         +|   0|  0|   29|          22|          22|
    |add_ln58_6202_fu_177670_p2  |         +|   0|  0|   30|          23|          23|
    |add_ln58_6203_fu_179077_p2  |         +|   0|  0|   27|          20|          20|
    |add_ln58_6204_fu_179710_p2  |         +|   0|  0|   27|          20|          20|
    |add_ln58_6205_fu_182176_p2  |         +|   0|  0|   21|          21|          21|
    |add_ln58_6206_fu_181147_p2  |         +|   0|  0|   26|          19|          19|
    |add_ln58_6207_fu_182185_p2  |         +|   0|  0|   26|          19|          19|
    |add_ln58_6208_fu_182195_p2  |         +|   0|  0|   27|          20|          20|
    |add_ln58_6209_fu_182205_p2  |         +|   0|  0|   21|          21|          21|
    |add_ln58_6210_fu_183950_p2  |         +|   0|  0|   20|          20|          20|
    |add_ln58_6211_fu_183956_p2  |         +|   0|  0|   26|          19|          19|
    |add_ln58_6212_fu_183966_p2  |         +|   0|  0|   20|          20|          20|
    |add_ln58_6213_fu_185589_p2  |         +|   0|  0|   27|          20|          20|
    |add_ln58_6214_fu_185599_p2  |         +|   0|  0|   17|          14|           7|
    |add_ln58_6215_fu_185609_p2  |         +|   0|  0|   27|          20|          20|
    |add_ln58_6216_fu_185619_p2  |         +|   0|  0|   28|          21|          21|
    |add_ln58_6217_fu_185629_p2  |         +|   0|  0|   29|          22|          22|
    |add_ln58_6218_fu_185639_p2  |         +|   0|  0|   30|          23|          23|
    |add_ln58_6219_fu_185649_p2  |         +|   0|  0|   31|          24|          24|
    |add_ln58_6220_fu_185659_p2  |         +|   0|  0|   32|          25|          25|
    |add_ln58_6221_fu_154437_p2  |         +|   0|  0|   25|          18|          18|
    |add_ln58_6222_fu_155289_p2  |         +|   0|  0|   20|          20|          20|
    |add_ln58_6223_fu_155295_p2  |         +|   0|  0|   20|          20|          20|
    |add_ln58_6224_fu_155991_p2  |         +|   0|  0|   27|          20|          20|
    |add_ln58_6225_fu_157209_p2  |         +|   0|  0|   27|          20|          20|
    |add_ln58_6226_fu_157219_p2  |         +|   0|  0|   28|          21|          21|
    |add_ln58_6227_fu_157229_p2  |         +|   0|  0|   29|          22|          22|
    |add_ln58_6228_fu_158225_p2  |         +|   0|  0|   27|          20|          20|
    |add_ln58_6229_fu_159025_p2  |         +|   0|  0|   27|          20|          20|
    |add_ln58_6230_fu_159035_p2  |         +|   0|  0|   28|          21|          21|
    |add_ln58_6231_fu_159865_p2  |         +|   0|  0|   27|          20|          20|
    |add_ln58_6232_fu_161036_p2  |         +|   0|  0|   27|          20|          20|
    |add_ln58_6233_fu_161046_p2  |         +|   0|  0|   28|          21|          21|
    |add_ln58_6234_fu_161056_p2  |         +|   0|  0|   29|          22|          22|
    |add_ln58_6235_fu_161066_p2  |         +|   0|  0|   30|          23|          23|
    |add_ln58_6236_fu_162338_p2  |         +|   0|  0|   27|          20|          20|
    |add_ln58_6237_fu_163185_p2  |         +|   0|  0|   27|          20|          20|
    |add_ln58_6238_fu_163195_p2  |         +|   0|  0|   28|          21|          21|
    |add_ln58_6239_fu_163964_p2  |         +|   0|  0|   27|          20|          20|
    |add_ln58_6240_fu_164969_p2  |         +|   0|  0|   27|          20|          20|
    |add_ln58_6241_fu_164979_p2  |         +|   0|  0|   28|          21|          21|
    |add_ln58_6242_fu_164989_p2  |         +|   0|  0|   29|          22|          22|
    |add_ln58_6243_fu_166286_p2  |         +|   0|  0|   27|          20|          20|
    |add_ln58_6244_fu_167068_p2  |         +|   0|  0|   27|          20|          20|
    |add_ln58_6245_fu_167078_p2  |         +|   0|  0|   28|          21|          21|
    |add_ln58_6246_fu_167974_p2  |         +|   0|  0|   27|          20|          20|
    |add_ln58_6247_fu_169226_p2  |         +|   0|  0|   27|          20|          20|
    |add_ln58_6248_fu_169236_p2  |         +|   0|  0|   28|          21|          21|
    |add_ln58_6249_fu_169246_p2  |         +|   0|  0|   29|          22|          22|
    |add_ln58_6250_fu_169256_p2  |         +|   0|  0|   30|          23|          23|
    |add_ln58_6251_fu_169266_p2  |         +|   0|  0|   31|          24|          24|
    |add_ln58_6252_fu_170804_p2  |         +|   0|  0|   27|          20|          20|
    |add_ln58_6253_fu_171564_p2  |         +|   0|  0|   27|          20|          20|
    |add_ln58_6254_fu_171574_p2  |         +|   0|  0|   28|          21|          21|
    |add_ln58_6255_fu_172468_p2  |         +|   0|  0|   27|          20|          20|
    |add_ln58_6256_fu_173374_p2  |         +|   0|  0|   27|          20|          20|
    |add_ln58_6257_fu_173384_p2  |         +|   0|  0|   28|          21|          21|
    |add_ln58_6258_fu_173394_p2  |         +|   0|  0|   29|          22|          22|
    |add_ln58_6259_fu_174791_p2  |         +|   0|  0|   27|          20|          20|
    |add_ln58_6260_fu_175468_p2  |         +|   0|  0|   27|          20|          20|
    |add_ln58_6261_fu_175478_p2  |         +|   0|  0|   28|          21|          21|
    |add_ln58_6262_fu_176834_p2  |         +|   0|  0|   27|          20|          20|
    |add_ln58_6263_fu_176844_p2  |         +|   0|  0|   27|          20|          20|
    |add_ln58_6264_fu_176854_p2  |         +|   0|  0|   28|          21|          21|
    |add_ln58_6265_fu_176864_p2  |         +|   0|  0|   29|          22|          22|
    |add_ln58_6266_fu_176874_p2  |         +|   0|  0|   30|          23|          23|
    |add_ln58_6267_fu_177676_p2  |         +|   0|  0|   27|          20|          20|
    |add_ln58_6268_fu_179086_p2  |         +|   0|  0|   27|          20|          20|
    |add_ln58_6269_fu_179096_p2  |         +|   0|  0|   28|          21|          21|
    |add_ln58_6270_fu_181156_p2  |         +|   0|  0|   25|          18|          18|
    |add_ln58_6271_fu_181166_p2  |         +|   0|  0|   20|          20|          20|
    |add_ln58_6272_fu_181172_p2  |         +|   0|  0|   20|          20|          20|
    |add_ln58_6273_fu_181182_p2  |         +|   0|  0|   29|          22|          22|
    |add_ln58_6274_fu_182211_p2  |         +|   0|  0|   27|          20|          20|
    |add_ln58_6275_fu_183144_p2  |         +|   0|  0|   27|          20|          20|
    |add_ln58_6276_fu_183154_p2  |         +|   0|  0|   28|          21|          21|
    |add_ln58_6277_fu_183972_p2  |         +|   0|  0|   26|          19|          19|
    |add_ln58_6278_fu_185684_p2  |         +|   0|  0|   20|          20|           8|
    |add_ln58_6279_fu_185690_p2  |         +|   0|  0|   20|          20|          20|
    |add_ln58_6280_fu_185700_p2  |         +|   0|  0|   28|          21|          21|
    |add_ln58_6281_fu_185710_p2  |         +|   0|  0|   29|          22|          22|
    |add_ln58_6282_fu_185720_p2  |         +|   0|  0|   30|          23|          23|
    |add_ln58_6283_fu_185730_p2  |         +|   0|  0|   31|          24|          24|
    |add_ln58_6284_fu_185740_p2  |         +|   0|  0|   32|          25|          25|
    |add_ln58_6285_fu_154443_p2  |         +|   0|  0|   27|          20|          20|
    |add_ln58_6286_fu_155304_p2  |         +|   0|  0|   27|          20|          20|
    |add_ln58_6287_fu_155314_p2  |         +|   0|  0|   28|          21|          21|
    |add_ln58_6288_fu_157238_p2  |         +|   0|  0|   27|          20|          20|
    |add_ln58_6289_fu_157248_p2  |         +|   0|  0|   27|          20|          20|
    |add_ln58_6290_fu_157258_p2  |         +|   0|  0|   28|          21|          21|
    |add_ln58_6291_fu_157268_p2  |         +|   0|  0|   29|          22|          22|
    |add_ln58_6292_fu_158231_p2  |         +|   0|  0|   26|          19|          19|
    |add_ln58_6293_fu_159044_p2  |         +|   0|  0|   25|          18|          18|
    |add_ln58_6294_fu_159054_p2  |         +|   0|  0|   27|          20|          20|
    |add_ln58_6295_fu_159871_p2  |         +|   0|  0|   27|          20|          20|
    |add_ln58_6296_fu_161081_p2  |         +|   0|  0|   27|          20|          20|
    |add_ln58_6297_fu_161091_p2  |         +|   0|  0|   21|          21|          21|
    |add_ln58_6298_fu_161097_p2  |         +|   0|  0|   21|          21|          21|
    |add_ln58_6299_fu_161107_p2  |         +|   0|  0|   30|          23|          23|
    |add_ln58_6300_fu_162344_p2  |         +|   0|  0|   26|          19|          19|
    |add_ln58_6301_fu_163204_p2  |         +|   0|  0|   27|          20|          20|
    |add_ln58_6302_fu_163214_p2  |         +|   0|  0|   28|          21|          21|
    |add_ln58_6303_fu_163970_p2  |         +|   0|  0|   25|          18|          18|
    |add_ln58_6304_fu_165001_p2  |         +|   0|  0|   27|          20|          20|
    |add_ln58_6305_fu_165011_p2  |         +|   0|  0|   28|          21|          21|
    |add_ln58_6306_fu_165021_p2  |         +|   0|  0|   29|          22|          22|
    |add_ln58_6307_fu_166292_p2  |         +|   0|  0|   27|          20|          20|
    |add_ln58_6308_fu_167087_p2  |         +|   0|  0|   26|          19|          19|
    |add_ln58_6309_fu_167097_p2  |         +|   0|  0|   28|          21|          21|
    |add_ln58_6310_fu_167980_p2  |         +|   0|  0|   27|          20|          20|
    |add_ln58_6311_fu_169284_p2  |         +|   0|  0|   26|          19|          19|
    |add_ln58_6312_fu_169294_p2  |         +|   0|  0|   28|          21|          21|
    |add_ln58_6313_fu_169304_p2  |         +|   0|  0|   29|          22|          22|
    |add_ln58_6314_fu_169314_p2  |         +|   0|  0|   30|          23|          23|
    |add_ln58_6315_fu_169324_p2  |         +|   0|  0|   31|          24|          24|
    |add_ln58_6316_fu_170810_p2  |         +|   0|  0|   27|          20|          20|
    |add_ln58_6317_fu_171583_p2  |         +|   0|  0|   27|          20|          20|
    |add_ln58_6318_fu_171593_p2  |         +|   0|  0|   28|          21|          21|
    |add_ln58_6319_fu_172474_p2  |         +|   0|  0|   27|          20|          20|
    |add_ln58_6320_fu_173406_p2  |         +|   0|  0|   27|          20|          20|
    |add_ln58_6321_fu_173416_p2  |         +|   0|  0|   28|          21|          21|
    |add_ln58_6322_fu_173426_p2  |         +|   0|  0|   29|          22|          22|
    |add_ln58_6323_fu_174797_p2  |         +|   0|  0|   27|          20|          20|
    |add_ln58_6324_fu_175484_p2  |         +|   0|  0|   27|          20|          20|
    |add_ln58_6325_fu_176889_p2  |         +|   0|  0|   21|          21|          21|
    |add_ln58_6326_fu_176895_p2  |         +|   0|  0|   26|          19|          19|
    |add_ln58_6327_fu_176905_p2  |         +|   0|  0|   24|          17|          17|
    |add_ln58_6328_fu_176915_p2  |         +|   0|  0|   27|          20|          20|
    |add_ln58_6329_fu_176925_p2  |         +|   0|  0|   21|          21|          21|
    |add_ln58_6330_fu_176935_p2  |         +|   0|  0|   30|          23|          23|
    |add_ln58_6331_fu_177682_p2  |         +|   0|  0|   26|          19|          19|
    |add_ln58_6332_fu_179105_p2  |         +|   0|  0|   26|          19|          19|
    |add_ln58_6333_fu_179115_p2  |         +|   0|  0|   27|          20|          20|
    |add_ln58_6334_fu_181191_p2  |         +|   0|  0|   20|          20|          20|
    |add_ln58_6335_fu_181197_p2  |         +|   0|  0|   26|          19|          19|
    |add_ln58_6336_fu_181207_p2  |         +|   0|  0|   20|          20|          20|
    |add_ln58_6337_fu_181217_p2  |         +|   0|  0|   28|          21|          21|
    |add_ln58_6338_fu_182217_p2  |         +|   0|  0|   26|          19|          19|
    |add_ln58_6339_fu_183163_p2  |         +|   0|  0|   24|          17|          17|
    |add_ln58_6340_fu_183173_p2  |         +|   0|  0|   27|          20|          20|
    |add_ln58_6341_fu_183978_p2  |         +|   0|  0|   27|          20|          20|
    |add_ln58_6342_fu_185765_p2  |         +|   0|  0|   20|          20|          10|
    |add_ln58_6343_fu_185771_p2  |         +|   0|  0|   20|          20|          20|
    |add_ln58_6344_fu_185781_p2  |         +|   0|  0|   21|          21|          21|
    |add_ln58_6345_fu_185787_p2  |         +|   0|  0|   21|          21|          21|
    |add_ln58_6346_fu_185797_p2  |         +|   0|  0|   29|          22|          22|
    |add_ln58_6347_fu_185807_p2  |         +|   0|  0|   31|          24|          24|
    |add_ln58_6348_fu_185817_p2  |         +|   0|  0|   32|          25|          25|
    |add_ln58_6349_fu_154449_p2  |         +|   0|  0|   27|          20|          20|
    |add_ln58_6350_fu_155323_p2  |         +|   0|  0|   27|          20|          20|
    |add_ln58_6351_fu_155333_p2  |         +|   0|  0|   28|          21|          21|
    |add_ln58_6352_fu_155997_p2  |         +|   0|  0|   27|          20|          20|
    |add_ln58_6353_fu_157280_p2  |         +|   0|  0|   27|          20|          20|
    |add_ln58_6354_fu_157290_p2  |         +|   0|  0|   28|          21|          21|
    |add_ln58_6355_fu_157300_p2  |         +|   0|  0|   29|          22|          22|
    |add_ln58_6356_fu_158237_p2  |         +|   0|  0|   27|          20|          20|
    |add_ln58_6357_fu_159063_p2  |         +|   0|  0|   27|          20|          20|
    |add_ln58_6358_fu_159073_p2  |         +|   0|  0|   28|          21|          21|
    |add_ln58_6359_fu_159877_p2  |         +|   0|  0|   26|          19|          19|
    |add_ln58_6360_fu_161122_p2  |         +|   0|  0|   25|          18|          18|
    |add_ln58_6361_fu_161132_p2  |         +|   0|  0|   27|          20|          20|
    |add_ln58_6362_fu_161142_p2  |         +|   0|  0|   29|          22|          22|
    |add_ln58_6363_fu_161152_p2  |         +|   0|  0|   30|          23|          23|
    |add_ln58_6364_fu_162350_p2  |         +|   0|  0|   26|          19|          19|
    |add_ln58_6365_fu_163223_p2  |         +|   0|  0|   25|          18|          18|
    |add_ln58_6366_fu_163233_p2  |         +|   0|  0|   27|          20|          20|
    |add_ln58_6367_fu_163976_p2  |         +|   0|  0|   27|          20|          20|
    |add_ln58_6368_fu_165033_p2  |         +|   0|  0|   27|          20|          20|
    |add_ln58_6369_fu_165043_p2  |         +|   0|  0|   21|          21|          21|
    |add_ln58_6370_fu_165049_p2  |         +|   0|  0|   21|          21|          21|
    |add_ln58_6371_fu_166298_p2  |         +|   0|  0|   26|          19|          19|
    |add_ln58_6372_fu_167103_p2  |         +|   0|  0|   27|          20|          20|
    |add_ln58_6373_fu_169342_p2  |         +|   0|  0|   21|          21|          21|
    |add_ln58_6374_fu_167986_p2  |         +|   0|  0|   26|          19|          19|
    |add_ln58_6375_fu_169351_p2  |         +|   0|  0|   25|          18|          18|
    |add_ln58_6376_fu_169361_p2  |         +|   0|  0|   27|          20|          20|
    |add_ln58_6377_fu_169371_p2  |         +|   0|  0|   21|          21|          21|
    |add_ln58_6378_fu_169381_p2  |         +|   0|  0|   29|          22|          22|
    |add_ln58_6379_fu_169391_p2  |         +|   0|  0|   31|          24|          24|
    |add_ln58_6380_fu_170816_p2  |         +|   0|  0|   27|          20|          20|
    |add_ln58_6381_fu_171599_p2  |         +|   0|  0|   25|          18|          18|
    |add_ln58_6382_fu_173438_p2  |         +|   0|  0|   21|          21|          21|
    |add_ln58_6383_fu_173444_p2  |         +|   0|  0|   20|          20|          20|
    |add_ln58_6384_fu_173450_p2  |         +|   0|  0|   25|          18|          18|
    |add_ln58_6385_fu_173460_p2  |         +|   0|  0|   20|          20|          20|
    |add_ln58_6386_fu_173470_p2  |         +|   0|  0|   21|          21|          21|
    |add_ln58_6387_fu_174803_p2  |         +|   0|  0|   26|          19|          19|
    |add_ln58_6388_fu_175493_p2  |         +|   0|  0|   26|          19|          19|
    |add_ln58_6389_fu_175503_p2  |         +|   0|  0|   27|          20|          20|
    |add_ln58_6390_fu_175509_p2  |         +|   0|  0|   27|          20|          20|
    |add_ln58_6391_fu_176950_p2  |         +|   0|  0|   27|          20|          20|
    |add_ln58_6392_fu_176960_p2  |         +|   0|  0|   28|          21|          21|
    |add_ln58_6393_fu_176970_p2  |         +|   0|  0|   29|          22|          22|
    |add_ln58_6394_fu_176980_p2  |         +|   0|  0|   30|          23|          23|
    |add_ln58_6395_fu_179121_p2  |         +|   0|  0|   20|          20|          20|
    |add_ln58_6396_fu_179127_p2  |         +|   0|  0|   26|          19|          19|
    |add_ln58_6397_fu_179137_p2  |         +|   0|  0|   20|          20|          20|
    |add_ln58_6398_fu_179716_p2  |         +|   0|  0|   27|          20|          20|
    |add_ln58_6399_fu_181229_p2  |         +|   0|  0|   27|          20|          20|
    |add_ln58_6400_fu_181239_p2  |         +|   0|  0|   28|          21|          21|
    |add_ln58_6401_fu_181249_p2  |         +|   0|  0|   29|          22|          22|
    |add_ln58_6402_fu_182223_p2  |         +|   0|  0|   27|          20|          20|
    |add_ln58_6403_fu_183182_p2  |         +|   0|  0|   27|          20|          20|
    |add_ln58_6404_fu_183192_p2  |         +|   0|  0|   28|          21|          21|
    |add_ln58_6405_fu_183984_p2  |         +|   0|  0|   27|          20|          20|
    |add_ln58_6406_fu_185842_p2  |         +|   0|  0|   27|          20|           8|
    |add_ln58_6407_fu_185852_p2  |         +|   0|  0|   21|          21|          21|
    |add_ln58_6408_fu_185858_p2  |         +|   0|  0|   21|          21|          21|
    |add_ln58_6409_fu_185868_p2  |         +|   0|  0|   29|          22|          22|
    |add_ln58_6410_fu_185878_p2  |         +|   0|  0|   30|          23|          23|
    |add_ln58_6411_fu_185888_p2  |         +|   0|  0|   31|          24|          24|
    |add_ln58_6412_fu_185898_p2  |         +|   0|  0|   32|          25|          25|
    |add_ln58_6413_fu_154455_p2  |         +|   0|  0|   27|          20|          20|
    |add_ln58_6414_fu_155342_p2  |         +|   0|  0|   27|          20|          20|
    |add_ln58_6415_fu_155352_p2  |         +|   0|  0|   28|          21|          21|
    |add_ln58_6416_fu_156003_p2  |         +|   0|  0|   26|          19|          19|
    |add_ln58_6417_fu_157312_p2  |         +|   0|  0|   27|          20|          20|
    |add_ln58_6418_fu_157322_p2  |         +|   0|  0|   28|          21|          21|
    |add_ln58_6419_fu_157332_p2  |         +|   0|  0|   29|          22|          22|
    |add_ln58_6420_fu_158243_p2  |         +|   0|  0|   27|          20|          20|
    |add_ln58_6421_fu_159082_p2  |         +|   0|  0|   26|          19|          19|
    |add_ln58_6422_fu_159092_p2  |         +|   0|  0|   28|          21|          21|
    |add_ln58_6423_fu_159883_p2  |         +|   0|  0|   27|          20|          20|
    |add_ln58_6424_fu_161167_p2  |         +|   0|  0|   27|          20|          20|
    |add_ln58_6425_fu_161177_p2  |         +|   0|  0|   28|          21|          21|
    |add_ln58_6426_fu_161187_p2  |         +|   0|  0|   29|          22|          22|
    |add_ln58_6427_fu_161197_p2  |         +|   0|  0|   30|          23|          23|
    |add_ln58_6428_fu_162356_p2  |         +|   0|  0|   27|          20|          20|
    |add_ln58_6429_fu_163242_p2  |         +|   0|  0|   26|          19|          19|
    |add_ln58_6430_fu_163252_p2  |         +|   0|  0|   28|          21|          21|
    |add_ln58_6431_fu_163982_p2  |         +|   0|  0|   27|          20|          20|
    |add_ln58_6432_fu_165061_p2  |         +|   0|  0|   26|          19|          19|
    |add_ln58_6433_fu_165071_p2  |         +|   0|  0|   28|          21|          21|
    |add_ln58_6434_fu_165081_p2  |         +|   0|  0|   29|          22|          22|
    |add_ln58_6435_fu_166304_p2  |         +|   0|  0|   27|          20|          20|
    |add_ln58_6436_fu_167112_p2  |         +|   0|  0|   27|          20|          20|
    |add_ln58_6437_fu_167122_p2  |         +|   0|  0|   28|          21|          21|
    |add_ln58_6438_fu_167992_p2  |         +|   0|  0|   27|          20|          20|
    |add_ln58_6439_fu_169409_p2  |         +|   0|  0|   27|          20|          20|
    |add_ln58_6440_fu_169419_p2  |         +|   0|  0|   28|          21|          21|
    |add_ln58_6441_fu_169429_p2  |         +|   0|  0|   29|          22|          22|
    |add_ln58_6442_fu_169439_p2  |         +|   0|  0|   30|          23|          23|
    |add_ln58_6443_fu_169449_p2  |         +|   0|  0|   31|          24|          24|
    |add_ln58_6444_fu_170822_p2  |         +|   0|  0|   27|          20|          20|
    |add_ln58_6445_fu_171608_p2  |         +|   0|  0|   26|          19|          19|
    |add_ln58_6446_fu_171618_p2  |         +|   0|  0|   28|          21|          21|
    |add_ln58_6447_fu_172480_p2  |         +|   0|  0|   26|          19|          19|
    |add_ln58_6448_fu_173482_p2  |         +|   0|  0|   27|          20|          20|
    |add_ln58_6449_fu_173492_p2  |         +|   0|  0|   28|          21|          21|
    |add_ln58_6450_fu_173502_p2  |         +|   0|  0|   29|          22|          22|
    |add_ln58_6451_fu_174809_p2  |         +|   0|  0|   26|          19|          19|
    |add_ln58_6452_fu_174819_p2  |         +|   0|  0|   25|          18|          18|
    |add_ln58_6453_fu_174829_p2  |         +|   0|  0|   27|          20|          20|
    |add_ln58_6454_fu_176986_p2  |         +|   0|  0|   27|          20|          20|
    |add_ln58_6455_fu_177697_p2  |         +|   0|  0|   27|          20|          20|
    |add_ln58_6456_fu_177707_p2  |         +|   0|  0|   28|          21|          21|
    |add_ln58_6457_fu_177717_p2  |         +|   0|  0|   29|          22|          22|
    |add_ln58_6458_fu_177727_p2  |         +|   0|  0|   30|          23|          23|
    |add_ln58_6459_fu_177733_p2  |         +|   0|  0|   27|          20|          20|
    |add_ln58_6460_fu_179146_p2  |         +|   0|  0|   27|          20|          20|
    |add_ln58_6461_fu_179156_p2  |         +|   0|  0|   28|          21|          21|
    |add_ln58_6462_fu_181258_p2  |         +|   0|  0|   27|          20|          20|
    |add_ln58_6463_fu_181268_p2  |         +|   0|  0|   27|          20|          20|
    |add_ln58_6464_fu_181278_p2  |         +|   0|  0|   28|          21|          21|
    |add_ln58_6465_fu_181288_p2  |         +|   0|  0|   29|          22|          22|
    |add_ln58_6466_fu_182229_p2  |         +|   0|  0|   27|          20|          20|
    |add_ln58_6467_fu_183201_p2  |         +|   0|  0|   27|          20|          20|
    |add_ln58_6468_fu_183211_p2  |         +|   0|  0|   28|          21|          21|
    |add_ln58_6469_fu_183990_p2  |         +|   0|  0|   27|          20|          20|
    |add_ln58_6470_fu_185923_p2  |         +|   0|  0|   25|          18|           8|
    |add_ln58_6471_fu_185933_p2  |         +|   0|  0|   27|          20|          20|
    |add_ln58_6472_fu_185943_p2  |         +|   0|  0|   28|          21|          21|
    |add_ln58_6473_fu_185953_p2  |         +|   0|  0|   29|          22|          22|
    |add_ln58_6474_fu_185963_p2  |         +|   0|  0|   30|          23|          23|
    |add_ln58_6475_fu_185973_p2  |         +|   0|  0|   31|          24|          24|
    |add_ln58_6476_fu_185983_p2  |         +|   0|  0|   32|          25|          25|
    |add_ln58_6477_fu_154461_p2  |         +|   0|  0|   28|          21|          21|
    |add_ln58_6478_fu_155358_p2  |         +|   0|  0|   27|          20|          20|
    |add_ln58_6479_fu_157344_p2  |         +|   0|  0|   22|          22|          22|
    |add_ln58_6480_fu_157350_p2  |         +|   0|  0|   21|          21|          21|
    |add_ln58_6481_fu_157356_p2  |         +|   0|  0|   27|          20|          20|
    |add_ln58_6482_fu_157366_p2  |         +|   0|  0|   21|          21|          21|
    |add_ln58_6483_fu_157376_p2  |         +|   0|  0|   22|          22|          22|
    |add_ln58_6484_fu_158249_p2  |         +|   0|  0|   27|          20|          20|
    |add_ln58_6485_fu_159101_p2  |         +|   0|  0|   26|          19|          19|
    |add_ln58_6486_fu_159111_p2  |         +|   0|  0|   28|          21|          21|
    |add_ln58_6487_fu_159889_p2  |         +|   0|  0|   26|          19|          19|
    |add_ln58_6488_fu_161212_p2  |         +|   0|  0|   26|          19|          19|
    |add_ln58_6489_fu_161222_p2  |         +|   0|  0|   27|          20|          20|
    |add_ln58_6490_fu_161232_p2  |         +|   0|  0|   29|          22|          22|
    |add_ln58_6491_fu_161242_p2  |         +|   0|  0|   30|          23|          23|
    |add_ln58_6492_fu_162362_p2  |         +|   0|  0|   27|          20|          20|
    |add_ln58_6493_fu_163261_p2  |         +|   0|  0|   27|          20|          20|
    |add_ln58_6494_fu_163271_p2  |         +|   0|  0|   28|          21|          21|
    |add_ln58_6495_fu_163988_p2  |         +|   0|  0|   26|          19|          19|
    |add_ln58_6496_fu_165093_p2  |         +|   0|  0|   27|          20|          20|
    |add_ln58_6497_fu_165103_p2  |         +|   0|  0|   28|          21|          21|
    |add_ln58_6498_fu_165113_p2  |         +|   0|  0|   29|          22|          22|
    |add_ln58_6499_fu_166310_p2  |         +|   0|  0|   27|          20|          20|
    |add_ln58_6500_fu_167131_p2  |         +|   0|  0|   27|          20|          20|
    |add_ln58_6501_fu_167141_p2  |         +|   0|  0|   28|          21|          21|
    |add_ln58_6502_fu_167998_p2  |         +|   0|  0|   26|          19|          19|
    |add_ln58_6503_fu_169467_p2  |         +|   0|  0|   25|          18|          18|
    |add_ln58_6504_fu_169477_p2  |         +|   0|  0|   27|          20|          20|
    |add_ln58_6505_fu_169487_p2  |         +|   0|  0|   29|          22|          22|
    |add_ln58_6506_fu_169497_p2  |         +|   0|  0|   30|          23|          23|
    |add_ln58_6507_fu_169507_p2  |         +|   0|  0|   31|          24|          24|
    |add_ln58_6508_fu_170828_p2  |         +|   0|  0|   27|          20|          20|
    |add_ln58_6509_fu_171627_p2  |         +|   0|  0|   27|          20|          20|
    |add_ln58_6510_fu_171637_p2  |         +|   0|  0|   28|          21|          21|
    |add_ln58_6511_fu_172486_p2  |         +|   0|  0|   27|          20|          20|
    |add_ln58_6512_fu_173514_p2  |         +|   0|  0|   27|          20|          20|
    |add_ln58_6513_fu_173524_p2  |         +|   0|  0|   28|          21|          21|
    |add_ln58_6514_fu_173534_p2  |         +|   0|  0|   29|          22|          22|
    |add_ln58_6515_fu_174835_p2  |         +|   0|  0|   27|          20|          20|
    |add_ln58_6516_fu_175518_p2  |         +|   0|  0|   27|          20|          20|
    |add_ln58_6517_fu_175528_p2  |         +|   0|  0|   28|          21|          21|
    |add_ln58_6518_fu_176992_p2  |         +|   0|  0|   27|          20|          20|
    |add_ln58_6519_fu_177748_p2  |         +|   0|  0|   26|          19|          19|
    |add_ln58_6520_fu_177758_p2  |         +|   0|  0|   28|          21|          21|
    |add_ln58_6521_fu_177768_p2  |         +|   0|  0|   29|          22|          22|
    |add_ln58_6522_fu_177778_p2  |         +|   0|  0|   30|          23|          23|
    |add_ln58_6523_fu_179162_p2  |         +|   0|  0|   25|          18|          18|
    |add_ln58_6524_fu_179172_p2  |         +|   0|  0|   20|          20|          20|
    |add_ln58_6525_fu_179178_p2  |         +|   0|  0|   20|          20|          20|
    |add_ln58_6526_fu_179722_p2  |         +|   0|  0|   26|          19|          19|
    |add_ln58_6527_fu_181300_p2  |         +|   0|  0|   26|          19|          19|
    |add_ln58_6528_fu_181310_p2  |         +|   0|  0|   27|          20|          20|
    |add_ln58_6529_fu_181320_p2  |         +|   0|  0|   28|          21|          21|
    |add_ln58_6530_fu_182235_p2  |         +|   0|  0|   26|          19|          19|
    |add_ln58_6531_fu_183220_p2  |         +|   0|  0|   20|          20|          20|
    |add_ln58_6532_fu_183226_p2  |         +|   0|  0|   20|          20|          20|
    |add_ln58_6533_fu_183996_p2  |         +|   0|  0|   26|          19|          19|
    |add_ln58_6534_fu_186008_p2  |         +|   0|  0|   12|          12|          10|
    |add_ln58_6535_fu_186018_p2  |         +|   0|  0|   26|          19|          19|
    |add_ln58_6536_fu_186028_p2  |         +|   0|  0|   27|          20|          20|
    |add_ln58_6537_fu_186038_p2  |         +|   0|  0|   28|          21|          21|
    |add_ln58_6538_fu_186048_p2  |         +|   0|  0|   29|          22|          22|
    |add_ln58_6539_fu_186058_p2  |         +|   0|  0|   31|          24|          24|
    |add_ln58_6540_fu_186068_p2  |         +|   0|  0|   32|          25|          25|
    |add_ln58_6541_fu_154467_p2  |         +|   0|  0|   25|          18|          18|
    |add_ln58_6542_fu_155367_p2  |         +|   0|  0|   20|          20|          20|
    |add_ln58_6543_fu_155373_p2  |         +|   0|  0|   20|          20|          20|
    |add_ln58_6544_fu_156009_p2  |         +|   0|  0|   27|          20|          20|
    |add_ln58_6545_fu_157388_p2  |         +|   0|  0|   27|          20|          20|
    |add_ln58_6546_fu_157398_p2  |         +|   0|  0|   28|          21|          21|
    |add_ln58_6547_fu_157408_p2  |         +|   0|  0|   29|          22|          22|
    |add_ln58_6548_fu_158255_p2  |         +|   0|  0|   25|          18|          18|
    |add_ln58_6549_fu_159120_p2  |         +|   0|  0|   26|          19|          19|
    |add_ln58_6550_fu_159130_p2  |         +|   0|  0|   27|          20|          20|
    |add_ln58_6551_fu_159895_p2  |         +|   0|  0|   27|          20|          20|
    |add_ln58_6552_fu_161257_p2  |         +|   0|  0|   27|          20|          20|
    |add_ln58_6553_fu_161267_p2  |         +|   0|  0|   28|          21|          21|
    |add_ln58_6554_fu_161277_p2  |         +|   0|  0|   29|          22|          22|
    |add_ln58_6555_fu_161287_p2  |         +|   0|  0|   30|          23|          23|
    |add_ln58_6556_fu_162368_p2  |         +|   0|  0|   27|          20|          20|
    |add_ln58_6557_fu_163277_p2  |         +|   0|  0|   27|          20|          20|
    |add_ln58_6558_fu_165125_p2  |         +|   0|  0|   21|          21|          21|
    |add_ln58_6559_fu_163994_p2  |         +|   0|  0|   24|          17|          17|
    |add_ln58_6560_fu_165134_p2  |         +|   0|  0|   20|          20|          20|
    |add_ln58_6561_fu_165140_p2  |         +|   0|  0|   20|          20|          20|
    |add_ln58_6562_fu_165150_p2  |         +|   0|  0|   21|          21|          21|
    |add_ln58_6563_fu_166316_p2  |         +|   0|  0|   27|          20|          20|
    |add_ln58_6564_fu_167150_p2  |         +|   0|  0|   27|          20|          20|
    |add_ln58_6565_fu_167160_p2  |         +|   0|  0|   28|          21|          21|
    |add_ln58_6566_fu_168004_p2  |         +|   0|  0|   27|          20|          20|
    |add_ln58_6567_fu_169525_p2  |         +|   0|  0|   27|          20|          20|
    |add_ln58_6568_fu_169535_p2  |         +|   0|  0|   28|          21|          21|
    |add_ln58_6569_fu_169545_p2  |         +|   0|  0|   29|          22|          22|
    |add_ln58_6570_fu_169555_p2  |         +|   0|  0|   30|          23|          23|
    |add_ln58_6571_fu_169565_p2  |         +|   0|  0|   31|          24|          24|
    |add_ln58_6572_fu_170834_p2  |         +|   0|  0|   27|          20|          20|
    |add_ln58_6573_fu_171646_p2  |         +|   0|  0|   25|          18|          18|
    |add_ln58_6574_fu_171656_p2  |         +|   0|  0|   28|          21|          21|
    |add_ln58_6575_fu_173543_p2  |         +|   0|  0|   27|          20|          20|
    |add_ln58_6576_fu_173553_p2  |         +|   0|  0|   27|          20|          20|
    |add_ln58_6577_fu_173563_p2  |         +|   0|  0|   28|          21|          21|
    |add_ln58_6578_fu_173573_p2  |         +|   0|  0|   29|          22|          22|
    |add_ln58_6579_fu_174841_p2  |         +|   0|  0|   26|          19|          19|
    |add_ln58_6580_fu_174851_p2  |         +|   0|  0|   26|          19|          19|
    |add_ln58_6581_fu_174861_p2  |         +|   0|  0|   27|          20|          20|
    |add_ln58_6582_fu_176998_p2  |         +|   0|  0|   28|          21|          21|
    |add_ln58_6583_fu_177793_p2  |         +|   0|  0|   27|          20|          20|
    |add_ln58_6584_fu_177803_p2  |         +|   0|  0|   22|          22|          22|
    |add_ln58_6585_fu_177809_p2  |         +|   0|  0|   22|          22|          22|
    |add_ln58_6586_fu_177819_p2  |         +|   0|  0|   30|          23|          23|
    |add_ln58_6587_fu_179184_p2  |         +|   0|  0|   27|          20|          20|
    |add_ln58_6588_fu_179194_p2  |         +|   0|  0|   27|          20|          20|
    |add_ln58_6589_fu_179204_p2  |         +|   0|  0|   28|          21|          21|
    |add_ln58_6590_fu_179728_p2  |         +|   0|  0|   27|          20|          20|
    |add_ln58_6591_fu_181332_p2  |         +|   0|  0|   27|          20|          20|
    |add_ln58_6592_fu_181342_p2  |         +|   0|  0|   28|          21|          21|
    |add_ln58_6593_fu_181352_p2  |         +|   0|  0|   29|          22|          22|
    |add_ln58_6594_fu_182241_p2  |         +|   0|  0|   27|          20|          20|
    |add_ln58_6595_fu_183235_p2  |         +|   0|  0|   27|          20|          20|
    |add_ln58_6596_fu_183245_p2  |         +|   0|  0|   28|          21|          21|
    |add_ln58_6597_fu_184002_p2  |         +|   0|  0|   26|          19|          19|
    |add_ln58_6598_fu_186093_p2  |         +|   0|  0|   26|          19|           3|
    |add_ln58_6599_fu_186103_p2  |         +|   0|  0|   27|          20|          20|
    |add_ln58_6600_fu_186113_p2  |         +|   0|  0|   28|          21|          21|
    |add_ln58_6601_fu_186123_p2  |         +|   0|  0|   29|          22|          22|
    |add_ln58_6602_fu_186133_p2  |         +|   0|  0|   30|          23|          23|
    |add_ln58_6603_fu_186143_p2  |         +|   0|  0|   31|          24|          24|
    |add_ln58_6604_fu_186153_p2  |         +|   0|  0|   32|          25|          25|
    |add_ln58_6605_fu_154473_p2  |         +|   0|  0|   27|          20|          20|
    |add_ln58_6606_fu_155382_p2  |         +|   0|  0|   27|          20|          20|
    |add_ln58_6607_fu_155392_p2  |         +|   0|  0|   28|          21|          21|
    |add_ln58_6608_fu_157417_p2  |         +|   0|  0|   20|          20|          20|
    |add_ln58_6609_fu_157423_p2  |         +|   0|  0|   17|          14|          14|
    |add_ln58_6610_fu_157433_p2  |         +|   0|  0|   20|          20|          20|
    |add_ln58_6611_fu_157443_p2  |         +|   0|  0|   29|          22|          22|
    |add_ln58_6612_fu_158261_p2  |         +|   0|  0|   27|          20|          20|
    |add_ln58_6613_fu_159139_p2  |         +|   0|  0|   27|          20|          20|
    |add_ln58_6614_fu_159149_p2  |         +|   0|  0|   28|          21|          21|
    |add_ln58_6615_fu_159901_p2  |         +|   0|  0|   26|          19|          19|
    |add_ln58_6616_fu_161302_p2  |         +|   0|  0|   26|          19|          19|
    |add_ln58_6617_fu_161312_p2  |         +|   0|  0|   27|          20|          20|
    |add_ln58_6618_fu_161322_p2  |         +|   0|  0|   29|          22|          22|
    |add_ln58_6619_fu_161332_p2  |         +|   0|  0|   30|          23|          23|
    |add_ln58_6620_fu_162374_p2  |         +|   0|  0|   25|          18|          18|
    |add_ln58_6621_fu_163286_p2  |         +|   0|  0|   20|          20|          20|
    |add_ln58_6622_fu_163292_p2  |         +|   0|  0|   20|          20|          20|
    |add_ln58_6623_fu_164000_p2  |         +|   0|  0|   27|          20|          20|
    |add_ln58_6624_fu_165162_p2  |         +|   0|  0|   27|          20|          20|
    |add_ln58_6625_fu_165172_p2  |         +|   0|  0|   28|          21|          21|
    |add_ln58_6626_fu_165182_p2  |         +|   0|  0|   29|          22|          22|
    |add_ln58_6627_fu_166322_p2  |         +|   0|  0|   27|          20|          20|
    |add_ln58_6628_fu_167166_p2  |         +|   0|  0|   28|          21|          21|
    |add_ln58_6629_fu_169583_p2  |         +|   0|  0|   22|          22|          22|
    |add_ln58_6630_fu_168010_p2  |         +|   0|  0|   26|          19|          19|
    |add_ln58_6631_fu_169592_p2  |         +|   0|  0|   27|          20|          20|
    |add_ln58_6632_fu_169602_p2  |         +|   0|  0|   28|          21|          21|
    |add_ln58_6633_fu_169612_p2  |         +|   0|  0|   22|          22|          22|
    |add_ln58_6634_fu_169622_p2  |         +|   0|  0|   30|          23|          23|
    |add_ln58_6635_fu_169632_p2  |         +|   0|  0|   31|          24|          24|
    |add_ln58_6636_fu_170840_p2  |         +|   0|  0|   27|          20|          20|
    |add_ln58_6637_fu_171665_p2  |         +|   0|  0|   26|          19|          19|
    |add_ln58_6638_fu_171675_p2  |         +|   0|  0|   28|          21|          21|
    |add_ln58_6639_fu_172492_p2  |         +|   0|  0|   26|          19|          19|
    |add_ln58_6640_fu_173585_p2  |         +|   0|  0|   27|          20|          20|
    |add_ln58_6641_fu_173595_p2  |         +|   0|  0|   28|          21|          21|
    |add_ln58_6642_fu_173605_p2  |         +|   0|  0|   29|          22|          22|
    |add_ln58_6643_fu_174867_p2  |         +|   0|  0|   27|          20|          20|
    |add_ln58_6644_fu_175537_p2  |         +|   0|  0|   27|          20|          20|
    |add_ln58_6645_fu_175547_p2  |         +|   0|  0|   28|          21|          21|
    |add_ln58_6646_fu_177004_p2  |         +|   0|  0|   26|          19|          19|
    |add_ln58_6647_fu_177834_p2  |         +|   0|  0|   20|          20|          20|
    |add_ln58_6648_fu_177840_p2  |         +|   0|  0|   20|          20|          20|
    |add_ln58_6649_fu_177850_p2  |         +|   0|  0|   29|          22|          22|
    |add_ln58_6650_fu_177860_p2  |         +|   0|  0|   30|          23|          23|
    |add_ln58_6651_fu_179210_p2  |         +|   0|  0|   24|          17|          17|
    |add_ln58_6652_fu_179737_p2  |         +|   0|  0|   24|          17|          17|
    |add_ln58_6653_fu_179747_p2  |         +|   0|  0|   25|          18|          18|
    |add_ln58_6654_fu_179753_p2  |         +|   0|  0|   27|          20|          20|
    |add_ln58_6655_fu_181364_p2  |         +|   0|  0|   21|          21|          21|
    |add_ln58_6656_fu_181370_p2  |         +|   0|  0|   21|          21|          21|
    |add_ln58_6657_fu_181380_p2  |         +|   0|  0|   29|          22|          22|
    |add_ln58_6658_fu_182247_p2  |         +|   0|  0|   25|          18|          18|
    |add_ln58_6659_fu_183254_p2  |         +|   0|  0|   20|          20|          20|
    |add_ln58_6660_fu_183260_p2  |         +|   0|  0|   20|          20|          20|
    |add_ln58_6661_fu_184008_p2  |         +|   0|  0|   27|          20|          20|
    |add_ln58_6662_fu_186178_p2  |         +|   0|  0|   19|          19|          10|
    |add_ln58_6663_fu_186184_p2  |         +|   0|  0|   19|          19|          19|
    |add_ln58_6664_fu_186194_p2  |         +|   0|  0|   21|          21|          21|
    |add_ln58_6665_fu_186200_p2  |         +|   0|  0|   21|          21|          21|
    |add_ln58_6666_fu_186210_p2  |         +|   0|  0|   30|          23|          23|
    |add_ln58_6667_fu_186220_p2  |         +|   0|  0|   31|          24|          24|
    |add_ln58_6668_fu_186230_p2  |         +|   0|  0|   32|          25|          25|
    |add_ln58_6669_fu_154479_p2  |         +|   0|  0|   27|          20|          20|
    |add_ln58_6670_fu_155401_p2  |         +|   0|  0|   27|          20|          20|
    |add_ln58_6671_fu_155411_p2  |         +|   0|  0|   28|          21|          21|
    |add_ln58_6672_fu_156015_p2  |         +|   0|  0|   27|          20|          20|
    |add_ln58_6673_fu_157455_p2  |         +|   0|  0|   27|          20|          20|
    |add_ln58_6674_fu_157465_p2  |         +|   0|  0|   28|          21|          21|
    |add_ln58_6675_fu_157475_p2  |         +|   0|  0|   29|          22|          22|
    |add_ln58_6676_fu_158267_p2  |         +|   0|  0|   26|          19|          19|
    |add_ln58_6677_fu_159158_p2  |         +|   0|  0|   26|          19|          19|
    |add_ln58_6678_fu_159168_p2  |         +|   0|  0|   27|          20|          20|
    |add_ln58_6679_fu_159907_p2  |         +|   0|  0|   27|          20|          20|
    |add_ln58_6680_fu_161347_p2  |         +|   0|  0|   27|          20|          20|
    |add_ln58_6681_fu_161357_p2  |         +|   0|  0|   28|          21|          21|
    |add_ln58_6682_fu_161367_p2  |         +|   0|  0|   29|          22|          22|
    |add_ln58_6683_fu_161377_p2  |         +|   0|  0|   30|          23|          23|
    |add_ln58_6684_fu_162380_p2  |         +|   0|  0|   27|          20|          20|
    |add_ln58_6685_fu_163301_p2  |         +|   0|  0|   27|          20|          20|
    |add_ln58_6686_fu_163311_p2  |         +|   0|  0|   28|          21|          21|
    |add_ln58_6687_fu_164006_p2  |         +|   0|  0|   26|          19|          19|
    |add_ln58_6688_fu_165194_p2  |         +|   0|  0|   27|          20|          20|
    |add_ln58_6689_fu_165204_p2  |         +|   0|  0|   28|          21|          21|
    |add_ln58_6690_fu_165214_p2  |         +|   0|  0|   29|          22|          22|
    |add_ln58_6691_fu_166328_p2  |         +|   0|  0|   27|          20|          20|
    |add_ln58_6692_fu_166338_p2  |         +|   0|  0|   27|          20|          20|
    |add_ln58_6693_fu_166348_p2  |         +|   0|  0|   28|          21|          21|
    |add_ln58_6694_fu_168016_p2  |         +|   0|  0|   26|          19|          19|
    |add_ln58_6695_fu_169650_p2  |         +|   0|  0|   20|          20|          20|
    |add_ln58_6696_fu_169656_p2  |         +|   0|  0|   20|          20|          20|
    |add_ln58_6697_fu_169666_p2  |         +|   0|  0|   29|          22|          22|
    |add_ln58_6698_fu_169676_p2  |         +|   0|  0|   30|          23|          23|
    |add_ln58_6699_fu_169686_p2  |         +|   0|  0|   31|          24|          24|
    |add_ln58_6700_fu_171681_p2  |         +|   0|  0|   20|          20|          20|
    |add_ln58_6701_fu_171687_p2  |         +|   0|  0|   26|          19|          19|
    |add_ln58_6702_fu_171697_p2  |         +|   0|  0|   20|          20|          20|
    |add_ln58_6703_fu_172498_p2  |         +|   0|  0|   27|          20|          20|
    |add_ln58_6704_fu_173617_p2  |         +|   0|  0|   27|          20|          20|
    |add_ln58_6705_fu_173627_p2  |         +|   0|  0|   28|          21|          21|
    |add_ln58_6706_fu_173637_p2  |         +|   0|  0|   29|          22|          22|
    |add_ln58_6707_fu_174873_p2  |         +|   0|  0|   27|          20|          20|
    |add_ln58_6708_fu_175556_p2  |         +|   0|  0|   27|          20|          20|
    |add_ln58_6709_fu_175566_p2  |         +|   0|  0|   28|          21|          21|
    |add_ln58_6710_fu_177010_p2  |         +|   0|  0|   27|          20|          20|
    |add_ln58_6711_fu_177875_p2  |         +|   0|  0|   26|          19|          19|
    |add_ln58_6712_fu_177885_p2  |         +|   0|  0|   28|          21|          21|
    |add_ln58_6713_fu_177895_p2  |         +|   0|  0|   29|          22|          22|
    |add_ln58_6714_fu_177905_p2  |         +|   0|  0|   30|          23|          23|
    |add_ln58_6715_fu_179216_p2  |         +|   0|  0|   27|          20|          20|
    |add_ln58_6716_fu_179762_p2  |         +|   0|  0|   27|          20|          20|
    |add_ln58_6717_fu_179772_p2  |         +|   0|  0|   28|          21|          21|
    |add_ln58_6718_fu_179778_p2  |         +|   0|  0|   27|          20|          20|
    |add_ln58_6719_fu_181392_p2  |         +|   0|  0|   25|          18|          18|
    |add_ln58_6720_fu_181402_p2  |         +|   0|  0|   28|          21|          21|
    |add_ln58_6721_fu_181412_p2  |         +|   0|  0|   29|          22|          22|
    |add_ln58_6722_fu_182253_p2  |         +|   0|  0|   27|          20|          20|
    |add_ln58_6723_fu_183269_p2  |         +|   0|  0|   27|          20|          20|
    |add_ln58_6724_fu_183279_p2  |         +|   0|  0|   28|          21|          21|
    |add_ln58_6725_fu_184014_p2  |         +|   0|  0|   27|          20|          20|
    |add_ln58_6726_fu_186255_p2  |         +|   0|  0|   26|          19|          10|
    |add_ln58_6727_fu_186265_p2  |         +|   0|  0|   27|          20|          20|
    |add_ln58_6728_fu_186275_p2  |         +|   0|  0|   28|          21|          21|
    |add_ln58_6729_fu_186285_p2  |         +|   0|  0|   29|          22|          22|
    |add_ln58_6730_fu_186295_p2  |         +|   0|  0|   30|          23|          23|
    |add_ln58_6731_fu_186305_p2  |         +|   0|  0|   31|          24|          24|
    |add_ln58_6732_fu_186315_p2  |         +|   0|  0|   32|          25|          25|
    |add_ln58_6733_fu_154485_p2  |         +|   0|  0|   27|          20|          20|
    |add_ln58_6734_fu_155420_p2  |         +|   0|  0|   27|          20|          20|
    |add_ln58_6735_fu_155430_p2  |         +|   0|  0|   28|          21|          21|
    |add_ln58_6736_fu_156021_p2  |         +|   0|  0|   26|          19|          19|
    |add_ln58_6737_fu_157487_p2  |         +|   0|  0|   20|          20|          20|
    |add_ln58_6738_fu_157493_p2  |         +|   0|  0|   20|          20|          20|
    |add_ln58_6739_fu_157503_p2  |         +|   0|  0|   29|          22|          22|
    |add_ln58_6740_fu_159174_p2  |         +|   0|  0|   20|          20|          20|
    |add_ln58_6741_fu_159180_p2  |         +|   0|  0|   25|          18|          18|
    |add_ln58_6742_fu_159190_p2  |         +|   0|  0|   20|          20|          20|
    |add_ln58_6743_fu_159913_p2  |         +|   0|  0|   28|          21|          21|
    |add_ln58_6744_fu_161392_p2  |         +|   0|  0|   27|          20|          20|
    |add_ln58_6745_fu_161402_p2  |         +|   0|  0|   22|          22|          22|
    |add_ln58_6746_fu_161408_p2  |         +|   0|  0|   22|          22|          22|
    |add_ln58_6747_fu_161418_p2  |         +|   0|  0|   30|          23|          23|
    |add_ln58_6748_fu_162386_p2  |         +|   0|  0|   26|          19|          19|
    |add_ln58_6749_fu_163320_p2  |         +|   0|  0|   26|          19|          19|
    |add_ln58_6750_fu_163330_p2  |         +|   0|  0|   27|          20|          20|
    |add_ln58_6751_fu_164012_p2  |         +|   0|  0|   26|          19|          19|
    |add_ln58_6752_fu_165226_p2  |         +|   0|  0|   27|          20|          20|
    |add_ln58_6753_fu_165236_p2  |         +|   0|  0|   21|          21|          21|
    |add_ln58_6754_fu_165242_p2  |         +|   0|  0|   21|          21|          21|
    |add_ln58_6755_fu_166354_p2  |         +|   0|  0|   27|          20|          20|
    |add_ln58_6756_fu_167175_p2  |         +|   0|  0|   27|          20|          20|
    |add_ln58_6757_fu_167185_p2  |         +|   0|  0|   28|          21|          21|
    |add_ln58_6758_fu_168022_p2  |         +|   0|  0|   27|          20|          20|
    |add_ln58_6759_fu_169704_p2  |         +|   0|  0|   26|          19|          19|
    |add_ln58_6760_fu_169714_p2  |         +|   0|  0|   28|          21|          21|
    |add_ln58_6761_fu_169724_p2  |         +|   0|  0|   29|          22|          22|
    |add_ln58_6762_fu_169734_p2  |         +|   0|  0|   30|          23|          23|
    |add_ln58_6763_fu_169744_p2  |         +|   0|  0|   31|          24|          24|
    |add_ln58_6764_fu_170846_p2  |         +|   0|  0|   27|          20|          20|
    |add_ln58_6765_fu_171706_p2  |         +|   0|  0|   27|          20|          20|
    |add_ln58_6766_fu_171716_p2  |         +|   0|  0|   28|          21|          21|
    |add_ln58_6767_fu_172504_p2  |         +|   0|  0|   26|          19|          19|
    |add_ln58_6768_fu_173649_p2  |         +|   0|  0|   27|          20|          20|
    |add_ln58_6769_fu_173659_p2  |         +|   0|  0|   28|          21|          21|
    |add_ln58_6770_fu_173669_p2  |         +|   0|  0|   29|          22|          22|
    |add_ln58_6771_fu_174879_p2  |         +|   0|  0|   27|          20|          20|
    |add_ln58_6772_fu_175575_p2  |         +|   0|  0|   27|          20|          20|
    |add_ln58_6773_fu_175585_p2  |         +|   0|  0|   28|          21|          21|
    |add_ln58_6774_fu_177016_p2  |         +|   0|  0|   27|          20|          20|
    |add_ln58_6775_fu_177920_p2  |         +|   0|  0|   27|          20|          20|
    |add_ln58_6776_fu_177930_p2  |         +|   0|  0|   28|          21|          21|
    |add_ln58_6777_fu_177940_p2  |         +|   0|  0|   29|          22|          22|
    |add_ln58_6778_fu_177950_p2  |         +|   0|  0|   30|          23|          23|
    |add_ln58_6779_fu_179222_p2  |         +|   0|  0|   27|          20|          20|
    |add_ln58_6780_fu_179787_p2  |         +|   0|  0|   26|          19|          19|
    |add_ln58_6781_fu_179797_p2  |         +|   0|  0|   28|          21|          21|
    |add_ln58_6782_fu_179803_p2  |         +|   0|  0|   24|          17|          17|
    |add_ln58_6783_fu_181424_p2  |         +|   0|  0|   27|          20|          20|
    |add_ln58_6784_fu_181434_p2  |         +|   0|  0|   28|          21|          21|
    |add_ln58_6785_fu_181444_p2  |         +|   0|  0|   29|          22|          22|
    |add_ln58_6786_fu_182259_p2  |         +|   0|  0|   27|          20|          20|
    |add_ln58_6787_fu_183288_p2  |         +|   0|  0|   27|          20|          20|
    |add_ln58_6788_fu_183298_p2  |         +|   0|  0|   28|          21|          21|
    |add_ln58_6789_fu_184020_p2  |         +|   0|  0|   27|          20|          20|
    |add_ln58_6790_fu_186340_p2  |         +|   0|  0|   24|          17|           8|
    |add_ln58_6791_fu_186350_p2  |         +|   0|  0|   26|          19|          19|
    |add_ln58_6792_fu_186360_p2  |         +|   0|  0|   28|          21|          21|
    |add_ln58_6793_fu_186370_p2  |         +|   0|  0|   29|          22|          22|
    |add_ln58_6794_fu_186380_p2  |         +|   0|  0|   30|          23|          23|
    |add_ln58_6795_fu_186390_p2  |         +|   0|  0|   31|          24|          24|
    |add_ln58_6796_fu_186400_p2  |         +|   0|  0|   32|          25|          25|
    |add_ln58_6797_fu_154491_p2  |         +|   0|  0|   27|          20|          20|
    |add_ln58_6798_fu_155439_p2  |         +|   0|  0|   27|          20|          20|
    |add_ln58_6799_fu_155449_p2  |         +|   0|  0|   28|          21|          21|
    |add_ln58_6800_fu_156027_p2  |         +|   0|  0|   27|          20|          20|
    |add_ln58_6801_fu_157515_p2  |         +|   0|  0|   27|          20|          20|
    |add_ln58_6802_fu_157525_p2  |         +|   0|  0|   28|          21|          21|
    |add_ln58_6803_fu_157535_p2  |         +|   0|  0|   29|          22|          22|
    |add_ln58_6804_fu_158273_p2  |         +|   0|  0|   27|          20|          20|
    |add_ln58_6805_fu_159199_p2  |         +|   0|  0|   27|          20|          20|
    |add_ln58_6806_fu_159209_p2  |         +|   0|  0|   28|          21|          21|
    |add_ln58_6807_fu_159919_p2  |         +|   0|  0|   26|          19|          19|
    |add_ln58_6808_fu_161433_p2  |         +|   0|  0|   20|          20|          20|
    |add_ln58_6809_fu_161439_p2  |         +|   0|  0|   20|          20|          20|
    |add_ln58_6810_fu_161449_p2  |         +|   0|  0|   29|          22|          22|
    |add_ln58_6811_fu_161459_p2  |         +|   0|  0|   30|          23|          23|
    |add_ln58_6812_fu_162392_p2  |         +|   0|  0|   27|          20|          20|
    |add_ln58_6813_fu_163336_p2  |         +|   0|  0|   27|          20|          20|
    |add_ln58_6814_fu_165254_p2  |         +|   0|  0|   21|          21|          21|
    |add_ln58_6815_fu_165260_p2  |         +|   0|  0|   20|          20|          20|
    |add_ln58_6816_fu_165266_p2  |         +|   0|  0|   25|          18|          18|
    |add_ln58_6817_fu_165276_p2  |         +|   0|  0|   20|          20|          20|
    |add_ln58_6818_fu_165286_p2  |         +|   0|  0|   21|          21|          21|
    |add_ln58_6819_fu_166360_p2  |         +|   0|  0|   20|          20|          20|
    |add_ln58_6820_fu_166366_p2  |         +|   0|  0|   24|          17|          17|
    |add_ln58_6821_fu_166376_p2  |         +|   0|  0|   20|          20|          20|
    |add_ln58_6822_fu_168028_p2  |         +|   0|  0|   27|          20|          20|
    |add_ln58_6823_fu_169762_p2  |         +|   0|  0|   26|          19|          19|
    |add_ln58_6824_fu_169772_p2  |         +|   0|  0|   21|          21|          21|
    |add_ln58_6825_fu_169778_p2  |         +|   0|  0|   21|          21|          21|
    |add_ln58_6826_fu_169788_p2  |         +|   0|  0|   29|          22|          22|
    |add_ln58_6827_fu_169798_p2  |         +|   0|  0|   31|          24|          24|
    |add_ln58_6828_fu_170852_p2  |         +|   0|  0|   26|          19|          19|
    |add_ln58_6829_fu_171725_p2  |         +|   0|  0|   26|          19|          19|
    |add_ln58_6830_fu_171735_p2  |         +|   0|  0|   27|          20|          20|
    |add_ln58_6831_fu_172510_p2  |         +|   0|  0|   27|          20|          20|
    |add_ln58_6832_fu_173681_p2  |         +|   0|  0|   27|          20|          20|
    |add_ln58_6833_fu_173691_p2  |         +|   0|  0|   28|          21|          21|
    |add_ln58_6834_fu_173701_p2  |         +|   0|  0|   29|          22|          22|
    |add_ln58_6835_fu_174885_p2  |         +|   0|  0|   27|          20|          20|
    |add_ln58_6836_fu_175594_p2  |         +|   0|  0|   27|          20|          20|
    |add_ln58_6837_fu_175604_p2  |         +|   0|  0|   28|          21|          21|
    |add_ln58_6838_fu_177022_p2  |         +|   0|  0|   27|          20|          20|
    |add_ln58_6839_fu_177965_p2  |         +|   0|  0|   27|          20|          20|
    |add_ln58_6840_fu_177975_p2  |         +|   0|  0|   28|          21|          21|
    |add_ln58_6841_fu_177985_p2  |         +|   0|  0|   29|          22|          22|
    |add_ln58_6842_fu_177995_p2  |         +|   0|  0|   30|          23|          23|
    |add_ln58_6843_fu_179228_p2  |         +|   0|  0|   27|          20|          20|
    |add_ln58_6844_fu_179812_p2  |         +|   0|  0|   27|          20|          20|
    |add_ln58_6845_fu_179822_p2  |         +|   0|  0|   28|          21|          21|
    |add_ln58_6846_fu_181453_p2  |         +|   0|  0|   21|          21|          21|
    |add_ln58_6847_fu_181459_p2  |         +|   0|  0|   26|          19|          19|
    |add_ln58_6848_fu_181469_p2  |         +|   0|  0|   21|          21|          21|
    |add_ln58_6849_fu_181479_p2  |         +|   0|  0|   29|          22|          22|
    |add_ln58_6850_fu_182265_p2  |         +|   0|  0|   26|          19|          19|
    |add_ln58_6851_fu_183307_p2  |         +|   0|  0|   27|          20|          20|
    |add_ln58_6852_fu_183317_p2  |         +|   0|  0|   28|          21|          21|
    |add_ln58_6853_fu_184026_p2  |         +|   0|  0|   27|          20|          20|
    |add_ln58_6854_fu_186425_p2  |         +|   0|  0|   20|          20|          10|
    |add_ln58_6855_fu_186431_p2  |         +|   0|  0|   20|          20|          20|
    |add_ln58_6856_fu_186441_p2  |         +|   0|  0|   28|          21|          21|
    |add_ln58_6857_fu_186451_p2  |         +|   0|  0|   29|          22|          22|
    |add_ln58_6858_fu_186461_p2  |         +|   0|  0|   30|          23|          23|
    |add_ln58_6859_fu_186471_p2  |         +|   0|  0|   31|          24|          24|
    |add_ln58_6860_fu_186481_p2  |         +|   0|  0|   32|          25|          25|
    |add_ln58_6861_fu_154497_p2  |         +|   0|  0|   27|          20|          20|
    |add_ln58_6862_fu_155458_p2  |         +|   0|  0|   27|          20|          20|
    |add_ln58_6863_fu_155468_p2  |         +|   0|  0|   28|          21|          21|
    |add_ln58_6864_fu_156033_p2  |         +|   0|  0|   26|          19|          19|
    |add_ln58_6865_fu_157547_p2  |         +|   0|  0|   26|          19|          19|
    |add_ln58_6866_fu_157557_p2  |         +|   0|  0|   27|          20|          20|
    |add_ln58_6867_fu_157567_p2  |         +|   0|  0|   29|          22|          22|
    |add_ln58_6868_fu_158279_p2  |         +|   0|  0|   26|          19|          19|
    |add_ln58_6869_fu_159218_p2  |         +|   0|  0|   27|          20|          20|
    |add_ln58_6870_fu_159228_p2  |         +|   0|  0|   28|          21|          21|
    |add_ln58_6871_fu_159925_p2  |         +|   0|  0|   26|          19|          19|
    |add_ln58_6872_fu_161474_p2  |         +|   0|  0|   27|          20|          20|
    |add_ln58_6873_fu_161484_p2  |         +|   0|  0|   28|          21|          21|
    |add_ln58_6874_fu_161494_p2  |         +|   0|  0|   29|          22|          22|
    |add_ln58_6875_fu_161504_p2  |         +|   0|  0|   30|          23|          23|
    |add_ln58_6876_fu_162398_p2  |         +|   0|  0|   27|          20|          20|
    |add_ln58_6877_fu_163342_p2  |         +|   0|  0|   27|          20|          20|
    |add_ln58_6878_fu_165298_p2  |         +|   0|  0|   21|          21|          21|
    |add_ln58_6879_fu_164018_p2  |         +|   0|  0|   25|          18|          18|
    |add_ln58_6880_fu_165307_p2  |         +|   0|  0|   26|          19|          19|
    |add_ln58_6881_fu_165317_p2  |         +|   0|  0|   27|          20|          20|
    |add_ln58_6882_fu_165327_p2  |         +|   0|  0|   21|          21|          21|
    |add_ln58_6883_fu_166382_p2  |         +|   0|  0|   27|          20|          20|
    |add_ln58_6884_fu_167194_p2  |         +|   0|  0|   27|          20|          20|
    |add_ln58_6885_fu_167204_p2  |         +|   0|  0|   28|          21|          21|
    |add_ln58_6886_fu_168034_p2  |         +|   0|  0|   26|          19|          19|
    |add_ln58_6887_fu_169816_p2  |         +|   0|  0|   21|          21|          21|
    |add_ln58_6888_fu_169822_p2  |         +|   0|  0|   21|          21|          21|
    |add_ln58_6889_fu_169832_p2  |         +|   0|  0|   29|          22|          22|
    |add_ln58_6890_fu_169842_p2  |         +|   0|  0|   30|          23|          23|
    |add_ln58_6891_fu_169852_p2  |         +|   0|  0|   31|          24|          24|
    |add_ln58_6892_fu_170858_p2  |         +|   0|  0|   27|          20|          20|
    |add_ln58_6893_fu_171744_p2  |         +|   0|  0|   27|          20|          20|
    |add_ln58_6894_fu_171754_p2  |         +|   0|  0|   28|          21|          21|
    |add_ln58_6895_fu_172516_p2  |         +|   0|  0|   26|          19|          19|
    |add_ln58_6896_fu_173713_p2  |         +|   0|  0|   27|          20|          20|
    |add_ln58_6897_fu_173723_p2  |         +|   0|  0|   28|          21|          21|
    |add_ln58_6898_fu_173733_p2  |         +|   0|  0|   29|          22|          22|
    |add_ln58_6899_fu_174891_p2  |         +|   0|  0|   27|          20|          20|
    |add_ln58_6900_fu_175613_p2  |         +|   0|  0|   26|          19|          19|
    |add_ln58_6901_fu_175623_p2  |         +|   0|  0|   28|          21|          21|
    |add_ln58_6902_fu_177028_p2  |         +|   0|  0|   27|          20|          20|
    |add_ln58_6903_fu_178010_p2  |         +|   0|  0|   27|          20|          20|
    |add_ln58_6904_fu_178020_p2  |         +|   0|  0|   28|          21|          21|
    |add_ln58_6905_fu_178030_p2  |         +|   0|  0|   29|          22|          22|
    |add_ln58_6906_fu_178040_p2  |         +|   0|  0|   30|          23|          23|
    |add_ln58_6907_fu_179234_p2  |         +|   0|  0|   27|          20|          20|
    |add_ln58_6908_fu_179831_p2  |         +|   0|  0|   27|          20|          20|
    |add_ln58_6909_fu_179841_p2  |         +|   0|  0|   28|          21|          21|
    |add_ln58_6910_fu_181488_p2  |         +|   0|  0|   27|          20|          20|
    |add_ln58_6911_fu_181498_p2  |         +|   0|  0|   26|          19|          19|
    |add_ln58_6912_fu_181508_p2  |         +|   0|  0|   28|          21|          21|
    |add_ln58_6913_fu_181518_p2  |         +|   0|  0|   29|          22|          22|
    |add_ln58_6914_fu_182271_p2  |         +|   0|  0|   26|          19|          19|
    |add_ln58_6915_fu_183326_p2  |         +|   0|  0|   27|          20|          20|
    |add_ln58_6916_fu_183336_p2  |         +|   0|  0|   28|          21|          21|
    |add_ln58_6917_fu_184032_p2  |         +|   0|  0|   24|          17|          17|
    |add_ln58_6918_fu_186506_p2  |         +|   0|  0|   27|          20|           9|
    |add_ln58_6919_fu_186512_p2  |         +|   0|  0|   20|          20|          20|
    |add_ln58_6920_fu_186518_p2  |         +|   0|  0|   20|          20|          20|
    |add_ln58_6921_fu_186528_p2  |         +|   0|  0|   29|          22|          22|
    |add_ln58_6922_fu_186538_p2  |         +|   0|  0|   30|          23|          23|
    |add_ln58_6923_fu_186548_p2  |         +|   0|  0|   31|          24|          24|
    |add_ln58_6924_fu_186558_p2  |         +|   0|  0|   32|          25|          25|
    |add_ln58_6925_fu_154503_p2  |         +|   0|  0|   27|          20|          20|
    |add_ln58_6926_fu_155477_p2  |         +|   0|  0|   27|          20|          20|
    |add_ln58_6927_fu_155487_p2  |         +|   0|  0|   28|          21|          21|
    |add_ln58_6928_fu_157576_p2  |         +|   0|  0|   20|          20|          20|
    |add_ln58_6929_fu_157582_p2  |         +|   0|  0|   25|          18|          18|
    |add_ln58_6930_fu_157592_p2  |         +|   0|  0|   20|          20|          20|
    |add_ln58_6931_fu_157602_p2  |         +|   0|  0|   29|          22|          22|
    |add_ln58_6932_fu_158285_p2  |         +|   0|  0|   27|          20|          20|
    |add_ln58_6933_fu_159237_p2  |         +|   0|  0|   26|          19|          19|
    |add_ln58_6934_fu_159247_p2  |         +|   0|  0|   28|          21|          21|
    |add_ln58_6935_fu_159931_p2  |         +|   0|  0|   27|          20|          20|
    |add_ln58_6936_fu_161519_p2  |         +|   0|  0|   27|          20|          20|
    |add_ln58_6937_fu_161529_p2  |         +|   0|  0|   28|          21|          21|
    |add_ln58_6938_fu_161539_p2  |         +|   0|  0|   29|          22|          22|
    |add_ln58_6939_fu_161549_p2  |         +|   0|  0|   30|          23|          23|
    |add_ln58_6940_fu_162404_p2  |         +|   0|  0|   27|          20|          20|
    |add_ln58_6941_fu_163348_p2  |         +|   0|  0|   28|          21|          21|
    |add_ln58_6942_fu_165339_p2  |         +|   0|  0|   22|          22|          22|
    |add_ln58_6943_fu_164024_p2  |         +|   0|  0|   27|          20|          20|
    |add_ln58_6944_fu_165348_p2  |         +|   0|  0|   26|          19|          19|
    |add_ln58_6945_fu_165358_p2  |         +|   0|  0|   28|          21|          21|
    |add_ln58_6946_fu_165368_p2  |         +|   0|  0|   22|          22|          22|
    |add_ln58_6947_fu_166388_p2  |         +|   0|  0|   27|          20|          20|
    |add_ln58_6948_fu_167213_p2  |         +|   0|  0|   27|          20|          20|
    |add_ln58_6949_fu_167223_p2  |         +|   0|  0|   28|          21|          21|
    |add_ln58_6950_fu_168040_p2  |         +|   0|  0|   27|          20|          20|
    |add_ln58_6951_fu_169870_p2  |         +|   0|  0|   27|          20|          20|
    |add_ln58_6952_fu_169880_p2  |         +|   0|  0|   28|          21|          21|
    |add_ln58_6953_fu_169890_p2  |         +|   0|  0|   29|          22|          22|
    |add_ln58_6954_fu_169900_p2  |         +|   0|  0|   30|          23|          23|
    |add_ln58_6955_fu_169910_p2  |         +|   0|  0|   31|          24|          24|
    |add_ln58_6956_fu_170864_p2  |         +|   0|  0|   27|          20|          20|
    |add_ln58_6957_fu_171760_p2  |         +|   0|  0|   28|          21|          21|
    |add_ln58_6958_fu_173745_p2  |         +|   0|  0|   22|          22|          22|
    |add_ln58_6959_fu_172522_p2  |         +|   0|  0|   27|          20|          20|
    |add_ln58_6960_fu_173754_p2  |         +|   0|  0|   27|          20|          20|
    |add_ln58_6961_fu_173764_p2  |         +|   0|  0|   28|          21|          21|
    |add_ln58_6962_fu_173774_p2  |         +|   0|  0|   22|          22|          22|
    |add_ln58_6963_fu_174897_p2  |         +|   0|  0|   27|          20|          20|
    |add_ln58_6964_fu_175632_p2  |         +|   0|  0|   26|          19|          19|
    |add_ln58_6965_fu_175642_p2  |         +|   0|  0|   28|          21|          21|
    |add_ln58_6966_fu_177034_p2  |         +|   0|  0|   27|          20|          20|
    |add_ln58_6967_fu_178055_p2  |         +|   0|  0|   28|          21|          21|
    |add_ln58_6968_fu_178065_p2  |         +|   0|  0|   22|          22|          22|
    |add_ln58_6969_fu_178071_p2  |         +|   0|  0|   22|          22|          22|
    |add_ln58_6970_fu_178081_p2  |         +|   0|  0|   30|          23|          23|
    |add_ln58_6971_fu_179240_p2  |         +|   0|  0|   27|          20|          20|
    |add_ln58_6972_fu_179850_p2  |         +|   0|  0|   27|          20|          20|
    |add_ln58_6973_fu_179860_p2  |         +|   0|  0|   28|          21|          21|
    |add_ln58_6974_fu_181527_p2  |         +|   0|  0|   27|          20|          20|
    |add_ln58_6975_fu_181537_p2  |         +|   0|  0|   27|          20|          20|
    |add_ln58_6976_fu_181547_p2  |         +|   0|  0|   28|          21|          21|
    |add_ln58_6977_fu_181557_p2  |         +|   0|  0|   29|          22|          22|
    |add_ln58_6978_fu_182277_p2  |         +|   0|  0|   27|          20|          20|
    |add_ln58_6979_fu_183345_p2  |         +|   0|  0|   27|          20|          20|
    |add_ln58_6980_fu_183355_p2  |         +|   0|  0|   28|          21|          21|
    |add_ln58_6981_fu_186580_p2  |         +|   0|  0|   21|          21|          21|
    |add_ln58_6982_fu_186586_p2  |         +|   0|  0|   20|          20|           9|
    |add_ln58_6983_fu_186592_p2  |         +|   0|  0|   20|          20|          20|
    |add_ln58_6984_fu_186602_p2  |         +|   0|  0|   21|          21|          21|
    |add_ln58_6985_fu_186612_p2  |         +|   0|  0|   29|          22|          22|
    |add_ln58_6986_fu_186622_p2  |         +|   0|  0|   30|          23|          23|
    |add_ln58_6987_fu_186632_p2  |         +|   0|  0|   31|          24|          24|
    |add_ln58_6988_fu_186642_p2  |         +|   0|  0|   32|          25|          25|
    |add_ln58_6989_fu_154509_p2  |         +|   0|  0|   27|          20|          20|
    |add_ln58_6990_fu_155496_p2  |         +|   0|  0|   27|          20|          20|
    |add_ln58_6991_fu_155506_p2  |         +|   0|  0|   28|          21|          21|
    |add_ln58_6992_fu_156039_p2  |         +|   0|  0|   26|          19|          19|
    |add_ln58_6993_fu_157614_p2  |         +|   0|  0|   27|          20|          20|
    |add_ln58_6994_fu_157624_p2  |         +|   0|  0|   28|          21|          21|
    |add_ln58_6995_fu_157634_p2  |         +|   0|  0|   29|          22|          22|
    |add_ln58_6996_fu_158291_p2  |         +|   0|  0|   26|          19|          19|
    |add_ln58_6997_fu_159256_p2  |         +|   0|  0|   26|          19|          19|
    |add_ln58_6998_fu_159266_p2  |         +|   0|  0|   27|          20|          20|
    |add_ln58_6999_fu_159937_p2  |         +|   0|  0|   27|          20|          20|
    |add_ln58_7000_fu_161564_p2  |         +|   0|  0|   27|          20|          20|
    |add_ln58_7001_fu_161574_p2  |         +|   0|  0|   28|          21|          21|
    |add_ln58_7002_fu_161584_p2  |         +|   0|  0|   29|          22|          22|
    |add_ln58_7003_fu_161594_p2  |         +|   0|  0|   30|          23|          23|
    |add_ln58_7004_fu_163354_p2  |         +|   0|  0|   20|          20|          20|
    |add_ln58_7005_fu_163360_p2  |         +|   0|  0|   26|          19|          19|
    |add_ln58_7006_fu_163370_p2  |         +|   0|  0|   20|          20|          20|
    |add_ln58_7007_fu_165377_p2  |         +|   0|  0|   20|          20|          20|
    |add_ln58_7008_fu_165383_p2  |         +|   0|  0|   26|          19|          19|
    |add_ln58_7009_fu_165393_p2  |         +|   0|  0|   20|          20|          20|
    |add_ln58_7010_fu_165403_p2  |         +|   0|  0|   28|          21|          21|
    |add_ln58_7011_fu_166394_p2  |         +|   0|  0|   26|          19|          19|
    |add_ln58_7012_fu_167232_p2  |         +|   0|  0|   21|          21|          21|
    |add_ln58_7013_fu_167238_p2  |         +|   0|  0|   21|          21|          21|
    |add_ln58_7014_fu_168046_p2  |         +|   0|  0|   27|          20|          20|
    |add_ln58_7015_fu_169928_p2  |         +|   0|  0|   27|          20|          20|
    |add_ln58_7016_fu_169938_p2  |         +|   0|  0|   28|          21|          21|
    |add_ln58_7017_fu_169948_p2  |         +|   0|  0|   29|          22|          22|
    |add_ln58_7018_fu_169958_p2  |         +|   0|  0|   30|          23|          23|
    |add_ln58_7019_fu_169968_p2  |         +|   0|  0|   31|          24|          24|
    |add_ln58_7020_fu_170870_p2  |         +|   0|  0|   27|          20|          20|
    |add_ln58_7021_fu_171769_p2  |         +|   0|  0|   27|          20|          20|
    |add_ln58_7022_fu_171779_p2  |         +|   0|  0|   28|          21|          21|
    |add_ln58_7023_fu_172528_p2  |         +|   0|  0|   27|          20|          20|
    |add_ln58_7024_fu_173786_p2  |         +|   0|  0|   26|          19|          19|
    |add_ln58_7025_fu_173796_p2  |         +|   0|  0|   28|          21|          21|
    |add_ln58_7026_fu_173806_p2  |         +|   0|  0|   29|          22|          22|
    |add_ln58_7027_fu_174903_p2  |         +|   0|  0|   27|          20|          20|
    |add_ln58_7028_fu_175651_p2  |         +|   0|  0|   27|          20|          20|
    |add_ln58_7029_fu_175661_p2  |         +|   0|  0|   28|          21|          21|
    |add_ln58_7030_fu_177040_p2  |         +|   0|  0|   27|          20|          20|
    |add_ln58_7031_fu_178096_p2  |         +|   0|  0|   27|          20|          20|
    |add_ln58_7032_fu_178106_p2  |         +|   0|  0|   28|          21|          21|
    |add_ln58_7033_fu_178116_p2  |         +|   0|  0|   29|          22|          22|
    |add_ln58_7034_fu_178126_p2  |         +|   0|  0|   30|          23|          23|
    |add_ln58_7035_fu_179246_p2  |         +|   0|  0|   26|          19|          19|
    |add_ln58_7036_fu_179869_p2  |         +|   0|  0|   20|          20|          20|
    |add_ln58_7037_fu_179875_p2  |         +|   0|  0|   20|          20|          20|
    |add_ln58_7038_fu_181566_p2  |         +|   0|  0|   27|          20|          20|
    |add_ln58_7039_fu_181576_p2  |         +|   0|  0|   24|          17|          17|
    |add_ln58_7040_fu_181586_p2  |         +|   0|  0|   28|          21|          21|
    |add_ln58_7041_fu_181596_p2  |         +|   0|  0|   29|          22|          22|
    |add_ln58_7042_fu_182283_p2  |         +|   0|  0|   27|          20|          20|
    |add_ln58_7043_fu_183364_p2  |         +|   0|  0|   27|          20|          20|
    |add_ln58_7044_fu_183374_p2  |         +|   0|  0|   28|          21|          21|
    |add_ln58_7045_fu_184038_p2  |         +|   0|  0|   27|          20|          20|
    |add_ln58_7046_fu_186667_p2  |         +|   0|  0|   24|          17|           8|
    |add_ln58_7047_fu_186677_p2  |         +|   0|  0|   27|          20|          20|
    |add_ln58_7048_fu_186687_p2  |         +|   0|  0|   28|          21|          21|
    |add_ln58_7049_fu_186697_p2  |         +|   0|  0|   29|          22|          22|
    |add_ln58_7050_fu_186707_p2  |         +|   0|  0|   30|          23|          23|
    |add_ln58_7051_fu_186717_p2  |         +|   0|  0|   31|          24|          24|
    |add_ln58_7052_fu_186727_p2  |         +|   0|  0|   32|          25|          25|
    |add_ln58_7053_fu_154515_p2  |         +|   0|  0|   27|          20|          20|
    |add_ln58_7054_fu_155515_p2  |         +|   0|  0|   27|          20|          20|
    |add_ln58_7055_fu_155525_p2  |         +|   0|  0|   28|          21|          21|
    |add_ln58_7056_fu_156045_p2  |         +|   0|  0|   27|          20|          20|
    |add_ln58_7057_fu_157646_p2  |         +|   0|  0|   26|          19|          19|
    |add_ln58_7058_fu_157656_p2  |         +|   0|  0|   28|          21|          21|
    |add_ln58_7059_fu_157666_p2  |         +|   0|  0|   29|          22|          22|
    |add_ln58_7060_fu_158297_p2  |         +|   0|  0|   27|          20|          20|
    |add_ln58_7061_fu_159275_p2  |         +|   0|  0|   26|          19|          19|
    |add_ln58_7062_fu_159285_p2  |         +|   0|  0|   28|          21|          21|
    |add_ln58_7063_fu_159943_p2  |         +|   0|  0|   27|          20|          20|
    |add_ln58_7064_fu_161609_p2  |         +|   0|  0|   26|          19|          19|
    |add_ln58_7065_fu_161619_p2  |         +|   0|  0|   28|          21|          21|
    |add_ln58_7066_fu_161629_p2  |         +|   0|  0|   29|          22|          22|
    |add_ln58_7067_fu_161639_p2  |         +|   0|  0|   30|          23|          23|
    |add_ln58_7068_fu_162410_p2  |         +|   0|  0|   26|          19|          19|
    |add_ln58_7069_fu_163379_p2  |         +|   0|  0|   20|          20|          20|
    |add_ln58_7070_fu_163385_p2  |         +|   0|  0|   20|          20|          20|
    |add_ln58_7071_fu_165412_p2  |         +|   0|  0|   20|          20|          20|
    |add_ln58_7072_fu_165418_p2  |         +|   0|  0|   25|          18|          18|
    |add_ln58_7073_fu_165428_p2  |         +|   0|  0|   20|          20|          20|
    |add_ln58_7074_fu_165438_p2  |         +|   0|  0|   28|          21|          21|
    |add_ln58_7075_fu_166400_p2  |         +|   0|  0|   26|          19|          19|
    |add_ln58_7076_fu_167247_p2  |         +|   0|  0|   27|          20|          20|
    |add_ln58_7077_fu_167257_p2  |         +|   0|  0|   28|          21|          21|
    |add_ln58_7078_fu_168052_p2  |         +|   0|  0|   27|          20|          20|
    |add_ln58_7079_fu_169986_p2  |         +|   0|  0|   27|          20|          20|
    |add_ln58_7080_fu_169996_p2  |         +|   0|  0|   28|          21|          21|
    |add_ln58_7081_fu_170006_p2  |         +|   0|  0|   29|          22|          22|
    |add_ln58_7082_fu_170016_p2  |         +|   0|  0|   30|          23|          23|
    |add_ln58_7083_fu_170026_p2  |         +|   0|  0|   31|          24|          24|
    |add_ln58_7084_fu_170876_p2  |         +|   0|  0|   25|          18|          18|
    |add_ln58_7085_fu_171788_p2  |         +|   0|  0|   20|          20|          20|
    |add_ln58_7086_fu_171794_p2  |         +|   0|  0|   20|          20|          20|
    |add_ln58_7087_fu_173815_p2  |         +|   0|  0|   20|          20|          20|
    |add_ln58_7088_fu_173821_p2  |         +|   0|  0|   25|          18|          18|
    |add_ln58_7089_fu_173831_p2  |         +|   0|  0|   20|          20|          20|
    |add_ln58_7090_fu_173841_p2  |         +|   0|  0|   28|          21|          21|
    |add_ln58_7091_fu_174909_p2  |         +|   0|  0|   27|          20|          20|
    |add_ln58_7092_fu_175670_p2  |         +|   0|  0|   25|          18|          18|
    |add_ln58_7093_fu_175680_p2  |         +|   0|  0|   28|          21|          21|
    |add_ln58_7094_fu_177046_p2  |         +|   0|  0|   27|          20|          20|
    |add_ln58_7095_fu_178141_p2  |         +|   0|  0|   27|          20|          20|
    |add_ln58_7096_fu_178151_p2  |         +|   0|  0|   28|          21|          21|
    |add_ln58_7097_fu_178161_p2  |         +|   0|  0|   29|          22|          22|
    |add_ln58_7098_fu_178171_p2  |         +|   0|  0|   30|          23|          23|
    |add_ln58_7099_fu_179252_p2  |         +|   0|  0|   27|          20|          20|
    |add_ln58_7100_fu_179884_p2  |         +|   0|  0|   27|          20|          20|
    |add_ln58_7101_fu_179894_p2  |         +|   0|  0|   28|          21|          21|
    |add_ln58_7102_fu_181605_p2  |         +|   0|  0|   27|          20|          20|
    |add_ln58_7103_fu_181615_p2  |         +|   0|  0|   27|          20|          20|
    |add_ln58_7104_fu_181625_p2  |         +|   0|  0|   28|          21|          21|
    |add_ln58_7105_fu_181635_p2  |         +|   0|  0|   29|          22|          22|
    |add_ln58_7106_fu_182289_p2  |         +|   0|  0|   27|          20|          20|
    |add_ln58_7107_fu_183380_p2  |         +|   0|  0|   26|          19|          19|
    |add_ln58_7108_fu_186752_p2  |         +|   0|  0|   21|          21|          21|
    |add_ln58_7109_fu_186758_p2  |         +|   0|  0|   20|          20|          20|
    |add_ln58_7110_fu_186764_p2  |         +|   0|  0|   24|          17|           8|
    |add_ln58_7111_fu_186774_p2  |         +|   0|  0|   25|          18|          18|
    |add_ln58_7112_fu_186784_p2  |         +|   0|  0|   20|          20|          20|
    |add_ln58_7113_fu_186794_p2  |         +|   0|  0|   21|          21|          21|
    |add_ln58_7114_fu_186804_p2  |         +|   0|  0|   30|          23|          23|
    |add_ln58_7115_fu_186814_p2  |         +|   0|  0|   31|          24|          24|
    |add_ln58_7116_fu_186824_p2  |         +|   0|  0|   32|          25|          25|
    |add_ln58_7117_fu_155531_p2  |         +|   0|  0|   20|          20|          20|
    |add_ln58_7118_fu_155537_p2  |         +|   0|  0|   25|          18|          18|
    |add_ln58_7119_fu_155547_p2  |         +|   0|  0|   20|          20|          20|
    |add_ln58_7120_fu_156051_p2  |         +|   0|  0|   27|          20|          20|
    |add_ln58_7121_fu_157678_p2  |         +|   0|  0|   27|          20|          20|
    |add_ln58_7122_fu_157688_p2  |         +|   0|  0|   28|          21|          21|
    |add_ln58_7123_fu_157698_p2  |         +|   0|  0|   29|          22|          22|
    |add_ln58_7124_fu_158303_p2  |         +|   0|  0|   27|          20|          20|
    |add_ln58_7125_fu_159294_p2  |         +|   0|  0|   27|          20|          20|
    |add_ln58_7126_fu_159304_p2  |         +|   0|  0|   28|          21|          21|
    |add_ln58_7127_fu_159949_p2  |         +|   0|  0|   27|          20|          20|
    |add_ln58_7128_fu_161654_p2  |         +|   0|  0|   27|          20|          20|
    |add_ln58_7129_fu_161664_p2  |         +|   0|  0|   28|          21|          21|
    |add_ln58_7130_fu_161674_p2  |         +|   0|  0|   29|          22|          22|
    |add_ln58_7131_fu_161684_p2  |         +|   0|  0|   30|          23|          23|
    |add_ln58_7132_fu_162416_p2  |         +|   0|  0|   27|          20|          20|
    |add_ln58_7133_fu_163394_p2  |         +|   0|  0|   27|          20|          20|
    |add_ln58_7134_fu_163404_p2  |         +|   0|  0|   28|          21|          21|
    |add_ln58_7135_fu_164030_p2  |         +|   0|  0|   27|          20|          20|
    |add_ln58_7136_fu_165450_p2  |         +|   0|  0|   27|          20|          20|
    |add_ln58_7137_fu_165460_p2  |         +|   0|  0|   28|          21|          21|
    |add_ln58_7138_fu_165470_p2  |         +|   0|  0|   29|          22|          22|
    |add_ln58_7139_fu_166406_p2  |         +|   0|  0|   27|          20|          20|
    |add_ln58_7140_fu_167266_p2  |         +|   0|  0|   26|          19|          19|
    |add_ln58_7141_fu_167276_p2  |         +|   0|  0|   28|          21|          21|
    |add_ln58_7142_fu_168058_p2  |         +|   0|  0|   27|          20|          20|
    |add_ln58_7143_fu_170044_p2  |         +|   0|  0|   27|          20|          20|
    |add_ln58_7144_fu_170054_p2  |         +|   0|  0|   28|          21|          21|
    |add_ln58_7145_fu_170064_p2  |         +|   0|  0|   29|          22|          22|
    |add_ln58_7146_fu_170074_p2  |         +|   0|  0|   30|          23|          23|
    |add_ln58_7147_fu_170084_p2  |         +|   0|  0|   31|          24|          24|
    |add_ln58_7148_fu_170882_p2  |         +|   0|  0|   26|          19|          19|
    |add_ln58_7149_fu_171803_p2  |         +|   0|  0|   27|          20|          20|
    |add_ln58_7150_fu_171813_p2  |         +|   0|  0|   28|          21|          21|
    |add_ln58_7151_fu_172534_p2  |         +|   0|  0|   27|          20|          20|
    |add_ln58_7152_fu_173853_p2  |         +|   0|  0|   26|          19|          19|
    |add_ln58_7153_fu_173863_p2  |         +|   0|  0|   28|          21|          21|
    |add_ln58_7154_fu_173873_p2  |         +|   0|  0|   29|          22|          22|
    |add_ln58_7155_fu_174915_p2  |         +|   0|  0|   27|          20|          20|
    |add_ln58_7156_fu_175689_p2  |         +|   0|  0|   25|          18|          18|
    |add_ln58_7157_fu_175699_p2  |         +|   0|  0|   28|          21|          21|
    |add_ln58_7158_fu_177052_p2  |         +|   0|  0|   27|          20|          20|
    |add_ln58_7159_fu_178186_p2  |         +|   0|  0|   27|          20|          20|
    |add_ln58_7160_fu_178196_p2  |         +|   0|  0|   28|          21|          21|
    |add_ln58_7161_fu_178206_p2  |         +|   0|  0|   29|          22|          22|
    |add_ln58_7162_fu_178216_p2  |         +|   0|  0|   30|          23|          23|
    |add_ln58_7163_fu_179258_p2  |         +|   0|  0|   27|          20|          20|
    |add_ln58_7164_fu_179903_p2  |         +|   0|  0|   27|          20|          20|
    |add_ln58_7165_fu_179913_p2  |         +|   0|  0|   28|          21|          21|
    |add_ln58_7166_fu_181644_p2  |         +|   0|  0|   27|          20|          20|
    |add_ln58_7167_fu_181654_p2  |         +|   0|  0|   27|          20|          20|
    |add_ln58_7168_fu_181664_p2  |         +|   0|  0|   28|          21|          21|
    |add_ln58_7169_fu_181674_p2  |         +|   0|  0|   29|          22|          22|
    |add_ln58_7170_fu_182295_p2  |         +|   0|  0|   26|          19|          19|
    |add_ln58_7171_fu_183389_p2  |         +|   0|  0|   27|          20|          20|
    |add_ln58_7172_fu_183399_p2  |         +|   0|  0|   28|          21|          21|
    |add_ln58_7173_fu_184044_p2  |         +|   0|  0|   27|          20|          20|
    |add_ln58_7174_fu_186849_p2  |         +|   0|  0|   26|          19|           8|
    |add_ln58_7175_fu_186859_p2  |         +|   0|  0|   27|          20|          20|
    |add_ln58_7176_fu_186869_p2  |         +|   0|  0|   28|          21|          21|
    |add_ln58_7177_fu_186879_p2  |         +|   0|  0|   29|          22|          22|
    |add_ln58_7178_fu_186889_p2  |         +|   0|  0|   30|          23|          23|
    |add_ln58_7179_fu_186899_p2  |         +|   0|  0|   31|          24|          24|
    |add_ln58_7180_fu_186909_p2  |         +|   0|  0|   32|          25|          25|
    |add_ln58_7181_fu_154521_p2  |         +|   0|  0|   27|          20|          20|
    |add_ln58_7182_fu_155556_p2  |         +|   0|  0|   27|          20|          20|
    |add_ln58_7183_fu_155566_p2  |         +|   0|  0|   28|          21|          21|
    |add_ln58_7184_fu_156057_p2  |         +|   0|  0|   27|          20|          20|
    |add_ln58_7185_fu_157710_p2  |         +|   0|  0|   27|          20|          20|
    |add_ln58_7186_fu_157720_p2  |         +|   0|  0|   28|          21|          21|
    |add_ln58_7187_fu_157730_p2  |         +|   0|  0|   29|          22|          22|
    |add_ln58_7188_fu_158309_p2  |         +|   0|  0|   27|          20|          20|
    |add_ln58_7189_fu_159313_p2  |         +|   0|  0|   27|          20|          20|
    |add_ln58_7190_fu_159323_p2  |         +|   0|  0|   28|          21|          21|
    |add_ln58_7191_fu_159955_p2  |         +|   0|  0|   27|          20|          20|
    |add_ln58_7192_fu_161699_p2  |         +|   0|  0|   27|          20|          20|
    |add_ln58_7193_fu_161709_p2  |         +|   0|  0|   28|          21|          21|
    |add_ln58_7194_fu_161719_p2  |         +|   0|  0|   29|          22|          22|
    |add_ln58_7195_fu_161729_p2  |         +|   0|  0|   30|          23|          23|
    |add_ln58_7196_fu_162422_p2  |         +|   0|  0|   26|          19|          19|
    |add_ln58_7197_fu_163413_p2  |         +|   0|  0|   27|          20|          20|
    |add_ln58_7198_fu_163423_p2  |         +|   0|  0|   28|          21|          21|
    |add_ln58_7199_fu_164036_p2  |         +|   0|  0|   27|          20|          20|
    |add_ln58_7200_fu_165482_p2  |         +|   0|  0|   27|          20|          20|
    |add_ln58_7201_fu_165492_p2  |         +|   0|  0|   28|          21|          21|
    |add_ln58_7202_fu_165502_p2  |         +|   0|  0|   29|          22|          22|
    |add_ln58_7203_fu_166412_p2  |         +|   0|  0|   26|          19|          19|
    |add_ln58_7204_fu_167285_p2  |         +|   0|  0|   27|          20|          20|
    |add_ln58_7205_fu_167295_p2  |         +|   0|  0|   28|          21|          21|
    |add_ln58_7206_fu_168064_p2  |         +|   0|  0|   26|          19|          19|
    |add_ln58_7207_fu_170102_p2  |         +|   0|  0|   27|          20|          20|
    |add_ln58_7208_fu_170112_p2  |         +|   0|  0|   28|          21|          21|
    |add_ln58_7209_fu_170122_p2  |         +|   0|  0|   29|          22|          22|
    |add_ln58_7210_fu_170132_p2  |         +|   0|  0|   30|          23|          23|
    |add_ln58_7211_fu_170142_p2  |         +|   0|  0|   31|          24|          24|
    |add_ln58_7212_fu_170888_p2  |         +|   0|  0|   26|          19|          19|
    |add_ln58_7213_fu_171822_p2  |         +|   0|  0|   26|          19|          19|
    |add_ln58_7214_fu_171832_p2  |         +|   0|  0|   27|          20|          20|
    |add_ln58_7215_fu_172540_p2  |         +|   0|  0|   27|          20|          20|
    |add_ln58_7216_fu_173885_p2  |         +|   0|  0|   26|          19|          19|
    |add_ln58_7217_fu_173895_p2  |         +|   0|  0|   21|          21|          21|
    |add_ln58_7218_fu_173901_p2  |         +|   0|  0|   21|          21|          21|
    |add_ln58_7219_fu_174921_p2  |         +|   0|  0|   26|          19|          19|
    |add_ln58_7220_fu_175708_p2  |         +|   0|  0|   26|          19|          19|
    |add_ln58_7221_fu_175718_p2  |         +|   0|  0|   27|          20|          20|
    |add_ln58_7222_fu_177058_p2  |         +|   0|  0|   26|          19|          19|
    |add_ln58_7223_fu_178231_p2  |         +|   0|  0|   26|          19|          19|
    |add_ln58_7224_fu_178241_p2  |         +|   0|  0|   27|          20|          20|
    |add_ln58_7225_fu_178251_p2  |         +|   0|  0|   28|          21|          21|
    |add_ln58_7226_fu_178261_p2  |         +|   0|  0|   29|          22|          22|
    |add_ln58_7227_fu_179264_p2  |         +|   0|  0|   27|          20|          20|
    |add_ln58_7228_fu_179922_p2  |         +|   0|  0|   27|          20|          20|
    |add_ln58_7229_fu_179932_p2  |         +|   0|  0|   28|          21|          21|
    |add_ln58_7230_fu_181680_p2  |         +|   0|  0|   27|          20|          20|
    |add_ln58_7231_fu_182307_p2  |         +|   0|  0|   27|          20|          20|
    |add_ln58_7232_fu_182317_p2  |         +|   0|  0|   28|          21|          21|
    |add_ln58_7233_fu_182327_p2  |         +|   0|  0|   29|          22|          22|
    |add_ln58_7234_fu_182333_p2  |         +|   0|  0|   25|          18|          18|
    |add_ln58_7235_fu_183408_p2  |         +|   0|  0|   23|          16|          16|
    |add_ln58_7236_fu_183418_p2  |         +|   0|  0|   26|          19|          19|
    |add_ln58_7237_fu_184050_p2  |         +|   0|  0|   27|          20|          20|
    |add_ln58_7238_fu_186934_p2  |         +|   0|  0|   25|          18|          10|
    |add_ln58_7239_fu_186944_p2  |         +|   0|  0|   27|          20|          20|
    |add_ln58_7240_fu_186954_p2  |         +|   0|  0|   21|          21|          21|
    |add_ln58_7241_fu_186960_p2  |         +|   0|  0|   21|          21|          21|
    |add_ln58_7242_fu_186970_p2  |         +|   0|  0|   30|          23|          23|
    |add_ln58_7243_fu_186980_p2  |         +|   0|  0|   31|          24|          24|
    |add_ln58_7244_fu_186990_p2  |         +|   0|  0|   32|          25|          25|
    |add_ln58_7245_fu_154527_p2  |         +|   0|  0|   27|          20|          20|
    |add_ln58_7246_fu_155575_p2  |         +|   0|  0|   27|          20|          20|
    |add_ln58_7247_fu_155585_p2  |         +|   0|  0|   28|          21|          21|
    |add_ln58_7248_fu_156063_p2  |         +|   0|  0|   25|          18|          18|
    |add_ln58_7249_fu_157742_p2  |         +|   0|  0|   27|          20|          20|
    |add_ln58_7250_fu_157752_p2  |         +|   0|  0|   28|          21|          21|
    |add_ln58_7251_fu_157762_p2  |         +|   0|  0|   29|          22|          22|
    |add_ln58_7252_fu_158315_p2  |         +|   0|  0|   27|          20|          20|
    |add_ln58_7253_fu_159332_p2  |         +|   0|  0|   27|          20|          20|
    |add_ln58_7254_fu_159342_p2  |         +|   0|  0|   28|          21|          21|
    |add_ln58_7255_fu_159961_p2  |         +|   0|  0|   26|          19|          19|
    |add_ln58_7256_fu_161744_p2  |         +|   0|  0|   21|          21|          21|
    |add_ln58_7257_fu_161750_p2  |         +|   0|  0|   21|          21|          21|
    |add_ln58_7258_fu_161760_p2  |         +|   0|  0|   29|          22|          22|
    |add_ln58_7259_fu_161770_p2  |         +|   0|  0|   30|          23|          23|
    |add_ln58_7260_fu_162428_p2  |         +|   0|  0|   27|          20|          20|
    |add_ln58_7261_fu_163432_p2  |         +|   0|  0|   27|          20|          20|
    |add_ln58_7262_fu_163442_p2  |         +|   0|  0|   28|          21|          21|
    |add_ln58_7263_fu_164042_p2  |         +|   0|  0|   27|          20|          20|
    |add_ln58_7264_fu_165514_p2  |         +|   0|  0|   27|          20|          20|
    |add_ln58_7265_fu_165524_p2  |         +|   0|  0|   28|          21|          21|
    |add_ln58_7266_fu_165534_p2  |         +|   0|  0|   29|          22|          22|
    |add_ln58_7267_fu_166418_p2  |         +|   0|  0|   25|          18|          18|
    |add_ln58_7268_fu_167304_p2  |         +|   0|  0|   20|          20|          20|
    |add_ln58_7269_fu_167310_p2  |         +|   0|  0|   20|          20|          20|
    |add_ln58_7270_fu_170157_p2  |         +|   0|  0|   19|          19|          19|
    |add_ln58_7271_fu_170163_p2  |         +|   0|  0|   25|          18|          18|
    |add_ln58_7272_fu_170173_p2  |         +|   0|  0|   19|          19|          19|
    |add_ln58_7273_fu_170183_p2  |         +|   0|  0|   28|          21|          21|
    |add_ln58_7274_fu_170193_p2  |         +|   0|  0|   30|          23|          23|
    |add_ln58_7275_fu_170203_p2  |         +|   0|  0|   31|          24|          24|
    |add_ln58_7276_fu_170894_p2  |         +|   0|  0|   27|          20|          20|
    |add_ln58_7277_fu_171841_p2  |         +|   0|  0|   27|          20|          20|
    |add_ln58_7278_fu_171851_p2  |         +|   0|  0|   28|          21|          21|
    |add_ln58_7279_fu_172546_p2  |         +|   0|  0|   27|          20|          20|
    |add_ln58_7280_fu_173913_p2  |         +|   0|  0|   27|          20|          20|
    |add_ln58_7281_fu_173923_p2  |         +|   0|  0|   28|          21|          21|
    |add_ln58_7282_fu_173933_p2  |         +|   0|  0|   29|          22|          22|
    |add_ln58_7283_fu_174927_p2  |         +|   0|  0|   27|          20|          20|
    |add_ln58_7284_fu_175727_p2  |         +|   0|  0|   27|          20|          20|
    |add_ln58_7285_fu_175737_p2  |         +|   0|  0|   28|          21|          21|
    |add_ln58_7286_fu_177064_p2  |         +|   0|  0|   27|          20|          20|
    |add_ln58_7287_fu_178276_p2  |         +|   0|  0|   27|          20|          20|
    |add_ln58_7288_fu_178286_p2  |         +|   0|  0|   28|          21|          21|
    |add_ln58_7289_fu_178296_p2  |         +|   0|  0|   29|          22|          22|
    |add_ln58_7290_fu_178306_p2  |         +|   0|  0|   30|          23|          23|
    |add_ln58_7291_fu_179270_p2  |         +|   0|  0|   26|          19|          19|
    |add_ln58_7292_fu_179941_p2  |         +|   0|  0|   27|          20|          20|
    |add_ln58_7293_fu_179951_p2  |         +|   0|  0|   28|          21|          21|
    |add_ln58_7294_fu_181686_p2  |         +|   0|  0|   27|          20|          20|
    |add_ln58_7295_fu_182345_p2  |         +|   0|  0|   27|          20|          20|
    |add_ln58_7296_fu_182355_p2  |         +|   0|  0|   28|          21|          21|
    |add_ln58_7297_fu_182365_p2  |         +|   0|  0|   29|          22|          22|
    |add_ln58_7298_fu_182371_p2  |         +|   0|  0|   26|          19|          19|
    |add_ln58_7299_fu_183427_p2  |         +|   0|  0|   27|          20|          20|
    |add_ln58_7300_fu_183437_p2  |         +|   0|  0|   28|          21|          21|
    |add_ln58_7301_fu_184056_p2  |         +|   0|  0|   27|          20|          20|
    |add_ln58_7302_fu_187015_p2  |         +|   0|  0|   25|          18|           9|
    |add_ln58_7303_fu_187025_p2  |         +|   0|  0|   27|          20|          20|
    |add_ln58_7304_fu_187035_p2  |         +|   0|  0|   28|          21|          21|
    |add_ln58_7305_fu_187045_p2  |         +|   0|  0|   29|          22|          22|
    |add_ln58_7306_fu_187055_p2  |         +|   0|  0|   30|          23|          23|
    |add_ln58_7307_fu_187065_p2  |         +|   0|  0|   31|          24|          24|
    |add_ln58_7308_fu_187075_p2  |         +|   0|  0|   32|          25|          25|
    |add_ln58_7309_fu_154533_p2  |         +|   0|  0|   27|          20|          20|
    |add_ln58_7310_fu_155591_p2  |         +|   0|  0|   27|          20|          20|
    |add_ln58_7311_fu_157774_p2  |         +|   0|  0|   21|          21|          21|
    |add_ln58_7312_fu_156069_p2  |         +|   0|  0|   26|          19|          19|
    |add_ln58_7313_fu_157783_p2  |         +|   0|  0|   26|          19|          19|
    |add_ln58_7314_fu_157793_p2  |         +|   0|  0|   27|          20|          20|
    |add_ln58_7315_fu_157803_p2  |         +|   0|  0|   21|          21|          21|
    |add_ln58_7316_fu_158321_p2  |         +|   0|  0|   27|          20|          20|
    |add_ln58_7317_fu_159351_p2  |         +|   0|  0|   27|          20|          20|
    |add_ln58_7318_fu_159361_p2  |         +|   0|  0|   28|          21|          21|
    |add_ln58_7319_fu_159967_p2  |         +|   0|  0|   26|          19|          19|
    |add_ln58_7320_fu_161785_p2  |         +|   0|  0|   27|          20|          20|
    |add_ln58_7321_fu_161795_p2  |         +|   0|  0|   28|          21|          21|
    |add_ln58_7322_fu_161805_p2  |         +|   0|  0|   29|          22|          22|
    |add_ln58_7323_fu_161815_p2  |         +|   0|  0|   30|          23|          23|
    |add_ln58_7324_fu_163448_p2  |         +|   0|  0|   20|          20|          20|
    |add_ln58_7325_fu_163454_p2  |         +|   0|  0|   26|          19|          19|
    |add_ln58_7326_fu_163464_p2  |         +|   0|  0|   20|          20|          20|
    |add_ln58_7327_fu_164048_p2  |         +|   0|  0|   27|          20|          20|
    |add_ln58_7328_fu_165546_p2  |         +|   0|  0|   27|          20|          20|
    |add_ln58_7329_fu_165556_p2  |         +|   0|  0|   28|          21|          21|
    |add_ln58_7330_fu_165566_p2  |         +|   0|  0|   29|          22|          22|
    |add_ln58_7331_fu_166424_p2  |         +|   0|  0|   27|          20|          20|
    |add_ln58_7332_fu_167319_p2  |         +|   0|  0|   27|          20|          20|
    |add_ln58_7333_fu_167329_p2  |         +|   0|  0|   28|          21|          21|
    |add_ln58_7334_fu_168070_p2  |         +|   0|  0|   26|          19|          19|
    |add_ln58_7335_fu_170221_p2  |         +|   0|  0|   27|          20|          20|
    |add_ln58_7336_fu_170231_p2  |         +|   0|  0|   28|          21|          21|
    |add_ln58_7337_fu_170241_p2  |         +|   0|  0|   29|          22|          22|
    |add_ln58_7338_fu_170251_p2  |         +|   0|  0|   30|          23|          23|
    |add_ln58_7339_fu_170261_p2  |         +|   0|  0|   31|          24|          24|
    |add_ln58_7340_fu_170900_p2  |         +|   0|  0|   27|          20|          20|
    |add_ln58_7341_fu_171860_p2  |         +|   0|  0|   27|          20|          20|
    |add_ln58_7342_fu_171870_p2  |         +|   0|  0|   28|          21|          21|
    |add_ln58_7343_fu_172552_p2  |         +|   0|  0|   27|          20|          20|
    |add_ln58_7344_fu_173945_p2  |         +|   0|  0|   26|          19|          19|
    |add_ln58_7345_fu_173955_p2  |         +|   0|  0|   28|          21|          21|
    |add_ln58_7346_fu_173965_p2  |         +|   0|  0|   29|          22|          22|
    |add_ln58_7347_fu_174933_p2  |         +|   0|  0|   25|          18|          18|
    |add_ln58_7348_fu_175746_p2  |         +|   0|  0|   27|          20|          20|
    |add_ln58_7349_fu_175756_p2  |         +|   0|  0|   28|          21|          21|
    |add_ln58_7350_fu_177070_p2  |         +|   0|  0|   27|          20|          20|
    |add_ln58_7351_fu_178321_p2  |         +|   0|  0|   27|          20|          20|
    |add_ln58_7352_fu_178331_p2  |         +|   0|  0|   28|          21|          21|
    |add_ln58_7353_fu_178341_p2  |         +|   0|  0|   29|          22|          22|
    |add_ln58_7354_fu_178351_p2  |         +|   0|  0|   30|          23|          23|
    |add_ln58_7355_fu_179276_p2  |         +|   0|  0|   20|          20|          20|
    |add_ln58_7356_fu_179282_p2  |         +|   0|  0|   25|          18|          18|
    |add_ln58_7357_fu_179292_p2  |         +|   0|  0|   20|          20|          20|
    |add_ln58_7358_fu_181692_p2  |         +|   0|  0|   27|          20|          20|
    |add_ln58_7359_fu_182383_p2  |         +|   0|  0|   27|          20|          20|
    |add_ln58_7360_fu_182393_p2  |         +|   0|  0|   28|          21|          21|
    |add_ln58_7361_fu_182403_p2  |         +|   0|  0|   29|          22|          22|
    |add_ln58_7362_fu_183443_p2  |         +|   0|  0|   26|          19|          19|
    |add_ln58_7363_fu_183453_p2  |         +|   0|  0|   27|          20|          20|
    |add_ln58_7364_fu_183463_p2  |         +|   0|  0|   28|          21|          21|
    |add_ln58_7365_fu_187097_p2  |         +|   0|  0|   20|          20|          20|
    |add_ln58_7366_fu_187103_p2  |         +|   0|  0|   19|          19|          10|
    |add_ln58_7367_fu_187109_p2  |         +|   0|  0|   19|          19|          19|
    |add_ln58_7368_fu_187119_p2  |         +|   0|  0|   20|          20|          20|
    |add_ln58_7369_fu_187129_p2  |         +|   0|  0|   29|          22|          22|
    |add_ln58_7370_fu_187139_p2  |         +|   0|  0|   30|          23|          23|
    |add_ln58_7371_fu_187149_p2  |         +|   0|  0|   31|          24|          24|
    |add_ln58_7372_fu_187159_p2  |         +|   0|  0|   32|          25|          25|
    |add_ln58_fu_154365_p2       |         +|   0|  0|   27|          20|          20|
    |add_ln73_40_fu_162843_p2    |         +|   0|  0|   31|          24|          24|
    |add_ln73_41_fu_166001_p2    |         +|   0|  0|   29|          22|          22|
    |add_ln73_42_fu_166188_p2    |         +|   0|  0|   33|          26|          26|
    |add_ln73_43_fu_172669_p2    |         +|   0|  0|   34|          27|          27|
    |add_ln73_44_fu_174065_p2    |         +|   0|  0|   35|          28|          28|
    |add_ln73_45_fu_178840_p2    |         +|   0|  0|   34|          27|          27|
    |add_ln73_46_fu_181836_p2    |         +|   0|  0|   34|          27|          27|
    |add_ln73_47_fu_183701_p2    |         +|   0|  0|   29|          22|          22|
    |add_ln73_fu_154725_p2       |         +|   0|  0|   31|          24|          24|
    |sub_ln73_184_fu_154619_p2   |         -|   0|  0|   26|           1|          19|
    |sub_ln73_185_fu_154884_p2   |         -|   0|  0|   29|           1|          22|
    |sub_ln73_186_fu_156097_p2   |         -|   0|  0|   35|          28|          28|
    |sub_ln73_187_fu_156166_p2   |         -|   0|  0|   36|          29|          29|
    |sub_ln73_188_fu_156216_p2   |         -|   0|  0|   31|          24|          24|
    |sub_ln73_189_fu_156315_p2   |         -|   0|  0|   32|          25|          25|
    |sub_ln73_190_fu_156578_p2   |         -|   0|  0|   23|           1|          23|
    |sub_ln73_191_fu_156596_p2   |         -|   0|  0|   23|          23|          23|
    |sub_ln73_192_fu_156644_p2   |         -|   0|  0|   34|          27|          27|
    |sub_ln73_193_fu_156700_p2   |         -|   0|  0|   25|           1|          25|
    |sub_ln73_194_fu_156706_p2   |         -|   0|  0|   25|          25|          25|
    |sub_ln73_195_fu_158677_p2   |         -|   0|  0|   31|          24|          24|
    |sub_ln73_196_fu_159489_p2   |         -|   0|  0|   28|           1|          28|
    |sub_ln73_197_fu_159495_p2   |         -|   0|  0|   28|          28|          28|
    |sub_ln73_198_fu_160252_p2   |         -|   0|  0|   25|           1|          25|
    |sub_ln73_199_fu_160270_p2   |         -|   0|  0|   25|          25|          25|
    |sub_ln73_200_fu_161856_p2   |         -|   0|  0|   32|          25|          25|
    |sub_ln73_201_fu_162483_p2   |         -|   0|  0|   28|           1|          28|
    |sub_ln73_202_fu_162500_p2   |         -|   0|  0|   28|          28|          28|
    |sub_ln73_203_fu_163763_p2   |         -|   0|  0|   28|           1|          28|
    |sub_ln73_204_fu_163781_p2   |         -|   0|  0|   28|          28|          28|
    |sub_ln73_205_fu_164168_p2   |         -|   0|  0|   35|          28|          28|
    |sub_ln73_206_fu_164211_p2   |         -|   0|  0|   22|           1|          22|
    |sub_ln73_207_fu_164228_p2   |         -|   0|  0|   22|          22|          22|
    |sub_ln73_208_fu_165869_p2   |         -|   0|  0|   31|          24|          24|
    |sub_ln73_209_fu_165913_p2   |         -|   0|  0|   28|          21|          21|
    |sub_ln73_210_fu_165965_p2   |         -|   0|  0|   33|          26|          26|
    |sub_ln73_211_fu_166156_p2   |         -|   0|  0|   29|          22|          22|
    |sub_ln73_212_fu_167361_p2   |         -|   0|  0|   31|          24|          24|
    |sub_ln73_213_fu_167427_p2   |         -|   0|  0|   28|           1|          28|
    |sub_ln73_214_fu_167444_p2   |         -|   0|  0|   28|          28|          28|
    |sub_ln73_215_fu_167640_p2   |         -|   0|  0|   36|          29|          29|
    |sub_ln73_216_fu_167732_p2   |         -|   0|  0|   36|          29|          29|
    |sub_ln73_217_fu_170482_p2   |         -|   0|  0|   28|          21|          21|
    |sub_ln73_218_fu_170998_p2   |         -|   0|  0|   35|          28|          28|
    |sub_ln73_219_fu_173982_p2   |         -|   0|  0|   26|           1|          26|
    |sub_ln73_220_fu_173999_p2   |         -|   0|  0|   26|          26|          26|
    |sub_ln73_221_fu_174359_p2   |         -|   0|  0|   27|           1|          27|
    |sub_ln73_222_fu_174377_p2   |         -|   0|  0|   27|          27|          27|
    |sub_ln73_223_fu_174494_p2   |         -|   0|  0|   24|           1|          24|
    |sub_ln73_224_fu_174512_p2   |         -|   0|  0|   24|          24|          24|
    |sub_ln73_225_fu_174544_p2   |         -|   0|  0|   31|          24|          24|
    |sub_ln73_226_fu_175162_p2   |         -|   0|  0|   31|          24|          24|
    |sub_ln73_227_fu_175928_p2   |         -|   0|  0|   33|          26|          26|
    |sub_ln73_228_fu_176164_p2   |         -|   0|  0|   28|          21|          21|
    |sub_ln73_229_fu_177349_p2   |         -|   0|  0|   36|          29|          29|
    |sub_ln73_230_fu_178637_p2   |         -|   0|  0|   34|          27|          27|
    |sub_ln73_231_fu_178764_p2   |         -|   0|  0|   23|           1|          23|
    |sub_ln73_232_fu_178782_p2   |         -|   0|  0|   23|          23|          23|
    |sub_ln73_233_fu_180040_p2   |         -|   0|  0|   19|           1|          19|
    |sub_ln73_234_fu_180046_p2   |         -|   0|  0|   19|          19|          19|
    |sub_ln73_235_fu_180081_p2   |         -|   0|  0|   24|           1|          24|
    |sub_ln73_236_fu_180098_p2   |         -|   0|  0|   24|          24|          24|
    |sub_ln73_237_fu_180309_p2   |         -|   0|  0|   33|           1|          26|
    |sub_ln73_238_fu_180327_p2   |         -|   0|  0|   33|          26|          26|
    |sub_ln73_239_fu_180367_p2   |         -|   0|  0|   33|          26|          26|
    |sub_ln73_240_fu_180399_p2   |         -|   0|  0|   36|          29|          29|
    |sub_ln73_241_fu_180565_p2   |         -|   0|  0|   34|          27|          27|
    |sub_ln73_242_fu_180651_p2   |         -|   0|  0|   26|           1|          19|
    |sub_ln73_243_fu_182549_p2   |         -|   0|  0|   24|           1|          24|
    |sub_ln73_244_fu_182567_p2   |         -|   0|  0|   24|          24|          24|
    |sub_ln73_245_fu_182791_p2   |         -|   0|  0|   29|          22|          22|
    |sub_ln73_246_fu_182879_p2   |         -|   0|  0|   32|          25|          25|
    |sub_ln73_247_fu_183819_p2   |         -|   0|  0|   32|          25|          25|
    |sub_ln73_248_fu_184421_p2   |         -|   0|  0|   28|           1|          21|
    |sub_ln73_249_fu_166810_p2   |         -|   0|  0|   34|          27|          27|
    |sub_ln73_250_fu_172620_p2   |         -|   0|  0|   32|          25|          25|
    |sub_ln73_251_fu_180619_p2   |         -|   0|  0|   36|          29|          29|
    |sub_ln73_fu_154048_p2       |         -|   0|  0|   36|          29|          29|
    +----------------------------+----------+----+---+-----+------------+------------+
    |Total                       |          |   0|  0|57098|       43734|       43872|
    +----------------------------+----------+----+---+-----+------------+------------+

    * Multiplexer: 
    +----------------+-----+-----------+-----+-----------+
    |      Name      | LUT | Input Size| Bits| Total Bits|
    +----------------+-----+-----------+-----+-----------+
    |ap_NS_fsm       |  142|         32|    1|         32|
    |grp_fu_4266_p0  |  142|         32|   16|        512|
    |grp_fu_4266_p1  |  130|         29|   14|        406|
    |grp_fu_4267_p0  |  142|         32|   16|        512|
    |grp_fu_4267_p1  |  138|         31|   14|        434|
    |grp_fu_4268_p0  |  142|         32|   16|        512|
    |grp_fu_4268_p1  |  130|         29|   14|        406|
    |grp_fu_4269_p0  |  142|         32|   16|        512|
    |grp_fu_4269_p1  |  138|         31|   14|        434|
    |grp_fu_4270_p0  |  142|         32|   16|        512|
    |grp_fu_4270_p1  |  134|         30|   14|        420|
    |grp_fu_4271_p0  |  142|         32|   16|        512|
    |grp_fu_4271_p1  |  130|         29|   14|        406|
    |grp_fu_4272_p0  |  142|         32|   16|        512|
    |grp_fu_4272_p1  |  130|         29|   14|        406|
    |grp_fu_4273_p0  |  142|         32|   16|        512|
    |grp_fu_4273_p1  |  130|         29|   14|        406|
    |grp_fu_4274_p0  |  138|         31|   16|        496|
    |grp_fu_4274_p1  |  130|         29|   14|        406|
    |grp_fu_4275_p0  |  142|         32|   16|        512|
    |grp_fu_4275_p1  |  134|         30|   15|        450|
    |grp_fu_4276_p0  |  142|         32|   16|        512|
    |grp_fu_4276_p1  |  130|         29|   14|        406|
    |grp_fu_4277_p0  |  142|         32|   16|        512|
    |grp_fu_4277_p1  |  130|         29|   14|        406|
    |grp_fu_4278_p0  |  142|         32|   16|        512|
    |grp_fu_4278_p1  |  134|         30|   14|        420|
    |grp_fu_4279_p0  |  142|         32|   16|        512|
    |grp_fu_4279_p1  |  125|         28|   15|        420|
    |grp_fu_4280_p0  |  142|         32|   16|        512|
    |grp_fu_4280_p1  |  125|         28|   14|        392|
    |grp_fu_4281_p0  |  142|         32|   16|        512|
    |grp_fu_4281_p1  |  134|         30|   14|        420|
    |grp_fu_4282_p0  |  142|         32|   16|        512|
    |grp_fu_4282_p1  |  138|         31|   14|        434|
    |grp_fu_4283_p0  |  142|         32|   16|        512|
    |grp_fu_4283_p1  |  134|         30|   14|        420|
    |grp_fu_4284_p0  |  142|         32|   16|        512|
    |grp_fu_4284_p1  |  113|         24|   14|        336|
    |grp_fu_4285_p0  |  142|         32|   16|        512|
    |grp_fu_4285_p1  |  134|         30|   15|        450|
    |grp_fu_4286_p0  |  142|         32|   16|        512|
    |grp_fu_4286_p1  |  125|         28|   14|        392|
    |grp_fu_4287_p0  |  138|         31|   16|        496|
    |grp_fu_4287_p1  |  138|         31|   14|        434|
    |grp_fu_4288_p0  |  142|         32|   16|        512|
    |grp_fu_4288_p1  |  138|         31|   14|        434|
    |grp_fu_4289_p0  |  142|         32|   16|        512|
    |grp_fu_4289_p1  |  130|         29|   15|        435|
    |grp_fu_4290_p0  |  142|         32|   16|        512|
    |grp_fu_4290_p1  |  134|         30|   14|        420|
    |grp_fu_4291_p0  |  142|         32|   16|        512|
    |grp_fu_4291_p1  |  138|         31|   15|        465|
    |grp_fu_4292_p0  |  142|         32|   16|        512|
    |grp_fu_4292_p1  |  130|         29|   14|        406|
    |grp_fu_4293_p0  |  142|         32|   16|        512|
    |grp_fu_4293_p1  |  130|         29|   14|        406|
    |grp_fu_4294_p0  |  142|         32|   16|        512|
    |grp_fu_4294_p1  |  138|         31|   14|        434|
    |grp_fu_4295_p0  |  142|         32|   16|        512|
    |grp_fu_4295_p1  |  138|         31|   14|        434|
    |grp_fu_4296_p0  |  142|         32|   16|        512|
    |grp_fu_4296_p1  |  138|         31|   14|        434|
    |grp_fu_4297_p0  |  142|         32|   16|        512|
    |grp_fu_4297_p1  |  130|         29|   14|        406|
    |grp_fu_4298_p0  |  142|         32|   16|        512|
    |grp_fu_4298_p1  |  130|         29|   14|        406|
    |grp_fu_4299_p0  |  138|         31|   16|        496|
    |grp_fu_4299_p1  |  130|         29|   14|        406|
    |grp_fu_4300_p0  |  142|         32|   16|        512|
    |grp_fu_4300_p1  |  130|         29|   14|        406|
    |grp_fu_4301_p0  |  142|         32|   16|        512|
    |grp_fu_4301_p1  |  125|         28|   14|        392|
    |grp_fu_4302_p0  |  142|         32|   16|        512|
    |grp_fu_4302_p1  |  130|         29|   14|        406|
    |grp_fu_4303_p0  |  142|         32|   16|        512|
    |grp_fu_4303_p1  |  138|         31|   14|        434|
    |grp_fu_4304_p0  |  142|         32|   16|        512|
    |grp_fu_4304_p1  |  121|         27|   14|        378|
    |grp_fu_4305_p0  |  142|         32|   16|        512|
    |grp_fu_4305_p1  |  130|         29|   14|        406|
    |grp_fu_4306_p0  |  142|         32|   16|        512|
    |grp_fu_4306_p1  |  138|         31|   14|        434|
    |grp_fu_4307_p0  |  142|         32|   16|        512|
    |grp_fu_4307_p1  |  134|         30|   14|        420|
    |grp_fu_4308_p0  |  142|         32|   16|        512|
    |grp_fu_4308_p1  |  138|         31|   14|        434|
    |grp_fu_4309_p0  |  142|         32|   16|        512|
    |grp_fu_4309_p1  |  138|         31|   14|        434|
    |grp_fu_4310_p0  |  142|         32|   16|        512|
    |grp_fu_4310_p1  |  138|         31|   14|        434|
    |grp_fu_4311_p0  |  142|         32|   16|        512|
    |grp_fu_4311_p1  |  125|         28|   14|        392|
    |grp_fu_4312_p0  |  142|         32|   16|        512|
    |grp_fu_4312_p1  |  130|         29|   14|        406|
    |grp_fu_4313_p0  |  142|         32|   16|        512|
    |grp_fu_4313_p1  |  125|         28|   14|        392|
    |grp_fu_4314_p0  |  138|         31|   16|        496|
    |grp_fu_4314_p1  |  130|         29|   14|        406|
    |grp_fu_4315_p0  |  142|         32|   16|        512|
    |grp_fu_4315_p1  |  138|         31|   14|        434|
    |grp_fu_4316_p0  |  142|         32|   16|        512|
    |grp_fu_4316_p1  |  134|         30|   14|        420|
    |grp_fu_4317_p0  |  142|         32|   16|        512|
    |grp_fu_4317_p1  |  125|         28|   15|        420|
    |grp_fu_4318_p0  |  142|         32|   16|        512|
    |grp_fu_4318_p1  |  134|         30|   14|        420|
    |grp_fu_4319_p0  |  142|         32|   16|        512|
    |grp_fu_4319_p1  |  134|         30|   14|        420|
    |grp_fu_4320_p0  |  142|         32|   16|        512|
    |grp_fu_4320_p1  |  138|         31|   14|        434|
    |grp_fu_4321_p0  |  142|         32|   16|        512|
    |grp_fu_4321_p1  |  121|         27|   14|        378|
    |grp_fu_4322_p0  |  142|         32|   16|        512|
    |grp_fu_4322_p1  |  130|         29|   14|        406|
    |grp_fu_4323_p0  |  142|         32|   16|        512|
    |grp_fu_4323_p1  |  134|         30|   14|        420|
    |grp_fu_4324_p0  |  138|         31|   16|        496|
    |grp_fu_4324_p1  |  130|         29|   14|        406|
    |grp_fu_4325_p0  |  142|         32|   16|        512|
    |grp_fu_4325_p1  |  130|         29|   14|        406|
    |grp_fu_4326_p0  |  138|         31|   16|        496|
    |grp_fu_4326_p1  |  138|         31|   14|        434|
    |grp_fu_4327_p0  |  142|         32|   16|        512|
    |grp_fu_4327_p1  |  138|         31|   14|        434|
    |grp_fu_4328_p0  |  142|         32|   16|        512|
    |grp_fu_4328_p1  |  130|         29|   14|        406|
    |grp_fu_4329_p0  |  142|         32|   16|        512|
    |grp_fu_4329_p1  |  134|         30|   14|        420|
    +----------------+-----+-----------+-----+-----------+
    |Total           |17652|       3963| 1927|      59326|
    +----------------+-----+-----------+-----+-----------+

    * Register: 
    +-----------------------------+-----+----+-----+-----------+
    |             Name            |  FF | LUT| Bits| Const Bits|
    +-----------------------------+-----+----+-----+-----------+
    |add_ln58_5327_reg_187583     |   21|   0|   21|          0|
    |add_ln58_5328_reg_187797     |   20|   0|   20|          0|
    |add_ln58_5331_reg_187965     |   22|   0|   22|          0|
    |add_ln58_5332_reg_188157     |   20|   0|   20|          0|
    |add_ln58_5333_reg_188364     |   20|   0|   20|          0|
    |add_ln58_5335_reg_188573     |   18|   0|   18|          0|
    |add_ln58_5339_reg_188776     |   23|   0|   23|          0|
    |add_ln58_5340_reg_188999     |   17|   0|   17|          0|
    |add_ln58_5342_reg_189188     |   21|   0|   21|          0|
    |add_ln58_5343_reg_189407     |   20|   0|   20|          0|
    |add_ln58_5346_reg_189600     |   22|   0|   22|          0|
    |add_ln58_5347_reg_189826     |   20|   0|   20|          0|
    |add_ln58_5349_reg_190015     |   21|   0|   21|          0|
    |add_ln58_5355_reg_190225     |   24|   0|   24|          0|
    |add_ln58_5358_reg_190625     |   20|   0|   20|          0|
    |add_ln58_5359_reg_190825     |   20|   0|   20|          0|
    |add_ln58_5362_reg_191046     |   22|   0|   22|          0|
    |add_ln58_5363_reg_191239     |   20|   0|   20|          0|
    |add_ln58_5365_reg_191464     |   21|   0|   21|          0|
    |add_ln58_5366_reg_191672     |   20|   0|   20|          0|
    |add_ln58_5370_reg_191876     |   23|   0|   23|          0|
    |add_ln58_5371_reg_192085     |   20|   0|   20|          0|
    |add_ln58_5373_reg_192283     |   21|   0|   21|          0|
    |add_ln58_5374_reg_192487     |   20|   0|   20|          0|
    |add_ln58_5377_reg_192644     |   22|   0|   22|          0|
    |add_ln58_5378_reg_192809     |   18|   0|   18|          0|
    |add_ln58_5380_reg_193028     |   21|   0|   21|          0|
    |add_ln58_5381_reg_193225     |   20|   0|   20|          0|
    |add_ln58_5389_reg_187393     |   20|   0|   20|          0|
    |add_ln58_5391_reg_187588     |   21|   0|   21|          0|
    |add_ln58_5392_reg_187802     |   20|   0|   20|          0|
    |add_ln58_5395_reg_187970     |   22|   0|   22|          0|
    |add_ln58_5396_reg_188162     |   20|   0|   20|          0|
    |add_ln58_5398_reg_188369     |   21|   0|   21|          0|
    |add_ln58_5399_reg_188578     |   21|   0|   21|          0|
    |add_ln58_5403_reg_188781     |   23|   0|   23|          0|
    |add_ln58_5404_reg_189004     |   20|   0|   20|          0|
    |add_ln58_5406_reg_189193     |   21|   0|   21|          0|
    |add_ln58_5407_reg_189412     |   20|   0|   20|          0|
    |add_ln58_5410_reg_189605     |   22|   0|   22|          0|
    |add_ln58_5411_reg_189831     |   19|   0|   19|          0|
    |add_ln58_5413_reg_190020     |   20|   0|   20|          0|
    |add_ln58_5414_reg_190230     |   19|   0|   19|          0|
    |add_ln58_5419_reg_190409     |   24|   0|   24|          0|
    |add_ln58_5422_reg_190630     |   21|   0|   21|          0|
    |add_ln58_5423_reg_190830     |   19|   0|   19|          0|
    |add_ln58_5426_reg_191051     |   22|   0|   22|          0|
    |add_ln58_5427_reg_191244     |   19|   0|   19|          0|
    |add_ln58_5429_reg_191469     |   21|   0|   21|          0|
    |add_ln58_5430_reg_191677     |   20|   0|   20|          0|
    |add_ln58_5434_reg_191881     |   23|   0|   23|          0|
    |add_ln58_5435_reg_192090     |   20|   0|   20|          0|
    |add_ln58_5437_reg_192288     |   21|   0|   21|          0|
    |add_ln58_5438_reg_192492     |   20|   0|   20|          0|
    |add_ln58_5441_reg_192649     |   22|   0|   22|          0|
    |add_ln58_5442_reg_192814     |   19|   0|   19|          0|
    |add_ln58_5444_reg_193033     |   20|   0|   20|          0|
    |add_ln58_5453_reg_187398     |   19|   0|   19|          0|
    |add_ln58_5455_reg_187593     |   20|   0|   20|          0|
    |add_ln58_5456_reg_187807     |   19|   0|   19|          0|
    |add_ln58_5459_reg_187975     |   22|   0|   22|          0|
    |add_ln58_5460_reg_188167     |   20|   0|   20|          0|
    |add_ln58_5462_reg_188374     |   21|   0|   21|          0|
    |add_ln58_5463_reg_188583     |   20|   0|   20|          0|
    |add_ln58_5467_reg_188786     |   23|   0|   23|          0|
    |add_ln58_5468_reg_189009     |   19|   0|   19|          0|
    |add_ln58_5470_reg_189198     |   21|   0|   21|          0|
    |add_ln58_5471_reg_189417     |   20|   0|   20|          0|
    |add_ln58_5474_reg_189610     |   22|   0|   22|          0|
    |add_ln58_5475_reg_189836     |   20|   0|   20|          0|
    |add_ln58_5477_reg_190025     |   21|   0|   21|          0|
    |add_ln58_5478_reg_190235     |   20|   0|   20|          0|
    |add_ln58_5483_reg_190414     |   24|   0|   24|          0|
    |add_ln58_5486_reg_190635     |   21|   0|   21|          0|
    |add_ln58_5487_reg_190835     |   20|   0|   20|          0|
    |add_ln58_5490_reg_191056     |   22|   0|   22|          0|
    |add_ln58_5491_reg_191249     |   19|   0|   19|          0|
    |add_ln58_5493_reg_191474     |   20|   0|   20|          0|
    |add_ln58_5494_reg_191682     |   19|   0|   19|          0|
    |add_ln58_5498_reg_191886     |   23|   0|   23|          0|
    |add_ln58_5499_reg_192095     |   20|   0|   20|          0|
    |add_ln58_5501_reg_192293     |   21|   0|   21|          0|
    |add_ln58_5502_reg_192497     |   20|   0|   20|          0|
    |add_ln58_5505_reg_192654     |   22|   0|   22|          0|
    |add_ln58_5506_reg_192819     |   20|   0|   20|          0|
    |add_ln58_5508_reg_193038     |   21|   0|   21|          0|
    |add_ln58_5509_reg_193230     |   18|   0|   18|          0|
    |add_ln58_5517_reg_187403     |   20|   0|   20|          0|
    |add_ln58_5519_reg_187598     |   21|   0|   21|          0|
    |add_ln58_5520_reg_187812     |   19|   0|   19|          0|
    |add_ln58_5523_reg_187980     |   22|   0|   22|          0|
    |add_ln58_5524_reg_188172     |   21|   0|   21|          0|
    |add_ln58_5526_reg_188379     |   22|   0|   22|          0|
    |add_ln58_5527_reg_188588     |   20|   0|   20|          0|
    |add_ln58_5531_reg_188791     |   23|   0|   23|          0|
    |add_ln58_5532_reg_189014     |   18|   0|   18|          0|
    |add_ln58_5534_reg_189203     |   20|   0|   20|          0|
    |add_ln58_5535_reg_189422     |   20|   0|   20|          0|
    |add_ln58_5538_reg_189615     |   22|   0|   22|          0|
    |add_ln58_5539_reg_189841     |   21|   0|   21|          0|
    |add_ln58_5540_reg_190030     |   20|   0|   20|          0|
    |add_ln58_5542_reg_190240     |   18|   0|   18|          0|
    |add_ln58_5547_reg_190419     |   24|   0|   24|          0|
    |add_ln58_5548_reg_190640     |   20|   0|   20|          0|
    |add_ln58_5550_reg_190840     |   21|   0|   21|          0|
    |add_ln58_5551_reg_190845     |   20|   0|   20|          0|
    |add_ln58_5554_reg_191061     |   22|   0|   22|          0|
    |add_ln58_5555_reg_191254     |   20|   0|   20|          0|
    |add_ln58_5557_reg_191479     |   21|   0|   21|          0|
    |add_ln58_5558_reg_191687     |   20|   0|   20|          0|
    |add_ln58_5562_reg_191891     |   23|   0|   23|          0|
    |add_ln58_5563_reg_192100     |   19|   0|   19|          0|
    |add_ln58_5565_reg_192298     |   20|   0|   20|          0|
    |add_ln58_5569_reg_192659     |   21|   0|   21|          0|
    |add_ln58_5570_reg_192824     |   20|   0|   20|          0|
    |add_ln58_5572_reg_193043     |   21|   0|   21|          0|
    |add_ln58_5573_reg_193235     |   20|   0|   20|          0|
    |add_ln58_5581_reg_187408     |   20|   0|   20|          0|
    |add_ln58_5583_reg_187603     |   21|   0|   21|          0|
    |add_ln58_5584_reg_187817     |   20|   0|   20|          0|
    |add_ln58_5587_reg_187985     |   22|   0|   22|          0|
    |add_ln58_5588_reg_188177     |   19|   0|   19|          0|
    |add_ln58_5590_reg_188384     |   21|   0|   21|          0|
    |add_ln58_5591_reg_188593     |   20|   0|   20|          0|
    |add_ln58_5595_reg_188796     |   23|   0|   23|          0|
    |add_ln58_5596_reg_189019     |   20|   0|   20|          0|
    |add_ln58_5598_reg_189208     |   21|   0|   21|          0|
    |add_ln58_5599_reg_189427     |   18|   0|   18|          0|
    |add_ln58_5602_reg_189620     |   22|   0|   22|          0|
    |add_ln58_5603_reg_189846     |   20|   0|   20|          0|
    |add_ln58_5605_reg_190035     |   21|   0|   21|          0|
    |add_ln58_5611_reg_190424     |   24|   0|   24|          0|
    |add_ln58_5614_reg_190850     |   20|   0|   20|          0|
    |add_ln58_5618_reg_191066     |   22|   0|   22|          0|
    |add_ln58_5619_reg_191259     |   19|   0|   19|          0|
    |add_ln58_5620_reg_191484     |   20|   0|   20|          0|
    |add_ln58_5622_reg_191692     |   19|   0|   19|          0|
    |add_ln58_5626_reg_191896     |   23|   0|   23|          0|
    |add_ln58_5627_reg_192105     |   19|   0|   19|          0|
    |add_ln58_5629_reg_192303     |   21|   0|   21|          0|
    |add_ln58_5630_reg_192502     |   20|   0|   20|          0|
    |add_ln58_5633_reg_192664     |   22|   0|   22|          0|
    |add_ln58_5636_reg_193048     |   20|   0|   20|          0|
    |add_ln58_5637_reg_193240     |   20|   0|   20|          0|
    |add_ln58_5645_reg_187413     |   19|   0|   19|          0|
    |add_ln58_5647_reg_187608     |   21|   0|   21|          0|
    |add_ln58_5648_reg_187822     |   20|   0|   20|          0|
    |add_ln58_5651_reg_187990     |   22|   0|   22|          0|
    |add_ln58_5652_reg_188182     |   20|   0|   20|          0|
    |add_ln58_5654_reg_188389     |   21|   0|   21|          0|
    |add_ln58_5655_reg_188598     |   19|   0|   19|          0|
    |add_ln58_5659_reg_188801     |   23|   0|   23|          0|
    |add_ln58_5662_reg_189213     |   20|   0|   20|          0|
    |add_ln58_5663_reg_189432     |   17|   0|   17|          0|
    |add_ln58_5666_reg_189625     |   21|   0|   21|          0|
    |add_ln58_5667_reg_189851     |   20|   0|   20|          0|
    |add_ln58_5669_reg_190040     |   21|   0|   21|          0|
    |add_ln58_5670_reg_190245     |   20|   0|   20|          0|
    |add_ln58_5675_reg_190429     |   24|   0|   24|          0|
    |add_ln58_5676_reg_190645     |   20|   0|   20|          0|
    |add_ln58_5678_reg_190855     |   21|   0|   21|          0|
    |add_ln58_5682_reg_191071     |   22|   0|   22|          0|
    |add_ln58_5685_reg_191489     |   21|   0|   21|          0|
    |add_ln58_5686_reg_191697     |   19|   0|   19|          0|
    |add_ln58_5690_reg_191901     |   23|   0|   23|          0|
    |add_ln58_5691_reg_192110     |   20|   0|   20|          0|
    |add_ln58_5693_reg_192308     |   21|   0|   21|          0|
    |add_ln58_5694_reg_192507     |   20|   0|   20|          0|
    |add_ln58_5697_reg_192669     |   22|   0|   22|          0|
    |add_ln58_5698_reg_192829     |   19|   0|   19|          0|
    |add_ln58_5700_reg_193053     |   21|   0|   21|          0|
    |add_ln58_5701_reg_193245     |   20|   0|   20|          0|
    |add_ln58_5711_reg_187613     |   20|   0|   20|          0|
    |add_ln58_5715_reg_187995     |   21|   0|   21|          0|
    |add_ln58_5716_reg_188187     |   20|   0|   20|          0|
    |add_ln58_5718_reg_188394     |   21|   0|   21|          0|
    |add_ln58_5719_reg_188603     |   20|   0|   20|          0|
    |add_ln58_5723_reg_188806     |   23|   0|   23|          0|
    |add_ln58_5724_reg_189024     |   19|   0|   19|          0|
    |add_ln58_5726_reg_189218     |   21|   0|   21|          0|
    |add_ln58_5727_reg_189437     |   20|   0|   20|          0|
    |add_ln58_5730_reg_189630     |   22|   0|   22|          0|
    |add_ln58_5731_reg_189856     |   20|   0|   20|          0|
    |add_ln58_5733_reg_190045     |   21|   0|   21|          0|
    |add_ln58_5734_reg_190250     |   19|   0|   19|          0|
    |add_ln58_5739_reg_190434     |   24|   0|   24|          0|
    |add_ln58_5740_reg_190650     |   20|   0|   20|          0|
    |add_ln58_5742_reg_190860     |   21|   0|   21|          0|
    |add_ln58_5743_reg_191076     |   20|   0|   20|          0|
    |add_ln58_5746_reg_191264     |   22|   0|   22|          0|
    |add_ln58_5747_reg_191269     |   18|   0|   18|          0|
    |add_ln58_5749_reg_191494     |   20|   0|   20|          0|
    |add_ln58_5750_reg_191702     |   20|   0|   20|          0|
    |add_ln58_5754_reg_191906     |   23|   0|   23|          0|
    |add_ln58_5755_reg_192115     |   21|   0|   21|          0|
    |add_ln58_5756_reg_192313     |   20|   0|   20|          0|
    |add_ln58_5758_reg_192512     |   19|   0|   19|          0|
    |add_ln58_5761_reg_192674     |   22|   0|   22|          0|
    |add_ln58_5762_reg_192834     |   20|   0|   20|          0|
    |add_ln58_5764_reg_193058     |   21|   0|   21|          0|
    |add_ln58_5765_reg_193250     |   18|   0|   18|          0|
    |add_ln58_5773_reg_187418     |   20|   0|   20|          0|
    |add_ln58_5775_reg_187618     |   21|   0|   21|          0|
    |add_ln58_5776_reg_187827     |   18|   0|   18|          0|
    |add_ln58_5779_reg_188000     |   22|   0|   22|          0|
    |add_ln58_5780_reg_188192     |   20|   0|   20|          0|
    |add_ln58_5782_reg_188399     |   21|   0|   21|          0|
    |add_ln58_5783_reg_188608     |   19|   0|   19|          0|
    |add_ln58_5787_reg_188811     |   23|   0|   23|          0|
    |add_ln58_5788_reg_189029     |   20|   0|   20|          0|
    |add_ln58_5790_reg_189223     |   21|   0|   21|          0|
    |add_ln58_5791_reg_189442     |   20|   0|   20|          0|
    |add_ln58_5794_reg_189635     |   22|   0|   22|          0|
    |add_ln58_5795_reg_189861     |   20|   0|   20|          0|
    |add_ln58_5797_reg_190050     |   21|   0|   21|          0|
    |add_ln58_5798_reg_190255     |   20|   0|   20|          0|
    |add_ln58_5803_reg_190439     |   24|   0|   24|          0|
    |add_ln58_5804_reg_190655     |   20|   0|   20|          0|
    |add_ln58_5806_reg_190865     |   21|   0|   21|          0|
    |add_ln58_5807_reg_191081     |   19|   0|   19|          0|
    |add_ln58_5810_reg_191274     |   22|   0|   22|          0|
    |add_ln58_5811_reg_191279     |   20|   0|   20|          0|
    |add_ln58_5813_reg_191499     |   21|   0|   21|          0|
    |add_ln58_5814_reg_191707     |   20|   0|   20|          0|
    |add_ln58_5818_reg_191911     |   23|   0|   23|          0|
    |add_ln58_5819_reg_192120     |   20|   0|   20|          0|
    |add_ln58_5821_reg_192318     |   21|   0|   21|          0|
    |add_ln58_5822_reg_192517     |   20|   0|   20|          0|
    |add_ln58_5825_reg_192679     |   22|   0|   22|          0|
    |add_ln58_5826_reg_192839     |   20|   0|   20|          0|
    |add_ln58_5828_reg_193063     |   21|   0|   21|          0|
    |add_ln58_5829_reg_193255     |   19|   0|   19|          0|
    |add_ln58_5839_reg_187623     |   20|   0|   20|          0|
    |add_ln58_5840_reg_187832     |   20|   0|   20|          0|
    |add_ln58_5843_reg_188005     |   22|   0|   22|          0|
    |add_ln58_5844_reg_188197     |   20|   0|   20|          0|
    |add_ln58_5846_reg_188404     |   21|   0|   21|          0|
    |add_ln58_5847_reg_188613     |   20|   0|   20|          0|
    |add_ln58_5851_reg_188816     |   23|   0|   23|          0|
    |add_ln58_5852_reg_189034     |   20|   0|   20|          0|
    |add_ln58_5854_reg_189228     |   21|   0|   21|          0|
    |add_ln58_5855_reg_189447     |   20|   0|   20|          0|
    |add_ln58_5858_reg_189640     |   22|   0|   22|          0|
    |add_ln58_5859_reg_189866     |   20|   0|   20|          0|
    |add_ln58_5861_reg_190055     |   21|   0|   21|          0|
    |add_ln58_5862_reg_190260     |   20|   0|   20|          0|
    |add_ln58_5867_reg_190444     |   24|   0|   24|          0|
    |add_ln58_5868_reg_190660     |   20|   0|   20|          0|
    |add_ln58_5870_reg_190870     |   21|   0|   21|          0|
    |add_ln58_5874_reg_191284     |   22|   0|   22|          0|
    |add_ln58_5875_reg_191289     |   20|   0|   20|          0|
    |add_ln58_5877_reg_191504     |   21|   0|   21|          0|
    |add_ln58_5878_reg_191712     |   20|   0|   20|          0|
    |add_ln58_5882_reg_191916     |   23|   0|   23|          0|
    |add_ln58_5883_reg_192125     |   20|   0|   20|          0|
    |add_ln58_5885_reg_192323     |   21|   0|   21|          0|
    |add_ln58_5886_reg_192522     |   20|   0|   20|          0|
    |add_ln58_5889_reg_192684     |   22|   0|   22|          0|
    |add_ln58_5890_reg_192844     |   20|   0|   20|          0|
    |add_ln58_5892_reg_193068     |   21|   0|   21|          0|
    |add_ln58_5893_reg_193260     |   20|   0|   20|          0|
    |add_ln58_5901_reg_187423     |   20|   0|   20|          0|
    |add_ln58_5903_reg_187628     |   21|   0|   21|          0|
    |add_ln58_5904_reg_187837     |   19|   0|   19|          0|
    |add_ln58_5907_reg_188010     |   22|   0|   22|          0|
    |add_ln58_5908_reg_188202     |   20|   0|   20|          0|
    |add_ln58_5910_reg_188409     |   21|   0|   21|          0|
    |add_ln58_5911_reg_188618     |   20|   0|   20|          0|
    |add_ln58_5915_reg_188821     |   23|   0|   23|          0|
    |add_ln58_5916_reg_189039     |   18|   0|   18|          0|
    |add_ln58_5918_reg_189233     |   21|   0|   21|          0|
    |add_ln58_5919_reg_189452     |   20|   0|   20|          0|
    |add_ln58_5922_reg_189645     |   22|   0|   22|          0|
    |add_ln58_5923_reg_189871     |   20|   0|   20|          0|
    |add_ln58_5924_reg_190060     |   19|   0|   19|          0|
    |add_ln58_5931_reg_190449     |   24|   0|   24|          0|
    |add_ln58_5932_reg_190665     |   20|   0|   20|          0|
    |add_ln58_5934_reg_190875     |   21|   0|   21|          0|
    |add_ln58_5935_reg_191086     |   20|   0|   20|          0|
    |add_ln58_5938_reg_191294     |   22|   0|   22|          0|
    |add_ln58_5941_reg_191509     |   20|   0|   20|          0|
    |add_ln58_5942_reg_191717     |   20|   0|   20|          0|
    |add_ln58_5946_reg_191921     |   23|   0|   23|          0|
    |add_ln58_5947_reg_192130     |   20|   0|   20|          0|
    |add_ln58_5949_reg_192328     |   21|   0|   21|          0|
    |add_ln58_5953_reg_192689     |   22|   0|   22|          0|
    |add_ln58_5954_reg_192849     |   20|   0|   20|          0|
    |add_ln58_5955_reg_193265     |   19|   0|   19|          0|
    |add_ln58_5965_reg_187428     |   20|   0|   20|          0|
    |add_ln58_5967_reg_187633     |   21|   0|   21|          0|
    |add_ln58_5968_reg_187842     |   19|   0|   19|          0|
    |add_ln58_5971_reg_188015     |   22|   0|   22|          0|
    |add_ln58_5972_reg_188207     |   20|   0|   20|          0|
    |add_ln58_5974_reg_188414     |   21|   0|   21|          0|
    |add_ln58_5975_reg_188623     |   20|   0|   20|          0|
    |add_ln58_5979_reg_188826     |   23|   0|   23|          0|
    |add_ln58_5980_reg_189044     |   20|   0|   20|          0|
    |add_ln58_5982_reg_189238     |   21|   0|   21|          0|
    |add_ln58_5983_reg_189457     |   19|   0|   19|          0|
    |add_ln58_5986_reg_189650     |   22|   0|   22|          0|
    |add_ln58_5989_reg_190065     |   20|   0|   20|          0|
    |add_ln58_5990_reg_190265     |   20|   0|   20|          0|
    |add_ln58_5995_reg_190454     |   24|   0|   24|          0|
    |add_ln58_5996_reg_190670     |   20|   0|   20|          0|
    |add_ln58_5998_reg_190880     |   21|   0|   21|          0|
    |add_ln58_5999_reg_191091     |   20|   0|   20|          0|
    |add_ln58_6002_reg_191299     |   22|   0|   22|          0|
    |add_ln58_6005_reg_191514     |   21|   0|   21|          0|
    |add_ln58_6006_reg_191722     |   20|   0|   20|          0|
    |add_ln58_6010_reg_191926     |   23|   0|   23|          0|
    |add_ln58_6011_reg_192135     |   20|   0|   20|          0|
    |add_ln58_6013_reg_192333     |   21|   0|   21|          0|
    |add_ln58_6014_reg_192527     |   20|   0|   20|          0|
    |add_ln58_6017_reg_192694     |   22|   0|   22|          0|
    |add_ln58_6018_reg_192854     |   19|   0|   19|          0|
    |add_ln58_6020_reg_193073     |   20|   0|   20|          0|
    |add_ln58_6021_reg_193270     |   20|   0|   20|          0|
    |add_ln58_6029_reg_187433     |   17|   0|   17|          0|
    |add_ln58_6031_reg_187638     |   20|   0|   20|          0|
    |add_ln58_6032_reg_187847     |   18|   0|   18|          0|
    |add_ln58_6035_reg_188020     |   21|   0|   21|          0|
    |add_ln58_6036_reg_188212     |   19|   0|   19|          0|
    |add_ln58_6038_reg_188419     |   21|   0|   21|          0|
    |add_ln58_6039_reg_188628     |   20|   0|   20|          0|
    |add_ln58_6043_reg_188831     |   22|   0|   22|          0|
    |add_ln58_6044_reg_189049     |   20|   0|   20|          0|
    |add_ln58_6046_reg_189243     |   21|   0|   21|          0|
    |add_ln58_6047_reg_189462     |   20|   0|   20|          0|
    |add_ln58_6050_reg_189655     |   22|   0|   22|          0|
    |add_ln58_6051_reg_189876     |   20|   0|   20|          0|
    |add_ln58_6053_reg_190070     |   21|   0|   21|          0|
    |add_ln58_6054_reg_190270     |   20|   0|   20|          0|
    |add_ln58_6059_reg_190459     |   24|   0|   24|          0|
    |add_ln58_6060_reg_190675     |   18|   0|   18|          0|
    |add_ln58_6062_reg_190885     |   21|   0|   21|          0|
    |add_ln58_6063_reg_191096     |   20|   0|   20|          0|
    |add_ln58_6066_reg_191304     |   22|   0|   22|          0|
    |add_ln58_6067_reg_191519     |   20|   0|   20|          0|
    |add_ln58_6069_reg_191727     |   21|   0|   21|          0|
    |add_ln58_6070_reg_191732     |   19|   0|   19|          0|
    |add_ln58_6074_reg_191931     |   23|   0|   23|          0|
    |add_ln58_6075_reg_192140     |   20|   0|   20|          0|
    |add_ln58_6077_reg_192338     |   21|   0|   21|          0|
    |add_ln58_6078_reg_192532     |   20|   0|   20|          0|
    |add_ln58_6081_reg_192699     |   22|   0|   22|          0|
    |add_ln58_6082_reg_192859     |   19|   0|   19|          0|
    |add_ln58_6084_reg_193078     |   20|   0|   20|          0|
    |add_ln58_6085_reg_193275     |   20|   0|   20|          0|
    |add_ln58_6093_reg_187438     |   20|   0|   20|          0|
    |add_ln58_6095_reg_187643     |   21|   0|   21|          0|
    |add_ln58_6099_reg_188025     |   22|   0|   22|          0|
    |add_ln58_6100_reg_188217     |   20|   0|   20|          0|
    |add_ln58_6102_reg_188424     |   21|   0|   21|          0|
    |add_ln58_6103_reg_188633     |   20|   0|   20|          0|
    |add_ln58_6107_reg_188836     |   23|   0|   23|          0|
    |add_ln58_6108_reg_189054     |   20|   0|   20|          0|
    |add_ln58_6110_reg_189248     |   21|   0|   21|          0|
    |add_ln58_6111_reg_189467     |   20|   0|   20|          0|
    |add_ln58_6114_reg_189660     |   22|   0|   22|          0|
    |add_ln58_6115_reg_189881     |   19|   0|   19|          0|
    |add_ln58_6117_reg_190075     |   21|   0|   21|          0|
    |add_ln58_6118_reg_190275     |   20|   0|   20|          0|
    |add_ln58_6123_reg_190464     |   24|   0|   24|          0|
    |add_ln58_6124_reg_190680     |   19|   0|   19|          0|
    |add_ln58_6126_reg_190890     |   21|   0|   21|          0|
    |add_ln58_6127_reg_191101     |   19|   0|   19|          0|
    |add_ln58_6130_reg_191309     |   22|   0|   22|          0|
    |add_ln58_6131_reg_191524     |   19|   0|   19|          0|
    |add_ln58_6133_reg_191737     |   21|   0|   21|          0|
    |add_ln58_6134_reg_191742     |   19|   0|   19|          0|
    |add_ln58_6138_reg_191936     |   23|   0|   23|          0|
    |add_ln58_6139_reg_192145     |   20|   0|   20|          0|
    |add_ln58_6140_reg_192343     |   20|   0|   20|          0|
    |add_ln58_6142_reg_192537     |   15|   0|   15|          0|
    |add_ln58_6145_reg_192704     |   21|   0|   21|          0|
    |add_ln58_6146_reg_192864     |   20|   0|   20|          0|
    |add_ln58_6148_reg_193083     |   21|   0|   21|          0|
    |add_ln58_6149_reg_193280     |   20|   0|   20|          0|
    |add_ln58_6157_reg_187443     |   19|   0|   19|          0|
    |add_ln58_6159_reg_187648     |   21|   0|   21|          0|
    |add_ln58_6160_reg_187852     |   20|   0|   20|          0|
    |add_ln58_6163_reg_188030     |   22|   0|   22|          0|
    |add_ln58_6164_reg_188222     |   20|   0|   20|          0|
    |add_ln58_6166_reg_188429     |   21|   0|   21|          0|
    |add_ln58_6167_reg_188638     |   20|   0|   20|          0|
    |add_ln58_6171_reg_188841     |   23|   0|   23|          0|
    |add_ln58_6172_reg_189059     |   20|   0|   20|          0|
    |add_ln58_6174_reg_189253     |   21|   0|   21|          0|
    |add_ln58_6175_reg_189472     |   20|   0|   20|          0|
    |add_ln58_6178_reg_189665     |   22|   0|   22|          0|
    |add_ln58_6179_reg_189886     |   19|   0|   19|          0|
    |add_ln58_6181_reg_190080     |   20|   0|   20|          0|
    |add_ln58_6182_reg_190280     |   20|   0|   20|          0|
    |add_ln58_6187_reg_190469     |   24|   0|   24|          0|
    |add_ln58_6188_reg_190685     |   20|   0|   20|          0|
    |add_ln58_6190_reg_190895     |   21|   0|   21|          0|
    |add_ln58_6191_reg_191106     |   20|   0|   20|          0|
    |add_ln58_6194_reg_191314     |   22|   0|   22|          0|
    |add_ln58_6195_reg_191529     |   20|   0|   20|          0|
    |add_ln58_6197_reg_191747     |   21|   0|   21|          0|
    |add_ln58_6198_reg_191941     |   20|   0|   20|          0|
    |add_ln58_6202_reg_192150     |   23|   0|   23|          0|
    |add_ln58_6203_reg_192348     |   20|   0|   20|          0|
    |add_ln58_6204_reg_192542     |   20|   0|   20|          0|
    |add_ln58_6206_reg_192709     |   19|   0|   19|          0|
    |add_ln58_6209_reg_192869     |   21|   0|   21|          0|
    |add_ln58_6212_reg_193285     |   20|   0|   20|          0|
    |add_ln58_6221_reg_187448     |   18|   0|   18|          0|
    |add_ln58_6223_reg_187653     |   20|   0|   20|          0|
    |add_ln58_6224_reg_187857     |   20|   0|   20|          0|
    |add_ln58_6227_reg_188035     |   22|   0|   22|          0|
    |add_ln58_6228_reg_188227     |   20|   0|   20|          0|
    |add_ln58_6230_reg_188434     |   21|   0|   21|          0|
    |add_ln58_6231_reg_188643     |   20|   0|   20|          0|
    |add_ln58_6235_reg_188846     |   23|   0|   23|          0|
    |add_ln58_6236_reg_189064     |   20|   0|   20|          0|
    |add_ln58_6238_reg_189258     |   21|   0|   21|          0|
    |add_ln58_6239_reg_189477     |   20|   0|   20|          0|
    |add_ln58_6242_reg_189670     |   22|   0|   22|          0|
    |add_ln58_6243_reg_189891     |   20|   0|   20|          0|
    |add_ln58_6245_reg_190085     |   21|   0|   21|          0|
    |add_ln58_6246_reg_190285     |   20|   0|   20|          0|
    |add_ln58_6251_reg_190474     |   24|   0|   24|          0|
    |add_ln58_6252_reg_190690     |   20|   0|   20|          0|
    |add_ln58_6254_reg_190900     |   21|   0|   21|          0|
    |add_ln58_6255_reg_191111     |   20|   0|   20|          0|
    |add_ln58_6258_reg_191319     |   22|   0|   22|          0|
    |add_ln58_6259_reg_191534     |   20|   0|   20|          0|
    |add_ln58_6261_reg_191752     |   21|   0|   21|          0|
    |add_ln58_6266_reg_191946     |   23|   0|   23|          0|
    |add_ln58_6267_reg_192155     |   20|   0|   20|          0|
    |add_ln58_6269_reg_192353     |   21|   0|   21|          0|
    |add_ln58_6273_reg_192714     |   22|   0|   22|          0|
    |add_ln58_6274_reg_192874     |   20|   0|   20|          0|
    |add_ln58_6276_reg_193088     |   21|   0|   21|          0|
    |add_ln58_6277_reg_193290     |   19|   0|   19|          0|
    |add_ln58_6285_reg_187453     |   20|   0|   20|          0|
    |add_ln58_6287_reg_187658     |   21|   0|   21|          0|
    |add_ln58_6291_reg_188040     |   22|   0|   22|          0|
    |add_ln58_6292_reg_188232     |   19|   0|   19|          0|
    |add_ln58_6294_reg_188439     |   20|   0|   20|          0|
    |add_ln58_6295_reg_188648     |   20|   0|   20|          0|
    |add_ln58_6299_reg_188851     |   23|   0|   23|          0|
    |add_ln58_6300_reg_189069     |   19|   0|   19|          0|
    |add_ln58_6302_reg_189263     |   21|   0|   21|          0|
    |add_ln58_6303_reg_189482     |   18|   0|   18|          0|
    |add_ln58_6306_reg_189675     |   22|   0|   22|          0|
    |add_ln58_6307_reg_189896     |   20|   0|   20|          0|
    |add_ln58_6309_reg_190090     |   21|   0|   21|          0|
    |add_ln58_6310_reg_190290     |   20|   0|   20|          0|
    |add_ln58_6315_reg_190479     |   24|   0|   24|          0|
    |add_ln58_6316_reg_190695     |   20|   0|   20|          0|
    |add_ln58_6318_reg_190905     |   21|   0|   21|          0|
    |add_ln58_6319_reg_191116     |   20|   0|   20|          0|
    |add_ln58_6322_reg_191324     |   22|   0|   22|          0|
    |add_ln58_6323_reg_191539     |   20|   0|   20|          0|
    |add_ln58_6324_reg_191757     |   20|   0|   20|          0|
    |add_ln58_6330_reg_191951     |   23|   0|   23|          0|
    |add_ln58_6331_reg_192160     |   19|   0|   19|          0|
    |add_ln58_6333_reg_192358     |   20|   0|   20|          0|
    |add_ln58_6337_reg_192719     |   21|   0|   21|          0|
    |add_ln58_6338_reg_192879     |   19|   0|   19|          0|
    |add_ln58_6340_reg_193093     |   20|   0|   20|          0|
    |add_ln58_6341_reg_193295     |   20|   0|   20|          0|
    |add_ln58_6349_reg_187458     |   20|   0|   20|          0|
    |add_ln58_6351_reg_187663     |   21|   0|   21|          0|
    |add_ln58_6352_reg_187862     |   20|   0|   20|          0|
    |add_ln58_6355_reg_188045     |   22|   0|   22|          0|
    |add_ln58_6356_reg_188237     |   20|   0|   20|          0|
    |add_ln58_6358_reg_188444     |   21|   0|   21|          0|
    |add_ln58_6359_reg_188653     |   19|   0|   19|          0|
    |add_ln58_6363_reg_188856     |   23|   0|   23|          0|
    |add_ln58_6364_reg_189074     |   19|   0|   19|          0|
    |add_ln58_6366_reg_189268     |   20|   0|   20|          0|
    |add_ln58_6367_reg_189487     |   20|   0|   20|          0|
    |add_ln58_6370_reg_189680     |   21|   0|   21|          0|
    |add_ln58_6371_reg_189901     |   19|   0|   19|          0|
    |add_ln58_6372_reg_190095     |   20|   0|   20|          0|
    |add_ln58_6374_reg_190295     |   19|   0|   19|          0|
    |add_ln58_6379_reg_190484     |   24|   0|   24|          0|
    |add_ln58_6380_reg_190700     |   20|   0|   20|          0|
    |add_ln58_6381_reg_190910     |   18|   0|   18|          0|
    |add_ln58_6386_reg_191329     |   21|   0|   21|          0|
    |add_ln58_6387_reg_191544     |   19|   0|   19|          0|
    |add_ln58_6389_reg_191762     |   20|   0|   20|          0|
    |add_ln58_6390_reg_191767     |   20|   0|   20|          0|
    |add_ln58_6394_reg_191956     |   23|   0|   23|          0|
    |add_ln58_6397_reg_192363     |   20|   0|   20|          0|
    |add_ln58_6398_reg_192547     |   20|   0|   20|          0|
    |add_ln58_6401_reg_192724     |   22|   0|   22|          0|
    |add_ln58_6402_reg_192884     |   20|   0|   20|          0|
    |add_ln58_6404_reg_193098     |   21|   0|   21|          0|
    |add_ln58_6405_reg_193300     |   20|   0|   20|          0|
    |add_ln58_6413_reg_187463     |   20|   0|   20|          0|
    |add_ln58_6415_reg_187668     |   21|   0|   21|          0|
    |add_ln58_6416_reg_187867     |   19|   0|   19|          0|
    |add_ln58_6419_reg_188050     |   22|   0|   22|          0|
    |add_ln58_6420_reg_188242     |   20|   0|   20|          0|
    |add_ln58_6422_reg_188449     |   21|   0|   21|          0|
    |add_ln58_6423_reg_188658     |   20|   0|   20|          0|
    |add_ln58_6427_reg_188861     |   23|   0|   23|          0|
    |add_ln58_6428_reg_189079     |   20|   0|   20|          0|
    |add_ln58_6430_reg_189273     |   21|   0|   21|          0|
    |add_ln58_6431_reg_189492     |   20|   0|   20|          0|
    |add_ln58_6434_reg_189685     |   22|   0|   22|          0|
    |add_ln58_6435_reg_189906     |   20|   0|   20|          0|
    |add_ln58_6437_reg_190100     |   21|   0|   21|          0|
    |add_ln58_6438_reg_190300     |   20|   0|   20|          0|
    |add_ln58_6443_reg_190489     |   24|   0|   24|          0|
    |add_ln58_6444_reg_190705     |   20|   0|   20|          0|
    |add_ln58_6446_reg_190915     |   21|   0|   21|          0|
    |add_ln58_6447_reg_191121     |   19|   0|   19|          0|
    |add_ln58_6450_reg_191334     |   22|   0|   22|          0|
    |add_ln58_6453_reg_191549     |   20|   0|   20|          0|
    |add_ln58_6454_reg_191961     |   20|   0|   20|          0|
    |add_ln58_6458_reg_192165     |   23|   0|   23|          0|
    |add_ln58_6459_reg_192170     |   20|   0|   20|          0|
    |add_ln58_6461_reg_192368     |   21|   0|   21|          0|
    |add_ln58_6465_reg_192729     |   22|   0|   22|          0|
    |add_ln58_6466_reg_192889     |   20|   0|   20|          0|
    |add_ln58_6468_reg_193103     |   21|   0|   21|          0|
    |add_ln58_6469_reg_193305     |   20|   0|   20|          0|
    |add_ln58_6477_reg_187468     |   21|   0|   21|          0|
    |add_ln58_6478_reg_187673     |   20|   0|   20|          0|
    |add_ln58_6483_reg_188055     |   22|   0|   22|          0|
    |add_ln58_6484_reg_188247     |   20|   0|   20|          0|
    |add_ln58_6486_reg_188454     |   21|   0|   21|          0|
    |add_ln58_6487_reg_188663     |   19|   0|   19|          0|
    |add_ln58_6491_reg_188866     |   23|   0|   23|          0|
    |add_ln58_6492_reg_189084     |   20|   0|   20|          0|
    |add_ln58_6494_reg_189278     |   21|   0|   21|          0|
    |add_ln58_6495_reg_189497     |   19|   0|   19|          0|
    |add_ln58_6498_reg_189690     |   22|   0|   22|          0|
    |add_ln58_6499_reg_189911     |   20|   0|   20|          0|
    |add_ln58_6501_reg_190105     |   21|   0|   21|          0|
    |add_ln58_6502_reg_190305     |   19|   0|   19|          0|
    |add_ln58_6507_reg_190494     |   24|   0|   24|          0|
    |add_ln58_6508_reg_190710     |   20|   0|   20|          0|
    |add_ln58_6510_reg_190920     |   21|   0|   21|          0|
    |add_ln58_6511_reg_191126     |   20|   0|   20|          0|
    |add_ln58_6514_reg_191339     |   22|   0|   22|          0|
    |add_ln58_6515_reg_191554     |   20|   0|   20|          0|
    |add_ln58_6517_reg_191772     |   21|   0|   21|          0|
    |add_ln58_6518_reg_191966     |   20|   0|   20|          0|
    |add_ln58_6522_reg_192175     |   23|   0|   23|          0|
    |add_ln58_6525_reg_192373     |   20|   0|   20|          0|
    |add_ln58_6526_reg_192552     |   19|   0|   19|          0|
    |add_ln58_6529_reg_192734     |   21|   0|   21|          0|
    |add_ln58_6530_reg_192894     |   19|   0|   19|          0|
    |add_ln58_6532_reg_193108     |   20|   0|   20|          0|
    |add_ln58_6533_reg_193310     |   19|   0|   19|          0|
    |add_ln58_6541_reg_187473     |   18|   0|   18|          0|
    |add_ln58_6543_reg_187678     |   20|   0|   20|          0|
    |add_ln58_6544_reg_187872     |   20|   0|   20|          0|
    |add_ln58_6547_reg_188060     |   22|   0|   22|          0|
    |add_ln58_6548_reg_188252     |   18|   0|   18|          0|
    |add_ln58_6550_reg_188459     |   20|   0|   20|          0|
    |add_ln58_6551_reg_188668     |   20|   0|   20|          0|
    |add_ln58_6555_reg_188871     |   23|   0|   23|          0|
    |add_ln58_6556_reg_189089     |   20|   0|   20|          0|
    |add_ln58_6557_reg_189283     |   20|   0|   20|          0|
    |add_ln58_6559_reg_189502     |   17|   0|   17|          0|
    |add_ln58_6562_reg_189695     |   21|   0|   21|          0|
    |add_ln58_6563_reg_189916     |   20|   0|   20|          0|
    |add_ln58_6565_reg_190110     |   21|   0|   21|          0|
    |add_ln58_6566_reg_190310     |   20|   0|   20|          0|
    |add_ln58_6571_reg_190499     |   24|   0|   24|          0|
    |add_ln58_6572_reg_190715     |   20|   0|   20|          0|
    |add_ln58_6574_reg_190925     |   21|   0|   21|          0|
    |add_ln58_6578_reg_191344     |   22|   0|   22|          0|
    |add_ln58_6581_reg_191559     |   20|   0|   20|          0|
    |add_ln58_6582_reg_191971     |   21|   0|   21|          0|
    |add_ln58_6586_reg_192180     |   23|   0|   23|          0|
    |add_ln58_6589_reg_192378     |   21|   0|   21|          0|
    |add_ln58_6590_reg_192557     |   20|   0|   20|          0|
    |add_ln58_6593_reg_192739     |   22|   0|   22|          0|
    |add_ln58_6594_reg_192899     |   20|   0|   20|          0|
    |add_ln58_6596_reg_193113     |   21|   0|   21|          0|
    |add_ln58_6597_reg_193315     |   19|   0|   19|          0|
    |add_ln58_6605_reg_187478     |   20|   0|   20|          0|
    |add_ln58_6607_reg_187683     |   21|   0|   21|          0|
    |add_ln58_6611_reg_188065     |   22|   0|   22|          0|
    |add_ln58_6612_reg_188257     |   20|   0|   20|          0|
    |add_ln58_6614_reg_188464     |   21|   0|   21|          0|
    |add_ln58_6615_reg_188673     |   19|   0|   19|          0|
    |add_ln58_6619_reg_188876     |   23|   0|   23|          0|
    |add_ln58_6620_reg_189094     |   18|   0|   18|          0|
    |add_ln58_6622_reg_189288     |   20|   0|   20|          0|
    |add_ln58_6623_reg_189507     |   20|   0|   20|          0|
    |add_ln58_6626_reg_189700     |   22|   0|   22|          0|
    |add_ln58_6627_reg_189921     |   20|   0|   20|          0|
    |add_ln58_6628_reg_190115     |   21|   0|   21|          0|
    |add_ln58_6630_reg_190315     |   19|   0|   19|          0|
    |add_ln58_6635_reg_190504     |   24|   0|   24|          0|
    |add_ln58_6636_reg_190720     |   20|   0|   20|          0|
    |add_ln58_6638_reg_190930     |   21|   0|   21|          0|
    |add_ln58_6639_reg_191131     |   19|   0|   19|          0|
    |add_ln58_6642_reg_191349     |   22|   0|   22|          0|
    |add_ln58_6643_reg_191564     |   20|   0|   20|          0|
    |add_ln58_6645_reg_191777     |   21|   0|   21|          0|
    |add_ln58_6646_reg_191976     |   19|   0|   19|          0|
    |add_ln58_6650_reg_192185     |   23|   0|   23|          0|
    |add_ln58_6651_reg_192383     |   17|   0|   17|          0|
    |add_ln58_6653_reg_192562     |   18|   0|   18|          0|
    |add_ln58_6654_reg_192567     |   20|   0|   20|          0|
    |add_ln58_6657_reg_192744     |   22|   0|   22|          0|
    |add_ln58_6658_reg_192904     |   18|   0|   18|          0|
    |add_ln58_6660_reg_193118     |   20|   0|   20|          0|
    |add_ln58_6661_reg_193320     |   20|   0|   20|          0|
    |add_ln58_6669_reg_187483     |   20|   0|   20|          0|
    |add_ln58_6671_reg_187688     |   21|   0|   21|          0|
    |add_ln58_6672_reg_187877     |   20|   0|   20|          0|
    |add_ln58_6675_reg_188070     |   22|   0|   22|          0|
    |add_ln58_6676_reg_188262     |   19|   0|   19|          0|
    |add_ln58_6678_reg_188469     |   20|   0|   20|          0|
    |add_ln58_6679_reg_188678     |   20|   0|   20|          0|
    |add_ln58_6683_reg_188881     |   23|   0|   23|          0|
    |add_ln58_6684_reg_189099     |   20|   0|   20|          0|
    |add_ln58_6686_reg_189293     |   21|   0|   21|          0|
    |add_ln58_6687_reg_189512     |   19|   0|   19|          0|
    |add_ln58_6690_reg_189705     |   22|   0|   22|          0|
    |add_ln58_6693_reg_189926     |   21|   0|   21|          0|
    |add_ln58_6694_reg_190320     |   19|   0|   19|          0|
    |add_ln58_6699_reg_190509     |   24|   0|   24|          0|
    |add_ln58_6702_reg_190935     |   20|   0|   20|          0|
    |add_ln58_6703_reg_191136     |   20|   0|   20|          0|
    |add_ln58_6706_reg_191354     |   22|   0|   22|          0|
    |add_ln58_6707_reg_191569     |   20|   0|   20|          0|
    |add_ln58_6709_reg_191782     |   21|   0|   21|          0|
    |add_ln58_6710_reg_191981     |   20|   0|   20|          0|
    |add_ln58_6714_reg_192190     |   23|   0|   23|          0|
    |add_ln58_6715_reg_192388     |   20|   0|   20|          0|
    |add_ln58_6717_reg_192572     |   21|   0|   21|          0|
    |add_ln58_6718_reg_192577     |   20|   0|   20|          0|
    |add_ln58_6721_reg_192749     |   22|   0|   22|          0|
    |add_ln58_6722_reg_192909     |   20|   0|   20|          0|
    |add_ln58_6724_reg_193123     |   21|   0|   21|          0|
    |add_ln58_6725_reg_193325     |   20|   0|   20|          0|
    |add_ln58_6733_reg_187488     |   20|   0|   20|          0|
    |add_ln58_6735_reg_187693     |   21|   0|   21|          0|
    |add_ln58_6736_reg_187882     |   19|   0|   19|          0|
    |add_ln58_6739_reg_188075     |   22|   0|   22|          0|
    |add_ln58_6742_reg_188474     |   20|   0|   20|          0|
    |add_ln58_6743_reg_188683     |   21|   0|   21|          0|
    |add_ln58_6747_reg_188886     |   23|   0|   23|          0|
    |add_ln58_6748_reg_189104     |   19|   0|   19|          0|
    |add_ln58_6750_reg_189298     |   20|   0|   20|          0|
    |add_ln58_6751_reg_189517     |   19|   0|   19|          0|
    |add_ln58_6754_reg_189710     |   21|   0|   21|          0|
    |add_ln58_6755_reg_189931     |   20|   0|   20|          0|
    |add_ln58_6757_reg_190120     |   21|   0|   21|          0|
    |add_ln58_6758_reg_190325     |   20|   0|   20|          0|
    |add_ln58_6763_reg_190514     |   24|   0|   24|          0|
    |add_ln58_6764_reg_190725     |   20|   0|   20|          0|
    |add_ln58_6766_reg_190940     |   21|   0|   21|          0|
    |add_ln58_6767_reg_191141     |   19|   0|   19|          0|
    |add_ln58_6770_reg_191359     |   22|   0|   22|          0|
    |add_ln58_6771_reg_191574     |   20|   0|   20|          0|
    |add_ln58_6773_reg_191787     |   21|   0|   21|          0|
    |add_ln58_6774_reg_191986     |   20|   0|   20|          0|
    |add_ln58_6778_reg_192195     |   23|   0|   23|          0|
    |add_ln58_6779_reg_192393     |   20|   0|   20|          0|
    |add_ln58_6781_reg_192582     |   21|   0|   21|          0|
    |add_ln58_6782_reg_192587     |   17|   0|   17|          0|
    |add_ln58_6785_reg_192754     |   22|   0|   22|          0|
    |add_ln58_6786_reg_192914     |   20|   0|   20|          0|
    |add_ln58_6788_reg_193128     |   21|   0|   21|          0|
    |add_ln58_6789_reg_193330     |   20|   0|   20|          0|
    |add_ln58_6797_reg_187493     |   20|   0|   20|          0|
    |add_ln58_6799_reg_187698     |   21|   0|   21|          0|
    |add_ln58_6800_reg_187887     |   20|   0|   20|          0|
    |add_ln58_6803_reg_188080     |   22|   0|   22|          0|
    |add_ln58_6804_reg_188267     |   20|   0|   20|          0|
    |add_ln58_6806_reg_188479     |   21|   0|   21|          0|
    |add_ln58_6807_reg_188688     |   19|   0|   19|          0|
    |add_ln58_6811_reg_188891     |   23|   0|   23|          0|
    |add_ln58_6812_reg_189109     |   20|   0|   20|          0|
    |add_ln58_6813_reg_189303     |   20|   0|   20|          0|
    |add_ln58_6818_reg_189715     |   21|   0|   21|          0|
    |add_ln58_6821_reg_189936     |   20|   0|   20|          0|
    |add_ln58_6822_reg_190330     |   20|   0|   20|          0|
    |add_ln58_6827_reg_190519     |   24|   0|   24|          0|
    |add_ln58_6828_reg_190730     |   19|   0|   19|          0|
    |add_ln58_6830_reg_190945     |   20|   0|   20|          0|
    |add_ln58_6831_reg_191146     |   20|   0|   20|          0|
    |add_ln58_6834_reg_191364     |   22|   0|   22|          0|
    |add_ln58_6835_reg_191579     |   20|   0|   20|          0|
    |add_ln58_6837_reg_191792     |   21|   0|   21|          0|
    |add_ln58_6838_reg_191991     |   20|   0|   20|          0|
    |add_ln58_6842_reg_192200     |   23|   0|   23|          0|
    |add_ln58_6843_reg_192398     |   20|   0|   20|          0|
    |add_ln58_6845_reg_192592     |   21|   0|   21|          0|
    |add_ln58_6849_reg_192759     |   22|   0|   22|          0|
    |add_ln58_6850_reg_192919     |   19|   0|   19|          0|
    |add_ln58_6852_reg_193133     |   21|   0|   21|          0|
    |add_ln58_6853_reg_193335     |   20|   0|   20|          0|
    |add_ln58_6861_reg_187498     |   20|   0|   20|          0|
    |add_ln58_6863_reg_187703     |   21|   0|   21|          0|
    |add_ln58_6864_reg_187892     |   19|   0|   19|          0|
    |add_ln58_6867_reg_188085     |   22|   0|   22|          0|
    |add_ln58_6868_reg_188272     |   19|   0|   19|          0|
    |add_ln58_6870_reg_188484     |   21|   0|   21|          0|
    |add_ln58_6871_reg_188693     |   19|   0|   19|          0|
    |add_ln58_6875_reg_188896     |   23|   0|   23|          0|
    |add_ln58_6876_reg_189114     |   20|   0|   20|          0|
    |add_ln58_6877_reg_189308     |   20|   0|   20|          0|
    |add_ln58_6879_reg_189522     |   18|   0|   18|          0|
    |add_ln58_6882_reg_189720     |   21|   0|   21|          0|
    |add_ln58_6883_reg_189941     |   20|   0|   20|          0|
    |add_ln58_6885_reg_190125     |   21|   0|   21|          0|
    |add_ln58_6886_reg_190335     |   19|   0|   19|          0|
    |add_ln58_6891_reg_190524     |   24|   0|   24|          0|
    |add_ln58_6892_reg_190735     |   20|   0|   20|          0|
    |add_ln58_6894_reg_190950     |   21|   0|   21|          0|
    |add_ln58_6895_reg_191151     |   19|   0|   19|          0|
    |add_ln58_6898_reg_191369     |   22|   0|   22|          0|
    |add_ln58_6899_reg_191584     |   20|   0|   20|          0|
    |add_ln58_6901_reg_191797     |   21|   0|   21|          0|
    |add_ln58_6902_reg_191996     |   20|   0|   20|          0|
    |add_ln58_6906_reg_192205     |   23|   0|   23|          0|
    |add_ln58_6907_reg_192403     |   20|   0|   20|          0|
    |add_ln58_6909_reg_192597     |   21|   0|   21|          0|
    |add_ln58_6913_reg_192764     |   22|   0|   22|          0|
    |add_ln58_6914_reg_192924     |   19|   0|   19|          0|
    |add_ln58_6916_reg_193138     |   21|   0|   21|          0|
    |add_ln58_6917_reg_193340     |   17|   0|   17|          0|
    |add_ln58_6925_reg_187503     |   20|   0|   20|          0|
    |add_ln58_6927_reg_187708     |   21|   0|   21|          0|
    |add_ln58_6931_reg_188090     |   22|   0|   22|          0|
    |add_ln58_6932_reg_188277     |   20|   0|   20|          0|
    |add_ln58_6934_reg_188489     |   21|   0|   21|          0|
    |add_ln58_6935_reg_188698     |   20|   0|   20|          0|
    |add_ln58_6939_reg_188901     |   23|   0|   23|          0|
    |add_ln58_6940_reg_189119     |   20|   0|   20|          0|
    |add_ln58_6941_reg_189313     |   21|   0|   21|          0|
    |add_ln58_6943_reg_189527     |   20|   0|   20|          0|
    |add_ln58_6946_reg_189725     |   22|   0|   22|          0|
    |add_ln58_6947_reg_189946     |   20|   0|   20|          0|
    |add_ln58_6949_reg_190130     |   21|   0|   21|          0|
    |add_ln58_6950_reg_190340     |   20|   0|   20|          0|
    |add_ln58_6955_reg_190529     |   24|   0|   24|          0|
    |add_ln58_6956_reg_190740     |   20|   0|   20|          0|
    |add_ln58_6957_reg_190955     |   21|   0|   21|          0|
    |add_ln58_6959_reg_191156     |   20|   0|   20|          0|
    |add_ln58_6962_reg_191374     |   22|   0|   22|          0|
    |add_ln58_6963_reg_191589     |   20|   0|   20|          0|
    |add_ln58_6965_reg_191802     |   21|   0|   21|          0|
    |add_ln58_6966_reg_192001     |   20|   0|   20|          0|
    |add_ln58_6970_reg_192210     |   23|   0|   23|          0|
    |add_ln58_6971_reg_192408     |   20|   0|   20|          0|
    |add_ln58_6973_reg_192602     |   21|   0|   21|          0|
    |add_ln58_6977_reg_192769     |   22|   0|   22|          0|
    |add_ln58_6978_reg_192929     |   20|   0|   20|          0|
    |add_ln58_6980_reg_193143     |   21|   0|   21|          0|
    |add_ln58_6989_reg_187508     |   20|   0|   20|          0|
    |add_ln58_6991_reg_187713     |   21|   0|   21|          0|
    |add_ln58_6992_reg_187897     |   19|   0|   19|          0|
    |add_ln58_6995_reg_188095     |   22|   0|   22|          0|
    |add_ln58_6996_reg_188282     |   19|   0|   19|          0|
    |add_ln58_6998_reg_188494     |   20|   0|   20|          0|
    |add_ln58_6999_reg_188703     |   20|   0|   20|          0|
    |add_ln58_7003_reg_188906     |   23|   0|   23|          0|
    |add_ln58_7006_reg_189318     |   20|   0|   20|          0|
    |add_ln58_7010_reg_189730     |   21|   0|   21|          0|
    |add_ln58_7011_reg_189951     |   19|   0|   19|          0|
    |add_ln58_7013_reg_190135     |   21|   0|   21|          0|
    |add_ln58_7014_reg_190345     |   20|   0|   20|          0|
    |add_ln58_7019_reg_190534     |   24|   0|   24|          0|
    |add_ln58_7020_reg_190745     |   20|   0|   20|          0|
    |add_ln58_7022_reg_190960     |   21|   0|   21|          0|
    |add_ln58_7023_reg_191161     |   20|   0|   20|          0|
    |add_ln58_7026_reg_191379     |   22|   0|   22|          0|
    |add_ln58_7027_reg_191594     |   20|   0|   20|          0|
    |add_ln58_7029_reg_191807     |   21|   0|   21|          0|
    |add_ln58_7030_reg_192006     |   20|   0|   20|          0|
    |add_ln58_7034_reg_192215     |   23|   0|   23|          0|
    |add_ln58_7035_reg_192413     |   19|   0|   19|          0|
    |add_ln58_7037_reg_192607     |   20|   0|   20|          0|
    |add_ln58_7041_reg_192774     |   22|   0|   22|          0|
    |add_ln58_7042_reg_192934     |   20|   0|   20|          0|
    |add_ln58_7044_reg_193148     |   21|   0|   21|          0|
    |add_ln58_7045_reg_193345     |   20|   0|   20|          0|
    |add_ln58_7053_reg_187513     |   20|   0|   20|          0|
    |add_ln58_7055_reg_187718     |   21|   0|   21|          0|
    |add_ln58_7056_reg_187902     |   20|   0|   20|          0|
    |add_ln58_7059_reg_188100     |   22|   0|   22|          0|
    |add_ln58_7060_reg_188287     |   20|   0|   20|          0|
    |add_ln58_7062_reg_188499     |   21|   0|   21|          0|
    |add_ln58_7063_reg_188708     |   20|   0|   20|          0|
    |add_ln58_7067_reg_188911     |   23|   0|   23|          0|
    |add_ln58_7068_reg_189124     |   19|   0|   19|          0|
    |add_ln58_7070_reg_189323     |   20|   0|   20|          0|
    |add_ln58_7074_reg_189735     |   21|   0|   21|          0|
    |add_ln58_7075_reg_189956     |   19|   0|   19|          0|
    |add_ln58_7077_reg_190140     |   21|   0|   21|          0|
    |add_ln58_7078_reg_190350     |   20|   0|   20|          0|
    |add_ln58_7083_reg_190539     |   24|   0|   24|          0|
    |add_ln58_7084_reg_190750     |   18|   0|   18|          0|
    |add_ln58_7086_reg_190965     |   20|   0|   20|          0|
    |add_ln58_7090_reg_191384     |   21|   0|   21|          0|
    |add_ln58_7091_reg_191599     |   20|   0|   20|          0|
    |add_ln58_7093_reg_191812     |   21|   0|   21|          0|
    |add_ln58_7094_reg_192011     |   20|   0|   20|          0|
    |add_ln58_7098_reg_192220     |   23|   0|   23|          0|
    |add_ln58_7099_reg_192418     |   20|   0|   20|          0|
    |add_ln58_7101_reg_192612     |   21|   0|   21|          0|
    |add_ln58_7105_reg_192779     |   22|   0|   22|          0|
    |add_ln58_7106_reg_192939     |   20|   0|   20|          0|
    |add_ln58_7107_reg_193153     |   19|   0|   19|          0|
    |add_ln58_7119_reg_187723     |   20|   0|   20|          0|
    |add_ln58_7120_reg_187907     |   20|   0|   20|          0|
    |add_ln58_7123_reg_188105     |   22|   0|   22|          0|
    |add_ln58_7124_reg_188292     |   20|   0|   20|          0|
    |add_ln58_7126_reg_188504     |   21|   0|   21|          0|
    |add_ln58_7127_reg_188713     |   20|   0|   20|          0|
    |add_ln58_7131_reg_188916     |   23|   0|   23|          0|
    |add_ln58_7132_reg_189129     |   20|   0|   20|          0|
    |add_ln58_7134_reg_189328     |   21|   0|   21|          0|
    |add_ln58_7135_reg_189532     |   20|   0|   20|          0|
    |add_ln58_7138_reg_189740     |   22|   0|   22|          0|
    |add_ln58_7139_reg_189961     |   20|   0|   20|          0|
    |add_ln58_7141_reg_190145     |   21|   0|   21|          0|
    |add_ln58_7142_reg_190355     |   20|   0|   20|          0|
    |add_ln58_7147_reg_190544     |   24|   0|   24|          0|
    |add_ln58_7148_reg_190755     |   19|   0|   19|          0|
    |add_ln58_7150_reg_190970     |   21|   0|   21|          0|
    |add_ln58_7151_reg_191166     |   20|   0|   20|          0|
    |add_ln58_7154_reg_191389     |   22|   0|   22|          0|
    |add_ln58_7155_reg_191604     |   20|   0|   20|          0|
    |add_ln58_7157_reg_191817     |   21|   0|   21|          0|
    |add_ln58_7158_reg_192016     |   20|   0|   20|          0|
    |add_ln58_7162_reg_192225     |   23|   0|   23|          0|
    |add_ln58_7163_reg_192423     |   20|   0|   20|          0|
    |add_ln58_7165_reg_192617     |   21|   0|   21|          0|
    |add_ln58_7169_reg_192784     |   22|   0|   22|          0|
    |add_ln58_7170_reg_192944     |   19|   0|   19|          0|
    |add_ln58_7172_reg_193158     |   21|   0|   21|          0|
    |add_ln58_7173_reg_193350     |   20|   0|   20|          0|
    |add_ln58_7181_reg_187518     |   20|   0|   20|          0|
    |add_ln58_7183_reg_187728     |   21|   0|   21|          0|
    |add_ln58_7184_reg_187912     |   20|   0|   20|          0|
    |add_ln58_7187_reg_188110     |   22|   0|   22|          0|
    |add_ln58_7188_reg_188297     |   20|   0|   20|          0|
    |add_ln58_7190_reg_188509     |   21|   0|   21|          0|
    |add_ln58_7191_reg_188718     |   20|   0|   20|          0|
    |add_ln58_7195_reg_188921     |   23|   0|   23|          0|
    |add_ln58_7196_reg_189134     |   19|   0|   19|          0|
    |add_ln58_7198_reg_189333     |   21|   0|   21|          0|
    |add_ln58_7199_reg_189537     |   20|   0|   20|          0|
    |add_ln58_7202_reg_189745     |   22|   0|   22|          0|
    |add_ln58_7203_reg_189966     |   19|   0|   19|          0|
    |add_ln58_7205_reg_190150     |   21|   0|   21|          0|
    |add_ln58_7206_reg_190360     |   19|   0|   19|          0|
    |add_ln58_7211_reg_190549     |   24|   0|   24|          0|
    |add_ln58_7212_reg_190760     |   19|   0|   19|          0|
    |add_ln58_7214_reg_190975     |   20|   0|   20|          0|
    |add_ln58_7215_reg_191171     |   20|   0|   20|          0|
    |add_ln58_7218_reg_191394     |   21|   0|   21|          0|
    |add_ln58_7219_reg_191609     |   19|   0|   19|          0|
    |add_ln58_7221_reg_191822     |   20|   0|   20|          0|
    |add_ln58_7222_reg_192021     |   19|   0|   19|          0|
    |add_ln58_7226_reg_192230     |   22|   0|   22|          0|
    |add_ln58_7227_reg_192428     |   20|   0|   20|          0|
    |add_ln58_7229_reg_192622     |   21|   0|   21|          0|
    |add_ln58_7230_reg_192789     |   20|   0|   20|          0|
    |add_ln58_7233_reg_192949     |   22|   0|   22|          0|
    |add_ln58_7234_reg_192954     |   18|   0|   18|          0|
    |add_ln58_7236_reg_193163     |   19|   0|   19|          0|
    |add_ln58_7237_reg_193355     |   20|   0|   20|          0|
    |add_ln58_7245_reg_187523     |   20|   0|   20|          0|
    |add_ln58_7247_reg_187733     |   21|   0|   21|          0|
    |add_ln58_7248_reg_187917     |   18|   0|   18|          0|
    |add_ln58_7251_reg_188115     |   22|   0|   22|          0|
    |add_ln58_7252_reg_188302     |   20|   0|   20|          0|
    |add_ln58_7254_reg_188514     |   21|   0|   21|          0|
    |add_ln58_7255_reg_188723     |   19|   0|   19|          0|
    |add_ln58_7259_reg_188926     |   23|   0|   23|          0|
    |add_ln58_7260_reg_189139     |   20|   0|   20|          0|
    |add_ln58_7262_reg_189338     |   21|   0|   21|          0|
    |add_ln58_7263_reg_189542     |   20|   0|   20|          0|
    |add_ln58_7266_reg_189750     |   22|   0|   22|          0|
    |add_ln58_7267_reg_189971     |   18|   0|   18|          0|
    |add_ln58_7269_reg_190155     |   20|   0|   20|          0|
    |add_ln58_7275_reg_190554     |   24|   0|   24|          0|
    |add_ln58_7276_reg_190765     |   20|   0|   20|          0|
    |add_ln58_7278_reg_190980     |   21|   0|   21|          0|
    |add_ln58_7279_reg_191176     |   20|   0|   20|          0|
    |add_ln58_7282_reg_191399     |   22|   0|   22|          0|
    |add_ln58_7283_reg_191614     |   20|   0|   20|          0|
    |add_ln58_7285_reg_191827     |   21|   0|   21|          0|
    |add_ln58_7286_reg_192026     |   20|   0|   20|          0|
    |add_ln58_7290_reg_192235     |   23|   0|   23|          0|
    |add_ln58_7291_reg_192433     |   19|   0|   19|          0|
    |add_ln58_7293_reg_192627     |   21|   0|   21|          0|
    |add_ln58_7294_reg_192794     |   20|   0|   20|          0|
    |add_ln58_7297_reg_192959     |   22|   0|   22|          0|
    |add_ln58_7298_reg_192964     |   19|   0|   19|          0|
    |add_ln58_7300_reg_193168     |   21|   0|   21|          0|
    |add_ln58_7301_reg_193360     |   20|   0|   20|          0|
    |add_ln58_7309_reg_187528     |   20|   0|   20|          0|
    |add_ln58_7310_reg_187738     |   20|   0|   20|          0|
    |add_ln58_7312_reg_187922     |   19|   0|   19|          0|
    |add_ln58_7315_reg_188120     |   21|   0|   21|          0|
    |add_ln58_7316_reg_188307     |   20|   0|   20|          0|
    |add_ln58_7318_reg_188519     |   21|   0|   21|          0|
    |add_ln58_7319_reg_188728     |   19|   0|   19|          0|
    |add_ln58_7323_reg_188931     |   23|   0|   23|          0|
    |add_ln58_7326_reg_189343     |   20|   0|   20|          0|
    |add_ln58_7327_reg_189547     |   20|   0|   20|          0|
    |add_ln58_7330_reg_189755     |   22|   0|   22|          0|
    |add_ln58_7331_reg_189976     |   20|   0|   20|          0|
    |add_ln58_7333_reg_190160     |   21|   0|   21|          0|
    |add_ln58_7334_reg_190365     |   19|   0|   19|          0|
    |add_ln58_7339_reg_190559     |   24|   0|   24|          0|
    |add_ln58_7340_reg_190770     |   20|   0|   20|          0|
    |add_ln58_7342_reg_190985     |   21|   0|   21|          0|
    |add_ln58_7343_reg_191181     |   20|   0|   20|          0|
    |add_ln58_7346_reg_191404     |   22|   0|   22|          0|
    |add_ln58_7347_reg_191619     |   18|   0|   18|          0|
    |add_ln58_7349_reg_191832     |   21|   0|   21|          0|
    |add_ln58_7350_reg_192031     |   20|   0|   20|          0|
    |add_ln58_7354_reg_192240     |   23|   0|   23|          0|
    |add_ln58_7357_reg_192438     |   20|   0|   20|          0|
    |add_ln58_7358_reg_192799     |   20|   0|   20|          0|
    |add_ln58_7361_reg_192969     |   22|   0|   22|          0|
    |add_ln58_7364_reg_193173     |   21|   0|   21|          0|
    |add_ln58_reg_187388          |   20|   0|   20|          0|
    |ap_CS_fsm                    |   31|   0|   31|          0|
    |ap_port_reg_data_10_val      |   16|   0|   16|          0|
    |ap_port_reg_data_11_val      |   16|   0|   16|          0|
    |ap_port_reg_data_12_val      |   16|   0|   16|          0|
    |ap_port_reg_data_13_val      |   16|   0|   16|          0|
    |ap_port_reg_data_14_val      |   16|   0|   16|          0|
    |ap_port_reg_data_15_val      |   16|   0|   16|          0|
    |ap_port_reg_data_16_val      |   16|   0|   16|          0|
    |ap_port_reg_data_17_val      |   16|   0|   16|          0|
    |ap_port_reg_data_18_val      |   16|   0|   16|          0|
    |ap_port_reg_data_19_val      |   16|   0|   16|          0|
    |ap_port_reg_data_20_val      |   16|   0|   16|          0|
    |ap_port_reg_data_21_val      |   16|   0|   16|          0|
    |ap_port_reg_data_22_val      |   16|   0|   16|          0|
    |ap_port_reg_data_23_val      |   16|   0|   16|          0|
    |ap_port_reg_data_24_val      |   16|   0|   16|          0|
    |ap_port_reg_data_25_val      |   16|   0|   16|          0|
    |ap_port_reg_data_26_val      |   16|   0|   16|          0|
    |ap_port_reg_data_27_val      |   16|   0|   16|          0|
    |ap_port_reg_data_28_val      |   16|   0|   16|          0|
    |ap_port_reg_data_29_val      |   16|   0|   16|          0|
    |ap_port_reg_data_30_val      |   16|   0|   16|          0|
    |ap_port_reg_data_31_val      |   16|   0|   16|          0|
    |ap_port_reg_data_32_val      |   16|   0|   16|          0|
    |ap_port_reg_data_33_val      |   16|   0|   16|          0|
    |ap_port_reg_data_34_val      |   16|   0|   16|          0|
    |ap_port_reg_data_35_val      |   16|   0|   16|          0|
    |ap_port_reg_data_36_val      |   16|   0|   16|          0|
    |ap_port_reg_data_37_val      |   16|   0|   16|          0|
    |ap_port_reg_data_38_val      |   16|   0|   16|          0|
    |ap_port_reg_data_39_val      |   16|   0|   16|          0|
    |ap_port_reg_data_3_val       |   16|   0|   16|          0|
    |ap_port_reg_data_40_val      |   16|   0|   16|          0|
    |ap_port_reg_data_41_val      |   16|   0|   16|          0|
    |ap_port_reg_data_42_val      |   16|   0|   16|          0|
    |ap_port_reg_data_43_val      |   16|   0|   16|          0|
    |ap_port_reg_data_44_val      |   16|   0|   16|          0|
    |ap_port_reg_data_45_val      |   16|   0|   16|          0|
    |ap_port_reg_data_46_val      |   16|   0|   16|          0|
    |ap_port_reg_data_47_val      |   16|   0|   16|          0|
    |ap_port_reg_data_48_val      |   16|   0|   16|          0|
    |ap_port_reg_data_49_val      |   16|   0|   16|          0|
    |ap_port_reg_data_4_val       |   16|   0|   16|          0|
    |ap_port_reg_data_50_val      |   16|   0|   16|          0|
    |ap_port_reg_data_51_val      |   16|   0|   16|          0|
    |ap_port_reg_data_52_val      |   16|   0|   16|          0|
    |ap_port_reg_data_53_val      |   16|   0|   16|          0|
    |ap_port_reg_data_54_val      |   16|   0|   16|          0|
    |ap_port_reg_data_55_val      |   16|   0|   16|          0|
    |ap_port_reg_data_56_val      |   16|   0|   16|          0|
    |ap_port_reg_data_57_val      |   16|   0|   16|          0|
    |ap_port_reg_data_58_val      |   16|   0|   16|          0|
    |ap_port_reg_data_59_val      |   16|   0|   16|          0|
    |ap_port_reg_data_5_val       |   16|   0|   16|          0|
    |ap_port_reg_data_60_val      |   16|   0|   16|          0|
    |ap_port_reg_data_61_val      |   16|   0|   16|          0|
    |ap_port_reg_data_62_val      |   16|   0|   16|          0|
    |ap_port_reg_data_63_val      |   16|   0|   16|          0|
    |ap_port_reg_data_6_val       |   16|   0|   16|          0|
    |ap_port_reg_data_7_val       |   16|   0|   16|          0|
    |ap_port_reg_data_8_val       |   16|   0|   16|          0|
    |ap_port_reg_data_9_val       |   16|   0|   16|          0|
    |data_10_val_read_reg_188125  |   16|   0|   16|          0|
    |data_12_val_read_reg_188312  |   16|   0|   16|          0|
    |data_14_val_read_reg_188524  |   16|   0|   16|          0|
    |data_16_val_read_reg_188733  |   16|   0|   16|          0|
    |data_18_val_read_reg_188936  |   16|   0|   16|          0|
    |data_20_val_read_reg_189144  |   16|   0|   16|          0|
    |data_22_val_read_reg_189348  |   16|   0|   16|          0|
    |data_27_val_read_reg_189760  |   16|   0|   16|          0|
    |data_28_val_read_reg_189981  |   16|   0|   16|          0|
    |data_2_val_read_reg_187361   |   16|   0|   16|          0|
    |data_31_val_read_reg_190165  |   16|   0|   16|          0|
    |data_33_val_read_reg_190370  |   16|   0|   16|          0|
    |data_34_val_read_reg_190572  |   16|   0|   16|          0|
    |data_35_val_read_reg_190564  |   16|   0|   16|          0|
    |data_37_val_read_reg_190775  |   16|   0|   16|          0|
    |data_38_val_read_reg_190996  |   16|   0|   16|          0|
    |data_39_val_read_reg_190990  |   16|   0|   16|          0|
    |data_40_val_read_reg_191186  |   16|   0|   16|          0|
    |data_45_val_read_reg_191624  |   16|   0|   16|          0|
    |data_47_val_read_reg_191837  |   16|   0|   16|          0|
    |data_49_val_read_reg_192036  |   16|   0|   16|          0|
    |data_4_val_read_reg_187533   |   16|   0|   16|          0|
    |data_53_val_read_reg_192443  |   16|   0|   16|          0|
    |data_5_val_read_reg_187750   |   16|   0|   16|          0|
    |data_60_val_read_reg_192974  |   16|   0|   16|          0|
    |data_62_val_read_reg_193178  |   16|   0|   16|          0|
    |data_6_val_read_reg_187743   |   16|   0|   16|          0|
    |mult_5356_reg_187373         |   17|   0|   17|          0|
    |mult_5425_reg_187578         |   15|   0|   15|          0|
    |mult_5449_reg_187758         |   19|   0|   19|          0|
    |mult_5552_reg_187960         |   17|   0|   17|          0|
    |mult_5680_reg_188349         |   16|   0|   16|          0|
    |mult_5681_reg_188354         |   20|   0|   20|          0|
    |mult_5691_reg_188359         |   16|   0|   16|          0|
    |mult_5746_reg_188563         |   16|   0|   16|          0|
    |mult_5754_reg_188568         |   17|   0|   17|          0|
    |mult_5814_reg_188771         |   16|   0|   16|          0|
    |mult_5845_reg_188944         |   13|   0|   13|          0|
    |mult_5866_reg_188949         |   15|   0|   15|          0|
    |mult_5878_reg_188984         |   18|   0|   18|          0|
    |mult_5879_reg_188989         |   18|   0|   18|          0|
    |mult_5885_reg_188994         |   17|   0|   17|          0|
    |mult_5937_reg_189178         |   16|   0|   16|          0|
    |mult_5950_reg_189183         |   17|   0|   17|          0|
    |mult_5961_reg_189355         |   16|   0|   16|          0|
    |mult_5962_reg_189360         |   18|   0|   18|          0|
    |mult_6008_reg_189392         |   17|   0|   17|          0|
    |mult_6012_reg_189397         |   14|   0|   14|          0|
    |mult_6018_reg_189402         |   15|   0|   15|          0|
    |mult_6069_reg_189575         |   18|   0|   18|          0|
    |mult_6071_reg_189580         |   17|   0|   17|          0|
    |mult_6075_reg_189585         |   17|   0|   17|          0|
    |mult_6076_reg_189590         |   18|   0|   18|          0|
    |mult_6080_reg_189595         |   13|   0|   13|          0|
    |mult_6134_reg_189791         |   18|   0|   18|          0|
    |mult_6135_reg_189796         |   20|   0|   20|          0|
    |mult_6137_reg_189801         |   12|   0|   12|          0|
    |mult_6140_reg_189806         |   15|   0|   15|          0|
    |mult_6142_reg_189811         |   15|   0|   15|          0|
    |mult_6147_reg_189816         |   20|   0|   20|          0|
    |mult_6149_reg_189821         |   16|   0|   16|          0|
    |mult_6194_reg_189994         |   17|   0|   17|          0|
    |mult_6195_reg_189999         |   12|   0|   12|          0|
    |mult_6212_reg_190005         |   18|   0|   18|          0|
    |mult_6218_reg_190010         |   17|   0|   17|          0|
    |mult_6252_reg_190174         |   18|   0|   18|          0|
    |mult_6258_reg_190179         |   17|   0|   17|          0|
    |mult_6272_reg_190184         |   17|   0|   17|          0|
    |mult_6275_reg_190189         |   14|   0|   14|          0|
    |mult_6282_reg_190194         |   18|   0|   18|          0|
    |mult_6284_reg_190199         |   17|   0|   17|          0|
    |mult_6319_reg_190380         |   13|   0|   13|          0|
    |mult_6324_reg_190385         |   19|   0|   19|          0|
    |mult_6341_reg_190390         |   16|   0|   16|          0|
    |mult_6345_reg_190395         |   17|   0|   17|          0|
    |mult_6385_reg_190578         |   18|   0|   18|          0|
    |mult_6398_reg_190583         |   16|   0|   16|          0|
    |mult_6406_reg_190588         |   16|   0|   16|          0|
    |mult_6409_reg_190593         |   18|   0|   18|          0|
    |mult_6458_reg_190781         |   18|   0|   18|          0|
    |mult_6463_reg_190786         |   18|   0|   18|          0|
    |mult_6522_reg_191004         |   14|   0|   14|          0|
    |mult_6525_reg_191009         |   17|   0|   17|          0|
    |mult_6554_reg_191041         |   13|   0|   13|          0|
    |mult_6596_reg_191194         |   13|   0|   13|          0|
    |mult_6604_reg_191199         |   15|   0|   15|          0|
    |mult_6647_reg_191409         |   17|   0|   17|          0|
    |mult_6648_reg_191414         |   16|   0|   16|          0|
    |mult_6660_reg_191419         |   16|   0|   16|          0|
    |mult_6664_reg_191424         |   16|   0|   16|          0|
    |mult_6720_reg_191632         |   18|   0|   18|          0|
    |mult_6722_reg_191637         |   13|   0|   13|          0|
    |mult_6783_reg_191842         |   17|   0|   17|          0|
    |mult_6788_reg_191847         |   20|   0|   20|          0|
    |mult_6843_reg_192041         |   17|   0|   17|          0|
    |mult_6845_reg_192046         |   16|   0|   16|          0|
    |mult_6850_reg_192051         |   16|   0|   16|          0|
    |mult_6855_reg_192056         |   14|   0|   14|          0|
    |mult_6914_reg_192245         |   16|   0|   16|          0|
    |mult_6915_reg_192250         |   17|   0|   17|          0|
    |mult_6919_reg_192255         |   18|   0|   18|          0|
    |mult_6958_reg_192452         |   18|   0|   18|          0|
    |mult_6970_reg_192457         |   17|   0|   17|          0|
    |mult_7000_reg_192482         |   18|   0|   18|          0|
    |mult_7064_reg_192639         |   18|   0|   18|          0|
    |mult_7155_reg_192981         |   14|   0|   14|          0|
    |mult_7159_reg_192986         |   15|   0|   15|          0|
    |mult_7187_reg_192991         |   16|   0|   16|          0|
    |mult_7212_reg_193023         |   17|   0|   17|          0|
    |mult_7235_reg_193185         |   20|   0|   20|          0|
    |mult_7251_reg_193190         |   15|   0|   15|          0|
    |mult_7269_reg_193195         |   12|   0|   12|          0|
    |mult_7273_reg_193200         |   17|   0|   17|          0|
    |mult_7275_reg_193220         |   14|   0|   14|          0|
    |reg_153407                   |   17|   0|   17|          0|
    |reg_153411                   |   19|   0|   19|          0|
    |reg_153415                   |   19|   0|   19|          0|
    |reg_153419                   |   19|   0|   19|          0|
    |reg_153423                   |   17|   0|   17|          0|
    |reg_153427                   |   18|   0|   18|          0|
    |reg_153431                   |   19|   0|   19|          0|
    |reg_153435                   |   18|   0|   18|          0|
    |reg_153439                   |   19|   0|   19|          0|
    |reg_153443                   |   18|   0|   18|          0|
    |reg_153447                   |   20|   0|   20|          0|
    |reg_153451                   |   19|   0|   19|          0|
    |reg_153455                   |   19|   0|   19|          0|
    |reg_153459                   |   18|   0|   18|          0|
    |reg_153463                   |   18|   0|   18|          0|
    |reg_153467                   |   18|   0|   18|          0|
    |reg_153471                   |   16|   0|   16|          0|
    |reg_153475                   |   19|   0|   19|          0|
    |reg_153479                   |   18|   0|   18|          0|
    |reg_153483                   |   18|   0|   18|          0|
    |reg_153487                   |   17|   0|   17|          0|
    |reg_153491                   |   17|   0|   17|          0|
    |reg_153495                   |   19|   0|   19|          0|
    |reg_153499                   |   19|   0|   19|          0|
    |reg_153503                   |   19|   0|   19|          0|
    |reg_153507                   |   18|   0|   18|          0|
    |reg_153511                   |   19|   0|   19|          0|
    |reg_153515                   |   19|   0|   19|          0|
    |reg_153519                   |   19|   0|   19|          0|
    |reg_153523                   |   18|   0|   18|          0|
    |reg_153527                   |   19|   0|   19|          0|
    |reg_153531                   |   19|   0|   19|          0|
    |reg_153535                   |   18|   0|   18|          0|
    |reg_153539                   |   18|   0|   18|          0|
    |reg_153543                   |   19|   0|   19|          0|
    |reg_153547                   |   18|   0|   18|          0|
    |reg_153551                   |   19|   0|   19|          0|
    |reg_153555                   |   16|   0|   16|          0|
    |reg_153559                   |   18|   0|   18|          0|
    |reg_153563                   |   19|   0|   19|          0|
    |reg_153567                   |   19|   0|   19|          0|
    |reg_153571                   |   17|   0|   17|          0|
    |reg_153575                   |   19|   0|   19|          0|
    |reg_153579                   |   19|   0|   19|          0|
    |reg_153583                   |   19|   0|   19|          0|
    |reg_153587                   |   17|   0|   17|          0|
    |reg_153591                   |   19|   0|   19|          0|
    |reg_153595                   |   17|   0|   17|          0|
    |reg_153599                   |   18|   0|   18|          0|
    |reg_153603                   |   18|   0|   18|          0|
    |reg_153607                   |   19|   0|   19|          0|
    |reg_153611                   |   16|   0|   16|          0|
    |reg_153615                   |   17|   0|   17|          0|
    |reg_153619                   |   17|   0|   17|          0|
    |reg_153623                   |   16|   0|   16|          0|
    |reg_153627                   |   19|   0|   19|          0|
    |reg_153631                   |   15|   0|   15|          0|
    |reg_153635                   |   19|   0|   19|          0|
    |reg_153639                   |   19|   0|   19|          0|
    |reg_153643                   |   19|   0|   19|          0|
    |reg_153647                   |   17|   0|   17|          0|
    |reg_153651                   |   19|   0|   19|          0|
    |reg_153655                   |   19|   0|   19|          0|
    |reg_153659                   |   18|   0|   18|          0|
    |reg_153663                   |   16|   0|   16|          0|
    |reg_153667                   |   19|   0|   19|          0|
    |reg_153671                   |   19|   0|   19|          0|
    |reg_153675                   |   18|   0|   18|          0|
    |reg_153679                   |   16|   0|   16|          0|
    |reg_153683                   |   18|   0|   18|          0|
    |reg_153687                   |   18|   0|   18|          0|
    |reg_153691                   |   18|   0|   18|          0|
    |reg_153695                   |   14|   0|   14|          0|
    |reg_153699                   |   19|   0|   19|          0|
    |reg_153703                   |   19|   0|   19|          0|
    |reg_153707                   |   18|   0|   18|          0|
    |reg_153711                   |   19|   0|   19|          0|
    |reg_153715                   |   19|   0|   19|          0|
    |reg_153719                   |   19|   0|   19|          0|
    |reg_153723                   |   19|   0|   19|          0|
    |reg_153727                   |   19|   0|   19|          0|
    |reg_153731                   |   19|   0|   19|          0|
    |reg_153735                   |   19|   0|   19|          0|
    |reg_153739                   |   19|   0|   19|          0|
    |reg_153743                   |   18|   0|   18|          0|
    |reg_153747                   |   19|   0|   19|          0|
    |reg_153751                   |   18|   0|   18|          0|
    |reg_153755                   |   19|   0|   19|          0|
    |reg_153759                   |   18|   0|   18|          0|
    |reg_153763                   |   18|   0|   18|          0|
    |reg_153767                   |   18|   0|   18|          0|
    |reg_153771                   |   19|   0|   19|          0|
    |reg_153775                   |   19|   0|   19|          0|
    |reg_153779                   |   19|   0|   19|          0|
    |reg_153783                   |   13|   0|   13|          0|
    |reg_153787                   |   19|   0|   19|          0|
    |reg_153791                   |   19|   0|   19|          0|
    |reg_153795                   |   16|   0|   16|          0|
    |reg_153799                   |   19|   0|   19|          0|
    |reg_153803                   |   17|   0|   17|          0|
    |reg_153807                   |   16|   0|   16|          0|
    |reg_153811                   |   18|   0|   18|          0|
    |reg_153815                   |   17|   0|   17|          0|
    |reg_153819                   |   17|   0|   17|          0|
    |reg_153823                   |   19|   0|   19|          0|
    |reg_153827                   |   17|   0|   17|          0|
    |reg_153831                   |   18|   0|   18|          0|
    |reg_153835                   |   19|   0|   19|          0|
    |reg_153839                   |   18|   0|   18|          0|
    |reg_153843                   |   17|   0|   17|          0|
    |reg_153847                   |   17|   0|   17|          0|
    |reg_153851                   |   17|   0|   17|          0|
    |reg_153855                   |   18|   0|   18|          0|
    |reg_153859                   |   18|   0|   18|          0|
    |reg_153863                   |   17|   0|   17|          0|
    |reg_153867                   |   19|   0|   19|          0|
    |reg_153871                   |   19|   0|   19|          0|
    |reg_153875                   |   18|   0|   18|          0|
    |reg_153879                   |   18|   0|   18|          0|
    |reg_153883                   |   19|   0|   19|          0|
    |reg_153887                   |   18|   0|   18|          0|
    |reg_153891                   |   19|   0|   19|          0|
    |reg_153895                   |   17|   0|   17|          0|
    |reg_153899                   |   19|   0|   19|          0|
    |reg_153903                   |   18|   0|   18|          0|
    |reg_153907                   |   19|   0|   19|          0|
    |reg_153911                   |   19|   0|   19|          0|
    |reg_153915                   |   17|   0|   17|          0|
    |reg_153919                   |   16|   0|   16|          0|
    |reg_153923                   |   19|   0|   19|          0|
    |sext_ln70_648_reg_187378     |   28|   0|   28|          0|
    |sext_ln70_657_reg_187543     |   28|   0|   28|          0|
    |sext_ln70_658_reg_187555     |   25|   0|   25|          0|
    |sext_ln70_659_reg_187561     |   29|   0|   29|          0|
    |sext_ln70_665_reg_187763     |   27|   0|   27|          0|
    |sext_ln70_666_reg_187770     |   28|   0|   28|          0|
    |sext_ln70_667_reg_187778     |   29|   0|   29|          0|
    |sext_ln70_674_reg_187927     |   28|   0|   28|          0|
    |sext_ln70_675_reg_187936     |   29|   0|   29|          0|
    |sext_ln70_676_reg_187953     |   27|   0|   27|          0|
    |sext_ln70_685_reg_188132     |   26|   0|   26|          0|
    |sext_ln70_686_reg_188138     |   28|   0|   28|          0|
    |sext_ln70_687_reg_188147     |   29|   0|   29|          0|
    |sext_ln70_695_reg_188319     |   27|   0|   27|          0|
    |sext_ln70_696_reg_188324     |   29|   0|   29|          0|
    |sext_ln70_697_reg_188336     |   28|   0|   28|          0|
    |sext_ln70_707_reg_188530     |   29|   0|   29|          0|
    |sext_ln70_708_reg_188545     |   26|   0|   26|          0|
    |sext_ln70_709_reg_188550     |   28|   0|   28|          0|
    |sext_ln70_710_reg_188557     |   27|   0|   27|          0|
    |sext_ln70_720_reg_188741     |   28|   0|   28|          0|
    |sext_ln70_721_reg_188748     |   29|   0|   29|          0|
    |sext_ln70_722_reg_188760     |   27|   0|   27|          0|
    |sext_ln70_724_reg_188765     |   26|   0|   26|          0|
    |sext_ln70_733_reg_188954     |   26|   0|   26|          0|
    |sext_ln70_734_reg_188959     |   28|   0|   28|          0|
    |sext_ln70_736_reg_188968     |   27|   0|   27|          0|
    |sext_ln70_737_reg_188974     |   29|   0|   29|          0|
    |sext_ln70_743_reg_189149     |   27|   0|   27|          0|
    |sext_ln70_744_reg_189156     |   28|   0|   28|          0|
    |sext_ln70_745_reg_189162     |   26|   0|   26|          0|
    |sext_ln70_746_reg_189169     |   29|   0|   29|          0|
    |sext_ln70_752_reg_189365     |   25|   0|   25|          0|
    |sext_ln70_754_reg_189370     |   27|   0|   27|          0|
    |sext_ln70_755_reg_189378     |   29|   0|   29|          0|
    |sext_ln70_756_reg_189387     |   28|   0|   28|          0|
    |sext_ln70_762_reg_189552     |   27|   0|   27|          0|
    |sext_ln70_763_reg_189558     |   28|   0|   28|          0|
    |sext_ln70_764_reg_189567     |   29|   0|   29|          0|
    |sext_ln70_771_reg_189768     |   27|   0|   27|          0|
    |sext_ln70_774_reg_189773     |   30|   0|   30|          0|
    |sext_ln70_775_reg_189778     |   28|   0|   28|          0|
    |sext_ln70_776_reg_189784     |   29|   0|   29|          0|
    |sext_ln70_788_reg_189989     |   28|   0|   28|          0|
    |sext_ln70_805_reg_190204     |   29|   0|   29|          0|
    |sext_ln70_815_reg_190400     |   27|   0|   27|          0|
    |sext_ln70_824_reg_190598     |   29|   0|   29|          0|
    |sext_ln70_825_reg_190617     |   28|   0|   28|          0|
    |sext_ln70_832_reg_190791     |   28|   0|   28|          0|
    |sext_ln70_833_reg_190798     |   26|   0|   26|          0|
    |sext_ln70_834_reg_190803     |   29|   0|   29|          0|
    |sext_ln70_843_reg_191014     |   27|   0|   27|          0|
    |sext_ln70_844_reg_191022     |   29|   0|   29|          0|
    |sext_ln70_845_reg_191036     |   25|   0|   25|          0|
    |sext_ln70_851_reg_191204     |   28|   0|   28|          0|
    |sext_ln70_852_reg_191217     |   27|   0|   27|          0|
    |sext_ln70_853_reg_191223     |   29|   0|   29|          0|
    |sext_ln70_860_reg_191429     |   27|   0|   27|          0|
    |sext_ln70_861_reg_191437     |   26|   0|   26|          0|
    |sext_ln70_862_reg_191442     |   29|   0|   29|          0|
    |sext_ln70_863_reg_191456     |   28|   0|   28|          0|
    |sext_ln70_871_reg_191642     |   27|   0|   27|          0|
    |sext_ln70_872_reg_191647     |   26|   0|   26|          0|
    |sext_ln70_873_reg_191652     |   29|   0|   29|          0|
    |sext_ln70_874_reg_191664     |   28|   0|   28|          0|
    |sext_ln70_882_reg_191852     |   26|   0|   26|          0|
    |sext_ln70_885_reg_191859     |   29|   0|   29|          0|
    |sext_ln70_886_reg_191871     |   27|   0|   27|          0|
    |sext_ln70_897_reg_192061     |   29|   0|   29|          0|
    |sext_ln70_898_reg_192073     |   28|   0|   28|          0|
    |sext_ln70_899_reg_192080     |   27|   0|   27|          0|
    |sext_ln70_906_reg_192260     |   26|   0|   26|          0|
    |sext_ln70_907_reg_192265     |   28|   0|   28|          0|
    |sext_ln70_909_reg_192270     |   29|   0|   29|          0|
    |sext_ln70_920_reg_192462     |   27|   0|   27|          0|
    |sext_ln70_921_reg_192467     |   28|   0|   28|          0|
    |sext_ln70_922_reg_192475     |   29|   0|   29|          0|
    |sext_ln70_931_reg_192632     |   29|   0|   29|          0|
    |sext_ln70_940_reg_192804     |   28|   0|   28|          0|
    |sext_ln70_956_reg_192996     |   27|   0|   27|          0|
    |sext_ln70_957_reg_193006     |   29|   0|   29|          0|
    |sext_ln70_967_reg_193205     |   29|   0|   29|          0|
    +-----------------------------+-----+----+-----+-----------+
    |Total                        |26600|   0|26600|          0|
    +-----------------------------+-----+----+-----+-----------+



================================================================
== Interface
================================================================
* Summary: 
+--------------+-----+-----+------------+-----------------------------------------------------------------------------+--------------+
|   RTL Ports  | Dir | Bits|  Protocol  |                                Source Object                                |    C Type    |
+--------------+-----+-----+------------+-----------------------------------------------------------------------------+--------------+
|ap_clk        |   in|    1|  ap_ctrl_hs|  dense_latency<ap_fixed<16, 6, 5, 3, 0>, ap_fixed<32, 18, 5, 3, 0>, config4>|  return value|
|ap_rst        |   in|    1|  ap_ctrl_hs|  dense_latency<ap_fixed<16, 6, 5, 3, 0>, ap_fixed<32, 18, 5, 3, 0>, config4>|  return value|
|ap_start      |   in|    1|  ap_ctrl_hs|  dense_latency<ap_fixed<16, 6, 5, 3, 0>, ap_fixed<32, 18, 5, 3, 0>, config4>|  return value|
|ap_done       |  out|    1|  ap_ctrl_hs|  dense_latency<ap_fixed<16, 6, 5, 3, 0>, ap_fixed<32, 18, 5, 3, 0>, config4>|  return value|
|ap_idle       |  out|    1|  ap_ctrl_hs|  dense_latency<ap_fixed<16, 6, 5, 3, 0>, ap_fixed<32, 18, 5, 3, 0>, config4>|  return value|
|ap_ready      |  out|    1|  ap_ctrl_hs|  dense_latency<ap_fixed<16, 6, 5, 3, 0>, ap_fixed<32, 18, 5, 3, 0>, config4>|  return value|
|ap_return_0   |  out|   32|  ap_ctrl_hs|  dense_latency<ap_fixed<16, 6, 5, 3, 0>, ap_fixed<32, 18, 5, 3, 0>, config4>|  return value|
|ap_return_1   |  out|   32|  ap_ctrl_hs|  dense_latency<ap_fixed<16, 6, 5, 3, 0>, ap_fixed<32, 18, 5, 3, 0>, config4>|  return value|
|ap_return_2   |  out|   32|  ap_ctrl_hs|  dense_latency<ap_fixed<16, 6, 5, 3, 0>, ap_fixed<32, 18, 5, 3, 0>, config4>|  return value|
|ap_return_3   |  out|   32|  ap_ctrl_hs|  dense_latency<ap_fixed<16, 6, 5, 3, 0>, ap_fixed<32, 18, 5, 3, 0>, config4>|  return value|
|ap_return_4   |  out|   32|  ap_ctrl_hs|  dense_latency<ap_fixed<16, 6, 5, 3, 0>, ap_fixed<32, 18, 5, 3, 0>, config4>|  return value|
|ap_return_5   |  out|   32|  ap_ctrl_hs|  dense_latency<ap_fixed<16, 6, 5, 3, 0>, ap_fixed<32, 18, 5, 3, 0>, config4>|  return value|
|ap_return_6   |  out|   32|  ap_ctrl_hs|  dense_latency<ap_fixed<16, 6, 5, 3, 0>, ap_fixed<32, 18, 5, 3, 0>, config4>|  return value|
|ap_return_7   |  out|   32|  ap_ctrl_hs|  dense_latency<ap_fixed<16, 6, 5, 3, 0>, ap_fixed<32, 18, 5, 3, 0>, config4>|  return value|
|ap_return_8   |  out|   32|  ap_ctrl_hs|  dense_latency<ap_fixed<16, 6, 5, 3, 0>, ap_fixed<32, 18, 5, 3, 0>, config4>|  return value|
|ap_return_9   |  out|   32|  ap_ctrl_hs|  dense_latency<ap_fixed<16, 6, 5, 3, 0>, ap_fixed<32, 18, 5, 3, 0>, config4>|  return value|
|ap_return_10  |  out|   32|  ap_ctrl_hs|  dense_latency<ap_fixed<16, 6, 5, 3, 0>, ap_fixed<32, 18, 5, 3, 0>, config4>|  return value|
|ap_return_11  |  out|   32|  ap_ctrl_hs|  dense_latency<ap_fixed<16, 6, 5, 3, 0>, ap_fixed<32, 18, 5, 3, 0>, config4>|  return value|
|ap_return_12  |  out|   32|  ap_ctrl_hs|  dense_latency<ap_fixed<16, 6, 5, 3, 0>, ap_fixed<32, 18, 5, 3, 0>, config4>|  return value|
|ap_return_13  |  out|   32|  ap_ctrl_hs|  dense_latency<ap_fixed<16, 6, 5, 3, 0>, ap_fixed<32, 18, 5, 3, 0>, config4>|  return value|
|ap_return_14  |  out|   32|  ap_ctrl_hs|  dense_latency<ap_fixed<16, 6, 5, 3, 0>, ap_fixed<32, 18, 5, 3, 0>, config4>|  return value|
|ap_return_15  |  out|   32|  ap_ctrl_hs|  dense_latency<ap_fixed<16, 6, 5, 3, 0>, ap_fixed<32, 18, 5, 3, 0>, config4>|  return value|
|ap_return_16  |  out|   32|  ap_ctrl_hs|  dense_latency<ap_fixed<16, 6, 5, 3, 0>, ap_fixed<32, 18, 5, 3, 0>, config4>|  return value|
|ap_return_17  |  out|   32|  ap_ctrl_hs|  dense_latency<ap_fixed<16, 6, 5, 3, 0>, ap_fixed<32, 18, 5, 3, 0>, config4>|  return value|
|ap_return_18  |  out|   32|  ap_ctrl_hs|  dense_latency<ap_fixed<16, 6, 5, 3, 0>, ap_fixed<32, 18, 5, 3, 0>, config4>|  return value|
|ap_return_19  |  out|   32|  ap_ctrl_hs|  dense_latency<ap_fixed<16, 6, 5, 3, 0>, ap_fixed<32, 18, 5, 3, 0>, config4>|  return value|
|ap_return_20  |  out|   32|  ap_ctrl_hs|  dense_latency<ap_fixed<16, 6, 5, 3, 0>, ap_fixed<32, 18, 5, 3, 0>, config4>|  return value|
|ap_return_21  |  out|   32|  ap_ctrl_hs|  dense_latency<ap_fixed<16, 6, 5, 3, 0>, ap_fixed<32, 18, 5, 3, 0>, config4>|  return value|
|ap_return_22  |  out|   32|  ap_ctrl_hs|  dense_latency<ap_fixed<16, 6, 5, 3, 0>, ap_fixed<32, 18, 5, 3, 0>, config4>|  return value|
|ap_return_23  |  out|   32|  ap_ctrl_hs|  dense_latency<ap_fixed<16, 6, 5, 3, 0>, ap_fixed<32, 18, 5, 3, 0>, config4>|  return value|
|ap_return_24  |  out|   32|  ap_ctrl_hs|  dense_latency<ap_fixed<16, 6, 5, 3, 0>, ap_fixed<32, 18, 5, 3, 0>, config4>|  return value|
|ap_return_25  |  out|   32|  ap_ctrl_hs|  dense_latency<ap_fixed<16, 6, 5, 3, 0>, ap_fixed<32, 18, 5, 3, 0>, config4>|  return value|
|ap_return_26  |  out|   32|  ap_ctrl_hs|  dense_latency<ap_fixed<16, 6, 5, 3, 0>, ap_fixed<32, 18, 5, 3, 0>, config4>|  return value|
|ap_return_27  |  out|   32|  ap_ctrl_hs|  dense_latency<ap_fixed<16, 6, 5, 3, 0>, ap_fixed<32, 18, 5, 3, 0>, config4>|  return value|
|ap_return_28  |  out|   32|  ap_ctrl_hs|  dense_latency<ap_fixed<16, 6, 5, 3, 0>, ap_fixed<32, 18, 5, 3, 0>, config4>|  return value|
|ap_return_29  |  out|   32|  ap_ctrl_hs|  dense_latency<ap_fixed<16, 6, 5, 3, 0>, ap_fixed<32, 18, 5, 3, 0>, config4>|  return value|
|ap_return_30  |  out|   32|  ap_ctrl_hs|  dense_latency<ap_fixed<16, 6, 5, 3, 0>, ap_fixed<32, 18, 5, 3, 0>, config4>|  return value|
|ap_return_31  |  out|   32|  ap_ctrl_hs|  dense_latency<ap_fixed<16, 6, 5, 3, 0>, ap_fixed<32, 18, 5, 3, 0>, config4>|  return value|
|ap_ce         |   in|    1|  ap_ctrl_hs|  dense_latency<ap_fixed<16, 6, 5, 3, 0>, ap_fixed<32, 18, 5, 3, 0>, config4>|  return value|
|data_0_val    |   in|   16|     ap_none|                                                                   data_0_val|        scalar|
|data_1_val    |   in|   16|     ap_none|                                                                   data_1_val|        scalar|
|data_2_val    |   in|   16|     ap_none|                                                                   data_2_val|        scalar|
|data_3_val    |   in|   16|     ap_none|                                                                   data_3_val|        scalar|
|data_4_val    |   in|   16|     ap_none|                                                                   data_4_val|        scalar|
|data_5_val    |   in|   16|     ap_none|                                                                   data_5_val|        scalar|
|data_6_val    |   in|   16|     ap_none|                                                                   data_6_val|        scalar|
|data_7_val    |   in|   16|     ap_none|                                                                   data_7_val|        scalar|
|data_8_val    |   in|   16|     ap_none|                                                                   data_8_val|        scalar|
|data_9_val    |   in|   16|     ap_none|                                                                   data_9_val|        scalar|
|data_10_val   |   in|   16|     ap_none|                                                                  data_10_val|        scalar|
|data_11_val   |   in|   16|     ap_none|                                                                  data_11_val|        scalar|
|data_12_val   |   in|   16|     ap_none|                                                                  data_12_val|        scalar|
|data_13_val   |   in|   16|     ap_none|                                                                  data_13_val|        scalar|
|data_14_val   |   in|   16|     ap_none|                                                                  data_14_val|        scalar|
|data_15_val   |   in|   16|     ap_none|                                                                  data_15_val|        scalar|
|data_16_val   |   in|   16|     ap_none|                                                                  data_16_val|        scalar|
|data_17_val   |   in|   16|     ap_none|                                                                  data_17_val|        scalar|
|data_18_val   |   in|   16|     ap_none|                                                                  data_18_val|        scalar|
|data_19_val   |   in|   16|     ap_none|                                                                  data_19_val|        scalar|
|data_20_val   |   in|   16|     ap_none|                                                                  data_20_val|        scalar|
|data_21_val   |   in|   16|     ap_none|                                                                  data_21_val|        scalar|
|data_22_val   |   in|   16|     ap_none|                                                                  data_22_val|        scalar|
|data_23_val   |   in|   16|     ap_none|                                                                  data_23_val|        scalar|
|data_24_val   |   in|   16|     ap_none|                                                                  data_24_val|        scalar|
|data_25_val   |   in|   16|     ap_none|                                                                  data_25_val|        scalar|
|data_26_val   |   in|   16|     ap_none|                                                                  data_26_val|        scalar|
|data_27_val   |   in|   16|     ap_none|                                                                  data_27_val|        scalar|
|data_28_val   |   in|   16|     ap_none|                                                                  data_28_val|        scalar|
|data_29_val   |   in|   16|     ap_none|                                                                  data_29_val|        scalar|
|data_30_val   |   in|   16|     ap_none|                                                                  data_30_val|        scalar|
|data_31_val   |   in|   16|     ap_none|                                                                  data_31_val|        scalar|
|data_32_val   |   in|   16|     ap_none|                                                                  data_32_val|        scalar|
|data_33_val   |   in|   16|     ap_none|                                                                  data_33_val|        scalar|
|data_34_val   |   in|   16|     ap_none|                                                                  data_34_val|        scalar|
|data_35_val   |   in|   16|     ap_none|                                                                  data_35_val|        scalar|
|data_36_val   |   in|   16|     ap_none|                                                                  data_36_val|        scalar|
|data_37_val   |   in|   16|     ap_none|                                                                  data_37_val|        scalar|
|data_38_val   |   in|   16|     ap_none|                                                                  data_38_val|        scalar|
|data_39_val   |   in|   16|     ap_none|                                                                  data_39_val|        scalar|
|data_40_val   |   in|   16|     ap_none|                                                                  data_40_val|        scalar|
|data_41_val   |   in|   16|     ap_none|                                                                  data_41_val|        scalar|
|data_42_val   |   in|   16|     ap_none|                                                                  data_42_val|        scalar|
|data_43_val   |   in|   16|     ap_none|                                                                  data_43_val|        scalar|
|data_44_val   |   in|   16|     ap_none|                                                                  data_44_val|        scalar|
|data_45_val   |   in|   16|     ap_none|                                                                  data_45_val|        scalar|
|data_46_val   |   in|   16|     ap_none|                                                                  data_46_val|        scalar|
|data_47_val   |   in|   16|     ap_none|                                                                  data_47_val|        scalar|
|data_48_val   |   in|   16|     ap_none|                                                                  data_48_val|        scalar|
|data_49_val   |   in|   16|     ap_none|                                                                  data_49_val|        scalar|
|data_50_val   |   in|   16|     ap_none|                                                                  data_50_val|        scalar|
|data_51_val   |   in|   16|     ap_none|                                                                  data_51_val|        scalar|
|data_52_val   |   in|   16|     ap_none|                                                                  data_52_val|        scalar|
|data_53_val   |   in|   16|     ap_none|                                                                  data_53_val|        scalar|
|data_54_val   |   in|   16|     ap_none|                                                                  data_54_val|        scalar|
|data_55_val   |   in|   16|     ap_none|                                                                  data_55_val|        scalar|
|data_56_val   |   in|   16|     ap_none|                                                                  data_56_val|        scalar|
|data_57_val   |   in|   16|     ap_none|                                                                  data_57_val|        scalar|
|data_58_val   |   in|   16|     ap_none|                                                                  data_58_val|        scalar|
|data_59_val   |   in|   16|     ap_none|                                                                  data_59_val|        scalar|
|data_60_val   |   in|   16|     ap_none|                                                                  data_60_val|        scalar|
|data_61_val   |   in|   16|     ap_none|                                                                  data_61_val|        scalar|
|data_62_val   |   in|   16|     ap_none|                                                                  data_62_val|        scalar|
|data_63_val   |   in|   16|     ap_none|                                                                  data_63_val|        scalar|
+--------------+-----+-----+------------+-----------------------------------------------------------------------------+--------------+

