

================================================================
== Vitis HLS Report for 'dense_latency_ap_fixed_32_16_5_3_0_ap_fixed_32_18_5_3_0_config2_s'
================================================================
* Date:           Sat Nov 15 22:36:27 2025

* Version:        2023.1 (Build 3854077 on May  4 2023)
* Project:        myproject_prj
* Solution:       solution1 (Vivado IP Flow Target)
* Product family: zynq
* Target device:  xc7z020-clg400-1


================================================================
== Performance Estimates
================================================================
+ Timing: 
    * Summary: 
    +--------+---------+-----------+------------+
    |  Clock |  Target | Estimated | Uncertainty|
    +--------+---------+-----------+------------+
    |ap_clk  |  0.10 us|  35.025 ns|    27.00 ns|
    +--------+---------+-----------+------------+

+ Latency: 
    * Summary: 
    +---------+---------+----------+----------+-----+-----+---------+
    |  Latency (cycles) |  Latency (absolute) |  Interval | Pipeline|
    |   min   |   max   |    min   |    max   | min | max |   Type  |
    +---------+---------+----------+----------+-----+-----+---------+
    |       30|       30|  3.000 us|  3.000 us|   31|   31|      yes|
    +---------+---------+----------+----------+-----+-----+---------+

    + Detail: 
        * Instance: 
        N/A

        * Loop: 
        N/A



================================================================
== Utilization Estimates
================================================================
* Summary: 
+-----------------+---------+-----+--------+--------+-----+
|       Name      | BRAM_18K| DSP |   FF   |   LUT  | URAM|
+-----------------+---------+-----+--------+--------+-----+
|DSP              |        -|    -|       -|       -|    -|
|Expression       |        -|    -|       0|  175399|    -|
|FIFO             |        -|    -|       -|       -|    -|
|Instance         |        -|  300|       0|    3000|    -|
|Memory           |        -|    -|       -|       -|    -|
|Multiplexer      |        -|    -|       -|   39193|    -|
|Register         |        -|    -|   81987|       -|    -|
+-----------------+---------+-----+--------+--------+-----+
|Total            |        0|  300|   81987|  217592|    0|
+-----------------+---------+-----+--------+--------+-----+
|Available        |      280|  220|  106400|   53200|    0|
+-----------------+---------+-----+--------+--------+-----+
|Utilization (%)  |        0|  136|      77|     409|    0|
+-----------------+---------+-----+--------+--------+-----+

+ Detail: 
    * Instance: 
    +-------------------------+--------------------+---------+----+---+----+-----+
    |         Instance        |       Module       | BRAM_18K| DSP| FF| LUT| URAM|
    +-------------------------+--------------------+---------+----+---+----+-----+
    |mul_32s_14s_45_1_1_U1    |mul_32s_14s_45_1_1  |        0|   2|  0|  20|    0|
    |mul_32s_14s_45_1_1_U2    |mul_32s_14s_45_1_1  |        0|   2|  0|  20|    0|
    |mul_32s_14s_45_1_1_U3    |mul_32s_14s_45_1_1  |        0|   2|  0|  20|    0|
    |mul_32s_14s_45_1_1_U4    |mul_32s_14s_45_1_1  |        0|   2|  0|  20|    0|
    |mul_32s_14s_45_1_1_U5    |mul_32s_14s_45_1_1  |        0|   2|  0|  20|    0|
    |mul_32s_14s_45_1_1_U6    |mul_32s_14s_45_1_1  |        0|   2|  0|  20|    0|
    |mul_32s_14s_45_1_1_U7    |mul_32s_14s_45_1_1  |        0|   2|  0|  20|    0|
    |mul_32s_14s_45_1_1_U8    |mul_32s_14s_45_1_1  |        0|   2|  0|  20|    0|
    |mul_32s_14s_45_1_1_U9    |mul_32s_14s_45_1_1  |        0|   2|  0|  20|    0|
    |mul_32s_14s_45_1_1_U10   |mul_32s_14s_45_1_1  |        0|   2|  0|  20|    0|
    |mul_32s_14s_45_1_1_U11   |mul_32s_14s_45_1_1  |        0|   2|  0|  20|    0|
    |mul_32s_14s_45_1_1_U12   |mul_32s_14s_45_1_1  |        0|   2|  0|  20|    0|
    |mul_32s_14s_45_1_1_U13   |mul_32s_14s_45_1_1  |        0|   2|  0|  20|    0|
    |mul_32s_14s_45_1_1_U14   |mul_32s_14s_45_1_1  |        0|   2|  0|  20|    0|
    |mul_32s_14s_45_1_1_U15   |mul_32s_14s_45_1_1  |        0|   2|  0|  20|    0|
    |mul_32s_14s_45_1_1_U16   |mul_32s_14s_45_1_1  |        0|   2|  0|  20|    0|
    |mul_32s_14s_45_1_1_U17   |mul_32s_14s_45_1_1  |        0|   2|  0|  20|    0|
    |mul_32s_14s_45_1_1_U18   |mul_32s_14s_45_1_1  |        0|   2|  0|  20|    0|
    |mul_32s_14s_45_1_1_U19   |mul_32s_14s_45_1_1  |        0|   2|  0|  20|    0|
    |mul_32s_14s_45_1_1_U20   |mul_32s_14s_45_1_1  |        0|   2|  0|  20|    0|
    |mul_32s_14s_45_1_1_U21   |mul_32s_14s_45_1_1  |        0|   2|  0|  20|    0|
    |mul_32s_14s_45_1_1_U22   |mul_32s_14s_45_1_1  |        0|   2|  0|  20|    0|
    |mul_32s_14s_45_1_1_U23   |mul_32s_14s_45_1_1  |        0|   2|  0|  20|    0|
    |mul_32s_14s_45_1_1_U24   |mul_32s_14s_45_1_1  |        0|   2|  0|  20|    0|
    |mul_32s_14s_45_1_1_U25   |mul_32s_14s_45_1_1  |        0|   2|  0|  20|    0|
    |mul_32s_14s_45_1_1_U26   |mul_32s_14s_45_1_1  |        0|   2|  0|  20|    0|
    |mul_32s_14s_45_1_1_U27   |mul_32s_14s_45_1_1  |        0|   2|  0|  20|    0|
    |mul_32s_14s_45_1_1_U28   |mul_32s_14s_45_1_1  |        0|   2|  0|  20|    0|
    |mul_32s_14s_45_1_1_U29   |mul_32s_14s_45_1_1  |        0|   2|  0|  20|    0|
    |mul_32s_14s_45_1_1_U30   |mul_32s_14s_45_1_1  |        0|   2|  0|  20|    0|
    |mul_32s_14s_45_1_1_U31   |mul_32s_14s_45_1_1  |        0|   2|  0|  20|    0|
    |mul_32s_14s_45_1_1_U32   |mul_32s_14s_45_1_1  |        0|   2|  0|  20|    0|
    |mul_32s_14s_45_1_1_U33   |mul_32s_14s_45_1_1  |        0|   2|  0|  20|    0|
    |mul_32s_14s_45_1_1_U34   |mul_32s_14s_45_1_1  |        0|   2|  0|  20|    0|
    |mul_32s_14s_45_1_1_U35   |mul_32s_14s_45_1_1  |        0|   2|  0|  20|    0|
    |mul_32s_14s_45_1_1_U36   |mul_32s_14s_45_1_1  |        0|   2|  0|  20|    0|
    |mul_32s_14s_45_1_1_U37   |mul_32s_14s_45_1_1  |        0|   2|  0|  20|    0|
    |mul_32s_14s_45_1_1_U38   |mul_32s_14s_45_1_1  |        0|   2|  0|  20|    0|
    |mul_32s_14s_45_1_1_U39   |mul_32s_14s_45_1_1  |        0|   2|  0|  20|    0|
    |mul_32s_14s_45_1_1_U40   |mul_32s_14s_45_1_1  |        0|   2|  0|  20|    0|
    |mul_32s_14s_45_1_1_U41   |mul_32s_14s_45_1_1  |        0|   2|  0|  20|    0|
    |mul_32s_14s_45_1_1_U42   |mul_32s_14s_45_1_1  |        0|   2|  0|  20|    0|
    |mul_32s_14s_45_1_1_U43   |mul_32s_14s_45_1_1  |        0|   2|  0|  20|    0|
    |mul_32s_14s_45_1_1_U44   |mul_32s_14s_45_1_1  |        0|   2|  0|  20|    0|
    |mul_32s_14s_45_1_1_U45   |mul_32s_14s_45_1_1  |        0|   2|  0|  20|    0|
    |mul_32s_14s_45_1_1_U46   |mul_32s_14s_45_1_1  |        0|   2|  0|  20|    0|
    |mul_32s_14s_45_1_1_U47   |mul_32s_14s_45_1_1  |        0|   2|  0|  20|    0|
    |mul_32s_14s_45_1_1_U48   |mul_32s_14s_45_1_1  |        0|   2|  0|  20|    0|
    |mul_32s_14s_45_1_1_U49   |mul_32s_14s_45_1_1  |        0|   2|  0|  20|    0|
    |mul_32s_14s_45_1_1_U50   |mul_32s_14s_45_1_1  |        0|   2|  0|  20|    0|
    |mul_32s_14s_45_1_1_U51   |mul_32s_14s_45_1_1  |        0|   2|  0|  20|    0|
    |mul_32s_14s_45_1_1_U52   |mul_32s_14s_45_1_1  |        0|   2|  0|  20|    0|
    |mul_32s_14s_45_1_1_U53   |mul_32s_14s_45_1_1  |        0|   2|  0|  20|    0|
    |mul_32s_14s_45_1_1_U54   |mul_32s_14s_45_1_1  |        0|   2|  0|  20|    0|
    |mul_32s_14s_45_1_1_U55   |mul_32s_14s_45_1_1  |        0|   2|  0|  20|    0|
    |mul_32s_14s_45_1_1_U56   |mul_32s_14s_45_1_1  |        0|   2|  0|  20|    0|
    |mul_32s_14s_45_1_1_U57   |mul_32s_14s_45_1_1  |        0|   2|  0|  20|    0|
    |mul_32s_14s_45_1_1_U58   |mul_32s_14s_45_1_1  |        0|   2|  0|  20|    0|
    |mul_32s_14s_45_1_1_U59   |mul_32s_14s_45_1_1  |        0|   2|  0|  20|    0|
    |mul_32s_14s_45_1_1_U60   |mul_32s_14s_45_1_1  |        0|   2|  0|  20|    0|
    |mul_32s_14s_45_1_1_U61   |mul_32s_14s_45_1_1  |        0|   2|  0|  20|    0|
    |mul_32s_14s_45_1_1_U62   |mul_32s_14s_45_1_1  |        0|   2|  0|  20|    0|
    |mul_32s_14s_45_1_1_U63   |mul_32s_14s_45_1_1  |        0|   2|  0|  20|    0|
    |mul_32s_14s_45_1_1_U64   |mul_32s_14s_45_1_1  |        0|   2|  0|  20|    0|
    |mul_32s_14s_45_1_1_U65   |mul_32s_14s_45_1_1  |        0|   2|  0|  20|    0|
    |mul_32s_14s_45_1_1_U66   |mul_32s_14s_45_1_1  |        0|   2|  0|  20|    0|
    |mul_32s_14s_45_1_1_U67   |mul_32s_14s_45_1_1  |        0|   2|  0|  20|    0|
    |mul_32s_14s_45_1_1_U68   |mul_32s_14s_45_1_1  |        0|   2|  0|  20|    0|
    |mul_32s_14s_45_1_1_U69   |mul_32s_14s_45_1_1  |        0|   2|  0|  20|    0|
    |mul_32s_14s_45_1_1_U70   |mul_32s_14s_45_1_1  |        0|   2|  0|  20|    0|
    |mul_32s_14s_45_1_1_U71   |mul_32s_14s_45_1_1  |        0|   2|  0|  20|    0|
    |mul_32s_14s_45_1_1_U72   |mul_32s_14s_45_1_1  |        0|   2|  0|  20|    0|
    |mul_32s_14s_45_1_1_U73   |mul_32s_14s_45_1_1  |        0|   2|  0|  20|    0|
    |mul_32s_14s_45_1_1_U74   |mul_32s_14s_45_1_1  |        0|   2|  0|  20|    0|
    |mul_32s_14s_45_1_1_U75   |mul_32s_14s_45_1_1  |        0|   2|  0|  20|    0|
    |mul_32s_14s_45_1_1_U76   |mul_32s_14s_45_1_1  |        0|   2|  0|  20|    0|
    |mul_32s_14s_45_1_1_U77   |mul_32s_14s_45_1_1  |        0|   2|  0|  20|    0|
    |mul_32s_14s_45_1_1_U78   |mul_32s_14s_45_1_1  |        0|   2|  0|  20|    0|
    |mul_32s_14s_45_1_1_U79   |mul_32s_14s_45_1_1  |        0|   2|  0|  20|    0|
    |mul_32s_14s_45_1_1_U80   |mul_32s_14s_45_1_1  |        0|   2|  0|  20|    0|
    |mul_32s_14s_45_1_1_U81   |mul_32s_14s_45_1_1  |        0|   2|  0|  20|    0|
    |mul_32s_14s_45_1_1_U82   |mul_32s_14s_45_1_1  |        0|   2|  0|  20|    0|
    |mul_32s_14s_45_1_1_U83   |mul_32s_14s_45_1_1  |        0|   2|  0|  20|    0|
    |mul_32s_14s_45_1_1_U84   |mul_32s_14s_45_1_1  |        0|   2|  0|  20|    0|
    |mul_32s_14s_45_1_1_U85   |mul_32s_14s_45_1_1  |        0|   2|  0|  20|    0|
    |mul_32s_14s_45_1_1_U86   |mul_32s_14s_45_1_1  |        0|   2|  0|  20|    0|
    |mul_32s_14s_45_1_1_U87   |mul_32s_14s_45_1_1  |        0|   2|  0|  20|    0|
    |mul_32s_14s_45_1_1_U88   |mul_32s_14s_45_1_1  |        0|   2|  0|  20|    0|
    |mul_32s_14s_45_1_1_U89   |mul_32s_14s_45_1_1  |        0|   2|  0|  20|    0|
    |mul_32s_14s_45_1_1_U90   |mul_32s_14s_45_1_1  |        0|   2|  0|  20|    0|
    |mul_32s_14s_45_1_1_U91   |mul_32s_14s_45_1_1  |        0|   2|  0|  20|    0|
    |mul_32s_14s_45_1_1_U92   |mul_32s_14s_45_1_1  |        0|   2|  0|  20|    0|
    |mul_32s_14s_45_1_1_U93   |mul_32s_14s_45_1_1  |        0|   2|  0|  20|    0|
    |mul_32s_14s_45_1_1_U94   |mul_32s_14s_45_1_1  |        0|   2|  0|  20|    0|
    |mul_32s_14s_45_1_1_U95   |mul_32s_14s_45_1_1  |        0|   2|  0|  20|    0|
    |mul_32s_14s_45_1_1_U96   |mul_32s_14s_45_1_1  |        0|   2|  0|  20|    0|
    |mul_32s_14s_45_1_1_U97   |mul_32s_14s_45_1_1  |        0|   2|  0|  20|    0|
    |mul_32s_14s_45_1_1_U98   |mul_32s_14s_45_1_1  |        0|   2|  0|  20|    0|
    |mul_32s_14s_45_1_1_U99   |mul_32s_14s_45_1_1  |        0|   2|  0|  20|    0|
    |mul_32s_14s_45_1_1_U100  |mul_32s_14s_45_1_1  |        0|   2|  0|  20|    0|
    |mul_32s_14s_45_1_1_U101  |mul_32s_14s_45_1_1  |        0|   2|  0|  20|    0|
    |mul_32s_14s_45_1_1_U102  |mul_32s_14s_45_1_1  |        0|   2|  0|  20|    0|
    |mul_32s_14s_45_1_1_U103  |mul_32s_14s_45_1_1  |        0|   2|  0|  20|    0|
    |mul_32s_14s_45_1_1_U104  |mul_32s_14s_45_1_1  |        0|   2|  0|  20|    0|
    |mul_32s_14s_45_1_1_U105  |mul_32s_14s_45_1_1  |        0|   2|  0|  20|    0|
    |mul_32s_14s_45_1_1_U106  |mul_32s_14s_45_1_1  |        0|   2|  0|  20|    0|
    |mul_32s_14s_45_1_1_U107  |mul_32s_14s_45_1_1  |        0|   2|  0|  20|    0|
    |mul_32s_14s_45_1_1_U108  |mul_32s_14s_45_1_1  |        0|   2|  0|  20|    0|
    |mul_32s_14s_45_1_1_U109  |mul_32s_14s_45_1_1  |        0|   2|  0|  20|    0|
    |mul_32s_14s_45_1_1_U110  |mul_32s_14s_45_1_1  |        0|   2|  0|  20|    0|
    |mul_32s_14s_45_1_1_U111  |mul_32s_14s_45_1_1  |        0|   2|  0|  20|    0|
    |mul_32s_14s_45_1_1_U112  |mul_32s_14s_45_1_1  |        0|   2|  0|  20|    0|
    |mul_32s_14s_45_1_1_U113  |mul_32s_14s_45_1_1  |        0|   2|  0|  20|    0|
    |mul_32s_14s_45_1_1_U114  |mul_32s_14s_45_1_1  |        0|   2|  0|  20|    0|
    |mul_32s_14s_45_1_1_U115  |mul_32s_14s_45_1_1  |        0|   2|  0|  20|    0|
    |mul_32s_14s_45_1_1_U116  |mul_32s_14s_45_1_1  |        0|   2|  0|  20|    0|
    |mul_32s_14s_45_1_1_U117  |mul_32s_14s_45_1_1  |        0|   2|  0|  20|    0|
    |mul_32s_14s_45_1_1_U118  |mul_32s_14s_45_1_1  |        0|   2|  0|  20|    0|
    |mul_32s_14s_45_1_1_U119  |mul_32s_14s_45_1_1  |        0|   2|  0|  20|    0|
    |mul_32s_14s_45_1_1_U120  |mul_32s_14s_45_1_1  |        0|   2|  0|  20|    0|
    |mul_32s_14s_45_1_1_U121  |mul_32s_14s_45_1_1  |        0|   2|  0|  20|    0|
    |mul_32s_14s_45_1_1_U122  |mul_32s_14s_45_1_1  |        0|   2|  0|  20|    0|
    |mul_32s_14s_45_1_1_U123  |mul_32s_14s_45_1_1  |        0|   2|  0|  20|    0|
    |mul_32s_14s_45_1_1_U124  |mul_32s_14s_45_1_1  |        0|   2|  0|  20|    0|
    |mul_32s_14s_45_1_1_U125  |mul_32s_14s_45_1_1  |        0|   2|  0|  20|    0|
    |mul_32s_14s_45_1_1_U126  |mul_32s_14s_45_1_1  |        0|   2|  0|  20|    0|
    |mul_32s_14s_45_1_1_U127  |mul_32s_14s_45_1_1  |        0|   2|  0|  20|    0|
    |mul_32s_14s_45_1_1_U128  |mul_32s_14s_45_1_1  |        0|   2|  0|  20|    0|
    |mul_32s_14s_45_1_1_U129  |mul_32s_14s_45_1_1  |        0|   2|  0|  20|    0|
    |mul_32s_14s_45_1_1_U130  |mul_32s_14s_45_1_1  |        0|   2|  0|  20|    0|
    |mul_32s_14s_45_1_1_U131  |mul_32s_14s_45_1_1  |        0|   2|  0|  20|    0|
    |mul_32s_14s_45_1_1_U132  |mul_32s_14s_45_1_1  |        0|   2|  0|  20|    0|
    |mul_32s_14s_45_1_1_U133  |mul_32s_14s_45_1_1  |        0|   2|  0|  20|    0|
    |mul_32s_14s_45_1_1_U134  |mul_32s_14s_45_1_1  |        0|   2|  0|  20|    0|
    |mul_32s_14s_45_1_1_U135  |mul_32s_14s_45_1_1  |        0|   2|  0|  20|    0|
    |mul_32s_14s_45_1_1_U136  |mul_32s_14s_45_1_1  |        0|   2|  0|  20|    0|
    |mul_32s_14s_45_1_1_U137  |mul_32s_14s_45_1_1  |        0|   2|  0|  20|    0|
    |mul_32s_14s_45_1_1_U138  |mul_32s_14s_45_1_1  |        0|   2|  0|  20|    0|
    |mul_32s_14s_45_1_1_U139  |mul_32s_14s_45_1_1  |        0|   2|  0|  20|    0|
    |mul_32s_14s_45_1_1_U140  |mul_32s_14s_45_1_1  |        0|   2|  0|  20|    0|
    |mul_32s_14s_45_1_1_U141  |mul_32s_14s_45_1_1  |        0|   2|  0|  20|    0|
    |mul_32s_14s_45_1_1_U142  |mul_32s_14s_45_1_1  |        0|   2|  0|  20|    0|
    |mul_32s_14s_45_1_1_U143  |mul_32s_14s_45_1_1  |        0|   2|  0|  20|    0|
    |mul_32s_14s_45_1_1_U144  |mul_32s_14s_45_1_1  |        0|   2|  0|  20|    0|
    |mul_32s_14s_45_1_1_U145  |mul_32s_14s_45_1_1  |        0|   2|  0|  20|    0|
    |mul_32s_14s_45_1_1_U146  |mul_32s_14s_45_1_1  |        0|   2|  0|  20|    0|
    |mul_32s_14s_45_1_1_U147  |mul_32s_14s_45_1_1  |        0|   2|  0|  20|    0|
    |mul_32s_14s_45_1_1_U148  |mul_32s_14s_45_1_1  |        0|   2|  0|  20|    0|
    |mul_32s_14s_45_1_1_U149  |mul_32s_14s_45_1_1  |        0|   2|  0|  20|    0|
    |mul_32s_14s_45_1_1_U150  |mul_32s_14s_45_1_1  |        0|   2|  0|  20|    0|
    +-------------------------+--------------------+---------+----+---+----+-----+
    |Total                    |                    |        0| 300|  0|3000|    0|
    +-------------------------+--------------------+---------+----+---+----+-----+

    * DSP: 
    N/A

    * Memory: 
    N/A

    * FIFO: 
    N/A

    * Expression: 
    +----------------------------+----------+----+---+------+------------+------------+
    |        Variable Name       | Operation| DSP| FF|  LUT | Bitwidth P0| Bitwidth P1|
    +----------------------------+----------+----+---+------+------------+------------+
    |add_ln58_1000_fu_826949_p2  |         +|   0|  0|    32|          32|          32|
    |add_ln58_1001_fu_820736_p2  |         +|   0|  0|    37|          30|          30|
    |add_ln58_1002_fu_822547_p2  |         +|   0|  0|    36|          29|          29|
    |add_ln58_1003_fu_822557_p2  |         +|   0|  0|    37|          30|          30|
    |add_ln58_1004_fu_822567_p2  |         +|   0|  0|    38|          31|          31|
    |add_ln58_1005_fu_824880_p2  |         +|   0|  0|    37|          30|          30|
    |add_ln58_1006_fu_826961_p2  |         +|   0|  0|    30|          30|          30|
    |add_ln58_1007_fu_826967_p2  |         +|   0|  0|    30|          30|          30|
    |add_ln58_1008_fu_826977_p2  |         +|   0|  0|    38|          31|          31|
    |add_ln58_1009_fu_826987_p2  |         +|   0|  0|    39|          32|          32|
    |add_ln58_100_fu_826330_p2   |         +|   0|  0|    32|          32|          32|
    |add_ln58_1010_fu_826993_p2  |         +|   0|  0|    32|          32|          32|
    |add_ln58_1011_fu_861101_p2  |         +|   0|  0|    32|          32|          32|
    |add_ln58_1012_fu_831531_p2  |         +|   0|  0|    36|          29|          29|
    |add_ln58_1013_fu_831541_p2  |         +|   0|  0|    36|          29|          29|
    |add_ln58_1014_fu_831551_p2  |         +|   0|  0|    37|          30|          30|
    |add_ln58_1015_fu_833399_p2  |         +|   0|  0|    36|          29|          29|
    |add_ln58_1016_fu_835514_p2  |         +|   0|  0|    37|          30|          30|
    |add_ln58_1017_fu_835524_p2  |         +|   0|  0|    31|          31|          31|
    |add_ln58_1018_fu_835530_p2  |         +|   0|  0|    31|          31|          31|
    |add_ln58_1019_fu_835540_p2  |         +|   0|  0|    39|          32|          32|
    |add_ln58_101_fu_818234_p2   |         +|   0|  0|    36|          29|          29|
    |add_ln58_1020_fu_837113_p2  |         +|   0|  0|    37|          30|          30|
    |add_ln58_1021_fu_841281_p2  |         +|   0|  0|    36|          29|          29|
    |add_ln58_1022_fu_841291_p2  |         +|   0|  0|    37|          30|          30|
    |add_ln58_1023_fu_841301_p2  |         +|   0|  0|    38|          31|          31|
    |add_ln58_1024_fu_841307_p2  |         +|   0|  0|    37|          30|          30|
    |add_ln58_1025_fu_845180_p2  |         +|   0|  0|    37|          30|          30|
    |add_ln58_1026_fu_845190_p2  |         +|   0|  0|    31|          31|          31|
    |add_ln58_1027_fu_845196_p2  |         +|   0|  0|    31|          31|          31|
    |add_ln58_1028_fu_845206_p2  |         +|   0|  0|    39|          32|          32|
    |add_ln58_1029_fu_861105_p2  |         +|   0|  0|    32|          32|          32|
    |add_ln58_102_fu_822232_p2   |         +|   0|  0|    37|          30|          30|
    |add_ln58_1030_fu_845212_p2  |         +|   0|  0|    37|          30|          30|
    |add_ln58_1031_fu_848474_p2  |         +|   0|  0|    37|          30|          30|
    |add_ln58_1032_fu_848484_p2  |         +|   0|  0|    38|          31|          31|
    |add_ln58_1033_fu_850419_p2  |         +|   0|  0|    37|          30|          30|
    |add_ln58_1034_fu_852341_p2  |         +|   0|  0|    37|          30|          30|
    |add_ln58_1035_fu_852351_p2  |         +|   0|  0|    31|          31|          31|
    |add_ln58_1036_fu_852357_p2  |         +|   0|  0|    31|          31|          31|
    |add_ln58_1037_fu_861115_p2  |         +|   0|  0|    32|          32|          32|
    |add_ln58_1038_fu_854275_p2  |         +|   0|  0|    36|          29|          29|
    |add_ln58_1039_fu_856285_p2  |         +|   0|  0|    37|          30|          30|
    |add_ln58_103_fu_822242_p2   |         +|   0|  0|    31|          31|          31|
    |add_ln58_1040_fu_856295_p2  |         +|   0|  0|    31|          31|          31|
    |add_ln58_1041_fu_856301_p2  |         +|   0|  0|    31|          31|          31|
    |add_ln58_1042_fu_861124_p2  |         +|   0|  0|    30|          30|          30|
    |add_ln58_1043_fu_861130_p2  |         +|   0|  0|    27|          27|           6|
    |add_ln58_1044_fu_861136_p2  |         +|   0|  0|    27|          27|          27|
    |add_ln58_1045_fu_861146_p2  |         +|   0|  0|    30|          30|          30|
    |add_ln58_1046_fu_861156_p2  |         +|   0|  0|    39|          32|          32|
    |add_ln58_1047_fu_861162_p2  |         +|   0|  0|    32|          32|          32|
    |add_ln58_1048_fu_861168_p2  |         +|   0|  0|    32|          32|          32|
    |add_ln58_1049_fu_861174_p2  |         +|   0|  0|    32|          32|          32|
    |add_ln58_104_fu_822248_p2   |         +|   0|  0|    31|          31|          31|
    |add_ln58_1050_fu_795802_p2  |         +|   0|  0|    35|          28|          28|
    |add_ln58_1051_fu_797257_p2  |         +|   0|  0|    30|          30|          30|
    |add_ln58_1052_fu_797263_p2  |         +|   0|  0|    30|          30|          30|
    |add_ln58_1053_fu_799151_p2  |         +|   0|  0|    36|          29|          29|
    |add_ln58_1054_fu_800864_p2  |         +|   0|  0|    30|          30|          30|
    |add_ln58_1055_fu_800870_p2  |         +|   0|  0|    30|          30|          30|
    |add_ln58_1056_fu_800880_p2  |         +|   0|  0|    38|          31|          31|
    |add_ln58_1057_fu_809315_p2  |         +|   0|  0|    32|          32|          32|
    |add_ln58_1058_fu_803293_p2  |         +|   0|  0|    35|          28|          28|
    |add_ln58_1059_fu_804944_p2  |         +|   0|  0|    36|          29|          29|
    |add_ln58_105_fu_822254_p2   |         +|   0|  0|    37|          30|          30|
    |add_ln58_1060_fu_804954_p2  |         +|   0|  0|    37|          30|          30|
    |add_ln58_1061_fu_804964_p2  |         +|   0|  0|    38|          31|          31|
    |add_ln58_1062_fu_807130_p2  |         +|   0|  0|    37|          30|          30|
    |add_ln58_1063_fu_809327_p2  |         +|   0|  0|    36|          29|          29|
    |add_ln58_1064_fu_809337_p2  |         +|   0|  0|    37|          30|          30|
    |add_ln58_1065_fu_809347_p2  |         +|   0|  0|    38|          31|          31|
    |add_ln58_1066_fu_809357_p2  |         +|   0|  0|    39|          32|          32|
    |add_ln58_1067_fu_809363_p2  |         +|   0|  0|    32|          32|          32|
    |add_ln58_1068_fu_813264_p2  |         +|   0|  0|    37|          30|          30|
    |add_ln58_1069_fu_814979_p2  |         +|   0|  0|    36|          29|          29|
    |add_ln58_106_fu_826342_p2   |         +|   0|  0|    37|          30|          30|
    |add_ln58_1070_fu_818638_p2  |         +|   0|  0|    31|          31|          31|
    |add_ln58_1071_fu_816605_p2  |         +|   0|  0|    36|          29|          29|
    |add_ln58_1072_fu_818647_p2  |         +|   0|  0|    36|          29|          29|
    |add_ln58_1073_fu_818657_p2  |         +|   0|  0|    30|          30|          30|
    |add_ln58_1074_fu_818663_p2  |         +|   0|  0|    30|          30|          30|
    |add_ln58_1075_fu_818673_p2  |         +|   0|  0|    31|          31|          31|
    |add_ln58_1076_fu_818679_p2  |         +|   0|  0|    35|          28|          28|
    |add_ln58_1077_fu_822576_p2  |         +|   0|  0|    36|          29|          29|
    |add_ln58_1078_fu_822586_p2  |         +|   0|  0|    30|          30|          30|
    |add_ln58_1079_fu_822592_p2  |         +|   0|  0|    30|          30|          30|
    |add_ln58_107_fu_826352_p2   |         +|   0|  0|    31|          31|          31|
    |add_ln58_1080_fu_824886_p2  |         +|   0|  0|    37|          30|          30|
    |add_ln58_1081_fu_827008_p2  |         +|   0|  0|    30|          30|          30|
    |add_ln58_1082_fu_827014_p2  |         +|   0|  0|    30|          30|          30|
    |add_ln58_1083_fu_827024_p2  |         +|   0|  0|    38|          31|          31|
    |add_ln58_1084_fu_827034_p2  |         +|   0|  0|    32|          32|          32|
    |add_ln58_1085_fu_827040_p2  |         +|   0|  0|    32|          32|          32|
    |add_ln58_1086_fu_861180_p2  |         +|   0|  0|    32|          32|          32|
    |add_ln58_1087_fu_831557_p2  |         +|   0|  0|    35|          28|          28|
    |add_ln58_1088_fu_831567_p2  |         +|   0|  0|    30|          30|          30|
    |add_ln58_1089_fu_831573_p2  |         +|   0|  0|    30|          30|          30|
    |add_ln58_108_fu_826358_p2   |         +|   0|  0|    31|          31|          31|
    |add_ln58_1090_fu_833405_p2  |         +|   0|  0|    37|          30|          30|
    |add_ln58_1091_fu_835552_p2  |         +|   0|  0|    30|          30|          30|
    |add_ln58_1092_fu_835558_p2  |         +|   0|  0|    30|          30|          30|
    |add_ln58_1093_fu_835568_p2  |         +|   0|  0|    38|          31|          31|
    |add_ln58_1094_fu_835578_p2  |         +|   0|  0|    39|          32|          32|
    |add_ln58_1095_fu_837119_p2  |         +|   0|  0|    37|          30|          30|
    |add_ln58_1096_fu_841316_p2  |         +|   0|  0|    36|          29|          29|
    |add_ln58_1097_fu_841326_p2  |         +|   0|  0|    37|          30|          30|
    |add_ln58_1098_fu_841336_p2  |         +|   0|  0|    38|          31|          31|
    |add_ln58_1099_fu_841342_p2  |         +|   0|  0|    37|          30|          30|
    |add_ln58_109_fu_826368_p2   |         +|   0|  0|    39|          32|          32|
    |add_ln58_10_fu_804614_p2    |         +|   0|  0|    31|          31|          31|
    |add_ln58_1100_fu_845224_p2  |         +|   0|  0|    36|          29|          29|
    |add_ln58_1101_fu_845234_p2  |         +|   0|  0|    37|          30|          30|
    |add_ln58_1102_fu_845244_p2  |         +|   0|  0|    38|          31|          31|
    |add_ln58_1103_fu_845254_p2  |         +|   0|  0|    39|          32|          32|
    |add_ln58_1104_fu_861184_p2  |         +|   0|  0|    32|          32|          32|
    |add_ln58_1105_fu_845260_p2  |         +|   0|  0|    37|          30|          30|
    |add_ln58_1106_fu_848493_p2  |         +|   0|  0|    37|          30|          30|
    |add_ln58_1107_fu_848503_p2  |         +|   0|  0|    38|          31|          31|
    |add_ln58_1108_fu_850425_p2  |         +|   0|  0|    37|          30|          30|
    |add_ln58_1109_fu_852366_p2  |         +|   0|  0|    37|          30|          30|
    |add_ln58_110_fu_826374_p2   |         +|   0|  0|    32|          32|          32|
    |add_ln58_1110_fu_852376_p2  |         +|   0|  0|    31|          31|          31|
    |add_ln58_1111_fu_852382_p2  |         +|   0|  0|    31|          31|          31|
    |add_ln58_1112_fu_861194_p2  |         +|   0|  0|    32|          32|          32|
    |add_ln58_1113_fu_854281_p2  |         +|   0|  0|    36|          29|          29|
    |add_ln58_1114_fu_856310_p2  |         +|   0|  0|    37|          30|          30|
    |add_ln58_1115_fu_856320_p2  |         +|   0|  0|    31|          31|          31|
    |add_ln58_1116_fu_856326_p2  |         +|   0|  0|    31|          31|          31|
    |add_ln58_1117_fu_858219_p2  |         +|   0|  0|    37|          30|          30|
    |add_ln58_1118_fu_861206_p2  |         +|   0|  0|    35|          28|           8|
    |add_ln58_1119_fu_861216_p2  |         +|   0|  0|    36|          29|          29|
    |add_ln58_111_fu_860155_p2   |         +|   0|  0|    32|          32|          32|
    |add_ln58_1120_fu_861226_p2  |         +|   0|  0|    38|          31|          31|
    |add_ln58_1121_fu_861236_p2  |         +|   0|  0|    39|          32|          32|
    |add_ln58_1122_fu_861242_p2  |         +|   0|  0|    32|          32|          32|
    |add_ln58_1123_fu_861248_p2  |         +|   0|  0|    32|          32|          32|
    |add_ln58_1124_fu_861254_p2  |         +|   0|  0|    32|          32|          32|
    |add_ln58_1125_fu_795808_p2  |         +|   0|  0|    37|          30|          30|
    |add_ln58_1126_fu_797272_p2  |         +|   0|  0|    37|          30|          30|
    |add_ln58_1127_fu_797282_p2  |         +|   0|  0|    38|          31|          31|
    |add_ln58_1128_fu_799157_p2  |         +|   0|  0|    35|          28|          28|
    |add_ln58_1129_fu_800889_p2  |         +|   0|  0|    35|          28|          28|
    |add_ln58_112_fu_831231_p2   |         +|   0|  0|    37|          30|          30|
    |add_ln58_1130_fu_800899_p2  |         +|   0|  0|    36|          29|          29|
    |add_ln58_1131_fu_800909_p2  |         +|   0|  0|    37|          30|          30|
    |add_ln58_1132_fu_809375_p2  |         +|   0|  0|    32|          32|          32|
    |add_ln58_1133_fu_803299_p2  |         +|   0|  0|    37|          30|          30|
    |add_ln58_1134_fu_804973_p2  |         +|   0|  0|    29|          29|          29|
    |add_ln58_1135_fu_804979_p2  |         +|   0|  0|    29|          29|          29|
    |add_ln58_1136_fu_804989_p2  |         +|   0|  0|    38|          31|          31|
    |add_ln58_1137_fu_807136_p2  |         +|   0|  0|    37|          30|          30|
    |add_ln58_1138_fu_809387_p2  |         +|   0|  0|    30|          30|          30|
    |add_ln58_1139_fu_809393_p2  |         +|   0|  0|    30|          30|          30|
    |add_ln58_113_fu_831241_p2   |         +|   0|  0|    37|          30|          30|
    |add_ln58_1140_fu_809403_p2  |         +|   0|  0|    38|          31|          31|
    |add_ln58_1141_fu_809413_p2  |         +|   0|  0|    39|          32|          32|
    |add_ln58_1142_fu_809419_p2  |         +|   0|  0|    32|          32|          32|
    |add_ln58_1143_fu_813270_p2  |         +|   0|  0|    36|          29|          29|
    |add_ln58_1144_fu_814988_p2  |         +|   0|  0|    37|          30|          30|
    |add_ln58_1145_fu_814998_p2  |         +|   0|  0|    38|          31|          31|
    |add_ln58_1146_fu_815004_p2  |         +|   0|  0|    36|          29|          29|
    |add_ln58_1147_fu_818688_p2  |         +|   0|  0|    36|          29|          29|
    |add_ln58_1148_fu_818698_p2  |         +|   0|  0|    37|          30|          30|
    |add_ln58_1149_fu_818708_p2  |         +|   0|  0|    38|          31|          31|
    |add_ln58_114_fu_831251_p2   |         +|   0|  0|    38|          31|          31|
    |add_ln58_1150_fu_827052_p2  |         +|   0|  0|    32|          32|          32|
    |add_ln58_1151_fu_820742_p2  |         +|   0|  0|    37|          30|          30|
    |add_ln58_1152_fu_822601_p2  |         +|   0|  0|    30|          30|          30|
    |add_ln58_1153_fu_822607_p2  |         +|   0|  0|    30|          30|          30|
    |add_ln58_1154_fu_822617_p2  |         +|   0|  0|    38|          31|          31|
    |add_ln58_1155_fu_824892_p2  |         +|   0|  0|    36|          29|          29|
    |add_ln58_1156_fu_827064_p2  |         +|   0|  0|    36|          29|          29|
    |add_ln58_1157_fu_827074_p2  |         +|   0|  0|    37|          30|          30|
    |add_ln58_1158_fu_827084_p2  |         +|   0|  0|    38|          31|          31|
    |add_ln58_1159_fu_827094_p2  |         +|   0|  0|    39|          32|          32|
    |add_ln58_115_fu_833327_p2   |         +|   0|  0|    36|          29|          29|
    |add_ln58_1160_fu_827100_p2  |         +|   0|  0|    32|          32|          32|
    |add_ln58_1161_fu_861260_p2  |         +|   0|  0|    32|          32|          32|
    |add_ln58_1162_fu_831579_p2  |         +|   0|  0|    37|          30|          30|
    |add_ln58_1163_fu_831589_p2  |         +|   0|  0|    36|          29|          29|
    |add_ln58_1164_fu_831599_p2  |         +|   0|  0|    38|          31|          31|
    |add_ln58_1165_fu_833411_p2  |         +|   0|  0|    37|          30|          30|
    |add_ln58_1166_fu_835590_p2  |         +|   0|  0|    36|          29|          29|
    |add_ln58_1167_fu_835600_p2  |         +|   0|  0|    37|          30|          30|
    |add_ln58_1168_fu_835610_p2  |         +|   0|  0|    38|          31|          31|
    |add_ln58_1169_fu_835620_p2  |         +|   0|  0|    39|          32|          32|
    |add_ln58_116_fu_835046_p2   |         +|   0|  0|    36|          29|          29|
    |add_ln58_1170_fu_837125_p2  |         +|   0|  0|    37|          30|          30|
    |add_ln58_1171_fu_841351_p2  |         +|   0|  0|    37|          30|          30|
    |add_ln58_1172_fu_841361_p2  |         +|   0|  0|    31|          31|          31|
    |add_ln58_1173_fu_841367_p2  |         +|   0|  0|    31|          31|          31|
    |add_ln58_1174_fu_841373_p2  |         +|   0|  0|    36|          29|          29|
    |add_ln58_1175_fu_845272_p2  |         +|   0|  0|    37|          30|          30|
    |add_ln58_1176_fu_845282_p2  |         +|   0|  0|    31|          31|          31|
    |add_ln58_1177_fu_845288_p2  |         +|   0|  0|    31|          31|          31|
    |add_ln58_1178_fu_845298_p2  |         +|   0|  0|    39|          32|          32|
    |add_ln58_1179_fu_861264_p2  |         +|   0|  0|    32|          32|          32|
    |add_ln58_117_fu_835056_p2   |         +|   0|  0|    30|          30|          30|
    |add_ln58_1180_fu_845304_p2  |         +|   0|  0|    36|          29|          29|
    |add_ln58_1181_fu_848512_p2  |         +|   0|  0|    37|          30|          30|
    |add_ln58_1182_fu_848522_p2  |         +|   0|  0|    38|          31|          31|
    |add_ln58_1183_fu_850431_p2  |         +|   0|  0|    37|          30|          30|
    |add_ln58_1184_fu_852391_p2  |         +|   0|  0|    37|          30|          30|
    |add_ln58_1185_fu_852401_p2  |         +|   0|  0|    38|          31|          31|
    |add_ln58_1186_fu_852411_p2  |         +|   0|  0|    39|          32|          32|
    |add_ln58_1187_fu_861271_p2  |         +|   0|  0|    32|          32|          32|
    |add_ln58_1188_fu_854287_p2  |         +|   0|  0|    37|          30|          30|
    |add_ln58_1189_fu_856335_p2  |         +|   0|  0|    37|          30|          30|
    |add_ln58_118_fu_835062_p2   |         +|   0|  0|    30|          30|          30|
    |add_ln58_1190_fu_856345_p2  |         +|   0|  0|    31|          31|          31|
    |add_ln58_1191_fu_856351_p2  |         +|   0|  0|    31|          31|          31|
    |add_ln58_1192_fu_858225_p2  |         +|   0|  0|    37|          30|          30|
    |add_ln58_1193_fu_861282_p2  |         +|   0|  0|    30|          30|           7|
    |add_ln58_1194_fu_861288_p2  |         +|   0|  0|    30|          30|          30|
    |add_ln58_1195_fu_861298_p2  |         +|   0|  0|    38|          31|          31|
    |add_ln58_1196_fu_861308_p2  |         +|   0|  0|    39|          32|          32|
    |add_ln58_1197_fu_861314_p2  |         +|   0|  0|    32|          32|          32|
    |add_ln58_1198_fu_861320_p2  |         +|   0|  0|    32|          32|          32|
    |add_ln58_1199_fu_861326_p2  |         +|   0|  0|    32|          32|          32|
    |add_ln58_119_fu_835072_p2   |         +|   0|  0|    39|          32|          32|
    |add_ln58_11_fu_804620_p2    |         +|   0|  0|    31|          31|          31|
    |add_ln58_1200_fu_795814_p2  |         +|   0|  0|    37|          30|          30|
    |add_ln58_1201_fu_797291_p2  |         +|   0|  0|    37|          30|          30|
    |add_ln58_1202_fu_797301_p2  |         +|   0|  0|    38|          31|          31|
    |add_ln58_1203_fu_799163_p2  |         +|   0|  0|    37|          30|          30|
    |add_ln58_1204_fu_800918_p2  |         +|   0|  0|    37|          30|          30|
    |add_ln58_1205_fu_800928_p2  |         +|   0|  0|    31|          31|          31|
    |add_ln58_1206_fu_800934_p2  |         +|   0|  0|    31|          31|          31|
    |add_ln58_1207_fu_809431_p2  |         +|   0|  0|    32|          32|          32|
    |add_ln58_1208_fu_803305_p2  |         +|   0|  0|    36|          29|          29|
    |add_ln58_1209_fu_804995_p2  |         +|   0|  0|    35|          28|          28|
    |add_ln58_120_fu_837041_p2   |         +|   0|  0|    36|          29|          29|
    |add_ln58_1210_fu_805005_p2  |         +|   0|  0|    37|          30|          30|
    |add_ln58_1211_fu_809443_p2  |         +|   0|  0|    31|          31|          31|
    |add_ln58_1212_fu_807142_p2  |         +|   0|  0|    34|          27|          27|
    |add_ln58_1213_fu_809452_p2  |         +|   0|  0|    37|          30|          30|
    |add_ln58_1214_fu_809458_p2  |         +|   0|  0|    30|          30|          30|
    |add_ln58_1215_fu_809464_p2  |         +|   0|  0|    30|          30|          30|
    |add_ln58_1216_fu_809474_p2  |         +|   0|  0|    31|          31|          31|
    |add_ln58_1217_fu_809484_p2  |         +|   0|  0|    32|          32|          32|
    |add_ln58_1218_fu_813276_p2  |         +|   0|  0|    37|          30|          30|
    |add_ln58_1219_fu_815013_p2  |         +|   0|  0|    32|          25|          25|
    |add_ln58_121_fu_839577_p2   |         +|   0|  0|    36|          29|          29|
    |add_ln58_1220_fu_815023_p2  |         +|   0|  0|    38|          31|          31|
    |add_ln58_1221_fu_815029_p2  |         +|   0|  0|    37|          30|          30|
    |add_ln58_1222_fu_818717_p2  |         +|   0|  0|    37|          30|          30|
    |add_ln58_1223_fu_818727_p2  |         +|   0|  0|    31|          31|          31|
    |add_ln58_1224_fu_818733_p2  |         +|   0|  0|    31|          31|          31|
    |add_ln58_1225_fu_827112_p2  |         +|   0|  0|    32|          32|          32|
    |add_ln58_1226_fu_820748_p2  |         +|   0|  0|    36|          29|          29|
    |add_ln58_1227_fu_822626_p2  |         +|   0|  0|    37|          30|          30|
    |add_ln58_1228_fu_822636_p2  |         +|   0|  0|    31|          31|          31|
    |add_ln58_1229_fu_822642_p2  |         +|   0|  0|    31|          31|          31|
    |add_ln58_122_fu_839587_p2   |         +|   0|  0|    37|          30|          30|
    |add_ln58_1230_fu_824898_p2  |         +|   0|  0|    37|          30|          30|
    |add_ln58_1231_fu_827124_p2  |         +|   0|  0|    36|          29|          29|
    |add_ln58_1232_fu_827134_p2  |         +|   0|  0|    37|          30|          30|
    |add_ln58_1233_fu_827144_p2  |         +|   0|  0|    38|          31|          31|
    |add_ln58_1234_fu_827154_p2  |         +|   0|  0|    39|          32|          32|
    |add_ln58_1235_fu_827160_p2  |         +|   0|  0|    32|          32|          32|
    |add_ln58_1236_fu_861332_p2  |         +|   0|  0|    32|          32|          32|
    |add_ln58_1237_fu_831605_p2  |         +|   0|  0|    37|          30|          30|
    |add_ln58_1238_fu_831615_p2  |         +|   0|  0|    36|          29|          29|
    |add_ln58_1239_fu_831625_p2  |         +|   0|  0|    38|          31|          31|
    |add_ln58_123_fu_839597_p2   |         +|   0|  0|    38|          31|          31|
    |add_ln58_1240_fu_833417_p2  |         +|   0|  0|    37|          30|          30|
    |add_ln58_1241_fu_835632_p2  |         +|   0|  0|    30|          30|          30|
    |add_ln58_1242_fu_835638_p2  |         +|   0|  0|    30|          30|          30|
    |add_ln58_1243_fu_835648_p2  |         +|   0|  0|    38|          31|          31|
    |add_ln58_1244_fu_835658_p2  |         +|   0|  0|    39|          32|          32|
    |add_ln58_1245_fu_837131_p2  |         +|   0|  0|    37|          30|          30|
    |add_ln58_1246_fu_841382_p2  |         +|   0|  0|    37|          30|          30|
    |add_ln58_1247_fu_841392_p2  |         +|   0|  0|    31|          31|          31|
    |add_ln58_1248_fu_841398_p2  |         +|   0|  0|    31|          31|          31|
    |add_ln58_1249_fu_841404_p2  |         +|   0|  0|    37|          30|          30|
    |add_ln58_124_fu_841181_p2   |         +|   0|  0|    36|          29|          29|
    |add_ln58_1250_fu_845316_p2  |         +|   0|  0|    37|          30|          30|
    |add_ln58_1251_fu_845326_p2  |         +|   0|  0|    31|          31|          31|
    |add_ln58_1252_fu_845332_p2  |         +|   0|  0|    31|          31|          31|
    |add_ln58_1253_fu_845342_p2  |         +|   0|  0|    39|          32|          32|
    |add_ln58_1254_fu_861336_p2  |         +|   0|  0|    32|          32|          32|
    |add_ln58_1255_fu_845348_p2  |         +|   0|  0|    37|          30|          30|
    |add_ln58_1256_fu_848531_p2  |         +|   0|  0|    37|          30|          30|
    |add_ln58_1257_fu_848541_p2  |         +|   0|  0|    38|          31|          31|
    |add_ln58_1258_fu_850437_p2  |         +|   0|  0|    36|          29|          29|
    |add_ln58_1259_fu_852420_p2  |         +|   0|  0|    35|          28|          28|
    |add_ln58_125_fu_844625_p2   |         +|   0|  0|    36|          29|          29|
    |add_ln58_1260_fu_852430_p2  |         +|   0|  0|    37|          30|          30|
    |add_ln58_1261_fu_852440_p2  |         +|   0|  0|    38|          31|          31|
    |add_ln58_1262_fu_861346_p2  |         +|   0|  0|    32|          32|          32|
    |add_ln58_1263_fu_854293_p2  |         +|   0|  0|    36|          29|          29|
    |add_ln58_1264_fu_856360_p2  |         +|   0|  0|    36|          29|          29|
    |add_ln58_1265_fu_856370_p2  |         +|   0|  0|    37|          30|          30|
    |add_ln58_1266_fu_856380_p2  |         +|   0|  0|    38|          31|          31|
    |add_ln58_1267_fu_858231_p2  |         +|   0|  0|    37|          30|          30|
    |add_ln58_1268_fu_861358_p2  |         +|   0|  0|    34|          27|          11|
    |add_ln58_1269_fu_861368_p2  |         +|   0|  0|    37|          30|          30|
    |add_ln58_126_fu_844635_p2   |         +|   0|  0|    37|          30|          30|
    |add_ln58_1270_fu_861378_p2  |         +|   0|  0|    38|          31|          31|
    |add_ln58_1271_fu_861388_p2  |         +|   0|  0|    39|          32|          32|
    |add_ln58_1272_fu_861394_p2  |         +|   0|  0|    32|          32|          32|
    |add_ln58_1273_fu_861400_p2  |         +|   0|  0|    32|          32|          32|
    |add_ln58_1274_fu_861406_p2  |         +|   0|  0|    32|          32|          32|
    |add_ln58_1275_fu_795820_p2  |         +|   0|  0|    36|          29|          29|
    |add_ln58_1276_fu_797310_p2  |         +|   0|  0|    36|          29|          29|
    |add_ln58_1277_fu_797320_p2  |         +|   0|  0|    37|          30|          30|
    |add_ln58_1278_fu_799169_p2  |         +|   0|  0|    37|          30|          30|
    |add_ln58_1279_fu_800943_p2  |         +|   0|  0|    37|          30|          30|
    |add_ln58_127_fu_844645_p2   |         +|   0|  0|    38|          31|          31|
    |add_ln58_1280_fu_800953_p2  |         +|   0|  0|    31|          31|          31|
    |add_ln58_1281_fu_800959_p2  |         +|   0|  0|    31|          31|          31|
    |add_ln58_1282_fu_809496_p2  |         +|   0|  0|    32|          32|          32|
    |add_ln58_1283_fu_803311_p2  |         +|   0|  0|    36|          29|          29|
    |add_ln58_1284_fu_805014_p2  |         +|   0|  0|    37|          30|          30|
    |add_ln58_1285_fu_805024_p2  |         +|   0|  0|    31|          31|          31|
    |add_ln58_1286_fu_805030_p2  |         +|   0|  0|    31|          31|          31|
    |add_ln58_1287_fu_807148_p2  |         +|   0|  0|    37|          30|          30|
    |add_ln58_1288_fu_809508_p2  |         +|   0|  0|    29|          29|          29|
    |add_ln58_1289_fu_809514_p2  |         +|   0|  0|    29|          29|          29|
    |add_ln58_128_fu_844655_p2   |         +|   0|  0|    39|          32|          32|
    |add_ln58_1290_fu_809524_p2  |         +|   0|  0|    38|          31|          31|
    |add_ln58_1291_fu_809534_p2  |         +|   0|  0|    39|          32|          32|
    |add_ln58_1292_fu_809540_p2  |         +|   0|  0|    32|          32|          32|
    |add_ln58_1293_fu_813282_p2  |         +|   0|  0|    37|          30|          30|
    |add_ln58_1294_fu_815035_p2  |         +|   0|  0|    37|          30|          30|
    |add_ln58_1295_fu_818745_p2  |         +|   0|  0|    31|          31|          31|
    |add_ln58_1296_fu_815041_p2  |         +|   0|  0|    36|          29|          29|
    |add_ln58_1297_fu_818754_p2  |         +|   0|  0|    35|          28|          28|
    |add_ln58_1298_fu_818764_p2  |         +|   0|  0|    36|          29|          29|
    |add_ln58_1299_fu_818774_p2  |         +|   0|  0|    37|          30|          30|
    |add_ln58_129_fu_860159_p2   |         +|   0|  0|    32|          32|          32|
    |add_ln58_12_fu_807046_p2    |         +|   0|  0|    37|          30|          30|
    |add_ln58_1300_fu_818784_p2  |         +|   0|  0|    31|          31|          31|
    |add_ln58_1301_fu_820754_p2  |         +|   0|  0|    37|          30|          30|
    |add_ln58_1302_fu_822651_p2  |         +|   0|  0|    37|          30|          30|
    |add_ln58_1303_fu_822661_p2  |         +|   0|  0|    38|          31|          31|
    |add_ln58_1304_fu_822671_p2  |         +|   0|  0|    39|          32|          32|
    |add_ln58_1305_fu_824904_p2  |         +|   0|  0|    37|          30|          30|
    |add_ln58_1306_fu_827172_p2  |         +|   0|  0|    30|          30|          30|
    |add_ln58_1307_fu_827178_p2  |         +|   0|  0|    30|          30|          30|
    |add_ln58_1308_fu_827188_p2  |         +|   0|  0|    38|          31|          31|
    |add_ln58_1309_fu_827198_p2  |         +|   0|  0|    32|          32|          32|
    |add_ln58_130_fu_844661_p2   |         +|   0|  0|    37|          30|          30|
    |add_ln58_1310_fu_827203_p2  |         +|   0|  0|    32|          32|          32|
    |add_ln58_1311_fu_861412_p2  |         +|   0|  0|    32|          32|          32|
    |add_ln58_1312_fu_831631_p2  |         +|   0|  0|    35|          28|          28|
    |add_ln58_1313_fu_831641_p2  |         +|   0|  0|    36|          29|          29|
    |add_ln58_1314_fu_831651_p2  |         +|   0|  0|    37|          30|          30|
    |add_ln58_1315_fu_833423_p2  |         +|   0|  0|    36|          29|          29|
    |add_ln58_1316_fu_835670_p2  |         +|   0|  0|    37|          30|          30|
    |add_ln58_1317_fu_835680_p2  |         +|   0|  0|    31|          31|          31|
    |add_ln58_1318_fu_835686_p2  |         +|   0|  0|    31|          31|          31|
    |add_ln58_1319_fu_835696_p2  |         +|   0|  0|    39|          32|          32|
    |add_ln58_131_fu_848243_p2   |         +|   0|  0|    37|          30|          30|
    |add_ln58_1320_fu_837137_p2  |         +|   0|  0|    37|          30|          30|
    |add_ln58_1321_fu_841413_p2  |         +|   0|  0|    30|          30|          30|
    |add_ln58_1322_fu_841419_p2  |         +|   0|  0|    30|          30|          30|
    |add_ln58_1323_fu_841429_p2  |         +|   0|  0|    38|          31|          31|
    |add_ln58_1324_fu_841435_p2  |         +|   0|  0|    36|          29|          29|
    |add_ln58_1325_fu_845360_p2  |         +|   0|  0|    37|          30|          30|
    |add_ln58_1326_fu_845370_p2  |         +|   0|  0|    31|          31|          31|
    |add_ln58_1327_fu_845376_p2  |         +|   0|  0|    31|          31|          31|
    |add_ln58_1328_fu_845386_p2  |         +|   0|  0|    39|          32|          32|
    |add_ln58_1329_fu_861416_p2  |         +|   0|  0|    32|          32|          32|
    |add_ln58_132_fu_848253_p2   |         +|   0|  0|    38|          31|          31|
    |add_ln58_1330_fu_845392_p2  |         +|   0|  0|    36|          29|          29|
    |add_ln58_1331_fu_848550_p2  |         +|   0|  0|    30|          30|          30|
    |add_ln58_1332_fu_848556_p2  |         +|   0|  0|    30|          30|          30|
    |add_ln58_1333_fu_850443_p2  |         +|   0|  0|    37|          30|          30|
    |add_ln58_1334_fu_852449_p2  |         +|   0|  0|    30|          30|          30|
    |add_ln58_1335_fu_852455_p2  |         +|   0|  0|    30|          30|          30|
    |add_ln58_1336_fu_852465_p2  |         +|   0|  0|    38|          31|          31|
    |add_ln58_1337_fu_861426_p2  |         +|   0|  0|    32|          32|          32|
    |add_ln58_1338_fu_854299_p2  |         +|   0|  0|    37|          30|          30|
    |add_ln58_1339_fu_856389_p2  |         +|   0|  0|    36|          29|          29|
    |add_ln58_133_fu_850353_p2   |         +|   0|  0|    36|          29|          29|
    |add_ln58_1340_fu_856399_p2  |         +|   0|  0|    37|          30|          30|
    |add_ln58_1341_fu_856409_p2  |         +|   0|  0|    38|          31|          31|
    |add_ln58_1342_fu_861435_p2  |         +|   0|  0|    30|          30|          30|
    |add_ln58_1343_fu_861441_p2  |         +|   0|  0|    28|          28|           9|
    |add_ln58_1344_fu_861447_p2  |         +|   0|  0|    28|          28|          28|
    |add_ln58_1345_fu_861457_p2  |         +|   0|  0|    30|          30|          30|
    |add_ln58_1346_fu_861467_p2  |         +|   0|  0|    39|          32|          32|
    |add_ln58_1347_fu_861473_p2  |         +|   0|  0|    32|          32|          32|
    |add_ln58_1348_fu_861479_p2  |         +|   0|  0|    32|          32|          32|
    |add_ln58_1349_fu_861485_p2  |         +|   0|  0|    32|          32|          32|
    |add_ln58_134_fu_852018_p2   |         +|   0|  0|    37|          30|          30|
    |add_ln58_1350_fu_795826_p2  |         +|   0|  0|    33|          26|          26|
    |add_ln58_1351_fu_797329_p2  |         +|   0|  0|    29|          29|          29|
    |add_ln58_1352_fu_797335_p2  |         +|   0|  0|    29|          29|          29|
    |add_ln58_1353_fu_799175_p2  |         +|   0|  0|    37|          30|          30|
    |add_ln58_1354_fu_800968_p2  |         +|   0|  0|    37|          30|          30|
    |add_ln58_1355_fu_800978_p2  |         +|   0|  0|    31|          31|          31|
    |add_ln58_1356_fu_800984_p2  |         +|   0|  0|    31|          31|          31|
    |add_ln58_1357_fu_809552_p2  |         +|   0|  0|    32|          32|          32|
    |add_ln58_1358_fu_803317_p2  |         +|   0|  0|    37|          30|          30|
    |add_ln58_1359_fu_805039_p2  |         +|   0|  0|    37|          30|          30|
    |add_ln58_135_fu_852028_p2   |         +|   0|  0|    31|          31|          31|
    |add_ln58_1360_fu_805049_p2  |         +|   0|  0|    31|          31|          31|
    |add_ln58_1361_fu_805055_p2  |         +|   0|  0|    31|          31|          31|
    |add_ln58_1362_fu_807154_p2  |         +|   0|  0|    36|          29|          29|
    |add_ln58_1363_fu_809564_p2  |         +|   0|  0|    37|          30|          30|
    |add_ln58_1364_fu_809574_p2  |         +|   0|  0|    31|          31|          31|
    |add_ln58_1365_fu_809580_p2  |         +|   0|  0|    31|          31|          31|
    |add_ln58_1366_fu_809590_p2  |         +|   0|  0|    39|          32|          32|
    |add_ln58_1367_fu_809596_p2  |         +|   0|  0|    32|          32|          32|
    |add_ln58_1368_fu_813288_p2  |         +|   0|  0|    37|          30|          30|
    |add_ln58_1369_fu_815050_p2  |         +|   0|  0|    37|          30|          30|
    |add_ln58_136_fu_852034_p2   |         +|   0|  0|    31|          31|          31|
    |add_ln58_1370_fu_815060_p2  |         +|   0|  0|    38|          31|          31|
    |add_ln58_1371_fu_815066_p2  |         +|   0|  0|    36|          29|          29|
    |add_ln58_1372_fu_818793_p2  |         +|   0|  0|    36|          29|          29|
    |add_ln58_1373_fu_818803_p2  |         +|   0|  0|    37|          30|          30|
    |add_ln58_1374_fu_818813_p2  |         +|   0|  0|    38|          31|          31|
    |add_ln58_1375_fu_827215_p2  |         +|   0|  0|    32|          32|          32|
    |add_ln58_1376_fu_820760_p2  |         +|   0|  0|    35|          28|          28|
    |add_ln58_1377_fu_822680_p2  |         +|   0|  0|    37|          30|          30|
    |add_ln58_1378_fu_822690_p2  |         +|   0|  0|    31|          31|          31|
    |add_ln58_1379_fu_822696_p2  |         +|   0|  0|    31|          31|          31|
    |add_ln58_137_fu_860169_p2   |         +|   0|  0|    32|          32|          32|
    |add_ln58_1380_fu_824910_p2  |         +|   0|  0|    36|          29|          29|
    |add_ln58_1381_fu_827227_p2  |         +|   0|  0|    37|          30|          30|
    |add_ln58_1382_fu_827237_p2  |         +|   0|  0|    31|          31|          31|
    |add_ln58_1383_fu_827243_p2  |         +|   0|  0|    31|          31|          31|
    |add_ln58_1384_fu_827253_p2  |         +|   0|  0|    39|          32|          32|
    |add_ln58_1385_fu_827259_p2  |         +|   0|  0|    32|          32|          32|
    |add_ln58_1386_fu_861491_p2  |         +|   0|  0|    32|          32|          32|
    |add_ln58_1387_fu_831657_p2  |         +|   0|  0|    37|          30|          30|
    |add_ln58_1388_fu_831667_p2  |         +|   0|  0|    36|          29|          29|
    |add_ln58_1389_fu_831677_p2  |         +|   0|  0|    38|          31|          31|
    |add_ln58_138_fu_854203_p2   |         +|   0|  0|    35|          28|          28|
    |add_ln58_1390_fu_833429_p2  |         +|   0|  0|    36|          29|          29|
    |add_ln58_1391_fu_835708_p2  |         +|   0|  0|    37|          30|          30|
    |add_ln58_1392_fu_835718_p2  |         +|   0|  0|    31|          31|          31|
    |add_ln58_1393_fu_835724_p2  |         +|   0|  0|    31|          31|          31|
    |add_ln58_1394_fu_835734_p2  |         +|   0|  0|    39|          32|          32|
    |add_ln58_1395_fu_837143_p2  |         +|   0|  0|    37|          30|          30|
    |add_ln58_1396_fu_839848_p2  |         +|   0|  0|    37|          30|          30|
    |add_ln58_1397_fu_839858_p2  |         +|   0|  0|    38|          31|          31|
    |add_ln58_1398_fu_845404_p2  |         +|   0|  0|    32|          32|          32|
    |add_ln58_1399_fu_841441_p2  |         +|   0|  0|    37|          30|          30|
    |add_ln58_139_fu_855991_p2   |         +|   0|  0|    30|          30|          30|
    |add_ln58_13_fu_808527_p2    |         +|   0|  0|    30|          30|          30|
    |add_ln58_1400_fu_845413_p2  |         +|   0|  0|    36|          29|          29|
    |add_ln58_1401_fu_845423_p2  |         +|   0|  0|    37|          30|          30|
    |add_ln58_1402_fu_845433_p2  |         +|   0|  0|    38|          31|          31|
    |add_ln58_1403_fu_845443_p2  |         +|   0|  0|    32|          32|          32|
    |add_ln58_1404_fu_861495_p2  |         +|   0|  0|    32|          32|          32|
    |add_ln58_1405_fu_845449_p2  |         +|   0|  0|    37|          30|          30|
    |add_ln58_1406_fu_848565_p2  |         +|   0|  0|    37|          30|          30|
    |add_ln58_1407_fu_848575_p2  |         +|   0|  0|    38|          31|          31|
    |add_ln58_1408_fu_850449_p2  |         +|   0|  0|    37|          30|          30|
    |add_ln58_1409_fu_852474_p2  |         +|   0|  0|    37|          30|          30|
    |add_ln58_140_fu_855997_p2   |         +|   0|  0|    30|          30|          30|
    |add_ln58_1410_fu_852484_p2  |         +|   0|  0|    31|          31|          31|
    |add_ln58_1411_fu_852490_p2  |         +|   0|  0|    31|          31|          31|
    |add_ln58_1412_fu_861505_p2  |         +|   0|  0|    32|          32|          32|
    |add_ln58_1413_fu_854305_p2  |         +|   0|  0|    37|          30|          30|
    |add_ln58_1414_fu_856415_p2  |         +|   0|  0|    37|          30|          30|
    |add_ln58_1415_fu_856425_p2  |         +|   0|  0|    38|          31|          31|
    |add_ln58_1416_fu_861517_p2  |         +|   0|  0|    32|          32|          32|
    |add_ln58_1417_fu_858237_p2  |         +|   0|  0|    36|          29|          29|
    |add_ln58_1418_fu_861526_p2  |         +|   0|  0|    37|          30|           9|
    |add_ln58_1419_fu_861536_p2  |         +|   0|  0|    31|          31|          31|
    |add_ln58_141_fu_856007_p2   |         +|   0|  0|    38|          31|          31|
    |add_ln58_1420_fu_861542_p2  |         +|   0|  0|    31|          31|          31|
    |add_ln58_1421_fu_861552_p2  |         +|   0|  0|    32|          32|          32|
    |add_ln58_1422_fu_861558_p2  |         +|   0|  0|    32|          32|          32|
    |add_ln58_1423_fu_861564_p2  |         +|   0|  0|    32|          32|          32|
    |add_ln58_1424_fu_861570_p2  |         +|   0|  0|    32|          32|          32|
    |add_ln58_1425_fu_795832_p2  |         +|   0|  0|    37|          30|          30|
    |add_ln58_1426_fu_797344_p2  |         +|   0|  0|    37|          30|          30|
    |add_ln58_1427_fu_797354_p2  |         +|   0|  0|    38|          31|          31|
    |add_ln58_1428_fu_799181_p2  |         +|   0|  0|    36|          29|          29|
    |add_ln58_1429_fu_800993_p2  |         +|   0|  0|    37|          30|          30|
    |add_ln58_142_fu_858147_p2   |         +|   0|  0|    37|          30|          30|
    |add_ln58_1430_fu_801003_p2  |         +|   0|  0|    31|          31|          31|
    |add_ln58_1431_fu_801009_p2  |         +|   0|  0|    31|          31|          31|
    |add_ln58_1432_fu_809608_p2  |         +|   0|  0|    32|          32|          32|
    |add_ln58_1433_fu_803323_p2  |         +|   0|  0|    37|          30|          30|
    |add_ln58_1434_fu_805061_p2  |         +|   0|  0|    37|          30|          30|
    |add_ln58_1435_fu_805071_p2  |         +|   0|  0|    38|          31|          31|
    |add_ln58_1436_fu_809620_p2  |         +|   0|  0|    32|          32|          32|
    |add_ln58_1437_fu_807160_p2  |         +|   0|  0|    36|          29|          29|
    |add_ln58_1438_fu_809629_p2  |         +|   0|  0|    30|          30|          30|
    |add_ln58_1439_fu_809635_p2  |         +|   0|  0|    30|          30|          30|
    |add_ln58_143_fu_860181_p2   |         +|   0|  0|    35|          28|          10|
    |add_ln58_1440_fu_809645_p2  |         +|   0|  0|    38|          31|          31|
    |add_ln58_1441_fu_809655_p2  |         +|   0|  0|    32|          32|          32|
    |add_ln58_1442_fu_809661_p2  |         +|   0|  0|    32|          32|          32|
    |add_ln58_1443_fu_813294_p2  |         +|   0|  0|    37|          30|          30|
    |add_ln58_1444_fu_815075_p2  |         +|   0|  0|    37|          30|          30|
    |add_ln58_1445_fu_815085_p2  |         +|   0|  0|    38|          31|          31|
    |add_ln58_1446_fu_815091_p2  |         +|   0|  0|    36|          29|          29|
    |add_ln58_1447_fu_818822_p2  |         +|   0|  0|    36|          29|          29|
    |add_ln58_1448_fu_818832_p2  |         +|   0|  0|    37|          30|          30|
    |add_ln58_1449_fu_818842_p2  |         +|   0|  0|    38|          31|          31|
    |add_ln58_144_fu_860191_p2   |         +|   0|  0|    36|          29|          29|
    |add_ln58_1450_fu_827271_p2  |         +|   0|  0|    32|          32|          32|
    |add_ln58_1451_fu_820766_p2  |         +|   0|  0|    33|          26|          26|
    |add_ln58_1452_fu_822705_p2  |         +|   0|  0|    37|          30|          30|
    |add_ln58_1453_fu_822715_p2  |         +|   0|  0|    31|          31|          31|
    |add_ln58_1454_fu_822721_p2  |         +|   0|  0|    31|          31|          31|
    |add_ln58_1455_fu_824916_p2  |         +|   0|  0|    37|          30|          30|
    |add_ln58_1456_fu_827283_p2  |         +|   0|  0|    30|          30|          30|
    |add_ln58_1457_fu_827289_p2  |         +|   0|  0|    30|          30|          30|
    |add_ln58_1458_fu_827299_p2  |         +|   0|  0|    38|          31|          31|
    |add_ln58_1459_fu_827309_p2  |         +|   0|  0|    39|          32|          32|
    |add_ln58_145_fu_860201_p2   |         +|   0|  0|    38|          31|          31|
    |add_ln58_1460_fu_827315_p2  |         +|   0|  0|    32|          32|          32|
    |add_ln58_1461_fu_861576_p2  |         +|   0|  0|    32|          32|          32|
    |add_ln58_1462_fu_831683_p2  |         +|   0|  0|    36|          29|          29|
    |add_ln58_1463_fu_831693_p2  |         +|   0|  0|    37|          30|          30|
    |add_ln58_1464_fu_831703_p2  |         +|   0|  0|    38|          31|          31|
    |add_ln58_1465_fu_833435_p2  |         +|   0|  0|    36|          29|          29|
    |add_ln58_1466_fu_835746_p2  |         +|   0|  0|    30|          30|          30|
    |add_ln58_1467_fu_835752_p2  |         +|   0|  0|    30|          30|          30|
    |add_ln58_1468_fu_835762_p2  |         +|   0|  0|    38|          31|          31|
    |add_ln58_1469_fu_835772_p2  |         +|   0|  0|    39|          32|          32|
    |add_ln58_146_fu_860211_p2   |         +|   0|  0|    39|          32|          32|
    |add_ln58_1470_fu_837149_p2  |         +|   0|  0|    37|          30|          30|
    |add_ln58_1471_fu_841450_p2  |         +|   0|  0|    35|          28|          28|
    |add_ln58_1472_fu_841460_p2  |         +|   0|  0|    37|          30|          30|
    |add_ln58_1473_fu_841470_p2  |         +|   0|  0|    38|          31|          31|
    |add_ln58_1474_fu_841476_p2  |         +|   0|  0|    37|          30|          30|
    |add_ln58_1475_fu_845461_p2  |         +|   0|  0|    30|          30|          30|
    |add_ln58_1476_fu_845467_p2  |         +|   0|  0|    30|          30|          30|
    |add_ln58_1477_fu_845477_p2  |         +|   0|  0|    38|          31|          31|
    |add_ln58_1478_fu_845487_p2  |         +|   0|  0|    39|          32|          32|
    |add_ln58_1479_fu_861580_p2  |         +|   0|  0|    32|          32|          32|
    |add_ln58_147_fu_860217_p2   |         +|   0|  0|    32|          32|          32|
    |add_ln58_1480_fu_845493_p2  |         +|   0|  0|    37|          30|          30|
    |add_ln58_1481_fu_848584_p2  |         +|   0|  0|    37|          30|          30|
    |add_ln58_1482_fu_848594_p2  |         +|   0|  0|    38|          31|          31|
    |add_ln58_1483_fu_850455_p2  |         +|   0|  0|    37|          30|          30|
    |add_ln58_1484_fu_852499_p2  |         +|   0|  0|    37|          30|          30|
    |add_ln58_1485_fu_852509_p2  |         +|   0|  0|    31|          31|          31|
    |add_ln58_1486_fu_852515_p2  |         +|   0|  0|    31|          31|          31|
    |add_ln58_1487_fu_861590_p2  |         +|   0|  0|    32|          32|          32|
    |add_ln58_1488_fu_854311_p2  |         +|   0|  0|    37|          30|          30|
    |add_ln58_1489_fu_856434_p2  |         +|   0|  0|    36|          29|          29|
    |add_ln58_148_fu_860223_p2   |         +|   0|  0|    32|          32|          32|
    |add_ln58_1490_fu_856444_p2  |         +|   0|  0|    37|          30|          30|
    |add_ln58_1491_fu_856454_p2  |         +|   0|  0|    38|          31|          31|
    |add_ln58_1492_fu_858243_p2  |         +|   0|  0|    36|          29|          29|
    |add_ln58_1493_fu_861602_p2  |         +|   0|  0|    37|          30|           3|
    |add_ln58_1494_fu_861608_p2  |         +|   0|  0|    30|          30|          30|
    |add_ln58_1495_fu_861614_p2  |         +|   0|  0|    30|          30|          30|
    |add_ln58_1496_fu_861624_p2  |         +|   0|  0|    39|          32|          32|
    |add_ln58_1497_fu_861630_p2  |         +|   0|  0|    32|          32|          32|
    |add_ln58_1498_fu_861636_p2  |         +|   0|  0|    32|          32|          32|
    |add_ln58_1499_fu_861642_p2  |         +|   0|  0|    32|          32|          32|
    |add_ln58_149_fu_860229_p2   |         +|   0|  0|    32|          32|          32|
    |add_ln58_14_fu_808533_p2    |         +|   0|  0|    30|          30|          30|
    |add_ln58_1500_fu_795838_p2  |         +|   0|  0|    35|          28|          28|
    |add_ln58_1501_fu_797363_p2  |         +|   0|  0|    35|          28|          28|
    |add_ln58_1502_fu_797373_p2  |         +|   0|  0|    36|          29|          29|
    |add_ln58_1503_fu_799187_p2  |         +|   0|  0|    37|          30|          30|
    |add_ln58_1504_fu_801021_p2  |         +|   0|  0|    30|          30|          30|
    |add_ln58_1505_fu_801027_p2  |         +|   0|  0|    30|          30|          30|
    |add_ln58_1506_fu_801037_p2  |         +|   0|  0|    31|          31|          31|
    |add_ln58_1507_fu_801043_p2  |         +|   0|  0|    31|          31|          31|
    |add_ln58_1508_fu_803329_p2  |         +|   0|  0|    37|          30|          30|
    |add_ln58_1509_fu_805080_p2  |         +|   0|  0|    37|          30|          30|
    |add_ln58_150_fu_795736_p2   |         +|   0|  0|    37|          30|          30|
    |add_ln58_1510_fu_805090_p2  |         +|   0|  0|    31|          31|          31|
    |add_ln58_1511_fu_805096_p2  |         +|   0|  0|    31|          31|          31|
    |add_ln58_1512_fu_807166_p2  |         +|   0|  0|    36|          29|          29|
    |add_ln58_1513_fu_809676_p2  |         +|   0|  0|    37|          30|          30|
    |add_ln58_1514_fu_809686_p2  |         +|   0|  0|    31|          31|          31|
    |add_ln58_1515_fu_809692_p2  |         +|   0|  0|    31|          31|          31|
    |add_ln58_1516_fu_809702_p2  |         +|   0|  0|    32|          32|          32|
    |add_ln58_1517_fu_809708_p2  |         +|   0|  0|    32|          32|          32|
    |add_ln58_1518_fu_813300_p2  |         +|   0|  0|    37|          30|          30|
    |add_ln58_1519_fu_815100_p2  |         +|   0|  0|    36|          29|          29|
    |add_ln58_151_fu_797030_p2   |         +|   0|  0|    37|          30|          30|
    |add_ln58_1520_fu_815110_p2  |         +|   0|  0|    38|          31|          31|
    |add_ln58_1521_fu_815116_p2  |         +|   0|  0|    37|          30|          30|
    |add_ln58_1522_fu_818851_p2  |         +|   0|  0|    29|          29|          29|
    |add_ln58_1523_fu_818857_p2  |         +|   0|  0|    29|          29|          29|
    |add_ln58_1524_fu_818867_p2  |         +|   0|  0|    38|          31|          31|
    |add_ln58_1525_fu_827327_p2  |         +|   0|  0|    32|          32|          32|
    |add_ln58_1526_fu_820772_p2  |         +|   0|  0|    36|          29|          29|
    |add_ln58_1527_fu_822730_p2  |         +|   0|  0|    30|          30|          30|
    |add_ln58_1528_fu_822736_p2  |         +|   0|  0|    30|          30|          30|
    |add_ln58_1529_fu_822746_p2  |         +|   0|  0|    38|          31|          31|
    |add_ln58_152_fu_797040_p2   |         +|   0|  0|    38|          31|          31|
    |add_ln58_1530_fu_824922_p2  |         +|   0|  0|    37|          30|          30|
    |add_ln58_1531_fu_827339_p2  |         +|   0|  0|    37|          30|          30|
    |add_ln58_1532_fu_827349_p2  |         +|   0|  0|    38|          31|          31|
    |add_ln58_1533_fu_827359_p2  |         +|   0|  0|    32|          32|          32|
    |add_ln58_1534_fu_827365_p2  |         +|   0|  0|    32|          32|          32|
    |add_ln58_1535_fu_827371_p2  |         +|   0|  0|    32|          32|          32|
    |add_ln58_1536_fu_861648_p2  |         +|   0|  0|    32|          32|          32|
    |add_ln58_1537_fu_831709_p2  |         +|   0|  0|    37|          30|          30|
    |add_ln58_1538_fu_831719_p2  |         +|   0|  0|    37|          30|          30|
    |add_ln58_1539_fu_831729_p2  |         +|   0|  0|    38|          31|          31|
    |add_ln58_153_fu_799079_p2   |         +|   0|  0|    37|          30|          30|
    |add_ln58_1540_fu_833441_p2  |         +|   0|  0|    37|          30|          30|
    |add_ln58_1541_fu_835784_p2  |         +|   0|  0|    37|          30|          30|
    |add_ln58_1542_fu_835794_p2  |         +|   0|  0|    38|          31|          31|
    |add_ln58_1543_fu_835804_p2  |         +|   0|  0|    32|          32|          32|
    |add_ln58_1544_fu_835810_p2  |         +|   0|  0|    32|          32|          32|
    |add_ln58_1545_fu_837155_p2  |         +|   0|  0|    37|          30|          30|
    |add_ln58_1546_fu_841485_p2  |         +|   0|  0|    36|          29|          29|
    |add_ln58_1547_fu_841495_p2  |         +|   0|  0|    37|          30|          30|
    |add_ln58_1548_fu_841505_p2  |         +|   0|  0|    38|          31|          31|
    |add_ln58_1549_fu_841511_p2  |         +|   0|  0|    37|          30|          30|
    |add_ln58_154_fu_800534_p2   |         +|   0|  0|    35|          28|          28|
    |add_ln58_1550_fu_845505_p2  |         +|   0|  0|    37|          30|          30|
    |add_ln58_1551_fu_845515_p2  |         +|   0|  0|    31|          31|          31|
    |add_ln58_1552_fu_845521_p2  |         +|   0|  0|    31|          31|          31|
    |add_ln58_1553_fu_845531_p2  |         +|   0|  0|    39|          32|          32|
    |add_ln58_1554_fu_861652_p2  |         +|   0|  0|    32|          32|          32|
    |add_ln58_1555_fu_845537_p2  |         +|   0|  0|    37|          30|          30|
    |add_ln58_1556_fu_848603_p2  |         +|   0|  0|    37|          30|          30|
    |add_ln58_1557_fu_848613_p2  |         +|   0|  0|    38|          31|          31|
    |add_ln58_1558_fu_850461_p2  |         +|   0|  0|    37|          30|          30|
    |add_ln58_1559_fu_852524_p2  |         +|   0|  0|    30|          30|          30|
    |add_ln58_155_fu_800544_p2   |         +|   0|  0|    37|          30|          30|
    |add_ln58_1560_fu_852530_p2  |         +|   0|  0|    30|          30|          30|
    |add_ln58_1561_fu_852540_p2  |         +|   0|  0|    38|          31|          31|
    |add_ln58_1562_fu_861662_p2  |         +|   0|  0|    32|          32|          32|
    |add_ln58_1563_fu_854317_p2  |         +|   0|  0|    37|          30|          30|
    |add_ln58_1564_fu_856463_p2  |         +|   0|  0|    37|          30|          30|
    |add_ln58_1565_fu_856473_p2  |         +|   0|  0|    31|          31|          31|
    |add_ln58_1566_fu_856479_p2  |         +|   0|  0|    31|          31|          31|
    |add_ln58_1567_fu_858249_p2  |         +|   0|  0|    36|          29|          29|
    |add_ln58_1568_fu_861674_p2  |         +|   0|  0|    30|          30|           8|
    |add_ln58_1569_fu_861680_p2  |         +|   0|  0|    30|          30|          30|
    |add_ln58_156_fu_800554_p2   |         +|   0|  0|    38|          31|          31|
    |add_ln58_1570_fu_861690_p2  |         +|   0|  0|    38|          31|          31|
    |add_ln58_1571_fu_861700_p2  |         +|   0|  0|    39|          32|          32|
    |add_ln58_1572_fu_861706_p2  |         +|   0|  0|    32|          32|          32|
    |add_ln58_1573_fu_861712_p2  |         +|   0|  0|    32|          32|          32|
    |add_ln58_1574_fu_861718_p2  |         +|   0|  0|    32|          32|          32|
    |add_ln58_1575_fu_795844_p2  |         +|   0|  0|    36|          29|          29|
    |add_ln58_1576_fu_797382_p2  |         +|   0|  0|    36|          29|          29|
    |add_ln58_1577_fu_797392_p2  |         +|   0|  0|    37|          30|          30|
    |add_ln58_1578_fu_799193_p2  |         +|   0|  0|    36|          29|          29|
    |add_ln58_1579_fu_801052_p2  |         +|   0|  0|    37|          30|          30|
    |add_ln58_157_fu_808627_p2   |         +|   0|  0|    32|          32|          32|
    |add_ln58_1580_fu_801062_p2  |         +|   0|  0|    31|          31|          31|
    |add_ln58_1581_fu_801068_p2  |         +|   0|  0|    31|          31|          31|
    |add_ln58_1582_fu_809720_p2  |         +|   0|  0|    32|          32|          32|
    |add_ln58_1583_fu_803335_p2  |         +|   0|  0|    37|          30|          30|
    |add_ln58_1584_fu_805105_p2  |         +|   0|  0|    30|          30|          30|
    |add_ln58_1585_fu_805111_p2  |         +|   0|  0|    30|          30|          30|
    |add_ln58_1586_fu_805121_p2  |         +|   0|  0|    38|          31|          31|
    |add_ln58_1587_fu_807172_p2  |         +|   0|  0|    37|          30|          30|
    |add_ln58_1588_fu_809732_p2  |         +|   0|  0|    36|          29|          29|
    |add_ln58_1589_fu_809742_p2  |         +|   0|  0|    37|          30|          30|
    |add_ln58_158_fu_803221_p2   |         +|   0|  0|    37|          30|          30|
    |add_ln58_1590_fu_809752_p2  |         +|   0|  0|    38|          31|          31|
    |add_ln58_1591_fu_809762_p2  |         +|   0|  0|    39|          32|          32|
    |add_ln58_1592_fu_809768_p2  |         +|   0|  0|    32|          32|          32|
    |add_ln58_1593_fu_813306_p2  |         +|   0|  0|    36|          29|          29|
    |add_ln58_1594_fu_815125_p2  |         +|   0|  0|    37|          30|          30|
    |add_ln58_1595_fu_815135_p2  |         +|   0|  0|    38|          31|          31|
    |add_ln58_1596_fu_815141_p2  |         +|   0|  0|    33|          26|          26|
    |add_ln58_1597_fu_818876_p2  |         +|   0|  0|    37|          30|          30|
    |add_ln58_1598_fu_818886_p2  |         +|   0|  0|    31|          31|          31|
    |add_ln58_1599_fu_818892_p2  |         +|   0|  0|    31|          31|          31|
    |add_ln58_159_fu_804654_p2   |         +|   0|  0|    30|          30|          30|
    |add_ln58_15_fu_808543_p2    |         +|   0|  0|    38|          31|          31|
    |add_ln58_1600_fu_827383_p2  |         +|   0|  0|    32|          32|          32|
    |add_ln58_1601_fu_820778_p2  |         +|   0|  0|    37|          30|          30|
    |add_ln58_1602_fu_822755_p2  |         +|   0|  0|    29|          29|          29|
    |add_ln58_1603_fu_822761_p2  |         +|   0|  0|    29|          29|          29|
    |add_ln58_1604_fu_822771_p2  |         +|   0|  0|    38|          31|          31|
    |add_ln58_1605_fu_824928_p2  |         +|   0|  0|    37|          30|          30|
    |add_ln58_1606_fu_827395_p2  |         +|   0|  0|    30|          30|          30|
    |add_ln58_1607_fu_827401_p2  |         +|   0|  0|    30|          30|          30|
    |add_ln58_1608_fu_827411_p2  |         +|   0|  0|    38|          31|          31|
    |add_ln58_1609_fu_827421_p2  |         +|   0|  0|    39|          32|          32|
    |add_ln58_160_fu_804660_p2   |         +|   0|  0|    30|          30|          30|
    |add_ln58_1610_fu_827427_p2  |         +|   0|  0|    32|          32|          32|
    |add_ln58_1611_fu_861724_p2  |         +|   0|  0|    32|          32|          32|
    |add_ln58_1612_fu_831735_p2  |         +|   0|  0|    37|          30|          30|
    |add_ln58_1613_fu_831745_p2  |         +|   0|  0|    37|          30|          30|
    |add_ln58_1614_fu_831755_p2  |         +|   0|  0|    38|          31|          31|
    |add_ln58_1615_fu_833447_p2  |         +|   0|  0|    37|          30|          30|
    |add_ln58_1616_fu_835822_p2  |         +|   0|  0|    37|          30|          30|
    |add_ln58_1617_fu_835832_p2  |         +|   0|  0|    31|          31|          31|
    |add_ln58_1618_fu_835838_p2  |         +|   0|  0|    31|          31|          31|
    |add_ln58_1619_fu_835848_p2  |         +|   0|  0|    39|          32|          32|
    |add_ln58_161_fu_804670_p2   |         +|   0|  0|    38|          31|          31|
    |add_ln58_1620_fu_837161_p2  |         +|   0|  0|    37|          30|          30|
    |add_ln58_1621_fu_841520_p2  |         +|   0|  0|    36|          29|          29|
    |add_ln58_1622_fu_841530_p2  |         +|   0|  0|    37|          30|          30|
    |add_ln58_1623_fu_841540_p2  |         +|   0|  0|    38|          31|          31|
    |add_ln58_1624_fu_841546_p2  |         +|   0|  0|    36|          29|          29|
    |add_ln58_1625_fu_845549_p2  |         +|   0|  0|    30|          30|          30|
    |add_ln58_1626_fu_845555_p2  |         +|   0|  0|    30|          30|          30|
    |add_ln58_1627_fu_845565_p2  |         +|   0|  0|    38|          31|          31|
    |add_ln58_1628_fu_845575_p2  |         +|   0|  0|    39|          32|          32|
    |add_ln58_1629_fu_861728_p2  |         +|   0|  0|    32|          32|          32|
    |add_ln58_162_fu_807058_p2   |         +|   0|  0|    37|          30|          30|
    |add_ln58_1630_fu_845581_p2  |         +|   0|  0|    36|          29|          29|
    |add_ln58_1631_fu_848622_p2  |         +|   0|  0|    37|          30|          30|
    |add_ln58_1632_fu_848632_p2  |         +|   0|  0|    38|          31|          31|
    |add_ln58_1633_fu_850467_p2  |         +|   0|  0|    37|          30|          30|
    |add_ln58_1634_fu_852549_p2  |         +|   0|  0|    35|          28|          28|
    |add_ln58_1635_fu_852559_p2  |         +|   0|  0|    37|          30|          30|
    |add_ln58_1636_fu_852569_p2  |         +|   0|  0|    38|          31|          31|
    |add_ln58_1637_fu_861738_p2  |         +|   0|  0|    32|          32|          32|
    |add_ln58_1638_fu_854323_p2  |         +|   0|  0|    36|          29|          29|
    |add_ln58_1639_fu_856488_p2  |         +|   0|  0|    37|          30|          30|
    |add_ln58_163_fu_808639_p2   |         +|   0|  0|    37|          30|          30|
    |add_ln58_1640_fu_856498_p2  |         +|   0|  0|    31|          31|          31|
    |add_ln58_1641_fu_856504_p2  |         +|   0|  0|    31|          31|          31|
    |add_ln58_1642_fu_858255_p2  |         +|   0|  0|    37|          30|          30|
    |add_ln58_1643_fu_861750_p2  |         +|   0|  0|    30|          30|           8|
    |add_ln58_1644_fu_861756_p2  |         +|   0|  0|    30|          30|          30|
    |add_ln58_1645_fu_861766_p2  |         +|   0|  0|    38|          31|          31|
    |add_ln58_1646_fu_861776_p2  |         +|   0|  0|    39|          32|          32|
    |add_ln58_1647_fu_861782_p2  |         +|   0|  0|    32|          32|          32|
    |add_ln58_1648_fu_861788_p2  |         +|   0|  0|    32|          32|          32|
    |add_ln58_1649_fu_861794_p2  |         +|   0|  0|    32|          32|          32|
    |add_ln58_164_fu_808649_p2   |         +|   0|  0|    31|          31|          31|
    |add_ln58_1650_fu_797398_p2  |         +|   0|  0|    30|          30|          30|
    |add_ln58_1651_fu_797404_p2  |         +|   0|  0|    36|          29|          29|
    |add_ln58_1652_fu_797414_p2  |         +|   0|  0|    30|          30|          30|
    |add_ln58_1653_fu_799199_p2  |         +|   0|  0|    35|          28|          28|
    |add_ln58_1654_fu_801080_p2  |         +|   0|  0|    37|          30|          30|
    |add_ln58_1655_fu_801086_p2  |         +|   0|  0|    30|          30|          30|
    |add_ln58_1656_fu_801092_p2  |         +|   0|  0|    30|          30|          30|
    |add_ln58_1657_fu_801102_p2  |         +|   0|  0|    38|          31|          31|
    |add_ln58_1658_fu_803341_p2  |         +|   0|  0|    37|          30|          30|
    |add_ln58_1659_fu_805130_p2  |         +|   0|  0|    37|          30|          30|
    |add_ln58_165_fu_808655_p2   |         +|   0|  0|    31|          31|          31|
    |add_ln58_1660_fu_805140_p2  |         +|   0|  0|    31|          31|          31|
    |add_ln58_1661_fu_805146_p2  |         +|   0|  0|    31|          31|          31|
    |add_ln58_1662_fu_807178_p2  |         +|   0|  0|    36|          29|          29|
    |add_ln58_1663_fu_809783_p2  |         +|   0|  0|    37|          30|          30|
    |add_ln58_1664_fu_809793_p2  |         +|   0|  0|    31|          31|          31|
    |add_ln58_1665_fu_809799_p2  |         +|   0|  0|    31|          31|          31|
    |add_ln58_1666_fu_809809_p2  |         +|   0|  0|    32|          32|          32|
    |add_ln58_1667_fu_809815_p2  |         +|   0|  0|    32|          32|          32|
    |add_ln58_1668_fu_813312_p2  |         +|   0|  0|    35|          28|          28|
    |add_ln58_1669_fu_815150_p2  |         +|   0|  0|    29|          29|          29|
    |add_ln58_166_fu_808665_p2   |         +|   0|  0|    39|          32|          32|
    |add_ln58_1670_fu_815156_p2  |         +|   0|  0|    29|          29|          29|
    |add_ln58_1671_fu_815162_p2  |         +|   0|  0|    37|          30|          30|
    |add_ln58_1672_fu_818904_p2  |         +|   0|  0|    36|          29|          29|
    |add_ln58_1673_fu_818914_p2  |         +|   0|  0|    37|          30|          30|
    |add_ln58_1674_fu_818924_p2  |         +|   0|  0|    31|          31|          31|
    |add_ln58_1675_fu_818930_p2  |         +|   0|  0|    31|          31|          31|
    |add_ln58_1676_fu_820784_p2  |         +|   0|  0|    37|          30|          30|
    |add_ln58_1677_fu_822780_p2  |         +|   0|  0|    35|          28|          28|
    |add_ln58_1678_fu_822790_p2  |         +|   0|  0|    37|          30|          30|
    |add_ln58_1679_fu_822800_p2  |         +|   0|  0|    38|          31|          31|
    |add_ln58_167_fu_808671_p2   |         +|   0|  0|    32|          32|          32|
    |add_ln58_1680_fu_824934_p2  |         +|   0|  0|    36|          29|          29|
    |add_ln58_1681_fu_827442_p2  |         +|   0|  0|    37|          30|          30|
    |add_ln58_1682_fu_827452_p2  |         +|   0|  0|    31|          31|          31|
    |add_ln58_1683_fu_827458_p2  |         +|   0|  0|    31|          31|          31|
    |add_ln58_1684_fu_827468_p2  |         +|   0|  0|    32|          32|          32|
    |add_ln58_1685_fu_827474_p2  |         +|   0|  0|    32|          32|          32|
    |add_ln58_1686_fu_861800_p2  |         +|   0|  0|    32|          32|          32|
    |add_ln58_1687_fu_831761_p2  |         +|   0|  0|    37|          30|          30|
    |add_ln58_1688_fu_831771_p2  |         +|   0|  0|    37|          30|          30|
    |add_ln58_1689_fu_831781_p2  |         +|   0|  0|    38|          31|          31|
    |add_ln58_168_fu_813174_p2   |         +|   0|  0|    37|          30|          30|
    |add_ln58_1690_fu_833453_p2  |         +|   0|  0|    37|          30|          30|
    |add_ln58_1691_fu_837173_p2  |         +|   0|  0|    30|          30|          30|
    |add_ln58_1692_fu_837179_p2  |         +|   0|  0|    30|          30|          30|
    |add_ln58_1693_fu_837189_p2  |         +|   0|  0|    38|          31|          31|
    |add_ln58_1694_fu_837199_p2  |         +|   0|  0|    39|          32|          32|
    |add_ln58_1695_fu_837205_p2  |         +|   0|  0|    37|          30|          30|
    |add_ln58_1696_fu_841555_p2  |         +|   0|  0|    36|          29|          29|
    |add_ln58_1697_fu_841565_p2  |         +|   0|  0|    37|          30|          30|
    |add_ln58_1698_fu_841575_p2  |         +|   0|  0|    38|          31|          31|
    |add_ln58_1699_fu_841581_p2  |         +|   0|  0|    37|          30|          30|
    |add_ln58_169_fu_813184_p2   |         +|   0|  0|    36|          29|          29|
    |add_ln58_16_fu_808553_p2    |         +|   0|  0|    39|          32|          32|
    |add_ln58_1700_fu_845593_p2  |         +|   0|  0|    36|          29|          29|
    |add_ln58_1701_fu_845603_p2  |         +|   0|  0|    37|          30|          30|
    |add_ln58_1702_fu_845613_p2  |         +|   0|  0|    38|          31|          31|
    |add_ln58_1703_fu_845623_p2  |         +|   0|  0|    39|          32|          32|
    |add_ln58_1704_fu_861804_p2  |         +|   0|  0|    32|          32|          32|
    |add_ln58_1705_fu_845629_p2  |         +|   0|  0|    35|          28|          28|
    |add_ln58_1706_fu_848641_p2  |         +|   0|  0|    37|          30|          30|
    |add_ln58_1707_fu_848651_p2  |         +|   0|  0|    38|          31|          31|
    |add_ln58_1708_fu_850473_p2  |         +|   0|  0|    36|          29|          29|
    |add_ln58_1709_fu_852578_p2  |         +|   0|  0|    37|          30|          30|
    |add_ln58_170_fu_813194_p2   |         +|   0|  0|    38|          31|          31|
    |add_ln58_1710_fu_852588_p2  |         +|   0|  0|    31|          31|          31|
    |add_ln58_1711_fu_852594_p2  |         +|   0|  0|    31|          31|          31|
    |add_ln58_1712_fu_861814_p2  |         +|   0|  0|    32|          32|          32|
    |add_ln58_1713_fu_854329_p2  |         +|   0|  0|    36|          29|          29|
    |add_ln58_1714_fu_856513_p2  |         +|   0|  0|    29|          29|          29|
    |add_ln58_1715_fu_856519_p2  |         +|   0|  0|    29|          29|          29|
    |add_ln58_1716_fu_856529_p2  |         +|   0|  0|    37|          30|          30|
    |add_ln58_1717_fu_858261_p2  |         +|   0|  0|    37|          30|          30|
    |add_ln58_1718_fu_861826_p2  |         +|   0|  0|    29|          29|           6|
    |add_ln58_1719_fu_861832_p2  |         +|   0|  0|    29|          29|          29|
    |add_ln58_171_fu_814728_p2   |         +|   0|  0|    36|          29|          29|
    |add_ln58_1720_fu_861842_p2  |         +|   0|  0|    31|          31|          31|
    |add_ln58_1721_fu_861848_p2  |         +|   0|  0|    31|          31|          31|
    |add_ln58_1722_fu_861858_p2  |         +|   0|  0|    32|          32|          32|
    |add_ln58_1723_fu_861864_p2  |         +|   0|  0|    32|          32|          32|
    |add_ln58_1724_fu_861870_p2  |         +|   0|  0|    32|          32|          32|
    |add_ln58_1725_fu_795850_p2  |         +|   0|  0|    36|          29|          29|
    |add_ln58_1726_fu_797423_p2  |         +|   0|  0|    37|          30|          30|
    |add_ln58_1727_fu_797433_p2  |         +|   0|  0|    38|          31|          31|
    |add_ln58_1728_fu_799205_p2  |         +|   0|  0|    37|          30|          30|
    |add_ln58_1729_fu_801111_p2  |         +|   0|  0|    37|          30|          30|
    |add_ln58_172_fu_818243_p2   |         +|   0|  0|    30|          30|          30|
    |add_ln58_1730_fu_801121_p2  |         +|   0|  0|    38|          31|          31|
    |add_ln58_1731_fu_801131_p2  |         +|   0|  0|    39|          32|          32|
    |add_ln58_1732_fu_809824_p2  |         +|   0|  0|    32|          32|          32|
    |add_ln58_1733_fu_803347_p2  |         +|   0|  0|    37|          30|          30|
    |add_ln58_1734_fu_805155_p2  |         +|   0|  0|    37|          30|          30|
    |add_ln58_1735_fu_805165_p2  |         +|   0|  0|    31|          31|          31|
    |add_ln58_1736_fu_805171_p2  |         +|   0|  0|    31|          31|          31|
    |add_ln58_1737_fu_807184_p2  |         +|   0|  0|    37|          30|          30|
    |add_ln58_1738_fu_809835_p2  |         +|   0|  0|    37|          30|          30|
    |add_ln58_1739_fu_809845_p2  |         +|   0|  0|    38|          31|          31|
    |add_ln58_173_fu_818249_p2   |         +|   0|  0|    30|          30|          30|
    |add_ln58_1740_fu_809855_p2  |         +|   0|  0|    32|          32|          32|
    |add_ln58_1741_fu_809861_p2  |         +|   0|  0|    32|          32|          32|
    |add_ln58_1742_fu_809867_p2  |         +|   0|  0|    32|          32|          32|
    |add_ln58_1743_fu_813318_p2  |         +|   0|  0|    37|          30|          30|
    |add_ln58_1744_fu_815171_p2  |         +|   0|  0|    36|          29|          29|
    |add_ln58_1745_fu_815181_p2  |         +|   0|  0|    38|          31|          31|
    |add_ln58_1746_fu_815187_p2  |         +|   0|  0|    37|          30|          30|
    |add_ln58_1747_fu_818939_p2  |         +|   0|  0|    30|          30|          30|
    |add_ln58_1748_fu_818945_p2  |         +|   0|  0|    30|          30|          30|
    |add_ln58_1749_fu_818955_p2  |         +|   0|  0|    38|          31|          31|
    |add_ln58_174_fu_818259_p2   |         +|   0|  0|    38|          31|          31|
    |add_ln58_1750_fu_827486_p2  |         +|   0|  0|    32|          32|          32|
    |add_ln58_1751_fu_820790_p2  |         +|   0|  0|    36|          29|          29|
    |add_ln58_1752_fu_822809_p2  |         +|   0|  0|    35|          28|          28|
    |add_ln58_1753_fu_822819_p2  |         +|   0|  0|    36|          29|          29|
    |add_ln58_1754_fu_822829_p2  |         +|   0|  0|    37|          30|          30|
    |add_ln58_1755_fu_824940_p2  |         +|   0|  0|    37|          30|          30|
    |add_ln58_1756_fu_827498_p2  |         +|   0|  0|    30|          30|          30|
    |add_ln58_1757_fu_827504_p2  |         +|   0|  0|    30|          30|          30|
    |add_ln58_1758_fu_827514_p2  |         +|   0|  0|    38|          31|          31|
    |add_ln58_1759_fu_827524_p2  |         +|   0|  0|    39|          32|          32|
    |add_ln58_175_fu_826386_p2   |         +|   0|  0|    32|          32|          32|
    |add_ln58_1760_fu_827530_p2  |         +|   0|  0|    32|          32|          32|
    |add_ln58_1761_fu_861876_p2  |         +|   0|  0|    32|          32|          32|
    |add_ln58_1762_fu_831787_p2  |         +|   0|  0|    30|          30|          30|
    |add_ln58_1763_fu_831793_p2  |         +|   0|  0|    34|          27|          27|
    |add_ln58_1764_fu_831803_p2  |         +|   0|  0|    30|          30|          30|
    |add_ln58_1765_fu_833459_p2  |         +|   0|  0|    37|          30|          30|
    |add_ln58_1766_fu_837217_p2  |         +|   0|  0|    37|          30|          30|
    |add_ln58_1767_fu_837227_p2  |         +|   0|  0|    38|          31|          31|
    |add_ln58_1768_fu_837237_p2  |         +|   0|  0|    32|          32|          32|
    |add_ln58_1769_fu_837243_p2  |         +|   0|  0|    32|          32|          32|
    |add_ln58_176_fu_818265_p2   |         +|   0|  0|    36|          29|          29|
    |add_ln58_1770_fu_837249_p2  |         +|   0|  0|    37|          30|          30|
    |add_ln58_1771_fu_841587_p2  |         +|   0|  0|    37|          30|          30|
    |add_ln58_1772_fu_841597_p2  |         +|   0|  0|    38|          31|          31|
    |add_ln58_1773_fu_845641_p2  |         +|   0|  0|    32|          32|          32|
    |add_ln58_1774_fu_841603_p2  |         +|   0|  0|    36|          29|          29|
    |add_ln58_1775_fu_845650_p2  |         +|   0|  0|    30|          30|          30|
    |add_ln58_1776_fu_845656_p2  |         +|   0|  0|    30|          30|          30|
    |add_ln58_1777_fu_845666_p2  |         +|   0|  0|    38|          31|          31|
    |add_ln58_1778_fu_845676_p2  |         +|   0|  0|    32|          32|          32|
    |add_ln58_1779_fu_861880_p2  |         +|   0|  0|    32|          32|          32|
    |add_ln58_177_fu_822263_p2   |         +|   0|  0|    30|          30|          30|
    |add_ln58_1780_fu_848657_p2  |         +|   0|  0|    37|          30|          30|
    |add_ln58_1781_fu_848663_p2  |         +|   0|  0|    35|          28|          28|
    |add_ln58_1782_fu_852606_p2  |         +|   0|  0|    31|          31|          31|
    |add_ln58_1783_fu_852612_p2  |         +|   0|  0|    30|          30|          30|
    |add_ln58_1784_fu_852618_p2  |         +|   0|  0|    34|          27|          27|
    |add_ln58_1785_fu_852628_p2  |         +|   0|  0|    35|          28|          28|
    |add_ln58_1786_fu_852638_p2  |         +|   0|  0|    30|          30|          30|
    |add_ln58_1787_fu_852648_p2  |         +|   0|  0|    31|          31|          31|
    |add_ln58_1788_fu_854335_p2  |         +|   0|  0|    37|          30|          30|
    |add_ln58_1789_fu_856538_p2  |         +|   0|  0|    29|          29|          29|
    |add_ln58_178_fu_822269_p2   |         +|   0|  0|    30|          30|          30|
    |add_ln58_1790_fu_856544_p2  |         +|   0|  0|    29|          29|          29|
    |add_ln58_1791_fu_856554_p2  |         +|   0|  0|    38|          31|          31|
    |add_ln58_1792_fu_858267_p2  |         +|   0|  0|    37|          30|          30|
    |add_ln58_1793_fu_861893_p2  |         +|   0|  0|    29|          29|           6|
    |add_ln58_1794_fu_861899_p2  |         +|   0|  0|    29|          29|          29|
    |add_ln58_1795_fu_861909_p2  |         +|   0|  0|    38|          31|          31|
    |add_ln58_1796_fu_861919_p2  |         +|   0|  0|    32|          32|          32|
    |add_ln58_1797_fu_861925_p2  |         +|   0|  0|    32|          32|          32|
    |add_ln58_1798_fu_861931_p2  |         +|   0|  0|    32|          32|          32|
    |add_ln58_1799_fu_861937_p2  |         +|   0|  0|    32|          32|          32|
    |add_ln58_179_fu_822279_p2   |         +|   0|  0|    38|          31|          31|
    |add_ln58_17_fu_808559_p2    |         +|   0|  0|    32|          32|          32|
    |add_ln58_1800_fu_795856_p2  |         +|   0|  0|    37|          30|          30|
    |add_ln58_1801_fu_797442_p2  |         +|   0|  0|    37|          30|          30|
    |add_ln58_1802_fu_797452_p2  |         +|   0|  0|    38|          31|          31|
    |add_ln58_1803_fu_799211_p2  |         +|   0|  0|    37|          30|          30|
    |add_ln58_1804_fu_801140_p2  |         +|   0|  0|    30|          30|          30|
    |add_ln58_1805_fu_801146_p2  |         +|   0|  0|    30|          30|          30|
    |add_ln58_1806_fu_801156_p2  |         +|   0|  0|    38|          31|          31|
    |add_ln58_1807_fu_809879_p2  |         +|   0|  0|    32|          32|          32|
    |add_ln58_1808_fu_803353_p2  |         +|   0|  0|    37|          30|          30|
    |add_ln58_1809_fu_805180_p2  |         +|   0|  0|    37|          30|          30|
    |add_ln58_180_fu_822285_p2   |         +|   0|  0|    35|          28|          28|
    |add_ln58_1810_fu_805190_p2  |         +|   0|  0|    31|          31|          31|
    |add_ln58_1811_fu_805196_p2  |         +|   0|  0|    31|          31|          31|
    |add_ln58_1812_fu_807190_p2  |         +|   0|  0|    35|          28|          28|
    |add_ln58_1813_fu_809891_p2  |         +|   0|  0|    37|          30|          30|
    |add_ln58_1814_fu_809901_p2  |         +|   0|  0|    31|          31|          31|
    |add_ln58_1815_fu_809907_p2  |         +|   0|  0|    31|          31|          31|
    |add_ln58_1816_fu_809917_p2  |         +|   0|  0|    39|          32|          32|
    |add_ln58_1817_fu_809923_p2  |         +|   0|  0|    32|          32|          32|
    |add_ln58_1818_fu_813324_p2  |         +|   0|  0|    36|          29|          29|
    |add_ln58_1819_fu_815196_p2  |         +|   0|  0|    37|          30|          30|
    |add_ln58_181_fu_826398_p2   |         +|   0|  0|    36|          29|          29|
    |add_ln58_1820_fu_815206_p2  |         +|   0|  0|    38|          31|          31|
    |add_ln58_1821_fu_816611_p2  |         +|   0|  0|    37|          30|          30|
    |add_ln58_1822_fu_818964_p2  |         +|   0|  0|    35|          28|          28|
    |add_ln58_1823_fu_818974_p2  |         +|   0|  0|    36|          29|          29|
    |add_ln58_1824_fu_818984_p2  |         +|   0|  0|    38|          31|          31|
    |add_ln58_1825_fu_827542_p2  |         +|   0|  0|    32|          32|          32|
    |add_ln58_1826_fu_820796_p2  |         +|   0|  0|    37|          30|          30|
    |add_ln58_1827_fu_822838_p2  |         +|   0|  0|    36|          29|          29|
    |add_ln58_1828_fu_822848_p2  |         +|   0|  0|    37|          30|          30|
    |add_ln58_1829_fu_822858_p2  |         +|   0|  0|    38|          31|          31|
    |add_ln58_182_fu_826408_p2   |         +|   0|  0|    30|          30|          30|
    |add_ln58_1830_fu_827551_p2  |         +|   0|  0|    30|          30|          30|
    |add_ln58_1831_fu_827557_p2  |         +|   0|  0|    35|          28|          28|
    |add_ln58_1832_fu_827567_p2  |         +|   0|  0|    36|          29|          29|
    |add_ln58_1833_fu_827577_p2  |         +|   0|  0|    30|          30|          30|
    |add_ln58_1834_fu_827587_p2  |         +|   0|  0|    39|          32|          32|
    |add_ln58_1835_fu_827593_p2  |         +|   0|  0|    32|          32|          32|
    |add_ln58_1836_fu_861943_p2  |         +|   0|  0|    32|          32|          32|
    |add_ln58_1837_fu_831809_p2  |         +|   0|  0|    36|          29|          29|
    |add_ln58_1838_fu_831819_p2  |         +|   0|  0|    37|          30|          30|
    |add_ln58_1839_fu_831829_p2  |         +|   0|  0|    38|          31|          31|
    |add_ln58_183_fu_826414_p2   |         +|   0|  0|    30|          30|          30|
    |add_ln58_1840_fu_833465_p2  |         +|   0|  0|    37|          30|          30|
    |add_ln58_1841_fu_837261_p2  |         +|   0|  0|    36|          29|          29|
    |add_ln58_1842_fu_837271_p2  |         +|   0|  0|    37|          30|          30|
    |add_ln58_1843_fu_837281_p2  |         +|   0|  0|    38|          31|          31|
    |add_ln58_1844_fu_837291_p2  |         +|   0|  0|    39|          32|          32|
    |add_ln58_1845_fu_837297_p2  |         +|   0|  0|    37|          30|          30|
    |add_ln58_1846_fu_841612_p2  |         +|   0|  0|    29|          29|          29|
    |add_ln58_1847_fu_841618_p2  |         +|   0|  0|    29|          29|          29|
    |add_ln58_1848_fu_841628_p2  |         +|   0|  0|    38|          31|          31|
    |add_ln58_1849_fu_841634_p2  |         +|   0|  0|    36|          29|          29|
    |add_ln58_184_fu_826424_p2   |         +|   0|  0|    39|          32|          32|
    |add_ln58_1850_fu_845688_p2  |         +|   0|  0|    37|          30|          30|
    |add_ln58_1851_fu_845698_p2  |         +|   0|  0|    31|          31|          31|
    |add_ln58_1852_fu_845704_p2  |         +|   0|  0|    31|          31|          31|
    |add_ln58_1853_fu_845714_p2  |         +|   0|  0|    39|          32|          32|
    |add_ln58_1854_fu_861947_p2  |         +|   0|  0|    32|          32|          32|
    |add_ln58_1855_fu_848669_p2  |         +|   0|  0|    37|          30|          30|
    |add_ln58_1856_fu_848679_p2  |         +|   0|  0|    36|          29|          29|
    |add_ln58_1857_fu_848689_p2  |         +|   0|  0|    38|          31|          31|
    |add_ln58_1858_fu_850479_p2  |         +|   0|  0|    36|          29|          29|
    |add_ln58_1859_fu_852657_p2  |         +|   0|  0|    29|          29|          29|
    |add_ln58_185_fu_826430_p2   |         +|   0|  0|    32|          32|          32|
    |add_ln58_1860_fu_852663_p2  |         +|   0|  0|    29|          29|          29|
    |add_ln58_1861_fu_852673_p2  |         +|   0|  0|    37|          30|          30|
    |add_ln58_1862_fu_861957_p2  |         +|   0|  0|    32|          32|          32|
    |add_ln58_1863_fu_854341_p2  |         +|   0|  0|    36|          29|          29|
    |add_ln58_1864_fu_856563_p2  |         +|   0|  0|    29|          29|          29|
    |add_ln58_1865_fu_856569_p2  |         +|   0|  0|    29|          29|          29|
    |add_ln58_1866_fu_856579_p2  |         +|   0|  0|    37|          30|          30|
    |add_ln58_1867_fu_858273_p2  |         +|   0|  0|    37|          30|          30|
    |add_ln58_1868_fu_861969_p2  |         +|   0|  0|    34|          27|           8|
    |add_ln58_1869_fu_861979_p2  |         +|   0|  0|    37|          30|          30|
    |add_ln58_186_fu_860235_p2   |         +|   0|  0|    32|          32|          32|
    |add_ln58_1870_fu_861989_p2  |         +|   0|  0|    31|          31|          31|
    |add_ln58_1871_fu_861995_p2  |         +|   0|  0|    31|          31|          31|
    |add_ln58_1872_fu_862005_p2  |         +|   0|  0|    32|          32|          32|
    |add_ln58_1873_fu_862011_p2  |         +|   0|  0|    32|          32|          32|
    |add_ln58_1874_fu_862017_p2  |         +|   0|  0|    32|          32|          32|
    |add_ln58_1875_fu_795862_p2  |         +|   0|  0|    37|          30|          30|
    |add_ln58_1876_fu_797461_p2  |         +|   0|  0|    37|          30|          30|
    |add_ln58_1877_fu_797471_p2  |         +|   0|  0|    38|          31|          31|
    |add_ln58_1878_fu_799217_p2  |         +|   0|  0|    37|          30|          30|
    |add_ln58_1879_fu_801165_p2  |         +|   0|  0|    30|          30|          30|
    |add_ln58_187_fu_831257_p2   |         +|   0|  0|    30|          30|          30|
    |add_ln58_1880_fu_801171_p2  |         +|   0|  0|    30|          30|          30|
    |add_ln58_1881_fu_801181_p2  |         +|   0|  0|    38|          31|          31|
    |add_ln58_1882_fu_809935_p2  |         +|   0|  0|    32|          32|          32|
    |add_ln58_1883_fu_803359_p2  |         +|   0|  0|    36|          29|          29|
    |add_ln58_1884_fu_805205_p2  |         +|   0|  0|    36|          29|          29|
    |add_ln58_1885_fu_805215_p2  |         +|   0|  0|    37|          30|          30|
    |add_ln58_1886_fu_805225_p2  |         +|   0|  0|    38|          31|          31|
    |add_ln58_1887_fu_807196_p2  |         +|   0|  0|    36|          29|          29|
    |add_ln58_1888_fu_809947_p2  |         +|   0|  0|    36|          29|          29|
    |add_ln58_1889_fu_809957_p2  |         +|   0|  0|    37|          30|          30|
    |add_ln58_188_fu_831263_p2   |         +|   0|  0|    35|          28|          28|
    |add_ln58_1890_fu_809967_p2  |         +|   0|  0|    38|          31|          31|
    |add_ln58_1891_fu_809977_p2  |         +|   0|  0|    39|          32|          32|
    |add_ln58_1892_fu_809983_p2  |         +|   0|  0|    32|          32|          32|
    |add_ln58_1893_fu_813330_p2  |         +|   0|  0|    37|          30|          30|
    |add_ln58_1894_fu_815215_p2  |         +|   0|  0|    37|          30|          30|
    |add_ln58_1895_fu_815225_p2  |         +|   0|  0|    38|          31|          31|
    |add_ln58_1896_fu_818990_p2  |         +|   0|  0|    30|          30|          30|
    |add_ln58_1897_fu_818996_p2  |         +|   0|  0|    29|          29|          29|
    |add_ln58_1898_fu_819002_p2  |         +|   0|  0|    29|          29|          29|
    |add_ln58_1899_fu_819012_p2  |         +|   0|  0|    30|          30|          30|
    |add_ln58_189_fu_831273_p2   |         +|   0|  0|    30|          30|          30|
    |add_ln58_18_fu_813146_p2    |         +|   0|  0|    30|          30|          30|
    |add_ln58_1900_fu_827605_p2  |         +|   0|  0|    32|          32|          32|
    |add_ln58_1901_fu_820802_p2  |         +|   0|  0|    36|          29|          29|
    |add_ln58_1902_fu_822867_p2  |         +|   0|  0|    37|          30|          30|
    |add_ln58_1903_fu_822877_p2  |         +|   0|  0|    31|          31|          31|
    |add_ln58_1904_fu_822883_p2  |         +|   0|  0|    31|          31|          31|
    |add_ln58_1905_fu_824946_p2  |         +|   0|  0|    36|          29|          29|
    |add_ln58_1906_fu_827617_p2  |         +|   0|  0|    37|          30|          30|
    |add_ln58_1907_fu_827627_p2  |         +|   0|  0|    31|          31|          31|
    |add_ln58_1908_fu_827633_p2  |         +|   0|  0|    31|          31|          31|
    |add_ln58_1909_fu_827643_p2  |         +|   0|  0|    39|          32|          32|
    |add_ln58_190_fu_833333_p2   |         +|   0|  0|    37|          30|          30|
    |add_ln58_1910_fu_827649_p2  |         +|   0|  0|    32|          32|          32|
    |add_ln58_1911_fu_862023_p2  |         +|   0|  0|    32|          32|          32|
    |add_ln58_1912_fu_831835_p2  |         +|   0|  0|    36|          29|          29|
    |add_ln58_1913_fu_831845_p2  |         +|   0|  0|    35|          28|          28|
    |add_ln58_1914_fu_831855_p2  |         +|   0|  0|    37|          30|          30|
    |add_ln58_1915_fu_833471_p2  |         +|   0|  0|    37|          30|          30|
    |add_ln58_1916_fu_837309_p2  |         +|   0|  0|    37|          30|          30|
    |add_ln58_1917_fu_837319_p2  |         +|   0|  0|    31|          31|          31|
    |add_ln58_1918_fu_837325_p2  |         +|   0|  0|    31|          31|          31|
    |add_ln58_1919_fu_837335_p2  |         +|   0|  0|    39|          32|          32|
    |add_ln58_191_fu_835084_p2   |         +|   0|  0|    36|          29|          29|
    |add_ln58_1920_fu_837341_p2  |         +|   0|  0|    37|          30|          30|
    |add_ln58_1921_fu_841643_p2  |         +|   0|  0|    35|          28|          28|
    |add_ln58_1922_fu_841653_p2  |         +|   0|  0|    37|          30|          30|
    |add_ln58_1923_fu_841663_p2  |         +|   0|  0|    38|          31|          31|
    |add_ln58_1924_fu_841669_p2  |         +|   0|  0|    35|          28|          28|
    |add_ln58_1925_fu_845726_p2  |         +|   0|  0|    29|          29|          29|
    |add_ln58_1926_fu_845732_p2  |         +|   0|  0|    29|          29|          29|
    |add_ln58_1927_fu_845742_p2  |         +|   0|  0|    37|          30|          30|
    |add_ln58_1928_fu_845752_p2  |         +|   0|  0|    39|          32|          32|
    |add_ln58_1929_fu_862027_p2  |         +|   0|  0|    32|          32|          32|
    |add_ln58_192_fu_835094_p2   |         +|   0|  0|    37|          30|          30|
    |add_ln58_1930_fu_848695_p2  |         +|   0|  0|    37|          30|          30|
    |add_ln58_1931_fu_848705_p2  |         +|   0|  0|    37|          30|          30|
    |add_ln58_1932_fu_848715_p2  |         +|   0|  0|    38|          31|          31|
    |add_ln58_1933_fu_850485_p2  |         +|   0|  0|    37|          30|          30|
    |add_ln58_1934_fu_852682_p2  |         +|   0|  0|    30|          30|          30|
    |add_ln58_1935_fu_852688_p2  |         +|   0|  0|    30|          30|          30|
    |add_ln58_1936_fu_852698_p2  |         +|   0|  0|    38|          31|          31|
    |add_ln58_1937_fu_862037_p2  |         +|   0|  0|    32|          32|          32|
    |add_ln58_1938_fu_854347_p2  |         +|   0|  0|    36|          29|          29|
    |add_ln58_1939_fu_856588_p2  |         +|   0|  0|    37|          30|          30|
    |add_ln58_193_fu_835104_p2   |         +|   0|  0|    38|          31|          31|
    |add_ln58_1940_fu_856598_p2  |         +|   0|  0|    31|          31|          31|
    |add_ln58_1941_fu_856604_p2  |         +|   0|  0|    31|          31|          31|
    |add_ln58_1942_fu_862046_p2  |         +|   0|  0|    30|          30|          30|
    |add_ln58_1943_fu_862052_p2  |         +|   0|  0|    29|          29|          10|
    |add_ln58_1944_fu_862058_p2  |         +|   0|  0|    29|          29|          29|
    |add_ln58_1945_fu_862068_p2  |         +|   0|  0|    30|          30|          30|
    |add_ln58_1946_fu_862078_p2  |         +|   0|  0|    39|          32|          32|
    |add_ln58_1947_fu_862084_p2  |         +|   0|  0|    32|          32|          32|
    |add_ln58_1948_fu_862090_p2  |         +|   0|  0|    32|          32|          32|
    |add_ln58_1949_fu_862096_p2  |         +|   0|  0|    32|          32|          32|
    |add_ln58_194_fu_835114_p2   |         +|   0|  0|    39|          32|          32|
    |add_ln58_1950_fu_795868_p2  |         +|   0|  0|    37|          30|          30|
    |add_ln58_1951_fu_797480_p2  |         +|   0|  0|    37|          30|          30|
    |add_ln58_1952_fu_797490_p2  |         +|   0|  0|    38|          31|          31|
    |add_ln58_1953_fu_799223_p2  |         +|   0|  0|    36|          29|          29|
    |add_ln58_1954_fu_801190_p2  |         +|   0|  0|    30|          30|          30|
    |add_ln58_1955_fu_801196_p2  |         +|   0|  0|    30|          30|          30|
    |add_ln58_1956_fu_801206_p2  |         +|   0|  0|    38|          31|          31|
    |add_ln58_1957_fu_809995_p2  |         +|   0|  0|    32|          32|          32|
    |add_ln58_1958_fu_803365_p2  |         +|   0|  0|    37|          30|          30|
    |add_ln58_1959_fu_805234_p2  |         +|   0|  0|    30|          30|          30|
    |add_ln58_195_fu_837047_p2   |         +|   0|  0|    36|          29|          29|
    |add_ln58_1960_fu_805240_p2  |         +|   0|  0|    30|          30|          30|
    |add_ln58_1961_fu_805250_p2  |         +|   0|  0|    38|          31|          31|
    |add_ln58_1962_fu_807202_p2  |         +|   0|  0|    35|          28|          28|
    |add_ln58_1963_fu_810007_p2  |         +|   0|  0|    37|          30|          30|
    |add_ln58_1964_fu_810017_p2  |         +|   0|  0|    31|          31|          31|
    |add_ln58_1965_fu_810023_p2  |         +|   0|  0|    31|          31|          31|
    |add_ln58_1966_fu_810033_p2  |         +|   0|  0|    39|          32|          32|
    |add_ln58_1967_fu_810039_p2  |         +|   0|  0|    32|          32|          32|
    |add_ln58_1968_fu_813336_p2  |         +|   0|  0|    37|          30|          30|
    |add_ln58_1969_fu_815234_p2  |         +|   0|  0|    36|          29|          29|
    |add_ln58_196_fu_839606_p2   |         +|   0|  0|    37|          30|          30|
    |add_ln58_1970_fu_815244_p2  |         +|   0|  0|    38|          31|          31|
    |add_ln58_1971_fu_815250_p2  |         +|   0|  0|    36|          29|          29|
    |add_ln58_1972_fu_819021_p2  |         +|   0|  0|    30|          30|          30|
    |add_ln58_1973_fu_819027_p2  |         +|   0|  0|    30|          30|          30|
    |add_ln58_1974_fu_819037_p2  |         +|   0|  0|    38|          31|          31|
    |add_ln58_1975_fu_827661_p2  |         +|   0|  0|    32|          32|          32|
    |add_ln58_1976_fu_820808_p2  |         +|   0|  0|    37|          30|          30|
    |add_ln58_1977_fu_822892_p2  |         +|   0|  0|    34|          27|          27|
    |add_ln58_1978_fu_822902_p2  |         +|   0|  0|    36|          29|          29|
    |add_ln58_1979_fu_822912_p2  |         +|   0|  0|    38|          31|          31|
    |add_ln58_197_fu_839616_p2   |         +|   0|  0|    31|          31|          31|
    |add_ln58_1980_fu_824952_p2  |         +|   0|  0|    36|          29|          29|
    |add_ln58_1981_fu_827673_p2  |         +|   0|  0|    37|          30|          30|
    |add_ln58_1982_fu_827683_p2  |         +|   0|  0|    31|          31|          31|
    |add_ln58_1983_fu_827689_p2  |         +|   0|  0|    31|          31|          31|
    |add_ln58_1984_fu_827699_p2  |         +|   0|  0|    39|          32|          32|
    |add_ln58_1985_fu_827705_p2  |         +|   0|  0|    32|          32|          32|
    |add_ln58_1986_fu_862102_p2  |         +|   0|  0|    32|          32|          32|
    |add_ln58_1987_fu_831861_p2  |         +|   0|  0|    37|          30|          30|
    |add_ln58_1988_fu_831871_p2  |         +|   0|  0|    37|          30|          30|
    |add_ln58_1989_fu_831881_p2  |         +|   0|  0|    38|          31|          31|
    |add_ln58_198_fu_839622_p2   |         +|   0|  0|    31|          31|          31|
    |add_ln58_1990_fu_833477_p2  |         +|   0|  0|    37|          30|          30|
    |add_ln58_1991_fu_837353_p2  |         +|   0|  0|    30|          30|          30|
    |add_ln58_1992_fu_837359_p2  |         +|   0|  0|    30|          30|          30|
    |add_ln58_1993_fu_837369_p2  |         +|   0|  0|    38|          31|          31|
    |add_ln58_1994_fu_837379_p2  |         +|   0|  0|    39|          32|          32|
    |add_ln58_1995_fu_837385_p2  |         +|   0|  0|    37|          30|          30|
    |add_ln58_1996_fu_841678_p2  |         +|   0|  0|    30|          30|          30|
    |add_ln58_1997_fu_841684_p2  |         +|   0|  0|    30|          30|          30|
    |add_ln58_1998_fu_841694_p2  |         +|   0|  0|    38|          31|          31|
    |add_ln58_1999_fu_841700_p2  |         +|   0|  0|    36|          29|          29|
    |add_ln58_199_fu_841187_p2   |         +|   0|  0|    36|          29|          29|
    |add_ln58_19_fu_813152_p2    |         +|   0|  0|    36|          29|          29|
    |add_ln58_1_fu_796992_p2     |         +|   0|  0|    37|          30|          30|
    |add_ln58_2000_fu_845764_p2  |         +|   0|  0|    37|          30|          30|
    |add_ln58_2001_fu_845774_p2  |         +|   0|  0|    31|          31|          31|
    |add_ln58_2002_fu_845780_p2  |         +|   0|  0|    31|          31|          31|
    |add_ln58_2003_fu_845790_p2  |         +|   0|  0|    39|          32|          32|
    |add_ln58_2004_fu_862106_p2  |         +|   0|  0|    32|          32|          32|
    |add_ln58_2005_fu_848721_p2  |         +|   0|  0|    37|          30|          30|
    |add_ln58_2006_fu_848731_p2  |         +|   0|  0|    36|          29|          29|
    |add_ln58_2007_fu_848741_p2  |         +|   0|  0|    38|          31|          31|
    |add_ln58_2008_fu_850491_p2  |         +|   0|  0|    37|          30|          30|
    |add_ln58_2009_fu_852707_p2  |         +|   0|  0|    36|          29|          29|
    |add_ln58_200_fu_844673_p2   |         +|   0|  0|    30|          30|          30|
    |add_ln58_2010_fu_852717_p2  |         +|   0|  0|    37|          30|          30|
    |add_ln58_2011_fu_852727_p2  |         +|   0|  0|    38|          31|          31|
    |add_ln58_2012_fu_862116_p2  |         +|   0|  0|    32|          32|          32|
    |add_ln58_2013_fu_854353_p2  |         +|   0|  0|    36|          29|          29|
    |add_ln58_2014_fu_856613_p2  |         +|   0|  0|    30|          30|          30|
    |add_ln58_2015_fu_856619_p2  |         +|   0|  0|    30|          30|          30|
    |add_ln58_2016_fu_856629_p2  |         +|   0|  0|    38|          31|          31|
    |add_ln58_2017_fu_858279_p2  |         +|   0|  0|    36|          29|          29|
    |add_ln58_2018_fu_862128_p2  |         +|   0|  0|    37|          30|           7|
    |add_ln58_2019_fu_862138_p2  |         +|   0|  0|    31|          31|          31|
    |add_ln58_201_fu_844679_p2   |         +|   0|  0|    30|          30|          30|
    |add_ln58_2020_fu_862144_p2  |         +|   0|  0|    31|          31|          31|
    |add_ln58_2021_fu_862154_p2  |         +|   0|  0|    39|          32|          32|
    |add_ln58_2022_fu_862160_p2  |         +|   0|  0|    32|          32|          32|
    |add_ln58_2023_fu_862166_p2  |         +|   0|  0|    32|          32|          32|
    |add_ln58_2024_fu_862172_p2  |         +|   0|  0|    32|          32|          32|
    |add_ln58_2025_fu_795874_p2  |         +|   0|  0|    36|          29|          29|
    |add_ln58_2026_fu_797499_p2  |         +|   0|  0|    37|          30|          30|
    |add_ln58_2027_fu_797509_p2  |         +|   0|  0|    38|          31|          31|
    |add_ln58_2028_fu_799229_p2  |         +|   0|  0|    37|          30|          30|
    |add_ln58_2029_fu_801215_p2  |         +|   0|  0|    35|          28|          28|
    |add_ln58_202_fu_844689_p2   |         +|   0|  0|    38|          31|          31|
    |add_ln58_2030_fu_801225_p2  |         +|   0|  0|    36|          29|          29|
    |add_ln58_2031_fu_801235_p2  |         +|   0|  0|    38|          31|          31|
    |add_ln58_2032_fu_810051_p2  |         +|   0|  0|    32|          32|          32|
    |add_ln58_2033_fu_803371_p2  |         +|   0|  0|    37|          30|          30|
    |add_ln58_2034_fu_805259_p2  |         +|   0|  0|    30|          30|          30|
    |add_ln58_2035_fu_805265_p2  |         +|   0|  0|    30|          30|          30|
    |add_ln58_2036_fu_805275_p2  |         +|   0|  0|    38|          31|          31|
    |add_ln58_2037_fu_807208_p2  |         +|   0|  0|    36|          29|          29|
    |add_ln58_2038_fu_810063_p2  |         +|   0|  0|    36|          29|          29|
    |add_ln58_2039_fu_810073_p2  |         +|   0|  0|    37|          30|          30|
    |add_ln58_203_fu_844699_p2   |         +|   0|  0|    39|          32|          32|
    |add_ln58_2040_fu_810083_p2  |         +|   0|  0|    38|          31|          31|
    |add_ln58_2041_fu_810093_p2  |         +|   0|  0|    39|          32|          32|
    |add_ln58_2042_fu_810099_p2  |         +|   0|  0|    32|          32|          32|
    |add_ln58_2043_fu_813342_p2  |         +|   0|  0|    37|          30|          30|
    |add_ln58_2044_fu_815259_p2  |         +|   0|  0|    37|          30|          30|
    |add_ln58_2045_fu_815269_p2  |         +|   0|  0|    38|          31|          31|
    |add_ln58_2046_fu_816617_p2  |         +|   0|  0|    37|          30|          30|
    |add_ln58_2047_fu_819046_p2  |         +|   0|  0|    29|          29|          29|
    |add_ln58_2048_fu_819052_p2  |         +|   0|  0|    29|          29|          29|
    |add_ln58_2049_fu_819062_p2  |         +|   0|  0|    38|          31|          31|
    |add_ln58_204_fu_860239_p2   |         +|   0|  0|    32|          32|          32|
    |add_ln58_2050_fu_827717_p2  |         +|   0|  0|    32|          32|          32|
    |add_ln58_2051_fu_820814_p2  |         +|   0|  0|    37|          30|          30|
    |add_ln58_2052_fu_822921_p2  |         +|   0|  0|    30|          30|          30|
    |add_ln58_2053_fu_822927_p2  |         +|   0|  0|    30|          30|          30|
    |add_ln58_2054_fu_822937_p2  |         +|   0|  0|    38|          31|          31|
    |add_ln58_2055_fu_824958_p2  |         +|   0|  0|    37|          30|          30|
    |add_ln58_2056_fu_827729_p2  |         +|   0|  0|    37|          30|          30|
    |add_ln58_2057_fu_827739_p2  |         +|   0|  0|    38|          31|          31|
    |add_ln58_2058_fu_827749_p2  |         +|   0|  0|    32|          32|          32|
    |add_ln58_2059_fu_827755_p2  |         +|   0|  0|    32|          32|          32|
    |add_ln58_205_fu_844705_p2   |         +|   0|  0|    37|          30|          30|
    |add_ln58_2060_fu_827761_p2  |         +|   0|  0|    32|          32|          32|
    |add_ln58_2061_fu_862178_p2  |         +|   0|  0|    32|          32|          32|
    |add_ln58_2062_fu_831887_p2  |         +|   0|  0|    36|          29|          29|
    |add_ln58_2063_fu_831897_p2  |         +|   0|  0|    36|          29|          29|
    |add_ln58_2064_fu_831907_p2  |         +|   0|  0|    37|          30|          30|
    |add_ln58_2065_fu_833483_p2  |         +|   0|  0|    37|          30|          30|
    |add_ln58_2066_fu_837397_p2  |         +|   0|  0|    34|          27|          27|
    |add_ln58_2067_fu_837407_p2  |         +|   0|  0|    37|          30|          30|
    |add_ln58_2068_fu_837417_p2  |         +|   0|  0|    38|          31|          31|
    |add_ln58_2069_fu_837427_p2  |         +|   0|  0|    39|          32|          32|
    |add_ln58_206_fu_848262_p2   |         +|   0|  0|    36|          29|          29|
    |add_ln58_2070_fu_837433_p2  |         +|   0|  0|    37|          30|          30|
    |add_ln58_2071_fu_841709_p2  |         +|   0|  0|    29|          29|          29|
    |add_ln58_2072_fu_841715_p2  |         +|   0|  0|    29|          29|          29|
    |add_ln58_2073_fu_841725_p2  |         +|   0|  0|    38|          31|          31|
    |add_ln58_2074_fu_841731_p2  |         +|   0|  0|    37|          30|          30|
    |add_ln58_2075_fu_845802_p2  |         +|   0|  0|    37|          30|          30|
    |add_ln58_2076_fu_845812_p2  |         +|   0|  0|    31|          31|          31|
    |add_ln58_2077_fu_845818_p2  |         +|   0|  0|    31|          31|          31|
    |add_ln58_2078_fu_845828_p2  |         +|   0|  0|    39|          32|          32|
    |add_ln58_2079_fu_862182_p2  |         +|   0|  0|    32|          32|          32|
    |add_ln58_207_fu_848272_p2   |         +|   0|  0|    38|          31|          31|
    |add_ln58_2080_fu_848747_p2  |         +|   0|  0|    36|          29|          29|
    |add_ln58_2081_fu_848757_p2  |         +|   0|  0|    30|          30|          30|
    |add_ln58_2082_fu_848763_p2  |         +|   0|  0|    30|          30|          30|
    |add_ln58_2083_fu_850497_p2  |         +|   0|  0|    37|          30|          30|
    |add_ln58_2084_fu_852736_p2  |         +|   0|  0|    30|          30|          30|
    |add_ln58_2085_fu_852742_p2  |         +|   0|  0|    30|          30|          30|
    |add_ln58_2086_fu_852752_p2  |         +|   0|  0|    38|          31|          31|
    |add_ln58_2087_fu_862192_p2  |         +|   0|  0|    32|          32|          32|
    |add_ln58_2088_fu_854359_p2  |         +|   0|  0|    37|          30|          30|
    |add_ln58_2089_fu_856638_p2  |         +|   0|  0|    30|          30|          30|
    |add_ln58_208_fu_850359_p2   |         +|   0|  0|    37|          30|          30|
    |add_ln58_2090_fu_856644_p2  |         +|   0|  0|    30|          30|          30|
    |add_ln58_2091_fu_856654_p2  |         +|   0|  0|    38|          31|          31|
    |add_ln58_2092_fu_858285_p2  |         +|   0|  0|    36|          29|          29|
    |add_ln58_2093_fu_862204_p2  |         +|   0|  0|    33|          26|           9|
    |add_ln58_2094_fu_862214_p2  |         +|   0|  0|    36|          29|          29|
    |add_ln58_2095_fu_862224_p2  |         +|   0|  0|    37|          30|          30|
    |add_ln58_2096_fu_862234_p2  |         +|   0|  0|    39|          32|          32|
    |add_ln58_2097_fu_862240_p2  |         +|   0|  0|    32|          32|          32|
    |add_ln58_2098_fu_862246_p2  |         +|   0|  0|    32|          32|          32|
    |add_ln58_2099_fu_862252_p2  |         +|   0|  0|    32|          32|          32|
    |add_ln58_209_fu_852043_p2   |         +|   0|  0|    36|          29|          29|
    |add_ln58_20_fu_813162_p2    |         +|   0|  0|    30|          30|          30|
    |add_ln58_2100_fu_795880_p2  |         +|   0|  0|    37|          30|          30|
    |add_ln58_2101_fu_797518_p2  |         +|   0|  0|    37|          30|          30|
    |add_ln58_2102_fu_797528_p2  |         +|   0|  0|    38|          31|          31|
    |add_ln58_2103_fu_799235_p2  |         +|   0|  0|    36|          29|          29|
    |add_ln58_2104_fu_801244_p2  |         +|   0|  0|    36|          29|          29|
    |add_ln58_2105_fu_801254_p2  |         +|   0|  0|    30|          30|          30|
    |add_ln58_2106_fu_801260_p2  |         +|   0|  0|    30|          30|          30|
    |add_ln58_2107_fu_810111_p2  |         +|   0|  0|    32|          32|          32|
    |add_ln58_2108_fu_803377_p2  |         +|   0|  0|    37|          30|          30|
    |add_ln58_2109_fu_805284_p2  |         +|   0|  0|    29|          29|          29|
    |add_ln58_210_fu_852053_p2   |         +|   0|  0|    37|          30|          30|
    |add_ln58_2110_fu_805290_p2  |         +|   0|  0|    29|          29|          29|
    |add_ln58_2111_fu_805300_p2  |         +|   0|  0|    38|          31|          31|
    |add_ln58_2112_fu_807214_p2  |         +|   0|  0|    36|          29|          29|
    |add_ln58_2113_fu_810123_p2  |         +|   0|  0|    37|          30|          30|
    |add_ln58_2114_fu_810133_p2  |         +|   0|  0|    31|          31|          31|
    |add_ln58_2115_fu_810139_p2  |         +|   0|  0|    31|          31|          31|
    |add_ln58_2116_fu_810149_p2  |         +|   0|  0|    39|          32|          32|
    |add_ln58_2117_fu_810155_p2  |         +|   0|  0|    32|          32|          32|
    |add_ln58_2118_fu_813348_p2  |         +|   0|  0|    37|          30|          30|
    |add_ln58_2119_fu_815278_p2  |         +|   0|  0|    37|          30|          30|
    |add_ln58_211_fu_852063_p2   |         +|   0|  0|    38|          31|          31|
    |add_ln58_2120_fu_815288_p2  |         +|   0|  0|    38|          31|          31|
    |add_ln58_2121_fu_816623_p2  |         +|   0|  0|    37|          30|          30|
    |add_ln58_2122_fu_819071_p2  |         +|   0|  0|    30|          30|          30|
    |add_ln58_2123_fu_819077_p2  |         +|   0|  0|    30|          30|          30|
    |add_ln58_2124_fu_819087_p2  |         +|   0|  0|    38|          31|          31|
    |add_ln58_2125_fu_827773_p2  |         +|   0|  0|    32|          32|          32|
    |add_ln58_2126_fu_820820_p2  |         +|   0|  0|    37|          30|          30|
    |add_ln58_2127_fu_822946_p2  |         +|   0|  0|    30|          30|          30|
    |add_ln58_2128_fu_822952_p2  |         +|   0|  0|    30|          30|          30|
    |add_ln58_2129_fu_822962_p2  |         +|   0|  0|    38|          31|          31|
    |add_ln58_212_fu_860249_p2   |         +|   0|  0|    32|          32|          32|
    |add_ln58_2130_fu_824964_p2  |         +|   0|  0|    35|          28|          28|
    |add_ln58_2131_fu_827785_p2  |         +|   0|  0|    37|          30|          30|
    |add_ln58_2132_fu_827795_p2  |         +|   0|  0|    31|          31|          31|
    |add_ln58_2133_fu_827801_p2  |         +|   0|  0|    31|          31|          31|
    |add_ln58_2134_fu_827811_p2  |         +|   0|  0|    39|          32|          32|
    |add_ln58_2135_fu_827817_p2  |         +|   0|  0|    32|          32|          32|
    |add_ln58_2136_fu_862258_p2  |         +|   0|  0|    32|          32|          32|
    |add_ln58_2137_fu_831913_p2  |         +|   0|  0|    36|          29|          29|
    |add_ln58_2138_fu_831919_p2  |         +|   0|  0|    37|          30|          30|
    |add_ln58_2139_fu_835860_p2  |         +|   0|  0|    31|          31|          31|
    |add_ln58_213_fu_854209_p2   |         +|   0|  0|    37|          30|          30|
    |add_ln58_2140_fu_835866_p2  |         +|   0|  0|    30|          30|          30|
    |add_ln58_2141_fu_835872_p2  |         +|   0|  0|    35|          28|          28|
    |add_ln58_2142_fu_835882_p2  |         +|   0|  0|    36|          29|          29|
    |add_ln58_2143_fu_835892_p2  |         +|   0|  0|    30|          30|          30|
    |add_ln58_2144_fu_835902_p2  |         +|   0|  0|    31|          31|          31|
    |add_ln58_2145_fu_837439_p2  |         +|   0|  0|    37|          30|          30|
    |add_ln58_2146_fu_841740_p2  |         +|   0|  0|    30|          30|          30|
    |add_ln58_2147_fu_841746_p2  |         +|   0|  0|    30|          30|          30|
    |add_ln58_2148_fu_841756_p2  |         +|   0|  0|    38|          31|          31|
    |add_ln58_2149_fu_841762_p2  |         +|   0|  0|    37|          30|          30|
    |add_ln58_214_fu_856013_p2   |         +|   0|  0|    37|          30|          30|
    |add_ln58_2150_fu_845840_p2  |         +|   0|  0|    30|          30|          30|
    |add_ln58_2151_fu_845846_p2  |         +|   0|  0|    30|          30|          30|
    |add_ln58_2152_fu_845856_p2  |         +|   0|  0|    38|          31|          31|
    |add_ln58_2153_fu_845866_p2  |         +|   0|  0|    39|          32|          32|
    |add_ln58_2154_fu_862265_p2  |         +|   0|  0|    32|          32|          32|
    |add_ln58_2155_fu_848769_p2  |         +|   0|  0|    37|          30|          30|
    |add_ln58_2156_fu_848779_p2  |         +|   0|  0|    37|          30|          30|
    |add_ln58_2157_fu_848789_p2  |         +|   0|  0|    38|          31|          31|
    |add_ln58_2158_fu_850503_p2  |         +|   0|  0|    37|          30|          30|
    |add_ln58_2159_fu_852761_p2  |         +|   0|  0|    30|          30|          30|
    |add_ln58_215_fu_856023_p2   |         +|   0|  0|    38|          31|          31|
    |add_ln58_2160_fu_852767_p2  |         +|   0|  0|    30|          30|          30|
    |add_ln58_2161_fu_852777_p2  |         +|   0|  0|    38|          31|          31|
    |add_ln58_2162_fu_862276_p2  |         +|   0|  0|    32|          32|          32|
    |add_ln58_2163_fu_854365_p2  |         +|   0|  0|    37|          30|          30|
    |add_ln58_2164_fu_856663_p2  |         +|   0|  0|    36|          29|          29|
    |add_ln58_2165_fu_856673_p2  |         +|   0|  0|    37|          30|          30|
    |add_ln58_2166_fu_856683_p2  |         +|   0|  0|    38|          31|          31|
    |add_ln58_2167_fu_858291_p2  |         +|   0|  0|    37|          30|          30|
    |add_ln58_2168_fu_862288_p2  |         +|   0|  0|    30|          30|           9|
    |add_ln58_2169_fu_862294_p2  |         +|   0|  0|    30|          30|          30|
    |add_ln58_216_fu_860261_p2   |         +|   0|  0|    32|          32|          32|
    |add_ln58_2170_fu_862304_p2  |         +|   0|  0|    38|          31|          31|
    |add_ln58_2171_fu_862314_p2  |         +|   0|  0|    39|          32|          32|
    |add_ln58_2172_fu_862320_p2  |         +|   0|  0|    32|          32|          32|
    |add_ln58_2173_fu_862326_p2  |         +|   0|  0|    32|          32|          32|
    |add_ln58_2174_fu_862332_p2  |         +|   0|  0|    32|          32|          32|
    |add_ln58_2175_fu_795886_p2  |         +|   0|  0|    36|          29|          29|
    |add_ln58_2176_fu_797537_p2  |         +|   0|  0|    36|          29|          29|
    |add_ln58_2177_fu_797547_p2  |         +|   0|  0|    37|          30|          30|
    |add_ln58_2178_fu_799241_p2  |         +|   0|  0|    37|          30|          30|
    |add_ln58_2179_fu_801269_p2  |         +|   0|  0|    37|          30|          30|
    |add_ln58_217_fu_858153_p2   |         +|   0|  0|    36|          29|          29|
    |add_ln58_2180_fu_801279_p2  |         +|   0|  0|    31|          31|          31|
    |add_ln58_2181_fu_801285_p2  |         +|   0|  0|    31|          31|          31|
    |add_ln58_2182_fu_810167_p2  |         +|   0|  0|    32|          32|          32|
    |add_ln58_2183_fu_803383_p2  |         +|   0|  0|    37|          30|          30|
    |add_ln58_2184_fu_805306_p2  |         +|   0|  0|    37|          30|          30|
    |add_ln58_2185_fu_805316_p2  |         +|   0|  0|    38|          31|          31|
    |add_ln58_2186_fu_810179_p2  |         +|   0|  0|    32|          32|          32|
    |add_ln58_2187_fu_807220_p2  |         +|   0|  0|    37|          30|          30|
    |add_ln58_2188_fu_810188_p2  |         +|   0|  0|    30|          30|          30|
    |add_ln58_2189_fu_810194_p2  |         +|   0|  0|    30|          30|          30|
    |add_ln58_218_fu_860270_p2   |         +|   0|  0|    31|          24|           8|
    |add_ln58_2190_fu_810204_p2  |         +|   0|  0|    38|          31|          31|
    |add_ln58_2191_fu_810214_p2  |         +|   0|  0|    32|          32|          32|
    |add_ln58_2192_fu_810220_p2  |         +|   0|  0|    32|          32|          32|
    |add_ln58_2193_fu_813354_p2  |         +|   0|  0|    37|          30|          30|
    |add_ln58_2194_fu_815297_p2  |         +|   0|  0|    37|          30|          30|
    |add_ln58_2195_fu_815307_p2  |         +|   0|  0|    38|          31|          31|
    |add_ln58_2196_fu_816629_p2  |         +|   0|  0|    37|          30|          30|
    |add_ln58_2197_fu_819096_p2  |         +|   0|  0|    36|          29|          29|
    |add_ln58_2198_fu_819106_p2  |         +|   0|  0|    37|          30|          30|
    |add_ln58_2199_fu_819116_p2  |         +|   0|  0|    38|          31|          31|
    |add_ln58_219_fu_860280_p2   |         +|   0|  0|    30|          30|          30|
    |add_ln58_21_fu_814697_p2    |         +|   0|  0|    37|          30|          30|
    |add_ln58_2200_fu_827829_p2  |         +|   0|  0|    32|          32|          32|
    |add_ln58_2201_fu_820826_p2  |         +|   0|  0|    36|          29|          29|
    |add_ln58_2202_fu_822971_p2  |         +|   0|  0|    30|          30|          30|
    |add_ln58_2203_fu_822977_p2  |         +|   0|  0|    30|          30|          30|
    |add_ln58_2204_fu_822987_p2  |         +|   0|  0|    38|          31|          31|
    |add_ln58_2205_fu_824970_p2  |         +|   0|  0|    36|          29|          29|
    |add_ln58_2206_fu_827841_p2  |         +|   0|  0|    37|          30|          30|
    |add_ln58_2207_fu_827851_p2  |         +|   0|  0|    31|          31|          31|
    |add_ln58_2208_fu_827857_p2  |         +|   0|  0|    31|          31|          31|
    |add_ln58_2209_fu_827867_p2  |         +|   0|  0|    39|          32|          32|
    |add_ln58_220_fu_860286_p2   |         +|   0|  0|    30|          30|          30|
    |add_ln58_2210_fu_827873_p2  |         +|   0|  0|    32|          32|          32|
    |add_ln58_2211_fu_862338_p2  |         +|   0|  0|    32|          32|          32|
    |add_ln58_2212_fu_831925_p2  |         +|   0|  0|    29|          29|          29|
    |add_ln58_2213_fu_831931_p2  |         +|   0|  0|    35|          28|          28|
    |add_ln58_2214_fu_831941_p2  |         +|   0|  0|    29|          29|          29|
    |add_ln58_2215_fu_833489_p2  |         +|   0|  0|    37|          30|          30|
    |add_ln58_2216_fu_837451_p2  |         +|   0|  0|    37|          30|          30|
    |add_ln58_2217_fu_837461_p2  |         +|   0|  0|    38|          31|          31|
    |add_ln58_2218_fu_837471_p2  |         +|   0|  0|    32|          32|          32|
    |add_ln58_2219_fu_837477_p2  |         +|   0|  0|    32|          32|          32|
    |add_ln58_221_fu_860296_p2   |         +|   0|  0|    32|          32|          32|
    |add_ln58_2220_fu_837483_p2  |         +|   0|  0|    37|          30|          30|
    |add_ln58_2221_fu_841768_p2  |         +|   0|  0|    37|          30|          30|
    |add_ln58_2222_fu_841778_p2  |         +|   0|  0|    38|          31|          31|
    |add_ln58_2223_fu_845878_p2  |         +|   0|  0|    32|          32|          32|
    |add_ln58_2224_fu_841784_p2  |         +|   0|  0|    36|          29|          29|
    |add_ln58_2225_fu_845887_p2  |         +|   0|  0|    37|          30|          30|
    |add_ln58_2226_fu_845897_p2  |         +|   0|  0|    31|          31|          31|
    |add_ln58_2227_fu_845903_p2  |         +|   0|  0|    31|          31|          31|
    |add_ln58_2228_fu_845913_p2  |         +|   0|  0|    32|          32|          32|
    |add_ln58_2229_fu_862342_p2  |         +|   0|  0|    32|          32|          32|
    |add_ln58_222_fu_860302_p2   |         +|   0|  0|    32|          32|          32|
    |add_ln58_2230_fu_848795_p2  |         +|   0|  0|    37|          30|          30|
    |add_ln58_2231_fu_848805_p2  |         +|   0|  0|    37|          30|          30|
    |add_ln58_2232_fu_848815_p2  |         +|   0|  0|    38|          31|          31|
    |add_ln58_2233_fu_850509_p2  |         +|   0|  0|    37|          30|          30|
    |add_ln58_2234_fu_852786_p2  |         +|   0|  0|    37|          30|          30|
    |add_ln58_2235_fu_852796_p2  |         +|   0|  0|    38|          31|          31|
    |add_ln58_2236_fu_852806_p2  |         +|   0|  0|    39|          32|          32|
    |add_ln58_2237_fu_862349_p2  |         +|   0|  0|    32|          32|          32|
    |add_ln58_2238_fu_854371_p2  |         +|   0|  0|    37|          30|          30|
    |add_ln58_2239_fu_856689_p2  |         +|   0|  0|    37|          30|          30|
    |add_ln58_223_fu_860308_p2   |         +|   0|  0|    32|          32|          32|
    |add_ln58_2240_fu_856699_p2  |         +|   0|  0|    38|          31|          31|
    |add_ln58_2241_fu_862360_p2  |         +|   0|  0|    32|          32|          32|
    |add_ln58_2242_fu_858297_p2  |         +|   0|  0|    37|          30|          30|
    |add_ln58_2243_fu_862369_p2  |         +|   0|  0|    37|          30|           8|
    |add_ln58_2244_fu_862379_p2  |         +|   0|  0|    38|          31|          31|
    |add_ln58_2245_fu_862389_p2  |         +|   0|  0|    39|          32|          32|
    |add_ln58_2246_fu_862395_p2  |         +|   0|  0|    32|          32|          32|
    |add_ln58_2247_fu_862401_p2  |         +|   0|  0|    32|          32|          32|
    |add_ln58_2248_fu_862407_p2  |         +|   0|  0|    32|          32|          32|
    |add_ln58_2249_fu_862413_p2  |         +|   0|  0|    32|          32|          32|
    |add_ln58_224_fu_860314_p2   |         +|   0|  0|    32|          32|          32|
    |add_ln58_2250_fu_795892_p2  |         +|   0|  0|    37|          30|          30|
    |add_ln58_2251_fu_797556_p2  |         +|   0|  0|    37|          30|          30|
    |add_ln58_2252_fu_797566_p2  |         +|   0|  0|    38|          31|          31|
    |add_ln58_2253_fu_799247_p2  |         +|   0|  0|    37|          30|          30|
    |add_ln58_2254_fu_801294_p2  |         +|   0|  0|    30|          30|          30|
    |add_ln58_2255_fu_801300_p2  |         +|   0|  0|    30|          30|          30|
    |add_ln58_2256_fu_801310_p2  |         +|   0|  0|    38|          31|          31|
    |add_ln58_2257_fu_810232_p2  |         +|   0|  0|    32|          32|          32|
    |add_ln58_2258_fu_803389_p2  |         +|   0|  0|    36|          29|          29|
    |add_ln58_2259_fu_805325_p2  |         +|   0|  0|    37|          30|          30|
    |add_ln58_225_fu_795742_p2   |         +|   0|  0|    37|          30|          30|
    |add_ln58_2260_fu_805335_p2  |         +|   0|  0|    31|          31|          31|
    |add_ln58_2261_fu_805341_p2  |         +|   0|  0|    31|          31|          31|
    |add_ln58_2262_fu_807226_p2  |         +|   0|  0|    37|          30|          30|
    |add_ln58_2263_fu_810244_p2  |         +|   0|  0|    37|          30|          30|
    |add_ln58_2264_fu_810254_p2  |         +|   0|  0|    38|          31|          31|
    |add_ln58_2265_fu_810264_p2  |         +|   0|  0|    32|          32|          32|
    |add_ln58_2266_fu_810270_p2  |         +|   0|  0|    32|          32|          32|
    |add_ln58_2267_fu_810276_p2  |         +|   0|  0|    32|          32|          32|
    |add_ln58_2268_fu_813360_p2  |         +|   0|  0|    37|          30|          30|
    |add_ln58_2269_fu_815316_p2  |         +|   0|  0|    37|          30|          30|
    |add_ln58_226_fu_797049_p2   |         +|   0|  0|    36|          29|          29|
    |add_ln58_2270_fu_815326_p2  |         +|   0|  0|    38|          31|          31|
    |add_ln58_2271_fu_816635_p2  |         +|   0|  0|    37|          30|          30|
    |add_ln58_2272_fu_819125_p2  |         +|   0|  0|    30|          30|          30|
    |add_ln58_2273_fu_819131_p2  |         +|   0|  0|    30|          30|          30|
    |add_ln58_2274_fu_819141_p2  |         +|   0|  0|    38|          31|          31|
    |add_ln58_2275_fu_827885_p2  |         +|   0|  0|    32|          32|          32|
    |add_ln58_2276_fu_820832_p2  |         +|   0|  0|    37|          30|          30|
    |add_ln58_2277_fu_822996_p2  |         +|   0|  0|    29|          29|          29|
    |add_ln58_2278_fu_823002_p2  |         +|   0|  0|    29|          29|          29|
    |add_ln58_2279_fu_823012_p2  |         +|   0|  0|    38|          31|          31|
    |add_ln58_227_fu_797059_p2   |         +|   0|  0|    38|          31|          31|
    |add_ln58_2280_fu_824976_p2  |         +|   0|  0|    37|          30|          30|
    |add_ln58_2281_fu_827897_p2  |         +|   0|  0|    36|          29|          29|
    |add_ln58_2282_fu_827907_p2  |         +|   0|  0|    37|          30|          30|
    |add_ln58_2283_fu_827917_p2  |         +|   0|  0|    38|          31|          31|
    |add_ln58_2284_fu_827927_p2  |         +|   0|  0|    39|          32|          32|
    |add_ln58_2285_fu_827933_p2  |         +|   0|  0|    32|          32|          32|
    |add_ln58_2286_fu_862419_p2  |         +|   0|  0|    32|          32|          32|
    |add_ln58_2287_fu_831947_p2  |         +|   0|  0|    37|          30|          30|
    |add_ln58_2288_fu_833498_p2  |         +|   0|  0|    37|          30|          30|
    |add_ln58_2289_fu_833508_p2  |         +|   0|  0|    38|          31|          31|
    |add_ln58_228_fu_799085_p2   |         +|   0|  0|    37|          30|          30|
    |add_ln58_2290_fu_833514_p2  |         +|   0|  0|    35|          28|          28|
    |add_ln58_2291_fu_837495_p2  |         +|   0|  0|    37|          30|          30|
    |add_ln58_2292_fu_837501_p2  |         +|   0|  0|    30|          30|          30|
    |add_ln58_2293_fu_837507_p2  |         +|   0|  0|    30|          30|          30|
    |add_ln58_2294_fu_837517_p2  |         +|   0|  0|    39|          32|          32|
    |add_ln58_2295_fu_837523_p2  |         +|   0|  0|    37|          30|          30|
    |add_ln58_2296_fu_841793_p2  |         +|   0|  0|    36|          29|          29|
    |add_ln58_2297_fu_841803_p2  |         +|   0|  0|    37|          30|          30|
    |add_ln58_2298_fu_841813_p2  |         +|   0|  0|    38|          31|          31|
    |add_ln58_2299_fu_841819_p2  |         +|   0|  0|    36|          29|          29|
    |add_ln58_229_fu_800563_p2   |         +|   0|  0|    30|          30|          30|
    |add_ln58_22_fu_818177_p2    |         +|   0|  0|    36|          29|          29|
    |add_ln58_2300_fu_845925_p2  |         +|   0|  0|    30|          30|          30|
    |add_ln58_2301_fu_845931_p2  |         +|   0|  0|    30|          30|          30|
    |add_ln58_2302_fu_845941_p2  |         +|   0|  0|    38|          31|          31|
    |add_ln58_2303_fu_845951_p2  |         +|   0|  0|    39|          32|          32|
    |add_ln58_2304_fu_862423_p2  |         +|   0|  0|    32|          32|          32|
    |add_ln58_2305_fu_848821_p2  |         +|   0|  0|    37|          30|          30|
    |add_ln58_2306_fu_848831_p2  |         +|   0|  0|    37|          30|          30|
    |add_ln58_2307_fu_848841_p2  |         +|   0|  0|    38|          31|          31|
    |add_ln58_2308_fu_850515_p2  |         +|   0|  0|    37|          30|          30|
    |add_ln58_2309_fu_852815_p2  |         +|   0|  0|    29|          29|          29|
    |add_ln58_230_fu_800569_p2   |         +|   0|  0|    30|          30|          30|
    |add_ln58_2310_fu_852821_p2  |         +|   0|  0|    29|          29|          29|
    |add_ln58_2311_fu_852831_p2  |         +|   0|  0|    38|          31|          31|
    |add_ln58_2312_fu_862433_p2  |         +|   0|  0|    32|          32|          32|
    |add_ln58_2313_fu_854377_p2  |         +|   0|  0|    37|          30|          30|
    |add_ln58_2314_fu_856705_p2  |         +|   0|  0|    37|          30|          30|
    |add_ln58_2315_fu_856715_p2  |         +|   0|  0|    38|          31|          31|
    |add_ln58_2316_fu_862445_p2  |         +|   0|  0|    32|          32|          32|
    |add_ln58_2317_fu_858303_p2  |         +|   0|  0|    36|          29|          29|
    |add_ln58_2318_fu_862454_p2  |         +|   0|  0|    36|          29|           8|
    |add_ln58_2319_fu_862464_p2  |         +|   0|  0|    30|          30|          30|
    |add_ln58_231_fu_800579_p2   |         +|   0|  0|    38|          31|          31|
    |add_ln58_2320_fu_862470_p2  |         +|   0|  0|    30|          30|          30|
    |add_ln58_2321_fu_862480_p2  |         +|   0|  0|    32|          32|          32|
    |add_ln58_2322_fu_862486_p2  |         +|   0|  0|    32|          32|          32|
    |add_ln58_2323_fu_862492_p2  |         +|   0|  0|    32|          32|          32|
    |add_ln58_2324_fu_862498_p2  |         +|   0|  0|    32|          32|          32|
    |add_ln58_2325_fu_795898_p2  |         +|   0|  0|    37|          30|          30|
    |add_ln58_2326_fu_797575_p2  |         +|   0|  0|    35|          28|          28|
    |add_ln58_2327_fu_797585_p2  |         +|   0|  0|    38|          31|          31|
    |add_ln58_2328_fu_799253_p2  |         +|   0|  0|    36|          29|          29|
    |add_ln58_2329_fu_801319_p2  |         +|   0|  0|    30|          30|          30|
    |add_ln58_232_fu_808683_p2   |         +|   0|  0|    32|          32|          32|
    |add_ln58_2330_fu_801325_p2  |         +|   0|  0|    30|          30|          30|
    |add_ln58_2331_fu_801335_p2  |         +|   0|  0|    38|          31|          31|
    |add_ln58_2332_fu_810288_p2  |         +|   0|  0|    32|          32|          32|
    |add_ln58_2333_fu_803395_p2  |         +|   0|  0|    37|          30|          30|
    |add_ln58_2334_fu_805350_p2  |         +|   0|  0|    30|          30|          30|
    |add_ln58_2335_fu_805356_p2  |         +|   0|  0|    30|          30|          30|
    |add_ln58_2336_fu_805366_p2  |         +|   0|  0|    38|          31|          31|
    |add_ln58_2337_fu_807232_p2  |         +|   0|  0|    37|          30|          30|
    |add_ln58_2338_fu_810300_p2  |         +|   0|  0|    36|          29|          29|
    |add_ln58_2339_fu_810310_p2  |         +|   0|  0|    37|          30|          30|
    |add_ln58_233_fu_803227_p2   |         +|   0|  0|    37|          30|          30|
    |add_ln58_2340_fu_810320_p2  |         +|   0|  0|    38|          31|          31|
    |add_ln58_2341_fu_810330_p2  |         +|   0|  0|    39|          32|          32|
    |add_ln58_2342_fu_810336_p2  |         +|   0|  0|    32|          32|          32|
    |add_ln58_2343_fu_813366_p2  |         +|   0|  0|    37|          30|          30|
    |add_ln58_2344_fu_815335_p2  |         +|   0|  0|    37|          30|          30|
    |add_ln58_2345_fu_815345_p2  |         +|   0|  0|    38|          31|          31|
    |add_ln58_2346_fu_816641_p2  |         +|   0|  0|    34|          27|          27|
    |add_ln58_2347_fu_819150_p2  |         +|   0|  0|    36|          29|          29|
    |add_ln58_2348_fu_819160_p2  |         +|   0|  0|    37|          30|          30|
    |add_ln58_2349_fu_819170_p2  |         +|   0|  0|    38|          31|          31|
    |add_ln58_234_fu_804679_p2   |         +|   0|  0|    37|          30|          30|
    |add_ln58_2350_fu_827945_p2  |         +|   0|  0|    32|          32|          32|
    |add_ln58_2351_fu_820838_p2  |         +|   0|  0|    37|          30|          30|
    |add_ln58_2352_fu_823021_p2  |         +|   0|  0|    37|          30|          30|
    |add_ln58_2353_fu_823031_p2  |         +|   0|  0|    31|          31|          31|
    |add_ln58_2354_fu_823037_p2  |         +|   0|  0|    31|          31|          31|
    |add_ln58_2355_fu_824982_p2  |         +|   0|  0|    37|          30|          30|
    |add_ln58_2356_fu_827957_p2  |         +|   0|  0|    37|          30|          30|
    |add_ln58_2357_fu_827967_p2  |         +|   0|  0|    38|          31|          31|
    |add_ln58_2358_fu_827977_p2  |         +|   0|  0|    32|          32|          32|
    |add_ln58_2359_fu_827983_p2  |         +|   0|  0|    32|          32|          32|
    |add_ln58_235_fu_804689_p2   |         +|   0|  0|    31|          31|          31|
    |add_ln58_2360_fu_827989_p2  |         +|   0|  0|    32|          32|          32|
    |add_ln58_2361_fu_862504_p2  |         +|   0|  0|    32|          32|          32|
    |add_ln58_2362_fu_831953_p2  |         +|   0|  0|    37|          30|          30|
    |add_ln58_2363_fu_833523_p2  |         +|   0|  0|    37|          30|          30|
    |add_ln58_2364_fu_833533_p2  |         +|   0|  0|    38|          31|          31|
    |add_ln58_2365_fu_833539_p2  |         +|   0|  0|    37|          30|          30|
    |add_ln58_2366_fu_837535_p2  |         +|   0|  0|    30|          30|          30|
    |add_ln58_2367_fu_837541_p2  |         +|   0|  0|    30|          30|          30|
    |add_ln58_2368_fu_837551_p2  |         +|   0|  0|    38|          31|          31|
    |add_ln58_2369_fu_837561_p2  |         +|   0|  0|    39|          32|          32|
    |add_ln58_236_fu_804695_p2   |         +|   0|  0|    31|          31|          31|
    |add_ln58_2370_fu_837567_p2  |         +|   0|  0|    36|          29|          29|
    |add_ln58_2371_fu_841828_p2  |         +|   0|  0|    30|          30|          30|
    |add_ln58_2372_fu_841834_p2  |         +|   0|  0|    30|          30|          30|
    |add_ln58_2373_fu_841844_p2  |         +|   0|  0|    38|          31|          31|
    |add_ln58_2374_fu_841850_p2  |         +|   0|  0|    36|          29|          29|
    |add_ln58_2375_fu_845963_p2  |         +|   0|  0|    37|          30|          30|
    |add_ln58_2376_fu_845973_p2  |         +|   0|  0|    31|          31|          31|
    |add_ln58_2377_fu_845979_p2  |         +|   0|  0|    31|          31|          31|
    |add_ln58_2378_fu_845989_p2  |         +|   0|  0|    39|          32|          32|
    |add_ln58_2379_fu_862508_p2  |         +|   0|  0|    32|          32|          32|
    |add_ln58_237_fu_807064_p2   |         +|   0|  0|    37|          30|          30|
    |add_ln58_2380_fu_848847_p2  |         +|   0|  0|    37|          30|          30|
    |add_ln58_2381_fu_848857_p2  |         +|   0|  0|    37|          30|          30|
    |add_ln58_2382_fu_848867_p2  |         +|   0|  0|    38|          31|          31|
    |add_ln58_2383_fu_850521_p2  |         +|   0|  0|    37|          30|          30|
    |add_ln58_2384_fu_852840_p2  |         +|   0|  0|    37|          30|          30|
    |add_ln58_2385_fu_852850_p2  |         +|   0|  0|    31|          31|          31|
    |add_ln58_2386_fu_852856_p2  |         +|   0|  0|    31|          31|          31|
    |add_ln58_2387_fu_862518_p2  |         +|   0|  0|    32|          32|          32|
    |add_ln58_2388_fu_854383_p2  |         +|   0|  0|    36|          29|          29|
    |add_ln58_2389_fu_856724_p2  |         +|   0|  0|    37|          30|          30|
    |add_ln58_238_fu_808695_p2   |         +|   0|  0|    36|          29|          29|
    |add_ln58_2390_fu_856734_p2  |         +|   0|  0|    31|          31|          31|
    |add_ln58_2391_fu_856740_p2  |         +|   0|  0|    31|          31|          31|
    |add_ln58_2392_fu_858309_p2  |         +|   0|  0|    36|          29|          29|
    |add_ln58_2393_fu_862530_p2  |         +|   0|  0|    34|          27|           8|
    |add_ln58_2394_fu_862540_p2  |         +|   0|  0|    37|          30|          30|
    |add_ln58_2395_fu_862550_p2  |         +|   0|  0|    38|          31|          31|
    |add_ln58_2396_fu_862560_p2  |         +|   0|  0|    39|          32|          32|
    |add_ln58_2397_fu_862566_p2  |         +|   0|  0|    32|          32|          32|
    |add_ln58_2398_fu_862572_p2  |         +|   0|  0|    32|          32|          32|
    |add_ln58_2399_fu_862578_p2  |         +|   0|  0|    32|          32|          32|
    |add_ln58_239_fu_808705_p2   |         +|   0|  0|    37|          30|          30|
    |add_ln58_23_fu_818187_p2    |         +|   0|  0|    37|          30|          30|
    |add_ln58_2400_fu_795904_p2  |         +|   0|  0|    35|          28|          28|
    |add_ln58_2401_fu_797594_p2  |         +|   0|  0|    30|          30|          30|
    |add_ln58_2402_fu_797600_p2  |         +|   0|  0|    30|          30|          30|
    |add_ln58_2403_fu_799259_p2  |         +|   0|  0|    37|          30|          30|
    |add_ln58_2404_fu_801347_p2  |         +|   0|  0|    29|          29|          29|
    |add_ln58_2405_fu_801353_p2  |         +|   0|  0|    29|          29|          29|
    |add_ln58_2406_fu_801363_p2  |         +|   0|  0|    31|          31|          31|
    |add_ln58_2407_fu_801369_p2  |         +|   0|  0|    31|          31|          31|
    |add_ln58_2408_fu_803401_p2  |         +|   0|  0|    36|          29|          29|
    |add_ln58_2409_fu_805375_p2  |         +|   0|  0|    30|          30|          30|
    |add_ln58_240_fu_808715_p2   |         +|   0|  0|    38|          31|          31|
    |add_ln58_2410_fu_805381_p2  |         +|   0|  0|    30|          30|          30|
    |add_ln58_2411_fu_805391_p2  |         +|   0|  0|    38|          31|          31|
    |add_ln58_2412_fu_807238_p2  |         +|   0|  0|    36|          29|          29|
    |add_ln58_2413_fu_810351_p2  |         +|   0|  0|    36|          29|          29|
    |add_ln58_2414_fu_810361_p2  |         +|   0|  0|    30|          30|          30|
    |add_ln58_2415_fu_810367_p2  |         +|   0|  0|    30|          30|          30|
    |add_ln58_2416_fu_810377_p2  |         +|   0|  0|    32|          32|          32|
    |add_ln58_2417_fu_810383_p2  |         +|   0|  0|    32|          32|          32|
    |add_ln58_2418_fu_813372_p2  |         +|   0|  0|    37|          30|          30|
    |add_ln58_2419_fu_815354_p2  |         +|   0|  0|    37|          30|          30|
    |add_ln58_241_fu_808725_p2   |         +|   0|  0|    39|          32|          32|
    |add_ln58_2420_fu_815364_p2  |         +|   0|  0|    38|          31|          31|
    |add_ln58_2421_fu_816647_p2  |         +|   0|  0|    37|          30|          30|
    |add_ln58_2422_fu_819179_p2  |         +|   0|  0|    30|          30|          30|
    |add_ln58_2423_fu_819185_p2  |         +|   0|  0|    30|          30|          30|
    |add_ln58_2424_fu_819195_p2  |         +|   0|  0|    38|          31|          31|
    |add_ln58_2425_fu_828001_p2  |         +|   0|  0|    32|          32|          32|
    |add_ln58_2426_fu_820844_p2  |         +|   0|  0|    37|          30|          30|
    |add_ln58_2427_fu_823046_p2  |         +|   0|  0|    36|          29|          29|
    |add_ln58_2428_fu_823056_p2  |         +|   0|  0|    37|          30|          30|
    |add_ln58_2429_fu_823066_p2  |         +|   0|  0|    38|          31|          31|
    |add_ln58_242_fu_808731_p2   |         +|   0|  0|    32|          32|          32|
    |add_ln58_2430_fu_824988_p2  |         +|   0|  0|    35|          28|          28|
    |add_ln58_2431_fu_828013_p2  |         +|   0|  0|    35|          28|          28|
    |add_ln58_2432_fu_828023_p2  |         +|   0|  0|    36|          29|          29|
    |add_ln58_2433_fu_828033_p2  |         +|   0|  0|    37|          30|          30|
    |add_ln58_2434_fu_828043_p2  |         +|   0|  0|    39|          32|          32|
    |add_ln58_2435_fu_828049_p2  |         +|   0|  0|    32|          32|          32|
    |add_ln58_2436_fu_862584_p2  |         +|   0|  0|    32|          32|          32|
    |add_ln58_2437_fu_831959_p2  |         +|   0|  0|    37|          30|          30|
    |add_ln58_2438_fu_833548_p2  |         +|   0|  0|    37|          30|          30|
    |add_ln58_2439_fu_833558_p2  |         +|   0|  0|    38|          31|          31|
    |add_ln58_243_fu_813200_p2   |         +|   0|  0|    37|          30|          30|
    |add_ln58_2440_fu_833564_p2  |         +|   0|  0|    37|          30|          30|
    |add_ln58_2441_fu_837579_p2  |         +|   0|  0|    37|          30|          30|
    |add_ln58_2442_fu_837589_p2  |         +|   0|  0|    38|          31|          31|
    |add_ln58_2443_fu_837599_p2  |         +|   0|  0|    32|          32|          32|
    |add_ln58_2444_fu_837605_p2  |         +|   0|  0|    32|          32|          32|
    |add_ln58_2445_fu_837611_p2  |         +|   0|  0|    36|          29|          29|
    |add_ln58_2446_fu_841859_p2  |         +|   0|  0|    37|          30|          30|
    |add_ln58_2447_fu_841869_p2  |         +|   0|  0|    31|          31|          31|
    |add_ln58_2448_fu_841875_p2  |         +|   0|  0|    31|          31|          31|
    |add_ln58_2449_fu_841881_p2  |         +|   0|  0|    36|          29|          29|
    |add_ln58_244_fu_814737_p2   |         +|   0|  0|    37|          30|          30|
    |add_ln58_2450_fu_846001_p2  |         +|   0|  0|    37|          30|          30|
    |add_ln58_2451_fu_846011_p2  |         +|   0|  0|    31|          31|          31|
    |add_ln58_2452_fu_846017_p2  |         +|   0|  0|    31|          31|          31|
    |add_ln58_2453_fu_846027_p2  |         +|   0|  0|    39|          32|          32|
    |add_ln58_2454_fu_862588_p2  |         +|   0|  0|    32|          32|          32|
    |add_ln58_2455_fu_848873_p2  |         +|   0|  0|    30|          30|          30|
    |add_ln58_2456_fu_848879_p2  |         +|   0|  0|    36|          29|          29|
    |add_ln58_2457_fu_848889_p2  |         +|   0|  0|    30|          30|          30|
    |add_ln58_2458_fu_850527_p2  |         +|   0|  0|    35|          28|          28|
    |add_ln58_2459_fu_852868_p2  |         +|   0|  0|    36|          29|          29|
    |add_ln58_245_fu_814747_p2   |         +|   0|  0|    38|          31|          31|
    |add_ln58_2460_fu_852878_p2  |         +|   0|  0|    30|          30|          30|
    |add_ln58_2461_fu_852884_p2  |         +|   0|  0|    30|          30|          30|
    |add_ln58_2462_fu_852894_p2  |         +|   0|  0|    38|          31|          31|
    |add_ln58_2463_fu_854389_p2  |         +|   0|  0|    35|          28|          28|
    |add_ln58_2464_fu_856749_p2  |         +|   0|  0|    28|          28|          28|
    |add_ln58_2465_fu_856755_p2  |         +|   0|  0|    28|          28|          28|
    |add_ln58_2466_fu_856765_p2  |         +|   0|  0|    36|          29|          29|
    |add_ln58_2467_fu_858315_p2  |         +|   0|  0|    34|          27|          27|
    |add_ln58_2468_fu_862601_p2  |         +|   0|  0|    37|          30|           8|
    |add_ln58_2469_fu_862607_p2  |         +|   0|  0|    30|          30|          30|
    |add_ln58_246_fu_814753_p2   |         +|   0|  0|    37|          30|          30|
    |add_ln58_2470_fu_862613_p2  |         +|   0|  0|    30|          30|          30|
    |add_ln58_2471_fu_862623_p2  |         +|   0|  0|    38|          31|          31|
    |add_ln58_2472_fu_862633_p2  |         +|   0|  0|    39|          32|          32|
    |add_ln58_2473_fu_862639_p2  |         +|   0|  0|    32|          32|          32|
    |add_ln58_2474_fu_862645_p2  |         +|   0|  0|    32|          32|          32|
    |add_ln58_2475_fu_795910_p2  |         +|   0|  0|    37|          30|          30|
    |add_ln58_2476_fu_797609_p2  |         +|   0|  0|    37|          30|          30|
    |add_ln58_2477_fu_797619_p2  |         +|   0|  0|    38|          31|          31|
    |add_ln58_2478_fu_799265_p2  |         +|   0|  0|    37|          30|          30|
    |add_ln58_2479_fu_801378_p2  |         +|   0|  0|    36|          29|          29|
    |add_ln58_247_fu_818274_p2   |         +|   0|  0|    36|          29|          29|
    |add_ln58_2480_fu_801388_p2  |         +|   0|  0|    37|          30|          30|
    |add_ln58_2481_fu_801398_p2  |         +|   0|  0|    38|          31|          31|
    |add_ln58_2482_fu_810395_p2  |         +|   0|  0|    32|          32|          32|
    |add_ln58_2483_fu_803407_p2  |         +|   0|  0|    36|          29|          29|
    |add_ln58_2484_fu_805400_p2  |         +|   0|  0|    36|          29|          29|
    |add_ln58_2485_fu_805410_p2  |         +|   0|  0|    37|          30|          30|
    |add_ln58_2486_fu_805420_p2  |         +|   0|  0|    38|          31|          31|
    |add_ln58_2487_fu_807244_p2  |         +|   0|  0|    37|          30|          30|
    |add_ln58_2488_fu_810407_p2  |         +|   0|  0|    37|          30|          30|
    |add_ln58_2489_fu_810417_p2  |         +|   0|  0|    31|          31|          31|
    |add_ln58_248_fu_818284_p2   |         +|   0|  0|    37|          30|          30|
    |add_ln58_2490_fu_810423_p2  |         +|   0|  0|    31|          31|          31|
    |add_ln58_2491_fu_810433_p2  |         +|   0|  0|    39|          32|          32|
    |add_ln58_2492_fu_810439_p2  |         +|   0|  0|    32|          32|          32|
    |add_ln58_2493_fu_815370_p2  |         +|   0|  0|    29|          29|          29|
    |add_ln58_2494_fu_815376_p2  |         +|   0|  0|    35|          28|          28|
    |add_ln58_2495_fu_815386_p2  |         +|   0|  0|    29|          29|          29|
    |add_ln58_2496_fu_816653_p2  |         +|   0|  0|    35|          28|          28|
    |add_ln58_2497_fu_819207_p2  |         +|   0|  0|    37|          30|          30|
    |add_ln58_2498_fu_819217_p2  |         +|   0|  0|    38|          31|          31|
    |add_ln58_2499_fu_819223_p2  |         +|   0|  0|    31|          31|          31|
    |add_ln58_249_fu_818294_p2   |         +|   0|  0|    38|          31|          31|
    |add_ln58_24_fu_818197_p2    |         +|   0|  0|    38|          31|          31|
    |add_ln58_2500_fu_819229_p2  |         +|   0|  0|    31|          31|          31|
    |add_ln58_2501_fu_820850_p2  |         +|   0|  0|    35|          28|          28|
    |add_ln58_2502_fu_823075_p2  |         +|   0|  0|    36|          29|          29|
    |add_ln58_2503_fu_823081_p2  |         +|   0|  0|    29|          29|          29|
    |add_ln58_2504_fu_823087_p2  |         +|   0|  0|    29|          29|          29|
    |add_ln58_2505_fu_824994_p2  |         +|   0|  0|    37|          30|          30|
    |add_ln58_2506_fu_828064_p2  |         +|   0|  0|    30|          30|          30|
    |add_ln58_2507_fu_828070_p2  |         +|   0|  0|    30|          30|          30|
    |add_ln58_2508_fu_828080_p2  |         +|   0|  0|    38|          31|          31|
    |add_ln58_2509_fu_828090_p2  |         +|   0|  0|    32|          32|          32|
    |add_ln58_250_fu_826442_p2   |         +|   0|  0|    32|          32|          32|
    |add_ln58_2510_fu_828096_p2  |         +|   0|  0|    32|          32|          32|
    |add_ln58_2511_fu_862651_p2  |         +|   0|  0|    32|          32|          32|
    |add_ln58_2512_fu_831965_p2  |         +|   0|  0|    36|          29|          29|
    |add_ln58_2513_fu_833573_p2  |         +|   0|  0|    36|          29|          29|
    |add_ln58_2514_fu_833583_p2  |         +|   0|  0|    37|          30|          30|
    |add_ln58_2515_fu_833589_p2  |         +|   0|  0|    37|          30|          30|
    |add_ln58_2516_fu_837623_p2  |         +|   0|  0|    35|          28|          28|
    |add_ln58_2517_fu_837633_p2  |         +|   0|  0|    36|          29|          29|
    |add_ln58_2518_fu_837643_p2  |         +|   0|  0|    38|          31|          31|
    |add_ln58_2519_fu_837653_p2  |         +|   0|  0|    39|          32|          32|
    |add_ln58_251_fu_818300_p2   |         +|   0|  0|    37|          30|          30|
    |add_ln58_2520_fu_837659_p2  |         +|   0|  0|    37|          30|          30|
    |add_ln58_2521_fu_841887_p2  |         +|   0|  0|    37|          30|          30|
    |add_ln58_2522_fu_841897_p2  |         +|   0|  0|    38|          31|          31|
    |add_ln58_2523_fu_846039_p2  |         +|   0|  0|    32|          32|          32|
    |add_ln58_2524_fu_841903_p2  |         +|   0|  0|    37|          30|          30|
    |add_ln58_2525_fu_846048_p2  |         +|   0|  0|    37|          30|          30|
    |add_ln58_2526_fu_846058_p2  |         +|   0|  0|    31|          31|          31|
    |add_ln58_2527_fu_846064_p2  |         +|   0|  0|    31|          31|          31|
    |add_ln58_2528_fu_846074_p2  |         +|   0|  0|    32|          32|          32|
    |add_ln58_2529_fu_862655_p2  |         +|   0|  0|    32|          32|          32|
    |add_ln58_252_fu_822291_p2   |         +|   0|  0|    37|          30|          30|
    |add_ln58_2530_fu_848895_p2  |         +|   0|  0|    37|          30|          30|
    |add_ln58_2531_fu_848905_p2  |         +|   0|  0|    37|          30|          30|
    |add_ln58_2532_fu_848915_p2  |         +|   0|  0|    38|          31|          31|
    |add_ln58_2533_fu_850533_p2  |         +|   0|  0|    37|          30|          30|
    |add_ln58_2534_fu_852903_p2  |         +|   0|  0|    37|          30|          30|
    |add_ln58_2535_fu_852913_p2  |         +|   0|  0|    31|          31|          31|
    |add_ln58_2536_fu_852919_p2  |         +|   0|  0|    31|          31|          31|
    |add_ln58_2537_fu_862665_p2  |         +|   0|  0|    32|          32|          32|
    |add_ln58_2538_fu_854395_p2  |         +|   0|  0|    37|          30|          30|
    |add_ln58_2539_fu_858321_p2  |         +|   0|  0|    37|          30|          30|
    |add_ln58_253_fu_822301_p2   |         +|   0|  0|    38|          31|          31|
    |add_ln58_2540_fu_858331_p2  |         +|   0|  0|    38|          31|          31|
    |add_ln58_2541_fu_862677_p2  |         +|   0|  0|    32|          32|          32|
    |add_ln58_2542_fu_858337_p2  |         +|   0|  0|    37|          30|          30|
    |add_ln58_2543_fu_862686_p2  |         +|   0|  0|    37|          30|           8|
    |add_ln58_2544_fu_862696_p2  |         +|   0|  0|    38|          31|          31|
    |add_ln58_2545_fu_862706_p2  |         +|   0|  0|    39|          32|          32|
    |add_ln58_2546_fu_862712_p2  |         +|   0|  0|    32|          32|          32|
    |add_ln58_2547_fu_862718_p2  |         +|   0|  0|    32|          32|          32|
    |add_ln58_2548_fu_862724_p2  |         +|   0|  0|    32|          32|          32|
    |add_ln58_2549_fu_862730_p2  |         +|   0|  0|    32|          32|          32|
    |add_ln58_254_fu_826454_p2   |         +|   0|  0|    32|          32|          32|
    |add_ln58_2550_fu_795916_p2  |         +|   0|  0|    37|          30|          30|
    |add_ln58_2551_fu_797628_p2  |         +|   0|  0|    37|          30|          30|
    |add_ln58_2552_fu_797638_p2  |         +|   0|  0|    38|          31|          31|
    |add_ln58_2553_fu_799271_p2  |         +|   0|  0|    36|          29|          29|
    |add_ln58_2554_fu_801407_p2  |         +|   0|  0|    30|          30|          30|
    |add_ln58_2555_fu_801413_p2  |         +|   0|  0|    30|          30|          30|
    |add_ln58_2556_fu_801423_p2  |         +|   0|  0|    38|          31|          31|
    |add_ln58_2557_fu_810451_p2  |         +|   0|  0|    32|          32|          32|
    |add_ln58_2558_fu_803413_p2  |         +|   0|  0|    37|          30|          30|
    |add_ln58_2559_fu_805429_p2  |         +|   0|  0|    30|          30|          30|
    |add_ln58_255_fu_822307_p2   |         +|   0|  0|    37|          30|          30|
    |add_ln58_2560_fu_805435_p2  |         +|   0|  0|    30|          30|          30|
    |add_ln58_2561_fu_805445_p2  |         +|   0|  0|    38|          31|          31|
    |add_ln58_2562_fu_807250_p2  |         +|   0|  0|    37|          30|          30|
    |add_ln58_2563_fu_810463_p2  |         +|   0|  0|    30|          30|          30|
    |add_ln58_2564_fu_810469_p2  |         +|   0|  0|    30|          30|          30|
    |add_ln58_2565_fu_810479_p2  |         +|   0|  0|    38|          31|          31|
    |add_ln58_2566_fu_810489_p2  |         +|   0|  0|    39|          32|          32|
    |add_ln58_2567_fu_810495_p2  |         +|   0|  0|    32|          32|          32|
    |add_ln58_2568_fu_813378_p2  |         +|   0|  0|    37|          30|          30|
    |add_ln58_2569_fu_815395_p2  |         +|   0|  0|    37|          30|          30|
    |add_ln58_256_fu_826463_p2   |         +|   0|  0|    37|          30|          30|
    |add_ln58_2570_fu_815405_p2  |         +|   0|  0|    38|          31|          31|
    |add_ln58_2571_fu_816659_p2  |         +|   0|  0|    36|          29|          29|
    |add_ln58_2572_fu_819238_p2  |         +|   0|  0|    37|          30|          30|
    |add_ln58_2573_fu_819248_p2  |         +|   0|  0|    31|          31|          31|
    |add_ln58_2574_fu_819254_p2  |         +|   0|  0|    31|          31|          31|
    |add_ln58_2575_fu_828108_p2  |         +|   0|  0|    32|          32|          32|
    |add_ln58_2576_fu_820856_p2  |         +|   0|  0|    37|          30|          30|
    |add_ln58_2577_fu_823096_p2  |         +|   0|  0|    30|          30|          30|
    |add_ln58_2578_fu_823102_p2  |         +|   0|  0|    30|          30|          30|
    |add_ln58_2579_fu_823112_p2  |         +|   0|  0|    38|          31|          31|
    |add_ln58_257_fu_826473_p2   |         +|   0|  0|    38|          31|          31|
    |add_ln58_2580_fu_825000_p2  |         +|   0|  0|    37|          30|          30|
    |add_ln58_2581_fu_828120_p2  |         +|   0|  0|    30|          30|          30|
    |add_ln58_2582_fu_828126_p2  |         +|   0|  0|    30|          30|          30|
    |add_ln58_2583_fu_828136_p2  |         +|   0|  0|    38|          31|          31|
    |add_ln58_2584_fu_828146_p2  |         +|   0|  0|    39|          32|          32|
    |add_ln58_2585_fu_828152_p2  |         +|   0|  0|    32|          32|          32|
    |add_ln58_2586_fu_862736_p2  |         +|   0|  0|    32|          32|          32|
    |add_ln58_2587_fu_831971_p2  |         +|   0|  0|    37|          30|          30|
    |add_ln58_2588_fu_833598_p2  |         +|   0|  0|    37|          30|          30|
    |add_ln58_2589_fu_833608_p2  |         +|   0|  0|    38|          31|          31|
    |add_ln58_258_fu_826483_p2   |         +|   0|  0|    39|          32|          32|
    |add_ln58_2590_fu_833614_p2  |         +|   0|  0|    37|          30|          30|
    |add_ln58_2591_fu_837671_p2  |         +|   0|  0|    37|          30|          30|
    |add_ln58_2592_fu_837681_p2  |         +|   0|  0|    31|          31|          31|
    |add_ln58_2593_fu_837687_p2  |         +|   0|  0|    31|          31|          31|
    |add_ln58_2594_fu_837697_p2  |         +|   0|  0|    39|          32|          32|
    |add_ln58_2595_fu_837703_p2  |         +|   0|  0|    35|          28|          28|
    |add_ln58_2596_fu_841912_p2  |         +|   0|  0|    37|          30|          30|
    |add_ln58_2597_fu_841918_p2  |         +|   0|  0|    30|          30|          30|
    |add_ln58_2598_fu_841924_p2  |         +|   0|  0|    30|          30|          30|
    |add_ln58_2599_fu_841930_p2  |         +|   0|  0|    37|          30|          30|
    |add_ln58_259_fu_826489_p2   |         +|   0|  0|    32|          32|          32|
    |add_ln58_25_fu_826274_p2    |         +|   0|  0|    32|          32|          32|
    |add_ln58_2600_fu_846086_p2  |         +|   0|  0|    30|          30|          30|
    |add_ln58_2601_fu_846092_p2  |         +|   0|  0|    30|          30|          30|
    |add_ln58_2602_fu_846102_p2  |         +|   0|  0|    38|          31|          31|
    |add_ln58_2603_fu_846112_p2  |         +|   0|  0|    39|          32|          32|
    |add_ln58_2604_fu_862740_p2  |         +|   0|  0|    32|          32|          32|
    |add_ln58_2605_fu_848921_p2  |         +|   0|  0|    36|          29|          29|
    |add_ln58_2606_fu_848931_p2  |         +|   0|  0|    36|          29|          29|
    |add_ln58_2607_fu_848941_p2  |         +|   0|  0|    37|          30|          30|
    |add_ln58_2608_fu_850539_p2  |         +|   0|  0|    37|          30|          30|
    |add_ln58_2609_fu_852928_p2  |         +|   0|  0|    30|          30|          30|
    |add_ln58_260_fu_826495_p2   |         +|   0|  0|    32|          32|          32|
    |add_ln58_2610_fu_852934_p2  |         +|   0|  0|    30|          30|          30|
    |add_ln58_2611_fu_852944_p2  |         +|   0|  0|    38|          31|          31|
    |add_ln58_2612_fu_862750_p2  |         +|   0|  0|    32|          32|          32|
    |add_ln58_2613_fu_854401_p2  |         +|   0|  0|    37|          30|          30|
    |add_ln58_2614_fu_858343_p2  |         +|   0|  0|    37|          30|          30|
    |add_ln58_2615_fu_858353_p2  |         +|   0|  0|    38|          31|          31|
    |add_ln58_2616_fu_862762_p2  |         +|   0|  0|    32|          32|          32|
    |add_ln58_2617_fu_858359_p2  |         +|   0|  0|    37|          30|          30|
    |add_ln58_2618_fu_862771_p2  |         +|   0|  0|    30|          30|           9|
    |add_ln58_2619_fu_862777_p2  |         +|   0|  0|    30|          30|          30|
    |add_ln58_261_fu_860320_p2   |         +|   0|  0|    32|          32|          32|
    |add_ln58_2620_fu_862787_p2  |         +|   0|  0|    38|          31|          31|
    |add_ln58_2621_fu_862797_p2  |         +|   0|  0|    32|          32|          32|
    |add_ln58_2622_fu_862803_p2  |         +|   0|  0|    32|          32|          32|
    |add_ln58_2623_fu_862809_p2  |         +|   0|  0|    32|          32|          32|
    |add_ln58_2624_fu_862815_p2  |         +|   0|  0|    32|          32|          32|
    |add_ln58_2625_fu_797644_p2  |         +|   0|  0|    30|          30|          30|
    |add_ln58_2626_fu_797650_p2  |         +|   0|  0|    36|          29|          29|
    |add_ln58_2627_fu_797660_p2  |         +|   0|  0|    30|          30|          30|
    |add_ln58_2628_fu_799277_p2  |         +|   0|  0|    37|          30|          30|
    |add_ln58_2629_fu_801432_p2  |         +|   0|  0|    37|          30|          30|
    |add_ln58_262_fu_831279_p2   |         +|   0|  0|    36|          29|          29|
    |add_ln58_2630_fu_801442_p2  |         +|   0|  0|    31|          31|          31|
    |add_ln58_2631_fu_801448_p2  |         +|   0|  0|    31|          31|          31|
    |add_ln58_2632_fu_810507_p2  |         +|   0|  0|    32|          32|          32|
    |add_ln58_2633_fu_803419_p2  |         +|   0|  0|    36|          29|          29|
    |add_ln58_2634_fu_805454_p2  |         +|   0|  0|    37|          30|          30|
    |add_ln58_2635_fu_805464_p2  |         +|   0|  0|    31|          31|          31|
    |add_ln58_2636_fu_805470_p2  |         +|   0|  0|    31|          31|          31|
    |add_ln58_2637_fu_807256_p2  |         +|   0|  0|    37|          30|          30|
    |add_ln58_2638_fu_810519_p2  |         +|   0|  0|    30|          30|          30|
    |add_ln58_2639_fu_810525_p2  |         +|   0|  0|    30|          30|          30|
    |add_ln58_263_fu_831289_p2   |         +|   0|  0|    37|          30|          30|
    |add_ln58_2640_fu_810535_p2  |         +|   0|  0|    38|          31|          31|
    |add_ln58_2641_fu_810545_p2  |         +|   0|  0|    39|          32|          32|
    |add_ln58_2642_fu_810551_p2  |         +|   0|  0|    32|          32|          32|
    |add_ln58_2643_fu_813384_p2  |         +|   0|  0|    36|          29|          29|
    |add_ln58_2644_fu_815411_p2  |         +|   0|  0|    37|          30|          30|
    |add_ln58_2645_fu_819266_p2  |         +|   0|  0|    31|          31|          31|
    |add_ln58_2646_fu_816665_p2  |         +|   0|  0|    35|          28|          28|
    |add_ln58_2647_fu_819275_p2  |         +|   0|  0|    36|          29|          29|
    |add_ln58_2648_fu_819285_p2  |         +|   0|  0|    30|          30|          30|
    |add_ln58_2649_fu_819291_p2  |         +|   0|  0|    30|          30|          30|
    |add_ln58_264_fu_831299_p2   |         +|   0|  0|    38|          31|          31|
    |add_ln58_2650_fu_819301_p2  |         +|   0|  0|    31|          31|          31|
    |add_ln58_2651_fu_820862_p2  |         +|   0|  0|    36|          29|          29|
    |add_ln58_2652_fu_823121_p2  |         +|   0|  0|    37|          30|          30|
    |add_ln58_2653_fu_823131_p2  |         +|   0|  0|    31|          31|          31|
    |add_ln58_2654_fu_823137_p2  |         +|   0|  0|    31|          31|          31|
    |add_ln58_2655_fu_825006_p2  |         +|   0|  0|    34|          27|          27|
    |add_ln58_2656_fu_828167_p2  |         +|   0|  0|    29|          29|          29|
    |add_ln58_2657_fu_828173_p2  |         +|   0|  0|    29|          29|          29|
    |add_ln58_2658_fu_828183_p2  |         +|   0|  0|    37|          30|          30|
    |add_ln58_2659_fu_828193_p2  |         +|   0|  0|    32|          32|          32|
    |add_ln58_265_fu_833339_p2   |         +|   0|  0|    37|          30|          30|
    |add_ln58_2660_fu_828199_p2  |         +|   0|  0|    32|          32|          32|
    |add_ln58_2661_fu_862821_p2  |         +|   0|  0|    32|          32|          32|
    |add_ln58_2662_fu_831977_p2  |         +|   0|  0|    37|          30|          30|
    |add_ln58_2663_fu_831987_p2  |         +|   0|  0|    36|          29|          29|
    |add_ln58_2664_fu_831997_p2  |         +|   0|  0|    38|          31|          31|
    |add_ln58_2665_fu_833620_p2  |         +|   0|  0|    36|          29|          29|
    |add_ln58_2666_fu_837715_p2  |         +|   0|  0|    30|          30|          30|
    |add_ln58_2667_fu_837721_p2  |         +|   0|  0|    30|          30|          30|
    |add_ln58_2668_fu_837731_p2  |         +|   0|  0|    38|          31|          31|
    |add_ln58_2669_fu_837741_p2  |         +|   0|  0|    39|          32|          32|
    |add_ln58_266_fu_835126_p2   |         +|   0|  0|    37|          30|          30|
    |add_ln58_2670_fu_837747_p2  |         +|   0|  0|    37|          30|          30|
    |add_ln58_2671_fu_841939_p2  |         +|   0|  0|    35|          28|          28|
    |add_ln58_2672_fu_841949_p2  |         +|   0|  0|    36|          29|          29|
    |add_ln58_2673_fu_841959_p2  |         +|   0|  0|    38|          31|          31|
    |add_ln58_2674_fu_841965_p2  |         +|   0|  0|    36|          29|          29|
    |add_ln58_2675_fu_846124_p2  |         +|   0|  0|    37|          30|          30|
    |add_ln58_2676_fu_846134_p2  |         +|   0|  0|    31|          31|          31|
    |add_ln58_2677_fu_846140_p2  |         +|   0|  0|    31|          31|          31|
    |add_ln58_2678_fu_846150_p2  |         +|   0|  0|    39|          32|          32|
    |add_ln58_2679_fu_862825_p2  |         +|   0|  0|    32|          32|          32|
    |add_ln58_267_fu_835136_p2   |         +|   0|  0|    31|          31|          31|
    |add_ln58_2680_fu_848947_p2  |         +|   0|  0|    37|          30|          30|
    |add_ln58_2681_fu_848957_p2  |         +|   0|  0|    37|          30|          30|
    |add_ln58_2682_fu_848967_p2  |         +|   0|  0|    38|          31|          31|
    |add_ln58_2683_fu_850545_p2  |         +|   0|  0|    36|          29|          29|
    |add_ln58_2684_fu_852953_p2  |         +|   0|  0|    36|          29|          29|
    |add_ln58_2685_fu_852963_p2  |         +|   0|  0|    37|          30|          30|
    |add_ln58_2686_fu_852973_p2  |         +|   0|  0|    38|          31|          31|
    |add_ln58_2687_fu_862835_p2  |         +|   0|  0|    32|          32|          32|
    |add_ln58_2688_fu_854407_p2  |         +|   0|  0|    37|          30|          30|
    |add_ln58_2689_fu_858368_p2  |         +|   0|  0|    36|          29|          29|
    |add_ln58_268_fu_835142_p2   |         +|   0|  0|    31|          31|          31|
    |add_ln58_2690_fu_858378_p2  |         +|   0|  0|    37|          30|          30|
    |add_ln58_2691_fu_858388_p2  |         +|   0|  0|    38|          31|          31|
    |add_ln58_2692_fu_862844_p2  |         +|   0|  0|    30|          30|          30|
    |add_ln58_2693_fu_862850_p2  |         +|   0|  0|    35|          28|           8|
    |add_ln58_2694_fu_862860_p2  |         +|   0|  0|    36|          29|          29|
    |add_ln58_2695_fu_862870_p2  |         +|   0|  0|    30|          30|          30|
    |add_ln58_2696_fu_862880_p2  |         +|   0|  0|    39|          32|          32|
    |add_ln58_2697_fu_862886_p2  |         +|   0|  0|    32|          32|          32|
    |add_ln58_2698_fu_862892_p2  |         +|   0|  0|    32|          32|          32|
    |add_ln58_2699_fu_862898_p2  |         +|   0|  0|    32|          32|          32|
    |add_ln58_269_fu_835152_p2   |         +|   0|  0|    39|          32|          32|
    |add_ln58_26_fu_818203_p2    |         +|   0|  0|    37|          30|          30|
    |add_ln58_2700_fu_795922_p2  |         +|   0|  0|    36|          29|          29|
    |add_ln58_2701_fu_797669_p2  |         +|   0|  0|    37|          30|          30|
    |add_ln58_2702_fu_797679_p2  |         +|   0|  0|    38|          31|          31|
    |add_ln58_2703_fu_799283_p2  |         +|   0|  0|    37|          30|          30|
    |add_ln58_2704_fu_801457_p2  |         +|   0|  0|    30|          30|          30|
    |add_ln58_2705_fu_801463_p2  |         +|   0|  0|    30|          30|          30|
    |add_ln58_2706_fu_801473_p2  |         +|   0|  0|    38|          31|          31|
    |add_ln58_2707_fu_810563_p2  |         +|   0|  0|    32|          32|          32|
    |add_ln58_2708_fu_803425_p2  |         +|   0|  0|    37|          30|          30|
    |add_ln58_2709_fu_805479_p2  |         +|   0|  0|    29|          29|          29|
    |add_ln58_270_fu_837053_p2   |         +|   0|  0|    37|          30|          30|
    |add_ln58_2710_fu_805485_p2  |         +|   0|  0|    29|          29|          29|
    |add_ln58_2711_fu_805495_p2  |         +|   0|  0|    38|          31|          31|
    |add_ln58_2712_fu_807262_p2  |         +|   0|  0|    37|          30|          30|
    |add_ln58_2713_fu_810575_p2  |         +|   0|  0|    37|          30|          30|
    |add_ln58_2714_fu_810585_p2  |         +|   0|  0|    38|          31|          31|
    |add_ln58_2715_fu_810595_p2  |         +|   0|  0|    32|          32|          32|
    |add_ln58_2716_fu_810601_p2  |         +|   0|  0|    32|          32|          32|
    |add_ln58_2717_fu_810607_p2  |         +|   0|  0|    32|          32|          32|
    |add_ln58_2718_fu_813390_p2  |         +|   0|  0|    36|          29|          29|
    |add_ln58_2719_fu_815420_p2  |         +|   0|  0|    36|          29|          29|
    |add_ln58_271_fu_839631_p2   |         +|   0|  0|    36|          29|          29|
    |add_ln58_2720_fu_815430_p2  |         +|   0|  0|    37|          30|          30|
    |add_ln58_2721_fu_816671_p2  |         +|   0|  0|    34|          27|          27|
    |add_ln58_2722_fu_819313_p2  |         +|   0|  0|    37|          30|          30|
    |add_ln58_2723_fu_819323_p2  |         +|   0|  0|    38|          31|          31|
    |add_ln58_2724_fu_819329_p2  |         +|   0|  0|    31|          31|          31|
    |add_ln58_2725_fu_819335_p2  |         +|   0|  0|    31|          31|          31|
    |add_ln58_2726_fu_820868_p2  |         +|   0|  0|    36|          29|          29|
    |add_ln58_2727_fu_823146_p2  |         +|   0|  0|    37|          30|          30|
    |add_ln58_2728_fu_823156_p2  |         +|   0|  0|    31|          31|          31|
    |add_ln58_2729_fu_823162_p2  |         +|   0|  0|    31|          31|          31|
    |add_ln58_272_fu_839641_p2   |         +|   0|  0|    37|          30|          30|
    |add_ln58_2730_fu_825012_p2  |         +|   0|  0|    37|          30|          30|
    |add_ln58_2731_fu_828214_p2  |         +|   0|  0|    29|          29|          29|
    |add_ln58_2732_fu_828220_p2  |         +|   0|  0|    29|          29|          29|
    |add_ln58_2733_fu_828230_p2  |         +|   0|  0|    38|          31|          31|
    |add_ln58_2734_fu_828240_p2  |         +|   0|  0|    32|          32|          32|
    |add_ln58_2735_fu_828246_p2  |         +|   0|  0|    32|          32|          32|
    |add_ln58_2736_fu_862904_p2  |         +|   0|  0|    32|          32|          32|
    |add_ln58_2737_fu_832003_p2  |         +|   0|  0|    37|          30|          30|
    |add_ln58_2738_fu_833629_p2  |         +|   0|  0|    36|          29|          29|
    |add_ln58_2739_fu_833639_p2  |         +|   0|  0|    38|          31|          31|
    |add_ln58_273_fu_839651_p2   |         +|   0|  0|    38|          31|          31|
    |add_ln58_2740_fu_833645_p2  |         +|   0|  0|    37|          30|          30|
    |add_ln58_2741_fu_837759_p2  |         +|   0|  0|    30|          30|          30|
    |add_ln58_2742_fu_837765_p2  |         +|   0|  0|    30|          30|          30|
    |add_ln58_2743_fu_837775_p2  |         +|   0|  0|    38|          31|          31|
    |add_ln58_2744_fu_837785_p2  |         +|   0|  0|    39|          32|          32|
    |add_ln58_2745_fu_837791_p2  |         +|   0|  0|    37|          30|          30|
    |add_ln58_2746_fu_841974_p2  |         +|   0|  0|    30|          30|          30|
    |add_ln58_2747_fu_841980_p2  |         +|   0|  0|    30|          30|          30|
    |add_ln58_2748_fu_841990_p2  |         +|   0|  0|    38|          31|          31|
    |add_ln58_2749_fu_841996_p2  |         +|   0|  0|    37|          30|          30|
    |add_ln58_274_fu_841193_p2   |         +|   0|  0|    37|          30|          30|
    |add_ln58_2750_fu_846162_p2  |         +|   0|  0|    30|          30|          30|
    |add_ln58_2751_fu_846168_p2  |         +|   0|  0|    30|          30|          30|
    |add_ln58_2752_fu_846178_p2  |         +|   0|  0|    38|          31|          31|
    |add_ln58_2753_fu_846188_p2  |         +|   0|  0|    39|          32|          32|
    |add_ln58_2754_fu_862908_p2  |         +|   0|  0|    32|          32|          32|
    |add_ln58_2755_fu_848973_p2  |         +|   0|  0|    37|          30|          30|
    |add_ln58_2756_fu_848983_p2  |         +|   0|  0|    37|          30|          30|
    |add_ln58_2757_fu_848993_p2  |         +|   0|  0|    38|          31|          31|
    |add_ln58_2758_fu_850551_p2  |         +|   0|  0|    36|          29|          29|
    |add_ln58_2759_fu_852982_p2  |         +|   0|  0|    37|          30|          30|
    |add_ln58_275_fu_844717_p2   |         +|   0|  0|    35|          28|          28|
    |add_ln58_2760_fu_852992_p2  |         +|   0|  0|    31|          31|          31|
    |add_ln58_2761_fu_852998_p2  |         +|   0|  0|    31|          31|          31|
    |add_ln58_2762_fu_862918_p2  |         +|   0|  0|    32|          32|          32|
    |add_ln58_2763_fu_854413_p2  |         +|   0|  0|    37|          30|          30|
    |add_ln58_2764_fu_858397_p2  |         +|   0|  0|    37|          30|          30|
    |add_ln58_2765_fu_858407_p2  |         +|   0|  0|    31|          31|          31|
    |add_ln58_2766_fu_858413_p2  |         +|   0|  0|    31|          31|          31|
    |add_ln58_2767_fu_858419_p2  |         +|   0|  0|    35|          28|          28|
    |add_ln58_2768_fu_862930_p2  |         +|   0|  0|    34|          27|          10|
    |add_ln58_2769_fu_862940_p2  |         +|   0|  0|    30|          30|          30|
    |add_ln58_276_fu_844727_p2   |         +|   0|  0|    37|          30|          30|
    |add_ln58_2770_fu_862946_p2  |         +|   0|  0|    30|          30|          30|
    |add_ln58_2771_fu_862956_p2  |         +|   0|  0|    39|          32|          32|
    |add_ln58_2772_fu_862962_p2  |         +|   0|  0|    32|          32|          32|
    |add_ln58_2773_fu_862968_p2  |         +|   0|  0|    32|          32|          32|
    |add_ln58_2774_fu_862974_p2  |         +|   0|  0|    32|          32|          32|
    |add_ln58_2775_fu_795928_p2  |         +|   0|  0|    36|          29|          29|
    |add_ln58_2776_fu_797688_p2  |         +|   0|  0|    30|          30|          30|
    |add_ln58_2777_fu_797694_p2  |         +|   0|  0|    30|          30|          30|
    |add_ln58_2778_fu_799289_p2  |         +|   0|  0|    36|          29|          29|
    |add_ln58_2779_fu_801485_p2  |         +|   0|  0|    29|          29|          29|
    |add_ln58_277_fu_844737_p2   |         +|   0|  0|    38|          31|          31|
    |add_ln58_2780_fu_801491_p2  |         +|   0|  0|    29|          29|          29|
    |add_ln58_2781_fu_801501_p2  |         +|   0|  0|    37|          30|          30|
    |add_ln58_2782_fu_801511_p2  |         +|   0|  0|    38|          31|          31|
    |add_ln58_2783_fu_803431_p2  |         +|   0|  0|    36|          29|          29|
    |add_ln58_2784_fu_805504_p2  |         +|   0|  0|    37|          30|          30|
    |add_ln58_2785_fu_805514_p2  |         +|   0|  0|    31|          31|          31|
    |add_ln58_2786_fu_805520_p2  |         +|   0|  0|    31|          31|          31|
    |add_ln58_2787_fu_807268_p2  |         +|   0|  0|    37|          30|          30|
    |add_ln58_2788_fu_810622_p2  |         +|   0|  0|    36|          29|          29|
    |add_ln58_2789_fu_810632_p2  |         +|   0|  0|    37|          30|          30|
    |add_ln58_278_fu_844747_p2   |         +|   0|  0|    39|          32|          32|
    |add_ln58_2790_fu_810642_p2  |         +|   0|  0|    38|          31|          31|
    |add_ln58_2791_fu_810652_p2  |         +|   0|  0|    32|          32|          32|
    |add_ln58_2792_fu_810658_p2  |         +|   0|  0|    32|          32|          32|
    |add_ln58_2793_fu_813396_p2  |         +|   0|  0|    35|          28|          28|
    |add_ln58_2794_fu_815439_p2  |         +|   0|  0|    30|          30|          30|
    |add_ln58_2795_fu_815445_p2  |         +|   0|  0|    30|          30|          30|
    |add_ln58_2796_fu_816677_p2  |         +|   0|  0|    37|          30|          30|
    |add_ln58_2797_fu_819344_p2  |         +|   0|  0|    36|          29|          29|
    |add_ln58_2798_fu_819354_p2  |         +|   0|  0|    37|          30|          30|
    |add_ln58_2799_fu_819364_p2  |         +|   0|  0|    38|          31|          31|
    |add_ln58_279_fu_860324_p2   |         +|   0|  0|    32|          32|          32|
    |add_ln58_27_fu_822197_p2    |         +|   0|  0|    36|          29|          29|
    |add_ln58_2800_fu_828258_p2  |         +|   0|  0|    32|          32|          32|
    |add_ln58_2801_fu_820874_p2  |         +|   0|  0|    37|          30|          30|
    |add_ln58_2802_fu_823171_p2  |         +|   0|  0|    37|          30|          30|
    |add_ln58_2803_fu_823181_p2  |         +|   0|  0|    31|          31|          31|
    |add_ln58_2804_fu_823187_p2  |         +|   0|  0|    31|          31|          31|
    |add_ln58_2805_fu_825018_p2  |         +|   0|  0|    35|          28|          28|
    |add_ln58_2806_fu_828270_p2  |         +|   0|  0|    37|          30|          30|
    |add_ln58_2807_fu_828280_p2  |         +|   0|  0|    31|          31|          31|
    |add_ln58_2808_fu_828286_p2  |         +|   0|  0|    31|          31|          31|
    |add_ln58_2809_fu_828296_p2  |         +|   0|  0|    39|          32|          32|
    |add_ln58_280_fu_844753_p2   |         +|   0|  0|    37|          30|          30|
    |add_ln58_2810_fu_828302_p2  |         +|   0|  0|    32|          32|          32|
    |add_ln58_2811_fu_862980_p2  |         +|   0|  0|    32|          32|          32|
    |add_ln58_2812_fu_832009_p2  |         +|   0|  0|    37|          30|          30|
    |add_ln58_2813_fu_833654_p2  |         +|   0|  0|    37|          30|          30|
    |add_ln58_2814_fu_833664_p2  |         +|   0|  0|    38|          31|          31|
    |add_ln58_2815_fu_833670_p2  |         +|   0|  0|    37|          30|          30|
    |add_ln58_2816_fu_837803_p2  |         +|   0|  0|    30|          30|          30|
    |add_ln58_2817_fu_837809_p2  |         +|   0|  0|    30|          30|          30|
    |add_ln58_2818_fu_837819_p2  |         +|   0|  0|    38|          31|          31|
    |add_ln58_2819_fu_837829_p2  |         +|   0|  0|    39|          32|          32|
    |add_ln58_281_fu_848281_p2   |         +|   0|  0|    36|          29|          29|
    |add_ln58_2820_fu_837835_p2  |         +|   0|  0|    37|          30|          30|
    |add_ln58_2821_fu_842005_p2  |         +|   0|  0|    37|          30|          30|
    |add_ln58_2822_fu_842015_p2  |         +|   0|  0|    31|          31|          31|
    |add_ln58_2823_fu_842021_p2  |         +|   0|  0|    31|          31|          31|
    |add_ln58_2824_fu_846197_p2  |         +|   0|  0|    30|          30|          30|
    |add_ln58_2825_fu_846203_p2  |         +|   0|  0|    35|          28|          28|
    |add_ln58_2826_fu_846213_p2  |         +|   0|  0|    36|          29|          29|
    |add_ln58_2827_fu_846223_p2  |         +|   0|  0|    30|          30|          30|
    |add_ln58_2828_fu_846233_p2  |         +|   0|  0|    39|          32|          32|
    |add_ln58_2829_fu_862984_p2  |         +|   0|  0|    32|          32|          32|
    |add_ln58_282_fu_848291_p2   |         +|   0|  0|    38|          31|          31|
    |add_ln58_2830_fu_848999_p2  |         +|   0|  0|    36|          29|          29|
    |add_ln58_2831_fu_849009_p2  |         +|   0|  0|    37|          30|          30|
    |add_ln58_2832_fu_849019_p2  |         +|   0|  0|    38|          31|          31|
    |add_ln58_2833_fu_850557_p2  |         +|   0|  0|    37|          30|          30|
    |add_ln58_2834_fu_853007_p2  |         +|   0|  0|    36|          29|          29|
    |add_ln58_2835_fu_853017_p2  |         +|   0|  0|    37|          30|          30|
    |add_ln58_2836_fu_853027_p2  |         +|   0|  0|    38|          31|          31|
    |add_ln58_2837_fu_862994_p2  |         +|   0|  0|    32|          32|          32|
    |add_ln58_2838_fu_854419_p2  |         +|   0|  0|    36|          29|          29|
    |add_ln58_2839_fu_856774_p2  |         +|   0|  0|    37|          30|          30|
    |add_ln58_283_fu_850365_p2   |         +|   0|  0|    37|          30|          30|
    |add_ln58_2840_fu_856784_p2  |         +|   0|  0|    31|          31|          31|
    |add_ln58_2841_fu_856790_p2  |         +|   0|  0|    31|          31|          31|
    |add_ln58_2842_fu_858425_p2  |         +|   0|  0|    37|          30|          30|
    |add_ln58_2843_fu_863006_p2  |         +|   0|  0|    36|          29|           9|
    |add_ln58_2844_fu_863016_p2  |         +|   0|  0|    37|          30|          30|
    |add_ln58_2845_fu_863026_p2  |         +|   0|  0|    38|          31|          31|
    |add_ln58_2846_fu_863036_p2  |         +|   0|  0|    39|          32|          32|
    |add_ln58_2847_fu_863042_p2  |         +|   0|  0|    32|          32|          32|
    |add_ln58_2848_fu_863048_p2  |         +|   0|  0|    32|          32|          32|
    |add_ln58_2849_fu_863054_p2  |         +|   0|  0|    32|          32|          32|
    |add_ln58_284_fu_852072_p2   |         +|   0|  0|    30|          30|          30|
    |add_ln58_2850_fu_795934_p2  |         +|   0|  0|    37|          30|          30|
    |add_ln58_2851_fu_797703_p2  |         +|   0|  0|    37|          30|          30|
    |add_ln58_2852_fu_797713_p2  |         +|   0|  0|    38|          31|          31|
    |add_ln58_2853_fu_799295_p2  |         +|   0|  0|    37|          30|          30|
    |add_ln58_2854_fu_801520_p2  |         +|   0|  0|    30|          30|          30|
    |add_ln58_2855_fu_801526_p2  |         +|   0|  0|    30|          30|          30|
    |add_ln58_2856_fu_801536_p2  |         +|   0|  0|    38|          31|          31|
    |add_ln58_2857_fu_810670_p2  |         +|   0|  0|    32|          32|          32|
    |add_ln58_2858_fu_803437_p2  |         +|   0|  0|    37|          30|          30|
    |add_ln58_2859_fu_805526_p2  |         +|   0|  0|    37|          30|          30|
    |add_ln58_285_fu_852078_p2   |         +|   0|  0|    30|          30|          30|
    |add_ln58_2860_fu_805536_p2  |         +|   0|  0|    38|          31|          31|
    |add_ln58_2861_fu_810682_p2  |         +|   0|  0|    32|          32|          32|
    |add_ln58_2862_fu_807274_p2  |         +|   0|  0|    37|          30|          30|
    |add_ln58_2863_fu_810691_p2  |         +|   0|  0|    29|          29|          29|
    |add_ln58_2864_fu_810697_p2  |         +|   0|  0|    29|          29|          29|
    |add_ln58_2865_fu_810707_p2  |         +|   0|  0|    38|          31|          31|
    |add_ln58_2866_fu_810717_p2  |         +|   0|  0|    32|          32|          32|
    |add_ln58_2867_fu_810723_p2  |         +|   0|  0|    32|          32|          32|
    |add_ln58_2868_fu_813402_p2  |         +|   0|  0|    37|          30|          30|
    |add_ln58_2869_fu_815454_p2  |         +|   0|  0|    37|          30|          30|
    |add_ln58_286_fu_852088_p2   |         +|   0|  0|    38|          31|          31|
    |add_ln58_2870_fu_815464_p2  |         +|   0|  0|    38|          31|          31|
    |add_ln58_2871_fu_816683_p2  |         +|   0|  0|    36|          29|          29|
    |add_ln58_2872_fu_819373_p2  |         +|   0|  0|    30|          30|          30|
    |add_ln58_2873_fu_819379_p2  |         +|   0|  0|    30|          30|          30|
    |add_ln58_2874_fu_819389_p2  |         +|   0|  0|    38|          31|          31|
    |add_ln58_2875_fu_828314_p2  |         +|   0|  0|    32|          32|          32|
    |add_ln58_2876_fu_820880_p2  |         +|   0|  0|    37|          30|          30|
    |add_ln58_2877_fu_823196_p2  |         +|   0|  0|    35|          28|          28|
    |add_ln58_2878_fu_823206_p2  |         +|   0|  0|    37|          30|          30|
    |add_ln58_2879_fu_823216_p2  |         +|   0|  0|    38|          31|          31|
    |add_ln58_287_fu_860334_p2   |         +|   0|  0|    32|          32|          32|
    |add_ln58_2880_fu_825024_p2  |         +|   0|  0|    37|          30|          30|
    |add_ln58_2881_fu_828326_p2  |         +|   0|  0|    35|          28|          28|
    |add_ln58_2882_fu_828336_p2  |         +|   0|  0|    36|          29|          29|
    |add_ln58_2883_fu_828346_p2  |         +|   0|  0|    38|          31|          31|
    |add_ln58_2884_fu_828356_p2  |         +|   0|  0|    39|          32|          32|
    |add_ln58_2885_fu_828362_p2  |         +|   0|  0|    32|          32|          32|
    |add_ln58_2886_fu_863060_p2  |         +|   0|  0|    32|          32|          32|
    |add_ln58_2887_fu_832015_p2  |         +|   0|  0|    35|          28|          28|
    |add_ln58_2888_fu_833679_p2  |         +|   0|  0|    29|          29|          29|
    |add_ln58_2889_fu_833685_p2  |         +|   0|  0|    29|          29|          29|
    |add_ln58_288_fu_854215_p2   |         +|   0|  0|    34|          27|          27|
    |add_ln58_2890_fu_833691_p2  |         +|   0|  0|    37|          30|          30|
    |add_ln58_2891_fu_837847_p2  |         +|   0|  0|    30|          30|          30|
    |add_ln58_2892_fu_837853_p2  |         +|   0|  0|    30|          30|          30|
    |add_ln58_2893_fu_837863_p2  |         +|   0|  0|    38|          31|          31|
    |add_ln58_2894_fu_837873_p2  |         +|   0|  0|    39|          32|          32|
    |add_ln58_2895_fu_837879_p2  |         +|   0|  0|    36|          29|          29|
    |add_ln58_2896_fu_842030_p2  |         +|   0|  0|    30|          30|          30|
    |add_ln58_2897_fu_842036_p2  |         +|   0|  0|    30|          30|          30|
    |add_ln58_2898_fu_842046_p2  |         +|   0|  0|    38|          31|          31|
    |add_ln58_2899_fu_843253_p2  |         +|   0|  0|    37|          30|          30|
    |add_ln58_289_fu_856032_p2   |         +|   0|  0|    37|          30|          30|
    |add_ln58_28_fu_822207_p2    |         +|   0|  0|    37|          30|          30|
    |add_ln58_2900_fu_846245_p2  |         +|   0|  0|    30|          30|          30|
    |add_ln58_2901_fu_846251_p2  |         +|   0|  0|    30|          30|          30|
    |add_ln58_2902_fu_846261_p2  |         +|   0|  0|    38|          31|          31|
    |add_ln58_2903_fu_846271_p2  |         +|   0|  0|    39|          32|          32|
    |add_ln58_2904_fu_863064_p2  |         +|   0|  0|    32|          32|          32|
    |add_ln58_2905_fu_849025_p2  |         +|   0|  0|    37|          30|          30|
    |add_ln58_2906_fu_849035_p2  |         +|   0|  0|    37|          30|          30|
    |add_ln58_2907_fu_849045_p2  |         +|   0|  0|    38|          31|          31|
    |add_ln58_2908_fu_850563_p2  |         +|   0|  0|    37|          30|          30|
    |add_ln58_2909_fu_853036_p2  |         +|   0|  0|    37|          30|          30|
    |add_ln58_290_fu_856042_p2   |         +|   0|  0|    31|          31|          31|
    |add_ln58_2910_fu_853046_p2  |         +|   0|  0|    31|          31|          31|
    |add_ln58_2911_fu_853052_p2  |         +|   0|  0|    31|          31|          31|
    |add_ln58_2912_fu_863074_p2  |         +|   0|  0|    32|          32|          32|
    |add_ln58_2913_fu_854425_p2  |         +|   0|  0|    36|          29|          29|
    |add_ln58_2914_fu_858434_p2  |         +|   0|  0|    37|          30|          30|
    |add_ln58_2915_fu_858444_p2  |         +|   0|  0|    31|          31|          31|
    |add_ln58_2916_fu_858450_p2  |         +|   0|  0|    31|          31|          31|
    |add_ln58_2917_fu_858456_p2  |         +|   0|  0|    36|          29|          29|
    |add_ln58_2918_fu_863086_p2  |         +|   0|  0|    36|          29|           9|
    |add_ln58_2919_fu_863096_p2  |         +|   0|  0|    30|          30|          30|
    |add_ln58_291_fu_856048_p2   |         +|   0|  0|    31|          31|          31|
    |add_ln58_2920_fu_863102_p2  |         +|   0|  0|    30|          30|          30|
    |add_ln58_2921_fu_863112_p2  |         +|   0|  0|    39|          32|          32|
    |add_ln58_2922_fu_863118_p2  |         +|   0|  0|    32|          32|          32|
    |add_ln58_2923_fu_863124_p2  |         +|   0|  0|    32|          32|          32|
    |add_ln58_2924_fu_863130_p2  |         +|   0|  0|    32|          32|          32|
    |add_ln58_2925_fu_795940_p2  |         +|   0|  0|    37|          30|          30|
    |add_ln58_2926_fu_797722_p2  |         +|   0|  0|    37|          30|          30|
    |add_ln58_2927_fu_797732_p2  |         +|   0|  0|    38|          31|          31|
    |add_ln58_2928_fu_799301_p2  |         +|   0|  0|    37|          30|          30|
    |add_ln58_2929_fu_801545_p2  |         +|   0|  0|    30|          30|          30|
    |add_ln58_292_fu_858159_p2   |         +|   0|  0|    37|          30|          30|
    |add_ln58_2930_fu_801551_p2  |         +|   0|  0|    30|          30|          30|
    |add_ln58_2931_fu_801561_p2  |         +|   0|  0|    38|          31|          31|
    |add_ln58_2932_fu_810735_p2  |         +|   0|  0|    32|          32|          32|
    |add_ln58_2933_fu_803443_p2  |         +|   0|  0|    37|          30|          30|
    |add_ln58_2934_fu_805542_p2  |         +|   0|  0|    37|          30|          30|
    |add_ln58_2935_fu_805552_p2  |         +|   0|  0|    38|          31|          31|
    |add_ln58_2936_fu_810747_p2  |         +|   0|  0|    32|          32|          32|
    |add_ln58_2937_fu_807280_p2  |         +|   0|  0|    37|          30|          30|
    |add_ln58_2938_fu_810756_p2  |         +|   0|  0|    36|          29|          29|
    |add_ln58_2939_fu_810766_p2  |         +|   0|  0|    37|          30|          30|
    |add_ln58_293_fu_860346_p2   |         +|   0|  0|    30|          30|           7|
    |add_ln58_2940_fu_810776_p2  |         +|   0|  0|    38|          31|          31|
    |add_ln58_2941_fu_810786_p2  |         +|   0|  0|    32|          32|          32|
    |add_ln58_2942_fu_810792_p2  |         +|   0|  0|    32|          32|          32|
    |add_ln58_2943_fu_813408_p2  |         +|   0|  0|    37|          30|          30|
    |add_ln58_2944_fu_815473_p2  |         +|   0|  0|    37|          30|          30|
    |add_ln58_2945_fu_815483_p2  |         +|   0|  0|    38|          31|          31|
    |add_ln58_2946_fu_816689_p2  |         +|   0|  0|    37|          30|          30|
    |add_ln58_2947_fu_819398_p2  |         +|   0|  0|    35|          28|          28|
    |add_ln58_2948_fu_819408_p2  |         +|   0|  0|    37|          30|          30|
    |add_ln58_2949_fu_819418_p2  |         +|   0|  0|    38|          31|          31|
    |add_ln58_294_fu_860352_p2   |         +|   0|  0|    30|          30|          30|
    |add_ln58_2950_fu_828374_p2  |         +|   0|  0|    32|          32|          32|
    |add_ln58_2951_fu_820886_p2  |         +|   0|  0|    37|          30|          30|
    |add_ln58_2952_fu_823225_p2  |         +|   0|  0|    30|          30|          30|
    |add_ln58_2953_fu_823231_p2  |         +|   0|  0|    30|          30|          30|
    |add_ln58_2954_fu_823241_p2  |         +|   0|  0|    38|          31|          31|
    |add_ln58_2955_fu_825030_p2  |         +|   0|  0|    34|          27|          27|
    |add_ln58_2956_fu_828386_p2  |         +|   0|  0|    35|          28|          28|
    |add_ln58_2957_fu_828396_p2  |         +|   0|  0|    30|          30|          30|
    |add_ln58_2958_fu_828402_p2  |         +|   0|  0|    30|          30|          30|
    |add_ln58_2959_fu_828412_p2  |         +|   0|  0|    39|          32|          32|
    |add_ln58_295_fu_860362_p2   |         +|   0|  0|    38|          31|          31|
    |add_ln58_2960_fu_828418_p2  |         +|   0|  0|    32|          32|          32|
    |add_ln58_2961_fu_863136_p2  |         +|   0|  0|    32|          32|          32|
    |add_ln58_2962_fu_832021_p2  |         +|   0|  0|    37|          30|          30|
    |add_ln58_2963_fu_833700_p2  |         +|   0|  0|    37|          30|          30|
    |add_ln58_2964_fu_833710_p2  |         +|   0|  0|    38|          31|          31|
    |add_ln58_2965_fu_833716_p2  |         +|   0|  0|    37|          30|          30|
    |add_ln58_2966_fu_837891_p2  |         +|   0|  0|    36|          29|          29|
    |add_ln58_2967_fu_837901_p2  |         +|   0|  0|    37|          30|          30|
    |add_ln58_2968_fu_837911_p2  |         +|   0|  0|    38|          31|          31|
    |add_ln58_2969_fu_837921_p2  |         +|   0|  0|    39|          32|          32|
    |add_ln58_296_fu_860372_p2   |         +|   0|  0|    39|          32|          32|
    |add_ln58_2970_fu_837927_p2  |         +|   0|  0|    37|          30|          30|
    |add_ln58_2971_fu_842055_p2  |         +|   0|  0|    30|          30|          30|
    |add_ln58_2972_fu_842061_p2  |         +|   0|  0|    30|          30|          30|
    |add_ln58_2973_fu_842071_p2  |         +|   0|  0|    38|          31|          31|
    |add_ln58_2974_fu_843259_p2  |         +|   0|  0|    37|          30|          30|
    |add_ln58_2975_fu_846283_p2  |         +|   0|  0|    29|          29|          29|
    |add_ln58_2976_fu_846289_p2  |         +|   0|  0|    29|          29|          29|
    |add_ln58_2977_fu_846299_p2  |         +|   0|  0|    38|          31|          31|
    |add_ln58_2978_fu_846309_p2  |         +|   0|  0|    39|          32|          32|
    |add_ln58_2979_fu_863140_p2  |         +|   0|  0|    32|          32|          32|
    |add_ln58_297_fu_860378_p2   |         +|   0|  0|    32|          32|          32|
    |add_ln58_2980_fu_849051_p2  |         +|   0|  0|    37|          30|          30|
    |add_ln58_2981_fu_849061_p2  |         +|   0|  0|    37|          30|          30|
    |add_ln58_2982_fu_849071_p2  |         +|   0|  0|    38|          31|          31|
    |add_ln58_2983_fu_853058_p2  |         +|   0|  0|    30|          30|          30|
    |add_ln58_2984_fu_853064_p2  |         +|   0|  0|    29|          29|          29|
    |add_ln58_2985_fu_853070_p2  |         +|   0|  0|    29|          29|          29|
    |add_ln58_2986_fu_853080_p2  |         +|   0|  0|    30|          30|          30|
    |add_ln58_2987_fu_863150_p2  |         +|   0|  0|    32|          32|          32|
    |add_ln58_2988_fu_854431_p2  |         +|   0|  0|    37|          30|          30|
    |add_ln58_2989_fu_858462_p2  |         +|   0|  0|    29|          29|          29|
    |add_ln58_298_fu_860384_p2   |         +|   0|  0|    32|          32|          32|
    |add_ln58_2990_fu_858468_p2  |         +|   0|  0|    29|          29|          29|
    |add_ln58_2991_fu_863162_p2  |         +|   0|  0|    31|          31|          31|
    |add_ln58_2992_fu_858474_p2  |         +|   0|  0|    36|          29|          29|
    |add_ln58_2993_fu_863171_p2  |         +|   0|  0|    29|          29|           6|
    |add_ln58_2994_fu_863177_p2  |         +|   0|  0|    29|          29|          29|
    |add_ln58_2995_fu_863187_p2  |         +|   0|  0|    37|          30|          30|
    |add_ln58_2996_fu_863197_p2  |         +|   0|  0|    31|          31|          31|
    |add_ln58_2997_fu_863207_p2  |         +|   0|  0|    32|          32|          32|
    |add_ln58_2998_fu_863213_p2  |         +|   0|  0|    32|          32|          32|
    |add_ln58_2999_fu_863219_p2  |         +|   0|  0|    32|          32|          32|
    |add_ln58_299_fu_860390_p2   |         +|   0|  0|    32|          32|          32|
    |add_ln58_29_fu_822217_p2    |         +|   0|  0|    38|          31|          31|
    |add_ln58_2_fu_797002_p2     |         +|   0|  0|    38|          31|          31|
    |add_ln58_3000_fu_795946_p2  |         +|   0|  0|    37|          30|          30|
    |add_ln58_3001_fu_797741_p2  |         +|   0|  0|    37|          30|          30|
    |add_ln58_3002_fu_797751_p2  |         +|   0|  0|    38|          31|          31|
    |add_ln58_3003_fu_799307_p2  |         +|   0|  0|    35|          28|          28|
    |add_ln58_3004_fu_801570_p2  |         +|   0|  0|    30|          30|          30|
    |add_ln58_3005_fu_801576_p2  |         +|   0|  0|    30|          30|          30|
    |add_ln58_3006_fu_801586_p2  |         +|   0|  0|    38|          31|          31|
    |add_ln58_3007_fu_810804_p2  |         +|   0|  0|    32|          32|          32|
    |add_ln58_3008_fu_803449_p2  |         +|   0|  0|    37|          30|          30|
    |add_ln58_3009_fu_805558_p2  |         +|   0|  0|    37|          30|          30|
    |add_ln58_300_fu_795748_p2   |         +|   0|  0|    36|          29|          29|
    |add_ln58_3010_fu_805568_p2  |         +|   0|  0|    38|          31|          31|
    |add_ln58_3011_fu_810816_p2  |         +|   0|  0|    32|          32|          32|
    |add_ln58_3012_fu_807286_p2  |         +|   0|  0|    37|          30|          30|
    |add_ln58_3013_fu_810825_p2  |         +|   0|  0|    36|          29|          29|
    |add_ln58_3014_fu_810835_p2  |         +|   0|  0|    37|          30|          30|
    |add_ln58_3015_fu_810845_p2  |         +|   0|  0|    38|          31|          31|
    |add_ln58_3016_fu_810855_p2  |         +|   0|  0|    32|          32|          32|
    |add_ln58_3017_fu_810861_p2  |         +|   0|  0|    32|          32|          32|
    |add_ln58_3018_fu_813414_p2  |         +|   0|  0|    36|          29|          29|
    |add_ln58_3019_fu_813424_p2  |         +|   0|  0|    37|          30|          30|
    |add_ln58_301_fu_797068_p2   |         +|   0|  0|    37|          30|          30|
    |add_ln58_3020_fu_813434_p2  |         +|   0|  0|    38|          31|          31|
    |add_ln58_3021_fu_816695_p2  |         +|   0|  0|    37|          30|          30|
    |add_ln58_3022_fu_819427_p2  |         +|   0|  0|    29|          29|          29|
    |add_ln58_3023_fu_819433_p2  |         +|   0|  0|    29|          29|          29|
    |add_ln58_3024_fu_819443_p2  |         +|   0|  0|    38|          31|          31|
    |add_ln58_3025_fu_828430_p2  |         +|   0|  0|    32|          32|          32|
    |add_ln58_3026_fu_820892_p2  |         +|   0|  0|    36|          29|          29|
    |add_ln58_3027_fu_823250_p2  |         +|   0|  0|    29|          29|          29|
    |add_ln58_3028_fu_823256_p2  |         +|   0|  0|    29|          29|          29|
    |add_ln58_3029_fu_823266_p2  |         +|   0|  0|    37|          30|          30|
    |add_ln58_302_fu_797078_p2   |         +|   0|  0|    38|          31|          31|
    |add_ln58_3030_fu_825036_p2  |         +|   0|  0|    37|          30|          30|
    |add_ln58_3031_fu_828442_p2  |         +|   0|  0|    37|          30|          30|
    |add_ln58_3032_fu_828452_p2  |         +|   0|  0|    31|          31|          31|
    |add_ln58_3033_fu_828458_p2  |         +|   0|  0|    31|          31|          31|
    |add_ln58_3034_fu_828468_p2  |         +|   0|  0|    39|          32|          32|
    |add_ln58_3035_fu_828474_p2  |         +|   0|  0|    32|          32|          32|
    |add_ln58_3036_fu_863225_p2  |         +|   0|  0|    32|          32|          32|
    |add_ln58_3037_fu_832027_p2  |         +|   0|  0|    36|          29|          29|
    |add_ln58_3038_fu_833725_p2  |         +|   0|  0|    35|          28|          28|
    |add_ln58_3039_fu_833735_p2  |         +|   0|  0|    37|          30|          30|
    |add_ln58_303_fu_799091_p2   |         +|   0|  0|    36|          29|          29|
    |add_ln58_3040_fu_833741_p2  |         +|   0|  0|    35|          28|          28|
    |add_ln58_3041_fu_837939_p2  |         +|   0|  0|    37|          30|          30|
    |add_ln58_3042_fu_837949_p2  |         +|   0|  0|    38|          31|          31|
    |add_ln58_3043_fu_837955_p2  |         +|   0|  0|    31|          31|          31|
    |add_ln58_3044_fu_837961_p2  |         +|   0|  0|    31|          31|          31|
    |add_ln58_3045_fu_837967_p2  |         +|   0|  0|    36|          29|          29|
    |add_ln58_3046_fu_842080_p2  |         +|   0|  0|    37|          30|          30|
    |add_ln58_3047_fu_842090_p2  |         +|   0|  0|    31|          31|          31|
    |add_ln58_3048_fu_842096_p2  |         +|   0|  0|    31|          31|          31|
    |add_ln58_3049_fu_843265_p2  |         +|   0|  0|    37|          30|          30|
    |add_ln58_304_fu_800588_p2   |         +|   0|  0|    29|          29|          29|
    |add_ln58_3050_fu_846321_p2  |         +|   0|  0|    30|          30|          30|
    |add_ln58_3051_fu_846327_p2  |         +|   0|  0|    30|          30|          30|
    |add_ln58_3052_fu_846337_p2  |         +|   0|  0|    38|          31|          31|
    |add_ln58_3053_fu_846347_p2  |         +|   0|  0|    39|          32|          32|
    |add_ln58_3054_fu_863232_p2  |         +|   0|  0|    32|          32|          32|
    |add_ln58_3055_fu_849077_p2  |         +|   0|  0|    36|          29|          29|
    |add_ln58_3056_fu_849087_p2  |         +|   0|  0|    37|          30|          30|
    |add_ln58_3057_fu_849097_p2  |         +|   0|  0|    38|          31|          31|
    |add_ln58_3058_fu_850569_p2  |         +|   0|  0|    36|          29|          29|
    |add_ln58_3059_fu_853089_p2  |         +|   0|  0|    37|          30|          30|
    |add_ln58_305_fu_800594_p2   |         +|   0|  0|    29|          29|          29|
    |add_ln58_3060_fu_853099_p2  |         +|   0|  0|    31|          31|          31|
    |add_ln58_3061_fu_853105_p2  |         +|   0|  0|    31|          31|          31|
    |add_ln58_3062_fu_863243_p2  |         +|   0|  0|    32|          32|          32|
    |add_ln58_3063_fu_854437_p2  |         +|   0|  0|    37|          30|          30|
    |add_ln58_3064_fu_858483_p2  |         +|   0|  0|    36|          29|          29|
    |add_ln58_3065_fu_858493_p2  |         +|   0|  0|    37|          30|          30|
    |add_ln58_3066_fu_858503_p2  |         +|   0|  0|    38|          31|          31|
    |add_ln58_3067_fu_858509_p2  |         +|   0|  0|    37|          30|          30|
    |add_ln58_3068_fu_863255_p2  |         +|   0|  0|    30|          30|          10|
    |add_ln58_3069_fu_863261_p2  |         +|   0|  0|    30|          30|          30|
    |add_ln58_306_fu_800604_p2   |         +|   0|  0|    37|          30|          30|
    |add_ln58_3070_fu_863271_p2  |         +|   0|  0|    38|          31|          31|
    |add_ln58_3071_fu_863281_p2  |         +|   0|  0|    39|          32|          32|
    |add_ln58_3072_fu_863287_p2  |         +|   0|  0|    32|          32|          32|
    |add_ln58_3073_fu_863293_p2  |         +|   0|  0|    32|          32|          32|
    |add_ln58_3074_fu_863299_p2  |         +|   0|  0|    32|          32|          32|
    |add_ln58_3075_fu_795952_p2  |         +|   0|  0|    37|          30|          30|
    |add_ln58_3076_fu_797760_p2  |         +|   0|  0|    37|          30|          30|
    |add_ln58_3077_fu_797770_p2  |         +|   0|  0|    38|          31|          31|
    |add_ln58_3078_fu_799313_p2  |         +|   0|  0|    37|          30|          30|
    |add_ln58_3079_fu_801595_p2  |         +|   0|  0|    30|          30|          30|
    |add_ln58_307_fu_808743_p2   |         +|   0|  0|    32|          32|          32|
    |add_ln58_3080_fu_801601_p2  |         +|   0|  0|    30|          30|          30|
    |add_ln58_3081_fu_801611_p2  |         +|   0|  0|    38|          31|          31|
    |add_ln58_3082_fu_810873_p2  |         +|   0|  0|    32|          32|          32|
    |add_ln58_3083_fu_803455_p2  |         +|   0|  0|    34|          27|          27|
    |add_ln58_3084_fu_805577_p2  |         +|   0|  0|    37|          30|          30|
    |add_ln58_3085_fu_805587_p2  |         +|   0|  0|    31|          31|          31|
    |add_ln58_3086_fu_805593_p2  |         +|   0|  0|    31|          31|          31|
    |add_ln58_3087_fu_807292_p2  |         +|   0|  0|    37|          30|          30|
    |add_ln58_3088_fu_810885_p2  |         +|   0|  0|    37|          30|          30|
    |add_ln58_3089_fu_810895_p2  |         +|   0|  0|    31|          31|          31|
    |add_ln58_308_fu_803233_p2   |         +|   0|  0|    37|          30|          30|
    |add_ln58_3090_fu_810901_p2  |         +|   0|  0|    31|          31|          31|
    |add_ln58_3091_fu_810911_p2  |         +|   0|  0|    39|          32|          32|
    |add_ln58_3092_fu_810917_p2  |         +|   0|  0|    32|          32|          32|
    |add_ln58_3093_fu_813440_p2  |         +|   0|  0|    37|          30|          30|
    |add_ln58_3094_fu_815492_p2  |         +|   0|  0|    37|          30|          30|
    |add_ln58_3095_fu_815502_p2  |         +|   0|  0|    38|          31|          31|
    |add_ln58_3096_fu_816701_p2  |         +|   0|  0|    37|          30|          30|
    |add_ln58_3097_fu_819452_p2  |         +|   0|  0|    36|          29|          29|
    |add_ln58_3098_fu_819462_p2  |         +|   0|  0|    37|          30|          30|
    |add_ln58_3099_fu_819472_p2  |         +|   0|  0|    38|          31|          31|
    |add_ln58_309_fu_804704_p2   |         +|   0|  0|    37|          30|          30|
    |add_ln58_30_fu_822223_p2    |         +|   0|  0|    36|          29|          29|
    |add_ln58_3100_fu_828486_p2  |         +|   0|  0|    32|          32|          32|
    |add_ln58_3101_fu_820898_p2  |         +|   0|  0|    36|          29|          29|
    |add_ln58_3102_fu_823275_p2  |         +|   0|  0|    30|          30|          30|
    |add_ln58_3103_fu_823281_p2  |         +|   0|  0|    30|          30|          30|
    |add_ln58_3104_fu_823291_p2  |         +|   0|  0|    38|          31|          31|
    |add_ln58_3105_fu_825042_p2  |         +|   0|  0|    37|          30|          30|
    |add_ln58_3106_fu_828498_p2  |         +|   0|  0|    30|          30|          30|
    |add_ln58_3107_fu_828504_p2  |         +|   0|  0|    30|          30|          30|
    |add_ln58_3108_fu_828514_p2  |         +|   0|  0|    38|          31|          31|
    |add_ln58_3109_fu_828524_p2  |         +|   0|  0|    39|          32|          32|
    |add_ln58_310_fu_804714_p2   |         +|   0|  0|    31|          31|          31|
    |add_ln58_3110_fu_828530_p2  |         +|   0|  0|    32|          32|          32|
    |add_ln58_3111_fu_863305_p2  |         +|   0|  0|    32|          32|          32|
    |add_ln58_3112_fu_832033_p2  |         +|   0|  0|    36|          29|          29|
    |add_ln58_3113_fu_833750_p2  |         +|   0|  0|    30|          30|          30|
    |add_ln58_3114_fu_833756_p2  |         +|   0|  0|    30|          30|          30|
    |add_ln58_3115_fu_833762_p2  |         +|   0|  0|    37|          30|          30|
    |add_ln58_3116_fu_837979_p2  |         +|   0|  0|    36|          29|          29|
    |add_ln58_3117_fu_837989_p2  |         +|   0|  0|    37|          30|          30|
    |add_ln58_3118_fu_837999_p2  |         +|   0|  0|    38|          31|          31|
    |add_ln58_3119_fu_838009_p2  |         +|   0|  0|    39|          32|          32|
    |add_ln58_311_fu_804720_p2   |         +|   0|  0|    31|          31|          31|
    |add_ln58_3120_fu_838015_p2  |         +|   0|  0|    35|          28|          28|
    |add_ln58_3121_fu_842105_p2  |         +|   0|  0|    37|          30|          30|
    |add_ln58_3122_fu_842115_p2  |         +|   0|  0|    31|          31|          31|
    |add_ln58_3123_fu_842121_p2  |         +|   0|  0|    31|          31|          31|
    |add_ln58_3124_fu_843271_p2  |         +|   0|  0|    36|          29|          29|
    |add_ln58_3125_fu_846359_p2  |         +|   0|  0|    30|          30|          30|
    |add_ln58_3126_fu_846365_p2  |         +|   0|  0|    30|          30|          30|
    |add_ln58_3127_fu_846375_p2  |         +|   0|  0|    38|          31|          31|
    |add_ln58_3128_fu_846385_p2  |         +|   0|  0|    39|          32|          32|
    |add_ln58_3129_fu_863309_p2  |         +|   0|  0|    32|          32|          32|
    |add_ln58_312_fu_807070_p2   |         +|   0|  0|    37|          30|          30|
    |add_ln58_3130_fu_849103_p2  |         +|   0|  0|    35|          28|          28|
    |add_ln58_3131_fu_849113_p2  |         +|   0|  0|    30|          30|          30|
    |add_ln58_3132_fu_849119_p2  |         +|   0|  0|    30|          30|          30|
    |add_ln58_3133_fu_850575_p2  |         +|   0|  0|    37|          30|          30|
    |add_ln58_3134_fu_854446_p2  |         +|   0|  0|    37|          30|          30|
    |add_ln58_3135_fu_854456_p2  |         +|   0|  0|    31|          31|          31|
    |add_ln58_3136_fu_854462_p2  |         +|   0|  0|    31|          31|          31|
    |add_ln58_3137_fu_863319_p2  |         +|   0|  0|    32|          32|          32|
    |add_ln58_3138_fu_854468_p2  |         +|   0|  0|    37|          30|          30|
    |add_ln58_3139_fu_856796_p2  |         +|   0|  0|    35|          28|          28|
    |add_ln58_313_fu_808755_p2   |         +|   0|  0|    30|          30|          30|
    |add_ln58_3140_fu_856806_p2  |         +|   0|  0|    36|          29|          29|
    |add_ln58_3141_fu_863331_p2  |         +|   0|  0|    31|          31|          31|
    |add_ln58_3142_fu_858515_p2  |         +|   0|  0|    35|          28|          28|
    |add_ln58_3143_fu_863340_p2  |         +|   0|  0|    32|          25|           9|
    |add_ln58_3144_fu_863350_p2  |         +|   0|  0|    36|          29|          29|
    |add_ln58_3145_fu_863360_p2  |         +|   0|  0|    37|          30|          30|
    |add_ln58_3146_fu_863370_p2  |         +|   0|  0|    31|          31|          31|
    |add_ln58_3147_fu_863380_p2  |         +|   0|  0|    32|          32|          32|
    |add_ln58_3148_fu_863386_p2  |         +|   0|  0|    32|          32|          32|
    |add_ln58_3149_fu_863392_p2  |         +|   0|  0|    32|          32|          32|
    |add_ln58_314_fu_808761_p2   |         +|   0|  0|    30|          30|          30|
    |add_ln58_3150_fu_795958_p2  |         +|   0|  0|    35|          28|          28|
    |add_ln58_3151_fu_797779_p2  |         +|   0|  0|    37|          30|          30|
    |add_ln58_3152_fu_797789_p2  |         +|   0|  0|    38|          31|          31|
    |add_ln58_3153_fu_799319_p2  |         +|   0|  0|    37|          30|          30|
    |add_ln58_3154_fu_801620_p2  |         +|   0|  0|    36|          29|          29|
    |add_ln58_3155_fu_801630_p2  |         +|   0|  0|    37|          30|          30|
    |add_ln58_3156_fu_801640_p2  |         +|   0|  0|    38|          31|          31|
    |add_ln58_3157_fu_810929_p2  |         +|   0|  0|    32|          32|          32|
    |add_ln58_3158_fu_803461_p2  |         +|   0|  0|    37|          30|          30|
    |add_ln58_3159_fu_805602_p2  |         +|   0|  0|    30|          30|          30|
    |add_ln58_315_fu_808771_p2   |         +|   0|  0|    38|          31|          31|
    |add_ln58_3160_fu_805608_p2  |         +|   0|  0|    30|          30|          30|
    |add_ln58_3161_fu_805618_p2  |         +|   0|  0|    38|          31|          31|
    |add_ln58_3162_fu_807298_p2  |         +|   0|  0|    36|          29|          29|
    |add_ln58_3163_fu_810941_p2  |         +|   0|  0|    36|          29|          29|
    |add_ln58_3164_fu_810951_p2  |         +|   0|  0|    37|          30|          30|
    |add_ln58_3165_fu_810961_p2  |         +|   0|  0|    38|          31|          31|
    |add_ln58_3166_fu_810971_p2  |         +|   0|  0|    39|          32|          32|
    |add_ln58_3167_fu_810977_p2  |         +|   0|  0|    32|          32|          32|
    |add_ln58_3168_fu_813446_p2  |         +|   0|  0|    36|          29|          29|
    |add_ln58_3169_fu_815511_p2  |         +|   0|  0|    36|          29|          29|
    |add_ln58_316_fu_808781_p2   |         +|   0|  0|    39|          32|          32|
    |add_ln58_3170_fu_815521_p2  |         +|   0|  0|    37|          30|          30|
    |add_ln58_3171_fu_816707_p2  |         +|   0|  0|    37|          30|          30|
    |add_ln58_3172_fu_819481_p2  |         +|   0|  0|    36|          29|          29|
    |add_ln58_3173_fu_819491_p2  |         +|   0|  0|    37|          30|          30|
    |add_ln58_3174_fu_819501_p2  |         +|   0|  0|    38|          31|          31|
    |add_ln58_3175_fu_828542_p2  |         +|   0|  0|    32|          32|          32|
    |add_ln58_3176_fu_820904_p2  |         +|   0|  0|    36|          29|          29|
    |add_ln58_3177_fu_823300_p2  |         +|   0|  0|    37|          30|          30|
    |add_ln58_3178_fu_823310_p2  |         +|   0|  0|    31|          31|          31|
    |add_ln58_3179_fu_823316_p2  |         +|   0|  0|    31|          31|          31|
    |add_ln58_317_fu_808787_p2   |         +|   0|  0|    32|          32|          32|
    |add_ln58_3180_fu_825048_p2  |         +|   0|  0|    37|          30|          30|
    |add_ln58_3181_fu_828554_p2  |         +|   0|  0|    36|          29|          29|
    |add_ln58_3182_fu_828564_p2  |         +|   0|  0|    37|          30|          30|
    |add_ln58_3183_fu_828574_p2  |         +|   0|  0|    38|          31|          31|
    |add_ln58_3184_fu_828584_p2  |         +|   0|  0|    39|          32|          32|
    |add_ln58_3185_fu_828590_p2  |         +|   0|  0|    32|          32|          32|
    |add_ln58_3186_fu_863398_p2  |         +|   0|  0|    32|          32|          32|
    |add_ln58_3187_fu_832039_p2  |         +|   0|  0|    37|          30|          30|
    |add_ln58_3188_fu_833771_p2  |         +|   0|  0|    36|          29|          29|
    |add_ln58_3189_fu_833781_p2  |         +|   0|  0|    38|          31|          31|
    |add_ln58_318_fu_813206_p2   |         +|   0|  0|    36|          29|          29|
    |add_ln58_3190_fu_833787_p2  |         +|   0|  0|    37|          30|          30|
    |add_ln58_3191_fu_838027_p2  |         +|   0|  0|    36|          29|          29|
    |add_ln58_3192_fu_838037_p2  |         +|   0|  0|    37|          30|          30|
    |add_ln58_3193_fu_838047_p2  |         +|   0|  0|    38|          31|          31|
    |add_ln58_3194_fu_838057_p2  |         +|   0|  0|    39|          32|          32|
    |add_ln58_3195_fu_838063_p2  |         +|   0|  0|    36|          29|          29|
    |add_ln58_3196_fu_842130_p2  |         +|   0|  0|    30|          30|          30|
    |add_ln58_3197_fu_842136_p2  |         +|   0|  0|    30|          30|          30|
    |add_ln58_3198_fu_842146_p2  |         +|   0|  0|    38|          31|          31|
    |add_ln58_3199_fu_843277_p2  |         +|   0|  0|    37|          30|          30|
    |add_ln58_319_fu_814762_p2   |         +|   0|  0|    37|          30|          30|
    |add_ln58_31_fu_826286_p2    |         +|   0|  0|    30|          30|          30|
    |add_ln58_3200_fu_846397_p2  |         +|   0|  0|    30|          30|          30|
    |add_ln58_3201_fu_846403_p2  |         +|   0|  0|    30|          30|          30|
    |add_ln58_3202_fu_846413_p2  |         +|   0|  0|    38|          31|          31|
    |add_ln58_3203_fu_846423_p2  |         +|   0|  0|    39|          32|          32|
    |add_ln58_3204_fu_863402_p2  |         +|   0|  0|    32|          32|          32|
    |add_ln58_3205_fu_849125_p2  |         +|   0|  0|    37|          30|          30|
    |add_ln58_3206_fu_849135_p2  |         +|   0|  0|    37|          30|          30|
    |add_ln58_3207_fu_849145_p2  |         +|   0|  0|    38|          31|          31|
    |add_ln58_3208_fu_850581_p2  |         +|   0|  0|    37|          30|          30|
    |add_ln58_3209_fu_854477_p2  |         +|   0|  0|    36|          29|          29|
    |add_ln58_320_fu_814772_p2   |         +|   0|  0|    38|          31|          31|
    |add_ln58_3210_fu_854487_p2  |         +|   0|  0|    37|          30|          30|
    |add_ln58_3211_fu_854497_p2  |         +|   0|  0|    38|          31|          31|
    |add_ln58_3212_fu_863412_p2  |         +|   0|  0|    32|          32|          32|
    |add_ln58_3213_fu_854503_p2  |         +|   0|  0|    37|          30|          30|
    |add_ln58_3214_fu_858524_p2  |         +|   0|  0|    30|          30|          30|
    |add_ln58_3215_fu_858530_p2  |         +|   0|  0|    30|          30|          30|
    |add_ln58_3216_fu_858540_p2  |         +|   0|  0|    38|          31|          31|
    |add_ln58_3217_fu_858546_p2  |         +|   0|  0|    36|          29|          29|
    |add_ln58_3218_fu_863424_p2  |         +|   0|  0|    30|          30|           5|
    |add_ln58_3219_fu_863430_p2  |         +|   0|  0|    30|          30|          30|
    |add_ln58_321_fu_814778_p2   |         +|   0|  0|    36|          29|          29|
    |add_ln58_3220_fu_863440_p2  |         +|   0|  0|    38|          31|          31|
    |add_ln58_3221_fu_863450_p2  |         +|   0|  0|    39|          32|          32|
    |add_ln58_3222_fu_863456_p2  |         +|   0|  0|    32|          32|          32|
    |add_ln58_3223_fu_863462_p2  |         +|   0|  0|    32|          32|          32|
    |add_ln58_3224_fu_863468_p2  |         +|   0|  0|    32|          32|          32|
    |add_ln58_3225_fu_795964_p2  |         +|   0|  0|    37|          30|          30|
    |add_ln58_3226_fu_797798_p2  |         +|   0|  0|    37|          30|          30|
    |add_ln58_3227_fu_797808_p2  |         +|   0|  0|    38|          31|          31|
    |add_ln58_3228_fu_799325_p2  |         +|   0|  0|    36|          29|          29|
    |add_ln58_3229_fu_801649_p2  |         +|   0|  0|    36|          29|          29|
    |add_ln58_322_fu_818309_p2   |         +|   0|  0|    30|          30|          30|
    |add_ln58_3230_fu_801659_p2  |         +|   0|  0|    37|          30|          30|
    |add_ln58_3231_fu_801669_p2  |         +|   0|  0|    38|          31|          31|
    |add_ln58_3232_fu_810989_p2  |         +|   0|  0|    32|          32|          32|
    |add_ln58_3233_fu_803467_p2  |         +|   0|  0|    37|          30|          30|
    |add_ln58_3234_fu_805627_p2  |         +|   0|  0|    30|          30|          30|
    |add_ln58_3235_fu_805633_p2  |         +|   0|  0|    30|          30|          30|
    |add_ln58_3236_fu_805643_p2  |         +|   0|  0|    38|          31|          31|
    |add_ln58_3237_fu_807304_p2  |         +|   0|  0|    37|          30|          30|
    |add_ln58_3238_fu_811001_p2  |         +|   0|  0|    37|          30|          30|
    |add_ln58_3239_fu_811011_p2  |         +|   0|  0|    31|          31|          31|
    |add_ln58_323_fu_818315_p2   |         +|   0|  0|    30|          30|          30|
    |add_ln58_3240_fu_811017_p2  |         +|   0|  0|    31|          31|          31|
    |add_ln58_3241_fu_811027_p2  |         +|   0|  0|    39|          32|          32|
    |add_ln58_3242_fu_811033_p2  |         +|   0|  0|    32|          32|          32|
    |add_ln58_3243_fu_813452_p2  |         +|   0|  0|    36|          29|          29|
    |add_ln58_3244_fu_815530_p2  |         +|   0|  0|    36|          29|          29|
    |add_ln58_3245_fu_815540_p2  |         +|   0|  0|    37|          30|          30|
    |add_ln58_3246_fu_819510_p2  |         +|   0|  0|    30|          30|          30|
    |add_ln58_3247_fu_819516_p2  |         +|   0|  0|    35|          28|          28|
    |add_ln58_3248_fu_819526_p2  |         +|   0|  0|    36|          29|          29|
    |add_ln58_3249_fu_819536_p2  |         +|   0|  0|    30|          30|          30|
    |add_ln58_324_fu_818325_p2   |         +|   0|  0|    38|          31|          31|
    |add_ln58_3250_fu_819546_p2  |         +|   0|  0|    38|          31|          31|
    |add_ln58_3251_fu_820910_p2  |         +|   0|  0|    37|          30|          30|
    |add_ln58_3252_fu_823325_p2  |         +|   0|  0|    30|          30|          30|
    |add_ln58_3253_fu_823331_p2  |         +|   0|  0|    30|          30|          30|
    |add_ln58_3254_fu_823341_p2  |         +|   0|  0|    38|          31|          31|
    |add_ln58_3255_fu_825054_p2  |         +|   0|  0|    36|          29|          29|
    |add_ln58_3256_fu_828605_p2  |         +|   0|  0|    37|          30|          30|
    |add_ln58_3257_fu_828615_p2  |         +|   0|  0|    31|          31|          31|
    |add_ln58_3258_fu_828621_p2  |         +|   0|  0|    31|          31|          31|
    |add_ln58_3259_fu_828631_p2  |         +|   0|  0|    32|          32|          32|
    |add_ln58_325_fu_824782_p2   |         +|   0|  0|    32|          32|          32|
    |add_ln58_3260_fu_828637_p2  |         +|   0|  0|    32|          32|          32|
    |add_ln58_3261_fu_863474_p2  |         +|   0|  0|    32|          32|          32|
    |add_ln58_3262_fu_832045_p2  |         +|   0|  0|    36|          29|          29|
    |add_ln58_3263_fu_833796_p2  |         +|   0|  0|    30|          30|          30|
    |add_ln58_3264_fu_833802_p2  |         +|   0|  0|    30|          30|          30|
    |add_ln58_3265_fu_833808_p2  |         +|   0|  0|    35|          28|          28|
    |add_ln58_3266_fu_838075_p2  |         +|   0|  0|    37|          30|          30|
    |add_ln58_3267_fu_838085_p2  |         +|   0|  0|    31|          31|          31|
    |add_ln58_3268_fu_838091_p2  |         +|   0|  0|    31|          31|          31|
    |add_ln58_3269_fu_838101_p2  |         +|   0|  0|    39|          32|          32|
    |add_ln58_326_fu_818331_p2   |         +|   0|  0|    36|          29|          29|
    |add_ln58_3270_fu_838107_p2  |         +|   0|  0|    36|          29|          29|
    |add_ln58_3271_fu_842155_p2  |         +|   0|  0|    30|          30|          30|
    |add_ln58_3272_fu_842161_p2  |         +|   0|  0|    30|          30|          30|
    |add_ln58_3273_fu_842171_p2  |         +|   0|  0|    38|          31|          31|
    |add_ln58_3274_fu_843283_p2  |         +|   0|  0|    37|          30|          30|
    |add_ln58_3275_fu_846435_p2  |         +|   0|  0|    37|          30|          30|
    |add_ln58_3276_fu_846445_p2  |         +|   0|  0|    38|          31|          31|
    |add_ln58_3277_fu_846455_p2  |         +|   0|  0|    32|          32|          32|
    |add_ln58_3278_fu_846461_p2  |         +|   0|  0|    32|          32|          32|
    |add_ln58_3279_fu_863478_p2  |         +|   0|  0|    32|          32|          32|
    |add_ln58_327_fu_822316_p2   |         +|   0|  0|    30|          30|          30|
    |add_ln58_3280_fu_849151_p2  |         +|   0|  0|    37|          30|          30|
    |add_ln58_3281_fu_849161_p2  |         +|   0|  0|    37|          30|          30|
    |add_ln58_3282_fu_849171_p2  |         +|   0|  0|    38|          31|          31|
    |add_ln58_3283_fu_850587_p2  |         +|   0|  0|    37|          30|          30|
    |add_ln58_3284_fu_854512_p2  |         +|   0|  0|    36|          29|          29|
    |add_ln58_3285_fu_854522_p2  |         +|   0|  0|    37|          30|          30|
    |add_ln58_3286_fu_854532_p2  |         +|   0|  0|    38|          31|          31|
    |add_ln58_3287_fu_863488_p2  |         +|   0|  0|    32|          32|          32|
    |add_ln58_3288_fu_854538_p2  |         +|   0|  0|    36|          29|          29|
    |add_ln58_3289_fu_858555_p2  |         +|   0|  0|    36|          29|          29|
    |add_ln58_328_fu_822322_p2   |         +|   0|  0|    30|          30|          30|
    |add_ln58_3290_fu_858565_p2  |         +|   0|  0|    30|          30|          30|
    |add_ln58_3291_fu_858571_p2  |         +|   0|  0|    30|          30|          30|
    |add_ln58_3292_fu_858577_p2  |         +|   0|  0|    37|          30|          30|
    |add_ln58_3293_fu_863500_p2  |         +|   0|  0|    36|          29|           9|
    |add_ln58_3294_fu_863510_p2  |         +|   0|  0|    37|          30|          30|
    |add_ln58_3295_fu_863520_p2  |         +|   0|  0|    38|          31|          31|
    |add_ln58_3296_fu_863530_p2  |         +|   0|  0|    39|          32|          32|
    |add_ln58_3297_fu_863536_p2  |         +|   0|  0|    32|          32|          32|
    |add_ln58_3298_fu_863542_p2  |         +|   0|  0|    32|          32|          32|
    |add_ln58_3299_fu_863548_p2  |         +|   0|  0|    32|          32|          32|
    |add_ln58_329_fu_822332_p2   |         +|   0|  0|    38|          31|          31|
    |add_ln58_32_fu_826292_p2    |         +|   0|  0|    30|          30|          30|
    |add_ln58_3300_fu_797814_p2  |         +|   0|  0|    30|          30|          30|
    |add_ln58_3301_fu_797820_p2  |         +|   0|  0|    35|          28|          28|
    |add_ln58_3302_fu_797830_p2  |         +|   0|  0|    30|          30|          30|
    |add_ln58_3303_fu_799331_p2  |         +|   0|  0|    37|          30|          30|
    |add_ln58_3304_fu_801678_p2  |         +|   0|  0|    36|          29|          29|
    |add_ln58_3305_fu_801688_p2  |         +|   0|  0|    37|          30|          30|
    |add_ln58_3306_fu_801698_p2  |         +|   0|  0|    38|          31|          31|
    |add_ln58_3307_fu_811045_p2  |         +|   0|  0|    32|          32|          32|
    |add_ln58_3308_fu_803473_p2  |         +|   0|  0|    37|          30|          30|
    |add_ln58_3309_fu_805652_p2  |         +|   0|  0|    30|          30|          30|
    |add_ln58_330_fu_822338_p2   |         +|   0|  0|    37|          30|          30|
    |add_ln58_3310_fu_805658_p2  |         +|   0|  0|    30|          30|          30|
    |add_ln58_3311_fu_805668_p2  |         +|   0|  0|    38|          31|          31|
    |add_ln58_3312_fu_807310_p2  |         +|   0|  0|    37|          30|          30|
    |add_ln58_3313_fu_811057_p2  |         +|   0|  0|    37|          30|          30|
    |add_ln58_3314_fu_811067_p2  |         +|   0|  0|    31|          31|          31|
    |add_ln58_3315_fu_811073_p2  |         +|   0|  0|    31|          31|          31|
    |add_ln58_3316_fu_811083_p2  |         +|   0|  0|    39|          32|          32|
    |add_ln58_3317_fu_811089_p2  |         +|   0|  0|    32|          32|          32|
    |add_ln58_3318_fu_813458_p2  |         +|   0|  0|    35|          28|          28|
    |add_ln58_3319_fu_815549_p2  |         +|   0|  0|    35|          28|          28|
    |add_ln58_331_fu_824794_p2   |         +|   0|  0|    30|          30|          30|
    |add_ln58_3320_fu_815559_p2  |         +|   0|  0|    36|          29|          29|
    |add_ln58_3321_fu_816713_p2  |         +|   0|  0|    37|          30|          30|
    |add_ln58_3322_fu_819558_p2  |         +|   0|  0|    35|          28|          28|
    |add_ln58_3323_fu_819568_p2  |         +|   0|  0|    36|          29|          29|
    |add_ln58_3324_fu_819578_p2  |         +|   0|  0|    31|          31|          31|
    |add_ln58_3325_fu_819584_p2  |         +|   0|  0|    31|          31|          31|
    |add_ln58_3326_fu_820916_p2  |         +|   0|  0|    34|          27|          27|
    |add_ln58_3327_fu_823350_p2  |         +|   0|  0|    37|          30|          30|
    |add_ln58_3328_fu_823360_p2  |         +|   0|  0|    31|          31|          31|
    |add_ln58_3329_fu_823366_p2  |         +|   0|  0|    31|          31|          31|
    |add_ln58_332_fu_824800_p2   |         +|   0|  0|    30|          30|          30|
    |add_ln58_3330_fu_825060_p2  |         +|   0|  0|    35|          28|          28|
    |add_ln58_3331_fu_828652_p2  |         +|   0|  0|    37|          30|          30|
    |add_ln58_3332_fu_828662_p2  |         +|   0|  0|    31|          31|          31|
    |add_ln58_3333_fu_828668_p2  |         +|   0|  0|    31|          31|          31|
    |add_ln58_3334_fu_828678_p2  |         +|   0|  0|    32|          32|          32|
    |add_ln58_3335_fu_828684_p2  |         +|   0|  0|    32|          32|          32|
    |add_ln58_3336_fu_863554_p2  |         +|   0|  0|    32|          32|          32|
    |add_ln58_3337_fu_833814_p2  |         +|   0|  0|    30|          30|          30|
    |add_ln58_3338_fu_833820_p2  |         +|   0|  0|    34|          27|          27|
    |add_ln58_3339_fu_833830_p2  |         +|   0|  0|    30|          30|          30|
    |add_ln58_333_fu_824810_p2   |         +|   0|  0|    38|          31|          31|
    |add_ln58_3340_fu_833836_p2  |         +|   0|  0|    37|          30|          30|
    |add_ln58_3341_fu_838119_p2  |         +|   0|  0|    30|          30|          30|
    |add_ln58_3342_fu_838125_p2  |         +|   0|  0|    30|          30|          30|
    |add_ln58_3343_fu_838135_p2  |         +|   0|  0|    38|          31|          31|
    |add_ln58_3344_fu_838145_p2  |         +|   0|  0|    39|          32|          32|
    |add_ln58_3345_fu_838151_p2  |         +|   0|  0|    37|          30|          30|
    |add_ln58_3346_fu_842180_p2  |         +|   0|  0|    30|          30|          30|
    |add_ln58_3347_fu_842186_p2  |         +|   0|  0|    30|          30|          30|
    |add_ln58_3348_fu_842196_p2  |         +|   0|  0|    38|          31|          31|
    |add_ln58_3349_fu_843289_p2  |         +|   0|  0|    35|          28|          28|
    |add_ln58_334_fu_824820_p2   |         +|   0|  0|    39|          32|          32|
    |add_ln58_3350_fu_846473_p2  |         +|   0|  0|    30|          30|          30|
    |add_ln58_3351_fu_846479_p2  |         +|   0|  0|    30|          30|          30|
    |add_ln58_3352_fu_846489_p2  |         +|   0|  0|    38|          31|          31|
    |add_ln58_3353_fu_846499_p2  |         +|   0|  0|    39|          32|          32|
    |add_ln58_3354_fu_863558_p2  |         +|   0|  0|    32|          32|          32|
    |add_ln58_3355_fu_849177_p2  |         +|   0|  0|    30|          30|          30|
    |add_ln58_3356_fu_849183_p2  |         +|   0|  0|    35|          28|          28|
    |add_ln58_3357_fu_849193_p2  |         +|   0|  0|    30|          30|          30|
    |add_ln58_3358_fu_850593_p2  |         +|   0|  0|    37|          30|          30|
    |add_ln58_3359_fu_854547_p2  |         +|   0|  0|    36|          29|          29|
    |add_ln58_335_fu_824826_p2   |         +|   0|  0|    32|          32|          32|
    |add_ln58_3360_fu_854557_p2  |         +|   0|  0|    37|          30|          30|
    |add_ln58_3361_fu_854567_p2  |         +|   0|  0|    38|          31|          31|
    |add_ln58_3362_fu_863568_p2  |         +|   0|  0|    32|          32|          32|
    |add_ln58_3363_fu_854573_p2  |         +|   0|  0|    37|          30|          30|
    |add_ln58_3364_fu_858583_p2  |         +|   0|  0|    37|          30|          30|
    |add_ln58_3365_fu_858593_p2  |         +|   0|  0|    38|          31|          31|
    |add_ln58_3366_fu_863580_p2  |         +|   0|  0|    32|          32|          32|
    |add_ln58_3367_fu_858599_p2  |         +|   0|  0|    36|          29|          29|
    |add_ln58_3368_fu_863589_p2  |         +|   0|  0|    34|          27|          10|
    |add_ln58_3369_fu_863599_p2  |         +|   0|  0|    36|          29|          29|
    |add_ln58_336_fu_860396_p2   |         +|   0|  0|    32|          32|          32|
    |add_ln58_3370_fu_863609_p2  |         +|   0|  0|    37|          30|          30|
    |add_ln58_3371_fu_863619_p2  |         +|   0|  0|    32|          32|          32|
    |add_ln58_3372_fu_863625_p2  |         +|   0|  0|    32|          32|          32|
    |add_ln58_3373_fu_863631_p2  |         +|   0|  0|    32|          32|          32|
    |add_ln58_3374_fu_863637_p2  |         +|   0|  0|    32|          32|          32|
    |add_ln58_3375_fu_795970_p2  |         +|   0|  0|    37|          30|          30|
    |add_ln58_3376_fu_797839_p2  |         +|   0|  0|    37|          30|          30|
    |add_ln58_3377_fu_797849_p2  |         +|   0|  0|    38|          31|          31|
    |add_ln58_3378_fu_799337_p2  |         +|   0|  0|    36|          29|          29|
    |add_ln58_3379_fu_801707_p2  |         +|   0|  0|    37|          30|          30|
    |add_ln58_337_fu_831305_p2   |         +|   0|  0|    37|          30|          30|
    |add_ln58_3380_fu_801717_p2  |         +|   0|  0|    31|          31|          31|
    |add_ln58_3381_fu_801723_p2  |         +|   0|  0|    31|          31|          31|
    |add_ln58_3382_fu_811101_p2  |         +|   0|  0|    32|          32|          32|
    |add_ln58_3383_fu_803479_p2  |         +|   0|  0|    35|          28|          28|
    |add_ln58_3384_fu_805677_p2  |         +|   0|  0|    37|          30|          30|
    |add_ln58_3385_fu_805687_p2  |         +|   0|  0|    31|          31|          31|
    |add_ln58_3386_fu_805693_p2  |         +|   0|  0|    31|          31|          31|
    |add_ln58_3387_fu_807316_p2  |         +|   0|  0|    37|          30|          30|
    |add_ln58_3388_fu_811113_p2  |         +|   0|  0|    30|          30|          30|
    |add_ln58_3389_fu_811119_p2  |         +|   0|  0|    30|          30|          30|
    |add_ln58_338_fu_831315_p2   |         +|   0|  0|    36|          29|          29|
    |add_ln58_3390_fu_811129_p2  |         +|   0|  0|    38|          31|          31|
    |add_ln58_3391_fu_811139_p2  |         +|   0|  0|    39|          32|          32|
    |add_ln58_3392_fu_811145_p2  |         +|   0|  0|    32|          32|          32|
    |add_ln58_3393_fu_813464_p2  |         +|   0|  0|    37|          30|          30|
    |add_ln58_3394_fu_815568_p2  |         +|   0|  0|    36|          29|          29|
    |add_ln58_3395_fu_815578_p2  |         +|   0|  0|    38|          31|          31|
    |add_ln58_3396_fu_816719_p2  |         +|   0|  0|    35|          28|          28|
    |add_ln58_3397_fu_819593_p2  |         +|   0|  0|    30|          30|          30|
    |add_ln58_3398_fu_819599_p2  |         +|   0|  0|    30|          30|          30|
    |add_ln58_3399_fu_819609_p2  |         +|   0|  0|    38|          31|          31|
    |add_ln58_339_fu_831325_p2   |         +|   0|  0|    38|          31|          31|
    |add_ln58_33_fu_826302_p2    |         +|   0|  0|    38|          31|          31|
    |add_ln58_3400_fu_828696_p2  |         +|   0|  0|    32|          32|          32|
    |add_ln58_3401_fu_820922_p2  |         +|   0|  0|    36|          29|          29|
    |add_ln58_3402_fu_823375_p2  |         +|   0|  0|    36|          29|          29|
    |add_ln58_3403_fu_823385_p2  |         +|   0|  0|    37|          30|          30|
    |add_ln58_3404_fu_823395_p2  |         +|   0|  0|    38|          31|          31|
    |add_ln58_3405_fu_825066_p2  |         +|   0|  0|    37|          30|          30|
    |add_ln58_3406_fu_828708_p2  |         +|   0|  0|    35|          28|          28|
    |add_ln58_3407_fu_828718_p2  |         +|   0|  0|    37|          30|          30|
    |add_ln58_3408_fu_828728_p2  |         +|   0|  0|    38|          31|          31|
    |add_ln58_3409_fu_828738_p2  |         +|   0|  0|    39|          32|          32|
    |add_ln58_340_fu_833345_p2   |         +|   0|  0|    36|          29|          29|
    |add_ln58_3410_fu_828744_p2  |         +|   0|  0|    32|          32|          32|
    |add_ln58_3411_fu_863643_p2  |         +|   0|  0|    32|          32|          32|
    |add_ln58_3412_fu_832051_p2  |         +|   0|  0|    37|          30|          30|
    |add_ln58_3413_fu_833845_p2  |         +|   0|  0|    37|          30|          30|
    |add_ln58_3414_fu_833855_p2  |         +|   0|  0|    38|          31|          31|
    |add_ln58_3415_fu_833861_p2  |         +|   0|  0|    37|          30|          30|
    |add_ln58_3416_fu_838163_p2  |         +|   0|  0|    36|          29|          29|
    |add_ln58_3417_fu_838173_p2  |         +|   0|  0|    37|          30|          30|
    |add_ln58_3418_fu_838183_p2  |         +|   0|  0|    38|          31|          31|
    |add_ln58_3419_fu_838193_p2  |         +|   0|  0|    39|          32|          32|
    |add_ln58_341_fu_835164_p2   |         +|   0|  0|    30|          30|          30|
    |add_ln58_3420_fu_838199_p2  |         +|   0|  0|    37|          30|          30|
    |add_ln58_3421_fu_842205_p2  |         +|   0|  0|    30|          30|          30|
    |add_ln58_3422_fu_842211_p2  |         +|   0|  0|    30|          30|          30|
    |add_ln58_3423_fu_842221_p2  |         +|   0|  0|    38|          31|          31|
    |add_ln58_3424_fu_843295_p2  |         +|   0|  0|    36|          29|          29|
    |add_ln58_3425_fu_846511_p2  |         +|   0|  0|    37|          30|          30|
    |add_ln58_3426_fu_846521_p2  |         +|   0|  0|    31|          31|          31|
    |add_ln58_3427_fu_846527_p2  |         +|   0|  0|    31|          31|          31|
    |add_ln58_3428_fu_846537_p2  |         +|   0|  0|    39|          32|          32|
    |add_ln58_3429_fu_863647_p2  |         +|   0|  0|    32|          32|          32|
    |add_ln58_342_fu_835170_p2   |         +|   0|  0|    30|          30|          30|
    |add_ln58_3430_fu_849199_p2  |         +|   0|  0|    36|          29|          29|
    |add_ln58_3431_fu_849209_p2  |         +|   0|  0|    37|          30|          30|
    |add_ln58_3432_fu_849219_p2  |         +|   0|  0|    38|          31|          31|
    |add_ln58_3433_fu_850599_p2  |         +|   0|  0|    33|          26|          26|
    |add_ln58_3434_fu_854582_p2  |         +|   0|  0|    37|          30|          30|
    |add_ln58_3435_fu_854588_p2  |         +|   0|  0|    30|          30|          30|
    |add_ln58_3436_fu_854594_p2  |         +|   0|  0|    30|          30|          30|
    |add_ln58_3437_fu_863657_p2  |         +|   0|  0|    32|          32|          32|
    |add_ln58_3438_fu_854600_p2  |         +|   0|  0|    36|          29|          29|
    |add_ln58_3439_fu_858608_p2  |         +|   0|  0|    35|          28|          28|
    |add_ln58_343_fu_835180_p2   |         +|   0|  0|    38|          31|          31|
    |add_ln58_3440_fu_858618_p2  |         +|   0|  0|    30|          30|          30|
    |add_ln58_3441_fu_858624_p2  |         +|   0|  0|    30|          30|          30|
    |add_ln58_3442_fu_858630_p2  |         +|   0|  0|    35|          28|          28|
    |add_ln58_3443_fu_863669_p2  |         +|   0|  0|    36|          29|           8|
    |add_ln58_3444_fu_863675_p2  |         +|   0|  0|    29|          29|          29|
    |add_ln58_3445_fu_863681_p2  |         +|   0|  0|    29|          29|          29|
    |add_ln58_3446_fu_863691_p2  |         +|   0|  0|    38|          31|          31|
    |add_ln58_3447_fu_863701_p2  |         +|   0|  0|    32|          32|          32|
    |add_ln58_3448_fu_863707_p2  |         +|   0|  0|    32|          32|          32|
    |add_ln58_3449_fu_863713_p2  |         +|   0|  0|    32|          32|          32|
    |add_ln58_344_fu_835190_p2   |         +|   0|  0|    39|          32|          32|
    |add_ln58_3450_fu_795976_p2  |         +|   0|  0|    37|          30|          30|
    |add_ln58_3451_fu_797858_p2  |         +|   0|  0|    37|          30|          30|
    |add_ln58_3452_fu_797868_p2  |         +|   0|  0|    38|          31|          31|
    |add_ln58_3453_fu_799343_p2  |         +|   0|  0|    36|          29|          29|
    |add_ln58_3454_fu_801732_p2  |         +|   0|  0|    30|          30|          30|
    |add_ln58_3455_fu_801738_p2  |         +|   0|  0|    30|          30|          30|
    |add_ln58_3456_fu_801748_p2  |         +|   0|  0|    38|          31|          31|
    |add_ln58_3457_fu_811157_p2  |         +|   0|  0|    32|          32|          32|
    |add_ln58_3458_fu_805699_p2  |         +|   0|  0|    30|          30|          30|
    |add_ln58_3459_fu_805705_p2  |         +|   0|  0|    35|          28|          28|
    |add_ln58_345_fu_837059_p2   |         +|   0|  0|    37|          30|          30|
    |add_ln58_3460_fu_805715_p2  |         +|   0|  0|    36|          29|          29|
    |add_ln58_3461_fu_805725_p2  |         +|   0|  0|    30|          30|          30|
    |add_ln58_3462_fu_807322_p2  |         +|   0|  0|    37|          30|          30|
    |add_ln58_3463_fu_811169_p2  |         +|   0|  0|    30|          30|          30|
    |add_ln58_3464_fu_811175_p2  |         +|   0|  0|    30|          30|          30|
    |add_ln58_3465_fu_811185_p2  |         +|   0|  0|    38|          31|          31|
    |add_ln58_3466_fu_811195_p2  |         +|   0|  0|    39|          32|          32|
    |add_ln58_3467_fu_811201_p2  |         +|   0|  0|    32|          32|          32|
    |add_ln58_3468_fu_813470_p2  |         +|   0|  0|    35|          28|          28|
    |add_ln58_3469_fu_815587_p2  |         +|   0|  0|    29|          29|          29|
    |add_ln58_346_fu_839657_p2   |         +|   0|  0|    37|          30|          30|
    |add_ln58_3470_fu_815593_p2  |         +|   0|  0|    29|          29|          29|
    |add_ln58_3471_fu_816725_p2  |         +|   0|  0|    37|          30|          30|
    |add_ln58_3472_fu_819618_p2  |         +|   0|  0|    37|          30|          30|
    |add_ln58_3473_fu_819628_p2  |         +|   0|  0|    38|          31|          31|
    |add_ln58_3474_fu_819638_p2  |         +|   0|  0|    39|          32|          32|
    |add_ln58_3475_fu_828753_p2  |         +|   0|  0|    32|          32|          32|
    |add_ln58_3476_fu_820928_p2  |         +|   0|  0|    37|          30|          30|
    |add_ln58_3477_fu_823404_p2  |         +|   0|  0|    30|          30|          30|
    |add_ln58_3478_fu_823410_p2  |         +|   0|  0|    30|          30|          30|
    |add_ln58_3479_fu_823420_p2  |         +|   0|  0|    38|          31|          31|
    |add_ln58_347_fu_839667_p2   |         +|   0|  0|    38|          31|          31|
    |add_ln58_3480_fu_825072_p2  |         +|   0|  0|    34|          27|          27|
    |add_ln58_3481_fu_828764_p2  |         +|   0|  0|    30|          30|          30|
    |add_ln58_3482_fu_828770_p2  |         +|   0|  0|    30|          30|          30|
    |add_ln58_3483_fu_828780_p2  |         +|   0|  0|    38|          31|          31|
    |add_ln58_3484_fu_828790_p2  |         +|   0|  0|    39|          32|          32|
    |add_ln58_3485_fu_828796_p2  |         +|   0|  0|    32|          32|          32|
    |add_ln58_3486_fu_863719_p2  |         +|   0|  0|    32|          32|          32|
    |add_ln58_3487_fu_832057_p2  |         +|   0|  0|    37|          30|          30|
    |add_ln58_3488_fu_833870_p2  |         +|   0|  0|    37|          30|          30|
    |add_ln58_3489_fu_833880_p2  |         +|   0|  0|    38|          31|          31|
    |add_ln58_348_fu_844765_p2   |         +|   0|  0|    32|          32|          32|
    |add_ln58_3490_fu_833886_p2  |         +|   0|  0|    37|          30|          30|
    |add_ln58_3491_fu_838211_p2  |         +|   0|  0|    36|          29|          29|
    |add_ln58_3492_fu_838221_p2  |         +|   0|  0|    37|          30|          30|
    |add_ln58_3493_fu_838231_p2  |         +|   0|  0|    38|          31|          31|
    |add_ln58_3494_fu_838241_p2  |         +|   0|  0|    39|          32|          32|
    |add_ln58_3495_fu_838247_p2  |         +|   0|  0|    37|          30|          30|
    |add_ln58_3496_fu_842230_p2  |         +|   0|  0|    30|          30|          30|
    |add_ln58_3497_fu_842236_p2  |         +|   0|  0|    30|          30|          30|
    |add_ln58_3498_fu_842246_p2  |         +|   0|  0|    38|          31|          31|
    |add_ln58_3499_fu_843301_p2  |         +|   0|  0|    36|          29|          29|
    |add_ln58_349_fu_841199_p2   |         +|   0|  0|    37|          30|          30|
    |add_ln58_34_fu_826312_p2    |         +|   0|  0|    39|          32|          32|
    |add_ln58_3500_fu_846549_p2  |         +|   0|  0|    30|          30|          30|
    |add_ln58_3501_fu_846555_p2  |         +|   0|  0|    30|          30|          30|
    |add_ln58_3502_fu_846565_p2  |         +|   0|  0|    38|          31|          31|
    |add_ln58_3503_fu_846575_p2  |         +|   0|  0|    39|          32|          32|
    |add_ln58_3504_fu_863723_p2  |         +|   0|  0|    32|          32|          32|
    |add_ln58_3505_fu_849225_p2  |         +|   0|  0|    36|          29|          29|
    |add_ln58_3506_fu_849235_p2  |         +|   0|  0|    37|          30|          30|
    |add_ln58_3507_fu_849245_p2  |         +|   0|  0|    38|          31|          31|
    |add_ln58_3508_fu_850605_p2  |         +|   0|  0|    35|          28|          28|
    |add_ln58_3509_fu_854609_p2  |         +|   0|  0|    36|          29|          29|
    |add_ln58_350_fu_844774_p2   |         +|   0|  0|    37|          30|          30|
    |add_ln58_3510_fu_854619_p2  |         +|   0|  0|    37|          30|          30|
    |add_ln58_3511_fu_854629_p2  |         +|   0|  0|    38|          31|          31|
    |add_ln58_3512_fu_863733_p2  |         +|   0|  0|    32|          32|          32|
    |add_ln58_3513_fu_854635_p2  |         +|   0|  0|    36|          29|          29|
    |add_ln58_3514_fu_858639_p2  |         +|   0|  0|    37|          30|          30|
    |add_ln58_3515_fu_858645_p2  |         +|   0|  0|    30|          30|          30|
    |add_ln58_3516_fu_858651_p2  |         +|   0|  0|    30|          30|          30|
    |add_ln58_3517_fu_858657_p2  |         +|   0|  0|    36|          29|          29|
    |add_ln58_3518_fu_863745_p2  |         +|   0|  0|    37|          30|           8|
    |add_ln58_3519_fu_863755_p2  |         +|   0|  0|    31|          31|          31|
    |add_ln58_351_fu_844784_p2   |         +|   0|  0|    31|          31|          31|
    |add_ln58_3520_fu_863761_p2  |         +|   0|  0|    31|          31|          31|
    |add_ln58_3521_fu_863771_p2  |         +|   0|  0|    39|          32|          32|
    |add_ln58_3522_fu_863777_p2  |         +|   0|  0|    32|          32|          32|
    |add_ln58_3523_fu_863783_p2  |         +|   0|  0|    32|          32|          32|
    |add_ln58_3524_fu_863789_p2  |         +|   0|  0|    32|          32|          32|
    |add_ln58_3525_fu_795982_p2  |         +|   0|  0|    36|          29|          29|
    |add_ln58_3526_fu_797874_p2  |         +|   0|  0|    37|          30|          30|
    |add_ln58_3527_fu_801760_p2  |         +|   0|  0|    31|          31|          31|
    |add_ln58_3528_fu_799349_p2  |         +|   0|  0|    36|          29|          29|
    |add_ln58_3529_fu_801769_p2  |         +|   0|  0|    35|          28|          28|
    |add_ln58_352_fu_844790_p2   |         +|   0|  0|    31|          31|          31|
    |add_ln58_3530_fu_801779_p2  |         +|   0|  0|    36|          29|          29|
    |add_ln58_3531_fu_801789_p2  |         +|   0|  0|    37|          30|          30|
    |add_ln58_3532_fu_801799_p2  |         +|   0|  0|    31|          31|          31|
    |add_ln58_3533_fu_803485_p2  |         +|   0|  0|    37|          30|          30|
    |add_ln58_3534_fu_805734_p2  |         +|   0|  0|    36|          29|          29|
    |add_ln58_3535_fu_805744_p2  |         +|   0|  0|    37|          30|          30|
    |add_ln58_3536_fu_805754_p2  |         +|   0|  0|    38|          31|          31|
    |add_ln58_3537_fu_807328_p2  |         +|   0|  0|    37|          30|          30|
    |add_ln58_3538_fu_811216_p2  |         +|   0|  0|    37|          30|          30|
    |add_ln58_3539_fu_811226_p2  |         +|   0|  0|    38|          31|          31|
    |add_ln58_353_fu_844800_p2   |         +|   0|  0|    32|          32|          32|
    |add_ln58_3540_fu_811236_p2  |         +|   0|  0|    39|          32|          32|
    |add_ln58_3541_fu_811242_p2  |         +|   0|  0|    32|          32|          32|
    |add_ln58_3542_fu_811248_p2  |         +|   0|  0|    32|          32|          32|
    |add_ln58_3543_fu_813476_p2  |         +|   0|  0|    37|          30|          30|
    |add_ln58_3544_fu_815602_p2  |         +|   0|  0|    37|          30|          30|
    |add_ln58_3545_fu_815612_p2  |         +|   0|  0|    38|          31|          31|
    |add_ln58_3546_fu_816731_p2  |         +|   0|  0|    35|          28|          28|
    |add_ln58_3547_fu_819647_p2  |         +|   0|  0|    36|          29|          29|
    |add_ln58_3548_fu_819657_p2  |         +|   0|  0|    30|          30|          30|
    |add_ln58_3549_fu_819663_p2  |         +|   0|  0|    30|          30|          30|
    |add_ln58_354_fu_860400_p2   |         +|   0|  0|    32|          32|          32|
    |add_ln58_3550_fu_828808_p2  |         +|   0|  0|    32|          32|          32|
    |add_ln58_3551_fu_820934_p2  |         +|   0|  0|    36|          29|          29|
    |add_ln58_3552_fu_823429_p2  |         +|   0|  0|    36|          29|          29|
    |add_ln58_3553_fu_823439_p2  |         +|   0|  0|    37|          30|          30|
    |add_ln58_3554_fu_823449_p2  |         +|   0|  0|    38|          31|          31|
    |add_ln58_3555_fu_825078_p2  |         +|   0|  0|    37|          30|          30|
    |add_ln58_3556_fu_828820_p2  |         +|   0|  0|    37|          30|          30|
    |add_ln58_3557_fu_828830_p2  |         +|   0|  0|    31|          31|          31|
    |add_ln58_3558_fu_828836_p2  |         +|   0|  0|    31|          31|          31|
    |add_ln58_3559_fu_828846_p2  |         +|   0|  0|    39|          32|          32|
    |add_ln58_355_fu_844806_p2   |         +|   0|  0|    37|          30|          30|
    |add_ln58_3560_fu_828852_p2  |         +|   0|  0|    32|          32|          32|
    |add_ln58_3561_fu_863795_p2  |         +|   0|  0|    32|          32|          32|
    |add_ln58_3562_fu_832063_p2  |         +|   0|  0|    37|          30|          30|
    |add_ln58_3563_fu_833895_p2  |         +|   0|  0|    37|          30|          30|
    |add_ln58_3564_fu_833905_p2  |         +|   0|  0|    38|          31|          31|
    |add_ln58_3565_fu_833911_p2  |         +|   0|  0|    36|          29|          29|
    |add_ln58_3566_fu_838259_p2  |         +|   0|  0|    36|          29|          29|
    |add_ln58_3567_fu_838269_p2  |         +|   0|  0|    37|          30|          30|
    |add_ln58_3568_fu_838279_p2  |         +|   0|  0|    38|          31|          31|
    |add_ln58_3569_fu_838289_p2  |         +|   0|  0|    39|          32|          32|
    |add_ln58_356_fu_848300_p2   |         +|   0|  0|    37|          30|          30|
    |add_ln58_3570_fu_838295_p2  |         +|   0|  0|    37|          30|          30|
    |add_ln58_3571_fu_842255_p2  |         +|   0|  0|    36|          29|          29|
    |add_ln58_3572_fu_842265_p2  |         +|   0|  0|    37|          30|          30|
    |add_ln58_3573_fu_842275_p2  |         +|   0|  0|    38|          31|          31|
    |add_ln58_3574_fu_843307_p2  |         +|   0|  0|    37|          30|          30|
    |add_ln58_3575_fu_846587_p2  |         +|   0|  0|    37|          30|          30|
    |add_ln58_3576_fu_846597_p2  |         +|   0|  0|    38|          31|          31|
    |add_ln58_3577_fu_846607_p2  |         +|   0|  0|    32|          32|          32|
    |add_ln58_3578_fu_846613_p2  |         +|   0|  0|    32|          32|          32|
    |add_ln58_3579_fu_863799_p2  |         +|   0|  0|    32|          32|          32|
    |add_ln58_357_fu_848310_p2   |         +|   0|  0|    38|          31|          31|
    |add_ln58_3580_fu_849251_p2  |         +|   0|  0|    37|          30|          30|
    |add_ln58_3581_fu_849261_p2  |         +|   0|  0|    37|          30|          30|
    |add_ln58_3582_fu_849271_p2  |         +|   0|  0|    38|          31|          31|
    |add_ln58_3583_fu_850611_p2  |         +|   0|  0|    36|          29|          29|
    |add_ln58_3584_fu_854644_p2  |         +|   0|  0|    36|          29|          29|
    |add_ln58_3585_fu_854654_p2  |         +|   0|  0|    37|          30|          30|
    |add_ln58_3586_fu_854664_p2  |         +|   0|  0|    38|          31|          31|
    |add_ln58_3587_fu_863809_p2  |         +|   0|  0|    32|          32|          32|
    |add_ln58_3588_fu_854670_p2  |         +|   0|  0|    36|          29|          29|
    |add_ln58_3589_fu_858666_p2  |         +|   0|  0|    36|          29|          29|
    |add_ln58_358_fu_850371_p2   |         +|   0|  0|    37|          30|          30|
    |add_ln58_3590_fu_858676_p2  |         +|   0|  0|    37|          30|          30|
    |add_ln58_3591_fu_858686_p2  |         +|   0|  0|    38|          31|          31|
    |add_ln58_3592_fu_858692_p2  |         +|   0|  0|    37|          30|          30|
    |add_ln58_3593_fu_863821_p2  |         +|   0|  0|    37|          30|          10|
    |add_ln58_3594_fu_863831_p2  |         +|   0|  0|    31|          31|          31|
    |add_ln58_3595_fu_863837_p2  |         +|   0|  0|    31|          31|          31|
    |add_ln58_3596_fu_863847_p2  |         +|   0|  0|    39|          32|          32|
    |add_ln58_3597_fu_863853_p2  |         +|   0|  0|    32|          32|          32|
    |add_ln58_3598_fu_863859_p2  |         +|   0|  0|    32|          32|          32|
    |add_ln58_3599_fu_863865_p2  |         +|   0|  0|    32|          32|          32|
    |add_ln58_359_fu_852097_p2   |         +|   0|  0|    37|          30|          30|
    |add_ln58_35_fu_826318_p2    |         +|   0|  0|    32|          32|          32|
    |add_ln58_3600_fu_795988_p2  |         +|   0|  0|    37|          30|          30|
    |add_ln58_3601_fu_797883_p2  |         +|   0|  0|    36|          29|          29|
    |add_ln58_3602_fu_797893_p2  |         +|   0|  0|    38|          31|          31|
    |add_ln58_3603_fu_799355_p2  |         +|   0|  0|    36|          29|          29|
    |add_ln58_3604_fu_801808_p2  |         +|   0|  0|    36|          29|          29|
    |add_ln58_3605_fu_801818_p2  |         +|   0|  0|    30|          30|          30|
    |add_ln58_3606_fu_801824_p2  |         +|   0|  0|    30|          30|          30|
    |add_ln58_3607_fu_811260_p2  |         +|   0|  0|    32|          32|          32|
    |add_ln58_3608_fu_803491_p2  |         +|   0|  0|    37|          30|          30|
    |add_ln58_3609_fu_805763_p2  |         +|   0|  0|    30|          30|          30|
    |add_ln58_360_fu_852107_p2   |         +|   0|  0|    38|          31|          31|
    |add_ln58_3610_fu_805769_p2  |         +|   0|  0|    30|          30|          30|
    |add_ln58_3611_fu_805779_p2  |         +|   0|  0|    38|          31|          31|
    |add_ln58_3612_fu_807334_p2  |         +|   0|  0|    37|          30|          30|
    |add_ln58_3613_fu_811272_p2  |         +|   0|  0|    30|          30|          30|
    |add_ln58_3614_fu_811278_p2  |         +|   0|  0|    30|          30|          30|
    |add_ln58_3615_fu_811288_p2  |         +|   0|  0|    38|          31|          31|
    |add_ln58_3616_fu_811298_p2  |         +|   0|  0|    39|          32|          32|
    |add_ln58_3617_fu_811304_p2  |         +|   0|  0|    32|          32|          32|
    |add_ln58_3618_fu_813482_p2  |         +|   0|  0|    37|          30|          30|
    |add_ln58_3619_fu_815621_p2  |         +|   0|  0|    37|          30|          30|
    |add_ln58_361_fu_852117_p2   |         +|   0|  0|    39|          32|          32|
    |add_ln58_3620_fu_815631_p2  |         +|   0|  0|    38|          31|          31|
    |add_ln58_3621_fu_816737_p2  |         +|   0|  0|    37|          30|          30|
    |add_ln58_3622_fu_819672_p2  |         +|   0|  0|    30|          30|          30|
    |add_ln58_3623_fu_819678_p2  |         +|   0|  0|    30|          30|          30|
    |add_ln58_3624_fu_819688_p2  |         +|   0|  0|    38|          31|          31|
    |add_ln58_3625_fu_828864_p2  |         +|   0|  0|    32|          32|          32|
    |add_ln58_3626_fu_820940_p2  |         +|   0|  0|    37|          30|          30|
    |add_ln58_3627_fu_823458_p2  |         +|   0|  0|    30|          30|          30|
    |add_ln58_3628_fu_823464_p2  |         +|   0|  0|    30|          30|          30|
    |add_ln58_3629_fu_823474_p2  |         +|   0|  0|    38|          31|          31|
    |add_ln58_362_fu_860407_p2   |         +|   0|  0|    32|          32|          32|
    |add_ln58_3630_fu_825084_p2  |         +|   0|  0|    37|          30|          30|
    |add_ln58_3631_fu_828876_p2  |         +|   0|  0|    29|          29|          29|
    |add_ln58_3632_fu_828882_p2  |         +|   0|  0|    29|          29|          29|
    |add_ln58_3633_fu_828892_p2  |         +|   0|  0|    38|          31|          31|
    |add_ln58_3634_fu_828902_p2  |         +|   0|  0|    39|          32|          32|
    |add_ln58_3635_fu_828908_p2  |         +|   0|  0|    32|          32|          32|
    |add_ln58_3636_fu_863871_p2  |         +|   0|  0|    32|          32|          32|
    |add_ln58_3637_fu_832069_p2  |         +|   0|  0|    37|          30|          30|
    |add_ln58_3638_fu_833920_p2  |         +|   0|  0|    37|          30|          30|
    |add_ln58_3639_fu_833930_p2  |         +|   0|  0|    38|          31|          31|
    |add_ln58_363_fu_854221_p2   |         +|   0|  0|    37|          30|          30|
    |add_ln58_3640_fu_833936_p2  |         +|   0|  0|    37|          30|          30|
    |add_ln58_3641_fu_838307_p2  |         +|   0|  0|    37|          30|          30|
    |add_ln58_3642_fu_838317_p2  |         +|   0|  0|    38|          31|          31|
    |add_ln58_3643_fu_838327_p2  |         +|   0|  0|    32|          32|          32|
    |add_ln58_3644_fu_838333_p2  |         +|   0|  0|    32|          32|          32|
    |add_ln58_3645_fu_839864_p2  |         +|   0|  0|    36|          29|          29|
    |add_ln58_3646_fu_842284_p2  |         +|   0|  0|    30|          30|          30|
    |add_ln58_3647_fu_842290_p2  |         +|   0|  0|    30|          30|          30|
    |add_ln58_3648_fu_842300_p2  |         +|   0|  0|    38|          31|          31|
    |add_ln58_3649_fu_843316_p2  |         +|   0|  0|    34|          27|          27|
    |add_ln58_364_fu_856054_p2   |         +|   0|  0|    36|          29|          29|
    |add_ln58_3650_fu_843326_p2  |         +|   0|  0|    37|          30|          30|
    |add_ln58_3651_fu_843336_p2  |         +|   0|  0|    31|          31|          31|
    |add_ln58_3652_fu_843342_p2  |         +|   0|  0|    31|          31|          31|
    |add_ln58_3653_fu_843352_p2  |         +|   0|  0|    39|          32|          32|
    |add_ln58_3654_fu_863875_p2  |         +|   0|  0|    32|          32|          32|
    |add_ln58_3655_fu_849277_p2  |         +|   0|  0|    36|          29|          29|
    |add_ln58_3656_fu_849287_p2  |         +|   0|  0|    30|          30|          30|
    |add_ln58_3657_fu_849293_p2  |         +|   0|  0|    30|          30|          30|
    |add_ln58_3658_fu_850617_p2  |         +|   0|  0|    37|          30|          30|
    |add_ln58_3659_fu_854679_p2  |         +|   0|  0|    36|          29|          29|
    |add_ln58_365_fu_856064_p2   |         +|   0|  0|    37|          30|          30|
    |add_ln58_3660_fu_854689_p2  |         +|   0|  0|    37|          30|          30|
    |add_ln58_3661_fu_854699_p2  |         +|   0|  0|    38|          31|          31|
    |add_ln58_3662_fu_863885_p2  |         +|   0|  0|    32|          32|          32|
    |add_ln58_3663_fu_854705_p2  |         +|   0|  0|    37|          30|          30|
    |add_ln58_3664_fu_858701_p2  |         +|   0|  0|    37|          30|          30|
    |add_ln58_3665_fu_858711_p2  |         +|   0|  0|    31|          31|          31|
    |add_ln58_3666_fu_858717_p2  |         +|   0|  0|    31|          31|          31|
    |add_ln58_3667_fu_858723_p2  |         +|   0|  0|    35|          28|          28|
    |add_ln58_3668_fu_863897_p2  |         +|   0|  0|    37|          30|           7|
    |add_ln58_3669_fu_863907_p2  |         +|   0|  0|    31|          31|          31|
    |add_ln58_366_fu_860418_p2   |         +|   0|  0|    31|          31|          31|
    |add_ln58_3670_fu_863913_p2  |         +|   0|  0|    31|          31|          31|
    |add_ln58_3671_fu_863923_p2  |         +|   0|  0|    39|          32|          32|
    |add_ln58_3672_fu_863929_p2  |         +|   0|  0|    32|          32|          32|
    |add_ln58_3673_fu_863935_p2  |         +|   0|  0|    32|          32|          32|
    |add_ln58_3674_fu_863941_p2  |         +|   0|  0|    32|          32|          32|
    |add_ln58_3675_fu_795994_p2  |         +|   0|  0|    37|          30|          30|
    |add_ln58_3676_fu_797902_p2  |         +|   0|  0|    37|          30|          30|
    |add_ln58_3677_fu_797912_p2  |         +|   0|  0|    38|          31|          31|
    |add_ln58_3678_fu_797918_p2  |         +|   0|  0|    37|          30|          30|
    |add_ln58_3679_fu_801833_p2  |         +|   0|  0|    36|          29|          29|
    |add_ln58_367_fu_858165_p2   |         +|   0|  0|    35|          28|          28|
    |add_ln58_3680_fu_801843_p2  |         +|   0|  0|    37|          30|          30|
    |add_ln58_3681_fu_801853_p2  |         +|   0|  0|    38|          31|          31|
    |add_ln58_3682_fu_811316_p2  |         +|   0|  0|    32|          32|          32|
    |add_ln58_3683_fu_803497_p2  |         +|   0|  0|    36|          29|          29|
    |add_ln58_3684_fu_805788_p2  |         +|   0|  0|    35|          28|          28|
    |add_ln58_3685_fu_805798_p2  |         +|   0|  0|    36|          29|          29|
    |add_ln58_3686_fu_805808_p2  |         +|   0|  0|    37|          30|          30|
    |add_ln58_3687_fu_807340_p2  |         +|   0|  0|    35|          28|          28|
    |add_ln58_3688_fu_811328_p2  |         +|   0|  0|    37|          30|          30|
    |add_ln58_3689_fu_811338_p2  |         +|   0|  0|    31|          31|          31|
    |add_ln58_368_fu_860427_p2   |         +|   0|  0|    29|          29|           7|
    |add_ln58_3690_fu_811344_p2  |         +|   0|  0|    31|          31|          31|
    |add_ln58_3691_fu_811354_p2  |         +|   0|  0|    39|          32|          32|
    |add_ln58_3692_fu_811360_p2  |         +|   0|  0|    32|          32|          32|
    |add_ln58_3693_fu_813488_p2  |         +|   0|  0|    37|          30|          30|
    |add_ln58_3694_fu_813498_p2  |         +|   0|  0|    36|          29|          29|
    |add_ln58_3695_fu_813508_p2  |         +|   0|  0|    38|          31|          31|
    |add_ln58_3696_fu_816743_p2  |         +|   0|  0|    37|          30|          30|
    |add_ln58_3697_fu_819697_p2  |         +|   0|  0|    37|          30|          30|
    |add_ln58_3698_fu_819707_p2  |         +|   0|  0|    31|          31|          31|
    |add_ln58_3699_fu_819713_p2  |         +|   0|  0|    31|          31|          31|
    |add_ln58_369_fu_860433_p2   |         +|   0|  0|    29|          29|          29|
    |add_ln58_36_fu_860075_p2    |         +|   0|  0|    32|          32|          32|
    |add_ln58_3700_fu_828920_p2  |         +|   0|  0|    32|          32|          32|
    |add_ln58_3701_fu_820946_p2  |         +|   0|  0|    37|          30|          30|
    |add_ln58_3702_fu_823483_p2  |         +|   0|  0|    37|          30|          30|
    |add_ln58_3703_fu_823493_p2  |         +|   0|  0|    31|          31|          31|
    |add_ln58_3704_fu_823499_p2  |         +|   0|  0|    31|          31|          31|
    |add_ln58_3705_fu_825090_p2  |         +|   0|  0|    37|          30|          30|
    |add_ln58_3706_fu_828932_p2  |         +|   0|  0|    36|          29|          29|
    |add_ln58_3707_fu_828942_p2  |         +|   0|  0|    37|          30|          30|
    |add_ln58_3708_fu_828952_p2  |         +|   0|  0|    38|          31|          31|
    |add_ln58_3709_fu_828962_p2  |         +|   0|  0|    39|          32|          32|
    |add_ln58_370_fu_860443_p2   |         +|   0|  0|    37|          30|          30|
    |add_ln58_3710_fu_828968_p2  |         +|   0|  0|    32|          32|          32|
    |add_ln58_3711_fu_863947_p2  |         +|   0|  0|    32|          32|          32|
    |add_ln58_3712_fu_832075_p2  |         +|   0|  0|    37|          30|          30|
    |add_ln58_3713_fu_833945_p2  |         +|   0|  0|    36|          29|          29|
    |add_ln58_3714_fu_833955_p2  |         +|   0|  0|    38|          31|          31|
    |add_ln58_3715_fu_833961_p2  |         +|   0|  0|    37|          30|          30|
    |add_ln58_3716_fu_838345_p2  |         +|   0|  0|    37|          30|          30|
    |add_ln58_3717_fu_838355_p2  |         +|   0|  0|    38|          31|          31|
    |add_ln58_3718_fu_838365_p2  |         +|   0|  0|    32|          32|          32|
    |add_ln58_3719_fu_838371_p2  |         +|   0|  0|    32|          32|          32|
    |add_ln58_371_fu_860453_p2   |         +|   0|  0|    31|          31|          31|
    |add_ln58_3720_fu_839870_p2  |         +|   0|  0|    37|          30|          30|
    |add_ln58_3721_fu_842309_p2  |         +|   0|  0|    36|          29|          29|
    |add_ln58_3722_fu_842319_p2  |         +|   0|  0|    37|          30|          30|
    |add_ln58_3723_fu_842329_p2  |         +|   0|  0|    38|          31|          31|
    |add_ln58_3724_fu_843358_p2  |         +|   0|  0|    37|          30|          30|
    |add_ln58_3725_fu_846625_p2  |         +|   0|  0|    37|          30|          30|
    |add_ln58_3726_fu_846635_p2  |         +|   0|  0|    38|          31|          31|
    |add_ln58_3727_fu_846645_p2  |         +|   0|  0|    32|          32|          32|
    |add_ln58_3728_fu_846651_p2  |         +|   0|  0|    32|          32|          32|
    |add_ln58_3729_fu_863951_p2  |         +|   0|  0|    32|          32|          32|
    |add_ln58_372_fu_860463_p2   |         +|   0|  0|    32|          32|          32|
    |add_ln58_3730_fu_850623_p2  |         +|   0|  0|    30|          30|          30|
    |add_ln58_3731_fu_850629_p2  |         +|   0|  0|    36|          29|          29|
    |add_ln58_3732_fu_850639_p2  |         +|   0|  0|    30|          30|          30|
    |add_ln58_3733_fu_850645_p2  |         +|   0|  0|    37|          30|          30|
    |add_ln58_3734_fu_854714_p2  |         +|   0|  0|    36|          29|          29|
    |add_ln58_3735_fu_854724_p2  |         +|   0|  0|    37|          30|          30|
    |add_ln58_3736_fu_854734_p2  |         +|   0|  0|    38|          31|          31|
    |add_ln58_3737_fu_863961_p2  |         +|   0|  0|    32|          32|          32|
    |add_ln58_3738_fu_854740_p2  |         +|   0|  0|    35|          28|          28|
    |add_ln58_3739_fu_858729_p2  |         +|   0|  0|    36|          29|          29|
    |add_ln58_373_fu_860469_p2   |         +|   0|  0|    32|          32|          32|
    |add_ln58_3740_fu_858739_p2  |         +|   0|  0|    37|          30|          30|
    |add_ln58_3741_fu_863973_p2  |         +|   0|  0|    31|          31|          31|
    |add_ln58_3742_fu_863979_p2  |         +|   0|  0|    30|          30|          30|
    |add_ln58_3743_fu_863985_p2  |         +|   0|  0|    33|          26|          10|
    |add_ln58_3744_fu_863995_p2  |         +|   0|  0|    35|          28|          28|
    |add_ln58_3745_fu_864005_p2  |         +|   0|  0|    30|          30|          30|
    |add_ln58_3746_fu_864015_p2  |         +|   0|  0|    31|          31|          31|
    |add_ln58_3747_fu_864025_p2  |         +|   0|  0|    32|          32|          32|
    |add_ln58_3748_fu_864031_p2  |         +|   0|  0|    32|          32|          32|
    |add_ln58_3749_fu_864037_p2  |         +|   0|  0|    32|          32|          32|
    |add_ln58_374_fu_860475_p2   |         +|   0|  0|    32|          32|          32|
    |add_ln58_3750_fu_796000_p2  |         +|   0|  0|    37|          30|          30|
    |add_ln58_3751_fu_797927_p2  |         +|   0|  0|    37|          30|          30|
    |add_ln58_3752_fu_797937_p2  |         +|   0|  0|    38|          31|          31|
    |add_ln58_3753_fu_799361_p2  |         +|   0|  0|    37|          30|          30|
    |add_ln58_3754_fu_801862_p2  |         +|   0|  0|    30|          30|          30|
    |add_ln58_3755_fu_801868_p2  |         +|   0|  0|    30|          30|          30|
    |add_ln58_3756_fu_801878_p2  |         +|   0|  0|    38|          31|          31|
    |add_ln58_3757_fu_811372_p2  |         +|   0|  0|    32|          32|          32|
    |add_ln58_3758_fu_803503_p2  |         +|   0|  0|    35|          28|          28|
    |add_ln58_3759_fu_805817_p2  |         +|   0|  0|    35|          28|          28|
    |add_ln58_375_fu_795754_p2   |         +|   0|  0|    37|          30|          30|
    |add_ln58_3760_fu_805827_p2  |         +|   0|  0|    30|          30|          30|
    |add_ln58_3761_fu_805833_p2  |         +|   0|  0|    30|          30|          30|
    |add_ln58_3762_fu_807346_p2  |         +|   0|  0|    36|          29|          29|
    |add_ln58_3763_fu_811384_p2  |         +|   0|  0|    37|          30|          30|
    |add_ln58_3764_fu_811394_p2  |         +|   0|  0|    31|          31|          31|
    |add_ln58_3765_fu_811400_p2  |         +|   0|  0|    31|          31|          31|
    |add_ln58_3766_fu_811410_p2  |         +|   0|  0|    39|          32|          32|
    |add_ln58_3767_fu_811416_p2  |         +|   0|  0|    32|          32|          32|
    |add_ln58_3768_fu_813514_p2  |         +|   0|  0|    37|          30|          30|
    |add_ln58_3769_fu_815640_p2  |         +|   0|  0|    36|          29|          29|
    |add_ln58_376_fu_797087_p2   |         +|   0|  0|    37|          30|          30|
    |add_ln58_3770_fu_815650_p2  |         +|   0|  0|    38|          31|          31|
    |add_ln58_3771_fu_816749_p2  |         +|   0|  0|    37|          30|          30|
    |add_ln58_3772_fu_816759_p2  |         +|   0|  0|    36|          29|          29|
    |add_ln58_3773_fu_816769_p2  |         +|   0|  0|    37|          30|          30|
    |add_ln58_3774_fu_816779_p2  |         +|   0|  0|    38|          31|          31|
    |add_ln58_3775_fu_828980_p2  |         +|   0|  0|    32|          32|          32|
    |add_ln58_3776_fu_819719_p2  |         +|   0|  0|    34|          27|          27|
    |add_ln58_3777_fu_823508_p2  |         +|   0|  0|    37|          30|          30|
    |add_ln58_3778_fu_823514_p2  |         +|   0|  0|    30|          30|          30|
    |add_ln58_3779_fu_823520_p2  |         +|   0|  0|    30|          30|          30|
    |add_ln58_377_fu_797097_p2   |         +|   0|  0|    38|          31|          31|
    |add_ln58_3780_fu_825096_p2  |         +|   0|  0|    37|          30|          30|
    |add_ln58_3781_fu_828992_p2  |         +|   0|  0|    30|          30|          30|
    |add_ln58_3782_fu_828998_p2  |         +|   0|  0|    30|          30|          30|
    |add_ln58_3783_fu_829008_p2  |         +|   0|  0|    38|          31|          31|
    |add_ln58_3784_fu_829018_p2  |         +|   0|  0|    39|          32|          32|
    |add_ln58_3785_fu_829024_p2  |         +|   0|  0|    32|          32|          32|
    |add_ln58_3786_fu_864043_p2  |         +|   0|  0|    32|          32|          32|
    |add_ln58_3787_fu_832081_p2  |         +|   0|  0|    36|          29|          29|
    |add_ln58_3788_fu_833970_p2  |         +|   0|  0|    36|          29|          29|
    |add_ln58_3789_fu_833980_p2  |         +|   0|  0|    37|          30|          30|
    |add_ln58_378_fu_799097_p2   |         +|   0|  0|    36|          29|          29|
    |add_ln58_3790_fu_833986_p2  |         +|   0|  0|    37|          30|          30|
    |add_ln58_3791_fu_838383_p2  |         +|   0|  0|    37|          30|          30|
    |add_ln58_3792_fu_838393_p2  |         +|   0|  0|    31|          31|          31|
    |add_ln58_3793_fu_838399_p2  |         +|   0|  0|    31|          31|          31|
    |add_ln58_3794_fu_838409_p2  |         +|   0|  0|    39|          32|          32|
    |add_ln58_3795_fu_842335_p2  |         +|   0|  0|    30|          30|          30|
    |add_ln58_3796_fu_842341_p2  |         +|   0|  0|    29|          29|          29|
    |add_ln58_3797_fu_842347_p2  |         +|   0|  0|    29|          29|          29|
    |add_ln58_3798_fu_842357_p2  |         +|   0|  0|    30|          30|          30|
    |add_ln58_3799_fu_843364_p2  |         +|   0|  0|    37|          30|          30|
    |add_ln58_379_fu_800613_p2   |         +|   0|  0|    37|          30|          30|
    |add_ln58_37_fu_831205_p2    |         +|   0|  0|    36|          29|          29|
    |add_ln58_3800_fu_846663_p2  |         +|   0|  0|    30|          30|          30|
    |add_ln58_3801_fu_846669_p2  |         +|   0|  0|    30|          30|          30|
    |add_ln58_3802_fu_846679_p2  |         +|   0|  0|    38|          31|          31|
    |add_ln58_3803_fu_846689_p2  |         +|   0|  0|    39|          32|          32|
    |add_ln58_3804_fu_864047_p2  |         +|   0|  0|    32|          32|          32|
    |add_ln58_3805_fu_849299_p2  |         +|   0|  0|    35|          28|          28|
    |add_ln58_3806_fu_850654_p2  |         +|   0|  0|    29|          29|          29|
    |add_ln58_3807_fu_850660_p2  |         +|   0|  0|    29|          29|          29|
    |add_ln58_3808_fu_850666_p2  |         +|   0|  0|    37|          30|          30|
    |add_ln58_3809_fu_854752_p2  |         +|   0|  0|    35|          28|          28|
    |add_ln58_380_fu_800623_p2   |         +|   0|  0|    31|          31|          31|
    |add_ln58_3810_fu_854762_p2  |         +|   0|  0|    37|          30|          30|
    |add_ln58_3811_fu_854772_p2  |         +|   0|  0|    31|          31|          31|
    |add_ln58_3812_fu_854778_p2  |         +|   0|  0|    31|          31|          31|
    |add_ln58_3813_fu_854784_p2  |         +|   0|  0|    36|          29|          29|
    |add_ln58_3814_fu_858745_p2  |         +|   0|  0|    36|          29|          29|
    |add_ln58_3815_fu_858755_p2  |         +|   0|  0|    37|          30|          30|
    |add_ln58_3816_fu_864060_p2  |         +|   0|  0|    31|          31|          31|
    |add_ln58_3817_fu_858761_p2  |         +|   0|  0|    35|          28|          28|
    |add_ln58_3818_fu_864069_p2  |         +|   0|  0|    34|          27|           7|
    |add_ln58_3819_fu_864079_p2  |         +|   0|  0|    29|          29|          29|
    |add_ln58_381_fu_800629_p2   |         +|   0|  0|    31|          31|          31|
    |add_ln58_3820_fu_864085_p2  |         +|   0|  0|    29|          29|          29|
    |add_ln58_3821_fu_864095_p2  |         +|   0|  0|    31|          31|          31|
    |add_ln58_3822_fu_864105_p2  |         +|   0|  0|    39|          32|          32|
    |add_ln58_3823_fu_864111_p2  |         +|   0|  0|    32|          32|          32|
    |add_ln58_3824_fu_864117_p2  |         +|   0|  0|    32|          32|          32|
    |add_ln58_3825_fu_796006_p2  |         +|   0|  0|    37|          30|          30|
    |add_ln58_3826_fu_797946_p2  |         +|   0|  0|    37|          30|          30|
    |add_ln58_3827_fu_797956_p2  |         +|   0|  0|    38|          31|          31|
    |add_ln58_3828_fu_799367_p2  |         +|   0|  0|    36|          29|          29|
    |add_ln58_3829_fu_801887_p2  |         +|   0|  0|    36|          29|          29|
    |add_ln58_382_fu_808799_p2   |         +|   0|  0|    32|          32|          32|
    |add_ln58_3830_fu_801897_p2  |         +|   0|  0|    37|          30|          30|
    |add_ln58_3831_fu_801907_p2  |         +|   0|  0|    38|          31|          31|
    |add_ln58_3832_fu_811428_p2  |         +|   0|  0|    32|          32|          32|
    |add_ln58_3833_fu_803509_p2  |         +|   0|  0|    37|          30|          30|
    |add_ln58_3834_fu_805842_p2  |         +|   0|  0|    29|          29|          29|
    |add_ln58_3835_fu_805848_p2  |         +|   0|  0|    29|          29|          29|
    |add_ln58_3836_fu_805858_p2  |         +|   0|  0|    38|          31|          31|
    |add_ln58_3837_fu_807352_p2  |         +|   0|  0|    33|          26|          26|
    |add_ln58_3838_fu_811440_p2  |         +|   0|  0|    37|          30|          30|
    |add_ln58_3839_fu_811446_p2  |         +|   0|  0|    30|          30|          30|
    |add_ln58_383_fu_803239_p2   |         +|   0|  0|    37|          30|          30|
    |add_ln58_3840_fu_811452_p2  |         +|   0|  0|    30|          30|          30|
    |add_ln58_3841_fu_811462_p2  |         +|   0|  0|    39|          32|          32|
    |add_ln58_3842_fu_811468_p2  |         +|   0|  0|    32|          32|          32|
    |add_ln58_3843_fu_813520_p2  |         +|   0|  0|    37|          30|          30|
    |add_ln58_3844_fu_815659_p2  |         +|   0|  0|    36|          29|          29|
    |add_ln58_3845_fu_815669_p2  |         +|   0|  0|    38|          31|          31|
    |add_ln58_3846_fu_816785_p2  |         +|   0|  0|    37|          30|          30|
    |add_ln58_3847_fu_819728_p2  |         +|   0|  0|    37|          30|          30|
    |add_ln58_3848_fu_819738_p2  |         +|   0|  0|    38|          31|          31|
    |add_ln58_3849_fu_819748_p2  |         +|   0|  0|    39|          32|          32|
    |add_ln58_384_fu_804729_p2   |         +|   0|  0|    37|          30|          30|
    |add_ln58_3850_fu_829033_p2  |         +|   0|  0|    32|          32|          32|
    |add_ln58_3851_fu_820952_p2  |         +|   0|  0|    37|          30|          30|
    |add_ln58_3852_fu_823529_p2  |         +|   0|  0|    37|          30|          30|
    |add_ln58_3853_fu_823539_p2  |         +|   0|  0|    31|          31|          31|
    |add_ln58_3854_fu_823545_p2  |         +|   0|  0|    31|          31|          31|
    |add_ln58_3855_fu_825102_p2  |         +|   0|  0|    37|          30|          30|
    |add_ln58_3856_fu_829044_p2  |         +|   0|  0|    37|          30|          30|
    |add_ln58_3857_fu_829054_p2  |         +|   0|  0|    38|          31|          31|
    |add_ln58_3858_fu_829064_p2  |         +|   0|  0|    32|          32|          32|
    |add_ln58_3859_fu_829070_p2  |         +|   0|  0|    32|          32|          32|
    |add_ln58_385_fu_804739_p2   |         +|   0|  0|    31|          31|          31|
    |add_ln58_3860_fu_829076_p2  |         +|   0|  0|    32|          32|          32|
    |add_ln58_3861_fu_864123_p2  |         +|   0|  0|    32|          32|          32|
    |add_ln58_3862_fu_832087_p2  |         +|   0|  0|    35|          28|          28|
    |add_ln58_3863_fu_833995_p2  |         +|   0|  0|    29|          29|          29|
    |add_ln58_3864_fu_834001_p2  |         +|   0|  0|    29|          29|          29|
    |add_ln58_3865_fu_835908_p2  |         +|   0|  0|    35|          28|          28|
    |add_ln58_3866_fu_838421_p2  |         +|   0|  0|    37|          30|          30|
    |add_ln58_3867_fu_838431_p2  |         +|   0|  0|    31|          31|          31|
    |add_ln58_3868_fu_838437_p2  |         +|   0|  0|    31|          31|          31|
    |add_ln58_3869_fu_838447_p2  |         +|   0|  0|    39|          32|          32|
    |add_ln58_386_fu_804745_p2   |         +|   0|  0|    31|          31|          31|
    |add_ln58_3870_fu_839876_p2  |         +|   0|  0|    36|          29|          29|
    |add_ln58_3871_fu_842366_p2  |         +|   0|  0|    36|          29|          29|
    |add_ln58_3872_fu_842376_p2  |         +|   0|  0|    37|          30|          30|
    |add_ln58_3873_fu_842386_p2  |         +|   0|  0|    38|          31|          31|
    |add_ln58_3874_fu_843370_p2  |         +|   0|  0|    37|          30|          30|
    |add_ln58_3875_fu_846701_p2  |         +|   0|  0|    36|          29|          29|
    |add_ln58_3876_fu_846711_p2  |         +|   0|  0|    37|          30|          30|
    |add_ln58_3877_fu_846721_p2  |         +|   0|  0|    38|          31|          31|
    |add_ln58_3878_fu_846731_p2  |         +|   0|  0|    39|          32|          32|
    |add_ln58_3879_fu_864127_p2  |         +|   0|  0|    32|          32|          32|
    |add_ln58_387_fu_807076_p2   |         +|   0|  0|    35|          28|          28|
    |add_ln58_3880_fu_849305_p2  |         +|   0|  0|    37|          30|          30|
    |add_ln58_3881_fu_850675_p2  |         +|   0|  0|    37|          30|          30|
    |add_ln58_3882_fu_850685_p2  |         +|   0|  0|    38|          31|          31|
    |add_ln58_3883_fu_853111_p2  |         +|   0|  0|    37|          30|          30|
    |add_ln58_3884_fu_854793_p2  |         +|   0|  0|    37|          30|          30|
    |add_ln58_3885_fu_854803_p2  |         +|   0|  0|    38|          31|          31|
    |add_ln58_3886_fu_854813_p2  |         +|   0|  0|    39|          32|          32|
    |add_ln58_3887_fu_864134_p2  |         +|   0|  0|    32|          32|          32|
    |add_ln58_3888_fu_856812_p2  |         +|   0|  0|    37|          30|          30|
    |add_ln58_3889_fu_858767_p2  |         +|   0|  0|    37|          30|          30|
    |add_ln58_388_fu_808811_p2   |         +|   0|  0|    36|          29|          29|
    |add_ln58_3890_fu_858777_p2  |         +|   0|  0|    38|          31|          31|
    |add_ln58_3891_fu_864145_p2  |         +|   0|  0|    32|          32|          32|
    |add_ln58_3892_fu_864151_p2  |         +|   0|  0|    37|          30|          30|
    |add_ln58_3893_fu_864161_p2  |         +|   0|  0|    31|          24|          10|
    |add_ln58_3894_fu_864171_p2  |         +|   0|  0|    36|          29|          29|
    |add_ln58_3895_fu_864181_p2  |         +|   0|  0|    38|          31|          31|
    |add_ln58_3896_fu_864191_p2  |         +|   0|  0|    32|          32|          32|
    |add_ln58_3897_fu_864197_p2  |         +|   0|  0|    32|          32|          32|
    |add_ln58_3898_fu_864203_p2  |         +|   0|  0|    32|          32|          32|
    |add_ln58_3899_fu_864209_p2  |         +|   0|  0|    32|          32|          32|
    |add_ln58_389_fu_808821_p2   |         +|   0|  0|    30|          30|          30|
    |add_ln58_38_fu_831215_p2    |         +|   0|  0|    37|          30|          30|
    |add_ln58_3900_fu_796012_p2  |         +|   0|  0|    36|          29|          29|
    |add_ln58_3901_fu_797965_p2  |         +|   0|  0|    37|          30|          30|
    |add_ln58_3902_fu_797975_p2  |         +|   0|  0|    38|          31|          31|
    |add_ln58_3903_fu_799373_p2  |         +|   0|  0|    37|          30|          30|
    |add_ln58_3904_fu_801916_p2  |         +|   0|  0|    36|          29|          29|
    |add_ln58_3905_fu_801926_p2  |         +|   0|  0|    37|          30|          30|
    |add_ln58_3906_fu_801936_p2  |         +|   0|  0|    38|          31|          31|
    |add_ln58_3907_fu_811480_p2  |         +|   0|  0|    32|          32|          32|
    |add_ln58_3908_fu_803515_p2  |         +|   0|  0|    37|          30|          30|
    |add_ln58_3909_fu_805864_p2  |         +|   0|  0|    35|          28|          28|
    |add_ln58_390_fu_808827_p2   |         +|   0|  0|    30|          30|          30|
    |add_ln58_3910_fu_805874_p2  |         +|   0|  0|    37|          30|          30|
    |add_ln58_3911_fu_811492_p2  |         +|   0|  0|    31|          31|          31|
    |add_ln58_3912_fu_807358_p2  |         +|   0|  0|    36|          29|          29|
    |add_ln58_3913_fu_811501_p2  |         +|   0|  0|    33|          26|          26|
    |add_ln58_3914_fu_811511_p2  |         +|   0|  0|    36|          29|          29|
    |add_ln58_3915_fu_811521_p2  |         +|   0|  0|    37|          30|          30|
    |add_ln58_3916_fu_811531_p2  |         +|   0|  0|    31|          31|          31|
    |add_ln58_3917_fu_811541_p2  |         +|   0|  0|    32|          32|          32|
    |add_ln58_3918_fu_813526_p2  |         +|   0|  0|    36|          29|          29|
    |add_ln58_3919_fu_815678_p2  |         +|   0|  0|    36|          29|          29|
    |add_ln58_391_fu_808837_p2   |         +|   0|  0|    39|          32|          32|
    |add_ln58_3920_fu_815688_p2  |         +|   0|  0|    37|          30|          30|
    |add_ln58_3921_fu_816791_p2  |         +|   0|  0|    37|          30|          30|
    |add_ln58_3922_fu_819757_p2  |         +|   0|  0|    30|          30|          30|
    |add_ln58_3923_fu_819763_p2  |         +|   0|  0|    30|          30|          30|
    |add_ln58_3924_fu_819773_p2  |         +|   0|  0|    38|          31|          31|
    |add_ln58_3925_fu_829088_p2  |         +|   0|  0|    32|          32|          32|
    |add_ln58_3926_fu_820958_p2  |         +|   0|  0|    37|          30|          30|
    |add_ln58_3927_fu_823554_p2  |         +|   0|  0|    36|          29|          29|
    |add_ln58_3928_fu_823564_p2  |         +|   0|  0|    37|          30|          30|
    |add_ln58_3929_fu_823574_p2  |         +|   0|  0|    38|          31|          31|
    |add_ln58_392_fu_808843_p2   |         +|   0|  0|    32|          32|          32|
    |add_ln58_3930_fu_825108_p2  |         +|   0|  0|    35|          28|          28|
    |add_ln58_3931_fu_829100_p2  |         +|   0|  0|    30|          30|          30|
    |add_ln58_3932_fu_829106_p2  |         +|   0|  0|    30|          30|          30|
    |add_ln58_3933_fu_829116_p2  |         +|   0|  0|    38|          31|          31|
    |add_ln58_3934_fu_829126_p2  |         +|   0|  0|    39|          32|          32|
    |add_ln58_3935_fu_829132_p2  |         +|   0|  0|    32|          32|          32|
    |add_ln58_3936_fu_864215_p2  |         +|   0|  0|    32|          32|          32|
    |add_ln58_3937_fu_832093_p2  |         +|   0|  0|    37|          30|          30|
    |add_ln58_3938_fu_834010_p2  |         +|   0|  0|    36|          29|          29|
    |add_ln58_3939_fu_834020_p2  |         +|   0|  0|    38|          31|          31|
    |add_ln58_393_fu_813212_p2   |         +|   0|  0|    36|          29|          29|
    |add_ln58_3940_fu_834026_p2  |         +|   0|  0|    37|          30|          30|
    |add_ln58_3941_fu_838459_p2  |         +|   0|  0|    35|          28|          28|
    |add_ln58_3942_fu_838469_p2  |         +|   0|  0|    37|          30|          30|
    |add_ln58_3943_fu_838479_p2  |         +|   0|  0|    38|          31|          31|
    |add_ln58_3944_fu_838489_p2  |         +|   0|  0|    39|          32|          32|
    |add_ln58_3945_fu_839882_p2  |         +|   0|  0|    37|          30|          30|
    |add_ln58_3946_fu_842392_p2  |         +|   0|  0|    35|          28|          28|
    |add_ln58_3947_fu_842402_p2  |         +|   0|  0|    36|          29|          29|
    |add_ln58_3948_fu_846743_p2  |         +|   0|  0|    31|          31|          31|
    |add_ln58_3949_fu_843376_p2  |         +|   0|  0|    36|          29|          29|
    |add_ln58_394_fu_814787_p2   |         +|   0|  0|    37|          30|          30|
    |add_ln58_3950_fu_846752_p2  |         +|   0|  0|    36|          29|          29|
    |add_ln58_3951_fu_846762_p2  |         +|   0|  0|    30|          30|          30|
    |add_ln58_3952_fu_846768_p2  |         +|   0|  0|    30|          30|          30|
    |add_ln58_3953_fu_846778_p2  |         +|   0|  0|    31|          31|          31|
    |add_ln58_3954_fu_864222_p2  |         +|   0|  0|    32|          32|          32|
    |add_ln58_3955_fu_849311_p2  |         +|   0|  0|    37|          30|          30|
    |add_ln58_3956_fu_850694_p2  |         +|   0|  0|    37|          30|          30|
    |add_ln58_3957_fu_850704_p2  |         +|   0|  0|    38|          31|          31|
    |add_ln58_3958_fu_850710_p2  |         +|   0|  0|    37|          30|          30|
    |add_ln58_3959_fu_854822_p2  |         +|   0|  0|    37|          30|          30|
    |add_ln58_395_fu_814797_p2   |         +|   0|  0|    38|          31|          31|
    |add_ln58_3960_fu_854832_p2  |         +|   0|  0|    38|          31|          31|
    |add_ln58_3961_fu_854842_p2  |         +|   0|  0|    39|          32|          32|
    |add_ln58_3962_fu_864230_p2  |         +|   0|  0|    32|          32|          32|
    |add_ln58_3963_fu_854848_p2  |         +|   0|  0|    36|          29|          29|
    |add_ln58_3964_fu_858786_p2  |         +|   0|  0|    36|          29|          29|
    |add_ln58_3965_fu_858796_p2  |         +|   0|  0|    37|          30|          30|
    |add_ln58_3966_fu_858806_p2  |         +|   0|  0|    38|          31|          31|
    |add_ln58_3967_fu_858812_p2  |         +|   0|  0|    36|          29|          29|
    |add_ln58_3968_fu_864241_p2  |         +|   0|  0|    29|          29|           7|
    |add_ln58_3969_fu_864247_p2  |         +|   0|  0|    29|          29|          29|
    |add_ln58_396_fu_814803_p2   |         +|   0|  0|    36|          29|          29|
    |add_ln58_3970_fu_864257_p2  |         +|   0|  0|    37|          30|          30|
    |add_ln58_3971_fu_864267_p2  |         +|   0|  0|    39|          32|          32|
    |add_ln58_3972_fu_864273_p2  |         +|   0|  0|    32|          32|          32|
    |add_ln58_3973_fu_864279_p2  |         +|   0|  0|    32|          32|          32|
    |add_ln58_3974_fu_864285_p2  |         +|   0|  0|    32|          32|          32|
    |add_ln58_3975_fu_796018_p2  |         +|   0|  0|    37|          30|          30|
    |add_ln58_3976_fu_797984_p2  |         +|   0|  0|    36|          29|          29|
    |add_ln58_3977_fu_797994_p2  |         +|   0|  0|    38|          31|          31|
    |add_ln58_3978_fu_799379_p2  |         +|   0|  0|    35|          28|          28|
    |add_ln58_3979_fu_801945_p2  |         +|   0|  0|    30|          30|          30|
    |add_ln58_397_fu_818340_p2   |         +|   0|  0|    37|          30|          30|
    |add_ln58_3980_fu_801951_p2  |         +|   0|  0|    30|          30|          30|
    |add_ln58_3981_fu_801961_p2  |         +|   0|  0|    38|          31|          31|
    |add_ln58_3982_fu_811553_p2  |         +|   0|  0|    32|          32|          32|
    |add_ln58_3983_fu_803521_p2  |         +|   0|  0|    36|          29|          29|
    |add_ln58_3984_fu_805883_p2  |         +|   0|  0|    30|          30|          30|
    |add_ln58_3985_fu_805889_p2  |         +|   0|  0|    30|          30|          30|
    |add_ln58_3986_fu_805899_p2  |         +|   0|  0|    38|          31|          31|
    |add_ln58_3987_fu_807364_p2  |         +|   0|  0|    36|          29|          29|
    |add_ln58_3988_fu_811565_p2  |         +|   0|  0|    37|          30|          30|
    |add_ln58_3989_fu_811575_p2  |         +|   0|  0|    31|          31|          31|
    |add_ln58_398_fu_818350_p2   |         +|   0|  0|    31|          31|          31|
    |add_ln58_3990_fu_811581_p2  |         +|   0|  0|    31|          31|          31|
    |add_ln58_3991_fu_811591_p2  |         +|   0|  0|    39|          32|          32|
    |add_ln58_3992_fu_811597_p2  |         +|   0|  0|    32|          32|          32|
    |add_ln58_3993_fu_813532_p2  |         +|   0|  0|    37|          30|          30|
    |add_ln58_3994_fu_815697_p2  |         +|   0|  0|    37|          30|          30|
    |add_ln58_3995_fu_815707_p2  |         +|   0|  0|    38|          31|          31|
    |add_ln58_3996_fu_816797_p2  |         +|   0|  0|    35|          28|          28|
    |add_ln58_3997_fu_819782_p2  |         +|   0|  0|    30|          30|          30|
    |add_ln58_3998_fu_819788_p2  |         +|   0|  0|    30|          30|          30|
    |add_ln58_3999_fu_819798_p2  |         +|   0|  0|    38|          31|          31|
    |add_ln58_399_fu_818356_p2   |         +|   0|  0|    31|          31|          31|
    |add_ln58_39_fu_831225_p2    |         +|   0|  0|    38|          31|          31|
    |add_ln58_3_fu_799067_p2     |         +|   0|  0|    37|          30|          30|
    |add_ln58_4000_fu_829144_p2  |         +|   0|  0|    32|          32|          32|
    |add_ln58_4001_fu_820964_p2  |         +|   0|  0|    37|          30|          30|
    |add_ln58_4002_fu_823580_p2  |         +|   0|  0|    37|          30|          30|
    |add_ln58_4003_fu_823590_p2  |         +|   0|  0|    38|          31|          31|
    |add_ln58_4004_fu_829156_p2  |         +|   0|  0|    32|          32|          32|
    |add_ln58_4005_fu_825114_p2  |         +|   0|  0|    37|          30|          30|
    |add_ln58_4006_fu_829165_p2  |         +|   0|  0|    37|          30|          30|
    |add_ln58_4007_fu_829175_p2  |         +|   0|  0|    31|          31|          31|
    |add_ln58_4008_fu_829181_p2  |         +|   0|  0|    31|          31|          31|
    |add_ln58_4009_fu_829191_p2  |         +|   0|  0|    32|          32|          32|
    |add_ln58_400_fu_826507_p2   |         +|   0|  0|    32|          32|          32|
    |add_ln58_4010_fu_829197_p2  |         +|   0|  0|    32|          32|          32|
    |add_ln58_4011_fu_864291_p2  |         +|   0|  0|    32|          32|          32|
    |add_ln58_4012_fu_834032_p2  |         +|   0|  0|    30|          30|          30|
    |add_ln58_4013_fu_834038_p2  |         +|   0|  0|    36|          29|          29|
    |add_ln58_4014_fu_834048_p2  |         +|   0|  0|    30|          30|          30|
    |add_ln58_4015_fu_834054_p2  |         +|   0|  0|    37|          30|          30|
    |add_ln58_4016_fu_835920_p2  |         +|   0|  0|    30|          30|          30|
    |add_ln58_4017_fu_835926_p2  |         +|   0|  0|    30|          30|          30|
    |add_ln58_4018_fu_835936_p2  |         +|   0|  0|    38|          31|          31|
    |add_ln58_4019_fu_835946_p2  |         +|   0|  0|    39|          32|          32|
    |add_ln58_401_fu_818362_p2   |         +|   0|  0|    37|          30|          30|
    |add_ln58_4020_fu_839888_p2  |         +|   0|  0|    36|          29|          29|
    |add_ln58_4021_fu_842411_p2  |         +|   0|  0|    36|          29|          29|
    |add_ln58_4022_fu_842421_p2  |         +|   0|  0|    30|          30|          30|
    |add_ln58_4023_fu_842427_p2  |         +|   0|  0|    30|          30|          30|
    |add_ln58_4024_fu_843382_p2  |         +|   0|  0|    36|          29|          29|
    |add_ln58_4025_fu_846790_p2  |         +|   0|  0|    30|          30|          30|
    |add_ln58_4026_fu_846796_p2  |         +|   0|  0|    30|          30|          30|
    |add_ln58_4027_fu_846806_p2  |         +|   0|  0|    31|          31|          31|
    |add_ln58_4028_fu_846812_p2  |         +|   0|  0|    31|          31|          31|
    |add_ln58_4029_fu_864298_p2  |         +|   0|  0|    32|          32|          32|
    |add_ln58_402_fu_822347_p2   |         +|   0|  0|    30|          30|          30|
    |add_ln58_4030_fu_849317_p2  |         +|   0|  0|    36|          29|          29|
    |add_ln58_4031_fu_850719_p2  |         +|   0|  0|    37|          30|          30|
    |add_ln58_4032_fu_850729_p2  |         +|   0|  0|    38|          31|          31|
    |add_ln58_4033_fu_850735_p2  |         +|   0|  0|    37|          30|          30|
    |add_ln58_4034_fu_854857_p2  |         +|   0|  0|    30|          30|          30|
    |add_ln58_4035_fu_854863_p2  |         +|   0|  0|    30|          30|          30|
    |add_ln58_4036_fu_854873_p2  |         +|   0|  0|    38|          31|          31|
    |add_ln58_4037_fu_864309_p2  |         +|   0|  0|    32|          32|          32|
    |add_ln58_4038_fu_854879_p2  |         +|   0|  0|    37|          30|          30|
    |add_ln58_4039_fu_858821_p2  |         +|   0|  0|    36|          29|          29|
    |add_ln58_403_fu_822353_p2   |         +|   0|  0|    30|          30|          30|
    |add_ln58_4040_fu_858831_p2  |         +|   0|  0|    37|          30|          30|
    |add_ln58_4041_fu_858841_p2  |         +|   0|  0|    38|          31|          31|
    |add_ln58_4042_fu_858847_p2  |         +|   0|  0|    35|          28|          28|
    |add_ln58_4043_fu_864321_p2  |         +|   0|  0|    37|          30|           7|
    |add_ln58_4044_fu_864331_p2  |         +|   0|  0|    31|          31|          31|
    |add_ln58_4045_fu_864337_p2  |         +|   0|  0|    31|          31|          31|
    |add_ln58_4046_fu_864347_p2  |         +|   0|  0|    39|          32|          32|
    |add_ln58_4047_fu_864353_p2  |         +|   0|  0|    32|          32|          32|
    |add_ln58_4048_fu_864359_p2  |         +|   0|  0|    32|          32|          32|
    |add_ln58_4049_fu_864365_p2  |         +|   0|  0|    32|          32|          32|
    |add_ln58_404_fu_822363_p2   |         +|   0|  0|    38|          31|          31|
    |add_ln58_4050_fu_796024_p2  |         +|   0|  0|    37|          30|          30|
    |add_ln58_4051_fu_798003_p2  |         +|   0|  0|    37|          30|          30|
    |add_ln58_4052_fu_798013_p2  |         +|   0|  0|    38|          31|          31|
    |add_ln58_4053_fu_799385_p2  |         +|   0|  0|    37|          30|          30|
    |add_ln58_4054_fu_801970_p2  |         +|   0|  0|    37|          30|          30|
    |add_ln58_4055_fu_801980_p2  |         +|   0|  0|    38|          31|          31|
    |add_ln58_4056_fu_801990_p2  |         +|   0|  0|    39|          32|          32|
    |add_ln58_4057_fu_811606_p2  |         +|   0|  0|    32|          32|          32|
    |add_ln58_4058_fu_803527_p2  |         +|   0|  0|    36|          29|          29|
    |add_ln58_4059_fu_805908_p2  |         +|   0|  0|    37|          30|          30|
    |add_ln58_405_fu_824832_p2   |         +|   0|  0|    35|          28|          28|
    |add_ln58_4060_fu_805918_p2  |         +|   0|  0|    31|          31|          31|
    |add_ln58_4061_fu_805924_p2  |         +|   0|  0|    31|          31|          31|
    |add_ln58_4062_fu_807370_p2  |         +|   0|  0|    37|          30|          30|
    |add_ln58_4063_fu_811617_p2  |         +|   0|  0|    37|          30|          30|
    |add_ln58_4064_fu_811627_p2  |         +|   0|  0|    38|          31|          31|
    |add_ln58_4065_fu_811637_p2  |         +|   0|  0|    32|          32|          32|
    |add_ln58_4066_fu_811643_p2  |         +|   0|  0|    32|          32|          32|
    |add_ln58_4067_fu_811649_p2  |         +|   0|  0|    32|          32|          32|
    |add_ln58_4068_fu_813538_p2  |         +|   0|  0|    36|          29|          29|
    |add_ln58_4069_fu_815716_p2  |         +|   0|  0|    37|          30|          30|
    |add_ln58_406_fu_826519_p2   |         +|   0|  0|    36|          29|          29|
    |add_ln58_4070_fu_815726_p2  |         +|   0|  0|    38|          31|          31|
    |add_ln58_4071_fu_816803_p2  |         +|   0|  0|    37|          30|          30|
    |add_ln58_4072_fu_819807_p2  |         +|   0|  0|    36|          29|          29|
    |add_ln58_4073_fu_819817_p2  |         +|   0|  0|    37|          30|          30|
    |add_ln58_4074_fu_819827_p2  |         +|   0|  0|    38|          31|          31|
    |add_ln58_4075_fu_829209_p2  |         +|   0|  0|    32|          32|          32|
    |add_ln58_4076_fu_820970_p2  |         +|   0|  0|    37|          30|          30|
    |add_ln58_4077_fu_823596_p2  |         +|   0|  0|    37|          30|          30|
    |add_ln58_4078_fu_823606_p2  |         +|   0|  0|    38|          31|          31|
    |add_ln58_4079_fu_829221_p2  |         +|   0|  0|    32|          32|          32|
    |add_ln58_407_fu_826529_p2   |         +|   0|  0|    30|          30|          30|
    |add_ln58_4080_fu_825120_p2  |         +|   0|  0|    37|          30|          30|
    |add_ln58_4081_fu_829230_p2  |         +|   0|  0|    30|          30|          30|
    |add_ln58_4082_fu_829236_p2  |         +|   0|  0|    30|          30|          30|
    |add_ln58_4083_fu_829246_p2  |         +|   0|  0|    38|          31|          31|
    |add_ln58_4084_fu_829256_p2  |         +|   0|  0|    32|          32|          32|
    |add_ln58_4085_fu_829262_p2  |         +|   0|  0|    32|          32|          32|
    |add_ln58_4086_fu_864371_p2  |         +|   0|  0|    32|          32|          32|
    |add_ln58_4087_fu_832099_p2  |         +|   0|  0|    37|          30|          30|
    |add_ln58_4088_fu_834063_p2  |         +|   0|  0|    37|          30|          30|
    |add_ln58_4089_fu_834073_p2  |         +|   0|  0|    38|          31|          31|
    |add_ln58_408_fu_826535_p2   |         +|   0|  0|    30|          30|          30|
    |add_ln58_4090_fu_834079_p2  |         +|   0|  0|    36|          29|          29|
    |add_ln58_4091_fu_838501_p2  |         +|   0|  0|    35|          28|          28|
    |add_ln58_4092_fu_838511_p2  |         +|   0|  0|    36|          29|          29|
    |add_ln58_4093_fu_838521_p2  |         +|   0|  0|    37|          30|          30|
    |add_ln58_4094_fu_838531_p2  |         +|   0|  0|    39|          32|          32|
    |add_ln58_4095_fu_839894_p2  |         +|   0|  0|    37|          30|          30|
    |add_ln58_4096_fu_842433_p2  |         +|   0|  0|    37|          30|          30|
    |add_ln58_4097_fu_842443_p2  |         +|   0|  0|    38|          31|          31|
    |add_ln58_4098_fu_846824_p2  |         +|   0|  0|    32|          32|          32|
    |add_ln58_4099_fu_843388_p2  |         +|   0|  0|    37|          30|          30|
    |add_ln58_409_fu_826545_p2   |         +|   0|  0|    39|          32|          32|
    |add_ln58_40_fu_833321_p2    |         +|   0|  0|    35|          28|          28|
    |add_ln58_4100_fu_846833_p2  |         +|   0|  0|    36|          29|          29|
    |add_ln58_4101_fu_846843_p2  |         +|   0|  0|    37|          30|          30|
    |add_ln58_4102_fu_846853_p2  |         +|   0|  0|    38|          31|          31|
    |add_ln58_4103_fu_846863_p2  |         +|   0|  0|    32|          32|          32|
    |add_ln58_4104_fu_864375_p2  |         +|   0|  0|    32|          32|          32|
    |add_ln58_4105_fu_849323_p2  |         +|   0|  0|    37|          30|          30|
    |add_ln58_4106_fu_850744_p2  |         +|   0|  0|    35|          28|          28|
    |add_ln58_4107_fu_850754_p2  |         +|   0|  0|    38|          31|          31|
    |add_ln58_4108_fu_850760_p2  |         +|   0|  0|    37|          30|          30|
    |add_ln58_4109_fu_854888_p2  |         +|   0|  0|    36|          29|          29|
    |add_ln58_410_fu_826551_p2   |         +|   0|  0|    32|          32|          32|
    |add_ln58_4110_fu_854898_p2  |         +|   0|  0|    37|          30|          30|
    |add_ln58_4111_fu_854908_p2  |         +|   0|  0|    38|          31|          31|
    |add_ln58_4112_fu_864385_p2  |         +|   0|  0|    32|          32|          32|
    |add_ln58_4113_fu_854914_p2  |         +|   0|  0|    37|          30|          30|
    |add_ln58_4114_fu_858856_p2  |         +|   0|  0|    36|          29|          29|
    |add_ln58_4115_fu_858866_p2  |         +|   0|  0|    37|          30|          30|
    |add_ln58_4116_fu_858876_p2  |         +|   0|  0|    38|          31|          31|
    |add_ln58_4117_fu_858882_p2  |         +|   0|  0|    37|          30|          30|
    |add_ln58_4118_fu_864397_p2  |         +|   0|  0|    36|          29|           8|
    |add_ln58_4119_fu_864407_p2  |         +|   0|  0|    37|          30|          30|
    |add_ln58_411_fu_860481_p2   |         +|   0|  0|    32|          32|          32|
    |add_ln58_4120_fu_864417_p2  |         +|   0|  0|    38|          31|          31|
    |add_ln58_4121_fu_864427_p2  |         +|   0|  0|    39|          32|          32|
    |add_ln58_4122_fu_864433_p2  |         +|   0|  0|    32|          32|          32|
    |add_ln58_4123_fu_864439_p2  |         +|   0|  0|    32|          32|          32|
    |add_ln58_4124_fu_864445_p2  |         +|   0|  0|    32|          32|          32|
    |add_ln58_4125_fu_796030_p2  |         +|   0|  0|    37|          30|          30|
    |add_ln58_4126_fu_798022_p2  |         +|   0|  0|    37|          30|          30|
    |add_ln58_4127_fu_798032_p2  |         +|   0|  0|    38|          31|          31|
    |add_ln58_4128_fu_799391_p2  |         +|   0|  0|    37|          30|          30|
    |add_ln58_4129_fu_801999_p2  |         +|   0|  0|    36|          29|          29|
    |add_ln58_412_fu_831331_p2   |         +|   0|  0|    37|          30|          30|
    |add_ln58_4130_fu_802009_p2  |         +|   0|  0|    37|          30|          30|
    |add_ln58_4131_fu_802019_p2  |         +|   0|  0|    38|          31|          31|
    |add_ln58_4132_fu_811661_p2  |         +|   0|  0|    32|          32|          32|
    |add_ln58_4133_fu_803533_p2  |         +|   0|  0|    37|          30|          30|
    |add_ln58_4134_fu_805933_p2  |         +|   0|  0|    36|          29|          29|
    |add_ln58_4135_fu_805943_p2  |         +|   0|  0|    37|          30|          30|
    |add_ln58_4136_fu_805953_p2  |         +|   0|  0|    38|          31|          31|
    |add_ln58_4137_fu_807376_p2  |         +|   0|  0|    37|          30|          30|
    |add_ln58_4138_fu_811673_p2  |         +|   0|  0|    30|          30|          30|
    |add_ln58_4139_fu_811679_p2  |         +|   0|  0|    30|          30|          30|
    |add_ln58_413_fu_831341_p2   |         +|   0|  0|    36|          29|          29|
    |add_ln58_4140_fu_811689_p2  |         +|   0|  0|    38|          31|          31|
    |add_ln58_4141_fu_811699_p2  |         +|   0|  0|    39|          32|          32|
    |add_ln58_4142_fu_811705_p2  |         +|   0|  0|    32|          32|          32|
    |add_ln58_4143_fu_813544_p2  |         +|   0|  0|    37|          30|          30|
    |add_ln58_4144_fu_815735_p2  |         +|   0|  0|    37|          30|          30|
    |add_ln58_4145_fu_815745_p2  |         +|   0|  0|    38|          31|          31|
    |add_ln58_4146_fu_816809_p2  |         +|   0|  0|    36|          29|          29|
    |add_ln58_4147_fu_819836_p2  |         +|   0|  0|    36|          29|          29|
    |add_ln58_4148_fu_819846_p2  |         +|   0|  0|    37|          30|          30|
    |add_ln58_4149_fu_819856_p2  |         +|   0|  0|    38|          31|          31|
    |add_ln58_414_fu_831351_p2   |         +|   0|  0|    38|          31|          31|
    |add_ln58_4150_fu_829274_p2  |         +|   0|  0|    32|          32|          32|
    |add_ln58_4151_fu_820976_p2  |         +|   0|  0|    37|          30|          30|
    |add_ln58_4152_fu_823612_p2  |         +|   0|  0|    37|          30|          30|
    |add_ln58_4153_fu_823622_p2  |         +|   0|  0|    38|          31|          31|
    |add_ln58_4154_fu_829286_p2  |         +|   0|  0|    32|          32|          32|
    |add_ln58_4155_fu_825126_p2  |         +|   0|  0|    37|          30|          30|
    |add_ln58_4156_fu_829295_p2  |         +|   0|  0|    30|          30|          30|
    |add_ln58_4157_fu_829301_p2  |         +|   0|  0|    30|          30|          30|
    |add_ln58_4158_fu_829311_p2  |         +|   0|  0|    38|          31|          31|
    |add_ln58_4159_fu_829321_p2  |         +|   0|  0|    32|          32|          32|
    |add_ln58_415_fu_833351_p2   |         +|   0|  0|    36|          29|          29|
    |add_ln58_4160_fu_829327_p2  |         +|   0|  0|    32|          32|          32|
    |add_ln58_4161_fu_864451_p2  |         +|   0|  0|    32|          32|          32|
    |add_ln58_4162_fu_832105_p2  |         +|   0|  0|    37|          30|          30|
    |add_ln58_4163_fu_834088_p2  |         +|   0|  0|    37|          30|          30|
    |add_ln58_4164_fu_834098_p2  |         +|   0|  0|    38|          31|          31|
    |add_ln58_4165_fu_834104_p2  |         +|   0|  0|    36|          29|          29|
    |add_ln58_4166_fu_838543_p2  |         +|   0|  0|    29|          29|          29|
    |add_ln58_4167_fu_838549_p2  |         +|   0|  0|    29|          29|          29|
    |add_ln58_4168_fu_838559_p2  |         +|   0|  0|    37|          30|          30|
    |add_ln58_4169_fu_838569_p2  |         +|   0|  0|    39|          32|          32|
    |add_ln58_416_fu_835202_p2   |         +|   0|  0|    37|          30|          30|
    |add_ln58_4170_fu_839900_p2  |         +|   0|  0|    37|          30|          30|
    |add_ln58_4171_fu_842452_p2  |         +|   0|  0|    36|          29|          29|
    |add_ln58_4172_fu_842462_p2  |         +|   0|  0|    37|          30|          30|
    |add_ln58_4173_fu_842472_p2  |         +|   0|  0|    38|          31|          31|
    |add_ln58_4174_fu_843394_p2  |         +|   0|  0|    37|          30|          30|
    |add_ln58_4175_fu_846875_p2  |         +|   0|  0|    37|          30|          30|
    |add_ln58_4176_fu_846885_p2  |         +|   0|  0|    31|          31|          31|
    |add_ln58_4177_fu_846891_p2  |         +|   0|  0|    31|          31|          31|
    |add_ln58_4178_fu_846901_p2  |         +|   0|  0|    39|          32|          32|
    |add_ln58_4179_fu_864455_p2  |         +|   0|  0|    32|          32|          32|
    |add_ln58_417_fu_835208_p2   |         +|   0|  0|    30|          30|          30|
    |add_ln58_4180_fu_849329_p2  |         +|   0|  0|    36|          29|          29|
    |add_ln58_4181_fu_850769_p2  |         +|   0|  0|    37|          30|          30|
    |add_ln58_4182_fu_850779_p2  |         +|   0|  0|    38|          31|          31|
    |add_ln58_4183_fu_850785_p2  |         +|   0|  0|    35|          28|          28|
    |add_ln58_4184_fu_854923_p2  |         +|   0|  0|    30|          30|          30|
    |add_ln58_4185_fu_854929_p2  |         +|   0|  0|    30|          30|          30|
    |add_ln58_4186_fu_854939_p2  |         +|   0|  0|    38|          31|          31|
    |add_ln58_4187_fu_864465_p2  |         +|   0|  0|    32|          32|          32|
    |add_ln58_4188_fu_854945_p2  |         +|   0|  0|    37|          30|          30|
    |add_ln58_4189_fu_858891_p2  |         +|   0|  0|    30|          30|          30|
    |add_ln58_418_fu_835214_p2   |         +|   0|  0|    30|          30|          30|
    |add_ln58_4190_fu_858897_p2  |         +|   0|  0|    30|          30|          30|
    |add_ln58_4191_fu_858907_p2  |         +|   0|  0|    38|          31|          31|
    |add_ln58_4192_fu_858913_p2  |         +|   0|  0|    37|          30|          30|
    |add_ln58_4193_fu_864477_p2  |         +|   0|  0|    36|          29|           8|
    |add_ln58_4194_fu_864487_p2  |         +|   0|  0|    37|          30|          30|
    |add_ln58_4195_fu_864497_p2  |         +|   0|  0|    38|          31|          31|
    |add_ln58_4196_fu_864507_p2  |         +|   0|  0|    39|          32|          32|
    |add_ln58_4197_fu_864513_p2  |         +|   0|  0|    32|          32|          32|
    |add_ln58_4198_fu_864519_p2  |         +|   0|  0|    32|          32|          32|
    |add_ln58_4199_fu_864525_p2  |         +|   0|  0|    32|          32|          32|
    |add_ln58_419_fu_835224_p2   |         +|   0|  0|    39|          32|          32|
    |add_ln58_41_fu_835008_p2    |         +|   0|  0|    37|          30|          30|
    |add_ln58_4200_fu_796036_p2  |         +|   0|  0|    37|          30|          30|
    |add_ln58_4201_fu_798041_p2  |         +|   0|  0|    36|          29|          29|
    |add_ln58_4202_fu_798051_p2  |         +|   0|  0|    38|          31|          31|
    |add_ln58_4203_fu_799397_p2  |         +|   0|  0|    37|          30|          30|
    |add_ln58_4204_fu_802028_p2  |         +|   0|  0|    29|          29|          29|
    |add_ln58_4205_fu_802034_p2  |         +|   0|  0|    29|          29|          29|
    |add_ln58_4206_fu_802044_p2  |         +|   0|  0|    38|          31|          31|
    |add_ln58_4207_fu_811717_p2  |         +|   0|  0|    32|          32|          32|
    |add_ln58_4208_fu_803539_p2  |         +|   0|  0|    36|          29|          29|
    |add_ln58_4209_fu_805962_p2  |         +|   0|  0|    37|          30|          30|
    |add_ln58_420_fu_837065_p2   |         +|   0|  0|    36|          29|          29|
    |add_ln58_4210_fu_805972_p2  |         +|   0|  0|    31|          31|          31|
    |add_ln58_4211_fu_805978_p2  |         +|   0|  0|    31|          31|          31|
    |add_ln58_4212_fu_807382_p2  |         +|   0|  0|    37|          30|          30|
    |add_ln58_4213_fu_811729_p2  |         +|   0|  0|    30|          30|          30|
    |add_ln58_4214_fu_811735_p2  |         +|   0|  0|    30|          30|          30|
    |add_ln58_4215_fu_811745_p2  |         +|   0|  0|    38|          31|          31|
    |add_ln58_4216_fu_811755_p2  |         +|   0|  0|    39|          32|          32|
    |add_ln58_4217_fu_811761_p2  |         +|   0|  0|    32|          32|          32|
    |add_ln58_4218_fu_813550_p2  |         +|   0|  0|    37|          30|          30|
    |add_ln58_4219_fu_815754_p2  |         +|   0|  0|    36|          29|          29|
    |add_ln58_421_fu_839676_p2   |         +|   0|  0|    30|          30|          30|
    |add_ln58_4220_fu_815764_p2  |         +|   0|  0|    38|          31|          31|
    |add_ln58_4221_fu_816815_p2  |         +|   0|  0|    35|          28|          28|
    |add_ln58_4222_fu_819865_p2  |         +|   0|  0|    36|          29|          29|
    |add_ln58_4223_fu_819875_p2  |         +|   0|  0|    37|          30|          30|
    |add_ln58_4224_fu_819885_p2  |         +|   0|  0|    38|          31|          31|
    |add_ln58_4225_fu_829339_p2  |         +|   0|  0|    32|          32|          32|
    |add_ln58_4226_fu_820982_p2  |         +|   0|  0|    37|          30|          30|
    |add_ln58_4227_fu_823631_p2  |         +|   0|  0|    30|          30|          30|
    |add_ln58_4228_fu_823637_p2  |         +|   0|  0|    30|          30|          30|
    |add_ln58_4229_fu_823647_p2  |         +|   0|  0|    38|          31|          31|
    |add_ln58_422_fu_839682_p2   |         +|   0|  0|    30|          30|          30|
    |add_ln58_4230_fu_829348_p2  |         +|   0|  0|    30|          30|          30|
    |add_ln58_4231_fu_829354_p2  |         +|   0|  0|    28|          28|          28|
    |add_ln58_4232_fu_829360_p2  |         +|   0|  0|    28|          28|          28|
    |add_ln58_4233_fu_829370_p2  |         +|   0|  0|    30|          30|          30|
    |add_ln58_4234_fu_829380_p2  |         +|   0|  0|    39|          32|          32|
    |add_ln58_4235_fu_829386_p2  |         +|   0|  0|    32|          32|          32|
    |add_ln58_4236_fu_864531_p2  |         +|   0|  0|    32|          32|          32|
    |add_ln58_4237_fu_832111_p2  |         +|   0|  0|    37|          30|          30|
    |add_ln58_4238_fu_834113_p2  |         +|   0|  0|    37|          30|          30|
    |add_ln58_4239_fu_834123_p2  |         +|   0|  0|    38|          31|          31|
    |add_ln58_423_fu_839692_p2   |         +|   0|  0|    38|          31|          31|
    |add_ln58_4240_fu_834129_p2  |         +|   0|  0|    37|          30|          30|
    |add_ln58_4241_fu_838581_p2  |         +|   0|  0|    37|          30|          30|
    |add_ln58_4242_fu_838591_p2  |         +|   0|  0|    38|          31|          31|
    |add_ln58_4243_fu_838601_p2  |         +|   0|  0|    32|          32|          32|
    |add_ln58_4244_fu_838607_p2  |         +|   0|  0|    32|          32|          32|
    |add_ln58_4245_fu_839906_p2  |         +|   0|  0|    36|          29|          29|
    |add_ln58_4246_fu_842481_p2  |         +|   0|  0|    30|          30|          30|
    |add_ln58_4247_fu_842487_p2  |         +|   0|  0|    30|          30|          30|
    |add_ln58_4248_fu_842497_p2  |         +|   0|  0|    38|          31|          31|
    |add_ln58_4249_fu_843400_p2  |         +|   0|  0|    37|          30|          30|
    |add_ln58_424_fu_841205_p2   |         +|   0|  0|    37|          30|          30|
    |add_ln58_4250_fu_846913_p2  |         +|   0|  0|    37|          30|          30|
    |add_ln58_4251_fu_846923_p2  |         +|   0|  0|    31|          31|          31|
    |add_ln58_4252_fu_846929_p2  |         +|   0|  0|    31|          31|          31|
    |add_ln58_4253_fu_846939_p2  |         +|   0|  0|    39|          32|          32|
    |add_ln58_4254_fu_864535_p2  |         +|   0|  0|    32|          32|          32|
    |add_ln58_4255_fu_849335_p2  |         +|   0|  0|    37|          30|          30|
    |add_ln58_4256_fu_850794_p2  |         +|   0|  0|    37|          30|          30|
    |add_ln58_4257_fu_850804_p2  |         +|   0|  0|    38|          31|          31|
    |add_ln58_4258_fu_850810_p2  |         +|   0|  0|    37|          30|          30|
    |add_ln58_4259_fu_854954_p2  |         +|   0|  0|    29|          29|          29|
    |add_ln58_425_fu_844818_p2   |         +|   0|  0|    34|          27|          27|
    |add_ln58_4260_fu_854960_p2  |         +|   0|  0|    29|          29|          29|
    |add_ln58_4261_fu_854970_p2  |         +|   0|  0|    38|          31|          31|
    |add_ln58_4262_fu_864545_p2  |         +|   0|  0|    32|          32|          32|
    |add_ln58_4263_fu_854976_p2  |         +|   0|  0|    37|          30|          30|
    |add_ln58_4264_fu_858922_p2  |         +|   0|  0|    36|          29|          29|
    |add_ln58_4265_fu_858932_p2  |         +|   0|  0|    37|          30|          30|
    |add_ln58_4266_fu_858942_p2  |         +|   0|  0|    38|          31|          31|
    |add_ln58_4267_fu_858948_p2  |         +|   0|  0|    36|          29|          29|
    |add_ln58_4268_fu_864557_p2  |         +|   0|  0|    37|          30|          10|
    |add_ln58_4269_fu_864567_p2  |         +|   0|  0|    31|          31|          31|
    |add_ln58_426_fu_844828_p2   |         +|   0|  0|    35|          28|          28|
    |add_ln58_4270_fu_864573_p2  |         +|   0|  0|    31|          31|          31|
    |add_ln58_4271_fu_864583_p2  |         +|   0|  0|    39|          32|          32|
    |add_ln58_4272_fu_864589_p2  |         +|   0|  0|    32|          32|          32|
    |add_ln58_4273_fu_864595_p2  |         +|   0|  0|    32|          32|          32|
    |add_ln58_4274_fu_864601_p2  |         +|   0|  0|    32|          32|          32|
    |add_ln58_4275_fu_796042_p2  |         +|   0|  0|    37|          30|          30|
    |add_ln58_4276_fu_798060_p2  |         +|   0|  0|    37|          30|          30|
    |add_ln58_4277_fu_798070_p2  |         +|   0|  0|    38|          31|          31|
    |add_ln58_4278_fu_799403_p2  |         +|   0|  0|    37|          30|          30|
    |add_ln58_4279_fu_802053_p2  |         +|   0|  0|    36|          29|          29|
    |add_ln58_427_fu_844838_p2   |         +|   0|  0|    38|          31|          31|
    |add_ln58_4280_fu_802063_p2  |         +|   0|  0|    37|          30|          30|
    |add_ln58_4281_fu_802073_p2  |         +|   0|  0|    38|          31|          31|
    |add_ln58_4282_fu_811773_p2  |         +|   0|  0|    32|          32|          32|
    |add_ln58_4283_fu_803545_p2  |         +|   0|  0|    37|          30|          30|
    |add_ln58_4284_fu_805984_p2  |         +|   0|  0|    37|          30|          30|
    |add_ln58_4285_fu_805994_p2  |         +|   0|  0|    38|          31|          31|
    |add_ln58_4286_fu_811785_p2  |         +|   0|  0|    32|          32|          32|
    |add_ln58_4287_fu_807388_p2  |         +|   0|  0|    37|          30|          30|
    |add_ln58_4288_fu_811794_p2  |         +|   0|  0|    36|          29|          29|
    |add_ln58_4289_fu_811804_p2  |         +|   0|  0|    37|          30|          30|
    |add_ln58_428_fu_844848_p2   |         +|   0|  0|    39|          32|          32|
    |add_ln58_4290_fu_811814_p2  |         +|   0|  0|    38|          31|          31|
    |add_ln58_4291_fu_811824_p2  |         +|   0|  0|    32|          32|          32|
    |add_ln58_4292_fu_811830_p2  |         +|   0|  0|    32|          32|          32|
    |add_ln58_4293_fu_813556_p2  |         +|   0|  0|    35|          28|          28|
    |add_ln58_4294_fu_815773_p2  |         +|   0|  0|    37|          30|          30|
    |add_ln58_4295_fu_815783_p2  |         +|   0|  0|    38|          31|          31|
    |add_ln58_4296_fu_816821_p2  |         +|   0|  0|    36|          29|          29|
    |add_ln58_4297_fu_819894_p2  |         +|   0|  0|    36|          29|          29|
    |add_ln58_4298_fu_819904_p2  |         +|   0|  0|    37|          30|          30|
    |add_ln58_4299_fu_819914_p2  |         +|   0|  0|    38|          31|          31|
    |add_ln58_429_fu_860485_p2   |         +|   0|  0|    32|          32|          32|
    |add_ln58_42_fu_835018_p2    |         +|   0|  0|    31|          31|          31|
    |add_ln58_4300_fu_829398_p2  |         +|   0|  0|    32|          32|          32|
    |add_ln58_4301_fu_820988_p2  |         +|   0|  0|    37|          30|          30|
    |add_ln58_4302_fu_823656_p2  |         +|   0|  0|    30|          30|          30|
    |add_ln58_4303_fu_823662_p2  |         +|   0|  0|    30|          30|          30|
    |add_ln58_4304_fu_823672_p2  |         +|   0|  0|    38|          31|          31|
    |add_ln58_4305_fu_825132_p2  |         +|   0|  0|    36|          29|          29|
    |add_ln58_4306_fu_829410_p2  |         +|   0|  0|    30|          30|          30|
    |add_ln58_4307_fu_829416_p2  |         +|   0|  0|    30|          30|          30|
    |add_ln58_4308_fu_829426_p2  |         +|   0|  0|    38|          31|          31|
    |add_ln58_4309_fu_829436_p2  |         +|   0|  0|    39|          32|          32|
    |add_ln58_430_fu_844854_p2   |         +|   0|  0|    37|          30|          30|
    |add_ln58_4310_fu_829442_p2  |         +|   0|  0|    32|          32|          32|
    |add_ln58_4311_fu_864607_p2  |         +|   0|  0|    32|          32|          32|
    |add_ln58_4312_fu_832117_p2  |         +|   0|  0|    37|          30|          30|
    |add_ln58_4313_fu_834138_p2  |         +|   0|  0|    36|          29|          29|
    |add_ln58_4314_fu_834148_p2  |         +|   0|  0|    38|          31|          31|
    |add_ln58_4315_fu_834154_p2  |         +|   0|  0|    37|          30|          30|
    |add_ln58_4316_fu_838619_p2  |         +|   0|  0|    36|          29|          29|
    |add_ln58_4317_fu_838629_p2  |         +|   0|  0|    37|          30|          30|
    |add_ln58_4318_fu_838639_p2  |         +|   0|  0|    38|          31|          31|
    |add_ln58_4319_fu_838649_p2  |         +|   0|  0|    39|          32|          32|
    |add_ln58_431_fu_848319_p2   |         +|   0|  0|    36|          29|          29|
    |add_ln58_4320_fu_839912_p2  |         +|   0|  0|    37|          30|          30|
    |add_ln58_4321_fu_842506_p2  |         +|   0|  0|    37|          30|          30|
    |add_ln58_4322_fu_842516_p2  |         +|   0|  0|    31|          31|          31|
    |add_ln58_4323_fu_842522_p2  |         +|   0|  0|    31|          31|          31|
    |add_ln58_4324_fu_843406_p2  |         +|   0|  0|    37|          30|          30|
    |add_ln58_4325_fu_846951_p2  |         +|   0|  0|    30|          30|          30|
    |add_ln58_4326_fu_846957_p2  |         +|   0|  0|    30|          30|          30|
    |add_ln58_4327_fu_846967_p2  |         +|   0|  0|    38|          31|          31|
    |add_ln58_4328_fu_846977_p2  |         +|   0|  0|    39|          32|          32|
    |add_ln58_4329_fu_864611_p2  |         +|   0|  0|    32|          32|          32|
    |add_ln58_432_fu_848329_p2   |         +|   0|  0|    38|          31|          31|
    |add_ln58_4330_fu_849341_p2  |         +|   0|  0|    37|          30|          30|
    |add_ln58_4331_fu_850819_p2  |         +|   0|  0|    37|          30|          30|
    |add_ln58_4332_fu_850829_p2  |         +|   0|  0|    38|          31|          31|
    |add_ln58_4333_fu_850835_p2  |         +|   0|  0|    37|          30|          30|
    |add_ln58_4334_fu_854985_p2  |         +|   0|  0|    37|          30|          30|
    |add_ln58_4335_fu_854995_p2  |         +|   0|  0|    31|          31|          31|
    |add_ln58_4336_fu_855001_p2  |         +|   0|  0|    31|          31|          31|
    |add_ln58_4337_fu_864621_p2  |         +|   0|  0|    32|          32|          32|
    |add_ln58_4338_fu_855007_p2  |         +|   0|  0|    37|          30|          30|
    |add_ln58_4339_fu_858957_p2  |         +|   0|  0|    35|          28|          28|
    |add_ln58_433_fu_850377_p2   |         +|   0|  0|    37|          30|          30|
    |add_ln58_4340_fu_858967_p2  |         +|   0|  0|    37|          30|          30|
    |add_ln58_4341_fu_858977_p2  |         +|   0|  0|    38|          31|          31|
    |add_ln58_4342_fu_858983_p2  |         +|   0|  0|    36|          29|          29|
    |add_ln58_4343_fu_864633_p2  |         +|   0|  0|    35|          28|           8|
    |add_ln58_4344_fu_864643_p2  |         +|   0|  0|    30|          30|          30|
    |add_ln58_4345_fu_864649_p2  |         +|   0|  0|    30|          30|          30|
    |add_ln58_4346_fu_864659_p2  |         +|   0|  0|    39|          32|          32|
    |add_ln58_4347_fu_864665_p2  |         +|   0|  0|    32|          32|          32|
    |add_ln58_4348_fu_864671_p2  |         +|   0|  0|    32|          32|          32|
    |add_ln58_4349_fu_864677_p2  |         +|   0|  0|    32|          32|          32|
    |add_ln58_434_fu_852126_p2   |         +|   0|  0|    30|          30|          30|
    |add_ln58_4350_fu_796048_p2  |         +|   0|  0|    35|          28|          28|
    |add_ln58_4351_fu_798079_p2  |         +|   0|  0|    30|          30|          30|
    |add_ln58_4352_fu_798085_p2  |         +|   0|  0|    30|          30|          30|
    |add_ln58_4353_fu_799409_p2  |         +|   0|  0|    37|          30|          30|
    |add_ln58_4354_fu_802082_p2  |         +|   0|  0|    30|          30|          30|
    |add_ln58_4355_fu_802088_p2  |         +|   0|  0|    30|          30|          30|
    |add_ln58_4356_fu_802098_p2  |         +|   0|  0|    38|          31|          31|
    |add_ln58_4357_fu_811842_p2  |         +|   0|  0|    32|          32|          32|
    |add_ln58_4358_fu_803551_p2  |         +|   0|  0|    37|          30|          30|
    |add_ln58_4359_fu_806003_p2  |         +|   0|  0|    37|          30|          30|
    |add_ln58_435_fu_852132_p2   |         +|   0|  0|    30|          30|          30|
    |add_ln58_4360_fu_806013_p2  |         +|   0|  0|    31|          31|          31|
    |add_ln58_4361_fu_806019_p2  |         +|   0|  0|    31|          31|          31|
    |add_ln58_4362_fu_807394_p2  |         +|   0|  0|    36|          29|          29|
    |add_ln58_4363_fu_811854_p2  |         +|   0|  0|    37|          30|          30|
    |add_ln58_4364_fu_811864_p2  |         +|   0|  0|    31|          31|          31|
    |add_ln58_4365_fu_811870_p2  |         +|   0|  0|    31|          31|          31|
    |add_ln58_4366_fu_811880_p2  |         +|   0|  0|    39|          32|          32|
    |add_ln58_4367_fu_811886_p2  |         +|   0|  0|    32|          32|          32|
    |add_ln58_4368_fu_813562_p2  |         +|   0|  0|    36|          29|          29|
    |add_ln58_4369_fu_815792_p2  |         +|   0|  0|    35|          28|          28|
    |add_ln58_436_fu_852142_p2   |         +|   0|  0|    38|          31|          31|
    |add_ln58_4370_fu_815802_p2  |         +|   0|  0|    37|          30|          30|
    |add_ln58_4371_fu_816827_p2  |         +|   0|  0|    35|          28|          28|
    |add_ln58_4372_fu_819926_p2  |         +|   0|  0|    37|          30|          30|
    |add_ln58_4373_fu_819936_p2  |         +|   0|  0|    38|          31|          31|
    |add_ln58_4374_fu_819942_p2  |         +|   0|  0|    31|          31|          31|
    |add_ln58_4375_fu_819948_p2  |         +|   0|  0|    31|          31|          31|
    |add_ln58_4376_fu_820994_p2  |         +|   0|  0|    37|          30|          30|
    |add_ln58_4377_fu_823681_p2  |         +|   0|  0|    37|          30|          30|
    |add_ln58_4378_fu_823691_p2  |         +|   0|  0|    31|          31|          31|
    |add_ln58_4379_fu_823697_p2  |         +|   0|  0|    31|          31|          31|
    |add_ln58_437_fu_860495_p2   |         +|   0|  0|    32|          32|          32|
    |add_ln58_4380_fu_825138_p2  |         +|   0|  0|    37|          30|          30|
    |add_ln58_4381_fu_829457_p2  |         +|   0|  0|    30|          30|          30|
    |add_ln58_4382_fu_829463_p2  |         +|   0|  0|    30|          30|          30|
    |add_ln58_4383_fu_829473_p2  |         +|   0|  0|    38|          31|          31|
    |add_ln58_4384_fu_829483_p2  |         +|   0|  0|    32|          32|          32|
    |add_ln58_4385_fu_829489_p2  |         +|   0|  0|    32|          32|          32|
    |add_ln58_4386_fu_864683_p2  |         +|   0|  0|    32|          32|          32|
    |add_ln58_4387_fu_832123_p2  |         +|   0|  0|    36|          29|          29|
    |add_ln58_4388_fu_834163_p2  |         +|   0|  0|    37|          30|          30|
    |add_ln58_4389_fu_834173_p2  |         +|   0|  0|    38|          31|          31|
    |add_ln58_438_fu_854227_p2   |         +|   0|  0|    37|          30|          30|
    |add_ln58_4390_fu_834179_p2  |         +|   0|  0|    37|          30|          30|
    |add_ln58_4391_fu_838661_p2  |         +|   0|  0|    30|          30|          30|
    |add_ln58_4392_fu_838667_p2  |         +|   0|  0|    30|          30|          30|
    |add_ln58_4393_fu_838677_p2  |         +|   0|  0|    38|          31|          31|
    |add_ln58_4394_fu_838687_p2  |         +|   0|  0|    39|          32|          32|
    |add_ln58_4395_fu_839918_p2  |         +|   0|  0|    37|          30|          30|
    |add_ln58_4396_fu_842531_p2  |         +|   0|  0|    35|          28|          28|
    |add_ln58_4397_fu_842541_p2  |         +|   0|  0|    36|          29|          29|
    |add_ln58_4398_fu_842551_p2  |         +|   0|  0|    38|          31|          31|
    |add_ln58_4399_fu_843412_p2  |         +|   0|  0|    36|          29|          29|
    |add_ln58_439_fu_856073_p2   |         +|   0|  0|    29|          29|          29|
    |add_ln58_43_fu_835024_p2    |         +|   0|  0|    31|          31|          31|
    |add_ln58_4400_fu_846989_p2  |         +|   0|  0|    36|          29|          29|
    |add_ln58_4401_fu_846999_p2  |         +|   0|  0|    30|          30|          30|
    |add_ln58_4402_fu_847005_p2  |         +|   0|  0|    30|          30|          30|
    |add_ln58_4403_fu_847015_p2  |         +|   0|  0|    39|          32|          32|
    |add_ln58_4404_fu_864687_p2  |         +|   0|  0|    32|          32|          32|
    |add_ln58_4405_fu_850841_p2  |         +|   0|  0|    30|          30|          30|
    |add_ln58_4406_fu_850847_p2  |         +|   0|  0|    36|          29|          29|
    |add_ln58_4407_fu_850857_p2  |         +|   0|  0|    30|          30|          30|
    |add_ln58_4408_fu_850863_p2  |         +|   0|  0|    37|          30|          30|
    |add_ln58_4409_fu_855016_p2  |         +|   0|  0|    36|          29|          29|
    |add_ln58_440_fu_856079_p2   |         +|   0|  0|    29|          29|          29|
    |add_ln58_4410_fu_855026_p2  |         +|   0|  0|    37|          30|          30|
    |add_ln58_4411_fu_855036_p2  |         +|   0|  0|    38|          31|          31|
    |add_ln58_4412_fu_864697_p2  |         +|   0|  0|    32|          32|          32|
    |add_ln58_4413_fu_855042_p2  |         +|   0|  0|    37|          30|          30|
    |add_ln58_4414_fu_858992_p2  |         +|   0|  0|    35|          28|          28|
    |add_ln58_4415_fu_859002_p2  |         +|   0|  0|    37|          30|          30|
    |add_ln58_4416_fu_859012_p2  |         +|   0|  0|    38|          31|          31|
    |add_ln58_4417_fu_859018_p2  |         +|   0|  0|    36|          29|          29|
    |add_ln58_4418_fu_864709_p2  |         +|   0|  0|    36|          29|           9|
    |add_ln58_4419_fu_864719_p2  |         +|   0|  0|    30|          30|          30|
    |add_ln58_441_fu_856089_p2   |         +|   0|  0|    38|          31|          31|
    |add_ln58_4420_fu_864725_p2  |         +|   0|  0|    30|          30|          30|
    |add_ln58_4421_fu_864735_p2  |         +|   0|  0|    39|          32|          32|
    |add_ln58_4422_fu_864741_p2  |         +|   0|  0|    32|          32|          32|
    |add_ln58_4423_fu_864747_p2  |         +|   0|  0|    32|          32|          32|
    |add_ln58_4424_fu_864753_p2  |         +|   0|  0|    32|          32|          32|
    |add_ln58_4425_fu_796054_p2  |         +|   0|  0|    37|          30|          30|
    |add_ln58_4426_fu_798094_p2  |         +|   0|  0|    37|          30|          30|
    |add_ln58_4427_fu_798104_p2  |         +|   0|  0|    38|          31|          31|
    |add_ln58_4428_fu_799415_p2  |         +|   0|  0|    36|          29|          29|
    |add_ln58_4429_fu_802107_p2  |         +|   0|  0|    34|          27|          27|
    |add_ln58_442_fu_858171_p2   |         +|   0|  0|    36|          29|          29|
    |add_ln58_4430_fu_802117_p2  |         +|   0|  0|    30|          30|          30|
    |add_ln58_4431_fu_802123_p2  |         +|   0|  0|    30|          30|          30|
    |add_ln58_4432_fu_811898_p2  |         +|   0|  0|    32|          32|          32|
    |add_ln58_4433_fu_803557_p2  |         +|   0|  0|    34|          27|          27|
    |add_ln58_4434_fu_806028_p2  |         +|   0|  0|    37|          30|          30|
    |add_ln58_4435_fu_806038_p2  |         +|   0|  0|    31|          31|          31|
    |add_ln58_4436_fu_806044_p2  |         +|   0|  0|    31|          31|          31|
    |add_ln58_4437_fu_807400_p2  |         +|   0|  0|    37|          30|          30|
    |add_ln58_4438_fu_811910_p2  |         +|   0|  0|    36|          29|          29|
    |add_ln58_4439_fu_811920_p2  |         +|   0|  0|    37|          30|          30|
    |add_ln58_443_fu_860507_p2   |         +|   0|  0|    36|          29|           9|
    |add_ln58_4440_fu_811930_p2  |         +|   0|  0|    38|          31|          31|
    |add_ln58_4441_fu_811940_p2  |         +|   0|  0|    39|          32|          32|
    |add_ln58_4442_fu_811946_p2  |         +|   0|  0|    32|          32|          32|
    |add_ln58_4443_fu_813568_p2  |         +|   0|  0|    37|          30|          30|
    |add_ln58_4444_fu_815811_p2  |         +|   0|  0|    37|          30|          30|
    |add_ln58_4445_fu_815821_p2  |         +|   0|  0|    38|          31|          31|
    |add_ln58_4446_fu_816833_p2  |         +|   0|  0|    36|          29|          29|
    |add_ln58_4447_fu_819957_p2  |         +|   0|  0|    30|          30|          30|
    |add_ln58_4448_fu_819963_p2  |         +|   0|  0|    30|          30|          30|
    |add_ln58_4449_fu_819973_p2  |         +|   0|  0|    38|          31|          31|
    |add_ln58_444_fu_860517_p2   |         +|   0|  0|    37|          30|          30|
    |add_ln58_4450_fu_829501_p2  |         +|   0|  0|    32|          32|          32|
    |add_ln58_4451_fu_821000_p2  |         +|   0|  0|    37|          30|          30|
    |add_ln58_4452_fu_823706_p2  |         +|   0|  0|    30|          30|          30|
    |add_ln58_4453_fu_823712_p2  |         +|   0|  0|    30|          30|          30|
    |add_ln58_4454_fu_823722_p2  |         +|   0|  0|    38|          31|          31|
    |add_ln58_4455_fu_825144_p2  |         +|   0|  0|    37|          30|          30|
    |add_ln58_4456_fu_829513_p2  |         +|   0|  0|    34|          27|          27|
    |add_ln58_4457_fu_829523_p2  |         +|   0|  0|    37|          30|          30|
    |add_ln58_4458_fu_829533_p2  |         +|   0|  0|    38|          31|          31|
    |add_ln58_4459_fu_829543_p2  |         +|   0|  0|    39|          32|          32|
    |add_ln58_445_fu_860527_p2   |         +|   0|  0|    38|          31|          31|
    |add_ln58_4460_fu_829549_p2  |         +|   0|  0|    32|          32|          32|
    |add_ln58_4461_fu_864759_p2  |         +|   0|  0|    32|          32|          32|
    |add_ln58_4462_fu_832129_p2  |         +|   0|  0|    36|          29|          29|
    |add_ln58_4463_fu_834188_p2  |         +|   0|  0|    37|          30|          30|
    |add_ln58_4464_fu_834198_p2  |         +|   0|  0|    38|          31|          31|
    |add_ln58_4465_fu_834204_p2  |         +|   0|  0|    36|          29|          29|
    |add_ln58_4466_fu_838699_p2  |         +|   0|  0|    34|          27|          27|
    |add_ln58_4467_fu_838709_p2  |         +|   0|  0|    36|          29|          29|
    |add_ln58_4468_fu_838719_p2  |         +|   0|  0|    37|          30|          30|
    |add_ln58_4469_fu_838729_p2  |         +|   0|  0|    39|          32|          32|
    |add_ln58_446_fu_860537_p2   |         +|   0|  0|    39|          32|          32|
    |add_ln58_4470_fu_839924_p2  |         +|   0|  0|    36|          29|          29|
    |add_ln58_4471_fu_842557_p2  |         +|   0|  0|    36|          29|          29|
    |add_ln58_4472_fu_842567_p2  |         +|   0|  0|    37|          30|          30|
    |add_ln58_4473_fu_847027_p2  |         +|   0|  0|    31|          31|          31|
    |add_ln58_4474_fu_843418_p2  |         +|   0|  0|    36|          29|          29|
    |add_ln58_4475_fu_847036_p2  |         +|   0|  0|    35|          28|          28|
    |add_ln58_4476_fu_847046_p2  |         +|   0|  0|    36|          29|          29|
    |add_ln58_4477_fu_847056_p2  |         +|   0|  0|    37|          30|          30|
    |add_ln58_4478_fu_847066_p2  |         +|   0|  0|    31|          31|          31|
    |add_ln58_4479_fu_864766_p2  |         +|   0|  0|    32|          32|          32|
    |add_ln58_447_fu_860543_p2   |         +|   0|  0|    32|          32|          32|
    |add_ln58_4480_fu_849347_p2  |         +|   0|  0|    36|          29|          29|
    |add_ln58_4481_fu_850872_p2  |         +|   0|  0|    37|          30|          30|
    |add_ln58_4482_fu_850882_p2  |         +|   0|  0|    38|          31|          31|
    |add_ln58_4483_fu_850888_p2  |         +|   0|  0|    37|          30|          30|
    |add_ln58_4484_fu_853120_p2  |         +|   0|  0|    36|          29|          29|
    |add_ln58_4485_fu_853130_p2  |         +|   0|  0|    37|          30|          30|
    |add_ln58_4486_fu_853140_p2  |         +|   0|  0|    38|          31|          31|
    |add_ln58_4487_fu_864777_p2  |         +|   0|  0|    32|          32|          32|
    |add_ln58_4488_fu_855048_p2  |         +|   0|  0|    37|          30|          30|
    |add_ln58_4489_fu_859027_p2  |         +|   0|  0|    30|          30|          30|
    |add_ln58_448_fu_860549_p2   |         +|   0|  0|    32|          32|          32|
    |add_ln58_4490_fu_859033_p2  |         +|   0|  0|    30|          30|          30|
    |add_ln58_4491_fu_859043_p2  |         +|   0|  0|    38|          31|          31|
    |add_ln58_4492_fu_864786_p2  |         +|   0|  0|    30|          30|          30|
    |add_ln58_4493_fu_864792_p2  |         +|   0|  0|    27|          27|          10|
    |add_ln58_4494_fu_864798_p2  |         +|   0|  0|    27|          27|          27|
    |add_ln58_4495_fu_864808_p2  |         +|   0|  0|    30|          30|          30|
    |add_ln58_4496_fu_864818_p2  |         +|   0|  0|    39|          32|          32|
    |add_ln58_4497_fu_864824_p2  |         +|   0|  0|    32|          32|          32|
    |add_ln58_4498_fu_864830_p2  |         +|   0|  0|    32|          32|          32|
    |add_ln58_4499_fu_864836_p2  |         +|   0|  0|    32|          32|          32|
    |add_ln58_449_fu_860555_p2   |         +|   0|  0|    32|          32|          32|
    |add_ln58_44_fu_835034_p2    |         +|   0|  0|    39|          32|          32|
    |add_ln58_4500_fu_796060_p2  |         +|   0|  0|    36|          29|          29|
    |add_ln58_4501_fu_798113_p2  |         +|   0|  0|    37|          30|          30|
    |add_ln58_4502_fu_798123_p2  |         +|   0|  0|    38|          31|          31|
    |add_ln58_4503_fu_799421_p2  |         +|   0|  0|    36|          29|          29|
    |add_ln58_4504_fu_802132_p2  |         +|   0|  0|    37|          30|          30|
    |add_ln58_4505_fu_802142_p2  |         +|   0|  0|    31|          31|          31|
    |add_ln58_4506_fu_802148_p2  |         +|   0|  0|    31|          31|          31|
    |add_ln58_4507_fu_811958_p2  |         +|   0|  0|    32|          32|          32|
    |add_ln58_4508_fu_803563_p2  |         +|   0|  0|    37|          30|          30|
    |add_ln58_4509_fu_806053_p2  |         +|   0|  0|    35|          28|          28|
    |add_ln58_450_fu_795760_p2   |         +|   0|  0|    35|          28|          28|
    |add_ln58_4510_fu_806063_p2  |         +|   0|  0|    36|          29|          29|
    |add_ln58_4511_fu_806073_p2  |         +|   0|  0|    38|          31|          31|
    |add_ln58_4512_fu_807406_p2  |         +|   0|  0|    37|          30|          30|
    |add_ln58_4513_fu_811970_p2  |         +|   0|  0|    30|          30|          30|
    |add_ln58_4514_fu_811976_p2  |         +|   0|  0|    30|          30|          30|
    |add_ln58_4515_fu_811986_p2  |         +|   0|  0|    38|          31|          31|
    |add_ln58_4516_fu_811996_p2  |         +|   0|  0|    39|          32|          32|
    |add_ln58_4517_fu_812002_p2  |         +|   0|  0|    32|          32|          32|
    |add_ln58_4518_fu_813574_p2  |         +|   0|  0|    36|          29|          29|
    |add_ln58_4519_fu_815830_p2  |         +|   0|  0|    36|          29|          29|
    |add_ln58_451_fu_797106_p2   |         +|   0|  0|    30|          30|          30|
    |add_ln58_4520_fu_815840_p2  |         +|   0|  0|    37|          30|          30|
    |add_ln58_4521_fu_816839_p2  |         +|   0|  0|    37|          30|          30|
    |add_ln58_4522_fu_819982_p2  |         +|   0|  0|    37|          30|          30|
    |add_ln58_4523_fu_819992_p2  |         +|   0|  0|    31|          31|          31|
    |add_ln58_4524_fu_819998_p2  |         +|   0|  0|    31|          31|          31|
    |add_ln58_4525_fu_829561_p2  |         +|   0|  0|    32|          32|          32|
    |add_ln58_4526_fu_821006_p2  |         +|   0|  0|    36|          29|          29|
    |add_ln58_4527_fu_823731_p2  |         +|   0|  0|    36|          29|          29|
    |add_ln58_4528_fu_823741_p2  |         +|   0|  0|    37|          30|          30|
    |add_ln58_4529_fu_823751_p2  |         +|   0|  0|    38|          31|          31|
    |add_ln58_452_fu_797112_p2   |         +|   0|  0|    30|          30|          30|
    |add_ln58_4530_fu_825150_p2  |         +|   0|  0|    36|          29|          29|
    |add_ln58_4531_fu_829573_p2  |         +|   0|  0|    37|          30|          30|
    |add_ln58_4532_fu_829583_p2  |         +|   0|  0|    31|          31|          31|
    |add_ln58_4533_fu_829589_p2  |         +|   0|  0|    31|          31|          31|
    |add_ln58_4534_fu_829599_p2  |         +|   0|  0|    39|          32|          32|
    |add_ln58_4535_fu_829605_p2  |         +|   0|  0|    32|          32|          32|
    |add_ln58_4536_fu_864842_p2  |         +|   0|  0|    32|          32|          32|
    |add_ln58_4537_fu_832135_p2  |         +|   0|  0|    37|          30|          30|
    |add_ln58_4538_fu_834213_p2  |         +|   0|  0|    37|          30|          30|
    |add_ln58_4539_fu_834223_p2  |         +|   0|  0|    38|          31|          31|
    |add_ln58_453_fu_799103_p2   |         +|   0|  0|    37|          30|          30|
    |add_ln58_4540_fu_835952_p2  |         +|   0|  0|    37|          30|          30|
    |add_ln58_4541_fu_838741_p2  |         +|   0|  0|    37|          30|          30|
    |add_ln58_4542_fu_838751_p2  |         +|   0|  0|    31|          31|          31|
    |add_ln58_4543_fu_838757_p2  |         +|   0|  0|    31|          31|          31|
    |add_ln58_4544_fu_838767_p2  |         +|   0|  0|    39|          32|          32|
    |add_ln58_4545_fu_839930_p2  |         +|   0|  0|    37|          30|          30|
    |add_ln58_4546_fu_842576_p2  |         +|   0|  0|    30|          30|          30|
    |add_ln58_4547_fu_842582_p2  |         +|   0|  0|    30|          30|          30|
    |add_ln58_4548_fu_842592_p2  |         +|   0|  0|    38|          31|          31|
    |add_ln58_4549_fu_843424_p2  |         +|   0|  0|    37|          30|          30|
    |add_ln58_454_fu_800638_p2   |         +|   0|  0|    37|          30|          30|
    |add_ln58_4550_fu_847078_p2  |         +|   0|  0|    36|          29|          29|
    |add_ln58_4551_fu_847088_p2  |         +|   0|  0|    37|          30|          30|
    |add_ln58_4552_fu_847098_p2  |         +|   0|  0|    38|          31|          31|
    |add_ln58_4553_fu_847108_p2  |         +|   0|  0|    39|          32|          32|
    |add_ln58_4554_fu_864846_p2  |         +|   0|  0|    32|          32|          32|
    |add_ln58_4555_fu_849353_p2  |         +|   0|  0|    37|          30|          30|
    |add_ln58_4556_fu_850897_p2  |         +|   0|  0|    37|          30|          30|
    |add_ln58_4557_fu_850907_p2  |         +|   0|  0|    38|          31|          31|
    |add_ln58_4558_fu_850913_p2  |         +|   0|  0|    37|          30|          30|
    |add_ln58_4559_fu_855057_p2  |         +|   0|  0|    37|          30|          30|
    |add_ln58_455_fu_800648_p2   |         +|   0|  0|    31|          31|          31|
    |add_ln58_4560_fu_855067_p2  |         +|   0|  0|    38|          31|          31|
    |add_ln58_4561_fu_855077_p2  |         +|   0|  0|    39|          32|          32|
    |add_ln58_4562_fu_864853_p2  |         +|   0|  0|    32|          32|          32|
    |add_ln58_4563_fu_855083_p2  |         +|   0|  0|    37|          30|          30|
    |add_ln58_4564_fu_859052_p2  |         +|   0|  0|    36|          29|          29|
    |add_ln58_4565_fu_859062_p2  |         +|   0|  0|    37|          30|          30|
    |add_ln58_4566_fu_859072_p2  |         +|   0|  0|    38|          31|          31|
    |add_ln58_4567_fu_859078_p2  |         +|   0|  0|    37|          30|          30|
    |add_ln58_4568_fu_864864_p2  |         +|   0|  0|    30|          30|          10|
    |add_ln58_4569_fu_864870_p2  |         +|   0|  0|    30|          30|          30|
    |add_ln58_456_fu_800654_p2   |         +|   0|  0|    31|          31|          31|
    |add_ln58_4570_fu_864880_p2  |         +|   0|  0|    38|          31|          31|
    |add_ln58_4571_fu_864890_p2  |         +|   0|  0|    39|          32|          32|
    |add_ln58_4572_fu_864896_p2  |         +|   0|  0|    32|          32|          32|
    |add_ln58_4573_fu_864902_p2  |         +|   0|  0|    32|          32|          32|
    |add_ln58_4574_fu_864908_p2  |         +|   0|  0|    32|          32|          32|
    |add_ln58_4575_fu_796066_p2  |         +|   0|  0|    37|          30|          30|
    |add_ln58_4576_fu_798132_p2  |         +|   0|  0|    36|          29|          29|
    |add_ln58_4577_fu_798142_p2  |         +|   0|  0|    38|          31|          31|
    |add_ln58_4578_fu_799427_p2  |         +|   0|  0|    37|          30|          30|
    |add_ln58_4579_fu_802157_p2  |         +|   0|  0|    37|          30|          30|
    |add_ln58_457_fu_808855_p2   |         +|   0|  0|    32|          32|          32|
    |add_ln58_4580_fu_802167_p2  |         +|   0|  0|    38|          31|          31|
    |add_ln58_4581_fu_802177_p2  |         +|   0|  0|    39|          32|          32|
    |add_ln58_4582_fu_812011_p2  |         +|   0|  0|    32|          32|          32|
    |add_ln58_4583_fu_803569_p2  |         +|   0|  0|    37|          30|          30|
    |add_ln58_4584_fu_806082_p2  |         +|   0|  0|    36|          29|          29|
    |add_ln58_4585_fu_806092_p2  |         +|   0|  0|    37|          30|          30|
    |add_ln58_4586_fu_806102_p2  |         +|   0|  0|    38|          31|          31|
    |add_ln58_4587_fu_807412_p2  |         +|   0|  0|    37|          30|          30|
    |add_ln58_4588_fu_812022_p2  |         +|   0|  0|    37|          30|          30|
    |add_ln58_4589_fu_812032_p2  |         +|   0|  0|    31|          31|          31|
    |add_ln58_458_fu_803245_p2   |         +|   0|  0|    37|          30|          30|
    |add_ln58_4590_fu_812038_p2  |         +|   0|  0|    31|          31|          31|
    |add_ln58_4591_fu_812048_p2  |         +|   0|  0|    39|          32|          32|
    |add_ln58_4592_fu_812054_p2  |         +|   0|  0|    32|          32|          32|
    |add_ln58_4593_fu_813580_p2  |         +|   0|  0|    36|          29|          29|
    |add_ln58_4594_fu_815849_p2  |         +|   0|  0|    37|          30|          30|
    |add_ln58_4595_fu_815859_p2  |         +|   0|  0|    38|          31|          31|
    |add_ln58_4596_fu_816845_p2  |         +|   0|  0|    36|          29|          29|
    |add_ln58_4597_fu_820007_p2  |         +|   0|  0|    30|          30|          30|
    |add_ln58_4598_fu_820013_p2  |         +|   0|  0|    30|          30|          30|
    |add_ln58_4599_fu_820023_p2  |         +|   0|  0|    38|          31|          31|
    |add_ln58_459_fu_804754_p2   |         +|   0|  0|    36|          29|          29|
    |add_ln58_45_fu_837035_p2    |         +|   0|  0|    36|          29|          29|
    |add_ln58_4600_fu_829617_p2  |         +|   0|  0|    32|          32|          32|
    |add_ln58_4601_fu_821012_p2  |         +|   0|  0|    37|          30|          30|
    |add_ln58_4602_fu_823760_p2  |         +|   0|  0|    36|          29|          29|
    |add_ln58_4603_fu_823770_p2  |         +|   0|  0|    37|          30|          30|
    |add_ln58_4604_fu_823780_p2  |         +|   0|  0|    38|          31|          31|
    |add_ln58_4605_fu_825156_p2  |         +|   0|  0|    37|          30|          30|
    |add_ln58_4606_fu_829629_p2  |         +|   0|  0|    30|          30|          30|
    |add_ln58_4607_fu_829635_p2  |         +|   0|  0|    30|          30|          30|
    |add_ln58_4608_fu_829645_p2  |         +|   0|  0|    38|          31|          31|
    |add_ln58_4609_fu_829655_p2  |         +|   0|  0|    39|          32|          32|
    |add_ln58_460_fu_804764_p2   |         +|   0|  0|    37|          30|          30|
    |add_ln58_4610_fu_829661_p2  |         +|   0|  0|    32|          32|          32|
    |add_ln58_4611_fu_864914_p2  |         +|   0|  0|    32|          32|          32|
    |add_ln58_4612_fu_832141_p2  |         +|   0|  0|    36|          29|          29|
    |add_ln58_4613_fu_834232_p2  |         +|   0|  0|    36|          29|          29|
    |add_ln58_4614_fu_834242_p2  |         +|   0|  0|    37|          30|          30|
    |add_ln58_4615_fu_835958_p2  |         +|   0|  0|    36|          29|          29|
    |add_ln58_4616_fu_838779_p2  |         +|   0|  0|    29|          29|          29|
    |add_ln58_4617_fu_838785_p2  |         +|   0|  0|    29|          29|          29|
    |add_ln58_4618_fu_838795_p2  |         +|   0|  0|    37|          30|          30|
    |add_ln58_4619_fu_838805_p2  |         +|   0|  0|    38|          31|          31|
    |add_ln58_461_fu_804774_p2   |         +|   0|  0|    38|          31|          31|
    |add_ln58_4620_fu_839936_p2  |         +|   0|  0|    37|          30|          30|
    |add_ln58_4621_fu_842601_p2  |         +|   0|  0|    37|          30|          30|
    |add_ln58_4622_fu_842611_p2  |         +|   0|  0|    31|          31|          31|
    |add_ln58_4623_fu_842617_p2  |         +|   0|  0|    31|          31|          31|
    |add_ln58_4624_fu_843430_p2  |         +|   0|  0|    37|          30|          30|
    |add_ln58_4625_fu_847120_p2  |         +|   0|  0|    37|          30|          30|
    |add_ln58_4626_fu_847130_p2  |         +|   0|  0|    31|          31|          31|
    |add_ln58_4627_fu_847136_p2  |         +|   0|  0|    31|          31|          31|
    |add_ln58_4628_fu_847146_p2  |         +|   0|  0|    39|          32|          32|
    |add_ln58_4629_fu_864921_p2  |         +|   0|  0|    32|          32|          32|
    |add_ln58_462_fu_807082_p2   |         +|   0|  0|    37|          30|          30|
    |add_ln58_4630_fu_849359_p2  |         +|   0|  0|    37|          30|          30|
    |add_ln58_4631_fu_850922_p2  |         +|   0|  0|    37|          30|          30|
    |add_ln58_4632_fu_850932_p2  |         +|   0|  0|    38|          31|          31|
    |add_ln58_4633_fu_850938_p2  |         +|   0|  0|    36|          29|          29|
    |add_ln58_4634_fu_853149_p2  |         +|   0|  0|    34|          27|          27|
    |add_ln58_4635_fu_853159_p2  |         +|   0|  0|    35|          28|          28|
    |add_ln58_4636_fu_853169_p2  |         +|   0|  0|    37|          30|          30|
    |add_ln58_4637_fu_864932_p2  |         +|   0|  0|    32|          32|          32|
    |add_ln58_4638_fu_855089_p2  |         +|   0|  0|    36|          29|          29|
    |add_ln58_4639_fu_859087_p2  |         +|   0|  0|    29|          29|          29|
    |add_ln58_463_fu_808867_p2   |         +|   0|  0|    36|          29|          29|
    |add_ln58_4640_fu_859093_p2  |         +|   0|  0|    29|          29|          29|
    |add_ln58_4641_fu_859103_p2  |         +|   0|  0|    37|          30|          30|
    |add_ln58_4642_fu_859109_p2  |         +|   0|  0|    36|          29|          29|
    |add_ln58_4643_fu_864944_p2  |         +|   0|  0|    35|          28|           6|
    |add_ln58_4644_fu_864954_p2  |         +|   0|  0|    36|          29|          29|
    |add_ln58_4645_fu_864964_p2  |         +|   0|  0|    37|          30|          30|
    |add_ln58_4646_fu_864974_p2  |         +|   0|  0|    38|          31|          31|
    |add_ln58_4647_fu_864984_p2  |         +|   0|  0|    32|          32|          32|
    |add_ln58_4648_fu_864990_p2  |         +|   0|  0|    32|          32|          32|
    |add_ln58_4649_fu_864996_p2  |         +|   0|  0|    32|          32|          32|
    |add_ln58_464_fu_808877_p2   |         +|   0|  0|    37|          30|          30|
    |add_ln58_4650_fu_796072_p2  |         +|   0|  0|    36|          29|          29|
    |add_ln58_4651_fu_798151_p2  |         +|   0|  0|    37|          30|          30|
    |add_ln58_4652_fu_798161_p2  |         +|   0|  0|    38|          31|          31|
    |add_ln58_4653_fu_799433_p2  |         +|   0|  0|    37|          30|          30|
    |add_ln58_4654_fu_802186_p2  |         +|   0|  0|    30|          30|          30|
    |add_ln58_4655_fu_802192_p2  |         +|   0|  0|    30|          30|          30|
    |add_ln58_4656_fu_802202_p2  |         +|   0|  0|    38|          31|          31|
    |add_ln58_4657_fu_812066_p2  |         +|   0|  0|    32|          32|          32|
    |add_ln58_4658_fu_803575_p2  |         +|   0|  0|    36|          29|          29|
    |add_ln58_4659_fu_806111_p2  |         +|   0|  0|    30|          30|          30|
    |add_ln58_465_fu_808887_p2   |         +|   0|  0|    38|          31|          31|
    |add_ln58_4660_fu_806117_p2  |         +|   0|  0|    30|          30|          30|
    |add_ln58_4661_fu_806127_p2  |         +|   0|  0|    38|          31|          31|
    |add_ln58_4662_fu_807418_p2  |         +|   0|  0|    37|          30|          30|
    |add_ln58_4663_fu_812078_p2  |         +|   0|  0|    37|          30|          30|
    |add_ln58_4664_fu_812088_p2  |         +|   0|  0|    31|          31|          31|
    |add_ln58_4665_fu_812094_p2  |         +|   0|  0|    31|          31|          31|
    |add_ln58_4666_fu_812104_p2  |         +|   0|  0|    39|          32|          32|
    |add_ln58_4667_fu_812110_p2  |         +|   0|  0|    32|          32|          32|
    |add_ln58_4668_fu_813586_p2  |         +|   0|  0|    37|          30|          30|
    |add_ln58_4669_fu_815868_p2  |         +|   0|  0|    37|          30|          30|
    |add_ln58_466_fu_808897_p2   |         +|   0|  0|    39|          32|          32|
    |add_ln58_4670_fu_815878_p2  |         +|   0|  0|    38|          31|          31|
    |add_ln58_4671_fu_816851_p2  |         +|   0|  0|    36|          29|          29|
    |add_ln58_4672_fu_820032_p2  |         +|   0|  0|    37|          30|          30|
    |add_ln58_4673_fu_820042_p2  |         +|   0|  0|    31|          31|          31|
    |add_ln58_4674_fu_820048_p2  |         +|   0|  0|    31|          31|          31|
    |add_ln58_4675_fu_829673_p2  |         +|   0|  0|    32|          32|          32|
    |add_ln58_4676_fu_821018_p2  |         +|   0|  0|    37|          30|          30|
    |add_ln58_4677_fu_823789_p2  |         +|   0|  0|    30|          30|          30|
    |add_ln58_4678_fu_823795_p2  |         +|   0|  0|    30|          30|          30|
    |add_ln58_4679_fu_823805_p2  |         +|   0|  0|    38|          31|          31|
    |add_ln58_467_fu_808903_p2   |         +|   0|  0|    32|          32|          32|
    |add_ln58_4680_fu_825162_p2  |         +|   0|  0|    37|          30|          30|
    |add_ln58_4681_fu_829685_p2  |         +|   0|  0|    30|          30|          30|
    |add_ln58_4682_fu_829691_p2  |         +|   0|  0|    30|          30|          30|
    |add_ln58_4683_fu_829701_p2  |         +|   0|  0|    38|          31|          31|
    |add_ln58_4684_fu_829711_p2  |         +|   0|  0|    39|          32|          32|
    |add_ln58_4685_fu_829717_p2  |         +|   0|  0|    32|          32|          32|
    |add_ln58_4686_fu_865002_p2  |         +|   0|  0|    32|          32|          32|
    |add_ln58_4687_fu_832147_p2  |         +|   0|  0|    37|          30|          30|
    |add_ln58_4688_fu_834251_p2  |         +|   0|  0|    35|          28|          28|
    |add_ln58_4689_fu_834261_p2  |         +|   0|  0|    38|          31|          31|
    |add_ln58_468_fu_813218_p2   |         +|   0|  0|    36|          29|          29|
    |add_ln58_4690_fu_835964_p2  |         +|   0|  0|    36|          29|          29|
    |add_ln58_4691_fu_838817_p2  |         +|   0|  0|    36|          29|          29|
    |add_ln58_4692_fu_838827_p2  |         +|   0|  0|    30|          30|          30|
    |add_ln58_4693_fu_838833_p2  |         +|   0|  0|    30|          30|          30|
    |add_ln58_4694_fu_838843_p2  |         +|   0|  0|    39|          32|          32|
    |add_ln58_4695_fu_839942_p2  |         +|   0|  0|    36|          29|          29|
    |add_ln58_4696_fu_842626_p2  |         +|   0|  0|    37|          30|          30|
    |add_ln58_4697_fu_842636_p2  |         +|   0|  0|    31|          31|          31|
    |add_ln58_4698_fu_842642_p2  |         +|   0|  0|    31|          31|          31|
    |add_ln58_4699_fu_843436_p2  |         +|   0|  0|    36|          29|          29|
    |add_ln58_469_fu_814812_p2   |         +|   0|  0|    30|          30|          30|
    |add_ln58_46_fu_839548_p2    |         +|   0|  0|    35|          28|          28|
    |add_ln58_4700_fu_847158_p2  |         +|   0|  0|    36|          29|          29|
    |add_ln58_4701_fu_847168_p2  |         +|   0|  0|    30|          30|          30|
    |add_ln58_4702_fu_847174_p2  |         +|   0|  0|    30|          30|          30|
    |add_ln58_4703_fu_847184_p2  |         +|   0|  0|    39|          32|          32|
    |add_ln58_4704_fu_865006_p2  |         +|   0|  0|    32|          32|          32|
    |add_ln58_4705_fu_849365_p2  |         +|   0|  0|    36|          29|          29|
    |add_ln58_4706_fu_850947_p2  |         +|   0|  0|    36|          29|          29|
    |add_ln58_4707_fu_850957_p2  |         +|   0|  0|    37|          30|          30|
    |add_ln58_4708_fu_850963_p2  |         +|   0|  0|    37|          30|          30|
    |add_ln58_4709_fu_855098_p2  |         +|   0|  0|    30|          30|          30|
    |add_ln58_470_fu_814818_p2   |         +|   0|  0|    30|          30|          30|
    |add_ln58_4710_fu_855104_p2  |         +|   0|  0|    30|          30|          30|
    |add_ln58_4711_fu_855114_p2  |         +|   0|  0|    38|          31|          31|
    |add_ln58_4712_fu_865016_p2  |         +|   0|  0|    32|          32|          32|
    |add_ln58_4713_fu_855120_p2  |         +|   0|  0|    37|          30|          30|
    |add_ln58_4714_fu_859118_p2  |         +|   0|  0|    36|          29|          29|
    |add_ln58_4715_fu_859128_p2  |         +|   0|  0|    37|          30|          30|
    |add_ln58_4716_fu_859138_p2  |         +|   0|  0|    38|          31|          31|
    |add_ln58_4717_fu_865025_p2  |         +|   0|  0|    35|          28|          28|
    |add_ln58_4718_fu_865035_p2  |         +|   0|  0|    37|          30|           9|
    |add_ln58_4719_fu_865041_p2  |         +|   0|  0|    30|          30|          30|
    |add_ln58_471_fu_814824_p2   |         +|   0|  0|    37|          30|          30|
    |add_ln58_4720_fu_865047_p2  |         +|   0|  0|    30|          30|          30|
    |add_ln58_4721_fu_865057_p2  |         +|   0|  0|    39|          32|          32|
    |add_ln58_4722_fu_865063_p2  |         +|   0|  0|    32|          32|          32|
    |add_ln58_4723_fu_865069_p2  |         +|   0|  0|    32|          32|          32|
    |add_ln58_4724_fu_865075_p2  |         +|   0|  0|    32|          32|          32|
    |add_ln58_4725_fu_798167_p2  |         +|   0|  0|    30|          30|          30|
    |add_ln58_4726_fu_798173_p2  |         +|   0|  0|    35|          28|          28|
    |add_ln58_4727_fu_798183_p2  |         +|   0|  0|    30|          30|          30|
    |add_ln58_4728_fu_799439_p2  |         +|   0|  0|    37|          30|          30|
    |add_ln58_4729_fu_802211_p2  |         +|   0|  0|    30|          30|          30|
    |add_ln58_472_fu_818371_p2   |         +|   0|  0|    37|          30|          30|
    |add_ln58_4730_fu_802217_p2  |         +|   0|  0|    30|          30|          30|
    |add_ln58_4731_fu_802227_p2  |         +|   0|  0|    38|          31|          31|
    |add_ln58_4732_fu_812122_p2  |         +|   0|  0|    32|          32|          32|
    |add_ln58_4733_fu_803581_p2  |         +|   0|  0|    37|          30|          30|
    |add_ln58_4734_fu_806136_p2  |         +|   0|  0|    30|          30|          30|
    |add_ln58_4735_fu_806142_p2  |         +|   0|  0|    30|          30|          30|
    |add_ln58_4736_fu_806152_p2  |         +|   0|  0|    38|          31|          31|
    |add_ln58_4737_fu_807424_p2  |         +|   0|  0|    36|          29|          29|
    |add_ln58_4738_fu_812134_p2  |         +|   0|  0|    30|          30|          30|
    |add_ln58_4739_fu_812140_p2  |         +|   0|  0|    30|          30|          30|
    |add_ln58_473_fu_818381_p2   |         +|   0|  0|    31|          31|          31|
    |add_ln58_4740_fu_812150_p2  |         +|   0|  0|    38|          31|          31|
    |add_ln58_4741_fu_812160_p2  |         +|   0|  0|    39|          32|          32|
    |add_ln58_4742_fu_812166_p2  |         +|   0|  0|    32|          32|          32|
    |add_ln58_4743_fu_813592_p2  |         +|   0|  0|    36|          29|          29|
    |add_ln58_4744_fu_815887_p2  |         +|   0|  0|    37|          30|          30|
    |add_ln58_4745_fu_815897_p2  |         +|   0|  0|    38|          31|          31|
    |add_ln58_4746_fu_816857_p2  |         +|   0|  0|    37|          30|          30|
    |add_ln58_4747_fu_820057_p2  |         +|   0|  0|    30|          30|          30|
    |add_ln58_4748_fu_820063_p2  |         +|   0|  0|    30|          30|          30|
    |add_ln58_4749_fu_820073_p2  |         +|   0|  0|    38|          31|          31|
    |add_ln58_474_fu_818387_p2   |         +|   0|  0|    31|          31|          31|
    |add_ln58_4750_fu_829729_p2  |         +|   0|  0|    32|          32|          32|
    |add_ln58_4751_fu_823811_p2  |         +|   0|  0|    30|          30|          30|
    |add_ln58_4752_fu_823817_p2  |         +|   0|  0|    34|          27|          27|
    |add_ln58_4753_fu_823827_p2  |         +|   0|  0|    36|          29|          29|
    |add_ln58_4754_fu_823837_p2  |         +|   0|  0|    30|          30|          30|
    |add_ln58_4755_fu_825168_p2  |         +|   0|  0|    36|          29|          29|
    |add_ln58_4756_fu_829741_p2  |         +|   0|  0|    35|          28|          28|
    |add_ln58_4757_fu_829751_p2  |         +|   0|  0|    36|          29|          29|
    |add_ln58_4758_fu_829761_p2  |         +|   0|  0|    37|          30|          30|
    |add_ln58_4759_fu_829771_p2  |         +|   0|  0|    38|          31|          31|
    |add_ln58_475_fu_826563_p2   |         +|   0|  0|    32|          32|          32|
    |add_ln58_4760_fu_829781_p2  |         +|   0|  0|    32|          32|          32|
    |add_ln58_4761_fu_865081_p2  |         +|   0|  0|    32|          32|          32|
    |add_ln58_4762_fu_832153_p2  |         +|   0|  0|    37|          30|          30|
    |add_ln58_4763_fu_834270_p2  |         +|   0|  0|    36|          29|          29|
    |add_ln58_4764_fu_834280_p2  |         +|   0|  0|    38|          31|          31|
    |add_ln58_4765_fu_835970_p2  |         +|   0|  0|    37|          30|          30|
    |add_ln58_4766_fu_838855_p2  |         +|   0|  0|    30|          30|          30|
    |add_ln58_4767_fu_838861_p2  |         +|   0|  0|    30|          30|          30|
    |add_ln58_4768_fu_838871_p2  |         +|   0|  0|    38|          31|          31|
    |add_ln58_4769_fu_838881_p2  |         +|   0|  0|    39|          32|          32|
    |add_ln58_476_fu_818393_p2   |         +|   0|  0|    37|          30|          30|
    |add_ln58_4770_fu_839948_p2  |         +|   0|  0|    36|          29|          29|
    |add_ln58_4771_fu_842651_p2  |         +|   0|  0|    36|          29|          29|
    |add_ln58_4772_fu_842661_p2  |         +|   0|  0|    37|          30|          30|
    |add_ln58_4773_fu_842671_p2  |         +|   0|  0|    38|          31|          31|
    |add_ln58_4774_fu_843442_p2  |         +|   0|  0|    36|          29|          29|
    |add_ln58_4775_fu_847196_p2  |         +|   0|  0|    30|          30|          30|
    |add_ln58_4776_fu_847202_p2  |         +|   0|  0|    30|          30|          30|
    |add_ln58_4777_fu_847212_p2  |         +|   0|  0|    38|          31|          31|
    |add_ln58_4778_fu_847222_p2  |         +|   0|  0|    39|          32|          32|
    |add_ln58_4779_fu_865085_p2  |         +|   0|  0|    32|          32|          32|
    |add_ln58_477_fu_822372_p2   |         +|   0|  0|    37|          30|          30|
    |add_ln58_4780_fu_849371_p2  |         +|   0|  0|    36|          29|          29|
    |add_ln58_4781_fu_850972_p2  |         +|   0|  0|    37|          30|          30|
    |add_ln58_4782_fu_850982_p2  |         +|   0|  0|    38|          31|          31|
    |add_ln58_4783_fu_850988_p2  |         +|   0|  0|    37|          30|          30|
    |add_ln58_4784_fu_855129_p2  |         +|   0|  0|    36|          29|          29|
    |add_ln58_4785_fu_855139_p2  |         +|   0|  0|    37|          30|          30|
    |add_ln58_4786_fu_855149_p2  |         +|   0|  0|    38|          31|          31|
    |add_ln58_4787_fu_865095_p2  |         +|   0|  0|    32|          32|          32|
    |add_ln58_4788_fu_855155_p2  |         +|   0|  0|    37|          30|          30|
    |add_ln58_4789_fu_859147_p2  |         +|   0|  0|    30|          30|          30|
    |add_ln58_478_fu_822382_p2   |         +|   0|  0|    31|          31|          31|
    |add_ln58_4790_fu_859153_p2  |         +|   0|  0|    30|          30|          30|
    |add_ln58_4791_fu_859163_p2  |         +|   0|  0|    38|          31|          31|
    |add_ln58_4792_fu_865104_p2  |         +|   0|  0|    37|          30|          30|
    |add_ln58_4793_fu_865114_p2  |         +|   0|  0|    30|          30|           7|
    |add_ln58_4794_fu_865120_p2  |         +|   0|  0|    30|          30|          30|
    |add_ln58_4795_fu_865130_p2  |         +|   0|  0|    38|          31|          31|
    |add_ln58_4796_fu_865140_p2  |         +|   0|  0|    39|          32|          32|
    |add_ln58_4797_fu_865146_p2  |         +|   0|  0|    32|          32|          32|
    |add_ln58_4798_fu_865152_p2  |         +|   0|  0|    32|          32|          32|
    |add_ln58_4799_fu_865158_p2  |         +|   0|  0|    32|          32|          32|
    |add_ln58_479_fu_822388_p2   |         +|   0|  0|    31|          31|          31|
    |add_ln58_47_fu_839558_p2    |         +|   0|  0|    37|          30|          30|
    |add_ln58_480_fu_824838_p2   |         +|   0|  0|    37|          30|          30|
    |add_ln58_481_fu_826575_p2   |         +|   0|  0|    36|          29|          29|
    |add_ln58_482_fu_826585_p2   |         +|   0|  0|    37|          30|          30|
    |add_ln58_483_fu_826595_p2   |         +|   0|  0|    38|          31|          31|
    |add_ln58_484_fu_826605_p2   |         +|   0|  0|    39|          32|          32|
    |add_ln58_485_fu_826611_p2   |         +|   0|  0|    32|          32|          32|
    |add_ln58_486_fu_860561_p2   |         +|   0|  0|    32|          32|          32|
    |add_ln58_487_fu_831357_p2   |         +|   0|  0|    37|          30|          30|
    |add_ln58_488_fu_831367_p2   |         +|   0|  0|    36|          29|          29|
    |add_ln58_489_fu_831377_p2   |         +|   0|  0|    38|          31|          31|
    |add_ln58_48_fu_839568_p2    |         +|   0|  0|    38|          31|          31|
    |add_ln58_490_fu_833357_p2   |         +|   0|  0|    37|          30|          30|
    |add_ln58_491_fu_835236_p2   |         +|   0|  0|    35|          28|          28|
    |add_ln58_492_fu_835246_p2   |         +|   0|  0|    37|          30|          30|
    |add_ln58_493_fu_835256_p2   |         +|   0|  0|    38|          31|          31|
    |add_ln58_494_fu_835266_p2   |         +|   0|  0|    39|          32|          32|
    |add_ln58_495_fu_837071_p2   |         +|   0|  0|    36|          29|          29|
    |add_ln58_496_fu_839701_p2   |         +|   0|  0|    29|          29|          29|
    |add_ln58_497_fu_839707_p2   |         +|   0|  0|    29|          29|          29|
    |add_ln58_498_fu_839717_p2   |         +|   0|  0|    37|          30|          30|
    |add_ln58_499_fu_841211_p2   |         +|   0|  0|    36|          29|          29|
    |add_ln58_49_fu_841175_p2    |         +|   0|  0|    37|          30|          30|
    |add_ln58_4_fu_800484_p2     |         +|   0|  0|    30|          30|          30|
    |add_ln58_500_fu_844866_p2   |         +|   0|  0|    37|          30|          30|
    |add_ln58_501_fu_844876_p2   |         +|   0|  0|    31|          31|          31|
    |add_ln58_502_fu_844882_p2   |         +|   0|  0|    31|          31|          31|
    |add_ln58_503_fu_844892_p2   |         +|   0|  0|    39|          32|          32|
    |add_ln58_504_fu_860565_p2   |         +|   0|  0|    32|          32|          32|
    |add_ln58_505_fu_844898_p2   |         +|   0|  0|    37|          30|          30|
    |add_ln58_506_fu_848338_p2   |         +|   0|  0|    37|          30|          30|
    |add_ln58_507_fu_848348_p2   |         +|   0|  0|    38|          31|          31|
    |add_ln58_508_fu_850383_p2   |         +|   0|  0|    36|          29|          29|
    |add_ln58_509_fu_852151_p2   |         +|   0|  0|    36|          29|          29|
    |add_ln58_50_fu_844587_p2    |         +|   0|  0|    37|          30|          30|
    |add_ln58_510_fu_852161_p2   |         +|   0|  0|    37|          30|          30|
    |add_ln58_511_fu_852171_p2   |         +|   0|  0|    38|          31|          31|
    |add_ln58_512_fu_860575_p2   |         +|   0|  0|    32|          32|          32|
    |add_ln58_513_fu_854233_p2   |         +|   0|  0|    37|          30|          30|
    |add_ln58_514_fu_856098_p2   |         +|   0|  0|    30|          30|          30|
    |add_ln58_515_fu_856104_p2   |         +|   0|  0|    30|          30|          30|
    |add_ln58_516_fu_856114_p2   |         +|   0|  0|    38|          31|          31|
    |add_ln58_517_fu_858177_p2   |         +|   0|  0|    37|          30|          30|
    |add_ln58_518_fu_860587_p2   |         +|   0|  0|    36|          29|           6|
    |add_ln58_519_fu_860597_p2   |         +|   0|  0|    37|          30|          30|
    |add_ln58_51_fu_844597_p2    |         +|   0|  0|    31|          31|          31|
    |add_ln58_520_fu_860607_p2   |         +|   0|  0|    38|          31|          31|
    |add_ln58_521_fu_860617_p2   |         +|   0|  0|    39|          32|          32|
    |add_ln58_522_fu_860623_p2   |         +|   0|  0|    32|          32|          32|
    |add_ln58_523_fu_860629_p2   |         +|   0|  0|    32|          32|          32|
    |add_ln58_524_fu_860635_p2   |         +|   0|  0|    32|          32|          32|
    |add_ln58_525_fu_797118_p2   |         +|   0|  0|    30|          30|          30|
    |add_ln58_526_fu_797124_p2   |         +|   0|  0|    36|          29|          29|
    |add_ln58_527_fu_797134_p2   |         +|   0|  0|    30|          30|          30|
    |add_ln58_528_fu_799109_p2   |         +|   0|  0|    35|          28|          28|
    |add_ln58_529_fu_800666_p2   |         +|   0|  0|    36|          29|          29|
    |add_ln58_52_fu_844603_p2    |         +|   0|  0|    31|          31|          31|
    |add_ln58_530_fu_800676_p2   |         +|   0|  0|    37|          30|          30|
    |add_ln58_531_fu_800686_p2   |         +|   0|  0|    31|          31|          31|
    |add_ln58_532_fu_800692_p2   |         +|   0|  0|    31|          31|          31|
    |add_ln58_533_fu_803251_p2   |         +|   0|  0|    37|          30|          30|
    |add_ln58_534_fu_804783_p2   |         +|   0|  0|    29|          29|          29|
    |add_ln58_535_fu_804789_p2   |         +|   0|  0|    29|          29|          29|
    |add_ln58_536_fu_804799_p2   |         +|   0|  0|    38|          31|          31|
    |add_ln58_537_fu_807088_p2   |         +|   0|  0|    37|          30|          30|
    |add_ln58_538_fu_808918_p2   |         +|   0|  0|    30|          30|          30|
    |add_ln58_539_fu_808924_p2   |         +|   0|  0|    30|          30|          30|
    |add_ln58_53_fu_844613_p2    |         +|   0|  0|    39|          32|          32|
    |add_ln58_540_fu_808934_p2   |         +|   0|  0|    38|          31|          31|
    |add_ln58_541_fu_808944_p2   |         +|   0|  0|    32|          32|          32|
    |add_ln58_542_fu_808950_p2   |         +|   0|  0|    32|          32|          32|
    |add_ln58_543_fu_814830_p2   |         +|   0|  0|    30|          30|          30|
    |add_ln58_544_fu_814836_p2   |         +|   0|  0|    36|          29|          29|
    |add_ln58_545_fu_814846_p2   |         +|   0|  0|    30|          30|          30|
    |add_ln58_546_fu_814852_p2   |         +|   0|  0|    37|          30|          30|
    |add_ln58_547_fu_818402_p2   |         +|   0|  0|    37|          30|          30|
    |add_ln58_548_fu_818412_p2   |         +|   0|  0|    31|          31|          31|
    |add_ln58_549_fu_818418_p2   |         +|   0|  0|    31|          31|          31|
    |add_ln58_54_fu_860079_p2    |         +|   0|  0|    32|          32|          32|
    |add_ln58_550_fu_826623_p2   |         +|   0|  0|    32|          32|          32|
    |add_ln58_551_fu_818424_p2   |         +|   0|  0|    37|          30|          30|
    |add_ln58_552_fu_822397_p2   |         +|   0|  0|    30|          30|          30|
    |add_ln58_553_fu_822403_p2   |         +|   0|  0|    30|          30|          30|
    |add_ln58_554_fu_822413_p2   |         +|   0|  0|    38|          31|          31|
    |add_ln58_555_fu_824844_p2   |         +|   0|  0|    37|          30|          30|
    |add_ln58_556_fu_826635_p2   |         +|   0|  0|    30|          30|          30|
    |add_ln58_557_fu_826641_p2   |         +|   0|  0|    30|          30|          30|
    |add_ln58_558_fu_826651_p2   |         +|   0|  0|    38|          31|          31|
    |add_ln58_559_fu_826661_p2   |         +|   0|  0|    39|          32|          32|
    |add_ln58_55_fu_848218_p2    |         +|   0|  0|    30|          30|          30|
    |add_ln58_560_fu_826667_p2   |         +|   0|  0|    32|          32|          32|
    |add_ln58_561_fu_860641_p2   |         +|   0|  0|    32|          32|          32|
    |add_ln58_562_fu_831383_p2   |         +|   0|  0|    35|          28|          28|
    |add_ln58_563_fu_831393_p2   |         +|   0|  0|    30|          30|          30|
    |add_ln58_564_fu_831399_p2   |         +|   0|  0|    30|          30|          30|
    |add_ln58_565_fu_833363_p2   |         +|   0|  0|    37|          30|          30|
    |add_ln58_566_fu_835278_p2   |         +|   0|  0|    30|          30|          30|
    |add_ln58_567_fu_835284_p2   |         +|   0|  0|    30|          30|          30|
    |add_ln58_568_fu_835294_p2   |         +|   0|  0|    38|          31|          31|
    |add_ln58_569_fu_835304_p2   |         +|   0|  0|    39|          32|          32|
    |add_ln58_56_fu_848224_p2    |         +|   0|  0|    36|          29|          29|
    |add_ln58_570_fu_837077_p2   |         +|   0|  0|    36|          29|          29|
    |add_ln58_571_fu_839726_p2   |         +|   0|  0|    30|          30|          30|
    |add_ln58_572_fu_839732_p2   |         +|   0|  0|    30|          30|          30|
    |add_ln58_573_fu_839742_p2   |         +|   0|  0|    38|          31|          31|
    |add_ln58_574_fu_841217_p2   |         +|   0|  0|    37|          30|          30|
    |add_ln58_575_fu_844910_p2   |         +|   0|  0|    36|          29|          29|
    |add_ln58_576_fu_844920_p2   |         +|   0|  0|    37|          30|          30|
    |add_ln58_577_fu_844930_p2   |         +|   0|  0|    38|          31|          31|
    |add_ln58_578_fu_844940_p2   |         +|   0|  0|    39|          32|          32|
    |add_ln58_579_fu_860645_p2   |         +|   0|  0|    32|          32|          32|
    |add_ln58_57_fu_848234_p2    |         +|   0|  0|    30|          30|          30|
    |add_ln58_580_fu_844946_p2   |         +|   0|  0|    37|          30|          30|
    |add_ln58_581_fu_848357_p2   |         +|   0|  0|    37|          30|          30|
    |add_ln58_582_fu_848367_p2   |         +|   0|  0|    38|          31|          31|
    |add_ln58_583_fu_850389_p2   |         +|   0|  0|    36|          29|          29|
    |add_ln58_584_fu_852180_p2   |         +|   0|  0|    34|          27|          27|
    |add_ln58_585_fu_852190_p2   |         +|   0|  0|    30|          30|          30|
    |add_ln58_586_fu_852196_p2   |         +|   0|  0|    30|          30|          30|
    |add_ln58_587_fu_860655_p2   |         +|   0|  0|    32|          32|          32|
    |add_ln58_588_fu_854239_p2   |         +|   0|  0|    36|          29|          29|
    |add_ln58_589_fu_856123_p2   |         +|   0|  0|    30|          30|          30|
    |add_ln58_58_fu_850347_p2    |         +|   0|  0|    37|          30|          30|
    |add_ln58_590_fu_856129_p2   |         +|   0|  0|    30|          30|          30|
    |add_ln58_591_fu_856139_p2   |         +|   0|  0|    38|          31|          31|
    |add_ln58_592_fu_858183_p2   |         +|   0|  0|    34|          27|          27|
    |add_ln58_593_fu_860667_p2   |         +|   0|  0|    37|          30|           8|
    |add_ln58_594_fu_860677_p2   |         +|   0|  0|    31|          31|          31|
    |add_ln58_595_fu_860683_p2   |         +|   0|  0|    31|          31|          31|
    |add_ln58_596_fu_860693_p2   |         +|   0|  0|    39|          32|          32|
    |add_ln58_597_fu_860699_p2   |         +|   0|  0|    32|          32|          32|
    |add_ln58_598_fu_860705_p2   |         +|   0|  0|    32|          32|          32|
    |add_ln58_599_fu_860711_p2   |         +|   0|  0|    32|          32|          32|
    |add_ln58_59_fu_851989_p2    |         +|   0|  0|    36|          29|          29|
    |add_ln58_5_fu_800490_p2     |         +|   0|  0|    30|          30|          30|
    |add_ln58_600_fu_795766_p2   |         +|   0|  0|    37|          30|          30|
    |add_ln58_601_fu_797143_p2   |         +|   0|  0|    36|          29|          29|
    |add_ln58_602_fu_797153_p2   |         +|   0|  0|    38|          31|          31|
    |add_ln58_603_fu_799115_p2   |         +|   0|  0|    37|          30|          30|
    |add_ln58_604_fu_800701_p2   |         +|   0|  0|    37|          30|          30|
    |add_ln58_605_fu_800711_p2   |         +|   0|  0|    31|          31|          31|
    |add_ln58_606_fu_800717_p2   |         +|   0|  0|    31|          31|          31|
    |add_ln58_607_fu_808962_p2   |         +|   0|  0|    32|          32|          32|
    |add_ln58_608_fu_803257_p2   |         +|   0|  0|    37|          30|          30|
    |add_ln58_609_fu_804808_p2   |         +|   0|  0|    30|          30|          30|
    |add_ln58_60_fu_851999_p2    |         +|   0|  0|    37|          30|          30|
    |add_ln58_610_fu_804814_p2   |         +|   0|  0|    30|          30|          30|
    |add_ln58_611_fu_804824_p2   |         +|   0|  0|    38|          31|          31|
    |add_ln58_612_fu_807094_p2   |         +|   0|  0|    37|          30|          30|
    |add_ln58_613_fu_808974_p2   |         +|   0|  0|    37|          30|          30|
    |add_ln58_614_fu_808984_p2   |         +|   0|  0|    38|          31|          31|
    |add_ln58_615_fu_808994_p2   |         +|   0|  0|    32|          32|          32|
    |add_ln58_616_fu_809000_p2   |         +|   0|  0|    32|          32|          32|
    |add_ln58_617_fu_809006_p2   |         +|   0|  0|    32|          32|          32|
    |add_ln58_618_fu_813224_p2   |         +|   0|  0|    37|          30|          30|
    |add_ln58_619_fu_814861_p2   |         +|   0|  0|    37|          30|          30|
    |add_ln58_61_fu_852009_p2    |         +|   0|  0|    38|          31|          31|
    |add_ln58_620_fu_814871_p2   |         +|   0|  0|    38|          31|          31|
    |add_ln58_621_fu_814877_p2   |         +|   0|  0|    36|          29|          29|
    |add_ln58_622_fu_818433_p2   |         +|   0|  0|    37|          30|          30|
    |add_ln58_623_fu_818443_p2   |         +|   0|  0|    31|          31|          31|
    |add_ln58_624_fu_818449_p2   |         +|   0|  0|    31|          31|          31|
    |add_ln58_625_fu_826679_p2   |         +|   0|  0|    32|          32|          32|
    |add_ln58_626_fu_818455_p2   |         +|   0|  0|    37|          30|          30|
    |add_ln58_627_fu_822422_p2   |         +|   0|  0|    37|          30|          30|
    |add_ln58_628_fu_822432_p2   |         +|   0|  0|    31|          31|          31|
    |add_ln58_629_fu_822438_p2   |         +|   0|  0|    31|          31|          31|
    |add_ln58_62_fu_860089_p2    |         +|   0|  0|    32|          32|          32|
    |add_ln58_630_fu_824850_p2   |         +|   0|  0|    37|          30|          30|
    |add_ln58_631_fu_826691_p2   |         +|   0|  0|    36|          29|          29|
    |add_ln58_632_fu_826701_p2   |         +|   0|  0|    37|          30|          30|
    |add_ln58_633_fu_826711_p2   |         +|   0|  0|    38|          31|          31|
    |add_ln58_634_fu_826721_p2   |         +|   0|  0|    39|          32|          32|
    |add_ln58_635_fu_826727_p2   |         +|   0|  0|    32|          32|          32|
    |add_ln58_636_fu_860717_p2   |         +|   0|  0|    32|          32|          32|
    |add_ln58_637_fu_831405_p2   |         +|   0|  0|    37|          30|          30|
    |add_ln58_638_fu_831415_p2   |         +|   0|  0|    37|          30|          30|
    |add_ln58_639_fu_831425_p2   |         +|   0|  0|    38|          31|          31|
    |add_ln58_63_fu_854197_p2    |         +|   0|  0|    37|          30|          30|
    |add_ln58_640_fu_833369_p2   |         +|   0|  0|    37|          30|          30|
    |add_ln58_641_fu_835316_p2   |         +|   0|  0|    36|          29|          29|
    |add_ln58_642_fu_835326_p2   |         +|   0|  0|    37|          30|          30|
    |add_ln58_643_fu_835336_p2   |         +|   0|  0|    38|          31|          31|
    |add_ln58_644_fu_835346_p2   |         +|   0|  0|    39|          32|          32|
    |add_ln58_645_fu_837083_p2   |         +|   0|  0|    34|          27|          27|
    |add_ln58_646_fu_839751_p2   |         +|   0|  0|    37|          30|          30|
    |add_ln58_647_fu_839761_p2   |         +|   0|  0|    31|          31|          31|
    |add_ln58_648_fu_839767_p2   |         +|   0|  0|    31|          31|          31|
    |add_ln58_649_fu_841223_p2   |         +|   0|  0|    36|          29|          29|
    |add_ln58_64_fu_855966_p2    |         +|   0|  0|    30|          30|          30|
    |add_ln58_650_fu_844958_p2   |         +|   0|  0|    37|          30|          30|
    |add_ln58_651_fu_844968_p2   |         +|   0|  0|    31|          31|          31|
    |add_ln58_652_fu_844974_p2   |         +|   0|  0|    31|          31|          31|
    |add_ln58_653_fu_844984_p2   |         +|   0|  0|    39|          32|          32|
    |add_ln58_654_fu_860721_p2   |         +|   0|  0|    32|          32|          32|
    |add_ln58_655_fu_844990_p2   |         +|   0|  0|    35|          28|          28|
    |add_ln58_656_fu_848376_p2   |         +|   0|  0|    37|          30|          30|
    |add_ln58_657_fu_848386_p2   |         +|   0|  0|    38|          31|          31|
    |add_ln58_658_fu_852202_p2   |         +|   0|  0|    30|          30|          30|
    |add_ln58_659_fu_852208_p2   |         +|   0|  0|    35|          28|          28|
    |add_ln58_65_fu_855972_p2    |         +|   0|  0|    30|          30|          30|
    |add_ln58_660_fu_852218_p2   |         +|   0|  0|    36|          29|          29|
    |add_ln58_661_fu_852228_p2   |         +|   0|  0|    30|          30|          30|
    |add_ln58_662_fu_860731_p2   |         +|   0|  0|    32|          32|          32|
    |add_ln58_663_fu_854245_p2   |         +|   0|  0|    36|          29|          29|
    |add_ln58_664_fu_856148_p2   |         +|   0|  0|    36|          29|          29|
    |add_ln58_665_fu_856158_p2   |         +|   0|  0|    37|          30|          30|
    |add_ln58_666_fu_856168_p2   |         +|   0|  0|    38|          31|          31|
    |add_ln58_667_fu_858189_p2   |         +|   0|  0|    37|          30|          30|
    |add_ln58_668_fu_860743_p2   |         +|   0|  0|    36|          29|           6|
    |add_ln58_669_fu_860753_p2   |         +|   0|  0|    37|          30|          30|
    |add_ln58_66_fu_855982_p2    |         +|   0|  0|    38|          31|          31|
    |add_ln58_670_fu_860763_p2   |         +|   0|  0|    38|          31|          31|
    |add_ln58_671_fu_860773_p2   |         +|   0|  0|    39|          32|          32|
    |add_ln58_672_fu_860779_p2   |         +|   0|  0|    32|          32|          32|
    |add_ln58_673_fu_860785_p2   |         +|   0|  0|    32|          32|          32|
    |add_ln58_674_fu_860791_p2   |         +|   0|  0|    32|          32|          32|
    |add_ln58_675_fu_795772_p2   |         +|   0|  0|    35|          28|          28|
    |add_ln58_676_fu_797162_p2   |         +|   0|  0|    36|          29|          29|
    |add_ln58_677_fu_797172_p2   |         +|   0|  0|    37|          30|          30|
    |add_ln58_678_fu_799121_p2   |         +|   0|  0|    36|          29|          29|
    |add_ln58_679_fu_800729_p2   |         +|   0|  0|    36|          29|          29|
    |add_ln58_67_fu_858141_p2    |         +|   0|  0|    37|          30|          30|
    |add_ln58_680_fu_800739_p2   |         +|   0|  0|    37|          30|          30|
    |add_ln58_681_fu_800749_p2   |         +|   0|  0|    31|          31|          31|
    |add_ln58_682_fu_800755_p2   |         +|   0|  0|    31|          31|          31|
    |add_ln58_683_fu_803263_p2   |         +|   0|  0|    36|          29|          29|
    |add_ln58_684_fu_804833_p2   |         +|   0|  0|    37|          30|          30|
    |add_ln58_685_fu_804839_p2   |         +|   0|  0|    30|          30|          30|
    |add_ln58_686_fu_804845_p2   |         +|   0|  0|    30|          30|          30|
    |add_ln58_687_fu_807100_p2   |         +|   0|  0|    36|          29|          29|
    |add_ln58_688_fu_809021_p2   |         +|   0|  0|    30|          30|          30|
    |add_ln58_689_fu_809027_p2   |         +|   0|  0|    30|          30|          30|
    |add_ln58_68_fu_860101_p2    |         +|   0|  0|    36|          29|           9|
    |add_ln58_690_fu_809037_p2   |         +|   0|  0|    38|          31|          31|
    |add_ln58_691_fu_809047_p2   |         +|   0|  0|    32|          32|          32|
    |add_ln58_692_fu_809053_p2   |         +|   0|  0|    32|          32|          32|
    |add_ln58_693_fu_813230_p2   |         +|   0|  0|    36|          29|          29|
    |add_ln58_694_fu_814886_p2   |         +|   0|  0|    30|          30|          30|
    |add_ln58_695_fu_814892_p2   |         +|   0|  0|    30|          30|          30|
    |add_ln58_696_fu_816593_p2   |         +|   0|  0|    32|          25|          25|
    |add_ln58_697_fu_818467_p2   |         +|   0|  0|    36|          29|          29|
    |add_ln58_698_fu_818473_p2   |         +|   0|  0|    29|          29|          29|
    |add_ln58_699_fu_818479_p2   |         +|   0|  0|    29|          29|          29|
    |add_ln58_69_fu_860111_p2    |         +|   0|  0|    37|          30|          30|
    |add_ln58_6_fu_800500_p2     |         +|   0|  0|    38|          31|          31|
    |add_ln58_700_fu_818489_p2   |         +|   0|  0|    38|          31|          31|
    |add_ln58_701_fu_818495_p2   |         +|   0|  0|    37|          30|          30|
    |add_ln58_702_fu_822447_p2   |         +|   0|  0|    37|          30|          30|
    |add_ln58_703_fu_822457_p2   |         +|   0|  0|    31|          31|          31|
    |add_ln58_704_fu_822463_p2   |         +|   0|  0|    31|          31|          31|
    |add_ln58_705_fu_824856_p2   |         +|   0|  0|    37|          30|          30|
    |add_ln58_706_fu_826742_p2   |         +|   0|  0|    36|          29|          29|
    |add_ln58_707_fu_826752_p2   |         +|   0|  0|    37|          30|          30|
    |add_ln58_708_fu_826762_p2   |         +|   0|  0|    38|          31|          31|
    |add_ln58_709_fu_826772_p2   |         +|   0|  0|    32|          32|          32|
    |add_ln58_70_fu_860121_p2    |         +|   0|  0|    38|          31|          31|
    |add_ln58_710_fu_826778_p2   |         +|   0|  0|    32|          32|          32|
    |add_ln58_711_fu_860797_p2   |         +|   0|  0|    32|          32|          32|
    |add_ln58_712_fu_831431_p2   |         +|   0|  0|    35|          28|          28|
    |add_ln58_713_fu_831441_p2   |         +|   0|  0|    30|          30|          30|
    |add_ln58_714_fu_831447_p2   |         +|   0|  0|    30|          30|          30|
    |add_ln58_715_fu_833375_p2   |         +|   0|  0|    37|          30|          30|
    |add_ln58_716_fu_835358_p2   |         +|   0|  0|    29|          29|          29|
    |add_ln58_717_fu_835364_p2   |         +|   0|  0|    29|          29|          29|
    |add_ln58_718_fu_835374_p2   |         +|   0|  0|    38|          31|          31|
    |add_ln58_719_fu_835384_p2   |         +|   0|  0|    39|          32|          32|
    |add_ln58_71_fu_860131_p2    |         +|   0|  0|    39|          32|          32|
    |add_ln58_720_fu_837089_p2   |         +|   0|  0|    37|          30|          30|
    |add_ln58_721_fu_839776_p2   |         +|   0|  0|    30|          30|          30|
    |add_ln58_722_fu_839782_p2   |         +|   0|  0|    30|          30|          30|
    |add_ln58_723_fu_839792_p2   |         +|   0|  0|    38|          31|          31|
    |add_ln58_724_fu_841229_p2   |         +|   0|  0|    37|          30|          30|
    |add_ln58_725_fu_845002_p2   |         +|   0|  0|    37|          30|          30|
    |add_ln58_726_fu_845012_p2   |         +|   0|  0|    31|          31|          31|
    |add_ln58_727_fu_845018_p2   |         +|   0|  0|    31|          31|          31|
    |add_ln58_728_fu_845028_p2   |         +|   0|  0|    39|          32|          32|
    |add_ln58_729_fu_860801_p2   |         +|   0|  0|    32|          32|          32|
    |add_ln58_72_fu_860137_p2    |         +|   0|  0|    32|          32|          32|
    |add_ln58_730_fu_845034_p2   |         +|   0|  0|    37|          30|          30|
    |add_ln58_731_fu_848395_p2   |         +|   0|  0|    36|          29|          29|
    |add_ln58_732_fu_848405_p2   |         +|   0|  0|    38|          31|          31|
    |add_ln58_733_fu_850395_p2   |         +|   0|  0|    37|          30|          30|
    |add_ln58_734_fu_852237_p2   |         +|   0|  0|    30|          30|          30|
    |add_ln58_735_fu_852243_p2   |         +|   0|  0|    30|          30|          30|
    |add_ln58_736_fu_852253_p2   |         +|   0|  0|    38|          31|          31|
    |add_ln58_737_fu_860811_p2   |         +|   0|  0|    32|          32|          32|
    |add_ln58_738_fu_854251_p2   |         +|   0|  0|    37|          30|          30|
    |add_ln58_739_fu_856177_p2   |         +|   0|  0|    35|          28|          28|
    |add_ln58_73_fu_860143_p2    |         +|   0|  0|    32|          32|          32|
    |add_ln58_740_fu_856187_p2   |         +|   0|  0|    36|          29|          29|
    |add_ln58_741_fu_856197_p2   |         +|   0|  0|    38|          31|          31|
    |add_ln58_742_fu_858195_p2   |         +|   0|  0|    35|          28|          28|
    |add_ln58_743_fu_860823_p2   |         +|   0|  0|    30|          30|           7|
    |add_ln58_744_fu_860829_p2   |         +|   0|  0|    30|          30|          30|
    |add_ln58_745_fu_860839_p2   |         +|   0|  0|    38|          31|          31|
    |add_ln58_746_fu_860849_p2   |         +|   0|  0|    39|          32|          32|
    |add_ln58_747_fu_860855_p2   |         +|   0|  0|    32|          32|          32|
    |add_ln58_748_fu_860861_p2   |         +|   0|  0|    32|          32|          32|
    |add_ln58_749_fu_860867_p2   |         +|   0|  0|    32|          32|          32|
    |add_ln58_74_fu_860149_p2    |         +|   0|  0|    32|          32|          32|
    |add_ln58_750_fu_795778_p2   |         +|   0|  0|    37|          30|          30|
    |add_ln58_751_fu_797181_p2   |         +|   0|  0|    37|          30|          30|
    |add_ln58_752_fu_797191_p2   |         +|   0|  0|    38|          31|          31|
    |add_ln58_753_fu_799127_p2   |         +|   0|  0|    37|          30|          30|
    |add_ln58_754_fu_800764_p2   |         +|   0|  0|    30|          30|          30|
    |add_ln58_755_fu_800770_p2   |         +|   0|  0|    30|          30|          30|
    |add_ln58_756_fu_800780_p2   |         +|   0|  0|    38|          31|          31|
    |add_ln58_757_fu_809065_p2   |         +|   0|  0|    32|          32|          32|
    |add_ln58_758_fu_803269_p2   |         +|   0|  0|    37|          30|          30|
    |add_ln58_759_fu_804854_p2   |         +|   0|  0|    35|          28|          28|
    |add_ln58_75_fu_795730_p2    |         +|   0|  0|    36|          29|          29|
    |add_ln58_760_fu_804864_p2   |         +|   0|  0|    36|          29|          29|
    |add_ln58_761_fu_804874_p2   |         +|   0|  0|    38|          31|          31|
    |add_ln58_762_fu_807106_p2   |         +|   0|  0|    37|          30|          30|
    |add_ln58_763_fu_809077_p2   |         +|   0|  0|    36|          29|          29|
    |add_ln58_764_fu_809087_p2   |         +|   0|  0|    37|          30|          30|
    |add_ln58_765_fu_809097_p2   |         +|   0|  0|    38|          31|          31|
    |add_ln58_766_fu_809107_p2   |         +|   0|  0|    39|          32|          32|
    |add_ln58_767_fu_809113_p2   |         +|   0|  0|    32|          32|          32|
    |add_ln58_768_fu_813236_p2   |         +|   0|  0|    29|          29|          29|
    |add_ln58_769_fu_813242_p2   |         +|   0|  0|    34|          27|          27|
    |add_ln58_76_fu_797011_p2    |         +|   0|  0|    36|          29|          29|
    |add_ln58_770_fu_813252_p2   |         +|   0|  0|    29|          29|          29|
    |add_ln58_771_fu_816599_p2   |         +|   0|  0|    36|          29|          29|
    |add_ln58_772_fu_818507_p2   |         +|   0|  0|    36|          29|          29|
    |add_ln58_773_fu_818517_p2   |         +|   0|  0|    30|          30|          30|
    |add_ln58_774_fu_818523_p2   |         +|   0|  0|    30|          30|          30|
    |add_ln58_775_fu_818533_p2   |         +|   0|  0|    38|          31|          31|
    |add_ln58_776_fu_818539_p2   |         +|   0|  0|    37|          30|          30|
    |add_ln58_777_fu_822472_p2   |         +|   0|  0|    37|          30|          30|
    |add_ln58_778_fu_822482_p2   |         +|   0|  0|    31|          31|          31|
    |add_ln58_779_fu_822488_p2   |         +|   0|  0|    31|          31|          31|
    |add_ln58_77_fu_797021_p2    |         +|   0|  0|    37|          30|          30|
    |add_ln58_780_fu_824862_p2   |         +|   0|  0|    36|          29|          29|
    |add_ln58_781_fu_826793_p2   |         +|   0|  0|    37|          30|          30|
    |add_ln58_782_fu_826799_p2   |         +|   0|  0|    30|          30|          30|
    |add_ln58_783_fu_826805_p2   |         +|   0|  0|    30|          30|          30|
    |add_ln58_784_fu_826815_p2   |         +|   0|  0|    32|          32|          32|
    |add_ln58_785_fu_826821_p2   |         +|   0|  0|    32|          32|          32|
    |add_ln58_786_fu_860873_p2   |         +|   0|  0|    32|          32|          32|
    |add_ln58_787_fu_831453_p2   |         +|   0|  0|    37|          30|          30|
    |add_ln58_788_fu_831463_p2   |         +|   0|  0|    37|          30|          30|
    |add_ln58_789_fu_831473_p2   |         +|   0|  0|    38|          31|          31|
    |add_ln58_78_fu_799073_p2    |         +|   0|  0|    37|          30|          30|
    |add_ln58_790_fu_833381_p2   |         +|   0|  0|    37|          30|          30|
    |add_ln58_791_fu_835396_p2   |         +|   0|  0|    30|          30|          30|
    |add_ln58_792_fu_835402_p2   |         +|   0|  0|    30|          30|          30|
    |add_ln58_793_fu_835412_p2   |         +|   0|  0|    38|          31|          31|
    |add_ln58_794_fu_835422_p2   |         +|   0|  0|    39|          32|          32|
    |add_ln58_795_fu_837095_p2   |         +|   0|  0|    36|          29|          29|
    |add_ln58_796_fu_839801_p2   |         +|   0|  0|    30|          30|          30|
    |add_ln58_797_fu_839807_p2   |         +|   0|  0|    30|          30|          30|
    |add_ln58_798_fu_839817_p2   |         +|   0|  0|    38|          31|          31|
    |add_ln58_799_fu_841235_p2   |         +|   0|  0|    37|          30|          30|
    |add_ln58_79_fu_800509_p2    |         +|   0|  0|    30|          30|          30|
    |add_ln58_7_fu_808515_p2     |         +|   0|  0|    32|          32|          32|
    |add_ln58_800_fu_845046_p2   |         +|   0|  0|    30|          30|          30|
    |add_ln58_801_fu_845052_p2   |         +|   0|  0|    30|          30|          30|
    |add_ln58_802_fu_845062_p2   |         +|   0|  0|    38|          31|          31|
    |add_ln58_803_fu_845072_p2   |         +|   0|  0|    39|          32|          32|
    |add_ln58_804_fu_860877_p2   |         +|   0|  0|    32|          32|          32|
    |add_ln58_805_fu_845078_p2   |         +|   0|  0|    37|          30|          30|
    |add_ln58_806_fu_848414_p2   |         +|   0|  0|    37|          30|          30|
    |add_ln58_807_fu_848424_p2   |         +|   0|  0|    38|          31|          31|
    |add_ln58_808_fu_850401_p2   |         +|   0|  0|    37|          30|          30|
    |add_ln58_809_fu_852262_p2   |         +|   0|  0|    30|          30|          30|
    |add_ln58_80_fu_800515_p2    |         +|   0|  0|    30|          30|          30|
    |add_ln58_810_fu_852268_p2   |         +|   0|  0|    30|          30|          30|
    |add_ln58_811_fu_852278_p2   |         +|   0|  0|    38|          31|          31|
    |add_ln58_812_fu_860887_p2   |         +|   0|  0|    32|          32|          32|
    |add_ln58_813_fu_854257_p2   |         +|   0|  0|    37|          30|          30|
    |add_ln58_814_fu_856206_p2   |         +|   0|  0|    37|          30|          30|
    |add_ln58_815_fu_856216_p2   |         +|   0|  0|    31|          31|          31|
    |add_ln58_816_fu_856222_p2   |         +|   0|  0|    31|          31|          31|
    |add_ln58_817_fu_858201_p2   |         +|   0|  0|    37|          30|          30|
    |add_ln58_818_fu_860899_p2   |         +|   0|  0|    30|          30|           8|
    |add_ln58_819_fu_860905_p2   |         +|   0|  0|    30|          30|          30|
    |add_ln58_81_fu_800525_p2    |         +|   0|  0|    38|          31|          31|
    |add_ln58_820_fu_860915_p2   |         +|   0|  0|    38|          31|          31|
    |add_ln58_821_fu_860925_p2   |         +|   0|  0|    39|          32|          32|
    |add_ln58_822_fu_860931_p2   |         +|   0|  0|    32|          32|          32|
    |add_ln58_823_fu_860937_p2   |         +|   0|  0|    32|          32|          32|
    |add_ln58_824_fu_860943_p2   |         +|   0|  0|    32|          32|          32|
    |add_ln58_825_fu_795784_p2   |         +|   0|  0|    37|          30|          30|
    |add_ln58_826_fu_797200_p2   |         +|   0|  0|    37|          30|          30|
    |add_ln58_827_fu_797210_p2   |         +|   0|  0|    38|          31|          31|
    |add_ln58_828_fu_799133_p2   |         +|   0|  0|    35|          28|          28|
    |add_ln58_829_fu_800789_p2   |         +|   0|  0|    37|          30|          30|
    |add_ln58_82_fu_808571_p2    |         +|   0|  0|    32|          32|          32|
    |add_ln58_830_fu_800799_p2   |         +|   0|  0|    31|          31|          31|
    |add_ln58_831_fu_800805_p2   |         +|   0|  0|    31|          31|          31|
    |add_ln58_832_fu_809125_p2   |         +|   0|  0|    32|          32|          32|
    |add_ln58_833_fu_803275_p2   |         +|   0|  0|    37|          30|          30|
    |add_ln58_834_fu_804880_p2   |         +|   0|  0|    37|          30|          30|
    |add_ln58_835_fu_804890_p2   |         +|   0|  0|    38|          31|          31|
    |add_ln58_836_fu_809137_p2   |         +|   0|  0|    32|          32|          32|
    |add_ln58_837_fu_807112_p2   |         +|   0|  0|    37|          30|          30|
    |add_ln58_838_fu_809146_p2   |         +|   0|  0|    37|          30|          30|
    |add_ln58_839_fu_809156_p2   |         +|   0|  0|    38|          31|          31|
    |add_ln58_83_fu_803215_p2    |         +|   0|  0|    36|          29|          29|
    |add_ln58_840_fu_809166_p2   |         +|   0|  0|    39|          32|          32|
    |add_ln58_841_fu_809172_p2   |         +|   0|  0|    32|          32|          32|
    |add_ln58_842_fu_809178_p2   |         +|   0|  0|    32|          32|          32|
    |add_ln58_843_fu_814898_p2   |         +|   0|  0|    30|          30|          30|
    |add_ln58_844_fu_814904_p2   |         +|   0|  0|    36|          29|          29|
    |add_ln58_845_fu_814914_p2   |         +|   0|  0|    30|          30|          30|
    |add_ln58_846_fu_814920_p2   |         +|   0|  0|    37|          30|          30|
    |add_ln58_847_fu_818548_p2   |         +|   0|  0|    37|          30|          30|
    |add_ln58_848_fu_818558_p2   |         +|   0|  0|    31|          31|          31|
    |add_ln58_849_fu_818564_p2   |         +|   0|  0|    31|          31|          31|
    |add_ln58_84_fu_804629_p2    |         +|   0|  0|    37|          30|          30|
    |add_ln58_850_fu_826833_p2   |         +|   0|  0|    32|          32|          32|
    |add_ln58_851_fu_818570_p2   |         +|   0|  0|    36|          29|          29|
    |add_ln58_852_fu_822497_p2   |         +|   0|  0|    37|          30|          30|
    |add_ln58_853_fu_822507_p2   |         +|   0|  0|    31|          31|          31|
    |add_ln58_854_fu_822513_p2   |         +|   0|  0|    31|          31|          31|
    |add_ln58_855_fu_824868_p2   |         +|   0|  0|    37|          30|          30|
    |add_ln58_856_fu_826845_p2   |         +|   0|  0|    35|          28|          28|
    |add_ln58_857_fu_826855_p2   |         +|   0|  0|    37|          30|          30|
    |add_ln58_858_fu_826865_p2   |         +|   0|  0|    38|          31|          31|
    |add_ln58_859_fu_826875_p2   |         +|   0|  0|    39|          32|          32|
    |add_ln58_85_fu_804639_p2    |         +|   0|  0|    31|          31|          31|
    |add_ln58_860_fu_826881_p2   |         +|   0|  0|    32|          32|          32|
    |add_ln58_861_fu_860949_p2   |         +|   0|  0|    32|          32|          32|
    |add_ln58_862_fu_831479_p2   |         +|   0|  0|    36|          29|          29|
    |add_ln58_863_fu_831489_p2   |         +|   0|  0|    35|          28|          28|
    |add_ln58_864_fu_831499_p2   |         +|   0|  0|    37|          30|          30|
    |add_ln58_865_fu_833387_p2   |         +|   0|  0|    37|          30|          30|
    |add_ln58_866_fu_835434_p2   |         +|   0|  0|    37|          30|          30|
    |add_ln58_867_fu_835444_p2   |         +|   0|  0|    31|          31|          31|
    |add_ln58_868_fu_835450_p2   |         +|   0|  0|    31|          31|          31|
    |add_ln58_869_fu_835460_p2   |         +|   0|  0|    39|          32|          32|
    |add_ln58_86_fu_804645_p2    |         +|   0|  0|    31|          31|          31|
    |add_ln58_870_fu_837101_p2   |         +|   0|  0|    37|          30|          30|
    |add_ln58_871_fu_839826_p2   |         +|   0|  0|    30|          30|          30|
    |add_ln58_872_fu_839832_p2   |         +|   0|  0|    30|          30|          30|
    |add_ln58_873_fu_839842_p2   |         +|   0|  0|    38|          31|          31|
    |add_ln58_874_fu_841241_p2   |         +|   0|  0|    37|          30|          30|
    |add_ln58_875_fu_845090_p2   |         +|   0|  0|    36|          29|          29|
    |add_ln58_876_fu_845100_p2   |         +|   0|  0|    37|          30|          30|
    |add_ln58_877_fu_845110_p2   |         +|   0|  0|    38|          31|          31|
    |add_ln58_878_fu_845120_p2   |         +|   0|  0|    39|          32|          32|
    |add_ln58_879_fu_860953_p2   |         +|   0|  0|    32|          32|          32|
    |add_ln58_87_fu_807052_p2    |         +|   0|  0|    36|          29|          29|
    |add_ln58_880_fu_845126_p2   |         +|   0|  0|    37|          30|          30|
    |add_ln58_881_fu_848433_p2   |         +|   0|  0|    36|          29|          29|
    |add_ln58_882_fu_848443_p2   |         +|   0|  0|    38|          31|          31|
    |add_ln58_883_fu_850407_p2   |         +|   0|  0|    36|          29|          29|
    |add_ln58_884_fu_852287_p2   |         +|   0|  0|    30|          30|          30|
    |add_ln58_885_fu_852293_p2   |         +|   0|  0|    30|          30|          30|
    |add_ln58_886_fu_852303_p2   |         +|   0|  0|    38|          31|          31|
    |add_ln58_887_fu_860963_p2   |         +|   0|  0|    32|          32|          32|
    |add_ln58_888_fu_854263_p2   |         +|   0|  0|    36|          29|          29|
    |add_ln58_889_fu_856231_p2   |         +|   0|  0|    29|          29|          29|
    |add_ln58_88_fu_808583_p2    |         +|   0|  0|    30|          30|          30|
    |add_ln58_890_fu_856237_p2   |         +|   0|  0|    29|          29|          29|
    |add_ln58_891_fu_856247_p2   |         +|   0|  0|    37|          30|          30|
    |add_ln58_892_fu_858207_p2   |         +|   0|  0|    37|          30|          30|
    |add_ln58_893_fu_860975_p2   |         +|   0|  0|    30|          30|           8|
    |add_ln58_894_fu_860981_p2   |         +|   0|  0|    30|          30|          30|
    |add_ln58_895_fu_860991_p2   |         +|   0|  0|    38|          31|          31|
    |add_ln58_896_fu_861001_p2   |         +|   0|  0|    39|          32|          32|
    |add_ln58_897_fu_861007_p2   |         +|   0|  0|    32|          32|          32|
    |add_ln58_898_fu_861013_p2   |         +|   0|  0|    32|          32|          32|
    |add_ln58_899_fu_861019_p2   |         +|   0|  0|    32|          32|          32|
    |add_ln58_89_fu_808589_p2    |         +|   0|  0|    30|          30|          30|
    |add_ln58_8_fu_803209_p2     |         +|   0|  0|    37|          30|          30|
    |add_ln58_900_fu_795790_p2   |         +|   0|  0|    36|          29|          29|
    |add_ln58_901_fu_797219_p2   |         +|   0|  0|    37|          30|          30|
    |add_ln58_902_fu_797229_p2   |         +|   0|  0|    38|          31|          31|
    |add_ln58_903_fu_799139_p2   |         +|   0|  0|    37|          30|          30|
    |add_ln58_904_fu_800814_p2   |         +|   0|  0|    29|          29|          29|
    |add_ln58_905_fu_800820_p2   |         +|   0|  0|    29|          29|          29|
    |add_ln58_906_fu_800830_p2   |         +|   0|  0|    38|          31|          31|
    |add_ln58_907_fu_809190_p2   |         +|   0|  0|    32|          32|          32|
    |add_ln58_908_fu_803281_p2   |         +|   0|  0|    37|          30|          30|
    |add_ln58_909_fu_804899_p2   |         +|   0|  0|    36|          29|          29|
    |add_ln58_90_fu_808599_p2    |         +|   0|  0|    38|          31|          31|
    |add_ln58_910_fu_804909_p2   |         +|   0|  0|    37|          30|          30|
    |add_ln58_911_fu_804919_p2   |         +|   0|  0|    38|          31|          31|
    |add_ln58_912_fu_807118_p2   |         +|   0|  0|    37|          30|          30|
    |add_ln58_913_fu_809202_p2   |         +|   0|  0|    36|          29|          29|
    |add_ln58_914_fu_809212_p2   |         +|   0|  0|    37|          30|          30|
    |add_ln58_915_fu_809222_p2   |         +|   0|  0|    38|          31|          31|
    |add_ln58_916_fu_809232_p2   |         +|   0|  0|    39|          32|          32|
    |add_ln58_917_fu_809238_p2   |         +|   0|  0|    32|          32|          32|
    |add_ln58_918_fu_814926_p2   |         +|   0|  0|    30|          30|          30|
    |add_ln58_919_fu_814932_p2   |         +|   0|  0|    35|          28|          28|
    |add_ln58_91_fu_808609_p2    |         +|   0|  0|    39|          32|          32|
    |add_ln58_920_fu_814942_p2   |         +|   0|  0|    30|          30|          30|
    |add_ln58_921_fu_814948_p2   |         +|   0|  0|    37|          30|          30|
    |add_ln58_922_fu_818579_p2   |         +|   0|  0|    29|          29|          29|
    |add_ln58_923_fu_818585_p2   |         +|   0|  0|    29|          29|          29|
    |add_ln58_924_fu_818595_p2   |         +|   0|  0|    38|          31|          31|
    |add_ln58_925_fu_826893_p2   |         +|   0|  0|    32|          32|          32|
    |add_ln58_926_fu_818601_p2   |         +|   0|  0|    36|          29|          29|
    |add_ln58_927_fu_822522_p2   |         +|   0|  0|    30|          30|          30|
    |add_ln58_928_fu_822528_p2   |         +|   0|  0|    30|          30|          30|
    |add_ln58_929_fu_822538_p2   |         +|   0|  0|    38|          31|          31|
    |add_ln58_92_fu_808615_p2    |         +|   0|  0|    32|          32|          32|
    |add_ln58_930_fu_824874_p2   |         +|   0|  0|    37|          30|          30|
    |add_ln58_931_fu_826905_p2   |         +|   0|  0|    37|          30|          30|
    |add_ln58_932_fu_826915_p2   |         +|   0|  0|    38|          31|          31|
    |add_ln58_933_fu_826925_p2   |         +|   0|  0|    32|          32|          32|
    |add_ln58_934_fu_826931_p2   |         +|   0|  0|    32|          32|          32|
    |add_ln58_935_fu_826937_p2   |         +|   0|  0|    32|          32|          32|
    |add_ln58_936_fu_861025_p2   |         +|   0|  0|    32|          32|          32|
    |add_ln58_937_fu_831505_p2   |         +|   0|  0|    37|          30|          30|
    |add_ln58_938_fu_831515_p2   |         +|   0|  0|    36|          29|          29|
    |add_ln58_939_fu_831525_p2   |         +|   0|  0|    38|          31|          31|
    |add_ln58_93_fu_813168_p2    |         +|   0|  0|    37|          30|          30|
    |add_ln58_940_fu_833393_p2   |         +|   0|  0|    37|          30|          30|
    |add_ln58_941_fu_835472_p2   |         +|   0|  0|    34|          27|          27|
    |add_ln58_942_fu_835482_p2   |         +|   0|  0|    37|          30|          30|
    |add_ln58_943_fu_835492_p2   |         +|   0|  0|    38|          31|          31|
    |add_ln58_944_fu_835502_p2   |         +|   0|  0|    39|          32|          32|
    |add_ln58_945_fu_837107_p2   |         +|   0|  0|    37|          30|          30|
    |add_ln58_946_fu_841250_p2   |         +|   0|  0|    30|          30|          30|
    |add_ln58_947_fu_841256_p2   |         +|   0|  0|    30|          30|          30|
    |add_ln58_948_fu_841266_p2   |         +|   0|  0|    38|          31|          31|
    |add_ln58_949_fu_841272_p2   |         +|   0|  0|    36|          29|          29|
    |add_ln58_94_fu_814706_p2    |         +|   0|  0|    37|          30|          30|
    |add_ln58_950_fu_845138_p2   |         +|   0|  0|    36|          29|          29|
    |add_ln58_951_fu_845148_p2   |         +|   0|  0|    37|          30|          30|
    |add_ln58_952_fu_845158_p2   |         +|   0|  0|    38|          31|          31|
    |add_ln58_953_fu_845168_p2   |         +|   0|  0|    39|          32|          32|
    |add_ln58_954_fu_861029_p2   |         +|   0|  0|    32|          32|          32|
    |add_ln58_955_fu_848449_p2   |         +|   0|  0|    30|          30|          30|
    |add_ln58_956_fu_848455_p2   |         +|   0|  0|    36|          29|          29|
    |add_ln58_957_fu_848465_p2   |         +|   0|  0|    30|          30|          30|
    |add_ln58_958_fu_850413_p2   |         +|   0|  0|    37|          30|          30|
    |add_ln58_959_fu_852312_p2   |         +|   0|  0|    36|          29|          29|
    |add_ln58_95_fu_814716_p2    |         +|   0|  0|    38|          31|          31|
    |add_ln58_960_fu_852322_p2   |         +|   0|  0|    37|          30|          30|
    |add_ln58_961_fu_852332_p2   |         +|   0|  0|    38|          31|          31|
    |add_ln58_962_fu_861039_p2   |         +|   0|  0|    32|          32|          32|
    |add_ln58_963_fu_854269_p2   |         +|   0|  0|    37|          30|          30|
    |add_ln58_964_fu_856256_p2   |         +|   0|  0|    36|          29|          29|
    |add_ln58_965_fu_856266_p2   |         +|   0|  0|    37|          30|          30|
    |add_ln58_966_fu_856276_p2   |         +|   0|  0|    38|          31|          31|
    |add_ln58_967_fu_858213_p2   |         +|   0|  0|    36|          29|          29|
    |add_ln58_968_fu_861051_p2   |         +|   0|  0|    30|          30|          10|
    |add_ln58_969_fu_861057_p2   |         +|   0|  0|    30|          30|          30|
    |add_ln58_96_fu_814722_p2    |         +|   0|  0|    36|          29|          29|
    |add_ln58_970_fu_861067_p2   |         +|   0|  0|    38|          31|          31|
    |add_ln58_971_fu_861077_p2   |         +|   0|  0|    39|          32|          32|
    |add_ln58_972_fu_861083_p2   |         +|   0|  0|    32|          32|          32|
    |add_ln58_973_fu_861089_p2   |         +|   0|  0|    32|          32|          32|
    |add_ln58_974_fu_861095_p2   |         +|   0|  0|    32|          32|          32|
    |add_ln58_975_fu_795796_p2   |         +|   0|  0|    36|          29|          29|
    |add_ln58_976_fu_797238_p2   |         +|   0|  0|    37|          30|          30|
    |add_ln58_977_fu_797248_p2   |         +|   0|  0|    38|          31|          31|
    |add_ln58_978_fu_799145_p2   |         +|   0|  0|    37|          30|          30|
    |add_ln58_979_fu_800839_p2   |         +|   0|  0|    30|          30|          30|
    |add_ln58_97_fu_818212_p2    |         +|   0|  0|    36|          29|          29|
    |add_ln58_980_fu_800845_p2   |         +|   0|  0|    30|          30|          30|
    |add_ln58_981_fu_800855_p2   |         +|   0|  0|    38|          31|          31|
    |add_ln58_982_fu_809250_p2   |         +|   0|  0|    32|          32|          32|
    |add_ln58_983_fu_803287_p2   |         +|   0|  0|    37|          30|          30|
    |add_ln58_984_fu_804925_p2   |         +|   0|  0|    37|          30|          30|
    |add_ln58_985_fu_804935_p2   |         +|   0|  0|    38|          31|          31|
    |add_ln58_986_fu_809262_p2   |         +|   0|  0|    32|          32|          32|
    |add_ln58_987_fu_807124_p2   |         +|   0|  0|    35|          28|          28|
    |add_ln58_988_fu_809271_p2   |         +|   0|  0|    30|          30|          30|
    |add_ln58_989_fu_809277_p2   |         +|   0|  0|    30|          30|          30|
    |add_ln58_98_fu_818222_p2    |         +|   0|  0|    30|          30|          30|
    |add_ln58_990_fu_809287_p2   |         +|   0|  0|    38|          31|          31|
    |add_ln58_991_fu_809297_p2   |         +|   0|  0|    32|          32|          32|
    |add_ln58_992_fu_809303_p2   |         +|   0|  0|    32|          32|          32|
    |add_ln58_993_fu_813258_p2   |         +|   0|  0|    37|          30|          30|
    |add_ln58_994_fu_814957_p2   |         +|   0|  0|    37|          30|          30|
    |add_ln58_995_fu_814967_p2   |         +|   0|  0|    38|          31|          31|
    |add_ln58_996_fu_814973_p2   |         +|   0|  0|    36|          29|          29|
    |add_ln58_997_fu_818610_p2   |         +|   0|  0|    37|          30|          30|
    |add_ln58_998_fu_818620_p2   |         +|   0|  0|    31|          31|          31|
    |add_ln58_999_fu_818626_p2   |         +|   0|  0|    31|          31|          31|
    |add_ln58_99_fu_818228_p2    |         +|   0|  0|    30|          30|          30|
    |add_ln58_9_fu_804604_p2     |         +|   0|  0|    37|          30|          30|
    |add_ln58_fu_795724_p2       |         +|   0|  0|    37|          30|          30|
    |add_ln73_10_fu_816041_p2    |         +|   0|  0|    51|          44|          44|
    |add_ln73_11_fu_817374_p2    |         +|   0|  0|    48|          41|          41|
    |add_ln73_12_fu_824107_p2    |         +|   0|  0|    50|          43|          43|
    |add_ln73_13_fu_824557_p2    |         +|   0|  0|    49|          42|          42|
    |add_ln73_14_fu_824692_p2    |         +|   0|  0|    50|          43|          43|
    |add_ln73_15_fu_830469_p2    |         +|   0|  0|    51|          44|          44|
    |add_ln73_16_fu_830949_p2    |         +|   0|  0|    49|          42|          42|
    |add_ln73_17_fu_832673_p2    |         +|   0|  0|    50|          43|          43|
    |add_ln73_18_fu_833164_p2    |         +|   0|  0|    50|          43|          43|
    |add_ln73_19_fu_833273_p2    |         +|   0|  0|    49|          42|          42|
    |add_ln73_1_fu_793946_p2     |         +|   0|  0|    45|          38|          38|
    |add_ln73_20_fu_834587_p2    |         +|   0|  0|    49|          42|          42|
    |add_ln73_21_fu_839152_p2    |         +|   0|  0|    50|          43|          43|
    |add_ln73_22_fu_839525_p2    |         +|   0|  0|    48|          41|          41|
    |add_ln73_23_fu_840951_p2    |         +|   0|  0|    47|          40|          40|
    |add_ln73_24_fu_843089_p2    |         +|   0|  0|    50|          43|          43|
    |add_ln73_25_fu_795058_p2    |         +|   0|  0|    51|          44|          44|
    |add_ln73_26_fu_847773_p2    |         +|   0|  0|    44|          37|          37|
    |add_ln73_27_fu_856906_p2    |         +|   0|  0|    51|          44|          44|
    |add_ln73_28_fu_857142_p2    |         +|   0|  0|    44|          37|          37|
    |add_ln73_29_fu_855901_p2    |         +|   0|  0|    48|          41|          41|
    |add_ln73_2_fu_802453_p2     |         +|   0|  0|    49|          42|          42|
    |add_ln73_30_fu_857717_p2    |         +|   0|  0|    44|          37|          37|
    |add_ln73_3_fu_803123_p2     |         +|   0|  0|    50|          43|          43|
    |add_ln73_4_fu_807617_p2     |         +|   0|  0|    47|          40|          40|
    |add_ln73_5_fu_812416_p2     |         +|   0|  0|    51|          44|          44|
    |add_ln73_6_fu_813703_p2     |         +|   0|  0|    47|          40|          40|
    |add_ln73_7_fu_813084_p2     |         +|   0|  0|    51|          44|          44|
    |add_ln73_8_fu_815929_p2     |         +|   0|  0|    47|          40|          40|
    |add_ln73_9_fu_815971_p2     |         +|   0|  0|    51|          44|          44|
    |add_ln73_fu_793481_p2       |         +|   0|  0|    45|          38|          38|
    |sub_ln73_100_fu_832730_p2   |         -|   0|  0|    41|           1|          41|
    |sub_ln73_101_fu_832747_p2   |         -|   0|  0|    41|          41|          41|
    |sub_ln73_102_fu_832786_p2   |         -|   0|  0|    46|           1|          39|
    |sub_ln73_103_fu_832881_p2   |         -|   0|  0|    42|          35|          35|
    |sub_ln73_104_fu_833210_p2   |         -|   0|  0|    48|          41|          41|
    |sub_ln73_105_fu_834472_p2   |         -|   0|  0|    44|           1|          44|
    |sub_ln73_106_fu_834489_p2   |         -|   0|  0|    44|          44|          44|
    |sub_ln73_107_fu_834535_p2   |         -|   0|  0|    49|          42|          42|
    |sub_ln73_108_fu_794830_p2   |         -|   0|  0|    44|           1|          44|
    |sub_ln73_109_fu_794848_p2   |         -|   0|  0|    44|          44|          44|
    |sub_ln73_10_fu_796445_p2    |         -|   0|  0|    49|          42|          42|
    |sub_ln73_110_fu_834951_p2   |         -|   0|  0|    48|          41|          41|
    |sub_ln73_111_fu_834982_p2   |         -|   0|  0|    51|          44|          44|
    |sub_ln73_112_fu_839105_p2   |         -|   0|  0|    51|          44|          44|
    |sub_ln73_113_fu_840322_p2   |         -|   0|  0|    40|           1|          40|
    |sub_ln73_114_fu_840339_p2   |         -|   0|  0|    40|          40|          40|
    |sub_ln73_115_fu_840377_p2   |         -|   0|  0|    42|           1|          42|
    |sub_ln73_116_fu_840394_p2   |         -|   0|  0|    42|          42|          42|
    |sub_ln73_117_fu_839422_p2   |         -|   0|  0|    51|          44|          44|
    |sub_ln73_118_fu_839457_p2   |         -|   0|  0|    40|           1|          40|
    |sub_ln73_119_fu_839463_p2   |         -|   0|  0|    40|          40|          40|
    |sub_ln73_11_fu_796766_p2    |         -|   0|  0|    43|          36|          36|
    |sub_ln73_120_fu_842738_p2   |         -|   0|  0|    45|          38|          38|
    |sub_ln73_121_fu_842829_p2   |         -|   0|  0|    51|          44|          44|
    |sub_ln73_122_fu_843116_p2   |         -|   0|  0|    35|           1|          35|
    |sub_ln73_123_fu_843122_p2   |         -|   0|  0|    35|          35|          35|
    |sub_ln73_124_fu_795106_p2   |         -|   0|  0|    43|           1|          43|
    |sub_ln73_125_fu_795124_p2   |         -|   0|  0|    43|          43|          43|
    |sub_ln73_126_fu_795184_p2   |         -|   0|  0|    51|          44|          44|
    |sub_ln73_127_fu_795232_p2   |         -|   0|  0|    45|           1|          38|
    |sub_ln73_128_fu_847666_p2   |         -|   0|  0|    40|           1|          40|
    |sub_ln73_129_fu_847687_p2   |         -|   0|  0|    40|          40|          40|
    |sub_ln73_12_fu_796849_p2    |         -|   0|  0|    38|           1|          38|
    |sub_ln73_130_fu_847932_p2   |         -|   0|  0|    50|          43|          43|
    |sub_ln73_131_fu_795322_p2   |         -|   0|  0|    51|          44|          44|
    |sub_ln73_132_fu_850001_p2   |         -|   0|  0|    43|          36|          36|
    |sub_ln73_133_fu_850046_p2   |         -|   0|  0|    47|          40|          40|
    |sub_ln73_134_fu_850129_p2   |         -|   0|  0|    42|           1|          42|
    |sub_ln73_135_fu_850146_p2   |         -|   0|  0|    42|          42|          42|
    |sub_ln73_136_fu_851380_p2   |         -|   0|  0|    49|          42|          42|
    |sub_ln73_137_fu_851468_p2   |         -|   0|  0|    44|          37|          37|
    |sub_ln73_138_fu_851510_p2   |         -|   0|  0|    51|          44|          44|
    |sub_ln73_139_fu_853297_p2   |         -|   0|  0|    45|          38|          38|
    |sub_ln73_13_fu_796855_p2    |         -|   0|  0|    38|          38|          38|
    |sub_ln73_140_fu_851566_p2   |         -|   0|  0|    49|          42|          42|
    |sub_ln73_141_fu_853362_p2   |         -|   0|  0|    43|           1|          43|
    |sub_ln73_142_fu_853379_p2   |         -|   0|  0|    43|          43|          43|
    |sub_ln73_143_fu_851720_p2   |         -|   0|  0|    51|          44|          44|
    |sub_ln73_144_fu_851802_p2   |         -|   0|  0|    50|          43|          43|
    |sub_ln73_145_fu_851940_p2   |         -|   0|  0|    49|          42|          42|
    |sub_ln73_146_fu_851960_p2   |         -|   0|  0|    42|           1|          42|
    |sub_ln73_147_fu_851966_p2   |         -|   0|  0|    42|          42|          42|
    |sub_ln73_148_fu_795452_p2   |         -|   0|  0|    50|          43|          43|
    |sub_ln73_149_fu_795512_p2   |         -|   0|  0|    50|          43|          43|
    |sub_ln73_14_fu_798274_p2    |         -|   0|  0|    39|           1|          39|
    |sub_ln73_150_fu_855323_p2   |         -|   0|  0|    48|          41|          41|
    |sub_ln73_151_fu_856858_p2   |         -|   0|  0|    46|          39|          39|
    |sub_ln73_152_fu_857092_p2   |         -|   0|  0|    51|          44|          44|
    |sub_ln73_153_fu_855943_p2   |         -|   0|  0|    46|          39|          39|
    |sub_ln73_154_fu_857435_p2   |         -|   0|  0|    39|           1|          39|
    |sub_ln73_155_fu_857456_p2   |         -|   0|  0|    39|          39|          39|
    |sub_ln73_156_fu_857593_p2   |         -|   0|  0|    38|           1|          38|
    |sub_ln73_157_fu_857610_p2   |         -|   0|  0|    38|          38|          38|
    |sub_ln73_158_fu_857989_p2   |         -|   0|  0|    43|           1|          43|
    |sub_ln73_159_fu_858006_p2   |         -|   0|  0|    43|          43|          43|
    |sub_ln73_15_fu_798295_p2    |         -|   0|  0|    39|          39|          39|
    |sub_ln73_160_fu_859442_p2   |         -|   0|  0|    47|          40|          40|
    |sub_ln73_161_fu_859488_p2   |         -|   0|  0|    50|          43|          43|
    |sub_ln73_162_fu_859590_p2   |         -|   0|  0|    51|          44|          44|
    |sub_ln73_163_fu_795690_p2   |         -|   0|  0|    42|           1|          42|
    |sub_ln73_164_fu_795708_p2   |         -|   0|  0|    42|          42|          42|
    |sub_ln73_165_fu_798996_p2   |         -|   0|  0|    44|          37|          37|
    |sub_ln73_166_fu_803150_p2   |         -|   0|  0|    43|          36|          36|
    |sub_ln73_167_fu_807725_p2   |         -|   0|  0|    42|          35|          35|
    |sub_ln73_168_fu_812939_p2   |         -|   0|  0|    46|          39|          39|
    |sub_ln73_169_fu_814523_p2   |         -|   0|  0|    43|          36|          36|
    |sub_ln73_16_fu_798437_p2    |         -|   0|  0|    42|           1|          42|
    |sub_ln73_170_fu_855592_p2   |         -|   0|  0|    46|          39|          39|
    |sub_ln73_171_fu_858049_p2   |         -|   0|  0|    46|          39|          39|
    |sub_ln73_172_fu_859614_p2   |         -|   0|  0|    42|          35|          35|
    |sub_ln73_17_fu_798443_p2    |         -|   0|  0|    42|          42|          42|
    |sub_ln73_18_fu_793846_p2    |         -|   0|  0|    51|          44|          44|
    |sub_ln73_19_fu_798969_p2    |         -|   0|  0|    51|          44|          44|
    |sub_ln73_1_fu_793058_p2     |         -|   0|  0|    40|           1|          40|
    |sub_ln73_20_fu_799780_p2    |         -|   0|  0|    48|          41|          41|
    |sub_ln73_21_fu_799960_p2    |         -|   0|  0|    47|          40|          40|
    |sub_ln73_22_fu_800023_p2    |         -|   0|  0|    42|           1|          42|
    |sub_ln73_23_fu_800029_p2    |         -|   0|  0|    42|          42|          42|
    |sub_ln73_24_fu_802338_p2    |         -|   0|  0|    44|           1|          44|
    |sub_ln73_25_fu_802359_p2    |         -|   0|  0|    44|          44|          44|
    |sub_ln73_26_fu_802518_p2    |         -|   0|  0|    45|          38|          38|
    |sub_ln73_27_fu_802911_p2    |         -|   0|  0|    37|           1|          37|
    |sub_ln73_28_fu_802917_p2    |         -|   0|  0|    37|          37|          37|
    |sub_ln73_29_fu_802983_p2    |         -|   0|  0|    49|          42|          42|
    |sub_ln73_2_fu_793076_p2     |         -|   0|  0|    40|          40|          40|
    |sub_ln73_30_fu_804033_p2    |         -|   0|  0|    42|           1|          42|
    |sub_ln73_31_fu_804050_p2    |         -|   0|  0|    42|          42|          42|
    |sub_ln73_32_fu_804115_p2    |         -|   0|  0|    41|           1|          34|
    |sub_ln73_33_fu_806169_p2    |         -|   0|  0|    39|           1|          39|
    |sub_ln73_34_fu_806190_p2    |         -|   0|  0|    39|          39|          39|
    |sub_ln73_35_fu_806452_p2    |         -|   0|  0|    50|          43|          43|
    |sub_ln73_36_fu_806644_p2    |         -|   0|  0|    37|           1|          37|
    |sub_ln73_37_fu_806661_p2    |         -|   0|  0|    37|          37|          37|
    |sub_ln73_38_fu_806854_p2    |         -|   0|  0|    47|          40|          40|
    |sub_ln73_39_fu_806886_p2    |         -|   0|  0|    40|           1|          40|
    |sub_ln73_3_fu_793136_p2     |         -|   0|  0|    49|          42|          42|
    |sub_ln73_40_fu_806903_p2    |         -|   0|  0|    40|          40|          40|
    |sub_ln73_41_fu_807448_p2    |         -|   0|  0|    45|           1|          38|
    |sub_ln73_42_fu_807769_p2    |         -|   0|  0|    42|           1|          35|
    |sub_ln73_43_fu_812463_p2    |         -|   0|  0|    42|          35|          35|
    |sub_ln73_44_fu_813888_p2    |         -|   0|  0|    44|          37|          37|
    |sub_ln73_45_fu_812974_p2    |         -|   0|  0|    37|           1|          37|
    |sub_ln73_46_fu_812991_p2    |         -|   0|  0|    37|          37|          37|
    |sub_ln73_47_fu_813033_p2    |         -|   0|  0|    51|          44|          44|
    |sub_ln73_48_fu_813064_p2    |         -|   0|  0|    42|           1|          35|
    |sub_ln73_49_fu_813126_p2    |         -|   0|  0|    50|          43|          43|
    |sub_ln73_4_fu_793433_p2     |         -|   0|  0|    49|          42|          42|
    |sub_ln73_50_fu_816017_p2    |         -|   0|  0|    44|          37|          37|
    |sub_ln73_51_fu_816084_p2    |         -|   0|  0|    41|           1|          41|
    |sub_ln73_52_fu_816090_p2    |         -|   0|  0|    41|          41|          41|
    |sub_ln73_53_fu_814585_p2    |         -|   0|  0|    47|          40|          40|
    |sub_ln73_54_fu_814660_p2    |         -|   0|  0|    38|           1|          38|
    |sub_ln73_55_fu_814677_p2    |         -|   0|  0|    38|          38|          38|
    |sub_ln73_56_fu_816906_p2    |         -|   0|  0|    39|           1|          39|
    |sub_ln73_57_fu_816927_p2    |         -|   0|  0|    39|          39|          39|
    |sub_ln73_58_fu_816992_p2    |         -|   0|  0|    41|           1|          41|
    |sub_ln73_59_fu_816998_p2    |         -|   0|  0|    41|          41|          41|
    |sub_ln73_5_fu_793571_p2     |         -|   0|  0|    43|           1|          43|
    |sub_ln73_60_fu_817424_p2    |         -|   0|  0|    49|          42|          42|
    |sub_ln73_61_fu_794326_p2    |         -|   0|  0|    44|          37|          37|
    |sub_ln73_62_fu_794374_p2    |         -|   0|  0|    44|           1|          44|
    |sub_ln73_63_fu_794392_p2    |         -|   0|  0|    44|          44|          44|
    |sub_ln73_64_fu_818123_p2    |         -|   0|  0|    46|          39|          39|
    |sub_ln73_65_fu_818154_p2    |         -|   0|  0|    49|          42|          42|
    |sub_ln73_66_fu_821073_p2    |         -|   0|  0|    49|          42|          42|
    |sub_ln73_67_fu_821131_p2    |         -|   0|  0|    44|           1|          44|
    |sub_ln73_68_fu_821152_p2    |         -|   0|  0|    44|          44|          44|
    |sub_ln73_69_fu_821251_p2    |         -|   0|  0|    47|          40|          40|
    |sub_ln73_6_fu_793577_p2     |         -|   0|  0|    43|          43|          43|
    |sub_ln73_70_fu_821466_p2    |         -|   0|  0|    46|          39|          39|
    |sub_ln73_71_fu_821612_p2    |         -|   0|  0|    41|           1|          41|
    |sub_ln73_72_fu_821629_p2    |         -|   0|  0|    41|          41|          41|
    |sub_ln73_73_fu_794512_p2    |         -|   0|  0|    49|          42|          42|
    |sub_ln73_74_fu_823885_p2    |         -|   0|  0|    45|          38|          38|
    |sub_ln73_75_fu_823998_p2    |         -|   0|  0|    47|          40|          40|
    |sub_ln73_76_fu_825212_p2    |         -|   0|  0|    40|           1|          40|
    |sub_ln73_77_fu_825233_p2    |         -|   0|  0|    40|          40|          40|
    |sub_ln73_78_fu_825280_p2    |         -|   0|  0|    50|          43|          43|
    |sub_ln73_79_fu_825421_p2    |         -|   0|  0|    48|          41|          41|
    |sub_ln73_7_fu_796128_p2     |         -|   0|  0|    43|           1|          43|
    |sub_ln73_80_fu_825527_p2    |         -|   0|  0|    48|          41|          41|
    |sub_ln73_81_fu_824727_p2    |         -|   0|  0|    41|           1|          41|
    |sub_ln73_82_fu_824744_p2    |         -|   0|  0|    41|          41|          41|
    |sub_ln73_83_fu_824760_p2    |         -|   0|  0|    50|          43|          43|
    |sub_ln73_84_fu_794652_p2    |         -|   0|  0|    51|          44|          44|
    |sub_ln73_85_fu_830254_p2    |         -|   0|  0|    39|           1|          39|
    |sub_ln73_86_fu_830271_p2    |         -|   0|  0|    39|          39|          39|
    |sub_ln73_87_fu_830331_p2    |         -|   0|  0|    46|          39|          39|
    |sub_ln73_88_fu_830362_p2    |         -|   0|  0|    42|           1|          42|
    |sub_ln73_89_fu_830379_p2    |         -|   0|  0|    42|          42|          42|
    |sub_ln73_8_fu_796145_p2     |         -|   0|  0|    43|          43|          43|
    |sub_ln73_90_fu_830505_p2    |         -|   0|  0|    49|          42|          42|
    |sub_ln73_91_fu_830640_p2    |         -|   0|  0|    48|          41|          41|
    |sub_ln73_92_fu_830727_p2    |         -|   0|  0|    50|          43|          43|
    |sub_ln73_93_fu_830766_p2    |         -|   0|  0|    44|           1|          44|
    |sub_ln73_94_fu_830783_p2    |         -|   0|  0|    44|          44|          44|
    |sub_ln73_95_fu_830992_p2    |         -|   0|  0|    46|           1|          39|
    |sub_ln73_96_fu_831032_p2    |         -|   0|  0|    42|           1|          42|
    |sub_ln73_97_fu_831049_p2    |         -|   0|  0|    42|          42|          42|
    |sub_ln73_98_fu_831168_p2    |         -|   0|  0|    44|           1|          44|
    |sub_ln73_99_fu_831185_p2    |         -|   0|  0|    44|          44|          44|
    |sub_ln73_9_fu_796255_p2     |         -|   0|  0|    47|           1|          40|
    |sub_ln73_fu_792966_p2       |         -|   0|  0|    48|          41|          41|
    +----------------------------+----------+----+---+------+------------+------------+
    |Total                       |          |   0|  0|175399|      152142|      152868|
    +----------------------------+----------+----+---+------+------------+------------+

    * Multiplexer: 
    +----------------+-----+-----------+-----+-----------+
    |      Name      | LUT | Input Size| Bits| Total Bits|
    +----------------+-----+-----------+-----+-----------+
    |ap_NS_fsm       |  142|         32|    1|         32|
    |grp_fu_7280_p0  |  142|         32|   32|       1024|
    |grp_fu_7280_p1  |  113|         25|   14|        350|
    |grp_fu_7281_p0  |  142|         32|   32|       1024|
    |grp_fu_7281_p1  |  121|         27|   14|        378|
    |grp_fu_7282_p0  |  142|         32|   32|       1024|
    |grp_fu_7282_p1  |  113|         24|   14|        336|
    |grp_fu_7283_p0  |  142|         32|   32|       1024|
    |grp_fu_7283_p1  |  125|         28|   14|        392|
    |grp_fu_7284_p0  |  138|         31|   32|        992|
    |grp_fu_7284_p1  |  121|         27|   14|        378|
    |grp_fu_7285_p0  |  142|         32|   32|       1024|
    |grp_fu_7285_p1  |  117|         26|   14|        364|
    |grp_fu_7286_p0  |  142|         32|   32|       1024|
    |grp_fu_7286_p1  |  121|         27|   14|        378|
    |grp_fu_7287_p0  |  142|         32|   32|       1024|
    |grp_fu_7287_p1  |  117|         26|   14|        364|
    |grp_fu_7288_p0  |  142|         32|   32|       1024|
    |grp_fu_7288_p1  |  121|         27|   14|        378|
    |grp_fu_7289_p0  |  142|         32|   32|       1024|
    |grp_fu_7289_p1  |  125|         28|   14|        392|
    |grp_fu_7290_p0  |  142|         32|   32|       1024|
    |grp_fu_7290_p1  |  113|         24|   14|        336|
    |grp_fu_7291_p0  |  142|         32|   32|       1024|
    |grp_fu_7291_p1  |  125|         28|   14|        392|
    |grp_fu_7292_p0  |  142|         32|   32|       1024|
    |grp_fu_7292_p1  |  117|         26|   14|        364|
    |grp_fu_7293_p0  |  142|         32|   32|       1024|
    |grp_fu_7293_p1  |  125|         28|   14|        392|
    |grp_fu_7294_p0  |  142|         32|   32|       1024|
    |grp_fu_7294_p1  |  117|         26|   14|        364|
    |grp_fu_7295_p0  |  142|         32|   32|       1024|
    |grp_fu_7295_p1  |  121|         27|   14|        378|
    |grp_fu_7296_p0  |  138|         31|   32|        992|
    |grp_fu_7296_p1  |  125|         28|   14|        392|
    |grp_fu_7297_p0  |  142|         32|   32|       1024|
    |grp_fu_7297_p1  |  121|         27|   14|        378|
    |grp_fu_7298_p0  |  138|         31|   32|        992|
    |grp_fu_7298_p1  |  125|         28|   14|        392|
    |grp_fu_7299_p0  |  142|         32|   32|       1024|
    |grp_fu_7299_p1  |  121|         27|   14|        378|
    |grp_fu_7300_p0  |  142|         32|   32|       1024|
    |grp_fu_7300_p1  |  125|         28|   14|        392|
    |grp_fu_7301_p0  |  142|         32|   32|       1024|
    |grp_fu_7301_p1  |  113|         25|   14|        350|
    |grp_fu_7302_p0  |  142|         32|   32|       1024|
    |grp_fu_7302_p1  |  121|         27|   14|        378|
    |grp_fu_7303_p0  |  142|         32|   32|       1024|
    |grp_fu_7303_p1  |  117|         26|   14|        364|
    |grp_fu_7304_p0  |  142|         32|   32|       1024|
    |grp_fu_7304_p1  |  121|         27|   14|        378|
    |grp_fu_7305_p0  |  142|         32|   32|       1024|
    |grp_fu_7305_p1  |  121|         27|   14|        378|
    |grp_fu_7306_p0  |  142|         32|   32|       1024|
    |grp_fu_7306_p1  |  117|         26|   14|        364|
    |grp_fu_7307_p0  |  142|         32|   32|       1024|
    |grp_fu_7307_p1  |  113|         25|   14|        350|
    |grp_fu_7308_p0  |  138|         31|   32|        992|
    |grp_fu_7308_p1  |  125|         28|   14|        392|
    |grp_fu_7309_p0  |  142|         32|   32|       1024|
    |grp_fu_7309_p1  |  125|         28|   14|        392|
    |grp_fu_7310_p0  |  142|         32|   32|       1024|
    |grp_fu_7310_p1  |  121|         27|   14|        378|
    |grp_fu_7311_p0  |  142|         32|   32|       1024|
    |grp_fu_7311_p1  |  125|         28|   14|        392|
    |grp_fu_7312_p0  |  138|         31|   32|        992|
    |grp_fu_7312_p1  |  125|         28|   14|        392|
    |grp_fu_7313_p0  |  142|         32|   32|       1024|
    |grp_fu_7313_p1  |  121|         27|   14|        378|
    |grp_fu_7314_p0  |  138|         31|   32|        992|
    |grp_fu_7314_p1  |  125|         28|   14|        392|
    |grp_fu_7315_p0  |  138|         31|   32|        992|
    |grp_fu_7315_p1  |  121|         27|   14|        378|
    |grp_fu_7316_p0  |  138|         31|   32|        992|
    |grp_fu_7316_p1  |  113|         22|   14|        308|
    |grp_fu_7317_p0  |  138|         31|   32|        992|
    |grp_fu_7317_p1  |  113|         22|   14|        308|
    |grp_fu_7318_p0  |  142|         32|   32|       1024|
    |grp_fu_7318_p1  |  121|         27|   14|        378|
    |grp_fu_7319_p0  |  142|         32|   32|       1024|
    |grp_fu_7319_p1  |  121|         27|   14|        378|
    |grp_fu_7320_p0  |  142|         32|   32|       1024|
    |grp_fu_7320_p1  |  121|         27|   14|        378|
    |grp_fu_7321_p0  |  142|         32|   32|       1024|
    |grp_fu_7321_p1  |  121|         27|   14|        378|
    |grp_fu_7322_p0  |  138|         31|   32|        992|
    |grp_fu_7322_p1  |  113|         22|   14|        308|
    |grp_fu_7323_p0  |  142|         32|   32|       1024|
    |grp_fu_7323_p1  |  113|         25|   14|        350|
    |grp_fu_7324_p0  |  138|         31|   32|        992|
    |grp_fu_7324_p1  |  106|         21|   14|        294|
    |grp_fu_7325_p0  |  142|         32|   32|       1024|
    |grp_fu_7325_p1  |  125|         28|   14|        392|
    |grp_fu_7326_p0  |  142|         32|   32|       1024|
    |grp_fu_7326_p1  |  121|         27|   14|        378|
    |grp_fu_7327_p0  |  142|         32|   32|       1024|
    |grp_fu_7327_p1  |  121|         27|   14|        378|
    |grp_fu_7328_p0  |  142|         32|   32|       1024|
    |grp_fu_7328_p1  |  117|         26|   14|        364|
    |grp_fu_7329_p0  |  142|         32|   32|       1024|
    |grp_fu_7329_p1  |  113|         22|   14|        308|
    |grp_fu_7330_p0  |  138|         31|   32|        992|
    |grp_fu_7330_p1  |  125|         28|   14|        392|
    |grp_fu_7331_p0  |  142|         32|   32|       1024|
    |grp_fu_7331_p1  |  117|         26|   14|        364|
    |grp_fu_7332_p0  |  142|         32|   32|       1024|
    |grp_fu_7332_p1  |  130|         29|   14|        406|
    |grp_fu_7333_p0  |  142|         32|   32|       1024|
    |grp_fu_7333_p1  |  125|         28|   14|        392|
    |grp_fu_7334_p0  |  142|         32|   32|       1024|
    |grp_fu_7334_p1  |  117|         26|   14|        364|
    |grp_fu_7335_p0  |  138|         31|   32|        992|
    |grp_fu_7335_p1  |  125|         28|   14|        392|
    |grp_fu_7336_p0  |  142|         32|   32|       1024|
    |grp_fu_7336_p1  |  125|         28|   14|        392|
    |grp_fu_7337_p0  |  142|         32|   32|       1024|
    |grp_fu_7337_p1  |  125|         28|   14|        392|
    |grp_fu_7338_p0  |  142|         32|   32|       1024|
    |grp_fu_7338_p1  |  121|         27|   14|        378|
    |grp_fu_7339_p0  |  142|         32|   32|       1024|
    |grp_fu_7339_p1  |  121|         27|   14|        378|
    |grp_fu_7340_p0  |  142|         32|   32|       1024|
    |grp_fu_7340_p1  |  113|         24|   14|        336|
    |grp_fu_7341_p0  |  142|         32|   32|       1024|
    |grp_fu_7341_p1  |  117|         26|   14|        364|
    |grp_fu_7342_p0  |  142|         32|   32|       1024|
    |grp_fu_7342_p1  |  121|         27|   14|        378|
    |grp_fu_7343_p0  |  142|         32|   32|       1024|
    |grp_fu_7343_p1  |  121|         27|   14|        378|
    |grp_fu_7344_p0  |  142|         32|   32|       1024|
    |grp_fu_7344_p1  |  113|         25|   14|        350|
    |grp_fu_7345_p0  |  138|         31|   32|        992|
    |grp_fu_7345_p1  |  125|         28|   14|        392|
    |grp_fu_7346_p0  |  142|         32|   32|       1024|
    |grp_fu_7346_p1  |  113|         24|   14|        336|
    |grp_fu_7347_p0  |  142|         32|   32|       1024|
    |grp_fu_7347_p1  |  113|         25|   14|        350|
    |grp_fu_7348_p0  |  142|         32|   32|       1024|
    |grp_fu_7348_p1  |  121|         27|   14|        378|
    |grp_fu_7349_p0  |  142|         32|   32|       1024|
    |grp_fu_7349_p1  |  125|         28|   14|        392|
    |grp_fu_7350_p0  |  138|         31|   32|        992|
    |grp_fu_7350_p1  |  117|         26|   14|        364|
    |grp_fu_7351_p0  |  142|         32|   32|       1024|
    |grp_fu_7351_p1  |  125|         28|   14|        392|
    |grp_fu_7352_p0  |  142|         32|   32|       1024|
    |grp_fu_7352_p1  |  113|         24|   14|        336|
    |grp_fu_7353_p0  |  142|         32|   32|       1024|
    |grp_fu_7353_p1  |  117|         26|   14|        364|
    |grp_fu_7354_p0  |  138|         31|   32|        992|
    |grp_fu_7354_p1  |  125|         28|   14|        392|
    |grp_fu_7355_p0  |  142|         32|   32|       1024|
    |grp_fu_7355_p1  |  113|         22|   14|        308|
    |grp_fu_7356_p0  |  142|         32|   32|       1024|
    |grp_fu_7356_p1  |  117|         26|   14|        364|
    |grp_fu_7357_p0  |  138|         31|   32|        992|
    |grp_fu_7357_p1  |  125|         28|   14|        392|
    |grp_fu_7358_p0  |  142|         32|   32|       1024|
    |grp_fu_7358_p1  |  121|         27|   14|        378|
    |grp_fu_7359_p0  |  138|         31|   32|        992|
    |grp_fu_7359_p1  |  121|         27|   14|        378|
    |grp_fu_7360_p0  |  142|         32|   32|       1024|
    |grp_fu_7360_p1  |  117|         26|   14|        364|
    |grp_fu_7361_p0  |  142|         32|   32|       1024|
    |grp_fu_7361_p1  |  117|         26|   14|        364|
    |grp_fu_7362_p0  |  142|         32|   32|       1024|
    |grp_fu_7362_p1  |  121|         27|   14|        378|
    |grp_fu_7363_p0  |  138|         31|   32|        992|
    |grp_fu_7363_p1  |  117|         26|   14|        364|
    |grp_fu_7364_p0  |  142|         32|   32|       1024|
    |grp_fu_7364_p1  |  125|         28|   14|        392|
    |grp_fu_7365_p0  |  142|         32|   32|       1024|
    |grp_fu_7365_p1  |  117|         26|   14|        364|
    |grp_fu_7366_p0  |  138|         31|   32|        992|
    |grp_fu_7366_p1  |  125|         28|   14|        392|
    |grp_fu_7367_p0  |  142|         32|   32|       1024|
    |grp_fu_7367_p1  |  100|         20|   14|        280|
    |grp_fu_7368_p0  |  142|         32|   32|       1024|
    |grp_fu_7368_p1  |  117|         26|   14|        364|
    |grp_fu_7369_p0  |  142|         32|   32|       1024|
    |grp_fu_7369_p1  |  117|         26|   14|        364|
    |grp_fu_7370_p0  |  142|         32|   32|       1024|
    |grp_fu_7370_p1  |  117|         26|   14|        364|
    |grp_fu_7371_p0  |  142|         32|   32|       1024|
    |grp_fu_7371_p1  |  117|         26|   14|        364|
    |grp_fu_7372_p0  |  142|         32|   32|       1024|
    |grp_fu_7372_p1  |  117|         26|   14|        364|
    |grp_fu_7373_p0  |  142|         32|   32|       1024|
    |grp_fu_7373_p1  |  113|         25|   14|        350|
    |grp_fu_7374_p0  |  142|         32|   32|       1024|
    |grp_fu_7374_p1  |  117|         26|   14|        364|
    |grp_fu_7375_p0  |  142|         32|   32|       1024|
    |grp_fu_7375_p1  |  113|         22|   14|        308|
    |grp_fu_7376_p0  |  142|         32|   32|       1024|
    |grp_fu_7376_p1  |  125|         28|   14|        392|
    |grp_fu_7377_p0  |  142|         32|   32|       1024|
    |grp_fu_7377_p1  |  121|         27|   14|        378|
    |grp_fu_7378_p0  |  142|         32|   32|       1024|
    |grp_fu_7378_p1  |  113|         25|   14|        350|
    |grp_fu_7379_p0  |  142|         32|   32|       1024|
    |grp_fu_7379_p1  |  117|         26|   14|        364|
    |grp_fu_7380_p0  |  142|         32|   32|       1024|
    |grp_fu_7380_p1  |  117|         26|   14|        364|
    |grp_fu_7381_p0  |  142|         32|   32|       1024|
    |grp_fu_7381_p1  |  113|         24|   14|        336|
    |grp_fu_7382_p0  |  142|         32|   32|       1024|
    |grp_fu_7382_p1  |  117|         26|   14|        364|
    |grp_fu_7383_p0  |  138|         31|   32|        992|
    |grp_fu_7383_p1  |  117|         26|   14|        364|
    |grp_fu_7384_p0  |  142|         32|   32|       1024|
    |grp_fu_7384_p1  |  125|         28|   14|        392|
    |grp_fu_7385_p0  |  142|         32|   32|       1024|
    |grp_fu_7385_p1  |  117|         26|   14|        364|
    |grp_fu_7386_p0  |  142|         32|   32|       1024|
    |grp_fu_7386_p1  |  113|         24|   14|        336|
    |grp_fu_7387_p0  |  138|         31|   32|        992|
    |grp_fu_7387_p1  |  125|         28|   14|        392|
    |grp_fu_7388_p0  |  142|         32|   32|       1024|
    |grp_fu_7388_p1  |  113|         25|   14|        350|
    |grp_fu_7389_p0  |  142|         32|   32|       1024|
    |grp_fu_7389_p1  |  121|         27|   14|        378|
    |grp_fu_7390_p0  |  142|         32|   32|       1024|
    |grp_fu_7390_p1  |  113|         25|   14|        350|
    |grp_fu_7391_p0  |  142|         32|   32|       1024|
    |grp_fu_7391_p1  |  113|         24|   14|        336|
    |grp_fu_7392_p0  |  142|         32|   32|       1024|
    |grp_fu_7392_p1  |  113|         25|   14|        350|
    |grp_fu_7393_p0  |  142|         32|   32|       1024|
    |grp_fu_7393_p1  |  125|         28|   14|        392|
    |grp_fu_7394_p0  |  142|         32|   32|       1024|
    |grp_fu_7394_p1  |  125|         28|   14|        392|
    |grp_fu_7395_p0  |  142|         32|   32|       1024|
    |grp_fu_7395_p1  |  125|         28|   14|        392|
    |grp_fu_7396_p0  |  142|         32|   32|       1024|
    |grp_fu_7396_p1  |  117|         26|   14|        364|
    |grp_fu_7397_p0  |  142|         32|   32|       1024|
    |grp_fu_7397_p1  |  117|         26|   14|        364|
    |grp_fu_7398_p0  |  142|         32|   32|       1024|
    |grp_fu_7398_p1  |  117|         26|   14|        364|
    |grp_fu_7399_p0  |  142|         32|   32|       1024|
    |grp_fu_7399_p1  |  113|         24|   14|        336|
    |grp_fu_7400_p0  |  142|         32|   32|       1024|
    |grp_fu_7400_p1  |  125|         28|   14|        392|
    |grp_fu_7401_p0  |  142|         32|   32|       1024|
    |grp_fu_7401_p1  |  113|         25|   14|        350|
    |grp_fu_7402_p0  |  142|         32|   32|       1024|
    |grp_fu_7402_p1  |  117|         26|   14|        364|
    |grp_fu_7403_p0  |  142|         32|   32|       1024|
    |grp_fu_7403_p1  |  113|         22|   14|        308|
    |grp_fu_7404_p0  |  138|         31|   32|        992|
    |grp_fu_7404_p1  |  106|         21|   14|        294|
    |grp_fu_7405_p0  |  142|         32|   32|       1024|
    |grp_fu_7405_p1  |  117|         26|   14|        364|
    |grp_fu_7406_p0  |  138|         31|   32|        992|
    |grp_fu_7406_p1  |  113|         22|   14|        308|
    |grp_fu_7407_p0  |  142|         32|   32|       1024|
    |grp_fu_7407_p1  |  138|         31|   14|        434|
    |grp_fu_7408_p0  |  142|         32|   32|       1024|
    |grp_fu_7408_p1  |  117|         26|   14|        364|
    |grp_fu_7409_p0  |  138|         31|   32|        992|
    |grp_fu_7409_p1  |  125|         28|   14|        392|
    |grp_fu_7410_p0  |  142|         32|   32|       1024|
    |grp_fu_7410_p1  |  113|         25|   14|        350|
    |grp_fu_7411_p0  |  142|         32|   32|       1024|
    |grp_fu_7411_p1  |  117|         26|   14|        364|
    |grp_fu_7412_p0  |  142|         32|   32|       1024|
    |grp_fu_7412_p1  |  121|         27|   14|        378|
    |grp_fu_7413_p0  |  142|         32|   32|       1024|
    |grp_fu_7413_p1  |  125|         28|   14|        392|
    |grp_fu_7414_p0  |  142|         32|   32|       1024|
    |grp_fu_7414_p1  |  121|         27|   14|        378|
    |grp_fu_7415_p0  |  142|         32|   32|       1024|
    |grp_fu_7415_p1  |  106|         21|   14|        294|
    |grp_fu_7416_p0  |  142|         32|   32|       1024|
    |grp_fu_7416_p1  |  121|         27|   14|        378|
    |grp_fu_7417_p0  |  142|         32|   32|       1024|
    |grp_fu_7417_p1  |  125|         28|   14|        392|
    |grp_fu_7418_p0  |  142|         32|   32|       1024|
    |grp_fu_7418_p1  |  117|         26|   14|        364|
    |grp_fu_7419_p0  |  142|         32|   32|       1024|
    |grp_fu_7419_p1  |  117|         26|   14|        364|
    |grp_fu_7420_p0  |  142|         32|   32|       1024|
    |grp_fu_7420_p1  |  121|         27|   14|        378|
    |grp_fu_7421_p0  |  142|         32|   32|       1024|
    |grp_fu_7421_p1  |  113|         22|   14|        308|
    |grp_fu_7422_p0  |  142|         32|   32|       1024|
    |grp_fu_7422_p1  |  121|         27|   14|        378|
    |grp_fu_7423_p0  |  142|         32|   32|       1024|
    |grp_fu_7423_p1  |  113|         25|   14|        350|
    |grp_fu_7424_p0  |  142|         32|   32|       1024|
    |grp_fu_7424_p1  |  125|         28|   14|        392|
    |grp_fu_7425_p0  |  138|         31|   32|        992|
    |grp_fu_7425_p1  |  113|         22|   14|        308|
    |grp_fu_7426_p0  |  142|         32|   32|       1024|
    |grp_fu_7426_p1  |  125|         28|   14|        392|
    |grp_fu_7427_p0  |  142|         32|   32|       1024|
    |grp_fu_7427_p1  |  121|         27|   14|        378|
    |grp_fu_7428_p0  |  142|         32|   32|       1024|
    |grp_fu_7428_p1  |  121|         27|   14|        378|
    |grp_fu_7429_p0  |  142|         32|   32|       1024|
    |grp_fu_7429_p1  |  130|         29|   14|        406|
    +----------------+-----+-----------+-----+-----------+
    |Total           |39193|       8734| 6901|     207792|
    +----------------+-----+-----------+-----+-----------+

    * Register: 
    +--------------------------+-----+----+-----+-----------+
    |           Name           |  FF | LUT| Bits| Const Bits|
    +--------------------------+-----+----+-----+-----------+
    |a_10_reg_865733           |   32|   0|   32|          0|
    |a_11_reg_865752           |   32|   0|   32|          0|
    |a_12_reg_865769           |   32|   0|   32|          0|
    |a_13_reg_865787           |   32|   0|   32|          0|
    |a_14_reg_865797           |   32|   0|   32|          0|
    |a_15_reg_865813           |   32|   0|   32|          0|
    |a_16_reg_865831           |   32|   0|   32|          0|
    |a_17_reg_865849           |   32|   0|   32|          0|
    |a_18_reg_865861           |   32|   0|   32|          0|
    |a_19_reg_865871           |   32|   0|   32|          0|
    |a_20_reg_865888           |   32|   0|   32|          0|
    |a_21_reg_865898           |   32|   0|   32|          0|
    |a_22_reg_865918           |   32|   0|   32|          0|
    |a_23_reg_865940           |   32|   0|   32|          0|
    |a_24_reg_865960           |   32|   0|   32|          0|
    |a_25_reg_865981           |   32|   0|   32|          0|
    |a_26_reg_865998           |   32|   0|   32|          0|
    |a_27_reg_866016           |   32|   0|   32|          0|
    |a_28_reg_866032           |   32|   0|   32|          0|
    |a_29_reg_866047           |   32|   0|   32|          0|
    |a_30_reg_866065           |   32|   0|   32|          0|
    |a_31_reg_866084           |   32|   0|   32|          0|
    |a_32_reg_866102           |   32|   0|   32|          0|
    |a_33_reg_866117           |   32|   0|   32|          0|
    |a_34_reg_866137           |   32|   0|   32|          0|
    |a_35_reg_866148           |   32|   0|   32|          0|
    |a_36_reg_866169           |   32|   0|   32|          0|
    |a_37_reg_866180           |   32|   0|   32|          0|
    |a_38_reg_866197           |   32|   0|   32|          0|
    |a_39_reg_866212           |   32|   0|   32|          0|
    |a_3_reg_865615            |   32|   0|   32|          0|
    |a_40_reg_866232           |   32|   0|   32|          0|
    |a_41_reg_866257           |   32|   0|   32|          0|
    |a_42_reg_866278           |   32|   0|   32|          0|
    |a_43_reg_866298           |   32|   0|   32|          0|
    |a_44_reg_866317           |   32|   0|   32|          0|
    |a_45_reg_866335           |   32|   0|   32|          0|
    |a_46_reg_866350           |   32|   0|   32|          0|
    |a_47_reg_866368           |   32|   0|   32|          0|
    |a_48_reg_866379           |   32|   0|   32|          0|
    |a_49_reg_866389           |   32|   0|   32|          0|
    |a_4_reg_865631            |   32|   0|   32|          0|
    |a_50_reg_866405           |   32|   0|   32|          0|
    |a_51_reg_866423           |   32|   0|   32|          0|
    |a_52_reg_866443           |   32|   0|   32|          0|
    |a_53_reg_866461           |   32|   0|   32|          0|
    |a_54_reg_866470           |   32|   0|   32|          0|
    |a_55_reg_866487           |   32|   0|   32|          0|
    |a_56_reg_866502           |   32|   0|   32|          0|
    |a_57_reg_866516           |   32|   0|   32|          0|
    |a_58_reg_866530           |   32|   0|   32|          0|
    |a_59_reg_866544           |   32|   0|   32|          0|
    |a_5_reg_865648            |   32|   0|   32|          0|
    |a_60_reg_866564           |   32|   0|   32|          0|
    |a_61_reg_866574           |   32|   0|   32|          0|
    |a_62_reg_866589           |   32|   0|   32|          0|
    |a_63_reg_866608           |   32|   0|   32|          0|
    |a_64_reg_866618           |   32|   0|   32|          0|
    |a_65_reg_866641           |   32|   0|   32|          0|
    |a_66_reg_866660           |   32|   0|   32|          0|
    |a_67_reg_866674           |   32|   0|   32|          0|
    |a_68_reg_866689           |   32|   0|   32|          0|
    |a_69_reg_866709           |   32|   0|   32|          0|
    |a_6_reg_865663            |   32|   0|   32|          0|
    |a_70_reg_866729           |   32|   0|   32|          0|
    |a_71_reg_866747           |   32|   0|   32|          0|
    |a_72_reg_866765           |   32|   0|   32|          0|
    |a_73_reg_866783           |   32|   0|   32|          0|
    |a_74_reg_866807           |   32|   0|   32|          0|
    |a_7_reg_865681            |   32|   0|   32|          0|
    |a_8_reg_865700            |   32|   0|   32|          0|
    |a_9_reg_865714            |   32|   0|   32|          0|
    |add_ln58_1001_reg_871590  |   30|   0|   30|          0|
    |add_ln58_1004_reg_872002  |   31|   0|   31|          0|
    |add_ln58_1005_reg_872453  |   30|   0|   30|          0|
    |add_ln58_1010_reg_872810  |   32|   0|   32|          0|
    |add_ln58_1014_reg_873223  |   30|   0|   30|          0|
    |add_ln58_1015_reg_873574  |   29|   0|   29|          0|
    |add_ln58_1019_reg_874152  |   32|   0|   32|          0|
    |add_ln58_101_reg_871102   |   29|   0|   29|          0|
    |add_ln58_1020_reg_874334  |   30|   0|   30|          0|
    |add_ln58_1023_reg_875096  |   31|   0|   31|          0|
    |add_ln58_1024_reg_875101  |   30|   0|   30|          0|
    |add_ln58_1028_reg_875885  |   32|   0|   32|          0|
    |add_ln58_1030_reg_875890  |   30|   0|   30|          0|
    |add_ln58_1032_reg_876304  |   31|   0|   31|          0|
    |add_ln58_1033_reg_876688  |   30|   0|   30|          0|
    |add_ln58_1036_reg_877125  |   31|   0|   31|          0|
    |add_ln58_1038_reg_877391  |   29|   0|   29|          0|
    |add_ln58_1041_reg_877930  |   31|   0|   31|          0|
    |add_ln58_104_reg_871922   |   31|   0|   31|          0|
    |add_ln58_1050_reg_866888  |   28|   0|   28|          0|
    |add_ln58_1052_reg_867221  |   30|   0|   30|          0|
    |add_ln58_1053_reg_867682  |   29|   0|   29|          0|
    |add_ln58_1056_reg_868052  |   31|   0|   31|          0|
    |add_ln58_1058_reg_868479  |   28|   0|   28|          0|
    |add_ln58_105_reg_871927   |   30|   0|   30|          0|
    |add_ln58_1061_reg_868855  |   31|   0|   31|          0|
    |add_ln58_1062_reg_869252  |   30|   0|   30|          0|
    |add_ln58_1067_reg_869632  |   32|   0|   32|          0|
    |add_ln58_1068_reg_869989  |   30|   0|   30|          0|
    |add_ln58_1069_reg_870438  |   29|   0|   29|          0|
    |add_ln58_1071_reg_870825  |   29|   0|   29|          0|
    |add_ln58_1075_reg_871222  |   31|   0|   31|          0|
    |add_ln58_1076_reg_871227  |   28|   0|   28|          0|
    |add_ln58_1079_reg_872007  |   30|   0|   30|          0|
    |add_ln58_1080_reg_872458  |   30|   0|   30|          0|
    |add_ln58_1085_reg_872815  |   32|   0|   32|          0|
    |add_ln58_1089_reg_873228  |   30|   0|   30|          0|
    |add_ln58_1090_reg_873579  |   30|   0|   30|          0|
    |add_ln58_1094_reg_874157  |   32|   0|   32|          0|
    |add_ln58_1095_reg_874339  |   30|   0|   30|          0|
    |add_ln58_1098_reg_875106  |   31|   0|   31|          0|
    |add_ln58_1099_reg_875111  |   30|   0|   30|          0|
    |add_ln58_1103_reg_875895  |   32|   0|   32|          0|
    |add_ln58_1105_reg_875900  |   30|   0|   30|          0|
    |add_ln58_1107_reg_876309  |   31|   0|   31|          0|
    |add_ln58_1108_reg_876693  |   30|   0|   30|          0|
    |add_ln58_110_reg_872755   |   32|   0|   32|          0|
    |add_ln58_1111_reg_877130  |   31|   0|   31|          0|
    |add_ln58_1113_reg_877396  |   29|   0|   29|          0|
    |add_ln58_1116_reg_877935  |   31|   0|   31|          0|
    |add_ln58_1117_reg_878135  |   30|   0|   30|          0|
    |add_ln58_1125_reg_866893  |   30|   0|   30|          0|
    |add_ln58_1127_reg_867226  |   31|   0|   31|          0|
    |add_ln58_1128_reg_867687  |   28|   0|   28|          0|
    |add_ln58_1131_reg_868057  |   30|   0|   30|          0|
    |add_ln58_1133_reg_868484  |   30|   0|   30|          0|
    |add_ln58_1136_reg_868860  |   31|   0|   31|          0|
    |add_ln58_1137_reg_869257  |   30|   0|   30|          0|
    |add_ln58_1142_reg_869637  |   32|   0|   32|          0|
    |add_ln58_1143_reg_869994  |   29|   0|   29|          0|
    |add_ln58_1145_reg_870443  |   31|   0|   31|          0|
    |add_ln58_1146_reg_870448  |   29|   0|   29|          0|
    |add_ln58_1149_reg_871232  |   31|   0|   31|          0|
    |add_ln58_114_reg_873163   |   31|   0|   31|          0|
    |add_ln58_1151_reg_871595  |   30|   0|   30|          0|
    |add_ln58_1154_reg_872012  |   31|   0|   31|          0|
    |add_ln58_1155_reg_872463  |   29|   0|   29|          0|
    |add_ln58_115_reg_873514   |   29|   0|   29|          0|
    |add_ln58_1160_reg_872820  |   32|   0|   32|          0|
    |add_ln58_1164_reg_873233  |   31|   0|   31|          0|
    |add_ln58_1165_reg_873584  |   30|   0|   30|          0|
    |add_ln58_1169_reg_874162  |   32|   0|   32|          0|
    |add_ln58_1170_reg_874344  |   30|   0|   30|          0|
    |add_ln58_1173_reg_875116  |   31|   0|   31|          0|
    |add_ln58_1174_reg_875121  |   29|   0|   29|          0|
    |add_ln58_1178_reg_875905  |   32|   0|   32|          0|
    |add_ln58_1180_reg_875910  |   29|   0|   29|          0|
    |add_ln58_1182_reg_876314  |   31|   0|   31|          0|
    |add_ln58_1183_reg_876698  |   30|   0|   30|          0|
    |add_ln58_1186_reg_877135  |   32|   0|   32|          0|
    |add_ln58_1188_reg_877401  |   30|   0|   30|          0|
    |add_ln58_1191_reg_877940  |   31|   0|   31|          0|
    |add_ln58_1192_reg_878140  |   30|   0|   30|          0|
    |add_ln58_119_reg_874092   |   32|   0|   32|          0|
    |add_ln58_11_reg_868785    |   31|   0|   31|          0|
    |add_ln58_1200_reg_866898  |   30|   0|   30|          0|
    |add_ln58_1202_reg_867231  |   31|   0|   31|          0|
    |add_ln58_1203_reg_867692  |   30|   0|   30|          0|
    |add_ln58_1206_reg_868062  |   31|   0|   31|          0|
    |add_ln58_1208_reg_868489  |   29|   0|   29|          0|
    |add_ln58_120_reg_874274   |   29|   0|   29|          0|
    |add_ln58_1210_reg_868865  |   30|   0|   30|          0|
    |add_ln58_1212_reg_869262  |   27|   0|   27|          0|
    |add_ln58_1217_reg_869642  |   32|   0|   32|          0|
    |add_ln58_1218_reg_869999  |   30|   0|   30|          0|
    |add_ln58_1220_reg_870453  |   31|   0|   31|          0|
    |add_ln58_1221_reg_870458  |   30|   0|   30|          0|
    |add_ln58_1224_reg_871237  |   31|   0|   31|          0|
    |add_ln58_1226_reg_871600  |   29|   0|   29|          0|
    |add_ln58_1229_reg_872017  |   31|   0|   31|          0|
    |add_ln58_1230_reg_872468  |   30|   0|   30|          0|
    |add_ln58_1235_reg_872825  |   32|   0|   32|          0|
    |add_ln58_1239_reg_873238  |   31|   0|   31|          0|
    |add_ln58_123_reg_874830   |   31|   0|   31|          0|
    |add_ln58_1240_reg_873589  |   30|   0|   30|          0|
    |add_ln58_1244_reg_874167  |   32|   0|   32|          0|
    |add_ln58_1245_reg_874349  |   30|   0|   30|          0|
    |add_ln58_1248_reg_875126  |   31|   0|   31|          0|
    |add_ln58_1249_reg_875131  |   30|   0|   30|          0|
    |add_ln58_124_reg_875031   |   29|   0|   29|          0|
    |add_ln58_1253_reg_875915  |   32|   0|   32|          0|
    |add_ln58_1255_reg_875920  |   30|   0|   30|          0|
    |add_ln58_1257_reg_876319  |   31|   0|   31|          0|
    |add_ln58_1258_reg_876703  |   29|   0|   29|          0|
    |add_ln58_1261_reg_877140  |   31|   0|   31|          0|
    |add_ln58_1263_reg_877406  |   29|   0|   29|          0|
    |add_ln58_1266_reg_877945  |   31|   0|   31|          0|
    |add_ln58_1267_reg_878145  |   30|   0|   30|          0|
    |add_ln58_1275_reg_866903  |   29|   0|   29|          0|
    |add_ln58_1277_reg_867236  |   30|   0|   30|          0|
    |add_ln58_1278_reg_867697  |   30|   0|   30|          0|
    |add_ln58_1281_reg_868067  |   31|   0|   31|          0|
    |add_ln58_1283_reg_868494  |   29|   0|   29|          0|
    |add_ln58_1286_reg_868870  |   31|   0|   31|          0|
    |add_ln58_1287_reg_869267  |   30|   0|   30|          0|
    |add_ln58_128_reg_875770   |   32|   0|   32|          0|
    |add_ln58_1292_reg_869647  |   32|   0|   32|          0|
    |add_ln58_1293_reg_870004  |   30|   0|   30|          0|
    |add_ln58_1294_reg_870463  |   30|   0|   30|          0|
    |add_ln58_1296_reg_870468  |   29|   0|   29|          0|
    |add_ln58_12_reg_869182    |   30|   0|   30|          0|
    |add_ln58_1300_reg_871242  |   31|   0|   31|          0|
    |add_ln58_1301_reg_871605  |   30|   0|   30|          0|
    |add_ln58_1304_reg_872022  |   32|   0|   32|          0|
    |add_ln58_1305_reg_872473  |   30|   0|   30|          0|
    |add_ln58_130_reg_875775   |   30|   0|   30|          0|
    |add_ln58_1310_reg_872830  |   32|   0|   32|          0|
    |add_ln58_1314_reg_873243  |   30|   0|   30|          0|
    |add_ln58_1315_reg_873594  |   29|   0|   29|          0|
    |add_ln58_1319_reg_874172  |   32|   0|   32|          0|
    |add_ln58_1320_reg_874354  |   30|   0|   30|          0|
    |add_ln58_1323_reg_875136  |   31|   0|   31|          0|
    |add_ln58_1324_reg_875141  |   29|   0|   29|          0|
    |add_ln58_1328_reg_875925  |   32|   0|   32|          0|
    |add_ln58_132_reg_876244   |   31|   0|   31|          0|
    |add_ln58_1330_reg_875930  |   29|   0|   29|          0|
    |add_ln58_1332_reg_876324  |   30|   0|   30|          0|
    |add_ln58_1333_reg_876708  |   30|   0|   30|          0|
    |add_ln58_1336_reg_877145  |   31|   0|   31|          0|
    |add_ln58_1338_reg_877411  |   30|   0|   30|          0|
    |add_ln58_133_reg_876633   |   29|   0|   29|          0|
    |add_ln58_1341_reg_877950  |   31|   0|   31|          0|
    |add_ln58_1350_reg_866908  |   26|   0|   26|          0|
    |add_ln58_1352_reg_867241  |   29|   0|   29|          0|
    |add_ln58_1353_reg_867702  |   30|   0|   30|          0|
    |add_ln58_1356_reg_868072  |   31|   0|   31|          0|
    |add_ln58_1358_reg_868499  |   30|   0|   30|          0|
    |add_ln58_1361_reg_868875  |   31|   0|   31|          0|
    |add_ln58_1362_reg_869272  |   29|   0|   29|          0|
    |add_ln58_1367_reg_869652  |   32|   0|   32|          0|
    |add_ln58_1368_reg_870009  |   30|   0|   30|          0|
    |add_ln58_136_reg_877065   |   31|   0|   31|          0|
    |add_ln58_1370_reg_870473  |   31|   0|   31|          0|
    |add_ln58_1371_reg_870478  |   29|   0|   29|          0|
    |add_ln58_1374_reg_871247  |   31|   0|   31|          0|
    |add_ln58_1376_reg_871610  |   28|   0|   28|          0|
    |add_ln58_1379_reg_872027  |   31|   0|   31|          0|
    |add_ln58_1380_reg_872478  |   29|   0|   29|          0|
    |add_ln58_1385_reg_872835  |   32|   0|   32|          0|
    |add_ln58_1389_reg_873248  |   31|   0|   31|          0|
    |add_ln58_138_reg_877331   |   28|   0|   28|          0|
    |add_ln58_1390_reg_873599  |   29|   0|   29|          0|
    |add_ln58_1394_reg_874177  |   32|   0|   32|          0|
    |add_ln58_1395_reg_874359  |   30|   0|   30|          0|
    |add_ln58_1397_reg_874885  |   31|   0|   31|          0|
    |add_ln58_1399_reg_875146  |   30|   0|   30|          0|
    |add_ln58_1403_reg_875935  |   32|   0|   32|          0|
    |add_ln58_1405_reg_875940  |   30|   0|   30|          0|
    |add_ln58_1407_reg_876329  |   31|   0|   31|          0|
    |add_ln58_1408_reg_876713  |   30|   0|   30|          0|
    |add_ln58_1411_reg_877150  |   31|   0|   31|          0|
    |add_ln58_1413_reg_877416  |   30|   0|   30|          0|
    |add_ln58_1415_reg_877955  |   31|   0|   31|          0|
    |add_ln58_1417_reg_878150  |   29|   0|   29|          0|
    |add_ln58_141_reg_877870   |   31|   0|   31|          0|
    |add_ln58_1425_reg_866913  |   30|   0|   30|          0|
    |add_ln58_1427_reg_867246  |   31|   0|   31|          0|
    |add_ln58_1428_reg_867707  |   29|   0|   29|          0|
    |add_ln58_142_reg_878075   |   30|   0|   30|          0|
    |add_ln58_1431_reg_868077  |   31|   0|   31|          0|
    |add_ln58_1433_reg_868504  |   30|   0|   30|          0|
    |add_ln58_1435_reg_868880  |   31|   0|   31|          0|
    |add_ln58_1437_reg_869277  |   29|   0|   29|          0|
    |add_ln58_1442_reg_869657  |   32|   0|   32|          0|
    |add_ln58_1443_reg_870014  |   30|   0|   30|          0|
    |add_ln58_1445_reg_870483  |   31|   0|   31|          0|
    |add_ln58_1446_reg_870488  |   29|   0|   29|          0|
    |add_ln58_1449_reg_871252  |   31|   0|   31|          0|
    |add_ln58_1451_reg_871615  |   26|   0|   26|          0|
    |add_ln58_1454_reg_872032  |   31|   0|   31|          0|
    |add_ln58_1455_reg_872483  |   30|   0|   30|          0|
    |add_ln58_1460_reg_872840  |   32|   0|   32|          0|
    |add_ln58_1464_reg_873253  |   31|   0|   31|          0|
    |add_ln58_1465_reg_873604  |   29|   0|   29|          0|
    |add_ln58_1469_reg_874182  |   32|   0|   32|          0|
    |add_ln58_1470_reg_874364  |   30|   0|   30|          0|
    |add_ln58_1473_reg_875151  |   31|   0|   31|          0|
    |add_ln58_1474_reg_875156  |   30|   0|   30|          0|
    |add_ln58_1478_reg_875945  |   32|   0|   32|          0|
    |add_ln58_1480_reg_875950  |   30|   0|   30|          0|
    |add_ln58_1482_reg_876334  |   31|   0|   31|          0|
    |add_ln58_1483_reg_876718  |   30|   0|   30|          0|
    |add_ln58_1486_reg_877155  |   31|   0|   31|          0|
    |add_ln58_1488_reg_877421  |   30|   0|   30|          0|
    |add_ln58_1491_reg_877960  |   31|   0|   31|          0|
    |add_ln58_1492_reg_878155  |   29|   0|   29|          0|
    |add_ln58_1500_reg_866918  |   28|   0|   28|          0|
    |add_ln58_1502_reg_867251  |   29|   0|   29|          0|
    |add_ln58_1503_reg_867712  |   30|   0|   30|          0|
    |add_ln58_1507_reg_868082  |   31|   0|   31|          0|
    |add_ln58_1508_reg_868509  |   30|   0|   30|          0|
    |add_ln58_150_reg_866833   |   30|   0|   30|          0|
    |add_ln58_1511_reg_868885  |   31|   0|   31|          0|
    |add_ln58_1512_reg_869282  |   29|   0|   29|          0|
    |add_ln58_1517_reg_869662  |   32|   0|   32|          0|
    |add_ln58_1518_reg_870019  |   30|   0|   30|          0|
    |add_ln58_1520_reg_870493  |   31|   0|   31|          0|
    |add_ln58_1521_reg_870498  |   30|   0|   30|          0|
    |add_ln58_1524_reg_871257  |   31|   0|   31|          0|
    |add_ln58_1526_reg_871620  |   29|   0|   29|          0|
    |add_ln58_1529_reg_872037  |   31|   0|   31|          0|
    |add_ln58_152_reg_867161   |   31|   0|   31|          0|
    |add_ln58_1530_reg_872488  |   30|   0|   30|          0|
    |add_ln58_1535_reg_872845  |   32|   0|   32|          0|
    |add_ln58_1539_reg_873258  |   31|   0|   31|          0|
    |add_ln58_153_reg_867622   |   30|   0|   30|          0|
    |add_ln58_1540_reg_873609  |   30|   0|   30|          0|
    |add_ln58_1544_reg_874187  |   32|   0|   32|          0|
    |add_ln58_1545_reg_874369  |   30|   0|   30|          0|
    |add_ln58_1548_reg_875161  |   31|   0|   31|          0|
    |add_ln58_1549_reg_875166  |   30|   0|   30|          0|
    |add_ln58_1553_reg_875955  |   32|   0|   32|          0|
    |add_ln58_1555_reg_875960  |   30|   0|   30|          0|
    |add_ln58_1557_reg_876339  |   31|   0|   31|          0|
    |add_ln58_1558_reg_876723  |   30|   0|   30|          0|
    |add_ln58_1561_reg_877160  |   31|   0|   31|          0|
    |add_ln58_1563_reg_877426  |   30|   0|   30|          0|
    |add_ln58_1566_reg_877965  |   31|   0|   31|          0|
    |add_ln58_1567_reg_878160  |   29|   0|   29|          0|
    |add_ln58_156_reg_867992   |   31|   0|   31|          0|
    |add_ln58_1575_reg_866923  |   29|   0|   29|          0|
    |add_ln58_1577_reg_867256  |   30|   0|   30|          0|
    |add_ln58_1578_reg_867717  |   29|   0|   29|          0|
    |add_ln58_1581_reg_868087  |   31|   0|   31|          0|
    |add_ln58_1583_reg_868514  |   30|   0|   30|          0|
    |add_ln58_1586_reg_868890  |   31|   0|   31|          0|
    |add_ln58_1587_reg_869287  |   30|   0|   30|          0|
    |add_ln58_158_reg_868419   |   30|   0|   30|          0|
    |add_ln58_1592_reg_869667  |   32|   0|   32|          0|
    |add_ln58_1593_reg_870024  |   29|   0|   29|          0|
    |add_ln58_1595_reg_870503  |   31|   0|   31|          0|
    |add_ln58_1596_reg_870508  |   26|   0|   26|          0|
    |add_ln58_1599_reg_871262  |   31|   0|   31|          0|
    |add_ln58_1601_reg_871625  |   30|   0|   30|          0|
    |add_ln58_1604_reg_872042  |   31|   0|   31|          0|
    |add_ln58_1605_reg_872493  |   30|   0|   30|          0|
    |add_ln58_1610_reg_872850  |   32|   0|   32|          0|
    |add_ln58_1614_reg_873263  |   31|   0|   31|          0|
    |add_ln58_1615_reg_873614  |   30|   0|   30|          0|
    |add_ln58_1619_reg_874192  |   32|   0|   32|          0|
    |add_ln58_161_reg_868795   |   31|   0|   31|          0|
    |add_ln58_1620_reg_874374  |   30|   0|   30|          0|
    |add_ln58_1623_reg_875171  |   31|   0|   31|          0|
    |add_ln58_1624_reg_875176  |   29|   0|   29|          0|
    |add_ln58_1628_reg_875965  |   32|   0|   32|          0|
    |add_ln58_162_reg_869192   |   30|   0|   30|          0|
    |add_ln58_1630_reg_875970  |   29|   0|   29|          0|
    |add_ln58_1632_reg_876344  |   31|   0|   31|          0|
    |add_ln58_1633_reg_876728  |   30|   0|   30|          0|
    |add_ln58_1636_reg_877165  |   31|   0|   31|          0|
    |add_ln58_1638_reg_877431  |   29|   0|   29|          0|
    |add_ln58_1641_reg_877970  |   31|   0|   31|          0|
    |add_ln58_1642_reg_878165  |   30|   0|   30|          0|
    |add_ln58_1652_reg_867261  |   30|   0|   30|          0|
    |add_ln58_1653_reg_867722  |   28|   0|   28|          0|
    |add_ln58_1657_reg_868092  |   31|   0|   31|          0|
    |add_ln58_1658_reg_868519  |   30|   0|   30|          0|
    |add_ln58_1661_reg_868895  |   31|   0|   31|          0|
    |add_ln58_1662_reg_869292  |   29|   0|   29|          0|
    |add_ln58_1667_reg_869672  |   32|   0|   32|          0|
    |add_ln58_1668_reg_870029  |   28|   0|   28|          0|
    |add_ln58_1670_reg_870513  |   29|   0|   29|          0|
    |add_ln58_1671_reg_870518  |   30|   0|   30|          0|
    |add_ln58_1675_reg_871267  |   31|   0|   31|          0|
    |add_ln58_1676_reg_871630  |   30|   0|   30|          0|
    |add_ln58_1679_reg_872047  |   31|   0|   31|          0|
    |add_ln58_167_reg_869572   |   32|   0|   32|          0|
    |add_ln58_1680_reg_872498  |   29|   0|   29|          0|
    |add_ln58_1685_reg_872855  |   32|   0|   32|          0|
    |add_ln58_1689_reg_873268  |   31|   0|   31|          0|
    |add_ln58_1690_reg_873619  |   30|   0|   30|          0|
    |add_ln58_1694_reg_874379  |   32|   0|   32|          0|
    |add_ln58_1695_reg_874384  |   30|   0|   30|          0|
    |add_ln58_1698_reg_875181  |   31|   0|   31|          0|
    |add_ln58_1699_reg_875186  |   30|   0|   30|          0|
    |add_ln58_1703_reg_875975  |   32|   0|   32|          0|
    |add_ln58_1705_reg_875980  |   28|   0|   28|          0|
    |add_ln58_1707_reg_876349  |   31|   0|   31|          0|
    |add_ln58_1708_reg_876733  |   29|   0|   29|          0|
    |add_ln58_170_reg_869944   |   31|   0|   31|          0|
    |add_ln58_1711_reg_877170  |   31|   0|   31|          0|
    |add_ln58_1713_reg_877436  |   29|   0|   29|          0|
    |add_ln58_1716_reg_877975  |   30|   0|   30|          0|
    |add_ln58_1717_reg_878170  |   30|   0|   30|          0|
    |add_ln58_171_reg_870338   |   29|   0|   29|          0|
    |add_ln58_1725_reg_866928  |   29|   0|   29|          0|
    |add_ln58_1727_reg_867266  |   31|   0|   31|          0|
    |add_ln58_1728_reg_867727  |   30|   0|   30|          0|
    |add_ln58_1731_reg_868097  |   32|   0|   32|          0|
    |add_ln58_1733_reg_868524  |   30|   0|   30|          0|
    |add_ln58_1736_reg_868900  |   31|   0|   31|          0|
    |add_ln58_1737_reg_869297  |   30|   0|   30|          0|
    |add_ln58_1742_reg_869677  |   32|   0|   32|          0|
    |add_ln58_1743_reg_870034  |   30|   0|   30|          0|
    |add_ln58_1745_reg_870523  |   31|   0|   31|          0|
    |add_ln58_1746_reg_870528  |   30|   0|   30|          0|
    |add_ln58_1749_reg_871272  |   31|   0|   31|          0|
    |add_ln58_174_reg_871107   |   31|   0|   31|          0|
    |add_ln58_1751_reg_871635  |   29|   0|   29|          0|
    |add_ln58_1754_reg_872052  |   30|   0|   30|          0|
    |add_ln58_1755_reg_872503  |   30|   0|   30|          0|
    |add_ln58_1760_reg_872860  |   32|   0|   32|          0|
    |add_ln58_1764_reg_873273  |   30|   0|   30|          0|
    |add_ln58_1765_reg_873624  |   30|   0|   30|          0|
    |add_ln58_1769_reg_874389  |   32|   0|   32|          0|
    |add_ln58_176_reg_871112   |   29|   0|   29|          0|
    |add_ln58_1770_reg_874394  |   30|   0|   30|          0|
    |add_ln58_1772_reg_875191  |   31|   0|   31|          0|
    |add_ln58_1774_reg_875196  |   29|   0|   29|          0|
    |add_ln58_1778_reg_875985  |   32|   0|   32|          0|
    |add_ln58_1780_reg_876354  |   30|   0|   30|          0|
    |add_ln58_1781_reg_876359  |   28|   0|   28|          0|
    |add_ln58_1787_reg_877175  |   31|   0|   31|          0|
    |add_ln58_1788_reg_877441  |   30|   0|   30|          0|
    |add_ln58_1791_reg_877980  |   31|   0|   31|          0|
    |add_ln58_1792_reg_878175  |   30|   0|   30|          0|
    |add_ln58_179_reg_871932   |   31|   0|   31|          0|
    |add_ln58_17_reg_869562    |   32|   0|   32|          0|
    |add_ln58_1800_reg_866933  |   30|   0|   30|          0|
    |add_ln58_1802_reg_867271  |   31|   0|   31|          0|
    |add_ln58_1803_reg_867732  |   30|   0|   30|          0|
    |add_ln58_1806_reg_868102  |   31|   0|   31|          0|
    |add_ln58_1808_reg_868529  |   30|   0|   30|          0|
    |add_ln58_180_reg_871937   |   28|   0|   28|          0|
    |add_ln58_1811_reg_868905  |   31|   0|   31|          0|
    |add_ln58_1812_reg_869302  |   28|   0|   28|          0|
    |add_ln58_1817_reg_869682  |   32|   0|   32|          0|
    |add_ln58_1818_reg_870039  |   29|   0|   29|          0|
    |add_ln58_1820_reg_870533  |   31|   0|   31|          0|
    |add_ln58_1821_reg_870830  |   30|   0|   30|          0|
    |add_ln58_1824_reg_871277  |   31|   0|   31|          0|
    |add_ln58_1826_reg_871640  |   30|   0|   30|          0|
    |add_ln58_1829_reg_872057  |   31|   0|   31|          0|
    |add_ln58_1835_reg_872865  |   32|   0|   32|          0|
    |add_ln58_1839_reg_873278  |   31|   0|   31|          0|
    |add_ln58_1840_reg_873629  |   30|   0|   30|          0|
    |add_ln58_1844_reg_874399  |   32|   0|   32|          0|
    |add_ln58_1845_reg_874404  |   30|   0|   30|          0|
    |add_ln58_1848_reg_875201  |   31|   0|   31|          0|
    |add_ln58_1849_reg_875206  |   29|   0|   29|          0|
    |add_ln58_1853_reg_875990  |   32|   0|   32|          0|
    |add_ln58_1857_reg_876364  |   31|   0|   31|          0|
    |add_ln58_1858_reg_876738  |   29|   0|   29|          0|
    |add_ln58_185_reg_872760   |   32|   0|   32|          0|
    |add_ln58_1861_reg_877180  |   30|   0|   30|          0|
    |add_ln58_1863_reg_877446  |   29|   0|   29|          0|
    |add_ln58_1866_reg_877985  |   30|   0|   30|          0|
    |add_ln58_1867_reg_878180  |   30|   0|   30|          0|
    |add_ln58_1875_reg_866938  |   30|   0|   30|          0|
    |add_ln58_1877_reg_867276  |   31|   0|   31|          0|
    |add_ln58_1878_reg_867737  |   30|   0|   30|          0|
    |add_ln58_1881_reg_868107  |   31|   0|   31|          0|
    |add_ln58_1883_reg_868534  |   29|   0|   29|          0|
    |add_ln58_1886_reg_868910  |   31|   0|   31|          0|
    |add_ln58_1887_reg_869307  |   29|   0|   29|          0|
    |add_ln58_1892_reg_869687  |   32|   0|   32|          0|
    |add_ln58_1893_reg_870044  |   30|   0|   30|          0|
    |add_ln58_1895_reg_870538  |   31|   0|   31|          0|
    |add_ln58_1899_reg_871282  |   30|   0|   30|          0|
    |add_ln58_189_reg_873168   |   30|   0|   30|          0|
    |add_ln58_1901_reg_871645  |   29|   0|   29|          0|
    |add_ln58_1904_reg_872062  |   31|   0|   31|          0|
    |add_ln58_1905_reg_872508  |   29|   0|   29|          0|
    |add_ln58_190_reg_873519   |   30|   0|   30|          0|
    |add_ln58_1910_reg_872870  |   32|   0|   32|          0|
    |add_ln58_1914_reg_873283  |   30|   0|   30|          0|
    |add_ln58_1915_reg_873634  |   30|   0|   30|          0|
    |add_ln58_1919_reg_874409  |   32|   0|   32|          0|
    |add_ln58_1920_reg_874414  |   30|   0|   30|          0|
    |add_ln58_1923_reg_875211  |   31|   0|   31|          0|
    |add_ln58_1924_reg_875216  |   28|   0|   28|          0|
    |add_ln58_1928_reg_875995  |   32|   0|   32|          0|
    |add_ln58_1932_reg_876369  |   31|   0|   31|          0|
    |add_ln58_1933_reg_876743  |   30|   0|   30|          0|
    |add_ln58_1936_reg_877185  |   31|   0|   31|          0|
    |add_ln58_1938_reg_877451  |   29|   0|   29|          0|
    |add_ln58_1941_reg_877990  |   31|   0|   31|          0|
    |add_ln58_194_reg_874097   |   32|   0|   32|          0|
    |add_ln58_1950_reg_866943  |   30|   0|   30|          0|
    |add_ln58_1952_reg_867281  |   31|   0|   31|          0|
    |add_ln58_1953_reg_867742  |   29|   0|   29|          0|
    |add_ln58_1956_reg_868112  |   31|   0|   31|          0|
    |add_ln58_1958_reg_868539  |   30|   0|   30|          0|
    |add_ln58_195_reg_874279   |   29|   0|   29|          0|
    |add_ln58_1961_reg_868915  |   31|   0|   31|          0|
    |add_ln58_1962_reg_869312  |   28|   0|   28|          0|
    |add_ln58_1967_reg_869692  |   32|   0|   32|          0|
    |add_ln58_1968_reg_870049  |   30|   0|   30|          0|
    |add_ln58_1970_reg_870543  |   31|   0|   31|          0|
    |add_ln58_1971_reg_870548  |   29|   0|   29|          0|
    |add_ln58_1974_reg_871287  |   31|   0|   31|          0|
    |add_ln58_1976_reg_871650  |   30|   0|   30|          0|
    |add_ln58_1979_reg_872067  |   31|   0|   31|          0|
    |add_ln58_1980_reg_872513  |   29|   0|   29|          0|
    |add_ln58_1985_reg_872875  |   32|   0|   32|          0|
    |add_ln58_1989_reg_873288  |   31|   0|   31|          0|
    |add_ln58_198_reg_874835   |   31|   0|   31|          0|
    |add_ln58_1990_reg_873639  |   30|   0|   30|          0|
    |add_ln58_1994_reg_874419  |   32|   0|   32|          0|
    |add_ln58_1995_reg_874424  |   30|   0|   30|          0|
    |add_ln58_1998_reg_875221  |   31|   0|   31|          0|
    |add_ln58_1999_reg_875226  |   29|   0|   29|          0|
    |add_ln58_199_reg_875036   |   29|   0|   29|          0|
    |add_ln58_2003_reg_876000  |   32|   0|   32|          0|
    |add_ln58_2007_reg_876374  |   31|   0|   31|          0|
    |add_ln58_2008_reg_876748  |   30|   0|   30|          0|
    |add_ln58_2011_reg_877190  |   31|   0|   31|          0|
    |add_ln58_2013_reg_877456  |   29|   0|   29|          0|
    |add_ln58_2016_reg_877995  |   31|   0|   31|          0|
    |add_ln58_2017_reg_878185  |   29|   0|   29|          0|
    |add_ln58_2025_reg_866948  |   29|   0|   29|          0|
    |add_ln58_2027_reg_867286  |   31|   0|   31|          0|
    |add_ln58_2028_reg_867747  |   30|   0|   30|          0|
    |add_ln58_2031_reg_868117  |   31|   0|   31|          0|
    |add_ln58_2033_reg_868544  |   30|   0|   30|          0|
    |add_ln58_2036_reg_868920  |   31|   0|   31|          0|
    |add_ln58_2037_reg_869317  |   29|   0|   29|          0|
    |add_ln58_203_reg_875780   |   32|   0|   32|          0|
    |add_ln58_2042_reg_869697  |   32|   0|   32|          0|
    |add_ln58_2043_reg_870054  |   30|   0|   30|          0|
    |add_ln58_2045_reg_870553  |   31|   0|   31|          0|
    |add_ln58_2046_reg_870835  |   30|   0|   30|          0|
    |add_ln58_2049_reg_871292  |   31|   0|   31|          0|
    |add_ln58_2051_reg_871655  |   30|   0|   30|          0|
    |add_ln58_2054_reg_872072  |   31|   0|   31|          0|
    |add_ln58_2055_reg_872518  |   30|   0|   30|          0|
    |add_ln58_205_reg_875785   |   30|   0|   30|          0|
    |add_ln58_2060_reg_872880  |   32|   0|   32|          0|
    |add_ln58_2064_reg_873293  |   30|   0|   30|          0|
    |add_ln58_2065_reg_873644  |   30|   0|   30|          0|
    |add_ln58_2069_reg_874429  |   32|   0|   32|          0|
    |add_ln58_2070_reg_874434  |   30|   0|   30|          0|
    |add_ln58_2073_reg_875231  |   31|   0|   31|          0|
    |add_ln58_2074_reg_875236  |   30|   0|   30|          0|
    |add_ln58_2078_reg_876005  |   32|   0|   32|          0|
    |add_ln58_207_reg_876249   |   31|   0|   31|          0|
    |add_ln58_2082_reg_876379  |   30|   0|   30|          0|
    |add_ln58_2083_reg_876753  |   30|   0|   30|          0|
    |add_ln58_2086_reg_877195  |   31|   0|   31|          0|
    |add_ln58_2088_reg_877461  |   30|   0|   30|          0|
    |add_ln58_208_reg_876638   |   30|   0|   30|          0|
    |add_ln58_2091_reg_878000  |   31|   0|   31|          0|
    |add_ln58_2092_reg_878190  |   29|   0|   29|          0|
    |add_ln58_20_reg_869934    |   30|   0|   30|          0|
    |add_ln58_2100_reg_866953  |   30|   0|   30|          0|
    |add_ln58_2102_reg_867291  |   31|   0|   31|          0|
    |add_ln58_2103_reg_867752  |   29|   0|   29|          0|
    |add_ln58_2106_reg_868122  |   30|   0|   30|          0|
    |add_ln58_2108_reg_868549  |   30|   0|   30|          0|
    |add_ln58_2111_reg_868925  |   31|   0|   31|          0|
    |add_ln58_2112_reg_869322  |   29|   0|   29|          0|
    |add_ln58_2117_reg_869702  |   32|   0|   32|          0|
    |add_ln58_2118_reg_870059  |   30|   0|   30|          0|
    |add_ln58_211_reg_877070   |   31|   0|   31|          0|
    |add_ln58_2120_reg_870558  |   31|   0|   31|          0|
    |add_ln58_2121_reg_870840  |   30|   0|   30|          0|
    |add_ln58_2124_reg_871297  |   31|   0|   31|          0|
    |add_ln58_2126_reg_871660  |   30|   0|   30|          0|
    |add_ln58_2129_reg_872077  |   31|   0|   31|          0|
    |add_ln58_2130_reg_872523  |   28|   0|   28|          0|
    |add_ln58_2135_reg_872885  |   32|   0|   32|          0|
    |add_ln58_2137_reg_873298  |   29|   0|   29|          0|
    |add_ln58_2138_reg_873303  |   30|   0|   30|          0|
    |add_ln58_213_reg_877336   |   30|   0|   30|          0|
    |add_ln58_2144_reg_874197  |   31|   0|   31|          0|
    |add_ln58_2145_reg_874439  |   30|   0|   30|          0|
    |add_ln58_2148_reg_875241  |   31|   0|   31|          0|
    |add_ln58_2149_reg_875246  |   30|   0|   30|          0|
    |add_ln58_2153_reg_876010  |   32|   0|   32|          0|
    |add_ln58_2157_reg_876384  |   31|   0|   31|          0|
    |add_ln58_2158_reg_876758  |   30|   0|   30|          0|
    |add_ln58_215_reg_877875   |   31|   0|   31|          0|
    |add_ln58_2161_reg_877200  |   31|   0|   31|          0|
    |add_ln58_2163_reg_877466  |   30|   0|   30|          0|
    |add_ln58_2166_reg_878005  |   31|   0|   31|          0|
    |add_ln58_2167_reg_878195  |   30|   0|   30|          0|
    |add_ln58_2175_reg_866958  |   29|   0|   29|          0|
    |add_ln58_2177_reg_867296  |   30|   0|   30|          0|
    |add_ln58_2178_reg_867757  |   30|   0|   30|          0|
    |add_ln58_217_reg_878080   |   29|   0|   29|          0|
    |add_ln58_2181_reg_868127  |   31|   0|   31|          0|
    |add_ln58_2183_reg_868554  |   30|   0|   30|          0|
    |add_ln58_2185_reg_868930  |   31|   0|   31|          0|
    |add_ln58_2187_reg_869327  |   30|   0|   30|          0|
    |add_ln58_2192_reg_869707  |   32|   0|   32|          0|
    |add_ln58_2193_reg_870064  |   30|   0|   30|          0|
    |add_ln58_2195_reg_870563  |   31|   0|   31|          0|
    |add_ln58_2196_reg_870845  |   30|   0|   30|          0|
    |add_ln58_2199_reg_871302  |   31|   0|   31|          0|
    |add_ln58_21_reg_870323    |   30|   0|   30|          0|
    |add_ln58_2201_reg_871665  |   29|   0|   29|          0|
    |add_ln58_2204_reg_872082  |   31|   0|   31|          0|
    |add_ln58_2205_reg_872528  |   29|   0|   29|          0|
    |add_ln58_2210_reg_872890  |   32|   0|   32|          0|
    |add_ln58_2214_reg_873308  |   29|   0|   29|          0|
    |add_ln58_2215_reg_873649  |   30|   0|   30|          0|
    |add_ln58_2219_reg_874444  |   32|   0|   32|          0|
    |add_ln58_2220_reg_874449  |   30|   0|   30|          0|
    |add_ln58_2222_reg_875251  |   31|   0|   31|          0|
    |add_ln58_2224_reg_875256  |   29|   0|   29|          0|
    |add_ln58_2228_reg_876015  |   32|   0|   32|          0|
    |add_ln58_2232_reg_876389  |   31|   0|   31|          0|
    |add_ln58_2233_reg_876763  |   30|   0|   30|          0|
    |add_ln58_2236_reg_877205  |   32|   0|   32|          0|
    |add_ln58_2238_reg_877471  |   30|   0|   30|          0|
    |add_ln58_2240_reg_878010  |   31|   0|   31|          0|
    |add_ln58_2242_reg_878200  |   30|   0|   30|          0|
    |add_ln58_2250_reg_866963  |   30|   0|   30|          0|
    |add_ln58_2252_reg_867301  |   31|   0|   31|          0|
    |add_ln58_2253_reg_867762  |   30|   0|   30|          0|
    |add_ln58_2256_reg_868132  |   31|   0|   31|          0|
    |add_ln58_2258_reg_868559  |   29|   0|   29|          0|
    |add_ln58_225_reg_866838   |   30|   0|   30|          0|
    |add_ln58_2261_reg_868935  |   31|   0|   31|          0|
    |add_ln58_2262_reg_869332  |   30|   0|   30|          0|
    |add_ln58_2267_reg_869712  |   32|   0|   32|          0|
    |add_ln58_2268_reg_870069  |   30|   0|   30|          0|
    |add_ln58_2270_reg_870568  |   31|   0|   31|          0|
    |add_ln58_2271_reg_870850  |   30|   0|   30|          0|
    |add_ln58_2274_reg_871307  |   31|   0|   31|          0|
    |add_ln58_2276_reg_871670  |   30|   0|   30|          0|
    |add_ln58_2279_reg_872087  |   31|   0|   31|          0|
    |add_ln58_227_reg_867166   |   31|   0|   31|          0|
    |add_ln58_2280_reg_872533  |   30|   0|   30|          0|
    |add_ln58_2285_reg_872895  |   32|   0|   32|          0|
    |add_ln58_2287_reg_873313  |   30|   0|   30|          0|
    |add_ln58_2289_reg_873654  |   31|   0|   31|          0|
    |add_ln58_228_reg_867627   |   30|   0|   30|          0|
    |add_ln58_2290_reg_873659  |   28|   0|   28|          0|
    |add_ln58_2294_reg_874454  |   32|   0|   32|          0|
    |add_ln58_2295_reg_874459  |   30|   0|   30|          0|
    |add_ln58_2298_reg_875261  |   31|   0|   31|          0|
    |add_ln58_2299_reg_875266  |   29|   0|   29|          0|
    |add_ln58_2303_reg_876020  |   32|   0|   32|          0|
    |add_ln58_2307_reg_876394  |   31|   0|   31|          0|
    |add_ln58_2308_reg_876768  |   30|   0|   30|          0|
    |add_ln58_2311_reg_877210  |   31|   0|   31|          0|
    |add_ln58_2313_reg_877476  |   30|   0|   30|          0|
    |add_ln58_2315_reg_878015  |   31|   0|   31|          0|
    |add_ln58_2317_reg_878205  |   29|   0|   29|          0|
    |add_ln58_231_reg_867997   |   31|   0|   31|          0|
    |add_ln58_2325_reg_866968  |   30|   0|   30|          0|
    |add_ln58_2327_reg_867306  |   31|   0|   31|          0|
    |add_ln58_2328_reg_867767  |   29|   0|   29|          0|
    |add_ln58_2331_reg_868137  |   31|   0|   31|          0|
    |add_ln58_2333_reg_868564  |   30|   0|   30|          0|
    |add_ln58_2336_reg_868940  |   31|   0|   31|          0|
    |add_ln58_2337_reg_869337  |   30|   0|   30|          0|
    |add_ln58_233_reg_868424   |   30|   0|   30|          0|
    |add_ln58_2342_reg_869717  |   32|   0|   32|          0|
    |add_ln58_2343_reg_870074  |   30|   0|   30|          0|
    |add_ln58_2345_reg_870573  |   31|   0|   31|          0|
    |add_ln58_2346_reg_870855  |   27|   0|   27|          0|
    |add_ln58_2349_reg_871312  |   31|   0|   31|          0|
    |add_ln58_2351_reg_871675  |   30|   0|   30|          0|
    |add_ln58_2354_reg_872092  |   31|   0|   31|          0|
    |add_ln58_2355_reg_872538  |   30|   0|   30|          0|
    |add_ln58_2360_reg_872900  |   32|   0|   32|          0|
    |add_ln58_2362_reg_873318  |   30|   0|   30|          0|
    |add_ln58_2364_reg_873664  |   31|   0|   31|          0|
    |add_ln58_2365_reg_873669  |   30|   0|   30|          0|
    |add_ln58_2369_reg_874464  |   32|   0|   32|          0|
    |add_ln58_236_reg_868800   |   31|   0|   31|          0|
    |add_ln58_2370_reg_874469  |   29|   0|   29|          0|
    |add_ln58_2373_reg_875271  |   31|   0|   31|          0|
    |add_ln58_2374_reg_875276  |   29|   0|   29|          0|
    |add_ln58_2378_reg_876025  |   32|   0|   32|          0|
    |add_ln58_237_reg_869197   |   30|   0|   30|          0|
    |add_ln58_2382_reg_876399  |   31|   0|   31|          0|
    |add_ln58_2383_reg_876773  |   30|   0|   30|          0|
    |add_ln58_2386_reg_877215  |   31|   0|   31|          0|
    |add_ln58_2388_reg_877481  |   29|   0|   29|          0|
    |add_ln58_2391_reg_878020  |   31|   0|   31|          0|
    |add_ln58_2392_reg_878210  |   29|   0|   29|          0|
    |add_ln58_2400_reg_866973  |   28|   0|   28|          0|
    |add_ln58_2402_reg_867311  |   30|   0|   30|          0|
    |add_ln58_2403_reg_867772  |   30|   0|   30|          0|
    |add_ln58_2407_reg_868142  |   31|   0|   31|          0|
    |add_ln58_2408_reg_868569  |   29|   0|   29|          0|
    |add_ln58_2411_reg_868945  |   31|   0|   31|          0|
    |add_ln58_2412_reg_869342  |   29|   0|   29|          0|
    |add_ln58_2417_reg_869722  |   32|   0|   32|          0|
    |add_ln58_2418_reg_870079  |   30|   0|   30|          0|
    |add_ln58_2420_reg_870578  |   31|   0|   31|          0|
    |add_ln58_2421_reg_870860  |   30|   0|   30|          0|
    |add_ln58_2424_reg_871317  |   31|   0|   31|          0|
    |add_ln58_2426_reg_871680  |   30|   0|   30|          0|
    |add_ln58_2429_reg_872097  |   31|   0|   31|          0|
    |add_ln58_242_reg_869577   |   32|   0|   32|          0|
    |add_ln58_2430_reg_872543  |   28|   0|   28|          0|
    |add_ln58_2435_reg_872905  |   32|   0|   32|          0|
    |add_ln58_2437_reg_873323  |   30|   0|   30|          0|
    |add_ln58_2439_reg_873674  |   31|   0|   31|          0|
    |add_ln58_243_reg_869949   |   30|   0|   30|          0|
    |add_ln58_2440_reg_873679  |   30|   0|   30|          0|
    |add_ln58_2444_reg_874474  |   32|   0|   32|          0|
    |add_ln58_2445_reg_874479  |   29|   0|   29|          0|
    |add_ln58_2448_reg_875281  |   31|   0|   31|          0|
    |add_ln58_2449_reg_875286  |   29|   0|   29|          0|
    |add_ln58_2453_reg_876030  |   32|   0|   32|          0|
    |add_ln58_2457_reg_876404  |   30|   0|   30|          0|
    |add_ln58_2458_reg_876778  |   28|   0|   28|          0|
    |add_ln58_245_reg_870343   |   31|   0|   31|          0|
    |add_ln58_2462_reg_877220  |   31|   0|   31|          0|
    |add_ln58_2463_reg_877486  |   28|   0|   28|          0|
    |add_ln58_2466_reg_878025  |   29|   0|   29|          0|
    |add_ln58_2467_reg_878215  |   27|   0|   27|          0|
    |add_ln58_246_reg_870348   |   30|   0|   30|          0|
    |add_ln58_2475_reg_866978  |   30|   0|   30|          0|
    |add_ln58_2477_reg_867316  |   31|   0|   31|          0|
    |add_ln58_2478_reg_867777  |   30|   0|   30|          0|
    |add_ln58_2481_reg_868147  |   31|   0|   31|          0|
    |add_ln58_2483_reg_868574  |   29|   0|   29|          0|
    |add_ln58_2486_reg_868950  |   31|   0|   31|          0|
    |add_ln58_2487_reg_869347  |   30|   0|   30|          0|
    |add_ln58_2492_reg_869727  |   32|   0|   32|          0|
    |add_ln58_2495_reg_870583  |   29|   0|   29|          0|
    |add_ln58_2496_reg_870865  |   28|   0|   28|          0|
    |add_ln58_249_reg_871117   |   31|   0|   31|          0|
    |add_ln58_24_reg_871087    |   31|   0|   31|          0|
    |add_ln58_2500_reg_871322  |   31|   0|   31|          0|
    |add_ln58_2501_reg_871685  |   28|   0|   28|          0|
    |add_ln58_2504_reg_872102  |   29|   0|   29|          0|
    |add_ln58_2505_reg_872548  |   30|   0|   30|          0|
    |add_ln58_2510_reg_872910  |   32|   0|   32|          0|
    |add_ln58_2512_reg_873328  |   29|   0|   29|          0|
    |add_ln58_2514_reg_873684  |   30|   0|   30|          0|
    |add_ln58_2515_reg_873689  |   30|   0|   30|          0|
    |add_ln58_2519_reg_874484  |   32|   0|   32|          0|
    |add_ln58_251_reg_871122   |   30|   0|   30|          0|
    |add_ln58_2520_reg_874489  |   30|   0|   30|          0|
    |add_ln58_2522_reg_875291  |   31|   0|   31|          0|
    |add_ln58_2524_reg_875296  |   30|   0|   30|          0|
    |add_ln58_2528_reg_876035  |   32|   0|   32|          0|
    |add_ln58_2532_reg_876409  |   31|   0|   31|          0|
    |add_ln58_2533_reg_876783  |   30|   0|   30|          0|
    |add_ln58_2536_reg_877225  |   31|   0|   31|          0|
    |add_ln58_2538_reg_877491  |   30|   0|   30|          0|
    |add_ln58_253_reg_871942   |   31|   0|   31|          0|
    |add_ln58_2540_reg_878220  |   31|   0|   31|          0|
    |add_ln58_2542_reg_878225  |   30|   0|   30|          0|
    |add_ln58_2550_reg_866983  |   30|   0|   30|          0|
    |add_ln58_2552_reg_867321  |   31|   0|   31|          0|
    |add_ln58_2553_reg_867782  |   29|   0|   29|          0|
    |add_ln58_2556_reg_868152  |   31|   0|   31|          0|
    |add_ln58_2558_reg_868579  |   30|   0|   30|          0|
    |add_ln58_255_reg_871947   |   30|   0|   30|          0|
    |add_ln58_2561_reg_868955  |   31|   0|   31|          0|
    |add_ln58_2562_reg_869352  |   30|   0|   30|          0|
    |add_ln58_2567_reg_869732  |   32|   0|   32|          0|
    |add_ln58_2568_reg_870084  |   30|   0|   30|          0|
    |add_ln58_2570_reg_870588  |   31|   0|   31|          0|
    |add_ln58_2571_reg_870870  |   29|   0|   29|          0|
    |add_ln58_2574_reg_871327  |   31|   0|   31|          0|
    |add_ln58_2576_reg_871690  |   30|   0|   30|          0|
    |add_ln58_2579_reg_872107  |   31|   0|   31|          0|
    |add_ln58_2580_reg_872553  |   30|   0|   30|          0|
    |add_ln58_2585_reg_872915  |   32|   0|   32|          0|
    |add_ln58_2587_reg_873333  |   30|   0|   30|          0|
    |add_ln58_2589_reg_873694  |   31|   0|   31|          0|
    |add_ln58_2590_reg_873699  |   30|   0|   30|          0|
    |add_ln58_2594_reg_874494  |   32|   0|   32|          0|
    |add_ln58_2595_reg_874499  |   28|   0|   28|          0|
    |add_ln58_2598_reg_875301  |   30|   0|   30|          0|
    |add_ln58_2599_reg_875306  |   30|   0|   30|          0|
    |add_ln58_2603_reg_876040  |   32|   0|   32|          0|
    |add_ln58_2607_reg_876414  |   30|   0|   30|          0|
    |add_ln58_2608_reg_876788  |   30|   0|   30|          0|
    |add_ln58_260_reg_872765   |   32|   0|   32|          0|
    |add_ln58_2611_reg_877230  |   31|   0|   31|          0|
    |add_ln58_2613_reg_877496  |   30|   0|   30|          0|
    |add_ln58_2615_reg_878230  |   31|   0|   31|          0|
    |add_ln58_2617_reg_878235  |   30|   0|   30|          0|
    |add_ln58_2627_reg_867326  |   30|   0|   30|          0|
    |add_ln58_2628_reg_867787  |   30|   0|   30|          0|
    |add_ln58_2631_reg_868157  |   31|   0|   31|          0|
    |add_ln58_2633_reg_868584  |   29|   0|   29|          0|
    |add_ln58_2636_reg_868960  |   31|   0|   31|          0|
    |add_ln58_2637_reg_869357  |   30|   0|   30|          0|
    |add_ln58_2642_reg_869737  |   32|   0|   32|          0|
    |add_ln58_2643_reg_870089  |   29|   0|   29|          0|
    |add_ln58_2644_reg_870593  |   30|   0|   30|          0|
    |add_ln58_2646_reg_870875  |   28|   0|   28|          0|
    |add_ln58_264_reg_873173   |   31|   0|   31|          0|
    |add_ln58_2650_reg_871332  |   31|   0|   31|          0|
    |add_ln58_2651_reg_871695  |   29|   0|   29|          0|
    |add_ln58_2654_reg_872112  |   31|   0|   31|          0|
    |add_ln58_2655_reg_872558  |   27|   0|   27|          0|
    |add_ln58_265_reg_873524   |   30|   0|   30|          0|
    |add_ln58_2660_reg_872920  |   32|   0|   32|          0|
    |add_ln58_2664_reg_873338  |   31|   0|   31|          0|
    |add_ln58_2665_reg_873704  |   29|   0|   29|          0|
    |add_ln58_2669_reg_874504  |   32|   0|   32|          0|
    |add_ln58_2670_reg_874509  |   30|   0|   30|          0|
    |add_ln58_2673_reg_875311  |   31|   0|   31|          0|
    |add_ln58_2674_reg_875316  |   29|   0|   29|          0|
    |add_ln58_2678_reg_876045  |   32|   0|   32|          0|
    |add_ln58_2682_reg_876419  |   31|   0|   31|          0|
    |add_ln58_2683_reg_876793  |   29|   0|   29|          0|
    |add_ln58_2686_reg_877235  |   31|   0|   31|          0|
    |add_ln58_2688_reg_877501  |   30|   0|   30|          0|
    |add_ln58_2691_reg_878240  |   31|   0|   31|          0|
    |add_ln58_269_reg_874102   |   32|   0|   32|          0|
    |add_ln58_26_reg_871092    |   30|   0|   30|          0|
    |add_ln58_2700_reg_866988  |   29|   0|   29|          0|
    |add_ln58_2702_reg_867331  |   31|   0|   31|          0|
    |add_ln58_2703_reg_867792  |   30|   0|   30|          0|
    |add_ln58_2706_reg_868162  |   31|   0|   31|          0|
    |add_ln58_2708_reg_868589  |   30|   0|   30|          0|
    |add_ln58_270_reg_874284   |   30|   0|   30|          0|
    |add_ln58_2711_reg_868965  |   31|   0|   31|          0|
    |add_ln58_2712_reg_869362  |   30|   0|   30|          0|
    |add_ln58_2717_reg_869742  |   32|   0|   32|          0|
    |add_ln58_2718_reg_870094  |   29|   0|   29|          0|
    |add_ln58_2720_reg_870598  |   30|   0|   30|          0|
    |add_ln58_2721_reg_870880  |   27|   0|   27|          0|
    |add_ln58_2725_reg_871337  |   31|   0|   31|          0|
    |add_ln58_2726_reg_871700  |   29|   0|   29|          0|
    |add_ln58_2729_reg_872117  |   31|   0|   31|          0|
    |add_ln58_2730_reg_872563  |   30|   0|   30|          0|
    |add_ln58_2735_reg_872925  |   32|   0|   32|          0|
    |add_ln58_2737_reg_873343  |   30|   0|   30|          0|
    |add_ln58_2739_reg_873709  |   31|   0|   31|          0|
    |add_ln58_273_reg_874840   |   31|   0|   31|          0|
    |add_ln58_2740_reg_873714  |   30|   0|   30|          0|
    |add_ln58_2744_reg_874514  |   32|   0|   32|          0|
    |add_ln58_2745_reg_874519  |   30|   0|   30|          0|
    |add_ln58_2748_reg_875321  |   31|   0|   31|          0|
    |add_ln58_2749_reg_875326  |   30|   0|   30|          0|
    |add_ln58_274_reg_875041   |   30|   0|   30|          0|
    |add_ln58_2753_reg_876050  |   32|   0|   32|          0|
    |add_ln58_2757_reg_876424  |   31|   0|   31|          0|
    |add_ln58_2758_reg_876798  |   29|   0|   29|          0|
    |add_ln58_2761_reg_877240  |   31|   0|   31|          0|
    |add_ln58_2763_reg_877506  |   30|   0|   30|          0|
    |add_ln58_2766_reg_878245  |   31|   0|   31|          0|
    |add_ln58_2767_reg_878250  |   28|   0|   28|          0|
    |add_ln58_2775_reg_866993  |   29|   0|   29|          0|
    |add_ln58_2777_reg_867336  |   30|   0|   30|          0|
    |add_ln58_2778_reg_867797  |   29|   0|   29|          0|
    |add_ln58_2782_reg_868167  |   31|   0|   31|          0|
    |add_ln58_2783_reg_868594  |   29|   0|   29|          0|
    |add_ln58_2786_reg_868970  |   31|   0|   31|          0|
    |add_ln58_2787_reg_869367  |   30|   0|   30|          0|
    |add_ln58_278_reg_875790   |   32|   0|   32|          0|
    |add_ln58_2792_reg_869747  |   32|   0|   32|          0|
    |add_ln58_2793_reg_870099  |   28|   0|   28|          0|
    |add_ln58_2795_reg_870603  |   30|   0|   30|          0|
    |add_ln58_2796_reg_870885  |   30|   0|   30|          0|
    |add_ln58_2799_reg_871342  |   31|   0|   31|          0|
    |add_ln58_2801_reg_871705  |   30|   0|   30|          0|
    |add_ln58_2804_reg_872122  |   31|   0|   31|          0|
    |add_ln58_2805_reg_872568  |   28|   0|   28|          0|
    |add_ln58_280_reg_875795   |   30|   0|   30|          0|
    |add_ln58_2810_reg_872930  |   32|   0|   32|          0|
    |add_ln58_2812_reg_873348  |   30|   0|   30|          0|
    |add_ln58_2814_reg_873719  |   31|   0|   31|          0|
    |add_ln58_2815_reg_873724  |   30|   0|   30|          0|
    |add_ln58_2819_reg_874524  |   32|   0|   32|          0|
    |add_ln58_2820_reg_874529  |   30|   0|   30|          0|
    |add_ln58_2823_reg_875331  |   31|   0|   31|          0|
    |add_ln58_2828_reg_876055  |   32|   0|   32|          0|
    |add_ln58_282_reg_876254   |   31|   0|   31|          0|
    |add_ln58_2832_reg_876429  |   31|   0|   31|          0|
    |add_ln58_2833_reg_876803  |   30|   0|   30|          0|
    |add_ln58_2836_reg_877245  |   31|   0|   31|          0|
    |add_ln58_2838_reg_877511  |   29|   0|   29|          0|
    |add_ln58_283_reg_876643   |   30|   0|   30|          0|
    |add_ln58_2841_reg_878030  |   31|   0|   31|          0|
    |add_ln58_2842_reg_878255  |   30|   0|   30|          0|
    |add_ln58_2850_reg_866998  |   30|   0|   30|          0|
    |add_ln58_2852_reg_867341  |   31|   0|   31|          0|
    |add_ln58_2853_reg_867802  |   30|   0|   30|          0|
    |add_ln58_2856_reg_868172  |   31|   0|   31|          0|
    |add_ln58_2858_reg_868599  |   30|   0|   30|          0|
    |add_ln58_2860_reg_868975  |   31|   0|   31|          0|
    |add_ln58_2862_reg_869372  |   30|   0|   30|          0|
    |add_ln58_2867_reg_869752  |   32|   0|   32|          0|
    |add_ln58_2868_reg_870104  |   30|   0|   30|          0|
    |add_ln58_286_reg_877075   |   31|   0|   31|          0|
    |add_ln58_2870_reg_870608  |   31|   0|   31|          0|
    |add_ln58_2871_reg_870890  |   29|   0|   29|          0|
    |add_ln58_2874_reg_871347  |   31|   0|   31|          0|
    |add_ln58_2876_reg_871710  |   30|   0|   30|          0|
    |add_ln58_2879_reg_872127  |   31|   0|   31|          0|
    |add_ln58_2880_reg_872573  |   30|   0|   30|          0|
    |add_ln58_2885_reg_872935  |   32|   0|   32|          0|
    |add_ln58_2887_reg_873353  |   28|   0|   28|          0|
    |add_ln58_2889_reg_873729  |   29|   0|   29|          0|
    |add_ln58_288_reg_877341   |   27|   0|   27|          0|
    |add_ln58_2890_reg_873734  |   30|   0|   30|          0|
    |add_ln58_2894_reg_874534  |   32|   0|   32|          0|
    |add_ln58_2895_reg_874539  |   29|   0|   29|          0|
    |add_ln58_2898_reg_875336  |   31|   0|   31|          0|
    |add_ln58_2899_reg_875566  |   30|   0|   30|          0|
    |add_ln58_2903_reg_876060  |   32|   0|   32|          0|
    |add_ln58_2907_reg_876434  |   31|   0|   31|          0|
    |add_ln58_2908_reg_876808  |   30|   0|   30|          0|
    |add_ln58_2911_reg_877250  |   31|   0|   31|          0|
    |add_ln58_2913_reg_877516  |   29|   0|   29|          0|
    |add_ln58_2916_reg_878260  |   31|   0|   31|          0|
    |add_ln58_2917_reg_878265  |   29|   0|   29|          0|
    |add_ln58_291_reg_877880   |   31|   0|   31|          0|
    |add_ln58_2925_reg_867003  |   30|   0|   30|          0|
    |add_ln58_2927_reg_867346  |   31|   0|   31|          0|
    |add_ln58_2928_reg_867807  |   30|   0|   30|          0|
    |add_ln58_292_reg_878085   |   30|   0|   30|          0|
    |add_ln58_2931_reg_868177  |   31|   0|   31|          0|
    |add_ln58_2933_reg_868604  |   30|   0|   30|          0|
    |add_ln58_2935_reg_868980  |   31|   0|   31|          0|
    |add_ln58_2937_reg_869377  |   30|   0|   30|          0|
    |add_ln58_2942_reg_869757  |   32|   0|   32|          0|
    |add_ln58_2943_reg_870109  |   30|   0|   30|          0|
    |add_ln58_2945_reg_870613  |   31|   0|   31|          0|
    |add_ln58_2946_reg_870895  |   30|   0|   30|          0|
    |add_ln58_2949_reg_871352  |   31|   0|   31|          0|
    |add_ln58_2951_reg_871715  |   30|   0|   30|          0|
    |add_ln58_2954_reg_872132  |   31|   0|   31|          0|
    |add_ln58_2955_reg_872578  |   27|   0|   27|          0|
    |add_ln58_2960_reg_872940  |   32|   0|   32|          0|
    |add_ln58_2962_reg_873358  |   30|   0|   30|          0|
    |add_ln58_2964_reg_873739  |   31|   0|   31|          0|
    |add_ln58_2965_reg_873744  |   30|   0|   30|          0|
    |add_ln58_2969_reg_874544  |   32|   0|   32|          0|
    |add_ln58_2970_reg_874549  |   30|   0|   30|          0|
    |add_ln58_2973_reg_875341  |   31|   0|   31|          0|
    |add_ln58_2974_reg_875571  |   30|   0|   30|          0|
    |add_ln58_2978_reg_876065  |   32|   0|   32|          0|
    |add_ln58_2982_reg_876439  |   31|   0|   31|          0|
    |add_ln58_2986_reg_877255  |   30|   0|   30|          0|
    |add_ln58_2988_reg_877521  |   30|   0|   30|          0|
    |add_ln58_2990_reg_878270  |   29|   0|   29|          0|
    |add_ln58_2992_reg_878275  |   29|   0|   29|          0|
    |add_ln58_29_reg_871912    |   31|   0|   31|          0|
    |add_ln58_2_reg_867151     |   31|   0|   31|          0|
    |add_ln58_3000_reg_867008  |   30|   0|   30|          0|
    |add_ln58_3002_reg_867351  |   31|   0|   31|          0|
    |add_ln58_3003_reg_867812  |   28|   0|   28|          0|
    |add_ln58_3006_reg_868182  |   31|   0|   31|          0|
    |add_ln58_3008_reg_868609  |   30|   0|   30|          0|
    |add_ln58_300_reg_866843   |   29|   0|   29|          0|
    |add_ln58_3010_reg_868985  |   31|   0|   31|          0|
    |add_ln58_3012_reg_869382  |   30|   0|   30|          0|
    |add_ln58_3017_reg_869762  |   32|   0|   32|          0|
    |add_ln58_3020_reg_870114  |   31|   0|   31|          0|
    |add_ln58_3021_reg_870900  |   30|   0|   30|          0|
    |add_ln58_3024_reg_871357  |   31|   0|   31|          0|
    |add_ln58_3026_reg_871720  |   29|   0|   29|          0|
    |add_ln58_3029_reg_872137  |   30|   0|   30|          0|
    |add_ln58_302_reg_867171   |   31|   0|   31|          0|
    |add_ln58_3030_reg_872583  |   30|   0|   30|          0|
    |add_ln58_3035_reg_872945  |   32|   0|   32|          0|
    |add_ln58_3037_reg_873363  |   29|   0|   29|          0|
    |add_ln58_3039_reg_873749  |   30|   0|   30|          0|
    |add_ln58_303_reg_867632   |   29|   0|   29|          0|
    |add_ln58_3040_reg_873754  |   28|   0|   28|          0|
    |add_ln58_3044_reg_874554  |   31|   0|   31|          0|
    |add_ln58_3045_reg_874559  |   29|   0|   29|          0|
    |add_ln58_3048_reg_875346  |   31|   0|   31|          0|
    |add_ln58_3049_reg_875576  |   30|   0|   30|          0|
    |add_ln58_3053_reg_876070  |   32|   0|   32|          0|
    |add_ln58_3057_reg_876444  |   31|   0|   31|          0|
    |add_ln58_3058_reg_876813  |   29|   0|   29|          0|
    |add_ln58_3061_reg_877260  |   31|   0|   31|          0|
    |add_ln58_3063_reg_877526  |   30|   0|   30|          0|
    |add_ln58_3066_reg_878280  |   31|   0|   31|          0|
    |add_ln58_3067_reg_878285  |   30|   0|   30|          0|
    |add_ln58_306_reg_868002   |   30|   0|   30|          0|
    |add_ln58_3075_reg_867013  |   30|   0|   30|          0|
    |add_ln58_3077_reg_867356  |   31|   0|   31|          0|
    |add_ln58_3078_reg_867817  |   30|   0|   30|          0|
    |add_ln58_3081_reg_868187  |   31|   0|   31|          0|
    |add_ln58_3083_reg_868614  |   27|   0|   27|          0|
    |add_ln58_3086_reg_868990  |   31|   0|   31|          0|
    |add_ln58_3087_reg_869387  |   30|   0|   30|          0|
    |add_ln58_308_reg_868429   |   30|   0|   30|          0|
    |add_ln58_3092_reg_869767  |   32|   0|   32|          0|
    |add_ln58_3093_reg_870119  |   30|   0|   30|          0|
    |add_ln58_3095_reg_870618  |   31|   0|   31|          0|
    |add_ln58_3096_reg_870905  |   30|   0|   30|          0|
    |add_ln58_3099_reg_871362  |   31|   0|   31|          0|
    |add_ln58_30_reg_871917    |   29|   0|   29|          0|
    |add_ln58_3101_reg_871725  |   29|   0|   29|          0|
    |add_ln58_3104_reg_872142  |   31|   0|   31|          0|
    |add_ln58_3105_reg_872588  |   30|   0|   30|          0|
    |add_ln58_3110_reg_872950  |   32|   0|   32|          0|
    |add_ln58_3112_reg_873368  |   29|   0|   29|          0|
    |add_ln58_3114_reg_873759  |   30|   0|   30|          0|
    |add_ln58_3115_reg_873764  |   30|   0|   30|          0|
    |add_ln58_3119_reg_874564  |   32|   0|   32|          0|
    |add_ln58_311_reg_868805   |   31|   0|   31|          0|
    |add_ln58_3120_reg_874569  |   28|   0|   28|          0|
    |add_ln58_3123_reg_875351  |   31|   0|   31|          0|
    |add_ln58_3124_reg_875581  |   29|   0|   29|          0|
    |add_ln58_3128_reg_876075  |   32|   0|   32|          0|
    |add_ln58_312_reg_869202   |   30|   0|   30|          0|
    |add_ln58_3132_reg_876449  |   30|   0|   30|          0|
    |add_ln58_3133_reg_876818  |   30|   0|   30|          0|
    |add_ln58_3136_reg_877531  |   31|   0|   31|          0|
    |add_ln58_3138_reg_877536  |   30|   0|   30|          0|
    |add_ln58_3140_reg_878035  |   29|   0|   29|          0|
    |add_ln58_3142_reg_878290  |   28|   0|   28|          0|
    |add_ln58_3150_reg_867018  |   28|   0|   28|          0|
    |add_ln58_3152_reg_867361  |   31|   0|   31|          0|
    |add_ln58_3153_reg_867822  |   30|   0|   30|          0|
    |add_ln58_3156_reg_868192  |   31|   0|   31|          0|
    |add_ln58_3158_reg_868619  |   30|   0|   30|          0|
    |add_ln58_3161_reg_868995  |   31|   0|   31|          0|
    |add_ln58_3162_reg_869392  |   29|   0|   29|          0|
    |add_ln58_3167_reg_869772  |   32|   0|   32|          0|
    |add_ln58_3168_reg_870124  |   29|   0|   29|          0|
    |add_ln58_3170_reg_870623  |   30|   0|   30|          0|
    |add_ln58_3171_reg_870910  |   30|   0|   30|          0|
    |add_ln58_3174_reg_871367  |   31|   0|   31|          0|
    |add_ln58_3176_reg_871730  |   29|   0|   29|          0|
    |add_ln58_3179_reg_872147  |   31|   0|   31|          0|
    |add_ln58_317_reg_869582   |   32|   0|   32|          0|
    |add_ln58_3180_reg_872593  |   30|   0|   30|          0|
    |add_ln58_3185_reg_872955  |   32|   0|   32|          0|
    |add_ln58_3187_reg_873373  |   30|   0|   30|          0|
    |add_ln58_3189_reg_873769  |   31|   0|   31|          0|
    |add_ln58_318_reg_869954   |   29|   0|   29|          0|
    |add_ln58_3190_reg_873774  |   30|   0|   30|          0|
    |add_ln58_3194_reg_874574  |   32|   0|   32|          0|
    |add_ln58_3195_reg_874579  |   29|   0|   29|          0|
    |add_ln58_3198_reg_875356  |   31|   0|   31|          0|
    |add_ln58_3199_reg_875586  |   30|   0|   30|          0|
    |add_ln58_3203_reg_876080  |   32|   0|   32|          0|
    |add_ln58_3207_reg_876454  |   31|   0|   31|          0|
    |add_ln58_3208_reg_876823  |   30|   0|   30|          0|
    |add_ln58_320_reg_870353   |   31|   0|   31|          0|
    |add_ln58_3211_reg_877541  |   31|   0|   31|          0|
    |add_ln58_3213_reg_877546  |   30|   0|   30|          0|
    |add_ln58_3216_reg_878295  |   31|   0|   31|          0|
    |add_ln58_3217_reg_878300  |   29|   0|   29|          0|
    |add_ln58_321_reg_870358   |   29|   0|   29|          0|
    |add_ln58_3225_reg_867023  |   30|   0|   30|          0|
    |add_ln58_3227_reg_867366  |   31|   0|   31|          0|
    |add_ln58_3228_reg_867827  |   29|   0|   29|          0|
    |add_ln58_3231_reg_868197  |   31|   0|   31|          0|
    |add_ln58_3233_reg_868624  |   30|   0|   30|          0|
    |add_ln58_3236_reg_869000  |   31|   0|   31|          0|
    |add_ln58_3237_reg_869397  |   30|   0|   30|          0|
    |add_ln58_3242_reg_869777  |   32|   0|   32|          0|
    |add_ln58_3243_reg_870129  |   29|   0|   29|          0|
    |add_ln58_3245_reg_870628  |   30|   0|   30|          0|
    |add_ln58_324_reg_871127   |   31|   0|   31|          0|
    |add_ln58_3250_reg_871372  |   31|   0|   31|          0|
    |add_ln58_3251_reg_871735  |   30|   0|   30|          0|
    |add_ln58_3254_reg_872152  |   31|   0|   31|          0|
    |add_ln58_3255_reg_872598  |   29|   0|   29|          0|
    |add_ln58_3260_reg_872960  |   32|   0|   32|          0|
    |add_ln58_3262_reg_873378  |   29|   0|   29|          0|
    |add_ln58_3264_reg_873779  |   30|   0|   30|          0|
    |add_ln58_3265_reg_873784  |   28|   0|   28|          0|
    |add_ln58_3269_reg_874584  |   32|   0|   32|          0|
    |add_ln58_326_reg_871132   |   29|   0|   29|          0|
    |add_ln58_3270_reg_874589  |   29|   0|   29|          0|
    |add_ln58_3273_reg_875361  |   31|   0|   31|          0|
    |add_ln58_3274_reg_875591  |   30|   0|   30|          0|
    |add_ln58_3278_reg_876085  |   32|   0|   32|          0|
    |add_ln58_3282_reg_876459  |   31|   0|   31|          0|
    |add_ln58_3283_reg_876828  |   30|   0|   30|          0|
    |add_ln58_3286_reg_877551  |   31|   0|   31|          0|
    |add_ln58_3288_reg_877556  |   29|   0|   29|          0|
    |add_ln58_3291_reg_878305  |   30|   0|   30|          0|
    |add_ln58_3292_reg_878310  |   30|   0|   30|          0|
    |add_ln58_329_reg_871952   |   31|   0|   31|          0|
    |add_ln58_3302_reg_867371  |   30|   0|   30|          0|
    |add_ln58_3303_reg_867832  |   30|   0|   30|          0|
    |add_ln58_3306_reg_868202  |   31|   0|   31|          0|
    |add_ln58_3308_reg_868629  |   30|   0|   30|          0|
    |add_ln58_330_reg_871957   |   30|   0|   30|          0|
    |add_ln58_3311_reg_869005  |   31|   0|   31|          0|
    |add_ln58_3312_reg_869402  |   30|   0|   30|          0|
    |add_ln58_3317_reg_869782  |   32|   0|   32|          0|
    |add_ln58_3318_reg_870134  |   28|   0|   28|          0|
    |add_ln58_3320_reg_870633  |   29|   0|   29|          0|
    |add_ln58_3321_reg_870915  |   30|   0|   30|          0|
    |add_ln58_3325_reg_871377  |   31|   0|   31|          0|
    |add_ln58_3326_reg_871740  |   27|   0|   27|          0|
    |add_ln58_3329_reg_872157  |   31|   0|   31|          0|
    |add_ln58_3330_reg_872603  |   28|   0|   28|          0|
    |add_ln58_3335_reg_872965  |   32|   0|   32|          0|
    |add_ln58_3339_reg_873789  |   30|   0|   30|          0|
    |add_ln58_3340_reg_873794  |   30|   0|   30|          0|
    |add_ln58_3344_reg_874594  |   32|   0|   32|          0|
    |add_ln58_3345_reg_874599  |   30|   0|   30|          0|
    |add_ln58_3348_reg_875366  |   31|   0|   31|          0|
    |add_ln58_3349_reg_875596  |   28|   0|   28|          0|
    |add_ln58_3353_reg_876090  |   32|   0|   32|          0|
    |add_ln58_3357_reg_876464  |   30|   0|   30|          0|
    |add_ln58_3358_reg_876833  |   30|   0|   30|          0|
    |add_ln58_335_reg_872408   |   32|   0|   32|          0|
    |add_ln58_3361_reg_877561  |   31|   0|   31|          0|
    |add_ln58_3363_reg_877566  |   30|   0|   30|          0|
    |add_ln58_3365_reg_878315  |   31|   0|   31|          0|
    |add_ln58_3367_reg_878320  |   29|   0|   29|          0|
    |add_ln58_3375_reg_867028  |   30|   0|   30|          0|
    |add_ln58_3377_reg_867376  |   31|   0|   31|          0|
    |add_ln58_3378_reg_867837  |   29|   0|   29|          0|
    |add_ln58_3381_reg_868207  |   31|   0|   31|          0|
    |add_ln58_3383_reg_868634  |   28|   0|   28|          0|
    |add_ln58_3386_reg_869010  |   31|   0|   31|          0|
    |add_ln58_3387_reg_869407  |   30|   0|   30|          0|
    |add_ln58_3392_reg_869787  |   32|   0|   32|          0|
    |add_ln58_3393_reg_870139  |   30|   0|   30|          0|
    |add_ln58_3395_reg_870638  |   31|   0|   31|          0|
    |add_ln58_3396_reg_870920  |   28|   0|   28|          0|
    |add_ln58_3399_reg_871382  |   31|   0|   31|          0|
    |add_ln58_339_reg_873178   |   31|   0|   31|          0|
    |add_ln58_3401_reg_871745  |   29|   0|   29|          0|
    |add_ln58_3404_reg_872162  |   31|   0|   31|          0|
    |add_ln58_3405_reg_872608  |   30|   0|   30|          0|
    |add_ln58_340_reg_873529   |   29|   0|   29|          0|
    |add_ln58_3410_reg_872970  |   32|   0|   32|          0|
    |add_ln58_3412_reg_873383  |   30|   0|   30|          0|
    |add_ln58_3414_reg_873799  |   31|   0|   31|          0|
    |add_ln58_3415_reg_873804  |   30|   0|   30|          0|
    |add_ln58_3419_reg_874604  |   32|   0|   32|          0|
    |add_ln58_3420_reg_874609  |   30|   0|   30|          0|
    |add_ln58_3423_reg_875371  |   31|   0|   31|          0|
    |add_ln58_3424_reg_875601  |   29|   0|   29|          0|
    |add_ln58_3428_reg_876095  |   32|   0|   32|          0|
    |add_ln58_3432_reg_876469  |   31|   0|   31|          0|
    |add_ln58_3433_reg_876838  |   26|   0|   26|          0|
    |add_ln58_3436_reg_877571  |   30|   0|   30|          0|
    |add_ln58_3438_reg_877576  |   29|   0|   29|          0|
    |add_ln58_3441_reg_878325  |   30|   0|   30|          0|
    |add_ln58_3442_reg_878330  |   28|   0|   28|          0|
    |add_ln58_344_reg_874107   |   32|   0|   32|          0|
    |add_ln58_3450_reg_867033  |   30|   0|   30|          0|
    |add_ln58_3452_reg_867381  |   31|   0|   31|          0|
    |add_ln58_3453_reg_867842  |   29|   0|   29|          0|
    |add_ln58_3456_reg_868212  |   31|   0|   31|          0|
    |add_ln58_345_reg_874289   |   30|   0|   30|          0|
    |add_ln58_3461_reg_869015  |   30|   0|   30|          0|
    |add_ln58_3462_reg_869412  |   30|   0|   30|          0|
    |add_ln58_3467_reg_869792  |   32|   0|   32|          0|
    |add_ln58_3468_reg_870144  |   28|   0|   28|          0|
    |add_ln58_3470_reg_870643  |   29|   0|   29|          0|
    |add_ln58_3471_reg_870925  |   30|   0|   30|          0|
    |add_ln58_3474_reg_871387  |   32|   0|   32|          0|
    |add_ln58_3476_reg_871750  |   30|   0|   30|          0|
    |add_ln58_3479_reg_872167  |   31|   0|   31|          0|
    |add_ln58_347_reg_874845   |   31|   0|   31|          0|
    |add_ln58_3480_reg_872613  |   27|   0|   27|          0|
    |add_ln58_3485_reg_872975  |   32|   0|   32|          0|
    |add_ln58_3487_reg_873388  |   30|   0|   30|          0|
    |add_ln58_3489_reg_873809  |   31|   0|   31|          0|
    |add_ln58_3490_reg_873814  |   30|   0|   30|          0|
    |add_ln58_3494_reg_874614  |   32|   0|   32|          0|
    |add_ln58_3495_reg_874619  |   30|   0|   30|          0|
    |add_ln58_3498_reg_875376  |   31|   0|   31|          0|
    |add_ln58_3499_reg_875606  |   29|   0|   29|          0|
    |add_ln58_349_reg_875046   |   30|   0|   30|          0|
    |add_ln58_3503_reg_876100  |   32|   0|   32|          0|
    |add_ln58_3507_reg_876474  |   31|   0|   31|          0|
    |add_ln58_3508_reg_876843  |   28|   0|   28|          0|
    |add_ln58_3511_reg_877581  |   31|   0|   31|          0|
    |add_ln58_3513_reg_877586  |   29|   0|   29|          0|
    |add_ln58_3516_reg_878335  |   30|   0|   30|          0|
    |add_ln58_3517_reg_878340  |   29|   0|   29|          0|
    |add_ln58_3525_reg_867038  |   29|   0|   29|          0|
    |add_ln58_3526_reg_867386  |   30|   0|   30|          0|
    |add_ln58_3528_reg_867847  |   29|   0|   29|          0|
    |add_ln58_3532_reg_868217  |   31|   0|   31|          0|
    |add_ln58_3533_reg_868639  |   30|   0|   30|          0|
    |add_ln58_3536_reg_869020  |   31|   0|   31|          0|
    |add_ln58_3537_reg_869417  |   30|   0|   30|          0|
    |add_ln58_353_reg_875800   |   32|   0|   32|          0|
    |add_ln58_3542_reg_869797  |   32|   0|   32|          0|
    |add_ln58_3543_reg_870149  |   30|   0|   30|          0|
    |add_ln58_3545_reg_870648  |   31|   0|   31|          0|
    |add_ln58_3546_reg_870930  |   28|   0|   28|          0|
    |add_ln58_3549_reg_871392  |   30|   0|   30|          0|
    |add_ln58_3551_reg_871755  |   29|   0|   29|          0|
    |add_ln58_3554_reg_872172  |   31|   0|   31|          0|
    |add_ln58_3555_reg_872618  |   30|   0|   30|          0|
    |add_ln58_355_reg_875805   |   30|   0|   30|          0|
    |add_ln58_3560_reg_872980  |   32|   0|   32|          0|
    |add_ln58_3562_reg_873393  |   30|   0|   30|          0|
    |add_ln58_3564_reg_873819  |   31|   0|   31|          0|
    |add_ln58_3565_reg_873824  |   29|   0|   29|          0|
    |add_ln58_3569_reg_874624  |   32|   0|   32|          0|
    |add_ln58_3570_reg_874629  |   30|   0|   30|          0|
    |add_ln58_3573_reg_875381  |   31|   0|   31|          0|
    |add_ln58_3574_reg_875611  |   30|   0|   30|          0|
    |add_ln58_3578_reg_876105  |   32|   0|   32|          0|
    |add_ln58_357_reg_876259   |   31|   0|   31|          0|
    |add_ln58_3582_reg_876479  |   31|   0|   31|          0|
    |add_ln58_3583_reg_876848  |   29|   0|   29|          0|
    |add_ln58_3586_reg_877591  |   31|   0|   31|          0|
    |add_ln58_3588_reg_877596  |   29|   0|   29|          0|
    |add_ln58_358_reg_876648   |   30|   0|   30|          0|
    |add_ln58_3591_reg_878345  |   31|   0|   31|          0|
    |add_ln58_3592_reg_878350  |   30|   0|   30|          0|
    |add_ln58_35_reg_872750    |   32|   0|   32|          0|
    |add_ln58_3600_reg_867043  |   30|   0|   30|          0|
    |add_ln58_3602_reg_867391  |   31|   0|   31|          0|
    |add_ln58_3603_reg_867852  |   29|   0|   29|          0|
    |add_ln58_3606_reg_868222  |   30|   0|   30|          0|
    |add_ln58_3608_reg_868644  |   30|   0|   30|          0|
    |add_ln58_3611_reg_869025  |   31|   0|   31|          0|
    |add_ln58_3612_reg_869422  |   30|   0|   30|          0|
    |add_ln58_3617_reg_869802  |   32|   0|   32|          0|
    |add_ln58_3618_reg_870154  |   30|   0|   30|          0|
    |add_ln58_361_reg_877080   |   32|   0|   32|          0|
    |add_ln58_3620_reg_870653  |   31|   0|   31|          0|
    |add_ln58_3621_reg_870935  |   30|   0|   30|          0|
    |add_ln58_3624_reg_871397  |   31|   0|   31|          0|
    |add_ln58_3626_reg_871760  |   30|   0|   30|          0|
    |add_ln58_3629_reg_872177  |   31|   0|   31|          0|
    |add_ln58_3630_reg_872623  |   30|   0|   30|          0|
    |add_ln58_3635_reg_872985  |   32|   0|   32|          0|
    |add_ln58_3637_reg_873398  |   30|   0|   30|          0|
    |add_ln58_3639_reg_873829  |   31|   0|   31|          0|
    |add_ln58_363_reg_877346   |   30|   0|   30|          0|
    |add_ln58_3640_reg_873834  |   30|   0|   30|          0|
    |add_ln58_3644_reg_874634  |   32|   0|   32|          0|
    |add_ln58_3645_reg_874890  |   29|   0|   29|          0|
    |add_ln58_3648_reg_875386  |   31|   0|   31|          0|
    |add_ln58_3653_reg_875616  |   32|   0|   32|          0|
    |add_ln58_3657_reg_876484  |   30|   0|   30|          0|
    |add_ln58_3658_reg_876853  |   30|   0|   30|          0|
    |add_ln58_365_reg_877885   |   30|   0|   30|          0|
    |add_ln58_3661_reg_877601  |   31|   0|   31|          0|
    |add_ln58_3663_reg_877606  |   30|   0|   30|          0|
    |add_ln58_3666_reg_878355  |   31|   0|   31|          0|
    |add_ln58_3667_reg_878360  |   28|   0|   28|          0|
    |add_ln58_3675_reg_867048  |   30|   0|   30|          0|
    |add_ln58_3677_reg_867396  |   31|   0|   31|          0|
    |add_ln58_3678_reg_867401  |   30|   0|   30|          0|
    |add_ln58_367_reg_878090   |   28|   0|   28|          0|
    |add_ln58_3681_reg_868227  |   31|   0|   31|          0|
    |add_ln58_3683_reg_868649  |   29|   0|   29|          0|
    |add_ln58_3686_reg_869030  |   30|   0|   30|          0|
    |add_ln58_3687_reg_869427  |   28|   0|   28|          0|
    |add_ln58_3692_reg_869807  |   32|   0|   32|          0|
    |add_ln58_3695_reg_870159  |   31|   0|   31|          0|
    |add_ln58_3696_reg_870940  |   30|   0|   30|          0|
    |add_ln58_3699_reg_871402  |   31|   0|   31|          0|
    |add_ln58_3701_reg_871765  |   30|   0|   30|          0|
    |add_ln58_3704_reg_872182  |   31|   0|   31|          0|
    |add_ln58_3705_reg_872628  |   30|   0|   30|          0|
    |add_ln58_3710_reg_872990  |   32|   0|   32|          0|
    |add_ln58_3712_reg_873403  |   30|   0|   30|          0|
    |add_ln58_3714_reg_873839  |   31|   0|   31|          0|
    |add_ln58_3715_reg_873844  |   30|   0|   30|          0|
    |add_ln58_3719_reg_874639  |   32|   0|   32|          0|
    |add_ln58_3720_reg_874895  |   30|   0|   30|          0|
    |add_ln58_3723_reg_875391  |   31|   0|   31|          0|
    |add_ln58_3724_reg_875621  |   30|   0|   30|          0|
    |add_ln58_3728_reg_876110  |   32|   0|   32|          0|
    |add_ln58_3732_reg_876858  |   30|   0|   30|          0|
    |add_ln58_3733_reg_876863  |   30|   0|   30|          0|
    |add_ln58_3736_reg_877611  |   31|   0|   31|          0|
    |add_ln58_3738_reg_877616  |   28|   0|   28|          0|
    |add_ln58_3740_reg_878365  |   30|   0|   30|          0|
    |add_ln58_3750_reg_867053  |   30|   0|   30|          0|
    |add_ln58_3752_reg_867406  |   31|   0|   31|          0|
    |add_ln58_3753_reg_867857  |   30|   0|   30|          0|
    |add_ln58_3756_reg_868232  |   31|   0|   31|          0|
    |add_ln58_3758_reg_868654  |   28|   0|   28|          0|
    |add_ln58_375_reg_866848   |   30|   0|   30|          0|
    |add_ln58_3761_reg_869035  |   30|   0|   30|          0|
    |add_ln58_3762_reg_869432  |   29|   0|   29|          0|
    |add_ln58_3767_reg_869812  |   32|   0|   32|          0|
    |add_ln58_3768_reg_870164  |   30|   0|   30|          0|
    |add_ln58_3770_reg_870658  |   31|   0|   31|          0|
    |add_ln58_3774_reg_870945  |   31|   0|   31|          0|
    |add_ln58_3776_reg_871407  |   27|   0|   27|          0|
    |add_ln58_3779_reg_872187  |   30|   0|   30|          0|
    |add_ln58_377_reg_867176   |   31|   0|   31|          0|
    |add_ln58_3780_reg_872633  |   30|   0|   30|          0|
    |add_ln58_3785_reg_872995  |   32|   0|   32|          0|
    |add_ln58_3787_reg_873408  |   29|   0|   29|          0|
    |add_ln58_3789_reg_873849  |   30|   0|   30|          0|
    |add_ln58_378_reg_867637   |   29|   0|   29|          0|
    |add_ln58_3790_reg_873854  |   30|   0|   30|          0|
    |add_ln58_3794_reg_874644  |   32|   0|   32|          0|
    |add_ln58_3798_reg_875396  |   30|   0|   30|          0|
    |add_ln58_3799_reg_875626  |   30|   0|   30|          0|
    |add_ln58_3803_reg_876115  |   32|   0|   32|          0|
    |add_ln58_3805_reg_876489  |   28|   0|   28|          0|
    |add_ln58_3807_reg_876868  |   29|   0|   29|          0|
    |add_ln58_3808_reg_876873  |   30|   0|   30|          0|
    |add_ln58_3812_reg_877621  |   31|   0|   31|          0|
    |add_ln58_3813_reg_877626  |   29|   0|   29|          0|
    |add_ln58_3815_reg_878370  |   30|   0|   30|          0|
    |add_ln58_3817_reg_878375  |   28|   0|   28|          0|
    |add_ln58_381_reg_868007   |   31|   0|   31|          0|
    |add_ln58_3825_reg_867058  |   30|   0|   30|          0|
    |add_ln58_3827_reg_867411  |   31|   0|   31|          0|
    |add_ln58_3828_reg_867862  |   29|   0|   29|          0|
    |add_ln58_3831_reg_868237  |   31|   0|   31|          0|
    |add_ln58_3833_reg_868659  |   30|   0|   30|          0|
    |add_ln58_3836_reg_869040  |   31|   0|   31|          0|
    |add_ln58_3837_reg_869437  |   26|   0|   26|          0|
    |add_ln58_383_reg_868434   |   30|   0|   30|          0|
    |add_ln58_3842_reg_869817  |   32|   0|   32|          0|
    |add_ln58_3843_reg_870169  |   30|   0|   30|          0|
    |add_ln58_3845_reg_870663  |   31|   0|   31|          0|
    |add_ln58_3846_reg_870950  |   30|   0|   30|          0|
    |add_ln58_3849_reg_871412  |   32|   0|   32|          0|
    |add_ln58_3851_reg_871770  |   30|   0|   30|          0|
    |add_ln58_3854_reg_872192  |   31|   0|   31|          0|
    |add_ln58_3855_reg_872638  |   30|   0|   30|          0|
    |add_ln58_3860_reg_873000  |   32|   0|   32|          0|
    |add_ln58_3862_reg_873413  |   28|   0|   28|          0|
    |add_ln58_3864_reg_873859  |   29|   0|   29|          0|
    |add_ln58_3865_reg_874202  |   28|   0|   28|          0|
    |add_ln58_3869_reg_874649  |   32|   0|   32|          0|
    |add_ln58_386_reg_868810   |   31|   0|   31|          0|
    |add_ln58_3870_reg_874900  |   29|   0|   29|          0|
    |add_ln58_3873_reg_875401  |   31|   0|   31|          0|
    |add_ln58_3874_reg_875631  |   30|   0|   30|          0|
    |add_ln58_3878_reg_876120  |   32|   0|   32|          0|
    |add_ln58_387_reg_869207   |   28|   0|   28|          0|
    |add_ln58_3880_reg_876494  |   30|   0|   30|          0|
    |add_ln58_3882_reg_876878  |   31|   0|   31|          0|
    |add_ln58_3883_reg_877265  |   30|   0|   30|          0|
    |add_ln58_3886_reg_877631  |   32|   0|   32|          0|
    |add_ln58_3888_reg_878040  |   30|   0|   30|          0|
    |add_ln58_3890_reg_878380  |   31|   0|   31|          0|
    |add_ln58_3900_reg_867063  |   29|   0|   29|          0|
    |add_ln58_3902_reg_867416  |   31|   0|   31|          0|
    |add_ln58_3903_reg_867867  |   30|   0|   30|          0|
    |add_ln58_3906_reg_868242  |   31|   0|   31|          0|
    |add_ln58_3908_reg_868664  |   30|   0|   30|          0|
    |add_ln58_3910_reg_869045  |   30|   0|   30|          0|
    |add_ln58_3912_reg_869442  |   29|   0|   29|          0|
    |add_ln58_3917_reg_869822  |   32|   0|   32|          0|
    |add_ln58_3918_reg_870174  |   29|   0|   29|          0|
    |add_ln58_3920_reg_870668  |   30|   0|   30|          0|
    |add_ln58_3921_reg_870955  |   30|   0|   30|          0|
    |add_ln58_3924_reg_871417  |   31|   0|   31|          0|
    |add_ln58_3926_reg_871775  |   30|   0|   30|          0|
    |add_ln58_3929_reg_872197  |   31|   0|   31|          0|
    |add_ln58_392_reg_869587   |   32|   0|   32|          0|
    |add_ln58_3930_reg_872643  |   28|   0|   28|          0|
    |add_ln58_3935_reg_873005  |   32|   0|   32|          0|
    |add_ln58_3937_reg_873418  |   30|   0|   30|          0|
    |add_ln58_3939_reg_873864  |   31|   0|   31|          0|
    |add_ln58_393_reg_869959   |   29|   0|   29|          0|
    |add_ln58_3940_reg_873869  |   30|   0|   30|          0|
    |add_ln58_3944_reg_874654  |   32|   0|   32|          0|
    |add_ln58_3945_reg_874905  |   30|   0|   30|          0|
    |add_ln58_3947_reg_875406  |   29|   0|   29|          0|
    |add_ln58_3949_reg_875636  |   29|   0|   29|          0|
    |add_ln58_3953_reg_876125  |   31|   0|   31|          0|
    |add_ln58_3955_reg_876499  |   30|   0|   30|          0|
    |add_ln58_3957_reg_876883  |   31|   0|   31|          0|
    |add_ln58_3958_reg_876888  |   30|   0|   30|          0|
    |add_ln58_395_reg_870363   |   31|   0|   31|          0|
    |add_ln58_3961_reg_877636  |   32|   0|   32|          0|
    |add_ln58_3963_reg_877641  |   29|   0|   29|          0|
    |add_ln58_3966_reg_878385  |   31|   0|   31|          0|
    |add_ln58_3967_reg_878390  |   29|   0|   29|          0|
    |add_ln58_396_reg_870368   |   29|   0|   29|          0|
    |add_ln58_3975_reg_867068  |   30|   0|   30|          0|
    |add_ln58_3977_reg_867421  |   31|   0|   31|          0|
    |add_ln58_3978_reg_867872  |   28|   0|   28|          0|
    |add_ln58_3981_reg_868247  |   31|   0|   31|          0|
    |add_ln58_3983_reg_868669  |   29|   0|   29|          0|
    |add_ln58_3986_reg_869050  |   31|   0|   31|          0|
    |add_ln58_3987_reg_869447  |   29|   0|   29|          0|
    |add_ln58_3992_reg_869827  |   32|   0|   32|          0|
    |add_ln58_3993_reg_870179  |   30|   0|   30|          0|
    |add_ln58_3995_reg_870673  |   31|   0|   31|          0|
    |add_ln58_3996_reg_870960  |   28|   0|   28|          0|
    |add_ln58_3999_reg_871422  |   31|   0|   31|          0|
    |add_ln58_399_reg_871137   |   31|   0|   31|          0|
    |add_ln58_39_reg_873158    |   31|   0|   31|          0|
    |add_ln58_3_reg_867612     |   30|   0|   30|          0|
    |add_ln58_4001_reg_871780  |   30|   0|   30|          0|
    |add_ln58_4003_reg_872202  |   31|   0|   31|          0|
    |add_ln58_4005_reg_872648  |   30|   0|   30|          0|
    |add_ln58_4010_reg_873010  |   32|   0|   32|          0|
    |add_ln58_4014_reg_873874  |   30|   0|   30|          0|
    |add_ln58_4015_reg_873879  |   30|   0|   30|          0|
    |add_ln58_4019_reg_874207  |   32|   0|   32|          0|
    |add_ln58_401_reg_871142   |   30|   0|   30|          0|
    |add_ln58_4020_reg_874910  |   29|   0|   29|          0|
    |add_ln58_4023_reg_875411  |   30|   0|   30|          0|
    |add_ln58_4024_reg_875641  |   29|   0|   29|          0|
    |add_ln58_4028_reg_876130  |   31|   0|   31|          0|
    |add_ln58_4030_reg_876504  |   29|   0|   29|          0|
    |add_ln58_4032_reg_876893  |   31|   0|   31|          0|
    |add_ln58_4033_reg_876898  |   30|   0|   30|          0|
    |add_ln58_4036_reg_877646  |   31|   0|   31|          0|
    |add_ln58_4038_reg_877651  |   30|   0|   30|          0|
    |add_ln58_4041_reg_878395  |   31|   0|   31|          0|
    |add_ln58_4042_reg_878400  |   28|   0|   28|          0|
    |add_ln58_404_reg_871962   |   31|   0|   31|          0|
    |add_ln58_4050_reg_867073  |   30|   0|   30|          0|
    |add_ln58_4052_reg_867426  |   31|   0|   31|          0|
    |add_ln58_4053_reg_867877  |   30|   0|   30|          0|
    |add_ln58_4056_reg_868252  |   32|   0|   32|          0|
    |add_ln58_4058_reg_868674  |   29|   0|   29|          0|
    |add_ln58_405_reg_872413   |   28|   0|   28|          0|
    |add_ln58_4061_reg_869055  |   31|   0|   31|          0|
    |add_ln58_4062_reg_869452  |   30|   0|   30|          0|
    |add_ln58_4067_reg_869832  |   32|   0|   32|          0|
    |add_ln58_4068_reg_870184  |   29|   0|   29|          0|
    |add_ln58_4070_reg_870678  |   31|   0|   31|          0|
    |add_ln58_4071_reg_870965  |   30|   0|   30|          0|
    |add_ln58_4074_reg_871427  |   31|   0|   31|          0|
    |add_ln58_4076_reg_871785  |   30|   0|   30|          0|
    |add_ln58_4078_reg_872207  |   31|   0|   31|          0|
    |add_ln58_4080_reg_872653  |   30|   0|   30|          0|
    |add_ln58_4085_reg_873015  |   32|   0|   32|          0|
    |add_ln58_4087_reg_873423  |   30|   0|   30|          0|
    |add_ln58_4089_reg_873884  |   31|   0|   31|          0|
    |add_ln58_4090_reg_873889  |   29|   0|   29|          0|
    |add_ln58_4094_reg_874659  |   32|   0|   32|          0|
    |add_ln58_4095_reg_874915  |   30|   0|   30|          0|
    |add_ln58_4097_reg_875416  |   31|   0|   31|          0|
    |add_ln58_4099_reg_875646  |   30|   0|   30|          0|
    |add_ln58_40_reg_873509    |   28|   0|   28|          0|
    |add_ln58_4103_reg_876135  |   32|   0|   32|          0|
    |add_ln58_4105_reg_876509  |   30|   0|   30|          0|
    |add_ln58_4107_reg_876903  |   31|   0|   31|          0|
    |add_ln58_4108_reg_876908  |   30|   0|   30|          0|
    |add_ln58_410_reg_872770   |   32|   0|   32|          0|
    |add_ln58_4111_reg_877656  |   31|   0|   31|          0|
    |add_ln58_4113_reg_877661  |   30|   0|   30|          0|
    |add_ln58_4116_reg_878405  |   31|   0|   31|          0|
    |add_ln58_4117_reg_878410  |   30|   0|   30|          0|
    |add_ln58_4125_reg_867078  |   30|   0|   30|          0|
    |add_ln58_4127_reg_867431  |   31|   0|   31|          0|
    |add_ln58_4128_reg_867882  |   30|   0|   30|          0|
    |add_ln58_4131_reg_868257  |   31|   0|   31|          0|
    |add_ln58_4133_reg_868679  |   30|   0|   30|          0|
    |add_ln58_4136_reg_869060  |   31|   0|   31|          0|
    |add_ln58_4137_reg_869457  |   30|   0|   30|          0|
    |add_ln58_4142_reg_869837  |   32|   0|   32|          0|
    |add_ln58_4143_reg_870189  |   30|   0|   30|          0|
    |add_ln58_4145_reg_870683  |   31|   0|   31|          0|
    |add_ln58_4146_reg_870970  |   29|   0|   29|          0|
    |add_ln58_4149_reg_871432  |   31|   0|   31|          0|
    |add_ln58_414_reg_873183   |   31|   0|   31|          0|
    |add_ln58_4151_reg_871790  |   30|   0|   30|          0|
    |add_ln58_4153_reg_872212  |   31|   0|   31|          0|
    |add_ln58_4155_reg_872658  |   30|   0|   30|          0|
    |add_ln58_415_reg_873534   |   29|   0|   29|          0|
    |add_ln58_4160_reg_873020  |   32|   0|   32|          0|
    |add_ln58_4162_reg_873428  |   30|   0|   30|          0|
    |add_ln58_4164_reg_873894  |   31|   0|   31|          0|
    |add_ln58_4165_reg_873899  |   29|   0|   29|          0|
    |add_ln58_4169_reg_874664  |   32|   0|   32|          0|
    |add_ln58_4170_reg_874920  |   30|   0|   30|          0|
    |add_ln58_4173_reg_875421  |   31|   0|   31|          0|
    |add_ln58_4174_reg_875651  |   30|   0|   30|          0|
    |add_ln58_4178_reg_876140  |   32|   0|   32|          0|
    |add_ln58_4180_reg_876514  |   29|   0|   29|          0|
    |add_ln58_4182_reg_876913  |   31|   0|   31|          0|
    |add_ln58_4183_reg_876918  |   28|   0|   28|          0|
    |add_ln58_4186_reg_877666  |   31|   0|   31|          0|
    |add_ln58_4188_reg_877671  |   30|   0|   30|          0|
    |add_ln58_4191_reg_878415  |   31|   0|   31|          0|
    |add_ln58_4192_reg_878420  |   30|   0|   30|          0|
    |add_ln58_419_reg_874112   |   32|   0|   32|          0|
    |add_ln58_4200_reg_867083  |   30|   0|   30|          0|
    |add_ln58_4202_reg_867436  |   31|   0|   31|          0|
    |add_ln58_4203_reg_867887  |   30|   0|   30|          0|
    |add_ln58_4206_reg_868262  |   31|   0|   31|          0|
    |add_ln58_4208_reg_868684  |   29|   0|   29|          0|
    |add_ln58_420_reg_874294   |   29|   0|   29|          0|
    |add_ln58_4211_reg_869065  |   31|   0|   31|          0|
    |add_ln58_4212_reg_869462  |   30|   0|   30|          0|
    |add_ln58_4217_reg_869842  |   32|   0|   32|          0|
    |add_ln58_4218_reg_870194  |   30|   0|   30|          0|
    |add_ln58_4220_reg_870688  |   31|   0|   31|          0|
    |add_ln58_4221_reg_870975  |   28|   0|   28|          0|
    |add_ln58_4224_reg_871437  |   31|   0|   31|          0|
    |add_ln58_4226_reg_871795  |   30|   0|   30|          0|
    |add_ln58_4229_reg_872217  |   31|   0|   31|          0|
    |add_ln58_4235_reg_873025  |   32|   0|   32|          0|
    |add_ln58_4237_reg_873433  |   30|   0|   30|          0|
    |add_ln58_4239_reg_873904  |   31|   0|   31|          0|
    |add_ln58_423_reg_874850   |   31|   0|   31|          0|
    |add_ln58_4240_reg_873909  |   30|   0|   30|          0|
    |add_ln58_4244_reg_874669  |   32|   0|   32|          0|
    |add_ln58_4245_reg_874925  |   29|   0|   29|          0|
    |add_ln58_4248_reg_875426  |   31|   0|   31|          0|
    |add_ln58_4249_reg_875656  |   30|   0|   30|          0|
    |add_ln58_424_reg_875051   |   30|   0|   30|          0|
    |add_ln58_4253_reg_876145  |   32|   0|   32|          0|
    |add_ln58_4255_reg_876519  |   30|   0|   30|          0|
    |add_ln58_4257_reg_876923  |   31|   0|   31|          0|
    |add_ln58_4258_reg_876928  |   30|   0|   30|          0|
    |add_ln58_4261_reg_877676  |   31|   0|   31|          0|
    |add_ln58_4263_reg_877681  |   30|   0|   30|          0|
    |add_ln58_4266_reg_878425  |   31|   0|   31|          0|
    |add_ln58_4267_reg_878430  |   29|   0|   29|          0|
    |add_ln58_4275_reg_867088  |   30|   0|   30|          0|
    |add_ln58_4277_reg_867441  |   31|   0|   31|          0|
    |add_ln58_4278_reg_867892  |   30|   0|   30|          0|
    |add_ln58_4281_reg_868267  |   31|   0|   31|          0|
    |add_ln58_4283_reg_868689  |   30|   0|   30|          0|
    |add_ln58_4285_reg_869070  |   31|   0|   31|          0|
    |add_ln58_4287_reg_869467  |   30|   0|   30|          0|
    |add_ln58_428_reg_875810   |   32|   0|   32|          0|
    |add_ln58_4292_reg_869847  |   32|   0|   32|          0|
    |add_ln58_4293_reg_870199  |   28|   0|   28|          0|
    |add_ln58_4295_reg_870693  |   31|   0|   31|          0|
    |add_ln58_4296_reg_870980  |   29|   0|   29|          0|
    |add_ln58_4299_reg_871442  |   31|   0|   31|          0|
    |add_ln58_4301_reg_871800  |   30|   0|   30|          0|
    |add_ln58_4304_reg_872222  |   31|   0|   31|          0|
    |add_ln58_4305_reg_872663  |   29|   0|   29|          0|
    |add_ln58_430_reg_875815   |   30|   0|   30|          0|
    |add_ln58_4310_reg_873030  |   32|   0|   32|          0|
    |add_ln58_4312_reg_873438  |   30|   0|   30|          0|
    |add_ln58_4314_reg_873914  |   31|   0|   31|          0|
    |add_ln58_4315_reg_873919  |   30|   0|   30|          0|
    |add_ln58_4319_reg_874674  |   32|   0|   32|          0|
    |add_ln58_4320_reg_874930  |   30|   0|   30|          0|
    |add_ln58_4323_reg_875431  |   31|   0|   31|          0|
    |add_ln58_4324_reg_875661  |   30|   0|   30|          0|
    |add_ln58_4328_reg_876150  |   32|   0|   32|          0|
    |add_ln58_432_reg_876264   |   31|   0|   31|          0|
    |add_ln58_4330_reg_876524  |   30|   0|   30|          0|
    |add_ln58_4332_reg_876933  |   31|   0|   31|          0|
    |add_ln58_4333_reg_876938  |   30|   0|   30|          0|
    |add_ln58_4336_reg_877686  |   31|   0|   31|          0|
    |add_ln58_4338_reg_877691  |   30|   0|   30|          0|
    |add_ln58_433_reg_876653   |   30|   0|   30|          0|
    |add_ln58_4341_reg_878435  |   31|   0|   31|          0|
    |add_ln58_4342_reg_878440  |   29|   0|   29|          0|
    |add_ln58_4350_reg_867093  |   28|   0|   28|          0|
    |add_ln58_4352_reg_867446  |   30|   0|   30|          0|
    |add_ln58_4353_reg_867897  |   30|   0|   30|          0|
    |add_ln58_4356_reg_868272  |   31|   0|   31|          0|
    |add_ln58_4358_reg_868694  |   30|   0|   30|          0|
    |add_ln58_4361_reg_869075  |   31|   0|   31|          0|
    |add_ln58_4362_reg_869472  |   29|   0|   29|          0|
    |add_ln58_4367_reg_869852  |   32|   0|   32|          0|
    |add_ln58_4368_reg_870204  |   29|   0|   29|          0|
    |add_ln58_436_reg_877085   |   31|   0|   31|          0|
    |add_ln58_4370_reg_870698  |   30|   0|   30|          0|
    |add_ln58_4371_reg_870985  |   28|   0|   28|          0|
    |add_ln58_4375_reg_871447  |   31|   0|   31|          0|
    |add_ln58_4376_reg_871805  |   30|   0|   30|          0|
    |add_ln58_4379_reg_872227  |   31|   0|   31|          0|
    |add_ln58_4380_reg_872668  |   30|   0|   30|          0|
    |add_ln58_4385_reg_873035  |   32|   0|   32|          0|
    |add_ln58_4387_reg_873443  |   29|   0|   29|          0|
    |add_ln58_4389_reg_873924  |   31|   0|   31|          0|
    |add_ln58_438_reg_877351   |   30|   0|   30|          0|
    |add_ln58_4390_reg_873929  |   30|   0|   30|          0|
    |add_ln58_4394_reg_874679  |   32|   0|   32|          0|
    |add_ln58_4395_reg_874935  |   30|   0|   30|          0|
    |add_ln58_4398_reg_875436  |   31|   0|   31|          0|
    |add_ln58_4399_reg_875666  |   29|   0|   29|          0|
    |add_ln58_4403_reg_876155  |   32|   0|   32|          0|
    |add_ln58_4407_reg_876943  |   30|   0|   30|          0|
    |add_ln58_4408_reg_876948  |   30|   0|   30|          0|
    |add_ln58_4411_reg_877696  |   31|   0|   31|          0|
    |add_ln58_4413_reg_877701  |   30|   0|   30|          0|
    |add_ln58_4416_reg_878445  |   31|   0|   31|          0|
    |add_ln58_4417_reg_878450  |   29|   0|   29|          0|
    |add_ln58_441_reg_877890   |   31|   0|   31|          0|
    |add_ln58_4425_reg_867098  |   30|   0|   30|          0|
    |add_ln58_4427_reg_867451  |   31|   0|   31|          0|
    |add_ln58_4428_reg_867902  |   29|   0|   29|          0|
    |add_ln58_442_reg_878095   |   29|   0|   29|          0|
    |add_ln58_4431_reg_868277  |   30|   0|   30|          0|
    |add_ln58_4433_reg_868699  |   27|   0|   27|          0|
    |add_ln58_4436_reg_869080  |   31|   0|   31|          0|
    |add_ln58_4437_reg_869477  |   30|   0|   30|          0|
    |add_ln58_4442_reg_869857  |   32|   0|   32|          0|
    |add_ln58_4443_reg_870209  |   30|   0|   30|          0|
    |add_ln58_4445_reg_870703  |   31|   0|   31|          0|
    |add_ln58_4446_reg_870990  |   29|   0|   29|          0|
    |add_ln58_4449_reg_871452  |   31|   0|   31|          0|
    |add_ln58_4451_reg_871810  |   30|   0|   30|          0|
    |add_ln58_4454_reg_872232  |   31|   0|   31|          0|
    |add_ln58_4455_reg_872673  |   30|   0|   30|          0|
    |add_ln58_4460_reg_873040  |   32|   0|   32|          0|
    |add_ln58_4462_reg_873448  |   29|   0|   29|          0|
    |add_ln58_4464_reg_873934  |   31|   0|   31|          0|
    |add_ln58_4465_reg_873939  |   29|   0|   29|          0|
    |add_ln58_4469_reg_874684  |   32|   0|   32|          0|
    |add_ln58_4470_reg_874940  |   29|   0|   29|          0|
    |add_ln58_4472_reg_875441  |   30|   0|   30|          0|
    |add_ln58_4474_reg_875671  |   29|   0|   29|          0|
    |add_ln58_4478_reg_876160  |   31|   0|   31|          0|
    |add_ln58_4480_reg_876529  |   29|   0|   29|          0|
    |add_ln58_4482_reg_876953  |   31|   0|   31|          0|
    |add_ln58_4483_reg_876958  |   30|   0|   30|          0|
    |add_ln58_4486_reg_877270  |   31|   0|   31|          0|
    |add_ln58_4488_reg_877706  |   30|   0|   30|          0|
    |add_ln58_4491_reg_878455  |   31|   0|   31|          0|
    |add_ln58_44_reg_874087    |   32|   0|   32|          0|
    |add_ln58_4500_reg_867103  |   29|   0|   29|          0|
    |add_ln58_4502_reg_867456  |   31|   0|   31|          0|
    |add_ln58_4503_reg_867907  |   29|   0|   29|          0|
    |add_ln58_4506_reg_868282  |   31|   0|   31|          0|
    |add_ln58_4508_reg_868704  |   30|   0|   30|          0|
    |add_ln58_450_reg_866853   |   28|   0|   28|          0|
    |add_ln58_4511_reg_869085  |   31|   0|   31|          0|
    |add_ln58_4512_reg_869482  |   30|   0|   30|          0|
    |add_ln58_4517_reg_869862  |   32|   0|   32|          0|
    |add_ln58_4518_reg_870214  |   29|   0|   29|          0|
    |add_ln58_4520_reg_870708  |   30|   0|   30|          0|
    |add_ln58_4521_reg_870995  |   30|   0|   30|          0|
    |add_ln58_4524_reg_871457  |   31|   0|   31|          0|
    |add_ln58_4526_reg_871815  |   29|   0|   29|          0|
    |add_ln58_4529_reg_872237  |   31|   0|   31|          0|
    |add_ln58_452_reg_867181   |   30|   0|   30|          0|
    |add_ln58_4530_reg_872678  |   29|   0|   29|          0|
    |add_ln58_4535_reg_873045  |   32|   0|   32|          0|
    |add_ln58_4537_reg_873453  |   30|   0|   30|          0|
    |add_ln58_4539_reg_873944  |   31|   0|   31|          0|
    |add_ln58_453_reg_867642   |   30|   0|   30|          0|
    |add_ln58_4540_reg_874212  |   30|   0|   30|          0|
    |add_ln58_4544_reg_874689  |   32|   0|   32|          0|
    |add_ln58_4545_reg_874945  |   30|   0|   30|          0|
    |add_ln58_4548_reg_875446  |   31|   0|   31|          0|
    |add_ln58_4549_reg_875676  |   30|   0|   30|          0|
    |add_ln58_4553_reg_876165  |   32|   0|   32|          0|
    |add_ln58_4555_reg_876534  |   30|   0|   30|          0|
    |add_ln58_4557_reg_876963  |   31|   0|   31|          0|
    |add_ln58_4558_reg_876968  |   30|   0|   30|          0|
    |add_ln58_4561_reg_877711  |   32|   0|   32|          0|
    |add_ln58_4563_reg_877716  |   30|   0|   30|          0|
    |add_ln58_4566_reg_878460  |   31|   0|   31|          0|
    |add_ln58_4567_reg_878465  |   30|   0|   30|          0|
    |add_ln58_456_reg_868012   |   31|   0|   31|          0|
    |add_ln58_4575_reg_867108  |   30|   0|   30|          0|
    |add_ln58_4577_reg_867461  |   31|   0|   31|          0|
    |add_ln58_4578_reg_867912  |   30|   0|   30|          0|
    |add_ln58_4581_reg_868287  |   32|   0|   32|          0|
    |add_ln58_4583_reg_868709  |   30|   0|   30|          0|
    |add_ln58_4586_reg_869090  |   31|   0|   31|          0|
    |add_ln58_4587_reg_869487  |   30|   0|   30|          0|
    |add_ln58_458_reg_868439   |   30|   0|   30|          0|
    |add_ln58_4592_reg_869867  |   32|   0|   32|          0|
    |add_ln58_4593_reg_870219  |   29|   0|   29|          0|
    |add_ln58_4595_reg_870713  |   31|   0|   31|          0|
    |add_ln58_4596_reg_871000  |   29|   0|   29|          0|
    |add_ln58_4599_reg_871462  |   31|   0|   31|          0|
    |add_ln58_45_reg_874269    |   29|   0|   29|          0|
    |add_ln58_4601_reg_871820  |   30|   0|   30|          0|
    |add_ln58_4604_reg_872242  |   31|   0|   31|          0|
    |add_ln58_4605_reg_872683  |   30|   0|   30|          0|
    |add_ln58_4610_reg_873050  |   32|   0|   32|          0|
    |add_ln58_4612_reg_873458  |   29|   0|   29|          0|
    |add_ln58_4614_reg_873949  |   30|   0|   30|          0|
    |add_ln58_4615_reg_874217  |   29|   0|   29|          0|
    |add_ln58_4619_reg_874694  |   31|   0|   31|          0|
    |add_ln58_461_reg_868815   |   31|   0|   31|          0|
    |add_ln58_4620_reg_874950  |   30|   0|   30|          0|
    |add_ln58_4623_reg_875451  |   31|   0|   31|          0|
    |add_ln58_4624_reg_875681  |   30|   0|   30|          0|
    |add_ln58_4628_reg_876170  |   32|   0|   32|          0|
    |add_ln58_462_reg_869212   |   30|   0|   30|          0|
    |add_ln58_4630_reg_876539  |   30|   0|   30|          0|
    |add_ln58_4632_reg_876973  |   31|   0|   31|          0|
    |add_ln58_4633_reg_876978  |   29|   0|   29|          0|
    |add_ln58_4636_reg_877275  |   30|   0|   30|          0|
    |add_ln58_4638_reg_877721  |   29|   0|   29|          0|
    |add_ln58_4641_reg_878470  |   30|   0|   30|          0|
    |add_ln58_4642_reg_878475  |   29|   0|   29|          0|
    |add_ln58_4650_reg_867113  |   29|   0|   29|          0|
    |add_ln58_4652_reg_867466  |   31|   0|   31|          0|
    |add_ln58_4653_reg_867917  |   30|   0|   30|          0|
    |add_ln58_4656_reg_868292  |   31|   0|   31|          0|
    |add_ln58_4658_reg_868714  |   29|   0|   29|          0|
    |add_ln58_4661_reg_869095  |   31|   0|   31|          0|
    |add_ln58_4662_reg_869492  |   30|   0|   30|          0|
    |add_ln58_4667_reg_869872  |   32|   0|   32|          0|
    |add_ln58_4668_reg_870224  |   30|   0|   30|          0|
    |add_ln58_4670_reg_870718  |   31|   0|   31|          0|
    |add_ln58_4671_reg_871005  |   29|   0|   29|          0|
    |add_ln58_4674_reg_871467  |   31|   0|   31|          0|
    |add_ln58_4676_reg_871825  |   30|   0|   30|          0|
    |add_ln58_4679_reg_872247  |   31|   0|   31|          0|
    |add_ln58_467_reg_869592   |   32|   0|   32|          0|
    |add_ln58_4680_reg_872688  |   30|   0|   30|          0|
    |add_ln58_4685_reg_873055  |   32|   0|   32|          0|
    |add_ln58_4687_reg_873463  |   30|   0|   30|          0|
    |add_ln58_4689_reg_873954  |   31|   0|   31|          0|
    |add_ln58_468_reg_869964   |   29|   0|   29|          0|
    |add_ln58_4690_reg_874222  |   29|   0|   29|          0|
    |add_ln58_4694_reg_874699  |   32|   0|   32|          0|
    |add_ln58_4695_reg_874955  |   29|   0|   29|          0|
    |add_ln58_4698_reg_875456  |   31|   0|   31|          0|
    |add_ln58_4699_reg_875686  |   29|   0|   29|          0|
    |add_ln58_4703_reg_876175  |   32|   0|   32|          0|
    |add_ln58_4705_reg_876544  |   29|   0|   29|          0|
    |add_ln58_4707_reg_876983  |   30|   0|   30|          0|
    |add_ln58_4708_reg_876988  |   30|   0|   30|          0|
    |add_ln58_470_reg_870373   |   30|   0|   30|          0|
    |add_ln58_4711_reg_877726  |   31|   0|   31|          0|
    |add_ln58_4713_reg_877731  |   30|   0|   30|          0|
    |add_ln58_4716_reg_878480  |   31|   0|   31|          0|
    |add_ln58_471_reg_870378   |   30|   0|   30|          0|
    |add_ln58_4727_reg_867471  |   30|   0|   30|          0|
    |add_ln58_4728_reg_867922  |   30|   0|   30|          0|
    |add_ln58_4731_reg_868297  |   31|   0|   31|          0|
    |add_ln58_4733_reg_868719  |   30|   0|   30|          0|
    |add_ln58_4736_reg_869100  |   31|   0|   31|          0|
    |add_ln58_4737_reg_869497  |   29|   0|   29|          0|
    |add_ln58_4742_reg_869877  |   32|   0|   32|          0|
    |add_ln58_4743_reg_870229  |   29|   0|   29|          0|
    |add_ln58_4745_reg_870723  |   31|   0|   31|          0|
    |add_ln58_4746_reg_871010  |   30|   0|   30|          0|
    |add_ln58_4749_reg_871472  |   31|   0|   31|          0|
    |add_ln58_474_reg_871147   |   31|   0|   31|          0|
    |add_ln58_4754_reg_872252  |   30|   0|   30|          0|
    |add_ln58_4755_reg_872693  |   29|   0|   29|          0|
    |add_ln58_4760_reg_873060  |   32|   0|   32|          0|
    |add_ln58_4762_reg_873468  |   30|   0|   30|          0|
    |add_ln58_4764_reg_873959  |   31|   0|   31|          0|
    |add_ln58_4765_reg_874227  |   30|   0|   30|          0|
    |add_ln58_4769_reg_874704  |   32|   0|   32|          0|
    |add_ln58_476_reg_871152   |   30|   0|   30|          0|
    |add_ln58_4770_reg_874960  |   29|   0|   29|          0|
    |add_ln58_4773_reg_875461  |   31|   0|   31|          0|
    |add_ln58_4774_reg_875691  |   29|   0|   29|          0|
    |add_ln58_4778_reg_876180  |   32|   0|   32|          0|
    |add_ln58_4780_reg_876549  |   29|   0|   29|          0|
    |add_ln58_4782_reg_876993  |   31|   0|   31|          0|
    |add_ln58_4783_reg_876998  |   30|   0|   30|          0|
    |add_ln58_4786_reg_877736  |   31|   0|   31|          0|
    |add_ln58_4788_reg_877741  |   30|   0|   30|          0|
    |add_ln58_4791_reg_878485  |   31|   0|   31|          0|
    |add_ln58_479_reg_871967   |   31|   0|   31|          0|
    |add_ln58_480_reg_872418   |   30|   0|   30|          0|
    |add_ln58_485_reg_872775   |   32|   0|   32|          0|
    |add_ln58_489_reg_873188   |   31|   0|   31|          0|
    |add_ln58_48_reg_874825    |   31|   0|   31|          0|
    |add_ln58_490_reg_873539   |   30|   0|   30|          0|
    |add_ln58_494_reg_874117   |   32|   0|   32|          0|
    |add_ln58_495_reg_874299   |   29|   0|   29|          0|
    |add_ln58_498_reg_874855   |   30|   0|   30|          0|
    |add_ln58_499_reg_875056   |   29|   0|   29|          0|
    |add_ln58_49_reg_875026    |   30|   0|   30|          0|
    |add_ln58_503_reg_875820   |   32|   0|   32|          0|
    |add_ln58_505_reg_875825   |   30|   0|   30|          0|
    |add_ln58_507_reg_876269   |   31|   0|   31|          0|
    |add_ln58_508_reg_876658   |   29|   0|   29|          0|
    |add_ln58_511_reg_877090   |   31|   0|   31|          0|
    |add_ln58_513_reg_877356   |   30|   0|   30|          0|
    |add_ln58_516_reg_877895   |   31|   0|   31|          0|
    |add_ln58_517_reg_878100   |   30|   0|   30|          0|
    |add_ln58_527_reg_867186   |   30|   0|   30|          0|
    |add_ln58_528_reg_867647   |   28|   0|   28|          0|
    |add_ln58_532_reg_868017   |   31|   0|   31|          0|
    |add_ln58_533_reg_868444   |   30|   0|   30|          0|
    |add_ln58_536_reg_868820   |   31|   0|   31|          0|
    |add_ln58_537_reg_869217   |   30|   0|   30|          0|
    |add_ln58_53_reg_875765    |   32|   0|   32|          0|
    |add_ln58_542_reg_869597   |   32|   0|   32|          0|
    |add_ln58_545_reg_870383   |   30|   0|   30|          0|
    |add_ln58_546_reg_870388   |   30|   0|   30|          0|
    |add_ln58_549_reg_871157   |   31|   0|   31|          0|
    |add_ln58_551_reg_871162   |   30|   0|   30|          0|
    |add_ln58_554_reg_871972   |   31|   0|   31|          0|
    |add_ln58_555_reg_872423   |   30|   0|   30|          0|
    |add_ln58_560_reg_872780   |   32|   0|   32|          0|
    |add_ln58_564_reg_873193   |   30|   0|   30|          0|
    |add_ln58_565_reg_873544   |   30|   0|   30|          0|
    |add_ln58_569_reg_874122   |   32|   0|   32|          0|
    |add_ln58_570_reg_874304   |   29|   0|   29|          0|
    |add_ln58_573_reg_874860   |   31|   0|   31|          0|
    |add_ln58_574_reg_875061   |   30|   0|   30|          0|
    |add_ln58_578_reg_875830   |   32|   0|   32|          0|
    |add_ln58_57_reg_876239    |   30|   0|   30|          0|
    |add_ln58_580_reg_875835   |   30|   0|   30|          0|
    |add_ln58_582_reg_876274   |   31|   0|   31|          0|
    |add_ln58_583_reg_876663   |   29|   0|   29|          0|
    |add_ln58_586_reg_877095   |   30|   0|   30|          0|
    |add_ln58_588_reg_877361   |   29|   0|   29|          0|
    |add_ln58_58_reg_876628    |   30|   0|   30|          0|
    |add_ln58_591_reg_877900   |   31|   0|   31|          0|
    |add_ln58_592_reg_878105   |   27|   0|   27|          0|
    |add_ln58_600_reg_866858   |   30|   0|   30|          0|
    |add_ln58_602_reg_867191   |   31|   0|   31|          0|
    |add_ln58_603_reg_867652   |   30|   0|   30|          0|
    |add_ln58_606_reg_868022   |   31|   0|   31|          0|
    |add_ln58_608_reg_868449   |   30|   0|   30|          0|
    |add_ln58_611_reg_868825   |   31|   0|   31|          0|
    |add_ln58_612_reg_869222   |   30|   0|   30|          0|
    |add_ln58_617_reg_869602   |   32|   0|   32|          0|
    |add_ln58_618_reg_869969   |   30|   0|   30|          0|
    |add_ln58_61_reg_877060    |   31|   0|   31|          0|
    |add_ln58_620_reg_870393   |   31|   0|   31|          0|
    |add_ln58_621_reg_870398   |   29|   0|   29|          0|
    |add_ln58_624_reg_871167   |   31|   0|   31|          0|
    |add_ln58_626_reg_871172   |   30|   0|   30|          0|
    |add_ln58_629_reg_871977   |   31|   0|   31|          0|
    |add_ln58_630_reg_872428   |   30|   0|   30|          0|
    |add_ln58_635_reg_872785   |   32|   0|   32|          0|
    |add_ln58_639_reg_873198   |   31|   0|   31|          0|
    |add_ln58_63_reg_877326    |   30|   0|   30|          0|
    |add_ln58_640_reg_873549   |   30|   0|   30|          0|
    |add_ln58_644_reg_874127   |   32|   0|   32|          0|
    |add_ln58_645_reg_874309   |   27|   0|   27|          0|
    |add_ln58_648_reg_874865   |   31|   0|   31|          0|
    |add_ln58_649_reg_875066   |   29|   0|   29|          0|
    |add_ln58_653_reg_875840   |   32|   0|   32|          0|
    |add_ln58_655_reg_875845   |   28|   0|   28|          0|
    |add_ln58_657_reg_876279   |   31|   0|   31|          0|
    |add_ln58_661_reg_877100   |   30|   0|   30|          0|
    |add_ln58_663_reg_877366   |   29|   0|   29|          0|
    |add_ln58_666_reg_877905   |   31|   0|   31|          0|
    |add_ln58_667_reg_878110   |   30|   0|   30|          0|
    |add_ln58_66_reg_877865    |   31|   0|   31|          0|
    |add_ln58_675_reg_866863   |   28|   0|   28|          0|
    |add_ln58_677_reg_867196   |   30|   0|   30|          0|
    |add_ln58_678_reg_867657   |   29|   0|   29|          0|
    |add_ln58_67_reg_878070    |   30|   0|   30|          0|
    |add_ln58_682_reg_868027   |   31|   0|   31|          0|
    |add_ln58_683_reg_868454   |   29|   0|   29|          0|
    |add_ln58_686_reg_868830   |   30|   0|   30|          0|
    |add_ln58_687_reg_869227   |   29|   0|   29|          0|
    |add_ln58_692_reg_869607   |   32|   0|   32|          0|
    |add_ln58_693_reg_869974   |   29|   0|   29|          0|
    |add_ln58_695_reg_870403   |   30|   0|   30|          0|
    |add_ln58_696_reg_870815   |   25|   0|   25|          0|
    |add_ln58_6_reg_867982     |   31|   0|   31|          0|
    |add_ln58_700_reg_871177   |   31|   0|   31|          0|
    |add_ln58_701_reg_871182   |   30|   0|   30|          0|
    |add_ln58_704_reg_871982   |   31|   0|   31|          0|
    |add_ln58_705_reg_872433   |   30|   0|   30|          0|
    |add_ln58_710_reg_872790   |   32|   0|   32|          0|
    |add_ln58_714_reg_873203   |   30|   0|   30|          0|
    |add_ln58_715_reg_873554   |   30|   0|   30|          0|
    |add_ln58_719_reg_874132   |   32|   0|   32|          0|
    |add_ln58_720_reg_874314   |   30|   0|   30|          0|
    |add_ln58_723_reg_874870   |   31|   0|   31|          0|
    |add_ln58_724_reg_875071   |   30|   0|   30|          0|
    |add_ln58_728_reg_875850   |   32|   0|   32|          0|
    |add_ln58_730_reg_875855   |   30|   0|   30|          0|
    |add_ln58_732_reg_876284   |   31|   0|   31|          0|
    |add_ln58_733_reg_876668   |   30|   0|   30|          0|
    |add_ln58_736_reg_877105   |   31|   0|   31|          0|
    |add_ln58_738_reg_877371   |   30|   0|   30|          0|
    |add_ln58_741_reg_877910   |   31|   0|   31|          0|
    |add_ln58_742_reg_878115   |   28|   0|   28|          0|
    |add_ln58_750_reg_866868   |   30|   0|   30|          0|
    |add_ln58_752_reg_867201   |   31|   0|   31|          0|
    |add_ln58_753_reg_867662   |   30|   0|   30|          0|
    |add_ln58_756_reg_868032   |   31|   0|   31|          0|
    |add_ln58_758_reg_868459   |   30|   0|   30|          0|
    |add_ln58_75_reg_866828    |   29|   0|   29|          0|
    |add_ln58_761_reg_868835   |   31|   0|   31|          0|
    |add_ln58_762_reg_869232   |   30|   0|   30|          0|
    |add_ln58_767_reg_869612   |   32|   0|   32|          0|
    |add_ln58_770_reg_869979   |   29|   0|   29|          0|
    |add_ln58_771_reg_870820   |   29|   0|   29|          0|
    |add_ln58_775_reg_871187   |   31|   0|   31|          0|
    |add_ln58_776_reg_871192   |   30|   0|   30|          0|
    |add_ln58_779_reg_871987   |   31|   0|   31|          0|
    |add_ln58_77_reg_867156    |   30|   0|   30|          0|
    |add_ln58_780_reg_872438   |   29|   0|   29|          0|
    |add_ln58_785_reg_872795   |   32|   0|   32|          0|
    |add_ln58_789_reg_873208   |   31|   0|   31|          0|
    |add_ln58_78_reg_867617    |   30|   0|   30|          0|
    |add_ln58_790_reg_873559   |   30|   0|   30|          0|
    |add_ln58_794_reg_874137   |   32|   0|   32|          0|
    |add_ln58_795_reg_874319   |   29|   0|   29|          0|
    |add_ln58_798_reg_874875   |   31|   0|   31|          0|
    |add_ln58_799_reg_875076   |   30|   0|   30|          0|
    |add_ln58_803_reg_875860   |   32|   0|   32|          0|
    |add_ln58_805_reg_875865   |   30|   0|   30|          0|
    |add_ln58_807_reg_876289   |   31|   0|   31|          0|
    |add_ln58_808_reg_876673   |   30|   0|   30|          0|
    |add_ln58_811_reg_877110   |   31|   0|   31|          0|
    |add_ln58_813_reg_877376   |   30|   0|   30|          0|
    |add_ln58_816_reg_877915   |   31|   0|   31|          0|
    |add_ln58_817_reg_878120   |   30|   0|   30|          0|
    |add_ln58_81_reg_867987    |   31|   0|   31|          0|
    |add_ln58_825_reg_866873   |   30|   0|   30|          0|
    |add_ln58_827_reg_867206   |   31|   0|   31|          0|
    |add_ln58_828_reg_867667   |   28|   0|   28|          0|
    |add_ln58_831_reg_868037   |   31|   0|   31|          0|
    |add_ln58_833_reg_868464   |   30|   0|   30|          0|
    |add_ln58_835_reg_868840   |   31|   0|   31|          0|
    |add_ln58_837_reg_869237   |   30|   0|   30|          0|
    |add_ln58_83_reg_868414    |   29|   0|   29|          0|
    |add_ln58_842_reg_869617   |   32|   0|   32|          0|
    |add_ln58_845_reg_870408   |   30|   0|   30|          0|
    |add_ln58_846_reg_870413   |   30|   0|   30|          0|
    |add_ln58_849_reg_871197   |   31|   0|   31|          0|
    |add_ln58_851_reg_871202   |   29|   0|   29|          0|
    |add_ln58_854_reg_871992   |   31|   0|   31|          0|
    |add_ln58_855_reg_872443   |   30|   0|   30|          0|
    |add_ln58_860_reg_872800   |   32|   0|   32|          0|
    |add_ln58_864_reg_873213   |   30|   0|   30|          0|
    |add_ln58_865_reg_873564   |   30|   0|   30|          0|
    |add_ln58_869_reg_874142   |   32|   0|   32|          0|
    |add_ln58_86_reg_868790    |   31|   0|   31|          0|
    |add_ln58_870_reg_874324   |   30|   0|   30|          0|
    |add_ln58_873_reg_874880   |   31|   0|   31|          0|
    |add_ln58_874_reg_875081   |   30|   0|   30|          0|
    |add_ln58_878_reg_875870   |   32|   0|   32|          0|
    |add_ln58_87_reg_869187    |   29|   0|   29|          0|
    |add_ln58_880_reg_875875   |   30|   0|   30|          0|
    |add_ln58_882_reg_876294   |   31|   0|   31|          0|
    |add_ln58_883_reg_876678   |   29|   0|   29|          0|
    |add_ln58_886_reg_877115   |   31|   0|   31|          0|
    |add_ln58_888_reg_877381   |   29|   0|   29|          0|
    |add_ln58_891_reg_877920   |   30|   0|   30|          0|
    |add_ln58_892_reg_878125   |   30|   0|   30|          0|
    |add_ln58_8_reg_868409     |   30|   0|   30|          0|
    |add_ln58_900_reg_866878   |   29|   0|   29|          0|
    |add_ln58_902_reg_867211   |   31|   0|   31|          0|
    |add_ln58_903_reg_867672   |   30|   0|   30|          0|
    |add_ln58_906_reg_868042   |   31|   0|   31|          0|
    |add_ln58_908_reg_868469   |   30|   0|   30|          0|
    |add_ln58_911_reg_868845   |   31|   0|   31|          0|
    |add_ln58_912_reg_869242   |   30|   0|   30|          0|
    |add_ln58_917_reg_869622   |   32|   0|   32|          0|
    |add_ln58_920_reg_870418   |   30|   0|   30|          0|
    |add_ln58_921_reg_870423   |   30|   0|   30|          0|
    |add_ln58_924_reg_871207   |   31|   0|   31|          0|
    |add_ln58_926_reg_871212   |   29|   0|   29|          0|
    |add_ln58_929_reg_871997   |   31|   0|   31|          0|
    |add_ln58_92_reg_869567    |   32|   0|   32|          0|
    |add_ln58_930_reg_872448   |   30|   0|   30|          0|
    |add_ln58_935_reg_872805   |   32|   0|   32|          0|
    |add_ln58_939_reg_873218   |   31|   0|   31|          0|
    |add_ln58_93_reg_869939    |   30|   0|   30|          0|
    |add_ln58_940_reg_873569   |   30|   0|   30|          0|
    |add_ln58_944_reg_874147   |   32|   0|   32|          0|
    |add_ln58_945_reg_874329   |   30|   0|   30|          0|
    |add_ln58_948_reg_875086   |   31|   0|   31|          0|
    |add_ln58_949_reg_875091   |   29|   0|   29|          0|
    |add_ln58_953_reg_875880   |   32|   0|   32|          0|
    |add_ln58_957_reg_876299   |   30|   0|   30|          0|
    |add_ln58_958_reg_876683   |   30|   0|   30|          0|
    |add_ln58_95_reg_870328    |   31|   0|   31|          0|
    |add_ln58_961_reg_877120   |   31|   0|   31|          0|
    |add_ln58_963_reg_877386   |   30|   0|   30|          0|
    |add_ln58_966_reg_877925   |   31|   0|   31|          0|
    |add_ln58_967_reg_878130   |   29|   0|   29|          0|
    |add_ln58_96_reg_870333    |   29|   0|   29|          0|
    |add_ln58_975_reg_866883   |   29|   0|   29|          0|
    |add_ln58_977_reg_867216   |   31|   0|   31|          0|
    |add_ln58_978_reg_867677   |   30|   0|   30|          0|
    |add_ln58_981_reg_868047   |   31|   0|   31|          0|
    |add_ln58_983_reg_868474   |   30|   0|   30|          0|
    |add_ln58_985_reg_868850   |   31|   0|   31|          0|
    |add_ln58_987_reg_869247   |   28|   0|   28|          0|
    |add_ln58_992_reg_869627   |   32|   0|   32|          0|
    |add_ln58_993_reg_869984   |   30|   0|   30|          0|
    |add_ln58_995_reg_870428   |   31|   0|   31|          0|
    |add_ln58_996_reg_870433   |   29|   0|   29|          0|
    |add_ln58_999_reg_871217   |   31|   0|   31|          0|
    |add_ln58_99_reg_871097    |   30|   0|   30|          0|
    |add_ln58_reg_866823       |   30|   0|   30|          0|
    |ap_CS_fsm                 |   31|   0|   31|          0|
    |mult_1025_reg_869105      |   28|   0|   28|          0|
    |mult_1033_reg_869110      |   28|   0|   28|          0|
    |mult_1037_reg_869115      |   25|   0|   25|          0|
    |mult_1044_reg_869120      |   26|   0|   26|          0|
    |mult_1052_reg_869125      |   28|   0|   28|          0|
    |mult_1062_reg_869130      |   25|   0|   25|          0|
    |mult_1066_reg_869135      |   25|   0|   25|          0|
    |mult_1072_reg_869140      |   26|   0|   26|          0|
    |mult_1228_reg_869552      |   29|   0|   29|          0|
    |mult_1234_reg_869557      |   27|   0|   27|          0|
    |mult_128_reg_865605       |   27|   0|   27|          0|
    |mult_1351_reg_869904      |   26|   0|   26|          0|
    |mult_1371_reg_869909      |   29|   0|   29|          0|
    |mult_1374_reg_869914      |   24|   0|   24|          0|
    |mult_1375_reg_869919      |   25|   0|   25|          0|
    |mult_1383_reg_869924      |   24|   0|   24|          0|
    |mult_1385_reg_869929      |   23|   0|   23|          0|
    |mult_149_reg_865610       |   28|   0|   28|          0|
    |mult_1503_reg_870234      |   25|   0|   25|          0|
    |mult_1514_reg_870239      |   27|   0|   27|          0|
    |mult_1515_reg_870244      |   28|   0|   28|          0|
    |mult_1519_reg_870249      |   29|   0|   29|          0|
    |mult_1529_reg_870254      |   26|   0|   26|          0|
    |mult_1540_reg_870318      |   24|   0|   24|          0|
    |mult_1602_reg_870728      |   26|   0|   26|          0|
    |mult_1605_reg_870733      |   27|   0|   27|          0|
    |mult_1612_reg_870738      |   27|   0|   27|          0|
    |mult_1614_reg_870743      |   26|   0|   26|          0|
    |mult_1620_reg_870748      |   24|   0|   24|          0|
    |mult_1621_reg_870753      |   28|   0|   28|          0|
    |mult_1633_reg_870758      |   25|   0|   25|          0|
    |mult_1635_reg_870763      |   26|   0|   26|          0|
    |mult_1640_reg_870768      |   27|   0|   27|          0|
    |mult_1642_reg_870773      |   27|   0|   27|          0|
    |mult_1658_reg_870778      |   27|   0|   27|          0|
    |mult_1676_reg_870805      |   24|   0|   24|          0|
    |mult_1702_reg_870810      |   27|   0|   27|          0|
    |mult_1771_reg_866027      |   21|   0|   21|          0|
    |mult_1815_reg_871015      |   27|   0|   27|          0|
    |mult_1816_reg_871020      |   24|   0|   24|          0|
    |mult_1821_reg_871025      |   28|   0|   28|          0|
    |mult_1836_reg_866042      |   28|   0|   28|          0|
    |mult_1914_reg_871477      |   29|   0|   29|          0|
    |mult_1918_reg_871482      |   25|   0|   25|          0|
    |mult_1929_reg_871487      |   24|   0|   24|          0|
    |mult_1953_reg_871492      |   25|   0|   25|          0|
    |mult_1956_reg_871497      |   23|   0|   23|          0|
    |mult_1957_reg_871502      |   27|   0|   27|          0|
    |mult_1967_reg_871507      |   29|   0|   29|          0|
    |mult_1975_reg_871512      |   26|   0|   26|          0|
    |mult_1984_reg_871555      |   29|   0|   29|          0|
    |mult_1990_reg_871560      |   23|   0|   23|          0|
    |mult_1998_reg_871565      |   23|   0|   23|          0|
    |mult_2002_reg_871570      |   25|   0|   25|          0|
    |mult_2007_reg_871575      |   23|   0|   23|          0|
    |mult_2010_reg_871580      |   23|   0|   23|          0|
    |mult_2017_reg_871585      |   26|   0|   26|          0|
    |mult_2082_reg_866112      |   26|   0|   26|          0|
    |mult_2119_reg_871830      |   26|   0|   26|          0|
    |mult_2143_reg_871835      |   26|   0|   26|          0|
    |mult_2148_reg_871840      |   23|   0|   23|          0|
    |mult_2156_reg_871845      |   27|   0|   27|          0|
    |mult_2192_reg_872257      |   24|   0|   24|          0|
    |mult_2247_reg_872267      |   28|   0|   28|          0|
    |mult_2253_reg_872272      |   24|   0|   24|          0|
    |mult_2257_reg_872277      |   26|   0|   26|          0|
    |mult_2265_reg_872282      |   26|   0|   26|          0|
    |mult_2266_reg_872287      |   25|   0|   25|          0|
    |mult_2272_reg_872292      |   27|   0|   27|          0|
    |mult_2273_reg_872297      |   27|   0|   27|          0|
    |mult_2278_reg_872302      |   28|   0|   28|          0|
    |mult_2280_reg_872307      |   23|   0|   23|          0|
    |mult_2281_reg_872312      |   27|   0|   27|          0|
    |mult_2282_reg_872317      |   25|   0|   25|          0|
    |mult_2304_reg_872367      |   28|   0|   28|          0|
    |mult_2306_reg_872372      |   27|   0|   27|          0|
    |mult_2311_reg_872377      |   25|   0|   25|          0|
    |mult_2314_reg_872382      |   22|   0|   22|          0|
    |mult_2396_reg_872398      |   25|   0|   25|          0|
    |mult_2404_reg_872403      |   27|   0|   27|          0|
    |mult_2427_reg_872710      |   28|   0|   28|          0|
    |mult_2431_reg_872715      |   26|   0|   26|          0|
    |mult_2448_reg_872720      |   25|   0|   25|          0|
    |mult_2454_reg_866207      |   28|   0|   28|          0|
    |mult_2460_reg_872725      |   26|   0|   26|          0|
    |mult_2461_reg_872730      |   29|   0|   29|          0|
    |mult_2462_reg_872735      |   28|   0|   28|          0|
    |mult_2465_reg_872740      |   26|   0|   26|          0|
    |mult_2473_reg_872745      |   26|   0|   26|          0|
    |mult_2588_reg_873065      |   25|   0|   25|          0|
    |mult_2591_reg_873070      |   26|   0|   26|          0|
    |mult_2592_reg_873075      |   27|   0|   27|          0|
    |mult_2593_reg_873080      |   25|   0|   25|          0|
    |mult_2596_reg_873085      |   26|   0|   26|          0|
    |mult_2600_reg_873090      |   27|   0|   27|          0|
    |mult_2601_reg_866252      |   23|   0|   23|          0|
    |mult_2610_reg_873095      |   25|   0|   25|          0|
    |mult_2613_reg_873100      |   23|   0|   23|          0|
    |mult_262_reg_867131       |   27|   0|   27|          0|
    |mult_266_reg_867136       |   25|   0|   25|          0|
    |mult_2739_reg_873473      |   19|   0|   19|          0|
    |mult_2740_reg_873478      |   27|   0|   27|          0|
    |mult_2770_reg_873499      |   27|   0|   27|          0|
    |mult_277_reg_867141       |   25|   0|   25|          0|
    |mult_2793_reg_873504      |   26|   0|   26|          0|
    |mult_2841_reg_873964      |   24|   0|   24|          0|
    |mult_2851_reg_873969      |   28|   0|   28|          0|
    |mult_2860_reg_873974      |   26|   0|   26|          0|
    |mult_2861_reg_873979      |   25|   0|   25|          0|
    |mult_2864_reg_873984      |   27|   0|   27|          0|
    |mult_2897_reg_873989      |   25|   0|   25|          0|
    |mult_2900_reg_873994      |   26|   0|   26|          0|
    |mult_2903_reg_873999      |   26|   0|   26|          0|
    |mult_2904_reg_874004      |   26|   0|   26|          0|
    |mult_2905_reg_866345      |   28|   0|   28|          0|
    |mult_2907_reg_874009      |   27|   0|   27|          0|
    |mult_2920_reg_874014      |   26|   0|   26|          0|
    |mult_2924_reg_874019      |   27|   0|   27|          0|
    |mult_2926_reg_874024      |   26|   0|   26|          0|
    |mult_3059_reg_874232      |   28|   0|   28|          0|
    |mult_310_reg_867146       |   25|   0|   25|          0|
    |mult_3141_reg_874709      |   27|   0|   27|          0|
    |mult_3155_reg_874714      |   27|   0|   27|          0|
    |mult_3161_reg_874719      |   25|   0|   25|          0|
    |mult_3169_reg_874724      |   28|   0|   28|          0|
    |mult_3170_reg_874729      |   25|   0|   25|          0|
    |mult_3172_reg_874734      |   27|   0|   27|          0|
    |mult_3174_reg_874739      |   26|   0|   26|          0|
    |mult_3207_reg_874744      |   25|   0|   25|          0|
    |mult_3235_reg_874749      |   26|   0|   26|          0|
    |mult_3238_reg_874754      |   26|   0|   26|          0|
    |mult_3240_reg_874759      |   27|   0|   27|          0|
    |mult_3242_reg_874764      |   24|   0|   24|          0|
    |mult_3360_reg_874965      |   26|   0|   26|          0|
    |mult_3365_reg_874970      |   26|   0|   26|          0|
    |mult_3368_reg_874975      |   24|   0|   24|          0|
    |mult_3375_reg_874980      |   26|   0|   26|          0|
    |mult_3449_reg_875466      |   25|   0|   25|          0|
    |mult_3454_reg_875471      |   26|   0|   26|          0|
    |mult_3475_reg_875476      |   27|   0|   27|          0|
    |mult_3478_reg_875481      |   27|   0|   27|          0|
    |mult_3479_reg_875486      |   29|   0|   29|          0|
    |mult_3482_reg_875491      |   19|   0|   19|          0|
    |mult_3483_reg_875496      |   25|   0|   25|          0|
    |mult_3484_reg_875501      |   26|   0|   26|          0|
    |mult_3486_reg_875506      |   27|   0|   27|          0|
    |mult_3490_reg_875511      |   26|   0|   26|          0|
    |mult_3491_reg_875516      |   27|   0|   27|          0|
    |mult_3499_reg_875521      |   26|   0|   26|          0|
    |mult_3511_reg_875531      |   27|   0|   27|          0|
    |mult_3513_reg_875536      |   26|   0|   26|          0|
    |mult_3528_reg_875541      |   29|   0|   29|          0|
    |mult_3533_reg_875546      |   25|   0|   25|          0|
    |mult_3538_reg_866497      |   28|   0|   28|          0|
    |mult_3541_reg_875551      |   27|   0|   27|          0|
    |mult_3546_reg_875556      |   23|   0|   23|          0|
    |mult_3550_reg_875561      |   27|   0|   27|          0|
    |mult_3620_reg_866511      |   27|   0|   27|          0|
    |mult_3648_reg_875696      |   26|   0|   26|          0|
    |mult_3668_reg_875701      |   27|   0|   27|          0|
    |mult_3675_reg_875706      |   25|   0|   25|          0|
    |mult_3686_reg_875711      |   26|   0|   26|          0|
    |mult_3689_reg_866525      |   28|   0|   28|          0|
    |mult_368_reg_865658       |   28|   0|   28|          0|
    |mult_3749_reg_866539      |   22|   0|   22|          0|
    |mult_3758_reg_876185      |   29|   0|   29|          0|
    |mult_3813_reg_876190      |   25|   0|   25|          0|
    |mult_3818_reg_876195      |   27|   0|   27|          0|
    |mult_3824_reg_876200      |   26|   0|   26|          0|
    |mult_383_reg_867476       |   28|   0|   28|          0|
    |mult_386_reg_867481       |   27|   0|   27|          0|
    |mult_3900_reg_876554      |   25|   0|   25|          0|
    |mult_394_reg_867486       |   27|   0|   27|          0|
    |mult_3950_reg_866584      |   28|   0|   28|          0|
    |mult_396_reg_867491       |   28|   0|   28|          0|
    |mult_397_reg_867496       |   27|   0|   27|          0|
    |mult_399_reg_867501       |   29|   0|   29|          0|
    |mult_4023_reg_876618      |   23|   0|   23|          0|
    |mult_4025_reg_876623      |   28|   0|   28|          0|
    |mult_404_reg_867506       |   21|   0|   21|          0|
    |mult_410_reg_867511       |   27|   0|   27|          0|
    |mult_412_reg_867516       |   26|   0|   26|          0|
    |mult_4131_reg_877003      |   26|   0|   26|          0|
    |mult_4138_reg_877008      |   26|   0|   26|          0|
    |mult_4146_reg_877013      |   25|   0|   25|          0|
    |mult_4147_reg_877018      |   26|   0|   26|          0|
    |mult_414_reg_867521       |   26|   0|   26|          0|
    |mult_416_reg_867526       |   26|   0|   26|          0|
    |mult_4250_reg_866669      |   27|   0|   27|          0|
    |mult_429_reg_867531       |   27|   0|   27|          0|
    |mult_4311_reg_866684      |   27|   0|   27|          0|
    |mult_432_reg_867536       |   28|   0|   28|          0|
    |mult_4372_reg_877746      |   26|   0|   26|          0|
    |mult_4376_reg_877751      |   27|   0|   27|          0|
    |mult_4378_reg_877756      |   29|   0|   29|          0|
    |mult_4380_reg_877761      |   25|   0|   25|          0|
    |mult_4399_reg_877766      |   25|   0|   25|          0|
    |mult_4400_reg_877771      |   28|   0|   28|          0|
    |mult_4437_reg_877776      |   26|   0|   26|          0|
    |mult_4441_reg_877781      |   27|   0|   27|          0|
    |mult_4448_reg_877786      |   26|   0|   26|          0|
    |mult_4449_reg_877791      |   24|   0|   24|          0|
    |mult_444_reg_867541       |   24|   0|   24|          0|
    |mult_4450_reg_877796      |   25|   0|   25|          0|
    |mult_4455_reg_877801      |   26|   0|   26|          0|
    |mult_4462_reg_877806      |   23|   0|   23|          0|
    |mult_4464_reg_877811      |   28|   0|   28|          0|
    |mult_446_reg_867602       |   26|   0|   26|          0|
    |mult_453_reg_867607       |   24|   0|   24|          0|
    |mult_4592_reg_878045      |   25|   0|   25|          0|
    |mult_4593_reg_878050      |   26|   0|   26|          0|
    |mult_4619_reg_878065      |   26|   0|   26|          0|
    |mult_4685_reg_866802      |   25|   0|   25|          0|
    |mult_4758_reg_866818      |   26|   0|   26|          0|
    |mult_543_reg_865709       |   22|   0|   22|          0|
    |mult_582_reg_867957       |   25|   0|   25|          0|
    |mult_583_reg_867962       |   26|   0|   26|          0|
    |mult_609_reg_867967       |   26|   0|   26|          0|
    |mult_615_reg_867972       |   26|   0|   26|          0|
    |mult_617_reg_867977       |   26|   0|   26|          0|
    |mult_702_reg_868302       |   27|   0|   27|          0|
    |mult_709_reg_868307       |   20|   0|   20|          0|
    |mult_711_reg_868312       |   26|   0|   26|          0|
    |mult_717_reg_868317       |   26|   0|   26|          0|
    |mult_738_reg_868322       |   24|   0|   24|          0|
    |mult_744_reg_868327       |   25|   0|   25|          0|
    |mult_750_reg_868332       |   28|   0|   28|          0|
    |mult_759_reg_868337       |   27|   0|   27|          0|
    |mult_764_reg_868342       |   25|   0|   25|          0|
    |mult_773_reg_868404       |   25|   0|   25|          0|
    |mult_85_reg_865548        |   22|   0|   22|          0|
    |mult_907_reg_868770       |   27|   0|   27|          0|
    |mult_911_reg_868775       |   28|   0|   28|          0|
    |mult_919_reg_868780       |   27|   0|   27|          0|
    |reg_791296                |   29|   0|   29|          0|
    |reg_791300                |   29|   0|   29|          0|
    |reg_791304                |   29|   0|   29|          0|
    |reg_791308                |   28|   0|   28|          0|
    |reg_791312                |   28|   0|   28|          0|
    |reg_791316                |   27|   0|   27|          0|
    |reg_791320                |   24|   0|   24|          0|
    |reg_791324                |   29|   0|   29|          0|
    |reg_791328                |   29|   0|   29|          0|
    |reg_791332                |   28|   0|   28|          0|
    |reg_791336                |   28|   0|   28|          0|
    |reg_791340                |   29|   0|   29|          0|
    |reg_791344                |   29|   0|   29|          0|
    |reg_791348                |   28|   0|   28|          0|
    |reg_791352                |   25|   0|   25|          0|
    |reg_791356                |   28|   0|   28|          0|
    |reg_791360                |   26|   0|   26|          0|
    |reg_791364                |   29|   0|   29|          0|
    |reg_791368                |   28|   0|   28|          0|
    |reg_791372                |   28|   0|   28|          0|
    |reg_791376                |   29|   0|   29|          0|
    |reg_791380                |   29|   0|   29|          0|
    |reg_791384                |   29|   0|   29|          0|
    |reg_791388                |   29|   0|   29|          0|
    |reg_791392                |   28|   0|   28|          0|
    |reg_791396                |   25|   0|   25|          0|
    |reg_791400                |   29|   0|   29|          0|
    |reg_791404                |   28|   0|   28|          0|
    |reg_791408                |   29|   0|   29|          0|
    |reg_791412                |   28|   0|   28|          0|
    |reg_791416                |   27|   0|   27|          0|
    |reg_791420                |   27|   0|   27|          0|
    |reg_791424                |   29|   0|   29|          0|
    |reg_791428                |   29|   0|   29|          0|
    |reg_791432                |   27|   0|   27|          0|
    |reg_791436                |   29|   0|   29|          0|
    |reg_791440                |   28|   0|   28|          0|
    |reg_791444                |   28|   0|   28|          0|
    |reg_791448                |   29|   0|   29|          0|
    |reg_791452                |   28|   0|   28|          0|
    |reg_791456                |   28|   0|   28|          0|
    |reg_791460                |   29|   0|   29|          0|
    |reg_791464                |   28|   0|   28|          0|
    |reg_791468                |   29|   0|   29|          0|
    |reg_791472                |   27|   0|   27|          0|
    |reg_791476                |   29|   0|   29|          0|
    |reg_791480                |   28|   0|   28|          0|
    |reg_791484                |   27|   0|   27|          0|
    |reg_791488                |   29|   0|   29|          0|
    |reg_791492                |   27|   0|   27|          0|
    |reg_791496                |   28|   0|   28|          0|
    |reg_791500                |   27|   0|   27|          0|
    |reg_791504                |   28|   0|   28|          0|
    |reg_791508                |   29|   0|   29|          0|
    |reg_791512                |   28|   0|   28|          0|
    |reg_791516                |   26|   0|   26|          0|
    |reg_791520                |   26|   0|   26|          0|
    |reg_791524                |   29|   0|   29|          0|
    |reg_791528                |   28|   0|   28|          0|
    |reg_791532                |   28|   0|   28|          0|
    |reg_791536                |   28|   0|   28|          0|
    |reg_791540                |   29|   0|   29|          0|
    |reg_791544                |   27|   0|   27|          0|
    |reg_791548                |   29|   0|   29|          0|
    |reg_791552                |   29|   0|   29|          0|
    |reg_791556                |   28|   0|   28|          0|
    |reg_791560                |   28|   0|   28|          0|
    |reg_791564                |   27|   0|   27|          0|
    |reg_791568                |   26|   0|   26|          0|
    |reg_791572                |   28|   0|   28|          0|
    |reg_791576                |   28|   0|   28|          0|
    |reg_791580                |   29|   0|   29|          0|
    |reg_791584                |   27|   0|   27|          0|
    |reg_791588                |   26|   0|   26|          0|
    |reg_791592                |   27|   0|   27|          0|
    |reg_791596                |   29|   0|   29|          0|
    |reg_791600                |   28|   0|   28|          0|
    |reg_791604                |   28|   0|   28|          0|
    |reg_791608                |   29|   0|   29|          0|
    |reg_791612                |   28|   0|   28|          0|
    |reg_791616                |   27|   0|   27|          0|
    |reg_791620                |   29|   0|   29|          0|
    |reg_791624                |   29|   0|   29|          0|
    |reg_791628                |   28|   0|   28|          0|
    |reg_791632                |   28|   0|   28|          0|
    |reg_791636                |   27|   0|   27|          0|
    |reg_791640                |   29|   0|   29|          0|
    |reg_791644                |   27|   0|   27|          0|
    |reg_791648                |   28|   0|   28|          0|
    |reg_791652                |   28|   0|   28|          0|
    |reg_791656                |   29|   0|   29|          0|
    |reg_791660                |   27|   0|   27|          0|
    |reg_791664                |   28|   0|   28|          0|
    |reg_791668                |   26|   0|   26|          0|
    |reg_791672                |   27|   0|   27|          0|
    |reg_791676                |   25|   0|   25|          0|
    |reg_791680                |   29|   0|   29|          0|
    |reg_791684                |   28|   0|   28|          0|
    |reg_791688                |   27|   0|   27|          0|
    |reg_791692                |   28|   0|   28|          0|
    |reg_791696                |   26|   0|   26|          0|
    |reg_791700                |   28|   0|   28|          0|
    |reg_791704                |   28|   0|   28|          0|
    |reg_791708                |   28|   0|   28|          0|
    |reg_791712                |   28|   0|   28|          0|
    |reg_791716                |   29|   0|   29|          0|
    |reg_791720                |   28|   0|   28|          0|
    |reg_791724                |   28|   0|   28|          0|
    |reg_791728                |   29|   0|   29|          0|
    |reg_791732                |   28|   0|   28|          0|
    |reg_791736                |   28|   0|   28|          0|
    |reg_791740                |   29|   0|   29|          0|
    |reg_791744                |   29|   0|   29|          0|
    |reg_791748                |   27|   0|   27|          0|
    |reg_791752                |   29|   0|   29|          0|
    |reg_791756                |   29|   0|   29|          0|
    |reg_791760                |   27|   0|   27|          0|
    |reg_791764                |   28|   0|   28|          0|
    |reg_791768                |   27|   0|   27|          0|
    |reg_791772                |   29|   0|   29|          0|
    |reg_791776                |   28|   0|   28|          0|
    |reg_791780                |   28|   0|   28|          0|
    |reg_791784                |   29|   0|   29|          0|
    |reg_791788                |   27|   0|   27|          0|
    |reg_791792                |   22|   0|   22|          0|
    |reg_791796                |   29|   0|   29|          0|
    |reg_791800                |   28|   0|   28|          0|
    |reg_791804                |   29|   0|   29|          0|
    |reg_791808                |   29|   0|   29|          0|
    |reg_791812                |   29|   0|   29|          0|
    |reg_791816                |   29|   0|   29|          0|
    |reg_791820                |   29|   0|   29|          0|
    |reg_791824                |   28|   0|   28|          0|
    |reg_791828                |   28|   0|   28|          0|
    |reg_791832                |   29|   0|   29|          0|
    |reg_791836                |   29|   0|   29|          0|
    |reg_791840                |   28|   0|   28|          0|
    |reg_791844                |   29|   0|   29|          0|
    |reg_791848                |   29|   0|   29|          0|
    |reg_791852                |   28|   0|   28|          0|
    |reg_791856                |   29|   0|   29|          0|
    |reg_791860                |   29|   0|   29|          0|
    |reg_791864                |   28|   0|   28|          0|
    |reg_791868                |   29|   0|   29|          0|
    |reg_791872                |   25|   0|   25|          0|
    |reg_791876                |   29|   0|   29|          0|
    |reg_791880                |   28|   0|   28|          0|
    |reg_791884                |   28|   0|   28|          0|
    |reg_791888                |   29|   0|   29|          0|
    |reg_791892                |   28|   0|   28|          0|
    |reg_791896                |   29|   0|   29|          0|
    |reg_791900                |   29|   0|   29|          0|
    |reg_791904                |   22|   0|   22|          0|
    |reg_791908                |   25|   0|   25|          0|
    |reg_791912                |   29|   0|   29|          0|
    |reg_791916                |   29|   0|   29|          0|
    |reg_791920                |   28|   0|   28|          0|
    |reg_791924                |   27|   0|   27|          0|
    |reg_791928                |   29|   0|   29|          0|
    |reg_791932                |   29|   0|   29|          0|
    |reg_791936                |   29|   0|   29|          0|
    |reg_791940                |   29|   0|   29|          0|
    |reg_791944                |   29|   0|   29|          0|
    |reg_791948                |   29|   0|   29|          0|
    |reg_791952                |   26|   0|   26|          0|
    |reg_791956                |   29|   0|   29|          0|
    |reg_791960                |   29|   0|   29|          0|
    |reg_791964                |   28|   0|   28|          0|
    |reg_791968                |   29|   0|   29|          0|
    |reg_791972                |   28|   0|   28|          0|
    |reg_791976                |   29|   0|   29|          0|
    |reg_791980                |   29|   0|   29|          0|
    |reg_791984                |   29|   0|   29|          0|
    |reg_791988                |   29|   0|   29|          0|
    |reg_791992                |   29|   0|   29|          0|
    |reg_791996                |   29|   0|   29|          0|
    |reg_792000                |   27|   0|   27|          0|
    |reg_792004                |   29|   0|   29|          0|
    |reg_792008                |   27|   0|   27|          0|
    |reg_792012                |   27|   0|   27|          0|
    |reg_792016                |   27|   0|   27|          0|
    |reg_792020                |   27|   0|   27|          0|
    |reg_792024                |   27|   0|   27|          0|
    |reg_792028                |   28|   0|   28|          0|
    |reg_792032                |   26|   0|   26|          0|
    |reg_792036                |   29|   0|   29|          0|
    |reg_792040                |   25|   0|   25|          0|
    |reg_792044                |   28|   0|   28|          0|
    |reg_792048                |   27|   0|   27|          0|
    |reg_792052                |   29|   0|   29|          0|
    |reg_792056                |   29|   0|   29|          0|
    |reg_792060                |   27|   0|   27|          0|
    |reg_792064                |   29|   0|   29|          0|
    |reg_792068                |   29|   0|   29|          0|
    |reg_792072                |   25|   0|   25|          0|
    |reg_792076                |   27|   0|   27|          0|
    |reg_792080                |   28|   0|   28|          0|
    |reg_792084                |   28|   0|   28|          0|
    |reg_792088                |   29|   0|   29|          0|
    |reg_792092                |   27|   0|   27|          0|
    |reg_792096                |   28|   0|   28|          0|
    |reg_792100                |   28|   0|   28|          0|
    |reg_792104                |   27|   0|   27|          0|
    |reg_792108                |   29|   0|   29|          0|
    |reg_792112                |   28|   0|   28|          0|
    |reg_792116                |   28|   0|   28|          0|
    |reg_792120                |   28|   0|   28|          0|
    |reg_792124                |   27|   0|   27|          0|
    |reg_792128                |   29|   0|   29|          0|
    |reg_792132                |   29|   0|   29|          0|
    |reg_792136                |   29|   0|   29|          0|
    |reg_792140                |   29|   0|   29|          0|
    |reg_792144                |   28|   0|   28|          0|
    |reg_792148                |   29|   0|   29|          0|
    |reg_792152                |   28|   0|   28|          0|
    |reg_792156                |   29|   0|   29|          0|
    |reg_792160                |   28|   0|   28|          0|
    |reg_792164                |   27|   0|   27|          0|
    |reg_792168                |   28|   0|   28|          0|
    |reg_792172                |   29|   0|   29|          0|
    |reg_792176                |   28|   0|   28|          0|
    |reg_792180                |   29|   0|   29|          0|
    |reg_792184                |   28|   0|   28|          0|
    |reg_792188                |   28|   0|   28|          0|
    |reg_792192                |   28|   0|   28|          0|
    |reg_792196                |   28|   0|   28|          0|
    |reg_792200                |   29|   0|   29|          0|
    |reg_792204                |   26|   0|   26|          0|
    |reg_792208                |   29|   0|   29|          0|
    |reg_792212                |   29|   0|   29|          0|
    |reg_792216                |   29|   0|   29|          0|
    |reg_792220                |   28|   0|   28|          0|
    |reg_792224                |   28|   0|   28|          0|
    |reg_792228                |   28|   0|   28|          0|
    |reg_792232                |   29|   0|   29|          0|
    |reg_792236                |   27|   0|   27|          0|
    |reg_792240                |   29|   0|   29|          0|
    |reg_792244                |   28|   0|   28|          0|
    |reg_792248                |   27|   0|   27|          0|
    |reg_792252                |   29|   0|   29|          0|
    |reg_792256                |   26|   0|   26|          0|
    |reg_792260                |   29|   0|   29|          0|
    |reg_792264                |   26|   0|   26|          0|
    |reg_792268                |   28|   0|   28|          0|
    |reg_792272                |   28|   0|   28|          0|
    |reg_792276                |   29|   0|   29|          0|
    |reg_792280                |   28|   0|   28|          0|
    |reg_792284                |   29|   0|   29|          0|
    |reg_792288                |   27|   0|   27|          0|
    |reg_792292                |   26|   0|   26|          0|
    |reg_792296                |   27|   0|   27|          0|
    |reg_792300                |   29|   0|   29|          0|
    |reg_792304                |   27|   0|   27|          0|
    |reg_792308                |   28|   0|   28|          0|
    |reg_792312                |   27|   0|   27|          0|
    |reg_792316                |   29|   0|   29|          0|
    |reg_792320                |   29|   0|   29|          0|
    |reg_792324                |   29|   0|   29|          0|
    |reg_792328                |   29|   0|   29|          0|
    |reg_792332                |   27|   0|   27|          0|
    |reg_792336                |   29|   0|   29|          0|
    |reg_792340                |   27|   0|   27|          0|
    |reg_792344                |   27|   0|   27|          0|
    |reg_792348                |   28|   0|   28|          0|
    |reg_792352                |   28|   0|   28|          0|
    |reg_792356                |   28|   0|   28|          0|
    |reg_792360                |   29|   0|   29|          0|
    |reg_792364                |   29|   0|   29|          0|
    |reg_792368                |   28|   0|   28|          0|
    |reg_792372                |   26|   0|   26|          0|
    |reg_792376                |   28|   0|   28|          0|
    |reg_792380                |   27|   0|   27|          0|
    |reg_792384                |   26|   0|   26|          0|
    |reg_792388                |   29|   0|   29|          0|
    |reg_792392                |   29|   0|   29|          0|
    |reg_792396                |   28|   0|   28|          0|
    |reg_792400                |   28|   0|   28|          0|
    |reg_792404                |   28|   0|   28|          0|
    |reg_792408                |   28|   0|   28|          0|
    |reg_792412                |   28|   0|   28|          0|
    |reg_792416                |   28|   0|   28|          0|
    |reg_792420                |   27|   0|   27|          0|
    |reg_792424                |   27|   0|   27|          0|
    |reg_792428                |   27|   0|   27|          0|
    |reg_792432                |   22|   0|   22|          0|
    |reg_792436                |   28|   0|   28|          0|
    |reg_792440                |   27|   0|   27|          0|
    |reg_792444                |   27|   0|   27|          0|
    |reg_792448                |   29|   0|   29|          0|
    |reg_792452                |   28|   0|   28|          0|
    |reg_792456                |   29|   0|   29|          0|
    |reg_792460                |   28|   0|   28|          0|
    |reg_792464                |   29|   0|   29|          0|
    |reg_792468                |   28|   0|   28|          0|
    |reg_792472                |   27|   0|   27|          0|
    |reg_792476                |   28|   0|   28|          0|
    |reg_792480                |   27|   0|   27|          0|
    |reg_792484                |   29|   0|   29|          0|
    |reg_792488                |   26|   0|   26|          0|
    |reg_792492                |   27|   0|   27|          0|
    |reg_792496                |   29|   0|   29|          0|
    |reg_792500                |   26|   0|   26|          0|
    |reg_792504                |   28|   0|   28|          0|
    |reg_792508                |   28|   0|   28|          0|
    |reg_792512                |   27|   0|   27|          0|
    |reg_792516                |   26|   0|   26|          0|
    |reg_792520                |   28|   0|   28|          0|
    |reg_792524                |   27|   0|   27|          0|
    |reg_792528                |   28|   0|   28|          0|
    |reg_792532                |   27|   0|   27|          0|
    |reg_792536                |   29|   0|   29|          0|
    |reg_792540                |   27|   0|   27|          0|
    |reg_792544                |   29|   0|   29|          0|
    |reg_792548                |   29|   0|   29|          0|
    |reg_792552                |   27|   0|   27|          0|
    |reg_792556                |   27|   0|   27|          0|
    |reg_792560                |   25|   0|   25|          0|
    |reg_792564                |   27|   0|   27|          0|
    |reg_792568                |   27|   0|   27|          0|
    |reg_792572                |   26|   0|   26|          0|
    |reg_792576                |   29|   0|   29|          0|
    |reg_792580                |   29|   0|   29|          0|
    |reg_792584                |   29|   0|   29|          0|
    |reg_792588                |   29|   0|   29|          0|
    |reg_792592                |   26|   0|   26|          0|
    |reg_792596                |   29|   0|   29|          0|
    |reg_792600                |   26|   0|   26|          0|
    |reg_792604                |   27|   0|   27|          0|
    |reg_792608                |   27|   0|   27|          0|
    |reg_792612                |   28|   0|   28|          0|
    |reg_792616                |   29|   0|   29|          0|
    |reg_792620                |   27|   0|   27|          0|
    |reg_792624                |   27|   0|   27|          0|
    |reg_792628                |   29|   0|   29|          0|
    |reg_792632                |   28|   0|   28|          0|
    |reg_792636                |   28|   0|   28|          0|
    |reg_792640                |   27|   0|   27|          0|
    |reg_792644                |   28|   0|   28|          0|
    |reg_792648                |   29|   0|   29|          0|
    |reg_792652                |   25|   0|   25|          0|
    |reg_792656                |   26|   0|   26|          0|
    |reg_792660                |   29|   0|   29|          0|
    |reg_792664                |   28|   0|   28|          0|
    |reg_792668                |   29|   0|   29|          0|
    |reg_792672                |   28|   0|   28|          0|
    |reg_792676                |   28|   0|   28|          0|
    |reg_792680                |   28|   0|   28|          0|
    |reg_792684                |   29|   0|   29|          0|
    |reg_792688                |   28|   0|   28|          0|
    |reg_792692                |   28|   0|   28|          0|
    |reg_792696                |   27|   0|   27|          0|
    |reg_792700                |   29|   0|   29|          0|
    |reg_792704                |   29|   0|   29|          0|
    |reg_792708                |   27|   0|   27|          0|
    |reg_792712                |   29|   0|   29|          0|
    |reg_792716                |   26|   0|   26|          0|
    |reg_792720                |   27|   0|   27|          0|
    |reg_792724                |   28|   0|   28|          0|
    |reg_792728                |   28|   0|   28|          0|
    |reg_792732                |   28|   0|   28|          0|
    |reg_792736                |   29|   0|   29|          0|
    |reg_792740                |   27|   0|   27|          0|
    |reg_792744                |   26|   0|   26|          0|
    |reg_792748                |   26|   0|   26|          0|
    |reg_792752                |   27|   0|   27|          0|
    |reg_792756                |   29|   0|   29|          0|
    |reg_792760                |   29|   0|   29|          0|
    |reg_792764                |   29|   0|   29|          0|
    |sext_ln70_111_reg_869145  |   45|   0|   45|          0|
    |sext_ln70_120_reg_869502  |   42|   0|   42|          0|
    |sext_ln70_121_reg_869509  |   43|   0|   43|          0|
    |sext_ln70_122_reg_869518  |   44|   0|   44|          0|
    |sext_ln70_123_reg_869533  |   45|   0|   45|          0|
    |sext_ln70_133_reg_869882  |   42|   0|   42|          0|
    |sext_ln70_134_reg_869889  |   45|   0|   45|          0|
    |sext_ln70_136_reg_869897  |   44|   0|   44|          0|
    |sext_ln70_13_reg_865553   |   45|   0|   45|          0|
    |sext_ln70_14_reg_865574   |   44|   0|   44|          0|
    |sext_ln70_150_reg_870259  |   40|   0|   40|          0|
    |sext_ln70_151_reg_870264  |   43|   0|   43|          0|
    |sext_ln70_153_reg_870279  |   44|   0|   44|          0|
    |sext_ln70_155_reg_870292  |   42|   0|   42|          0|
    |sext_ln70_156_reg_870302  |   45|   0|   45|          0|
    |sext_ln70_15_reg_865588   |   43|   0|   43|          0|
    |sext_ln70_166_reg_870783  |   43|   0|   43|          0|
    |sext_ln70_167_reg_870788  |   45|   0|   45|          0|
    |sext_ln70_168_reg_870796  |   44|   0|   44|          0|
    |sext_ln70_185_reg_871030  |   43|   0|   43|          0|
    |sext_ln70_186_reg_871041  |   45|   0|   45|          0|
    |sext_ln70_187_reg_871066  |   42|   0|   42|          0|
    |sext_ln70_188_reg_871072  |   44|   0|   44|          0|
    |sext_ln70_197_reg_871517  |   41|   0|   41|          0|
    |sext_ln70_199_reg_871523  |   45|   0|   45|          0|
    |sext_ln70_200_reg_871540  |   43|   0|   43|          0|
    |sext_ln70_201_reg_871547  |   44|   0|   44|          0|
    |sext_ln70_219_reg_871850  |   43|   0|   43|          0|
    |sext_ln70_220_reg_871861  |   45|   0|   45|          0|
    |sext_ln70_221_reg_871893  |   44|   0|   44|          0|
    |sext_ln70_222_reg_872262  |   41|   0|   41|          0|
    |sext_ln70_231_reg_872322  |   41|   0|   41|          0|
    |sext_ln70_232_reg_872327  |   43|   0|   43|          0|
    |sext_ln70_234_reg_872337  |   44|   0|   44|          0|
    |sext_ln70_235_reg_872354  |   45|   0|   45|          0|
    |sext_ln70_238_reg_872387  |   43|   0|   43|          0|
    |sext_ln70_246_reg_872698  |   45|   0|   45|          0|
    |sext_ln70_247_reg_872704  |   44|   0|   44|          0|
    |sext_ln70_262_reg_873105  |   42|   0|   42|          0|
    |sext_ln70_264_reg_873112  |   43|   0|   43|          0|
    |sext_ln70_265_reg_873121  |   44|   0|   44|          0|
    |sext_ln70_266_reg_873135  |   41|   0|   41|          0|
    |sext_ln70_267_reg_873140  |   45|   0|   45|          0|
    |sext_ln70_26_reg_867118   |   45|   0|   45|          0|
    |sext_ln70_276_reg_873483  |   45|   0|   45|          0|
    |sext_ln70_277_reg_873488  |   44|   0|   44|          0|
    |sext_ln70_279_reg_873494  |   43|   0|   43|          0|
    |sext_ln70_27_reg_867125   |   44|   0|   44|          0|
    |sext_ln70_294_reg_874029  |   42|   0|   42|          0|
    |sext_ln70_295_reg_874034  |   41|   0|   41|          0|
    |sext_ln70_296_reg_874039  |   43|   0|   43|          0|
    |sext_ln70_297_reg_874049  |   44|   0|   44|          0|
    |sext_ln70_298_reg_874065  |   45|   0|   45|          0|
    |sext_ln70_306_reg_874237  |   42|   0|   42|          0|
    |sext_ln70_307_reg_874243  |   43|   0|   43|          0|
    |sext_ln70_308_reg_874250  |   45|   0|   45|          0|
    |sext_ln70_311_reg_874258  |   44|   0|   44|          0|
    |sext_ln70_327_reg_874769  |   45|   0|   45|          0|
    |sext_ln70_328_reg_874789  |   44|   0|   44|          0|
    |sext_ln70_329_reg_874813  |   43|   0|   43|          0|
    |sext_ln70_336_reg_874985  |   42|   0|   42|          0|
    |sext_ln70_337_reg_874991  |   43|   0|   43|          0|
    |sext_ln70_338_reg_875003  |   44|   0|   44|          0|
    |sext_ln70_339_reg_875016  |   45|   0|   45|          0|
    |sext_ln70_351_reg_875526  |   45|   0|   45|          0|
    |sext_ln70_363_reg_875716  |   43|   0|   43|          0|
    |sext_ln70_364_reg_875726  |   44|   0|   44|          0|
    |sext_ln70_366_reg_875745  |   45|   0|   45|          0|
    |sext_ln70_375_reg_876205  |   43|   0|   43|          0|
    |sext_ln70_376_reg_876210  |   41|   0|   41|          0|
    |sext_ln70_377_reg_876215  |   44|   0|   44|          0|
    |sext_ln70_378_reg_876222  |   45|   0|   45|          0|
    |sext_ln70_379_reg_876233  |   42|   0|   42|          0|
    |sext_ln70_394_reg_876559  |   43|   0|   43|          0|
    |sext_ln70_396_reg_876572  |   45|   0|   45|          0|
    |sext_ln70_397_reg_876599  |   44|   0|   44|          0|
    |sext_ln70_405_reg_877023  |   42|   0|   42|          0|
    |sext_ln70_406_reg_877028  |   43|   0|   43|          0|
    |sext_ln70_408_reg_877033  |   45|   0|   45|          0|
    |sext_ln70_409_reg_877044  |   44|   0|   44|          0|
    |sext_ln70_425_reg_877280  |   45|   0|   45|          0|
    |sext_ln70_426_reg_877310  |   44|   0|   44|          0|
    |sext_ln70_434_reg_877816  |   41|   0|   41|          0|
    |sext_ln70_435_reg_877821  |   45|   0|   45|          0|
    |sext_ln70_436_reg_877834  |   43|   0|   43|          0|
    |sext_ln70_437_reg_877846  |   44|   0|   44|          0|
    |sext_ln70_438_reg_877860  |   42|   0|   42|          0|
    |sext_ln70_43_reg_867546   |   44|   0|   44|          0|
    |sext_ln70_448_reg_878055  |   43|   0|   43|          0|
    |sext_ln70_44_reg_867571   |   43|   0|   43|          0|
    |sext_ln70_451_reg_878060  |   45|   0|   45|          0|
    |sext_ln70_45_reg_867581   |   45|   0|   45|          0|
    |sext_ln70_46_reg_867596   |   42|   0|   42|          0|
    |sext_ln70_53_reg_867927   |   42|   0|   42|          0|
    |sext_ln70_55_reg_867932   |   44|   0|   44|          0|
    |sext_ln70_56_reg_867940   |   45|   0|   45|          0|
    |sext_ln70_57_reg_867952   |   43|   0|   43|          0|
    |sext_ln70_77_reg_868347   |   42|   0|   42|          0|
    |sext_ln70_78_reg_868355   |   41|   0|   41|          0|
    |sext_ln70_79_reg_868363   |   44|   0|   44|          0|
    |sext_ln70_80_reg_868383   |   45|   0|   45|          0|
    |sext_ln70_87_reg_868724   |   42|   0|   42|          0|
    |sext_ln70_88_reg_868733   |   41|   0|   41|          0|
    |sext_ln70_89_reg_868740   |   43|   0|   43|          0|
    |sext_ln70_90_reg_868746   |   45|   0|   45|          0|
    |sext_ln70_91_reg_868755   |   44|   0|   44|          0|
    |tmp_10_reg_865745         |   32|   0|   32|          0|
    |tmp_11_reg_865763         |   32|   0|   32|          0|
    |tmp_13_reg_865780         |   32|   0|   32|          0|
    |tmp_14_reg_865806         |   32|   0|   32|          0|
    |tmp_15_reg_865823         |   32|   0|   32|          0|
    |tmp_16_reg_865841         |   32|   0|   32|          0|
    |tmp_18_reg_865881         |   32|   0|   32|          0|
    |tmp_19_reg_865909         |   32|   0|   32|          0|
    |tmp_1_reg_865597          |   32|   0|   32|          0|
    |tmp_21_reg_865929         |   32|   0|   32|          0|
    |tmp_22_reg_865949         |   32|   0|   32|          0|
    |tmp_23_reg_865972         |   32|   0|   32|          0|
    |tmp_25_reg_865991         |   32|   0|   32|          0|
    |tmp_26_reg_866008         |   32|   0|   32|          0|
    |tmp_29_reg_866058         |   32|   0|   32|          0|
    |tmp_2_reg_865624          |   32|   0|   32|          0|
    |tmp_30_reg_866076         |   32|   0|   32|          0|
    |tmp_31_reg_866094         |   32|   0|   32|          0|
    |tmp_33_reg_866128         |   32|   0|   32|          0|
    |tmp_34_reg_866159         |   32|   0|   32|          0|
    |tmp_35_reg_866190         |   32|   0|   32|          0|
    |tmp_37_reg_866222         |   32|   0|   32|          0|
    |tmp_38_reg_866243         |   32|   0|   32|          0|
    |tmp_39_reg_866268         |   32|   0|   32|          0|
    |tmp_3_reg_865641          |   32|   0|   32|          0|
    |tmp_40_reg_866288         |   32|   0|   32|          0|
    |tmp_41_reg_866308         |   32|   0|   32|          0|
    |tmp_42_reg_866327         |   32|   0|   32|          0|
    |tmp_44_reg_866361         |   32|   0|   32|          0|
    |tmp_45_reg_866398         |   32|   0|   32|          0|
    |tmp_46_reg_866415         |   32|   0|   32|          0|
    |tmp_47_reg_866434         |   32|   0|   32|          0|
    |tmp_48_reg_866452         |   32|   0|   32|          0|
    |tmp_49_reg_866480         |   32|   0|   32|          0|
    |tmp_54_reg_866555         |   32|   0|   32|          0|
    |tmp_56_reg_866599         |   32|   0|   32|          0|
    |tmp_57_reg_866629         |   32|   0|   32|          0|
    |tmp_58_reg_866650         |   32|   0|   32|          0|
    |tmp_5_reg_865674          |   32|   0|   32|          0|
    |tmp_61_reg_866699         |   32|   0|   32|          0|
    |tmp_62_reg_866720         |   32|   0|   32|          0|
    |tmp_64_reg_866739         |   32|   0|   32|          0|
    |tmp_65_reg_866756         |   32|   0|   32|          0|
    |tmp_66_reg_866776         |   32|   0|   32|          0|
    |tmp_68_reg_866793         |   32|   0|   32|          0|
    |tmp_7_reg_865691          |   32|   0|   32|          0|
    |tmp_9_reg_865725          |   32|   0|   32|          0|
    +--------------------------+-----+----+-----+-----------+
    |Total                     |81987|   0|81987|          0|
    +--------------------------+-----+----+-----+-----------+



================================================================
== Interface
================================================================
* Summary: 
+--------------+-----+------+------------+------------------------------------------------------------------------------+--------------+
|   RTL Ports  | Dir | Bits |  Protocol  |                                 Source Object                                |    C Type    |
+--------------+-----+------+------------+------------------------------------------------------------------------------+--------------+
|ap_clk        |   in|     1|  ap_ctrl_hs|  dense_latency<ap_fixed<32, 16, 5, 3, 0>, ap_fixed<32, 18, 5, 3, 0>, config2>|  return value|
|ap_rst        |   in|     1|  ap_ctrl_hs|  dense_latency<ap_fixed<32, 16, 5, 3, 0>, ap_fixed<32, 18, 5, 3, 0>, config2>|  return value|
|ap_start      |   in|     1|  ap_ctrl_hs|  dense_latency<ap_fixed<32, 16, 5, 3, 0>, ap_fixed<32, 18, 5, 3, 0>, config2>|  return value|
|ap_done       |  out|     1|  ap_ctrl_hs|  dense_latency<ap_fixed<32, 16, 5, 3, 0>, ap_fixed<32, 18, 5, 3, 0>, config2>|  return value|
|ap_idle       |  out|     1|  ap_ctrl_hs|  dense_latency<ap_fixed<32, 16, 5, 3, 0>, ap_fixed<32, 18, 5, 3, 0>, config2>|  return value|
|ap_ready      |  out|     1|  ap_ctrl_hs|  dense_latency<ap_fixed<32, 16, 5, 3, 0>, ap_fixed<32, 18, 5, 3, 0>, config2>|  return value|
|ap_return_0   |  out|    32|  ap_ctrl_hs|  dense_latency<ap_fixed<32, 16, 5, 3, 0>, ap_fixed<32, 18, 5, 3, 0>, config2>|  return value|
|ap_return_1   |  out|    32|  ap_ctrl_hs|  dense_latency<ap_fixed<32, 16, 5, 3, 0>, ap_fixed<32, 18, 5, 3, 0>, config2>|  return value|
|ap_return_2   |  out|    32|  ap_ctrl_hs|  dense_latency<ap_fixed<32, 16, 5, 3, 0>, ap_fixed<32, 18, 5, 3, 0>, config2>|  return value|
|ap_return_3   |  out|    32|  ap_ctrl_hs|  dense_latency<ap_fixed<32, 16, 5, 3, 0>, ap_fixed<32, 18, 5, 3, 0>, config2>|  return value|
|ap_return_4   |  out|    32|  ap_ctrl_hs|  dense_latency<ap_fixed<32, 16, 5, 3, 0>, ap_fixed<32, 18, 5, 3, 0>, config2>|  return value|
|ap_return_5   |  out|    32|  ap_ctrl_hs|  dense_latency<ap_fixed<32, 16, 5, 3, 0>, ap_fixed<32, 18, 5, 3, 0>, config2>|  return value|
|ap_return_6   |  out|    32|  ap_ctrl_hs|  dense_latency<ap_fixed<32, 16, 5, 3, 0>, ap_fixed<32, 18, 5, 3, 0>, config2>|  return value|
|ap_return_7   |  out|    32|  ap_ctrl_hs|  dense_latency<ap_fixed<32, 16, 5, 3, 0>, ap_fixed<32, 18, 5, 3, 0>, config2>|  return value|
|ap_return_8   |  out|    32|  ap_ctrl_hs|  dense_latency<ap_fixed<32, 16, 5, 3, 0>, ap_fixed<32, 18, 5, 3, 0>, config2>|  return value|
|ap_return_9   |  out|    32|  ap_ctrl_hs|  dense_latency<ap_fixed<32, 16, 5, 3, 0>, ap_fixed<32, 18, 5, 3, 0>, config2>|  return value|
|ap_return_10  |  out|    32|  ap_ctrl_hs|  dense_latency<ap_fixed<32, 16, 5, 3, 0>, ap_fixed<32, 18, 5, 3, 0>, config2>|  return value|
|ap_return_11  |  out|    32|  ap_ctrl_hs|  dense_latency<ap_fixed<32, 16, 5, 3, 0>, ap_fixed<32, 18, 5, 3, 0>, config2>|  return value|
|ap_return_12  |  out|    32|  ap_ctrl_hs|  dense_latency<ap_fixed<32, 16, 5, 3, 0>, ap_fixed<32, 18, 5, 3, 0>, config2>|  return value|
|ap_return_13  |  out|    32|  ap_ctrl_hs|  dense_latency<ap_fixed<32, 16, 5, 3, 0>, ap_fixed<32, 18, 5, 3, 0>, config2>|  return value|
|ap_return_14  |  out|    32|  ap_ctrl_hs|  dense_latency<ap_fixed<32, 16, 5, 3, 0>, ap_fixed<32, 18, 5, 3, 0>, config2>|  return value|
|ap_return_15  |  out|    32|  ap_ctrl_hs|  dense_latency<ap_fixed<32, 16, 5, 3, 0>, ap_fixed<32, 18, 5, 3, 0>, config2>|  return value|
|ap_return_16  |  out|    32|  ap_ctrl_hs|  dense_latency<ap_fixed<32, 16, 5, 3, 0>, ap_fixed<32, 18, 5, 3, 0>, config2>|  return value|
|ap_return_17  |  out|    32|  ap_ctrl_hs|  dense_latency<ap_fixed<32, 16, 5, 3, 0>, ap_fixed<32, 18, 5, 3, 0>, config2>|  return value|
|ap_return_18  |  out|    32|  ap_ctrl_hs|  dense_latency<ap_fixed<32, 16, 5, 3, 0>, ap_fixed<32, 18, 5, 3, 0>, config2>|  return value|
|ap_return_19  |  out|    32|  ap_ctrl_hs|  dense_latency<ap_fixed<32, 16, 5, 3, 0>, ap_fixed<32, 18, 5, 3, 0>, config2>|  return value|
|ap_return_20  |  out|    32|  ap_ctrl_hs|  dense_latency<ap_fixed<32, 16, 5, 3, 0>, ap_fixed<32, 18, 5, 3, 0>, config2>|  return value|
|ap_return_21  |  out|    32|  ap_ctrl_hs|  dense_latency<ap_fixed<32, 16, 5, 3, 0>, ap_fixed<32, 18, 5, 3, 0>, config2>|  return value|
|ap_return_22  |  out|    32|  ap_ctrl_hs|  dense_latency<ap_fixed<32, 16, 5, 3, 0>, ap_fixed<32, 18, 5, 3, 0>, config2>|  return value|
|ap_return_23  |  out|    32|  ap_ctrl_hs|  dense_latency<ap_fixed<32, 16, 5, 3, 0>, ap_fixed<32, 18, 5, 3, 0>, config2>|  return value|
|ap_return_24  |  out|    32|  ap_ctrl_hs|  dense_latency<ap_fixed<32, 16, 5, 3, 0>, ap_fixed<32, 18, 5, 3, 0>, config2>|  return value|
|ap_return_25  |  out|    32|  ap_ctrl_hs|  dense_latency<ap_fixed<32, 16, 5, 3, 0>, ap_fixed<32, 18, 5, 3, 0>, config2>|  return value|
|ap_return_26  |  out|    32|  ap_ctrl_hs|  dense_latency<ap_fixed<32, 16, 5, 3, 0>, ap_fixed<32, 18, 5, 3, 0>, config2>|  return value|
|ap_return_27  |  out|    32|  ap_ctrl_hs|  dense_latency<ap_fixed<32, 16, 5, 3, 0>, ap_fixed<32, 18, 5, 3, 0>, config2>|  return value|
|ap_return_28  |  out|    32|  ap_ctrl_hs|  dense_latency<ap_fixed<32, 16, 5, 3, 0>, ap_fixed<32, 18, 5, 3, 0>, config2>|  return value|
|ap_return_29  |  out|    32|  ap_ctrl_hs|  dense_latency<ap_fixed<32, 16, 5, 3, 0>, ap_fixed<32, 18, 5, 3, 0>, config2>|  return value|
|ap_return_30  |  out|    32|  ap_ctrl_hs|  dense_latency<ap_fixed<32, 16, 5, 3, 0>, ap_fixed<32, 18, 5, 3, 0>, config2>|  return value|
|ap_return_31  |  out|    32|  ap_ctrl_hs|  dense_latency<ap_fixed<32, 16, 5, 3, 0>, ap_fixed<32, 18, 5, 3, 0>, config2>|  return value|
|ap_return_32  |  out|    32|  ap_ctrl_hs|  dense_latency<ap_fixed<32, 16, 5, 3, 0>, ap_fixed<32, 18, 5, 3, 0>, config2>|  return value|
|ap_return_33  |  out|    32|  ap_ctrl_hs|  dense_latency<ap_fixed<32, 16, 5, 3, 0>, ap_fixed<32, 18, 5, 3, 0>, config2>|  return value|
|ap_return_34  |  out|    32|  ap_ctrl_hs|  dense_latency<ap_fixed<32, 16, 5, 3, 0>, ap_fixed<32, 18, 5, 3, 0>, config2>|  return value|
|ap_return_35  |  out|    32|  ap_ctrl_hs|  dense_latency<ap_fixed<32, 16, 5, 3, 0>, ap_fixed<32, 18, 5, 3, 0>, config2>|  return value|
|ap_return_36  |  out|    32|  ap_ctrl_hs|  dense_latency<ap_fixed<32, 16, 5, 3, 0>, ap_fixed<32, 18, 5, 3, 0>, config2>|  return value|
|ap_return_37  |  out|    32|  ap_ctrl_hs|  dense_latency<ap_fixed<32, 16, 5, 3, 0>, ap_fixed<32, 18, 5, 3, 0>, config2>|  return value|
|ap_return_38  |  out|    32|  ap_ctrl_hs|  dense_latency<ap_fixed<32, 16, 5, 3, 0>, ap_fixed<32, 18, 5, 3, 0>, config2>|  return value|
|ap_return_39  |  out|    32|  ap_ctrl_hs|  dense_latency<ap_fixed<32, 16, 5, 3, 0>, ap_fixed<32, 18, 5, 3, 0>, config2>|  return value|
|ap_return_40  |  out|    32|  ap_ctrl_hs|  dense_latency<ap_fixed<32, 16, 5, 3, 0>, ap_fixed<32, 18, 5, 3, 0>, config2>|  return value|
|ap_return_41  |  out|    32|  ap_ctrl_hs|  dense_latency<ap_fixed<32, 16, 5, 3, 0>, ap_fixed<32, 18, 5, 3, 0>, config2>|  return value|
|ap_return_42  |  out|    32|  ap_ctrl_hs|  dense_latency<ap_fixed<32, 16, 5, 3, 0>, ap_fixed<32, 18, 5, 3, 0>, config2>|  return value|
|ap_return_43  |  out|    32|  ap_ctrl_hs|  dense_latency<ap_fixed<32, 16, 5, 3, 0>, ap_fixed<32, 18, 5, 3, 0>, config2>|  return value|
|ap_return_44  |  out|    32|  ap_ctrl_hs|  dense_latency<ap_fixed<32, 16, 5, 3, 0>, ap_fixed<32, 18, 5, 3, 0>, config2>|  return value|
|ap_return_45  |  out|    32|  ap_ctrl_hs|  dense_latency<ap_fixed<32, 16, 5, 3, 0>, ap_fixed<32, 18, 5, 3, 0>, config2>|  return value|
|ap_return_46  |  out|    32|  ap_ctrl_hs|  dense_latency<ap_fixed<32, 16, 5, 3, 0>, ap_fixed<32, 18, 5, 3, 0>, config2>|  return value|
|ap_return_47  |  out|    32|  ap_ctrl_hs|  dense_latency<ap_fixed<32, 16, 5, 3, 0>, ap_fixed<32, 18, 5, 3, 0>, config2>|  return value|
|ap_return_48  |  out|    32|  ap_ctrl_hs|  dense_latency<ap_fixed<32, 16, 5, 3, 0>, ap_fixed<32, 18, 5, 3, 0>, config2>|  return value|
|ap_return_49  |  out|    32|  ap_ctrl_hs|  dense_latency<ap_fixed<32, 16, 5, 3, 0>, ap_fixed<32, 18, 5, 3, 0>, config2>|  return value|
|ap_return_50  |  out|    32|  ap_ctrl_hs|  dense_latency<ap_fixed<32, 16, 5, 3, 0>, ap_fixed<32, 18, 5, 3, 0>, config2>|  return value|
|ap_return_51  |  out|    32|  ap_ctrl_hs|  dense_latency<ap_fixed<32, 16, 5, 3, 0>, ap_fixed<32, 18, 5, 3, 0>, config2>|  return value|
|ap_return_52  |  out|    32|  ap_ctrl_hs|  dense_latency<ap_fixed<32, 16, 5, 3, 0>, ap_fixed<32, 18, 5, 3, 0>, config2>|  return value|
|ap_return_53  |  out|    32|  ap_ctrl_hs|  dense_latency<ap_fixed<32, 16, 5, 3, 0>, ap_fixed<32, 18, 5, 3, 0>, config2>|  return value|
|ap_return_54  |  out|    32|  ap_ctrl_hs|  dense_latency<ap_fixed<32, 16, 5, 3, 0>, ap_fixed<32, 18, 5, 3, 0>, config2>|  return value|
|ap_return_55  |  out|    32|  ap_ctrl_hs|  dense_latency<ap_fixed<32, 16, 5, 3, 0>, ap_fixed<32, 18, 5, 3, 0>, config2>|  return value|
|ap_return_56  |  out|    32|  ap_ctrl_hs|  dense_latency<ap_fixed<32, 16, 5, 3, 0>, ap_fixed<32, 18, 5, 3, 0>, config2>|  return value|
|ap_return_57  |  out|    32|  ap_ctrl_hs|  dense_latency<ap_fixed<32, 16, 5, 3, 0>, ap_fixed<32, 18, 5, 3, 0>, config2>|  return value|
|ap_return_58  |  out|    32|  ap_ctrl_hs|  dense_latency<ap_fixed<32, 16, 5, 3, 0>, ap_fixed<32, 18, 5, 3, 0>, config2>|  return value|
|ap_return_59  |  out|    32|  ap_ctrl_hs|  dense_latency<ap_fixed<32, 16, 5, 3, 0>, ap_fixed<32, 18, 5, 3, 0>, config2>|  return value|
|ap_return_60  |  out|    32|  ap_ctrl_hs|  dense_latency<ap_fixed<32, 16, 5, 3, 0>, ap_fixed<32, 18, 5, 3, 0>, config2>|  return value|
|ap_return_61  |  out|    32|  ap_ctrl_hs|  dense_latency<ap_fixed<32, 16, 5, 3, 0>, ap_fixed<32, 18, 5, 3, 0>, config2>|  return value|
|ap_return_62  |  out|    32|  ap_ctrl_hs|  dense_latency<ap_fixed<32, 16, 5, 3, 0>, ap_fixed<32, 18, 5, 3, 0>, config2>|  return value|
|ap_return_63  |  out|    32|  ap_ctrl_hs|  dense_latency<ap_fixed<32, 16, 5, 3, 0>, ap_fixed<32, 18, 5, 3, 0>, config2>|  return value|
|ap_ce         |   in|     1|  ap_ctrl_hs|  dense_latency<ap_fixed<32, 16, 5, 3, 0>, ap_fixed<32, 18, 5, 3, 0>, config2>|  return value|
|data_val      |   in|  2400|     ap_none|                                                                      data_val|        scalar|
+--------------+-----+------+------------+------------------------------------------------------------------------------+--------------+

