-1.2683770061e-01 -2.1148753166e+00 -2.1653614044e+00 -2.2154767513e+00 -2.1723680496e+00 -2.2680249214e+00 -2.2766473293e+00 -2.2389106750e+00 -2.2710266113e+00 -2.3041675091e+00 -2.3371460438e+00 1.2444337457e-01 5.2763098478e-01 5.0975894928e-01 -4.7040507197e-01 9.6569561958e-01 2.1697029471e-02 -3.4511610866e-01 3.1756252050e-01 3.5654577613e-01 3.9076933265e-01 2.2155344486e-03 -9.1156107187e-01 -1.2007621527e+00 -6.6480386257e-01 -1.0710276365e+00 -1.1416492462e+00 -7.8953015804e-01 -1.1292299032e+00 -9.7506403923e-01 -1.0503176451e+00 2.4591383338e-01 -2.1669540405e+00 -2.2403819561e+00 -2.3078076839e+00 -2.3673751354e+00 -2.3245716095e+00 -2.1727361679e+00 -2.2364623547e+00 -2.3094692230e+00 -2.3919210434e+00 1.8130645156e-01 -3.0177695677e-02 6.1210012436e-01 -1.0524001122e+00 6.4619082212e-01 -9.1836148500e-01 9.2492258549e-01 1.2895047665e+00 5.8009076118e-01 1.4227072001e+00 1.3984824419e+00 1.6164529324e+00 6.0052120686e-01 1.4227072001e+00 -1.1224689484e+00 -2.4357247353e+00 -2.3078076839e+00 -2.0105667114e+00 -5.8987778425e-01 1.5185441971e+00 -2.3651363850e+00 -2.2514317036e+00 -1.4767978191e+00 5.5891793966e-01 -2.1607765555e-01 1.8794214725e+00 1.2444337457e-01 1.3007546961e-01 -6.1503756046e-01 -4.5199364424e-01 1.1278936863e+00 4.0482127666e-01 -1.1347617209e-01 4.1206961870e-01
-1.2683770061e-01 -2.1024832726e+00 -2.1137645245e+00 -2.1659293175e+00 -2.2178089619e+00 -2.1760003567e+00 -2.2766473293e+00 -2.2719910145e+00 -2.2410304546e+00 -2.2700536251e+00 -2.2999999523e+00 -4.1500118375e-01 1.2265352905e-01 5.2738547325e-01 5.2351361513e-01 -4.6804028749e-01 1.0111906528e+00 3.9140679291e-04 -3.4922903776e-01 3.1113016605e-01 3.5549679399e-01 3.8889935613e-01 -1.0640610456e+00 -9.1277772188e-01 -1.1935250759e+00 -6.6405081749e-01 -1.0818158388e+00 -1.1366957426e+00 -7.9310482740e-01 -1.1160237789e+00 -9.8859173059e-01 -1.0324941874e+00 -2.1613450050e+00 -2.2251050472e+00 -2.3059022427e+00 -2.3719775677e+00 -2.3280227184e+00 -2.1696381569e+00 -2.2273962498e+00 -2.3019216061e+00 -2.3900423050e+00 2.0779389143e-01 2.0486984402e-02 5.5350142717e-01 -1.0377705097e+00 3.8981440663e-01 -7.7605879307e-01 5.2016091347e-01 6.1474257708e-01 2.8512498736e-01 8.1180119514e-01 1.2684438229e+00 1.1799943447e+00 5.9078395367e-01 8.1180125475e-01 -1.1338514090e+00 -2.4294884205e+00 -2.3059022427e+00 -2.0131232738e+00 -5.6987231970e-01 1.0047377348e+00 -2.3659796715e+00 -2.2384920120e+00 -1.5004065037e+00 -4.9097377807e-02 -1.9971017540e-01 1.8722596169e+00 -4.1500118375e-01 -4.0456387401e-01 -5.4540610313e-01 -5.5702704191e-01 -1.3934956789e+00 4.2038992047e-01 -9.0605340898e-02 3.8854154944e-01
-1.2683770061e-01 -2.1427588463e+00 -2.1013817787e+00 -2.1143176556e+00 -2.1682369709e+00 -2.2214958668e+00 -2.1844034195e+00 -2.2719910145e+00 -2.2741296291e+00 -2.2400748730e+00 -2.2659490108e+00 6.3544815779e-01 -4.1476511955e-01 1.2019572407e-01 5.4125422239e-01 5.1818376780e-01 -4.6090912819e-01 9.6604859829e-01 -1.7482247495e-04 -3.5202932358e-01 3.0979710817e-01 3.5373461246e-01 -9.5832663774e-01 -1.0658966303e+00 -9.0722131729e-01 -1.1975107193e+00 -6.7122083902e-01 -1.0774327517e+00 -1.1461687088e+00 -7.8527992964e-01 -1.1303751469e+00 -9.7154003382e-01 -2.1341314316e+00 -2.2070038319e+00 -2.2960028648e+00 -2.3750383854e+00 -2.3313410282e+00 -2.1467261314e+00 -2.2084989548e+00 -2.2889714241e+00 -2.3855991364e+00 2.6546353102e-01 7.3586784303e-02 5.7968097925e-01 -9.7715055943e-01 4.9131774902e-01 -9.8387706280e-01 9.4030809402e-01 1.1140319109e+00 6.5422737598e-01 1.1937118769e+00 1.2251604795e+00 1.3069413900e+00 7.8273594379e-01 1.1937118769e+00 -1.1186912060e+00 -2.4043812752e+00 -2.2960028648e+00 -2.0191316605e+00 -4.9949416518e-01 1.4085626602e+00 -2.3594644070e+00 -2.2270550728e+00 -1.4744192362e+00 1.3088376820e-01 -2.1792533994e-01 1.8844591379e+00 6.3544815779e-01 6.3278102875e-01 -5.1011031866e-01 -6.2890058756e-01 2.3981828988e-01 4.9326109886e-01 -4.4213715941e-02 4.4569057226e-01
-1.2683770061e-01 -2.0807962418e+00 -2.1416273117e+00 -2.1019313335e+00 -2.1166000366e+00 -2.1718642712e+00 -2.2300074100e+00 -2.1799864769e+00 -2.2741296291e+00 -2.2731547356e+00 -2.2360255718e+00 3.0300062895e-01 6.3173919916e-01 -4.2015874386e-01 1.3142877817e-01 5.3578704596e-01 5.5170422792e-01 -4.7058904171e-01 9.7539496422e-01 -4.8764445819e-03 -3.5751041770e-01 3.0817461014e-01 -8.3378577232e-01 -9.5973306894e-01 -1.0594465733e+00 -9.0864098072e-01 -1.2094235420e+00 -6.7075186968e-01 -1.0858988762e+00 -1.1326913834e+00 -7.9769837856e-01 -1.1115508080e+00 -2.1108648777e+00 -2.1889026165e+00 -2.2866866589e+00 -2.3755886555e+00 -2.3348433971e+00 -2.1213762760e+00 -2.1874885559e+00 -2.2742960453e+00 -2.3800542355e+00 3.2686227560e-01 1.2944734097e-01 6.0936176777e-01 -8.8550984859e-01 6.4273792505e-01 -1.0929712057e+00 1.1249287128e+00 1.3114614487e+00 8.2246011496e-01 1.2773119211e+00 1.1733001471e+00 1.3138515949e+00 7.5570988655e-01 1.2773120403e+00 -1.1490554810e+00 -2.3765313625e+00 -2.2866866589e+00 -2.0289981365e+00 -4.1414505243e-01 1.4267518520e+00 -2.3502979279e+00 -2.2161309719e+00 -1.4470191002e+00 -1.1110199988e-01 4.6265605092e-01 1.8906204700e+00 3.0300062895e-01 3.0614435673e-01 -5.1049041748e-01 -6.3601034880e-01 2.0692014694e-01 5.5207663774e-01 -8.6454106495e-03 5.0705003738e-01
-1.2683770061e-01 -2.0508475304e+00 -2.0797111988e+00 -2.1421883106e+00 -2.1042075157e+00 -2.1201651096e+00 -2.1802575588e+00 -2.2254722118e+00 -2.1820724010e+00 -2.2731547356e+00 -2.2690443993e+00 -1.7056193948e-01 3.0054020882e-01 6.3206243515e-01 -4.1242337227e-01 1.2913431227e-01 5.6977850199e-01 5.1763099432e-01 -4.7598993778e-01 9.6537929773e-01 -8.1861233339e-03 -3.5709336400e-01 -7.5981342793e-01 -8.3468663692e-01 -9.5390266180e-01 -1.0622305870e+00 -9.1798549891e-01 -1.2038239241e+00 -6.7230856419e-01 -1.0733865499e+00 -1.1471402645e+00 -7.8303343058e-01 -2.1013088226e+00 -2.1691265106e+00 -2.2789049149e+00 -2.3744874001e+00 -2.3384513855e+00 -2.1100347042e+00 -2.1733593941e+00 -2.2626504898e+00 -2.3754315376e+00 3.6138647795e-01 1.8165972829e-01 5.7014060020e-01 -8.5118228197e-01 4.4338425994e-01 -9.2584860325e-01 9.4908046722e-01 1.0217771530e+00 6.9438022375e-01 1.0859261751e+00 1.2710765600e+00 9.9311131239e-01 5.9405499697e-01 1.0859260559e+00 -1.1772516966e+00 -2.3563320637e+00 -2.2789049149e+00 -2.0341825485e+00 -3.5701987147e-01 1.1259241104e+00 -2.3435375690e+00 -2.2091131210e+00 -1.4730606079e+00 3.0354526639e-01 6.8825072050e-01 1.8874037266e+00 -1.7056193948e-01 -1.6179476678e-01 -5.4132449627e-01 -6.2962812185e-01 5.2545225620e-01 5.6007725000e-01 1.5640474856e-02 5.0710773468e-01
-1.2683770061e-01 -2.0673704147e+00 -2.0497848988e+00 -2.0802545547e+00 -2.1444845200e+00 -2.1077578068e+00 -2.1284351349e+00 -2.1758513451e+00 -2.2275841236e+00 -2.1811511517e+00 -2.2690443993e+00 -8.8629120588e-01 -1.7124387622e-01 2.9905414581e-01 6.4660876989e-01 -4.1050747037e-01 1.5224462748e-01 5.3526985645e-01 5.2237427235e-01 -4.7809976339e-01 9.6813857555e-01 -8.8367443532e-03 -8.3094388247e-01 -7.6041406393e-01 -8.2958596945e-01 -9.5574069023e-01 -1.0729407072e+00 -9.1516417265e-01 -1.2144374847e+00 -6.6641753912e-01 -1.0874887705e+00 -1.1281062365e+00 -2.1116962433e+00 -2.1581404209e+00 -2.2705419064e+00 -2.3753905296e+00 -2.3428740501e+00 -2.1316583157e+00 -2.1778707504e+00 -2.2606840134e+00 -2.3746829033e+00 3.3049300313e-01 2.1669696271e-01 3.8549286127e-01 -9.6618199348e-01 6.6746242344e-02 -2.7523389459e-01 1.2797062099e-01 -1.6584625840e-01 6.9228537381e-02 3.4609079361e-02 8.5764151812e-01 4.6395799518e-01 2.2908650339e-01 3.4609079361e-02 -1.1449569464e+00 -2.3525838852e+00 -2.2705419064e+00 -2.0218272209e+00 -3.7771371007e-01 3.6278143525e-01 -2.3319473267e+00 -2.2022187710e+00 -1.4949773550e+00 1.1380377412e-01 2.4492967129e-01 1.8731563091e+00 -8.8629120588e-01 -8.7502944469e-01 -3.5405591130e-01 -6.5932780504e-01 -1.1201454401e+00 4.8266497254e-01 4.8990570009e-02 3.7665832043e-01
-1.2683770061e-01 -2.1541187763e+00 -2.0662956238e+00 -2.0503196716e+00 -2.0825200081e+00 -2.1480829716e+00 -2.1159982681e+00 -2.1241633892e+00 -2.1779348850e+00 -2.2266364098e+00 -2.1772108078e+00 -5.4594761133e-01 -8.8428521156e-01 -1.7530719936e-01 3.1144496799e-01 6.4032590389e-01 -4.0183684230e-01 1.2779419124e-01 5.4019421339e-01 5.1482629776e-01 -4.8436939716e-01 9.6450394392e-01 -1.0469262600e+00 -8.3183324337e-01 -7.5574690104e-01 -8.3030980825e-01 -9.6550393105e-01 -1.0686421394e+00 -9.2087340355e-01 -1.1998672485e+00 -6.7814129591e-01 -1.0692005157e+00 -2.1245758533e+00 -2.1618020535e+00 -2.2651422024e+00 -2.3767554760e+00 -2.3478894234e+00 -2.1637940407e+00 -2.1913213730e+00 -2.2641084194e+00 -2.3762073517e+00 2.7003601193e-01 2.3155125976e-01 1.6850876808e-01 -9.7364932299e-01 -2.9241600633e-01 2.2860622406e-01 -2.8911453485e-01 -6.6702735424e-01 -2.6969209313e-01 -5.7544749975e-01 1.9678941369e-01 4.6312876046e-02 1.6901457310e-01 -5.7544749975e-01 -1.1044436693e+00 -2.3538143635e+00 -2.2651422024e+00 -2.0102066994e+00 -4.0769135952e-01 -1.2235073000e-01 -2.3239746094e+00 -2.1986486912e+00 -1.5254560709e+00 1.4082530141e-01 -2.9168111086e-01 1.8609744310e+00 -5.4594761133e-01 -5.3496360779e-01 -4.3963471055e-01 -6.2033003569e-01 -9.1770350933e-01 4.0698245168e-01 7.3238134384e-02 2.1702066064e-01
-1.2683770061e-01 -2.2067873478e+00 -2.1529786587e+00 -2.0668351650e+00 -2.0525703430e+00 -2.0860440731e+00 -2.1564197540e+00 -2.1117589474e+00 -2.1262173653e+00 -2.1770160198e+00 -2.2226119041e+00 5.8779168129e-01 -5.4521977901e-01 -8.9224374294e-01 -1.6598691046e-01 3.0775684118e-01 6.7711466551e-01 -4.1293975711e-01 1.2853576243e-01 5.3254920244e-01 5.1476734877e-01 -4.8356464505e-01 -5.9862071276e-01 -1.0486923456e+00 -8.2674920559e-01 -7.5580894947e-01 -8.3895796537e-01 -9.6222966909e-01 -1.0769590139e+00 -9.1100293398e-01 -1.2147086859e+00 -6.6497123241e-01 -2.1384937763e+00 -2.1551060677e+00 -2.2575721741e+00 -2.3778567314e+00 -2.3526721001e+00 -2.1661081314e+00 -2.1918022633e+00 -2.2615952492e+00 -2.3752527237e+00 2.5564482808e-01 2.4029837549e-01 1.0285155475e-01 -9.8058336973e-01 -4.9586573243e-01 2.6427495759e-03 1.4681652188e-01 -3.7674952298e-02 9.0843804181e-02 8.2457475364e-02 -1.6113322973e-01 1.8958669901e-01 3.4622955322e-01 8.2457475364e-02 -1.1136044264e+00 -2.3508651257e+00 -2.2575721741e+00 -1.9985816479e+00 -4.2834991217e-01 3.1545224786e-01 -2.3165116310e+00 -2.1908173561e+00 -1.5062460899e+00 7.5223051012e-02 -3.0404573679e-01 1.8693187237e+00 5.8779168129e-01 5.8605116606e-01 -4.2386588454e-01 -5.9392905235e-01 9.0715867281e-01 3.1810989976e-01 1.0440818220e-01 1.9064046443e-01
-1.2683770061e-01 -2.1499879360e+00 -2.2056076527e+00 -2.1535429955e+00 -2.0690939426e+00 -2.0560586452e+00 -2.0942330360e+00 -2.1520755291e+00 -2.1138055325e+00 -2.1253285408e+00 -2.1730833054e+00 -3.8592359424e-01 5.8426165581e-01 -5.5132609606e-01 -8.8756412268e-01 -1.6597884893e-01 3.3564674854e-01 6.4002037048e-01 -4.1774889827e-01 1.2313304842e-01 5.3260111809e-01 5.1251840591e-01 -1.1886436939e+00 -5.9856700897e-01 -1.0423426628e+00 -8.2744765282e-01 -7.6379472017e-01 -8.3689004183e-01 -9.6873849630e-01 -1.0645896196e+00 -9.2415624857e-01 -1.1948298216e+00 -2.1659150124e+00 -2.1571984291e+00 -2.2520143986e+00 -2.3807857037e+00 -2.3567163944e+00 -2.1801588535e+00 -2.1990835667e+00 -2.2629935741e+00 -2.3759191036e+00 2.1866893768e-01 2.3923785985e-01 -2.5890984107e-03 -9.5929294825e-01 -6.9288671017e-01 -7.7132992446e-03 -1.4501841366e-01 -4.0370783210e-01 -1.4738921821e-01 -3.4816953540e-01 -2.9766473174e-01 -4.5016683638e-02 -5.5835589767e-02 -3.4816953540e-01 -1.1197720766e+00 -2.3518784046e+00 -2.2520143986e+00 -1.9868733883e+00 -4.5795360208e-01 -6.2268674374e-02 -2.3097858429e+00 -2.1868045330e+00 -1.5326517820e+00 1.6924312711e-01 -3.0219984055e-01 1.8618732691e+00 -3.8592359424e-01 -3.7564069033e-01 -4.3660247326e-01 -5.7443946600e-01 -9.8311826587e-02 1.8123309314e-01 1.3466025889e-01 1.2031157315e-01
-1.2683770061e-01 -2.1871657372e+00 -2.1488506794e+00 -2.2061872482e+00 -2.1558446884e+00 -2.0726017952e+00 -2.0641758442e+00 -2.0900499821e+00 -2.1541452408e+00 -2.1129240990e+00 -2.1214914322e+00 1.0677865744e+00 -3.8579672575e-01 5.8432555199e-01 -5.4443973303e-01 -8.8196986914e-01 -1.5076515079e-01 3.0677822232e-01 6.4602005482e-01 -4.2017596960e-01 1.2062405795e-01 5.3029763699e-01 -8.1188660860e-01 -1.1909850836e+00 -5.9484446049e-01 -1.0449733734e+00 -8.3607035875e-01 -7.6244330406e-01 -8.4126937389e-01 -9.5810174942e-01 -1.0786405802e+00 -9.0791016817e-01 -2.1692395210e+00 -2.1540594101e+00 -2.2393095493e+00 -2.3820626736e+00 -2.3608865738e+00 -2.1547825336e+00 -2.1859076023e+00 -2.2540574074e+00 -2.3721613884e+00 2.5235646963e-01 2.4573104084e-01 7.8619517386e-02 -1.0223513842e+00 3.0716425180e-01 -3.8427847624e-01 5.6129461527e-01 5.1957625151e-01 4.5914939046e-01 6.1575973034e-01 1.2722145021e-01 6.4891070127e-01 4.0462404490e-01 6.1575978994e-01 -1.0600062609e+00 -2.3472859859e+00 -2.2393095493e+00 -1.9670052528e+00 -4.9406889081e-01 8.1918561459e-01 -2.2970719337e+00 -2.1778252125e+00 -1.5087852478e+00 7.6505100727e-01 1.3311439753e-01 1.8806681633e+00 1.0677865744e+00 1.0552899837e+00 -2.9866352677e-01 -5.0763970613e-01 7.4383014441e-01 1.1549721658e-01 1.8499131501e-01 2.1276374161e-01
-1.2683770061e-01 -2.0838942528e+00 -2.1860005856e+00 -2.1494140625e+00 -2.2085146904e+00 -2.1594569683e+00 -2.0807585716e+00 -2.0600709915e+00 -2.0920841694e+00 -2.1532402039e+00 -2.1091098785e+00 3.7694913149e-01 1.0624538660e+00 -3.9103212953e-01 5.9856289625e-01 -5.4150182009e-01 -8.8591456413e-01 -1.6791626811e-01 3.0935707688e-01 6.3779848814e-01 -4.2608329654e-01 1.1957974732e-01 -9.4482773542e-01 -8.1269860268e-01 -1.1838049889e+00 -5.9346443415e-01 -1.0555299520e+00 -8.3402997255e-01 -7.6555782557e-01 -8.3267337084e-01 -9.7153025866e-01 -1.0604629517e+00 -2.1476347446e+00 -2.1484091282e+00 -2.2247529030e+00 -2.3816223145e+00 -2.3643379211e+00 -2.1253571510e+00 -2.1682393551e+00 -2.2422988415e+00 -2.3669681549e+00 2.9964125156e-01 2.6123043895e-01 1.7544427514e-01 -1.0147832632e+00 4.0423876047e-01 -7.3717212677e-01 7.7945119143e-01 7.7135521173e-01 6.5613377094e-01 9.9764883518e-01 4.5365673304e-01 8.4024149179e-01 3.6353009939e-01 9.9764883518e-01 -9.8696643114e-01 -2.3403129578e+00 -2.2247529030e+00 -1.9459477663e+00 -5.2753716707e-01 1.0956447124e+00 -2.2797043324e+00 -2.1677670479e+00 -1.4652489424e+00 8.0203974247e-01 3.2671812177e-01 1.8928265572e+00 3.7694913149e-01 3.7893256545e-01 -2.8304266930e-01 -5.0403660536e-01 8.1257224083e-01 1.4598648250e-01 2.3604899645e-01 3.1243956089e-01
-1.2683770061e-01 -2.0467164516e+00 -2.0828068256e+00 -2.1865744591e+00 -2.1517136097e+00 -2.2121903896e+00 -2.1678206921e+00 -2.0766108036e+00 -2.0620880127e+00 -2.0912153721e+00 -2.1493515968e+00 -1.1248893738e+00 3.7421101332e-01 1.0651301146e+00 -3.8310819864e-01 5.9265202284e-01 -5.3633630276e-01 -8.8535624743e-01 -1.7021018267e-01 3.0296942592e-01 6.3850873709e-01 -4.2545667291e-01 8.5058785975e-02 -9.4617938995e-01 -8.0772626400e-01 -1.1877034903e+00 -6.0000681877e-01 -1.0513974428e+00 -8.3836066723e-01 -7.5817388296e-01 -8.4536874294e-01 -9.5469194651e-01 -2.1376633644e+00 -2.1498739719e+00 -2.2177653313e+00 -2.3825027943e+00 -2.3683946133e+00 -2.1429154873e+00 -2.1742563248e+00 -2.2425768375e+00 -2.3666839600e+00 2.6457765698e-01 2.6598849893e-01 5.9965472668e-02 -1.0537136793e+00 -2.3248042911e-02 -7.6047676802e-01 -4.8181489110e-02 -2.6762470603e-01 -3.3171344548e-02 -6.5447407961e-01 3.4440249205e-01 2.3352573812e-01 -1.3424737751e-01 -6.5447419882e-01 -9.2733031511e-01 -2.3461186886e+00 -2.2177653313e+00 -1.9267052412e+00 -5.8499360085e-01 -9.7197465599e-02 -2.2679038048e+00 -2.1618275642e+00 -1.5235995054e+00 1.8494836986e-01 3.9707172662e-02 1.8446521759e+00 -1.1248893738e+00 -1.1144243479e+00 -1.2764306366e-01 -3.8424921036e-01 -1.0691246986e+00 1.5896089375e-01 2.6435065269e-01 2.1662314236e-01
-1.2683770061e-01 -2.1572167873e+00 -2.0456571579e+00 -2.0833511353e+00 -2.1888923645e+00 -2.1553208828e+00 -2.2206797600e+00 -2.1634469032e+00 -2.0786371231e+00 -2.0612366199e+00 -2.0874414444e+00 8.4995269775e-01 -1.1219874620e+00 3.7312740088e-01 1.0824795961e+00 -3.8141927123e-01 6.2816512585e-01 -5.4419922829e-01 -8.9501476288e-01 -1.7398561537e-01 3.0158531666e-01 6.3588160276e-01 8.6072307825e-01 8.7887614965e-02 -9.4042807817e-01 -8.0825424194e-01 -1.1995291710e+00 -6.0021680593e-01 -1.0594213009e+00 -8.2981121540e-01 -7.7043396235e-01 -8.3010780811e-01 -2.1224980354e+00 -2.1492464542e+00 -2.2082898617e+00 -2.3798382282e+00 -2.3726525307e+00 -2.1268265247e+00 -2.1638717651e+00 -2.2346661091e+00 -2.3628928661e+00 2.8630861640e-01 2.7453079820e-01 1.0064943135e-01 -1.0898635387e+00 -3.1339067221e-01 -9.7366571426e-01 4.4230347872e-01 3.3504518867e-01 4.0231782198e-01 5.7913112640e-01 3.3133760095e-01 4.1962909698e-01 8.0002903938e-02 5.7913124561e-01 -9.0704005957e-01 -2.3413548470e+00 -2.2082898617e+00 -1.9132231474e+00 -6.0558617115e-01 7.4405872822e-01 -2.2579815388e+00 -2.1560823917e+00 -1.4879037142e+00 5.6408429146e-01 1.7181123793e-01 1.8670419455e+00 8.4995269775e-01 8.4272831678e-01 -8.6903698742e-02 -3.4474447370e-01 1.3719562292e+00 1.8339575827e-01 2.8932487965e-01 2.6313638687e-01
-1.2683770061e-01 -2.0745995045e+00 -2.1560742855e+00 -2.0461907387e+00 -2.0856182575e+00 -2.1925444603e+00 -2.1636748314e+00 -2.2161686420e+00 -2.1655230522e+00 -2.0777761936e+00 -2.0575180054e+00 -1.5008062124e-01 8.4543818235e-01 -1.1312444210e+00 3.8599768281e-01 1.0728223324e+00 -3.7197029591e-01 5.9224998951e-01 -5.5035573244e-01 -8.9484220743e-01 -1.7835307121e-01 2.9998791218e-01 -3.2546654344e-01 8.6670041084e-01 8.7603718042e-02 -9.4214534760e-01 -8.1670624018e-01 -1.1940239668e+00 -6.0057508945e-01 -1.0473327637e+00 -8.4248989820e-01 -7.5610989332e-01 -2.1027629375e+00 -2.1531174183e+00 -2.2010905743e+00 -2.3786051273e+00 -2.3769364357e+00 -2.1209642887e+00 -2.1580550671e+00 -2.2289378643e+00 -2.3598659039e+00 2.9150918126e-01 2.8249800205e-01 9.4466753304e-02 -1.1234309673e+00 -4.4888770580e-01 -1.0732252598e+00 3.3969268203e-01 2.0633517206e-01 3.1550344825e-01 3.6325198412e-01 1.0505755991e-01 4.7620996833e-01 1.5964646637e-01 3.6325210333e-01 -9.4901371002e-01 -2.3379199505e+00 -2.2010905743e+00 -1.9027959108e+00 -6.2202829123e-01 5.1356744766e-01 -2.2523972988e+00 -2.1474912167e+00 -1.5091035366e+00 6.4160650969e-01 1.4759035408e-01 1.8647427559e+00 -1.5008062124e-01 -1.4149165154e-01 -9.7374498844e-02 -3.4450218081e-01 8.1743556261e-01 2.3615753651e-01 3.1104826927e-01 2.6473292708e-01
-1.2683770061e-01 -2.0890574455e+00 -2.0735189915e+00 -2.1566395760e+00 -2.0484392643e+00 -2.0891458988e+00 -2.2009871006e+00 -2.1593117714e+00 -2.2182753086e+00 -2.1646115780e+00 -2.0740270615e+00 5.1441156864e-01 -1.5083947778e-01 8.4692883492e-01 -1.1281119585e+00 3.8173240423e-01 1.1211838722e+00 -3.8379269838e-01 5.9775924683e-01 -5.5206048489e-01 -9.0371853113e-01 -1.7848359048e-01 -1.0844556093e+00 -3.2430407405e-01 8.6187106371e-01 9.5100373030e-02 -9.5178771019e-01 -8.1485044956e-01 -1.2044708729e+00 -5.9583246708e-01 -1.0612827539e+00 -8.2726496458e-01 -2.0936226845e+00 -2.1501877308e+00 -2.1896040440e+00 -2.3757205009e+00 -2.3811702728e+00 -2.1000316143e+00 -2.1439194679e+00 -2.2187550068e+00 -2.3548026085e+00 3.2443451881e-01 2.9604727030e-01 1.5447844565e-01 -1.0668441057e+00 5.7287178934e-02 -1.1858409643e+00 6.2907135487e-01 5.6490808725e-01 5.7394963503e-01 1.1188291311e+00 7.3756879568e-01 1.0069690943e+00 1.2366020679e-01 1.1188292503e+00 -9.7863388062e-01 -2.3327715397e+00 -2.1896040440e+00 -1.8858269453e+00 -6.4969021082e-01 1.0299615860e+00 -2.2422997952e+00 -2.1363730431e+00 -1.4871096611e+00 8.7846481800e-01 1.5207003057e-01 1.8731091022e+00 5.1441156864e-01 5.1403683424e-01 -6.7339405417e-02 -3.4586578608e-01 9.5539236069e-01 2.2729215026e-01 3.4252420068e-01 3.2583716512e-01
-1.2683770061e-01 -2.0384545326e+00 -2.0879662037e+00 -2.0740606785e+00 -2.1589426994e+00 -2.0519225597e+00 -2.0973422527e+00 -2.1965270042e+00 -2.1613855362e+00 -2.2173330784e+00 -2.1607017517e+00 5.3160840273e-01 5.1115715504e-01 -1.5479134023e-01 8.6286598444e-01 -1.1206554174e+00 4.1160172224e-01 1.0733921528e+00 -3.8830262423e-01 5.8980065584e-01 -5.5879276991e-01 -9.0163201094e-01 -1.0428723097e+00 -1.0863740444e+00 -3.2218226790e-01 8.7630718946e-01 9.4679839909e-02 -9.4864416122e-01 -8.1885528564e-01 -1.1900602579e+00 -6.0714375973e-01 -1.0433222055e+00 -2.0813658237e+00 -2.1331322193e+00 -2.1754179001e+00 -2.3710308075e+00 -2.3851828575e+00 -2.0683581829e+00 -2.1225967407e+00 -2.2043395042e+00 -2.3476953506e+00 3.7999975681e-01 3.1899607182e-01 2.5553205609e-01 -9.3659067154e-01 5.6797182560e-01 -1.2984257936e+00 9.0804916620e-01 8.9146435261e-01 8.2874703407e-01 1.3279283047e+00 1.0046539307e+00 1.5859118700e+00 1.9183187187e-01 1.3279283047e+00 -1.0037988424e+00 -2.3204181194e+00 -2.1754179001e+00 -1.8708524704e+00 -6.5674638748e-01 1.5278676748e+00 -2.2293400764e+00 -2.1217365265e+00 -1.4398665428e+00 1.1339290142e+00 6.9571703672e-01 1.8916778564e+00 5.3160840273e-01 5.3092026711e-01 -1.6877487302e-01 -3.3496183157e-01 9.7311252356e-01 2.2037294507e-01 3.7748050690e-01 4.2364659905e-01
-1.2683770061e-01 -1.9857860804e+00 -2.0374014378e+00 -2.0885119438e+00 -2.0763230324e+00 -2.1625587940e+00 -2.0600299835e+00 -2.0931510925e+00 -2.1986224651e+00 -2.1604764462e+00 -2.2133257389e+00 6.6275483370e-01 5.2828943729e-01 5.1082170010e-01 -1.4533826709e-01 8.5490894318e-01 -1.1309868097e+00 3.8090348244e-01 1.0838403702e+00 -3.9089009166e-01 5.9021067619e-01 -5.5776053667e-01 2.7914202213e-01 -1.0446219444e+00 -1.0798045397e+00 -3.1835839152e-01 8.8283216953e-01 8.7847501040e-02 -9.5492219925e-01 -8.1061816216e-01 -1.2048443556e+00 -5.9486132860e-01 -2.0335865021e+00 -2.1040439606e+00 -2.1625542641e+00 -2.3644242287e+00 -2.3886339664e+00 -2.0250058174e+00 -2.0929045677e+00 -2.1847670078e+00 -2.3380520344e+00 4.6107506752e-01 3.5502403975e-01 3.9614403248e-01 -7.2364604473e-01 1.1893007755e+00 -1.4810924530e+00 1.2254678011e+00 1.2350442410e+00 1.1272127628e+00 1.2572331429e+00 1.3235238791e+00 1.9967961311e+00 4.4280707836e-01 1.2572332621e+00 -9.7336816788e-01 -2.2845306396e+00 -2.1625542641e+00 -1.8819148540e+00 -5.5220979452e-01 1.8235563040e+00 -2.2141501904e+00 -2.1119608879e+00 -1.3897699118e+00 1.2119263411e+00 8.3651810884e-01 1.9162017107e+00 6.6275483370e-01 6.5954267979e-01 -2.2663930058e-01 -3.6559650302e-01 8.9984548092e-01 3.6676448584e-01 4.0100148320e-01 5.5837064981e-01
-1.2683770061e-01 -1.9196923971e+00 -1.9847724438e+00 -2.0379326344e+00 -2.0907814503e+00 -2.0798397064e+00 -2.1709299088e+00 -2.0559358597e+00 -2.0951871872e+00 -2.1976914406e+00 -2.1565744877e+00 2.7544039488e-01 6.5894335508e-01 5.2804756165e-01 5.2458322048e-01 -1.4549005032e-01 8.9743947983e-01 -1.1245249510e+00 3.8424324989e-01 1.0732340813e+00 -3.9661422372e-01 5.8773112297e-01 4.2854934931e-01 2.8275865316e-01 -1.0382961035e+00 -1.0827709436e+00 -3.2245486975e-01 8.6848646402e-01 9.9179238081e-02 -9.4450664520e-01 -8.2318466902e-01 -1.1850887537e+00 -1.9968173504e+00 -2.0778856277e+00 -2.1459329128e+00 -2.3584568501e+00 -2.3917627335e+00 -1.9867240191e+00 -2.0634453297e+00 -2.1643044949e+00 -2.3276002407e+00 5.3728896379e-01 4.0045583248e-01 4.9724337459e-01 -4.8292398453e-01 1.4068951607e+00 -1.6096963882e+00 1.3513793945e+00 1.3651722670e+00 1.2477105856e+00 1.1549907923e+00 1.3364219666e+00 2.0484330654e+00 8.0046653748e-01 1.1549906731e+00 -9.7317951918e-01 -2.2518780231e+00 -2.1459329128e+00 -1.8825156689e+00 -4.7918897867e-01 1.7345945835e+00 -2.1979949474e+00 -2.0967586040e+00 -1.3328081369e+00 1.4133874178e+00 9.8995226622e-01 1.9278554916e+00 2.7544039488e-01 2.7899718285e-01 -2.4030713737e-01 -3.9415672421e-01 1.8975846469e-01 4.5196089149e-01 4.4031777978e-01 6.6019284725e-01
-1.2683770061e-01 -1.8918094635e+00 -1.9187284708e+00 -1.9852886200e+00 -2.0401773453e+00 -2.0943155289e+00 -2.0880136490e+00 -2.1665480137e+00 -2.0579504967e+00 -2.0943164825e+00 -2.1937205791e+00 3.8383614272e-02 2.7308347821e-01 6.5941518545e-01 5.4192060232e-01 5.1924508810e-01 -1.2972812355e-01 8.5503768921e-01 -1.1366385221e+00 3.7744769454e-01 1.0766679049e+00 -3.9607766271e-01 7.8800451756e-01 4.3277242780e-01 2.8133741021e-01 -1.0408905745e+00 -1.0936635733e+00 -3.2531073689e-01 8.9308106899e-01 9.2719249427e-02 -9.5785576105e-01 -8.0820107460e-01 -1.9563087225e+00 -2.0475416183e+00 -2.1316401958e+00 -2.3510580063e+00 -2.3952639103e+00 -1.9598121643e+00 -2.0385770798e+00 -2.1453824043e+00 -2.3173811436e+00 5.9395414591e-01 4.4915041327e-01 5.3232109547e-01 -2.5939637423e-01 1.1873151064e+00 -1.6851352453e+00 1.3705503941e+00 1.3856850863e+00 1.2658685446e+00 1.1906474829e+00 1.2874559164e+00 1.6821025610e+00 9.8247212172e-01 1.1906476021e+00 -1.0104290247e+00 -2.2214007378e+00 -2.1316401958e+00 -1.8854273558e+00 -4.0593659878e-01 1.4796450138e+00 -2.1845431328e+00 -2.0812029839e+00 -1.3061852455e+00 1.4005608559e+00 1.3568372726e+00 1.9286592007e+00 3.8383614272e-02 4.5056227595e-02 -2.9713419080e-01 -4.0344038606e-01 4.3305662274e-01 5.6224071980e-01 4.6624812484e-01 7.0730292797e-01
-1.2683770061e-01 -1.8876786232e+00 -1.8908665180e+00 -1.9192256927e+00 -1.9875072241e+00 -2.0436503887e+00 -2.1025240421e+00 -2.0838470459e+00 -2.1686260700e+00 -2.0571014881e+00 -2.0905368328e+00 2.6394045353e-01 3.6916967481e-02 2.7144742012e-01 6.7413860559e-01 5.3644824028e-01 5.5279397964e-01 -1.4738599956e-01 8.6324453354e-01 -1.1351497173e+00 3.7652945518e-01 1.0727015734e+00 -8.0051910877e-01 7.9368668795e-01 4.3047565222e-01 2.9057043791e-01 -1.0514107943e+00 -1.0891675949e+00 -3.2099846005e-01 8.7391120195e-01 8.5431888700e-02 -9.4118833542e-01 -1.9205777645e+00 -2.0249412060e+00 -2.1186180115e+00 -2.3422496319e+00 -2.3991503716e+00 -1.9328383207e+00 -2.0132558346e+00 -2.1256093979e+00 -2.3064203262e+00 6.4888268709e-01 5.0007677078e-01 5.5631452799e-01 -9.9556697533e-03 1.3596642017e+00 -1.8176113367e+00 1.4982861280e+00 1.5254710913e+00 1.3858258724e+00 1.1931453943e+00 1.2645968199e+00 1.4990888834e+00 8.8237839937e-01 1.1931453943e+00 -9.9355858564e-01 -2.1882576942e+00 -2.1186180115e+00 -1.8934458494e+00 -3.1545192003e-01 1.4240224361e+00 -2.1697568893e+00 -2.0697133541e+00 -1.2841985226e+00 1.3224300146e+00 1.6608294249e+00 1.9329714775e+00 2.6394045353e-01 2.6766645908e-01 -3.9951261878e-01 -4.1471633315e-01 4.2186063528e-01 6.5781682730e-01 4.8269364238e-01 7.5017595291e-01
-1.2683770061e-01 -1.8608278036e+00 -1.8867386580e+00 -1.8913557529e+00 -1.9214117527e+00 -1.9909170866e+00 -2.0517382622e+00 -2.0983195305e+00 -2.0858776569e+00 -2.1677126884e+00 -2.0533905029e+00 2.7314704657e-01 2.6162672043e-01 3.3990792930e-02 2.8365954757e-01 6.6764259338e-01 5.7045739889e-01 5.1869446039e-01 -1.4946916699e-01 8.5383975506e-01 -1.1455292702e+00 3.7470299006e-01 -1.0432485342e+00 -8.0128496885e-01 7.8928351402e-01 4.4104537368e-01 2.9188778996e-01 -1.0473176241e+00 -1.0978331566e+00 -3.2073166966e-01 8.7118923664e-01 8.9054964483e-02 -1.8898329735e+00 -2.0032818317e+00 -2.1048018932e+00 -2.3325610161e+00 -2.4024877548e+00 -1.9054749012e+00 -1.9873719215e+00 -2.1049654484e+00 -2.2947015762e+00 7.0247095823e-01 5.5249643326e-01 5.7236897945e-01 2.2956885397e-01 1.2509139776e+00 -1.8846101761e+00 1.6289585829e+00 1.6645685434e+00 1.5092082024e+00 1.3493405581e+00 1.3339188099e+00 1.3973958492e+00 1.0879646540e+00 1.3493406773e+00 -1.0293532610e+00 -2.1535158157e+00 -2.1048018932e+00 -1.9015312195e+00 -2.2169274092e-01 1.3751283884e+00 -2.1547777653e+00 -2.0572867393e+00 -1.2641704082e+00 1.2541621923e+00 2.0529947281e+00 1.9370353222e+00 2.7314704657e-01 2.7673771977e-01 -4.0321266651e-01 -4.1309967637e-01 6.8309748173e-01 7.2939032316e-01 4.9894797802e-01 7.9050678015e-01
-1.2683770061e-01 -1.8329448700e+00 -1.8599081039e+00 -1.8872268200e+00 -1.8935281038e+00 -1.9247421026e+00 -1.9988791943e+00 -2.0476655960e+00 -2.1003584862e+00 -2.0850124359e+00 -2.1637971401e+00 3.4330838919e-01 2.7079874277e-01 2.5992810726e-01 4.4665850699e-02 2.8018653393e-01 7.0516228676e-01 5.3593242168e-01 5.2344864607e-01 -1.5335758030e-01 8.5590130091e-01 -1.1427037716e+00 -1.1458066702e+00 -1.0449995995e+00 -7.9637926817e-01 8.0306905508e-01 4.4370055199e-01 2.8317546844e-01 -1.0552721024e+00 -1.0851296186e+00 -3.3043524623e-01 8.6498790979e-01 -1.8653199673e+00 -1.9668694735e+00 -2.0871217251e+00 -2.3226523399e+00 -2.4059197903e+00 -1.8754194975e+00 -1.9596886635e+00 -2.0828192234e+00 -2.2819473743e+00 7.5892508030e-01 6.0673528910e-01 5.9192705154e-01 4.7287836671e-01 1.2485949993e+00 -1.9731025696e+00 1.7884597778e+00 1.8257511854e+00 1.6615694761e+00 1.4580712318e+00 1.4293048382e+00 1.2407354116e+00 8.6448103189e-01 1.4580712318e+00 -1.0403692722e+00 -2.1168239117e+00 -2.0871217251e+00 -1.9041258097e+00 -1.3676765561e-01 1.3672592640e+00 -2.1390082836e+00 -2.0420489311e+00 -1.2336803675e+00 1.7604635954e+00 2.0835464001e+00 1.9447954893e+00 3.4330838919e-01 3.4582912922e-01 -8.4015303850e-01 -4.3656995893e-01 1.4957460165e+00 7.5923073292e-01 5.2839702368e-01 8.3765298128e-01
-1.2683770061e-01 -1.7978322506e+00 -1.8320461512e+00 -1.8603885174e+00 -1.8893970251e+00 -1.8968248367e+00 -1.9325464964e+00 -1.9949436188e+00 -2.0496754646e+00 -2.0994849205e+00 -2.0812499523e+00 -4.3159246445e-02 3.4069660306e-01 2.6915022731e-01 2.7206563950e-01 4.3043084443e-02 3.0733871460e-01 6.6739231348e-01 5.4086357355e-01 5.1589483023e-01 -1.5759600699e-01 8.5260975361e-01 -5.9803563356e-01 -1.1479741335e+00 -1.0386716127e+00 -7.9680550098e-01 8.0894291401e-01 4.3354099989e-01 2.9782578349e-01 -1.0432499647e+00 -1.0993005037e+00 -3.2161253691e-01 -1.8472464085e+00 -1.9392460585e+00 -2.0728299618e+00 -2.3133375645e+00 -2.4095664024e+00 -1.8567724228e+00 -1.9378045797e+00 -2.0631892681e+00 -2.2698690891e+00 7.9241031408e-01 6.5742385387e-01 5.5375850201e-01 7.5978094339e-01 1.8603972197e+00 -2.0753369331e+00 1.7422366142e+00 1.7412506342e+00 1.6272742748e+00 9.1580259800e-01 1.3303806782e+00 1.2231408358e+00 7.3494940996e-01 9.1580265760e-01 -1.0307165384e+00 -2.0854213238e+00 -2.0728299618e+00 -1.9079617262e+00 -6.0694653541e-02 1.1618347168e+00 -2.1223611832e+00 -2.0275182724e+00 -1.2682738304e+00 1.4238276482e+00 2.4564900398e+00 1.9437645674e+00 -4.3159246445e-02 -3.5596333444e-02 -8.9272409678e-01 -4.5236888528e-01 -1.2159681320e+00 7.7609723806e-01 5.4767280817e-01 8.3514660597e-01
-1.2683770061e-01 -1.8019632101e+00 -1.7969598770e+00 -1.8325185776e+00 -1.8625454903e+00 -1.8926888704e+00 -1.9045627117e+00 -1.9287831783e+00 -1.9969233274e+00 -2.0488314629e+00 -2.0956954956e+00 -1.5462951362e-01 -4.4319659472e-02 3.3942991495e-01 2.8134745359e-01 2.6868242025e-01 6.3849776983e-02 2.7915209532e-01 6.7367297411e-01 5.3321486712e-01 5.1584255695e-01 -1.5778996050e-01 -3.8318166137e-01 -5.9797954559e-01 -1.1410450935e+00 -1.0412693024e+00 -8.0515575409e-01 7.9530155659e-01 4.5074599981e-01 2.8818559647e-01 -1.0571761131e+00 -1.0808646679e+00 -1.8331202269e+00 -1.9117273092e+00 -2.0608665943e+00 -2.3053877354e+00 -2.4135539532e+00 -1.8495526314e+00 -1.9227690697e+00 -2.0469594002e+00 -2.2589244843e+00 8.0040580034e-01 6.9971722364e-01 4.6350243688e-01 9.4818091393e-01 1.4125185013e+00 -1.8536939621e+00 1.5621811152e+00 1.4029408693e+00 1.4952702522e+00 8.0588185787e-01 1.1365367174e+00 9.4550102949e-01 1.0387661457e+00 8.0588185787e-01 -1.0123980045e+00 -2.0609660149e+00 -2.0608665943e+00 -1.9093452692e+00 -5.3575495258e-03 9.5092856884e-01 -2.1069777012e+00 -2.0171244144e+00 -1.2962375879e+00 1.2303842306e+00 2.0775187016e+00 1.9406381845e+00 -1.5462951362e-01 -1.4600045979e-01 -8.9135789871e-01 -4.4827982783e-01 -8.5338914394e-01 7.8604400158e-01 5.6327700615e-01 7.8764092922e-01
-1.2683770061e-01 -1.8174539804e+00 -1.8010877371e+00 -1.7974222898e+00 -1.8346618414e+00 -1.8658050299e+00 -1.9004168510e+00 -1.9008721113e+00 -1.9307249784e+00 -1.9961099625e+00 -2.0451357365e+00 1.6994938254e-01 -1.5537129343e-01 -4.7689612955e-02 3.5208207369e-01 2.7789235115e-01 2.9552674294e-01 4.1528720409e-02 2.8144738078e-01 6.6530084610e-01 5.3327095509e-01 5.1359033585e-01 -7.3030811548e-01 -3.8225346804e-01 -5.9426045418e-01 -1.1445603371e+00 -1.0517929792e+00 -8.0341005325e-01 8.1865274906e-01 4.3865764141e-01 2.8204056621e-01 -1.0392669439e+00 -1.8208640814e+00 -1.8875566721e+00 -2.0471563339e+00 -2.2977690697e+00 -2.4176990986e+00 -1.8388330936e+00 -1.9072149992e+00 -2.0305407047e+00 -2.2476608753e+00 8.0903059244e-01 7.3543155193e-01 3.9277186990e-01 1.0972549915e+00 1.0670256615e+00 -1.8471666574e+00 1.6572769880e+00 1.5321478844e+00 1.5799720287e+00 9.3045622110e-01 9.4834423065e-01 8.0071383715e-01 8.2883059978e-01 9.3045616150e-01 -1.0129297972e+00 -2.0358939171e+00 -2.0471563339e+00 -1.9079827070e+00 4.4772591442e-02 9.2966341972e-01 -2.0916118622e+00 -2.0052633286e+00 -1.2770332098e+00 1.1951791048e+00 1.7420231104e+00 1.9430767298e+00 1.6994938254e-01 1.7498949170e-01 -9.1362076998e-01 -4.5540669560e-01 3.4005481005e-01 7.8107041121e-01 5.8633893728e-01 7.5851440430e-01
-1.2683770061e-01 -1.7998980284e+00 -1.8165669441e+00 -1.8015512228e+00 -1.7995481491e+00 -1.8378878832e+00 -1.8734689951e+00 -1.8967369795e+00 -1.9027978182e+00 -1.9299501181e+00 -1.9925117493e+00 1.6952846944e-01 1.6798864305e-01 -1.5934790671e-01 -3.7543267012e-02 3.4807938337e-01 3.0498313904e-01 2.6762467623e-01 4.1384771466e-02 2.7521175146e-01 6.6618311405e-01 5.3096544743e-01 -1.1889362335e+00 -7.3078894615e-01 -3.7979340553e-01 -5.9287518263e-01 -1.1560024023e+00 -1.0476961136e+00 -8.0722051859e-01 8.0067449808e-01 4.3339198828e-01 2.8320541978e-01 -1.8106850386e+00 -1.8669439554e+00 -2.0280997753e+00 -2.2894017696e+00 -2.4217627048e+00 -1.8257803917e+00 -1.8912352324e+00 -2.0139522552e+00 -2.2360916138e+00 8.1805014610e-01 7.6596862078e-01 3.3711224794e-01 1.2912244797e+00 1.5069199800e+00 -1.9559409618e+00 1.7528125048e+00 1.6579858065e+00 1.6651889086e+00 9.6028697491e-01 9.6421110630e-01 8.9936274290e-01 9.2795073986e-01 9.6028709412e-01 -1.0064069033e+00 -2.0145137310e+00 -2.0280997753e+00 -1.8926460743e+00 5.4753333330e-02 9.1350722313e-01 -2.0726461411e+00 -1.9856423140e+00 -1.2475792170e+00 1.0515823364e+00 2.5100643635e+00 1.9468077421e+00 1.6952846944e-01 1.7457418144e-01 -9.5115214586e-01 -5.5200624466e-01 -1.5176751614e+00 7.4560767412e-01 6.2611418962e-01 7.4139827490e-01
-1.2683770061e-01 -1.7823421955e+00 -1.7990242243e+00 -1.8170349598e+00 -1.8036792278e+00 -1.8027319908e+00 -1.8454852104e+00 -1.8698589802e+00 -1.8986603022e+00 -1.9020391703e+00 -1.9264740944e+00 2.2973850369e-01 1.6756932437e-01 1.6577848792e-01 -1.4992432296e-01 -3.8529593498e-02 3.7704819441e-01 2.7685332298e-01 2.6980164647e-01 3.6456771195e-02 2.7365401387e-01 6.6347140074e-01 -6.5228199959e-01 -1.1912788153e+00 -7.2629469633e-01 -3.7648588419e-01 -5.9941232204e-01 -1.1509121656e+00 -1.0556570292e+00 -7.9916965961e-01 7.9752445221e-01 4.3266448379e-01 -1.8027906418e+00 -1.8506212234e+00 -2.0051257610e+00 -2.2771804333e+00 -2.4253649712e+00 -1.8090870380e+00 -1.8737614155e+00 -1.9965960979e+00 -2.2239646912e+00 8.3115595579e-01 7.9325443506e-01 3.0215862393e-01 1.4713391066e+00 1.2433694601e+00 -2.0262496471e+00 1.8806813955e+00 1.8166667223e+00 1.7801592350e+00 1.0866905451e+00 1.0643715858e+00 8.3109283447e-01 8.4009343386e-01 1.0866906643e+00 -1.0319266319e+00 -1.9996544123e+00 -2.0051257610e+00 -1.8632607460e+00 1.8741235137e-02 9.4699621201e-01 -2.0531542301e+00 -1.9609297514e+00 -1.2210036516e+00 1.1902827024e+00 2.4974975586e+00 1.9513514042e+00 2.2973850369e-01 2.3395691812e-01 -1.0627826452e+00 -6.0613924265e-01 -2.8743523359e-01 6.8462896347e-01 6.6665440798e-01 7.4032318592e-01
-1.2683770061e-01 -1.7585893869e+00 -1.7814815044e+00 -1.7994871140e+00 -1.8191704750e+00 -1.8068679571e+00 -1.8102456331e+00 -1.8419479132e+00 -1.8717669249e+00 -1.8979041576e+00 -1.8986147642e+00 1.5847314894e-01 2.2755323350e-01 1.6535687447e-01 1.7730659246e-01 -1.5004061162e-01 -1.9905613735e-02 3.4718233347e-01 2.7912497520e-01 2.6362943649e-01 3.3405628055e-02 2.7214199305e-01 -8.0298483372e-01 -6.5244609118e-01 -1.1840969324e+00 -7.2609281540e-01 -3.8109919429e-01 -5.9962797165e-01 -1.1606266499e+00 -1.0436288118e+00 -8.1166929007e-01 7.9224419594e-01 -1.7907421589e+00 -1.8354496956e+00 -1.9842162132e+00 -2.2638142109e+00 -2.4290423393e+00 -1.7924002409e+00 -1.8564023972e+00 -1.9792611599e+00 -2.2116091251e+00 8.4278738499e-01 8.1761801243e-01 2.7074128389e-01 1.6473368406e+00 1.1471681595e+00 -2.0863988400e+00 1.9686670303e+00 1.9193309546e+00 1.8599334955e+00 1.1913777590e+00 1.1574385166e+00 8.2043361664e-01 7.2542297840e-01 1.1913777590e+00 -1.0638110638e+00 -1.9818223715e+00 -1.9842162132e+00 -1.8408166170e+00 5.0399363972e-03 9.3457913399e-01 -2.0323100090e+00 -1.9385679960e+00 -1.1840994358e+00 1.0275441408e+00 2.5254271030e+00 1.9557259083e+00 1.5847314894e-01 1.6366527975e-01 -1.0719437599e+00 -6.1978274584e-01 -9.8335199058e-02 6.4938217402e-01 6.9575917721e-01 7.3932874203e-01
-1.2683770061e-01 -1.7420663834e+00 -1.7577465773e+00 -1.7819393873e+00 -1.8016140461e+00 -1.8223779202e+00 -1.8143914938e+00 -1.8067996502e+00 -1.8438397646e+00 -1.8710263968e+00 -1.8944873810e+00 -1.9355987012e-01 1.5655550361e-01 2.2566846013e-01 1.7688225210e-01 1.7465697229e-01 -1.3440044224e-01 -4.0209047496e-02 3.5017594695e-01 2.7290201187e-01 2.6199924946e-01 3.2627888024e-02 -2.6219305396e-01 -8.0376070738e-01 -6.4840906858e-01 -1.1879981756e+00 -7.3381435871e-01 -3.8339599967e-01 -5.9997624159e-01 -1.1469178200e+00 -1.0575572252e+00 -7.9682964087e-01 -1.7795242071e+00 -1.8226841688e+00 -1.9624077082e+00 -2.2512185574e+00 -2.4330682755e+00 -1.7878762484e+00 -1.8458356857e+00 -1.9655151367e+00 -2.2005739212e+00 8.3050096035e-01 8.3443117142e-01 1.8956895173e-01 1.7364212275e+00 8.2795447111e-01 -1.8821270466e+00 1.6880240440e+00 1.3519500494e+00 1.6647075415e+00 9.5514732599e-01 1.1556051970e+00 7.0118355751e-01 4.6412575245e-01 9.5514720678e-01 -1.0665186644e+00 -1.9787751436e+00 -1.9624077082e+00 -1.8018831015e+00 -7.7114850283e-02 7.6689785719e-01 -2.0098669529e+00 -1.9169321060e+00 -1.2107142210e+00 9.7311002016e-01 2.1356446743e+00 1.9519881010e+00 -1.9355987012e-01 -1.8459963799e-01 -1.0185917616e+00 -6.3930618763e-01 -4.1711044312e-01 6.0700011253e-01 7.3079204559e-01 6.9027620554e-01
-1.2683770061e-01 -1.7616873980e+00 -1.7412359715e+00 -1.7581976652e+00 -1.7840576172e+00 -1.8048003912e+00 -1.8299384117e+00 -1.8109347820e+00 -1.8086714745e+00 -1.8431155682e+00 -1.8676593304e+00 6.5222793818e-01 -1.9415543973e-01 1.5428288281e-01 2.3758423328e-01 1.7423591018e-01 1.9898538291e-01 -1.5194576979e-01 -4.1192047298e-02 3.4356594086e-01 2.7132979035e-01 2.6052284241e-01 -8.0093705654e-01 -2.6077377796e-01 -7.9884052277e-01 -6.4750909805e-01 -1.1998263597e+00 -7.3274874687e-01 -3.8007056713e-01 -5.9524321556e-01 -1.1614499092e+00 -1.0396431684e+00 -1.7583355904e+00 -1.8058378696e+00 -1.9424513578e+00 -2.2376759052e+00 -2.4368593693e+00 -1.7622765303e+00 -1.8247529268e+00 -1.9464467764e+00 -2.1871130466e+00 8.5392892361e-01 8.5298746824e-01 2.0830842853e-01 1.8698844910e+00 1.1133438349e+00 -2.0017678738e+00 2.0571010113e+00 1.8439930677e+00 1.9932194948e+00 1.2025047541e+00 1.1969144344e+00 8.7664937973e-01 5.7833862305e-01 1.2025048733e+00 -1.0468124151e+00 -1.9572947025e+00 -1.9424513578e+00 -1.7849141359e+00 -7.0413894951e-02 1.0356216431e+00 -1.9903925657e+00 -1.8960551023e+00 -1.1410045624e+00 1.0669226646e+00 2.1925890446e+00 1.9855730534e+00 6.5222793818e-01 6.4922714233e-01 -9.1349232197e-01 -6.9779235125e-01 6.1394053698e-01 6.1370366812e-01 7.5584286451e-01 7.2932809591e-01
-1.2683770061e-01 -1.6945608854e+00 -1.7608423233e+00 -1.7416822910e+00 -1.7603042126e+00 -1.7872228622e+00 -1.8123189211e+00 -1.8264412880e+00 -1.8128088713e+00 -1.8079676628e+00 -1.8398000002e+00 3.7267770618e-02 6.4845597744e-01 -1.9834393263e-01 1.6573658586e-01 2.3446795344e-01 1.9855305552e-01 1.7340897024e-01 -1.5407574177e-01 -4.5670244843e-02 3.4243577719e-01 2.6982489228e-01 1.4554686546e+00 -8.0170458555e-01 -2.5902274251e-01 -7.9928886890e-01 -6.5453201532e-01 -1.1943182945e+00 -7.3535871506e-01 -3.7885805964e-01 -6.0655105114e-01 -1.1422369480e+00 -1.7398468256e+00 -1.7913982868e+00 -1.9241887331e+00 -2.2247061729e+00 -2.4411058426e+00 -1.7438210249e+00 -1.8067378998e+00 -1.9287866354e+00 -2.1740047932e+00 8.6562877893e-01 8.7038224936e-01 1.9582134485e-01 1.9938142300e+00 7.8876215219e-01 -2.0925667286e+00 2.0780420303e+00 1.8678866625e+00 2.0125465393e+00 1.1889727116e+00 1.1960564852e+00 7.9278856516e-01 5.7799744606e-01 1.1889727116e+00 -1.0472257137e+00 -1.9371155500e+00 -1.9241887331e+00 -1.7699062824e+00 -6.2047127634e-02 9.4613546133e-01 -1.9752027988e+00 -1.8741893768e+00 -1.0945804119e+00 1.1862592697e+00 1.5218293667e+00 1.9869365692e+00 3.7267770618e-02 4.3953191489e-02 -9.1463792324e-01 -6.9956451654e-01 1.2096339464e+00 6.1608225107e-01 7.7676308155e-01 7.3638087511e-01
-1.2683770061e-01 -1.6904307604e+00 -1.6937662363e+00 -1.7612942457e+00 -1.7437807322e+00 -1.7634408474e+00 -1.7946995497e+00 -1.8088675737e+00 -1.8283243179e+00 -1.8121027946e+00 -1.8047171831e+00 1.0149902105e+00 3.5805314779e-02 6.4887052774e-01 -1.8917275965e-01 1.6317653656e-01 2.6039677858e-01 1.7298704386e-01 1.7461879551e-01 -1.5793906152e-01 -4.9235086888e-02 3.4071350098e-01 2.3626317084e-01 1.4638601542e+00 -7.9679644108e-01 -2.5463277102e-01 -8.0766117573e-01 -6.5422219038e-01 -1.2047703266e+00 -7.2845828533e-01 -3.8890135288e-01 -5.9427601099e-01 -1.7049471140e+00 -1.7698436975e+00 -1.8948627710e+00 -2.2120220661e+00 -2.4444558620e+00 -1.6960784197e+00 -1.7724823952e+00 -1.9024019241e+00 -2.1569240093e+00 9.3137317896e-01 8.9862585068e-01 3.1245577335e-01 2.2013752460e+00 1.8039594889e+00 -2.2091174126e+00 2.5357837677e+00 2.2907891273e+00 2.4620599747e+00 1.3716952801e+00 1.3446331024e+00 1.2889577150e+00 8.0690127611e-01 1.3716953993e+00 -1.0090149641e+00 -1.9158921242e+00 -1.8948627710e+00 -1.7346485853e+00 -9.7094364464e-02 1.4269727468e+00 -1.9515306950e+00 -1.8441030979e+00 -1.0591057539e+00 1.8447220325e+00 1.4473339319e+00 2.0134949684e+00 1.0149902105e+00 1.0038307905e+00 -7.0951700211e-01 -8.5006606579e-01 1.1080168486e+00 6.4159804583e-01 8.3864426613e-01 8.5870140791e-01
-1.2683770061e-01 -1.5850934982e+00 -1.6896392107e+00 -1.6941989660e+00 -1.7634023428e+00 -1.7468974590e+00 -1.7708609104e+00 -1.7912938595e+00 -1.8107405901e+00 -1.8276091814e+00 -1.8088445663e+00 -9.1175630689e-02 1.0098558664e+00 3.2873068005e-02 6.6352570057e-01 -1.8898519874e-01 1.8719775975e-01 2.3334099352e-01 1.7419254780e-01 1.6896505654e-01 -1.6220614314e-01 -4.9760248512e-02 -3.3704298735e-01 2.3970575631e-01 1.4555454254e+00 -7.9722642899e-01 -2.5816270709e-01 -8.0589163303e-01 -6.5549802780e-01 -1.1903548241e+00 -7.4054467678e-01 -3.7934765220e-01 -1.6752403975e+00 -1.7488126755e+00 -1.8702473640e+00 -2.1975328922e+00 -2.4481341839e+00 -1.6673773527e+00 -1.7461768389e+00 -1.8794481754e+00 -2.1409091949e+00 9.6693873405e-01 9.2897158861e-01 3.3505570889e-01 2.4035322666e+00 1.5794394016e+00 -2.2910289764e+00 2.4046649933e+00 2.0795152187e+00 2.3667154312e+00 1.1715261936e+00 1.3335835934e+00 1.2330719233e+00 6.9470143318e-01 1.1715260744e+00 -1.0016019344e+00 -1.8943376541e+00 -1.8702473640e+00 -1.7087874413e+00 -1.1016137898e-01 1.2419948578e+00 -1.9266470671e+00 -1.8173578978e+00 -1.0869576931e+00 1.6232630014e+00 1.4564836025e+00 2.0116813183e+00 -9.1175630689e-02 -8.3132073283e-02 -7.0307958126e-01 -8.8269120455e-01 3.5973528028e-01 6.6473537683e-01 8.7723380327e-01 8.9399266243e-01
-1.2683770061e-01 -1.5943883657e+00 -1.5843812227e+00 -1.6900707483e+00 -1.6962739229e+00 -1.7665426731e+00 -1.7542780638e+00 -1.7675170898e+00 -1.7931567430e+00 -1.8100355864e+00 -1.8243223429e+00 -5.9350234270e-01 -9.2155717313e-02 1.0122447014e+00 4.3540887535e-02 6.5711188316e-01 -1.7438709736e-01 1.6190528870e-01 2.3516602814e-01 1.6854113340e-01 1.6674274206e-01 -1.6238601506e-01 -7.3615902662e-01 -3.3592754602e-01 2.3853579164e-01 1.4753025770e+00 -8.0558037758e-01 -2.6163145900e-01 -8.0974423885e-01 -6.4987611771e-01 -1.2051407099e+00 -7.2659432888e-01 -1.6540509462e+00 -1.7324899435e+00 -1.8480681181e+00 -2.1852462292e+00 -2.4523046017e+00 -1.6690887213e+00 -1.7361344099e+00 -1.8648021221e+00 -2.1281609535e+00 9.4547879696e-01 9.4857144356e-01 2.1952739358e-01 2.5273523331e+00 1.1879944801e+00 -2.1321182251e+00 1.5883265734e+00 8.6613118649e-01 1.7566543818e+00 4.7113496065e-01 1.0775413513e+00 9.7960066795e-01 4.0796017647e-01 4.7113502026e-01 -9.9237978458e-01 -1.8965617418e+00 -1.8480681181e+00 -1.6638796329e+00 -2.1496899426e-01 8.3037543297e-01 -1.9008857012e+00 -1.7958805561e+00 -1.1165353060e+00 1.2962125540e+00 1.0518704653e+00 1.9988245964e+00 -5.9350234270e-01 -5.8238011599e-01 -5.9272420406e-01 -8.0940020084e-01 -1.1192390919e+00 6.6235661507e-01 9.1467601061e-01 8.0552393198e-01
-1.2683770061e-01 -1.6563509703e+00 -1.5936690569e+00 -1.5847823620e+00 -1.6921436787e+00 -1.6993335485e+00 -1.7739701271e+00 -1.7509773970e+00 -1.7693663836e+00 -1.7924621105e+00 -1.8067812920e+00 -7.6730626822e-01 -5.9259593487e-01 -9.5786981285e-02 1.0292519331e+00 4.1926831007e-02 6.9434976578e-01 -1.9096916914e-01 1.6299703717e-01 2.2918248177e-01 1.6631615162e-01 1.6555747390e-01 -6.4580416679e-01 -7.3666363955e-01 -3.3373785019e-01 2.4738520384e-01 1.4871531725e+00 -8.0383068323e-01 -2.5623726845e-01 -8.0165296793e-01 -6.6150325537e-01 -1.1853814125e+00 -1.6623606682e+00 -1.7260022163e+00 -1.8325582743e+00 -2.1749401093e+00 -2.4572372437e+00 -1.6969826221e+00 -1.7426506281e+00 -1.8594063520e+00 -2.1192989349e+00 8.6859339476e-01 9.4749552011e-01 -2.7547243517e-03 2.3959183693e+00 7.5980997086e-01 -1.1778568029e+00 7.2985863686e-01 -1.7000435293e-01 1.0662922859e+00 -3.7618410587e-01 4.5409846306e-01 3.5435646772e-01 1.8804013729e-01 -3.7618410587e-01 -9.6159505844e-01 -1.9091644287e+00 -1.8325582743e+00 -1.6214499474e+00 -3.3530679345e-01 2.4900862575e-01 -1.8822891712e+00 -1.7809785604e+00 -1.1457960606e+00 1.0410702229e+00 6.7774480581e-01 1.9823642969e+00 -7.6730626822e-01 -7.5595325232e-01 -4.4623216987e-01 -7.1361374855e-01 -6.5202480555e-01 5.6440192461e-01 9.3490785360e-01 6.2183302641e-01
-1.2683770061e-01 -1.7358695269e+00 -1.6555850506e+00 -1.5940729380e+00 -1.5868035555e+00 -1.6951982975e+00 -1.7066007853e+00 -1.7706183195e+00 -1.7528171539e+00 -1.7686854601e+00 -1.7892402411e+00 -3.7411227822e-01 -7.6574712992e-01 -5.9896099567e-01 -8.5951969028e-02 1.0200067759e+00 6.2703661621e-02 6.5684026480e-01 -1.9349972904e-01 1.5740659833e-01 2.2733682394e-01 1.6513219476e-01 -6.6239571571e-01 -6.4594203234e-01 -7.3213505745e-01 -3.3001756668e-01 2.4831861258e-01 1.4670464993e+00 -8.0764830112e-01 -2.5700727105e-01 -8.1416708231e-01 -6.4854115248e-01 -1.6791876554e+00 -1.7251656055e+00 -1.8217065334e+00 -2.1633582115e+00 -2.4612064362e+00 -1.7284334898e+00 -1.7550615072e+00 -1.8582997322e+00 -2.1124114990e+00 7.7502292395e-01 9.2624282837e-01 -2.1967278421e-01 2.2013986111e+00 4.8792296648e-01 -9.3047553301e-01 3.7286540866e-01 -5.4682070017e-01 7.6402461529e-01 -9.1556721926e-01 -2.9033729434e-01 -3.3487375826e-02 1.2196391821e-01 -9.1556727886e-01 -9.7160375118e-01 -1.9218044281e+00 -1.8217065334e+00 -1.5879480839e+00 -4.3558773398e-01 -1.1995570362e-01 -1.8696628809e+00 -1.7697544098e+00 -1.1967803240e+00 5.9187442064e-01 9.0630635619e-02 1.9684318304e+00 -3.7411227822e-01 -3.6389550567e-01 -4.2043125629e-01 -7.0390576124e-01 -5.4466229677e-01 4.5001372695e-01 9.3387508392e-01 4.4155398011e-01
-1.2683770061e-01 -1.7740802765e+00 -1.7350438833e+00 -1.6560068130e+00 -1.5960986614e+00 -1.5897315741e+00 -1.7024557590e+00 -1.7034238577e+00 -1.7724692822e+00 -1.7521458864e+00 -1.7655075788e+00 4.4141203165e-01 -3.7402975559e-01 -7.7305811644e-01 -5.9238302708e-01 -8.6563535035e-02 1.0669549704e+00 4.0410209447e-02 6.6301262379e-01 -1.9714830816e-01 1.5511198342e-01 2.2596636415e-01 4.7502231598e-01 -6.6260087490e-01 -6.4194297791e-01 -7.3198550940e-01 -3.3421769738e-01 2.4002161622e-01 1.5018104315e+00 -7.9959052801e-01 -2.6633843780e-01 -7.9929625988e-01 -1.7080630064e+00 -1.7221312523e+00 -1.8119136095e+00 -2.1509160995e+00 -2.4639942646e+00 -1.7341138124e+00 -1.7567973137e+00 -1.8528091908e+00 -2.1038591862e+00 7.2182071209e-01 8.9764624834e-01 -2.9862615466e-01 2.0540356636e+00 5.5578547716e-01 -1.0755155087e+00 6.9115489721e-01 -2.6306014508e-02 1.0155371428e+00 -4.0610125661e-01 -6.0323464870e-01 1.9325728714e-01 2.0306070149e-01 -4.0610125661e-01 -9.8557573557e-01 -1.9254201651e+00 -1.8119136095e+00 -1.5654915571e+00 -4.9248361588e-01 2.0379246771e-01 -1.8610759974e+00 -1.7568674088e+00 -1.1560575962e+00 3.7545257807e-01 1.3080993295e-01 1.9817354679e+00 4.4141203165e-01 4.4232213497e-01 -3.9771226048e-01 -7.2679734230e-01 2.1099545062e-01 2.8978344798e-01 9.2603480816e-01 3.8046562672e-01
-1.2683770061e-01 -1.7286405563e+00 -1.7732257843e+00 -1.7354884148e+00 -1.6580629349e+00 -1.5990378857e+00 -1.5967375040e+00 -1.6992894411e+00 -1.7052363157e+00 -1.7717865705e+00 -1.7489985228e+00 2.0795902610e-01 4.3843179941e-01 -3.7920087576e-01 -7.6760697365e-01 -5.8907395601e-01 -6.9224841893e-02 1.0204696655e+00 4.0254779160e-02 6.5469855070e-01 -2.0166063309e-01 1.5396226943e-01 -6.2258914113e-02 4.7943407297e-01 -6.5850460529e-01 -6.4098501205e-01 -7.3975950480e-01 -3.3696144819e-01 2.5393876433e-01 1.4728952646e+00 -8.1209260225e-01 -2.5831714272e-01 -1.7307058573e+00 -1.7185733318e+00 -1.8024382591e+00 -2.1383209229e+00 -2.4665310383e+00 -1.7306045294e+00 -1.7541992664e+00 -1.8456995487e+00 -2.0947189331e+00 6.8598049879e-01 8.6695820093e-01 -3.2111042738e-01 1.9201531410e+00 3.9060112834e-01 -1.1816064119e+00 8.3594632149e-01 2.0144608617e-01 1.1319068670e+00 -1.6294947267e-01 -5.2717685699e-01 2.5935122371e-01 2.1458557248e-01 -1.6294947267e-01 -1.0184313059e+00 -1.9263422489e+00 -1.8024382591e+00 -1.5463345051e+00 -5.3637546301e-01 3.4307751060e-01 -1.8535776138e+00 -1.7462435961e+00 -1.1344114542e+00 4.6215572953e-01 4.7165101767e-01 1.9850894213e+00 2.0795902610e-01 2.1248252690e-01 -3.9520093799e-01 -7.2915714979e-01 1.0234225988e+00 1.5679906309e-01 9.1651171446e-01 3.6157435179e-01
-1.2683770061e-01 -1.7069537640e+00 -1.7278203964e+00 -1.7736812830e+00 -1.7375837564e+00 -1.6610766649e+00 -1.6060659885e+00 -1.5938456059e+00 -1.7010995150e+00 -1.7045928240e+00 -1.7686029673e+00 -3.3264040947e-01 2.0585554838e-01 4.3769901991e-01 -3.7120035291e-01 -7.6294142008e-01 -5.8518135548e-01 -8.8340200484e-02 1.0303746462e+00 3.5332933068e-02 6.5551447868e-01 -2.0171992481e-01 -1.0610938072e+00 -6.0028064996e-02 4.7686496377e-01 -6.5769511461e-01 -6.4794993401e-01 -7.3863720894e-01 -3.3284708858e-01 2.4500118196e-01 1.4736737013e+00 -7.9724770784e-01 -1.7477403879e+00 -1.7164809704e+00 -1.7949216366e+00 -2.1264963150e+00 -2.4688713551e+00 -1.7397304773e+00 -1.7583878040e+00 -1.8426330090e+00 -2.0873882771e+00 6.2923538685e-01 8.3004122972e-01 -3.8807696104e-01 1.8231620789e+00 3.9359620214e-01 -1.3172264099e+00 4.9921241403e-01 -2.1202668548e-01 8.5279411077e-01 -9.6812659502e-01 -5.4592406750e-01 1.3983702660e-01 4.5986879617e-02 -9.6812665462e-01 -1.0278887749e+00 -1.9322217703e+00 -1.7949216366e+00 -1.5259983540e+00 -5.9310376644e-01 -5.6965231895e-02 -1.8438838720e+00 -1.7387132645e+00 -1.1638486385e+00 1.7608202994e-01 3.8915160298e-01 1.9779433012e+00 -3.3264040947e-01 -3.2267153263e-01 -3.8189119101e-01 -7.0986300707e-01 -1.1167507172e+00 5.5168550462e-02 9.0259033442e-01 2.9446220398e-01
-1.2683770061e-01 -1.7410334349e+00 -1.7061498165e+00 -1.7282627821e+00 -1.7757954597e+00 -1.7406930923e+00 -1.6682527065e+00 -1.6031498909e+00 -1.5955953598e+00 -1.7004584074e+00 -1.7015333176e+00 1.7818057537e-01 -3.3271366358e-01 2.0385225117e-01 4.5098727942e-01 -3.6960360408e-01 -7.6370114088e-01 -5.9186762571e-01 -8.9817278087e-02 1.0200594664e+00 3.2274760306e-02 6.5283536911e-01 -6.5315961838e-01 -1.0629173517e+00 -5.9448663145e-02 4.8785039783e-01 -6.6480857134e-01 -6.4770287275e-01 -7.4134725332e-01 -3.3239060640e-01 2.3860377073e-01 1.4599394798e+00 -1.7450397015e+00 -1.7193061113e+00 -1.7878282070e+00 -2.1135039330e+00 -2.4701082706e+00 -1.7395602465e+00 -1.7583709955e+00 -1.8380227089e+00 -2.0795538425e+00 5.8973491192e-01 7.9189920425e-01 -4.0124705434e-01 1.7330988646e+00 1.7609696090e-01 -1.4282008410e+00 6.3623046875e-01 1.7528226599e-02 9.5960336924e-01 -7.1568989754e-01 -6.5634983778e-01 1.1271584779e-01 5.1854070276e-02 -7.1568989754e-01 -1.0483665466e+00 -1.9357347488e+00 -1.7878282070e+00 -1.5088405609e+00 -6.3784480095e-01 7.8464955091e-02 -1.8379834890e+00 -1.7292741537e+00 -1.1421866417e+00 9.5823049545e-02 3.4511128068e-01 1.9808250666e+00 1.7818057537e-01 1.8311050534e-01 -4.4954779744e-01 -7.1282798052e-01 -1.4974439144e-01 3.7437096238e-02 8.8308501244e-01 2.7054163814e-01
-1.2683770061e-01 -1.7224445343e+00 -1.7402038574e+00 -1.7065860033e+00 -1.7303546667e+00 -1.7789508104e+00 -1.7480589151e+00 -1.6651751995e+00 -1.6049050093e+00 -1.5950156450e+00 -1.6974066496e+00 1.4765749872e-01 1.7618893087e-01 -3.3765909076e-01 2.1562680602e-01 4.4621887803e-01 -3.5983848572e-01 -7.6608693600e-01 -5.9851342440e-01 -9.4030603766e-02 1.0231608152e+00 3.1500477344e-02 -1.0602579117e+00 -6.5332728624e-01 -1.0564846992e+00 -5.3269997239e-02 4.9092173576e-01 -6.6440081596e-01 -6.4886790514e-01 -7.3435091972e-01 -3.4216234088e-01 2.4031172693e-01 -1.7315371037e+00 -1.7209801674e+00 -1.7813704014e+00 -2.1002042294e+00 -2.4708206654e+00 -1.7342354059e+00 -1.7554870844e+00 -1.8323211670e+00 -2.0713667870e+00 5.6225550175e-01 7.5539696217e-01 -3.8361811638e-01 1.6949311495e+00 3.6785167456e-01 -1.5425139666e+00 7.5125461817e-01 2.1083199978e-01 1.0491619110e+00 -5.0532418489e-01 -7.7846974134e-01 3.5353422165e-01 1.5397588909e-01 -5.0532418489e-01 -1.0615335703e+00 -1.9366583824e+00 -1.7813704014e+00 -1.4954891205e+00 -6.6880935431e-01 1.9898347557e-01 -1.8298355341e+00 -1.7227691412e+00 -1.1173182726e+00 -1.0079762340e-01 3.3629122376e-01 1.9835751057e+00 1.4765749872e-01 1.5299120545e-01 -4.4507959485e-01 -7.1703422070e-01 -6.9311112165e-01 6.7277669907e-02 8.6021429300e-01 2.6930651069e-01
-1.2683770061e-01 -1.7069537640e+00 -1.7216290236e+00 -1.7406499386e+00 -1.7086671591e+00 -1.7334551811e+00 -1.7864077091e+00 -1.7447743416e+00 -1.6669658422e+00 -1.6043198109e+00 -1.5921586752e+00 2.0733264089e-01 1.4578047395e-01 1.7402356863e-01 -3.2938966155e-01 2.1268051863e-01 4.7781372070e-01 -3.7195312977e-01 -7.7452111244e-01 -5.9995591640e-01 -9.7897939384e-02 1.0193579197e+00 -8.9237844944e-01 -1.0620781183e+00 -6.4928513765e-01 -1.0592421293e+00 -5.5009655654e-02 4.8031204939e-01 -6.6584956646e-01 -6.4335215092e-01 -7.4647170305e-01 -3.3319300413e-01 -1.7228121758e+00 -1.7311296463e+00 -1.7756000757e+00 -2.0872335434e+00 -2.4707956314e+00 -1.7233895063e+00 -1.7491090298e+00 -1.8250194788e+00 -2.0625765324e+00 5.4838693142e-01 7.2317278385e-01 -3.3762547374e-01 1.6418334246e+00 1.6670757532e-01 -1.5578707457e+00 9.1197448969e-01 4.7702965140e-01 1.1746550798e+00 -2.1081648767e-01 -5.0834840536e-01 2.8670227528e-01 2.1767430007e-02 -2.1081648767e-01 -1.0866241455e+00 -1.9336960316e+00 -1.7756000757e+00 -1.4873408079e+00 -6.8029427528e-01 4.0374380350e-01 -1.8243041039e+00 -1.7157155275e+00 -1.0974937677e+00 -2.6612266898e-01 -4.8260383308e-02 1.9866375923e+00 2.0733264089e-01 2.1186481416e-01 -6.6126376390e-01 -7.2385525703e-01 1.0402946472e+00 8.0035477877e-02 8.3600485325e-01 2.9004600644e-01
-1.2683770061e-01 -1.6852668524e+00 -1.7061498165e+00 -1.7220696211e+00 -1.7427477837e+00 -1.7117416859e+00 -1.7408037186e+00 -1.7830235958e+00 -1.7466105223e+00 -1.6663445234e+00 -1.6014456749e+00 -1.3386095762e+00 2.0523150265e-01 1.4344900846e-01 1.8560503423e-01 -3.2811659575e-01 2.3802635074e-01 4.4552046061e-01 -3.7634152174e-01 -7.7500486374e-01 -6.0698771477e-01 -9.8274365067e-02 -1.1564637423e+00 -8.9351719618e-01 -1.0556503534e+00 -6.4839303493e-01 -1.0699256659e+00 -6.0415018350e-02 4.9831166863e-01 -6.6006189585e-01 -6.5494114161e-01 -7.3244726658e-01 -1.7462862730e+00 -1.7543584108e+00 -1.7767114639e+00 -2.0779414177e+00 -2.4718680382e+00 -1.7627154589e+00 -1.7695301771e+00 -1.8320850134e+00 -2.0600252151e+00 4.4511869550e-01 6.7488795519e-01 -5.1029074192e-01 1.3540321589e+00 -4.2995324731e-01 -5.8727824688e-01 -3.6830639839e-01 -1.0490943193e+00 8.6257509887e-02 -1.5136431456e+00 -7.9296660423e-01 -8.3760327101e-01 -3.8808298111e-01 -1.5136431456e+00 -9.4735896587e-01 -1.9317202568e+00 -1.7767114639e+00 -1.4914525747e+00 -6.6723120213e-01 -1.2657147646e+00 -1.8182108402e+00 -1.7210366726e+00 -1.1339030266e+00 -2.9902082682e-01 -1.1681655794e-01 1.9508533478e+00 -1.3386095762e+00 -1.3295569420e+00 -3.9303898811e-01 -5.3583681583e-01 -1.2999781370e+00 -1.3161715120e-02 7.9970997572e-01 1.1019223928e-01
-1.2683770061e-01 -1.8236500025e+00 -1.6844792366e+00 -1.7065860033e+00 -1.7241584063e+00 -1.7458633184e+00 -1.7190384865e+00 -1.7375379801e+00 -1.7848818302e+00 -1.7459428310e+00 -1.6633558273e+00 1.1928477883e-01 -1.3349049091e+00 2.0322480798e-01 1.5483257174e-01 1.8289117515e-01 -3.1724137068e-01 2.1150945127e-01 4.4952353835e-01 -3.7899413705e-01 -7.8313165903e-01 -6.0580813885e-01 -2.8810426593e-01 -1.1586744785e+00 -8.8807320595e-01 -1.0584003925e+00 -6.5542382002e-01 -1.0656559467e+00 -5.1602233201e-02 4.8546183109e-01 -6.7174857855e-01 -6.4206111431e-01 -1.7604125738e+00 -1.7700536251e+00 -1.7763940096e+00 -2.0690231323e+00 -2.4722406864e+00 -1.7847636938e+00 -1.7839418650e+00 -1.8372527361e+00 -2.0570452213e+00 3.6738669872e-01 6.1931991577e-01 -5.8859270811e-01 1.1666437387e+00 -6.4227455854e-01 -2.6268199086e-01 -2.6379972696e-01 -8.8110667467e-01 1.6594202816e-01 -9.7709637880e-01 -9.6124082804e-01 -1.7326788902e+00 -6.4613068104e-01 -9.7709625959e-01 -9.4902807474e-01 -1.9322880507e+00 -1.7763940096e+00 -1.4902741909e+00 -6.7097961903e-01 -1.1272525787e+00 -1.8207044601e+00 -1.7222739458e+00 -1.1034801006e+00 1.3345973194e-01 -8.6968559027e-01 1.9535826445e+00 1.1928477883e-01 1.2498216331e-01 -4.0504175425e-01 -5.3648716211e-01 1.4189076424e+00 -7.3275096714e-02 7.6987850666e-01 1.5865435824e-02
-1.2683770061e-01 -1.8112579584e+00 -1.8227583170e+00 -1.6849092245e+00 -1.7086671591e+00 -1.7272515297e+00 -1.7532414198e+00 -1.7158291340e+00 -1.7393701077e+00 -1.7841918468e+00 -1.7428070307e+00 6.4659768343e-01 1.1751430482e-01 -1.3453251123e+00 2.1499529481e-01 1.5235693753e-01 2.0743991435e-01 -3.3038216829e-01 2.1311038733e-01 4.4237238169e-01 -3.8464388251e-01 -7.8141373396e-01 -6.0154616833e-01 -2.8679016232e-01 -1.1516828537e+00 -8.8932126760e-01 -1.0690762997e+00 -6.5510547161e-01 -1.0739219189e+00 -5.5648300797e-02 4.8046970367e-01 -6.5865838528e-01 -1.7649825811e+00 -1.7709947824e+00 -1.7735887766e+00 -2.0579912663e+00 -2.4718430042e+00 -1.7772258520e+00 -1.7834881544e+00 -1.8353991508e+00 -2.0513675213e+00 3.4417062998e-01 5.6980586052e-01 -5.2350592613e-01 9.6232634783e-01 2.6815783978e-01 -4.8441344500e-01 2.5769215822e-01 -8.7388634682e-02 5.7253724337e-01 -3.3041441441e-01 -1.0038996935e+00 -5.7298886776e-01 -4.3294802308e-01 -3.3041441441e-01 -9.4589984417e-01 -1.9339070320e+00 -1.7735887766e+00 -1.4832592010e+00 -6.8958812952e-01 -3.6703979969e-01 -1.8184038401e+00 -1.7191100121e+00 -1.0797708035e+00 1.6394293308e-01 -3.5182270408e-01 1.9649071693e+00 6.4659768343e-01 6.4370924234e-01 -3.9556175470e-01 -5.0273019075e-01 4.7730693221e-01 -1.0376435518e-01 7.4169158936e-01 4.7643240541e-02
-1.2683770061e-01 -1.7451643944e+00 -1.8103755713e+00 -1.8232280016e+00 -1.6869796515e+00 -1.7117416859e+00 -1.7345852852e+00 -1.7499433756e+00 -1.7176487446e+00 -1.7387067080e+00 -1.7809853554e+00 -4.6505397558e-01 6.4284682274e-01 1.1502843350e-01 -1.3435783386e+00 2.1205389500e-01 1.7608864605e-01 1.8165983260e-01 -3.3434382081e-01 2.0724698901e-01 4.4186022878e-01 -3.8414391875e-01 -9.5306080580e-01 -6.0150438547e-01 -2.8488728404e-01 -1.1552935839e+00 -8.9849400520e-01 -1.0648146868e+00 -6.5639632940e-01 -1.0616012812e+00 -6.3802734017e-02 4.7915357351e-01 -1.7822248936e+00 -1.7728787661e+00 -1.7741178274e+00 -2.0479717255e+00 -2.4724428654e+00 -1.7881832123e+00 -1.7919183969e+00 -1.8384157419e+00 -2.0479359627e+00 2.9280599952e-01 5.1900064945e-01 -5.3738725185e-01 7.1460026503e-01 -6.1798974872e-02 -3.6343142390e-01 -1.2912297249e-01 -5.4191857576e-01 2.3208723962e-01 -7.9521656036e-01 -7.4764752388e-01 -9.4576734304e-01 -3.9517492056e-01 -7.9521661997e-01 -9.1960489750e-01 -1.9333182573e+00 -1.7741178274e+00 -1.4848659039e+00 -6.8487113714e-01 -9.5109826326e-01 -1.8176658154e+00 -1.7219737768e+00 -1.1262770891e+00 2.6172453165e-01 -9.8574072123e-01 1.9490869045e+00 -4.6505397558e-01 -4.5437896252e-01 -3.8336724043e-01 -4.8521476984e-01 -6.1973047256e-01 -1.7339229584e-01 7.0497602224e-01 3.1793778762e-03
3.7884731293e+00 -1.7926691771e+00 -1.7443317175e+00 -1.8108417988e+00 -1.8253667355e+00 -1.6900280714e+00 -1.7190384865e+00 -1.7313357592e+00 -1.7517825365e+00 -1.7169979811e+00 -1.7355841398e+00 1.7947632074e-01 -4.6462994814e-01 6.4323079586e-01 1.2622803450e-01 -1.3344537020e+00 2.3738297820e-01 1.5106379986e-01 1.8295435607e-01 -3.3722519875e-01 2.0526412129e-01 4.3983408809e-01 2.4056777358e-01 -9.5444589853e-01 -5.9776467085e-01 -2.8072911501e-01 -1.1668310165e+00 -8.9585852623e-01 -1.0730664730e+00 -6.5075999498e-01 -1.0756347179e+00 -5.8313760906e-02 -1.8000906706e+00 -1.7774825096e+00 -1.7749118805e+00 -2.0395162106e+00 -2.4729347229e+00 -1.7892343998e+00 -1.7953716516e+00 -1.8393082619e+00 -2.0438477993e+00 2.6135489345e-01 4.7150233388e-01 -5.0183588266e-01 4.8456880450e-01 -2.4770739675e-01 -5.2337235212e-01 1.7979558557e-02 -3.2095566392e-01 3.4736248851e-01 -5.4333710670e-01 -5.9293198586e-01 -9.9358457327e-01 -1.1554766446e-01 -5.4333710670e-01 -9.4430875778e-01 -1.9329990149e+00 -1.7749118805e+00 -1.4867126942e+00 -6.8019706011e-01 -7.0366919041e-01 -1.8189480305e+00 -1.7239004374e+00 -1.1013299227e+00 4.4325044751e-01 -1.4088451862e+00 1.9524294138e+00 1.7947632074e-01 1.8438883126e-01 -4.1331273317e-01 -4.8705890775e-01 8.5813033581e-01 -2.4453373253e-01 6.7273509502e-01 2.1667960100e-03
-1.2683770061e-01 -1.7740802765e+00 -1.7918007374e+00 -1.7447788715e+00 -1.8129743338e+00 -1.8285815716e+00 -1.6972731352e+00 -1.7158291340e+00 -1.7331641912e+00 -1.7511119843e+00 -1.7139157057e+00 -7.9995530844e-01 1.7747980356e-01 -4.7029599547e-01 6.5784943104e-01 1.2397383153e-01 -1.3505059481e+00 2.1088157594e-01 1.5204425156e-01 1.7725521326e-01 -3.4261369705e-01 2.0396111906e-01 -8.8824099302e-01 2.4402783811e-01 -9.4864630699e-01 -5.9641081095e-01 -2.8449106216e-01 -1.1616375446e+00 -9.0123975277e-01 -1.0607594252e+00 -6.6239231825e-01 -1.0574946404e+00 -1.8065302372e+00 -1.7925494909e+00 -1.7807347775e+00 -2.0318310261e+00 -2.4735403061e+00 -1.8173828125e+00 -1.8133127689e+00 -1.8481750488e+00 -2.0433936119e+00 1.8314440548e-01 4.1645911336e-01 -5.8294981718e-01 3.2261374593e-01 -1.9843858480e-01 -7.9841786623e-01 -5.9639436007e-01 -1.0152419806e+00 -2.0568667352e-01 -1.2803984880e+00 -9.3177729845e-01 -1.2246019840e+00 -2.4230948091e-01 -1.2803986073e+00 -9.0058535337e-01 -1.9259715080e+00 -1.7807347775e+00 -1.5049331188e+00 -6.2590879202e-01 -1.4947752953e+00 -1.8189480305e+00 -1.7313246727e+00 -1.1355465651e+00 1.1019384861e-01 -1.4273904562e+00 1.9323595762e+00 -7.9995530844e-01 -7.8860718012e-01 -3.4707251191e-01 -4.4020870328e-01 -1.6662517786e+00 -2.4756149948e-01 6.2500482798e-01 -1.0602080077e-01
-1.2683770061e-01 -1.8556647301e+00 -1.7732257843e+00 -1.7922614813e+00 -1.7468788624e+00 -1.8161742687e+00 -1.8361568451e+00 -1.6941204071e+00 -1.7176487446e+00 -1.7325044870e+00 -1.7479665279e+00 4.4648379087e-01 -7.9827362299e-01 1.7532148957e-01 -4.6288514137e-01 6.5147954226e-01 1.4694607258e-01 -1.3387558460e+00 2.1247605979e-01 1.4651347697e-01 1.7508473992e-01 -3.4224218130e-01 -4.0290758014e-01 -8.8936299086e-01 2.4283263087e-01 -9.5043724775e-01 -6.0297936201e-01 -2.8770884871e-01 -1.1715341806e+00 -8.9168357849e-01 -1.0747879744e+00 -6.4941912889e-01 -1.8063225746e+00 -1.7995600700e+00 -1.7832225561e+00 -2.0242340565e+00 -2.4732120037e+00 -1.8208602667e+00 -1.8195728064e+00 -1.8517091274e+00 -2.0410218239e+00 1.4872145653e-01 3.6492270231e-01 -5.4524880648e-01 1.1809458584e-01 -4.1258040071e-01 -6.3993465900e-01 -2.2702890635e-01 -4.7133150697e-01 8.4627218544e-02 -6.8389809132e-01 -8.9207172394e-01 -1.3139790297e+00 -2.4082612991e-01 -6.8389809132e-01 -9.0910482407e-01 -1.9244872332e+00 -1.7832225561e+00 -1.5112035275e+00 -6.0916006565e-01 -9.3373107910e-01 -1.8226184845e+00 -1.7355494499e+00 -1.1108219624e+00 3.7501868606e-01 -1.4037544727e+00 1.9405289888e+00 4.4648379087e-01 4.4730705023e-01 -3.0748566985e-01 -4.2271202803e-01 1.2566456795e+00 -2.3653329909e-01 5.8962780237e-01 -1.0624203831e-01
-1.2683770061e-01 -1.8102250099e+00 -1.8547489643e+00 -1.7736812830e+00 -1.7943849564e+00 -1.7499992847e+00 -1.8237199783e+00 -1.8326436281e+00 -1.6959275007e+00 -1.7169979811e+00 -1.7293933630e+00 4.2335417867e-01 4.4348451495e-01 -8.0576223135e-01 1.8691137433e-01 -4.6057859063e-01 6.8856674433e-01 1.2262326479e-01 -1.3530687094e+00 2.0661611855e-01 1.4415071905e-01 1.7387399077e-01 -8.9990103245e-01 -4.0205946565e-01 -8.8394325972e-01 2.5172057748e-01 -9.6015334129e-01 -6.0316103697e-01 -2.8275769949e-01 -1.1576508284e+00 -9.0472400188e-01 -1.0566585064e+00 -1.8106850386e+00 -1.8040592670e+00 -1.7869284153e+00 -2.0168135166e+00 -2.4720261097e+00 -1.8085869551e+00 -1.8166583776e+00 -1.8506212234e+00 -2.0368962288e+00 1.4770378172e-01 3.2347175479e-01 -4.3682092428e-01 3.2466933131e-02 2.2073261440e-01 -7.8995120525e-01 9.9778853357e-02 -1.8068049103e-02 3.4766447544e-01 -1.1451698840e-01 -7.3911786079e-01 -4.7385218740e-01 -1.7761695385e-01 -1.1451698840e-01 -9.3104934692e-01 -1.9283522367e+00 -1.7869284153e+00 -1.5144773722e+00 -6.1011636257e-01 -4.2300605774e-01 -1.8276410103e+00 -1.7365746498e+00 -1.0926359892e+00 1.0675166547e-01 -9.2416262627e-01 1.9462285042e+00 4.2335417867e-01 4.2457079887e-01 -2.8123441339e-01 -4.4406726956e-01 1.5530767851e-02 -2.3956039548e-01 5.5046439171e-01 -4.4085126370e-02
-1.2683770061e-01 -1.7668513060e+00 -1.8093434572e+00 -1.8552278280e+00 -1.7757954597e+00 -1.7975624800e+00 -1.7573872805e+00 -1.8202390671e+00 -1.8345302343e+00 -1.6952893734e+00 -1.7139157057e+00 5.9220421314e-01 4.2044177651e-01 4.4277936220e-01 -8.0052286386e-01 1.8418739736e-01 -4.5324775577e-01 6.5119653940e-01 1.2331175059e-01 -1.3504009247e+00 2.0462930202e-01 1.4303450286e-01 -1.2422631979e+00 -9.0107035637e-01 -3.9948382974e-01 -8.8515424728e-01 2.5269252062e-01 -9.5693004131e-01 -6.0356932878e-01 -2.8310310841e-01 -1.1722455025e+00 -8.8872087002e-01 -1.7932351828e+00 -1.8039547205e+00 -1.7877223492e+00 -2.0083572865e+00 -2.4715840816e+00 -1.7799056768e+00 -1.8029853106e+00 -1.8436170816e+00 -2.0303382874e+00 1.8386237323e-01 2.9819110036e-01 -2.6297631860e-01 3.1044207513e-02 5.9768229723e-01 -1.0030324459e+00 5.1493686438e-01 5.1124352217e-01 6.9255793095e-01 6.8533682823e-01 -3.7968769670e-02 2.7242677286e-02 9.6704684198e-02 6.8533676863e-01 -9.0932369232e-01 -1.9299494028e+00 -1.7877223492e+00 -1.5144104958e+00 -6.1360508204e-01 2.5208604336e-01 -1.8270260096e+00 -1.7387132645e+00 -1.0639196634e+00 -1.1575623602e-01 -1.0541125536e+00 1.9587956667e+00 5.9220421314e-01 5.9037929773e-01 -2.3086623847e-01 -4.1351550817e-01 8.5199528933e-01 -1.6366161406e-01 5.1822352409e-01 7.7106408775e-02
-1.2683770061e-01 -1.7059208155e+00 -1.7660022974e+00 -1.8098093271e+00 -1.8573821783e+00 -1.7789508104e+00 -1.8050638437e+00 -1.7540785074e+00 -1.8221185207e+00 -1.8338114023e+00 -1.6922471523e+00 3.1728228927e-01 5.8865767717e-01 4.1961073875e-01 4.5610049367e-01 -7.9560244083e-01 2.0877081156e-01 -4.6311220527e-01 6.5731096268e-01 1.1793749779e-01 -1.3621268272e+00 2.0332823694e-01 -6.9089800119e-01 -1.2448221445e+00 -8.9558231831e-01 -3.9635279775e-01 -8.9428997040e-01 2.4435383081e-01 -9.6334886551e-01 -5.9877878428e-01 -2.9258680344e-01 -1.1528975964e+00 -1.7728770971e+00 -1.8026989698e+00 -1.7922214270e+00 -1.9983384609e+00 -2.4711046219e+00 -1.7496666908e+00 -1.7856752872e+00 -1.8340163231e+00 -2.0226294994e+00 2.3127734661e-01 2.8829982877e-01 -9.7527436912e-02 4.4737815857e-02 4.6793222427e-01 -1.1555014849e+00 7.2233486176e-01 7.5845092535e-01 8.6930757761e-01 1.1191525459e+00 6.0515284538e-01 4.5358929038e-01 1.3820546865e-01 1.1191524267e+00 -9.1604822874e-01 -1.9488350153e+00 -1.7922214270e+00 -1.5042210817e+00 -6.7535811663e-01 7.5171184540e-01 -1.8315743208e+00 -1.7440336943e+00 -1.0175896883e+00 9.4880595803e-02 -7.9310703278e-01 1.9697003365e+00 3.1728228927e-01 3.2020783424e-01 -2.2293560207e-01 -4.9445462227e-01 1.4957460165e+00 -6.0517132282e-02 4.6716588736e-01 1.9292186201e-01
-1.2683770061e-01 -1.6728739738e+00 -1.7051175833e+00 -1.7664557695e+00 -1.8119413853e+00 -1.8606356382e+00 -1.7864077091e+00 -1.8016313314e+00 -1.7559200525e+00 -1.8214069605e+00 -1.8305131197e+00 5.7059776038e-02 3.1476822495e-01 5.8874559402e-01 4.3278190494e-01 4.5129248500e-01 -7.9723608494e-01 1.8295867741e-01 -4.6843636036e-01 6.4902794361e-01 1.1539601535e-01 -1.3586393595e+00 2.3133167624e-01 -6.9121891260e-01 -1.2373278141e+00 -8.9689761400e-01 -4.0114271641e-01 -8.9169454575e-01 2.5834459066e-01 -9.5279842615e-01 -6.1010724306e-01 -2.8423732519e-01 -1.7348606586e+00 -1.7867945433e+00 -1.7959271669e+00 -1.9895082712e+00 -2.4707138538e+00 -1.7274236679e+00 -1.7703644037e+00 -1.8247170448e+00 -2.0149600506e+00 2.7015957236e-01 2.8886047006e-01 1.4839761890e-02 7.5623594224e-02 4.5989626646e-01 -1.2529425621e+00 7.6155477762e-01 8.0598139763e-01 9.0260189772e-01 1.2004896402e+00 1.0741963387e+00 8.4588909149e-01 1.1111097038e-01 1.2004896402e+00 -9.5387011766e-01 -1.9661662579e+00 -1.7959271669e+00 -1.4940541983e+00 -7.3386949301e-01 9.9363404512e-01 -1.8372640610e+00 -1.7462613583e+00 -9.9151533842e-01 2.2044815123e-01 -3.3605742455e-01 1.9708458185e+00 5.7059776038e-02 6.3515380025e-02 -5.5672019720e-01 -4.9388456345e-01 1.0824742317e+00 1.1290366203e-01 4.2310720682e-01 2.6605671644e-01
-1.2683770061e-01 -1.6666779518e+00 -1.6720956564e+00 -1.7055535316e+00 -1.7685663700e+00 -1.8151400089e+00 -1.8682872057e+00 -1.7830235958e+00 -1.8035001755e+00 -1.7552469969e+00 -1.8181315660e+00 -1.5182548761e-01 5.5522989482e-02 3.1335988641e-01 6.0301154852e-01 4.2815443873e-01 4.8302310705e-01 -7.9881405830e-01 1.8426652253e-01 -4.7058734298e-01 6.4980840683e-01 1.1436767876e-01 -8.2923036814e-01 2.3475424945e-01 -6.8695557117e-01 -1.2417061329e+00 -9.0613770485e-01 -4.0324845910e-01 -8.9700502157e-01 2.4933645129e-01 -9.6619594097e-01 -5.9778779745e-01 -1.7091012001e+00 -1.7737153769e+00 -1.7972502708e+00 -1.9816466570e+00 -2.4706444740e+00 -1.7178053856e+00 -1.7607080936e+00 -1.8178337812e+00 -2.0082497597e+00 2.8833508492e-01 2.9327002168e-01 5.6218661368e-02 1.1296759546e-01 3.6041918397e-01 -1.3466609716e+00 6.1197364330e-01 5.6992524862e-01 7.8085553646e-01 9.9713623524e-01 1.1854108572e+00 9.1508114338e-01 3.9276923053e-03 9.9713623524e-01 -9.9016022682e-01 -1.9710334539e+00 -1.7972502708e+00 -1.4917433262e+00 -7.4912840128e-01 8.2707828283e-01 -1.8414256573e+00 -1.7466328144e+00 -1.0104507208e+00 4.2965331674e-01 -6.7781054974e-01 1.9687678814e+00 -1.5182548761e-01 -1.4322112501e-01 -5.4006081820e-01 -5.2117139101e-01 -1.8853801489e-01 2.2556206584e-01 3.9101928473e-01 2.8224226832e-01
-1.2683770061e-01 -1.6821688414e+00 -1.6659042835e+00 -1.6725221872e+00 -1.7076342106e+00 -1.7717128992e+00 -1.8226832151e+00 -1.8646906614e+00 -1.7848818302e+00 -1.8027993441e+00 -1.7520939112e+00 2.3651695251e-01 -1.5257780254e-01 5.2698459476e-02 3.2584330440e-01 5.9706616402e-01 4.5926591754e-01 4.5060434937e-01 -8.0758422613e-01 1.7856024206e-01 -4.7681000829e-01 6.4714670181e-01 -1.2030203342e+00 -8.3011275530e-01 2.3361317813e-01 -6.8640112877e-01 -1.2540118694e+00 -9.0342938900e-01 -4.0026029944e-01 -8.8751667738e-01 2.4296438694e-01 -9.4942426682e-01 -1.6870812178e+00 -1.7648215294e+00 -1.7932277918e+00 -1.9729048014e+00 -2.4690542221e+00 -1.7030557394e+00 -1.7482146025e+00 -1.8091573715e+00 -2.0007481575e+00 3.1529730558e-01 3.0267354846e-01 1.0990868509e-01 2.0359563828e-01 6.5202647448e-01 -1.4754855633e+00 7.8579574823e-01 8.0780333281e-01 9.2333966494e-01 9.3558841944e-01 1.1199362278e+00 1.1822618246e+00 4.8204487562e-01 9.3558835983e-01 -9.9695879221e-01 -1.9604814053e+00 -1.7932277918e+00 -1.4945322275e+00 -7.2087645531e-01 1.0535430908e+00 -1.8387913704e+00 -1.7419662476e+00 -9.8171359301e-01 4.9334320426e-01 -6.3868641853e-01 1.9738243818e+00 2.3651695251e-01 2.4063906074e-01 -5.9658706188e-01 -5.7268738747e-01 -3.5001018643e-01 3.0081185699e-01 3.7518557906e-01 3.1720495224e-01
-1.2683770061e-01 -1.6573839188e+00 -1.6813834906e+00 -1.6663290262e+00 -1.6745864153e+00 -1.7107074261e+00 -1.7791526318e+00 -1.8192050457e+00 -1.8665956259e+00 -1.7841918468e+00 -1.7995584011e+00 2.2578300536e-01 2.3430621624e-01 -1.5653915703e-01 6.3494607806e-02 3.2204374671e-01 6.3269740343e-01 4.2741945386e-01 4.5465961099e-01 -8.0788785219e-01 1.7639793456e-01 -4.7602832317e-01 -6.8981140852e-01 -1.2054200172e+00 -8.2503879070e-01 2.4241848290e-01 -6.9376981258e-01 -1.2479872704e+00 -9.0893924236e-01 -3.9872458577e-01 -9.0053272247e-01 2.4461781979e-01 -1.6725397110e+00 -1.7487080097e+00 -1.7860285044e+00 -1.9618066549e+00 -2.4655210972e+00 -1.6852308512e+00 -1.7335925102e+00 -1.7989616394e+00 -1.9925293922e+00 3.4819021821e-01 3.1736481190e-01 1.6675604880e-01 3.2259565592e-01 7.6213628054e-01 -1.5903375149e+00 9.4922846556e-01 1.0230646133e+00 1.0583884716e+00 9.3921780586e-01 1.0267443657e+00 1.3650177717e+00 5.1442515850e-01 9.3921780586e-01 -1.0079498291e+00 -1.9453984499e+00 -1.7860285044e+00 -1.4957315922e+00 -6.8660241365e-01 1.1860330105e+00 -1.8317326307e+00 -1.7345420122e+00 -9.5102244616e-01 5.6783086061e-01 -2.1415483952e-01 1.9789820910e+00 2.2578300536e-01 2.3005731404e-01 -6.6990762949e-01 -5.8722394705e-01 -6.2967568636e-01 3.3194944263e-01 3.6264106631e-01 3.6100885272e-01
-1.2683770061e-01 -1.6336311102e+00 -1.6566172838e+00 -1.6818126440e+00 -1.6683902740e+00 -1.6776199341e+00 -1.7180018425e+00 -1.7757873535e+00 -1.8210839033e+00 -1.8658581972e+00 -1.7809853554e+00 4.3294408917e-01 2.2361257672e-01 2.3245833814e-01 -1.4709739387e-01 6.1726074666e-02 3.5031589866e-01 5.9667307138e-01 4.3123671412e-01 4.4748046994e-01 -8.1622028351e-01 1.7518316209e-01 -5.8750396967e-01 -6.9012790918e-01 -1.1981556416e+00 -8.2572191954e-01 2.4330772460e-01 -6.9308590889e-01 -1.2593510151e+00 -8.9925980568e-01 -4.0888395905e-01 -8.8458204269e-01 -1.6555050611e+00 -1.7298738956e+00 -1.7788293362e+00 -1.9486168623e+00 -2.4622721672e+00 -1.6580605507e+00 -1.7132098675e+00 -1.7852466106e+00 -1.9826970100e+00 3.9893320203e-01 3.4017634392e-01 2.5405585766e-01 4.3309575319e-01 5.0228267908e-01 -1.6944726706e+00 1.2433271408e+00 1.3758965731e+00 1.3071923256e+00 1.4148327112e+00 1.1757305861e+00 1.3435952663e+00 4.4984847307e-01 1.4148327112e+00 -1.0216643810e+00 -1.9227746725e+00 -1.7788293362e+00 -1.5044566393e+00 -6.2025982141e-01 1.4647846222e+00 -1.8253049850e+00 -1.7282837629e+00 -9.2759162188e-01 7.4757814407e-01 2.8085190058e-01 1.9864908457e+00 4.3294408917e-01 4.3399852514e-01 -6.5328818560e-01 -5.8783215284e-01 1.3109241724e+00 3.7346658111e-01 3.4282991290e-01 4.3763872981e-01
-1.2683770061e-01 -1.5881915092e+00 -1.6328824759e+00 -1.6570392847e+00 -1.6838815212e+00 -1.6714162827e+00 -1.6848354340e+00 -1.7147952318e+00 -1.7776412964e+00 -1.8203729391e+00 -1.8625006676e+00 -1.7976215482e-01 4.2999568582e-01 2.2170628607e-01 2.4441805482e-01 -1.4723555744e-01 8.3032689989e-02 3.2109400630e-01 6.0222780704e-01 4.2418518662e-01 4.4700029492e-01 -8.1440120935e-01 -9.6764630079e-01 -5.8740514517e-01 -6.8587094545e-01 -1.2021827698e+00 -8.3432930708e-01 2.3505850136e-01 -6.9502204657e-01 -1.2440618277e+00 -9.1234445572e-01 -3.9908042550e-01 -1.6434565783e+00 -1.7046574354e+00 -1.7736946344e+00 -1.9370341301e+00 -2.4585504532e+00 -1.6462006569e+00 -1.6999776363e+00 -1.7746748924e+00 -1.9740427732e+00 4.2299413681e-01 3.6366918683e-01 2.6138088107e-01 5.6244647503e-01 4.9760174751e-01 -1.8077492714e+00 1.0319690704e+00 1.0111087561e+00 1.1434578896e+00 1.0214844942e+00 1.2063684464e+00 1.1956450939e+00 5.3718173504e-01 1.0214843750e+00 -1.0215344429e+00 -1.9082758427e+00 -1.7736946344e+00 -1.5090457201e+00 -5.7999366522e-01 1.1182783842e+00 -1.8180879354e+00 -1.7237765789e+00 -9.6222978830e-01 5.2574563026e-01 8.0942255259e-01 1.9819775820e+00 -1.7976215482e-01 -1.7091687024e-01 -8.9598685503e-01 -5.8462655544e-01 -1.7800104618e-01 4.0265846252e-01 3.2114472985e-01 4.4635921717e-01
-1.2683770061e-01 -1.6067804098e+00 -1.5874769688e+00 -1.6332974434e+00 -1.6590958834e+00 -1.6869262457e+00 -1.6786170006e+00 -1.6817150116e+00 -1.7166142464e+00 -1.7769557238e+00 -1.8170994520e+00 -6.7340648174e-01 -1.8040953577e-01 4.2921683192e-01 2.3359641433e-01 2.4124887586e-01 -1.3152033091e-01 6.0249522328e-02 3.2381984591e-01 5.9424483776e-01 4.2355927825e-01 4.4495841861e-01 -3.8084128499e-01 -9.6909058094e-01 -5.8374774456e-01 -6.8530672789e-01 -1.2141370773e+00 -8.3230549097e-01 2.4889132380e-01 -6.8876737356e-01 -1.2591614723e+00 -8.9624613523e-01 -1.6424176693e+00 -1.6911591291e+00 -1.7704128027e+00 -1.9261560440e+00 -2.4559512138e+00 -1.6619205475e+00 -1.7021614313e+00 -1.7720481157e+00 -1.9687176943e+00 3.9354655147e-01 3.7604591250e-01 1.4187276363e-01 5.4438310862e-01 6.7514881492e-02 -1.4013566971e+00 3.0950099230e-01 -8.0117262900e-02 5.6250482798e-01 3.1462612748e-01 9.8358583450e-01 6.6750711203e-01 2.7742302418e-01 3.1462612748e-01 -9.6644598246e-01 -1.9040900469e+00 -1.7704128027e+00 -1.5069066286e+00 -5.7591658831e-01 3.5487681627e-01 -1.8111690283e+00 -1.7226454020e+00 -9.9524521828e-01 4.7038811445e-01 3.3168151975e-01 1.9656860828e+00 -6.7340648174e-01 -6.6212451458e-01 -7.0107114315e-01 -5.4967433214e-01 -1.2154029608e+00 3.9357680082e-01 2.9521435499e-01 3.4507074952e-01
-1.2683770061e-01 -1.6770049334e+00 -1.6060518026e+00 -1.5878789425e+00 -1.6353424788e+00 -1.6621108055e+00 -1.6941639185e+00 -1.6755126715e+00 -1.6835149527e+00 -1.7159640789e+00 -1.7737624645e+00 -4.3087500334e-01 -6.7220002413e-01 -1.8452294171e-01 4.4245016575e-01 2.3051100969e-01 2.6735913754e-01 -1.4913503826e-01 6.0297742486e-02 3.1735339761e-01 5.9468263388e-01 4.2158907652e-01 -4.6580493450e-01 -3.7990358472e-01 -9.6320551634e-01 -5.8226823807e-01 -6.9266569614e-01 -1.2084926367e+00 -8.3660691977e-01 2.4003455043e-01 -7.0062178373e-01 -1.2387268543e+00 -1.6552973986e+00 -1.6865553856e+00 -1.7703595161e+00 -1.9184271097e+00 -2.4542598724e+00 -1.6873397827e+00 -1.7121757269e+00 -1.7740577459e+00 -1.9654929638e+00 3.3867669106e-01 3.7398937345e-01 -1.3296945952e-02 4.4346576929e-01 -1.6891999543e-01 -1.1325821877e+00 -8.4928616881e-02 -5.7813942432e-01 2.2799015045e-01 -1.3235789537e-01 4.3172541261e-01 1.0070491582e-01 3.9003595710e-01 -1.3235789537e-01 -9.7259980440e-01 -1.9040433168e+00 -1.7703595161e+00 -1.5068522692e+00 -5.7593703270e-01 -1.0225719213e-01 -1.8092895746e+00 -1.7224503756e+00 -1.0254565477e+00 2.1012660861e-01 4.8134800792e-01 1.9561685324e+00 -4.3087500334e-01 -4.2035847902e-01 -6.6450834274e-01 -5.3384578228e-01 -1.2836425304e+00 3.3973458409e-01 2.6855731010e-01 2.1502861381e-01
-1.2683770061e-01 -1.7214115858e+00 -1.6762235165e+00 -1.6064592600e+00 -1.5899015665e+00 -1.6383289099e+00 -1.6692893505e+00 -1.6910191774e+00 -1.6773091555e+00 -1.6828840971e+00 -1.7128835917e+00 4.1815525293e-01 -4.3057933450e-01 -6.7899990082e-01 -1.7526230216e-01 4.3774786592e-01 2.5633394718e-01 2.4013563991e-01 -1.5123616159e-01 5.5266723037e-02 3.1605926156e-01 5.9218943119e-01 -6.1262112856e-01 -4.6521213651e-01 -3.7745726109e-01 -9.6512693167e-01 -5.8871114254e-01 -6.9199234247e-01 -1.2191854715e+00 -8.2808554173e-01 2.3360811174e-01 -6.8717062473e-01 -1.6642301083e+00 -1.6837302446e+00 -1.7688773870e+00 -1.9105654955e+00 -2.4531624317e+00 -1.6896935701e+00 -1.7123339176e+00 -1.7715911865e+00 -1.9605468512e+00 3.1947460771e-01 3.6815944314e-01 -5.3864657879e-02 3.4975698590e-01 -3.4743446112e-01 -1.2493278980e+00 2.6468303800e-01 -2.9095461592e-02 5.0271946192e-01 3.0422893167e-01 1.7589108646e-01 1.8568927050e-01 3.8149914145e-01 3.0422893167e-01 -9.9702674150e-01 -1.9016081095e+00 -1.7688773870e+00 -1.5064293146e+00 -5.7177817822e-01 3.2606273890e-01 -1.8092542887e+00 -1.7218847275e+00 -1.0018023252e+00 5.0140190125e-01 8.8703835011e-01 1.9634913206e+00 4.1815525293e-01 4.1945922375e-01 -7.0401877165e-01 -5.2029860020e-01 9.8153752089e-01 2.9648754001e-01 2.4660439789e-01 1.8868181109e-01
-1.2683770061e-01 -1.6780378819e+00 -1.7205967903e+00 -1.6766511202e+00 -1.6084910631e+00 -1.5928333998e+00 -1.6454507113e+00 -1.6662092209e+00 -1.6928246021e+00 -1.6766818762e+00 -1.6798647642e+00 8.3398735523e-01 4.1526237130e-01 -4.3605938554e-01 -6.7294001579e-01 -1.7518243194e-01 4.6911603212e-01 2.2937603295e-01 2.4203042686e-01 -1.5511494875e-01 5.2333239466e-02 3.1441760063e-01 -9.5594447851e-01 -6.1262428761e-01 -4.6226787567e-01 -3.7412878871e-01 -9.7497367859e-01 -5.8902877569e-01 -6.9390988350e-01 -1.2045391798e+00 -8.4075415134e-01 2.3537853360e-01 -1.6648536921e+00 -1.6754647493e+00 -1.7640601397e+00 -1.8984988928e+00 -2.4512629509e+00 -1.6620780230e+00 -1.6963903904e+00 -1.7607898712e+00 -1.9521014690e+00 3.5559347272e-01 3.7136694789e-01 4.3295625597e-02 3.8984048367e-01 4.4528004527e-01 -1.4116295576e+00 8.5923850536e-01 7.6416158676e-01 9.9647843838e-01 1.1774104834e+00 4.8363348842e-01 8.0541634560e-01 5.0523447990e-01 1.1774104834e+00 -9.8462206125e-01 -1.8875889778e+00 -1.7640601397e+00 -1.5111514330e+00 -5.3230738640e-01 1.0890922546e+00 -1.8033715487e+00 -1.7197816372e+00 -9.7147041559e-01 6.4732760191e-01 1.4369583130e+00 1.9821606874e+00 8.3398735523e-01 8.2712388039e-01 -5.8134305477e-01 -4.6644997597e-01 1.3917906284e+00 2.7421534061e-01 2.2208912671e-01 2.8348621726e-01
-1.2683770061e-01 -1.5912895203e+00 -1.6772556305e+00 -1.7210372686e+00 -1.6787174940e+00 -1.6114451885e+00 -1.5998467207e+00 -1.6424324512e+00 -1.6680003405e+00 -1.6921882629e+00 -1.6736739874e+00 4.5013761520e-01 8.2953280210e-01 4.1440302134e-01 -4.2842689157e-01 -6.6900730133e-01 -1.6021500528e-01 4.3703231215e-01 2.3116037250e-01 2.3600949347e-01 -1.5936437249e-01 5.1497645676e-02 -6.0631048679e-01 -9.5734125376e-01 -6.0881966352e-01 -4.5969960093e-01 -3.7872114778e-01 -9.7160911560e-01 -5.8919698000e-01 -6.8767303228e-01 -1.2194079161e+00 -8.2555085421e-01 -1.6521815062e+00 -1.6630129814e+00 -1.7497149706e+00 -1.8871806860e+00 -2.4489793777e+00 -1.6276855469e+00 -1.6745440960e+00 -1.7463237047e+00 -1.9419636726e+00 4.1007253528e-01 3.8580563664e-01 1.6404093802e-01 4.9507504702e-01 9.5481741428e-01 -1.5109229088e+00 1.1360231638e+00 1.0817747116e+00 1.2390379906e+00 1.3432419300e+00 1.0099583864e+00 1.2355215549e+00 4.6228045225e-01 1.3432419300e+00 -1.0105289221e+00 -1.8661046028e+00 -1.7497149706e+00 -1.5049852133e+00 -5.0108808279e-01 1.3409037590e+00 -1.7995258570e+00 -1.7015919685e+00 -9.5437645912e-01 1.1378364563e+00 1.8218061924e+00 1.9878548384e+00 4.5013761520e-01 4.5089808106e-01 -5.5611073971e-01 -6.4481139183e-01 1.0175470114e+00 2.6837703586e-01 2.3459535837e-01 3.9608967304e-01
-1.2683770061e-01 -1.5437847376e+00 -1.5905725956e+00 -1.6776835918e+00 -1.7231254578e+00 -1.6817560196e+00 -1.6185028553e+00 -1.5969468355e+00 -1.6442099810e+00 -1.6673785448e+00 -1.6891517639e+00 -4.1344767809e-01 4.4712463021e-01 8.3093655109e-01 4.2754048109e-01 -4.2638713121e-01 -6.6725355387e-01 -1.7713847756e-01 4.4094824791e-01 2.2519865632e-01 2.3420652747e-01 -1.5955291688e-01 -1.2994350195e+00 -6.0628801584e-01 -9.5152479410e-01 -6.0756486654e-01 -4.6505272388e-01 -3.8104063272e-01 -9.7827732563e-01 -5.8463650942e-01 -6.9952100515e-01 -1.1994702816e+00 -1.6341080666e+00 -1.6533863544e+00 -1.7382283211e+00 -1.8764781952e+00 -2.4476230145e+00 -1.6193500757e+00 -1.6647063494e+00 -1.7375205755e+00 -1.9340709448e+00 4.2141506076e-01 3.9982849360e-01 1.5957027674e-01 5.4854142666e-01 6.8628436327e-01 -1.4132342339e+00 7.2678250074e-01 5.1301580667e-01 9.0001088381e-01 7.9166316986e-01 1.1838190556e+00 9.3417578936e-01 2.4092938006e-01 7.9166322947e-01 -1.0252289772e+00 -1.8565796614e+00 -1.7382283211e+00 -1.4923838377e+00 -5.0872212648e-01 8.5045754910e-01 -1.7874969244e+00 -1.6874676943e+00 -9.8420310020e-01 7.3653435707e-01 1.3608572483e+00 1.9788409472e+00 -4.1344767809e-01 -4.0301829576e-01 -5.1655548811e-01 -6.1571651697e-01 -3.9722380042e-01 2.9670348763e-01 2.3891712725e-01 3.9481672645e-01
-1.2683770061e-01 -1.5871593952e+00 -1.5431036949e+00 -1.5909755230e+00 -1.6797504425e+00 -1.7262173891e+00 -1.6889814138e+00 -1.6155544519e+00 -1.5986982584e+00 -1.6436018944e+00 -1.6643878222e+00 4.0070050955e-01 -4.1321745515e-01 4.4643935561e-01 8.4677022696e-01 4.2295360565e-01 -4.1814139485e-01 -6.7196273804e-01 -1.7952705920e-01 4.3384379148e-01 2.2332806885e-01 2.3281507194e-01 -6.3276499510e-01 -1.3022260666e+00 -6.0252040625e-01 -9.5334148407e-01 -6.1423265934e-01 -4.6654918790e-01 -3.7767517567e-01 -9.6748787165e-01 -5.9588235617e-01 -6.8608361483e-01 -1.5985854864e+00 -1.6419811249e+00 -1.7279589176e+00 -1.8659528494e+00 -2.4457178116e+00 -1.5995475054e+00 -1.6488126516e+00 -1.7253723145e+00 -1.9246844053e+00 4.5249965787e-01 4.1782110929e-01 2.0224858820e-01 6.1322724819e-01 6.5710204840e-01 -1.4974849224e+00 9.8318898678e-01 8.3568984270e-01 1.1206341982e+00 1.3067424297e+00 1.2299498320e+00 1.0495573282e+00 3.4433120489e-01 1.3067423105e+00 -1.0610992908e+00 -1.8377687931e+00 -1.7279589176e+00 -1.4913942814e+00 -4.7194910049e-01 1.0848798752e+00 -1.7786463499e+00 -1.6760137081e+00 -9.6466988325e-01 7.9643934965e-01 1.3196759224e+00 1.9846371412e+00 4.0070050955e-01 4.0229517221e-01 -5.0283199549e-01 -6.3681042194e-01 9.6438497305e-01 4.0265864134e-01 2.3945261538e-01 4.3905800581e-01
-1.2683770061e-01 -1.5448176861e+00 -1.5864455700e+00 -1.5434929132e+00 -1.5929996967e+00 -1.6827901602e+00 -1.7335486412e+00 -1.6858501434e+00 -1.6173167229e+00 -1.5981167555e+00 -1.6406552792e+00 1.5385225415e-01 3.9787316322e-01 -4.1860264540e-01 4.5978417993e-01 8.3893775940e-01 4.5392590761e-01 -4.2885154486e-01 -6.7943072319e-01 -1.8325173855e-01 4.3327829242e-01 2.2196985781e-01 -1.1717178822e+00 -6.3284993172e-01 -1.2943967581e+00 -6.0120916367e-01 -9.6308344603e-01 -6.1430698633e-01 -4.6463650465e-01 -3.7650102377e-01 -9.8097121716e-01 -5.8374077082e-01 -1.5684635639e+00 -1.6313087940e+00 -1.7144078016e+00 -1.8561979532e+00 -2.4435029030e+00 -1.5807875395e+00 -1.6327470541e+00 -1.7127490044e+00 -1.9149624109e+00 4.8253220320e-01 4.3876025081e-01 2.3392622173e-01 6.9668453932e-01 6.0172474384e-01 -1.6269989014e+00 1.0805702209e+00 9.5586228371e-01 1.2051125765e+00 1.3159161806e+00 1.2202031612e+00 9.8061645031e-01 4.3703117967e-01 1.3159162998e+00 -1.0593223572e+00 -1.8214849234e+00 -1.7144078016e+00 -1.4815663099e+00 -4.5965212584e-01 1.0917254686e+00 -1.7683207989e+00 -1.6626499891e+00 -9.4160461426e-01 1.2474790812e+00 1.2025921345e+00 1.9872928858e+00 1.5385225415e-01 1.5910506248e-01 -5.0518882275e-01 -6.7141878605e-01 1.1325274706e+00 4.7271865606e-01 2.5452134013e-01 4.7496128082e-01
-1.2683770061e-01 -1.5282946825e+00 -1.5441358089e+00 -1.5868473053e+00 -1.5454937220e+00 -1.5959352255e+00 -1.6900180578e+00 -1.7303017378e+00 -1.6876524687e+00 -1.6167242527e+00 -1.5952540636e+00 -2.8569918871e-01 1.5195196867e-01 3.9691883326e-01 -4.1085717082e-01 4.5494768023e-01 8.8104093075e-01 4.2220810056e-01 -4.3382403255e-01 -6.8043243885e-01 -1.8767714500e-01 4.3127837777e-01 -9.8678714037e-01 -1.1739904881e+00 -6.2892723083e-01 -1.2992864847e+00 -6.0782039165e-01 -9.5983219147e-01 -6.1490464211e-01 -4.6207016706e-01 -3.8653051853e-01 -9.6401482821e-01 -1.5618156195e+00 -1.6282744408e+00 -1.7033444643e+00 -1.8484908342e+00 -2.4415159225e+00 -1.5783557892e+00 -1.6251510382e+00 -1.7042868137e+00 -1.9068969488e+00 4.8230224848e-01 4.5546144247e-01 1.8836468458e-01 7.7980798483e-01 4.3244040012e-01 -1.7197111845e+00 7.8135323524e-01 5.1407599449e-01 9.6192091703e-01 8.0734920502e-01 1.2257978916e+00 8.8584983349e-01 2.7884843946e-01 8.0734908581e-01 -1.0798935890e+00 -1.8125097752e+00 -1.7033444643e+00 -1.4692314863e+00 -4.6786943078e-01 7.4977910519e-01 -1.7564669847e+00 -1.6501877308e+00 -9.6699261665e-01 9.3878585100e-01 7.3380833864e-01 1.9820064306e+00 -2.8569918871e-01 -2.7604016662e-01 -5.0799256563e-01 -6.5486240387e-01 -7.3593091965e-01 4.5520347357e-01 2.6771607995e-01 4.4280305505e-01
-1.2683770061e-01 -1.5582426786e+00 -1.5276252031e+00 -1.5445253849e+00 -1.5888694525e+00 -1.5483720303e+00 -1.6029559374e+00 -1.6868840456e+00 -1.7321296930e+00 -1.6870192289e+00 -1.6138272285e+00 2.9132887721e-01 -2.8594872355e-01 1.4965419471e-01 4.0994310379e-01 -4.0895342827e-01 4.8677608371e-01 8.3903414011e-01 4.2597186565e-01 -4.3616354465e-01 -6.8796765804e-01 -1.8777917325e-01 -8.6517173052e-01 -9.8830914497e-01 -1.1669095755e+00 -6.2785267830e-01 -1.3121041059e+00 -6.0795587301e-01 -9.6630036831e-01 -6.0993260145e-01 -4.7259974480e-01 -3.7700647116e-01 -1.5584920645e+00 -1.6202180386e+00 -1.6865105629e+00 -1.8407174349e+00 -2.4399571419e+00 -1.5663120747e+00 -1.6131961346e+00 -1.6935695410e+00 -1.8978285789e+00 4.9651321769e-01 4.7191941738e-01 1.8574981391e-01 8.5997593403e-01 2.9760614038e-01 -1.7858844995e+00 9.8202967644e-01 7.9331320524e-01 1.1300902367e+00 1.2432098389e+00 1.2031369209e+00 9.6765047312e-01 2.9855936766e-01 1.2432098389e+00 -1.1177082062e+00 -1.8143017292e+00 -1.6865105629e+00 -1.4350457191e+00 -5.4534876347e-01 9.8773777485e-01 -1.7462821007e+00 -1.6314502954e+00 -9.4837570190e-01 1.4770044088e+00 1.0767058134e+00 1.9860328436e+00 2.9132887721e-01 2.9464888573e-01 -5.0712567568e-01 -7.4863791466e-01 4.3304085732e-01 4.0027937293e-01 3.0152508616e-01 4.5176097751e-01
-1.2683770061e-01 -1.5272617340e+00 -1.5575506687e+00 -1.5280101299e+00 -1.5465266705e+00 -1.5917999744e+00 -1.5552794933e+00 -1.6000479460e+00 -1.6886870861e+00 -1.7314704657e+00 -1.6839922667e+00 -2.7590641379e-01 2.8891229630e-01 -2.9063865542e-01 1.6107793152e-01 4.0549248457e-01 -4.0024122596e-01 4.5426693559e-01 8.4707671404e-01 4.1894900799e-01 -4.4217085838e-01 -6.8654054403e-01 -1.2196953297e+00 -8.6620002985e-01 -9.8231190443e-01 -1.1706566811e+00 -6.3470083475e-01 -1.3055257797e+00 -6.0844564438e-01 -9.5570260286e-01 -6.2132632732e-01 -4.6199953556e-01 -1.5522602797e+00 -1.6079754829e+00 -1.6734884977e+00 -1.8336488008e+00 -2.4385950565e+00 -1.5680106878e+00 -1.6087731123e+00 -1.6867296696e+00 -1.8903473616e+00 4.8437431455e-01 4.8244035244e-01 1.2192147225e-01 8.8129776716e-01 1.0548429936e-01 -1.6497745514e+00 6.8744313717e-01 3.5452336073e-01 8.9191377163e-01 8.1348693371e-01 1.0239276886e+00 7.5377583504e-01 8.5819110274e-02 8.1348693371e-01 -1.1434652805e+00 -1.8195567131e+00 -1.6734884977e+00 -1.4047369957e+00 -6.2130999565e-01 6.7115145922e-01 -1.7332522869e+00 -1.6153637171e+00 -9.6919953823e-01 1.1217336655e+00 6.3986712694e-01 1.9818468094e+00 -2.7590641379e-01 -2.6631599665e-01 -5.9760832787e-01 -7.3940813541e-01 -7.1142899990e-01 3.7303400040e-01 3.2401338220e-01 4.0546122193e-01
-1.2683770061e-01 -1.5561776161e+00 -1.5265930891e+00 -1.5579441786e+00 -1.5300031900e+00 -1.5494062901e+00 -1.5988109112e+00 -1.5524951220e+00 -1.6018012762e+00 -1.6880532503e+00 -1.7283613682e+00 5.4596918821e-01 -2.7619272470e-01 2.8736272454e-01 -2.8206488490e-01 1.5855395794e-01 4.3599754572e-01 -4.1138258576e-01 4.5835977793e-01 8.3776003122e-01 4.1829034686e-01 -4.4149506092e-01 -1.1041398048e+00 -1.2221627235e+00 -8.6091542244e-01 -9.8440456390e-01 -1.1823307276e+00 -6.3458007574e-01 -1.3178671598e+00 -6.0357701778e-01 -9.6911710501e-01 -6.0886657238e-01 -1.5429116488e+00 -1.5853749514e+00 -1.6597256660e+00 -1.8259199858e+00 -2.4379453659e+00 -1.5496872663e+00 -1.5944385529e+00 -1.6748281717e+00 -1.8806964159e+00 5.0604283810e-01 4.9557939172e-01 1.5006798506e-01 9.4456082582e-01 2.4078205228e-01 -1.7698897123e+00 1.0665472746e+00 8.8818877935e-01 1.2081323862e+00 1.3739184141e+00 1.2260146141e+00 9.7645872831e-01 3.0332830548e-01 1.3739185333e+00 -1.1404832602e+00 -1.8120269775e+00 -1.6597256660e+00 -1.3857641220e+00 -6.4642649889e-01 1.2119040489e+00 -1.7195898294e+00 -1.6036264896e+00 -9.4530028105e-01 1.3423255682e+00 5.9268236160e-01 1.9914928675e+00 5.4596918821e-01 5.4501622915e-01 -6.4277982712e-01 -7.2907286882e-01 1.2406747341e+00 3.5573497415e-01 3.4688419104e-01 4.4283598661e-01
-1.2683770061e-01 -1.4983459711e+00 -1.5554871559e+00 -1.5269776583e+00 -1.5599520206e+00 -1.5328629017e+00 -1.5563161373e+00 -1.5959136486e+00 -1.5542211533e+00 -1.6012178659e+00 -1.6850242615e+00 4.5954249799e-02 5.4259628057e-01 -2.8082937002e-01 2.9967787862e-01 -2.8115820885e-01 1.8245147169e-01 4.0471163392e-01 -4.1617572308e-01 4.5116049051e-01 8.3972102404e-01 4.1633623838e-01 -9.4311422110e-01 -1.1061381102e+00 -1.2148007154e+00 -8.6192011833e-01 -9.9442267418e-01 -1.1769894361e+00 -6.3552218676e-01 -1.3016409874e+00 -6.1493360996e-01 -9.5230895281e-01 -1.5358484983e+00 -1.5666455030e+00 -1.6488206387e+00 -1.8186757565e+00 -2.4369854927e+00 -1.5357342958e+00 -1.5817538500e+00 -1.6635502577e+00 -1.8712046146e+00 5.2097582817e-01 5.0934493542e-01 1.5680420399e-01 1.0491861105e+00 5.2030640841e-01 -1.8471872807e+00 1.0989631414e+00 9.3141055107e-01 1.2355962992e+00 1.0731028318e+00 1.1653403044e+00 1.1767189503e+00 5.2268725634e-01 1.0731029510e+00 -1.1657834053e+00 -1.7994928360e+00 -1.6488206387e+00 -1.3772870302e+00 -6.3875114918e-01 1.1306116581e+00 -1.7102472782e+00 -1.5886007547e+00 -9.2180001736e-01 1.0771471262e+00 5.9604018927e-01 1.9923332930e+00 4.5954249799e-02 5.2539478987e-02 -6.4934039116e-01 -7.5562179089e-01 -4.4213381410e-01 3.4059888124e-01 3.6111143231e-01 4.5934894681e-01
-1.2683770061e-01 -1.4931820631e+00 -1.4976989031e+00 -1.5558800697e+00 -1.5289702415e+00 -1.5628477335e+00 -1.5397334099e+00 -1.5535291433e+00 -1.5976644754e+00 -1.5536655188e+00 -1.5983494520e+00 2.4992837012e-01 4.4459167868e-02 5.4243254662e-01 -2.7219212055e-01 2.9608085752e-01 -2.6902645826e-01 1.5727335215e-01 4.0829578042e-01 -4.1861137748e-01 4.5070332289e-01 8.3647888899e-01 -9.6401035786e-01 -9.4445896149e-01 -1.0994532108e+00 -1.2189770937e+00 -8.7084925175e-01 -9.9087274075e-01 -1.1871470213e+00 -6.3022005558e-01 -1.3170772791e+00 -6.0255378485e-01 -1.5173605680e+00 -1.5539845228e+00 -1.6382337809e+00 -1.8116071224e+00 -2.4360516071e+00 -1.5173981190e+00 -1.5664004087e+00 -1.6506934166e+00 -1.8609410524e+00 5.4403990507e-01 5.2538383007e-01 1.8124397099e-01 1.1355396509e+00 3.0112105608e-01 -1.8848447800e+00 1.2694402933e+00 1.1591016054e+00 1.3796299696e+00 1.3959847689e+00 1.3731086254e+00 1.1139817238e+00 7.3169922829e-01 1.3959847689e+00 -1.1857670546e+00 -1.7816398144e+00 -1.6382337809e+00 -1.3747305870e+00 -6.0754650831e-01 1.2406396866e+00 -1.7004835606e+00 -1.5759094954e+00 -9.0056270361e-01 7.5902038813e-01 4.9515300989e-01 1.9962794781e+00 2.4992837012e-01 2.5385808945e-01 -7.6497346163e-01 -7.5863796473e-01 1.2005776167e+00 3.7433153391e-01 3.7480330467e-01 4.9163806438e-01
-1.2683770061e-01 -1.4663312435e+00 -1.4925389290e+00 -1.4980752468e+00 -1.5578868389e+00 -1.5318287611e+00 -1.5697896481e+00 -1.5369894505e+00 -1.5552557707e+00 -1.5970835686e+00 -1.5508849621e+00 2.9742389917e-01 2.4766728282e-01 4.1574198753e-02 5.5639868975e-01 -2.7136185765e-01 3.2365831733e-01 -2.8332871199e-01 1.5831753612e-01 4.0136921406e-01 -4.2450889945e-01 4.4865015149e-01 -1.0824913979e+00 -9.6543991566e-01 -9.3871766329e-01 -1.1025958061e+00 -1.2310806513e+00 -8.6847734451e-01 -9.9786818027e-01 -1.1730136871e+00 -6.4173233509e-01 -1.2959184647e+00 -1.4986642599e+00 -1.5428930521e+00 -1.6263239384e+00 -1.8037673235e+00 -2.4349541664e+00 -1.4944044352e+00 -1.5479077101e+00 -1.6358978748e+00 -1.8497167826e+00 5.7644432783e-01 5.4527682066e-01 2.2267976403e-01 1.2648589611e+00 4.3409690261e-01 -2.0242917538e+00 1.4641319513e+00 1.4018839598e+00 1.5469580889e+00 1.3808670044e+00 1.3755868673e+00 1.1576391459e+00 6.9472157955e-01 1.3808668852e+00 -1.1493556499e+00 -1.7595590353e+00 -1.6263239384e+00 -1.3738460541e+00 -5.6420958042e-01 1.3498969078e+00 -1.6869795322e+00 -1.5673006773e+00 -8.7009268999e-01 8.4140300751e-01 1.1309194565e+00 2.0030059814e+00 2.9742389917e-01 3.0065208673e-01 -7.8771579266e-01 -7.5430631638e-01 1.2747888565e+00 4.0352341533e-01 3.9059868455e-01 5.3929442167e-01
-1.2683770061e-01 -1.4343174696e+00 -1.4657083750e+00 -1.4929137230e+00 -1.5000535250e+00 -1.5607801676e+00 -1.5386967659e+00 -1.5669677258e+00 -1.5387065411e+00 -1.5546994209e+00 -1.5942227840e+00 -2.1930554882e-02 2.9498443007e-01 2.4589239061e-01 5.2298340946e-02 5.5081427097e-01 -2.5896796584e-01 2.9507860541e-01 -2.8680735826e-01 1.5275259316e-01 4.0060058236e-01 -4.2388707399e-01 -5.9908044338e-01 -1.0844018459e+00 -9.5957612991e-01 -9.4041961432e-01 -1.1136647463e+00 -1.2252746820e+00 -8.7339329720e-01 -9.8676508665e-01 -1.1876982450e+00 -6.2901741266e-01 -1.4745664597e+00 -1.5276169777e+00 -1.6137250662e+00 -1.7956420183e+00 -2.4340329170e+00 -1.4797699451e+00 -1.5331596136e+00 -1.6227165461e+00 -1.8390202522e+00 5.9446024895e-01 5.6511753798e-01 2.2211673856e-01 1.4160747528e+00 5.2314198017e-01 -2.1102876663e+00 1.4380606413e+00 1.3557698727e+00 1.5272194147e+00 1.1306630373e+00 1.3961178064e+00 1.2763525248e+00 4.3453919888e-01 1.1306630373e+00 -1.1529695988e+00 -1.7432478666e+00 -1.6137250662e+00 -1.3658788204e+00 -5.4789137840e-01 1.1732342243e+00 -1.6737391949e+00 -1.5556694269e+00 -8.9799094200e-01 8.6186933517e-01 1.7156139612e+00 2.0026104450e+00 -2.1930554882e-02 -1.4590450563e-02 -8.6987948418e-01 -7.6054507494e-01 1.7206231132e-02 4.5239281654e-01 4.0788573027e-01 5.4931890965e-01
-1.2683770061e-01 -1.4363825321e+00 -1.4337185621e+00 -1.4660754204e+00 -1.4948894978e+00 -1.5028772354e+00 -1.5677170753e+00 -1.5359554291e+00 -1.5687019825e+00 -1.5381598473e+00 -1.5519170761e+00 1.4196439087e-01 -2.3170694709e-02 2.9346802831e-01 2.5793907046e-01 5.0616484135e-02 5.8520781994e-01 -2.7351254225e-01 2.9753735662e-01 -2.8994768858e-01 1.5042887628e-01 3.9870056510e-01 -7.3373508453e-01 -5.9902864695e-01 -1.0778437853e+00 -9.6146506071e-01 -9.5004665852e-01 -1.1089780331e+00 -1.2362526655e+00 -8.6428302526e-01 -1.0003612041e+00 -1.1681571007e+00 -1.4589860439e+00 -1.5150605440e+00 -1.6016027927e+00 -1.7875611782e+00 -2.4334022999e+00 -1.4648015499e+00 -1.5182229280e+00 -1.6092590094e+00 -1.8280842304e+00 6.1198925972e-01 5.8481019735e-01 2.2052553296e-01 1.4917323589e+00 2.2791010141e-01 -1.9700499773e+00 1.5375328064e+00 1.4851738214e+00 1.6113044024e+00 1.2539629936e+00 1.3454607725e+00 1.1197049618e+00 3.4148293734e-01 1.2539629936e+00 -1.1493088007e+00 -1.7253264189e+00 -1.6016027927e+00 -1.3604363203e+00 -5.2296751738e-01 1.1587877274e+00 -1.6630445719e+00 -1.5447980165e+00 -8.7701058388e-01 1.1711765528e+00 1.2782099247e+00 2.0048427582e+00 1.4196439087e-01 1.4737196267e-01 -8.9580214024e-01 -7.6230406761e-01 1.2406747341e+00 4.6774551272e-01 4.2360460758e-01 5.5970740318e-01
-1.2683770061e-01 -1.4208924770e+00 -1.4357820749e+00 -1.4340765476e+00 -1.4680379629e+00 -1.4977070093e+00 -1.5096763372e+00 -1.5649005175e+00 -1.5376719236e+00 -1.5681378841e+00 -1.5354080200e+00 -2.5282275677e-01 1.4010876417e-01 -2.6425113901e-02 3.0582267046e-01 2.5466522574e-01 7.1625836194e-02 5.5032753944e-01 -2.7689039707e-01 2.9121407866e-01 -2.9504045844e-01 1.4929346740e-01 -1.0959484577e+00 -7.3422986269e-01 -5.9530335665e-01 -1.0807926655e+00 -9.7127920389e-01 -9.4691973925e-01 -1.1179801226e+00 -1.2213331461e+00 -8.7716317177e-01 -9.8316228390e-01 -1.4498459101e+00 -1.5068988800e+00 -1.5920748711e+00 -1.7804261446e+00 -2.4329037666e+00 -1.4638568163e+00 -1.5109769106e+00 -1.5997366905e+00 -1.8187199831e+00 6.0242748260e-01 5.9848052263e-01 1.5578010678e-01 1.5619862080e+00 3.4578952938e-02 -2.0388202667e+00 1.1756684780e+00 8.2960021496e-01 1.3420349360e+00 7.7225840092e-01 1.1283789873e+00 9.7023731470e-01 3.9036917686e-01 7.7225840092e-01 -1.1728087664e+00 -1.7140725851e+00 -1.5920748711e+00 -1.3533295393e+00 -5.1521110535e-01 8.1258285046e-01 -1.6550019979e+00 -1.5345804691e+00 -8.9999675751e-01 1.3185993433e+00 7.5883305073e-01 2.0006122589e+00 -2.5282275677e-01 -2.4339938164e-01 -8.5587072372e-01 -7.4938797951e-01 -1.5961180627e-01 4.6688070893e-01 4.3324249983e-01 5.1359504461e-01
-1.2683770061e-01 -1.4477424622e+00 -1.4203037024e+00 -1.4361406565e+00 -1.4360232353e+00 -1.4708232880e+00 -1.5044937134e+00 -1.5070103407e+00 -1.5666337013e+00 -1.5371259451e+00 -1.5653306246e+00 8.4709000587e-01 -2.5319576263e-01 1.3774630427e-01 -1.6141125932e-02 3.0217811465e-01 2.8113448620e-01 4.9117449671e-02 5.5540645123e-01 -2.8008475900e-01 2.8975644708e-01 -2.9481434822e-01 -9.9092459679e-01 -1.0979136229e+00 -7.2971546650e-01 -5.9392744303e-01 -1.0916677713e+00 -9.6794986725e-01 -9.5316845179e-01 -1.1049540043e+00 -1.2362999916e+00 -8.6150467396e-01 -1.4278252125e+00 -1.4864960909e+00 -1.5802174807e+00 -1.7718605995e+00 -2.4319891930e+00 -1.4326516390e+00 -1.4882105589e+00 -1.5821427107e+00 -1.8058537245e+00 6.4546066523e-01 6.1879509687e-01 2.2721141577e-01 1.7197746038e+00 7.2862833738e-01 -2.1527752876e+00 1.7463428974e+00 1.5876556635e+00 1.8270488977e+00 1.3940197229e+00 1.2223145962e+00 1.3460428715e+00 5.2497756481e-01 1.3940196037e+00 -1.1466791630e+00 -1.6850638390e+00 -1.5802174807e+00 -1.3594623804e+00 -4.4330489635e-01 1.3808509111e+00 -1.6424633265e+00 -1.5240805149e+00 -8.6473846436e-01 1.4196658134e+00 8.9460861683e-01 2.0226535797e+00 8.4709000587e-01 8.3993047476e-01 -7.5486582518e-01 -6.9756466150e-01 1.3166273832e+00 5.1012760401e-01 4.4632238150e-01 5.9166342020e-01
-1.2683770061e-01 -1.3568638563e+00 -1.4471334219e+00 -1.4206577539e+00 -1.4380884171e+00 -1.4387699366e+00 -1.4775458574e+00 -1.5018411875e+00 -1.5087102652e+00 -1.5660707951e+00 -1.5343760252e+00 1.5954643488e-01 8.4258621931e-01 -2.5770679116e-01 1.4909295738e-01 -1.7293142155e-02 3.2991871238e-01 2.5357910991e-01 4.9051396549e-02 5.4767858982e-01 -2.8511583805e-01 2.8819519281e-01 -3.4836870432e-01 -9.9246335030e-01 -1.0912766457e+00 -7.2954428196e-01 -6.0047394037e-01 -1.0871907473e+00 -9.7455590963e-01 -9.4278097153e-01 -1.1192407608e+00 -1.2161512375e+00 -1.4087135792e+00 -1.4674520493e+00 -1.5665072203e+00 -1.7632724047e+00 -2.4309167862e+00 -1.4059425592e+00 -1.4663305283e+00 -1.5644899607e+00 -1.7927436829e+00 6.8330240250e-01 6.4329361916e-01 2.7219301462e-01 1.9159854650e+00 1.1887726784e+00 -2.2214117050e+00 1.8405967951e+00 1.6891409159e+00 1.9121260643e+00 1.0726205111e+00 1.1576322317e+00 1.4786794186e+00 5.2671146393e-01 1.0726205111e+00 -1.1598408222e+00 -1.6568775177e+00 -1.5665072203e+00 -1.3612080812e+00 -3.8262924552e-01 1.3012176752e+00 -1.6297670603e+00 -1.5092846155e+00 -8.3768630028e-01 1.4271529913e+00 1.4619793892e+00 2.0258817673e+00 1.5954643488e-01 1.6472443938e-01 -7.5809049606e-01 -7.0711171627e-01 -2.8125545382e-01 5.3369718790e-01 4.6601873636e-01 6.4450150728e-01
-1.2683770061e-01 -1.3393080235e+00 -1.3563233614e+00 -1.4474952221e+00 -1.4225978851e+00 -1.4408376217e+00 -1.4454162121e+00 -1.4749633074e+00 -1.5035381317e+00 -1.5081810951e+00 -1.5632673502e+00 4.4944956899e-02 1.5762476623e-01 8.4406131506e-01 -2.4891987443e-01 1.4666175842e-01 1.8990834942e-03 3.0118817091e-01 2.5561189651e-01 4.4081639498e-02 5.4782509804e-01 -2.8492006660e-01 -7.7803486586e-01 -3.4729921818e-01 -9.8644191027e-01 -1.0943459272e+00 -7.3729652166e-01 -6.0067945719e-01 -1.0958226919e+00 -9.6382600069e-01 -9.5611995459e-01 -1.1005556583e+00 -1.3881478310e+00 -1.4449561834e+00 -1.5489327908e+00 -1.7541557550e+00 -2.4289231300e+00 -1.3863992691e+00 -1.4474724531e+00 -1.5480083227e+00 -1.7799279690e+00 7.0888668299e-01 6.6846811771e-01 2.7945962548e-01 2.0603961945e+00 8.8539510965e-01 -2.1549098492e+00 1.8690732718e+00 1.7205609083e+00 1.9376239777e+00 1.1293071508e+00 1.2849863768e+00 1.2485584021e+00 6.2803119421e-01 1.1293071508e+00 -1.1673849821e+00 -1.6378268003e+00 -1.5489327908e+00 -1.3463991880e+00 -3.7577676773e-01 1.1961467266e+00 -1.6174398661e+00 -1.4902994633e+00 -8.0810302496e-01 1.8630814552e+00 9.4050097466e-01 2.0269176960e+00 4.4944956899e-02 5.1541887224e-02 -8.1408470869e-01 -7.8505158424e-01 3.6765387654e-01 5.4753607512e-01 4.9783894420e-01 6.6393941641e-01
-1.2683770061e-01 -1.3341441154e+00 -1.3387805223e+00 -1.3566590548e+00 -1.4494485855e+00 -1.4253284931e+00 -1.4474887848e+00 -1.4429169893e+00 -1.4766447544e+00 -1.5030120611e+00 -1.5054847002e+00 2.1614202857e-01 4.3453667313e-02 1.5535798669e-01 8.5997992754e-01 -2.4826976657e-01 1.7024107277e-01 -1.8929617479e-02 3.0370965600e-01 2.4951699376e-01 4.1078191251e-02 5.4547506571e-01 -6.4551162720e-01 -7.7870947123e-01 -3.4504318237e-01 -9.8857158422e-01 -1.1053415537e+00 -7.3619771004e-01 -6.0104560852e-01 -1.0831513405e+00 -9.7728800774e-01 -9.3947428465e-01 -1.3659203053e+00 -1.4259128571e+00 -1.5278649330e+00 -1.7459648848e+00 -2.4268531799e+00 -1.3653792143e+00 -1.4276422262e+00 -1.5307502747e+00 -1.7666031122e+00 7.3621410131e-01 6.9456321001e-01 2.8935718536e-01 2.2114663124e+00 9.2026889324e-01 -2.2082467079e+00 2.0012800694e+00 1.8655222654e+00 2.0559091568e+00 1.2792987823e+00 1.2440670729e+00 1.2855468988e+00 6.0507166386e-01 1.2792986631e+00 -1.1966106892e+00 -1.6270605326e+00 -1.5278649330e+00 -1.3165973425e+00 -4.1737109423e-01 1.2861062288e+00 -1.5994575024e+00 -1.4688043594e+00 -7.8429156542e-01 2.3065540791e+00 9.5010817051e-01 2.0307505131e+00 2.1614202857e-01 2.2055168450e-01 -8.5372149944e-01 -8.3298718929e-01 4.5613038540e-01 5.5402314663e-01 5.4549276829e-01 6.8737071753e-01
-1.2683770061e-01 -1.3103921413e+00 -1.3336205482e+00 -1.3391112089e+00 -1.3585675955e+00 -1.4522114992e+00 -1.4319427013e+00 -1.4449841976e+00 -1.4445801973e+00 -1.4761343002e+00 -1.5003250837e+00 -4.5787054300e-01 2.1400780976e-01 4.0563203394e-02 1.6681864858e-01 8.5204517841e-01 -2.3525799811e-01 1.4535708725e-01 -1.9694177434e-02 2.9735276103e-01 2.4779853225e-01 4.0276996791e-02 -9.4771140814e-01 -6.4564830065e-01 -7.7393549681e-01 -3.4142419696e-01 -9.9862670898e-01 -1.1007342339e+00 -7.3886626959e-01 -5.9629541636e-01 -1.0973107815e+00 -9.6037763357e-01 -1.3482620716e+00 -1.4124145508e+00 -1.5115610361e+00 -1.7389180660e+00 -2.4251253605e+00 -1.3680424690e+00 -1.4206017256e+00 -1.5200322866e+00 -1.7559126616e+00 7.1868842840e-01 7.1161985397e-01 1.9218634069e-01 2.3951165676e+00 1.0640614033e+00 -2.3304591179e+00 1.3081362247e+00 7.4315208197e-01 1.5343765020e+00 3.5958361626e-01 9.8973715305e-01 1.0750311613e+00 5.4911714792e-01 3.5958361626e-01 -1.1418826580e+00 -1.6265590191e+00 -1.5115610361e+00 -1.2857179642e+00 -4.8162001371e-01 8.4140110016e-01 -1.5779982805e+00 -1.4529305696e+00 -8.0405950546e-01 1.8905181885e+00 1.0136058331e+00 2.0241305828e+00 -4.5787054300e-01 -4.4722741842e-01 -7.4893665314e-01 -7.8927987814e-01 -1.3900456429e+00 5.6094253063e-01 5.7991361618e-01 6.1481326818e-01
-1.2683770061e-01 -1.3599618673e+00 -1.3098864555e+00 -1.3339498043e+00 -1.3410111666e+00 -1.3612211943e+00 -1.4588897228e+00 -1.4294784069e+00 -1.4466484785e+00 -1.4440883398e+00 -1.4734971523e+00 2.5979040191e-02 -4.5747351646e-01 2.1204905212e-01 5.1280800253e-02 1.6425022483e-01 8.9449912310e-01 -2.5037372112e-01 1.4627896249e-01 -2.4289477617e-02 2.9593351483e-01 2.4636551738e-01 -1.1594309807e+00 -9.4907474518e-01 -6.4165091515e-01 -7.7416062355e-01 -3.4572574496e-01 -9.9503666162e-01 -1.1095962524e+00 -7.3190969229e-01 -6.0760945082e-01 -1.0788997412e+00 -1.3482620716e+00 -1.4013239145e+00 -1.4995446205e+00 -1.7340519428e+00 -2.4230430126e+00 -1.3687756062e+00 -1.4142678976e+00 -1.5100294352e+00 -1.7455087900e+00 6.9919693470e-01 7.2101742029e-01 1.0984390229e-01 2.4998316765e+00 7.8983533382e-01 -2.1598348618e+00 1.3298463821e+00 7.7848827839e-01 1.5519409180e+00 3.9096778631e-01 7.2638237476e-01 7.5269442797e-01 3.9147457480e-01 3.9096778631e-01 -1.1553868055e+00 -1.6184957027e+00 -1.4995446205e+00 -1.2706394196e+00 -4.9719634652e-01 7.8459852934e-01 -1.5661799908e+00 -1.4377461672e+00 -7.7247685194e-01 1.5066730976e+00 5.0080657005e-01 2.0247957706e+00 2.5979040191e-02 3.2793093473e-02 -7.5214689970e-01 -8.5425639153e-01 -7.2194203734e-02 5.1185721159e-01 6.0641771555e-01 5.5680692196e-01
-1.2683770061e-01 -1.3568638563e+00 -1.3594189882e+00 -1.3102089167e+00 -1.3358471394e+00 -1.3436436653e+00 -1.3676825762e+00 -1.4563555717e+00 -1.4311338663e+00 -1.4461555481e+00 -1.4415104389e+00 -4.0822077543e-02 2.4558974430e-02 -4.6310046315e-01 2.2387667000e-01 4.9606822431e-02 1.8830016255e-01 8.5216814280e-01 -2.5351408124e-01 1.4077958465e-01 -2.7720583603e-02 2.9435339570e-01 -5.4082202911e-01 -1.1616537571e+00 -9.4330650568e-01 -6.4069038630e-01 -7.8230953217e-01 -3.4835976362e-01 -1.0021029711e+00 -1.0967043638e+00 -7.4401623011e-01 -5.9532123804e-01 -1.3526245356e+00 -1.3938949108e+00 -1.4901750088e+00 -1.7290748358e+00 -2.4208538532e+00 -1.3706547022e+00 -1.4098503590e+00 -1.5013873577e+00 -1.7356892824e+00 6.7386132479e-01 7.2301399708e-01 3.0277380720e-02 2.4746079445e+00 4.8199063540e-01 -1.7852036953e+00 1.2706861496e+00 6.8272596598e-01 1.5075834990e+00 3.3831834793e-01 3.9074844122e-01 5.2241379023e-01 3.6517450213e-01 3.3831846714e-01 -1.1538919210e+00 -1.6098701954e+00 -1.4901750088e+00 -1.2612155676e+00 -4.9971318245e-01 6.6958719492e-01 -1.5562932491e+00 -1.4291728735e+00 -7.9595309496e-01 1.5345596075e+00 4.6624469757e-01 2.0241365433e+00 -4.0822077543e-02 -3.3283386379e-02 -7.6042830944e-01 -8.6947083473e-01 9.7166258097e-01 4.5541995764e-01 6.2297791243e-01 4.9979093671e-01
-1.2683770061e-01 -1.3609948158e+00 -1.3563233614e+00 -1.3597556353e+00 -1.3120945692e+00 -1.3384734392e+00 -1.3500632048e+00 -1.3653851748e+00 -1.4580264091e+00 -1.4306498766e+00 -1.4435737133e+00 6.4651083946e-01 -4.1991267353e-02 2.1565295756e-02 -4.5564302802e-01 2.2086651623e-01 7.0589147508e-02 1.6298115253e-01 8.6034554243e-01 -2.5683575869e-01 1.3838097453e-01 -2.8311498463e-02 -9.6526414156e-01 -5.4053372145e-01 -1.1546448469e+00 -9.4504958391e-01 -6.4765268564e-01 -7.8078162670e-01 -3.4443908930e-01 -9.9093204737e-01 -1.1109429598e+00 -7.3002249002e-01 -1.3438996077e+00 -1.3791416883e+00 -1.4749825001e+00 -1.7212796211e+00 -2.4175095558e+00 -1.3482812643e+00 -1.3932251930e+00 -1.4866310358e+00 -1.7232637405e+00 6.9079041481e-01 7.2830063105e-01 6.5648421645e-02 2.5263919830e+00 9.5898056030e-01 -1.9296631813e+00 1.7542444468e+00 1.4197986126e+00 1.9038094282e+00 1.0018469095e+00 6.1983430386e-01 8.5057514906e-01 4.8487702012e-01 1.0018469095e+00 -1.1209270954e+00 -1.5953907967e+00 -1.4749825001e+00 -1.2464284897e+00 -5.0176137686e-01 1.1596798897e+00 -1.5412087440e+00 -1.4178071022e+00 -7.7616679668e-01 1.9141145945e+00 4.3884038925e-01 2.0335860252e+00 6.4651083946e-01 6.4362412691e-01 -6.8748372793e-01 -8.6751079559e-01 1.4638580084e+00 4.2968773842e-01 6.5078234673e-01 5.4421281815e-01
-1.2683770061e-01 -1.2907702923e+00 -1.3604511023e+00 -1.3566590548e+00 -1.3616657257e+00 -1.3146922588e+00 -1.3448805809e+00 -1.3478114605e+00 -1.3670037985e+00 -1.4575268030e+00 -1.4280967712e+00 -2.8644612432e-01 6.4276033640e-01 -4.5348498970e-02 3.2159920782e-02 -4.5339253545e-01 2.4643139541e-01 4.8105746508e-02 1.6408392787e-01 8.5095655918e-01 -2.6172143221e-01 1.3728238642e-01 -1.1584696770e+00 -9.6669876575e-01 -5.3714984655e-01 -1.1582820415e+00 -9.5471781492e-01 -6.4740842581e-01 -7.8420764208e-01 -3.4379702806e-01 -1.0045523643e+00 -1.0923614502e+00 -1.3461849689e+00 -1.3690967560e+00 -1.4635492563e+00 -1.7124495506e+00 -2.4141852856e+00 -1.3437889814e+00 -1.3853626251e+00 -1.4763405323e+00 -1.7126450539e+00 6.7727363110e-01 7.2958427668e-01 2.2612089291e-02 2.5744771957e+00 6.8335688114e-01 -2.0139737129e+00 1.3198659420e+00 7.6307487488e-01 1.5720021725e+00 6.4166343212e-01 7.0925372839e-01 7.4946057796e-01 3.0777686834e-01 6.4166343212e-01 -1.1324197054e+00 -1.5863867998e+00 -1.4635492563e+00 -1.2334089279e+00 -5.1104110479e-01 7.9800987244e-01 -1.5287054777e+00 -1.4065998793e+00 -7.9548615217e-01 1.7670673132e+00 4.0951019526e-01 2.0295524597e+00 -2.8644612432e-01 -2.7678194642e-01 -6.5041619539e-01 -8.5532164574e-01 8.4591910243e-02 3.7346658111e-01 6.6141456366e-01 5.1361757517e-01
-1.2683770061e-01 -1.3217520714e+00 -1.2902793884e+00 -1.3607881069e+00 -1.3585675955e+00 -1.3643230200e+00 -1.3210427761e+00 -1.3426423073e+00 -1.3494200706e+00 -1.3665572405e+00 -1.4549239874e+00 -2.2110007703e-01 -2.8669285774e-01 6.4314377308e-01 -3.5187002271e-02 3.0633971095e-02 -4.4586941600e-01 2.1971201897e-01 4.8029307276e-02 1.5848757327e-01 8.5300010443e-01 -2.6159712672e-01 -1.1829181910e+00 -1.1606886387e+00 -9.6082764864e-01 -5.3525274992e-01 -1.1698460579e+00 -9.5154637098e-01 -6.4856851101e-01 -7.7652519941e-01 -3.5363540053e-01 -9.8730117083e-01 -1.3432767391e+00 -1.3587381840e+00 -1.4541796446e+00 -1.7033110857e+00 -2.4107909203e+00 -1.3487854004e+00 -1.3833305836e+00 -1.4693763256e+00 -1.7034544945e+00 6.4458400011e-01 7.2348701954e-01 -5.6738216430e-02 2.5726203918e+00 3.8859266043e-01 -1.9329570532e+00 1.0036007166e+00 3.1722295284e-01 1.3250982761e+00 3.6553075910e-01 7.1896010637e-01 5.7705307007e-01 2.4759088457e-01 3.6553075910e-01 -1.1325660944e+00 -1.5820235014e+00 -1.4541796446e+00 -1.2197310925e+00 -5.3093594313e-01 5.2075892687e-01 -1.5181869268e+00 -1.3953748941e+00 -8.1312769651e-01 1.4597749710e+00 4.2544603348e-02 2.0267174244e+00 -2.2110007703e-01 -2.1191845834e-01 -6.5520673990e-01 -8.4210461378e-01 -6.4422529936e-01 3.4730195999e-01 6.6351813078e-01 4.4837412238e-01
-1.2683770061e-01 -1.3455040455e+00 -1.3212378025e+00 -1.2905962467e+00 -1.3626986742e+00 -1.3612211943e+00 -1.3707917929e+00 -1.3188662529e+00 -1.3442479372e+00 -1.3489836454e+00 -1.3641225100e+00 -4.6948823333e-01 -2.2159223258e-01 -2.9138684273e-01 6.5776187181e-01 -3.6191571504e-02 5.1108624786e-02 -4.5591163635e-01 2.2139714658e-01 4.3065115809e-02 1.5619972348e-01 8.4971737862e-01 -1.2707655430e+00 -1.1852363348e+00 -1.1536853313e+00 -9.6272778511e-01 -5.4127758741e-01 -1.1646237373e+00 -9.5787370205e-01 -6.4305752516e-01 -7.8889244795e-01 -3.4452262521e-01 -1.3511703014e+00 -1.3627136946e+00 -1.4458681345e+00 -1.6962206364e+00 -2.4076738358e+00 -1.3691406250e+00 -1.3910437822e+00 -1.4680743217e+00 -1.6967792511e+00 5.8043390512e-01 7.0462888479e-01 -1.9392898679e-01 2.4474289417e+00 7.0107541978e-02 -1.5634135008e+00 3.9174085855e-01 -4.4840040803e-01 8.2883155346e-01 -4.9689149857e-01 1.8438208103e-01 2.2004513443e-01 6.3767455518e-02 -4.9689149857e-01 -1.1174978018e+00 -1.5883789062e+00 -1.4458681345e+00 -1.1973925829e+00 -5.9025621414e-01 -1.3273168355e-02 -1.5078790188e+00 -1.3877564669e+00 -8.3040684462e-01 1.4572139978e+00 -4.2416912317e-01 2.0207831860e+00 -4.6948823333e-01 -4.5879384875e-01 -7.6140338182e-01 -8.1940871477e-01 -1.2475064993e+00 2.8048551083e-01 6.6891074181e-01 3.2854181528e-01
-1.2683770061e-01 -1.3961067200e+00 -1.3449718952e+00 -1.3215634823e+00 -1.2924721241e+00 -1.3653571606e+00 -1.3676825762e+00 -1.3684862852e+00 -1.3204582930e+00 -1.3438146114e+00 -1.3465814590e+00 -1.2733872235e-01 -4.6904754639e-01 -2.2593060136e-01 -2.8281792998e-01 6.5139263868e-01 -1.7505027354e-02 2.9094493017e-02 -4.6116185188e-01 2.1548861265e-01 4.0055308491e-02 1.5504668653e-01 -1.2897392511e+00 -1.2734402418e+00 -1.1780897379e+00 -1.1573139429e+00 -9.7255313396e-01 -5.4204744101e-01 -1.1745712757e+00 -9.4741088152e-01 -6.5464478731e-01 -7.7433764935e-01 -1.3609341383e+00 -1.3698288202e+00 -1.4398336411e+00 -1.6898794174e+00 -2.4044883251e+00 -1.3872270584e+00 -1.3998416662e+00 -1.4682230949e+00 -1.6909372807e+00 5.1564306021e-01 6.7542237043e-01 -3.0518257618e-01 2.3152577877e+00 -8.7120622396e-02 -1.5731116533e+00 2.4071674049e-01 -6.2134838104e-01 7.0274007320e-01 -6.7843139172e-01 -2.8647646308e-01 -2.7314912528e-02 1.0137604922e-01 -6.7843127251e-01 -1.1514556408e+00 -1.5936371088e+00 -1.4398336411e+00 -1.1805300713e+00 -6.3587272167e-01 -2.1848161519e-01 -1.5008194447e+00 -1.3809682131e+00 -8.4493863583e-01 1.2143913507e+00 -8.7432402372e-01 2.0194501877e+00 -1.2733872235e-01 -1.1895455420e-01 -7.7228838205e-01 -8.2142937183e-01 -1.4089779854e+00 2.1518236399e-01 6.6868126392e-01 2.2910121083e-01
-1.2683770061e-01 -1.4095325470e+00 -1.3955366611e+00 -1.3453043699e+00 -1.3234547377e+00 -1.2950462103e+00 -1.3718285561e+00 -1.3653851748e+00 -1.3701066971e+00 -1.3200387955e+00 -1.3414219618e+00 6.2184083462e-01 -1.2818300724e-01 -4.7473770380e-01 -2.1693798900e-01 -2.8190541267e-01 6.8847751617e-01 -3.7866290659e-02 2.8822906315e-02 -4.6335247159e-01 2.1355730295e-01 3.9257243276e-02 -1.4335881472e+00 -1.2924909592e+00 -1.2657788992e+00 -1.1819370985e+00 -1.1688693762e+00 -9.6921163797e-01 -5.4141741991e-01 -1.1606392860e+00 -9.6077692509e-01 -6.4176851511e-01 -1.3713208437e+00 -1.3706662655e+00 -1.4288760424e+00 -1.6813794374e+00 -2.4007780552e+00 -1.3767015934e+00 -1.3946028948e+00 -1.4617264271e+00 -1.6824653149e+00 5.0152337551e-01 6.4898008108e-01 -2.7546548843e-01 2.2417485714e+00 1.0331272334e-01 -1.6886590719e+00 8.2361084223e-01 3.4720101953e-01 1.1465967894e+00 1.2635625899e-01 -3.7178650498e-01 2.4403379858e-01 3.4787632525e-02 1.2635625899e-01 -1.1560894251e+00 -1.6020087004e+00 -1.4288760424e+00 -1.1510848999e+00 -7.1373695135e-01 4.7317129374e-01 -1.4905115366e+00 -1.3722889423e+00 -8.3362030983e-01 1.5112140179e+00 -5.5298948288e-01 2.0246503353e+00 6.2184083462e-01 6.1944144964e-01 -6.6340214014e-01 -7.9860895872e-01 1.3550995588e+00 1.2717461586e-01 6.7873978615e-01 2.5240084529e-01
-1.2683770061e-01 -1.3424060345e+00 -1.4089523554e+00 -1.3958835602e+00 -1.3472074270e+00 -1.3260661364e+00 -1.3013499975e+00 -1.3695201874e+00 -1.3670037985e+00 -1.3696583509e+00 -1.3176901340e+00 5.0208252668e-01 6.1818301678e-01 -1.3201107085e-01 -4.6735560894e-01 -2.1653547883e-01 -2.6979365945e-01 6.5110951662e-01 -3.8825239986e-02 2.3963332176e-02 -4.6952986717e-01 2.1222895384e-01 -1.6018437147e+00 -1.4369237423e+00 -1.2847183943e+00 -1.2704120874e+00 -1.1937114000e+00 -1.1636563540e+00 -9.7583913803e-01 -5.3762185574e-01 -1.1752513647e+00 -9.4407302141e-01 -1.3644660711e+00 -1.3683639765e+00 -1.4180777073e+00 -1.6721091270e+00 -2.3967530727e+00 -1.3512704372e+00 -1.3801760674e+00 -1.4504404068e+00 -1.6719956398e+00 5.1950478554e-01 6.3174486160e-01 -1.7648021877e-01 2.2572627068e+00 7.4753046036e-01 -1.7802921534e+00 1.2155423164e+00 8.8069903851e-01 1.4668077230e+00 8.4583079815e-01 1.0714296252e-01 8.8510394096e-01 1.3671000302e-01 8.4583073854e-01 -1.1732572317e+00 -1.5959218740e+00 -1.4180777073e+00 -1.1363763809e+00 -7.3198097944e-01 1.0745410919e+00 -1.4806071520e+00 -1.3599860668e+00 -8.1196391582e-01 1.4954156876e+00 -7.5186103582e-02 2.0326917171e+00 5.0208252668e-01 5.0192993879e-01 -6.1772352457e-01 -8.0344283581e-01 1.2551274300e+00 1.1160580814e-01 6.8554753065e-01 3.3248916268e-01
-1.2683770061e-01 -1.2876722813e+00 -1.3418762684e+00 -1.4093031883e+00 -1.3978115320e+00 -1.3498473167e+00 -1.3324437141e+00 -1.2992246151e+00 -1.3711413145e+00 -1.3665572405e+00 -1.3672178984e+00 -4.4707876444e-01 4.9887442589e-01 6.1843222380e-01 -1.2241053581e-01 -4.6501445770e-01 -2.0267456770e-01 -2.8407743573e-01 6.5722298622e-01 -4.3316330761e-02 2.0834043622e-02 -4.6877044439e-01 -1.0605504513e+00 -1.6058623791e+00 -1.4283082485e+00 -1.2895213366e+00 -1.2829730511e+00 -1.1882616282e+00 -1.1735874414e+00 -9.6508872509e-01 -5.4859298468e-01 -1.1558659077e+00 -1.3625959158e+00 -1.3659579754e+00 -1.4100319147e+00 -1.6642038822e+00 -2.3934030533e+00 -1.3506462574e+00 -1.3773651123e+00 -1.4450249672e+00 -1.6640027761e+00 4.9777257442e-01 6.1322069168e-01 -1.9033929706e-01 2.1412839890e+00 3.6904585361e-01 -1.3544042110e+00 6.6480547190e-01 1.7370109260e-01 1.0099016428e+00 -1.3951714337e-01 2.9936578870e-01 3.4692686796e-01 -1.0639985092e-02 -1.3951714337e-01 -1.1494352818e+00 -1.6004285812e+00 -1.4100319147e+00 -1.1163922548e+00 -7.8225868940e-01 3.8409829140e-01 -1.4723185301e+00 -1.3533394337e+00 -8.3082586527e-01 1.6752989292e+00 -6.8557238579e-01 2.0265247822e+00 -4.4707876444e-01 -4.3648499250e-01 -6.1995321512e-01 -7.6810705662e-01 4.0129920840e-01 8.6522266269e-02 6.8715375662e-01 3.0674651265e-01
-1.2683770061e-01 -1.3362098932e+00 -1.2871837616e+00 -1.3422077894e+00 -1.4112377167e+00 -1.4005123377e+00 -1.3562816381e+00 -1.3302377462e+00 -1.3008053303e+00 -1.3706922531e+00 -1.3641225100e+00 1.4008107781e-01 -4.4672223926e-01 4.9847185612e-01 6.3289028406e-01 -1.2273985147e-01 -4.5780232549e-01 -2.1857520938e-01 -2.8756377101e-01 6.4894044399e-01 -4.6866446733e-02 2.0094726235e-02 -1.2068651915e+00 -1.0623718500e+00 -1.5962607861e+00 -1.4343981743e+00 -1.3022521734e+00 -1.2766723633e+00 -1.1986107826e+00 -1.1596711874e+00 -9.7855806351e-01 -5.3704261780e-01 -1.3474315405e+00 -1.3622953892e+00 -1.4025677443e+00 -1.6564304829e+00 -2.3896496296e+00 -1.3450176716e+00 -1.3721953630e+00 -1.4385944605e+00 -1.6556643248e+00 4.8526224494e-01 5.9567481279e-01 -1.7982015014e-01 2.0335896015e+00 2.1646183729e-01 -1.4312722683e+00 7.8260427713e-01 3.4346708655e-01 1.1043882370e+00 1.5272778273e-01 3.0877211690e-01 4.7701075673e-01 -3.3205222338e-02 1.5272778273e-01 -1.1881296635e+00 -1.6018506289e+00 -1.4025677443e+00 -1.1006079912e+00 -8.1761270761e-01 5.5910521746e-01 -1.4654173851e+00 -1.3448017836e+00 -8.1183063984e-01 1.6379823685e+00 -7.9529374838e-01 2.0285193920e+00 1.4008107781e-01 1.4551301301e-01 -6.1711406708e-01 -7.7152234316e-01 1.0869876146e+00 1.1917351931e-01 6.8711549044e-01 3.0326297879e-01
-1.2683770061e-01 -1.3207191229e+00 -1.3356848955e+00 -1.2874996662e+00 -1.3441092968e+00 -1.4139546156e+00 -1.4070672989e+00 -1.3540136814e+00 -1.3318362236e+00 -1.3003972769e+00 -1.3682500124e+00 3.2022863626e-01 1.3823251426e-01 -4.5229044557e-01 5.1215344667e-01 6.2671363354e-01 -1.0636916012e-01 -4.6755707264e-01 -2.2138914466e-01 -2.9069998860e-01 6.4972037077e-01 -4.7398850322e-02 -1.1998858452e+00 -1.2092804909e+00 -1.0559424162e+00 -1.6038560867e+00 -1.4484170675e+00 -1.2957677841e+00 -1.2885235548e+00 -1.1842938662e+00 -1.1742776632e+00 -9.6163183451e-01 -1.3225033283e+00 -1.3546572924e+00 -1.3949452639e+00 -1.6449576616e+00 -2.3850874901e+00 -1.3294527531e+00 -1.3614600897e+00 -1.4293084145e+00 -1.6461579800e+00 4.9240502715e-01 5.8319485188e-01 -1.2535852194e-01 1.9973921776e+00 6.1700284481e-01 -1.5387474298e+00 1.0411933661e+00 7.0619666576e-01 1.3142204285e+00 8.1515038013e-01 2.9782876372e-01 9.2871153355e-01 1.9960348308e-01 8.1515043974e-01 -1.2041785717e+00 -1.5955239534e+00 -1.3949452639e+00 -1.0922521353e+00 -8.2212358713e-01 1.0162302256e+00 -1.4593409300e+00 -1.3339124918e+00 -7.8563886881e-01 1.5298265219e+00 -1.4170710742e-01 2.0347409248e+00 3.2022863626e-01 3.2310885191e-01 -6.0310012102e-01 -7.7016013861e-01 9.8338896036e-01 1.9182890654e-01 6.7480051517e-01 3.3944940567e-01
-1.2683770061e-01 -1.2856063843e+00 -1.3202056885e+00 -1.3360147476e+00 -1.2893741131e+00 -1.3467454910e+00 -1.4205416441e+00 -1.4046676159e+00 -1.3556258678e+00 -1.3314100504e+00 -1.2980849743e+00 2.1476520598e-01 3.1770351529e-01 1.3585980237e-01 -4.4476303458e-01 5.0691151619e-01 6.6313815117e-01 -1.2458973378e-01 -4.7292685509e-01 -2.2488580644e-01 -2.9579743743e-01 6.4705896378e-01 -8.2308691740e-01 -1.2022728920e+00 -1.2019935846e+00 -1.0586949587e+00 -1.6193816662e+00 -1.4405392408e+00 -1.3079433441e+00 -1.2727671862e+00 -1.1990442276e+00 -1.1549043655e+00 -1.3062992096e+00 -1.3517276049e+00 -1.3859989643e+00 -1.6332429647e+00 -2.3802173138e+00 -1.3110855818e+00 -1.3482753038e+00 -1.4185593128e+00 -1.6360116005e+00 5.0775098801e-01 5.7655519247e-01 -6.2569327652e-02 2.0127880573e+00 9.2204934359e-01 -1.6396024227e+00 1.2074580193e+00 9.2816478014e-01 1.4516384602e+00 1.1068238020e+00 7.4238026142e-01 1.3572087288e+00 2.5632393360e-01 1.1068236828e+00 -1.2202498913e+00 -1.5870807171e+00 -1.3859989643e+00 -1.0834617615e+00 -8.2328557968e-01 1.2632015944e+00 -1.4513859749e+00 -1.3244199753e+00 -7.6092302799e-01 1.6273566484e+00 -1.2912756205e-01 2.0386943817e+00 2.1476520598e-01 2.1919408441e-01 -6.7795389891e-01 -7.6879620552e-01 3.9438888431e-01 2.2275055945e-01 6.6642463207e-01 3.8328427076e-01
-1.2683770061e-01 -1.2618544102e+00 -1.2851194143e+00 -1.3205310106e+00 -1.3379130363e+00 -1.2919443846e+00 -1.3531724215e+00 -1.4181070328e+00 -1.4063088894e+00 -1.3551858664e+00 -1.3290404081e+00 -4.0353402495e-02 2.1263615787e-01 3.1631121039e-01 1.4719423652e-01 -4.4259679317e-01 5.4013037682e-01 6.2638056278e-01 -1.2643891573e-01 -4.7505337000e-01 -2.2957164049e-01 -2.9556903243e-01 -9.0036076307e-01 -8.2394438982e-01 -1.1950268745e+00 -1.2060551643e+00 -1.0693736076e+00 -1.6098740101e+00 -1.4551744461e+00 -1.2918760777e+00 -1.2880346775e+00 -1.1793613434e+00 -1.3019367456e+00 -1.3460772038e+00 -1.3780590296e+00 -1.6230260134e+00 -2.3745961189e+00 -1.3002300262e+00 -1.3382537365e+00 -1.4092429876e+00 -1.6264402866e+00 5.1189142466e-01 5.7214587927e-01 -3.8592156023e-02 2.0270845890e+00 7.5497841835e-01 -1.7022238970e+00 1.1541365385e+00 8.4768295288e-01 1.4093022346e+00 1.0328761339e+00 1.0563162565e+00 1.2545484304e+00 2.5646528602e-01 1.0328762531e+00 -1.2585643530e+00 -1.5804363489e+00 -1.3780590296e+00 -1.0748113394e+00 -8.2774859667e-01 1.0825152397e+00 -1.4447838068e+00 -1.3135308027e+00 -7.7552026510e-01 1.4944951534e+00 -6.8336308002e-02 2.0382895470e+00 -4.0353402495e-02 -3.2819576561e-02 -7.0192599297e-01 -7.6774197817e-01 6.7590516806e-01 2.0847895741e-01 6.5961694717e-01 3.9320504665e-01
-1.2683770061e-01 -1.2659853697e+00 -1.2613853216e+00 -1.2854347229e+00 -1.3224217892e+00 -1.3405418396e+00 -1.2982407808e+00 -1.3509125710e+00 -1.4197559357e+00 -1.4058393240e+00 -1.3527722359e+00 1.3878485560e-01 -4.1524354368e-02 2.1066990495e-01 3.2881373167e-01 1.4477774501e-01 -4.3478479981e-01 5.0633597374e-01 6.3224017620e-01 -1.3045276701e-01 -4.8130393028e-01 -2.2954560816e-01 -1.4301612377e+00 -9.0153193474e-01 -8.1890642643e-01 -1.1990259886e+00 -1.2180439234e+00 -1.0651091337e+00 -1.6273862123e+00 -1.4367501736e+00 -1.3072552681e+00 -1.2672390938e+00 -1.2846945524e+00 -1.3364505768e+00 -1.3679487705e+00 -1.6114649773e+00 -2.3678584099e+00 -1.2877817154e+00 -1.3271844387e+00 -1.3992825747e+00 -1.6165839434e+00 5.1949077845e-01 5.7027453184e-01 -1.1306334287e-02 2.0728116035e+00 8.7254035473e-01 -1.7995920181e+00 1.2702500820e+00 1.0142823458e+00 1.5031580925e+00 1.1751416922e+00 1.1847200394e+00 1.4233402014e+00 1.0484319925e-01 1.1751416922e+00 -1.2695813179e+00 -1.5784684420e+00 -1.3679487705e+00 -1.0573161840e+00 -8.5964381695e-01 1.2929191589e+00 -1.4349670410e+00 -1.3040739298e+00 -7.6027095318e-01 1.6418237686e+00 5.3233122826e-01 2.0398762226e+00 1.3878485560e-01 1.4423349500e-01 -7.2157222033e-01 -7.8099805117e-01 5.8484333754e-01 2.3896837234e-01 6.5598356724e-01 4.0848800540e-01
-1.2683770061e-01 -1.2504945993e+00 -1.2655131817e+00 -1.2616938353e+00 -1.2873080969e+00 -1.3250318766e+00 -1.3469539881e+00 -1.2961235046e+00 -1.3525229692e+00 -1.4192786217e+00 -1.4033321142e+00 1.2959866524e+00 1.3694114983e-01 -4.4879037887e-02 2.2248858213e-01 3.2499116659e-01 1.6830664873e-01 -4.4509404898e-01 5.1096332073e-01 6.2409377098e-01 -1.3454791903e-01 -4.8050853610e-01 -1.3960169554e+00 -1.4334828854e+00 -8.9604115486e-01 -8.1953459978e-01 -1.2109522820e+00 -1.2123621702e+00 -1.0733659267e+00 -1.6062048674e+00 -1.4529759884e+00 -1.2862192392e+00 -1.2419012785e+00 -1.3072578907e+00 -1.3551907539e+00 -1.5972622633e+00 -2.3597130775e+00 -1.2315366268e+00 -1.2917228937e+00 -1.3761923313e+00 -1.6010457277e+00 6.0924458504e-01 5.8833760023e-01 2.0300644636e-01 2.2498619556e+00 2.1614224911e+00 -2.0270352364e+00 2.0893726349e+00 1.9032325745e+00 2.2303800583e+00 1.4254275560e+00 1.2983613014e+00 2.5779311657e+00 5.8026224375e-01 1.4254275560e+00 -1.1663682461e+00 -1.5248572826e+00 -1.3551907539e+00 -1.0862731934e+00 -6.9360256195e-01 2.4011681080e+00 -1.4200931787e+00 -1.2958897352e+00 -7.2042226791e-01 1.7289074659e+00 1.2574647665e+00 2.0779471397e+00 1.2959866524e+00 1.2772753239e+00 -5.3415340185e-01 -6.7964124680e-01 1.4332363605e+00 3.6503392458e-01 6.5273272991e-01 5.9569728374e-01
-1.2683770061e-01 -1.1079795361e+00 -1.2500339746e+00 -1.2658227682e+00 -1.2635555267e+00 -1.2898759842e+00 -1.3314070702e+00 -1.3447102308e+00 -1.2977024317e+00 -1.3520847559e+00 -1.4167464972e+00 -2.9835709929e-01 1.2897969484e+00 1.3456138968e-01 -3.4714501351e-02 2.1948918700e-01 3.5334220529e-01 1.4346925914e-01 -4.5023322105e-01 5.0347751379e-01 6.2471824884e-01 -1.3481232524e-01 -1.0802143812e-01 -1.3991999626e+00 -1.4248874187e+00 -8.9736062288e-01 -8.2808691263e-01 -1.2053381205e+00 -1.2231206894e+00 -1.0610541105e+00 -1.6234209538e+00 -1.4301180840e+00 -1.2128182650e+00 -1.2800536156e+00 -1.3450272083e+00 -1.5820237398e+00 -2.3526787758e+00 -1.2051576376e+00 -1.2688312531e+00 -1.3585656881e+00 -1.5875241756e+00 6.5242004395e-01 6.1219739914e-01 2.6532584429e-01 2.4399135113e+00 2.2140462399e+00 -2.1290605068e+00 1.6792035103e+00 1.3432925940e+00 1.8964711428e+00 7.9166615009e-01 1.2123253345e+00 2.2488260269e+00 5.5655115843e-01 7.9166620970e-01 -1.1535637379e+00 -1.4951173067e+00 -1.3450272083e+00 -1.0963958502e+00 -6.1394393444e-01 1.6128513813e+00 -1.4080464840e+00 -1.2859902382e+00 -7.9965990782e-01 8.3909189701e-01 1.6128518581e+00 2.0607097149e+00 -2.9835709929e-01 -2.8861147165e-01 -5.0357455015e-01 -6.6293996572e-01 -1.1480594873e+00 4.4460800290e-01 6.3651663065e-01 6.4684188366e-01
-1.2683770061e-01 -1.1410272121e+00 -1.1076261997e+00 -1.2503391504e+00 -1.2676866055e+00 -1.2660948038e+00 -1.2961674929e+00 -1.3292037249e+00 -1.3463170528e+00 -1.2972961664e+00 -1.3496768475e+00 -8.5635155439e-01 -2.9855909944e-01 1.2937151194e+00 1.4588743448e-01 -3.5722725093e-02 2.4501720071e-01 3.2404741645e-01 1.4437174797e-01 -4.5248335600e-01 5.0334757566e-01 6.2213325500e-01 1.9543427229e+00 -1.0597634315e-01 -1.3908046484e+00 -1.4309467077e+00 -9.0660482645e-01 -8.2612258196e-01 -1.2159773111e+00 -1.2084114552e+00 -1.0750843287e+00 -1.5984319448e+00 -1.2076244354e+00 -1.2692759037e+00 -1.3399990797e+00 -1.5697805882e+00 -2.3461296558e+00 -1.2195359468e+00 -1.2677056789e+00 -1.3520035744e+00 -1.5785782337e+00 6.1981558800e-01 6.2417972088e-01 1.3763241470e-01 2.3662042618e+00 1.5172455311e+00 -1.1058660746e+00 6.7734456062e-01 1.2523010373e-01 1.0389755964e+00 -1.0993835330e-01 7.5395601988e-01 1.0681635141e+00 4.3752890825e-01 -1.0993835330e-01 -1.0843672752e+00 -1.4880586863e+00 -1.3399990797e+00 -1.0937623978e+00 -6.0541754961e-01 5.6733930111e-01 -1.3974226713e+00 -1.2822962999e+00 -8.1935912371e-01 5.2426320314e-01 1.2240599394e+00 2.0483374596e+00 -8.5635155439e-01 -8.4504771233e-01 -3.5633772612e-01 -5.7719844580e-01 -1.3516558409e+00 4.4568923116e-01 6.1215424538e-01 5.3176820278e-01
-1.2683770061e-01 -1.2360366583e+00 -1.1406488419e+00 -1.1078904867e+00 -1.2521952391e+00 -1.2702308893e+00 -1.2723295689e+00 -1.2940555811e+00 -1.3308017254e+00 -1.3458825350e+00 -1.2949895859e+00 -5.2865517139e-01 -8.5445803404e-01 -3.0331793427e-01 1.3125441074e+00 1.4348104596e-01 -1.7023637891e-02 2.1833190322e-01 3.2680353522e-01 1.3888277113e-01 -4.5859277248e-01 5.0113350153e-01 -1.1630251408e+00 1.9647592306e+00 -1.0512876511e-01 -1.3965585232e+00 -1.4449349642e+00 -9.0389204025e-01 -8.3031898737e-01 -1.2013823986e+00 -1.2233028412e+00 -1.0569511652e+00 -1.2132334709e+00 -1.2699041367e+00 -1.3391518593e+00 -1.5596954823e+00 -2.3401803970e+00 -1.2485781908e+00 -1.2774991989e+00 -1.3517796993e+00 -1.5724463463e+00 5.5148833990e-01 6.1887484789e-01 -4.8219274729e-02 2.1530218124e+00 1.1240425110e+00 -4.1167145967e-01 1.7765244842e-01 -4.0387544036e-01 5.8491951227e-01 -6.5873980522e-01 1.0564056225e-02 1.2500837445e-01 3.1533709168e-01 -6.5873980522e-01 -1.0739105940e+00 -1.4873118401e+00 -1.3391518593e+00 -1.0928778648e+00 -6.0576033592e-01 -3.1436208636e-02 -1.3936991692e+00 -1.2826846838e+00 -8.4022933245e-01 3.0523288250e-01 1.1782578230e+00 2.0402615070e+00 -5.2865517139e-01 -5.1772940159e-01 -3.3718171716e-01 -5.5167776346e-01 -6.7966532707e-01 4.1887629032e-01 5.8018112183e-01 3.6960425973e-01
-1.2683770061e-01 -1.2938683033e+00 -1.2355868816e+00 -1.1409227848e+00 -1.1096763611e+00 -1.2547209263e+00 -1.2764754295e+00 -1.2702795267e+00 -1.2956333160e+00 -1.3303761482e+00 -1.3434860706e+00 -1.9192054868e-01 -5.2799230814e-01 -8.6225360632e-01 -2.9482623935e-01 1.3011058569e+00 1.6697524488e-01 -3.7396498024e-02 2.2000287473e-01 3.2032084465e-01 1.3647229970e-01 -4.5786678791e-01 -1.1017158031e+00 -1.1652624607e+00 1.9535212517e+00 -9.9359512329e-02 -1.4102410078e+00 -1.4370902777e+00 -9.0940976143e-01 -8.2189828157e-01 -1.2162327766e+00 -1.2033165693e+00 -1.2261132002e+00 -1.2677065134e+00 -1.3368223906e+00 -1.5513501167e+00 -2.3347864151e+00 -1.2748880386e+00 -1.2893383503e+00 -1.3536177874e+00 -1.5674343109e+00 4.7922912240e-01 5.9888339043e-01 -2.0611299574e-01 1.8992048502e+00 8.2799988985e-01 -2.1790374815e-01 9.7758304328e-03 -5.7714349031e-01 4.2992362380e-01 -8.5473823547e-01 -5.7668429613e-01 -2.4733884633e-01 7.1566984057e-02 -8.5473811626e-01 -1.0829136372e+00 -1.4875010252e+00 -1.3368223906e+00 -1.0882055759e+00 -6.1573231220e-01 -2.6873308420e-01 -1.3955962658e+00 -1.2796089649e+00 -8.5911279917e-01 5.5193638802e-01 1.1549807787e+00 2.0376322269e+00 -1.9192054868e-01 -1.8297383189e-01 -3.6361569166e-01 -5.6857419014e-01 1.7206231132e-02 3.5573595762e-01 5.5960512161e-01 2.3369988799e-01
-1.2683770061e-01 -1.3145222664e+00 -1.2933751345e+00 -1.2358880043e+00 -1.1427248716e+00 -1.1120306253e+00 -1.2609286308e+00 -1.2744146585e+00 -1.2718436718e+00 -1.2952282429e+00 -1.3280082941e+00 -1.8294562399e-01 -1.9252227247e-01 -5.3400450945e-01 -8.5737985373e-01 -2.9382073879e-01 1.3555756807e+00 1.4216993749e-01 -3.8350626826e-02 2.1410192549e-01 3.1904527545e-01 1.3537955284e-01 -1.2057367563e+00 -1.1037043333e+00 -1.1582324505e+00 1.9777414799e+00 -1.0150894523e-01 -1.4027271271e+00 -1.4516669512e+00 -8.9972281456e-01 -8.3453071117e-01 -1.1963348389e+00 -1.2716071606e+00 -1.2690668106e+00 -1.3356584311e+00 -1.5441268682e+00 -2.3293917179e+00 -1.2990293503e+00 -1.3026605844e+00 -1.3572195768e+00 -1.5634541512e+00 4.0535905957e-01 5.6679159403e-01 -3.3620220423e-01 1.5950633287e+00 5.0443971157e-01 4.1493937373e-02 -1.5019373596e-01 -7.4535924196e-01 2.8268665075e-01 -1.0714184046e+00 -9.1963011026e-01 -5.8381623030e-01 -1.3163714111e-01 -1.0714182854e+00 -1.0772398710e+00 -1.4879224300e+00 -1.3356584311e+00 -1.0855441093e+00 -6.2202745676e-01 -4.8871478438e-01 -1.3939450979e+00 -1.2800686359e+00 -8.7706881762e-01 6.7572897673e-01 1.1086436510e+00 2.0352504253e+00 -1.8294562399e-01 -1.7407357693e-01 -3.6104997993e-01 -5.6488937140e-01 5.5112463236e-01 1.6155643761e-01 5.3872311115e-01 1.1932367831e-01
-1.2683770061e-01 -1.3341441154e+00 -1.3140134811e+00 -1.2936927080e+00 -1.2377369404e+00 -1.1451188326e+00 -1.1178982258e+00 -1.2589081526e+00 -1.2759811878e+00 -1.2714524269e+00 -1.2929253578e+00 1.7809595168e-01 -1.8358106911e-01 -1.9670183957e-01 -5.2700603008e-01 -8.5201925039e-01 -2.8202784061e-01 1.3021376133e+00 1.4305908978e-01 -4.2844302952e-02 2.1216192842e-01 3.1739452481e-01 -1.2542994022e+00 -1.2081475258e+00 -1.0970336199e+00 -1.1619018316e+00 1.9940589666e+00 -1.0647103935e-01 -1.4167199135e+00 -1.4332988262e+00 -9.1281014681e-01 -8.1940525770e-01 -1.3065068722e+00 -1.2719964981e+00 -1.3332756758e+00 -1.5366181135e+00 -2.3236761093e+00 -1.3085218668e+00 -1.3099249601e+00 -1.3585394621e+00 -1.5587946177e+00 3.5563954711e-01 5.3028267622e-01 -3.8368988037e-01 1.3243618011e+00 3.1129953265e-01 -2.0568941534e-01 1.3790472411e-02 -4.8426347971e-01 4.1142788529e-01 -1.0029988289e+00 -1.0424222946e+00 -4.9014610052e-01 5.4510436952e-02 -1.0029989481e+00 -1.0731410980e+00 -1.4884449244e+00 -1.3332756758e+00 -1.0804381371e+00 -6.3353627920e-01 -3.1170707941e-01 -1.3913285732e+00 -1.2781776190e+00 -8.6227762699e-01 6.1420184374e-01 1.1296693087e+00 2.0372173786e+00 1.7809595168e-01 1.8302702904e-01 -3.7341314554e-01 -5.6267189980e-01 1.0175454617e+00 6.5162698738e-03 5.2124500275e-01 7.3830343783e-02
-1.2683770061e-01 -1.3145222664e+00 -1.3336205482e+00 -1.3143371344e+00 -1.2955702543e+00 -1.2402452230e+00 -1.1510653496e+00 -1.1162489653e+00 -1.2604657412e+00 -1.2755875587e+00 -1.2691935301e+00 -3.6323565245e-01 1.7610460520e-01 -1.8771179020e-01 -1.8752004206e-01 -5.2420306206e-01 -8.5516256094e-01 -2.9601690173e-01 1.3149338961e+00 1.3757726550e-01 -4.6391464770e-02 2.1083785594e-01 -1.4200056791e+00 -1.2569072247e+00 -1.2008671761e+00 -1.1001545191e+00 -1.1734980345e+00 1.9691201448e+00 -9.8440729082e-02 -1.3989112377e+00 -1.4495043755e+00 -8.9670598507e-01 -1.3301893473e+00 -1.2813085318e+00 -1.3365049362e+00 -1.5296157598e+00 -2.3179473877e+00 -1.3280532360e+00 -1.3231395483e+00 -1.3636108637e+00 -1.5559892654e+00 2.8855177760e-01 4.8645499349e-01 -4.6237307787e-01 1.0954813957e+00 2.4018779397e-01 -4.1785460711e-01 -3.1843021512e-01 -8.6268472672e-01 1.1103499681e-01 -1.3992791176e+00 -1.2366520166e+00 -5.0420320034e-01 -9.5434091985e-02 -1.3992789984e+00 -1.0763510466e+00 -1.4891223907e+00 -1.3365049362e+00 -1.0859770775e+00 -6.2350732088e-01 -6.8768084049e-01 -1.3932778835e+00 -1.2773821354e+00 -8.8337695599e-01 1.0585253686e-01 7.2650945187e-01 2.0316205025e+00 -3.6323565245e-01 -3.5308152437e-01 -3.6999002099e-01 -5.9099096060e-01 -1.2184615135e+00 -7.8896604478e-02 4.8525601625e-01 -7.0702903904e-03
-1.2683770061e-01 -1.3537658453e+00 -1.3140134811e+00 -1.3339498043e+00 -1.3162248135e+00 -1.2981480360e+00 -1.2464183569e+00 -1.1493300200e+00 -1.1177247763e+00 -1.2600811720e+00 -1.2733210325e+00 1.7855986953e-01 -3.6319398880e-01 1.7393879592e-01 -1.7847178876e-01 -1.8734528124e-01 -5.1857471466e-01 -8.5534507036e-01 -2.9962578416e-01 1.3030689955e+00 1.3515862823e-01 -4.6925317496e-02 -1.0897214413e+00 -1.4232861996e+00 -1.2493423223e+00 -1.2049187422e+00 -1.1112017632e+00 -1.1682409048e+00 2.0124142170e+00 -1.0173694044e-01 -1.4149159193e+00 -1.4266898632e+00 -1.3382905722e+00 -1.2882145643e+00 -1.3371405602e+00 -1.5227235556e+00 -2.3121616840e+00 -1.3344730139e+00 -1.3303165436e+00 -1.3662605286e+00 -1.5524582863e+00 2.4547713995e-01 4.4200554490e-01 -4.6905788779e-01 8.4044575691e-01 3.0349979177e-02 -2.9946690798e-01 -1.4224961400e-01 -5.7196503878e-01 2.4696692824e-01 -1.2011389732e+00 -1.2829214334e+00 -6.3372164965e-01 -1.3723236322e-01 -1.2011389732e+00 -1.0957050323e+00 -1.4891955853e+00 -1.3371405602e+00 -1.0871258974e+00 -6.2129384279e-01 -4.7310593724e-01 -1.3946123123e+00 -1.2786194086e+00 -8.6787295341e-01 2.4564333260e-01 7.6682519913e-01 2.0336873531e+00 1.7855986953e-01 1.8348470330e-01 -3.5989338160e-01 -5.9421008825e-01 1.0706584454e+00 -1.1003452539e-01 4.5901972055e-01 -2.8359506279e-02
-1.2683770061e-01 -1.3341441154e+00 -1.3532276154e+00 -1.3143371344e+00 -1.3358471394e+00 -1.3188273907e+00 -1.3044592142e+00 -1.2444355488e+00 -1.1508247852e+00 -1.1174232960e+00 -1.2578432560e+00 4.9202331901e-01 1.7656679451e-01 -3.6830592155e-01 1.8551972508e-01 -1.7836707830e-01 -1.7270329595e-01 -5.2686548233e-01 -8.6469554901e-01 -3.0269628763e-01 1.3079403639e+00 1.3406988978e-01 -1.3826851845e+00 -1.0916613340e+00 -1.4147502184e+00 -1.2538282871e+00 -1.2168973684e+00 -1.1065385342e+00 -1.1782498360e+00 1.9753245115e+00 -1.1016072333e-01 -1.3925337791e+00 -1.3314359188e+00 -1.2912489176e+00 -1.3338055611e+00 -1.5151929855e+00 -2.3057019711e+00 -1.3206863403e+00 -1.3262386322e+00 -1.3633525372e+00 -1.5467789173e+00 2.4304428697e-01 4.0591576695e-01 -3.7918388844e-01 7.0838880539e-01 5.9009438753e-01 -5.7283872366e-01 3.0808895826e-01 1.1745005846e-01 6.0235440731e-01 -6.5887123346e-01 -1.1601761580e+00 -1.2980768085e-01 -5.5471330881e-02 -6.5887111425e-01 -1.0680651665e+00 -1.4875944853e+00 -1.3338055611e+00 -1.0823051929e+00 -6.2802749872e-01 5.7499408722e-02 -1.3915046453e+00 -1.2782479525e+00 -8.4604650736e-01 5.4155021906e-01 7.8709197044e-01 2.0416305065e+00 4.9202331901e-01 4.9205046892e-01 -3.1984838843e-01 -5.7704198360e-01 9.4827622175e-01 -9.5114752650e-02 4.4490712881e-01 3.2371271402e-02
-1.2683770061e-01 -1.2804433107e+00 -1.3336205482e+00 -1.3535624743e+00 -1.3162248135e+00 -1.3384734392e+00 -1.3251878023e+00 -1.3023257256e+00 -1.2459849119e+00 -1.1505039930e+00 -1.1154490709e+00 5.8305674791e-01 4.8885303736e-01 1.7440348864e-01 -3.6023488641e-01 1.8280650675e-01 -1.6348485649e-01 -1.8932592869e-01 -5.3284406662e-01 -8.6468809843e-01 -3.0786877871e-01 1.3032671213e+00 -1.0516487360e+00 -1.3858141899e+00 -1.0850608349e+00 -1.4207186699e+00 -1.2662417889e+00 -1.2112265825e+00 -1.1154991388e+00 -1.1642589569e+00 1.9790391922e+00 -1.0409212857e-01 -1.3077533245e+00 -1.3022358418e+00 -1.3245950937e+00 -1.5072658062e+00 -2.2984964848e+00 -1.2899534702e+00 -1.3110394478e+00 -1.3543967009e+00 -1.5385953188e+00 2.7894735336e-01 3.8486835361e-01 -2.1746544540e-01 6.5228497982e-01 9.9561464787e-01 -7.4007499218e-01 7.7022451162e-01 7.2340780497e-01 9.8541837931e-01 -1.2314161286e-02 -6.6546612978e-01 5.2307444811e-01 1.2975384295e-01 -1.2314161286e-02 -1.0809941292e+00 -1.4831190109e+00 -1.3245950937e+00 -1.0690454245e+00 -6.4638048410e-01 6.6462856531e-01 -1.3856388330e+00 -1.2702224255e+00 -8.2564646006e-01 1.0177756548e+00 7.4738818407e-01 2.0504207611e+00 5.8305674791e-01 5.8140665293e-01 -5.7136762142e-01 -5.7671260834e-01 1.4957460165e+00 -3.4136395901e-02 4.5064389706e-01 1.5440151095e-01
-1.2683770061e-01 -1.2164148092e+00 -1.2799601555e+00 -1.3339498043e+00 -1.3554694653e+00 -1.3188273907e+00 -1.3448805809e+00 -1.3230006695e+00 -1.3039083481e+00 -1.2456086874e+00 -1.1484686136e+00 2.4094583094e-01 5.7954454422e-01 4.8839569092e-01 1.8598742783e-01 -3.5872301459e-01 2.0735298097e-01 -1.8032956123e-01 -1.9183962047e-01 -5.3464418650e-01 -8.7337583303e-01 -3.0760347843e-01 -1.1263314486e+00 -1.0534340143e+00 -1.3774969578e+00 -1.0880744457e+00 -1.4346159697e+00 -1.2601006031e+00 -1.2219657898e+00 -1.1025128365e+00 -1.1788923740e+00 1.9589865208e+00 -1.2826175690e+00 -1.3071533442e+00 -1.3133192062e+00 -1.4983693361e+00 -2.2914745808e+00 -1.2604317665e+00 -1.2936289310e+00 -1.3436410427e+00 -1.5295894146e+00 3.2119908929e-01 3.7723845243e-01 -7.3215909302e-02 6.4109396935e-01 1.1375386715e+00 -9.0969711542e-01 9.4638961554e-01 9.3428146839e-01 1.1359306574e+00 2.5882375240e-01 -1.4471873641e-01 7.3990339041e-01 1.6029810905e-01 2.5882375240e-01 -1.0871516466e+00 -1.4789230824e+00 -1.3133192062e+00 -1.0515332222e+00 -6.7393386364e-01 8.8538533449e-01 -1.3748043776e+00 -1.2620739937e+00 -8.0862027407e-01 1.4053368568e+00 6.9177418947e-01 2.0534720421e+00 2.4094583094e-01 2.4500468373e-01 -5.6185120344e-01 -5.7910388708e-01 1.3161314726e+00 2.4463176727e-02 4.6047306061e-01 2.6001682878e-01
-1.2683770061e-01 -1.1895639896e+00 -1.2159798145e+00 -1.2802740335e+00 -1.3358471394e+00 -1.3581193686e+00 -1.3251878023e+00 -1.3426423073e+00 -1.3245949745e+00 -1.3034983873e+00 -1.2433975935e+00 -2.9210728407e-01 2.3871846497e-01 5.7958263159e-01 5.0201207399e-01 1.8327060342e-01 -3.4866675735e-01 1.8157500029e-01 -1.8275089562e-01 -1.9549722970e-01 -5.4126751423e-01 -8.7138205767e-01 -1.3029873371e+00 -1.1284198761e+00 -1.0470566750e+00 -1.3831315041e+00 -1.0990142822e+00 -1.4268696308e+00 -1.2716702223e+00 -1.2072750330e+00 -1.1167852879e+00 -1.1594612598e+00 -1.2560267448e+00 -1.3056883812e+00 -1.3071264029e+00 -1.4886580706e+00 -2.2842199802e+00 -1.2515213490e+00 -1.2853151560e+00 -1.3370716572e+00 -1.5222998857e+00 3.3108723164e-01 3.7328943610e-01 -3.3642839640e-02 6.6344708204e-01 1.2414439917e+00 -1.0476217270e+00 6.2117046118e-01 4.5752868056e-01 8.6338907480e-01 -6.4458705485e-02 6.7299425602e-02 7.4961918592e-01 -3.0754640698e-01 -6.4458705485e-02 -1.1045651436e+00 -1.4750869274e+00 -1.3071264029e+00 -1.0434416533e+00 -6.8289774656e-01 4.5606836677e-01 -1.3668838739e+00 -1.2533590794e+00 -8.4677445889e-01 6.6086590290e-01 1.1301715374e+00 2.0453474522e+00 -2.9210728407e-01 -2.8240418434e-01 -7.0199447870e-01 -5.9465593100e-01 -1.6401343346e+00 1.0987605155e-01 4.4911414385e-01 2.7397832274e-01
5.8800959587e+00 -1.2215787172e+00 -1.1891492605e+00 -1.2162753344e+00 -1.2821449041e+00 -1.3384734392e+00 -1.3645733595e+00 -1.3230006695e+00 -1.3442479372e+00 -1.3241730928e+00 -1.3011803627e+00 -6.0268253088e-01 -2.9233276844e-01 2.3689469695e-01 5.9378927946e-01 4.9684867263e-01 2.0782949030e-01 -3.6105051637e-01 1.8286864460e-01 -1.8645802140e-01 -1.9999924302e-01 -5.4028880596e-01 -1.9674639404e-01 -1.3057928085e+00 -1.1216049194e+00 -1.0497295856e+00 -1.3966946602e+00 -1.0944671631e+00 -1.4412726164e+00 -1.2561837435e+00 -1.2221597433e+00 -1.0981308222e+00 -1.2466789484e+00 -1.3050609827e+00 -1.3071264029e+00 -1.4794095755e+00 -2.2779922485e+00 -1.2678169012e+00 -1.2907587290e+00 -1.3376584053e+00 -1.5181109905e+00 2.9416936636e-01 3.6208465695e-01 -1.1164871603e-01 5.0598698854e-01 8.5224479437e-01 -1.2713603675e-01 1.9011119381e-02 -3.3455508947e-01 3.4081068635e-01 -7.3186886311e-01 -1.8935514987e-01 -2.4237760901e-01 -3.9720711112e-01 -7.3186886311e-01 -1.0891582966e+00 -1.4750869274e+00 -1.3071264029e+00 -1.0434416533e+00 -6.8289774656e-01 -3.1756338477e-01 -1.3663573265e+00 -1.2522982359e+00 -8.7300521135e-01 4.0095576644e-01 7.2040396929e-01 2.0337684155e+00 -6.0268253088e-01 -5.9153735638e-01 -6.8131417036e-01 -5.7821458578e-01 -9.8337195814e-02 1.4879813790e-01 4.1698801517e-01 1.8682526052e-01
-1.2683770061e-01 -1.2876722813e+00 -1.2211397886e+00 -1.1894370317e+00 -1.2181146145e+00 -1.2847065926e+00 -1.3448805809e+00 -1.3622839451e+00 -1.3245949745e+00 -1.3438146114e+00 -1.3218168020e+00 -1.4449384809e-01 -6.0174167156e-01 -2.9705756903e-01 2.4888312817e-01 5.8791536093e-01 5.2979826927e-01 1.8204002082e-01 -3.6532700062e-01 1.7716997862e-01 -1.9090348482e-01 -2.0006360114e-01 -8.2103914022e-01 -1.9506144524e-01 -1.2979426384e+00 -1.1249459982e+00 -1.0603284836e+00 -1.3893098831e+00 -1.1032227278e+00 -1.4230709076e+00 -1.2713543177e+00 -1.2021877766e+00 -1.2512490749e+00 -1.3039097786e+00 -1.3054318428e+00 -1.4714169502e+00 -2.2727119923e+00 -1.2838922739e+00 -1.2980833054e+00 -1.3397188187e+00 -1.5147459507e+00 2.5268372893e-01 3.4407979250e-01 -1.8475545943e-01 3.4161943197e-01 6.6428220272e-01 -1.3394366205e-01 -1.1164584011e-01 -4.9410456419e-01 2.2462603450e-01 -8.8829493523e-01 -5.9851562977e-01 -4.2977848649e-01 -1.8671604991e-01 -8.8829481602e-01 -1.1251412630e+00 -1.4761717319e+00 -1.3054318428e+00 -1.0390988588e+00 -6.9389998913e-01 -5.2777117491e-01 -1.3653389215e+00 -1.2489401102e+00 -9.0364688635e-01 2.4237652123e-01 8.7369501591e-02 2.0305709839e+00 -1.4449384809e-01 -1.3595452905e-01 -6.8529587984e-01 -5.9593850374e-01 -3.4630399942e-01 1.2284980714e-01 3.9534109831e-01 1.0884453356e-01
-1.2683770061e-01 -1.3031631708e+00 -1.2871837616e+00 -1.2214367390e+00 -1.1912630796e+00 -1.2205992937e+00 -1.2909857035e+00 -1.3426423073e+00 -1.3639008999e+00 -1.3241730928e+00 -1.3414219618e+00 -6.8979062140e-02 -1.4527368546e-01 -6.0815668106e-01 -2.8852537274e-01 2.4567937851e-01 6.2330174446e-01 4.9625271559e-01 1.8333844841e-01 -3.6803960800e-01 1.7499896884e-01 -1.9099564850e-01 -5.9009510279e-01 -8.2188826799e-01 -1.9369393587e-01 -1.3028641939e+00 -1.1362136602e+00 -1.0561503172e+00 -1.4030746222e+00 -1.0904330015e+00 -1.4392167330e+00 -1.2507672310e+00 -1.2701530457e+00 -1.3015029430e+00 -1.3049027920e+00 -1.4654269218e+00 -2.2674441338e+00 -1.2970412970e+00 -1.3054144382e+00 -1.3422982693e+00 -1.5118207932e+00 2.1326497197e-01 3.2108530402e-01 -2.3839823902e-01 1.7021688819e-01 5.1503986120e-01 -1.1218313128e-01 -1.7455698550e-01 -5.7360959053e-01 1.6929924488e-01 -8.2793498039e-01 -8.7083643675e-01 -5.9515815973e-01 -5.0048094243e-02 -8.2793504000e-01 -1.1690803766e+00 -1.4764738083e+00 -1.3049027920e+00 -1.0377782583e+00 -6.9718766212e-01 -6.2394165993e-01 -1.3646017313e+00 -1.2478792667e+00 -9.2450028658e-01 1.1435308307e-01 -9.9462187290e-01 2.0295536518e+00 -6.8979062140e-02 -6.1153672636e-02 -6.9306117296e-01 -5.9703230858e-01 2.5590440631e-01 4.1977521032e-02 3.7644785643e-01 4.9875479192e-02
-1.2683770061e-01 -1.3103921413e+00 -1.3026629686e+00 -1.2874996662e+00 -1.2232786417e+00 -1.1937154531e+00 -1.2267255783e+00 -1.2888872623e+00 -1.3442479372e+00 -1.3634560108e+00 -1.3218168020e+00 5.3791666031e-01 -7.0042505860e-02 -1.4919514954e-01 -6.0163819790e-01 -2.8756865859e-01 2.7190819383e-01 5.8750373125e-01 5.0077658892e-01 1.7763721943e-01 -3.7362083793e-01 1.7378847301e-01 -1.1025935411e+00 -5.9000682831e-01 -8.1686228514e-01 -1.8871846795e-01 -1.3157136440e+00 -1.1313120127e+00 -1.0642548800e+00 -1.3854844570e+00 -1.1046348810e+00 -1.4165308475e+00 -1.2826175690e+00 -1.2951205969e+00 -1.3031556606e+00 -1.4591957331e+00 -2.2621505260e+00 -1.2860035896e+00 -1.3005071878e+00 -1.3388156891e+00 -1.5065033436e+00 2.1729667485e-01 3.0356833339e-01 -1.7951004207e-01 8.4189064801e-02 9.0310513973e-01 -3.5047227144e-01 3.2636308670e-01 2.0448020101e-01 5.6463122368e-01 1.7676840723e-01 -5.4673874378e-01 -1.6922084987e-01 1.6732123494e-01 1.7676840723e-01 -1.1642686129e+00 -1.4750183821e+00 -1.3031556606e+00 -1.0358692408e+00 -6.9821327925e-01 6.4420506358e-02 -1.3624763489e+00 -1.2477555275e+00 -9.0843194723e-01 9.3720003963e-02 -6.0262084007e-01 2.0359437466e+00 5.3791666031e-01 5.3711259365e-01 -6.3913339376e-01 -5.7929325104e-01 1.4532287121e+00 -1.7055112869e-02 3.6111137271e-01 9.2272609472e-02
-1.2683770061e-01 -1.2515274286e+00 -1.3098864555e+00 -1.3029832840e+00 -1.2893741131e+00 -1.2257695198e+00 -1.1997777224e+00 -1.2247939110e+00 -1.2904620171e+00 -1.3438146114e+00 -1.3610271215e+00 -1.7206598818e-01 5.3457403183e-01 -7.3552981019e-02 -1.3970583677e-01 -5.9825748205e-01 -2.7560845017e-01 2.4457511306e-01 5.9296429157e-01 4.9334624410e-01 1.7546914518e-01 -3.7315455079e-01 -1.3531380892e+00 -1.1045855284e+00 -5.8633422852e-01 -8.1747210026e-01 -1.9166237116e-01 -1.3091008663e+00 -1.1406935453e+00 -1.0520889759e+00 -1.4014106989e+00 -1.0861322880e+00 -1.2923814058e+00 -1.2866451740e+00 -1.3035796881e+00 -1.4524353743e+00 -2.2566998005e+00 -1.2848982811e+00 -1.2999355793e+00 -1.3375015259e+00 -1.5021860600e+00 2.0683036745e-01 2.8727385402e-01 -1.6636763513e-01 1.2373812497e-02 6.5855807066e-01 -5.6727725267e-01 1.4955888689e-01 -4.8564776778e-02 4.1466301680e-01 -8.2369863987e-02 -2.5927704573e-01 -1.9118700922e-01 1.7059470713e-01 -8.2369863987e-02 -1.1609694958e+00 -1.4753960371e+00 -1.3035796881e+00 -1.0363068581e+00 -6.9806551933e-01 -1.5476389229e-01 -1.3620550632e+00 -1.2493463755e+00 -9.4135481119e-01 1.3982056081e-01 -7.1414548159e-01 2.0318405628e+00 -1.7206598818e-01 -1.6328597069e-01 -6.6844320297e-01 -5.8052110672e-01 4.6174663305e-01 -5.5977530777e-02 3.3609881997e-01 9.1308824718e-02
-1.2683770061e-01 -1.2701163292e+00 -1.2510660887e+00 -1.3102089167e+00 -1.3048653603e+00 -1.2919443846e+00 -1.2319082022e+00 -1.1979159117e+00 -1.2263319492e+00 -1.2900599241e+00 -1.3414219618e+00 3.7471815944e-01 -1.7274227738e-01 5.3436642885e-01 -6.3574045897e-02 -1.3990123570e-01 -5.9461063147e-01 -2.8975215554e-01 2.4651546776e-01 5.8503180742e-01 4.9315294623e-01 1.7425720394e-01 -4.7065284848e-01 -1.3561470509e+00 -1.0979096889e+00 -5.8487790823e-01 -8.2600611448e-01 -1.9576503336e-01 -1.3215029240e+00 -1.1273039579e+00 -1.0660667419e+00 -1.3791974783e+00 -1.2805404663e+00 -1.2759728432e+00 -1.3016735315e+00 -1.4456968307e+00 -2.2511162758e+00 -1.2702646255e+00 -1.2918152809e+00 -1.3322315216e+00 -1.4962791204e+00 2.2262696922e-01 2.7768081427e-01 -9.4320900738e-02 2.8061971534e-03 8.8345897198e-01 -7.8492242098e-01 4.8588830233e-01 4.4067162275e-01 6.8470501900e-01 4.9349418283e-01 2.1205735207e-01 2.2421997786e-01 2.2946198285e-01 4.9349424243e-01 -1.1497193575e+00 -1.4726517200e+00 -1.3016735315e+00 -1.0353788137e+00 -6.9455033541e-01 3.1798148155e-01 -1.3581563234e+00 -1.2503011227e+00 -9.1720563173e-01 1.9896903634e-01 -2.4821837246e-01 2.0385448933e+00 3.7471815944e-01 3.7673771381e-01 -6.5100091696e-01 -5.6771367788e-01 7.0854389668e-01 -1.4460393228e-02 3.1957679987e-01 1.4399603009e-01
-1.2683770061e-01 -1.2288076878e+00 -1.2696410418e+00 -1.2513716221e+00 -1.3120945692e+00 -1.3074543476e+00 -1.2982407808e+00 -1.2299629450e+00 -1.1994385719e+00 -1.2259672880e+00 -1.2877666950e+00 -1.7157062888e-01 3.7198841572e-01 -1.7681378126e-01 5.4828041792e-01 -6.4358845353e-02 -1.2398976088e-01 -6.0106974840e-01 -2.9329672456e-01 2.4047009647e-01 5.8541196585e-01 4.9097001553e-01 -9.3003326654e-01 -4.7007972002e-01 -1.3480030298e+00 -1.1010384560e+00 -5.9134393930e-01 -8.2406163216e-01 -1.8925181031e-01 -1.3052186966e+00 -1.1417212486e+00 -1.0480463505e+00 -1.2693225145e+00 -1.2726247311e+00 -1.3015152216e+00 -1.4397076368e+00 -2.2460620403e+00 -1.2667624950e+00 -1.2886149883e+00 -1.3292999268e+00 -1.4913954735e+00 2.2131745517e-01 2.6972103119e-01 -7.6762385666e-02 -6.0782628134e-03 6.1856323481e-01 -9.3734049797e-01 2.9813766479e-01 1.5661032498e-01 5.2893090248e-01 2.0667275786e-01 2.2272379696e-01 6.6835194826e-02 2.8744792938e-01 2.0667275786e-01 -1.1626639366e+00 -1.4724352360e+00 -1.3015152216e+00 -1.0352886915e+00 -6.9430822134e-01 9.3539051712e-02 -1.3577528000e+00 -1.2504249811e+00 -9.4063252211e-01 2.3076047003e-01 -3.0529478192e-01 2.0356338024e+00 -1.7157062888e-01 -1.6279484332e-01 -6.8165773153e-01 -5.6627106667e-01 5.5498999357e-01 3.1597826630e-02 2.9934492707e-01 1.4759692550e-01
-1.2683770061e-01 -1.2473965883e+00 -1.2283633947e+00 -1.2699518204e+00 -1.2532283068e+00 -1.3146922588e+00 -1.3137876987e+00 -1.2961235046e+00 -1.2315040827e+00 -1.1990895271e+00 -1.2237924337e+00 -4.0714213252e-01 -1.7224878073e-01 3.7089264393e-01 -1.6750325263e-01 5.4275876284e-01 -4.6426005661e-02 -1.4178587496e-01 -6.0781002045e-01 -2.9640170932e-01 2.3869504035e-01 5.8294713497e-01 -9.6785527468e-01 -9.3132489920e-01 -4.6710705757e-01 -1.3533732891e+00 -1.1120934486e+00 -5.9163647890e-01 -8.2822299004e-01 -1.9109418988e-01 -1.3206758499e+00 -1.1227549314e+00 -1.2655829191e+00 -1.2802628279e+00 -1.3109372854e+00 -1.4340265989e+00 -2.2412555218e+00 -1.2793674469e+00 -1.2942239046e+00 -1.3310341835e+00 -1.4885942936e+00 1.9045580924e-01 2.5662744045e-01 -1.3195484877e-01 -9.0204760432e-02 3.1391739845e-01 -6.8198978901e-01 -1.2670134008e-01 -4.4100821018e-01 1.6947957873e-01 -4.2638364434e-01 1.0001911223e-01 -3.3704042435e-01 1.1112726480e-01 -4.2638364434e-01 -1.1583105326e+00 -1.5024002790e+00 -1.3109372854e+00 -1.0235151052e+00 -7.7744060755e-01 -3.7759974599e-01 -1.3697288036e+00 -1.2522982359e+00 -9.6360826492e-01 -2.2382961214e-01 -6.8231844902e-01 2.0287969112e+00 -4.0714213252e-01 -3.9674535394e-01 -7.3568207026e-01 -7.4026417732e-01 9.7448915243e-02 8.5656814277e-02 2.4557176232e-01 8.7090440094e-02
-1.2683770061e-01 -1.2918032408e+00 -1.2469382286e+00 -1.2286623716e+00 -1.2718176842e+00 -1.2557551861e+00 -1.3210427761e+00 -1.3116300106e+00 -1.2977024317e+00 -1.2311363220e+00 -1.1969643831e+00 2.0548437536e-01 -4.0693557262e-01 -1.7631760240e-01 3.8374847174e-01 -1.6748344898e-01 5.7693684101e-01 -6.6090576351e-02 -1.4381155372e-01 -6.0920184851e-01 -3.0153483152e-01 2.3728986084e-01 -9.9146789312e-01 -9.6930038929e-01 -9.2566025257e-01 -4.6458214521e-01 -1.3666718006e+00 -1.1074217558e+00 -5.9184902906e-01 -8.1983590126e-01 -2.0004017651e-01 -1.2994719744e+00 -1.2691149712e+00 -1.2883199453e+00 -1.3175016642e+00 -1.4285212755e+00 -2.2377407551e+00 -1.2801269293e+00 -1.2946037054e+00 -1.3303591013e+00 -1.4849358797e+00 1.7882111669e-01 2.4361701310e-01 -1.3106101751e-01 -1.5174907446e-01 2.7989909053e-01 -8.0434852839e-01 7.9840257764e-02 -1.1166672409e-01 3.3024507761e-01 -1.0249277204e-01 -1.1256069690e-01 2.2562567145e-02 2.5958005339e-02 -1.0249277204e-01 -1.1881843805e+00 -1.5269653797e+00 -1.3175016642e+00 -1.0116295815e+00 -8.5028195381e-01 6.6264934838e-02 -1.3794925213e+00 -1.2583088875e+00 -9.4416284561e-01 7.1390229464e-01 -2.7332079411e-01 2.0317745209e+00 2.0548437536e-01 2.1004210413e-01 -7.4119174480e-01 -7.3721390963e-01 6.6404294968e-01 9.7766093910e-02 2.0273689926e-01 7.9239316285e-02
-1.2683770061e-01 -1.2690833807e+00 -1.2913116217e+00 -1.2472425699e+00 -1.2305078506e+00 -1.2743668556e+00 -1.2619652748e+00 -1.3188662529e+00 -1.3132178783e+00 -1.2972961664e+00 -1.2289519310e+00 2.0487259328e-01 2.0339018106e-01 -4.1228646040e-01 -1.6700385511e-01 3.7950062752e-01 -1.5231001377e-01 5.4225575924e-01 -6.7339248955e-02 -1.4773078263e-01 -6.1629152298e-01 -3.0128887296e-01 -1.1763150692e+00 -9.9300885201e-01 -9.6341413260e-01 -9.2724514008e-01 -4.6997869015e-01 -1.3595732450e+00 -1.1163973808e+00 -5.8724606037e-01 -8.3245629072e-01 -1.9284781814e-01 -1.2643364668e+00 -1.2908306122e+00 -1.3180307150e+00 -1.4219154119e+00 -2.2340497971e+00 -1.2729898691e+00 -1.2907048464e+00 -1.3275043964e+00 -1.4804534912e+00 1.8238280714e-01 2.3398487270e-01 -9.4741426408e-02 -1.4667665958e-01 5.6982374191e-01 -9.8171973228e-01 2.8218623996e-01 1.9987721741e-01 4.8903819919e-01 8.4680020809e-02 -1.5607365966e-01 5.0703036785e-01 -8.5855200887e-02 8.4680020809e-02 -1.1878560781e+00 -1.5283383131e+00 -1.3180307150e+00 -1.0112782717e+00 -8.5372149944e-01 4.7656163573e-01 -1.3853927851e+00 -1.2577780485e+00 -9.1882038116e-01 1.0403435230e+00 1.3427624106e-01 2.0356435776e+00 2.0487259328e-01 2.0943878591e-01 -7.3971688747e-01 -8.1434816122e-01 3.5712829232e-01 1.1982236058e-01 1.7787738144e-01 1.0339780897e-01
-1.2683770061e-01 -1.2463636398e+00 -1.2686088085e+00 -1.2916285992e+00 -1.2490972281e+00 -1.2330073118e+00 -1.2806214094e+00 -1.2599420547e+00 -1.3204582930e+00 -1.3128025532e+00 -1.2949895859e+00 1.1021181196e-01 2.0278070867e-01 2.0137341321e-01 -4.0450009704e-01 -1.6698792577e-01 4.0931022167e-01 -1.6942390800e-01 5.4725182056e-01 -7.1675032377e-02 -1.5193401277e-01 -6.1508351564e-01 -8.6755388975e-01 -1.1786062717e+00 -9.8698419333e-01 -9.6533739567e-01 -9.3675506115e-01 -4.7142818570e-01 -1.3728327751e+00 -1.1033967733e+00 -5.9850716591e-01 -8.1735676527e-01 -1.2653753757e+00 -1.2853894234e+00 -1.3149605989e+00 -1.4162782431e+00 -2.2295703888e+00 -1.2640626431e+00 -1.2852196693e+00 -1.3236966133e+00 -1.4756186008e+00 1.9134412706e-01 2.2823210061e-01 -5.3034711629e-02 -1.4196680486e-01 3.0090785027e-01 -1.1353583336e+00 3.9245167375e-01 3.6710005999e-01 5.7571494579e-01 6.3659384847e-02 1.8717451021e-02 5.3695237637e-01 -1.2448809296e-01 6.3659384847e-02 -1.1933990717e+00 -1.5236673355e+00 -1.3149605989e+00 -1.0100314617e+00 -8.4698760509e-01 6.2766402960e-01 -1.3846557140e+00 -1.2549142838e+00 -8.9858794212e-01 1.3465957642e+00 1.2103550136e-01 2.0373234749e+00 1.1021181196e-01 1.1602312326e-01 -8.4598314762e-01 -8.5229974985e-01 9.0718924999e-01 1.0295635462e-01 1.6938689351e-01 1.3234278560e-01
-1.2683770061e-01 -1.2339707613e+00 -1.2459061146e+00 -1.2689193487e+00 -1.2935051918e+00 -1.2516191006e+00 -1.2391632795e+00 -1.2785497904e+00 -1.2615003586e+00 -1.3200387955e+00 -1.3104672432e+00 3.1661427021e-01 1.0847540945e-01 2.0076060295e-01 2.1313191950e-01 -4.0264555812e-01 -1.5180122852e-01 3.7866717577e-01 -1.7173330486e-01 5.3956836462e-01 -7.5402528048e-02 -1.5214528143e-01 -1.1351078749e+00 -8.6859184504e-01 -1.1714984179e+00 -9.8911875486e-01 -9.7518599033e-01 -9.3375486135e-01 -4.6959838271e-01 -1.3557268381e+00 -1.1176743507e+00 -5.8633273840e-01 -1.2556115389e+00 -1.2748216391e+00 -1.3090318441e+00 -1.4100024700e+00 -2.2241959572e+00 -1.2462983131e+00 -1.2742258310e+00 -1.3167822361e+00 -1.4694781303e+00 2.1865840256e-01 2.2958254814e-01 2.3330802098e-02 -7.1087874472e-02 5.3962314129e-01 -1.3453223705e+00 6.9516366720e-01 7.9923802614e-01 8.1689321995e-01 7.2212356329e-01 3.1284582615e-01 8.9734083414e-01 5.6422952563e-02 7.2212350368e-01 -1.1599519253e+00 -1.5140271187e+00 -1.3090318441e+00 -1.0082429647e+00 -8.3151710033e-01 1.0809421539e+00 -1.3782633543e+00 -1.2515561581e+00 -8.7137454748e-01 1.5572985411e+00 1.8335075676e-01 2.0437152386e+00 3.1661427021e-01 3.1955012679e-01 -8.4123462439e-01 -8.4886044264e-01 9.4270902872e-01 1.1939045787e-01 1.6900436580e-01 1.9351427257e-01
-1.2683770061e-01 -1.1988588572e+00 -1.2335225344e+00 -1.2462100983e+00 -1.2707847357e+00 -1.2960804701e+00 -1.2578194141e+00 -1.2371993065e+00 -1.2801187038e+00 -1.2611150742e+00 -1.3176901340e+00 6.6945133731e-03 3.1410273910e-01 1.0594015568e-01 2.1251514554e-01 2.1020494401e-01 -3.9376455545e-01 -1.6892737150e-01 3.8198399544e-01 -1.7550043762e-01 5.3966414928e-01 -7.5847700238e-02 -7.6959282160e-01 -1.1372319460e+00 -8.6329329014e-01 -1.1752867699e+00 -9.9917876720e-01 -9.7181940079e-01 -9.3977993727e-01 -4.6695262194e-01 -1.3714790344e+00 -1.0990087986e+00 -1.2367075682e+00 -1.2634164095e+00 -1.3020442724e+00 -1.4042770863e+00 -2.2184920311e+00 -1.2341076136e+00 -1.2650393248e+00 -1.3104252815e+00 -1.4635343552e+00 2.3870332539e-01 2.3503133655e-01 6.7391470075e-02 -5.2719605155e-03 3.5135331750e-01 -1.4365414381e+00 7.0400887728e-01 8.1151467562e-01 8.2397174835e-01 7.4149429798e-01 5.4712188244e-01 9.9155575037e-01 2.3990701139e-01 7.4149435759e-01 -1.1897084713e+00 -1.5073508024e+00 -1.3020442724e+00 -1.0014580488e+00 -8.3208012581e-01 9.8624014854e-01 -1.3730655909e+00 -1.2426115274e+00 -8.5038703680e-01 1.6246535778e+00 2.1833840013e-01 2.0438597202e+00 6.6945133731e-03 1.3724179007e-02 -8.4743243456e-01 -8.5650616884e-01 8.7200832367e-01 1.6955736279e-01 1.7435872555e-01 2.2679400444e-01
-1.2683770061e-01 -1.1978259087e+00 -1.1984370947e+00 -1.2338230610e+00 -1.2480642796e+00 -1.2733327150e+00 -1.3023866415e+00 -1.2558069229e+00 -1.2387444973e+00 -1.2797226906e+00 -1.2588753700e+00 3.4318163991e-01 5.3468733095e-03 3.1269076467e-01 1.1708093435e-01 2.0959295332e-01 2.3548455536e-01 -4.0506193042e-01 -1.7123167217e-01 3.7520071864e-01 -1.7987737060e-01 5.3733909130e-01 -1.0955723524e+00 -7.7023315430e-01 -1.1303654909e+00 -8.6431926489e-01 -1.1870019436e+00 -9.9558347464e-01 -9.7849118710e-01 -9.2960679531e-01 -4.7751072049e-01 -1.3496401310e+00 -1.2146875858e+00 -1.2541043758e+00 -1.2941043377e+00 -1.3984197378e+00 -2.2126936913e+00 -1.2131257057e+00 -1.2504438162e+00 -1.3008980751e+00 -1.4561969042e+00 2.7610182762e-01 2.4754068255e-01 1.4329862595e-01 1.1256191880e-01 6.8743258715e-01 -1.5474522114e+00 1.0250210762e+00 1.2340608835e+00 1.0834623575e+00 1.3279268742e+00 9.9806755781e-01 1.3361047506e+00 3.8706168532e-01 1.3279269934e+00 -1.2033050060e+00 -1.4927934408e+00 -1.2941043377e+00 -1.0007064342e+00 -8.0482602119e-01 1.3781111240e+00 -1.3661113977e+00 -1.2332783937e+00 -8.3516561985e-01 1.6402316093e+00 4.6979915351e-03 2.0477323532e+00 3.4318163991e-01 3.4570434690e-01 -8.9350670576e-01 -8.4743320942e-01 1.1109763384e+00 2.2880628705e-01 1.8269620836e-01 2.9170882702e-01
-1.2683770061e-01 -1.1596152782e+00 -1.1974049807e+00 -1.1987274885e+00 -1.2356710434e+00 -1.2505849600e+00 -1.2795846462e+00 -1.3002586365e+00 -1.2573628426e+00 -1.2383725643e+00 -1.2774484158e+00 4.3846759945e-02 3.4057033062e-01 2.2482408676e-03 3.2516986132e-01 1.1489754915e-01 2.3485617340e-01 2.0902888477e-01 -4.0979018807e-01 -1.7500154674e-01 3.7426844239e-01 -1.8000322580e-01 -1.3974796534e+00 -1.0975359678e+00 -7.6550865173e-01 -1.1337851286e+00 -8.7326979637e-01 -1.1816160679e+00 -1.0026589632e+00 -9.6769827604e-01 -9.4286876917e-01 -4.6684911847e-01 -1.1961989403e+00 -1.2423853874e+00 -1.2838875055e+00 -1.3924077749e+00 -2.2071237564e+00 -1.1974002123e+00 -1.2375454903e+00 -1.2917689085e+00 -1.4489270449e+00 3.0597880483e-01 2.6405930519e-01 1.8640179932e-01 2.4036586285e-01 6.5289503336e-01 -1.6442861557e+00 1.0671461821e+00 1.2858735323e+00 1.1179918051e+00 1.2144849300e+00 1.1736857891e+00 1.3600836992e+00 4.2130541801e-01 1.2144849300e+00 -1.2217783928e+00 -1.4847458601e+00 -1.2838875055e+00 -9.8907583952e-01 -8.1252837181e-01 1.3305140734e+00 -1.3584023714e+00 -1.2232905626e+00 -8.1195592880e-01 2.0048635006e+00 5.2240854502e-01 2.0485262871e+00 4.3846759945e-02 5.0456400961e-02 -9.1819322109e-01 -8.7506264448e-01 6.5360403061e-01 2.6405256987e-01 1.9872111082e-01 3.2962986827e-01
-1.2683770061e-01 -1.1544522047e+00 -1.1592229605e+00 -1.1976950169e+00 -1.2005581856e+00 -1.2381768227e+00 -1.2567826509e+00 -1.2775157690e+00 -1.3018399477e+00 -1.2569800615e+00 -1.2361748219e+00 2.2042727470e-01 4.2359594256e-02 3.3930295706e-01 1.2717829086e-02 3.2137548923e-01 1.3762691617e-01 2.0841564238e-01 2.1060435474e-01 -4.1226062179e-01 -1.7937535048e-01 3.7244886160e-01 -9.7922277451e-01 -1.4006686211e+00 -1.0909012556e+00 -7.6565825939e-01 -1.1451313496e+00 -8.7087476254e-01 -1.1918523312e+00 -9.9147921801e-01 -9.8118293285e-01 -9.2638874054e-01 -1.1752170324e+00 -1.2323405743e+00 -1.2734063864e+00 -1.3861985207e+00 -2.2012243271e+00 -1.1785781384e+00 -1.2224000692e+00 -1.2810598612e+00 -1.4408870935e+00 3.4190776944e-01 2.8510427475e-01 2.3506391048e-01 3.8487446308e-01 7.0312964916e-01 -1.7371401787e+00 1.2691724300e+00 1.5265020132e+00 1.2842267752e+00 1.3464275599e+00 1.3894565105e+00 1.4687577486e+00 3.2561337948e-01 1.3464274406e+00 -1.2389321327e+00 -1.4714992046e+00 -1.2734063864e+00 -9.8212534189e-01 -8.0049461126e-01 1.5060195923e+00 -1.3482527733e+00 -1.2123310566e+00 -7.9436230659e-01 2.0172705650e+00 1.0723704100e+00 2.0514140129e+00 2.2042727470e-01 2.2477693856e-01 -9.4250458479e-01 -8.7372791767e-01 1.0746749640e+00 3.0859664083e-01 2.1501356363e-01 3.7619847059e-01
-1.2683770061e-01 -1.1296672821e+00 -1.1540638208e+00 -1.1595021486e+00 -1.1995252371e+00 -1.2030217648e+00 -1.2443450689e+00 -1.2547730207e+00 -1.2790840864e+00 -1.3014312983e+00 -1.2547478676e+00 -3.6402618885e-01 2.1827696264e-01 3.9463154972e-02 3.5195428133e-01 1.1342396028e-02 3.4962978959e-01 1.1352860928e-01 2.0998482406e-01 2.0475460589e-01 -4.1811844707e-01 -1.7950274050e-01 -1.2732731104e+00 -9.8071402311e-01 -1.3922647238e+00 -1.0939671993e+00 -7.7373158932e-01 -1.1401447058e+00 -8.7583148479e-01 -1.1776436567e+00 -1.0051027536e+00 -9.6422386169e-01 -1.1694004536e+00 -1.2244925499e+00 -1.2677426338e+00 -1.3802747726e+00 -2.1951239109e+00 -1.1795809269e+00 -1.2174704075e+00 -1.2753502131e+00 -1.4348775148e+00 3.4143379331e-01 3.0183696747e-01 1.8870306015e-01 5.0467199087e-01 4.7644859552e-01 -1.7624006271e+00 7.0655000210e-01 5.1748543978e-01 8.6182951927e-01 7.0597833395e-01 1.1676166058e+00 1.0343067646e+00 2.6743370295e-01 7.0597821474e-01 -1.2583690882e+00 -1.4646313190e+00 -1.2677426338e+00 -9.7807878256e-01 -7.9516535997e-01 8.0039328337e-01 -1.3437045813e+00 -1.2023432255e+00 -8.1775236130e-01 1.6213848591e+00 1.0290156603e+00 2.0451955795e+00 -3.6402618885e-01 -3.5386747122e-01 -8.9241182804e-01 -8.7232363224e-01 -9.6176087856e-01 3.0967772007e-01 2.1489888430e-01 3.3985361457e-01
-1.2683770061e-01 -1.1699429750e+00 -1.1292974949e+00 -1.1543414593e+00 -1.1613135338e+00 -1.2019875050e+00 -1.2091062069e+00 -1.2423676252e+00 -1.2563282251e+00 -1.2786886692e+00 -1.2991169691e+00 6.9586396217e-01 -3.6398157477e-01 2.1634152532e-01 5.0173632801e-02 3.4795257449e-01 3.1300846487e-02 3.2042443752e-01 1.1412373930e-01 2.0413844287e-01 2.0275615156e-01 -4.1751617193e-01 -9.6977770329e-01 -1.2759579420e+00 -9.7476112843e-01 -1.3980317116e+00 -1.1049593687e+00 -7.7228546143e-01 -1.1496763229e+00 -8.6668217182e-01 -1.1923551559e+00 -9.8784464598e-01 -1.1482118368e+00 -1.2042981386e+00 -1.2613908052e+00 -1.3746374846e+00 -2.1891553402e+00 -1.1541911364e+00 -1.1990869045e+00 -1.2625325918e+00 -1.4258049726e+00 3.8615581393e-01 3.2496944070e-01 2.5750663877e-01 6.7631095648e-01 8.1634819508e-01 -1.8897290230e+00 1.3186372519e+00 1.3091808558e+00 1.3696649075e+00 1.4293990135e+00 1.2442731857e+00 1.3478660583e+00 3.6375424266e-01 1.4293988943e+00 -1.2436711788e+00 -1.4425317049e+00 -1.2613908052e+00 -9.8791068792e-01 -7.3182278872e-01 1.5963273048e+00 -1.3368909359e+00 -1.1967574358e+00 -8.0145180225e-01 1.5667839050e+00 1.0329946280e+00 2.0535721779e+00 6.9586396217e-01 6.9197720289e-01 -8.7610727549e-01 -8.5338044167e-01 1.4139817953e+00 3.7195327878e-01 2.1826444566e-01 4.1144901514e-01
-1.2683770061e-01 -1.0924894810e+00 -1.1695430279e+00 -1.1295681000e+00 -1.1561502218e+00 -1.1637297869e+00 -1.2080695629e+00 -1.2072201967e+00 -1.2439157963e+00 -1.2559460402e+00 -1.2764164209e+00 -2.6088047028e-01 6.9192808867e-01 -3.6909776926e-01 2.2819691896e-01 4.8508226871e-02 3.7691801786e-01 9.7638741136e-03 3.2314336300e-01 1.0879953206e-01 2.0213612914e-01 2.0146080852e-01 -1.3409764767e+00 -9.7123062611e-01 -1.2682818174e+00 -9.7678613663e-01 -1.4117273092e+00 -1.1003556252e+00 -7.7556711435e-01 -1.1361428499e+00 -8.7957632542e-01 -1.1727558374e+00 -1.1405258179e+00 -1.1893357038e+00 -1.2578965425e+00 -1.3699914217e+00 -2.1834263802e+00 -1.1469929218e+00 -1.1894032955e+00 -1.2537915707e+00 -1.4183194637e+00 3.9917927980e-01 3.4631365538e-01 2.3828111589e-01 8.3568984270e-01 5.7811385393e-01 -1.9672688246e+00 9.4908457994e-01 7.5414127111e-01 1.0801254511e+00 1.0280735493e+00 1.1307209730e+00 1.0960750580e+00 3.3663785458e-01 1.0280734301e+00 -1.2616008520e+00 -1.4318791628e+00 -1.2578965425e+00 -9.9181967974e-01 -7.0300906897e-01 1.1060284376e+00 -1.3342567682e+00 -1.1905000210e+00 -8.2230287790e-01 1.4071633816e+00 1.2068573236e+00 2.0496113300e+00 -2.6088047028e-01 -2.5139793754e-01 -8.2107830048e-01 -8.4619331360e-01 2.8942129016e-01 3.8968423009e-01 2.1474577487e-01 4.0421029925e-01
-1.2683770061e-01 -1.1214053631e+00 -1.0921477079e+00 -1.1698250771e+00 -1.1313647032e+00 -1.1585603952e+00 -1.1697206497e+00 -1.2061861753e+00 -1.2087482214e+00 -1.2435407639e+00 -1.2537158728e+00 2.1949142218e-01 -2.6122322679e-01 6.9258016348e-01 -3.6103186011e-01 2.2515331209e-01 6.9461159408e-02 3.4705528617e-01 9.2938542366e-03 3.1668061018e-01 1.0620088875e-01 2.0084269345e-01 -1.1027188301e+00 -1.3439362049e+00 -9.6533310413e-01 -1.2729375362e+00 -9.8673647642e-01 -1.4041991234e+00 -1.1092112064e+00 -7.6802301407e-01 -1.1506118774e+00 -8.6388766766e-01 -1.1288926601e+00 -1.1741641760e+00 -1.2514913082e+00 -1.3649270535e+00 -2.1768078804e+00 -1.1338558197e+00 -1.1768881083e+00 -1.2434356213e+00 -1.4100725651e+00 4.2084181309e-01 3.6810997128e-01 2.4314172566e-01 1.0298385620e+00 9.3981838226e-01 -2.0361120701e+00 1.1372370720e+00 9.9655389786e-01 1.2382278442e+00 1.1513730288e+00 1.2895870209e+00 1.2495486736e+00 5.2729356289e-01 1.1513731480e+00 -1.2829269171e+00 -1.4148858786e+00 -1.2514913082e+00 -9.9645304680e-01 -6.6035097837e-01 1.2168815136e+00 -1.3301304579e+00 -1.1834820509e+00 -8.0206000805e-01 1.9203007221e+00 1.1829432249e+00 2.0529193878e+00 2.1949142218e-01 2.2385419905e-01 -8.2036626339e-01 -8.5735416412e-01 -6.6097515821e-01 4.1195628047e-01 2.2029137611e-01 4.2117205262e-01
-1.2683770061e-01 -1.0966204405e+00 -1.1210418940e+00 -1.0924077034e+00 -1.1716415882e+00 -1.1337449551e+00 -1.1645388603e+00 -1.1679368019e+00 -1.2077136040e+00 -1.2083936930e+00 -1.2413334846e+00 1.2653136253e-01 2.1734464169e-01 -2.6577809453e-01 7.0751821995e-01 -3.5951384902e-01 2.5083291531e-01 4.7004923224e-02 3.5004758835e-01 4.5406562276e-03 3.1538227201e-01 1.0520065576e-01 -1.1345645189e+00 -1.1047114134e+00 -1.3358633518e+00 -9.6727359295e-01 -1.2855210304e+00 -9.8325979710e-01 -1.4182169437e+00 -1.0963256359e+00 -7.8034055233e-01 -1.1315343380e+00 -1.1193363667e+00 -1.1587826014e+00 -1.2409577370e+00 -1.3600600958e+00 -2.1700201035e+00 -1.1202329397e+00 -1.1639697552e+00 -1.2326366901e+00 -1.4015330076e+00 4.4256067276e-01 3.9028027654e-01 2.4716216326e-01 1.2128175497e+00 7.9342854023e-01 -2.0876824856e+00 1.2453016043e+00 1.1330291033e+00 1.3296747208e+00 1.3125933409e+00 1.2479239702e+00 1.1153945923e+00 5.0326704979e-01 1.3125933409e+00 -1.3155956268e+00 -1.3980172873e+00 -1.2409577370e+00 -9.9301588535e-01 -6.3437378407e-01 1.1995038986e+00 -1.3205243349e+00 -1.1725401878e+00 -7.8631818295e-01 2.0671644211e+00 1.6719765663e+00 2.0544154644e+00 1.2653136253e-01 1.3213692605e-01 -8.2052147388e-01 -9.2533195019e-01 5.2164280415e-01 4.0871322155e-01 2.4144116044e-01 4.3843942881e-01
-1.2683770061e-01 -1.0821617842e+00 -1.0962755680e+00 -1.1213101149e+00 -1.0941858292e+00 -1.1740703583e+00 -1.1396642923e+00 -1.1627684832e+00 -1.1694422960e+00 -1.2073597908e+00 -1.2062513828e+00 -9.4764485955e-02 1.2473367155e-01 2.1540409327e-01 -2.5704342127e-01 7.0076382160e-01 -3.4947872162e-01 2.2400750220e-01 4.6917188913e-02 3.4343829751e-01 1.2898809509e-03 3.1374269724e-01 -1.3702310324e+00 -1.1366864443e+00 -1.0980348587e+00 -1.3411247730e+00 -9.7713935375e-01 -1.2791960239e+00 -9.9012595415e-01 -1.4003844261e+00 -1.1105619669e+00 -7.6589268446e-01 -1.1037559509e+00 -1.1480057240e+00 -1.2301585674e+00 -1.3543572426e+00 -2.1634836197e+00 -1.1146258116e+00 -1.1553139687e+00 -1.2238867283e+00 -1.3937686682e+00 4.4855704904e-01 4.0932333469e-01 2.1354153752e-01 1.3980293274e+00 7.4531471729e-01 -2.1572942734e+00 1.1001536846e+00 8.9668327570e-01 1.2190232277e+00 1.0187631845e+00 1.2446031570e+00 9.6799641848e-01 4.1218414903e-01 1.0187630653e+00 -1.3295565844e+00 -1.3876963854e+00 -1.2301585674e+00 -9.8253339529e-01 -6.3548922539e-01 9.7899293900e-01 -1.3093909025e+00 -1.1618629694e+00 -8.0256128311e-01 2.1509721279e+00 1.7854204178e+00 2.0533149242e+00 -9.4764485955e-02 -8.6686305702e-02 -8.1969851255e-01 -9.2870801687e-01 -5.4464608431e-01 4.2947176099e-01 2.6064041257e-01 4.2233121395e-01
-1.2683770061e-01 -1.0924894810e+00 -1.0818277597e+00 -1.0965366364e+00 -1.1231025457e+00 -1.0965214968e+00 -1.1800857782e+00 -1.1379585266e+00 -1.1642709970e+00 -1.1691107750e+00 -1.2052192688e+00 -4.9143940210e-01 -9.5731094480e-02 1.2228722870e-01 2.2725342214e-01 -2.5633043051e-01 7.3916977644e-01 -3.6184293032e-01 2.2573672235e-01 4.1959051043e-02 3.4230732918e-01 6.1029812787e-04 -1.3439855576e+00 -1.3733094931e+00 -1.1298232079e+00 -1.1011646986e+00 -1.3543144464e+00 -9.7375416756e-01 -1.2910900116e+00 -9.7914677858e-01 -1.4163975716e+00 -1.0919852257e+00 -1.1147663593e+00 -1.1428782940e+00 -1.2217954397e+00 -1.3498867750e+00 -2.1568276882e+00 -1.1293016672e+00 -1.1583721638e+00 -1.2213776112e+00 -1.3886386156e+00 4.1436403990e-01 4.1710600257e-01 9.2482902110e-02 1.4132779837e+00 4.2339146137e-01 -1.6477974653e+00 3.9259144664e-01 -1.3321286440e-01 6.6140168905e-01 2.3436288536e-01 9.1751909256e-01 5.4268801212e-01 2.2982586920e-01 2.3436288536e-01 -1.3238075972e+00 -1.3891510963e+00 -1.2217954397e+00 -9.6498459578e-01 -6.7381572723e-01 3.4007310867e-01 -1.2982927561e+00 -1.1538730860e+00 -8.4039217234e-01 1.4623335600e+00 1.0258942842e+00 2.0397112370e+00 -4.9143940210e-01 -4.8065334558e-01 -7.3267894983e-01 -8.8152629137e-01 -1.5474619865e+00 3.4946477413e-01 2.7532669902e-01 3.2746091485e-01
-1.2683770061e-01 -1.1472232342e+00 -1.0921477079e+00 -1.0820846558e+00 -1.0983169079e+00 -1.1254729033e+00 -1.1023521423e+00 -1.1782751083e+00 -1.1394468546e+00 -1.1639424562e+00 -1.1670410633e+00 4.8953542113e-01 -4.9091628194e-01 -9.9381886423e-02 1.3353382051e-01 2.2421713173e-01 -2.4353432655e-01 7.0058059692e-01 -3.6612755060e-01 2.1980455518e-01 3.8942329586e-02 3.4058544040e-01 -2.1367226541e-01 -1.3469574451e+00 -1.3650653362e+00 -1.1332379580e+00 -1.1122208834e+00 -1.3473336697e+00 -9.8045879602e-01 -1.2752926350e+00 -9.9269831181e-01 -1.3939970732e+00 -1.1089497805e+00 -1.1360776424e+00 -1.2136430740e+00 -1.3441621065e+00 -2.1498434544e+00 -1.1206718683e+00 -1.1507343054e+00 -1.2136999369e+00 -1.3813798428e+00 4.1761174798e-01 4.2403995991e-01 8.3358094096e-02 1.4458080530e+00 2.7736958861e-01 -1.7843489647e+00 8.6533552408e-01 5.7111018896e-01 1.0408948660e+00 9.8907959461e-01 8.0212628841e-01 7.0495879650e-01 2.8164049983e-01 9.8907965422e-01 -1.3102825880e+00 -1.3793870211e+00 -1.2136430740e+00 -9.5903992653e-01 -6.6680312157e-01 8.5877978802e-01 -1.2898280621e+00 -1.1443984509e+00 -8.2318723202e-01 1.3231965303e+00 9.6769034863e-01 2.0459411144e+00 4.8953542113e-01 4.8960682750e-01 -7.0546776056e-01 -8.8787740469e-01 5.2963358164e-01 3.4038275480e-01 2.8488808870e-01 3.3388930559e-01
-1.2683770061e-01 -1.0924894810e+00 -1.1468402147e+00 -1.0924077034e+00 -1.0838577747e+00 -1.1006574631e+00 -1.1313725710e+00 -1.1007431746e+00 -1.1797864437e+00 -1.1391327381e+00 -1.1618822813e+00 -3.4387829900e-01 4.8637446761e-01 -4.9672591686e-01 -8.9570142329e-02 1.3122306764e-01 2.4987167120e-01 -2.5845068693e-01 7.0720195770e-01 -3.6883580685e-01 2.1790023148e-01 3.8147661835e-02 -1.2936258316e+00 -2.1205601096e-01 -1.3388670683e+00 -1.3705884218e+00 -1.1445792913e+00 -1.1075479984e+00 -1.3603852987e+00 -9.6963441372e-01 -1.2905749083e+00 -9.7559529543e-01 -1.1158044338e+00 -1.1336708069e+00 -1.2064970732e+00 -1.3407483101e+00 -2.1441471577e+00 -1.1277731657e+00 -1.1515636444e+00 -1.2105280161e+00 -1.3760324717e+00 3.9196354151e-01 4.2399752140e-01 8.3563253284e-03 1.4718894958e+00 2.9613418155e-04 -1.8799854517e+00 4.2028564215e-01 -1.4079669490e-02 6.7583096027e-01 4.1872555017e-01 5.8810174465e-01 5.2411168814e-01 1.7587547004e-01 4.1872543097e-01 -1.3070800304e+00 -1.3782967329e+00 -1.2064970732e+00 -9.4637405872e-01 -6.9022649527e-01 3.7166953087e-01 -1.2819437981e+00 -1.1355071068e+00 -8.3833682537e-01 1.0419086218e+00 5.7426071167e-01 2.0421380997e+00 -3.4387829900e-01 -3.3383983374e-01 -6.6996467113e-01 -8.7154477835e-01 -1.2018615007e+00 2.8264832497e-01 2.9884779453e-01 2.7742746472e-01
-1.2683770061e-01 -1.1306993961e+00 -1.0921477079e+00 -1.1471158266e+00 -1.0941858292e+00 -1.0861810446e+00 -1.1064980030e+00 -1.1296882629e+00 -1.1022101641e+00 -1.1794488430e+00 -1.1371183395e+00 -1.5093328059e-01 -3.4390935302e-01 4.8590359092e-01 -4.8948612809e-01 -9.0153701603e-02 1.5438927710e-01 2.2306942940e-01 -2.6167395711e-01 6.9864714146e-01 -3.7442201376e-01 2.1655860543e-01 -1.4012409449e+00 -1.2963933945e+00 -2.1058931947e-01 -1.3441553116e+00 -1.3840399981e+00 -1.1395978928e+00 -1.1165257692e+00 -1.3434785604e+00 -9.8313039541e-01 -1.2697474957e+00 -1.1288918257e+00 -1.1354494095e+00 -1.2023147345e+00 -1.3370270729e+00 -2.1389737129e+00 -1.1380673647e+00 -1.1553043127e+00 -1.2092914581e+00 -1.3715988398e+00 3.5754621029e-01 4.1646295786e-01 -7.2190724313e-02 1.3356757164e+00 -3.1267747283e-01 -1.3728340864e+00 2.3685388267e-01 -2.4469825625e-01 5.2271348238e-01 -1.5922451019e-01 4.4771504402e-01 1.9730992615e-01 2.8248460963e-02 -1.5922451019e-01 -1.2853934765e+00 -1.3769043684e+00 -1.2023147345e+00 -9.3971580267e-01 -7.0093023777e-01 1.3450323045e-01 -1.2769035101e+00 -1.1304335594e+00 -8.6321943998e-01 8.0276995897e-01 -3.1558446586e-02 2.0394237041e+00 -1.5093328059e-01 -1.4233678579e-01 -6.7587631941e-01 -8.8135135174e-01 -2.7543601394e-01 2.1107400954e-01 3.0102777481e-01 2.1370688081e-01
-1.2683770061e-01 -1.1472232342e+00 -1.1303288937e+00 -1.0924077034e+00 -1.1489211321e+00 -1.0965214968e+00 -1.0919870138e+00 -1.1048783064e+00 -1.1311718225e+00 -1.1019177437e+00 -1.1773600578e+00 -1.0520439148e+00 -1.5168893337e-01 -3.4891593456e-01 4.9950388074e-01 -4.8697364330e-01 -7.2911068797e-02 1.2988716364e-01 2.2478902340e-01 -2.6495116949e-01 6.9973802567e-01 -3.7395328283e-01 -8.9162617922e-01 -1.4044452906e+00 -1.2885980606e+00 -2.0576527715e-01 -1.3573719263e+00 -1.3767758608e+00 -1.1491202116e+00 -1.1035230160e+00 -1.3591592312e+00 -9.6614694595e-01 -1.1633762121e+00 -1.1449713707e+00 -1.2031620741e+00 -1.3352874517e+00 -2.1345376968e+00 -1.1841892004e+00 -1.1799856424e+00 -1.2197005749e+00 -1.3723081350e+00 2.5393170118e-01 3.8785439730e-01 -2.9875424504e-01 1.1218684912e+00 -6.8894594908e-01 -4.9976408482e-01 -8.1498408318e-01 -1.3418570757e+00 -4.1924402118e-01 -1.7955514193e+00 -5.4552221298e-01 -7.2783607244e-01 -2.9826882482e-01 -1.7955514193e+00 -1.2278320789e+00 -1.3754106760e+00 -1.2031620741e+00 -9.4283658266e-01 -6.9173783064e-01 -1.2316278219e+00 -1.2733569145e+00 -1.1312111616e+00 -8.8872718811e-01 2.4538168311e-01 -5.6749778986e-01 2.0197315216e+00 -1.0520439148e+00 -1.0412485600e+00 -4.8812010884e-01 -7.3754340410e-01 -1.6923696995e+00 7.0953793824e-02 2.9192543030e-01 1.4216116630e-02
-1.2683770061e-01 -1.2639195919e+00 -1.1468402147e+00 -1.1305997372e+00 -1.0941858292e+00 -1.1513224840e+00 -1.1023521423e+00 -1.0904049873e+00 -1.1063475609e+00 -1.1308624744e+00 -1.0999721289e+00 -1.7233739793e-01 -1.0494154692e+00 -1.5564544499e-01 -3.4071937203e-01 4.9435988069e-01 -4.8034909368e-01 -9.1937631369e-02 1.3065022230e-01 2.1886199713e-01 -2.6988759637e-01 6.9692373276e-01 -8.5890287161e-01 -8.9276188612e-01 -1.3960193396e+00 -1.2934358120e+00 -2.0886074007e-01 -1.3503620625e+00 -1.3903278112e+00 -1.1355956793e+00 -1.1178014278e+00 -1.3374743462e+00 -1.1905899048e+00 -1.1642237902e+00 -1.2026854753e+00 -1.3328657150e+00 -2.1300582886e+00 -1.2211916447e+00 -1.2036231756e+00 -1.2309547663e+00 -1.3737814426e+00 1.5870970488e-01 3.4421566129e-01 -4.6034178138e-01 9.6378552914e-01 -8.8806855679e-01 -4.4282573462e-01 -9.5110654831e-01 -1.4605985880e+00 -5.4985713959e-01 -1.7955514193e+00 -1.3353222609e+00 -1.1147977114e+00 -4.1318950057e-01 -1.7955514193e+00 -1.2270104885e+00 -1.3766987324e+00 -1.2026854753e+00 -9.4063377380e-01 -6.9867974520e-01 -1.4748132229e+00 -1.2709854841e+00 -1.1299916506e+00 -9.1582399607e-01 -2.2567252815e-01 -1.0178512335e+00 2.0163490772e+00 -1.7233739793e-01 -1.6355507076e-01 -6.2478846312e-01 -7.5352668762e-01 -1.6923696995e+00 -4.4299483299e-02 2.8523257375e-01 -1.3017033041e-01
-1.2683770061e-01 -1.2825083733e+00 -1.2634488344e+00 -1.1471158266e+00 -1.1323968172e+00 -1.0965214968e+00 -1.1572837830e+00 -1.1007431746e+00 -1.0918660164e+00 -1.1060527563e+00 -1.1288634539e+00 4.8871308565e-01 -1.7301267385e-01 -1.0582760572e+00 -1.4619788527e-01 -3.3935859799e-01 5.2724283934e-01 -4.8956069350e-01 -9.3451634049e-02 1.2523598969e-01 2.1695178747e-01 -2.6973834634e-01 -7.7569448948e-01 -8.5990571976e-01 -8.8732230663e-01 -1.4018198252e+00 -1.3062014580e+00 -2.1279944479e-01 -1.3634651899e+00 -1.3729416132e+00 -1.1500614882e+00 -1.0991342068e+00 -1.2180111408e+00 -1.1751053333e+00 -1.2006208897e+00 -1.3290117979e+00 -2.1260526180e+00 -1.2277935743e+00 -1.2130135298e+00 -1.2358323336e+00 -1.3729095459e+00 1.1640945077e-01 3.0008611083e-01 -4.6561852098e-01 8.8587689400e-01 -1.1553872824e+00 -2.8365144134e-01 -4.1247087717e-01 -6.6407376528e-01 -1.2734685838e-01 -6.8487811089e-01 -1.5228152275e+00 -1.0785009861e+00 -1.6300204396e-01 -6.8487811089e-01 -1.1864832640e+00 -1.3801292181e+00 -1.2006208897e+00 -9.3323713541e-01 -7.2024554014e-01 -8.9389383793e-01 -1.2667884827e+00 -1.1317063570e+00 -8.9620137215e-01 -1.6682869196e-01 -1.0722228289e+00 2.0234425068e+00 4.8871308565e-01 4.8879906535e-01 -5.4661941528e-01 -7.3092836142e-01 9.6437752247e-01 -1.6690485179e-01 2.7930450439e-01 -1.4045658708e-01
-1.2683770061e-01 -1.2288076878e+00 -1.2820237875e+00 -1.2637579441e+00 -1.1489211321e+00 -1.1347783804e+00 -1.1023521423e+00 -1.1555322409e+00 -1.1022101641e+00 -1.0915795565e+00 -1.1040996313e+00 -7.2523218393e-01 4.8555523157e-01 -1.7708565295e-01 -1.0546711683e+00 -1.4634302258e-01 -3.2878419757e-01 4.9375888705e-01 -4.9515634775e-01 -9.7645170987e-02 1.2274015695e-01 2.1561306715e-01 -1.1670371294e+00 -7.7635961771e-01 -8.5465788841e-01 -8.8856363297e-01 -1.4155491590e+00 -1.2996793985e+00 -2.0657563210e-01 -1.3465090990e+00 -1.3887945414e+00 -1.1309908628e+00 -1.2537420988e+00 -1.1965554953e+00 -1.2037968636e+00 -1.3282852173e+00 -2.1231877804e+00 -1.2589470148e+00 -1.2354300022e+00 -1.2481007576e+00 -1.3754583597e+00 3.2644208521e-02 2.4652734399e-01 -5.6699049473e-01 8.2949441671e-01 -1.3686299324e+00 -4.5419883728e-01 -9.9151802063e-01 -1.2569923401e+00 -6.7340421677e-01 -1.5929867029e+00 -1.4505633116e+00 -1.4255678654e+00 -5.7872998714e-01 -1.5929867029e+00 -1.1593770981e+00 -1.3723423481e+00 -1.2037968636e+00 -9.4712179899e-01 -6.7713516951e-01 -1.6995085478e+00 -1.2675963640e+00 -1.1345344782e+00 -9.1989475489e-01 -5.1662272215e-01 -1.5077513456e+00 2.0108473301e+00 -7.2523218393e-01 -7.1389549971e-01 -5.0726860762e-01 -6.7796641588e-01 -1.1192117929e+00 -3.0270075798e-01 2.6530668139e-01 -2.4695868790e-01
-1.2683770061e-01 -1.3083262444e+00 -1.2283633947e+00 -1.2823381424e+00 -1.2656207085e+00 -1.1513224840e+00 -1.1407002211e+00 -1.1007431746e+00 -1.1570305824e+00 -1.1019177437e+00 -1.0896531343e+00 -3.1097991392e-02 -7.2383105755e-01 4.8507988453e-01 -1.6777688265e-01 -1.0477832556e+00 -1.3060392439e-01 -3.4164690971e-01 4.9825713038e-01 -4.9716177583e-01 -1.0153510422e-01 1.2168937176e-01 -9.5389664173e-01 -1.1692907810e+00 -7.7159935236e-01 -8.5560643673e-01 -8.9772963524e-01 -1.4079846144e+00 -1.3119213581e+00 -2.0814067125e-01 -1.3622074127e+00 -1.3667390347e+00 -1.2867723703e+00 -1.2197841406e+00 -1.2077676058e+00 -1.3287917376e+00 -2.1202986240e+00 -1.2807583809e+00 -1.2543441057e+00 -1.2595069408e+00 -1.3780395985e+00 -3.4805580974e-02 1.8898087740e-01 -6.0986179113e-01 8.3643329144e-01 -1.5317113400e+00 -2.6103916764e-01 -1.0123326778e+00 -1.2773102522e+00 -6.9349312782e-01 -1.2984669209e+00 -1.2732605934e+00 -1.5662621260e+00 -5.1195305586e-01 -1.2984669209e+00 -1.1505802870e+00 -1.3646217585e+00 -1.2077676058e+00 -9.6246856451e-01 -6.3116723299e-01 -1.5599509478e+00 -1.2702484131e+00 -1.1386888027e+00 -9.3530458212e-01 -6.9316184521e-01 -1.4522409439e+00 2.0105249882e+00 -3.1097991392e-02 -2.3660894483e-02 -5.2219700813e-01 -6.8019926548e-01 8.3297453821e-02 -4.2400839925e-01 2.5272390246e-01 -3.0633395910e-01
-1.2683770061e-01 -1.3114242554e+00 -1.3078221083e+00 -1.2286623716e+00 -1.2842100859e+00 -1.2681624889e+00 -1.1572837830e+00 -1.1389917135e+00 -1.1022101641e+00 -1.1567062140e+00 -1.0999721289e+00 3.5285275429e-02 -3.2303702086e-02 -7.3091304302e-01 4.9867480993e-01 -1.6775496304e-01 -1.0561647415e+00 -1.4824070036e-01 -3.4572419524e-01 4.9084052444e-01 -5.0355064869e-01 -1.0190042108e-01 -1.3876166344e+00 -9.5528513193e-01 -1.1622372866e+00 -7.7180349827e-01 -8.6447948217e-01 -8.9510142803e-01 -1.4220666885e+00 -1.2957905531e+00 -2.1718628705e-01 -1.3404843807e+00 -1.2954972982e+00 -1.2415480614e+00 -1.2133256197e+00 -1.3281751871e+00 -2.1171190739e+00 -1.2939096689e+00 -1.2690545321e+00 -1.2694190741e+00 -1.3803436756e+00 -8.4177821875e-02 1.3218392432e-01 -6.0180383921e-01 8.1304734945e-01 -1.4989550114e+00 -4.3133279681e-01 -9.6785598993e-01 -1.2081565857e+00 -6.5905123949e-01 -1.2532767057e+00 -1.4759999514e+00 -1.2687867880e+00 -5.6529569626e-01 -1.2532765865e+00 -1.1693111658e+00 -1.3585405350e+00 -1.2133256197e+00 -9.7923618555e-01 -5.8546119928e-01 -1.3569892645e+00 -1.2764469385e+00 -1.1404738426e+00 -9.1695189476e-01 -1.1156312227e+00 -1.4263671637e+00 2.0110371113e+00 3.5285275429e-02 4.1993416846e-02 -5.1362258196e-01 -6.9375622272e-01 -7.8145462275e-01 -4.3763116002e-01 2.3050333560e-01 -3.2577067614e-01
-1.2683770061e-01 -1.3072932959e+00 -1.3109178543e+00 -1.3081439734e+00 -1.2305078506e+00 -1.2867741585e+00 -1.2744021416e+00 -1.1555322409e+00 -1.1404806376e+00 -1.1019177437e+00 -1.1546595097e+00 4.1445544362e-01 3.3830258995e-02 -3.5608012229e-02 -7.2518914938e-01 4.9353724718e-01 -1.5258878469e-01 -1.0515052080e+00 -1.5033264458e-01 -3.4854361415e-01 4.9063155055e-01 -5.0268727541e-01 -1.2335286140e+00 -1.3907656670e+00 -9.4948065281e-01 -1.1659425497e+00 -7.7993148565e-01 -8.6216825247e-01 -9.0046977997e-01 -1.4041724205e+00 -1.3111925125e+00 -2.0977954566e-01 -1.2913424969e+00 -1.2531623840e+00 -1.2166073322e+00 -1.3269201517e+00 -2.1140654087e+00 -1.2873896360e+00 -1.2726706266e+00 -1.2738978863e+00 -1.3806217909e+00 -9.2960819602e-02 8.4832273424e-02 -5.0025874376e-01 7.6095187664e-01 -1.4836601019e+00 -6.1625105143e-01 -4.9166449904e-01 -4.8679590225e-01 -2.8711882234e-01 -7.5620079041e-01 -1.1775307655e+00 -9.8690217733e-01 -4.8202589154e-01 -7.5620079041e-01 -1.1773478985e+00 -1.3574985266e+00 -1.2166073322e+00 -9.8659241199e-01 -5.6854587793e-01 -8.6288118362e-01 -1.2792218924e+00 -1.1451760530e+00 -8.9640486240e-01 -1.0428071022e+00 -9.6231162548e-01 2.0173420906e+00 4.1445544362e-01 4.1582140326e-01 -4.7597870231e-01 -6.7142248154e-01 1.2466590405e+00 -4.0692597628e-01 2.1428720653e-01 -2.6548448205e-01
-1.2683770061e-01 -1.2618544102e+00 -1.3067899942e+00 -1.3112405539e+00 -1.3100285530e+00 -1.2330073118e+00 -1.2930582762e+00 -1.2723467350e+00 -1.1570305824e+00 -1.1401659250e+00 -1.0999721289e+00 4.4028455019e-01 4.1157647967e-01 3.0887227505e-02 -2.5383464992e-02 -7.2085195780e-01 5.2639824152e-01 -1.6969597340e-01 -1.0628693104e+00 -1.5421634912e-01 -3.5400286317e-01 4.8845633864e-01 -1.1186417341e+00 -1.2360521555e+00 -1.3824195862e+00 -9.5127904415e-01 -1.1775746346e+00 -7.7842622995e-01 -8.6697703600e-01 -8.9092600346e-01 -1.4202078581e+00 -1.2901073694e+00 -1.2882264853e+00 -1.2654042244e+00 -1.2193601131e+00 -1.3253787756e+00 -2.1107971668e+00 -1.2667139769e+00 -1.2666369677e+00 -1.2731549740e+00 -1.3788225651e+00 -6.7902818322e-02 5.2411880344e-02 -3.3973479271e-01 5.2664238214e-01 -6.1028969288e-01 -8.0292910337e-01 -3.8663242012e-02 1.2396016717e-01 8.0427028239e-02 -2.2522583604e-01 -7.9472130537e-01 -4.0835392475e-01 -3.2616814971e-01 -2.2522583604e-01 -1.1789625883e+00 -1.3597483635e+00 -1.2193601131e+00 -9.8964482546e-01 -5.6672894955e-01 -3.7758830190e-01 -1.2813287973e+00 -1.1476156712e+00 -8.7798833847e-01 -1.1399093866e+00 -9.9284756184e-01 2.0233433247e+00 4.4028455019e-01 4.4121393561e-01 -4.8630607128e-01 -6.6271328926e-01 3.4592851996e-01 -3.8270738721e-01 1.9898897409e-01 -1.5489822626e-01
-1.2683770061e-01 -1.2133167982e+00 -1.2613853216e+00 -1.3071115017e+00 -1.3131266832e+00 -1.3126237392e+00 -1.2391632795e+00 -1.2909543514e+00 -1.2739120722e+00 -1.1567062140e+00 -1.1381496191e+00 -1.1504395306e-01 4.3730857968e-01 4.1069698334e-01 4.1542194784e-02 -2.6463929564e-02 -7.2048544884e-01 4.9293458462e-01 -1.7200815678e-01 -1.0617823601e+00 -1.5846014023e-01 -3.5359656811e-01 -1.2301852703e+00 -1.1206989288e+00 -1.2286089659e+00 -1.3880982399e+00 -9.6100264788e-01 -1.1722787619e+00 -7.8181225061e-01 -8.5796952248e-01 -9.0396195650e-01 -1.3977596760e+00 -1.2716071606e+00 -1.2750308514e+00 -1.2230125666e+00 -1.3246076107e+00 -2.1075923443e+00 -1.2570989132e+00 -1.2639971972e+00 -1.2737075090e+00 -1.3776221275e+00 -5.4765991867e-02 2.9338505119e-02 -2.3924635351e-01 3.0906945467e-01 -7.5202530622e-01 -9.2648363113e-01 -1.5188874304e-01 -4.1090402752e-02 -1.6238577664e-02 -3.6079660058e-01 -4.7638678551e-01 -3.7550792098e-01 -2.1506865323e-01 -3.6079660058e-01 -1.2050216198e+00 -1.3626928329e+00 -1.2230125666e+00 -9.9373567104e-01 -5.6415194273e-01 -4.5951449871e-01 -1.2844372988e+00 -1.1502139568e+00 -8.9004415274e-01 -1.4264050722e+00 -1.0500069857e+00 2.0223467350e+00 -1.1504395306e-01 -1.0677352548e-01 -4.9745270610e-01 -6.6251021624e-01 -7.6251316071e-01 -2.9859220982e-01 1.8311707675e-01 -9.8633155227e-02
-1.2683770061e-01 -1.2257096767e+00 -1.2128841877e+00 -1.2616938353e+00 -1.3089956045e+00 -1.3157255650e+00 -1.3189693689e+00 -1.2371993065e+00 -1.2925304174e+00 -1.2735196352e+00 -1.1546595097e+00 1.0198130608e+00 -1.1593440175e-01 4.3656966090e-01 4.2381045222e-01 3.9943609387e-02 -7.5170965865e-03 -7.2391229868e-01 4.9742436409e-01 -1.7577379942e-01 -1.0717029572e+00 -1.5865145624e-01 -1.5632277727e+00 -1.2326952219e+00 -1.1139290333e+00 -1.2329092026e+00 -1.4017055035e+00 -9.5777124166e-01 -1.1823562384e+00 -7.7416813374e-01 -8.7081271410e-01 -8.8796836138e-01 -1.2317222357e+00 -1.2715781927e+00 -1.2221653461e+00 -1.3213484287e+00 -2.1042423248e+00 -1.2128187418e+00 -1.2409811020e+00 -1.2630866766e+00 -1.3716741800e+00 2.7119267732e-02 2.8725204989e-02 2.2188485600e-03 2.7512723207e-01 1.5398626029e-01 -1.1885827780e+00 7.3777252436e-01 9.9804198742e-01 7.4479848146e-01 9.8653030396e-01 1.4521986246e-01 2.5240063667e-01 -5.9879209846e-02 9.8653030396e-01 -1.1543700695e+00 -1.3605924845e+00 -1.2221653461e+00 -9.9420207739e-01 -5.5912894011e-01 5.8557015657e-01 -1.2821543217e+00 -1.1526893377e+00 -8.7530004978e-01 -1.4195830822e+00 -6.9217675924e-01 2.0334374905e+00 1.0198130608e+00 1.0085331202e+00 -3.1500282884e-01 -5.6142497063e-01 1.3981541395e+00 -1.3598352671e-01 1.7485611141e-01 8.9507229626e-02
-1.2683770061e-01 -1.1131434441e+00 -1.2252676487e+00 -1.2131787539e+00 -1.2635555267e+00 -1.3115895987e+00 -1.3220785856e+00 -1.3167983294e+00 -1.2387444973e+00 -1.2921271324e+00 -1.2712569237e+00 -4.8890981823e-02 1.0146605968e+00 -1.1969556659e-01 4.4985058904e-01 4.1925245523e-01 6.0667369515e-02 -2.8118966147e-02 -7.3191356659e-01 4.9001228809e-01 -1.8015243113e-01 -1.0691030025e+00 -1.4224714041e+00 -1.5670895576e+00 -1.2252717018e+00 -1.1172013283e+00 -1.2451366186e+00 -1.3942729235e+00 -9.6420437098e-01 -1.1682996750e+00 -7.8652161360e-01 -8.5523366928e-01 -1.1937057972e+00 -1.2568241358e+00 -1.2195192575e+00 -1.3185302019e+00 -2.1006023884e+00 -1.1850353479e+00 -1.2231057882e+00 -1.2539869547e+00 -1.3661795855e+00 8.8222138584e-02 4.1550822556e-02 1.4669881761e-01 2.8819364309e-01 3.6992302537e-01 -1.2928347588e+00 6.8674433231e-01 9.2213237286e-01 7.0236384869e-01 9.2758417130e-01 5.5641043186e-01 4.8894396424e-01 2.8126364574e-02 9.2758429050e-01 -1.1810169220e+00 -1.3556014299e+00 -1.2195192575e+00 -9.9408936501e-01 -5.4967111349e-01 5.0445240736e-01 -1.2796254158e+00 -1.1502496004e+00 -8.9142739773e-01 -1.3207702637e+00 -5.5323824286e-02 2.0328886509e+00 -4.8890981823e-02 -4.1268996894e-02 -5.3225660324e-01 -5.7461220026e-01 -6.5137362480e-01 1.1488432996e-02 1.7462664843e-01 1.9441993535e-01
-1.2683770061e-01 -1.1183073521e+00 -1.1127861738e+00 -1.2255657911e+00 -1.2150164843e+00 -1.2660948038e+00 -1.3179327250e+00 -1.3198994398e+00 -1.3183891773e+00 -1.2383725643e+00 -1.2898299694e+00 -7.6670803130e-02 -5.0029870123e-02 1.0170756578e+00 -1.1001531035e-01 4.4509100914e-01 4.5012572408e-01 3.8422975689e-02 -2.8977856040e-02 -7.3262941837e-01 4.8979815841e-01 -1.8027745187e-01 -1.3500454426e+00 -1.4257619381e+00 -1.5577143431e+00 -1.2295418978e+00 -1.1284000874e+00 -1.2391966581e+00 -1.4081220627e+00 -9.5364022255e-01 -1.1829565763e+00 -7.7199643850e-01 -1.1664922237e+00 -1.2410250902e+00 -1.2212655544e+00 -1.3189266920e+00 -2.0967535973e+00 -1.1692924500e+00 -1.2100116014e+00 -1.2465708256e+00 -1.3612531424e+00 1.3040697575e-01 6.1004731804e-02 2.1795870364e-01 2.4357320368e-01 7.2533838451e-02 -1.1748329401e+00 6.0108184814e-01 7.8763002157e-01 6.3231784105e-01 8.5247594118e-01 9.8916685581e-01 4.3330278993e-01 5.0313685089e-02 8.5247594118e-01 -1.1730130911e+00 -1.3603090048e+00 -1.2212655544e+00 -9.9275243282e-01 -5.6151843071e-01 4.5413434505e-01 -1.2797484398e+00 -1.1502673626e+00 -9.1515272856e-01 -1.6656057835e+00 -5.6345844269e-01 2.0315968990e+00 -7.6670803130e-02 -6.8769030273e-02 -5.4201173782e-01 -6.2111276388e-01 -5.3303480148e-01 1.3193181157e-01 1.6969309747e-01 2.4167622626e-01
-1.2683770061e-01 -1.1265684366e+00 -1.1179461479e+00 -1.1130520105e+00 -1.2274097204e+00 -1.2174974680e+00 -1.2723295689e+00 -1.3157643080e+00 -1.3214920759e+00 -1.3179708719e+00 -1.2361748219e+00 6.9201534986e-01 -7.7705368400e-02 -5.3431015462e-02 1.0341141224e+00 -1.1044058204e-01 4.7665566206e-01 4.1849946976e-01 3.8247141987e-02 -3.3522587270e-02 -7.4049109221e-01 4.8762547970e-01 -9.5222496986e-01 -1.3530418873e+00 -1.4172115326e+00 -1.5649641752e+00 -1.2417393923e+00 -1.1235729456e+00 -1.2504111528e+00 -1.3904510736e+00 -9.6704268456e-01 -1.1634746790e+00 -1.1334619522e+00 -1.2228184938e+00 -1.2175605297e+00 -1.3169670105e+00 -2.0920596123e+00 -1.1327401400e+00 -1.1849482059e+00 -1.2322084904e+00 -1.3532201052e+00 2.1095602214e-01 9.4122059643e-02 3.6485221982e-01 2.5212559104e-01 2.2545889020e-01 -1.3355969191e+00 1.1354554892e+00 1.3600422144e+00 1.1078860760e+00 1.4471954107e+00 1.1534794569e+00 7.9962557554e-01 5.7869106531e-01 1.4471954107e+00 -1.1667516232e+00 -1.3484174013e+00 -1.2175605297e+00 -9.9749076366e-01 -5.2883893251e-01 1.0846000910e+00 -1.2757797241e+00 -1.1484993696e+00 -8.9656937122e-01 -1.4586941004e+00 -1.4463378489e-01 2.0410940647e+00 6.9201534986e-01 6.8820768595e-01 -5.0745034218e-01 -5.8201098442e-01 1.4408081770e+00 2.5432121754e-01 1.7627134919e-01 3.6681446433e-01
-1.2683770061e-01 -1.0491149426e+00 -1.1262010336e+00 -1.1182135344e+00 -1.1148403883e+00 -1.2299054861e+00 -1.2236163616e+00 -1.2702795267e+00 -1.3173545599e+00 -1.3210719824e+00 -1.3156260252e+00 1.4409337938e-01 6.8809390068e-01 -8.1257693470e-02 -4.3321836740e-02 1.0248312950e+00 -9.3740791082e-02 4.4439029694e-01 4.2222514749e-01 3.3336233348e-02 -3.7011444569e-02 -7.3890346289e-01 -1.2214506865e+00 -9.5360666513e-01 -1.3449159861e+00 -1.4232020378e+00 -1.5801439285e+00 -1.2358318567e+00 -1.1328229904e+00 -1.2352650166e+00 -1.4064062834e+00 -9.5026040077e-01 -1.0946149826e+00 -1.1948814392e+00 -1.2142778635e+00 -1.3126292229e+00 -2.0870063305e+00 -1.1028120518e+00 -1.1613805294e+00 -1.2175821066e+00 -1.3447995186e+00 2.8249537945e-01 1.3620662689e-01 4.6125772595e-01 3.1746429205e-01 6.0054570436e-01 -1.4258754253e+00 1.2376596928e+00 1.4582562447e+00 1.2020896673e+00 1.2724269629e+00 1.2764796019e+00 1.0057333708e+00 6.7573285103e-01 1.2724268436e+00 -1.1971913576e+00 -1.3369860649e+00 -1.2142778635e+00 -1.0025835037e+00 -4.9636057019e-01 1.1429598331e+00 -1.2722676992e+00 -1.1461309195e+00 -8.8145726919e-01 -1.3133952618e+00 3.6128103733e-01 2.0427253246e+00 1.4409337938e-01 1.4947338402e-01 -6.9037187099e-01 -5.8422857523e-01 1.4964918792e-01 4.0265882015e-01 1.7305877805e-01 4.5380619168e-01
-1.2683770061e-01 -1.0325919390e+00 -1.0488058329e+00 -1.1264708042e+00 -1.1200044155e+00 -1.1172008514e+00 -1.2360540628e+00 -1.2216928005e+00 -1.2718436718e+00 -1.3169368505e+00 -1.3187214136e+00 3.1769850850e-01 1.4222973585e-01 6.8872505426e-01 -7.1328632534e-02 -4.4263426214e-02 1.0719087124e+00 -1.1226557195e-01 4.4838175178e-01 4.1522267461e-01 3.0265573412e-02 -3.7573963404e-02 -1.4032051563e+00 -1.2239252329e+00 -9.4781196117e-01 -1.3502585888e+00 -1.4371213913e+00 -1.5710102320e+00 -1.2469891310e+00 -1.1195592880e+00 -1.2503132820e+00 -1.3841305971e+00 -1.0711410046e+00 -1.1629681587e+00 -1.2098846436e+00 -1.3062871695e+00 -2.0819590092e+00 -1.0707002878e+00 -1.1354010105e+00 -1.2007776499e+00 -1.3351699114e+00 3.5844600201e-01 1.8642632663e-01 5.4871749878e-01 4.2118054628e-01 6.7627108097e-01 -1.5927104950e+00 1.4548871517e+00 1.6613181829e+00 1.4040671587e+00 1.3499151468e+00 1.4539089203e+00 1.0597511530e+00 6.2354099751e-01 1.3499150276e+00 -1.1739984751e+00 -1.3203307390e+00 -1.2098846436e+00 -1.0107505322e+00 -4.4757348299e-01 1.3148624897e+00 -1.2659983635e+00 -1.1454414129e+00 -8.6261129379e-01 -1.1773282290e+00 9.4489294291e-01 2.0471670628e+00 3.1769850850e-01 3.2061773539e-01 -7.1133321524e-01 -5.7724517584e-01 1.0658775568e+00 4.8244950175e-01 1.6690117121e-01 5.4116052389e-01
-1.2683770061e-01 -9.9644714594e-01 -1.0322952271e+00 -1.0490533113e+00 -1.1282657385e+00 -1.1223710775e+00 -1.1230808496e+00 -1.2340980768e+00 -1.2232290506e+00 -1.2714524269e+00 -1.3145939112e+00 -1.1199124157e-01 3.1518289447e-01 1.3987886906e-01 7.0363813639e-01 -7.2053402662e-02 -2.5792868808e-02 1.0253039598e+00 -1.1398824304e-01 4.4123682380e-01 4.1454073787e-01 2.9497429729e-02 -1.2077009678e+00 -1.4064174891e+00 -1.2165528536e+00 -9.4959539175e-01 -1.3635293245e+00 -1.4293512106e+00 -1.5878621340e+00 -1.2318977118e+00 -1.1339313984e+00 -1.2299892902e+00 -1.0491210222e+00 -1.1327288151e+00 -1.2055964470e+00 -1.2997686863e+00 -2.0770695210e+00 -1.0534615517e+00 -1.1164410114e+00 -1.1867978573e+00 -1.3264455795e+00 4.0659773350e-01 2.3709590733e-01 5.5355393887e-01 5.5067229271e-01 8.2377475500e-01 -1.6831077337e+00 1.3052008152e+00 1.4120517969e+00 1.2866080999e+00 1.0598465204e+00 1.3157472610e+00 1.1435958147e+00 8.1348878145e-01 1.0598464012e+00 -1.1957348585e+00 -1.3060975075e+00 -1.2055964470e+00 -1.0167052746e+00 -4.0800595284e-01 1.1194082499e+00 -1.2611341476e+00 -1.1407570839e+00 -8.8206231594e-01 -1.3558870554e+00 1.5900324583e+00 2.0456025600e+00 -1.1199124157e-01 -1.0374938697e-01 -6.8855595589e-01 -5.7678353786e-01 -1.3857994080e+00 5.5661857128e-01 1.5974937379e-01 5.6131660938e-01
-1.2683770061e-01 -1.0088391304e+00 -9.9617755413e-01 -1.0325379372e+00 -1.0508100986e+00 -1.1306424141e+00 -1.1282633543e+00 -1.1214179993e+00 -1.2356414795e+00 -1.2228661776e+00 -1.2691935301e+00 -5.6845808029e-01 -1.1289315671e-01 3.1377685070e-01 1.5123932064e-01 6.9691377878e-01 -5.4326448590e-02 -4.5954484493e-02 1.0352586508e+00 -1.1806990951e-01 4.4071757793e-01 4.1259807348e-01 -1.1760225296e+00 -1.2101197243e+00 -1.3979799747e+00 -1.2207448483e+00 -9.5930403471e-01 -1.3564608097e+00 -1.4437963963e+00 -1.5673136711e+00 -1.2469264269e+00 -1.1150625944e+00 -1.0383182764e+00 -1.1135809422e+00 -1.2017856836e+00 -1.2941977978e+00 -2.0718519688e+00 -1.0635099411e+00 -1.1127910614e+00 -1.1804752350e+00 -1.3207893372e+00 4.0009099245e-01 2.7621352673e-01 4.2936056852e-01 4.4289129972e-01 4.4325557351e-01 -6.9317984581e-01 5.9111303091e-01 3.2597240806e-01 7.1108478308e-01 5.3451919556e-01 1.0525463820e+00 6.3032668829e-01 6.4723545313e-01 5.3451907635e-01 -1.1738148928e+00 -1.2983441353e+00 -1.2017856836e+00 -1.0171086788e+00 -3.9224523306e-01 5.9619361162e-01 -1.2566035986e+00 -1.1385294199e+00 -9.0256536007e-01 -9.5193171501e-01 1.0529497862e+00 2.0370681286e+00 -5.6845808029e-01 -5.5740457773e-01 -5.6051617861e-01 -5.6850349903e-01 -7.5042384863e-01 5.8602625132e-01 1.5416556597e-01 4.7152850032e-01
-1.2683770061e-01 -1.0728677511e+00 -1.0085602999e+00 -9.9640995264e-01 -1.0342866182e+00 -1.0530935526e+00 -1.1365543604e+00 -1.1265871525e+00 -1.1228967905e+00 -1.2352714539e+00 -1.2206970453e+00 -1.5904586017e-01 -5.6764572859e-01 -1.1663770676e-01 3.2626295090e-01 1.4879150689e-01 7.3521673679e-01 -7.3800705373e-02 -4.6996459365e-02 1.0249168873e+00 -1.2208760530e-01 4.3869492412e-01 -1.1209403276e+00 -1.1783125401e+00 -1.2028279305e+00 -1.4037981033e+00 -1.2328642607e+00 -9.5608884096e-01 -1.3696675301e+00 -1.4255542755e+00 -1.5843024254e+00 -1.2266447544e+00 -1.0466279984e+00 -1.1011291742e+00 -1.2016798258e+00 -1.2894198895e+00 -2.0666785240e+00 -1.0761157274e+00 -1.1130576134e+00 -1.1764892340e+00 -1.3161033392e+00 3.7993168831e-01 3.0311426520e-01 2.9801851511e-01 3.0150038004e-01 9.9088497460e-02 -6.8071377277e-01 4.1214406490e-01 7.9867511988e-02 5.6244271994e-01 3.9048001170e-01 7.1032977104e-01 4.9397224188e-01 5.8762532473e-01 3.9047989249e-01 -1.1522918940e+00 -1.2980965376e+00 -1.2016798258e+00 -1.0171521902e+00 -3.9168098569e-01 4.6570163965e-01 -1.2542153597e+00 -1.1385649443e+00 -9.1784024239e-01 -1.1785691977e+00 1.1971352100e+00 2.0353107452e+00 -1.5904586017e-01 -1.5037816763e-01 -5.6083142757e-01 -5.8705258369e-01 -7.2517257929e-01 5.5099588633e-01 1.3794960082e-01 3.8016977906e-01
-1.2683770061e-01 -1.0904235840e+00 -1.0725406408e+00 -1.0087962151e+00 -9.9814081192e-01 -1.0365501642e+00 -1.0588207245e+00 -1.1348565817e+00 -1.1280689240e+00 -1.1225923300e+00 -1.2330794334e+00 1.3564500213e-01 -1.5977105498e-01 -5.7387453318e-01 -1.0693766177e-01 3.2246014476e-01 1.7242780328e-01 6.9672274590e-01 -7.5128525496e-02 -5.1443040371e-02 1.0280485153e+00 -1.2239010632e-01 -1.3946795464e+00 -1.1230068207e+00 -1.1712064743e+00 -1.2068970203e+00 -1.4175449610e+00 -1.2270412445e+00 -9.6249336004e-01 -1.3526121378e+00 -1.4417146444e+00 -1.5598025322e+00 -1.0551452637e+00 -1.0858530998e+00 -1.1988213062e+00 -1.2834743261e+00 -2.0608744621e+00 -1.0793077946e+00 -1.1104058027e+00 -1.1713517904e+00 -1.3109407425e+00 3.6999657750e-01 3.2246968150e-01 2.1689978242e-01 1.7020885646e-01 -3.2512579113e-02 -7.7703553438e-01 5.3870016336e-01 2.7431133389e-01 6.6669416428e-01 4.3207645416e-01 4.8641347885e-01 5.0864440203e-01 5.0279217958e-01 4.3207639456e-01 -1.1942906380e+00 -1.2921320200e+00 -1.1988213062e+00 -1.0176038742e+00 -3.7927913666e-01 5.4928100109e-01 -1.2536534071e+00 -1.1347116232e+00 -9.0377300978e-01 -1.0553512573e+00 1.6011030674e+00 2.0367419720e+00 1.3564500213e-01 1.4113406837e-01 -5.7222950459e-01 -5.9789365530e-01 -4.7335270047e-01 5.0385689735e-01 1.2762331963e-01 3.3477738500e-01
-1.2683770061e-01 -1.0749328136e+00 -1.0900833607e+00 -1.0727950335e+00 -1.0105332136e+00 -1.0003609657e+00 -1.0422379971e+00 -1.0573247671e+00 -1.1363431215e+00 -1.1277613640e+00 -1.1206085682e+00 4.3349798769e-02 1.3381309807e-01 -1.6377170384e-01 -5.6713414192e-01 -1.0738676041e-01 3.5074344277e-01 1.4749114215e-01 7.0330446959e-01 -7.9421870410e-02 -5.5043987930e-02 1.0242308378e+00 -1.4579112530e+00 -1.3978571892e+00 -1.1162234545e+00 -1.1749920845e+00 -1.2188931704e+00 -1.4099614620e+00 -1.2380491495e+00 -9.5195662975e-01 -1.3683462143e+00 -1.4189975262e+00 -1.0698944330e+00 -1.0814584494e+00 -1.1948513985e+00 -1.2778370380e+00 -2.0544641018e+00 -1.0796990395e+00 -1.1072785854e+00 -1.1661946774e+00 -1.3057619333e+00 3.6171880364e-01 3.3615002036e-01 1.5588785708e-01 6.0995265841e-02 -8.2204855978e-02 -8.8584488630e-01 5.8218955994e-01 3.4298145771e-01 7.0215809345e-01 4.7549641132e-01 4.6536108851e-01 4.8581215739e-01 3.8253545761e-01 4.7549647093e-01 -1.2274415493e+00 -1.2845765352e+00 -1.1948513985e+00 -1.0175035000e+00 -3.6495238543e-01 5.4730606079e-01 -1.2519146204e+00 -1.1287188530e+00 -8.9158231020e-01 -1.0477273464e+00 1.5625219345e+00 2.0371546745e+00 4.3349798769e-02 4.9965184182e-02 -7.7926385403e-01 -6.0104340315e-01 -2.1494439244e-01 4.2622855306e-01 1.2238370627e-01 3.0479669571e-01
-1.2683770061e-01 -1.0697697401e+00 -1.0746041536e+00 -1.0903427601e+00 -1.0745635033e+00 -1.0127682686e+00 -1.0059624910e+00 -1.0407849550e+00 -1.0587667227e+00 -1.1360307932e+00 -1.1257680655e+00 -1.1853499338e-02 4.1864499450e-02 1.3141624629e-01 -1.5437674522e-01 -5.6402051449e-01 -9.0605251491e-02 3.2151126862e-01 1.4843492210e-01 6.9477093220e-01 -8.3197824657e-02 -5.5551394820e-02 -1.5561648607e+00 -1.4613455534e+00 -1.3894697428e+00 -1.1195162535e+00 -1.1867046356e+00 -1.2132034302e+00 -1.4240771532e+00 -1.2231009007e+00 -9.6534919739e-01 -1.3465464115e+00 -1.0823589563e+00 -1.0766447783e+00 -1.1849519014e+00 -1.2733665705e+00 -2.0481045246e+00 -1.0803065300e+00 -1.1049125195e+00 -1.1616300344e+00 -1.3008286953e+00 3.5095444322e-01 3.4474840760e-01 1.0125233978e-01 -6.4423494041e-02 -2.3992112279e-01 -8.6577010155e-01 5.6965047121e-01 3.2212114334e-01 6.9234567881e-01 2.3223330081e-01 4.0891671181e-01 4.0490001440e-01 4.1386860609e-01 2.3223330081e-01 -1.2558859587e+00 -1.2776339054e+00 -1.1849519014e+00 -1.0053818226e+00 -3.7623783946e-01 4.7812068462e-01 -1.2471557856e+00 -1.1176710129e+00 -9.1147232056e-01 -4.9653655291e-01 1.0010701418e+00 2.0370199680e+00 -1.1853499338e-02 -4.6213730238e-03 -7.8070878983e-01 -7.3244762421e-01 3.0944418907e-01 3.3389565349e-01 1.4261545241e-01 2.7681154013e-01
-1.2683770061e-01 -1.0708025694e+00 -1.0694450140e+00 -1.0748591423e+00 -1.0921199322e+00 -1.0768755674e+00 -1.0183993578e+00 -1.0046036243e+00 -1.0422174931e+00 -1.0584995747e+00 -1.1340222359e+00 3.7443006039e-01 -1.3131482527e-02 3.8965355605e-02 1.4272193611e-01 -1.5445856750e-01 -5.5945754051e-01 -1.0920556635e-01 3.2424134016e-01 1.4292381704e-01 6.9583755732e-01 -8.3619184792e-02 -1.1530367136e+00 -1.5599980354e+00 -1.4525874853e+00 -1.3952115774e+00 -1.1307356358e+00 -1.1813217402e+00 -1.2239762545e+00 -1.4061506987e+00 -1.2380781174e+00 -9.4858813286e-01 -1.0734263659e+00 -1.0667052269e+00 -1.1719306707e+00 -1.2693588734e+00 -2.0412974358e+00 -1.0664672852e+00 -1.0951310396e+00 -1.1533173323e+00 -1.2942868471e+00 3.6552181840e-01 3.5480180383e-01 1.1689504981e-01 -1.2450013310e-01 2.4433985353e-02 -9.9181509018e-01 9.3947225809e-01 9.0441375971e-01 9.9126052856e-01 6.6568058729e-01 4.9223989248e-01 5.4717928171e-01 2.2072428465e-01 6.6568052769e-01 -1.2776203156e+00 -1.2683806419e+00 -1.1719306707e+00 -9.8955464363e-01 -3.9057210088e-01 7.0424419641e-01 -1.2373220921e+00 -1.1055445671e+00 -8.9664679766e-01 2.9446586967e-01 9.7069579363e-01 2.0411329269e+00 3.7443006039e-01 3.7645429373e-01 -7.5920528173e-01 -7.3221296072e-01 1.4957460165e+00 3.1789427996e-01 1.7573601007e-01 3.0868688226e-01
-1.2683770061e-01 -1.0284609795e+00 -1.0704771280e+00 -1.0696984529e+00 -1.0766286850e+00 -1.0944530964e+00 -1.0826593637e+00 -1.0170081854e+00 -1.0060154200e+00 -1.0419600010e+00 -1.0566343069e+00 6.4946208149e-03 3.7170138955e-01 -1.6331059858e-02 4.9672611058e-02 1.4034004509e-01 -1.3893660903e-01 -5.6676346064e-01 -1.1089682579e-01 3.1777262688e-01 1.4053860307e-01 6.9303518534e-01 -1.4182085991e+00 -1.1552335024e+00 -1.5506641865e+00 -1.4588950872e+00 -1.4088821411e+00 -1.1258862019e+00 -1.1915528774e+00 -1.2092533112e+00 -1.4221976995e+00 -1.2179070711e+00 -1.0607542992e+00 -1.0645074844e+00 -1.1616079807e+00 -1.2659022808e+00 -2.0347549915e+00 -1.0568937063e+00 -1.0869368315e+00 -1.1456935406e+00 -1.2879573107e+00 3.7390619516e-01 3.6467173696e-01 1.1492275447e-01 -1.4790721238e-01 1.5267169476e-01 -1.0837640762e+00 9.4822818041e-01 9.1722863913e-01 9.9843525887e-01 5.8776617050e-01 5.3228479624e-01 5.9816974401e-01 2.3739902675e-01 5.8776623011e-01 -1.3118368387e+00 -1.2579858303e+00 -1.1616079807e+00 -9.8006320000e-01 -3.8985845447e-01 6.3650435209e-01 -1.2295078039e+00 -1.0905722380e+00 -8.7783509493e-01 1.1796420813e-01 1.0368582010e+00 2.0412592888e+00 6.4946208149e-03 1.3526494615e-02 -8.8414233923e-01 -7.4891221523e-01 2.2049981356e-01 3.2848975062e-01 2.0101635158e-01 3.2063961029e-01
-1.2683770061e-01 -1.0274280310e+00 -1.0281673670e+00 -1.0707309246e+00 -1.0714653730e+00 -1.0789431334e+00 -1.1002788544e+00 -1.0811015368e+00 -1.0184271336e+00 -1.0057790279e+00 -1.0401253700e+00 1.8028332293e-01 5.1477313973e-03 3.7060409784e-01 -5.9817330912e-03 4.8011083156e-02 1.6375021636e-01 -1.5637266636e-01 -5.7315158844e-01 -1.1499533802e-01 3.1648111343e-01 1.3943342865e-01 -1.2094980478e+00 -1.4214817286e+00 -1.1482621431e+00 -1.5578508377e+00 -1.4731317759e+00 -1.4013811350e+00 -1.1351755857e+00 -1.1773489714e+00 -1.2241495848e+00 -1.3997246027e+00 -1.0470440388e+00 -1.0618914366e+00 -1.1461513042e+00 -1.2613216639e+00 -2.0283830166e+00 -1.0435618162e+00 -1.0764055252e+00 -1.1367564201e+00 -1.2809963226e+00 3.8963574171e-01 3.7599566579e-01 1.3055425882e-01 -1.3577437401e-01 2.8485932946e-01 -1.1823160648e+00 1.1265872717e+00 1.1763690710e+00 1.1440380812e+00 6.8340408802e-01 6.9321095943e-01 6.8225371838e-01 3.1485047936e-01 6.8340414762e-01 -1.3401008844e+00 -1.2548638582e+00 -1.1461513042e+00 -9.5343101025e-01 -4.3767175078e-01 7.2351801395e-01 -1.2181283236e+00 -1.0737088919e+00 -8.5984396935e-01 5.8441561460e-01 1.0683066845e+00 2.0436806679e+00 1.8028332293e-01 1.8518495560e-01 -8.8053971529e-01 -8.3753651381e-01 6.5677499771e-01 3.2243490219e-01 2.4094454944e-01 3.4632837772e-01
-1.2683770061e-01 -1.0067740679e+00 -1.0271352530e+00 -1.0284088850e+00 -1.0724984407e+00 -1.0737737417e+00 -1.0847319365e+00 -1.0986752510e+00 -1.0825572014e+00 -1.0181834698e+00 -1.0040111542e+00 -2.6723641157e-01 1.7828378081e-01 2.0480107050e-03 3.8345804811e-01 -7.2123999707e-03 6.8950712681e-02 1.3902258873e-01 -1.5854808688e-01 -5.7473224401e-01 -1.1899379641e-01 3.1483817101e-01 -1.2524604797e+00 -1.2119240761e+00 -1.4129563570e+00 -1.1518421173e+00 -1.5729672909e+00 -1.4650183916e+00 -1.4153510332e+00 -1.1218743324e+00 -1.1920588017e+00 -1.2041527033e+00 -1.0403960943e+00 -1.0659723282e+00 -1.1320703030e+00 -1.2559708357e+00 -2.0223510265e+00 -1.0447506905e+00 -1.0733385086e+00 -1.1316287518e+00 -1.2755838633e+00 3.7925788760e-01 3.8279312849e-01 8.1891030073e-02 -2.0210443437e-01 -4.0571972728e-02 -9.7344565392e-01 6.9921612740e-01 4.0677785873e-01 8.2438248396e-01 1.8416930735e-01 5.2146279812e-01 5.4350924492e-01 2.7786660939e-02 1.8416930735e-01 -1.3230733871e+00 -1.2620836496e+00 -1.1320703030e+00 -9.1912394762e-01 -5.2053570747e-01 4.4086536765e-01 -1.2036933899e+00 -1.0587536097e+00 -8.7606710196e-01 4.3534222245e-01 6.2504494190e-01 2.0405230522e+00 -2.6723641157e-01 -2.5770786405e-01 -8.9443868399e-01 -8.1988185644e-01 -6.7218166590e-01 2.9259446263e-01 2.7322360873e-01 3.1209155917e-01
-1.2683770061e-01 -1.0367228985e+00 -1.0064967871e+00 -1.0273765326e+00 -1.0301555395e+00 -1.0748078823e+00 -1.0795501471e+00 -1.0831687450e+00 -1.1001409292e+00 -1.0822762251e+00 -1.0163927078e+00 7.4828076363e-01 -2.6755529642e-01 1.7612986267e-01 1.2516302988e-02 3.7921243906e-01 1.2249563821e-02 4.6506777406e-02 1.3987943530e-01 -1.6238704324e-01 -5.8160626888e-01 -1.1930575222e-01 -1.3450303078e+00 -1.2550609112e+00 -1.2046217918e+00 -1.4189087152e+00 -1.1633489132e+00 -1.5639021397e+00 -1.4800695181e+00 -1.3975642920e+00 -1.1362599134e+00 -1.1724631786e+00 -1.0165060759e+00 -1.0602174997e+00 -1.1138609648e+00 -1.2484838963e+00 -2.0155372620e+00 -1.0170524120e+00 -1.0551388264e+00 -1.1186231375e+00 -1.2667773962e+00 4.2031556368e-01 3.9717888832e-01 1.6347156465e-01 -1.8973493576e-01 2.2949777544e-01 -1.1950035095e+00 1.3848227262e+00 1.3452429771e+00 1.3971560001e+00 1.3985562325e+00 8.1065994501e-01 9.8608028889e-01 2.0754344761e-01 1.3985562325e+00 -1.2955671549e+00 -1.2624068260e+00 -1.1138609648e+00 -8.8375425339e-01 -5.9200227261e-01 1.1505883932e+00 -1.1859569550e+00 -1.0436582565e+00 -8.5782372952e-01 9.1520297527e-01 1.2274295092e+00 2.0506014824e+00 7.4828076363e-01 7.4329507351e-01 -7.3237717152e-01 -7.7386534214e-01 1.3791122437e+00 3.1767800450e-01 3.1299877167e-01 3.9546772838e-01
-1.2683770061e-01 -9.5204043388e-01 -1.0364230871e+00 -1.0067321062e+00 -1.0291225910e+00 -1.0324141979e+00 -1.0805867910e+00 -1.0780004263e+00 -1.0846254826e+00 -1.0998497009e+00 -1.0803669691e+00 -7.5148403645e-02 7.4414807558e-01 -2.7214476466e-01 1.8772497773e-01 1.1142429896e-02 4.0901431441e-01 -8.8284742087e-03 4.6413924545e-02 1.3441492617e-01 -1.6668194532e-01 -5.8050429821e-01 -1.2392541170e+00 -1.3480064869e+00 -1.2475068569e+00 -1.2087068558e+00 -1.4327899218e+00 -1.1581885815e+00 -1.5806331635e+00 -1.4612466097e+00 -1.4135611057e+00 -1.1173619032e+00 -1.0027958155e+00 -1.0488122702e+00 -1.0984035730e+00 -1.2410187721e+00 -2.0084779263e+00 -1.0013674498e+00 -1.0417797565e+00 -1.1076729298e+00 -1.2586681843e+00 4.4301038980e-01 4.1363340616e-01 1.8571279943e-01 -1.5185455978e-01 2.6312285662e-01 -1.3077976704e+00 1.2706058025e+00 1.1635788679e+00 1.3096448183e+00 1.0168930292e+00 9.2961043119e-01 1.1997280121e+00 8.9954756200e-02 1.0168930292e+00 -1.3144671917e+00 -1.2635703087e+00 -1.0984035730e+00 -8.5284388065e-01 -6.5588760376e-01 1.0409866571e+00 -1.1705034971e+00 -1.0262987614e+00 -8.8553917408e-01 5.5070447922e-01 1.3037070036e+00 2.0491235256e+00 -7.5148403645e-02 -6.7261673510e-02 -8.4413081408e-01 -7.7678257227e-01 -1.3226100802e-01 3.1162309647e-01 3.4290668368e-01 4.2335018516e-01
-1.2683770061e-01 -9.6030229330e-01 -9.5180422068e-01 -1.0366669893e+00 -1.0084680319e+00 -1.0313799381e+00 -1.0380921364e+00 -1.0790343285e+00 -1.0794543028e+00 -1.0843433142e+00 -1.0979080200e+00 -4.3804556131e-01 -7.6188676059e-02 7.4508535862e-01 -2.6345130801e-01 1.8499469757e-01 3.1095530838e-02 3.7837839127e-01 -9.4893462956e-03 4.1458532214e-02 1.3197650015e-01 -1.6684813797e-01 -7.4330550432e-01 -1.2418009043e+00 -1.3399099112e+00 -1.2519763708e+00 -1.2207192183e+00 -1.4250611067e+00 -1.1680266857e+00 -1.5602004528e+00 -1.4776155949e+00 -1.3911960125e+00 -9.9926459789e-01 -1.0406513214e+00 -1.0879759789e+00 -1.2358661890e+00 -2.0012097359e+00 -1.0075869560e+00 -1.0400327444e+00 -1.1026620865e+00 -1.2529871464e+00 4.2519655824e-01 4.2291480303e-01 1.0859563947e-01 -2.3561918736e-01 -2.0675947890e-03 -8.4295934439e-01 6.2616312504e-01 2.1208517253e-01 8.0408602953e-01 1.3456466794e-01 9.1191709042e-01 6.8571972847e-01 -7.6922681183e-03 1.3456466794e-01 -1.3144751787e+00 -1.2697248459e+00 -1.0879759789e+00 -8.2663071156e-01 -7.1979242563e-01 4.5679679513e-01 -1.1591770649e+00 -1.0150034428e+00 -9.0461266041e-01 2.5395581126e-01 8.2620143890e-01 2.0430140495e+00 -4.3804556131e-01 -4.2749434710e-01 -7.8011828661e-01 -7.5310277939e-01 -9.7247004509e-01 2.8372859955e-01 3.6267957091e-01 3.6185914278e-01
-1.2683770061e-01 -1.0098720789e+00 -9.6005994081e-01 -9.5202392340e-01 -1.0384176970e+00 -1.0107005835e+00 -1.0370553732e+00 -1.0366498232e+00 -1.0804888010e+00 -1.0791751146e+00 -1.0824302435e+00 -1.1161488295e+00 -4.3772295117e-01 -7.9732716084e-02 7.6036334038e-01 -2.6268869638e-01 2.0959971845e-01 9.5635028556e-03 3.8169226050e-01 -1.4140231535e-02 3.8438677788e-02 1.3089749217e-01 -1.1957901716e+00 -7.4383914471e-01 -1.2343242168e+00 -1.3452076912e+00 -1.2643733025e+00 -1.2150119543e+00 -1.4394333363e+00 -1.1541994810e+00 -1.5771476030e+00 -1.4544495344e+00 -1.0252317190e+00 -1.0468245745e+00 -1.0833703279e+00 -1.2330034971e+00 -1.9950331450e+00 -1.0541207790e+00 -1.0619472265e+00 -1.1105760336e+00 -1.2528947592e+00 3.2799991965e-01 4.0915772319e-01 -1.3908833265e-01 -2.4265322089e-01 -4.7453939915e-01 4.6839526296e-01 -5.8135157824e-01 -1.1186748743e+00 -2.4756044149e-01 -1.6979466677e+00 -1.9256001711e-01 -8.2489931583e-01 -1.7202062905e-01 -1.6979466677e+00 -1.2372934818e+00 -1.2856566906e+00 -1.0833703279e+00 -8.0186557770e-01 -7.9946857691e-01 -1.3589942455e+00 -1.1494663954e+00 -1.0125467777e+00 -9.3150597811e-01 -1.1519443989e-01 2.1146346629e-01 2.0209839344e+00 -1.1161488295e+00 -1.1056400537e+00 -4.9956002831e-01 -6.0533273220e-01 -1.5288828611e+00 1.5679840744e-01 3.6937254667e-01 1.4663062990e-01
-1.2683770061e-01 -1.1358633041e+00 -1.0095924139e+00 -9.6028196812e-01 -9.5373290777e-01 -1.0406862497e+00 -1.0163267851e+00 -1.0356159210e+00 -1.0380799770e+00 -1.0802090168e+00 -1.0772715807e+00 5.2981499583e-02 -1.1132797003e+00 -4.4324201345e-01 -6.9793783128e-02 7.5319975615e-01 -2.5006273389e-01 1.8376760185e-01 9.0914266184e-03 3.7491056323e-01 -1.7507852986e-02 3.7645552307e-02 -7.8635156155e-01 -1.1981605291e+00 -7.3926866055e-01 -1.2386755943e+00 -1.3584336042e+00 -1.2582499981e+00 -1.2258155346e+00 -1.4212610722e+00 -1.1687740088e+00 -1.5527372360e+00 -1.0439281464e+00 -1.0528931618e+00 -1.0842168331e+00 -1.2308900356e+00 -1.9886544943e+00 -1.0830588341e+00 -1.0787281990e+00 -1.1171233654e+00 -1.2525422573e+00 2.5248017907e-01 3.8169386983e-01 -2.8644752502e-01 -2.1173030138e-01 -6.6103225946e-01 5.6859111786e-01 -5.2111172676e-01 -1.0285589695e+00 -1.9985620677e-01 -1.2848962545e+00 -1.0135746002e+00 -1.3657183647e+00 -1.0926851630e-01 -1.2848961353e+00 -1.2474911213e+00 -1.2842073441e+00 -1.0842168331e+00 -8.0494207144e-01 -7.9059708118e-01 -1.2297742367e+00 -1.1510114670e+00 -1.0098594427e+00 -9.0629845858e-01 -2.7242010832e-01 -3.5583609343e-01 2.0220155716e+00 5.2981499583e-02 5.9484906495e-02 -4.9918758869e-01 -7.1182858944e-01 2.3147878051e-01 8.2413412631e-02 3.5896971822e-01 2.1557707340e-02
-1.2683770061e-01 -1.1296672821e+00 -1.1354888678e+00 -1.0098286867e+00 -9.6199500561e-01 -9.5589959621e-01 -1.0463838577e+00 -1.0149410963e+00 -1.0370454788e+00 -1.0378249884e+00 -1.0783035755e+00 -2.1708791256e+00 5.1460027695e-02 -1.1224890947e+00 -4.3565604091e-01 -7.0530444384e-02 7.9300880432e-01 -2.6482182741e-01 1.8508376181e-01 4.3393308297e-03 3.7397646904e-01 -1.8129983917e-02 -8.7461680174e-01 -7.8705990314e-01 -1.1909385920e+00 -7.3918306828e-01 -1.2509543896e+00 -1.3514134884e+00 -1.2697881460e+00 -1.2110631466e+00 -1.4373962879e+00 -1.1494694948e+00 -1.1282689571e+00 -1.0833415985e+00 -1.0971863270e+00 -1.2335318327e+00 -1.9835571051e+00 -1.1836508512e+00 -1.1372314692e+00 -1.1469211578e+00 -1.2624944448e+00 3.9622671902e-02 3.1333440542e-01 -7.2611111403e-01 6.5822526813e-02 -1.3371946812e+00 2.4880053997e+00 -1.8947386742e+00 -2.0968637466e+00 -1.5973793268e+00 -1.5074313879e+00 -1.5992504358e+00 -3.1964385509e+00 -7.9111504555e-01 -1.5074313879e+00 -1.0031740665e+00 -1.2289258242e+00 -1.0971863270e+00 -8.8507956266e-01 -5.2528178692e-01 -2.7713916302e+00 -1.1512397528e+00 -1.0305591822e+00 -9.5150935650e-01 -6.7228960991e-01 -6.0636723042e-01 1.9498988390e+00 -2.1708791256e+00 -2.1736998558e+00 6.2218554318e-02 -3.1498375535e-01 -1.1522308588e+00 -2.1577489376e-01 3.2129800320e-01 -3.7526494265e-01
-1.2683770061e-01 -1.3713217974e+00 -1.1292974949e+00 -1.1357612610e+00 -1.0115661621e+00 -9.6417164803e-01 -9.6139514446e-01 -1.0449200869e+00 -1.0163587332e+00 -1.0367909670e+00 -1.0359978676e+00 -3.4679767489e-01 -2.1640486717e+00 4.8613302410e-02 -1.1193000078e+00 -4.3356028199e-01 -5.2762739360e-02 7.5312268734e-01 -2.6811048388e-01 1.7937302589e-01 1.0872968705e-03 3.7215781212e-01 1.7273893952e-01 -8.7568342686e-01 -7.8223717213e-01 -1.1949011087e+00 -7.4702101946e-01 -1.2449588776e+00 -1.3645344973e+00 -1.2543318272e+00 -1.2259700298e+00 -1.4147331715e+00 -1.2184264660e+00 -1.1218472719e+00 -1.1116373539e+00 -1.2360208035e+00 -1.9785414934e+00 -1.2632197142e+00 -1.1919862032e+00 -1.1775542498e+00 -1.2736392021e+00 -1.5038497746e-01 2.1723809838e-01 -1.0243057013e+00 3.3769616485e-01 -1.5136773586e+00 2.2526297569e+00 -2.0377054214e+00 -2.1844339371e+00 -1.7596952915e+00 -1.6207687855e+00 -1.5717221498e+00 -3.0170891285e+00 -9.0283459425e-01 -1.6207687855e+00 -9.8565292358e-01 -1.1880254745e+00 -1.1116373539e+00 -9.5371705294e-01 -3.0960980058e-01 -2.2714872360e+00 -1.1642172337e+00 -1.0456374884e+00 -9.8368585110e-01 -7.9757314920e-01 -7.5301569700e-01 1.9417524338e+00 -3.4679767489e-01 -3.3674141765e-01 9.5719592646e-03 -3.1141296029e-01 -8.2891374826e-01 -5.3212672472e-01 2.7773633599e-01 -6.5107005835e-01
-1.2683770061e-01 -1.4084995985e+00 -1.3707703352e+00 -1.1295681000e+00 -1.1375608444e+00 -1.0138024092e+00 -9.6968692541e-01 -9.6015197039e-01 -1.0463550091e+00 -1.0161163807e+00 -1.0349658728e+00 6.8899971247e-01 -3.4681776166e-01 -2.1789984703e+00 5.9383008629e-02 -1.1119116545e+00 -4.2550650239e-01 -7.2274662554e-02 7.6028335094e-01 -2.7135264874e-01 1.7721581459e-01 4.0833311505e-04 -5.0972861052e-01 1.7592367530e-01 -8.7034344673e-01 -7.8253668547e-01 -1.2067906857e+00 -7.4582952261e-01 -1.2562712431e+00 -1.3475613594e+00 -1.2694915533e+00 -1.2059503794e+00 -1.2836564779e+00 -1.1529232264e+00 -1.1262474060e+00 -1.2374076843e+00 -1.9734249115e+00 -1.2912504673e+00 -1.2230086327e+00 -1.1979236603e+00 -1.2811810970e+00 -2.5049290061e-01 1.1854436249e-01 -1.0522304773e+00 5.3698009253e-01 -1.3490678072e+00 1.8048776388e+00 -1.3796501160e+00 -1.3546402454e+00 -1.2046612501e+00 -1.1367583275e+00 -1.5188835859e+00 -1.9317662716e+00 -7.0309609175e-01 -1.1367583275e+00 -9.7172194719e-01 -1.1769601107e+00 -1.1262474060e+00 -9.9287986755e-01 -2.0946067572e-01 -1.5254756212e+00 -1.1767550707e+00 -1.0620776415e+00 -9.5282799006e-01 -8.0690562725e-01 -5.5872666836e-01 1.9574540854e+00 6.8899971247e-01 6.8525397778e-01 1.0987208039e-01 -3.1177535653e-01 7.4958908558e-01 -7.4403721094e-01 2.2977650166e-01 -6.9657921791e-01
-1.2683770061e-01 -1.3341441154e+00 -1.4079201221e+00 -1.3711102009e+00 -1.1313647032e+00 -1.1399486065e+00 -1.0194360018e+00 -9.6842223406e-01 -9.6153825521e-01 -1.0460951328e+00 -1.0143293142e+00 -2.1685903892e-02 6.8508964777e-01 -3.5184019804e-01 -2.1826479435e+00 5.7646308094e-02 -1.1220090389e+00 -4.3603923917e-01 -7.3586821556e-02 7.5143945217e-01 -2.7632912993e-01 1.7599853873e-01 -5.7876938581e-01 -5.0931406021e-01 1.7512595654e-01 -8.7143266201e-01 -7.9076009989e-01 -1.2012162209e+00 -7.4866175652e-01 -1.2410312891e+00 -1.3632658720e+00 -1.2489277124e+00 -1.3239574432e+00 -1.1863013506e+00 -1.1418106556e+00 -1.2393237352e+00 -1.9679356813e+00 -1.3106323481e+00 -1.2487738132e+00 -1.2165572643e+00 -1.2885142565e+00 -3.2687392831e-01 2.2943515331e-02 -1.0189791918e+00 6.3464719057e-01 -9.3295240402e-01 1.4742892981e+00 -1.3894671202e+00 -1.3640339375e+00 -1.2146979570e+00 -1.1502059698e+00 -1.3914664984e+00 -1.3699879646e+00 -8.1648677588e-01 -1.1502058506e+00 -9.8100727797e-01 -1.1724495888e+00 -1.1418106556e+00 -1.0273354053e+00 -1.3094554842e-01 -1.3489682674e+00 -1.1895743608e+00 -1.0781635046e+00 -9.7948902845e-01 -1.1263409853e+00 -4.0470054746e-01 1.9570808411e+00 -2.1685903892e-02 -1.4348404482e-02 9.3903511763e-02 -3.1650489569e-01 -1.2672940493e+00 -8.4826278687e-01 1.8021035194e-01 -7.0351672173e-01
-1.2683770061e-01 -1.3362098932e+00 -1.3336205482e+00 -1.4082707167e+00 -1.3730258942e+00 -1.1337449551e+00 -1.1458827257e+00 -1.0180422068e+00 -9.6981322765e-01 -9.6132773161e-01 -1.0442527533e+00 -6.2116914988e-01 -2.2926962003e-02 6.8570435047e-01 -3.4366258979e-01 -2.1670274734e+00 7.8843757510e-02 -1.1157634258e+00 -4.4108548760e-01 -7.7888555825e-02 7.5286048651e-01 -2.7616021037e-01 -7.9851311445e-01 -5.7863515615e-01 -5.0611245632e-01 1.8340703845e-01 -8.8044637442e-01 -7.8915160894e-01 -1.2117854357e+00 -7.4154829979e-01 -1.2561132908e+00 -1.3415296078e+00 -1.3790076971e+00 -1.2234467268e+00 -1.1626667976e+00 -1.2429348230e+00 -1.9626178741e+00 -1.3461372852e+00 -1.2822906971e+00 -1.2400479317e+00 -1.2984185219e+00 -4.2452967167e-01 -7.4819453061e-02 -1.0422239304e+00 7.7762001753e-01 -1.1260907650e+00 1.7952704430e+00 -1.6989254951e+00 -1.6598038673e+00 -1.5324287415e+00 -1.5871549845e+00 -1.3794770241e+00 -1.3931088448e+00 -9.9608778954e-01 -1.5871549845e+00 -9.7325611115e-01 -1.1690338850e+00 -1.1626667976e+00 -1.0708853006e+00 -3.5601720214e-02 -1.4849941730e+00 -1.2077673674e+00 -1.0964760780e+00 -1.0059968233e+00 -1.6782368422e+00 -4.5532035828e-01 1.9450191259e+00 -6.2116914988e-01 -6.0998135805e-01 1.0407368839e-01 -3.1770816445e-01 -1.5490801334e+00 -9.9227511883e-01 1.1741143465e-01 -7.7361857891e-01
-1.2683770061e-01 -1.4033356905e+00 -1.3356848955e+00 -1.3339498043e+00 -1.4102047682e+00 -1.3756968975e+00 -1.1396642923e+00 -1.1441608667e+00 -1.0194616318e+00 -9.6959793568e-01 -9.5964205265e-01 8.3738870919e-02 -6.2015885115e-01 -2.6180049405e-02 7.0059788227e-01 -3.4227904677e-01 -2.2053575516e+00 5.6161500514e-02 -1.1277871132e+00 -4.4338545203e-01 -8.1654921174e-02 7.4988383055e-01 -8.0653721094e-01 -7.9927080870e-01 -5.7502889633e-01 -5.0393712521e-01 1.8377162516e-01 -8.7798297405e-01 -7.9271984100e-01 -1.1972576380e+00 -7.5371122360e-01 -1.2357168198e+00 -1.3835777044e+00 -1.2682293653e+00 -1.1824116707e+00 -1.2470963001e+00 -1.9571603537e+00 -1.3666802645e+00 -1.3079916239e+00 -1.2603831291e+00 -1.3075389862e+00 -4.8989358544e-01 -1.6727469862e-01 -9.8516136408e-01 9.2050981522e-01 -1.2428975105e+00 1.6828895807e+00 -1.6124889851e+00 -1.5401784182e+00 -1.4609495401e+00 -1.5266561508e+00 -1.5185478926e+00 -1.2363899946e+00 -1.0234004259e+00 -1.5266561508e+00 -1.0034834146e+00 -1.1718047857e+00 -1.1824116707e+00 -1.1061213017e+00 3.1423561275e-02 -1.2740710974e+00 -1.2277690172e+00 -1.1171410084e+00 -9.7833567858e-01 -1.4725416899e+00 -8.3857059479e-01 1.9467773438e+00 8.3738870919e-02 8.9876003563e-02 -1.3083127327e-02 -3.1295770407e-01 -2.9407256842e-01 -9.3064808846e-01 6.0540389270e-02 -7.7781450748e-01
-1.2683770061e-01 -1.3940416574e+00 -1.4027601480e+00 -1.3360147476e+00 -1.3358471394e+00 -1.4129203558e+00 -1.3821928501e+00 -1.1379585266e+00 -1.1456526518e+00 -1.0192174911e+00 -9.6789693832e-01 -5.5876392126e-01 8.2101888955e-02 -6.2667447329e-01 -1.5894474462e-02 6.9389706850e-01 -3.3178275824e-01 -2.1730146408e+00 5.6167755276e-02 -1.1263464689e+00 -4.4943794608e-01 -8.2080997527e-02 -7.4614739418e-01 -8.0732744932e-01 -7.9437685013e-01 -5.7347124815e-01 -5.0968354940e-01 1.7608998716e-01 -8.8306039572e-01 -7.8490108252e-01 -1.2120838165e+00 -7.3959624767e-01 -1.3927178383e+00 -1.3182448149e+00 -1.2019448280e+00 -1.2525579929e+00 -1.9522199631e+00 -1.4005271196e+00 -1.3401172161e+00 -1.2846984863e+00 -1.3188523054e+00 -5.7253432274e-01 -2.5924894214e-01 -9.7999006510e-01 1.0808686018e+00 -1.3581161499e+00 1.8242635727e+00 -1.8799703121e+00 -1.8041429520e+00 -1.7348910570e+00 -1.7955514193e+00 -1.7487330437e+00 -1.2085362673e+00 -1.1062858105e+00 -1.7955514193e+00 -1.0303816795e+00 -1.1657093763e+00 -1.2019448280e+00 -1.1497985125e+00 1.3300529122e-01 -1.3672189713e+00 -1.2486839294e+00 -1.1345878839e+00 -9.9837887287e-01 -1.6449545622e+00 -1.1998323202e+00 1.9385771751e+00 -5.5876392126e-01 -5.4773950577e-01 -2.4981319904e-02 -3.1351280212e-01 -1.6923696995e+00 -8.8891482353e-01 8.9472578838e-03 -8.3427715302e-01
-1.2683770061e-01 -1.4539391994e+00 -1.3934731483e+00 -1.4031091928e+00 -1.3379130363e+00 -1.3384734392e+00 -1.4195050001e+00 -1.3798576593e+00 -1.1394468546e+00 -1.1453349590e+00 -1.0174247026e+00 -5.1485496759e-01 -5.5798804760e-01 7.9422563314e-02 -6.2027585506e-01 -1.7048399895e-02 7.3211926222e-01 -3.4457325935e-01 -2.1958911419e+00 5.1159232855e-02 -1.1366709471e+00 -4.4873994589e-01 -1.1450126171e+00 -7.4669253826e-01 -8.0238646269e-01 -7.9478514194e-01 -5.7983589172e-01 -5.1075458527e-01 1.8892094493e-01 -8.7379539013e-01 -7.9731732607e-01 -1.1922377348e+00 -1.4278259277e+00 -1.3687831163e+00 -1.2233833075e+00 -1.2600003481e+00 -1.9477598667e+00 -1.4415055513e+00 -1.3765430450e+00 -1.3121056557e+00 -1.3320530653e+00 -6.6453605890e-01 -3.5287845135e-01 -9.9778550863e-01 1.2728630304e+00 -1.5173466206e+00 2.1118359566e+00 -2.1002216339e+00 -2.0046606064e+00 -1.9667419195e+00 -1.7780594826e+00 -1.8168259859e+00 -1.1917690039e+00 -1.4588348866e+00 -1.7780594826e+00 -1.0237818956e+00 -1.1573556662e+00 -1.2233833075e+00 -1.1993980408e+00 2.5166755915e-01 -1.4033401012e+00 -1.2694581747e+00 -1.1550755501e+00 -1.0415496826e+00 -2.0389988422e+00 -1.6623415947e+00 1.9223098755e+00 -5.1485496759e-01 -5.0397872925e-01 -2.4471655488e-02 -3.0546623468e-01 -1.5798523426e+00 -9.4751477242e-01 -4.2645871639e-02 -9.1359585524e-01
5.6467332840e+00 -1.5086729527e+00 -1.4533256292e+00 -1.3938194513e+00 -1.4050407410e+00 -1.3405418396e+00 -1.3448805809e+00 -1.4170730114e+00 -1.3814846277e+00 -1.1391327381e+00 -1.1433091164e+00 -8.3984732628e-01 -5.1424390078e-01 -5.6416404247e-01 9.0391695499e-02 -6.1675083637e-01 2.1503737662e-03 6.9369995594e-01 -3.4868058562e-01 -2.1886324883e+00 4.8200055957e-02 -1.1338725090e+00 6.5917931497e-02 -1.1471768618e+00 -7.4210542440e-01 -8.0286657810e-01 -8.0311745405e-01 -5.8023816347e-01 -5.0959289074e-01 1.8102425337e-01 -8.8673108816e-01 -7.8265714645e-01 -1.4803830385e+00 -1.4155542850e+00 -1.2501682043e+00 -1.2694470882e+00 -1.9441382885e+00 -1.4987041950e+00 -1.4228007793e+00 -1.3456768990e+00 -1.3485178947e+00 -7.8416109085e-01 -4.5385214686e-01 -1.0767420530e+00 1.5128246546e+00 -1.6873356104e+00 2.7877831459e+00 -2.4100940228e+00 -2.2570793629e+00 -2.3056235313e+00 -1.7260086536e+00 -1.8879320621e+00 -1.3081511259e+00 -1.6709367037e+00 -1.7260085344e+00 -1.0001106262e+00 -1.1465246677e+00 -1.2501682043e+00 -1.2617604733e+00 4.0238568187e-01 -1.5158667564e+00 -1.2915145159e+00 -1.1842774153e+00 -1.0771431923e+00 -2.2601816654e+00 -1.7413690090e+00 1.9003875256e+00 -8.3984732628e-01 -8.2852578163e-01 -6.0491845012e-02 -2.8622686863e-01 -1.2460354567e+00 -1.0569295883e+00 -1.0659236461e-01 -1.0495717525e+00
-1.2683770061e-01 -1.5974863768e+00 -1.5080181360e+00 -1.4536892176e+00 -1.3957463503e+00 -1.4077501297e+00 -1.3469539881e+00 -1.3426423073e+00 -1.4187214375e+00 -1.3810296059e+00 -1.1371183395e+00 -3.1790626049e-01 -8.3801579475e-01 -5.2018100023e-01 -5.5736076832e-01 8.8414922357e-02 -6.1359882355e-01 -1.8684379756e-02 7.0025062561e-01 -3.5148388147e-01 -2.2056014538e+00 4.7377094626e-02 -3.3081594110e-01 6.8669065833e-02 -1.1402524710e+00 -7.4204522371e-01 -8.1127071381e-01 -8.0139118433e-01 -5.8025699854e-01 -5.0630682707e-01 1.7425294220e-01 -8.7095296383e-01 -1.5260854959e+00 -1.4663016796e+00 -1.2789118290e+00 -1.2801269293e+00 -1.9409209490e+00 -1.5479544401e+00 -1.4667704105e+00 -1.3793151379e+00 -1.3657449484e+00 -8.8914912939e-01 -5.5751132965e-01 -1.1056133509e+00 1.7594536543e+00 -1.7998737097e+00 2.9264128208e+00 -2.5137255192e+00 -2.3351993561e+00 -2.4220912457e+00 -1.6745288372e+00 -1.8447650671e+00 -1.2893782854e+00 -1.6378049850e+00 -1.6745288372e+00 -1.0108766556e+00 -1.1416122913e+00 -1.2789118290e+00 -1.3219846487e+00 5.3845536709e-01 -1.4251229763e+00 -1.3181891441e+00 -1.2144171000e+00 -1.1182490587e+00 -2.2853968143e+00 -2.1253907681e+00 1.8908542395e+00 -3.1790626049e-01 -3.0803129077e-01 -8.9080505073e-02 -2.9204496741e-01 -5.4109817743e-01 -1.1298012733e+00 -1.7333069444e-01 -1.1411324739e+00
-1.2683770061e-01 -1.6305330992e+00 -1.5967648029e+00 -1.5083973408e+00 -1.4556455612e+00 -1.3984446526e+00 -1.4143224955e+00 -1.3447102308e+00 -1.3442479372e+00 -1.4182446003e+00 -1.3785681725e+00 9.4733792543e-01 -3.1803482771e-01 -8.4572154284e-01 -5.1309305429e-01 -5.5432283878e-01 1.1043567210e-01 -6.1960053444e-01 -1.9446423277e-02 6.9173371792e-01 -3.5696154833e-01 -2.1995360851e+00 -4.2198631912e-02 -3.2967519760e-01 6.8497337401e-02 -1.1437606812e+00 -7.4990862608e-01 -8.0946671963e-01 -8.0516737700e-01 -5.7583963871e-01 -5.1709496975e-01 1.7676548660e-01 -1.5537143946e+00 -1.4825197458e+00 -1.3025207520e+00 -1.2878339291e+00 -1.9369903803e+00 -1.5474344492e+00 -1.4843776226e+00 -1.3999559879e+00 -1.3780739307e+00 -8.9870923758e-01 -6.4252215624e-01 -9.0512698889e-01 1.8660932779e+00 -1.2216817141e+00 2.2599949837e+00 -1.5966731310e+00 -1.1033664942e+00 -1.6540404558e+00 -1.2074886560e+00 -1.6412508488e+00 -1.0141741037e+00 -1.0622036457e+00 -1.2074887753e+00 -9.5772016048e-01 -1.1541713476e+00 -1.3025207520e+00 -1.3548879623e+00 5.8448249102e-01 -9.8311400414e-01 -1.3390862942e+00 -1.2442549467e+00 -1.0863821507e+00 -1.9567265511e+00 -2.1026775837e+00 1.9131255150e+00 9.4733792543e-01 9.3783652782e-01 -3.5711270571e-01 -1.9869987667e-01 1.3186284304e+00 -1.1483975649e+00 -2.3184619844e-01 -1.0269427299e+00
-1.2683770061e-01 -1.5313926935e+00 -1.6297867298e+00 -1.5971695185e+00 -1.5103808641e+00 -1.4584159851e+00 -1.4049948454e+00 -1.4119039774e+00 -1.3463170528e+00 -1.3438146114e+00 -1.4157143831e+00 -1.0029809922e-01 9.4245767593e-01 -3.2290005684e-01 -8.4074079990e-01 -5.1039779186e-01 -5.4950040579e-01 8.6992390454e-02 -6.2653100491e-01 -2.4043072015e-02 6.9278132915e-01 -3.5654616356e-01 -5.2594399452e-01 -3.9886355400e-02 -3.2752203941e-01 7.5822748244e-02 -1.1551955938e+00 -7.4868959188e-01 -8.1338012218e-01 -7.9714930058e-01 -5.8703410625e-01 -5.0593841076e-01 -1.5713717937e+00 -1.4960173368e+00 -1.3288291693e+00 -1.2974125147e+00 -1.9321644306e+00 -1.5505611897e+00 -1.5006968975e+00 -1.4196511507e+00 -1.3903591633e+00 -9.0193337202e-01 -7.1123343706e-01 -7.2989338636e-01 1.9651162624e+00 -1.3794379234e+00 1.8678910732e+00 -1.6406961679e+00 -1.1599397659e+00 -1.6967145205e+00 -1.2039825916e+00 -1.4550517797e+00 -9.2298704386e-01 -1.1055015326e+00 -1.2039824724e+00 -9.5865011215e-01 -1.1774140596e+00 -1.3288291693e+00 -1.3823238611e+00 5.9893465042e-01 -9.2745643854e-01 -1.3640044928e+00 -1.2726265192e+00 -1.1167020798e+00 -1.7723490000e+00 -1.6818925142e+00 1.9109475613e+00 -1.0029809922e-01 -9.2166885734e-02 -3.6389860511e-01 -2.2166721523e-01 1.2913668156e+00 -1.1144485474e+00 -2.9361262918e-01 -9.3806874752e-01
-1.2683770061e-01 -1.5417196751e+00 -1.5307209492e+00 -1.6302008629e+00 -1.5991966724e+00 -1.5132169724e+00 -1.4651089907e+00 -1.4026005268e+00 -1.4135493040e+00 -1.3458825350e+00 -1.3414219618e+00 -3.5466131568e-01 -1.0124392807e-01 9.4447833300e-01 -3.1453511119e-01 -8.3550900221e-01 -5.0440001488e-01 -5.5704617500e-01 8.7315119803e-02 -6.2782090902e-01 -2.7472637594e-02 6.8998825550e-01 -6.0693740845e-01 -5.2559530735e-01 -3.9424508810e-02 -3.2374602556e-01 7.5230821967e-02 -1.1501129866e+00 -7.5157040358e-01 -8.0523061752e-01 -8.0963712931e-01 -5.7500314713e-01 -1.5854980946e+00 -1.5208154917e+00 -1.3570970297e+00 -1.3071675301e+00 -1.9273375273e+00 -1.5651543140e+00 -1.5209366083e+00 -1.4411436319e+00 -1.4037463665e+00 -9.1696852446e-01 -7.6947903633e-01 -6.1737871170e-01 2.0238795280e+00 -1.3087881804e+00 1.5444778204e+00 -1.7998280525e+00 -1.3670306206e+00 -1.8502970934e+00 -1.3324880600e+00 -1.3330508471e+00 -8.6915522814e-01 -5.7694083452e-01 -1.3324880600e+00 -9.7120785713e-01 -1.2044556141e+00 -1.3570970297e+00 -1.4097372293e+00 6.0622620583e-01 -9.5920318365e-01 -1.3893269300e+00 -1.3021472692e+00 -1.1543797255e+00 -1.9996888638e+00 -1.7175081968e+00 1.9011904001e+00 -3.5466131568e-01 -3.4455779195e-01 -4.8772278428e-01 -2.2505851090e-01 -9.4994324446e-01 -1.0577949286e+00 -3.6184260249e-01 -9.0304720402e-01
-1.2683770061e-01 -1.5788974762e+00 -1.5410400629e+00 -1.5311065912e+00 -1.6322444677e+00 -1.6021397114e+00 -1.5200406313e+00 -1.4625586271e+00 -1.4042404890e+00 -1.4130755663e+00 -1.3434860706e+00 5.6310966611e-02 -3.5465186834e-01 -1.0492484272e-01 9.6104693413e-01 -3.1337705255e-01 -8.3821052313e-01 -5.1303225756e-01 -5.6333452463e-01 8.2136943936e-02 -6.3502699137e-01 -2.8064310551e-02 -2.2169637680e-01 -6.0691744089e-01 -5.2229863405e-01 -3.3066373318e-02 -3.2789039612e-01 6.8583890796e-02 -1.1598138809e+00 -7.4441045523e-01 -8.1776565313e-01 -7.9482293129e-01 -1.5805120468e+00 -1.5447770357e+00 -1.3861047029e+00 -1.3173189163e+00 -1.9225742817e+00 -1.5727978945e+00 -1.5363487005e+00 -1.4599765539e+00 -1.4163439274e+00 -9.1392850876e-01 -8.1541311741e-01 -4.8501789570e-01 2.0854854584e+00 -1.4549062252e+00 1.3085076809e+00 -1.7405412197e+00 -1.2817221880e+00 -1.8014996052e+00 -1.2373943329e+00 -1.3437178135e+00 -8.2243698835e-01 -4.5964017510e-01 -1.2373942137e+00 -9.7585171461e-01 -1.2425649166e+00 -1.3861047029e+00 -1.4275308847e+00 5.7183140516e-01 -8.6150389910e-01 -1.4154219627e+00 -1.3327635527e+00 -1.1064532995e+00 -2.1223628521e+00 -1.7954388857e+00 1.9032694101e+00 5.6310966611e-02 6.2775358558e-02 -4.8074445128e-01 -2.3138670623e-01 -4.4131743908e-01 -9.1853892803e-01 -4.3137279153e-01 -8.4385144711e-01
-1.2683770061e-01 -1.5727006197e+00 -1.5781898499e+00 -1.5414288044e+00 -1.5331013203e+00 -1.6352270842e+00 -1.6091752052e+00 -1.5173476934e+00 -1.4642331600e+00 -1.4037722349e+00 -1.4105548859e+00 -1.2048284709e-01 5.4776988924e-02 -3.5971713066e-01 -9.5148973167e-02 9.5232975483e-01 -3.0210742354e-01 -8.3880138397e-01 -5.1886886358e-01 -5.6496864557e-01 7.9371526837e-02 -6.3376176357e-01 3.1491619349e-01 -2.2011269629e-01 -6.0314613581e-01 -5.2026838064e-01 -3.4626405686e-02 -3.3069446683e-01 7.9588338733e-02 -1.1461181641e+00 -7.5659006834e-01 -8.0284982920e-01 -1.5713717937e+00 -1.5631920099e+00 -1.4142135382e+00 -1.3280432224e+00 -1.9180256128e+00 -1.5820630789e+00 -1.5512548685e+00 -1.4782407284e+00 -1.4289758205e+00 -9.0840089321e-01 -8.5095566511e-01 -3.7330091000e-01 2.1674580574e+00 -1.6169028282e+00 1.2586507797e+00 -1.7982293367e+00 -1.3643904924e+00 -1.8553760052e+00 -1.1898202896e+00 -1.3386662006e+00 -8.3127212524e-01 -6.9310140610e-01 -1.1898201704e+00 -9.6145188808e-01 -1.2814054489e+00 -1.4142135382e+00 -1.4428620338e+00 5.3048408031e-01 -8.3023881912e-01 -1.4427990913e+00 -1.3624427319e+00 -1.1386603117e+00 -2.0167822838e+00 -1.7426339388e+00 1.9004777670e+00 -1.2048284709e-01 -1.1216183752e-01 -5.1325356960e-01 -2.3016540706e-01 -1.1508223414e-01 -7.6566040516e-01 -4.9566334486e-01 -7.9671239853e-01
-1.2683770061e-01 -1.5850934982e+00 -1.5719977617e+00 -1.5785893202e+00 -1.5434285402e+00 -1.5359647274e+00 -1.6423414946e+00 -1.6062510014e+00 -1.5190535784e+00 -1.4637298584e+00 -1.4012687206e+00 4.3992200494e-01 -1.2135286629e-01 5.1948383451e-02 -3.5159048438e-01 -9.5689341426e-02 9.9746710062e-01 -3.1561276317e-01 -8.4798204899e-01 -5.2074509859e-01 -5.7178163528e-01 7.8453294933e-02 -5.0814050436e-01 3.1867805123e-01 -2.1859897673e-01 -6.0184049606e-01 -5.2616000175e-01 -4.0226083249e-02 -3.2647362351e-01 7.3441989720e-02 -1.1606454849e+00 -7.4243909121e-01 -1.5728260279e+00 -1.5778415203e+00 -1.4442801476e+00 -1.3375555277e+00 -1.9133825302e+00 -1.5726054907e+00 -1.5548405647e+00 -1.4901740551e+00 -1.4391331673e+00 -8.6413156986e-01 -8.6974203587e-01 -1.9315730035e-01 2.2060704231e+00 -1.5344691277e+00 9.6565836668e-01 -1.3311705589e+00 -6.6708022356e-01 -1.4774504900e+00 -8.0042672157e-01 -1.1488877535e+00 -6.7766636610e-01 -5.6015634537e-01 -8.0042672157e-01 -9.7147083282e-01 -1.3503658772e+00 -1.4442801476e+00 -1.4319000244e+00 3.7411788106e-01 -6.1372691393e-01 -1.4724415541e+00 -1.3915393353e+00 -1.1120135784e+00 -2.0260994434e+00 -1.3304210901e+00 1.9091538191e+00 4.3992200494e-01 4.4085758924e-01 -4.5864289999e-01 -2.6671081781e-01 7.3059689999e-01 -6.4889329672e-01 -5.7123631239e-01 -6.7994314432e-01
-1.2683770061e-01 -1.5386216640e+00 -1.5843812227e+00 -1.5723953247e+00 -1.5806072950e+00 -1.5463044643e+00 -1.5428426266e+00 -1.6393313408e+00 -1.6080079079e+00 -1.5185184479e+00 -1.4611155987e+00 1.8305011094e-01 4.3694737554e-01 -1.2514363229e-01 6.2739677727e-02 -3.5014554858e-01 -7.8594833612e-02 9.5265567303e-01 -3.1942281127e-01 -8.4806561470e-01 -5.2728146315e-01 -5.7070964575e-01 -7.9926532507e-01 -5.0771951675e-01 3.1704714894e-01 -2.1384672821e-01 -6.0845738649e-01 -5.2707391977e-01 -3.1070288271e-02 -3.2611918449e-01 6.6041968763e-02 -1.1414425373e+00 -1.5682559013e+00 -1.5844329596e+00 -1.4729180336e+00 -1.3454825878e+00 -1.9093440771e+00 -1.5596983433e+00 -1.5541388988e+00 -1.4990327358e+00 -1.4480569363e+00 -8.0682462454e-01 -8.7228208780e-01 -1.8495788798e-02 2.1411275864e+00 -1.0618307590e+00 7.4198096991e-01 -1.1412969828e+00 -4.0039178729e-01 -1.3219559193e+00 -6.3601297140e-01 -9.3438386917e-01 -4.6304455400e-01 -3.2502612472e-01 -6.3601297140e-01 -9.9831712246e-01 -1.4314858913e+00 -1.4729180336e+00 -1.4060505629e+00 1.6086208820e-01 -4.8541754484e-01 -1.4999239445e+00 -1.4204766750e+00 -1.0890705585e+00 -2.1280202866e+00 -1.4174431562e+00 1.9122881889e+00 1.8305011094e-01 1.8791443110e-01 -4.8244097829e-01 -2.5532847643e-01 -7.1971654892e-01 -5.1288133860e-01 -6.4715349674e-01 -5.6064182520e-01
-1.2683770061e-01 -1.5189999342e+00 -1.5379444361e+00 -1.5847823620e+00 -1.5744103193e+00 -1.5835279226e+00 -1.5532069206e+00 -1.5400905609e+00 -1.6411070824e+00 -1.6074209213e+00 -1.5158028603e+00 -5.5830383301e-01 1.8104018271e-01 4.3620648980e-01 -1.1549863964e-01 6.0976989567e-02 -3.3985978365e-01 -9.7484469414e-02 9.6186459064e-01 -3.2238548994e-01 -8.5664939880e-01 -5.2634555101e-01 -9.9318134785e-01 -8.0002611876e-01 -5.0452721119e-01 3.2660025358e-01 -2.1701402962e-01 -6.0858678818e-01 -5.2618956566e-01 -3.5445060581e-02 -3.3585426211e-01 6.9907486439e-02 -1.5680482388e+00 -1.5914436579e+00 -1.5020323992e+00 -1.3558323383e+00 -1.9050920010e+00 -1.5708981752e+00 -1.5644711256e+00 -1.5128622055e+00 -1.4591367245e+00 -7.8909718990e-01 -8.7045085430e-01 2.8500372544e-02 2.1259396076e+00 -1.2278896570e+00 9.3700587749e-01 -1.4756168127e+00 -9.6603858471e-01 -1.6102029085e+00 -1.0386633873e+00 -8.8046842813e-01 -5.8597350121e-01 -5.1300436258e-01 -1.0386633873e+00 -1.0010246038e+00 -1.5141150951e+00 -1.5020323992e+00 -1.3796111345e+00 -5.8216739446e-02 -7.3013645411e-01 -1.5272480249e+00 -1.4497843981e+00 -1.1107093096e+00 -2.2330691814e+00 -1.8044295311e+00 1.9034427404e+00 -5.5830383301e-01 -5.4728084803e-01 -4.7494208813e-01 -2.5127214193e-01 -1.6520053148e+00 -3.9308676124e-01 -7.1637779474e-01 -5.4813283682e-01
-1.2683770061e-01 -1.5778645277e+00 -1.5183373690e+00 -1.5383322239e+00 -1.5868035555e+00 -1.5773234367e+00 -1.5905190706e+00 -1.5504280329e+00 -1.5418094397e+00 -1.6405007839e+00 -1.6045410633e+00 1.5301269293e+00 -5.5752962828e-01 1.7890131474e-01 4.4948506355e-01 -1.1588146538e-01 8.2263559103e-02 -3.5245570540e-01 -9.9055416882e-02 9.5192265511e-01 -3.2768112421e-01 -8.5470676422e-01 -1.0614699125e+00 -9.9472928047e-01 -7.9512774944e-01 -5.0233763456e-01 3.2823792100e-01 -2.2087503970e-01 -6.0908728838e-01 -5.2263778448e-01 -4.3481424451e-02 -3.2696381211e-01 -1.5366797447e+00 -1.5731323957e+00 -1.5164308548e+00 -1.3619323969e+00 -1.9001082182e+00 -1.5241646767e+00 -1.5430760384e+00 -1.5094597340e+00 -1.4629217386e+00 -6.6485750675e-01 -8.4191000462e-01 3.1565085053e-01 1.9400433302e+00 -4.7118669748e-01 3.8188016415e-01 -1.7246982455e-01 5.8311772346e-01 -4.8070111871e-01 8.4589087963e-01 -2.9325103760e-01 -6.3578084111e-02 9.8588213325e-02 8.4589087963e-01 -9.0880763531e-01 -1.5682674646e+00 -1.5164308548e+00 -1.3532727957e+00 -2.2187514603e-01 2.6675382257e-01 -1.5442819595e+00 -1.4701128006e+00 -1.0711776018e+00 -1.5567495823e+00 -1.2660958767e+00 1.9480202198e+00 1.5301269293e+00 1.5043081045e+00 -2.5137391686e-01 -1.1183687299e-01 1.4089926481e+00 -2.0366510749e-01 -7.4720358849e-01 -3.0747130513e-01
-1.2683770061e-01 -1.4167615175e+00 -1.5771577358e+00 -1.5187195539e+00 -1.5403304100e+00 -1.5897315741e+00 -1.5842999220e+00 -1.5876433849e+00 -1.5521528721e+00 -1.5412610769e+00 -1.6375598907e+00 -2.6556048542e-03 1.5230579376e+00 -5.6370317936e-01 1.9051437080e-01 4.4472831488e-01 -9.9327258766e-02 5.9498921037e-02 -3.5664394498e-01 -1.0321842879e-01 9.5459771156e-01 -3.2735526562e-01 -1.2461296469e-01 -1.0632950068e+00 -9.8869460821e-01 -7.9554277658e-01 -5.0806987286e-01 3.1917908788e-01 -2.1478840709e-01 -6.0420835018e-01 -5.3352135420e-01 -3.8246527314e-02 -1.5028190613e+00 -1.5514731407e+00 -1.5311467648e+00 -1.3676797152e+00 -1.8952062130e+00 -1.4930087328e+00 -1.5255708694e+00 -1.5063810349e+00 -1.4665588140e+00 -5.5945199728e-01 -7.9610610008e-01 5.0124353170e-01 1.6293793917e+00 3.4006103873e-01 8.6600251496e-02 -1.7246982455e-01 5.8311772346e-01 -4.8070111871e-01 5.7349109650e-01 1.3816134632e-01 5.3498333693e-01 2.5292685628e-01 5.7349103689e-01 -8.9451849461e-01 -1.6376804113e+00 -1.5311467648e+00 -1.3123136759e+00 -4.4779241085e-01 4.9081066251e-01 -1.5552401543e+00 -1.4854921103e+00 -1.0327624083e+00 -1.8802356720e+00 -7.5694370270e-01 1.9480202198e+00 -2.6556048542e-03 4.4767251238e-03 -2.8336542845e-01 -1.1290416121e-01 -1.3059462309e+00 -2.5665615685e-03 -7.8040051460e-01 -1.5139915049e-01
-1.2683770061e-01 -1.4167615175e+00 -1.4161758423e+00 -1.5775568485e+00 -1.5207080841e+00 -1.5432026386e+00 -1.5967375040e+00 -1.5814402103e+00 -1.5893895626e+00 -1.5515983105e+00 -1.5385034084e+00 6.4661525190e-02 -3.9681307971e-03 1.5282503366e+00 -5.5689692497e-01 1.8776249886e-01 4.7628325224e-01 -1.1771746725e-01 5.9539437294e-02 -3.5940387845e-01 -1.0714322329e-01 9.5100444555e-01 -1.8308033049e-01 -1.2263521552e-01 -1.0568602085e+00 -9.9084448814e-01 -8.0388182402e-01 -5.0915628672e-01 3.3444109559e-01 -2.1622197330e-01 -6.1556863785e-01 -5.2215945721e-01 -1.4768519402e+00 -1.5391267538e+00 -1.5331054926e+00 -1.3707844019e+00 -1.8896602392e+00 -1.4698058367e+00 -1.5099090338e+00 -1.5028812885e+00 -1.4697450399e+00 -4.6547773480e-01 -7.3898303509e-01 6.2293475866e-01 1.3371617794e+00 1.7812471092e-01 -1.7987141013e-01 -1.2029151618e-01 6.3892316818e-01 -4.3399214745e-01 5.6356853247e-01 7.0965403318e-01 6.6834193468e-01 5.2874869108e-01 5.6356853247e-01 -8.8241899014e-01 -1.6435873508e+00 -1.5331054926e+00 -1.3101878166e+00 -4.6417981386e-01 5.8089852333e-01 -1.5662860870e+00 -1.4808077812e+00 -9.9399846792e-01 -1.9699531794e+00 -3.1993976235e-01 1.9499399662e+00 6.4661525190e-02 7.1027398109e-02 -3.7908715010e-01 -4.2199626565e-01 -1.6238195896e+00 1.1355184764e-01 -7.7669078112e-01 -4.1675958782e-02
-1.2683770061e-01 -1.4095325470e+00 -1.4161758423e+00 -1.4165287018e+00 -1.5795743465e+00 -1.5235567093e+00 -1.5500977039e+00 -1.5938456059e+00 -1.5831829309e+00 -1.5888134241e+00 -1.5488216877e+00 6.4597405493e-02 6.3096188009e-02 -7.1176495403e-03 1.5485975742e+00 -5.5386257172e-01 2.1244157851e-01 4.4402688742e-01 -1.1949609965e-01 5.4512549192e-02 -3.6493107677e-01 -1.0749139637e-01 -1.6481710970e-01 -1.8133990467e-01 -1.2169041485e-01 -1.0596209764e+00 -1.0009198189e+00 -8.0214822292e-01 -5.0796747208e-01 3.2421472669e-01 -2.2531479597e-01 -6.0318088531e-01 -1.4533770084e+00 -1.5250009298e+00 -1.5327880383e+00 -1.3733388186e+00 -1.8841017485e+00 -1.4519054890e+00 -1.4957559109e+00 -1.4990007877e+00 -1.4724982977e+00 -3.8153049350e-01 -6.7498981953e-01 6.9679486752e-01 1.0658169985e+00 -6.3525140285e-02 -3.8624578714e-01 -6.5414808691e-02 7.0078843832e-01 -3.8571888208e-01 6.3237583637e-01 6.3349628448e-01 6.5901571512e-01 6.4602458477e-01 6.3237583637e-01 -8.8989645243e-01 -1.6427197456e+00 -1.5327880383e+00 -1.3104419708e+00 -4.6189489961e-01 6.3703286648e-01 -1.5663206577e+00 -1.4792517424e+00 -9.5949846506e-01 -2.1137855053e+00 2.2766014934e-01 1.9516468048e+00 6.4597405493e-02 7.0964045823e-02 -3.8666343689e-01 -4.3094316125e-01 -1.4562218189e+00 2.0999260247e-01 -7.6667046547e-01 3.6607459188e-02
-1.2683770061e-01 -1.4023035765e+00 -1.4089523554e+00 -1.4165287018e+00 -1.4184668064e+00 -1.5824936628e+00 -1.5304049253e+00 -1.5473268032e+00 -1.5955953598e+00 -1.5826103687e+00 -1.5859678984e+00 1.1395649910e+00 6.3032314181e-02 6.0313031077e-02 3.2913149334e-03 1.5353317261e+00 -5.4902780056e-01 1.8654100597e-01 4.4801461697e-01 -1.2354777008e-01 5.1574345678e-02 -3.6449134350e-01 -3.8807132840e-01 -1.6300256550e-01 -1.8005247414e-01 -1.1606959999e-01 -1.0703078508e+00 -9.9730795622e-01 -8.0593729019e-01 -5.0470739603e-01 3.1828024983e-01 -2.1780644357e-01 -1.3933415413e+00 -1.4946570396e+00 -1.5299819708e+00 -1.3744174242e+00 -1.8778809309e+00 -1.3986265659e+00 -1.4614071846e+00 -1.4833495617e+00 -1.4699109793e+00 -2.3397733271e-01 -5.9163874388e-01 9.0490865707e-01 9.5126301050e-01 6.2283319235e-01 -7.6064264774e-01 7.4664968252e-01 1.4804004431e+00 3.6156660318e-01 1.0601451397e+00 8.0707854033e-01 1.1839815378e+00 7.0423448086e-01 1.0601450205e+00 -7.9392129183e-01 -1.6295291185e+00 -1.5299819708e+00 -1.3182085752e+00 -4.1891881824e-01 1.5517784357e+00 -1.5605785847e+00 -1.4793051481e+00 -9.2091882229e-01 -2.1354200840e+00 7.4628835917e-01 1.9840655327e+00 1.1395649910e+00 1.1251896620e+00 -2.9839107394e-01 -3.6645683646e-01 4.0451121330e-01 4.4850009680e-01 -7.5278753042e-01 2.4748939276e-01
-1.2683770061e-01 -1.2794103622e+00 -1.4017287493e+00 -1.4093031883e+00 -1.4184668064e+00 -1.4211924076e+00 -1.5894824266e+00 -1.5276851654e+00 -1.5490498543e+00 -1.5950156450e+00 -1.5797764063e+00 -2.7658081055e-01 1.1339628696e+00 6.0248803347e-02 7.1158468723e-02 1.9888586830e-03 1.5960689783e+00 -5.5658495426e-01 1.8788564205e-01 4.4087168574e-01 -1.2759973109e-01 5.0741072744e-02 -1.7447112501e-01 -3.8716301322e-01 -1.6182215512e-01 -1.7495474219e-01 -1.1836759001e-01 -1.0660344362e+00 -1.0044127703e+00 -7.9790693521e-01 -5.1548618078e-01 3.1899198890e-01 -1.3717368841e+00 -1.4679757357e+00 -1.5286055803e+00 -1.3744392395e+00 -1.8718564510e+00 -1.3731834888e+00 -1.4388519526e+00 -1.4721469879e+00 -1.4686994553e+00 -1.3396789134e-01 -5.0316256285e-01 9.6000707150e-01 8.4489142895e-01 2.3592619598e-01 -9.9981743097e-01 5.0318378210e-01 1.0639284849e+00 1.7106500268e-01 8.2934945822e-01 9.0187871456e-01 1.0650787354e+00 6.4991414547e-01 8.2934939861e-01 -7.5392210484e-01 -1.6237570047e+00 -1.5286055803e+00 -1.3213200569e+00 -4.0073043108e-01 1.2712426186e+00 -1.5575231314e+00 -1.4818507433e+00 -9.6959543228e-01 -1.8548868895e+00 6.6478335857e-01 1.9742561579e+00 -2.7658081055e-01 -2.6698565483e-01 -2.6157799363e-01 -3.5988682508e-01 1.3190663885e-03 5.3283190727e-01 -7.4773901701e-01 3.2809412479e-01
-1.2683770061e-01 -1.3093591928e+00 -1.2789280415e+00 -1.4020775557e+00 -1.4112377167e+00 -1.4211924076e+00 -1.4277968407e+00 -1.5866093636e+00 -1.5293970108e+00 -1.5484972000e+00 -1.5921586752e+00 1.1113645881e-01 -2.7686458826e-01 1.1370296478e+00 7.1093827486e-02 6.9330610335e-02 2.1697029471e-02 1.5368375778e+00 -5.6286859512e-01 1.8215963244e-01 4.4035014510e-01 -1.2788537145e-01 3.5420089960e-01 -1.7269575596e-01 -3.8467431068e-01 -1.5656103194e-01 -1.7777627707e-01 -1.2316897511e-01 -1.0743069649e+00 -9.9320489168e-01 -8.1039917469e-01 -5.0434976816e-01 -1.3476392031e+00 -1.4387829304e+00 -1.5231535435e+00 -1.3741309643e+00 -1.8655345440e+00 -1.3520520926e+00 -1.4181015491e+00 -1.4607872963e+00 -1.4670088291e+00 -4.5836981386e-02 -4.1317510605e-01 9.7625488043e-01 6.9197976589e-01 -1.1100492626e-01 -9.3125504255e-01 5.8072155714e-01 1.1421834230e+00 2.4304327369e-01 8.9653235674e-01 9.9609959126e-01 9.1523683071e-01 7.9360610247e-01 8.9653235674e-01 -7.1444052458e-01 -1.6048892736e+00 -1.5231535435e+00 -1.3296588659e+00 -3.4521159530e-01 1.2333576679e+00 -1.5529041290e+00 -1.4815497398e+00 -9.3463408947e-01 -1.3737905025e+00 2.0174930990e-01 1.9771831036e+00 1.1113645881e-01 1.1693620682e-01 -2.7944442630e-01 -3.9241355658e-01 9.8074626923e-01 6.1089313030e-01 -7.2911351919e-01 3.8395285606e-01
-1.2683770061e-01 -1.2969663143e+00 -1.3088543415e+00 -1.2792415619e+00 -1.4040085077e+00 -1.4139546156e+00 -1.4277968407e+00 -1.4253432751e+00 -1.5883549452e+00 -1.5288558006e+00 -1.5457262993e+00 8.2545705140e-02 1.0939658433e-01 -2.8150489926e-01 1.1548445225e+00 6.9266460836e-02 9.0840697289e-02 3.9140679291e-04 1.5520430803e+00 -5.6450521946e-01 1.8001984060e-01 4.3832862377e-01 -3.6391541362e-01 3.5812222958e-01 -1.7145878077e-01 -3.8141053915e-01 -1.5921902657e-01 -1.8201132119e-01 -1.1542235315e-01 -1.0619801283e+00 -1.0068385601e+00 -7.9557543993e-01 -1.3231261969e+00 -1.4133565426e+00 -1.5177013874e+00 -1.3737126589e+00 -1.8591625690e+00 -1.3348371983e+00 -1.3994024992e+00 -1.4495911598e+00 -1.4649879932e+00 3.0042873695e-02 -3.2464855909e-01 9.6054947376e-01 6.1622381210e-01 1.2178426981e-01 -1.1336026192e+00 6.4112830162e-01 1.2055034637e+00 2.9838299751e-01 9.7085070610e-01 9.6424937248e-01 1.0662615299e+00 8.0170542002e-01 9.7085064650e-01 -6.8830502033e-01 -1.5864888430e+00 -1.5177013874e+00 -1.3375303745e+00 -2.9169592261e-01 1.1817743778e+00 -1.5442819595e+00 -1.4796587229e+00 -9.0595602989e-01 -1.3325500488e+00 1.9825606048e-01 1.9789806604e+00 8.2545705140e-02 8.8697299361e-02 -2.8045582771e-01 -3.9241996408e-01 -5.8801326901e-02 6.9068408012e-01 -7.1087038517e-01 4.1898491979e-01
-1.2683770061e-01 -1.2876722813e+00 -1.2964707613e+00 -1.3091764450e+00 -1.2811119556e+00 -1.4067167044e+00 -1.4205416441e+00 -1.4253432751e+00 -1.4269963503e+00 -1.5877794027e+00 -1.5261211395e+00 1.0753035545e+00 8.0913200974e-02 1.0686635971e-01 -2.7287203074e-01 1.1446270943e+00 9.0774841607e-02 6.7869439721e-02 -1.7482247495e-04 1.5388865471e+00 -5.7131534815e-01 1.7879399657e-01 -6.9290405512e-01 -3.6290901899e-01 3.5626113415e-01 -1.6628402472e-01 -3.8606759906e-01 -1.6363097727e-01 -1.7526441813e-01 -1.1844670773e-01 -1.0760157108e+00 -9.8955875635e-01 -1.2763856649e+00 -1.3779906034e+00 -1.5031437874e+00 -1.3717529774e+00 -1.8522986174e+00 -1.2837531567e+00 -1.3622902632e+00 -1.4278306961e+00 -1.4580329657e+00 1.6335195303e-01 -2.2477501631e-01 1.0825392008e+00 6.1694020033e-01 4.5426997542e-01 -1.3088978529e+00 1.3082715273e+00 1.8001027107e+00 9.3817275763e-01 1.4436397552e+00 1.1833579540e+00 1.3139051199e+00 1.1719380617e+00 1.4436396360e+00 -6.6988366842e-01 -1.5365121365e+00 -1.5031437874e+00 -1.3593962193e+00 -1.4569012821e-01 1.6103893518e+00 -1.5295133591e+00 -1.4711557627e+00 -8.7771618366e-01 -8.6921232939e-01 6.6349196434e-01 2.0013756752e+00 1.0753035545e+00 1.0626136065e+00 -1.9144393504e-01 -3.4974390268e-01 1.4398021698e+00 8.2583111525e-01 -6.6509062052e-01 5.8476227522e-01
-1.2683770061e-01 -1.1699429750e+00 -1.2871837616e+00 -1.2967892885e+00 -1.3110615015e+00 -1.2836723328e+00 -1.4132865667e+00 -1.4181070328e+00 -1.4269963503e+00 -1.4265148640e+00 -1.5849359035e+00 6.3998472691e-01 1.0699427128e+00 7.8227378428e-02 1.1801313609e-01 -2.7203649282e-01 1.1949098110e+00 6.7805171013e-02 6.7995883524e-02 -4.8764445819e-03 1.5452330112e+00 -5.7024478912e-01 -7.1584802866e-01 -6.9323307276e-01 -3.6056187749e-01 3.6616566777e-01 -1.6902846098e-01 -3.8831704855e-01 -1.5657179058e-01 -1.7733073235e-01 -1.2696814537e-01 -1.0578709841e+00 -1.2400311232e+00 -1.3294408321e+00 -1.4821292162e+00 -1.3693084717e+00 -1.8452066183e+00 -1.2257236242e+00 -1.3187245131e+00 -1.4011026621e+00 -1.4483160973e+00 3.1103983521e-01 -1.1269031465e-01 1.2138197422e+00 6.9305759668e-01 9.8245716095e-01 -1.4374098778e+00 1.6289111376e+00 2.0228779316e+00 1.2696934938e+00 1.4331386089e+00 1.3747575283e+00 1.4228121042e+00 1.2344343662e+00 1.4331387281e+00 -6.8084722757e-01 -1.4743136168e+00 -1.4821292162e+00 -1.3810304403e+00 2.3341732100e-02 1.6272029877e+00 -1.5110929012e+00 -1.4533554316e+00 -8.4905642271e-01 -2.3569680750e-01 1.2475991249e+00 2.0149254799e+00 6.3998472691e-01 6.3722771406e-01 -3.0961656570e-01 -3.6684107780e-01 1.3571288586e+00 8.9135032892e-01 -5.9766387939e-01 7.6224559546e-01
-1.2683770061e-01 -1.0986855030e+00 -1.1695430279e+00 -1.2874996662e+00 -1.2986683846e+00 -1.3136579990e+00 -1.2899490595e+00 -1.4108707905e+00 -1.4197559357e+00 -1.4265148640e+00 -1.4239692688e+00 1.5800476074e-02 6.3625872135e-01 1.0726598501e+00 8.9188776910e-02 1.1582253128e-01 -2.5966069102e-01 1.1453421116e+00 6.7930951715e-02 6.2922932208e-02 -8.1861233339e-03 1.5398344994e+00 -6.9386529922e-01 -7.1627014875e-01 -6.8895798922e-01 -3.5708197951e-01 3.6815512180e-01 -1.7334689200e-01 -3.8507521152e-01 -1.5893736482e-01 -1.8619629741e-01 -1.2068940699e-01 -1.1972377300e+00 -1.2970038652e+00 -1.4564558268e+00 -1.3665566444e+00 -1.8382859230e+00 -1.1863427162e+00 -1.2826961279e+00 -1.3767169714e+00 -1.4388928413e+00 4.2498794198e-01 1.8103966722e-03 1.2397937775e+00 8.0824112892e-01 1.3228148222e+00 -1.5219304562e+00 1.6378518343e+00 2.0289070606e+00 1.2790373564e+00 1.1539943218e+00 1.4400821924e+00 1.3842395544e+00 1.1818510294e+00 1.1539942026e+00 -7.2494393587e-01 -1.4247589111e+00 -1.4564558268e+00 -1.3810794353e+00 1.2063316256e-01 1.3890882730e+00 -1.4881055355e+00 -1.4262921810e+00 -8.1964248419e-01 -1.5310560167e-01 1.7004687786e+00 2.0153245926e+00 1.5800476074e-02 2.2728983313e-02 -5.1834690571e-01 -4.5224985480e-01 -1.0345156193e+00 9.6465384960e-01 -5.1447999477e-01 8.4900134802e-01
-1.2683770061e-01 -1.0966204405e+00 -1.0983390808e+00 -1.1698250771e+00 -1.2893741131e+00 -1.3012498617e+00 -1.3200061321e+00 -1.2878532410e+00 -1.4125155210e+00 -1.4192786217e+00 -1.4239692688e+00 5.4175150394e-01 1.4418637380e-02 6.3660669327e-01 1.0900580883e+00 8.7221324444e-02 1.3857665658e-01 -2.7418854833e-01 1.1565289497e+00 6.2858350575e-02 6.0037333518e-02 -8.8367443532e-03 -6.5437161922e-01 -6.9419819117e-01 -7.1186059713e-01 -6.8842148781e-01 -3.6152276397e-01 3.5871574283e-01 -1.6645279527e-01 -3.8378259540e-01 -1.6769543290e-01 -1.7917703092e-01 -1.1446799040e+00 -1.2583943605e+00 -1.4259650707e+00 -1.3649052382e+00 -1.8307905197e+00 -1.1395901442e+00 -1.2419300079e+00 -1.3486338854e+00 -1.4272440672e+00 5.4805958271e-01 1.2023217976e-01 1.2819485664e+00 9.3801617622e-01 1.3535554409e+00 -1.6207969189e+00 1.8947160244e+00 2.1972715855e+00 1.5496164560e+00 1.3562093973e+00 1.4088969231e+00 1.3578982353e+00 1.5305424929e+00 1.3562093973e+00 -7.5068640709e-01 -1.3726943731e+00 -1.4259650707e+00 -1.3743629456e+00 2.0773018897e-01 1.4277527332e+00 -1.4588497877e+00 -1.3966299295e+00 -7.8263694048e-01 1.4884564281e-01 1.7411546707e+00 2.0301458836e+00 5.4175150394e-01 5.4087662697e-01 -5.2865970135e-01 -4.7269472480e-01 7.2149425745e-01 1.0589323044e+00 -4.1006991267e-01 9.5667827129e-01
-1.2683770061e-01 -1.0356899500e+00 -1.0962755680e+00 -1.0986008644e+00 -1.1716415882e+00 -1.2919443846e+00 -1.3075684309e+00 -1.3178323507e+00 -1.2894275188e+00 -1.4120423794e+00 -1.4167464972e+00 -5.7592824101e-02 5.3839445114e-01 1.1369561777e-02 6.5118247271e-01 1.0803421736e+00 1.0921013355e-01 1.1445546150e-01 -2.7757337689e-01 1.1455267668e+00 5.9972353280e-02 5.9178195894e-02 -2.5688543916e-01 -6.5454423428e-01 -6.8991750479e-01 -7.1152937412e-01 -6.9580811262e-01 -3.6400619149e-01 3.7464949489e-01 -1.6866017878e-01 -3.9385467768e-01 -1.6090747714e-01 -1.0952386856e+00 -1.2211444378e+00 -1.4008740187e+00 -1.3632756472e+00 -1.8233336210e+00 -1.1105058193e+00 -1.2097241879e+00 -1.3238371611e+00 -1.4163166285e+00 6.3484805822e-01 2.3388358951e-01 1.2306629419e+00 1.0734055042e+00 1.2495054007e+00 -1.7248775959e+00 1.8292819262e+00 2.0832507610e+00 1.5006603003e+00 1.2256729603e+00 1.3348970413e+00 1.1895955801e+00 1.0341684818e+00 1.2256730795e+00 -7.6523470879e-01 -1.3258349895e+00 -1.4008740187e+00 -1.3728425503e+00 2.9517772794e-01 1.2099450827e+00 -1.4341945648e+00 -1.3673568964e+00 -8.0951422453e-01 -1.1734595150e-01 1.7583346367e+00 2.0290596485e+00 -5.7592824101e-02 -4.9882035702e-02 -5.1285725832e-01 -5.0698667765e-01 -2.2387690842e-02 1.1622930765e+00 -3.2508847117e-01 9.8415368795e-01
-1.2683770061e-01 -1.0418859720e+00 -1.0353908539e+00 -1.0965366364e+00 -1.1003820896e+00 -1.1740703583e+00 -1.2982407808e+00 -1.3054269552e+00 -1.3194237947e+00 -1.2890260220e+00 -1.4095236063e+00 5.1967537403e-01 -5.8699034154e-02 5.3820776939e-01 2.1898191422e-02 6.4486414194e-01 1.1289048195e+00 8.5796371102e-02 1.1506011337e-01 -2.8076401353e-01 1.1494127512e+00 5.9113413095e-02 -7.8718739748e-01 -2.5544461608e-01 -6.5049493313e-01 -6.8938952684e-01 -7.1912145615e-01 -6.9510477781e-01 -3.6035132408e-01 3.6377939582e-01 -1.7747506499e-01 -3.8423901796e-01 -1.0576384068e+00 -1.1786633730e+00 -1.3722361326e+00 -1.3602145910e+00 -1.8160778284e+00 -1.0713126659e+00 -1.1724674702e+00 -1.2955873013e+00 -1.4033100605e+00 7.3295569420e-01 3.4618547559e-01 1.2161545753e+00 1.2167291641e+00 1.2357809544e+00 -1.8077489138e+00 2.0696728230e+00 2.2481665611e+00 1.7550814152e+00 1.4408265352e+00 1.4372060299e+00 1.1673095226e+00 1.1973394156e+00 1.4408265352e+00 -7.9511624575e-01 -1.2744923830e+00 -1.3722361326e+00 -1.3689708710e+00 3.8565447927e-01 1.2499084473e+00 -1.4060448408e+00 -1.3381729126e+00 -7.8363788128e-01 -1.4401790500e-01 2.0692255497e+00 2.0390028954e+00 5.1967537403e-01 5.1920515299e-01 -5.2406919003e-01 -5.1023608446e-01 1.3591188192e+00 1.2018644810e+00 -2.3226669431e-01 1.0490322113e+00
-1.2683770061e-01 -9.8302131891e-01 -1.0415822268e+00 -1.0356345177e+00 -1.0983169079e+00 -1.1027251482e+00 -1.1800857782e+00 -1.2961235046e+00 -1.3070112467e+00 -1.3190047741e+00 -1.2867345810e+00 3.0661910772e-01 5.1640123129e-01 -6.2147539109e-02 5.5214661360e-01 2.0451685414e-02 6.8177437782e-01 1.0809271336e+00 8.6106829345e-02 1.0973080248e-01 -2.8579932451e-01 1.1452239752e+00 -8.3959490061e-01 -7.8789913654e-01 -2.5372469425e-01 -6.4961367846e-01 -6.9678479433e-01 -7.1819591522e-01 -6.9707524776e-01 -3.5945454240e-01 3.5807612538e-01 -1.7056483030e-01 -1.0273088217e+00 -1.1450759172e+00 -1.3398925066e+00 -1.3580566645e+00 -1.8083311319e+00 -1.0333710909e+00 -1.1354788542e+00 -1.2665585279e+00 -1.3893188238e+00 8.2394182682e-01 4.5585572720e-01 1.1878623962e+00 1.3764586449e+00 1.3777593374e+00 -1.8811367750e+00 2.2017352581e+00 2.3301205635e+00 1.8987938166e+00 1.4580712318e+00 1.4735386372e+00 1.1366597414e+00 1.2734111547e+00 1.4580712318e+00 -8.2988107204e-01 -1.2273472548e+00 -1.3398925066e+00 -1.3537772894e+00 4.4341653585e-01 1.2108598948e+00 -1.3761388063e+00 -1.3071140051e+00 -7.6338541508e-01 2.7574145794e-01 2.0249993801e+00 2.0436108112e+00 3.0661910772e-01 3.0970785022e-01 -6.5939611197e-01 -5.4563242197e-01 1.4957460165e+00 1.1960260868e+00 -1.2292291969e-01 1.1027766466e+00
-1.2683770061e-01 -9.4790947437e-01 -9.8276185989e-01 -1.0418276787e+00 -1.0373847485e+00 -1.1006574631e+00 -1.1085705757e+00 -1.1782751083e+00 -1.2977024317e+00 -1.3065994978e+00 -1.3166580200e+00 -4.0115445852e-01 3.0414509773e-01 5.1609438658e-01 -5.2094779909e-02 5.4659503698e-01 4.0653884411e-02 6.4456778765e-01 1.0914528370e+00 8.0935232341e-02 1.0713798553e-01 -2.8560146689e-01 -1.1340630054e+00 -8.4051930904e-01 -7.8307151794e-01 -2.4928723276e-01 -6.5665531158e-01 -6.9607222080e-01 -7.2055864334e-01 -6.9078767300e-01 -3.6938440800e-01 3.5829031467e-01 -1.0065345764e+00 -1.1130580902e+00 -1.3101966381e+00 -1.3572200537e+00 -1.8011640310e+00 -1.0233640671e+00 -1.1136349440e+00 -1.2447834015e+00 -1.3778111935e+00 8.5787719488e-01 5.5098760128e-01 1.0315617323e+00 1.4127409458e+00 9.6612989902e-01 -1.5136247873e+00 1.7041965723e+00 1.5045980215e+00 1.5252031088e+00 1.1392288208e+00 1.4427052736e+00 8.8263106346e-01 1.1264767647e+00 1.1392288208e+00 -8.0719506741e-01 -1.1982209682e+00 -1.3101966381e+00 -1.3256946802e+00 4.3926221132e-01 9.3639707565e-01 -1.3461627960e+00 -1.2794852257e+00 -7.9253685474e-01 4.9496588111e-01 1.5578739643e+00 2.0350646973e+00 -4.0115445852e-01 -3.9078921080e-01 -6.2401306629e-01 -5.0845205784e-01 3.8144996762e-01 1.1612123251e+00 -1.8551196903e-02 1.0408166647e+00
-1.2683770061e-01 -9.9334913492e-01 -9.4767642021e-01 -9.8299044371e-01 -1.0435808897e+00 -1.0396519899e+00 -1.1064980030e+00 -1.1069455147e+00 -1.1797864437e+00 -1.2972961664e+00 -1.3042757511e+00 4.4364863634e-01 -4.0097039938e-01 3.0267873406e-01 5.2989006042e-01 -5.2968453616e-02 5.8087569475e-01 1.8891600892e-02 6.5061414242e-01 1.0808049440e+00 7.8162297606e-02 1.0613489151e-01 -6.6812121868e-01 -1.1361829042e+00 -8.3538460732e-01 -7.8337848186e-01 -2.5276964903e-01 -6.5632522106e-01 -6.9805902243e-01 -7.1389514208e-01 -7.0265388489e-01 -3.6007472873e-01 -9.8783820868e-01 -1.0771684647e+00 -1.2772705555e+00 -1.3560750484e+00 -1.7940026522e+00 -9.9966812134e-01 -1.0863867998e+00 -1.2200838327e+00 -1.3646001816e+00 9.0686178207e-01 6.3776832819e-01 9.4178044796e-01 1.4601205587e+00 8.2232522964e-01 -1.6333712339e+00 1.9217633009e+00 1.7404344082e+00 1.7430847883e+00 1.4580712318e+00 1.4488559961e+00 8.6871498823e-01 9.1164499521e-01 1.4580712318e+00 -8.1302785873e-01 -1.1694606543e+00 -1.2772705555e+00 -1.2910300493e+00 4.2058274150e-01 1.0121916533e+00 -1.3153265715e+00 -1.2477021217e+00 -7.7162909508e-01 7.3868793249e-01 1.4945482016e+00 2.0419294834e+00 4.4364863634e-01 4.4452050328e-01 -6.2733781338e-01 -5.2028560638e-01 1.4957460165e+00 1.1045587063e+00 9.6414603293e-02 1.0389486551e+00
-1.2683770061e-01 -9.4274556637e-01 -9.9308186769e-01 -9.4789487123e-01 -9.8471468687e-01 -1.0458556414e+00 -1.0453472137e+00 -1.1048783064e+00 -1.1084159613e+00 -1.1794488430e+00 -1.2949895859e+00 8.8433235884e-01 4.4065999985e-01 -4.0628868341e-01 3.1509301066e-01 5.2451086044e-01 -3.4730821848e-02 5.4609978199e-01 1.8515279517e-02 6.4236760139e-01 1.0842862129e+00 7.7247761190e-02 -1.0997515917e+00 -6.6834968328e-01 -1.1293225288e+00 -8.3616048098e-01 -7.9160940647e-01 -2.5628980994e-01 -6.5763676167e-01 -6.9175577164e-01 -7.2589641809e-01 -6.8917733431e-01 -9.4753801823e-01 -1.0319666862e+00 -1.2415401936e+00 -1.3525075912e+00 -1.7862993479e+00 -9.4982212782e-01 -1.0453420877e+00 -1.1877377033e+00 -1.3475972414e+00 9.9876111746e-01 7.2722077370e-01 9.7050279379e-01 1.5985270739e+00 1.7186683416e+00 -1.7641396523e+00 2.2888088226e+00 2.0735988617e+00 2.1318111420e+00 1.4229570627e+00 1.4363313913e+00 1.1034041643e+00 1.2736927271e+00 1.4229573011e+00 -7.9973226786e-01 -1.1248043776e+00 -1.2415401936e+00 -1.2668330669e+00 4.5393297076e-01 1.2244389057e+00 -1.2801873684e+00 -1.2123310566e+00 -7.2380173206e-01 9.7948306799e-01 1.5572164059e+00 2.0731387138e+00 8.8433235884e-01 8.7631881237e-01 -5.8372193575e-01 -4.9211692810e-01 1.2406747341e+00 1.1263980865e+00 2.1310149133e-01 1.1407802105e+00
-1.2683770061e-01 -8.4154009819e-01 -9.4251638651e-01 -9.9331337214e-01 -9.4960182905e-01 -9.8691862822e-01 -1.0515656471e+00 -1.0438861847e+00 -1.1063475609e+00 -1.1081199646e+00 -1.1773600578e+00 6.1411309242e-01 8.7968868017e-01 4.3993940949e-01 -3.9846351743e-01 3.1137666106e-01 5.5820059776e-01 -5.4677125067e-02 5.5113530159e-01 1.3711851090e-02 6.4310640097e-01 1.0802965164e+00 3.0973395705e-01 -1.1017321348e+00 -6.6421979666e-01 -1.1327328682e+00 -8.4486061335e-01 -7.8999280930e-01 -2.5080487132e-01 -6.5198063850e-01 -7.0362764597e-01 -7.1212923527e-01 -9.0474390984e-01 -9.9147331715e-01 -1.2031620741e+00 -1.3460555077e+00 -1.7779153585e+00 -8.9261806011e-01 -9.9855762720e-01 -1.1514326334e+00 -1.3282269239e+00 1.1044851542e+00 8.2182323933e-01 1.0258712769e+00 1.7723462582e+00 2.1514782906e+00 -1.8587913513e+00 2.5020060539e+00 2.2350573540e+00 2.3718335629e+00 1.4580712318e+00 1.5500578880e+00 1.1659456491e+00 1.4322683811e+00 1.4580712318e+00 -8.1428575516e-01 -1.0739290714e+00 -1.2031620741e+00 -1.2437491417e+00 5.0094127655e-01 1.3001706600e+00 -1.2426606417e+00 -1.1768887043e+00 -6.8285399675e-01 1.4514786005e+00 1.5754977465e+00 2.0917184353e+00 6.1411309242e-01 6.1186474562e-01 -6.8052798510e-01 -4.8668110371e-01 1.4957460165e+00 1.1478050947e+00 3.2932940125e-01 1.2620416880e+00
-1.2683770061e-01 -7.7028262615e-01 -8.4138703346e-01 -9.4273340702e-01 -9.9504274130e-01 -9.5176357031e-01 -9.9248808622e-01 -1.0500884056e+00 -1.0453205109e+00 -1.1060527563e+00 -1.1061629057e+00 1.1253807694e-01 6.1048430204e-01 8.8136643171e-01 4.5324215293e-01 -3.9665570855e-01 3.3936342597e-01 5.2397090197e-01 -5.5808641016e-02 5.4343068600e-01 1.0518440977e-02 6.4046525955e-01 -5.0473500043e-02 3.1347477436e-01 -1.0950729847e+00 -6.6346156597e-01 -1.1440696716e+00 -8.4273642302e-01 -7.9357534647e-01 -2.5166183710e-01 -6.6362005472e-01 -6.9013887644e-01 -8.6631226540e-01 -9.5683938265e-01 -1.1610788107e+00 -1.3389431238e+00 -1.7698268890e+00 -8.4996563196e-01 -9.5779228210e-01 -1.1172581911e+00 -1.3090440035e+00 1.1836260557e+00 9.1475260258e-01 1.0078830719e+00 1.9432221651e+00 1.9634529352e+00 -1.9493596554e+00 2.5401175022e+00 2.2628540993e+00 2.4153850079e+00 1.4529300928e+00 1.5482240915e+00 1.1048753262e+00 1.4417953491e+00 1.4529300928e+00 -8.2662981749e-01 -1.0416581631e+00 -1.1610788107e+00 -1.1949642897e+00 4.5942392945e-01 1.2291909456e+00 -1.2033774853e+00 -1.1376636028e+00 -6.6090869904e-01 1.8820894957e+00 2.2301018238e+00 2.0935781002e+00 1.1253807694e-01 1.1832028627e-01 -6.9377678633e-01 -5.5630755424e-01 1.4568581581e+00 1.1359121799e+00 4.5664849877e-01 1.3141490221e+00
-1.2683770061e-01 -7.5685763359e-01 -7.7018308640e-01 -8.4157502651e-01 -9.4443780184e-01 -9.9725908041e-01 -9.5724928379e-01 -9.9116426706e-01 -1.0515263081e+00 -1.0450612307e+00 -1.1040996313e+00 -1.5304969251e-01 1.1079293489e-01 6.1069142818e-01 8.9752650261e-01 4.4845631719e-01 -3.8761442900e-01 3.1040534377e-01 5.2877926826e-01 -6.0207221657e-02 5.4355067015e-01 9.8106516525e-03 -1.0454217196e+00 -4.8194810748e-02 3.1187424064e-01 -1.0981762409e+00 -6.7062628269e-01 -1.1390931606e+00 -8.4721505642e-01 -7.8574293852e-01 -2.6096177101e-01 -6.5063148737e-01 -8.2227247953e-01 -9.2419403791e-01 -1.1281528473e+00 -1.3325347900e+00 -1.7620291710e+00 -8.2743704319e-01 -9.2769157887e-01 -1.0880742073e+00 -1.2913608551e+00 1.2216404676e+00 9.9738061428e-01 8.9713495970e-01 2.1258656979e+00 1.9776531458e+00 -2.0521066189e+00 2.3439376354e+00 1.9581108093e+00 2.2649557590e+00 1.1714546680e+00 1.4585169554e+00 1.0473352671e+00 1.0568553209e+00 1.1714545488e+00 -8.1704086065e-01 -1.0059847832e+00 -1.1281528473e+00 -1.1672004461e+00 4.6810337901e-01 1.0420713425e+00 -1.1705034971e+00 -1.0995874405e+00 -6.7892527580e-01 1.5479958057e+00 2.7508318424e+00 2.0915846825e+00 -1.5304969251e-01 -1.4443454146e-01 -6.6486877203e-01 -6.7805135250e-01 -2.2583937645e-01 1.1847815514e+00 5.5333304405e-01 1.2816282511e+00
-1.2683770061e-01 -7.7441358566e-01 -7.5676816702e-01 -7.7035069466e-01 -8.4322953224e-01 -9.4659334421e-01 -1.0028532743e+00 -9.5601683855e-01 -9.9256831408e-01 -1.0512634516e+00 -1.0432207584e+00 -5.4346328974e-01 -1.5379740298e-01 1.0827034712e-01 6.2509942055e-01 8.8930112123e-01 4.8011100292e-01 -3.9905995131e-01 3.1302145123e-01 5.2119636536e-01 -6.3862994313e-02 5.4121369123e-01 -1.2511231899e+00 -1.0471817255e+00 -4.7684472054e-02 3.2138097286e-01 -1.1092058420e+00 -6.7016303539e-01 -1.1486068964e+00 -8.3852386475e-01 -7.9816406965e-01 -2.5300770998e-01 -8.0108302832e-01 -9.0410417318e-01 -1.0984569788e+00 -1.3275804520e+00 -1.7545145750e+00 -8.3361190557e-01 -9.1473555565e-01 -1.0678919554e+00 -1.2770546675e+00 1.1985497475e+00 1.0584508181e+00 6.6537004709e-01 2.2269117832e+00 1.5566276312e+00 -1.8573563099e+00 1.6774343252e+00 9.8354160786e-01 1.7447302341e+00 7.7652800083e-01 1.2154203653e+00 8.3778315783e-01 6.9011574984e-01 7.7652800083e-01 -8.0696696043e-01 -9.9058645964e-01 -1.0984569788e+00 -1.1254150867e+00 4.1035532951e-01 7.4376052618e-01 -1.1408441067e+00 -1.0699437857e+00 -7.0307046175e-01 1.7099874020e+00 2.3329613209e+00 2.0819783211e+00 -5.4346328974e-01 -5.3248733282e-01 -5.5791193247e-01 -6.1654382944e-01 -1.2820276022e+00 1.1516972780e+00 6.4340108633e-01 1.1385753155e+00
-1.2683770061e-01 -8.3740913868e-01 -7.7431094646e-01 -7.5693196058e-01 -7.7197003365e-01 -8.4526330233e-01 -9.5206671953e-01 -1.0015025139e+00 -9.5740073919e-01 -9.9233973026e-01 -1.0494115353e+00 -9.1995462775e-02 -5.4274475574e-01 -1.5776541829e-01 1.1942620575e-01 6.1898308992e-01 9.3275195360e-01 4.4776242971e-01 -4.0372660756e-01 3.0661383271e-01 5.2117729187e-01 -6.4343445003e-02 -9.3024224043e-01 -1.2537181377e+00 -1.0408408642e+00 -4.1400369257e-02 3.2297226787e-01 -1.1045616865e+00 -6.7170971632e-01 -1.1350905895e+00 -8.5125350952e-01 -7.8349328041e-01 -8.0232959986e-01 -8.8443267345e-01 -1.0696599483e+00 -1.3228243589e+00 -1.7465339899e+00 -8.4120231867e-01 -9.0604758263e-01 -1.0506526232e+00 -1.2637486458e+00 1.1608241796e+00 1.0990854502e+00 4.4566932321e-01 2.2386617661e+00 1.2605284452e+00 -1.5742651224e+00 1.5728346109e+00 8.3797597885e-01 1.6619215012e+00 5.6617867947e-01 8.9912897348e-01 6.5851783752e-01 6.5697526932e-01 5.6617856026e-01 -8.2685160637e-01 -9.8446387053e-01 -1.0696599483e+00 -1.0761023760e+00 3.2047843933e-01 6.4204949141e-01 -1.1146430969e+00 -1.0417664051e+00 -7.3245090246e-01 2.1448123455e+00 1.8394939899e+00 2.0800473690e+00 -9.1995462775e-02 -8.3943977952e-02 -5.5451440811e-01 -6.0813170671e-01 -9.8311826587e-02 1.0288758278e+00 7.3090666533e-01 1.0035405159e+00
-1.2683770061e-01 -8.4773612022e-01 -8.3725917339e-01 -7.7447974682e-01 -7.5854468346e-01 -7.7391815186e-01 -8.5049521923e-01 -9.5084774494e-01 -1.0029125214e+00 -9.5719265938e-01 -9.9059677124e-01 5.7879936695e-01 -9.2972464859e-02 -5.4883754253e-01 -1.4833159745e-01 1.1722466350e-01 6.5520077944e-01 8.8949948549e-01 4.5178848505e-01 -4.0623006225e-01 3.0525252223e-01 5.1890873909e-01 -6.5612685680e-01 -9.3153470755e-01 -1.2461718321e+00 -1.0434581041e+00 -4.3034497648e-02 3.1396362185e-01 -1.1134886742e+00 -6.6582828760e-01 -1.1495534182e+00 -8.3591896296e-01 -8.0440658331e-01 -8.6392450333e-01 -1.0377929211e+00 -1.3175389767e+00 -1.7378207445e+00 -8.2367962599e-01 -8.8650310040e-01 -1.0284230709e+00 -1.2481061220e+00 1.1605570316e+00 1.1315348148e+00 3.5767173767e-01 2.2784228325e+00 1.2909742594e+00 -1.6987020969e+00 1.8683384657e+00 1.2819275856e+00 1.9351235628e+00 9.4298720360e-01 8.1763809919e-01 7.3076105118e-01 6.6826367378e-01 9.4298726320e-01 -8.2426357269e-01 -9.7666150331e-01 -1.0377929211e+00 -1.0225582123e+00 2.2573901713e-01 8.3418238163e-01 -1.0849660635e+00 -1.0132709742e+00 -7.1535933018e-01 2.7208380699e+00 1.8014370203e+00 2.0873584747e+00 5.7879936695e-01 5.7723033428e-01 -5.4562008381e-01 -6.0228371620e-01 1.3600786924e+00 8.9005279541e-01 8.2766777277e-01 9.8078525066e-01
-1.2683770061e-01 -7.8060960770e-01 -8.4757840633e-01 -8.3744603395e-01 -7.7610111237e-01 -7.6047664881e-01 -7.7898007631e-01 -8.4953981638e-01 -9.5222866535e-01 -1.0026779175e+00 -9.5551460981e-01 -2.7770382166e-01 5.7530313730e-01 -9.6608191729e-02 -5.4193508625e-01 -1.4846020937e-01 1.4001630247e-01 6.1863434315e-01 8.9806008339e-01 4.4462499022e-01 -4.1205015779e-01 3.0364391208e-01 -1.2995604277e+00 -6.5630662441e-01 -9.2586880922e-01 -1.2506294250e+00 -1.0540012121e+00 -4.8554021865e-02 3.2913699746e-01 -1.1005345583e+00 -6.7754864693e-01 -1.1304892302e+00 -8.1562459469e-01 -8.5021781921e-01 -1.0138665438e+00 -1.3129593134e+00 -1.7296514511e+00 -8.2276827097e-01 -8.7644386292e-01 -1.0114740133e+00 -1.2344399691e+00 1.1275671721e+00 1.1503047943e+00 2.1060615778e-01 2.3172266483e+00 1.0461565256e+00 -1.7884455919e+00 1.5389751196e+00 8.1657159328e-01 1.6744080782e+00 6.3562399149e-01 7.6737976074e-01 6.6056108475e-01 6.0059124231e-01 6.3562405109e-01 -8.4759014845e-01 -9.6705162525e-01 -1.0138665438e+00 -9.8610037565e-01 1.6958697140e-01 6.3463717699e-01 -1.0643494129e+00 -9.8435151577e-01 -7.3258662224e-01 2.6854612827e+00 1.4473642111e+00 2.0838727951e+00 -2.7770382166e-01 -2.6810073853e-01 -5.1574486494e-01 -6.5696853399e-01 -1.4260064065e-01 7.4560767412e-01 8.9819234610e-01 8.9443528652e-01
-1.2683770061e-01 -8.1262427568e-01 -7.8050231934e-01 -8.4776818752e-01 -8.3909845352e-01 -7.7805417776e-01 -7.6550650597e-01 -7.7821022272e-01 -8.5086268187e-01 -9.5202362537e-01 -1.0009157658e+00 -5.3707861900e-01 -2.7798342705e-01 5.7531809807e-01 -8.6778499186e-02 -5.3901654482e-01 -1.3277776539e-01 1.1586043239e-01 6.2441450357e-01 8.8846564293e-01 4.4412696362e-01 -4.1146641970e-01 -1.2924556732e+00 -1.3023519516e+00 -6.5224707127e-01 -9.2745560408e-01 -1.2630144358e+00 -1.0498832464e+00 -3.9539717138e-02 3.1899553537e-01 -1.1147955656e+00 -6.6438591480e-01 -8.3577507734e-01 -8.3818519115e-01 -9.9158149958e-01 -1.3101402521e+00 -1.7216323614e+00 -8.4300667048e-01 -8.7969309092e-01 -1.0022605658e+00 -1.2239488363e+00 1.0505652428e+00 1.1485396624e+00 -1.0164772160e-02 2.2603738308e+00 7.5661176443e-01 -1.4771584272e+00 9.4994378090e-01 5.6041985750e-02 1.1955603361e+00 8.1887044013e-02 5.9464001656e-01 4.3032598495e-01 2.7933764458e-01 8.1887044013e-02 -8.5872519016e-01 -9.7614830732e-01 -9.9158149958e-01 -9.3412864208e-01 4.8013534397e-02 3.1434673071e-01 -1.0435405970e+00 -9.5841962099e-01 -7.6170843840e-01 2.5154159069e+00 8.8050943613e-01 2.0724229813e+00 -5.3707861900e-01 -5.2612388134e-01 -4.8621469736e-01 -6.2431573868e-01 -1.1807061434e+00 5.7067322731e-01 9.6890819073e-01 7.3258167505e-01
-1.2683770061e-01 -8.7458688021e-01 -8.1249290705e-01 -7.8067290783e-01 -8.4942573309e-01 -8.4112727642e-01 -7.8312593699e-01 -7.6477164030e-01 -7.7949219942e-01 -8.5071665049e-01 -9.5035511255e-01 3.8326984644e-01 -5.3638410568e-01 -2.8262981772e-01 5.8949714899e-01 -8.7383665144e-02 -5.3378456831e-01 -1.5036216378e-01 1.1647950113e-01 6.1631065607e-01 8.9074379206e-01 4.4209387898e-01 -6.6966754198e-01 -1.2952184677e+00 -1.2945218086e+00 -6.5138149261e-01 -9.3696737289e-01 -1.2569040060e+00 -1.0578813553e+00 -4.3778896332e-02 3.1303057075e-01 -1.0961658955e+00 -8.3432090282e-01 -8.2677996159e-01 -9.6765434742e-01 -1.3057360649e+00 -1.7139732838e+00 -8.4155935049e-01 -8.7412434816e-01 -9.8953694105e-01 -1.2119774818e+00 1.0065571070e+00 1.1375367641e+00 -1.0947810113e-01 2.2075819969e+00 5.4456228018e-01 -1.5679532290e+00 1.1879386902e+00 4.5490568876e-01 1.3974825144e+00 4.0284097195e-01 4.0197789669e-01 4.4945919514e-01 3.0236229300e-01 4.0284109116e-01 -8.9128518105e-01 -9.8767077923e-01 -9.6765434742e-01 -8.7657833099e-01 -8.8527582586e-02 4.7107791901e-01 -1.0223973989e+00 -9.2928814888e-01 -7.2947204113e-01 2.3682434559e+00 9.1868072748e-01 2.0815753937e+00 3.8326984644e-01 3.8515061140e-01 -4.9322220683e-01 -6.2171870470e-01 4.1404521465e-01 4.7898948193e-01 1.0400446653e+00 6.7199248075e-01
-1.2683770061e-01 -8.3018016815e-01 -8.7440896034e-01 -8.1267261505e-01 -7.8229731321e-01 -8.5146695375e-01 -8.4634935856e-01 -7.8234535456e-01 -7.6604592800e-01 -7.7938777208e-01 -8.4923541546e-01 -5.8286094666e-01 3.8050797582e-01 -5.4244208336e-01 -2.7400422096e-01 5.8365637064e-01 -7.0066913962e-02 -5.4170894623e-01 -1.5247589350e-01 1.1114245653e-01 6.1688649654e-01 8.8734573126e-01 -5.0659418106e-01 -6.6990226507e-01 -1.2874299288e+00 -1.2994127274e+00 -6.5843880177e-01 -9.3396514654e-01 -1.2684193850e+00 -1.0458174944e+00 -5.1863964647e-02 3.1380796432e-01 -8.4429240227e-01 -8.3243030310e-01 -9.4764542580e-01 -1.3045693636e+00 -1.7069514990e+00 -8.6317819357e-01 -8.8200461864e-01 -9.8465687037e-01 -1.2033344507e+00 9.1906857491e-01 1.1096678972e+00 -2.9080176353e-01 2.0536777973e+00 2.3781161010e-01 -1.2198705673e+00 6.0385268927e-01 -2.5181108713e-01 9.0830463171e-01 -2.3225153983e-01 9.2419274151e-02 2.0014098287e-01 2.4717080593e-01 -2.3225153983e-01 -8.8292586803e-01 -1.0163921118e+00 -9.4764542580e-01 -8.0940055847e-01 -2.7528333664e-01 4.1259933263e-02 -1.0026938915e+00 -9.0669739246e-01 -7.5435876846e-01 2.1768484116e+00 4.6761891246e-01 2.0709526539e+00 -5.8286094666e-01 -5.7176685333e-01 -5.6570160389e-01 -5.6454062462e-01 -1.1554354429e+00 3.5573512316e-01 1.1082744598e+00 5.2586126328e-01
-1.2683770061e-01 -8.9730674028e-01 -8.3003568649e-01 -8.7460643053e-01 -8.1431287527e-01 -7.8425782919e-01 -8.5671365261e-01 -8.4540468454e-01 -7.8362965584e-01 -7.6594930887e-01 -7.7803832293e-01 3.1235596538e-01 -5.8199453354e-01 3.7945878506e-01 -5.3549826145e-01 -2.7315992117e-01 6.1892879009e-01 -8.9161984622e-02 -5.4783987999e-01 -1.5634791553e-01 1.0855847597e-01 6.1432540417e-01 -8.9141720533e-01 -5.0616693497e-01 -6.6576337814e-01 -1.2922573090e+00 -1.3122315407e+00 -6.5809172392e-01 -9.3999379873e-01 -1.2529848814e+00 -1.0597586632e+00 -4.6524260193e-02 -8.6049568653e-01 -8.4163779020e-01 -9.3181729317e-01 -1.3024559021e+00 -1.6990333796e+00 -8.6543029547e-01 -8.8175570965e-01 -9.7667104006e-01 -1.1934918165e+00 8.6317080259e-01 1.0751910210e+00 -3.6184498668e-01 1.9107664824e+00 6.0562472790e-02 -1.3188079596e+00 8.1381618977e-01 9.8395831883e-02 1.0815210342e+00 1.0972647369e-01 1.0234914720e-01 1.5882045031e-01 2.0786814392e-01 1.0972647369e-01 -9.1843545437e-01 -1.0296489000e+00 -9.3181729317e-01 -7.6570618153e-01 -3.8616204262e-01 2.0402987301e-01 -9.8852264881e-01 -8.8649284840e-01 -7.3439288139e-01 2.0137705803e+00 4.6730089188e-01 2.0755796432e+00 3.1235596538e-01 3.1535711884e-01 -6.3356995583e-01 -6.4600211382e-01 7.8118574619e-01 2.2361536324e-01 1.1581083536e+00 4.7031533718e-01
-1.2683770061e-01 -8.6116111279e-01 -8.9711171389e-01 -8.3022040129e-01 -8.7627720833e-01 -8.1631189585e-01 -7.8934437037e-01 -8.5574215651e-01 -8.4672516584e-01 -7.8352284431e-01 -7.6462465525e-01 3.0198782682e-01 3.0986040831e-01 -5.8830171824e-01 3.9237004519e-01 -5.3262954950e-01 -2.6081416011e-01 5.8323615789e-01 -9.0647496283e-02 -5.4955834150e-01 -1.6060505807e-01 1.0755103081e-01 -1.1490664482e+00 -8.9255207777e-01 -5.0298368931e-01 -6.6501891613e-01 -1.3050124645e+00 -1.3056519032e+00 -6.5943330526e-01 -9.2981719971e-01 -1.2681367397e+00 -1.0418171883e+00 -8.6319637299e-01 -8.4864842892e-01 -9.1784286499e-01 -1.2985355854e+00 -1.6914061308e+00 -8.5511869192e-01 -8.7504684925e-01 -9.6597671509e-01 -1.1825387478e+00 8.3201342821e-01 1.0408191681e+00 -3.6071398854e-01 1.8261253834e+00 3.0676096678e-01 -1.4168218374e+00 1.0099766254e+00 4.1281604767e-01 1.2453892231e+00 3.4863933921e-01 8.3016261458e-02 3.2324430346e-01 3.4937072545e-02 3.4863933921e-01 -9.5023977757e-01 -1.0340652466e+00 -9.1784286499e-01 -7.3440170288e-01 -4.5586797595e-01 3.9626300335e-01 -9.7552818060e-01 -8.6991184950e-01 -7.1356105804e-01 1.8831193447e+00 9.3547195196e-01 2.0802485943e+00 3.0198782682e-01 3.0514696240e-01 -6.1045426130e-01 -6.7057096958e-01 9.0134459734e-01 1.5528525412e-01 1.1949770451e+00 4.6979480982e-01
-1.2683770061e-01 -8.2604926825e-01 -8.6099332571e-01 -8.9731568098e-01 -8.3186930418e-01 -8.7835079432e-01 -8.2147479057e-01 -7.8854769468e-01 -8.5706853867e-01 -8.4658157825e-01 -7.8216576576e-01 -6.3609570265e-01 2.9953122139e-01 3.0842527747e-01 -5.8165466785e-01 3.8805544376e-01 -5.2722662687e-01 -2.7531424165e-01 5.8865296841e-01 -9.4856306911e-02 -5.5627495050e-01 -1.6078981757e-01 -1.1037218571e+00 -1.1512471437e+00 -8.8711374998e-01 -5.0078028440e-01 -6.7219752073e-01 -1.2985017300e+00 -1.3179954290e+00 -6.5374839306e-01 -9.4308042526e-01 -1.2475898266e+00 -8.6818248034e-01 -8.6130851507e-01 -9.0773260593e-01 -1.2934930325e+00 -1.6841379404e+00 -8.7291169167e-01 -8.8314229250e-01 -9.6354448795e-01 -1.1751388311e+00 7.5270259380e-01 9.9603742361e-01 -4.7263020277e-01 1.6879013777e+00 6.6003710032e-02 -1.2596808672e+00 3.9573970437e-01 -3.4356084466e-01 7.2559952736e-01 -1.5545432568e+00 -3.8862586021e-01 1.3535033911e-02 -3.3469375968e-01 -1.5545432568e+00 -9.6105945110e-01 -1.0488585234e+00 -9.0773260593e-01 -7.0017701387e-01 -5.5040514469e-01 -2.7094045281e-01 -9.6420097351e-01 -8.5978251696e-01 -7.3739409447e-01 1.8309843540e+00 5.2129900455e-01 2.0691421032e+00 -6.3609570265e-01 -6.2487703562e-01 -5.4849833250e-01 -6.1487603188e-01 -1.6498523951e+00 9.3225836754e-02 1.2139849663e+00 3.5806229711e-01
-1.2683770061e-01 -8.9937180281e-01 -8.2590782642e-01 -8.6118692160e-01 -8.9899766445e-01 -8.3388942480e-01 -8.8366150856e-01 -8.2059472799e-01 -7.8983551264e-01 -8.5691887140e-01 -8.4510797262e-01 2.3141050339e-01 -6.3502937555e-01 2.9803964496e-01 3.2087674737e-01 -5.7842868567e-01 4.1809394956e-01 -5.3530901670e-01 -2.7871063352e-01 5.8074390888e-01 -9.8728805780e-02 -5.5525040627e-01 -9.4658297300e-01 -1.1057184935e+00 -1.1442990303e+00 -8.8835316896e-01 -5.0649869442e-01 -6.7171931267e-01 -1.3107236624e+00 -1.3017673492e+00 -6.6539818048e-01 -9.2659777403e-01 -8.7669897079e-01 -8.6486649513e-01 -8.9936864376e-01 -1.2880103588e+00 -1.6770150661e+00 -8.7574106455e-01 -8.8479137421e-01 -9.5869135857e-01 -1.1668850183e+00 6.9928824902e-01 9.4857132435e-01 -5.0148910284e-01 1.4758595228e+00 -1.5531913936e-01 -9.6831429005e-01 5.6155765057e-01 -7.0370033383e-02 8.5982608795e-01 -8.2866674662e-01 -7.2333699465e-01 -2.0697420835e-01 -2.9992052913e-01 -8.2866680622e-01 -9.7344505787e-01 -1.0567371845e+00 -8.9936864376e-01 -6.7621636391e-01 -6.1182320118e-01 -1.0819461197e-01 -9.5601767302e-01 -8.5186380148e-01 -7.1024936438e-01 1.8801254034e+00 -1.6349579394e-01 2.0738162994e+00 2.3141050339e-01 2.3560521007e-01 -5.7532870770e-01 -6.3427019119e-01 1.0590264797e+00 2.3598380387e-02 1.2251527309e+00 3.1621244550e-01
-1.2683770061e-01 -8.7252104282e-01 -8.9917522669e-01 -8.2609140873e-01 -8.6285108328e-01 -9.0109854937e-01 -8.3909422159e-01 -8.8262009621e-01 -8.2190096378e-01 -7.8972506523e-01 -8.5542619228e-01 4.3700590730e-01 2.2921894491e-01 -6.4162623882e-01 3.1042388082e-01 3.1711563468e-01 -5.7425123453e-01 3.8723930717e-01 -5.4137426615e-01 -2.8189504147e-01 5.8109724522e-01 -9.9102690816e-02 -7.7318698168e-01 -9.4794178009e-01 -1.0990360975e+00 -1.1478434801e+00 -8.9751732349e-01 -5.0760000944e-01 -6.7329239845e-01 -1.2946119308e+00 -1.3172042370e+00 -6.5238738060e-01 -8.6153459549e-01 -8.6225050688e-01 -8.8809365034e-01 -1.2762956619e+00 -1.6699047089e+00 -8.6060249805e-01 -8.7676501274e-01 -9.4930142164e-01 -1.1567994356e+00 6.8164312840e-01 9.0675300360e-01 -4.4077056646e-01 1.3750139475e+00 4.4682148099e-01 -1.1074150801e+00 8.5916435719e-01 3.9539214969e-01 1.1046065092e+00 -7.6654456556e-02 -8.7503302097e-01 4.1261532903e-01 -1.2637232244e-01 -7.6654456556e-02 -9.8962509632e-01 -1.0662956238e+00 -8.8809365034e-01 -6.4497566223e-01 -6.9037753344e-01 3.3419537544e-01 -9.4697421789e-01 -8.3830511570e-01 -6.8768066168e-01 1.8956623077e+00 -3.5539624095e-01 2.0811161995e+00 4.3700590730e-01 4.3799123168e-01 -5.3749519587e-01 -6.2349557877e-01 -2.2387690842e-02 4.0681317449e-02 1.2251908779e+00 3.4947669506e-01
-1.2683770061e-01 -8.2191830873e-01 -8.7234467268e-01 -8.9937984943e-01 -8.2773822546e-01 -8.6490845680e-01 -9.0646350384e-01 -8.3816844225e-01 -8.8396191597e-01 -8.2177186012e-01 -7.8835654259e-01 2.4702480435e-01 4.3404221535e-01 2.2734327614e-01 -6.3532435894e-01 3.0674368143e-01 3.4525594115e-01 -5.8120077848e-01 3.9064413309e-01 -5.4312795401e-01 -2.8693747520e-01 5.7864558697e-01 -1.0127819777e+00 -7.7384185791e-01 -9.4218015671e-01 -1.1021748781e+00 -1.1593146324e+00 -8.9489114285e-01 -5.0638478994e-01 -6.6738557816e-01 -1.3100070953e+00 -1.2960438728e+00 -8.4782356024e-01 -8.6350619793e-01 -8.7835329771e-01 -1.2631714344e+00 -1.6630215645e+00 -8.4078246355e-01 -8.6483985186e-01 -9.3794918060e-01 -1.1458787918e+00 6.7864507437e-01 8.7264502048e-01 -3.5787832737e-01 1.3297697306e+00 7.3142856359e-01 -1.2122702599e+00 1.0204234123e+00 6.3346463442e-01 1.2396036386e+00 3.5306677222e-01 -1.9461645186e-01 7.4264276028e-01 1.0938096046e-01 3.5306692123e-01 -1.0221915245e+00 -1.0668586493e+00 -8.7835329771e-01 -6.2566709518e-01 -7.2881340981e-01 6.0464042425e-01 -9.3742108345e-01 -8.2582509518e-01 -6.6080242395e-01 1.5104306936e+00 -3.0209290981e-01 2.0860533714e+00 2.4702480435e-01 2.5099638104e-01 -5.9259694815e-01 -6.3993787766e-01 -4.3196633458e-01 5.7979874313e-02 1.2147880793e+00 3.9810812473e-01
-1.2683770061e-01 -7.9300242662e-01 -8.2177990675e-01 -8.7254154682e-01 -9.0106278658e-01 -8.2975339890e-01 -8.7018722296e-01 -9.0536290407e-01 -8.3948475122e-01 -8.8379657269e-01 -8.2034403086e-01 1.2174468488e-01 2.4477459490e-01 4.3328547478e-01 2.3926988244e-01 -6.3168287277e-01 3.3460646868e-01 3.1615594029e-01 -5.8773708344e-01 3.8381367922e-01 -5.4980432987e-01 -2.8673610091e-01 -7.8714561462e-01 -1.0144094229e+00 -7.6909631491e-01 -9.4391316175e-01 -1.1132400036e+00 -1.1541928053e+00 -9.0025591850e-01 -5.0315010548e-01 -6.7911505699e-01 -1.2889367342e+00 -8.3826816082e-01 -8.6005359888e-01 -8.6967188120e-01 -1.2513247728e+00 -1.6562201977e+00 -8.2270467281e-01 -8.5240489244e-01 -9.2624962330e-01 -1.1347708702e+00 6.7810446024e-01 8.4524083138e-01 -2.8580668569e-01 1.2961765528e+00 6.3628548384e-01 -1.3017550707e+00 1.1013199091e+00 7.5288134813e-01 1.3072522879e+00 9.1286230087e-01 4.2656144500e-01 7.8735572100e-01 1.7343276739e-01 9.1286224127e-01 -1.0606184006e+00 -1.0635583401e+00 -8.6967188120e-01 -6.1225265265e-01 -7.4855387211e-01 7.1039074659e-01 -9.2874664068e-01 -8.1529033184e-01 -6.2356781960e-01 1.3075903654e+00 -1.0819885135e-01 2.0894608498e+00 1.2174468488e-01 1.2741099298e-01 -6.0721373558e-01 -6.4519667625e-01 2.7476662397e-01 6.2304511666e-02 1.2049973011e+00 4.3520903587e-01
-1.2683770061e-01 -7.7854454517e-01 -7.9288583994e-01 -8.2196235657e-01 -8.7421131134e-01 -9.0316617489e-01 -8.3494836092e-01 -8.6918073893e-01 -9.0671777725e-01 -8.3934533596e-01 -8.8225418329e-01 6.8034940958e-01 1.1996497214e-01 2.4298390746e-01 4.4654515386e-01 2.3614056408e-01 -6.2893044949e-01 3.0576300621e-01 3.1883105636e-01 -5.8923828602e-01 3.8293525577e-01 -5.4879957438e-01 -2.4489107728e-01 -7.8785717487e-01 -1.0082598925e+00 -7.6927804947e-01 -9.5357125998e-01 -1.1085574627e+00 -1.1639630795e+00 -8.9071553946e-01 -5.1391971111e-01 -6.6593277454e-01 -7.9796713591e-01 -8.4226524830e-01 -8.5458523035e-01 -1.2377377748e+00 -1.6489586830e+00 -7.8390032053e-01 -8.2749795914e-01 -9.0780812502e-01 -1.1207119226e+00 7.2023111582e-01 8.3249819279e-01 -1.2818209827e-01 1.3498108387e+00 1.2618485689e+00 -1.4538490772e+00 1.5109677315e+00 1.2987670898e+00 1.6599067450e+00 1.3623771667e+00 9.3984299898e-01 1.5432782173e+00 2.0366904140e-01 1.3623770475e+00 -1.0530277491e+00 -1.0555269718e+00 -8.5458523035e-01 -5.9123325348e-01 -7.7405440807e-01 1.6298402548e+00 -9.1559302807e-01 -7.9950475693e-01 -6.0517835617e-01 1.4223241806e+00 3.0740496516e-01 2.0987010002e+00 6.8034940958e-01 6.7678058147e-01 -6.1623609066e-01 -6.3618505001e-01 1.2132562399e+00 1.6847611964e-01 1.2123022079e+00 5.5082935095e-01
-1.2683770061e-01 -6.9902515411e-01 -7.7843874693e-01 -7.9305994511e-01 -8.2360714674e-01 -8.7628239393e-01 -9.0853607655e-01 -8.3403331041e-01 -8.7051481009e-01 -9.0653920174e-01 -8.3788508177e-01 1.7304497957e-01 6.7647182941e-01 1.1749248952e-01 2.5501176715e-01 4.4181114435e-01 2.6211413741e-01 -6.3456279039e-01 3.0833142996e-01 3.1239178777e-01 -5.9620308876e-01 3.8108921051e-01 -1.2316061258e+00 -2.4340155721e-01 -7.8302979469e-01 -1.0105850697e+00 -7.7738356590e-01 -9.5041072369e-01 -1.1175522804e+00 -1.1502009630e+00 -9.0375024080e-01 -5.0280290842e-01 -7.5891262293e-01 -8.2688456774e-01 -8.4103411436e-01 -1.2222800255e+00 -1.6417347193e+00 -7.5108164549e-01 -8.0329275131e-01 -8.8908308744e-01 -1.1063244343e+00 7.5845015049e-01 8.3063322306e-01 -1.1237723753e-02 1.4970201254e+00 2.1993074417e+00 -1.6280469894e+00 1.6079633236e+00 1.4143118858e+00 1.7461529970e+00 6.2059873343e-01 1.0352675915e+00 2.2436883450e+00 3.3970656991e-01 6.2059891224e-01 -1.0190807581e+00 -1.0384699106e+00 -8.4103411436e-01 -5.8217632771e-01 -7.5962412357e-01 1.6671681404e+00 -8.9848923683e-01 -7.8398460150e-01 -5.8741712570e-01 1.0077513456e+00 7.9733777046e-01 2.1009969711e+00 1.7304497957e-01 1.7804376781e-01 -6.2909120321e-01 -6.4675366879e-01 -1.1712414026e+00 2.7572864294e-01 1.2075597048e+00 6.3174015284e-01
-1.2683770061e-01 -6.7837119102e-01 -6.9897919893e-01 -7.7860873938e-01 -7.9469048977e-01 -8.2561737299e-01 -8.8158822060e-01 -9.0743005276e-01 -8.3534723520e-01 -8.7035733461e-01 -9.0495473146e-01 -1.7792005837e-01 1.7107261717e-01 6.7703944445e-01 1.2870804965e-01 2.5176057220e-01 4.7328802943e-01 2.3501698673e-01 -6.4164686203e-01 3.0194935203e-01 3.1106662750e-01 -5.9505647421e-01 -1.2644966841e+00 -1.2341219187e+00 -2.4175190926e-01 -7.8333640099e-01 -1.0208359957e+00 -7.7590262890e-01 -9.5671874285e-01 -1.1045331955e+00 -1.1647521257e+00 -8.8775932789e-01 -7.3419201374e-01 -8.0679470301e-01 -8.3372902870e-01 -1.2074606419e+00 -1.6348073483e+00 -7.3615139723e-01 -7.8731548786e-01 -8.7418133020e-01 -1.0933812857e+00 7.6730883121e-01 8.3107185364e-01 1.3527824543e-02 1.6015032530e+00 1.8006969690e+00 -1.5879741907e+00 1.3914667368e+00 1.0687307119e+00 1.5759574175e+00 4.2807993293e-01 8.6235284805e-01 1.5659481287e+00 4.4920030236e-01 4.2808005214e-01 -1.0203051567e+00 -1.0223753452e+00 -8.3372902870e-01 -5.8418095112e-01 -7.2576856613e-01 1.2047568560e+00 -8.8886618614e-01 -7.7472186089e-01 -6.3344937563e-01 4.4789366424e-02 1.3298384845e-01 2.0950617790e+00 -1.7792005837e-01 -1.6909031570e-01 -7.3170411587e-01 -7.0816785097e-01 -1.2887865305e+00 3.4881624579e-01 1.1824707985e+00 6.3413047791e-01
-1.2683770061e-01 -6.9902515411e-01 -6.7834079266e-01 -6.9912642241e-01 -7.8023219109e-01 -7.9666590691e-01 -8.3080244064e-01 -8.8055211306e-01 -9.0878611803e-01 -8.3521026373e-01 -8.6883980036e-01 4.3660253286e-01 -1.7857436836e-01 1.6887930036e-01 6.9187688828e-01 1.2643463910e-01 2.7815210819e-01 4.4110381603e-01 2.3685921729e-01 -6.4285439253e-01 3.0055889487e-01 3.0944025517e-01 2.1574316919e-01 -1.2671458721e+00 -1.2266900539e+00 -2.3720715940e-01 -7.9156690836e-01 -1.0170341730e+00 -7.7924579382e-01 -9.4627445936e-01 -1.1188174486e+00 -1.1454977989e+00 -7.0490056276e-01 -7.8513544798e-01 -8.2742959261e-01 -1.1902624369e+00 -1.6277798414e+00 -7.0882606506e-01 -7.6467597485e-01 -8.5559844971e-01 -1.0787465572e+00 7.9832476377e-01 8.3818209171e-01 8.5253544152e-02 1.6002373695e+00 1.2983068228e+00 -1.2689992189e+00 1.6498521566e+00 1.4080736637e+00 1.7999366522e+00 9.0938460827e-01 7.0077723265e-01 1.2797026634e+00 4.6533083916e-01 9.0938442945e-01 -9.8518717289e-01 -9.9932801723e-01 -8.2742959261e-01 -5.9506142139e-01 -6.6197085381e-01 1.5324743986e+00 -8.8126242161e-01 -7.7014350891e-01 -6.0438424349e-01 -1.6833430529e-01 1.4697610401e-02 2.1044542789e+00 4.3660253286e-01 4.3759474158e-01 -7.1897536516e-01 -7.2723817825e-01 1.2349104881e+00 4.4504120946e-01 1.1454875469e+00 6.8536233902e-01
-1.2683770061e-01 -6.4738947153e-01 -6.9897919893e-01 -6.7848205566e-01 -7.0071059465e-01 -7.8219020367e-01 -8.0178201199e-01 -8.2989817858e-01 -8.8189274073e-01 -9.0860635042e-01 -8.3375763893e-01 -7.2503976524e-02 4.3364039063e-01 -1.8267774582e-01 1.8042747676e-01 6.8524354696e-01 1.4947272837e-01 2.5066861510e-01 4.4506153464e-01 2.3086646199e-01 -6.5015453100e-01 2.9896461964e-01 -6.7263484001e-01 2.1910247207e-01 -1.2595212460e+00 -1.2309730053e+00 -2.4058215320e-01 -7.8995078802e-01 -1.0244741440e+00 -7.7164274454e-01 -9.5963382721e-01 -1.1001375914e+00 -6.8017995358e-01 -7.6787078381e-01 -8.2224243879e-01 -1.1720737219e+00 -1.6207762957e+00 -6.9338846207e-01 -7.4768382311e-01 -8.3960068226e-01 -1.0650376081e+00 8.0884432793e-01 8.4616279602e-01 9.4612196088e-02 1.6013752222e+00 1.1424591541e+00 -1.3468004465e+00 1.5587636232e+00 1.2591491938e+00 1.7292581797e+00 8.3237391710e-01 7.7631419897e-01 1.2627508640e+00 6.2193650007e-01 8.3237397671e-01 -1.0309354067e+00 -9.8214006424e-01 -8.2224243879e-01 -6.0223263502e-01 -6.1627250910e-01 1.2741818428e+00 -8.7683719397e-01 -7.6155239344e-01 -6.3328582048e-01 -4.0648189187e-01 5.3501993418e-01 2.1029691696e+00 -7.2503976524e-02 -6.4643479884e-02 -7.0988392830e-01 -7.2611838579e-01 8.7026722729e-02 5.2677828074e-01 1.1010463238e+00 6.8465328217e-01
-1.2683770061e-01 -6.5565139055e-01 -6.4738237858e-01 -6.9912642241e-01 -6.8005603552e-01 -7.0257300138e-01 -7.8727179766e-01 -8.0095303059e-01 -8.3120977879e-01 -8.8172864914e-01 -9.0701806545e-01 1.8087293208e-01 -7.3554188013e-02 4.3288144469e-01 -1.7340517044e-01 1.7775370181e-01 7.2323423624e-01 1.2508904934e-01 2.5267150998e-01 4.3793466687e-01 2.2903132439e-01 -6.4884305000e-01 -6.8120223284e-01 -6.7288154364e-01 2.1805274487e-01 -1.2640985250e+00 -1.2431832552e+00 -2.4421849847e-01 -7.9353260994e-01 -1.0129451752e+00 -7.8398150206e-01 -9.4294422865e-01 -6.6709256172e-01 -7.4097949266e-01 -8.1504321098e-01 -1.1515289545e+00 -1.6135466099e+00 -6.7580139637e-01 -7.2976279259e-01 -8.2298427820e-01 -1.0509427786e+00 8.2193696499e-01 8.5540068150e-01 1.0812754184e-01 1.5581729412e+00 8.3497154713e-01 -1.2565946579e+00 1.6712608337e+00 1.4124619961e+00 1.8255614042e+00 1.0345208645e+00 9.9262285233e-01 1.1163716316e+00 5.8180922270e-01 1.0345209837e+00 -1.0371609926e+00 -9.6038860083e-01 -8.1504321098e-01 -6.1008715630e-01 -5.6087845564e-01 1.2853167057e+00 -8.7209600210e-01 -7.5402212143e-01 -6.0641080141e-01 -1.4270798862e-01 5.0065809488e-01 2.1065976620e+00 1.8087293208e-01 1.8576662242e-01 -9.1173040867e-01 -7.2890168428e-01 1.0218328238e+00 5.5186134577e-01 1.0556871891e+00 6.9252437353e-01
-1.2683770061e-01 -6.3396447897e-01 -6.5563803911e-01 -6.4751476049e-01 -7.0071059465e-01 -6.8189364672e-01 -7.0746487379e-01 -7.8648048639e-01 -8.0224806070e-01 -8.3107513189e-01 -8.8019007444e-01 -3.6004900932e-01 1.7887116969e-01 -7.7083833516e-02 4.4613850117e-01 -1.7333967984e-01 2.0216496289e-01 6.8502897024e-01 1.2580284476e-01 2.4659261107e-01 4.3739479780e-01 2.2765569389e-01 -7.8731274605e-01 -6.8148374557e-01 -6.6872525215e-01 2.2671857476e-01 -1.2766033411e+00 -1.2372618914e+00 -2.3852847517e-01 -7.8570079803e-01 -1.0266941786e+00 -7.6948803663e-01 -6.6667735577e-01 -7.2109961510e-01 -8.0678504705e-01 -1.1311823130e+00 -1.6066817045e+00 -6.7832064629e-01 -7.2294473648e-01 -8.1213384867e-01 -1.0392034054e+00 7.9680722952e-01 8.5731440783e-01 2.9386879876e-02 1.4226040840e+00 4.4069877267e-01 -9.5365959406e-01 1.1895719767e+00 6.2917709351e-01 1.4540880919e+00 6.3984787464e-01 8.9648288488e-01 6.7604255676e-01 3.8010731339e-01 6.3984781504e-01 -1.0078557730e+00 -9.4754302502e-01 -8.0678504705e-01 -6.0701531172e-01 -5.4308736324e-01 8.1094014645e-01 -8.6668682098e-01 -7.4698626995e-01 -6.3913965225e-01 2.7493029833e-01 4.1145223379e-01 2.0979924202e+00 -3.6004900932e-01 -3.4991356730e-01 -8.0965477228e-01 -7.5115185976e-01 6.4309859276e-01 5.1985830069e-01 1.0148410797e+00 6.2004470825e-01
-1.2683770061e-01 -6.7630612850e-01 -6.3396745920e-01 -6.5577280521e-01 -6.4907348156e-01 -7.0257300138e-01 -6.8673622608e-01 -7.0688062906e-01 -7.8776717186e-01 -8.0213034153e-01 -8.2963019609e-01 4.4416654110e-01 -3.6001932621e-01 1.7672045529e-01 -6.7127764225e-02 4.4140762091e-01 -1.5832293034e-01 1.7651195824e-01 6.9149065018e-01 1.2041502446e-01 2.4485585093e-01 4.3538227677e-01 -4.8080834746e-01 -7.8802502155e-01 -6.7727726698e-01 -6.6800737381e-01 2.2746823728e-01 -1.2703633308e+00 -1.2484434843e+00 -2.3958197236e-01 -7.9812175035e-01 -1.0091661215e+00 -6.5151214600e-01 -7.0100980997e-01 -7.9529839754e-01 -1.1118260622e+00 -1.5996031761e+00 -6.6228187084e-01 -7.0760816336e-01 -7.9711276293e-01 -1.0256825686e+00 8.0150461197e-01 8.5986912251e-01 3.6277782172e-02 1.4790278673e+00 1.7841380835e+00 -1.3163220882e+00 1.4892466068e+00 1.0909308195e+00 1.7011018991e+00 4.9403584003e-01 7.7580261230e-01 1.1556992531e+00 7.1052777767e-01 4.9403572083e-01 -8.7538754940e-01 -9.2710065842e-01 -7.9529839754e-01 -6.0531073809e-01 -5.0870716572e-01 1.1052900553e+00 -8.4794956446e-01 -7.4064064026e-01 -6.1797487736e-01 1.9680084288e-01 4.2537471652e-01 2.1049497128e+00 4.4416654110e-01 4.4502952695e-01 -8.0848532915e-01 -7.3902314901e-01 -6.0775661469e-01 5.3607559204e-01 9.8910176754e-01 6.2793976068e-01
-1.2683770061e-01 -6.2363749743e-01 -6.7627722025e-01 -6.3409602642e-01 -6.5733557940e-01 -6.5087378025e-01 -7.0746487379e-01 -6.8620580435e-01 -7.0812165737e-01 -7.8765791655e-01 -8.0073887110e-01 3.1947198510e-01 4.4117596745e-01 -3.6511391401e-01 1.8831938505e-01 -6.7885056138e-02 4.7287374735e-01 -1.7529197037e-01 1.7775362730e-01 6.8302142620e-01 1.1788903922e-01 2.4343185127e-01 -1.0862945318e+00 -4.8027646542e-01 -7.8319668770e-01 -6.7663604021e-01 -6.7521256208e-01 2.1937002242e-01 -1.2821073532e+00 -1.2333288193e+00 -2.4881131947e-01 -7.8345149755e-01 -6.3904845715e-01 -6.7997795343e-01 -7.8529393673e-01 -1.0914357901e+00 -1.5924359560e+00 -6.3873302937e-01 -6.8798100948e-01 -7.7974766493e-01 -1.0110641718e+00 8.2046508789e-01 8.6604499817e-01 7.5208045542e-02 1.4858433008e+00 1.2109637260e+00 -1.3024842739e+00 1.6871167421e+00 1.3587316275e+00 1.8701914549e+00 7.7270448208e-01 6.8241661787e-01 8.6631494761e-01 7.3754417896e-01 7.7270460129e-01 -8.1319612265e-01 -9.0138453245e-01 -7.8529393673e-01 -6.1172330379e-01 -4.4908887148e-01 1.2237368822e+00 -8.3585059643e-01 -7.3355221748e-01 -5.8679938316e-01 2.8514119983e-01 -3.9426974952e-02 2.1123378277e+00 3.1947198510e-01 3.2236388326e-01 -8.0365693569e-01 -7.6144140959e-01 1.1140737534e+00 5.4710352421e-01 9.5441317558e-01 6.6480833292e-01
-1.2683770061e-01 -5.8542680740e-01 -6.2364822626e-01 -6.7641794682e-01 -6.3564813137e-01 -6.5914583206e-01 -6.5564244986e-01 -7.0688062906e-01 -6.8743497133e-01 -7.0805883408e-01 -7.8629320860e-01 -7.1989566088e-02 3.1694972515e-01 4.4045817852e-01 -3.5702219605e-01 1.8558450043e-01 -5.0046563148e-02 4.4069948792e-01 -1.7766161263e-01 1.7208282650e-01 6.8401455879e-01 1.1685308069e-01 -5.6213611364e-01 -1.0882203579e+00 -4.7724428773e-01 -7.8350478411e-01 -6.8391788006e-01 -6.7470556498e-01 2.3293629289e-01 -1.2664537430e+00 -1.2483657598e+00 -2.4100916088e-01 -6.2658393383e-01 -6.6124922037e-01 -7.7407145500e-01 -1.0704281330e+00 -1.5854209661e+00 -6.2581390142e-01 -6.7345291376e-01 -7.6485323906e-01 -9.9737060070e-01 8.2128715515e-01 8.7116485834e-01 6.3855014741e-02 1.4942636490e+00 1.0108079910e+00 -1.3977550268e+00 1.5892070532e+00 1.2001591921e+00 1.7950928211e+00 7.1245092154e-01 7.0831316710e-01 9.1081511974e-01 5.8164811134e-01 7.1245092154e-01 -8.5017788410e-01 -8.8012212515e-01 -7.7407145500e-01 -6.1134636402e-01 -4.1086393595e-01 1.0209853649e+00 -8.2541966438e-01 -7.2188538313e-01 -6.1580866575e-01 3.1940713525e-01 4.0803465247e-01 2.1108579636e+00 -7.1989566088e-02 -6.4134187996e-02 -7.8786802292e-01 -7.7463418245e-01 8.4591910243e-02 5.5315786600e-01 9.2198103666e-01 6.5608817339e-01
-1.2683770061e-01 -5.9368872643e-01 -5.8546626568e-01 -6.2377381325e-01 -6.7799091339e-01 -6.3743227720e-01 -6.6393423080e-01 -6.5519273281e-01 -7.0812165737e-01 -6.8738412857e-01 -7.0684117079e-01 1.2747170031e-01 -7.3041707277e-02 3.1555330753e-01 4.5376428962e-01 -3.5553523898e-01 2.1020531654e-01 -6.9623917341e-02 4.4465306401e-01 -1.8139645457e-01 1.6988000274e-01 6.8124830723e-01 -6.7556029558e-01 -5.6193429232e-01 -1.0816400051e+00 -4.7481021285e-01 -7.9173678160e-01 -6.8332791328e-01 -6.7632937431e-01 2.2433494031e-01 -1.2816842794e+00 -1.2280660868e+00 -6.1536598206e-01 -6.4900660515e-01 -7.5887900591e-01 -1.0492230654e+00 -1.5781902075e+00 -6.1198979616e-01 -6.5869683027e-01 -7.4984610081e-01 -9.8355472088e-01 8.2276076078e-01 8.7558186054e-01 5.6299120188e-02 1.5246921778e+00 1.0621223450e+00 -1.4876888990e+00 1.6749522686e+00 1.3247758150e+00 1.8667117357e+00 6.5893888474e-01 7.6713168621e-01 9.3011409044e-01 5.4519599676e-01 6.5893888474e-01 -8.8685691357e-01 -8.6174738407e-01 -7.5887900591e-01 -6.0044646263e-01 -3.9829581976e-01 1.0064007044e+00 -8.1230145693e-01 -7.0634746552e-01 -5.9309941530e-01 5.3853911161e-01 8.3860480785e-01 2.1130321026e+00 1.2747170031e-01 1.3306529820e-01 -8.8402426243e-01 -8.2833862305e-01 -2.8743523359e-01 5.3780519962e-01 9.0320265293e-01 6.5178197622e-01
-1.2683770061e-01 -5.7819783688e-01 -5.9372198582e-01 -5.8558094501e-01 -6.2532085180e-01 -6.7982602119e-01 -6.4216893911e-01 -6.6346299648e-01 -6.5640413761e-01 -7.0805883408e-01 -6.8620473146e-01 -6.1745142937e-01 1.2567047775e-01 -7.6568558812e-02 3.2805091143e-01 4.4897440076e-01 -3.4539365768e-01 1.8435861170e-01 -7.0908866823e-02 4.3752843142e-01 -1.8581025302e-01 1.6868515313e-01 -1.0054265261e+00 -6.7581886053e-01 -5.5842554569e-01 -1.0846229792e+00 -4.8029771447e-01 -7.9011899233e-01 -6.8509823084e-01 -6.7037397623e-01 2.1781675518e-01 -1.2609679699e+00 -6.1038064957e-01 -6.4628607035e-01 -7.4972105026e-01 -1.0293166637e+00 -1.5718183517e+00 -6.2744170427e-01 -6.6020786762e-01 -7.4351203442e-01 -9.7340238094e-01 7.6912111044e-01 8.6742568016e-01 -7.8873537481e-02 1.4467693567e+00 7.0321714878e-01 -1.1102762222e+00 8.3096814156e-01 5.8318100870e-02 1.2084835768e+00 -1.7400199175e-01 4.2945539951e-01 5.9747856855e-01 3.1979486346e-01 -1.7400199175e-01 -8.7413573265e-01 -8.5502827168e-01 -7.4972105026e-01 -5.8952790499e-01 -4.0705823898e-01 4.3279331923e-01 -7.9897338152e-01 -6.9749093056e-01 -6.2425673008e-01 4.7570910305e-02 3.6574685574e-01 2.0989396572e+00 -6.1745142937e-01 -6.0627180338e-01 -7.4877744913e-01 -7.7240163088e-01 -1.5957639217e+00 5.2115547657e-01 8.6713725328e-01 5.3198862076e-01
-1.2683770061e-01 -6.5152043104e-01 -5.7824277878e-01 -5.9383898973e-01 -5.8710908890e-01 -6.2709259987e-01 -6.8466371298e-01 -6.4175415039e-01 -6.6467911005e-01 -6.5637135506e-01 -7.0684117079e-01 -9.1985088587e-01 -6.1645507812e-01 1.2322916090e-01 -6.6609144211e-02 3.2423424721e-01 4.8064297438e-01 -3.5785627365e-01 1.8568083644e-01 -7.5225189328e-02 4.3698599935e-01 -1.8591798842e-01 -5.6309729815e-01 -1.0070241690e+00 -6.7164546251e-01 -5.5671906471e-01 -1.0955320597e+00 -4.8164883256e-01 -7.9370367527e-01 -6.7900246382e-01 -6.8212091923e-01 2.1978461742e-01 -6.3780194521e-01 -6.5246003866e-01 -7.4268090725e-01 -1.0127131939e+00 -1.5661336184e+00 -6.7422366142e-01 -6.8153470755e-01 -7.4849426746e-01 -9.6826636791e-01 6.5092837811e-01 8.3514279127e-01 -3.3825653791e-01 1.1693217754e+00 1.8159720302e-01 -1.8935178220e-01 -1.2716732919e-01 -9.9535405636e-01 3.8516506553e-01 -1.2974385023e+00 -2.8744280338e-01 -4.8200327903e-02 -1.5926729143e-01 -1.2974385023e+00 -7.8396451473e-01 -8.6256742477e-01 -7.4268090725e-01 -5.6845253706e-01 -4.6131479740e-01 -4.0898892283e-01 -7.8694361448e-01 -6.9291257858e-01 -6.7135691643e-01 -2.2943708301e-01 -2.4594160914e-01 2.0671584606e+00 -9.1985088587e-01 -9.0865159035e-01 -5.6601864100e-01 -7.0745241642e-01 -1.4042845964e+00 3.7822395563e-01 8.3489632607e-01 2.9957449436e-01
-1.2683770061e-01 -7.5995564461e-01 -6.5151017904e-01 -5.7835531235e-01 -5.9537124634e-01 -5.8883488178e-01 -6.3180458546e-01 -6.8413865566e-01 -6.4295780659e-01 -6.6464155912e-01 -6.5524929762e-01 -1.0000760853e-01 -9.1771888733e-01 -6.2295049429e-01 1.3448184729e-01 -6.7370451987e-02 3.5256505013e-01 4.4828155637e-01 -3.6209994555e-01 1.7996685207e-01 -7.8974895179e-02 4.3497475982e-01 2.7166122198e-01 -5.6289941072e-01 -1.0009176731e+00 -6.7095375061e-01 -5.6293481588e-01 -1.0910183191e+00 -4.7999268770e-01 -7.8586918116e-01 -6.9079983234e-01 -6.6890102625e-01 -6.7519462109e-01 -6.6501557827e-01 -7.3807609081e-01 -9.9677067995e-01 -1.5611623526e+00 -7.0923322439e-01 -7.0108878613e-01 -7.5412380695e-01 -9.6381562948e-01 5.4428672791e-01 7.8607589006e-01 -5.1869946718e-01 9.6026951075e-01 -1.4675770700e-01 -9.1162677854e-03 -2.1445752680e-01 -1.0785866976e+00 3.0634033680e-01 -1.2887564898e+00 -9.8215723038e-01 -4.7132271528e-01 -2.3975059390e-01 -1.2887563705e+00 -7.5169336796e-01 -8.6746269464e-01 -7.3807609081e-01 -5.5470389128e-01 -4.9662092328e-01 -5.5239337683e-01 -7.7804082632e-01 -6.9073826075e-01 -7.2801059484e-01 -4.7104108334e-01 -9.5129913092e-01 2.0631008148e+00 -1.0000760853e-01 -9.1879174113e-02 -6.2238377333e-01 -7.1291816235e-01 -3.8576614857e-01 2.0372192562e-01 7.9615360498e-01 1.3589847088e-01
-1.2683770061e-01 -7.7131557465e-01 -7.5986385345e-01 -6.5164375305e-01 -5.7987993956e-01 -5.9710699320e-01 -5.9345573187e-01 -6.3141673803e-01 -6.8536663055e-01 -6.4293289185e-01 -6.6350418329e-01 1.6191564798e+00 -1.0095452517e-01 -9.2586004734e-01 -6.1652773619e-01 1.3216374815e-01 -4.9518194050e-02 3.2328897715e-01 4.5231297612e-01 -3.6483016610e-01 1.7781333625e-01 -7.9409159720e-02 7.7187269926e-01 2.7524748445e-01 -5.5938500166e-01 -1.0031770468e+00 -6.7818510532e-01 -5.6349813938e-01 -1.0997152328e+00 -4.7718051076e-01 -7.9829108715e-01 -6.7747145891e-01 -6.7290920019e-01 -6.5758669376e-01 -7.2558307648e-01 -9.7554296255e-01 -1.5549800396e+00 -6.6899192333e-01 -6.8207263947e-01 -7.4054688215e-01 -9.5149099827e-01 5.7334923744e-01 7.5315594673e-01 -3.4510484338e-01 8.0630338192e-01 6.6596657038e-01 -4.3368342519e-01 9.8142528534e-01 6.4347583055e-01 1.2689079046e+00 5.6611490250e-01 -7.1816843748e-01 4.2082783580e-01 2.9053071141e-01 5.6611490250e-01 -6.4570820332e-01 -8.5491770506e-01 -7.2558307648e-01 -5.4318064451e-01 -4.9577939510e-01 8.6067545414e-01 -7.6174408197e-01 -6.8674331903e-01 -6.7031848431e-01 -1.7205132172e-02 -6.0449671745e-01 2.1319351196e+00 1.6191564798e+00 1.5904418230e+00 -1.7312198877e-01 -4.8278361559e-01 1.4232871532e+00 1.6220478714e-01 7.6754599810e-01 2.8571125865e-01
-1.2683770061e-01 -5.8232879639e-01 -7.7121526003e-01 -7.6002854109e-01 -6.5320456028e-01 -5.8159703016e-01 -6.0174751282e-01 -5.9316736460e-01 -6.3261449337e-01 -6.8531697989e-01 -6.4183568954e-01 4.9115547538e-01 1.6117532253e+00 -1.0463386029e-01 -9.2139798403e-01 -6.1303180456e-01 1.5535514057e-01 -6.9108277559e-02 3.2603731751e-01 4.4514662027e-01 -3.7039127946e-01 1.7659424245e-01 8.2624441385e-01 7.7748942375e-01 2.7387008071e-01 -5.5768716335e-01 -1.0133621693e+00 -6.7764979601e-01 -5.6323260069e-01 -1.0869816542e+00 -4.8779839277e-01 -7.8361874819e-01 -6.6189962626e-01 -6.4639061689e-01 -7.0631480217e-01 -9.5649582148e-01 -1.5480583906e+00 -6.2236100435e-01 -6.5560817719e-01 -7.2244787216e-01 -9.3714374304e-01 6.2693083286e-01 7.3849719763e-01 -1.4878211915e-01 7.3099595308e-01 1.1364969015e+00 -5.8095216751e-01 1.2548837662e+00 9.5336526632e-01 1.5114783049e+00 1.1438608170e+00 1.5260733664e-01 1.1612068415e+00 3.0689612031e-01 1.1438608170e+00 -6.8061882257e-01 -8.4467154741e-01 -7.0631480217e-01 -5.1632302999e-01 -5.2839595079e-01 1.2393391132e+00 -7.4492168427e-01 -6.6959673166e-01 -6.2209355831e-01 5.7766950130e-01 -3.6958980560e-01 2.1494545937e+00 4.9115547538e-01 4.9119806290e-01 -1.5175934136e-01 -5.2332741022e-01 1.1026750803e+00 1.2933692336e-01 7.7098810673e-01 4.4655343890e-01
-1.2683770061e-01 -5.2346414328e-01 -5.8237063885e-01 -7.7138316631e-01 -7.6164281368e-01 -6.5500980616e-01 -5.8620065451e-01 -6.0143762827e-01 -5.9434318542e-01 -6.3259559870e-01 -6.8414139748e-01 -3.7069141865e-02 4.8798844218e-01 1.6174300909e+00 -9.4856113195e-02 -9.1554182768e-01 -6.0978025198e-01 1.3082975149e-01 -7.0387937129e-02 3.1955879927e-01 4.4465184212e-01 -3.6993488669e-01 3.3054649830e-01 8.3208185434e-01 7.7318072319e-01 2.8303617239e-01 -5.6391149759e-01 -1.0096316338e+00 -6.7932367325e-01 -5.5908781290e-01 -1.1011632681e+00 -4.7700816393e-01 -6.3697063923e-01 -6.3132363558e-01 -6.8863457441e-01 -9.3753612041e-01 -1.5406775475e+00 -5.9266358614e-01 -6.3472050428e-01 -7.0648032427e-01 -9.2353492975e-01 6.5966975689e-01 7.3390501738e-01 -4.0557436645e-02 6.8981033564e-01 1.2397429943e+00 -7.0665317774e-01 1.2197192907e+00 9.0859115124e-01 1.4813421965e+00 1.0501215458e+00 9.8685085773e-01 1.2834224701e+00 3.1761121750e-01 1.0501215458e+00 -7.2356212139e-01 -8.3827489614e-01 -6.8863457441e-01 -4.8867961764e-01 -5.6936806440e-01 1.1328753233e+00 -7.2655260563e-01 -6.5015286207e-01 -6.6591644287e-01 2.3874570429e-01 2.2902537882e-01 2.1483449936e+00 -3.7069141865e-02 -2.9569502920e-02 -1.7832453549e-01 -5.2063858509e-01 -5.4666084051e-01 1.6090710461e-01 7.6899921894e-01 5.2504146099e-01
9.4064693451e+00 -5.2759510279e-01 -5.2355021238e-01 -5.8248436451e-01 -7.7300298214e-01 -7.6357847452e-01 -6.5978837013e-01 -5.8593112230e-01 -6.0261815786e-01 -5.9434658289e-01 -6.3151741028e-01 2.1252895892e-01 -3.8252428174e-02 4.8752638698e-01 1.6383545399e+00 -9.5398738980e-02 -9.2038482428e-01 -6.1587393284e-01 1.3160248101e-01 -7.4707098305e-02 3.1827846169e-01 4.4261714816e-01 1.0006220639e-01 3.3437180519e-01 8.2745456696e-01 7.8682196140e-01 2.8428655863e-01 -5.6446552277e-01 -1.0169458389e+00 -6.7332029343e-01 -5.7018435001e-01 -1.0827041864e+00 -5.8503639698e-01 -6.1897724867e-01 -6.7222487926e-01 -9.1818070412e-01 -1.5329048634e+00 -5.6417882442e-01 -6.1284768581e-01 -6.8948304653e-01 -9.0935963392e-01 6.9445705414e-01 7.3781257868e-01 5.0821598619e-02 5.4740488529e-01 8.2720720768e-01 -2.6770564914e-01 1.3433535099e+00 1.0585944653e+00 1.5894232988e+00 1.2988690138e+00 1.2482135296e+00 1.0388958454e+00 3.2715415955e-01 1.2988690138e+00 -6.9443649054e-01 -8.2463806868e-01 -6.7222487926e-01 -4.7070795298e-01 -5.7867169380e-01 1.2371571064e+00 -7.0786839724e-01 -6.3993531466e-01 -6.3718020916e-01 4.7810557485e-01 2.2791892290e-01 2.1528942585e+00 2.1252895892e-01 2.1698899567e-01 -1.9182403386e-01 -5.2811032534e-01 1.3402340412e+00 3.1010946631e-01 7.6104414463e-01 5.9125125408e-01
-1.2683770061e-01 -5.0177729130e-01 -5.2767807245e-01 -5.2364712954e-01 -5.8401101828e-01 -7.7495235205e-01 -7.6861572266e-01 -6.5932786465e-01 -5.8710277081e-01 -6.0261678696e-01 -5.9333914518e-01 -2.0002023876e-01 2.1040831506e-01 -4.1589237750e-02 5.0113719702e-01 1.6243939400e+00 -7.8296460211e-02 -9.1899621487e-01 -6.2276613712e-01 1.2618307769e-01 -7.8453563154e-02 3.1663003564e-01 -6.8985319138e-01 1.0295193642e-01 3.3264932036e-01 8.4158217907e-01 7.9255139828e-01 2.7564668655e-01 -5.6421643496e-01 -1.0055372715e+00 -6.8508446217e-01 -5.5836403370e-01 -5.3559517860e-01 -6.1290782690e-01 -6.5851461887e-01 -8.9948558807e-01 -1.5255547762e+00 -5.5318009853e-01 -5.9935212135e-01 -6.7645126581e-01 -8.9675182104e-01 6.9941663742e-01 7.4201947451e-01 5.4039835930e-02 4.4817927480e-01 9.0607231855e-01 -4.4243830442e-01 1.1230485439e+00 7.5003975630e-01 1.4061491489e+00 9.1267168522e-01 1.1657516956e+00 1.1633859873e+00 3.7578931451e-01 9.1267162561e-01 -7.1768087149e-01 -8.1716746092e-01 -6.5851461887e-01 -4.5177713037e-01 -6.0095310211e-01 9.3813675642e-01 -6.9179999828e-01 -6.2768507004e-01 -6.7552584410e-01 3.5306647420e-01 2.8664654493e-01 2.1473267078e+00 -2.0002023876e-01 -1.9100710750e-01 -1.8946295977e-01 -5.2002716064e-01 -8.1562793255e-01 4.5996087790e-01 7.4563121796e-01 5.8193355799e-01
-1.2683770061e-01 -5.2552926540e-01 -5.0187963247e-01 -5.2777612209e-01 -5.2514475584e-01 -5.8573305607e-01 -7.8001672029e-01 -7.6787281036e-01 -6.6054159403e-01 -5.8711040020e-01 -6.0159403086e-01 -2.9523870349e-01 -2.0059154928e-01 2.0842988789e-01 -3.1403403729e-02 4.9598053098e-01 1.6875143051e+00 -9.7193285823e-02 -9.2900002003e-01 -6.2407654524e-01 1.2369316071e-01 -7.8889414668e-02 -1.8671625853e-01 -6.9016987085e-01 1.0258012265e-01 3.4234222770e-01 8.4779846668e-01 7.7906626463e-01 2.9016909003e-01 -5.6005585194e-01 -1.0192430019e+00 -6.7182755470e-01 -5.3123271465e-01 -6.0955977440e-01 -6.4734542370e-01 -8.8415968418e-01 -1.5185513496e+00 -5.5766040087e-01 -5.9481501579e-01 -6.6812956333e-01 -8.8613408804e-01 6.7383736372e-01 7.3981040716e-01 -1.4936745167e-02 3.2429379225e-01 6.5283811092e-01 -3.9900025725e-01 8.0413788557e-01 3.1213110685e-01 1.1391199827e+00 5.9294772148e-01 1.0026845932e+00 8.1461411715e-01 1.5311035514e-01 5.9294760227e-01 -7.4043381214e-01 -8.1751942635e-01 -6.4734542370e-01 -4.2992916703e-01 -6.4287018776e-01 5.5293273926e-01 -6.7773401737e-01 -6.1691969633e-01 -6.8595731258e-01 2.1044433117e-01 4.8811677843e-02 2.1450812817e+00 -2.9523870349e-01 -2.8551420569e-01 -1.7596918344e-01 -5.0598293543e-01 -1.3291817904e+00 4.3249887228e-01 7.3274254799e-01 5.1222467422e-01
-1.2683770061e-01 -5.6064188480e-01 -5.2561378479e-01 -5.0197029114e-01 -5.2927583456e-01 -5.2679598331e-01 -5.9034651518e-01 -7.7924424410e-01 -7.6914882660e-01 -6.6050648689e-01 -5.8611631393e-01 2.4793682992e-01 -2.9545241594e-01 -2.0481519401e-01 2.2023408115e-01 -3.2437264919e-02 5.2890688181e-01 1.6260800362e+00 -9.8761238158e-02 -9.2864233255e-01 -6.3125926256e-01 1.2263946235e-01 -1.6482750177e+00 -1.8499058485e-01 -6.8591266870e-01 1.1021099985e-01 3.4411987662e-01 8.3378672600e-01 8.0214166641e-01 2.8065147996e-01 -5.7115811110e-01 -1.0018080473e+00 -5.3268688917e-01 -6.0474687815e-01 -6.3871735334e-01 -8.6755621433e-01 -1.5111570358e+00 -5.5057179928e-01 -5.8555543423e-01 -6.5764117241e-01 -8.7465733290e-01 6.6535878181e-01 7.3619538546e-01 -3.0051920563e-02 2.0925718546e-01 4.8446854949e-01 -5.1716172695e-01 9.7931510210e-01 5.7654756308e-01 1.2820127010e+00 8.6565113068e-01 8.4816199541e-01 8.0017501116e-01 1.3175356388e-01 8.6565107107e-01 -7.9079961777e-01 -8.0817282200e-01 -6.3871735334e-01 -4.2265143991e-01 -6.3962781429e-01 7.6292216778e-01 -6.6942852736e-01 -6.0580146313e-01 -6.6274845600e-01 6.9019339979e-02 4.3550717831e-01 2.1493599415e+00 2.4793682992e-01 2.5189527869e-01 -1.7099009454e-01 -5.3580272198e-01 -8.0855349079e-03 3.9119803905e-01 7.0623838902e-01 4.9495449662e-01
-1.2683770061e-01 -5.3069311380e-01 -5.6070005894e-01 -5.2571123838e-01 -5.0345724821e-01 -5.3093206882e-01 -5.3126901388e-01 -5.9006625414e-01 -7.8052675724e-01 -7.6905041933e-01 -6.5937674046e-01 3.8481569290e-01 2.4568320811e-01 -3.0019426346e-01 -1.9568590820e-01 2.1725212038e-01 -1.3650264591e-02 4.9538281560e-01 1.6422016621e+00 -1.0292585194e-01 -9.3773007393e-01 -6.3000547886e-01 -9.7926455736e-01 -1.6524820328e+00 -1.8368186057e-01 -6.8534880877e-01 1.0992481560e-01 3.3490961790e-01 8.5779178143e-01 7.8442770243e-01 2.7446240187e-01 -5.5932563543e-01 -5.2396196127e-01 -5.8779597282e-01 -6.2876540422e-01 -8.5022610426e-01 -1.5035932064e+00 -5.3021180630e-01 -5.6936860085e-01 -6.4356082678e-01 -8.6165165901e-01 6.8071991205e-01 7.3665112257e-01 1.3711501844e-02 1.6777779162e-01 8.0809748173e-01 -7.2023755312e-01 1.2368403673e+00 9.4097357988e-01 1.4960243702e+00 1.1688604355e+00 9.3954068422e-01 1.0130548477e+00 2.6875114441e-01 1.1688604355e+00 -7.8727924824e-01 -7.9138052464e-01 -6.2876540422e-01 -4.2025816441e-01 -6.1369675398e-01 1.0735795498e+00 -6.6170179844e-01 -5.9728080034e-01 -6.4048618078e-01 2.6013633609e-01 4.4338878989e-01 2.1557059288e+00 3.8481569290e-01 3.8667124510e-01 -2.2797092795e-01 -5.2795171738e-01 4.4399055839e-01 3.8687321544e-01 6.8199080229e-01 5.3186839819e-01
-1.2683770061e-01 -4.8422133923e-01 -5.3077375889e-01 -5.6080758572e-01 -5.2720987797e-01 -5.0508242846e-01 -5.3541487455e-01 -5.3114199638e-01 -5.9124028683e-01 -7.8042173386e-01 -7.6772004366e-01 -5.4034736007e-02 3.8204801083e-01 2.4389748275e-01 -2.9168233275e-01 -1.9544792175e-01 2.4272029102e-01 -3.4104388207e-02 4.9989774823e-01 1.6285539865e+00 -1.0684882104e-01 -9.3553960323e-01 -1.0288301706e+00 -9.8075598478e-01 -1.6426084042e+00 -1.7861665785e-01 -6.9270813465e-01 1.0294714570e-01 3.5043889284e-01 8.3918690681e-01 7.8118276596e-01 2.7572202682e-01 -5.2167654037e-01 -5.6048637629e-01 -6.1807191372e-01 -8.3322691917e-01 -1.4961603880e+00 -5.1872247458e-01 -5.5727243423e-01 -6.3143378496e-01 -8.4942024946e-01 6.8160814047e-01 7.3720920086e-01 1.4812664129e-02 1.4262166619e-01 7.1318864822e-01 -8.5667663813e-01 1.1744521856e+00 8.4527623653e-01 1.4456056356e+00 1.0283491611e+00 1.0948420763e+00 1.0236779451e+00 2.1411864460e-01 1.0283492804e+00 -8.1675678492e-01 -7.7960729599e-01 -6.1807191372e-01 -4.1142973304e-01 -6.0901784897e-01 9.0648716688e-01 -6.5211331844e-01 -5.8656877279e-01 -6.6676723957e-01 5.1486849785e-01 8.4812533855e-01 2.1547126770e+00 -5.4034736007e-02 -4.6360131353e-02 -4.0633440018e-01 -5.3244739771e-01 -7.6828533411e-01 3.5270819068e-01 6.6156762838e-01 5.3014731407e-01
-1.2683770061e-01 -4.9041736126e-01 -4.8433691263e-01 -5.3087270260e-01 -5.6232351065e-01 -5.2886360884e-01 -5.0950372219e-01 -5.3527712822e-01 -5.3228223324e-01 -5.9124547243e-01 -7.7907037735e-01 -1.1938534975e+00 -5.5154304951e-02 3.8100722432e-01 2.5593125820e-01 -2.9070121050e-01 -1.8102274835e-01 2.1609032154e-01 -3.5024721175e-02 4.9247217178e-01 1.6354612112e+00 -1.0719789565e-01 -8.1840622425e-01 -1.0305228233e+00 -9.7480285168e-01 -1.6506191492e+00 -1.8147073686e-01 -6.9203442335e-01 1.1453542113e-01 3.3995640278e-01 8.3626198769e-01 7.7610677481e-01 -5.4348963499e-01 -5.4657053947e-01 -6.1738455296e-01 -8.2179862261e-01 -1.4897383451e+00 -5.5935657024e-01 -5.7397234440e-01 -6.3464331627e-01 -8.4378111362e-01 5.8515012264e-01 7.1663445234e-01 -2.1238422394e-01 -2.2524904460e-02 7.6211541891e-02 -2.0173672587e-02 -4.1277170181e-02 -7.0325523615e-01 4.0394940972e-01 -2.7663859725e-01 6.8740421534e-01 2.0023493469e-01 3.9228081703e-02 -2.7663859725e-01 -6.7103898525e-01 -7.7970230579e-01 -6.1738455296e-01 -4.1001042724e-01 -6.1186194420e-01 -4.5244574547e-01 -6.4064621925e-01 -5.8637380600e-01 -7.0264184475e-01 -7.4696816504e-02 3.9062970877e-01 2.1232743263e+00 -1.1938534975e+00 -1.1837717295e+00 -1.4223477244e-01 -4.1398569942e-01 -1.5748326778e+00 2.5907811522e-01 6.2435472012e-01 3.2224604487e-01
-1.2683770061e-01 -6.3396447897e-01 -4.9052828550e-01 -4.8442256451e-01 -5.3237390518e-01 -5.6401950121e-01 -5.3334158659e-01 -5.0943320990e-01 -5.3641974926e-01 -5.3232181072e-01 -5.9024375677e-01 1.0607992411e+00 -1.1906924248e+00 -5.8583445847e-02 3.9392849803e-01 2.5267294049e-01 -2.7882480621e-01 -1.9744497538e-01 2.1773827076e-01 -3.9536513388e-02 4.9227342010e-01 1.6297869682e+00 -3.1610506773e-01 -8.1924462318e-01 -1.0242792368e+00 -9.7682821751e-01 -1.6665604115e+00 -1.8567056954e-01 -6.9395267963e-01 1.0782958567e-01 3.3411392570e-01 8.3049732447e-01 -5.3289449215e-01 -5.3903704882e-01 -6.0981458426e-01 -8.0920279026e-01 -1.4817008972e+00 -5.4405891895e-01 -5.6429201365e-01 -6.2509971857e-01 -8.3299738169e-01 5.8228343725e-01 6.9954985380e-01 -1.7486132681e-01 -1.7587506771e-01 -2.3837170005e-01 -3.1084722281e-01 6.9614446163e-01 3.3266711235e-01 1.0106056929e+00 7.3596990108e-01 5.3299850225e-01 4.2824620008e-01 6.3782936335e-01 7.3596990108e-01 -6.3864737749e-01 -7.7076762915e-01 -6.0981458426e-01 -4.0435954928e-01 -6.0634523630e-01 6.6138279438e-01 -6.3170808554e-01 -5.8289188147e-01 -6.5817874670e-01 2.6140421629e-01 5.1234382391e-01 2.1580603123e+00 1.0607992411e+00 1.0484818220e+00 -3.4192028642e-01 -3.3299130201e-01 1.2608343363e+00 2.7226865292e-01 6.0794746876e-01 3.5556688905e-01
-1.2683770061e-01 -5.0797331333e-01 -6.3396745920e-01 -4.9061569571e-01 -4.8590081930e-01 -5.3403389454e-01 -5.6858122349e-01 -5.3320920467e-01 -5.1056098938e-01 -5.3645688295e-01 -5.3142899275e-01 3.8377892971e-01 1.0554928780e+00 -1.2003247738e+00 -4.8507615924e-02 3.8960182667e-01 2.7908888459e-01 -2.9289102554e-01 -2.0004200935e-01 2.1184965968e-01 -4.3062988669e-02 4.9009320140e-01 1.3357959688e-01 -3.1490463018e-01 -8.1423413754e-01 -1.0267479420e+00 -9.8677897453e-01 -1.6566029787e+00 -1.7898583412e-01 -6.8771511316e-01 1.0063052922e-01 3.3462771773e-01 -5.1897662878e-01 -5.3275847435e-01 -6.0097408295e-01 -7.9566019773e-01 -1.4734545946e+00 -5.1822626591e-01 -5.4776155949e-01 -6.1187428236e-01 -8.2065820694e-01 6.0298818350e-01 6.9039446115e-01 -8.9616291225e-02 -2.9021909833e-01 1.4247216284e-01 -5.4120320082e-01 9.2533844709e-01 6.1718165874e-01 1.2088683844e+00 1.1094702482e+00 5.6193298101e-01 8.3373248577e-01 7.8644871712e-01 1.1094701290e+00 -6.2728214264e-01 -7.5500553846e-01 -6.0097408295e-01 -4.0307778120e-01 -5.8030712605e-01 9.6811151505e-01 -6.2118953466e-01 -5.7643944025e-01 -6.0969930887e-01 3.5511228442e-01 9.9673253298e-01 2.1718428135e+00 3.8377892971e-01 3.8565135002e-01 -3.5489284992e-01 -3.2647731900e-01 9.0326541662e-01 2.9410827160e-01 5.9284043312e-01 4.2742100358e-01
-1.2683770061e-01 -4.6150150895e-01 -5.0807100534e-01 -6.3409602642e-01 -4.9209702015e-01 -4.8750489950e-01 -5.3852409124e-01 -5.6835740805e-01 -5.3435063362e-01 -5.1061314344e-01 -5.3555643559e-01 6.9768542051e-01 3.8101515174e-01 1.0581310987e+00 -1.1976394653e+00 -4.9409061670e-02 4.1968172789e-01 2.5158283114e-01 -2.9646784067e-01 -2.0365494490e-01 2.0989558101e-01 -4.3607011437e-02 3.4387823939e-01 1.3660538197e-01 -3.1283766031e-01 -8.1482040882e-01 -1.0371425152e+00 -9.8330187798e-01 -1.6749091148e+00 -1.8099257350e-01 -6.9956338406e-01 1.0406358540e-01 -4.9737197161e-01 -5.1748234034e-01 -5.8562326431e-01 -7.8161114454e-01 -1.4650946856e+00 -4.7251462936e-01 -5.1854801178e-01 -5.9154236317e-01 -8.0519616604e-01 6.6584873199e-01 6.9676941633e-01 7.7348783612e-02 -2.9266068339e-01 8.0332559347e-01 -7.4371701479e-01 1.3016213179e+00 1.0549226999e+00 1.5437424183e+00 1.2733662128e+00 1.1147972345e+00 1.5794993639e+00 5.0821429491e-01 1.2733663321e+00 -6.2257581949e-01 -7.2528821230e-01 -5.8562326431e-01 -4.0319362283e-01 -5.2659964561e-01 1.4550815821e+00 -6.0531401634e-01 -5.6194454432e-01 -5.4921996593e-01 4.5754614472e-01 1.6296199560e+00 2.2030034065e+00 6.9768542051e-01 6.9376105070e-01 -2.9958069324e-01 -3.1547853351e-01 6.6682910919e-01 3.2135397196e-01 5.9949523211e-01 5.7112723589e-01
-1.2683770061e-01 -3.7681907415e-01 -4.6163418889e-01 -5.0816345215e-01 -6.3564813137e-01 -4.9370855093e-01 -4.9188426137e-01 -5.3837829828e-01 -5.6951898336e-01 -5.3438895941e-01 -5.0976049900e-01 1.0798220634e+00 6.9374275208e-01 3.7996870279e-01 1.0754352808e+00 -1.1896446943e+00 -3.1076189131e-02 3.8878884912e-01 2.5359511375e-01 -2.9955554008e-01 -2.0820797980e-01 2.0857842267e-01 9.7218304873e-01 3.4775763750e-01 1.3603714108e-01 -3.0893000960e-01 -8.2333081961e-01 -1.0331853628e+00 -9.9016875029e-01 -1.6529669762e+00 -1.8987952173e-01 -6.8612545729e-01 -4.4793000817e-01 -4.9142846465e-01 -5.6619596481e-01 -7.6461195946e-01 -1.4556382895e+00 -3.9756760001e-01 -4.7015455365e-01 -5.6008791924e-01 -7.8471189737e-01 7.9076403379e-01 7.2909241915e-01 3.5631254315e-01 -1.8709290028e-01 1.5502276421e+00 -9.9928885698e-01 1.7788707018e+00 1.5372561216e+00 1.9935845137e+00 1.3816635609e+00 1.3451064825e+00 2.1334586143e+00 6.8647605181e-01 1.3816635609e+00 -5.6674742699e-01 -6.6295182705e-01 -5.6619596481e-01 -4.2802169919e-01 -3.6827006936e-01 1.9089492559e+00 -5.9152942896e-01 -5.4361408949e-01 -4.9397978187e-01 8.9239823818e-01 2.3134975433e+00 2.2469942570e+00 1.0798220634e+00 1.0670154095e+00 -1.8110236526e-01 -2.5877451897e-01 1.2440464497e+00 4.4785138965e-01 6.1062467098e-01 8.1687998772e-01
-1.2683770061e-01 -2.4463187158e-01 -3.7701541185e-01 -4.6171331406e-01 -5.0965344906e-01 -6.3743227720e-01 -4.9810269475e-01 -4.9185949564e-01 -5.3952270746e-01 -5.6953680515e-01 -5.3349232674e-01 2.6387754083e-01 1.0744441748e+00 6.9440472126e-01 3.9288327098e-01 1.0658326149e+00 -1.2018220425e+00 -5.1110532135e-02 3.9220955968e-01 2.4751119316e-01 -3.0470839143e-01 -2.0824724436e-01 6.9785863161e-01 9.7861278057e-01 3.4595704079e-01 1.4396788180e-01 -3.1294268370e-01 -8.2141184807e-01 -1.0408997536e+00 -9.7918891907e-01 -1.6704562902e+00 -1.8281421065e-01 -3.6296629906e-01 -4.5961970091e-01 -5.4703354836e-01 -7.4816298485e-01 -1.4460923672e+00 -3.3648598194e-01 -4.2443707585e-01 -5.2836376429e-01 -7.6362353563e-01 9.0080153942e-01 7.7893149853e-01 5.4462534189e-01 -5.1160559058e-02 1.7213010788e+00 -1.1441326141e+00 1.8832541704e+00 1.6348145008e+00 2.0954399109e+00 1.2602126598e+00 1.3988741636e+00 2.1488497257e+00 7.7905189991e-01 1.2602127790e+00 -5.8156937361e-01 -6.0384184122e-01 -5.4703354836e-01 -4.5014017820e-01 -2.2148081660e-01 1.6859347820e+00 -5.7375758886e-01 -5.2074003220e-01 -4.5203498006e-01 8.2729893923e-01 2.2901196480e+00 2.2552187443e+00 2.6387754083e-01 2.6760447025e-01 -2.0682568848e-01 -2.5983735919e-01 5.8963274956e-01 7.2333496809e-01 6.2271016836e-01 9.8434269428e-01
-1.2683770061e-01 -2.1158507466e-01 -2.4492761493e-01 -3.7707024813e-01 -4.6318036318e-01 -5.1128607988e-01 -6.4216893911e-01 -4.9806177616e-01 -4.9297720194e-01 -5.3955799341e-01 -5.6857526302e-01 3.0536536127e-02 2.6156404614e-01 1.0771858692e+00 7.0935457945e-01 3.8856470585e-01 1.1140069962e+00 -1.1936537027e+00 -5.2205435932e-02 3.8537058234e-01 2.4578016996e-01 -3.0445274711e-01 1.7250286182e-03 7.0317488909e-01 9.7313022614e-01 3.5576921701e-01 1.4398182929e-01 -3.1588923931e-01 -8.2552820444e-01 -1.0291076899e+00 -9.9274063110e-01 -1.6448792219e+00 -3.0251476169e-01 -4.2383465171e-01 -5.2723622322e-01 -7.3237425089e-01 -1.4360237122e+00 -2.9437434673e-01 -3.8626661897e-01 -4.9925333261e-01 -7.4318546057e-01 9.7982406616e-01 8.3602428436e-01 6.2260901928e-01 8.7770186365e-02 1.5543953180e+00 -1.2821933031e+00 1.8966754675e+00 1.6479245424e+00 2.1083786488e+00 1.1822210550e+00 1.3663638830e+00 1.7460495234e+00 7.2302764654e-01 1.1822209358e+00 -5.9416294098e-01 -5.5375689268e-01 -5.2723622322e-01 -4.6202644706e-01 -1.1058944464e-01 1.4253791571e+00 -5.5240380764e-01 -5.0295662880e-01 -4.1496795416e-01 8.4682369232e-01 2.2725579739e+00 2.2561237812e+00 3.0536536127e-02 3.7298876792e-02 -2.4410606921e-01 -2.6239022613e-01 2.0057477057e-01 8.9416044950e-01 6.3938510418e-01 1.0607550144e+00
-1.2683770061e-01 -2.0745411515e-01 -2.1190567315e-01 -2.4494454265e-01 -3.7849554420e-01 -4.6475711465e-01 -5.1572215557e-01 -6.4175415039e-01 -4.9918305874e-01 -4.9303963780e-01 -5.3865182400e-01 5.3645211458e-01 2.9099354520e-02 2.5986507535e-01 1.0946134329e+00 7.0258599520e-01 4.1861683130e-01 1.0663882494e+00 -1.2064770460e+00 -5.6623645127e-02 3.8450190425e-01 2.4435333908e-01 -2.5366744399e-01 4.2155953124e-03 6.9929993153e-01 9.8856359720e-01 3.5766625404e-01 1.3667950034e-01 -3.1141686440e-01 -8.1718420982e-01 -1.0429512262e+00 -9.7563707829e-01 -2.3790839314e-01 -3.8428321481e-01 -5.0479203463e-01 -7.1418565512e-01 -1.4258213043e+00 -2.4371647835e-01 -3.4259888530e-01 -4.6628442407e-01 -7.2069138288e-01 1.0730887651e+00 9.0202379227e-01 7.1836465597e-01 2.4452856183e-01 1.6741231680e+00 -1.3839250803e+00 2.1103582382e+00 1.8547965288e+00 2.3151309490e+00 1.3989119530e+00 1.3725162745e+00 1.6286900043e+00 9.5048475266e-01 1.3989119530e+00 -6.3158559799e-01 -4.9514764547e-01 -5.0479203463e-01 -4.7732812166e-01 2.1176286042e-02 1.4612169266e+00 -5.3055882454e-01 -4.8202788830e-01 -3.7400665879e-01 1.0971574783e+00 2.2705142498e+00 2.2723696232e+00 5.3645211458e-01 5.3567504883e-01 -2.3688490689e-01 -2.5307381153e-01 1.0798879862e+00 1.0714735985e+00 6.5728396177e-01 1.1637229919e+00
-1.2683770061e-01 -1.4032757282e-01 -2.0777782798e-01 -2.1191312373e-01 -2.4630469084e-01 -3.7997043133e-01 -4.6908229589e-01 -5.1563549042e-01 -6.4295780659e-01 -4.9924185872e-01 -4.9221941829e-01 -1.0965762287e-01 5.3311496973e-01 2.6130478829e-02 2.7200219035e-01 1.0848622322e+00 7.4104070663e-01 3.8774961233e-01 1.0767645836e+00 -1.2046077251e+00 -6.0256995261e-02 3.8265106082e-01 -4.9763031304e-02 -2.5221353769e-01 4.4200466946e-03 7.1227902174e-01 9.9608665705e-01 3.4832686186e-01 1.4884087443e-01 -3.1130346656e-01 -8.2978910208e-01 -1.0252199173e+00 -1.9303728640e-01 -3.5080042481e-01 -4.7927689552e-01 -6.9736206532e-01 -1.4159673452e+00 -2.1446193755e-01 -3.0935811996e-01 -4.3778121471e-01 -6.9965094328e-01 1.1260149479e+00 9.6635770798e-01 7.0045775175e-01 4.2483252287e-01 1.7672986984e+00 -1.5304174423e+00 1.9893016815e+00 1.6752476692e+00 2.2148857117e+00 1.0491132736e+00 1.2972202301e+00 1.3397722244e+00 1.0084787607e+00 1.0491132736e+00 -6.2072390318e-01 -4.5086365938e-01 -4.7927689552e-01 -4.7242188454e-01 8.9065730572e-02 1.2136136293e+00 -5.0565755367e-01 -4.5844665170e-01 -4.2077723145e-01 1.2329010963e+00 2.6628460884e+00 2.2686879635e+00 -1.0965762287e-01 -1.0143769532e-01 -2.1504801512e-01 -2.9312264919e-01 -4.2275860906e-01 1.1540757418e+00 6.9101643562e-01 1.1721571684e+00
-1.2683770061e-01 -1.5375256538e-01 -1.4070177078e-01 -2.0778410137e-01 -2.1325697005e-01 -2.4762058258e-01 -3.8409358263e-01 -4.6911665797e-01 -5.1676684618e-01 -6.4293289185e-01 -4.9841019511e-01 6.0736840963e-01 -1.1056829989e-01 5.3289943933e-01 3.6754656583e-02 2.6861947775e-01 1.1335458755e+00 7.0240646601e-01 3.9115965366e-01 1.0661967993e+00 -1.2154216766e+00 -6.0748469085e-02 2.5440099835e-01 -4.7481458634e-02 -2.5051248074e-01 1.1171148159e-02 7.1734565496e-01 9.8066133261e-01 3.6408409476e-01 1.4158584177e-01 -3.2095196843e-01 -8.1472295523e-01 -1.5938337147e-01 -3.0894675851e-01 -4.4428715110e-01 -6.8106681108e-01 -1.4060180187e+00 -1.6924813390e-01 -2.6800268888e-01 -4.0444207191e-01 -6.7618066072e-01 1.2029868364e+00 1.0345994234e+00 7.4247044325e-01 5.9972256422e-01 1.4222695827e+00 -1.6810871363e+00 2.2295346260e+00 1.9196587801e+00 2.4460790157e+00 1.4344509840e+00 1.3871867657e+00 1.1997518539e+00 1.1202341318e+00 1.4344508648e+00 -5.9309607744e-01 -4.0816047788e-01 -4.4428715110e-01 -4.4770184159e-01 1.1637076735e-01 1.3558977842e+00 -4.7733268142e-01 -4.2590367794e-01 -3.7089768052e-01 1.9269262552e+00 2.6771633625e+00 2.2910728455e+00 6.0736840963e-01 6.0525107384e-01 -2.1984745562e-01 -3.8481938839e-01 1.3961149454e+00 1.1512649059e+00 7.6081436872e-01 1.2429641485e+00
-1.2683770061e-01 -7.7331997454e-02 -1.5411666036e-01 -1.4068882167e-01 -2.0912590623e-01 -2.1453312039e-01 -2.5142833591e-01 -3.8434854150e-01 -4.7022134066e-01 -5.1681542397e-01 -6.4183568954e-01 1.6080147028e-01 6.0376489162e-01 -1.1430015415e-01 5.4680395126e-01 3.5193137825e-02 2.9546210170e-01 1.0854563713e+00 7.0904648304e-01 3.8432639837e-01 1.0695866346e+00 -1.2123826742e+00 4.1718184948e-01 2.5791722536e-01 -4.6975284815e-02 -2.4604624510e-01 1.0004421696e-02 7.0457750559e-01 1.0071617365e+00 3.5338315368e-01 1.3458405435e-01 -3.1224784255e-01 -1.2822329998e-01 -2.5045666099e-01 -4.0765613317e-01 -6.6585093737e-01 -1.3961437941e+00 -1.3215669990e-01 -2.3033966124e-01 -3.7223899364e-01 -6.5275233984e-01 1.2630048990e+00 1.1022728682e+00 7.3635822535e-01 7.9038947821e-01 1.5703883171e+00 -1.7655644417e+00 2.2907199860e+00 1.9783530235e+00 2.5059757233e+00 1.3365429640e+00 1.3649407625e+00 1.1888983250e+00 1.0503647327e+00 1.3365430832e+00 -6.2708735466e-01 -3.7523621321e-01 -4.0765613317e-01 -4.1006249189e-01 1.0231486708e-01 1.3028893471e+00 -4.4421273470e-01 -3.8779193163e-01 -3.3095562458e-01 2.2018296719e+00 2.8266432285e+00 2.2958760262e+00 1.6080147028e-01 1.6596290469e-01 -6.5399259329e-01 -3.9540210366e-01 5.8484673500e-01 1.1313712597e+00 8.4028840065e-01 1.2748721838e+00
-1.2683770061e-01 -5.6678041816e-02 -7.7753551304e-02 -1.5410757065e-01 -1.4199751616e-01 -2.1039709449e-01 -2.1826203167e-01 -2.5202757120e-01 -3.8540452719e-01 -4.7029700875e-01 -5.1595127583e-01 6.0890197754e-01 1.5887507796e-01 6.0393530130e-01 -1.0458496958e-01 5.4129374027e-01 5.5789783597e-02 2.6756161451e-01 1.0960285664e+00 7.0048165321e-01 3.8345119357e-01 1.0656418800e+00 -1.0313174129e-01 4.2135879397e-01 2.5664097071e-01 -4.0684822947e-02 -2.4949982762e-01 3.9792824537e-03 7.2638738155e-01 9.8616552353e-01 3.4761914611e-01 1.3759256899e-01 -8.2313284278e-02 -1.9688406587e-01 -3.7674215436e-01 -6.4927011728e-01 -1.3858354092e+00 -8.1371597946e-02 -1.8517456949e-01 -3.3545005322e-01 -6.2694370747e-01 1.3446185589e+00 1.1741975546e+00 7.8206646442e-01 1.0109061003e+00 1.8479205370e+00 -1.8860604763e+00 2.5063328743e+00 2.1720438004e+00 2.7209877968e+00 1.4032626152e+00 1.4912606478e+00 1.1801513433e+00 1.2577625513e+00 1.4032624960e+00 -6.1186975241e-01 -3.1587547064e-01 -3.7674215436e-01 -4.0981298685e-01 2.0379990339e-01 1.3794176579e+00 -4.1527289152e-01 -3.5240307450e-01 -2.9330509901e-01 2.0556881428e+00 2.8379907608e+00 2.3128154278e+00 6.0890197754e-01 6.0675489902e-01 -7.3974949121e-01 -5.4067271948e-01 1.1960065365e+00 1.1962418556e+00 8.9436745644e-01 1.3579527140e+00
-1.2683770061e-01 2.0775470883e-02 -5.7115130126e-02 -7.7722541988e-02 -1.5542288125e-01 -1.4318798482e-01 -2.1411614120e-01 -2.1894732118e-01 -2.5300768018e-01 -3.8552960753e-01 -4.6951884031e-01 -5.6045299768e-01 6.0529273748e-01 1.5661513805e-01 6.1829960346e-01 -1.0505228490e-01 5.7543253899e-01 3.3662885427e-02 2.6973792911e-01 1.0853557587e+00 7.0158398151e-01 3.8160356879e-01 -2.2311730683e-01 -1.0106679797e-01 4.1912862659e-01 2.6565265656e-01 -4.2312588543e-02 -2.5305116177e-01 1.3886114582e-02 7.0988613367e-01 9.8409944773e-01 3.4796404839e-01 -6.4239792526e-02 -1.5524034202e-01 -3.5249754786e-01 -6.3383334875e-01 -1.3758668900e+00 -7.1487814188e-02 -1.6142302752e-01 -3.0920502543e-01 -6.0518121719e-01 1.3491132259e+00 1.2327170372e+00 6.3794630766e-01 1.2404235601e+00 1.7682601213e+00 -2.0156638622e+00 1.8533141613e+00 1.2303724289e+00 2.1812505722e+00 8.9467483759e-01 1.2987304926e+00 1.0008970499e+00 1.4610662460e+00 8.9467477798e-01 -5.7083970308e-01 -2.7830433846e-01 -3.5249754786e-01 -4.0065187216e-01 2.5076395273e-01 9.7712743282e-01 -3.8489332795e-01 -3.2892784476e-01 -3.3331584930e-01 1.5178931952e+00 2.3935039043e+00 2.2963964939e+00 -5.6045299768e-01 -5.4942339659e-01 -5.4084396362e-01 -4.9316492677e-01 -1.2369146347e+00 1.1724561453e+00 9.2832946777e-01 1.2712023258e+00
-1.2683770061e-01 -5.0481226295e-02 2.0280133933e-02 -5.7078201324e-02 -7.9000174999e-02 -1.5662948787e-01 -1.4674685895e-01 -2.1481218934e-01 -2.1990846097e-01 -2.5320985913e-01 -3.8490816951e-01 -5.1550559700e-02 -5.5967074633e-01 6.0547149181e-01 1.6808393598e-01 6.1223590374e-01 -8.8208310306e-02 5.4078775644e-01 3.3438190818e-02 2.6356607676e-01 1.0888655186e+00 6.9876408577e-01 -9.9537611008e-02 -2.2153940797e-01 -1.0024788231e-01 4.2959663272e-01 2.6674845815e-01 -4.7838997096e-02 -2.4751119316e-01 8.7916199118e-03 7.0620560646e-01 9.7648638487e-01 -4.4712934643e-02 -1.2280332297e-01 -3.2835957408e-01 -6.1718612909e-01 -1.3660880327e+00 -6.6983692348e-02 -1.4313827455e-01 -2.8607147932e-01 -5.8453691006e-01 1.3338701725e+00 1.2762105465e+00 4.7640570998e-01 1.3956792355e+00 1.5844069719e+00 -1.8087288141e+00 1.7982499599e+00 1.1531027555e+00 2.1353728771e+00 8.6650252342e-01 1.1310739517e+00 7.3626178503e-01 1.1121097803e+00 8.6650246382e-01 -6.3682770729e-01 -2.4775995314e-01 -3.2835957408e-01 -3.8468098640e-01 2.7278602123e-01 8.5038346052e-01 -3.6241573095e-01 -3.0492258072e-01 -3.6807286739e-01 1.8328343630e+00 2.0184662342e+00 2.2951462269e+00 -5.1550559700e-02 -4.3901320547e-02 -5.4945504665e-01 -4.9257019162e-01 8.7058979273e-01 1.1551569700e+00 9.5770192146e-01 1.1714179516e+00
-1.2683770061e-01 -5.6678041816e-02 -5.0922974944e-02 2.0339267328e-02 -5.8345645666e-02 -8.0114886165e-02 -1.6022039950e-01 -1.4761772752e-01 -2.1577095985e-01 -2.2012992203e-01 -2.5283297896e-01 1.2530767918e+00 -5.2679460496e-02 -5.6585592031e-01 6.1984574795e-01 1.6550570726e-01 6.4827305079e-01 -1.0686636716e-01 5.4576873779e-01 2.8553476557e-02 2.6193550229e-01 1.0848618746e+00 -3.7461423874e-01 -9.7458079457e-02 -2.2001735866e-01 -9.4434879720e-02 4.3215003610e-01 2.5827577710e-01 -3.8812544197e-02 -2.4842089415e-01 1.0137769859e-03 7.0206707716e-01 -8.5667446256e-03 -8.7646514177e-02 -2.9739311337e-01 -5.9692776203e-01 -1.3554822206e+00 -1.0475391522e-02 -9.8711825907e-02 -2.4942964315e-01 -5.5792921782e-01 1.4067919254e+00 1.3268975019e+00 5.5373966694e-01 1.6299325228e+00 2.6182637215e+00 -1.9676692486e+00 2.2950792313e+00 1.7724690437e+00 2.5969467163e+00 1.4155074358e+00 1.1354415417e+00 1.0102586746e+00 1.3831459284e+00 1.4155074358e+00 -5.6711554527e-01 -1.9074404240e-01 -2.9739311337e-01 -3.8198924065e-01 3.6425602436e-01 1.2318965197e+00 -3.3050799370e-01 -2.7577334642e-01 -3.3254882693e-01 1.8606871367e+00 2.4002082348e+00 2.3279640675e+00 1.2530767918e+00 1.2355879545e+00 -4.8952570558e-01 -4.0300223231e-01 1.3057178259e+00 1.1791589260e+00 9.9919825792e-01 1.2870076895e+00
-1.2683770061e-01 1.0235992819e-01 -5.7115130126e-02 -5.0884269178e-02 1.9110010937e-02 -5.9435516596e-02 -8.3523459733e-02 -1.6105630994e-01 -1.4853794873e-01 -2.1599483490e-01 -2.1981418133e-01 -2.0294597745e-01 1.2470483780e+00 -5.6095082313e-02 -5.5906361341e-01 6.1377006769e-01 1.8958924711e-01 6.1187350750e-01 -1.0853362083e-01 5.3809332848e-01 2.5452898815e-02 2.6045927405e-01 -3.3445188403e-01 -3.7365126610e-01 -9.6660219133e-02 -2.1527782083e-01 -9.6540525556e-02 4.2210060358e-01 2.7250307798e-01 -4.3063364923e-02 -2.5770187378e-01 5.6923441589e-03 1.8231661990e-02 -5.8453753591e-02 -2.6653161645e-01 -5.7865095139e-01 -1.3453124762e+00 1.8511155620e-02 -6.7146666348e-02 -2.1882763505e-01 -5.3346472979e-01 1.4322178364e+00 1.3729879856e+00 5.0432580709e-01 1.8538584709e+00 2.4788420200e+00 -2.0275495052e+00 2.0724735260e+00 1.4699299335e+00 2.4093852043e+00 1.2263731956e+00 1.2537535429e+00 9.8344391584e-01 1.1001532078e+00 1.2263731956e+00 -6.1465775967e-01 -1.4964593947e-01 -2.6653161645e-01 -3.6361339688e-01 3.9907914400e-01 1.0130352974e+00 -3.0063727498e-01 -2.4432604015e-01 -3.6041998863e-01 1.9434584379e+00 2.3806803226e+00 2.3238570690e+00 -2.0294597745e-01 -1.9390909374e-01 -4.5231065154e-01 -4.0279501677e-01 -7.4070525169e-01 1.1646713018e+00 1.0471961498e+00 1.2826359272e+00
-1.2683770061e-01 7.6542094350e-02 1.0180324316e-01 -5.7078201324e-02 -5.2148655057e-02 1.8113294616e-02 -6.2794812024e-02 -8.4558390081e-02 -1.6198423505e-01 -1.4880099893e-01 -2.1568672359e-01 5.9189486504e-01 -2.0350629091e-01 1.2507328987e+00 -4.6003144234e-02 -5.5601251125e-01 6.4984822273e-01 1.6423916817e-01 6.1758422852e-01 -1.1264500022e-01 5.3817993402e-01 2.4699466303e-02 -7.3515599966e-01 -3.3332589269e-01 -3.7124145031e-01 -9.0815059841e-02 -2.1845784783e-01 -1.0154998302e-01 4.3911123276e-01 2.6326826215e-01 -5.1144253463e-02 -2.4978858232e-01 4.4821657240e-02 -2.1936662495e-02 -2.2995389998e-01 -5.5806243420e-01 -1.3345621824e+00 6.3546031713e-02 -2.7161728591e-02 -1.8359072506e-01 -5.0670474768e-01 1.4841549397e+00 1.4211791754e+00 5.2690935135e-01 2.0786061287e+00 2.4148163795e+00 -2.1170892715e+00 2.2898244858e+00 1.7282364368e+00 2.6149330139e+00 1.4197291136e+00 1.4510813951e+00 1.0000550747e+00 9.4958204031e-01 1.4197291136e+00 -6.1436146498e-01 -1.0499513149e-01 -2.2995389998e-01 -3.3778104186e-01 4.2571747303e-01 1.1233031750e+00 -2.6553338766e-01 -2.1174746752e-01 -3.3739143610e-01 2.1499099731e+00 2.3464598656e+00 2.3339297771e+00 5.9189486504e-01 5.9007591009e-01 -4.4125771523e-01 -4.1938108206e-01 1.2832064629e+00 1.1259657145e+00 1.1078152657e+00 1.3422124386e+00
-1.2683770061e-01 1.5296345949e-01 7.6004825532e-02 1.0188575834e-01 -5.8345645666e-02 -5.3231075406e-02 1.4938796870e-02 -6.3883535564e-02 -8.5442453623e-02 -1.6223944724e-01 -1.4861707389e-01 2.1245373413e-02 5.8834946156e-01 -2.0774586499e-01 1.2692837715e+00 -4.6923976392e-02 -5.5123525858e-01 6.1341077089e-01 1.6535487771e-01 6.0951763391e-01 -1.1662875861e-01 5.3585940599e-01 -9.8870956898e-01 -7.3565655947e-01 -3.3115142584e-01 -3.6785724759e-01 -9.2888526618e-02 -2.2230508924e-01 -9.3436062336e-02 4.2720913887e-01 2.5697761774e-01 -4.5813545585e-02 8.6369208992e-02 8.0935051665e-03 -1.9475175440e-01 -5.3608620167e-01 -1.3233634233e+00 9.4611279666e-02 6.1272047460e-03 -1.5140397847e-01 -4.8086282611e-01 1.5103626251e+00 1.4654436111e+00 4.8469334841e-01 2.3022527695e+00 2.4647016525e+00 -2.1738543510e+00 2.2983937263e+00 1.7382335663e+00 2.6230890751e+00 1.2558040619e+00 1.3941174746e+00 1.0055171251e+00 8.7436079979e-01 1.2558041811e+00 -6.5502071381e-01 -6.7531481385e-02 -1.9475175440e-01 -3.0742332339e-01 4.3179422617e-01 1.0132467747e+00 -2.2955168784e-01 -1.7733125389e-01 -3.1177437305e-01 2.1309649944e+00 2.2932429314e+00 2.3343803883e+00 2.1245373413e-02 2.8112834319e-02 -4.4509330392e-01 -4.1401097178e-01 -9.8311826587e-02 1.1551574469e+00 1.1586434841e+00 1.3408137560e+00
-1.2683770061e-01 1.5606147051e-01 1.5236872435e-01 7.6079934835e-02 1.0069673508e-01 -5.9435516596e-02 -5.6575588882e-02 1.3648347929e-02 -6.4755745232e-02 -8.5742242634e-02 -1.6203068197e-01 -4.7257134318e-01 1.9843084738e-02 5.8843564987e-01 -1.9863554835e-01 1.2581803799e+00 -2.8524611145e-02 -5.5873924494e-01 6.1913728714e-01 1.5975159407e-01 6.1005097628e-01 -1.1694794148e-01 -8.5317736864e-01 -9.9023938179e-01 -7.3113387823e-01 -3.2740792632e-01 -3.7239384651e-01 -9.7932800651e-02 -2.1624276042e-01 -9.6812404692e-02 4.2187657952e-01 2.5845584273e-01 1.1690641195e-01 3.3309966326e-02 -1.6505582631e-01 -5.1635617018e-01 -1.3122656345e+00 9.4822019339e-02 2.2074772045e-02 -1.2830147147e-01 -4.5862799883e-01 1.4760242701e+00 1.4933717251e+00 3.0906414986e-01 2.5227291584e+00 2.2607288361e+00 -2.2659761906e+00 1.7525041103e+00 9.6283566952e-01 2.1698803902e+00 6.4801245928e-01 1.1878246069e+00 8.7233406305e-01 7.1840691566e-01 6.4801234007e-01 -6.3312953711e-01 -4.5495778322e-02 -1.6505582631e-01 -2.7226197720e-01 4.0336054564e-01 7.3450148106e-01 -1.9602820277e-01 -1.4613154531e-01 -3.4329408407e-01 1.7684190273e+00 1.8312824965e+00 2.3234834671e+00 -4.7257134318e-01 -4.6186369658e-01 -3.8286408782e-01 -3.7361338735e-01 -1.6923696995e+00 1.1609958410e+00 1.1973861456e+00 1.2174044847e+00
-1.2683770061e-01 9.5130965114e-02 1.5546441078e-01 1.5246573091e-01 7.4878185987e-02 9.9798135459e-02 -6.2794812024e-02 -5.7680450380e-02 1.2820611708e-02 -6.5067581832e-02 -8.5674867034e-02 2.4590604007e-01 -4.7211909294e-01 1.6823643818e-02 6.0269963741e-01 -1.9837473333e-01 1.3115016222e+00 -4.8620417714e-02 -5.6504499912e-01 6.1106216908e-01 1.5747165680e-01 6.0751080513e-01 -5.4412364960e-01 -8.5415697098e-01 -9.8423087597e-01 -7.3097532988e-01 -3.3158487082e-01 -3.7477365136e-01 -8.9757427573e-02 -2.1765303612e-01 -1.0520740598e-01 4.2129305005e-01 1.2189253420e-01 5.4027259350e-02 -1.3340036571e-01 -4.9451187253e-01 -1.3012371063e+00 1.0573402047e-01 4.1054811329e-02 -1.0423619300e-01 -4.3590295315e-01 1.4528349638e+00 1.5106606483e+00 1.9468221068e-01 2.5970187187e+00 1.8660871983e+00 -1.7770372629e+00 1.8660465479e+00 1.1384520531e+00 2.2681231499e+00 8.3636397123e-01 9.7974681854e-01 6.9097352028e-01 6.2962049246e-01 8.3636397123e-01 -6.3736188412e-01 -2.6709046215e-02 -1.3340036571e-01 -2.3008874059e-01 3.5684075952e-01 7.5981181860e-01 -1.6484074295e-01 -1.1802534014e-01 -3.1665456295e-01 2.0483024120e+00 1.4263138771e+00 2.3283550739e+00 2.4590604007e-01 2.4989371002e-01 -4.1292348504e-01 -3.8034349680e-01 1.2088272572e+00 1.0524462461e+00 1.2358610630e+00 1.1481083632e+00
-1.2683770061e-01 1.2714561820e-01 9.4579719007e-02 1.5556231141e-01 1.5130166709e-01 7.3948532343e-02 9.6818290651e-02 -6.3883535564e-02 -5.8549098670e-02 1.2463600375e-02 -6.5038412809e-02 -1.4568091631e+00 2.4366004765e-01 -4.7782605886e-01 2.7387578040e-02 5.9675669670e-01 -1.8402788043e-01 1.2591252327e+00 -4.9689762294e-02 -5.6666976213e-01 6.1160516739e-01 1.5631471574e-01 -7.9964148998e-01 -5.4384875298e-01 -8.4894263744e-01 -9.8634076118e-01 -7.3874032497e-01 -3.3435371518e-01 -3.7130171061e-01 -9.3192659318e-02 -2.2675421834e-01 -9.9200740457e-02 9.4263635576e-02 5.3608953953e-02 -1.0402105749e-01 -4.7744634748e-01 -1.2918876410e+00 4.9775213003e-02 2.1760044619e-02 -1.0103157908e-01 -4.2207247019e-01 1.3009203672e+00 1.4913846254e+00 -1.9842080772e-01 2.4959914684e+00 1.2288706303e+00 -1.1447188854e+00 4.8749059439e-01 -4.8252373934e-01 1.0522421598e+00 -6.8994897604e-01 2.8572517633e-01 3.0151894689e-01 2.1587543190e-01 -6.8994897604e-01 -5.4422152042e-01 -6.3446119428e-02 -1.0402105749e-01 -1.3687726855e-01 1.2544761598e-01 5.0361279398e-02 -1.3858738542e-01 -8.6718820035e-02 -3.5632279515e-01 1.9862698317e+00 9.0459543467e-01 2.2859182358e+00 -1.4568091631e+00 -1.4488229752e+00 -7.6024949551e-02 -3.1784966588e-01 -1.6737216711e+00 8.1739890575e-01 1.2827117443e+00 8.2068675756e-01
-1.2683770061e-01 -6.0808200389e-02 1.2657029927e-01 9.4660162926e-02 1.5439976752e-01 1.5046392381e-01 7.0907086134e-02 9.5315366983e-02 -6.4755745232e-02 -5.8864548802e-02 1.2349462137e-02 -1.9028933346e-01 -1.4526605606e+00 2.4186326563e-01 -4.7046393156e-01 2.5898573920e-02 6.3237965107e-01 -2.0037770271e-01 1.2714800835e+00 -5.4121673107e-02 -5.7349342108e-01 6.0906028748e-01 -1.1746648699e-01 -8.0040377378e-01 -5.4044550657e-01 -8.4983998537e-01 -9.9637609720e-01 -7.3762774467e-01 -3.3019503951e-01 -3.7022960186e-01 -1.0156650096e-01 -2.1922786534e-01 4.6484224498e-02 4.2936578393e-02 -8.2318358123e-02 -4.6163576841e-01 -1.2829731703e+00 4.4779172167e-03 1.5732796164e-03 -1.0047908127e-01 -4.0979576111e-01 1.1526918411e+00 1.4436601400e+00 -5.0426709652e-01 2.1531057358e+00 6.5039902925e-01 1.3302855194e-01 3.4403494000e-01 -6.2346476316e-01 9.1806524992e-01 -6.3760322332e-01 -1.7283506691e-01 -2.6404002309e-01 -2.2005215287e-02 -6.3760310411e-01 -4.3785220385e-01 -9.2251554132e-02 -8.2318358123e-02 -6.6355608404e-02 -5.0322435796e-02 -1.3374273479e-01 -1.1224641651e-01 -7.1340277791e-02 -4.1637519002e-01 1.9414407015e+00 2.2150437534e-01 2.2776286602e+00 -1.9028933346e-01 -1.8135611713e-01 -1.2695892155e-01 -3.6153924465e-01 9.0594023466e-01 5.2980571985e-01 1.3061944246e+00 5.6665593386e-01
-1.2683770061e-01 -8.4560960531e-02 -6.1242181808e-02 1.2665991485e-01 9.3467570841e-02 1.5356574953e-01 1.4760482311e-01 6.9471403956e-02 9.4534471631e-02 -6.5067581832e-02 -5.8846846223e-02 6.1081486940e-01 -1.9089719653e-01 -1.4637240171e+00 2.5388386846e-01 -4.6809870005e-01 4.6246517450e-02 5.9636294842e-01 -2.0300483704e-01 1.2598518133e+00 -5.7739377022e-02 -5.7241618633e-01 9.4982421398e-01 -1.1545973271e-01 -7.9550319910e-01 -5.3857791424e-01 -8.5866177082e-01 -9.9280750751e-01 -7.4032062292e-01 -3.2978102565e-01 -3.8022243977e-01 -9.5605365932e-02 1.3661582023e-02 4.7331176698e-02 -5.9026867151e-02 -4.4261050224e-01 -1.2733204365e+00 3.3720908687e-04 -5.9368857183e-04 -9.2326559126e-02 -3.9470246434e-01 1.0724066496e+00 1.3879837990e+00 -5.8975583315e-01 1.8769049644e+00 6.7894524336e-01 -1.6539335251e-01 7.0962995291e-01 -2.7061926201e-02 1.2116000652e+00 -1.0480405390e-01 -5.0853592157e-01 -3.6249913275e-02 1.1153375357e-01 -1.0480405390e-01 -4.0457466245e-01 -1.2027745694e-01 -5.9026867151e-02 6.4450744539e-03 -2.2803279757e-01 1.4947836101e-01 -8.8609643281e-02 -5.0834748894e-02 -3.7951976061e-01 2.0152919292e+00 1.6590861976e-01 2.2942624092e+00 6.1081486940e-01 6.0863065720e-01 -1.1224349588e-01 -3.5045406222e-01 1.4293293953e+00 2.9800134897e-01 1.3242462873e+00 4.9974858761e-01
-1.2683770061e-01 -7.1074473672e-03 -8.4977075458e-02 -6.1206437647e-02 1.2548311055e-01 9.2560276389e-02 1.5071403980e-01 1.4597009122e-01 6.8675681949e-02 9.4129867852e-02 -6.5038412809e-02 -2.9458546638e-01 6.0719841719e-01 -1.9506788254e-01 -1.4627436399e+00 2.5064140558e-01 -4.6096909046e-01 2.4349512532e-02 6.0191446543e-01 -2.0660164952e-01 1.2644528151e+00 -5.8238543570e-02 -2.6474240422e-01 9.5616316795e-01 -1.1455680430e-01 -7.9592156410e-01 -5.4463231564e-01 -8.5640603304e-01 -9.9983584881e-01 -7.3334074020e-01 -3.3953750134e-01 -3.7077724934e-01 -1.4383355156e-02 4.8586893827e-02 -4.1981495917e-02 -4.2495027184e-01 -1.2641528845e+00 -1.4931006357e-02 -9.2543344945e-03 -8.8624201715e-02 -3.8178408146e-01 9.7449648380e-01 1.3221051693e+00 -6.9944113493e-01 1.6204329729e+00 4.5417806506e-01 -3.3485373855e-01 4.7334235907e-01 -2.9473227262e-01 9.9648445845e-01 -3.6054810882e-01 -3.9104342461e-01 -9.5463901758e-02 -1.5657833219e-01 -3.6054810882e-01 -4.3916696310e-01 -1.4642655849e-01 -4.1981495917e-02 6.5350972116e-02 -3.7700334191e-01 -1.4923828840e-01 -7.1646533906e-02 -3.2486502081e-02 -4.0612173080e-01 1.8939999342e+00 2.2076264024e-02 2.2885489464e+00 -2.9458546638e-01 -2.8486543894e-01 -1.0014364123e-01 -3.5697835684e-01 1.1906538159e-01 1.1160662770e-01 1.3244758844e+00 3.9516180754e-01
-1.2683770061e-01 -4.4285196811e-02 -7.5818141922e-03 -8.4948144853e-02 -6.2475919724e-02 1.2461432070e-01 8.9563183486e-02 1.4907124639e-01 1.4521825314e-01 6.8286143243e-02 9.3864791095e-02 8.4419804811e-01 -2.9480162263e-01 6.0738760233e-01 -1.8587550521e-01 -1.4526964426e+00 2.7700299025e-01 -4.7064757347e-01 2.4029217660e-02 5.9393322468e-01 -2.1117310226e-01 1.2599124908e+00 -8.0160570145e-01 -2.6333343983e-01 9.5081162453e-01 -1.0887205601e-01 -8.0426400900e-01 -5.4537016153e-01 -8.6111688614e-01 -9.8870122433e-01 -7.4545568228e-01 -3.3060097694e-01 -2.7263104916e-02 4.4610597193e-02 -2.6207480580e-02 -4.0607872605e-01 -1.2544307709e+00 1.1024164036e-02 3.5587972961e-03 -7.4663974345e-02 -3.6479824781e-01 9.5441651344e-01 1.2650259733e+00 -6.0483688116e-01 1.4544668198e+00 8.5779809952e-01 -5.3922867775e-01 9.5108556747e-01 4.3069416285e-01 1.3873897791e+00 3.7826725841e-01 -2.8697375208e-02 2.8735011816e-01 2.6183736324e-01 3.7826740742e-01 -4.4321921468e-01 -1.4841939509e-01 -2.6207480580e-02 9.7700096667e-02 -4.3775492907e-01 4.7219139338e-01 -5.7632792741e-02 -1.4137443155e-02 -3.8280189037e-01 1.7607864141e+00 -8.9128836989e-02 2.3030776978e+00 8.4419804811e-01 8.3710408211e-01 -2.1501807868e-01 -3.8744828105e-01 1.3818823099e+00 -6.4581437036e-03 1.3159089088e+00 4.6372687817e-01
-1.2683770061e-01 6.3117101789e-02 -4.4731605798e-02 -7.5306748040e-03 -8.6229339242e-02 -6.3570760190e-02 1.2169361860e-01 8.8079087436e-02 1.4832118154e-01 1.4478413761e-01 6.8068832159e-02 -2.0544667244e+00 8.3970510960e-01 -2.9953992367e-01 6.2177425623e-01 -1.8571346998e-01 -1.4719126225e+00 2.4954716861e-01 -4.7604906559e-01 1.9195754081e-02 5.9436905384e-01 -2.1120332181e-01 -9.7345542908e-01 -8.0237597227e-01 -2.6156747341e-01 9.6604496241e-01 -1.1110606045e-01 -8.0252677202e-01 -5.4479664564e-01 -8.5220313072e-01 -1.0023086071e+00 -7.3144394159e-01 -5.5307250470e-02 1.6568977386e-02 -2.5625113398e-02 -3.9343917370e-01 -1.2461344004e+00 -6.0268856585e-02 -3.4748926759e-02 -8.8048830628e-02 -3.5969385505e-01 7.6341658831e-01 1.1777378321e+00 -9.2961120605e-01 1.2380207777e+00 1.5502089262e-01 3.9960765839e-01 -3.9820998907e-01 -9.6925425529e-01 9.7258843482e-02 -1.4332518578e+00 -5.0253516436e-01 -7.7978175879e-01 -3.4236317873e-01 -1.4332519770e+00 -2.3646852374e-01 -1.4977131784e-01 -2.5625113398e-02 1.0017031431e-01 -4.4440624118e-01 -1.3368184566e+00 -4.2758926749e-02 -1.9105024636e-02 -4.3327364326e-01 1.2322721481e+00 -6.9963032007e-01 2.2268917561e+00 -2.0544667244e+00 -2.0550112724e+00 2.1993520856e-01 -8.1919826567e-02 -1.2755546570e+00 -1.2560433149e-01 1.2741067410e+00 1.4077991247e-01
-1.2683770061e-01 -2.0022514462e-01 6.2589928508e-02 -4.4691123068e-02 -8.7736798450e-03 -8.7352745235e-02 -6.6939912736e-02 1.2012613565e-01 8.7294042110e-02 1.4788526297e-01 1.4442543685e-01 -4.9988222122e-01 -2.0480737686e+00 8.4116446972e-01 -2.9102376103e-01 6.1568361521e-01 -1.7102782428e-01 -1.4572379589e+00 2.5153857470e-01 -4.7815859318e-01 1.6036646441e-02 5.9187686443e-01 4.4819170237e-01 -9.7492331266e-01 -7.9746389389e-01 -2.5720033050e-01 9.7336786985e-01 -1.1597666144e-01 -8.0632227659e-01 -5.4094696045e-01 -8.6501270533e-01 -9.8508542776e-01 -9.1038197279e-02 -2.5493852794e-02 -2.8430333361e-02 -3.8242924213e-01 -1.2384059429e+00 -1.2864421308e-01 -7.7571235597e-02 -1.0628025234e-01 -3.5742741823e-01 5.6676739454e-01 1.0650511980e+00 -1.2026667595e+00 1.0598703623e+00 -5.5353950709e-02 3.7589964271e-01 -6.4199286699e-01 -1.1808815002e+00 -1.5270847082e-01 -1.7816790342e+00 -1.0094318390e+00 -1.4399275780e+00 -8.4682285786e-01 -1.7816790342e+00 -2.6552554965e-01 -1.4209355414e-01 -2.8430333361e-02 8.7107233703e-02 -4.0834337473e-01 -1.6680279970e+00 -4.3127898127e-02 -2.0218461752e-02 -4.6708241105e-01 8.7794268131e-01 -6.5859514475e-01 2.2145247459e+00 -4.9988222122e-01 -4.8906278610e-01 1.4902335405e-01 -6.7287445068e-02 -1.6304749250e+00 -2.6291385293e-01 1.2257262468e+00 -1.3985744119e-01
-1.2683770061e-01 -2.6218780875e-01 -2.0055429637e-01 6.2661193311e-02 -4.5952457935e-02 -9.8039312288e-03 -9.0778566897e-02 -6.8017877638e-02 1.1935947090e-01 8.6893655360e-02 1.4752082527e-01 2.2268740833e-01 -4.9932742119e-01 -2.0623898506e+00 8.5706430674e-01 -2.9004773498e-01 6.5181303024e-01 -1.8769082427e-01 -1.4727669954e+00 2.4546584487e-01 -4.8442858458e-01 1.5311990865e-02 -4.2426344752e-01 4.5249453187e-01 -9.6900421381e-01 -7.9789984226e-01 -2.6075306535e-01 9.5815908909e-01 -1.0810784996e-01 -7.9828578234e-01 -5.5193752050e-01 -8.4950613976e-01 -1.3674059510e-01 -6.5045252442e-02 -3.3247593790e-02 -3.7251970172e-01 -1.2303301096e+00 -1.6484658420e-01 -1.0744231939e-01 -1.2002062798e-01 -3.5406240821e-01 4.2418688536e-01 9.4382894039e-01 -1.2944307327e+00 9.5835924149e-01 -2.8874099255e-01 6.8377107382e-01 -5.0405627489e-01 -9.8130553961e-01 -3.9646346122e-02 -1.1832433939e+00 -1.5663996935e+00 -1.5518610477e+00 -7.2485232353e-01 -1.1832432747e+00 -2.7145546675e-01 -1.3381147385e-01 -3.3247593790e-02 6.9569312036e-02 -3.6329606175e-01 -1.3804765940e+00 -4.5744471252e-02 -2.8367754072e-02 -4.1803783178e-01 8.9565920830e-01 -7.3464745283e-01 2.2226550579e+00 2.2268740833e-01 2.2700531781e-01 1.6741321981e-01 -8.2830540836e-02 9.9514609575e-01 -4.3352329731e-01 1.1739037037e+00 -2.6640370488e-01
-1.2683770061e-01 -2.3430410028e-01 -2.6247036457e-01 -2.0055851340e-01 6.1452817172e-02 -4.7027423978e-02 -1.3044954278e-02 -9.1794669628e-02 -6.8892456591e-02 1.1894041300e-01 8.6641952395e-02 -2.1063946187e-01 2.2052861750e-01 -5.0518298149e-01 -2.0652844906e+00 8.4915214777e-01 -2.7815383673e-01 6.1532819271e-01 -1.9018772244e-01 -1.4694472551e+00 2.4372203648e-01 -4.8362362385e-01 3.7346714735e-01 -4.2350199819e-01 4.5008265972e-01 -9.7097760439e-01 -8.0625987053e-01 -2.6419714093e-01 9.8427712917e-01 -1.1124930531e-01 -8.1078022718e-01 -5.4034537077e-01 -1.8015754223e-01 -1.0103946924e-01 -3.8699720055e-02 -3.6360135674e-01 -1.2227662802e+00 -1.9766768813e-01 -1.3666467369e-01 -1.3500329852e-01 -3.5192945600e-01 2.9196959734e-01 8.1803691387e-01 -1.3435612917e+00 8.3262193203e-01 -2.8896635771e-01 3.9598158002e-01 -6.1278778315e-01 -1.0892550945e+00 -1.4749145508e-01 -1.3333181143e+00 -1.5307548046e+00 -1.3965591192e+00 -9.5363605022e-01 -1.3333181143e+00 -2.6877537370e-01 -1.2403729558e-01 -3.8699720055e-02 4.9320213497e-02 -3.1087127328e-01 -1.4238014221e+00 -5.0573274493e-02 -3.4819379449e-02 -4.5018166304e-01 9.7969335318e-01 -7.7176022530e-01 2.2177367210e+00 -2.1063946187e-01 -2.0154066384e-01 1.6467766464e-01 -8.1335723400e-02 -2.4774885178e-01 -5.9202349186e-01 1.1232285500e+00 -3.6751118302e-01
-1.2683770061e-01 -2.6012194157e-01 -2.3460762203e-01 -2.6249232888e-01 -2.0189674199e-01 6.0507021844e-02 -5.0357151777e-02 -1.4262785204e-02 -9.2682883143e-02 -6.9201879203e-02 1.1862947792e-01 8.4007704258e-01 -2.1117089689e-01 2.1860547364e-01 -4.9799796939e-01 -2.0505726337e+00 8.9152866602e-01 -2.9223623872e-01 6.2107443810e-01 -1.9385433197e-01 -1.4819177389e+00 2.4230149388e-01 -5.1144206524e-01 3.7746664882e-01 -4.2080122232e-01 4.6082806587e-01 -9.8087632656e-01 -8.0450361967e-01 -2.5884655118e-01 9.6364736557e-01 -1.1972866952e-01 -7.9595172405e-01 -2.2419737279e-01 -1.2970934808e-01 -4.2722988874e-02 -3.5201939940e-01 -1.2145960331e+00 -1.8445670605e-01 -1.4124991000e-01 -1.3825450838e-01 -3.4543815255e-01 2.5084868073e-01 7.0844167471e-01 -1.1694309711e+00 6.6780030727e-01 -1.5084996819e-01 1.4493846893e-01 -9.3600042164e-02 -3.2402935624e-01 2.7566722035e-01 -7.2701889277e-01 -1.1545729637e+00 -9.5288646221e-01 -7.2097271681e-01 -7.2701889277e-01 -2.7564197779e-01 -1.2289486080e-01 -4.2722988874e-02 4.0436603129e-02 -2.9312813282e-01 -7.7773362398e-01 -5.4682616144e-02 -3.8107901812e-02 -4.1407883167e-01 8.5293734074e-01 -7.1294134855e-01 2.2401199341e+00 8.4007704258e-01 8.3307617903e-01 2.5959998369e-01 -5.9954069555e-02 1.2566276789e+00 -7.5895732641e-01 1.0684610605e+00 -2.7676278353e-01
-1.2683770061e-01 -1.5581843257e-01 -2.6040604711e-01 -2.3462158442e-01 -2.6386111975e-01 -2.0315924287e-01 5.7433549315e-02 -5.1478154957e-02 -1.5106528997e-02 -9.2978455126e-02 -6.9165073335e-02 -4.7264984250e-01 8.3559954166e-01 -2.1545232832e-01 2.3047553003e-01 -4.9541956186e-01 -2.0857868195e+00 8.4926921129e-01 -2.9580631852e-01 6.1298877001e-01 -1.9834606349e-01 -1.4780640602e+00 -3.0415248871e-01 -5.1103454828e-01 3.7549266219e-01 -4.1786122322e-01 4.6365913749e-01 -9.7745549679e-01 -8.0833268166e-01 -2.5957477093e-01 9.6144962311e-01 -1.1354045570e-01 -2.2710567713e-01 -1.4530000091e-01 -5.0822023302e-02 -3.4279277921e-01 -1.2069494724e+00 -1.9545379281e-01 -1.5590725839e-01 -1.4701183140e-01 -3.4170782566e-01 1.7940697074e-01 6.0519605875e-01 -1.1011669636e+00 4.8843476176e-01 -2.1486221254e-01 -1.2212757021e-01 -3.6038702726e-01 -6.3833183050e-01 2.1973824129e-02 -1.0691894293e+00 -1.1138917208e+00 -9.2164498568e-01 -7.2099548578e-01 -1.0691894293e+00 -2.6096680760e-01 -1.1937643588e-01 -5.0822023302e-02 2.1337110549e-02 -2.5314632058e-01 -1.0285594463e+00 -5.8282315731e-02 -4.8200853169e-02 -4.4157233834e-01 6.3668972254e-01 -1.0504120588e+00 2.2306137085e+00 -4.7264984250e-01 -4.6194183826e-01 9.8211549222e-02 -5.1584854722e-02 -5.3725934029e-01 -7.3798245192e-01 1.0071536303e+00 -2.9048818350e-01
-1.2683770061e-01 -2.1468308568e-01 -1.5618097782e-01 -2.6042741537e-01 -2.3597663641e-01 -2.6519814134e-01 -2.0686103404e-01 5.6032828987e-02 -5.2343241870e-02 -1.5447275713e-02 -9.2897698283e-02 -1.7697104812e-01 -4.7219729424e-01 8.3703649044e-01 -2.0639190078e-01 2.2741428018e-01 -4.8902103305e-01 -2.0563242435e+00 8.5741686821e-01 -2.9889762402e-01 6.1354380846e-01 -1.9841548800e-01 -7.5492376089e-01 -3.0290353298e-01 -5.0782281160e-01 3.8556957245e-01 -4.2284238338e-01 4.5330935717e-01 -9.8422300816e-01 -8.0026400089e-01 -2.6892095804e-01 9.5411980152e-01 -2.2191272676e-01 -1.6068069637e-01 -6.4002439380e-02 -3.3385261893e-01 -1.1996312141e+00 -2.1008187532e-01 -1.7191745341e-01 -1.5707764030e-01 -3.3904698491e-01 1.0830120742e-01 5.0710338354e-01 -1.0457687378e+00 3.2188105583e-01 -4.3682646751e-01 -3.3867931366e-01 -4.5768547058e-01 -7.5296473503e-01 -7.0527397096e-02 -1.1952518225e+00 -1.0646455288e+00 -8.6108261347e-01 -8.4215945005e-01 -1.1952519417e+00 -2.6722249389e-01 -1.2131086737e-01 -6.4002439380e-02 -2.0996395033e-03 -2.1446783841e-01 -1.0390619040e+00 -6.8099081516e-02 -5.8506622910e-02 -4.9277445674e-01 9.3733044341e-03 -1.5013502836e+00 2.2240474224e+00 -1.7697104812e-01 -1.6814933717e-01 9.8026290536e-02 -7.9729236662e-02 -1.1654161215e+00 -6.6251641512e-01 9.2848283052e-01 -3.1727859378e-01
-1.2683770061e-01 -2.3636996746e-01 -2.1500135958e-01 -1.5617246926e-01 -2.6179519296e-01 -2.3728011549e-01 -2.6904776692e-01 -2.0757591724e-01 5.5229399353e-02 -5.2662305534e-02 -1.5509826131e-02 6.5472906828e-01 -1.7762891948e-01 -4.7790464759e-01 8.5290962458e-01 -2.0607103407e-01 2.5315436721e-01 -4.9802371860e-01 -2.0780029297e+00 8.4804385900e-01 -3.0404636264e-01 6.1099296808e-01 4.8643159866e-01 -7.5550454855e-01 -3.0090659857e-01 -5.0566285849e-01 3.8773155212e-01 -4.2474126816e-01 4.7085019946e-01 -9.7333836555e-01 -8.1277000904e-01 -2.6086735725e-01 -2.0591704547e-01 -1.7564390600e-01 -6.9348752499e-02 -3.2363480330e-01 -1.1918017864e+00 -1.9238583744e-01 -1.6990141571e-01 -1.5812461078e-01 -3.3301684260e-01 1.0292814672e-01 4.2745828629e-01 -8.4744137526e-01 2.1565806866e-01 -6.9428783655e-01 -2.6616385579e-01 -4.4308669865e-02 -1.3678406179e-01 2.6454162598e-01 -5.3221374750e-01 -9.9516129494e-01 -7.3954415321e-01 -2.2595815361e-01 -5.3221374750e-01 -2.3560658097e-01 -1.2322037667e-01 -6.9348752499e-02 -1.0484231636e-02 -2.0264609158e-01 -5.7483851910e-01 -7.6791249216e-02 -6.8635985255e-02 -4.4897070527e-01 6.2580096722e-01 -9.9753701687e-01 2.2452318668e+00 6.5472906828e-01 6.5167814493e-01 1.0518349707e-01 -6.2451615930e-02 1.2665336132e+00 -5.7407641411e-01 8.7367701530e-01 -2.1355704963e-01
-1.2683770061e-01 -1.5478549898e-01 -2.3667193949e-01 -2.1500970423e-01 -1.5748879313e-01 -2.6312971115e-01 -2.4106322229e-01 -2.6960125566e-01 -2.0853053033e-01 5.4847687483e-02 -5.2656069398e-02 -1.5196504593e+00 6.5094774961e-01 -1.8172712624e-01 -4.7054305673e-01 8.4502959251e-01 -1.9193011522e-01 2.2627304494e-01 -5.0370621681e-01 -2.0713863373e+00 8.5006916523e-01 -3.0379274487e-01 9.9059194326e-02 4.9088966846e-01 -7.5086599588e-01 -2.9689201713e-01 -5.1142460108e-01 3.7810555100e-01 -4.2211827636e-01 4.5844000578e-01 -9.8685592413e-01 -7.9791665077e-01 -2.2295083106e-01 -2.0609237254e-01 -8.4117963910e-02 -3.1656616926e-01 -1.1852276325e+00 -2.4451646209e-01 -2.0345771313e-01 -1.7784431577e-01 -3.3531492949e-01 -2.0937239751e-02 3.3674797416e-01 -9.6640163660e-01 1.8074719608e-01 -1.0006868839e+00 -1.6154541075e-01 -8.4543329477e-01 -1.0774674416e+00 -4.9986428022e-01 -1.6623195410e+00 -1.2067220211e+00 -1.0264184475e+00 -6.1855530739e-01 -1.6623195410e+00 -1.4192473888e-01 -1.1228352040e-01 -8.4117963910e-02 -4.9825046211e-02 -1.1362730712e-01 -1.3778043985e+00 -7.9689174891e-02 -8.8203676045e-02 -4.9219745398e-01 9.3298718333e-02 -1.0658546686e+00 2.1969900131e+00 -1.5196504593e+00 -1.5123143196e+00 2.8779533505e-01 5.7552400976e-02 -1.4011440277e+00 -5.8467203379e-01 7.9577106237e-01 -3.9614173770e-01
-1.2683770061e-01 -3.4480440617e-01 -1.5514881909e-01 -2.3668649793e-01 -2.1635507047e-01 -1.5869790316e-01 -2.6697441936e-01 -2.4168935418e-01 -2.7059143782e-01 -2.0875862241e-01 5.4655216634e-02 6.7981427908e-01 -1.5152659416e+00 6.5137588978e-01 -1.7244839668e-01 -4.6817722917e-01 8.8729584217e-01 -2.0808959007e-01 2.2802552581e-01 -5.0566512346e-01 -2.0876219273e+00 8.4679538012e-01 6.8843387067e-02 1.0194485635e-01 4.8825371265e-01 -7.5088435411e-01 -3.0079767108e-01 -5.1247900724e-01 3.9436870813e-01 -4.2023262382e-01 4.5328995585e-01 -9.6982598305e-01 -2.4414025247e-01 -2.3894688487e-01 -1.0275132209e-01 -3.0883726478e-01 -1.1779786348e+00 -2.5112792850e-01 -2.1541416645e-01 -1.8742139637e-01 -3.3396139741e-01 -6.4880400896e-02 2.5460314751e-01 -8.7431567907e-01 1.4833022654e-01 -1.1402964592e+00 -3.3920508623e-01 -4.4165369868e-01 -5.2236402035e-01 -1.6375596821e-01 -1.0171728134e+00 -1.1432038546e+00 -9.4270265102e-01 -5.9878742695e-01 -1.0171726942e+00 -1.7539626360e-01 -1.3116836548e-01 -1.0275132209e-01 -6.6837526858e-02 -1.1462261528e-01 -8.9139252901e-01 -9.9707767367e-02 -1.0347702354e-01 -4.5242616534e-01 7.8513346612e-02 -1.0606783628e+00 2.2169585228e+00 6.7981427908e-01 6.7625635862e-01 2.5561413169e-01 -1.3559601270e-02 1.1010335684e+00 -5.9678101540e-01 7.0161086321e-01 -3.8113740087e-01
-1.2683770061e-01 -2.6115486026e-01 -3.4502482414e-01 -1.5514001250e-01 -2.3804256320e-01 -2.1763494611e-01 -1.6229373217e-01 -2.6753330231e-01 -2.4266351759e-01 -2.7078339458e-01 -2.0846389234e-01 5.6479912996e-01 6.7593866587e-01 -1.5266714096e+00 6.6604727507e-01 -1.7239031196e-01 -4.6104970574e-01 8.4513837099e-01 -2.1079587936e-01 2.2208088636e-01 -5.1210713387e-01 -2.0819170475e+00 -1.1207528412e-01 7.1606405079e-02 1.0157891363e-01 4.9934121966e-01 -7.5882631540e-01 -3.0385997891e-01 -5.1134669781e-01 3.8318291306e-01 -4.3051770329e-01 4.5231366158e-01 -2.3936255276e-01 -2.3800490797e-01 -1.1646080017e-01 -3.0042546988e-01 -1.1708557606e+00 -2.3191064596e-01 -2.1218658984e-01 -1.8914915621e-01 -3.2966983318e-01 -5.4111182690e-02 1.9123420119e-01 -6.7245823145e-01 3.0373206362e-02 -7.2813177109e-01 -4.6738627553e-01 -1.2661068141e-01 -1.0946138203e-01 1.0303366929e-01 -4.8787522316e-01 -1.1273889542e+00 -5.7088673115e-01 -3.4916761518e-01 -4.8787522316e-01 -2.3805361986e-01 -1.5154065192e-01 -1.1646080017e-01 -7.2890251875e-02 -1.3792726398e-01 -4.9854987860e-01 -1.1447633058e-01 -1.1950938404e-01 -4.2142611742e-01 4.3423995376e-01 -5.2790582180e-01 2.2298998833e+00 5.6479912996e-01 5.6349462271e-01 -1.0527440906e-01 1.3283858076e-02 1.3322489262e+00 -5.2088218927e-01 6.2286353111e-01 -2.6530870795e-01
-1.2683770061e-01 -1.9093030691e-01 -2.6143819094e-01 -3.4507048130e-01 -1.5645584464e-01 -2.3934853077e-01 -2.2137124836e-01 -1.6312426329e-01 -2.6852232218e-01 -2.4287173152e-01 -2.7037402987e-01 -1.3934247494e+00 5.6135553122e-01 6.7650341988e-01 -1.5260984898e+00 6.5961390734e-01 -1.5734817088e-01 -4.7072622180e-01 8.5324358940e-01 -2.1435025334e-01 2.2019080818e-01 -5.1121759415e-01 -5.7133036852e-01 -1.1004664749e-01 7.1417525411e-02 1.0920082033e-01 5.0251471996e-01 -7.5752228498e-01 -2.9918324947e-01 -5.0803256035e-01 3.7759307027e-01 -4.2044365406e-01 -2.6512125134e-01 -2.4836353958e-01 -1.4298157394e-01 -2.9553747177e-01 -1.1648997068e+00 -2.7746796608e-01 -2.4168995023e-01 -2.0785297453e-01 -3.3293470740e-01 -1.5319465101e-01 1.1894562840e-01 -7.6835227013e-01 5.3689926863e-02 -1.0258934498e+00 1.6480936110e-01 -7.8658080101e-01 -8.8766497374e-01 -5.2858310938e-01 -1.5375545025e+00 -1.0828871727e+00 -1.0240499973e+00 -9.9657374620e-01 -1.5375545025e+00 -1.4887528121e-01 -1.8150565028e-01 -1.4298157394e-01 -9.4024680555e-02 -1.5020409226e-01 -1.2429608107e+00 -1.3272240758e-01 -1.4689137042e-01 -4.6953839064e-01 -3.0634649098e-02 -1.0535546541e+00 2.1806733608e+00 -1.3934247494e+00 -1.3848414421e+00 8.6391627789e-02 6.8292640150e-02 -1.0883051157e+00 -5.1980078220e-01 5.1007771492e-01 -4.1694164276e-01
-1.2683770061e-01 -3.6442622542e-01 -1.9126644731e-01 -2.6145985723e-01 -3.4648001194e-01 -1.5766368806e-01 -2.4313656986e-01 -2.2204847634e-01 -1.6405338049e-01 -2.6871547103e-01 -2.4251395464e-01 1.4231014065e-02 -1.3895142078e+00 5.6129425764e-01 6.9133740664e-01 -1.5155607462e+00 6.9691878557e-01 -1.7434069514e-01 -4.7612854838e-01 8.4389328957e-01 -2.1897017956e-01 2.1884217858e-01 3.2465377450e-01 -5.7116591930e-01 -1.0917531699e-01 7.8769110143e-02 1.0890565068e-01 4.9179452658e-01 -7.6055312157e-01 -2.9926571250e-01 -5.1883071661e-01 3.7756320834e-01 -3.0687645078e-01 -2.6133897901e-01 -1.6955484450e-01 -2.9093509912e-01 -1.1589628458e+00 -3.0714479089e-01 -2.6544630527e-01 -2.2457076609e-01 -3.3598315716e-01 -2.2729539871e-01 4.4965855777e-02 -7.8653407097e-01 7.5340837240e-02 -1.1582428217e+00 -2.3181429133e-02 -7.7678781748e-01 -8.7411189079e-01 -5.2038592100e-01 -1.5232238770e+00 -1.2633880377e+00 -1.0274152756e+00 -3.9227089286e-01 -1.5232238770e+00 -1.8769721687e-01 -2.2156178951e-01 -1.6955484450e-01 -1.0518728942e-01 -1.9774000347e-01 -1.1549590826e+00 -1.5618313849e-01 -1.7368911207e-01 -4.1606229544e-01 -4.0483558178e-01 -1.4889738560e+00 2.1813375950e+00 1.4231014065e-02 2.1177038550e-02 7.6739810407e-02 6.8122379482e-02 -1.3735629320e+00 -5.8510398865e-01 3.9809495211e-01 -4.9126589298e-01
-1.2683770061e-01 -3.6236113310e-01 -3.6463189125e-01 -1.9126801193e-01 -2.6282814145e-01 -3.4791639447e-01 -1.6125707328e-01 -2.4375730753e-01 -2.2301138937e-01 -1.6430738568e-01 -2.6830992103e-01 -7.7093863487e-01 1.2855070643e-02 -1.4002326727e+00 5.7538253069e-01 6.8470823765e-01 -1.5364590883e+00 6.5934741497e-01 -1.7670056224e-01 -4.7823762894e-01 8.4589266777e-01 -2.1897655725e-01 6.0549771786e-01 3.2845517993e-01 -5.6760329008e-01 -1.0344232619e-01 7.8203380108e-02 1.0193769634e-01 5.0998920202e-01 -7.5324934721e-01 -3.0884385109e-01 -5.0765252113e-01 -3.2931238413e-01 -2.8121885657e-01 -1.9782190025e-01 -2.8677287698e-01 -1.1537450552e+00 -3.5854616761e-01 -3.0229520798e-01 -2.4898093939e-01 -3.4291505814e-01 -3.4111094475e-01 -3.9021994919e-02 -8.9412951469e-01 1.8094831705e-01 -1.3010222912e+00 5.1719707251e-01 -1.1005108356e+00 -1.2346721888e+00 -8.3660542965e-01 -1.6750454903e+00 -1.6868344545e+00 -1.5008924007e+00 -4.7203189135e-01 -1.6750453711e+00 -2.0854181051e-01 -2.4537384510e-01 -1.9782190025e-01 -1.3582482934e-01 -1.8252147734e-01 -1.4868515730e+00 -1.8554422259e-01 -2.0239652693e-01 -4.5388600230e-01 -3.4961917996e-01 -1.8142241240e+00 2.1599593163e+00 -7.7093863487e-01 -7.5958538055e-01 1.2077494711e-01 8.1544689834e-02 -1.1563102007e+00 -5.6304818392e-01 2.8152289987e-01 -6.4451307058e-01
-1.2683770061e-01 -4.5633763075e-01 -3.6256834865e-01 -3.6468315125e-01 -1.9260165095e-01 -2.6416391134e-01 -3.5196313262e-01 -1.6209028661e-01 -2.4473266304e-01 -2.2323104739e-01 -1.6409480572e-01 5.5215871334e-01 -7.6936584711e-01 9.7974538803e-03 -1.3988413811e+00 5.6965106726e-01 7.2268462181e-01 -1.5202294588e+00 6.6554546356e-01 -1.8044064939e-01 -4.8450812697e-01 8.4263169765e-01 -2.1404838562e-01 6.1043912172e-01 3.2676720619e-01 -5.6597906351e-01 -1.0562805831e-01 7.1528106928e-02 1.1350882053e-01 4.9695241451e-01 -7.6548063755e-01 -3.0029112101e-01 -3.5507190228e-01 -3.0486589670e-01 -2.2428934276e-01 -2.7886760235e-01 -1.1478149891e+00 -3.7022954226e-01 -3.2000750303e-01 -2.6443436742e-01 -3.4671553969e-01 -3.8387683034e-01 -1.1553232372e-01 -8.1373965740e-01 2.8689932823e-01 -1.4383771420e+00 3.4951138496e-01 -7.6404851675e-01 -7.4815428257e-01 -5.5921006203e-01 -9.2420917749e-01 -1.4680631161e+00 -1.3762935400e+00 -3.7644177675e-01 -9.2420923710e-01 -2.2555904090e-01 -2.9546660185e-01 -2.2428934276e-01 -1.3676689565e-01 -2.6620107889e-01 -1.0906238556e+00 -2.1093745530e-01 -2.2954870760e-01 -4.1933894157e-01 -3.4831070900e-01 -1.3554909229e+00 2.1740603447e+00 5.5215871334e-01 5.5109071732e-01 6.6102348268e-02 1.0175008327e-01 9.1357171535e-01 -5.6218308210e-01 1.5844902396e-01 -6.2593442202e-01
-1.2683770061e-01 -3.8921111822e-01 -4.5647418499e-01 -3.6261904240e-01 -3.6610236764e-01 -1.9385297596e-01 -2.6801109314e-01 -3.5230147839e-01 -1.6301880777e-01 -2.4493966997e-01 -2.2290956974e-01 4.0385451913e-01 5.4876255989e-01 -7.7669656277e-01 2.0315907896e-02 -1.3892889023e+00 6.0454875231e-01 6.8449252844e-01 -1.5364050865e+00 6.5721762180e-01 -1.8484847248e-01 -4.8370292783e-01 -3.8560560346e-01 -2.1243366599e-01 6.0710543394e-01 3.3640742302e-01 -5.7227712870e-01 -1.1055088788e-01 8.2582578063e-02 1.0681942850e-01 4.9202743173e-01 -7.5121849775e-01 -3.8498622179e-01 -3.1752681732e-01 -2.3858200014e-01 -2.6966366172e-01 -1.1416009665e+00 -3.6134216189e-01 -3.2531532645e-01 -2.7351942658e-01 -3.4825730324e-01 -3.8148206472e-01 -1.7621868849e-01 -6.4361852407e-01 2.0939363539e-01 -5.7210880518e-01 6.9008775055e-02 -5.2448594570e-01 -4.1151905060e-01 -3.6014974117e-01 -4.7927349806e-01 -1.0957013369e+00 -7.2203642130e-01 -1.9622580707e-01 -4.7927349806e-01 -2.1212346852e-01 -3.1295824051e-01 -2.3858200014e-01 -1.4681565762e-01 -2.7783638239e-01 -7.3941707611e-01 -2.2930571437e-01 -2.4379602075e-01 -3.7660798430e-01 -1.6513375938e-01 -8.8595849276e-01 2.1868395805e+00 4.0385451913e-01 4.0539699793e-01 8.7156340480e-02 2.5825165212e-02 -7.4323570728e-01 -6.2835121155e-01 7.4844382703e-02 -5.2768754959e-01
-1.2683770061e-01 -3.3964133263e-01 -3.8939815760e-01 -4.5655182004e-01 -3.6403721571e-01 -3.6756232381e-01 -1.9753259420e-01 -2.6856729388e-01 -3.5333910584e-01 -1.6327342391e-01 -2.4457807839e-01 -1.3738116622e-01 4.0101534128e-01 5.4863250256e-01 -7.7126902342e-01 1.8881652504e-02 -1.4068083763e+00 5.6920254230e-01 6.9094872475e-01 -1.5327386856e+00 6.5804928541e-01 -1.8495914340e-01 4.2890399694e-02 -3.8468724489e-01 -2.1096476912e-01 6.1925816536e-01 3.3813229203e-01 -5.7275140285e-01 -1.0258989036e-01 7.6388292015e-02 9.9614463747e-02 4.9056681991e-01 -3.8332366943e-01 -3.2966405153e-01 -2.5250390172e-01 -2.6484119892e-01 -1.1354619265e+00 -3.6097636819e-01 -3.3271867037e-01 -2.8337112069e-01 -3.5044074059e-01 -3.8511377573e-01 -2.2555921972e-01 -5.2164113522e-01 1.8363736570e-01 -7.2755056620e-01 2.5982245803e-01 -5.9122115374e-01 -5.0543135405e-01 -4.2084929347e-01 -6.2758302689e-01 -7.2208684683e-01 -9.6230220795e-01 -4.8114007711e-01 -6.2758302689e-01 -2.5110584497e-01 -3.2872962952e-01 -2.5250390172e-01 -1.5786868334e-01 -2.8472334146e-01 -7.6254129410e-01 -2.4727043509e-01 -2.5084885955e-01 -4.1102093458e-01 -3.3888986707e-01 -8.1522810459e-01 2.1834285259e+00 -1.3738116622e-01 -1.2890565395e-01 8.6634457111e-02 2.5493882596e-02 6.9872337580e-01 -5.6456166506e-01 7.8001455404e-03 -4.7253146768e-01
-1.2683770061e-01 -3.5616433620e-01 -3.3986562490e-01 -3.8945651054e-01 -4.5801633596e-01 -3.6549472809e-01 -3.7165591121e-01 -1.9827167690e-01 -2.6955688000e-01 -3.5348284245e-01 -1.6306273639e-01 -6.7759048939e-01 -1.3818772137e-01 4.0007817745e-01 5.6263881922e-01 -7.6657509804e-01 3.9041839540e-02 -1.3937020302e+00 5.7447522879e-01 6.8248248100e-01 -1.5456051826e+00 6.5536242723e-01 -3.9262670279e-01 4.5548062772e-02 -3.8221299648e-01 -2.0614409447e-01 6.2349778414e-01 3.2897913456e-01 -5.7264310122e-01 -1.0581967980e-01 6.9005489349e-02 1.0306022316e-01 -3.9869645238e-01 -3.5843849182e-01 -2.7463066578e-01 -2.6303517818e-01 -1.1302566528e+00 -3.8852754235e-01 -3.5408326983e-01 -3.0044606328e-01 -3.5605761409e-01 -4.3480795622e-01 -2.7586162090e-01 -5.3198164701e-01 1.8449114263e-01 -8.9766430855e-01 2.4547784030e-01 -9.1605025530e-01 -9.4648426771e-01 -7.1835607290e-01 -1.3691519499e+00 -8.8079130650e-01 -1.1390969753e+00 -5.4116278887e-01 -1.3691519499e+00 -2.7092981339e-01 -3.5888230801e-01 -2.7463066578e-01 -1.7035889626e-01 -3.1374958158e-01 -1.1539916992e+00 -2.6739433408e-01 -2.6750105619e-01 -4.3539923429e-01 -7.8911280632e-01 -1.1712249517e+00 2.1713237762e+00 -6.7759048939e-01 -6.6630274057e-01 4.1917830706e-02 9.9671604112e-03 -1.1416910887e+00 -5.3818076849e-01 -7.8405097127e-02 -5.3314548731e-01
-1.2683770061e-01 -4.3878167868e-01 -3.5637620091e-01 -3.3990979195e-01 -3.9088794589e-01 -4.5958688855e-01 -3.6958336830e-01 -3.7194314599e-01 -1.9922095537e-01 -2.6974943280e-01 -3.5292062163e-01 2.0177647471e-01 -6.7636829615e-01 -1.4207045734e-01 4.1312289238e-01 5.5700600147e-01 -7.6743209362e-01 1.7318388447e-02 -1.4085788727e+00 5.6664341688e-01 6.8347221613e-01 -1.5415568352e+00 -9.1803890467e-01 -3.9173686504e-01 4.5511279255e-02 -3.7892717123e-01 -2.0924292505e-01 6.1162430048e-01 3.4440764785e-01 -5.6834763288e-01 -1.1426731944e-01 7.2833955288e-02 -3.9017918706e-01 -3.6544910073e-01 -2.9358145595e-01 -2.6061344147e-01 -1.1247116327e+00 -3.9855605364e-01 -3.6697185040e-01 -3.1344678998e-01 -3.6039882898e-01 -4.5277899504e-01 -3.2001999021e-01 -4.6592822671e-01 1.6301566362e-01 -9.1911524534e-01 3.0888248235e-02 -7.8039175272e-01 -7.3222821951e-01 -6.0990220308e-01 -1.1466840506e+00 -1.1188468933e+00 -8.9591664076e-01 -4.3102431297e-01 -1.1466839314e+00 -2.9401671886e-01 -3.8915494084e-01 -2.9358145595e-01 -1.7661683261e-01 -3.5452935100e-01 -9.3499463797e-01 -2.8463959694e-01 -2.8507167101e-01 -4.0743154287e-01 -1.0211509466e+00 -1.2437193394e+00 2.1755301952e+00 2.0177647471e-01 2.0638537407e-01 -1.7731885612e-01 1.6351830214e-02 -1.4090002775e+00 -4.2530629039e-01 -1.5527848899e-01 -5.1862108707e-01
-1.2683770061e-01 -4.1399678588e-01 -4.3893143535e-01 -3.5642510653e-01 -3.4131675959e-01 -3.9237773418e-01 -4.6389973164e-01 -3.6987596750e-01 -3.7299200892e-01 -1.9945447147e-01 -2.6934197545e-01 -2.3468534946e+00 1.9969621301e-01 -6.8319100142e-01 -1.3253502548e-01 4.0864762664e-01 5.9156531096e-01 -7.6972800493e-01 1.6925916076e-02 -1.4056087732e+00 5.6690859795e-01 6.8070763350e-01 -7.3009914160e-01 -9.1928178072e-01 -3.8922145963e-01 5.2630670369e-02 -3.8356217742e-01 -2.1317799389e-01 6.3185483217e-01 3.3402171731e-01 -5.7949829102e-01 -1.0814738274e-01 -4.5250007510e-01 -4.0981420875e-01 -3.3264696598e-01 -2.6481935382e-01 -1.1207617521e+00 -5.0113457441e-01 -4.3032535911e-01 -3.5336843133e-01 -3.7670791149e-01 -6.3966816664e-01 -3.9607575536e-01 -8.0885291100e-01 3.4860599041e-01 -1.3052446842e+00 1.5260132551e+00 -1.6974391937e+00 -1.7617369890e+00 -1.4973444939e+00 -1.7090179920e+00 -1.5045789480e+00 -2.3625855446e+00 -1.2983262539e+00 -1.7090181112e+00 -9.9093101919e-02 -4.1439756751e-01 -3.3264696598e-01 -2.2661037743e-01 -3.0650374293e-01 -2.3753278255e+00 -3.1498381495e-01 -3.2357186079e-01 -4.6463358402e-01 -1.5738874674e+00 -1.3511822224e+00 2.0768806934e+00 -2.3468534946e+00 -2.3534991741e+00 2.5360828638e-01 1.9592355192e-01 -1.4366352558e+00 -5.2520704269e-01 -2.8179439902e-01 -8.7186098099e-01
-1.2683770061e-01 -6.9902515411e-01 -4.1416516900e-01 -4.3900406361e-01 -3.5784024000e-01 -3.4274694324e-01 -3.9653044939e-01 -4.6394756436e-01 -3.7092366815e-01 -3.7312433124e-01 -1.9917692244e-01 5.5959433317e-01 -2.3393623829e+00 1.9765926898e-01 -6.7715817690e-01 -1.3278596103e-01 4.3923714757e-01 5.5653184652e-01 -7.7819955349e-01 1.2131146155e-02 -1.4176799059e+00 5.6450027227e-01 8.0058401823e-01 -7.3057913780e-01 -9.1368746758e-01 -3.8599842787e-01 5.1832549274e-02 -3.8583549857e-01 -2.0696060359e-01 6.1686706543e-01 3.2814455032e-01 -5.6756156683e-01 -5.1149749756e-01 -4.5459684730e-01 -3.5482701659e-01 -2.6710921526e-01 -1.1160995960e+00 -5.4728358984e-01 -4.6991449594e-01 -3.8295781612e-01 -3.8956215978e-01 -7.3692977428e-01 -4.7811681032e-01 -8.7319952250e-01 5.2093976736e-01 -1.4001489878e+00 1.3134166002e+00 -1.3524483442e+00 -1.2764595747e+00 -1.2127510309e+00 -1.3307476044e+00 -1.4908807278e+00 -1.9512008429e+00 -7.0472544432e-01 -1.3307474852e+00 -1.6252243519e-01 -4.0718859434e-01 -3.5482701659e-01 -2.7649354935e-01 -2.0197719336e-01 -1.6661002636e+00 -3.5310858488e-01 -3.3766055107e-01 -4.1236829758e-01 -1.1138007641e+00 -7.4772965908e-01 2.0984995365e+00 5.5959433317e-01 5.5838745832e-01 2.5266546011e-01 5.5733669549e-02 4.3304085732e-01 -6.8024748564e-01 -3.5396346450e-01 -9.6807122231e-01
-1.2683770061e-01 -6.3293153048e-01 -6.9897919893e-01 -4.1423067451e-01 -4.4045990705e-01 -3.5929027200e-01 -3.4678137302e-01 -3.9675313234e-01 -4.6504926682e-01 -3.7105718255e-01 -3.7252581120e-01 -5.4954674095e-02 5.5617022514e-01 -2.3552699089e+00 2.0939373970e-01 -6.7319285870e-01 -1.1668408662e-01 4.0787318349e-01 5.6167447567e-01 -7.7866327763e-01 8.9278500527e-03 -1.4140226841e+00 5.4209887981e-01 8.0631721020e-01 -7.2608613968e-01 -9.1516506672e-01 -3.9069628716e-01 4.5408666134e-02 -3.8255149126e-01 -2.0851948857e-01 6.1264288425e-01 3.2873296738e-01 -5.6841784716e-01 -4.8243013024e-01 -3.7414857745e-01 -2.6878249645e-01 -1.1113929749e+00 -5.8013486862e-01 -5.0345391035e-01 -4.1034132242e-01 -4.0217596292e-01 -8.0812376738e-01 -5.5926501751e-01 -8.6360144615e-01 6.6000121832e-01 -1.3563868999e+00 1.1388556957e+00 -1.3708910942e+00 -1.2974132299e+00 -1.2306993008e+00 -1.3613411188e+00 -1.5674457550e+00 -1.5971502066e+00 -9.1413986683e-01 -1.3613409996e+00 -2.3779441416e-01 -3.9974367619e-01 -3.7414857745e-01 -3.2111057639e-01 -1.0631798953e-01 -1.4675028324e+00 -3.7577912211e-01 -3.5676944256e-01 -4.6014532447e-01 -8.7887459993e-01 -7.3632788658e-01 2.0966613293e+00 -5.4954674095e-02 -4.7270696610e-02 1.3465070724e-01 5.0154700875e-02 -2.8587016463e-01 -8.3831596375e-01 -4.1794809699e-01 -1.0024733543e+00
-1.2683770061e-01 -6.3912838697e-01 -6.3293528557e-01 -6.9912642241e-01 -4.1567432880e-01 -4.4200932980e-01 -3.6336413026e-01 -3.4713315964e-01 -3.9781624079e-01 -4.6512794495e-01 -3.7046247721e-01 5.8399662375e-02 -5.6070789695e-02 5.5608069897e-01 -2.3600602150e+00 2.0649570227e-01 -6.7155110836e-01 -1.3465617597e-01 4.1148981452e-01 5.5391240120e-01 -7.8681290150e-01 8.2249213010e-03 3.0710104108e-01 5.4678291082e-01 8.0184030533e-01 -7.2588235140e-01 -9.2456758022e-01 -3.9290162921e-01 5.6019373238e-02 -3.8129928708e-01 -2.1756730974e-01 6.0967421532e-01 -6.0726469755e-01 -5.0973892212e-01 -3.9452821016e-01 -2.7094048262e-01 -1.1070523262e+00 -5.9960424900e-01 -5.2955549955e-01 -4.3440252542e-01 -4.1398811340e-01 -8.4967702627e-01 -6.3323944807e-01 -7.8647619486e-01 7.8912979364e-01 -1.4270267487e+00 9.8981195688e-01 -1.3299992085e+00 -1.2339820862e+00 -1.1979675293e+00 -1.2861809731e+00 -1.4166259766e+00 -1.3511172533e+00 -1.0572106838e+00 -1.2861809731e+00 -3.1938475370e-01 -4.0296697617e-01 -3.9452821016e-01 -3.5711759329e-01 -4.4770658016e-02 -1.2695968151e+00 -3.9799305797e-01 -3.7244817615e-01 -4.3753197789e-01 -1.1710616350e+00 -3.5929703712e-01 2.0976769924e+00 5.8399662375e-02 6.4839504659e-02 1.3708619773e-01 4.4698167592e-02 1.1604441330e-02 -9.1680949926e-01 -4.8407459259e-01 -9.8062121868e-01
-1.2683770061e-01 -6.3189941645e-01 -6.3912743330e-01 -6.3306355476e-01 -7.0071059465e-01 -4.1719394922e-01 -4.4628030062e-01 -3.6367288232e-01 -3.4816780686e-01 -3.9793407917e-01 -4.6435934305e-01 1.2261179686e+00 5.6857842952e-02 -5.9504937381e-02 5.7013517618e-01 -2.3430662155e+00 2.3167605698e-01 -6.7615669966e-01 -1.3660869002e-01 4.0454581380e-01 5.5409795046e-01 -7.8508371115e-01 -1.0104415417e+00 3.1083115935e-01 5.4382073879e-01 8.1573837996e-01 -7.3360204697e-01 -9.2168354988e-01 -3.8973769546e-01 5.0250351429e-02 -3.9135682583e-01 -2.1015581489e-01 -6.2180626392e-01 -5.1277399063e-01 -4.0612065792e-01 -2.7098497748e-01 -1.1021571159e+00 -5.6359428167e-01 -5.2393293381e-01 -4.4178760052e-01 -4.1913613677e-01 -7.8089046478e-01 -6.7742818594e-01 -4.6625453234e-01 7.2746622562e-01 -4.9122041464e-01 6.1870282888e-01 -5.6655293703e-01 -1.4728930593e-01 -5.7277482748e-01 -3.8840815425e-01 -1.0805072784e+00 -7.2949391603e-01 -3.0159941316e-01 -3.8840815425e-01 -2.8521192074e-01 -4.1546991467e-01 -4.0612065792e-01 -3.6695027351e-01 -4.8031605780e-02 -5.3843671083e-01 -4.1170775890e-01 -3.8593566418e-01 -4.0549916029e-01 -9.2143559456e-01 8.2150660455e-02 2.1266341209e+00 1.2261179686e+00 1.2093842030e+00 2.7813273668e-01 1.4305987954e-01 1.2151902914e+00 -9.2999953032e-01 -5.2580040693e-01 -7.4122470617e-01
-1.2683770061e-01 -4.8628643155e-01 -6.3190394640e-01 -6.3925749063e-01 -6.3461518288e-01 -7.0257300138e-01 -4.2140576243e-01 -4.4637385011e-01 -3.6471700668e-01 -3.4831458330e-01 -3.9728972316e-01 -4.5486290008e-02 1.2201906443e+00 5.4040607065e-02 -4.9435075372e-02 5.6444436312e-01 -2.3861067295e+00 2.0531213284e-01 -6.8366777897e-01 -1.4056713879e-01 4.0379706025e-01 5.5172878504e-01 -5.1725119352e-01 -1.0120595694e+00 3.0924609303e-01 5.5540627241e-01 8.2172489166e-01 -7.3253846169e-01 -9.2750352621e-01 -3.8837042451e-01 4.2714796960e-02 -3.8177242875e-01 -5.8005106449e-01 -5.2313268185e-01 -4.2332515121e-01 -2.7100682259e-01 -1.0969961882e+00 -5.4132497311e-01 -5.2029025555e-01 -4.4897899032e-01 -4.2430126667e-01 -7.2084194422e-01 -6.9969266653e-01 -2.3055027425e-01 6.6097354889e-01 -5.6290000677e-01 4.4003456831e-01 -5.8696711063e-01 -1.7930179834e-01 -5.9055489302e-01 -3.7003180385e-01 -7.2692173719e-01 -5.7452040911e-01 -3.1912055612e-01 -3.7003180385e-01 -3.4002518654e-01 -4.4749552011e-01 -4.2332515121e-01 -3.6809599400e-01 -1.0146380961e-01 -5.0453823805e-01 -4.2981314659e-01 -3.9970636368e-01 -4.2835527658e-01 -1.1163104773e+00 2.8468756005e-02 2.1259140968e+00 -4.5486290008e-02 -3.7899341434e-02 2.4249352515e-01 9.5108501613e-02 5.5564534664e-01 -6.8587034941e-01 -5.8787274361e-01 -5.7902324200e-01
-1.2683770061e-01 -4.9145030975e-01 -4.8640045524e-01 -6.3203185797e-01 -6.4081215858e-01 -6.3639807701e-01 -7.0746487379e-01 -4.2156386375e-01 -4.4746547937e-01 -3.6485415697e-01 -3.4776189923e-01 7.2586876154e-01 -4.6637963504e-02 1.2237285376e+00 6.4845442772e-02 -5.0329338759e-02 5.9920269251e-01 -2.3494095802e+00 2.0684944093e-01 -6.8464642763e-01 -1.4472556114e-01 4.0188726783e-01 -9.9773669243e-01 -5.1686722040e-01 -1.0059237480e+00 3.1872925162e-01 5.5907821655e-01 8.0796170235e-01 -7.3514485359e-01 -9.1752690077e-01 -3.9846929908e-01 4.6871975064e-02 -5.3393340111e-01 -5.2961957455e-01 -4.3301215768e-01 -2.6609617472e-01 -1.0913933516e+00 -4.9694696069e-01 -5.0104528666e-01 -4.4681316614e-01 -4.2552646995e-01 -6.1013001204e-01 -6.9337660074e-01 7.6715335250e-02 4.6359947324e-01 2.1835643053e-01 1.4929521084e-01 -1.6394159198e-01 3.6539152265e-01 -2.3545211554e-01 3.5684883595e-01 -1.4087703824e-01 -6.5586000681e-02 1.2460666895e-01 3.5684883595e-01 -3.2542943954e-01 -4.6936768293e-01 -4.3301215768e-01 -3.6490991712e-01 -1.4549939334e-01 -2.2867348045e-02 -4.4180676341e-01 -4.0880966187e-01 -4.0631330013e-01 -1.0353932381e+00 5.0433009863e-01 2.1377277374e+00 7.2586876154e-01 7.2135752439e-01 2.8214696050e-01 1.2468186766e-01 7.5589597225e-02 -4.5428240299e-01 -6.3992476463e-01 -3.4474402666e-01
-1.2683770061e-01 -4.0366905928e-01 -4.9156045914e-01 -4.8648667336e-01 -6.3358300924e-01 -6.4260250330e-01 -6.4113223553e-01 -7.0688062906e-01 -4.2264124751e-01 -4.4755440950e-01 -3.6427092552e-01 -2.8110885993e-02 7.2182023525e-01 -5.0020582974e-02 1.2421045303e+00 6.3066452742e-02 -3.2021090388e-02 5.6398522854e-01 -2.3740968704e+00 2.0102015138e-01 -6.9220799208e-01 -1.4495886862e-01 -1.0403648615e+00 -9.9930316210e-01 -5.1362150908e-01 -1.0082280636e+00 3.2029697299e-01 5.4781883955e-01 8.3152800798e-01 -7.2824788094e-01 -9.3071830273e-01 -3.8879597187e-01 -4.8719292879e-01 -5.3474700451e-01 -4.4174605608e-01 -2.6393818855e-01 -1.0860245228e+00 -4.6840414405e-01 -4.8587411642e-01 -4.4516059756e-01 -4.2683550715e-01 -5.1788711548e-01 -6.6822111607e-01 2.7925580740e-01 2.8032371402e-01 2.8205394745e-02 -2.8379892930e-02 -1.7819629610e-01 3.4030094743e-01 -2.4723300338e-01 3.3539170027e-01 1.1729170382e-01 -2.3694504052e-02 -4.7833655030e-02 3.3539170027e-01 -3.6684402823e-01 -4.8916369677e-01 -4.4174605608e-01 -3.6196088791e-01 -1.8556095660e-01 8.4494724870e-03 -4.5390650630e-01 -4.1738298535e-01 -4.3636345863e-01 -7.1589791775e-01 7.0151501894e-01 2.1371648312e+00 -2.8110885993e-02 -2.0705265924e-02 2.8132072091e-01 1.2417447567e-01 1.0322230309e-01 -2.2399176657e-01 -6.7897331715e-01 -1.9546537101e-01
-1.2683770061e-01 -4.0676784515e-01 -4.0384522080e-01 -4.9164813757e-01 -4.8796597123e-01 -6.3536465168e-01 -6.4735150337e-01 -6.4072018862e-01 -7.0812165737e-01 -4.2274466157e-01 -4.4681826234e-01 1.4739725590e+00 -2.9327815399e-02 7.2263556719e-01 -3.9889324456e-02 1.2312116623e+00 8.4408931434e-02 -5.2032671869e-02 5.6920439005e-01 -2.3658678532e+00 1.9899833202e-01 -6.9076794386e-01 -6.2106317282e-01 -1.0421042442e+00 -9.9324178696e-01 -5.1151347160e-01 -1.0184578896e+00 3.1131380796e-01 5.6696534157e-01 8.1334358454e-01 -7.4033302069e-01 -9.1439020634e-01 -4.0575960279e-01 -5.1329690218e-01 -4.4545188546e-01 -2.5893932581e-01 -1.0797026157e+00 -3.8892117143e-01 -4.4016784430e-01 -4.2591243982e-01 -4.2044088244e-01 -3.2671776414e-01 -6.0643482208e-01 6.7306822538e-01 2.0704489946e-01 9.3502718210e-01 -4.6987855434e-01 5.8725398779e-01 1.1880451441e+00 4.2092663050e-01 1.3006391525e+00 7.1319556236e-01 6.7693525553e-01 2.6824185252e-01 1.3006391525e+00 -2.2051642835e-01 -5.0483691692e-01 -4.4545188546e-01 -3.5344880819e-01 -2.2887820005e-01 1.0379043818e+00 -4.5390650630e-01 -4.2714092135e-01 -3.9021381736e-01 -7.1810579300e-01 1.2627749443e+00 2.1872982979e+00 1.4739725590e+00 1.4499256611e+00 4.1259393096e-01 2.1781891584e-01 1.1834431887e+00 1.3020205498e-01 -7.0972263813e-01 1.4125496149e-01
-1.2683770061e-01 -2.2707514465e-01 -4.0694168210e-01 -4.0390771627e-01 -4.9312999845e-01 -4.8957252502e-01 -6.4009636641e-01 -6.4692324400e-01 -6.4192324877e-01 -7.0805883408e-01 -4.2205438018e-01 -3.5906355828e-02 1.4671144485e+00 -3.2615870237e-02 7.3776817322e-01 -4.0857490152e-02 1.2838112116e+00 6.1592612416e-02 -5.3137041628e-02 5.6140130758e-01 -2.3839452267e+00 1.9771447778e-01 2.2188663483e-01 -6.2110060453e-01 -1.0357930660e+00 -9.9543237686e-01 -5.1732724905e-01 -1.0146788359e+00 3.2644218206e-01 5.5301642418e-01 8.1026762724e-01 -7.2638529539e-01 -3.5444822907e-01 -4.9477651715e-01 -4.3962901831e-01 -2.5583466887e-01 -1.0733816624e+00 -3.3732175827e-01 -4.0353813767e-01 -4.0890616179e-01 -4.1447323561e-01 -1.7531444132e-01 -5.2401018143e-01 8.9494818449e-01 1.5888209641e-01 9.2394483089e-01 -6.0705757141e-01 5.6587892771e-01 1.1504781246e+00 4.0382862091e-01 1.1383497715e+00 9.9194550514e-01 1.0383818150e+00 2.9889926314e-01 1.1383498907e+00 -2.7059429884e-01 -4.8815676570e-01 -4.3962901831e-01 -3.5889059305e-01 -1.8954132497e-01 9.4076317549e-01 -4.5724254847e-01 -4.1756018996e-01 -4.3541672826e-01 -4.7757425904e-01 1.3083133698e+00 2.1861925125e+00 -3.5906355828e-02 -2.8418857604e-02 4.1608056426e-01 9.6243612468e-02 -3.9488732815e-01 3.2005679607e-01 -6.9947296381e-01 3.3552023768e-01
-1.2683770061e-01 -2.3120608926e-01 -2.2738409042e-01 -4.0700507164e-01 -4.0534627438e-01 -4.9474275112e-01 -4.9395680428e-01 -6.3968700171e-01 -6.4812988043e-01 -6.4189893007e-01 -7.0684117079e-01 1.7687385082e+00 -3.7094008178e-02 1.4720013142e+00 -2.2371953353e-02 7.3077958822e-01 -2.2295797244e-02 1.2321019173e+00 6.1654619873e-02 -5.7550173253e-02 5.6163370609e-01 -2.3773345947e+00 1.7232102156e-01 2.2527086735e-01 -6.1724650860e-01 -1.0383651257e+00 -1.0055484772e+00 -5.1832538843e-01 -1.0220787525e+00 3.1634387374e-01 5.4841905832e-01 8.0482798815e-01 -2.5785049796e-01 -4.2509037256e-01 -4.2681854963e-01 -2.5085848570e-01 -1.0658102036e+00 -2.2891902924e-01 -3.3281341195e-01 -3.7178784609e-01 -3.9937222004e-01 8.3518184721e-02 -4.0166261792e-01 1.3241541386e+00 2.4066537619e-01 1.8272373676e+00 -9.2514979839e-01 1.2990478277e+00 1.7782416344e+00 1.0951539278e+00 1.4202923775e+00 1.3789137602e+00 1.6992402077e+00 1.0447626114e+00 1.4202924967e+00 -1.5921014547e-01 -4.3057391047e-01 -4.2681854963e-01 -3.9170998335e-01 -2.7837106958e-02 1.7567492723e+00 -4.4133248925e-01 -4.1162079573e-01 -3.8748720288e-01 -3.5087516904e-01 1.3333159685e+00 2.2486531734e+00 1.7687385082e+00 1.7349194288e+00 -1.5163516998e-01 2.2577720881e-01 1.3682184219e+00 6.6992563009e-01 -6.7048293352e-01 7.3615890741e-01
-1.2683770061e-01 -1.1238395236e-02 -2.3151193559e-01 -2.2739599645e-01 -4.0844517946e-01 -4.0685343742e-01 -4.9913936853e-01 -4.9392664433e-01 -6.4088946581e-01 -6.4810198545e-01 -6.4080357552e-01 -9.1897740960e-02 1.7607734203e+00 -4.0424488485e-02 1.4919843674e+00 -2.3475732654e-02 7.6998871565e-01 -4.2541652918e-02 1.2441793680e+00 5.6616209447e-02 -6.1189323664e-02 5.5924153328e-01 3.1508335471e-01 1.7550405860e-01 2.2418513894e-01 -6.1606723070e-01 -1.0488629341e+00 -1.0018925667e+00 -5.1729238033e-01 -1.0105880499e+00 3.1036341190e-01 5.4625338316e-01 -1.8119566143e-01 -3.6325219274e-01 -4.1819044948e-01 -2.4682813883e-01 -1.0591791868e+00 -1.6047208011e-01 -2.7705273032e-01 -3.3932730556e-01 -3.8534754515e-01 2.7873292565e-01 -2.6124110818e-01 1.5184651613e+00 3.4777653217e-01 2.0030353069e+00 -1.0382369757e+00 1.2369997501e+00 1.6764848232e+00 1.0457249880e+00 1.1542812586e+00 1.3267099857e+00 1.8235898018e+00 9.5324265957e-01 1.1542812586e+00 -2.1249744296e-01 -3.9328622818e-01 -4.1819044948e-01 -4.1232052445e-01 7.5416572392e-02 1.5219535828e+00 -4.3014675379e-01 -4.0131500363e-01 -4.1657403111e-01 -7.4680626392e-01 1.7762758732e+00 2.2467436790e+00 -9.1897740960e-02 -8.3847209811e-02 -1.0136760771e-01 2.1594640613e-01 -1.0327605009e+00 9.5384210348e-01 -6.5331077576e-01 9.4046443701e-01
-1.2683770061e-01 -2.2598305717e-02 -1.1709656566e-02 -2.3152501881e-01 -2.2874747217e-01 -4.0995606780e-01 -4.1104066372e-01 -4.9909576774e-01 -4.9504554272e-01 -6.4086574316e-01 -6.4699518681e-01 -6.0376644135e-01 -9.2875115573e-02 1.7672643661e+00 -3.0231118202e-02 1.4791568518e+00 -4.4489409775e-03 7.3065710068e-01 -4.3548598886e-02 1.2326997519e+00 5.3691163659e-02 -6.1677947640e-02 -6.7150640488e-01 3.1884589791e-01 1.7470879853e-01 2.3290593922e-01 -6.2281060219e-01 -1.0447939634e+00 -1.0090751648e+00 -5.1388305426e-01 -1.0243233442e+00 3.1117412448e-01 -1.1928996444e-01 -3.0852845311e-01 -4.0458598733e-01 -2.4451644719e-01 -1.0528140068e+00 -1.4055104554e-01 -2.4558873475e-01 -3.1750795245e-01 -3.7512680888e-01 3.8114479184e-01 -1.2658506632e-01 1.4564809799e+00 3.7431800365e-01 1.7671688795e+00 -6.9018030167e-01 8.2369977236e-01 1.0032846928e+00 7.1591955423e-01 8.2847964764e-01 1.2161837816e+00 1.2784038782e+00 1.5143988132e+00 8.2847964764e-01 -2.7484408021e-01 -3.5710909963e-01 -4.0458598733e-01 -4.2224568129e-01 1.5643671155e-01 1.0666022301e+00 -4.2363142967e-01 -3.8234773278e-01 -4.6309876442e-01 -8.7235224247e-01 1.5386210680e+00 2.2261691093e+00 -6.0376644135e-01 -5.9261864424e-01 5.4200096056e-03 1.2751817703e-01 -1.6050381660e+00 1.1560224295e+00 -6.1219692230e-01 9.3320977688e-01
4.2984147072e+00 -9.9018886685e-02 -2.3061025888e-02 -1.1659701355e-02 -2.3287853599e-01 -2.3004224896e-01 -4.1415065527e-01 -4.1122567654e-01 -5.0021761656e-01 -4.9510678649e-01 -6.3977235556e-01 -1.6330397129e+00 -6.0282152891e-01 -9.6510306001e-02 1.7891587019e+00 -3.1274054199e-02 1.5383909941e+00 -2.5124721229e-02 7.3758715391e-01 -4.8013959080e-02 1.2371309996e+00 5.2851423621e-02 2.4152898788e-01 -6.7174857855e-01 3.1721401215e-01 1.8298614025e-01 2.3371060193e-01 -6.2280315161e-01 -1.0527056456e+00 -9.9779272079e-01 -5.2471542358e-01 -1.0068249702e+00 -1.3487039506e-01 -2.7535939217e-01 -4.0162163973e-01 -2.4801757932e-01 -1.0471225977e+00 -1.9641044736e-01 -2.5792175531e-01 -3.1806942821e-01 -3.7405818701e-01 3.2885673642e-01 -3.0255470425e-02 1.0444387197e+00 1.7576880753e-01 1.1398291588e+00 6.0490584373e-01 -9.9234484136e-02 -2.6170778275e-01 -6.3368611038e-02 -4.7664094716e-02 6.9258517027e-01 4.9178197980e-01 8.2005763054e-01 -4.7664094716e-02 -1.6081671417e-01 -3.5268807411e-01 -4.0162163973e-01 -4.2095306516e-01 1.6160562634e-01 2.3577588797e-01 -4.1323590279e-01 -3.8386738300e-01 -5.0613534451e-01 -7.9586637020e-01 1.0484875441e+00 2.1745493412e+00 -1.6330397129e+00 -1.6270225048e+00 3.9960452914e-01 2.7367910743e-01 -1.3331379890e+00 1.0790425539e+00 -5.8932608366e-01 6.2665027380e-01
-1.2683770061e-01 -3.0452865362e-01 -9.9424131215e-02 -2.3014325649e-02 -1.2904742733e-02 -2.3417828977e-01 -2.3380811512e-01 -4.1432759166e-01 -4.1229709983e-01 -5.0027585030e-01 -4.9428275228e-01 -3.7166583538e-01 -1.6282293797e+00 -6.0924243927e-01 -8.6679972708e-02 1.7740305662e+00 -1.2455928139e-02 1.4805489779e+00 -2.5952875614e-02 7.2886687517e-01 -5.1593460143e-02 1.2326741219e+00 5.8896832168e-02 2.4499295652e-01 -6.6759890318e-01 3.2676860690e-01 1.8334698677e-01 2.2555287182e-01 -6.2354516983e-01 -1.0407246351e+00 -1.0114531517e+00 -5.1346361637e-01 -1.5876050293e-01 -2.6154813170e-01 -3.9616951346e-01 -2.5220164657e-01 -1.0413571596e+00 -2.4893708527e-01 -2.7643048763e-01 -3.2306638360e-01 -3.7496680021e-01 2.5618240237e-01 3.0970158055e-02 6.6704076529e-01 1.7881251872e-02 9.3121039867e-01 8.6175155640e-01 -2.7450132370e-01 -4.7226086259e-01 -2.1815696359e-01 -3.4638091922e-01 1.5732106566e-01 5.1322504878e-02 7.2200798988e-01 -3.4638091922e-01 -2.1983717382e-01 -3.4863311052e-01 -3.9616951346e-01 -4.1450703144e-01 1.5644940734e-01 3.4941803664e-02 -4.1093525290e-01 -3.7783977389e-01 -5.5113869905e-01 -5.7844263315e-01 1.1357160807e+00 2.1623320580e+00 -3.7166583538e-01 -3.6146301031e-01 3.3172103763e-01 2.5000116229e-01 -1.3919393718e-01 9.5730197430e-01 -5.5509644747e-01 3.6247912049e-01
-1.2683770061e-01 -3.4996828437e-01 -3.0477935076e-01 -9.9399343133e-02 -2.4264968932e-02 -1.3939961791e-02 -2.3795400560e-01 -2.3445306718e-01 -4.1540083289e-01 -4.1240650415e-01 -4.9944224954e-01 9.0081617236e-02 -3.7159252167e-01 -1.6402518749e+00 -6.0273098946e-01 -8.7285906076e-02 1.8411549330e+00 -3.2938823104e-02 1.4951766729e+00 -3.0514081940e-02 7.3014676571e-01 -5.2111413330e-02 1.6187295318e-01 6.1619471759e-02 2.4379213154e-01 -6.6687095165e-01 3.2840779424e-01 1.7566938698e-01 2.3922421038e-01 -6.1843484640e-01 -1.0546360016e+00 -9.9411565065e-01 -2.2461260855e-01 -2.4606207013e-01 -3.9357510209e-01 -2.5777256489e-01 -1.0353943110e+00 -2.8013277054e-01 -2.8947004676e-01 -3.2646468282e-01 -3.7535610795e-01 2.0392686129e-01 6.8562522531e-02 4.1296270490e-01 -1.3503938913e-01 8.1784123182e-01 6.9569206238e-01 -2.2598326206e-01 -4.0122452378e-01 -1.7718096077e-01 -2.9495847225e-01 -2.4339285493e-01 8.2532994449e-02 7.3175668716e-01 -2.9495847225e-01 -2.8867566586e-01 -3.4577584267e-01 -3.9357510209e-01 -4.1236713529e-01 1.5733373165e-01 6.9912143052e-02 -4.0940791368e-01 -3.7152895331e-01 -5.3253614902e-01 -7.8837895393e-01 1.0019996166e+00 2.1636011600e+00 9.0081617236e-02 9.6141584218e-02 3.2917097211e-01 2.3700590432e-01 -1.4384834468e-01 6.7252033949e-01 -5.2637416124e-01 2.0791043341e-01
-1.2683770061e-01 -3.3860838413e-01 -3.5018482804e-01 -3.0481344461e-01 -1.0068766028e-01 -2.5313850492e-02 -1.7190841958e-02 -2.3858819902e-01 -2.3542308807e-01 -4.1550844908e-01 -4.1173538566e-01 1.0076880455e+00 8.8420815766e-02 -3.7675032020e-01 -1.6404142380e+00 -5.9934180975e-01 -6.9966539741e-02 1.7760194540e+00 -3.3847190440e-02 1.4823299646e+00 -3.3984124660e-02 7.2723954916e-01 -1.2204476595e+00 1.6501358151e-01 6.1488885432e-02 2.5268864632e-01 -6.7406594753e-01 3.1934732199e-01 1.8849319220e-01 2.3052218556e-01 -6.2987822294e-01 -1.0367585421e+00 -2.6325187087e-01 -2.2691422701e-01 -3.8716986775e-01 -2.6114180684e-01 -1.0285553932e+00 -2.5923755765e-01 -2.7717795968e-01 -3.1729707122e-01 -3.7045276165e-01 2.3874278367e-01 1.0622391105e-01 4.1370481253e-01 -2.5769731402e-01 1.3234511614e+00 4.0477937460e-01 2.7681452036e-01 2.9893743992e-01 2.5382545590e-01 2.5564429164e-01 -1.3520722091e-01 4.2900210619e-01 6.6560804844e-01 2.5564429164e-01 -2.8476554155e-01 -3.3342632651e-01 -3.8716986775e-01 -4.1236558557e-01 1.7852610350e-01 5.2745831013e-01 -4.0661528707e-01 -3.6680978537e-01 -4.9941307306e-01 -3.7485045195e-01 9.4396913052e-01 2.1882214546e+00 1.0076880455e+00 9.9671053886e-01 3.6697608232e-01 2.7635136247e-01 1.2700328827e+00 4.8547679186e-01 -4.9153259397e-01 2.7427837253e-01
-1.2683770061e-01 -2.1468308568e-01 -3.3883348107e-01 -3.5023194551e-01 -3.0620312691e-01 -1.0182845592e-01 -2.8591835871e-02 -1.8397914246e-02 -2.3956058919e-01 -2.3563551903e-01 -4.1483154893e-01 -6.2521344423e-01 1.0025811195e+00 8.5776008666e-02 -3.6873394251e-01 -1.6289914846e+00 -5.9572398663e-01 -8.9064031839e-02 1.7936801910e+00 -3.8365397602e-02 1.4883226156e+00 -3.4555897117e-02 -4.6016299725e-01 -1.2229180336e+00 1.6427955031e-01 6.8751484156e-02 2.5366920233e-01 -6.7356991768e-01 3.3461219072e-01 1.8060334027e-01 2.2404016554e-01 -6.1731153727e-01 -3.0209872127e-01 -2.1529985964e-01 -3.8388809562e-01 -2.6781398058e-01 -1.0223095417e+00 -2.7136546373e-01 -2.8147175908e-01 -3.1665387750e-01 -3.6904019117e-01 2.1529506147e-01 1.3124300539e-01 2.7778935432e-01 -3.5975143313e-01 1.1171529293e+00 1.4933839440e-01 -5.5522259325e-02 -1.5820705891e-01 -2.8374517336e-02 -2.4081566930e-01 -9.7553595901e-02 3.1696859002e-01 4.8742511868e-01 -2.4081566930e-01 -2.8932115436e-01 -3.2881918550e-01 -3.8388809562e-01 -4.1064777970e-01 1.8319815397e-01 2.1111157537e-01 -3.9990705252e-01 -3.6270883679e-01 -5.2322125435e-01 -6.7047792673e-01 6.2448066473e-01 2.1773169041e+00 -6.2521344423e-01 -6.1401695013e-01 4.1603246331e-01 2.9619565606e-01 -1.0600212812e+00 3.1032606959e-01 -4.5649987459e-01 2.0359633863e-01
-1.2683770061e-01 -2.9213657975e-01 -2.1500135958e-01 -3.3887732029e-01 -3.5164403915e-01 -3.0759108067e-01 -1.0528877378e-01 -2.9769320041e-02 -1.9244030118e-02 -2.3977062106e-01 -2.3529112339e-01 -1.0314687341e-01 -6.2418800592e-01 1.0049302578e+00 9.6786268055e-02 -3.6715629697e-01 -1.6529248953e+00 -6.0215628147e-01 -9.0548537672e-02 1.7792074680e+00 -4.1884545237e-02 1.4830980301e+00 -9.4787853956e-01 -4.5954728127e-01 -1.2155516148e+00 1.7246341705e-01 6.8096682429e-02 2.4532121420e-01 -6.7517447472e-01 3.2438308001e-01 1.7382958531e-01 2.2593021393e-01 -3.0209872127e-01 -2.2314707935e-01 -3.7700709701e-01 -2.7323031425e-01 -1.0159000158e+00 -2.8361979127e-01 -2.8728058934e-01 -3.1729707122e-01 -3.6821028590e-01 1.8720199168e-01 1.4513592422e-01 1.5817317367e-01 -5.0729995966e-01 8.2182586193e-01 3.4793925285e-01 -1.0826270282e-01 -2.3046235740e-01 -7.3199972510e-02 -4.6708208323e-01 -1.5894755721e-01 1.2252020836e-01 2.3744772375e-01 -4.6708208323e-01 -3.0407676101e-01 -3.2274878025e-01 -3.7700709701e-01 -4.0346178412e-01 1.8010078371e-01 1.3703769445e-01 -3.9456862211e-01 -3.5754707456e-01 -5.7642930746e-01 -4.2756384611e-01 3.5522710532e-02 2.1733834743e+00 -1.0314687341e-01 -9.4988532364e-02 2.1739833057e-01 2.7217891812e-01 1.8634711206e-01 2.8221544623e-01 -4.1282352805e-01 1.3914522529e-01
-1.2683770061e-01 -3.0452865362e-01 -2.9239663482e-01 -2.1500970423e-01 -3.4028381109e-01 -3.5308662057e-01 -3.1154173613e-01 -1.0626723617e-01 -3.0621957034e-02 -1.9582366571e-02 -2.3941856623e-01 5.3408300877e-01 -1.0408199579e-01 -6.3072562218e-01 1.0218901634e+00 9.4759993255e-02 -3.5732567310e-01 -1.6338897943e+00 -6.0890769958e-01 -9.4757884741e-02 1.7870570421e+00 -4.2432174087e-02 5.9145551920e-01 -9.4924259186e-01 -4.5663610101e-01 -1.2197346687e+00 1.7273069918e-01 6.1517760158e-02 2.5932839513e-01 -6.6923755407e-01 3.1844958663e-01 1.7634741962e-01 -2.7966359258e-01 -2.2387991846e-01 -3.6800745130e-01 -2.7710610628e-01 -1.0092055798e+00 -2.6955315471e-01 -2.7978733182e-01 -3.1134879589e-01 -3.6459887028e-01 2.0493021607e-01 1.6011381149e-01 1.6983744502e-01 -5.9922641516e-01 1.0177159309e+00 1.3566814363e-01 1.7358216643e-01 1.8389971554e-01 1.6346703470e-01 -3.5456821322e-01 -3.7660142779e-01 3.2411465049e-01 4.0678876638e-01 -3.5456821322e-01 -3.3181294799e-01 -3.1144747138e-01 -3.6800745130e-01 -3.9742225409e-01 1.8811251223e-01 3.5755622387e-01 -3.8705331087e-01 -3.5104203224e-01 -5.4525291920e-01 -1.1597243696e-01 9.1237977147e-02 2.1856939793e+00 5.3408300877e-01 5.3334945440e-01 2.4921724200e-01 2.8184145689e-01 5.0743794441e-01 3.3886912465e-01 -3.6685243249e-01 1.8502964079e-01
-1.2683770061e-01 -2.3843504488e-01 -3.0477935076e-01 -2.9242718220e-01 -2.1635507047e-01 -3.4171274304e-01 -3.5714569688e-01 -3.1198495626e-01 -1.0716374218e-01 -3.0953668058e-02 -1.9637273625e-02 7.2979044914e-01 5.3075480461e-01 -1.0777841508e-01 -6.2435323000e-01 1.0127018690e+00 1.1695052683e-01 -3.6950084567e-01 -1.6512321234e+00 -6.1029356718e-01 -9.8629765213e-02 1.7809194326e+00 -5.6209427118e-01 5.9633988142e-01 -9.4347339869e-01 -4.5401734114e-01 -1.2318451405e+00 1.6515430808e-01 7.2402156889e-02 2.5030452013e-01 -6.8097782135e-01 3.1915920973e-01 -2.4123194814e-01 -2.3769117892e-01 -3.3974039555e-01 -2.8243508935e-01 -1.0022848845e+00 -2.2960132360e-01 -2.5681939721e-01 -2.9698890448e-01 -3.5725885630e-01 2.7387437224e-01 1.8712122738e-01 2.9916542768e-01 -6.1124962568e-01 1.4958251715e+00 -9.8839893937e-02 5.3170794249e-01 6.6191035509e-01 4.7207090259e-01 1.9646187127e-01 -2.2063092887e-01 6.1605268717e-01 1.8555302918e-01 1.9646187127e-01 -3.3768627048e-01 -3.0895075202e-01 -3.3974039555e-01 -3.4550961852e-01 9.5286332071e-02 6.4951157570e-01 -3.6692860723e-01 -3.2176899910e-01 -5.1014786959e-01 4.7025489807e-01 1.7328882217e-01 2.2046101093e+00 7.2979044914e-01 7.2519677877e-01 -4.5227114111e-02 -3.1229436398e-02 5.8931499720e-01 3.8341355324e-01 -2.4622638524e-01 3.2901877165e-01
-1.2683770061e-01 -1.4755654335e-01 -2.3873546720e-01 -3.0481344461e-01 -2.9381072521e-01 -2.1763494611e-01 -3.4574469924e-01 -3.5747057199e-01 -3.1299945712e-01 -1.0745088011e-01 -3.0987560749e-02 -1.2465682030e+00 7.2572720051e-01 5.3052634001e-01 -9.8021022975e-02 -6.2079668045e-01 1.0594546795e+00 9.3350298703e-02 -3.7386405468e-01 -1.6469402313e+00 -6.1739003658e-01 -9.9003955722e-02 -3.5639280081e-01 -5.6189233065e-01 5.9308850765e-01 -9.4521796703e-01 -4.5931994915e-01 -1.2260317802e+00 1.7779947817e-01 6.6370852292e-02 2.4393811822e-01 -6.6777229309e-01 -2.5909703970e-01 -2.6615190506e-01 -3.2285413146e-01 -2.9053860903e-01 -9.9670803547e-01 -2.5543007255e-01 -2.6691880822e-01 -2.9940238595e-01 -3.5684648156e-01 2.2762376070e-01 1.9864767790e-01 1.3273173571e-01 -7.0303624868e-01 1.0388901234e+00 2.1074685454e-01 -1.6279876232e-01 -3.2027867436e-01 -1.0935153812e-01 -8.1546795368e-01 -3.4489521384e-01 2.1394957602e-01 -1.7826615274e-01 -8.1546807289e-01 -2.9168093204e-01 -3.2101058960e-01 -3.2285413146e-01 -3.0097264051e-01 -8.1982463598e-03 -6.2731944025e-02 -3.4134244919e-01 -3.0736228824e-01 -5.3440469503e-01 1.0202474147e-01 2.0986944437e-01 2.1824121475e+00 -1.2465682030e+00 -1.2368261814e+00 8.8953271508e-02 7.6713308692e-02 -1.6923696995e+00 2.4004963040e-01 -1.5707634389e-01 1.9888588786e-01
-1.2683770061e-01 -3.0349650979e-01 -1.4792528749e-01 -2.3875062168e-01 -3.0620312691e-01 -2.9518374801e-01 -2.2137124836e-01 -3.4609916806e-01 -3.5851114988e-01 -3.1316670775e-01 -1.0734337568e-01 1.0636068135e-01 -1.2432092428e+00 7.2656387091e-01 5.4441547394e-01 -9.8539151251e-02 -6.1775290966e-01 1.0131499767e+00 9.3738302588e-02 -3.7653020024e-01 -1.6605210304e+00 -6.1617869139e-01 -9.2439132929e-01 -3.5535588861e-01 -5.5838382244e-01 6.0511559248e-01 -9.5488768816e-01 -4.6087104082e-01 -1.2370225191e+00 1.7008082569e-01 5.8929510415e-02 2.4557937682e-01 -2.5868177414e-01 -2.8550890088e-01 -3.0496227741e-01 -2.9998531938e-01 -9.9121308327e-01 -2.6813209057e-01 -2.7269470692e-01 -3.0025973916e-01 -3.5587966442e-01 1.9768950343e-01 2.0134522021e-01 3.7813253701e-02 -7.9937231541e-01 9.0957117081e-01 1.9922102988e-01 -1.0623220354e-01 -2.3798514903e-01 -6.1880256981e-02 -1.0588824749e+00 -5.9611374140e-01 -5.5867269635e-02 -6.5701937675e-01 -1.0588823557e+00 -3.8111731410e-01 -3.3974903822e-01 -3.0496227741e-01 -2.4783419073e-01 -1.3862603903e-01 -8.0986730754e-02 -3.2472983003e-01 -2.8851881623e-01 -5.1341009140e-01 1.7353424430e-01 -2.2336038947e-01 2.1840960979e+00 1.0636068135e-01 1.1222000420e-01 7.9258412123e-02 7.4647486210e-02 -9.8286554217e-02 1.6869224608e-01 -5.9626836330e-02 1.3311056793e-01
-1.2683770061e-01 -2.9007071257e-01 -3.0374798179e-01 -1.4791442454e-01 -2.4010770023e-01 -3.0759108067e-01 -2.9910486937e-01 -2.2204847634e-01 -3.4713324904e-01 -3.5865190625e-01 -3.1267899275e-01 -1.4678651094e+00 1.0463874787e-01 -1.2531284094e+00 7.4172192812e-01 5.3892379999e-01 -8.1520900130e-02 -6.2365454435e-01 1.0229798555e+00 8.8525131345e-02 -3.8216450810e-01 -1.6561214924e+00 -1.0951962471e+00 -9.2566001415e-01 -3.5305282474e-01 -5.5667698383e-01 6.0922950506e-01 -9.5171457529e-01 -4.5886188745e-01 -1.2220907211e+00 1.6324557364e-01 6.2883950770e-02 -2.9212728143e-01 -3.0235525966e-01 -2.9670411348e-01 -3.1335145235e-01 -9.8662590981e-01 -3.3740130067e-01 -3.1090447307e-01 -3.1889000535e-01 -3.6264646053e-01 5.9320200235e-02 1.7334817350e-01 -2.9217994213e-01 -8.0795735121e-01 4.2160657048e-01 1.1330288649e+00 -7.9059851170e-01 -1.0651214123e+00 -6.6406035423e-01 -1.6711272001e+00 -1.2622553110e+00 -8.9796024561e-01 -1.0544025898e+00 -1.6711269617e+00 -2.9224541783e-01 -3.6143818498e-01 -2.9670411348e-01 -2.1029202640e-01 -2.4500520527e-01 -1.1373089552e+00 -3.0748537183e-01 -2.8420585394e-01 -5.5410718918e-01 -1.6075441241e-01 -8.0485022068e-01 2.1402275562e+00 -1.4678651094e+00 -1.4599891901e+00 2.6945358142e-02 2.0494398475e-01 -1.3400846720e+00 -4.2961537838e-03 1.6634689644e-02 -1.5033738315e-01
-1.2683770061e-01 -4.7079557180e-01 -2.9033231735e-01 -3.0378180742e-01 -1.4922668040e-01 -2.4141614139e-01 -3.1154173613e-01 -2.9958036542e-01 -2.2301138937e-01 -3.4728062153e-01 -3.5808014870e-01 -5.3960371763e-02 -1.4636750221e+00 1.0208253562e-01 -1.2507848740e+00 7.3470270634e-01 5.7299917936e-01 -1.0034005344e-01 -6.3062661886e-01 1.0127050877e+00 8.5799679160e-02 -3.8167211413e-01 -6.3596270978e-02 -1.0971583128e+00 -9.2002844810e-01 -3.4950563312e-01 -5.6289231777e-01 5.9749203920e-01 -9.5804476738e-01 -4.5638799667e-01 -1.2370620966e+00 1.6589573026e-01 -3.4011512995e-01 -3.1522533298e-01 -2.9622834921e-01 -3.2555085421e-01 -9.8167294264e-01 -3.8566634059e-01 -3.4331506491e-01 -3.3635723591e-01 -3.6941152811e-01 -5.3154733032e-02 1.2643869221e-01 -4.9550518394e-01 -8.0805265903e-01 1.5217883885e-01 9.0355807543e-01 -8.1190109253e-01 -1.0885648727e+00 -6.8337190151e-01 -1.6490482092e+00 -1.5595812798e+00 -1.1298050880e+00 -8.9757698774e-01 -1.6490483284e+00 -2.9626682401e-01 -3.6234310269e-01 -2.9622834921e-01 -2.0847238600e-01 -2.4990466237e-01 -1.1801981926e+00 -3.0413165689e-01 -2.8040513396e-01 -5.8325380087e-01 -5.8796149492e-01 -1.3837645054e+00 2.1391272545e+00 -5.3960371763e-02 -4.6286523342e-02 2.0074903965e-02 1.3269862533e-01 -1.0600212812e+00 -2.0604403317e-01 6.0731623322e-02 -3.2363635302e-01
-1.2683770061e-01 -4.7699236870e-01 -4.7092124820e-01 -2.9036226869e-01 -3.0517095327e-01 -1.5042583644e-01 -2.4520911276e-01 -3.1198495626e-01 -3.0058774352e-01 -2.2323104739e-01 -3.4672984481e-01 -1.9088812172e-01 -5.5080220103e-02 -1.4747986794e+00 1.1319834739e-01 -1.2423785925e+00 7.7401679754e-01 5.3841298819e-01 -1.0194031149e-01 -6.3189417124e-01 1.0157603025e+00 8.4861800075e-02 -6.6837197542e-01 -6.1370845884e-02 -1.0905257463e+00 -9.2156285048e-01 -3.5387906432e-01 -5.6345611811e-01 6.1748248339e-01 -9.4757926464e-01 -4.6688437462e-01 -1.2169036865e+00 -4.1095334291e-01 -3.3154800534e-01 -2.9665160179e-01 -3.3891698718e-01 -9.7676515579e-01 -4.2548534274e-01 -3.7404200435e-01 -3.5440558195e-01 -3.7687903643e-01 -1.5440501273e-01 6.6845439374e-02 -6.3186657429e-01 -8.0814105272e-01 3.5599350929e-02 7.6821523905e-01 -8.9373296499e-01 -1.1831775904e+00 -7.5636482239e-01 -1.7814328671e+00 -1.8173042536e+00 -1.3362512589e+00 -4.7680339217e-01 -1.7814329863e+00 -3.7835878134e-01 -3.6145454645e-01 -2.9665160179e-01 -2.1017464995e-01 -2.4524843693e-01 -1.2996758223e+00 -3.0437764525e-01 -2.7810704708e-01 -6.0200083256e-01 -8.5133975744e-01 -1.7662278414e+00 2.1365313530e+00 -1.9088812172e-01 -1.8194994330e-01 1.5759706497e-02 1.3455313444e-01 -1.5742663145e+00 -4.9925887585e-01 1.0563188791e-01 -4.4699987769e-01
-1.2683770061e-01 -4.9971142411e-01 -4.7711339593e-01 -4.7100302577e-01 -2.9174479842e-01 -3.0655765533e-01 -1.5400196612e-01 -2.4582447112e-01 -3.1299945712e-01 -3.0076220632e-01 -2.2290956974e-01 2.4613381922e-01 -1.9149373472e-01 -5.8508958668e-02 -1.4738900661e+00 1.1104501039e-01 -1.2559671402e+00 7.3458820581e-01 5.4336959124e-01 -1.0608760267e-01 -6.3912582397e-01 1.0119801760e+00 -1.2128832340e+00 -6.6860145330e-01 -6.0783606023e-02 -1.0935883522e+00 -9.3102228642e-01 -3.5643535852e-01 -5.6318986416e-01 6.0272479057e-01 -9.6094626188e-01 -4.5635563135e-01 -4.4439882040e-01 -3.5739272833e-01 -3.0003920197e-01 -3.4763708711e-01 -9.7162932158e-01 -4.4195672870e-01 -3.9363303781e-01 -3.6777654290e-01 -3.8277825713e-01 -2.1273186803e-01 6.4595607109e-03 -6.4038795233e-01 -8.2953590155e-01 5.7748597115e-02 5.9329384565e-01 -7.3617333174e-01 -9.1163527966e-01 -6.3292819262e-01 -1.5301266909e+00 -1.7670115232e+00 -1.1634572744e+00 -2.9608529806e-01 -1.5301266909e+00 -4.3587517738e-01 -3.5740345716e-01 -3.0003920197e-01 -2.2073875368e-01 -2.1886686981e-01 -1.0860154629e+00 -3.0978602171e-01 -2.7824863791e-01 -5.7276636362e-01 -9.7257447243e-01 -1.2592996359e+00 2.1418821812e+00 2.4613381922e-01 2.5011819601e-01 -1.3258945942e-01 1.0915257037e-01 -6.8282467127e-01 -6.2467521429e-01 1.2368365377e-01 -4.6618264914e-01
-1.2683770061e-01 -4.6976339817e-01 -4.9981534481e-01 -4.7719696164e-01 -4.7247466445e-01 -2.9311534762e-01 -3.1050583720e-01 -1.5485401452e-01 -2.4680101871e-01 -3.1316670775e-01 -3.0029743910e-01 -5.3269070387e-01 2.4388696253e-01 -1.9566766918e-01 -4.8432644457e-02 -1.4637565613e+00 1.3367129862e-01 -1.2464945316e+00 7.4155861139e-01 5.3570723534e-01 -1.1003035307e-01 -6.3784801960e-01 -6.6377484798e-01 -1.2153229713e+00 -6.6447013617e-01 -5.4616905749e-02 -1.1045771837e+00 -9.2807668447e-01 -3.5265186429e-01 -5.5904573202e-01 5.9841793776e-01 -9.4424021244e-01 -4.9342477322e-01 -3.8187637925e-01 -3.0655026436e-01 -3.5721564293e-01 -9.6724426746e-01 -4.7447803617e-01 -4.2152583599e-01 -3.8620004058e-01 -3.9117321372e-01 -2.9560366273e-01 -5.9909541160e-02 -7.0471280813e-01 -8.0512440205e-01 -1.6303010285e-01 7.5281292200e-01 -9.8389947414e-01 -1.2278575897e+00 -8.4806489944e-01 -1.7556762695e+00 -1.8050440550e+00 -1.3209836483e+00 -4.7866010666e-01 -1.7556762695e+00 -4.5302745700e-01 -3.4767287970e-01 -3.0655026436e-01 -2.4298159778e-01 -1.6118898988e-01 -1.3273659945e+00 -3.1373700500e-01 -2.8371062875e-01 -6.0081475973e-01 -1.2568546534e+00 -1.1767601967e+00 2.1309449673e+00 -5.3269070387e-01 -5.2175098658e-01 -1.4167580009e-01 1.2222149968e-01 -1.5345329046e+00 -8.0220454931e-01 1.3343630731e-01 -5.4707890749e-01
-1.2683770061e-01 -5.3379112482e-01 -4.6988987923e-01 -4.9990540743e-01 -4.7867166996e-01 -4.7406259179e-01 -2.9703152180e-01 -3.1095176935e-01 -1.5577837825e-01 -2.4700683355e-01 -3.1267899275e-01 1.7823094130e-01 -5.3201270103e-01 2.4209143221e-01 -1.8647918105e-01 -4.9334671348e-02 -1.4832686186e+00 1.0966827720e-01 -1.2598601580e+00 7.3281669617e-01 5.3577893972e-01 -1.1036969721e-01 -7.2587811947e-01 -6.6398561001e-01 -1.2080007792e+00 -6.6371411085e-01 -5.6368540972e-02 -1.0999771357e+00 -9.3400532007e-01 -3.5187831521e-01 -5.7014203072e-01 5.9562712908e-01 -5.0173443556e-01 -4.0290817618e-01 -3.2116034627e-01 -3.6798366904e-01 -9.6261382103e-01 -4.8886355758e-01 -4.4032841921e-01 -4.0072584152e-01 -3.9831474423e-01 -3.4309470654e-01 -1.2335464358e-01 -6.7327713966e-01 -7.3940527439e-01 -3.8899707794e-01 8.8846892118e-01 -8.6082708836e-01 -1.0076915026e+00 -7.5369828939e-01 -1.2615871429e+00 -1.6196228266e+00 -1.2516381741e+00 -7.1659731865e-01 -1.2615871429e+00 -4.5842921734e-01 -3.4842050076e-01 -3.2116034627e-01 -2.7035453916e-01 -1.1194841564e-01 -1.0957279205e+00 -3.3263260126e-01 -2.8841280937e-01 -5.7371306419e-01 -1.5565192699e+00 -1.0735577345e+00 2.1345515251e+00 1.7823094130e-01 1.8316020072e-01 -1.2547616661e-01 -8.1290267408e-03 4.8134863377e-01 -7.7712130547e-01 1.1806160212e-01 -5.4847198725e-01
-1.2683770061e-01 -5.1210427284e-01 -5.3386944532e-01 -4.6997135878e-01 -5.0139135122e-01 -4.8026704788e-01 -4.7840994596e-01 -2.9751241207e-01 -3.1196567416e-01 -1.5603721142e-01 -2.4664141238e-01 -3.2913675904e-01 1.7623910308e-01 -5.3804683685e-01 2.5411349535e-01 -1.8631248176e-01 -3.0999809504e-02 -1.4683203697e+00 1.1022378504e-01 -1.2577000856e+00 7.3412126303e-01 5.3346574306e-01 -7.7544373274e-01 -7.2634100914e-01 -6.5988123417e-01 -1.2121162415e+00 -6.7088109255e-01 -6.1760947108e-02 -1.1088262796e+00 -9.2392462492e-01 -3.6176392436e-01 -5.5832225084e-01 -5.1669120789e-01 -4.3461239338e-01 -3.3757004142e-01 -3.7879538536e-01 -9.5847523212e-01 -5.1165533066e-01 -4.6298325062e-01 -4.1774520278e-01 -4.0684828162e-01 -4.0047323704e-01 -1.8661531806e-01 -6.7129445076e-01 -6.6190701723e-01 -5.8923912048e-01 7.7698218822e-01 -1.0202426910e+00 -1.2229225636e+00 -8.8974326849e-01 -1.4127689600e+00 -1.5777629614e+00 -1.2196148634e+00 -6.3068997860e-01 -1.4127689600e+00 -4.7046217322e-01 -3.4863933921e-01 -3.3757004142e-01 -3.0171883106e-01 -5.4232489318e-02 -1.1548204422e+00 -3.4843733907e-01 -3.0623105168e-01 -6.1406379938e-01 -1.4499287605e+00 -1.4776312113e+00 2.1248598099e+00 -3.2913675904e-01 -3.1918993592e-01 -1.9798965752e-01 -6.0799317434e-03 2.4322343990e-02 -7.7236360312e-01 9.6338182688e-02 -5.8301573992e-01
-1.2683770061e-01 -5.5134707689e-01 -5.1219886541e-01 -5.3396928310e-01 -4.7144249082e-01 -5.0301402807e-01 -4.8462915421e-01 -4.7842010856e-01 -2.9851859808e-01 -3.1213352084e-01 -1.5583990514e-01 1.0091918707e-01 -3.2922318578e-01 1.7407400906e-01 -5.3107452393e-01 2.5086927414e-01 -1.7164285481e-01 -5.1035989076e-02 -1.4839631319e+00 1.0492081940e-01 -1.2688461542e+00 7.3120188713e-01 -8.1734105945e-02 -7.7610784769e-01 -7.2187268734e-01 -6.5908414125e-01 -1.2241588831e+00 -6.7041540146e-01 -5.2971027792e-02 -1.0959467888e+00 -9.3715339899e-01 -3.5254952312e-01 -5.2458482981e-01 -4.7426837683e-01 -3.6461985111e-01 -3.9163315296e-01 -9.5414704084e-01 -5.2268183231e-01 -4.7922307253e-01 -4.3191957474e-01 -4.1451856494e-01 -4.3261536956e-01 -2.4422863126e-01 -6.1058068275e-01 -6.0607612133e-01 -6.1364352703e-01 5.8589392900e-01 -9.4275653362e-01 -1.0745035410e+00 -8.3205753565e-01 -1.3307482004e+00 -1.4261974096e+00 -1.0116981268e+00 -5.7166951895e-01 -1.3307482004e+00 -5.1789122820e-01 -3.9460232854e-01 -3.6461985111e-01 -3.0790448189e-01 -1.2197552621e-01 -1.0326861143e+00 -3.7844794989e-01 -3.2297062874e-01 -5.8859205246e-01 -2.0258426666e+00 -1.5726461411e+00 2.1268007755e+00 1.0091918707e-01 1.0684598982e-01 -3.2681912184e-01 -2.3795507848e-01 -5.5689376593e-01 -6.9473558664e-01 4.3215263635e-02 -5.6768864393e-01
-1.2683770061e-01 -5.3895503283e-01 -5.5141216516e-01 -5.1229250431e-01 -5.3547203541e-01 -4.7302919626e-01 -5.0743037462e-01 -4.8462319374e-01 -4.7953012586e-01 -2.9869428277e-01 -3.1164774299e-01 1.1800903082e-01 9.9217683077e-02 -3.3414950967e-01 1.8565581739e-01 -5.2824008465e-01 2.7723696828e-01 -1.8829104304e-01 -5.2130129188e-02 -1.4805824757e+00 1.0229791701e-01 -1.2656438351e+00 -8.6078351736e-01 -7.9582311213e-02 -7.7134907246e-01 -7.2163116932e-01 -6.6620993614e-01 -1.2184188366e+00 -6.7196637392e-01 -5.6995183229e-02 -1.1101808548e+00 -9.2074483633e-01 -5.3559517860e-01 -4.9665969610e-01 -3.9034664631e-01 -3.9854806662e-01 -9.4945973158e-01 -5.2516770363e-01 -4.8983147740e-01 -4.4331511855e-01 -4.2127251625e-01 -4.4332563877e-01 -2.9265341163e-01 -5.1179575920e-01 -5.8297747374e-01 -5.5901533365e-01 3.9441305399e-01 -8.4848266840e-01 -8.8867580891e-01 -7.6278114319e-01 -1.2350538969e+00 -1.4167333841e+00 -8.4698981047e-01 -6.9127470255e-01 -1.2350538969e+00 -5.5959308147e-01 -4.4938009977e-01 -3.9034664631e-01 -3.0274328589e-01 -2.2653611004e-01 -9.1935431957e-01 -4.0507027507e-01 -3.4849634767e-01 -5.5801826715e-01 -1.9675241709e+00 -1.1316814423e+00 2.1295149326e+00 1.1800903082e-01 1.2372250855e-01 -4.6970140934e-01 -2.3159122467e-01 -7.1469897032e-01 -6.3548702002e-01 -2.5703052059e-02 -5.2001583576e-01
-1.2683770061e-01 -5.2449709177e-01 -5.3902947903e-01 -5.5151706934e-01 -5.1378452778e-01 -5.3713572025e-01 -4.7737404704e-01 -5.0736522675e-01 -4.8573675752e-01 -4.7960036993e-01 -2.9823333025e-01 1.4362140000e-01 1.1624334753e-01 9.6631854773e-02 -3.2585740089e-01 1.8294155598e-01 -5.2271968126e-01 2.4977549911e-01 -1.9079409540e-01 -5.6548748165e-02 -1.4931225777e+00 1.0130961239e-01 -5.9364742041e-01 -8.6179399490e-01 -7.8888781369e-02 -7.7155095339e-01 -7.2931307554e-01 -6.6578876972e-01 -1.2292803526e+00 -6.6608077288e-01 -6.5157487988e-02 -1.0916090012e+00 -5.3019380569e-01 -5.1863348484e-01 -4.1125532985e-01 -4.0376618505e-01 -9.4480329752e-01 -5.2091884613e-01 -4.9525815248e-01 -4.5189183950e-01 -4.2701432109e-01 -4.3518236279e-01 -3.2961854339e-01 -3.8859477639e-01 -5.7405012846e-01 -6.0221868753e-01 2.3206157982e-01 -7.3010212183e-01 -6.5300494432e-01 -6.7659920454e-01 -1.1188491583e+00 -1.3118964434e+00 -7.0372086763e-01 -8.5833066702e-01 -1.1188491583e+00 -6.1001121998e-01 -4.9442887306e-01 -4.1125532985e-01 -2.9802283645e-01 -3.1386402249e-01 -7.7291530371e-01 -4.2714351416e-01 -3.6986768246e-01 -5.2726572752e-01 -1.6471717358e+00 -4.9988749623e-01 2.1328241825e+00 1.4362140000e-01 1.4900751412e-01 -4.6559303999e-01 -2.3635584116e-01 -6.1331164837e-01 -5.2758550644e-01 -8.3109445870e-02 -4.5021921396e-01
-1.2683770061e-01 -5.0694036484e-01 -5.2458238602e-01 -5.3913074732e-01 -5.5302840471e-01 -5.1542210579e-01 -5.4163330793e-01 -4.7738692164e-01 -5.0849181414e-01 -4.8580342531e-01 -4.7880500555e-01 1.8624073267e-01 1.4175952971e-01 1.1375053227e-01 1.0771238804e-01 -3.2461169362e-01 2.0749165118e-01 -5.3091061115e-01 2.5176924467e-01 -1.9445741177e-01 -6.0181632638e-02 -1.4892346859e+00 -5.8428597450e-01 -5.9357357025e-01 -8.5653513670e-01 -7.2884343565e-02 -7.7967667580e-01 -7.2829037905e-01 -6.6726112366e-01 -1.2144724131e+00 -6.7780262232e-01 -5.9651575983e-02 -5.2458482981e-01 -5.1999378204e-01 -4.2046660185e-01 -4.0909516811e-01 -9.4014775753e-01 -5.1044261456e-01 -4.9548935890e-01 -4.5740693808e-01 -4.3156343699e-01 -4.0912836790e-01 -3.5351267457e-01 -2.4807001650e-01 -5.6576031446e-01 -7.1825402975e-01 8.9024662971e-02 -5.7376152277e-01 -3.4742000699e-01 -5.6319797039e-01 -9.6847605705e-01 -1.1826794147e+00 -6.0711699724e-01 -4.4180142879e-01 -9.6847611666e-01 -6.6501551867e-01 -5.0382065773e-01 -4.2046660185e-01 -3.0637556314e-01 -3.1478887796e-01 -5.8024454117e-01 -4.4776019454e-01 -3.7418064475e-01 -5.0917726755e-01 -1.2575556040e+00 -6.3000154495e-01 2.1353380680e+00 1.8624073267e-01 1.9106186926e-01 -8.9795452356e-01 -3.9837631583e-01 5.0631922483e-01 -4.6660727262e-01 -9.7872257233e-02 -3.6241841316e-01
-1.2683770061e-01 -4.8422133923e-01 -5.0703889132e-01 -5.2467954159e-01 -5.4063606262e-01 -5.5471324921e-01 -5.1986801624e-01 -5.4147946835e-01 -4.7849634290e-01 -5.0854521990e-01 -4.8499658704e-01 1.4292947948e-01 1.8421880901e-01 1.3940609992e-01 1.2494186312e-01 1.0560152680e-01 -3.1364265084e-01 1.8171031773e-01 -5.3693073988e-01 2.4569524825e-01 -1.9895291328e-01 -6.0673337430e-02 -1.2473618984e+00 -5.8417409658e-01 -5.8988016844e-01 -8.5750055313e-01 -7.4798397720e-02 -7.7817386389e-01 -7.3082458973e-01 -6.6145086288e-01 -1.2293992043e+00 -6.6463679075e-01 -5.0755107403e-01 -5.1894718409e-01 -4.2644780874e-01 -4.1349932551e-01 -9.3545949459e-01 -4.9755212665e-01 -4.9242559075e-01 -4.6066224575e-01 -4.3518596888e-01 -3.7257084250e-01 -3.6466091871e-01 -1.1104095727e-01 -6.3583236933e-01 -3.6386194825e-01 -1.1444171518e-01 -4.5073479414e-01 -1.1322557181e-01 -4.7417002916e-01 -8.1305348873e-01 -1.0321580172e+00 -4.1583946347e-01 -4.3115854263e-01 -8.1305354834e-01 -6.8451356888e-01 -5.0931090117e-01 -4.2644780874e-01 -3.1240805984e-01 -3.1319138408e-01 -4.3660977483e-01 -4.5318624377e-01 -3.8038545847e-01 -4.9088510871e-01 -1.3164465427e+00 -8.1281286478e-01 2.1372971535e+00 1.4292947948e-01 1.4832456410e-01 -8.9120817184e-01 -4.0273749828e-01 -3.0458882451e-01 -3.7124761939e-01 -1.0418270528e-01 -2.7342069149e-01
-1.2683770061e-01 -4.6666461229e-01 -4.8433691263e-01 -5.0713104010e-01 -5.2617770433e-01 -5.4230594635e-01 -5.5925273895e-01 -5.1977062225e-01 -5.4262560606e-01 -4.7856721282e-01 -5.0769639015e-01 -9.6661202610e-02 1.4107021689e-01 1.8209731579e-01 1.5076349676e-01 1.2269762158e-01 1.2808215618e-01 -3.2687014341e-01 1.8300536275e-01 -5.3870862722e-01 2.4395288527e-01 -1.9902047515e-01 -1.2367048264e+00 -1.2499415874e+00 -5.8053553104e-01 -5.8845561743e-01 -8.6639046669e-01 -8.0015115440e-02 -7.8155559301e-01 -7.2399675846e-01 -6.7314565182e-01 -1.2093367577e+00 -4.9529418349e-01 -5.1674950123e-01 -4.3359452486e-01 -4.2036971450e-01 -9.3105620146e-01 -4.9278080463e-01 -4.9202334881e-01 -4.6472910047e-01 -4.3915072083e-01 -3.4630569816e-01 -3.6785548925e-01 -2.5532236323e-02 -7.3419815302e-01 -3.4893703461e-01 -3.3733573556e-01 -5.2101522684e-01 -2.6820808649e-01 -5.2579617500e-01 -5.5467683077e-01 -8.3092600107e-01 -3.5600486398e-01 -2.2790931165e-02 -5.5467683077e-01 -6.8624544144e-01 -5.1658374071e-01 -4.3359452486e-01 -3.1890308857e-01 -3.1385853887e-01 -4.6405732632e-01 -4.5773449540e-01 -3.8803952932e-01 -5.1461768150e-01 -1.4694383144e+00 -3.8532790542e-01 2.1356558800e+00 -9.6661202610e-02 -8.8564798236e-02 -9.0166831017e-01 -4.0421757102e-01 -1.0804998875e+00 -2.9102402925e-01 -1.0613323003e-01 -2.2503897548e-01
-1.2683770061e-01 -4.7802451253e-01 -4.6679338813e-01 -4.8442256451e-01 -5.0862050056e-01 -5.2783024311e-01 -5.4681587219e-01 -5.5905318260e-01 -5.2090430260e-01 -5.4265916348e-01 -4.7777375579e-01 -1.3957567513e-01 -9.7620688379e-02 1.3871301711e-01 1.9373103976e-01 1.4831936359e-01 1.4563570917e-01 1.0421377420e-01 -3.3079573512e-01 1.7730593681e-01 -5.4535734653e-01 2.4253162742e-01 -9.5184880495e-01 -1.2392412424e+00 -1.2424173355e+00 -5.7902723551e-01 -5.9495347738e-01 -8.6406099796e-01 -7.1535326540e-02 -7.7391558886e-01 -7.3605704308e-01 -6.6003805399e-01 -4.8926994205e-01 -5.1926094294e-01 -4.4793969393e-01 -4.2633712292e-01 -9.2675977945e-01 -4.9515852332e-01 -4.9475553632e-01 -4.7004234791e-01 -4.4366306067e-01 -3.3163681626e-01 -3.6721438169e-01 1.5705162659e-02 -7.5660282373e-01 -5.2807217836e-01 -2.0569341257e-02 -6.2644493580e-01 -4.9795907736e-01 -6.0272359848e-01 -5.7130813599e-01 -6.8926209211e-01 -5.8572345972e-01 -4.8273175955e-02 -5.7130813599e-01 -7.1007394791e-01 -5.4607135057e-01 -4.4793969393e-01 -3.1708034873e-01 -3.6903434992e-01 -5.0699615479e-01 -4.7250306606e-01 -3.9940613508e-01 -5.4194277525e-01 -1.7084149122e+00 -4.3171039224e-01 2.1329035759e+00 -1.3957567513e-01 -1.3108041883e-01 -9.1787588596e-01 -5.0440669060e-01 4.1974413395e-01 -2.0734089613e-01 -1.3722676039e-01 -2.0956926048e-01
-1.2683770061e-01 -4.9454832077e-01 -4.7814476490e-01 -4.6687400341e-01 -4.8590081930e-01 -5.1025187969e-01 -5.3230565786e-01 -5.4664856195e-01 -5.6020939350e-01 -5.2095049620e-01 -5.4174721241e-01 -1.4259254932e+00 -1.4037400484e-01 -1.0128180683e-01 1.5006592870e-01 1.9095426798e-01 1.7194302380e-01 1.2134446949e-01 1.0471328348e-01 -3.3369645476e-01 1.7513579130e-01 -5.4436618090e-01 -7.6374191046e-01 -9.5322901011e-01 -1.2317794561e+00 -1.2468411922e+00 -5.8544129133e-01 -5.9521162510e-01 -8.6890190840e-01 -7.5262278318e-02 -7.8626763821e-01 -7.2216284275e-01 -5.2126127481e-01 -5.3265386820e-01 -4.6710211039e-01 -4.3549734354e-01 -9.2374372482e-01 -5.5441749096e-01 -5.2875339985e-01 -4.9178406596e-01 -4.5529979467e-01 -4.2320889235e-01 -3.8665792346e-01 -2.0022255182e-01 -6.3074356318e-01 -8.9901596308e-01 7.9209190607e-01 -1.5168236494e+00 -1.8019249439e+00 -1.3142703772e+00 -1.5685551167e+00 -9.5873838663e-01 -1.3035185337e+00 -4.1613334417e-01 -1.5685552359e+00 -6.0706251860e-01 -5.5194395781e-01 -4.6710211039e-01 -3.4810030460e-01 -3.2155853510e-01 -1.4321277142e+00 -4.8957228661e-01 -4.1945126653e-01 -5.6708097458e-01 -1.7473356724e+00 -2.9756808281e-01 2.1065821648e+00 -1.4259254932e+00 -1.4176410437e+00 -5.0751340389e-01 -3.8582727313e-01 -1.2400025129e+00 -2.6226484776e-01 -1.7463074625e-01 -4.2075419426e-01
-1.2683770061e-01 -6.6597831249e-01 -4.9465614557e-01 -4.7822862864e-01 -4.6834361553e-01 -4.8750489950e-01 -5.1468545198e-01 -5.3217601776e-01 -5.4779767990e-01 -5.6023269892e-01 -5.2007871866e-01 -1.1489523649e+00 -1.4218930006e+00 -1.4426867664e-01 -9.1482363641e-02 1.4762718976e-01 2.1571876109e-01 1.4701804519e-01 1.2201982737e-01 9.9440336227e-02 -3.3906286955e-01 1.7392487824e-01 -8.7825268507e-01 -7.6435846090e-01 -9.4743651152e-01 -1.2361080647e+00 -1.2591925859e+00 -5.8579009771e-01 -5.9548485279e-01 -8.5986357927e-01 -8.3531342447e-02 -7.7174562216e-01 -5.8503639698e-01 -5.6195122004e-01 -4.9256393313e-01 -4.4928184152e-01 -9.2158633471e-01 -6.3943839073e-01 -5.8163416386e-01 -5.2482163906e-01 -4.7224029899e-01 -5.7434445620e-01 -4.3514999747e-01 -5.1251929998e-01 -3.9315563440e-01 -1.1956819296e+00 1.7034345865e+00 -2.0100474358e+00 -2.2232360840e+00 -1.7701652050e+00 -1.4348571301e+00 -1.2726857662e+00 -2.1132063866e+00 -8.2185882330e-01 -1.4348571301e+00 -5.1959460974e-01 -5.4171651602e-01 -4.9256393313e-01 -4.0731245279e-01 -1.9262570143e-01 -1.8602489233e+00 -5.1108366251e-01 -4.4598439336e-01 -6.3695257902e-01 -2.1123292446e+00 -5.9526497126e-01 2.0476589203e+00 -1.1489523649e+00 -1.1386133432e+00 -3.6568242311e-01 -3.1514057517e-01 -7.0365566015e-01 -4.2379245162e-01 -2.1872784197e-01 -7.1380877495e-01
-1.2683770061e-01 -8.0126434565e-01 -6.6595727205e-01 -4.9474471807e-01 -4.7970384359e-01 -4.6992656589e-01 -4.9188426137e-01 -5.1460152864e-01 -5.3331685066e-01 -5.4782819748e-01 -5.5928826332e-01 5.3103357553e-01 -1.1459599733e+00 -1.4327883720e+00 -1.3474749029e-01 -9.2051111162e-02 1.7123234272e-01 1.8973924220e-01 1.4795696735e-01 1.1665260792e-01 9.6783153713e-02 -3.3870220184e-01 1.4639525414e+00 -8.7933409214e-01 -7.5966829062e-01 -9.4921660423e-01 -1.2483639717e+00 -1.2531186342e+00 -5.8590328693e-01 -5.9082370996e-01 -8.7271785736e-01 -7.7795699239e-02 -6.3987892866e-01 -5.8099448681e-01 -5.1823741198e-01 -4.5769363642e-01 -9.1920179129e-01 -6.7527258396e-01 -6.1342012882e-01 -5.4859018326e-01 -4.8587822914e-01 -6.4692431688e-01 -4.8976111412e-01 -5.7830440998e-01 -1.8246583641e-01 -1.3122406006e+00 1.3136346340e+00 -1.5411257744e+00 -1.4862318039e+00 -1.4250495434e+00 -9.9318420887e-01 -1.4231628180e+00 -1.7400813103e+00 -5.1522213221e-01 -9.9318414927e-01 -5.0620704889e-01 -5.6519913673e-01 -5.1823741198e-01 -4.3328627944e-01 -1.8504160643e-01 -1.3825821877e+00 -5.3501868248e-01 -4.7241154313e-01 -5.8983886242e-01 -2.1438300610e+00 -6.9603316486e-02 2.0661568642e+00 5.3103357553e-01 5.3035598993e-01 -2.8501638770e-01 -3.1547269225e-01 5.8494243771e-02 -5.4726278782e-01 -2.8225350380e-01 -7.8423500061e-01
-1.2683770061e-01 -7.3930090666e-01 -8.0114150047e-01 -6.6609495878e-01 -4.9622809887e-01 -4.8130044341e-01 -4.7426405549e-01 -4.9185949564e-01 -5.1573222876e-01 -5.3335577250e-01 -5.4690670967e-01 6.7963294685e-02 5.2771675587e-01 -1.1553479433e+00 -1.4316077232e+00 -1.3498128951e-01 -7.4859254062e-02 1.4632447064e-01 1.9111670554e-01 1.4244845510e-01 1.1410308629e-01 9.5811702311e-02 2.7237167954e-01 1.4723783731e+00 -8.7397283316e-01 -7.5976550579e-01 -9.5892184973e-01 -1.2423932552e+00 -1.2645696402e+00 -5.8139556646e-01 -6.0210573673e-01 -8.5711497068e-01 -6.9077509642e-01 -6.0045689344e-01 -5.4814493656e-01 -4.6771320701e-01 -9.1651976109e-01 -6.9638246298e-01 -6.3789665699e-01 -5.6927925348e-01 -4.9862894416e-01 -6.9075423479e-01 -5.4300200939e-01 -5.6357258558e-01 -3.2759848982e-02 -1.1584130526e+00 1.0561686754e+00 -1.4793715477e+00 -1.3900702000e+00 -1.3793138266e+00 -9.3429934978e-01 -1.1969330311e+00 -1.4153057337e+00 -5.4716712236e-01 -9.3429934978e-01 -5.3587871790e-01 -6.2595856190e-01 -5.4814493656e-01 -4.3020433187e-01 -2.9833289981e-01 -1.3240289688e+00 -5.6376558542e-01 -4.9965110421e-01 -5.5341190100e-01 -2.5930101871e+00 -2.3620666936e-02 2.0680494308e+00 6.7963294685e-02 7.4289940298e-02 -2.8742271662e-01 -3.7788373232e-01 -1.2475347519e+00 -6.3700079918e-01 -3.5549351573e-01 -7.8966516256e-01
-1.2683770061e-01 -7.3103982210e-01 -7.3922467232e-01 -8.0131798983e-01 -6.6766285896e-01 -4.9784457684e-01 -4.8566505313e-01 -4.7428497672e-01 -4.9297720194e-01 -5.1578146219e-01 -5.3246104717e-01 -1.5371911526e+00 6.6385559738e-02 5.2747172117e-01 -1.1523715258e+00 -1.4218015671e+00 -1.1893815547e-01 -9.3838885427e-02 1.4725628495e-01 1.8537309766e-01 1.4006027579e-01 1.1307870597e-01 -2.8718483448e-01 2.7596083283e-01 1.4640140533e+00 -8.7509453297e-01 -7.6778644323e-01 -9.5571029186e-01 -1.2536619902e+00 -1.2491967678e+00 -5.9262245893e-01 -5.8988630772e-01 -7.7449303865e-01 -6.3958996534e-01 -5.7927137613e-01 -4.8306092620e-01 -9.1540980339e-01 -7.7091044188e-01 -6.9121497869e-01 -6.0575026274e-01 -5.1853233576e-01 -8.2923901081e-01 -6.1577486992e-01 -7.7355915308e-01 2.1832740307e-01 -1.4243602753e+00 2.0171024799e+00 -2.0902893543e+00 -2.0170614719e+00 -1.9481050968e+00 -1.7129415274e+00 -1.2961217165e+00 -1.9403671026e+00 -8.9912247658e-01 -1.7129416466e+00 -4.4530963898e-01 -6.2631207705e-01 -5.7927137613e-01 -4.8975694180e-01 -1.8624722958e-01 -2.0021221638e+00 -5.9365403652e-01 -5.3207105398e-01 -6.0455334187e-01 -2.7016789913e+00 -1.8005768955e-01 2.0103144646e+00 -1.5371911526e+00 -1.5300467014e+00 -7.8732989728e-02 -3.2727319002e-01 -1.4658955336e+00 -8.5842573643e-01 -4.1462096572e-01 -1.0060442686e+00
-1.2683770061e-01 -9.1073173285e-01 -7.3096978664e-01 -7.3938339949e-01 -8.0295264721e-01 -6.6948550940e-01 -5.0224858522e-01 -4.8565641046e-01 -4.7539260983e-01 -4.9303963780e-01 -5.1491922140e-01 -1.3788367808e-01 -1.5327407122e+00 6.3620366156e-02 5.4134106636e-01 -1.1447271109e+00 -1.4401910305e+00 -1.3685594499e-01 -9.5372401178e-02 1.4175158739e-01 1.8325340748e-01 1.3895657659e-01 4.8325538635e-01 -2.8586697578e-01 2.7457925677e-01 1.4838470221e+00 -8.8414084911e-01 -7.6639699936e-01 -9.6210837364e-01 -1.2384637594e+00 -1.2643264532e+00 -5.8052164316e-01 -8.2684254646e-01 -6.8207108974e-01 -6.1187911034e-01 -4.9504023790e-01 -9.1421705484e-01 -8.2580679655e-01 -7.3770886660e-01 -6.4027774334e-01 -5.3831505775e-01 -9.3749749660e-01 -6.9758611917e-01 -8.7072962523e-01 4.7571051121e-01 -1.5296057463e+00 2.1433885098e+00 -2.1350893974e+00 -2.0563306808e+00 -1.9923709631e+00 -1.5336334705e+00 -1.4888920784e+00 -1.8579677343e+00 -9.6708369255e-01 -1.5336334705e+00 -4.8400920630e-01 -6.4238721132e-01 -6.1187911034e-01 -5.3647106886e-01 -1.2582124770e-01 -1.8162134886e+00 -6.2445563078e-01 -5.6668227911e-01 -6.5627676249e-01 -2.5404226780e+00 -3.3038794994e-01 2.0051689148e+00 -1.3788367808e-01 -1.2940363586e-01 -1.0309584439e-01 -3.3622661233e-01 5.7194840163e-02 -9.4319027662e-01 -4.9080589414e-01 -1.1241019964e+00
-1.2683770061e-01 -9.2622256279e-01 -9.1052663326e-01 -7.3112612963e-01 -7.4098747969e-01 -8.0493801832e-01 -6.7429858446e-01 -5.0219690800e-01 -4.8677054048e-01 -4.7546529770e-01 -4.9221941829e-01 1.0812379122e+00 -1.3868834078e-01 -1.5442415476e+00 7.4487216771e-02 5.3587317467e-01 -1.1557027102e+00 -1.4262806177e+00 -1.3883103430e-01 -9.9555477500e-02 1.3935905695e-01 1.8201768398e-01 5.1372194290e-01 4.8770055175e-01 -2.8396949172e-01 2.8375172615e-01 1.4957735538e+00 -8.8164216280e-01 -7.6957863569e-01 -9.5157778263e-01 -1.2535307407e+00 -1.2438272238e+00 -8.2705014944e-01 -7.1429818869e-01 -6.2887120247e-01 -5.0442057848e-01 -9.1241973639e-01 -8.2071185112e-01 -7.5278931856e-01 -6.5927499533e-01 -5.5204367638e-01 -9.3355035782e-01 -7.6217496395e-01 -6.8557316065e-01 5.4533201456e-01 -6.1251670122e-01 1.6369209290e+00 -1.2638124228e+00 -8.3834356070e-01 -1.3198139668e+00 -8.3517825603e-01 -1.4535369873e+00 -1.1600147486e+00 -6.9394898415e-01 -8.3517819643e-01 -4.3924719095e-01 -6.5016388893e-01 -6.2887120247e-01 -5.6141269207e-01 -9.1936551034e-02 -1.0631002188e+00 -6.4712613821e-01 -5.8589714766e-01 -6.0550725460e-01 -1.9053366184e+00 2.7707782388e-01 2.0456523895e+00 1.0812379122e+00 1.0683946609e+00 9.5340915024e-02 -3.3231833577e-01 8.2342803478e-01 -8.7464314699e-01 -5.1960474253e-01 -9.9342447519e-01
-1.2683770061e-01 -8.0229645967e-01 -9.2600584030e-01 -9.1073447466e-01 -7.3272615671e-01 -7.4289834499e-01 -8.1007379293e-01 -6.7380040884e-01 -5.0332057476e-01 -4.8683658242e-01 -4.7467756271e-01 9.8478424549e-01 1.0758547783e+00 -1.4257380366e-01 -1.5437824726e+00 7.2633579373e-02 5.6986701488e-01 -1.1486454010e+00 -1.4414918423e+00 -1.4277739823e-01 -1.0345736146e-01 1.3825748861e-01 4.6378019452e-01 5.1829075813e-01 4.8508322239e-01 -2.7980312705e-01 2.8500846028e-01 1.4755847454e+00 -8.8678181171e-01 -7.6213037968e-01 -9.6496820450e-01 -1.2331665754e+00 -8.1666350365e-01 -7.3669028282e-01 -6.3966965675e-01 -5.0935310125e-01 -9.1000914574e-01 -7.7874970436e-01 -7.4388945103e-01 -6.6513741016e-01 -5.6035310030e-01 -8.4755736589e-01 -7.9510545731e-01 -3.4521842003e-01 3.9583179355e-01 7.3218566179e-01 1.0085902214e+00 -5.9974145889e-01 -5.0823196769e-02 -7.7215737104e-01 -1.8910937011e-01 -9.1000843048e-01 -3.3479419351e-01 -4.5226651430e-01 -1.8910937011e-01 -3.1698590517e-01 -6.6455060244e-01 -6.3966965675e-01 -5.6783616543e-01 -1.0524863005e-01 -4.4159454107e-01 -6.5660929680e-01 -5.9798800945e-01 -5.6450837851e-01 -1.9072231054e+00 3.6321949959e-01 2.0754354000e+00 9.8478424549e-01 9.7437280416e-01 2.3350659013e-01 -2.4575842917e-01 -9.0083450079e-01 -7.8728425503e-01 -5.4148107767e-01 -7.2924393415e-01
-1.2683770061e-01 -6.8766522408e-01 -8.0217289925e-01 -9.2621809244e-01 -9.1242301464e-01 -7.3462706804e-01 -7.4788630009e-01 -8.0922329426e-01 -6.7502248287e-01 -5.0337696075e-01 -4.8602783680e-01 -1.0642132759e+00 9.7976332903e-01 1.0786041021e+00 -1.3304165006e-01 -1.5331078768e+00 9.4232052565e-02 5.3535622358e-01 -1.1610066891e+00 -1.4383423328e+00 -1.4694963396e-01 -1.0381679982e-01 -4.7798793763e-02 4.6814632416e-01 5.1549488306e-01 4.9614229798e-01 -2.8355684876e-01 2.7636170387e-01 1.5104937553e+00 -8.7745720148e-01 -7.7441352606e-01 -9.4821184874e-01 -8.3307439089e-01 -7.7059137821e-01 -6.5570938587e-01 -5.1838141680e-01 -9.0829944611e-01 -7.9281473160e-01 -7.5975990295e-01 -6.8278694153e-01 -5.7365822792e-01 -8.4827327728e-01 -8.2160580158e-01 -2.7608966827e-01 3.3893930912e-01 3.3435380459e-01 1.4327211380e+00 -1.0836079121e+00 -7.0055705309e-01 -1.1879891157e+00 -8.9338624477e-01 -6.8164157867e-01 -7.5776928663e-01 -8.1559884548e-01 -8.9338630438e-01 -2.6427245140e-01 -6.7343080044e-01 -6.5570938587e-01 -5.8984267712e-01 -7.8826665878e-02 -9.7595018148e-01 -6.6533684731e-01 -6.1886411905e-01 -5.8909738064e-01 -1.8956353664e+00 6.6228690557e-03 2.0562322140e+00 -1.0642132759e+00 -1.0534677505e+00 2.9951298237e-01 -1.8460600078e-01 -1.2369287014e+00 -7.9009526968e-01 -5.6806170940e-01 -7.1202272177e-01
-1.2683770061e-01 -8.1262427568e-01 -6.8762785196e-01 -8.0234968662e-01 -9.2791432142e-01 -9.1454005241e-01 -7.3959529400e-01 -7.4719715118e-01 -8.1052303314e-01 -6.7497891188e-01 -5.0253766775e-01 2.1111902595e-01 -1.0615391731e+00 9.8198777437e-01 1.0960409641e+00 -1.3328865170e-01 -1.5544756651e+00 7.1179099381e-02 5.4028147459e-01 -1.1593850851e+00 -1.4506183863e+00 -1.4717613161e-01 -9.0700572729e-01 -4.5509248972e-02 4.6564310789e-01 5.2682656050e-01 4.9928733706e-01 -2.8678351641e-01 2.9089626670e-01 1.4814395905e+00 -8.9041441679e-01 -7.6003974676e-01 -8.0835378170e-01 -8.0030697584e-01 -6.7201328278e-01 -5.2793818712e-01 -9.0610361099e-01 -7.9385328293e-01 -7.6815241575e-01 -6.9630664587e-01 -5.8538562059e-01 -8.2315880060e-01 -8.3733284473e-01 -1.6026701033e-01 3.4645518661e-01 -9.6878111362e-03 1.6843936443e+00 -9.4544976950e-01 -5.3211152554e-01 -1.0726405382e+00 -7.5369250774e-01 -6.5257680416e-01 -9.0770018101e-01 -7.9612368345e-01 -7.5369238853e-01 -2.2000250220e-01 -6.9143795967e-01 -6.7201328278e-01 -6.0324859619e-01 -8.5191562772e-02 -7.7941811085e-01 -6.7847198248e-01 -6.4311701059e-01 -5.5126881599e-01 -1.5249053240e+00 -4.3857917190e-01 2.0621814728e+00 2.1111902595e-01 2.1559865773e-01 3.1929415464e-01 -1.8627515435e-01 1.0097526312e+00 -6.2056672573e-01 -5.9376257658e-01 -6.4487046003e-01
-1.2683770061e-01 -7.8783857822e-01 -8.1249290705e-01 -6.8777179718e-01 -8.0398482084e-01 -9.3004995584e-01 -9.1993707418e-01 -7.3892772198e-01 -7.4846130610e-01 -8.1040054560e-01 -6.7382240295e-01 -6.7755162716e-01 2.0900367200e-01 -1.0704660416e+00 9.9879920483e-01 1.0862786770e+00 -1.1720022559e-01 -1.5378121138e+00 7.1339510381e-02 5.3263592720e-01 -1.1699161530e+00 -1.4468604326e+00 -2.1379762888e-01 -9.0820384026e-01 -4.5014586300e-02 4.7652795911e-01 5.3024441004e-01 4.8859792948e-01 -2.8181666136e-01 2.8136700392e-01 1.4822678566e+00 -8.7459015846e-01 -7.9630535841e-01 -8.2060599327e-01 -6.8905782700e-01 -5.3881621361e-01 -9.0472215414e-01 -8.2095038891e-01 -7.8956037760e-01 -7.1629279852e-01 -5.9999555349e-01 -8.4275257587e-01 -8.5418462753e-01 -1.7235857248e-01 2.9294246435e-01 1.5875819325e-01 1.2125365734e+00 -1.2345203161e+00 -9.1455352306e-01 -1.3242833614e+00 -1.1960470676e+00 -1.0117367506e+00 -7.8134351969e-01 -9.6275180578e-01 -1.1960470676e+00 -1.6485996544e-01 -6.9847095013e-01 -6.8905782700e-01 -6.2903428078e-01 -4.8025839031e-02 -1.0578702688e+00 -6.9055402279e-01 -6.6323333979e-01 -6.0093444586e-01 -1.6296024323e+00 -2.3577553034e-01 2.0375223160e+00 -6.7755162716e-01 -6.6626393795e-01 1.9524542987e-01 -1.7734605074e-01 -1.4025347233e+00 -5.0077217817e-01 -6.1755126715e-01 -6.8727576733e-01
-1.2683770061e-01 -8.6632502079e-01 -7.8772580624e-01 -8.1267261505e-01 -6.8935036659e-01 -8.0597138405e-01 -9.3548393250e-01 -9.1880148649e-01 -7.4018710852e-01 -7.4837499857e-01 -8.0899375677e-01 1.3601562977e+00 -6.7632955313e-01 2.0701757073e-01 -1.0669399500e+00 9.8978972435e-01 1.1350001097e+00 -1.3515987992e-01 -1.5541682243e+00 6.6248349845e-02 5.3268837929e-01 -1.1670161486e+00 4.0598151088e-01 -2.1218189597e-01 -9.0267419815e-01 -3.8706552237e-02 4.7949862480e-01 5.1925987005e-01 5.0673830509e-01 -2.8217715025e-01 2.7518212795e-01 1.4684262276e+00 -7.7760899067e-01 -8.1129390001e-01 -6.9916892052e-01 -5.4458540678e-01 -9.0214794874e-01 -7.8620487452e-01 -7.7799326181e-01 -7.1886730194e-01 -6.0734838247e-01 -7.4972808361e-01 -8.4739297628e-01 8.1827782094e-02 2.4325238168e-01 -1.4150862396e-01 8.3886754513e-01 -4.1407868266e-01 6.5360389650e-02 -6.2572067976e-01 -3.1134238839e-01 -8.0413025618e-01 -4.5497611165e-01 -5.3583866358e-01 -3.1134238839e-01 -1.3704726100e-01 -7.1563553810e-01 -6.9916892052e-01 -6.3136148453e-01 -7.4273787439e-02 -2.5352981687e-01 -7.0093190670e-01 -6.7601358891e-01 -5.6178021431e-01 -1.3639411926e+00 -1.1367673427e-01 2.0767779350e+00 1.3601562977e+00 1.3395705223e+00 2.6976871490e-01 -4.7508414835e-02 1.3991342783e+00 -3.8162699342e-01 -6.3403505087e-01 -4.8082172871e-01
-1.2683770061e-01 -7.0935291052e-01 -8.6615329981e-01 -7.8789848089e-01 -8.1431287527e-01 -6.9119912386e-01 -8.1110966206e-01 -9.3430799246e-01 -9.2016404867e-01 -7.4010556936e-01 -7.4708282948e-01 7.1862500906e-01 1.3537256718e+00 -6.8315207958e-01 2.1881261468e-01 -1.0599570274e+00 1.0359294415e+00 1.0868756771e+00 -1.3711756468e-01 -1.5504050255e+00 6.3383556902e-02 5.3038465977e-01 -1.4438070357e-01 4.1011300683e-01 -2.1071445942e-01 -9.0405309200e-01 -4.0316730738e-02 4.6899783611e-01 5.3792119026e-01 4.9375358224e-01 -2.9165542126e-01 2.7643275261e-01 -7.6493686438e-01 -7.9967951775e-01 -7.0292723179e-01 -5.4907774925e-01 -8.9895570278e-01 -7.3455220461e-01 -7.5283908844e-01 -7.1283155680e-01 -6.1080580950e-01 -6.1479127407e-01 -8.1255275011e-01 3.8337564468e-01 9.4287112355e-02 5.2724546194e-01 6.0257089138e-01 -3.8564000279e-02 4.6220335364e-01 -2.8951272368e-01 4.4214028120e-01 -3.7759420276e-01 6.8539232016e-02 9.9212497473e-02 4.4214019179e-01 -1.6969646513e-01 -7.2348302603e-01 -7.0292723179e-01 -6.3076299429e-01 -8.9509971440e-02 1.8894891441e-01 -7.0593672991e-01 -6.7977869511e-01 -5.2673494816e-01 -1.2471622229e+00 -5.1128078252e-02 2.0953741074e+00 7.1862500906e-01 7.1426570415e-01 2.8912243247e-01 -1.6673879698e-02 6.6404294968e-01 -3.1351333857e-01 -6.3200819492e-01 -2.2709514201e-01
-1.2683770061e-01 -6.2467044592e-01 -7.0929920673e-01 -8.6634838581e-01 -7.8952646255e-01 -8.1631189585e-01 -6.9606387615e-01 -8.1025648117e-01 -9.3567949533e-01 -9.1997766495e-01 -7.3882871866e-01 -1.8550518155e-01 7.1460366249e-01 1.3579930067e+00 -6.7711901665e-01 2.1584166586e-01 -1.0686643124e+00 9.9019145966e-01 1.0974624157e+00 -1.4107325673e-01 -1.5633819103e+00 6.2514185905e-02 -3.5952723026e-01 -1.4248318970e-01 4.0794846416e-01 -2.0589154959e-01 -9.1335678101e-01 -4.5862160623e-02 4.8680523038e-01 5.2443724871e-01 4.8880991340e-01 -2.8331756592e-01 -7.3149132729e-01 -7.9109948874e-01 -7.0843189955e-01 -5.4795461893e-01 -8.9518296719e-01 -7.0741212368e-01 -7.3627734184e-01 -7.0951253176e-01 -6.1505204439e-01 -5.1515376568e-01 -7.6296627522e-01 5.4190909863e-01 -4.4037532061e-02 3.8201358914e-01 4.6085491776e-01 -1.3459463418e-01 3.1919759512e-01 -3.6820155382e-01 6.2931638956e-01 2.7348625660e-01 3.0570641160e-02 3.9218246937e-01 6.2931644917e-01 -2.4796532094e-01 -7.3507952690e-01 -7.0843189955e-01 -6.2978357077e-01 -1.1223021150e-01 1.1080259830e-01 -7.1282023191e-01 -6.8554168940e-01 -5.5427396297e-01 -1.0727995634e+00 -4.9446344376e-02 2.0916695595e+00 -1.8550518155e-01 -1.7661172152e-01 2.9625928402e-01 -1.6471577808e-02 5.7015520334e-01 -1.5176926553e-01 -6.5579682589e-01 -9.4577774405e-02
-1.2683770061e-01 -6.4635729790e-01 -6.2468039989e-01 -7.0944935083e-01 -8.6801511049e-01 -7.9149568081e-01 -8.2147479057e-01 -6.9550925493e-01 -8.1155681610e-01 -9.3548405170e-01 -9.1836839914e-01 -2.4708804488e-01 -1.8613100052e-01 7.1537959576e-01 1.3772381544e+00 -6.7315393686e-01 2.4127209187e-01 -1.0637036562e+00 9.9978566170e-01 1.0867818594e+00 -1.4523483813e-01 -1.5592793226e+00 -7.5254160166e-01 -3.5850304365e-01 -1.4142253995e-01 4.1831627488e-01 -2.0898813009e-01 -9.1057962179e-01 -3.6802124232e-02 4.7413960099e-01 5.1967287064e-01 4.8738950491e-01 -7.0884776115e-01 -7.6724332571e-01 -7.1616095304e-01 -5.4885762930e-01 -8.9147377014e-01 -6.9904804230e-01 -7.2808319330e-01 -7.0936703682e-01 -6.2036263943e-01 -4.4883403182e-01 -7.0884400606e-01 5.9067386389e-01 -1.6969203949e-01 2.3273453116e-01 3.3870130777e-01 -2.6562073827e-01 1.1791147292e-01 -4.7463250160e-01 6.3832598925e-01 6.1221891642e-01 2.4650802836e-02 1.5795050561e-01 6.3832598925e-01 -3.1830379367e-01 -7.5151437521e-01 -7.1616095304e-01 -6.2825387716e-01 -1.4475710690e-01 3.3699141350e-03 -7.2093361616e-01 -6.9285994768e-01 -5.7650113106e-01 -1.0615354776e+00 -3.1439952552e-02 2.0876724720e+00 -2.4708804488e-01 -2.3770730197e-01 1.7590096220e-02 -1.5960561112e-02 -7.8829938173e-01 -2.5920670480e-02 -6.8057984114e-01 -4.9005556852e-02
-1.2683770061e-01 -6.7527318001e-01 -6.4635097980e-01 -6.2480628490e-01 -7.1103864908e-01 -8.7007868290e-01 -7.9659950733e-01 -8.2059472799e-01 -6.9674372673e-01 -8.1143373251e-01 -9.3384611607e-01 -6.3975997269e-02 -2.4748258293e-01 -1.9027565420e-01 7.3046523333e-01 1.3652989864e+00 -6.7151117325e-01 2.1467700601e-01 -1.0751929283e+00 9.8963719606e-01 1.0903004408e+00 -1.4546656609e-01 -1.0306689739e+00 -7.5311267376e-01 -3.5618159175e-01 -1.3597859442e-01 4.2076939344e-01 -2.1292562783e-01 -9.1621094942e-01 -4.1085131466e-02 4.6908128262e-01 5.1786661148e-01 -6.7187106609e-01 -7.4254971743e-01 -7.2515982389e-01 -5.4978251457e-01 -8.8813614845e-01 -6.9590294361e-01 -7.2271913290e-01 -7.0994895697e-01 -6.2577331066e-01 -3.9579537511e-01 -6.5398734808e-01 5.9856867790e-01 -2.8637126088e-01 8.8708370924e-02 1.9724267721e-01 -2.9959359765e-01 6.3522413373e-02 -5.0187635422e-01 5.7916939259e-01 6.6109544039e-01 6.8870201707e-02 1.1841087788e-01 5.7916945219e-01 -3.8595694304e-01 -7.7272069454e-01 -7.2515982389e-01 -6.2440711260e-01 -1.9043184817e-01 1.5835642815e-02 -7.2946822643e-01 -7.0145106316e-01 -6.0385823250e-01 -1.1483737230e+00 2.3705139756e-01 2.0864384174e+00 -6.3975997269e-02 -5.6200742722e-02 1.2305875309e-02 -1.8539849669e-02 -1.2018989325e+00 1.6479884088e-01 -7.0987600088e-01 -2.8439482674e-02
-1.2683770061e-01 -6.8250215054e-01 -6.7524510622e-01 -6.4648306370e-01 -6.2635380030e-01 -7.1291345358e-01 -8.7536978722e-01 -7.9578393698e-01 -8.2190096378e-01 -6.9668751955e-01 -8.1002503633e-01 -3.3582612872e-01 -6.5058231354e-02 -2.5196239352e-01 -1.8105225265e-01 7.2353321314e-01 1.4214864969e+00 -6.7611777782e-01 2.1631045640e-01 -1.0740389824e+00 9.9254816771e-01 1.0862923861e+00 -7.6207023859e-01 -1.0323691368e+00 -7.4848812819e-01 -3.5266244411e-01 -1.3845358789e-01 4.1082844138e-01 -2.0670396090e-01 -9.0641510487e-01 -4.9154456705e-02 4.6790757775e-01 -6.7436337471e-01 -7.3438799381e-01 -7.3733460903e-01 -5.5169856548e-01 -8.8455212116e-01 -7.0700979233e-01 -7.2560065985e-01 -7.1435254812e-01 -6.3264191151e-01 -3.7381073833e-01 -6.0531085730e-01 5.3212648630e-01 -3.3042594790e-01 -1.1241201311e-01 5.3515464067e-01 -4.8801317811e-01 -2.4297179282e-01 -6.5194898844e-01 2.5803488493e-01 5.2866464853e-01 -1.4228035510e-01 4.8611533642e-01 2.5803488493e-01 -4.1603130102e-01 -8.0278772116e-01 -7.3733460903e-01 -6.1782968044e-01 -2.5752490759e-01 -1.4039534330e-01 -7.3902130127e-01 -7.1477913857e-01 -6.2515223026e-01 -1.2477486134e+00 -1.9246129692e-01 2.0812191963e+00 -3.3582612872e-01 -3.2583734393e-01 -6.6140972078e-02 -1.9165698439e-02 -4.2397058010e-01 2.0415398479e-01 -7.4720346928e-01 -6.6247053444e-02
-1.2683770061e-01 -7.2174495459e-01 -6.8246859312e-01 -6.7538547516e-01 -6.4804130793e-01 -6.2812680006e-01 -7.1783000231e-01 -8.7434983253e-01 -7.9707598686e-01 -8.2177186012e-01 -6.9549089670e-01 -9.0747043490e-02 -3.3588743210e-01 -6.8541474640e-02 -2.4313828349e-01 -1.8092755973e-01 7.6254838705e-01 1.3664606810e+00 -6.8362843990e-01 2.1042962372e-01 -1.0840361118e+00 9.8883891106e-01 -1.0795241594e+00 -7.6267999411e-01 -1.0261147022e+00 -7.4848514795e-01 -3.5706394911e-01 -1.4306348562e-01 4.2764756083e-01 -2.0826694369e-01 -9.1954159737e-01 -4.3848630041e-02 -6.9596803188e-01 -7.3888719082e-01 -7.5093907118e-01 -5.5693930387e-01 -8.8101327419e-01 -7.1788758039e-01 -7.2987198830e-01 -7.1935683489e-01 -6.3968163729e-01 -3.5830223560e-01 -5.6298995018e-01 4.6379935741e-01 -3.5410180688e-01 -3.1850481033e-01 4.4949439168e-01 -5.3844529390e-01 -3.2569462061e-01 -6.9191461802e-01 1.7352637649e-01 3.6287727952e-01 -1.5328313410e-01 5.0050204992e-01 1.7352637649e-01 -4.3577075005e-01 -8.4182208776e-01 -7.5093907118e-01 -6.0505187511e-01 -3.5308980942e-01 -1.2785038352e-01 -7.5178748369e-01 -7.2922146320e-01 -6.5761852264e-01 -1.2373698950e+00 -6.4831542969e-01 2.0791151524e+00 -9.0747043490e-02 -8.2707636058e-02 -1.8588210642e-01 -2.2715218365e-02 -2.5770300627e-01 1.6977314651e-01 -7.7814400196e-01 -9.9552288651e-02
-1.2683770061e-01 -7.3207193613e-01 -7.2168195248e-01 -6.8261104822e-01 -6.7695796490e-01 -6.4984035492e-01 -6.3284128904e-01 -7.1721887589e-01 -8.7568688393e-01 -7.9696130753e-01 -8.2034403086e-01 -5.4069334269e-01 -9.1728739440e-02 -3.4085017443e-01 -5.8530103415e-02 -2.4253293872e-01 -1.6611385345e-01 7.2339606285e-01 1.3799172640e+00 -6.8460726738e-01 2.0846666396e-01 -1.0813984871e+00 -4.9455800653e-01 -1.0814225674e+00 -7.5799959898e-01 -1.0285999775e+00 -7.5640583038e-01 -3.5958987474e-01 -1.3565488160e-01 4.1592901945e-01 -2.1731328964e-01 -9.0335327387e-01 -7.2588235140e-01 -7.3710858822e-01 -7.6718968153e-01 -5.6341326237e-01 -8.7788361311e-01 -7.4633419514e-01 -7.4503755569e-01 -7.3010754585e-01 -6.4912807941e-01 -3.8102069497e-01 -5.3408420086e-01 3.1957367063e-01 -3.3883503079e-01 -4.8417371511e-01 5.8336436749e-01 -8.4128785133e-01 -8.0153185129e-01 -9.3375170231e-01 -3.4198337793e-01 3.4315697849e-02 -4.6089312434e-01 1.3561090454e-02 -3.4198337793e-01 -4.7281202674e-01 -8.8578373194e-01 -7.6718968153e-01 -5.9245127439e-01 -4.5763844252e-01 -4.9355232716e-01 -7.6915490627e-01 -7.4511301517e-01 -6.8189692497e-01 -1.2038444281e+00 -4.9414336681e-01 2.0695052147e+00 -5.4069334269e-01 -5.2972656488e-01 -3.0469495058e-01 -1.2483075261e-02 -8.1942456961e-01 1.1160629243e-01 -8.1436246634e-01 -1.9923123717e-01
-1.2683770061e-01 -7.9506754875e-01 -7.3200112581e-01 -7.2183567286e-01 -6.8418711424e-01 -6.7879182100e-01 -6.5460658073e-01 -6.3245069981e-01 -7.1846580505e-01 -8.7552636862e-01 -7.9557937384e-01 6.9060814381e-01 -5.3998523951e-01 -9.5357671380e-02 -3.3260139823e-01 -5.9353958815e-02 -2.2936767340e-01 -1.8289522827e-01 7.3025155067e-01 1.3676983118e+00 -6.9216859341e-01 2.0715387166e-01 -9.2326289415e-01 -4.9408191442e-01 -1.0748819113e+00 -7.5808185339e-01 -1.0390110016e+00 -7.5512486696e-01 -3.5585996509e-01 -1.3835531473e-01 4.1053050756e-01 -2.0990496874e-01 -7.3377597332e-01 -7.2967964411e-01 -7.7846544981e-01 -5.7004088163e-01 -8.7454020977e-01 -7.3819750547e-01 -7.4252212048e-01 -7.3187702894e-01 -6.5477406979e-01 -3.4355387092e-01 -5.0279444456e-01 3.4520453215e-01 -3.6682170630e-01 -3.7434083223e-01 3.4037473798e-01 -3.5308161378e-01 -4.9957867712e-02 -5.4219615459e-01 1.8491487205e-01 8.2349516451e-03 -2.0965728909e-02 -7.2875477374e-02 1.8491487205e-01 -4.8966547847e-01 -9.3056845665e-01 -7.7846544981e-01 -5.6945139170e-01 -5.8408266306e-01 2.6203352213e-01 -7.8020077944e-01 -7.5824689865e-01 -6.5812218189e-01 -1.1298460960e+00 3.1039962545e-02 2.0816307068e+00 6.9060814381e-01 6.8682944775e-01 -2.4639382958e-01 2.4324391037e-02 1.0771124363e+00 1.2479682267e-01 -8.3207005262e-01 -1.4459744096e-01
-1.2683770061e-01 -7.1451598406e-01 -7.9494935274e-01 -7.3215782642e-01 -7.2343105078e-01 -6.8602967262e-01 -6.8362700939e-01 -6.5415954590e-01 -6.3364905119e-01 -7.1839696169e-01 -8.7399929762e-01 -1.4348427951e-01 6.8669199944e-01 -5.4606294632e-01 -8.5519880056e-02 -3.3130347729e-01 -4.1287194937e-02 -2.4462528527e-01 -1.8534290791e-01 7.2157126665e-01 1.3729739189e+00 -6.9072866440e-01 -9.4963383675e-01 -9.2452704906e-01 -4.9096918106e-01 -1.0778042078e+00 -7.6608783007e-01 -1.0350359678e+00 -7.5811499357e-01 -3.5503506660e-01 -1.4699310064e-01 4.1008886695e-01 -7.4353981018e-01 -7.1597218513e-01 -7.8179973364e-01 -5.7695579529e-01 -8.7159347534e-01 -7.3833268881e-01 -7.4352490902e-01 -7.3511022329e-01 -6.6090172529e-01 -3.2014009356e-01 -4.7266000509e-01 3.3278346062e-01 -3.9858213067e-01 -4.8209732771e-01 1.6591922939e-01 -4.3868228793e-01 -1.9218441844e-01 -6.0899108648e-01 3.4018658102e-02 -4.1525445879e-02 9.5704600215e-02 2.0448499918e-01 3.4018658102e-02 -5.3455317020e-01 -9.3812549114e-01 -7.8179973364e-01 -5.6832742691e-01 -6.0016131401e-01 1.4600132406e-01 -7.8942030668e-01 -7.5967836380e-01 -6.8024790287e-01 -9.4769614935e-01 -1.7866988480e-01 2.0793383121e+00 -1.4348427951e-01 -1.3495397568e-01 -3.2600113750e-01 -8.5184603930e-02 7.4006676674e-02 9.7767412663e-02 -8.2009929419e-01 -1.2791030109e-01
-1.2683770061e-01 -7.3103982210e-01 -7.1445840597e-01 -7.9512411356e-01 -7.3375833035e-01 -7.2532075644e-01 -6.9088214636e-01 -6.8310463428e-01 -6.5537035465e-01 -6.3362956047e-01 -7.1716022491e-01 -8.1401866674e-01 -1.4426791668e-01 6.8731546402e-01 -5.3914254904e-01 -8.6134783924e-02 -3.2051351666e-01 -6.1075557023e-02 -2.4770662189e-01 -1.8903590739e-01 7.2280550003e-01 1.3681019545e+00 -1.0359766483e+00 -9.5100498199e-01 -9.1890209913e-01 -4.8865813017e-01 -1.0886527300e+00 -7.6471459866e-01 -1.0427818298e+00 -7.5085026026e-01 -3.6493912339e-01 -1.4046399295e-01 -7.6452159882e-01 -7.2779572010e-01 -7.8307032585e-01 -5.8972722292e-01 -8.6915212870e-01 -7.7038717270e-01 -7.6194858551e-01 -7.4742197990e-01 -6.7083501816e-01 -3.5714405775e-01 -4.5661681890e-01 1.8129059672e-01 -3.6286103725e-01 -7.0723605156e-01 4.4649794698e-01 -9.0042334795e-01 -8.8864856958e-01 -9.7847837210e-01 -7.6169312000e-01 -1.9122977555e-01 -4.9851951003e-01 -1.0278127342e-01 -7.6169317961e-01 -5.2594512701e-01 -9.3757957220e-01 -7.8307032585e-01 -5.7131683826e-01 -5.9341669083e-01 -7.3279404640e-01 -7.9222977161e-01 -7.5815790892e-01 -7.1845310926e-01 -1.0199725628e+00 -8.0602616072e-01 2.0565338135e+00 -8.1401866674e-01 -8.0267721415e-01 -5.2456665039e-01 -1.2524269521e-01 -1.3926301003e+00 1.5597781166e-02 -7.8032404184e-01 -2.3917254806e-01
-1.2683770061e-01 -8.2604926825e-01 -7.3096978664e-01 -7.1461004019e-01 -7.9675561190e-01 -7.3566043377e-01 -7.3026686907e-01 -6.9034093618e-01 -6.8433201313e-01 -6.5533816814e-01 -6.3254952431e-01 8.6275070906e-01 -8.1228411198e-01 -1.4818386734e-01 7.0221942663e-01 -5.3624564409e-01 -6.8784624338e-02 -3.3357548714e-01 -6.2272753567e-02 -2.5105994940e-01 -1.9349750876e-01 7.1992069483e-01 -1.9407169521e-01 -1.0376982689e+00 -9.4522553682e-01 -9.2042642832e-01 -4.9426871538e-01 -1.0842045546e+00 -7.6786762476e-01 -1.0309597254e+00 -7.6306748390e-01 -3.5568502545e-01 -7.6327508688e-01 -7.3805058002e-01 -7.8238213062e-01 -6.0027515888e-01 -8.6678582430e-01 -7.5805491209e-01 -7.5846326351e-01 -7.4866425991e-01 -6.7611306906e-01 -3.1885626912e-01 -4.3543812633e-01 2.3650150001e-01 -3.3930400014e-01 -8.6583393812e-01 1.4969010651e-01 -3.0715274811e-01 -2.8620077297e-02 -4.9676933885e-01 2.2149032354e-01 -1.7818389833e-01 -1.3813029230e-01 3.5799527168e-01 2.2149032354e-01 -5.0976449251e-01 -9.3653607368e-01 -7.8238213062e-01 -5.7103389502e-01 -5.9203636646e-01 1.9641584158e-01 -7.9287928343e-01 -7.5902450085e-01 -6.8281883001e-01 -8.1576079130e-01 -3.2631325722e-01 2.0792205334e+00 8.6275070906e-01 8.5523438454e-01 -4.7673583031e-01 -9.6371077001e-02 1.1100845337e+00 1.7976216972e-02 -7.4119901657e-01 -1.6412422061e-01
-1.2683770061e-01 -7.2587591410e-01 -8.2590782642e-01 -7.3112612963e-01 -7.1620190144e-01 -7.9873353243e-01 -7.4063116312e-01 -7.2962349653e-01 -6.9157248735e-01 -6.8428301811e-01 -6.5421801805e-01 -6.5486574173e-01 8.5818815231e-01 -8.1984931231e-01 -1.3868801296e-01 6.9550603628e-01 -5.3093945980e-01 -8.7910585105e-02 -3.3756992221e-01 -6.6636122763e-02 -2.5590947270e-01 -1.9358173013e-01 -3.2868453860e-01 -1.9237588346e-01 -1.0314128399e+00 -9.4698578119e-01 -9.2987573147e-01 -4.9548667669e-01 -1.0927857161e+00 -7.6044678688e-01 -1.0448139906e+00 -7.4883550406e-01 -7.6472920179e-01 -7.5384956598e-01 -7.8603464365e-01 -6.1714243889e-01 -8.6485570669e-01 -7.7554416656e-01 -7.6977020502e-01 -7.5733822584e-01 -6.8443870544e-01 -3.3258277178e-01 -4.2148664594e-01 1.5880315006e-01 -3.1742995977e-01 -1.0455391407e+00 -8.8703148067e-02 -6.6856175661e-01 -5.4893642664e-01 -7.8961992264e-01 -8.6933189631e-01 -5.0039583445e-01 -5.0331509113e-01 -2.4062603712e-01 -8.6933189631e-01 -5.1345229149e-01 -9.3924146891e-01 -7.8603464365e-01 -5.7536339760e-01 -5.8870583773e-01 -4.8079484701e-01 -7.9791951180e-01 -7.6314324141e-01 -7.0926439762e-01 -5.9619987011e-01 -2.4326267838e-01 2.0665314198e+00 -6.5486574173e-01 -6.4361280203e-01 -4.2524918914e-01 -7.1434400976e-02 -2.8462168574e-01 2.6841778308e-02 -6.9580155611e-01 -2.1427720785e-01
-1.2683770061e-01 -8.0229645967e-01 -7.2580975294e-01 -8.2609140873e-01 -7.3272615671e-01 -7.1808290482e-01 -8.0385458469e-01 -7.3996090889e-01 -7.3087751865e-01 -6.9151926041e-01 -6.8310934305e-01 -1.0167819262e+00 -6.5372890234e-01 8.5974842310e-01 -8.1470108032e-01 -1.3889129460e-01 7.3377132416e-01 -5.3893238306e-01 -8.9383251965e-02 -3.4043374658e-01 -7.0332109928e-02 -2.5580295920e-01 -8.0979698896e-01 -3.2753515244e-01 -1.9102405012e-01 -1.0339455605e+00 -9.5667117834e-01 -9.2694109678e-01 -4.9406561255e-01 -1.0801630020e+00 -7.7272009850e-01 -1.0270593166e+00 -8.0606836081e-01 -7.7864772081e-01 -7.8651118279e-01 -6.3627773523e-01 -8.6359363794e-01 -8.2681119442e-01 -8.0083358288e-01 -7.7681684494e-01 -6.9745039940e-01 -4.1276854277e-01 -4.2780041695e-01 -5.9066627175e-02 -2.0462928712e-01 -1.2345016003e+00 4.2713767290e-01 -1.1503825188e+00 -1.1490654945e+00 -1.1999287605e+00 -1.7037525177e+00 -8.3641457558e-01 -1.3270316124e+00 -7.4625200033e-01 -1.7037523985e+00 -4.9933359027e-01 -9.3795108795e-01 -7.8651118279e-01 -5.7756859064e-01 -5.8209007978e-01 -1.5525172949e+00 -8.0288898945e-01 -7.6114541292e-01 -7.4028193951e-01 -4.2734307051e-01 -9.0740346909e-01 2.0433902740e+00 -1.0167819262e+00 -1.0058541298e+00 -3.1080180407e-01 -1.5332031250e-01 -1.4471187592e+00 -1.4333526790e-01 -6.3105195761e-01 -3.9337328076e-01
-1.2683770061e-01 -9.2002576590e-01 -8.0217289925e-01 -7.2596466541e-01 -8.2773822546e-01 -7.3462706804e-01 -7.2301173210e-01 -8.0302023888e-01 -7.4122089148e-01 -7.3080140352e-01 -6.9033217430e-01 -1.3803923130e-01 -1.0142859221e+00 -6.6042792797e-01 8.7576860189e-01 -8.0967086554e-01 -1.2295279652e-01 6.9531220198e-01 -5.4503482580e-01 -9.3598946929e-02 -3.4584227204e-01 -7.0792779326e-02 -5.7041096687e-01 -8.1060051918e-01 -3.2539448142e-01 -1.8602465093e-01 -1.0444041491e+00 -9.5348113775e-01 -9.3285036087e-01 -4.9102813005e-01 -1.0943049192e+00 -7.5836747885e-01 -8.4720069170e-01 -8.0428332090e-01 -7.8698772192e-01 -6.5411442518e-01 -8.6289954185e-01 -8.6620086432e-01 -8.2911896706e-01 -7.9597097635e-01 -7.1061265469e-01 -4.8009726405e-01 -4.4752454758e-01 -2.0323893428e-01 -7.1376360953e-02 -1.3237458467e+00 5.5381178856e-01 -1.2092677355e+00 -1.2175645828e+00 -1.2513408661e+00 -1.5631498098e+00 -1.4729695320e+00 -1.7695708275e+00 -7.3258566856e-01 -1.5631496906e+00 -5.5873429775e-01 -9.3651270866e-01 -7.8698772192e-01 -5.7992064953e-01 -5.7492047548e-01 -1.6718521118e+00 -8.0413579941e-01 -7.6017355919e-01 -7.6989543438e-01 -5.4068207741e-01 -1.5042955875e+00 2.0404407978e+00 -1.3803923130e-01 -1.2955780327e-01 -3.1336903572e-01 -1.5331763029e-01 -3.8576614857e-01 -3.1264722347e-01 -5.7081532478e-01 -5.0839275122e-01
-1.2683770061e-01 -9.3551659584e-01 -9.1981369257e-01 -8.0234968662e-01 -7.2756212950e-01 -8.2975339890e-01 -7.3959529400e-01 -7.2238719463e-01 -8.0431640148e-01 -7.4113875628e-01 -7.2954177856e-01 -7.8938364983e-01 -1.3884332776e-01 -1.0229545832e+00 -6.5424776077e-01 8.6771160364e-01 -8.1168103218e-01 -1.4077389240e-01 7.0187944174e-01 -5.4676860571e-01 -9.7463577986e-02 -3.4546092153e-01 -6.4392352104e-01 -5.7024276257e-01 -8.0564039946e-01 -3.2159936428e-01 -1.8894459307e-01 -1.0403776169e+00 -9.5984131098e-01 -9.2278820276e-01 -5.0172692537e-01 -1.0759314299e+00 -8.8729405403e-01 -8.3504551649e-01 -7.9842185974e-01 -6.6948395967e-01 -8.6285525560e-01 -9.2268764973e-01 -8.6890804768e-01 -8.2217675447e-01 -7.2708427906e-01 -5.8314019442e-01 -4.8576015234e-01 -4.0225362778e-01 1.5469051898e-01 -1.5385226011e+00 1.3128741980e+00 -1.5359607935e+00 -1.5812581778e+00 -1.5409749746e+00 -1.2911697626e+00 -1.6234328747e+00 -2.2460327148e+00 -8.8896512985e-01 -1.2911696434e+00 -5.0044810772e-01 -9.1211813688e-01 -7.9842185974e-01 -6.2627571821e-01 -4.4068449736e-01 -1.9776145220e+00 -8.1512862444e-01 -7.6943629980e-01 -8.1891214848e-01 -8.0170750618e-01 -2.1459121704e+00 2.0120711327e+00 -7.8938364983e-01 -7.7803224325e-01 -2.6963499188e-01 -2.0138558745e-01 4.8825692385e-02 -4.3287396431e-01 -5.5872982740e-01 -6.8014174700e-01
-1.2683770061e-01 -1.0253629684e+00 -9.3529289961e-01 -9.2002415657e-01 -8.0398482084e-01 -7.2945678234e-01 -8.3494836092e-01 -7.3892772198e-01 -7.2363710403e-01 -8.0419749022e-01 -7.3985999823e-01 -1.3068108261e-01 -7.8774166107e-01 -1.4272964001e-01 -1.0191210508e+00 -6.5045976639e-01 9.1058474779e-01 -8.1291097403e-01 -1.4278918505e-01 6.9335365295e-01 -5.5346775055e-01 -9.7841329873e-02 3.7200441957e-01 -6.4405375719e-01 -5.6668549776e-01 -8.0614966154e-01 -3.2572469115e-01 -1.9307316840e-01 -1.0482141972e+00 -9.4934701920e-01 -9.3601036072e-01 -4.9076256156e-01 -9.5044553280e-01 -8.6622679234e-01 -8.1647205353e-01 -6.8419414759e-01 -8.6312091351e-01 -9.6520966291e-01 -9.0414154530e-01 -8.4731513262e-01 -7.4352508783e-01 -6.6578865051e-01 -5.3436040878e-01 -5.1368206739e-01 3.6460959911e-01 -1.6033635139e+00 1.1571259499e+00 -1.5862809420e+00 -1.6348396540e+00 -1.5862697363e+00 -1.3906250000e+00 -1.5117448568e+00 -1.8809131384e+00 -9.0800285339e-01 -1.3906250000e+00 -5.7146406174e-01 -9.0252852440e-01 -8.1647205353e-01 -6.7058801651e-01 -3.3718919754e-01 -1.7313643694e+00 -8.3902907372e-01 -7.8352499008e-01 -8.4562826157e-01 -6.8758118153e-01 -2.1391198635e+00 2.0095548630e+00 -1.3068108261e-01 -1.2226635963e-01 -2.7144995332e-01 -2.8658807278e-01 -6.2968033552e-01 -6.2207984924e-01 -5.7284247875e-01 -7.8025019169e-01
-1.2683770061e-01 -1.0398209095e+00 -1.0250716209e+00 -9.3550783396e-01 -9.2171734571e-01 -8.0597138405e-01 -7.3441272974e-01 -8.3403331041e-01 -7.4018710852e-01 -7.2356522083e-01 -8.0280220509e-01 -5.1568776369e-01 -1.3151280582e-01 -7.9517275095e-01 -1.3319848478e-01 -1.0125082731e+00 -6.4820975065e-01 8.6786627769e-01 -8.2182586193e-01 -1.4671398699e-01 6.9441139698e-01 -5.5245178938e-01 -7.9562944174e-01 3.7599799037e-01 -6.4006567001e-01 -5.6505310535e-01 -8.1458300352e-01 -3.2854938507e-01 -1.8651421368e-01 -1.0363051891e+00 -9.6272438765e-01 -9.1961604357e-01 -1.0098589659e+00 -8.9688444138e-01 -8.3108216524e-01 -7.0037847757e-01 -8.6366289854e-01 -1.0130143166e+00 -9.4368332624e-01 -8.7577259541e-01 -7.6178491116e-01 -7.5867348909e-01 -5.9348315001e-01 -6.2680804729e-01 5.9326916933e-01 -1.7046293020e+00 1.3701858521e+00 -1.7853984833e+00 -1.8432819843e+00 -1.7663252354e+00 -1.7190769911e+00 -1.5673618317e+00 -1.7528235912e+00 -9.5948523283e-01 -1.7190769911e+00 -6.0232245922e-01 -8.8044530153e-01 -8.3108216524e-01 -7.2074866295e-01 -1.9894686341e-01 -1.7518129349e+00 -8.5922372341e-01 -7.9462540150e-01 -8.8238078356e-01 -7.7681714296e-01 -2.1803894043e+00 1.9956833124e+00 -5.1568776369e-01 -5.0480842590e-01 -2.7337732911e-01 -3.3905020356e-01 -1.2594120502e+00 -8.0977225304e-01 -5.6940031052e-01 -8.9173609018e-01
-1.2683770061e-01 -1.0976525545e+00 -1.0395187140e+00 -1.0253124237e+00 -9.3720865250e-01 -9.2384552956e-01 -8.1110966206e-01 -7.3375856876e-01 -8.3534723520e-01 -7.4010556936e-01 -7.2231894732e-01 4.9567791820e-01 -5.1507359743e-01 -1.3535907865e-01 -7.8986477852e-01 -1.3344427943e-01 -1.0199459791e+00 -6.5337765217e-01 8.7620478868e-01 -8.2205194235e-01 -1.5091085434e-01 6.9161337614e-01 -2.7013358474e-01 -7.9637539387e-01 3.7403255701e-01 -6.3909095526e-01 -5.7134288549e-01 -8.1274741888e-01 -3.2429212332e-01 -1.8840043247e-01 -1.0501906872e+00 -9.4599610567e-01 -1.0343718529e+00 -9.3005269766e-01 -8.4410423040e-01 -7.1801692247e-01 -8.6347424984e-01 -1.0261218548e+00 -9.6570384502e-01 -8.9601045847e-01 -7.7695345879e-01 -7.8739458323e-01 -6.4704060555e-01 -5.6697630882e-01 7.0635008812e-01 -1.3243781328e+00 9.5362710953e-01 -1.3881508112e+00 -1.2035073042e+00 -1.4591238499e+00 -1.2920999527e+00 -1.5676935911e+00 -1.2972022295e+00 -7.9264217615e-01 -1.2920998335e+00 -5.6782132387e-01 -8.7380719185e-01 -8.4410423040e-01 -7.5243711472e-01 -1.2472107261e-01 -1.2760313749e+00 -8.7169164419e-01 -8.0410093069e-01 -8.4780335426e-01 -1.0600401163e+00 -1.6706179380e+00 2.0083599091e+00 4.9567791820e-01 4.9563995004e-01 -3.2442855835e-01 -3.1906452775e-01 -1.1011313647e-01 -8.5864144564e-01 -5.5517297983e-01 -8.5524946451e-01
-1.2683770061e-01 -1.0418859720e+00 -1.0973069668e+00 -1.0397635698e+00 -1.0270575285e+00 -9.3935543299e-01 -9.2926472425e-01 -8.1025648117e-01 -7.3501503468e-01 -8.3521026373e-01 -7.3882871866e-01 4.2803272605e-01 4.9249389768e-01 -5.2101522684e-01 -1.2578020990e-01 -7.8502690792e-01 -1.1736001819e-01 -1.0161589384e+00 -6.6065490246e-01 8.6672943830e-01 -8.3047294617e-01 -1.5112523735e-01 -3.8401749730e-01 -2.6874652505e-01 -7.9149836302e-01 3.8409638405e-01 -6.4603900909e-01 -5.7182610035e-01 -8.1671655178e-01 -3.2397258282e-01 -1.9733066857e-01 -1.0323687792e+00 -1.0460051298e+00 -9.5663022995e-01 -8.5061532259e-01 -7.3296898603e-01 -8.6288124323e-01 -1.0185315609e+00 -9.7472816706e-01 -9.0952610970e-01 -7.8946036100e-01 -7.7004438639e-01 -6.8610537052e-01 -4.1116777062e-01 7.9636198282e-01 -1.3495801687e+00 7.3556184769e-01 -1.0594922304e+00 -7.0785915852e-01 -1.2000831366e+00 -9.1661143303e-01 -1.3986200094e+00 -8.8771557808e-01 -5.1295453310e-01 -9.1661137342e-01 -6.0478782654e-01 -8.7049823999e-01 -8.5061532259e-01 -7.6827120781e-01 -8.7559655309e-02 -9.5595234632e-01 -8.8740879297e-01 -8.0592161417e-01 -7.7268588543e-01 -8.6018896103e-01 -8.3852517605e-01 2.0321605206e+00 4.2803272605e-01 4.2917034030e-01 -2.5632271171e-01 -3.2587334514e-01 -6.0554349422e-01 -8.8048160076e-01 -5.2675670385e-01 -7.4029684067e-01
-1.2683770061e-01 -9.9334913492e-01 -1.0415822268e+00 -1.0975683928e+00 -1.0415158272e+00 -1.0293123722e+00 -9.4481158257e-01 -9.2810493708e-01 -8.1155681610e-01 -7.3493653536e-01 -8.3375763893e-01 -6.6412359476e-02 4.2510274053e-01 4.9205645919e-01 -5.1393264532e-01 -1.2608343363e-01 -7.8637760878e-01 -1.3531582057e-01 -1.0271601677e+00 -6.6175889969e-01 8.6887162924e-01 -8.2861036062e-01 1.7386112213e+00 -3.8309270144e-01 -2.6694896817e-01 -7.9188084602e-01 3.8624528050e-01 -6.4581012726e-01 -5.7170206308e-01 -8.0851364136e-01 -3.3369511366e-01 -1.9017219543e-01 -1.0410189629e+00 -9.7431319952e-01 -8.6554282904e-01 -7.4781018496e-01 -8.6242681742e-01 -1.0159025192e+00 -9.8345065117e-01 -9.2246878147e-01 -8.0178409815e-01 -7.5171160698e-01 -7.1336191893e-01 -2.8421893716e-01 8.9317214489e-01 -1.4292529821e+00 7.2533458471e-01 -1.0914369822e+00 -7.5762987137e-01 -1.2262023687e+00 -9.2737853527e-01 -1.1162327528e+00 -8.2553046942e-01 -7.3071432114e-01 -9.2737841606e-01 -6.6484260559e-01 -8.7993365526e-01 -8.6554282904e-01 -7.8758370876e-01 -6.6767305136e-02 -9.0444201231e-01 -9.0405595303e-01 -8.1440585852e-01 -7.9763329029e-01 -1.2932580709e+00 -7.9129141569e-01 2.0309906006e+00 -6.6412359476e-02 -5.8612648398e-02 -3.1199625134e-01 -4.9510678649e-01 -3.3449605107e-01 -7.9874485731e-01 -5.2912783623e-01 -6.5593647957e-01
-1.2683770061e-01 -1.0005780458e+00 -9.9308186769e-01 -1.0418276787e+00 -1.0993491411e+00 -1.0437880754e+00 -1.0349829197e+00 -9.4361144304e-01 -9.2947280407e-01 -8.1143373251e-01 -7.3366922140e-01 -3.8554191589e-01 -6.7485451698e-02 4.2429715395e-01 5.0569653511e-01 -5.1123088598e-01 -1.0980220884e-01 -7.8821712732e-01 -1.3727509975e-01 -1.0262677670e+00 -6.6917729378e-01 8.6554038525e-01 -8.8824099302e-01 1.7481520176e+00 -3.8062775135e-01 -2.6263004541e-01 -8.0018734932e-01 3.7663343549e-01 -6.4694303274e-01 -5.6742161512e-01 -8.2106786966e-01 -3.2483166456e-01 -1.0418503284e+00 -1.0065402985e+00 -8.8703471422e-01 -7.6498579979e-01 -8.6226898432e-01 -1.0287429094e+00 -9.9862343073e-01 -9.3846327066e-01 -8.1547170877e-01 -7.5544857979e-01 -7.3598152399e-01 -2.3436833918e-01 1.0152308941e+00 -1.5169889927e+00 9.1241216660e-01 -1.2847186327e+00 -1.0564224720e+00 -1.3840976954e+00 -1.2681553364e+00 -1.1076920033e+00 -9.0248942375e-01 -8.0041921139e-01 -1.2681553364e+00 -7.1359097958e-01 -9.0419274569e-01 -8.8703471422e-01 -8.0473452806e-01 -7.7328808606e-02 -1.0284805298e+00 -9.2642825842e-01 -8.3279055357e-01 -8.2609021664e-01 -1.5753350258e+00 -8.1003236771e-01 2.0229747295e+00 -3.8554191589e-01 -3.7526109815e-01 -5.0294518471e-01 -5.5931514502e-01 -6.0960906744e-01 -7.1441322565e-01 -5.4710316658e-01 -6.4084625244e-01
-1.2683770061e-01 -1.0439518690e+00 -1.0003054142e+00 -9.9331337214e-01 -1.0435808897e+00 -1.1016908884e+00 -1.0494930744e+00 -1.0335487127e+00 -9.4498825073e-01 -9.2928099632e-01 -8.1002503633e-01 5.6564426422e-01 -3.8541647792e-01 -7.0981949568e-02 4.3749865890e-01 5.0050461292e-01 -5.0525546074e-01 -1.2794008851e-01 -7.9687851667e-01 -1.4122994244e-01 -1.0359661579e+00 -6.6780763865e-01 -7.0448052883e-01 -8.8936299086e-01 1.7381780148e+00 -3.7732771039e-01 -2.6623108983e-01 -7.9848897457e-01 3.9287158847e-01 -6.4145809412e-01 -5.7856690884e-01 -8.0611073971e-01 -1.0181685686e+00 -1.0245378017e+00 -9.0413260460e-01 -7.8273421526e-01 -8.6171346903e-01 -1.0157617331e+00 -9.9917501211e-01 -9.4660925865e-01 -8.2589691877e-01 -7.0918852091e-01 -7.4399572611e-01 -7.7346891165e-02 1.0484812260e+00 -1.1905914545e+00 6.5781086683e-01 -8.2682090998e-01 -3.4925100207e-01 -1.0278400183e+00 -7.6509946585e-01 -1.0536499023e+00 -6.6650503874e-01 -4.0068089962e-01 -7.6509940624e-01 -7.3195868731e-01 -9.3263137341e-01 -9.0413260460e-01 -8.0925679207e-01 -1.2062743306e-01 -6.4041787386e-01 -9.4291788340e-01 -8.5161620378e-01 -7.8239107132e-01 -1.3437966108e+00 -6.5681082010e-01 2.0412447453e+00 5.6564426422e-01 5.6432384253e-01 -4.2753612995e-01 -5.1081824303e-01 1.0348291397e+00 -5.4596608877e-01 -5.4721784592e-01 -5.2497321367e-01
-1.2683770061e-01 -9.7992330790e-01 -1.0436465740e+00 -1.0005389452e+00 -9.9504274130e-01 -1.0458556414e+00 -1.1075339317e+00 -1.0480213165e+00 -1.0349770784e+00 -9.4478738308e-01 -9.2765456438e-01 5.9747213125e-01 5.6219744682e-01 -3.9064979553e-01 -6.0986377299e-02 4.3283468485e-01 5.3355199099e-01 -5.1386708021e-01 -1.2982365489e-01 -7.9724043608e-01 -1.4539249241e-01 -1.0334753990e+00 9.3584403396e-02 -7.0485651493e-01 -8.8394325972e-01 1.7604682446e+00 -3.8194850087e-01 -2.6962292194e-01 -8.0221587420e-01 3.8170978427e-01 -6.5303605795e-01 -5.6664180756e-01 -9.9199384451e-01 -1.0237003565e+00 -9.1625487804e-01 -7.9570388794e-01 -8.6100113392e-01 -9.8417723179e-01 -9.8699778318e-01 -9.4724595547e-01 -8.3300936222e-01 -6.2169820070e-01 -7.3134011030e-01 1.4487093687e-01 9.6742856503e-01 -7.2385656834e-01 3.0475291610e-01 -3.8494941592e-01 2.4375569820e-01 -6.7056638002e-01 -1.7712748051e-01 -7.8604632616e-01 -3.9331683517e-01 -4.7722226381e-01 -1.7712748051e-01 -6.9989389181e-01 -9.5890974998e-01 -9.1625487804e-01 -8.0635905266e-01 -1.7479375005e-01 -2.2336676717e-01 -9.5441955328e-01 -8.6934626102e-01 -7.5108379126e-01 -9.4649672508e-01 -5.9142649174e-01 2.0550670624e+00 5.9747213125e-01 5.9554600716e-01 -5.0611281395e-01 -4.6696463227e-01 1.3427032232e+00 -3.8746607304e-01 -5.4595577717e-01 -3.4648838639e-01
-1.2683770061e-01 -9.1176468134e-01 -9.7966617346e-01 -1.0438926220e+00 -1.0022718906e+00 -9.9725908041e-01 -1.0515656471e+00 -1.1059114933e+00 -1.0494579077e+00 -1.0347238779e+00 -9.4313228130e-01 9.7110253572e-01 5.9390574694e-01 5.6214082241e-01 -3.8272339106e-01 -6.1791215092e-02 4.6407139301e-01 4.9991604686e-01 -5.1971220970e-01 -1.3381907344e-01 -8.0550628901e-01 -1.4562374353e-01 -5.5524039268e-01 9.6447847784e-02 -7.0051360130e-01 -8.8515424728e-01 1.7748541832e+00 -3.8423720002e-01 -2.6436451077e-01 -7.9424512386e-01 3.7611129880e-01 -6.4017981291e-01 -9.5314699411e-01 -1.0099936724e+00 -9.2228937149e-01 -8.0658197403e-01 -8.5961294174e-01 -9.2559736967e-01 -9.5637035370e-01 -9.3680334091e-01 -8.3509445190e-01 -4.7574469447e-01 -6.8940770626e-01 4.5962166786e-01 7.3782181740e-01 4.7089052200e-01 -4.7301836312e-02 2.3552562296e-01 9.3481552601e-01 -1.3949832320e-01 7.2852045298e-01 -7.3861457407e-02 2.7231520414e-01 3.2002732041e-04 7.2852039337e-01 -6.5140664577e-01 -9.7776424885e-01 -9.2228937149e-01 -7.9915440083e-01 -2.2388191521e-01 4.6023905277e-01 -9.5852893591e-01 -8.8154304028e-01 -7.0625042915e-01 -5.0875037909e-01 -3.6933995783e-02 2.0871844292e+00 9.7110253572e-01 9.6102583408e-01 -3.6886721849e-01 -3.7777075171e-01 7.4958908558e-01 -2.0107103884e-01 -5.2996915579e-01 -7.8135408461e-02
-1.2683770061e-01 -8.0023139715e-01 -9.1155874729e-01 -9.7989386320e-01 -1.0456469059e+00 -1.0044969320e+00 -1.0028532743e+00 -1.0500884056e+00 -1.1073813438e+00 -1.0491962433e+00 -1.0329024792e+00 -5.4516631365e-01 9.6613299847e-01 5.9402233362e-01 5.7623457909e-01 -3.8103744388e-01 -4.3789666146e-02 4.3210917711e-01 5.0447750092e-01 -5.2158391476e-01 -1.3793528080e-01 -8.0371999741e-01 1.5297120810e-01 -5.5501061678e-01 9.6113987267e-02 -7.0008063316e-01 -8.9428997040e-01 1.7520049810e+00 -3.8092604280e-01 -2.6500439644e-01 -8.0671596527e-01 3.7609997392e-01 -9.2551732063e-01 -9.9356561899e-01 -9.2954111099e-01 -8.1495010853e-01 -8.5873591900e-01 -9.0773755312e-01 -9.4298321009e-01 -9.3357914686e-01 -8.3977955580e-01 -3.9492422342e-01 -6.3824850321e-01 5.5881839991e-01 5.2461558580e-01 1.7693883181e-01 -2.8953713179e-01 -1.1787435412e-01 3.4499311447e-01 -4.0956452489e-01 4.8769003153e-01 3.7299031019e-01 2.3305955529e-01 1.4278873801e-01 4.8769009113e-01 -6.4497703314e-01 -9.9622464180e-01 -9.2954111099e-01 -7.9468655586e-01 -2.6690918207e-01 1.4110977948e-01 -9.6427172422e-01 -8.8891476393e-01 -7.5403231382e-01 -7.0230668783e-01 -5.7786518335e-01 2.0681138039e+00 -5.4516631365e-01 -5.3418481350e-01 -4.3404734135e-01 -3.6529564857e-01 -9.5438122749e-01 -5.6409433484e-02 -5.2710074186e-01 3.4583194647e-03
-1.2683770061e-01 -8.6322700977e-01 -8.0010932684e-01 -9.1176688671e-01 -9.8161655664e-01 -1.0479241610e+00 -1.0101083517e+00 -1.0015025139e+00 -1.0515263081e+00 -1.1070859432e+00 -1.0473481417e+00 -7.2861373425e-01 -5.4444140196e-01 9.6828299761e-01 6.0832250118e-01 5.7049649954e-01 -3.7157824636e-01 -6.3517741859e-02 4.3597456813e-01 4.9702700973e-01 -5.2812552452e-01 -1.3818933070e-01 3.0735179782e-01 1.5607570112e-01 -5.5154222250e-01 1.0368691385e-01 -7.0757097006e-01 -8.9169454575e-01 1.7916102409e+00 -3.7969985604e-01 -2.7438229322e-01 -7.9193824530e-01 -9.0599042177e-01 -9.8414897919e-01 -9.4055199623e-01 -8.2496881485e-01 -8.5818719864e-01 -9.2397356033e-01 -9.4752746820e-01 -9.3892586231e-01 -8.4784430265e-01 -3.7898668647e-01 -5.9384775162e-01 4.8615819216e-01 3.6683562398e-01 -1.3074952364e-01 4.7113265842e-02 -5.4198265076e-01 -2.9422500730e-01 -7.4544459581e-01 -2.4666921794e-01 3.4818574786e-01 -8.2856222987e-02 -3.4585159272e-02 -2.4666921794e-01 -6.2029492855e-01 -1.0183460712e+00 -9.4055199623e-01 -7.9379731417e-01 -3.0975481868e-01 -3.1963673234e-01 -9.7224360704e-01 -8.9948511124e-01 -7.8515124321e-01 -9.2940169573e-01 -6.0148382187e-01 2.0514941216e+00 -7.2861373425e-01 -7.1727472544e-01 -3.2795193791e-01 -3.3309036493e-01 -1.4866796732e+00 6.9872222841e-02 -5.3207272291e-01 -5.7694628835e-02
-1.2683770061e-01 -9.4687652588e-01 -8.6305761337e-01 -8.0028557777e-01 -9.1345602274e-01 -9.8381680250e-01 -1.0536389351e+00 -1.0087387562e+00 -1.0029125214e+00 -1.0512634516e+00 -1.1051309109e+00 -5.9126967192e-01 -7.2719991207e-01 -5.5054342747e-01 9.8500567675e-01 6.0233598948e-01 6.0541677475e-01 -3.8341009617e-01 -6.4740009606e-02 4.2889723182e-01 4.9685671926e-01 -5.2718698978e-01 -5.6510335207e-01 3.1108292937e-01 1.5539382398e-01 -5.4977411032e-01 1.0334271938e-01 -7.0675551891e-01 -8.9700502157e-01 1.7580555677e+00 -3.8974806666e-01 -2.6626044512e-01 -9.1284596920e-01 -9.7567349672e-01 -9.5177370310e-01 -8.3593505621e-01 -8.5856550932e-01 -9.5738071203e-01 -9.6368300915e-01 -9.5039415359e-01 -8.5845005512e-01 -4.0371969342e-01 -5.6371736526e-01 3.3274072409e-01 3.0165633559e-01 -3.1332007051e-01 5.3053849936e-01 -8.4873473644e-01 -7.1199721098e-01 -9.9731361866e-01 -8.7985992432e-01 -2.2549991310e-01 -5.8084464073e-01 2.4968434125e-02 -8.7985992432e-01 -6.5000402927e-01 -1.0311542749e+00 -9.5177370310e-01 -8.0261254311e-01 -3.1618127227e-01 -6.8836641312e-01 -9.8450094461e-01 -9.0970265865e-01 -8.0856364965e-01 -9.5095485449e-01 -5.5756866932e-01 2.0413560867e+00 -5.9126967192e-01 -5.8015322685e-01 -3.1324234605e-01 -3.2952740788e-01 -9.9497169256e-01 8.7170943618e-02 -5.3452044725e-01 -1.8100121617e-01
-1.2683770061e-01 -1.0140030384e+00 -9.4664424658e-01 -8.6325180531e-01 -8.0191963911e-01 -9.1557425261e-01 -9.8937886953e-01 -1.0521564484e+00 -1.0101529360e+00 -1.0026779175e+00 -1.0494115353e+00 -3.8618564606e-01 -5.9037166834e-01 -7.3430031538e-01 -5.4365199804e-01 9.7610300779e-01 6.3810825348e-01 5.7004964352e-01 -3.8791608810e-01 -6.9089941680e-02 4.2830079794e-01 4.9466249347e-01 -9.6860748529e-01 -5.6491357088e-01 3.0949637294e-01 1.6349805892e-01 -5.5592805147e-01 9.6427798271e-02 -7.0892387629e-01 -8.8751667738e-01 1.7605004311e+00 -3.8018378615e-01 -9.4213664532e-01 -9.7724294662e-01 -9.6934813261e-01 -8.4846460819e-01 -8.5915857553e-01 -9.9424469471e-01 -9.8493760824e-01 -9.6505564451e-01 -8.7048721313e-01 -4.4516339898e-01 -5.4864484072e-01 1.7085431516e-01 2.7389851213e-01 -4.8872917891e-01 6.1332851648e-01 -1.0361942053e+00 -9.5429271460e-01 -1.1542391777e+00 -1.2889958620e+00 -8.5921776295e-01 -7.1903663874e-01 -5.1334992051e-02 -1.2889958620e+00 -6.7759090662e-01 -1.0611418486e+00 -9.6934813261e-01 -8.0650520325e-01 -3.6445647478e-01 -9.0667426586e-01 -1.0004817247e+00 -9.2366677523e-01 -8.3969455957e-01 -1.3792949915e+00 -5.6386214495e-01 2.0325720310e+00 -3.8618564606e-01 -3.7590128183e-01 -3.1994295120e-01 -3.7450644374e-01 -1.5713069439e+00 3.7004698068e-02 -5.5448460579e-01 -3.0624768138e-01
-1.2683770061e-01 -1.0573768616e+00 -1.0137202740e+00 -9.4686245918e-01 -8.6491698027e-01 -8.0390381813e-01 -9.2097371817e-01 -9.8806309700e-01 -1.0535954237e+00 -1.0099140406e+00 -1.0009157658e+00 -7.1881783009e-01 -3.8605779409e-01 -5.9672456980e-01 -7.2859835625e-01 -5.4072016478e-01 1.0218764544e+00 6.0195356607e-01 5.7533103228e-01 -3.9050567150e-01 -7.2801277041e-02 4.2631608248e-01 -5.6447643042e-01 -9.7005569935e-01 -5.6138741970e-01 3.1898179650e-01 1.6368563473e-01 -5.5655819178e-01 1.0790531337e-01 -7.0244663954e-01 -9.0053272247e-01 1.7431800365e+00 -1.0100665092e+00 -9.9189162254e-01 -9.9020433426e-01 -8.6134690046e-01 -8.5994118452e-01 -1.0459212065e+00 -1.0172510147e+00 -9.8627918959e-01 -8.8548296690e-01 -5.2250462770e-01 -5.5344200134e-01 -4.2761024088e-02 3.2349139452e-01 -6.8083024025e-01 1.1103864908e+00 -1.3600153923e+00 -1.3436012268e+00 -1.4322463274e+00 -1.7686562538e+00 -1.4020881653e+00 -1.1534808874e+00 -1.1210946739e-01 -1.7686562538e+00 -6.8917280436e-01 -1.0862894058e+00 -9.9020433426e-01 -8.2154643536e-01 -3.8177478313e-01 -1.3530501127e+00 -1.0187093019e+00 -9.4381868839e-01 -8.7817192078e-01 -1.7070386410e+00 -5.0261640549e-01 2.0122997761e+00 -7.1881783009e-01 -7.0748573542e-01 -2.9414379597e-01 -3.5086229444e-01 -1.5872448683e+00 -1.6063417494e-01 -5.8508086205e-01 -4.7820338607e-01
6.4591822624e+00 -1.1379283667e+00 -1.0570614338e+00 -1.0139577389e+00 -9.4856888056e-01 -8.6697685719e-01 -8.0903714895e-01 -9.1983544827e-01 -9.8946541548e-01 -1.0533313751e+00 -1.0081385374e+00 -2.0672136545e-01 -7.1744078398e-01 -3.9129459858e-01 -5.9013211727e-01 -7.2423475981e-01 -5.3553378582e-01 9.7647702694e-01 6.0756248236e-01 5.6749457121e-01 -3.9622741938e-01 -7.3254399002e-02 -1.7982053757e-01 -5.6428414583e-01 -9.6416503191e-01 -5.5970752239e-01 3.2055175304e-01 1.5619547665e-01 -5.5617475510e-01 1.0130562633e-01 -7.1438097954e-01 -8.8458204269e-01 -1.0698944330e+00 -1.0081096888e+00 -1.0073554516e+00 -8.7517505884e-01 -8.6009234190e-01 -1.0880154371e+00 -1.0478992462e+00 -1.0077250004e+00 -9.0085774660e-01 -5.9088027477e-01 -5.7218098640e-01 -1.9264736772e-01 4.4986850023e-01 -8.8375270367e-01 1.7477753162e+00 -1.4470371008e+00 -1.4432580471e+00 -1.5082387924e+00 -1.2263400555e+00 -1.5256726742e+00 -1.5320795774e+00 -3.1867083907e-01 -1.2263399363e+00 -6.8589293957e-01 -1.0946766138e+00 -1.0073554516e+00 -8.4618413448e-01 -3.4861031175e-01 -1.3465409279e+00 -1.0394312143e+00 -9.6287417412e-01 -9.0841919184e-01 -1.2602922916e+00 -5.1950919628e-01 2.0077588558e+00 -2.0672136545e-01 -1.9765399396e-01 -2.9411122203e-01 -3.8341978192e-01 8.9002054930e-01 -3.3967676759e-01 -5.9900224209e-01 -5.9585082531e-01
-1.2683770061e-01 -1.1606482267e+00 -1.1375523806e+00 -1.0573112965e+00 -1.0156972408e+00 -9.5072937012e-01 -8.7226051092e-01 -8.0818933249e-01 -9.2119860649e-01 -9.8923861980e-01 -1.0514756441e+00 -1.1003568172e+00 -2.0726750791e-01 -7.2448784113e-01 -3.8337236643e-01 -5.8684045076e-01 -7.2395879030e-01 -5.4341602325e-01 9.8593044281e-01 5.9955042601e-01 5.6776505709e-01 -3.9569202065e-01 -6.1074048281e-01 -1.7806687951e-01 -5.6076169014e-01 -9.6609503031e-01 -5.6594979763e-01 3.1156617403e-01 1.6868841648e-01 -5.5214291811e-01 9.4068445265e-02 -7.0075780153e-01 -1.1374090910e+00 -1.0322804451e+00 -1.0358874798e+00 -8.9076548815e-01 -8.6102616787e-01 -1.1570754051e+00 -1.0955532789e+00 -1.0391671658e+00 -9.2081928253e-01 -7.1352511644e-01 -6.1390030384e-01 -4.3970689178e-01 5.9696590900e-01 -1.1810210943e+00 1.5490592718e+00 -1.8704969883e+00 -1.8817158937e+00 -1.8907717466e+00 -1.7633354664e+00 -1.6948627234e+00 -1.7656178474e+00 -7.6412296295e-01 -1.7633354664e+00 -6.0332065821e-01 -1.1146875620e+00 -1.0358874798e+00 -8.8112473488e-01 -3.1660920382e-01 -1.9248652458e+00 -1.0608726740e+00 -9.8944288492e-01 -9.4922250509e-01 -1.8568855524e+00 -5.3784799576e-01 1.9748078585e+00 -1.1003568172e+00 -1.0897719860e+00 -1.7928552628e-01 -4.0766465664e-01 -1.5991441011e+00 -5.0423187017e-01 -6.4791810513e-01 -8.0904614925e-01
-1.2683770061e-01 -1.2825083733e+00 -1.1602551937e+00 -1.1378253698e+00 -1.0590722561e+00 -1.0179384947e+00 -9.5621258020e-01 -8.7124866247e-01 -8.0948847532e-01 -9.2101162672e-01 -9.8750138283e-01 -3.1002828851e-02 -1.0975469351e+00 -2.1152761579e-01 -7.1872234344e-01 -3.8168141246e-01 -5.8288812637e-01 -7.2730195522e-01 -5.4956448078e-01 9.7585743666e-01 6.0002142191e-01 5.6535416842e-01 -5.8037899435e-02 -6.1073601246e-01 -1.7679855227e-01 -5.5907618999e-01 -9.7595036030e-01 -5.6648445129e-01 3.2669883966e-01 1.6111563146e-01 -5.6319892406e-01 9.7583539784e-02 -1.1920440197e+00 -1.0632517338e+00 -1.0606611967e+00 -9.0668606758e-01 -8.6050242186e-01 -1.2041580677e+00 -1.1351159811e+00 -1.0679212809e+00 -9.4012975693e-01 -8.0293285847e-01 -6.6676062346e-01 -5.5948126316e-01 7.4549746513e-01 -1.3193573952e+00 1.4117097855e+00 -1.8804967403e+00 -1.8913185596e+00 -1.9000401497e+00 -1.6771230698e+00 -1.6622140408e+00 -1.8412206173e+00 -7.5395405293e-01 -1.6771230698e+00 -6.2254697084e-01 -1.1267435551e+00 -1.0606611967e+00 -9.1677182913e-01 -2.6796796918e-01 -1.7012249231e+00 -1.0841581821e+00 -1.0141553879e+00 -9.9596357346e-01 -2.0268280506e+00 -1.0282317400e+00 1.9738330841e+00 -3.1002828851e-02 -2.3566734046e-02 -2.6499614120e-01 -4.1899648309e-01 -1.0117515326e+00 -6.3051301241e-01 -6.8210959435e-01 -9.1493201256e-01
-1.2683770061e-01 -1.2856063843e+00 -1.2820237875e+00 -1.1605346203e+00 -1.1396260262e+00 -1.0613656044e+00 -1.0235818624e+00 -9.5498287678e-01 -8.7258398533e-01 -8.0936658382e-01 -9.1940045357e-01 1.1600908041e+00 -3.2208897173e-02 -1.1066704988e+00 -2.0244179666e-01 -7.1443521976e-01 -3.7223944068e-01 -5.8962959051e-01 -7.3533797264e-01 -5.5127358437e-01 9.7868221998e-01 5.9751194715e-01 2.5285470486e-01 -5.5789913982e-02 -6.0694241524e-01 -1.7167165875e-01 -5.6531286240e-01 -9.7257649899e-01 -5.6626963615e-01 3.1659641862e-01 1.5422798693e-01 -5.5146592855e-01 -1.2124022245e+00 -1.0882591009e+00 -1.0728893280e+00 -9.2020678520e-01 -8.5897564888e-01 -1.1928118467e+00 -1.1439516544e+00 -1.0813887119e+00 -9.5327401161e-01 -7.8381085396e-01 -7.0488154888e-01 -4.0102064610e-01 7.9148125648e-01 -9.9408125877e-01 9.2764401436e-01 -1.0057569742e+00 -6.0945868492e-01 -1.2012851238e+00 -8.4860312939e-01 -1.5274808407e+00 -1.2963337898e+00 -3.0783805251e-01 -8.4860306978e-01 -5.6204229593e-01 -1.1372792721e+00 -1.0728893280e+00 -9.2978984118e-01 -2.6169931889e-01 -8.2619118690e-01 -1.0987507105e+00 -1.0329810381e+00 -9.4552695751e-01 -1.3121603727e+00 -1.2465387583e+00 2.0169770718e+00 1.1600908041e+00 1.1451653242e+00 -9.3870140612e-02 -3.4021887183e-01 1.4957460165e+00 -6.6532707214e-01 -6.7931777239e-01 -7.7942800522e-01
-1.2683770061e-01 -1.1585831642e+00 -1.2851194143e+00 -1.2823381424e+00 -1.1623464823e+00 -1.1420162916e+00 -1.0671124458e+00 -1.0221773386e+00 -9.5636618137e-01 -8.7242525816e-01 -8.0796170235e-01 1.7404857278e-01 1.1544114351e+00 -3.5512689501e-02 -1.1033787727e+00 -2.0215150714e-01 -7.1389704943e-01 -3.8405534625e-01 -5.9625244141e-01 -7.3603516817e-01 -5.5800092220e-01 9.7501534224e-01 4.4635283947e-01 2.5636464357e-01 -5.5235248059e-02 -6.0567080975e-01 -1.7446400225e-01 -5.6585353613e-01 -9.7926110029e-01 -5.6207621098e-01 3.1061741710e-01 1.5699090064e-01 -1.2126097679e+00 -1.1225793362e+00 -1.0833169222e+00 -9.3368297815e-01 -8.5778290033e-01 -1.1786465645e+00 -1.1475453377e+00 -1.0916343927e+00 -9.6506732702e-01 -7.4712163210e-01 -7.2738254070e-01 -2.3309269547e-01 6.5619218349e-01 5.2901633084e-02 5.9127569199e-01 -8.8333564997e-01 -4.4738933444e-01 -1.1001043320e+00 -7.3326802254e-01 -1.1600708961e+00 -5.1478010416e-01 -4.2180830240e-01 -7.3326814175e-01 -5.4562270641e-01 -1.1484459639e+00 -1.0833169222e+00 -9.3871545792e-01 -2.6483881474e-01 -6.4299875498e-01 -1.1048448086e+00 -1.0449481010e+00 -9.1117537022e-01 -1.4910955429e+00 -8.4630370140e-01 2.0214426517e+00 1.7404857278e-01 1.7903392017e-01 -2.7348178625e-01 -3.3478349447e-01 -1.3350871801e+00 -6.2359380722e-01 -6.7017710209e-01 -6.4566808939e-01
-1.2683770061e-01 -1.1389613152e+00 -1.1581916809e+00 -1.2854347229e+00 -1.2842100859e+00 -1.1647640467e+00 -1.1479552984e+00 -1.0655950308e+00 -1.0235991478e+00 -9.5615869761e-01 -8.7090390921e-01 4.4263085723e-01 1.7207244039e-01 1.1575900316e+00 -2.5287525728e-02 -1.0961138010e+00 -1.8790571392e-01 -7.1748256683e-01 -3.8856798410e-01 -5.9770721197e-01 -7.4391818047e-01 -5.5697107315e-01 -3.9584469795e-01 4.5064821839e-01 2.5509741902e-01 -4.9018818885e-02 -6.1232173443e-01 -1.7873062193e-01 -5.6562799215e-01 -9.6845591068e-01 -5.7319021225e-01 3.1142497063e-01 -1.1982759237e+00 -1.1454942226e+00 -1.0865995884e+00 -9.4658631086e-01 -8.5627532005e-01 -1.1525260210e+00 -1.1413012743e+00 -1.0960068703e+00 -9.7428709269e-01 -6.7833608389e-01 -7.3039275408e-01 -2.3550406098e-02 5.6436383724e-01 -1.8882769346e-01 6.2544620037e-01 -5.7670336962e-01 -4.5476179570e-02 -8.4582805634e-01 -4.4190147519e-01 -7.1948552132e-01 -5.3685814142e-01 -4.6660548449e-01 -4.4190147519e-01 -5.5025780201e-01 -1.1512557268e+00 -1.0865995884e+00 -9.4222801924e-01 -2.6308187842e-01 -3.1201857328e-01 -1.1107097864e+00 -1.0482009649e+00 -8.7033456564e-01 -1.2533093691e+00 -9.0554809570e-01 2.0348215103e+00 4.4263085723e-01 4.4352009892e-01 -2.1771554649e-01 -3.5602039099e-01 1.1920982599e+00 -5.5050665140e-01 -6.3720953465e-01 -4.7732037306e-01
-1.2683770061e-01 -1.0893914700e+00 -1.1385846138e+00 -1.1584705114e+00 -1.2873080969e+00 -1.2867741585e+00 -1.1707572937e+00 -1.1462280750e+00 -1.0670417547e+00 -1.0233525038e+00 -9.5448255539e-01 1.1035979986e+00 4.3964603543e-01 1.6988457739e-01 1.1755379438e+00 -2.6368731633e-02 -1.1057884693e+00 -2.0416212082e-01 -7.2541785240e-01 -3.9115402102e-01 -6.0472500324e-01 -7.4232012033e-01 -5.6073661894e-02 -3.9496791363e-01 4.4824710488e-01 2.6409527659e-01 -5.0720680505e-02 -6.1241430044e-01 -1.7192797363e-01 -5.6144487858e-01 -9.8194497824e-01 -5.6133234501e-01 -1.1345008612e+00 -1.1473774910e+00 -1.0827878714e+00 -9.5722246170e-01 -8.5360002518e-01 -1.0934196711e+00 -1.1132327318e+00 -1.0877202749e+00 -9.7786766291e-01 -5.3863275051e-01 -7.0235520601e-01 3.1024089456e-01 3.5331723094e-01 7.7498871088e-01 2.8727173805e-01 9.5896072686e-02 7.2267144918e-01 -2.6232796907e-01 2.8652417660e-01 -3.1460225582e-01 2.6371815801e-01 -4.2855626345e-01 2.8652417660e-01 -5.2064526081e-01 -1.1446969509e+00 -1.0827878714e+00 -9.4143825769e-01 -2.5227659941e-01 4.3382474780e-01 -1.1054766178e+00 -1.0494025946e+00 -8.2307386398e-01 -8.4863513708e-01 -8.7769985199e-01 2.0732846260e+00 1.1035979986e+00 1.0901728868e+00 -7.5806222856e-02 -2.6829591393e-01 1.0972342491e+00 -3.0053874850e-01 -5.8649605513e-01 -1.9442301989e-01
-1.2683770061e-01 -9.6546542645e-01 -1.0890520811e+00 -1.1388578415e+00 -1.1602813005e+00 -1.2898759842e+00 -1.2930582762e+00 -1.1689708233e+00 -1.1477210522e+00 -1.0667698383e+00 -1.0215522051e+00 -2.7495440841e-01 1.0981308222e+00 4.3891990185e-01 1.8143926561e-01 1.1651602983e+00 -7.4193514884e-03 -1.0999336243e+00 -2.0682810247e-01 -7.2616904974e-01 -3.9687979221e-01 -6.0355234146e-01 2.8006145358e-01 -5.3817704320e-02 -3.9243367314e-01 4.5897606015e-01 2.6517724991e-01 -5.6166928262e-02 -6.1297982931e-01 -1.7404770851e-01 -5.7255518436e-01 -9.6497637033e-01 -1.0763347149e+00 -1.1455988884e+00 -1.0775998831e+00 -9.6827691793e-01 -8.5117119551e-01 -1.0644387007e+00 -1.0960069895e+00 -1.0832840204e+00 -9.8262727261e-01 -4.4194823503e-01 -6.5885448456e-01 4.7648259997e-01 1.5734517574e-01 6.2190765142e-01 1.5808014572e-01 -6.8918474019e-02 4.5248055458e-01 -3.9052906632e-01 1.0441667587e-01 -1.5812324360e-02 2.3124101758e-01 -3.4913232923e-01 1.0441667587e-01 -5.8671039343e-01 -1.1397838593e+00 -1.0775998831e+00 -9.3635791540e-01 -2.5322154164e-01 2.1113735437e-01 -1.1028777361e+00 -1.0436048508e+00 -8.6251872778e-01 -6.3830035925e-01 -1.3062502146e+00 2.0653829575e+00 -2.7495440841e-01 -2.6537075639e-01 -1.1030633003e-01 -2.8317070007e-01 -1.9209960103e-01 -7.9546600580e-02 -5.2935743332e-01 -5.7727158070e-02
-1.2683770061e-01 -9.9644714594e-01 -9.6521914005e-01 -1.0893111229e+00 -1.1406589746e+00 -1.1626963615e+00 -1.2961674929e+00 -1.2909543514e+00 -1.1704769135e+00 -1.1474020481e+00 -1.0648891926e+00 -3.3978310227e-01 -2.7524429560e-01 1.1010018587e+00 4.5221605897e-01 1.7875765264e-01 1.2159925699e+00 -2.8023574501e-02 -1.1117947102e+00 -2.1040408313e-01 -7.3399037123e-01 -3.9634242654e-01 -1.2916831672e-01 2.8368180990e-01 -5.3274549544e-02 -3.8923943043e-01 4.6179065108e-01 2.5671955943e-01 -4.7281969339e-02 -6.0803860426e-01 -1.8289408088e-01 -5.6070524454e-01 -1.0514065027e+00 -1.1432965994e+00 -1.0772299767e+00 -9.7979336977e-01 -8.4860950708e-01 -1.0579727888e+00 -1.0889929533e+00 -1.0830445290e+00 -9.8882764578e-01 -3.8459542394e-01 -6.1155492067e-01 5.1732349396e-01 -1.0485177860e-02 3.4494981170e-01 2.1482361853e-01 -2.7073049545e-01 1.2374552339e-01 -5.4790759087e-01 -8.5074231029e-02 1.1146277189e-01 1.0594612360e-01 -2.3410063982e-01 -8.5074231029e-02 -5.9308862686e-01 -1.1393975019e+00 -1.0772299767e+00 -9.3603068590e-01 -2.5315093994e-01 -2.7385575697e-02 -1.1032112837e+00 -1.0403349400e+00 -8.8896185160e-01 -7.8182005882e-01 -1.8138825893e+00 2.0588243008e+00 -3.3978310227e-01 -3.2976976037e-01 -1.1483177543e-01 -2.8960648179e-01 -1.0926187038e+00 2.2733088583e-02 -4.8801416159e-01 -2.3182699457e-02
-1.2683770061e-01 -1.0346570015e+00 -9.9617755413e-01 -9.6544265747e-01 -1.0910878181e+00 -1.1430504322e+00 -1.1686847210e+00 -1.2940555811e+00 -1.2925304174e+00 -1.1701446772e+00 -1.1453725100e+00 5.8328872919e-01 -3.3982953429e-01 -2.7987575531e-01 1.1185835600e+00 4.4743815064e-01 2.0319579542e-01 1.1659169197e+00 -2.8881486505e-02 -1.1104413271e+00 -2.1499933302e-01 -7.3242264986e-01 -8.0992239714e-01 -1.2720906734e-01 2.8225520253e-01 -4.7040544450e-02 -3.9396610856e-01 4.5145869255e-01 2.7092039585e-01 -5.1397200674e-02 -6.1942118406e-01 -1.7591610551e-01 -1.0171296597e+00 -1.1261372566e+00 -1.0759594440e+00 -9.8624545336e-01 -8.4531039000e-01 -1.0314267874e+00 -1.0710085630e+00 -1.0762985945e+00 -9.9197018147e-01 -2.9340627789e-01 -5.5384218693e-01 6.2927341461e-01 -1.7642728984e-01 4.0408635139e-01 -5.6243091822e-02 8.7235972285e-02 5.6213772297e-01 -2.3877309263e-01 5.2359527349e-01 1.9602255523e-01 3.8570553064e-01 1.1462887377e-01 5.2359527349e-01 -5.8146923780e-01 -1.1369436979e+00 -1.0759594440e+00 -9.3603456020e-01 -2.4851158261e-01 3.7131929398e-01 -1.0991020203e+00 -1.0423498154e+00 -8.5085558891e-01 -5.9700435400e-01 -1.2781780958e+00 2.0752506256e+00 5.8328872919e-01 5.8163422346e-01 -1.6722716391e-01 -2.7852290869e-01 -1.2956272066e-01 1.6025875509e-01 -4.6101272106e-01 8.7566606700e-02
-1.2683770061e-01 -9.6856343746e-01 -1.0343587399e+00 -9.9640995264e-01 -9.6715825796e-01 -1.0934196711e+00 -1.1489919424e+00 -1.1669036150e+00 -1.2956333160e+00 -1.2921271324e+00 -1.1680730581e+00 9.7225338221e-02 5.7977563143e-01 -3.4481382370e-01 -2.7123233676e-01 1.1086468697e+00 4.7906559706e-01 1.7751793563e-01 1.1773148775e+00 -3.3426743001e-02 -1.1206662655e+00 -2.1501784027e-01 -1.9925393164e-01 -8.1072640419e-01 -1.2623755634e-01 2.9149645567e-01 -4.8724818975e-02 -3.9614027739e-01 4.6896809340e-01 2.6171094179e-01 -5.9526793659e-02 -6.0698527098e-01 -9.9053889513e-01 -1.1055238247e+00 -1.0737357140e+00 -9.8957020044e-01 -8.4139907360e-01 -1.0099073648e+00 -1.0541898012e+00 -1.0690728426e+00 -9.9450528622e-01 -2.1101556718e-01 -4.8971652985e-01 6.9821888208e-01 -2.7678668499e-01 5.5042731762e-01 -3.2827854156e-01 1.4756307006e-01 6.3415139914e-01 -1.8628755212e-01 8.1180691719e-01 4.4833818078e-01 5.2361893654e-01 2.6013636589e-01 8.1180691719e-01 -5.5664521456e-01 -1.1326519251e+00 -1.0737357140e+00 -9.3603920937e-01 -2.4040536582e-01 4.2341473699e-01 -1.0923237801e+00 -1.0433750153e+00 -8.2780551910e-01 -6.3938969374e-01 -9.3267565966e-01 2.0769445896e+00 9.7225338221e-02 1.0319771618e-01 -1.8534733355e-01 -2.7851915359e-01 -6.7116630077e-01 2.6188975573e-01 -4.4143098593e-01 1.6786780953e-01
-1.2683770061e-01 -9.5720350742e-01 -9.6831482649e-01 -1.0346020460e+00 -9.9814081192e-01 -9.6934109926e-01 -1.0992429256e+00 -1.1472619772e+00 -1.1684085131e+00 -1.2952282429e+00 -1.2898299694e+00 1.4241613448e-01 9.5537707210e-02 5.7981503010e-01 -3.3659070730e-01 -2.7040949464e-01 1.1579669714e+00 4.4674220681e-01 1.7876994610e-01 1.1661995649e+00 -3.6915000528e-02 -1.1179167032e+00 -9.8758119345e-01 -1.9757916033e-01 -8.0576556921e-01 -1.2065750360e-01 2.9282203317e-01 -5.4190099239e-02 -3.9303135872e-01 4.5658802986e-01 2.5541117787e-01 -5.4091278464e-02 -9.8555356264e-01 -1.0708906651e+00 -1.0684428215e+00 -9.9386429787e-01 -8.3718442917e-01 -9.9000221491e-01 -1.0373671055e+00 -1.0609031916e+00 -9.9623781443e-01 -1.3322456181e-01 -4.2146283388e-01 7.4259841442e-01 -3.6997789145e-01 3.5321530700e-01 -4.7371107340e-01 2.3874050379e-01 7.4688482285e-01 -1.0793910176e-01 9.3065780401e-01 8.1063497066e-01 4.4240680337e-01 5.2239602804e-01 9.3065786362e-01 -5.9791749716e-01 -1.1238901615e+00 -1.0684428215e+00 -9.3459659815e-01 -2.2679081559e-01 4.8426955938e-01 -1.0866340399e+00 -1.0397692919e+00 -8.0846625566e-01 -5.1374763250e-01 -9.1256487370e-01 2.0790085793e+00 1.4241613448e-01 1.4781787992e-01 -4.6317264438e-01 -2.9017537832e-01 3.1656676531e-01 2.6102462411e-01 -4.0739250183e-01 2.3413071036e-01
-1.2683770061e-01 -9.4068050385e-01 -9.5696347952e-01 -9.6853923798e-01 -1.0363518000e+00 -1.0003609657e+00 -9.7486865520e-01 -1.0976420641e+00 -1.1487555504e+00 -1.1680775881e+00 -1.2929253578e+00 1.1498083174e-01 1.4055879414e-01 9.2931777239e-02 5.9402316809e-01 -3.3526191115e-01 -2.5799015164e-01 1.1092891693e+00 4.5075780153e-01 1.7309360206e-01 1.1702148914e+00 -3.7477813661e-02 -1.1818734407e+00 -9.8910641670e-01 -1.9619695842e-01 -8.0627596378e-01 -1.2299629301e-01 2.8410080075e-01 -4.5271549374e-02 -3.9161136746e-01 4.5142716169e-01 2.5690898299e-01 -9.7163492441e-01 -1.0345827341e+00 -1.0657424927e+00 -9.9804836512e-01 -8.3349353075e-01 -9.7221553326e-01 -1.0211160183e+00 -1.0521850586e+00 -9.9733042717e-01 -6.1862971634e-02 -3.5130792856e-01 7.6303821802e-01 -4.3914651871e-01 3.0402329564e-01 -6.2060904503e-01 3.1537821889e-01 8.4405350685e-01 -4.2764130980e-02 1.0272303820e+00 9.9027419090e-01 4.8681074381e-01 6.2084531784e-01 1.0272302628e+00 -6.3273346424e-01 -1.1180160046e+00 -1.0657424927e+00 -9.3526351452e-01 -2.1438722312e-01 5.4095351696e-01 -1.0836308002e+00 -1.0360041857e+00 -7.9060208797e-01 -7.7291530371e-01 -5.9563177824e-01 2.0805544853e+00 1.1498083174e-01 1.2073240429e-01 -4.7749364376e-01 -3.1019645929e-01 3.2118555903e-01 3.0794814229e-01 -3.8310667872e-01 2.8569743037e-01
-1.2683770061e-01 -9.2725473642e-01 -9.4045287371e-01 -9.5718461275e-01 -9.7025632858e-01 -1.0386178493e+00 -1.0059624910e+00 -9.7359055281e-01 -1.0991071463e+00 -1.1484360695e+00 -1.1660097837e+00 5.6645661592e-01 1.1322652549e-01 1.3819879293e-01 1.0398835689e-01 5.8814740181e-01 -3.2457786798e-01 -2.7255824208e-01 1.1201058626e+00 4.4359990954e-01 1.7089711130e-01 1.1659625769e+00 -1.2591054440e+00 -1.1841872931e+00 -9.8310452700e-01 -1.9124391675e-01 -8.1471037865e-01 -1.2775354087e-01 2.9876685143e-01 -4.9418967217e-02 -4.0172916651e-01 4.5047417283e-01 -9.3694287539e-01 -1.0045524836e+00 -1.0632022619e+00 -9.9701261520e-01 -8.2934242487e-01 -9.3846881390e-01 -9.9576520920e-01 -1.0378701687e+00 -9.9560981989e-01 3.5977173597e-02 -2.7386152744e-01 8.4142804146e-01 -4.4874417782e-01 6.0365670919e-01 -7.5720143318e-01 6.7355656624e-01 1.2642177343e+00 2.6692342758e-01 1.3862483501e+00 1.1951690912e+00 7.8278905153e-01 1.1398527622e+00 1.3862483501e+00 -6.6857182980e-01 -1.1101045609e+00 -1.0632022619e+00 -9.3826925755e-01 -1.9345730543e-01 8.9104789495e-01 -1.0832450390e+00 -1.0287207365e+00 -7.7068889141e-01 -9.2625963688e-01 -1.9718641043e-01 2.0888919830e+00 5.6645661592e-01 5.6512093544e-01 -6.1217260361e-01 -3.1274232268e-01 9.6440017223e-01 4.4201377034e-01 -3.7752276659e-01 3.9553272724e-01
-1.2683770061e-01 -8.6219406128e-01 -9.2703717947e-01 -9.4066929817e-01 -9.5889610052e-01 -9.7244292498e-01 -1.0443105698e+00 -1.0046036243e+00 -9.7498452663e-01 -1.0988165140e+00 -1.1464045048e+00 -2.5357189775e-01 5.6300675869e-01 1.1071722209e-01 1.4954838157e-01 1.0190632194e-01 6.2353998423e-01 -3.3754190803e-01 -2.7592632174e-01 1.1093020439e+00 4.4309547544e-01 1.6969914734e-01 -1.1518247128e+00 -1.2617328167e+00 -1.1770467758e+00 -9.8520427942e-01 -1.9421027601e-01 -8.1287360191e-01 -1.2008481473e-01 2.8911158442e-01 -5.7536996901e-02 -3.9201506972e-01 -9.2136245966e-01 -9.7943985462e-01 -1.0678603649e+00 -9.9626415968e-01 -8.2514035702e-01 -9.2569917440e-01 -9.8038125038e-01 -1.0277749300e+00 -9.9518805742e-01 9.4608023763e-02 -1.9912689924e-01 8.1227439642e-01 -4.6103248000e-01 4.3855300546e-01 -8.4027498960e-01 4.6122220159e-01 8.4922546148e-01 1.1555960774e-01 1.1851421595e+00 1.2859400511e+00 7.4908089638e-01 1.0699632168e+00 1.1851422787e+00 -7.2173100710e-01 -1.1277582645e+00 -1.0678603649e+00 -9.2961496115e-01 -2.4409371614e-01 7.9424262047e-01 -1.0909010172e+00 -1.0274130106e+00 -7.8508096933e-01 -1.2177331448e+00 -8.8946990669e-02 2.0862350464e+00 -2.5357189775e-01 -2.4414296448e-01 -5.6214457750e-01 -3.8093495369e-01 -3.2601574063e-01 5.2591300011e-01 -3.9695146680e-01 4.1186463833e-01
-1.2683770061e-01 -8.9110988379e-01 -8.6202543974e-01 -9.2724978924e-01 -9.4237267971e-01 -9.6106904745e-01 -9.7797787189e-01 -1.0428521633e+00 -1.0060154200e+00 -9.7476619482e-01 -1.0968767405e+00 7.8280746937e-02 -2.5394207239e-01 5.6295454502e-01 1.2188892812e-01 1.4711365104e-01 1.2428807467e-01 5.8773630857e-01 -3.4157708287e-01 -2.7912595868e-01 1.1129615307e+00 4.4106554985e-01 -1.4409017563e+00 -1.1540166140e+00 -1.2541397810e+00 -1.1808848381e+00 -9.9522954226e-01 -1.9828864932e-01 -8.1684488058e-01 -1.2303452939e-01 2.8297197819e-01 -5.2126362920e-02 -9.0619808435e-01 -9.5840883255e-01 -1.0688127279e+00 -9.9796015024e-01 -8.2091999054e-01 -9.1405951977e-01 -9.6607238054e-01 -1.0177222490e+00 -9.9438720942e-01 1.4577476680e-01 -1.2818829715e-01 7.7146339417e-01 -5.0571256876e-01 2.4741746485e-01 -7.6938128471e-01 5.1538634300e-01 9.2055773735e-01 1.6137385368e-01 1.2497812510e+00 1.3653205633e+00 7.4221175909e-01 7.3695218563e-01 1.2497812510e+00 -7.5939899683e-01 -1.1310951710e+00 -1.0688127279e+00 -9.2811793089e-01 -2.5339227915e-01 8.6613947153e-01 -1.0957483053e+00 -1.0278370380e+00 -7.6780182123e-01 -8.8478314877e-01 8.4892421961e-02 2.0872640610e+00 7.8280746937e-02 8.4483854473e-02 -5.7111930847e-01 -4.0153911710e-01 8.1947797537e-01 5.9294557571e-01 -3.9450371265e-01 4.2216905951e-01
-1.2683770061e-01 -8.8181585073e-01 -8.9091956615e-01 -8.6221939325e-01 -9.2894649506e-01 -9.4452571869e-01 -9.6657693386e-01 -9.7669166327e-01 -1.0442858934e+00 -1.0057790279e+00 -9.7305566072e-01 -2.0028264821e-01 7.6664268970e-02 -2.5845718384e-01 5.7705354691e-01 1.1966831237e-01 1.7070506513e-01 1.0051108897e-01 5.9319925308e-01 -3.4441906214e-01 -2.8415101767e-01 1.1088842154e+00 -1.2897392511e+00 -1.4442670345e+00 -1.1470522881e+00 -1.2586687803e+00 -1.1926498413e+00 -9.9167186022e-01 -1.9181829691e-01 -8.0863994360e-01 -1.3158276677e-01 2.8412517905e-01 -8.9892733097e-01 -9.5223563910e-01 -1.0666424036e+00 -1.0025843382e+00 -8.1676214933e-01 -9.1394340992e-01 -9.5857429504e-01 -1.0108724833e+00 -9.9458485842e-01 1.7046628892e-01 -6.6056363285e-02 6.7678427696e-01 -5.1314425468e-01 3.6924719810e-01 -8.8823276758e-01 3.3674362302e-01 5.6012541056e-01 3.6339711398e-02 1.0294076204e+00 1.2380406857e+00 7.9158157110e-01 6.2187850475e-01 1.0294075012e+00 -7.9905456305e-01 -1.1253340244e+00 -1.0666424036e+00 -9.2969113588e-01 -2.3937068880e-01 7.0085734129e-01 -1.0976976156e+00 -1.0232230425e+00 -7.9606318474e-01 -8.9012169838e-01 6.8953281641e-01 2.0831549168e+00 -2.0028264821e-01 -1.9126740098e-01 -7.7852052450e-01 -4.4182112813e-01 -1.6409763098e+00 6.1435288191e-01 -3.7060034275e-01 3.8587304950e-01
-1.2683770061e-01 -9.0453571081e-01 -8.8163250685e-01 -8.9112180471e-01 -8.6388403177e-01 -9.3108338118e-01 -9.4999414682e-01 -9.6532028913e-01 -9.7808748484e-01 -1.0440272093e+00 -1.0040111542e+00 3.0362716317e-01 -2.0085297525e-01 7.3955237865e-02 -2.4967510998e-01 5.7130914927e-01 1.4252534509e-01 1.4580990374e-01 1.0097260028e-01 5.8526545763e-01 -3.4985253215e-01 -2.8395819664e-01 -7.1471959352e-01 -1.2924909592e+00 -1.4356087446e+00 -1.1506214142e+00 -1.2711253166e+00 -1.1872102022e+00 -9.9868094921e-01 -1.9361959398e-01 -8.2119488716e-01 -1.2524634600e-01 -8.8729405403e-01 -9.3936556578e-01 -1.0592315197e+00 -1.0037956238e+00 -8.1267368793e-01 -9.0205329657e-01 -9.4593459368e-01 -1.0012054443e+00 -9.9328011274e-01 2.1034319699e-01 -7.6603703201e-03 6.3661974669e-01 -5.1864713430e-01 1.9318959117e-01 -1.0060242414e+00 5.6003606319e-01 8.8827681541e-01 2.1956130862e-01 1.1869372129e+00 1.2386808395e+00 7.8102612495e-01 5.7953393459e-01 1.1869372129e+00 -8.3470791578e-01 -1.1083306074e+00 -1.0592315197e+00 -9.3239921331e-01 -2.0192506909e-01 8.3389377594e-01 -1.0911293030e+00 -1.0165060759e+00 -7.7304750681e-01 -7.2276592255e-01 5.2191942930e-01 2.0883409977e+00 3.0362716317e-01 3.0676144361e-01 -8.0049014091e-01 -4.6952360868e-01 7.8805796802e-02 6.3251632452e-01 -3.3962151408e-01 3.9964535832e-01
-1.2683770061e-01 -8.6942303181e-01 -9.0433526039e-01 -8.8183206320e-01 -8.9280068874e-01 -8.6594265699e-01 -9.3651980162e-01 -9.4878053665e-01 -9.6670955420e-01 -9.7786730528e-01 -1.0421886444e+00 -8.8165038824e-01 3.0116438866e-01 -2.0507805049e-01 8.4888979793e-02 -2.4901916087e-01 6.0625118017e-01 1.1830902845e-01 1.4673641324e-01 9.5720022917e-02 5.8564710617e-01 -3.4945890307e-01 -9.8937827349e-01 -7.1513718367e-01 -1.2847183943e+00 -1.4417641163e+00 -1.1621173620e+00 -1.2649375200e+00 -1.1975413561e+00 -9.8756480217e-01 -2.0258034766e-01 -8.0623614788e-01 -9.0910637379e-01 -9.3287867308e-01 -1.0547850132e+00 -1.0076924562e+00 -8.0932354927e-01 -9.2817550898e-01 -9.5434314013e-01 -1.0024583340e+00 -9.9633538723e-01 1.7631243169e-01 3.1640037894e-02 4.3132567406e-01 -6.1724257469e-01 -2.0339645445e-01 -1.4022913575e-01 -1.9162616134e-01 -3.9043617249e-01 -3.2525658607e-01 2.3796087503e-01 8.7777936459e-01 2.9240134358e-01 -1.8485188484e-02 2.3796087503e-01 -7.7191281319e-01 -1.1034244299e+00 -1.0547850132e+00 -9.2873817682e-01 -2.0005893707e-01 2.1563485265e-01 -1.0836838484e+00 -1.0159047842e+00 -7.9850095510e-01 -5.1222884655e-01 1.2888404541e-02 2.0718815327e+00 -8.8165038824e-01 -8.7038123608e-01 -6.1311191320e-01 -4.1335260868e-01 -6.5180313587e-01 5.2353358269e-01 -3.1001958251e-01 2.6162391901e-01
-1.2683770061e-01 -9.7062927485e-01 -8.6924898624e-01 -9.0454131365e-01 -8.8350635767e-01 -8.9489412308e-01 -8.7122386694e-01 -9.3534117937e-01 -9.5016032457e-01 -9.6649605036e-01 -9.7615104914e-01 2.9706433415e-01 -8.7966179848e-01 2.9968175292e-01 -1.9595047832e-01 8.2954809070e-02 -2.3602744937e-01 5.7086396217e-01 1.1895323545e-01 1.4123456180e-01 9.3039572239e-02 5.8318150043e-01 -8.6174476147e-01 -9.9091076851e-01 -7.1073424816e-01 -1.2895213366e+00 -1.4558484554e+00 -1.1569688320e+00 -1.2765893936e+00 -1.1832416058e+00 -1.0011655092e+00 -1.9535623491e-01 -9.1824650764e-01 -9.2963439226e-01 -1.0444630384e+00 -1.0091902018e+00 -8.0540543795e-01 -9.3412452936e-01 -9.5490914583e-01 -1.0002247095e+00 -9.9782067537e-01 1.6946852207e-01 6.1588864774e-02 3.3078804612e-01 -7.0879560709e-01 -4.0062564611e-01 -3.3087006211e-01 3.8845315576e-02 -2.1718166769e-02 -1.4135554433e-01 7.6396897435e-02 5.3785461187e-01 3.0075901747e-01 1.5233847499e-01 7.6396897435e-02 -7.8962224722e-01 -1.0967341661e+00 -1.0444630384e+00 -9.1554915905e-01 -2.1396718919e-01 3.6139973998e-01 -1.0759748220e+00 -1.0069779158e+00 -7.7614927292e-01 -3.4592192620e-02 5.9809821844e-01 2.0768101215e+00 2.9706433415e-01 3.0029797554e-01 -6.6456168890e-01 -4.5927721262e-01 4.5960387588e-01 4.4331014156e-01 -2.6752895117e-01 2.1660670638e-01
-1.2683770061e-01 -9.3654954433e-01 -9.7037917376e-01 -8.6944496632e-01 -9.0622681379e-01 -8.8558864594e-01 -9.0024429560e-01 -8.7021470070e-01 -9.3671327829e-01 -9.4995647669e-01 -9.6480077505e-01 1.2395957112e-01 2.9462620616e-01 -8.8759505749e-01 3.1207659841e-01 -1.9571045041e-01 1.0482946038e-01 -2.5112462044e-01 5.7615369558e-01 1.1360272020e-01 1.3883879781e-01 9.2079564929e-02 -1.0241494179e+00 -8.6275911331e-01 -9.8489838839e-01 -7.1039289236e-01 -1.3022521734e+00 -1.4478998184e+00 -1.1667861938e+00 -1.2610241175e+00 -1.1979858875e+00 -9.8395663500e-01 -9.2634856701e-01 -9.2607718706e-01 -1.0322350264e+00 -1.0137262344e+00 -8.0238360167e-01 -9.3322592974e-01 -9.5269399881e-01 -9.9677491188e-01 -9.9863088131e-01 1.7171742022e-01 8.6038030684e-02 2.7166199684e-01 -8.3181160688e-01 -1.7393806577e-01 -4.9476870894e-01 1.3661698997e-01 1.3219650090e-01 -6.3086904585e-02 2.1634882689e-01 1.9165985286e-01 4.4307094812e-01 2.9208245873e-01 2.1634882689e-01 -8.1542319059e-01 -1.0917142630e+00 -1.0322350264e+00 -8.9702564478e-01 -2.4165122211e-01 3.8889899850e-01 -1.0638750792e+00 -9.9182921648e-01 -7.5217968225e-01 -3.0821880698e-01 4.1990709305e-01 2.0790426731e+00 1.2395957112e-01 1.2959781289e-01 -6.6352784634e-01 -4.6702811122e-01 -4.9684318900e-01 3.5962721705e-01 -2.0759838820e-01 2.0298308134e-01
-1.2683770061e-01 -9.2209160328e-01 -9.3632501364e-01 -9.7060412169e-01 -8.7111318111e-01 -9.0833640099e-01 -8.9091664553e-01 -8.9915978909e-01 -8.7154936790e-01 -9.3651723862e-01 -9.4829177856e-01 4.2486108840e-02 1.2217154354e-01 2.9310786724e-01 -8.8288539648e-01 3.0838361382e-01 -1.8129229546e-01 8.1521220505e-02 -2.5427269936e-01 5.6831276417e-01 1.1103412509e-01 1.3773880899e-01 -9.3943649530e-01 -1.0258231163e+00 -8.5749465227e-01 -9.8701417446e-01 -7.1797490120e-01 -1.2957677841e+00 -1.4626600742e+00 -1.1529788971e+00 -1.2762229443e+00 -1.1783161163e+00 -9.2884165049e-01 -9.2367035151e-01 -1.0134958029e+00 -1.0199581385e+00 -7.9932999611e-01 -9.3089038134e-01 -9.4992405176e-01 -9.9314445257e-01 -9.9919044971e-01 1.7524561286e-01 1.0636626184e-01 2.2735844553e-01 -9.4604063034e-01 -3.1225165725e-01 -6.1229103804e-01 1.7306707799e-01 1.9172027707e-01 -3.4285668284e-02 2.9494357109e-01 2.1198484302e-01 3.9469209313e-01 1.3016872108e-01 2.9494357109e-01 -8.6160230637e-01 -1.1078687906e+00 -1.0134958029e+00 -8.4483474493e-01 -3.7608397007e-01 3.7202176452e-01 -1.0543228388e+00 -9.6969801188e-01 -7.3083621264e-01 1.4843527973e-01 6.3610225916e-01 2.0797514915e+00 4.2486108840e-02 4.9111470580e-02 -6.6672170162e-01 -6.0561674833e-01 -8.0855349079e-03 2.7270102501e-01 -1.1825705320e-01 1.9634951651e-01
-1.2683770061e-01 -9.1692775488e-01 -9.2187798023e-01 -9.3654024601e-01 -9.7232228518e-01 -8.7318050861e-01 -9.1371864080e-01 -8.8985633850e-01 -9.0051108599e-01 -8.7139129639e-01 -9.3487739563e-01 4.5746263862e-01 4.1004054248e-02 1.1971110851e-01 3.0546018481e-01 -8.7732732296e-01 3.3629027009e-01 -1.9770802557e-01 8.1787794828e-02 -2.5759023428e-01 5.6858837605e-01 1.1001911759e-01 -1.0769330263e+00 -9.4076627493e-01 -1.0196069479e+00 -8.5846865177e-01 -9.9705553055e-01 -7.1706026793e-01 -1.3079433441e+00 -1.4441159964e+00 -1.1675462723e+00 -1.2555749416e+00 -9.2780274153e-01 -9.1728800535e-01 -9.9189889431e-01 -1.0246042013e+00 -7.9599910975e-01 -9.1161423922e-01 -9.3790018559e-01 -9.8465603590e-01 -9.9748438597e-01 2.0947857201e-01 1.3008929789e-01 2.6385548711e-01 -9.8642909527e-01 -9.4340205193e-02 -8.3259791136e-01 5.3594374657e-01 7.4563139677e-01 2.5661236048e-01 1.0279879570e+00 5.5140346289e-01 5.8297199011e-01 2.3793858290e-01 1.0279878378e+00 -8.4366732836e-01 -1.1325826645e+00 -9.9189889431e-01 -7.7860057354e-01 -5.5375760794e-01 7.7972155809e-01 -1.0342680216e+00 -9.5120733976e-01 -6.6707617044e-01 9.7401732206e-01 1.4012687206e+00 2.1013343334e+00 4.5746263862e-01 4.5809659362e-01 -6.2772166729e-01 -6.0189354420e-01 1.1010133028e+00 1.8880146742e-01 -2.4096863344e-02 2.5741085410e-01
-1.2683770061e-01 -8.6425989866e-01 -9.1671800613e-01 -9.2208909988e-01 -9.3824160099e-01 -9.7451132536e-01 -8.7847900391e-01 -9.1259914637e-01 -8.9120233059e-01 -9.0033614635e-01 -8.6987185478e-01 -3.5223588347e-01 4.5442211628e-01 3.8100209087e-02 1.3094103336e-01 3.0181840062e-01 -8.8114780188e-01 3.0740624666e-01 -2.0030775666e-01 7.6639726758e-02 -2.6248061657e-01 5.6617492437e-01 1.1439492702e+00 -1.0788209438e+00 -9.3504655361e-01 -1.0220338106e+00 -8.6736714840e-01 -9.9348044395e-01 -7.1940368414e-01 -1.2918760777e+00 -1.4603848457e+00 -1.1482571363e+00 -9.1450774670e-01 -9.2157799006e-01 -9.7887682915e-01 -1.0294930935e+00 -7.9295802116e-01 -9.1231322289e-01 -9.3552446365e-01 -9.8095530272e-01 -9.9756139517e-01 2.0918492973e-01 1.4900372922e-01 2.1215890348e-01 -1.0239326954e+00 -2.7209907770e-01 -9.6215659380e-01 1.9694064558e-01 1.5221454203e-01 1.5773626044e-02 2.9203009605e-01 5.7839781046e-01 4.9317589402e-01 8.9297808707e-02 2.9203021526e-01 -8.7262558937e-01 -1.1452491283e+00 -9.7887682915e-01 -7.4089592695e-01 -6.5183228254e-01 3.7196967006e-01 -1.0230646133e+00 -9.3038463593e-01 -6.9048303366e-01 3.8339218497e-01 8.6552798748e-01 2.0953142643e+00 -3.5223588347e-01 -3.4214684367e-01 -6.6951829195e-01 -6.8165969849e-01 -4.3646427989e-01 1.9096378982e-01 3.9926007390e-02 2.3357869685e-01
-1.2683770061e-01 -9.0453571081e-01 -8.6408978701e-01 -9.1692757607e-01 -9.2378324270e-01 -9.4038969278e-01 -9.8005121946e-01 -8.7745094299e-01 -9.1395819187e-01 -8.9103281498e-01 -8.9876317978e-01 5.5585598946e-01 -3.5223555565e-01 4.5377671719e-01 4.8801865429e-02 1.2865033746e-01 3.2954940200e-01 -8.8070434332e-01 3.0999156833e-01 -2.0391924679e-01 7.3839925230e-02 -2.6235401630e-01 -9.6890008450e-01 1.1510761976e+00 -1.0722954273e+00 -9.3671560287e-01 -1.0323865414e+00 -8.6502838135e-01 -1.0005202293e+00 -7.1275871992e-01 -1.3072552681e+00 -1.4374341965e+00 -8.9518773556e-01 -9.1645056009e-01 -9.6357852221e-01 -1.0328614712e+00 -7.9027694464e-01 -8.9123833179e-01 -9.2171818018e-01 -9.7128099203e-01 -9.9490737915e-01 2.4714986980e-01 1.7240904272e-01 2.6043972373e-01 -9.3059122562e-01 4.4893699884e-01 -1.1880085468e+00 6.2386029959e-01 7.6707351208e-01 3.6342251301e-01 5.8952337503e-01 6.8347007036e-01 1.3263018131e+00 2.2090366483e-01 5.8952343464e-01 -8.3051300049e-01 -1.1529891491e+00 -9.6357852221e-01 -7.0372688770e-01 -7.3923003674e-01 1.0766497850e+00 -1.0105789900e+00 -9.1378581524e-01 -6.4665931463e-01 3.6873596907e-01 1.0041283369e+00 2.1133210659e+00 5.5585598946e-01 5.5471909046e-01 -6.1491662264e-01 -6.6162407398e-01 -1.0792633295e+00 2.0891135931e-01 1.0689376295e-01 2.9821518064e-01
-1.2683770061e-01 -8.4050714970e-01 -9.0433526039e-01 -8.6428427696e-01 -9.1861921549e-01 -9.2591392994e-01 -9.4584828615e-01 -9.7875964642e-01 -8.7878984213e-01 -9.1377538443e-01 -8.8947701454e-01 4.3528065085e-01 5.5244588852e-01 -3.5728761554e-01 4.6716901660e-01 4.7147080302e-02 1.5174771845e-01 3.0082774162e-01 -8.9031511545e-01 3.0360043049e-01 -2.0847393572e-01 7.2938598692e-02 1.0010399669e-01 -9.7034943104e-01 1.1445870399e+00 -1.0751945972e+00 -9.4630968571e-01 -1.0284745693e+00 -8.6988574266e-01 -9.8937469721e-01 -7.2475332022e-01 -1.2862192392e+00 -8.6859774590e-01 -9.0713852644e-01 -9.4822698832e-01 -1.0343155861e+00 -7.8710299730e-01 -8.6016350985e-01 -9.0104645491e-01 -9.5752918720e-01 -9.9020344019e-01 3.0625078082e-01 2.0401327312e-01 3.4858500957e-01 -8.4391707182e-01 2.7076858282e-01 -1.2835299969e+00 9.2435771227e-01 1.1346833706e+00 6.2043946981e-01 1.2650606632e+00 7.6803028584e-01 1.5263595581e+00 1.8175210059e-01 1.2650606632e+00 -8.7093615532e-01 -1.1457982063e+00 -9.4822698832e-01 -6.8135887384e-01 -7.6925188303e-01 1.6358976364e+00 -9.9705725908e-01 -8.9508312941e-01 -6.1659640074e-01 2.4660719931e-01 1.4149103165e+00 2.1230065823e+00 4.3528065085e-01 4.3629536033e-01 -5.8502870798e-01 -6.6210579872e-01 1.0482807159e+00 2.5691545010e-01 1.6739811003e-01 3.9628058672e-01
-1.2683770061e-01 -7.8990441561e-01 -8.4035485983e-01 -9.0454131365e-01 -8.6594998837e-01 -9.2074370384e-01 -9.3133807182e-01 -9.4464540482e-01 -9.8015660048e-01 -8.7862753868e-01 -9.1217762232e-01 -5.1783084869e-01 4.3232345581e-01 5.5233603716e-01 -3.4914526343e-01 4.6227535605e-01 6.8063586950e-02 1.2730923295e-01 3.0334553123e-01 -8.9016813040e-01 3.0222028494e-01 -2.0851239562e-01 -6.2039446831e-01 1.0299389809e-01 -9.6445703506e-01 1.1615570784e+00 -1.0860198736e+00 -9.4321841002e-01 -1.0361089706e+00 -8.6083161831e-01 -1.0029859543e+00 -7.1100044250e-01 -8.5509508848e-01 -9.0159279108e-01 -9.4229829311e-01 -1.0368254185e+00 -7.8437185287e-01 -8.5959815979e-01 -8.9523041248e-01 -9.5100468397e-01 -9.8823475838e-01 3.1205287576e-01 2.3056110740e-01 2.9422453046e-01 -7.2358226776e-01 2.9471102357e-01 -1.4608447552e+00 4.1579297185e-01 3.2414186001e-01 2.5137159228e-01 2.6466315985e-01 7.5826895237e-01 1.1167684793e+00 1.0210753232e-01 2.6466315985e-01 -8.4297889471e-01 -1.1387231350e+00 -9.4229829311e-01 -6.7700999975e-01 -7.6434874535e-01 7.4106293917e-01 -9.8827666044e-01 -8.8635122776e-01 -6.4922082424e-01 -4.3598911166e-01 9.1867357492e-01 2.1106419563e+00 -5.1783084869e-01 -5.0694370270e-01 -5.3110945225e-01 -7.3558539152e-01 -1.1845260859e+00 2.8891834617e-01 1.9753557444e-01 3.6422750354e-01
-1.2683770061e-01 -8.4980124235e-01 -7.8979015350e-01 -8.4054255486e-01 -9.0622681379e-01 -8.6801111698e-01 -9.2615550756e-01 -9.3017286062e-01 -9.4602280855e-01 -9.7993528843e-01 -8.7709468603e-01 -4.6794021130e-01 -5.1720863581e-01 4.3155732751e-01 5.6636631489e-01 -3.4771925211e-01 4.9429982901e-01 4.5641023666e-02 1.2804582715e-01 2.9699060321e-01 -8.9901524782e-01 3.0062094331e-01 -4.8628315330e-01 -6.2042915821e-01 1.0262183845e-01 -9.6638965607e-01 1.1706182957e+00 -1.0815967321e+00 -9.4940423965e-01 -1.0243936777e+00 -8.7369161844e-01 -9.8575431108e-01 -8.6298871040e-01 -9.0504539013e-01 -9.3753433228e-01 -1.0391379595e+00 -7.8202486038e-01 -8.7728857994e-01 -9.0042179823e-01 -9.5040643215e-01 -9.8862999678e-01 2.7990940213e-01 2.4479429424e-01 1.6183139384e-01 -7.5260722637e-01 -1.6509441659e-02 -9.3135482073e-01 6.3525177538e-03 -2.5006365776e-01 -5.9014841914e-02 -3.8857820630e-01 4.0939456224e-01 1.7036397755e-01 -6.1128783971e-02 -3.8857820630e-01 -8.2403546572e-01 -1.1409410238e+00 -9.3753433228e-01 -6.6562736034e-01 -7.9067796469e-01 -3.2610245049e-02 -9.7984814644e-01 -8.8380557299e-01 -6.7941695452e-01 -5.6598317623e-01 4.7086519003e-01 2.1003057957e+00 -4.6794021130e-01 -4.5725253224e-01 -5.0451642275e-01 -7.1704095602e-01 -7.6871693134e-01 2.3658959568e-01 2.2277763486e-01 2.6295897365e-01
-1.2683770061e-01 -9.0350276232e-01 -8.4964191914e-01 -7.8996336460e-01 -8.4219652414e-01 -9.0833640099e-01 -8.7329721451e-01 -9.2500376701e-01 -9.3154197931e-01 -9.4582134485e-01 -9.7821515799e-01 9.6422627568e-02 -4.6750533581e-01 -5.2316188812e-01 4.4480580091e-01 5.6070464849e-01 -3.3736854792e-01 4.6160942316e-01 4.5539285988e-02 1.2264578044e-01 2.9556912184e-01 -8.9694309235e-01 -6.1341518164e-01 -4.8577347398e-01 -6.1657899618e-01 1.1025309563e-01 -9.7624760866e-01 1.1535290480e+00 -1.0901336670e+00 -9.3907701969e-01 -1.0382095575e+00 -8.5807651281e-01 -8.6049568653e-01 -8.9709359407e-01 -9.3022930622e-01 -1.0429247618e+00 -7.8032767773e-01 -8.8525986671e-01 -9.0256386995e-01 -9.4874322414e-01 -9.8852562904e-01 2.5913843513e-01 2.5165420771e-01 8.2562133670e-02 -8.3041942120e-01 -3.6720663309e-01 -2.7008479834e-01 8.6597599089e-02 -1.2498514354e-01 4.7744465992e-03 -1.9920656085e-01 -1.1288820952e-01 -6.6884762049e-01 2.7203526348e-02 -1.9920656085e-01 -7.7252888680e-01 -1.1511933804e+00 -9.3022930622e-01 -6.4133483171e-01 -8.5720682144e-01 4.8321090639e-02 -9.7405314445e-01 -8.8168466091e-01 -6.5169352293e-01 -4.8347044736e-02 3.4478452802e-01 2.1023263931e+00 9.6422627568e-02 1.0240487009e-01 -6.7313688993e-01 -7.3436045647e-01 1.3785287142e+00 2.1712872386e-01 2.6232337952e-01 2.0980836451e-01
-1.2683770061e-01 -8.9214283228e-01 -9.0330308676e-01 -8.4983229637e-01 -7.9159241915e-01 -8.4422910213e-01 -9.1371864080e-01 -8.7228262424e-01 -9.2636990547e-01 -9.3134891987e-01 -9.4416433573e-01 2.5818398595e-01 9.4738014042e-02 -4.7318708897e-01 -5.1609325409e-01 4.4008526206e-01 5.9536290169e-01 -3.5002446175e-01 4.6577766538e-01 4.0588654578e-02 1.2013375014e-01 2.9399010539e-01 -7.4288761616e-01 -6.1342155933e-01 -4.8270919919e-01 -6.1539375782e-01 1.0996727645e-01 -9.7287088633e-01 1.1829664707e+00 -1.0775533915e+00 -9.5239436626e-01 -1.0205374956e+00 -8.6485815048e-01 -8.8956010342e-01 -9.2477715015e-01 -1.0457220078e+00 -7.7888268232e-01 -8.8049888611e-01 -8.9876866341e-01 -9.4427913427e-01 -9.8715072870e-01 2.5915294886e-01 2.5714528561e-01 6.7846149206e-02 -9.4688522816e-01 -2.1490372717e-01 -5.1585978270e-01 2.9924410582e-01 2.0496559143e-01 1.7402876914e-01 1.5418453515e-01 -1.5229426324e-01 1.7497325316e-03 1.3714145869e-02 1.5418453515e-01 -7.5510919094e-01 -1.1503733397e+00 -9.2477715015e-01 -6.3165920973e-01 -8.7439328432e-01 4.9456945062e-01 -9.6978539228e-01 -8.7823754549e-01 -6.2022423744e-01 2.7626654506e-01 7.1210479736e-01 2.1083652973e+00 2.5818398595e-01 2.6199400425e-01 -6.7706114054e-01 -7.6289707422e-01 1.1769322157e+00 1.7669284344e-01 2.9173406959e-01 2.1212621033e-01
-1.2683770061e-01 -8.6219406128e-01 -8.9195173979e-01 -9.0350884199e-01 -8.5149085522e-01 -7.9356408119e-01 -8.4945857525e-01 -9.1259914637e-01 -8.7361854315e-01 -9.2617988586e-01 -9.2971867323e-01 -2.2668899596e-01 2.5589188933e-01 9.2127718031e-02 -4.6579492092e-01 -5.1337474585e-01 4.7151598334e-01 5.6023794413e-01 -3.5418775678e-01 4.5853796601e-01 3.7563361228e-02 1.1909092963e-01 -5.4675656557e-01 -7.4341952801e-01 -6.0961228609e-01 -4.8032411933e-01 -6.2213116884e-01 1.0298920423e-01 -9.7956055403e-01 1.1591557264e+00 -1.0916800499e+00 -9.3579524755e-01 -8.8459342718e-01 -8.8610666990e-01 -9.2123043537e-01 -1.0470433235e+00 -7.7760809660e-01 -8.8601052761e-01 -9.0044587851e-01 -9.4279170036e-01 -9.8692828417e-01 2.4053612351e-01 2.5748091936e-01 1.2421079911e-02 -1.0126814842e+00 -1.4115159214e-01 -7.1855896711e-01 8.4909804165e-02 -1.2273067981e-01 1.4972502366e-02 -1.5046204627e-01 -6.7361816764e-02 2.1693772078e-01 2.1131154895e-01 -1.5046204627e-01 -7.5179857016e-01 -1.1519402266e+00 -9.2123043537e-01 -6.2326914072e-01 -8.9358639717e-01 -2.4564860389e-02 -9.6811741590e-01 -8.7348198891e-01 -6.4101785421e-01 3.1119716167e-01 6.6731220484e-01 2.1049382687e+00 -2.2668899596e-01 -2.1746373177e-01 -6.6105508804e-01 -7.5493770838e-01 -5.3305035830e-01 8.0035962164e-02 3.0913570523e-01 1.7355485260e-01
-1.2683770061e-01 -8.8801187277e-01 -8.6202543974e-01 -8.9215421677e-01 -9.0519386530e-01 -8.5353457928e-01 -7.9867279530e-01 -8.4850585461e-01 -9.1395819187e-01 -8.7345921993e-01 -9.2455917597e-01 4.6481409669e-01 -2.2716014087e-01 2.5416192412e-01 1.0317908973e-01 -4.6346586943e-01 -5.0745666027e-01 4.3937444687e-01 5.6541866064e-01 -3.5696107149e-01 4.5812693238e-01 3.6772910506e-02 -1.1057279110e+00 -5.4649233818e-01 -7.3885148764e-01 -6.0836458206e-01 -4.8586061597e-01 -6.2213021517e-01 1.1457819492e-01 -9.6875053644e-01 1.1581006050e+00 -1.0733394623e+00 -8.8147747517e-01 -8.7773656845e-01 -9.1577833891e-01 -1.0493550301e+00 -7.7637779713e-01 -8.7161868811e-01 -8.9186954498e-01 -9.3613970280e-01 -9.8442822695e-01 2.5732171535e-01 2.6140758395e-01 5.1027175039e-02 -1.0399372578e+00 -1.6687297821e-01 -9.3205386400e-01 4.7018551826e-01 4.6454861760e-01 3.2198664546e-01 4.8319852352e-01 1.7604221404e-01 6.9507825375e-01 2.6154667139e-01 4.8319867253e-01 -7.3118144274e-01 -1.1464865208e+00 -9.1577833891e-01 -6.1821913719e-01 -8.9303046465e-01 8.9093774557e-01 -9.6104019880e-01 -8.7070727348e-01 -6.0478091240e-01 4.1637223959e-01 7.4634867907e-01 2.1174001694e+00 4.6481409669e-01 4.6532034874e-01 -6.2204587460e-01 -7.3451316357e-01 5.7286483049e-01 7.0737347007e-02 3.3686363697e-01 2.1745151281e-01
-1.2683770061e-01 -8.3431112766e-01 -8.8782387972e-01 -8.6221939325e-01 -8.9383363724e-01 -9.0730220079e-01 -8.5878622532e-01 -7.9785192013e-01 -8.4982812405e-01 -9.1377538443e-01 -8.7193596363e-01 2.2061267495e-01 4.6174597740e-01 -2.3152893782e-01 2.6626214385e-01 1.0110332072e-01 -4.5621228218e-01 -5.1601523161e-01 4.4331440330e-01 5.5763614178e-01 -3.6247298121e-01 4.5605108142e-01 -2.9713138938e-01 -1.1077326536e+00 -5.4307371378e-01 -7.3876214027e-01 -6.1503946781e-01 -4.8715874553e-01 -6.2286078930e-01 1.0787168145e-01 -9.8224133253e-01 1.1483120918e+00 -8.6236584187e-01 -8.7208628654e-01 -9.0969049931e-01 -1.0494868755e+00 -7.7495205402e-01 -8.5333734751e-01 -8.8006883860e-01 -9.2757117748e-01 -9.8092722893e-01 2.8419512510e-01 2.7040547132e-01 1.0554740578e-01 -1.0652462244e+00 -3.9996969700e-01 -1.0986375809e+00 6.4383667707e-01 7.0511275530e-01 4.6440520883e-01 7.8784513474e-01 4.0205970407e-01 7.9478180408e-01 2.9063034058e-01 7.8784519434e-01 -7.3191857338e-01 -1.1363985538e+00 -9.0969049931e-01 -6.1657202244e-01 -8.7714940310e-01 1.1988760233e+00 -9.5515751839e-01 -8.6701256037e-01 -5.7900589705e-01 6.4475440979e-01 1.1411641836e+00 2.1216340065e+00 2.2061267495e-01 2.2495973110e-01 -6.5186947584e-01 -7.3154377937e-01 1.4299978018e+00 1.2544485927e-01 3.5931363702e-01 2.7256134152e-01
-1.2683770061e-01 -8.0849331617e-01 -8.3416348696e-01 -8.8802522421e-01 -8.6388403177e-01 -8.9592832327e-01 -9.1268193722e-01 -8.5780930519e-01 -7.9914510250e-01 -8.4968268871e-01 -9.1217762232e-01 7.7471144497e-02 2.1846166253e-01 4.6114057302e-01 -2.2257256508e-01 2.6292383671e-01 1.2346358597e-01 -4.6600532532e-01 -5.2188247442e-01 4.3619707227e-01 5.5784499645e-01 -3.6204078794e-01 -8.4490251541e-01 -2.9585391283e-01 -1.1010384560e+00 -5.4122966528e-01 -7.4659639597e-01 -6.1510610580e-01 -4.8559620976e-01 -6.1776137352e-01 1.0067287087e-01 -9.6526902914e-01 -8.4366953373e-01 -8.6141312122e-01 -9.0646207333e-01 -1.0469105244e+00 -7.7382957935e-01 -8.3802384138e-01 -8.6869126558e-01 -9.1890048981e-01 -9.7716695070e-01 3.0832064152e-01 2.8286150098e-01 1.4272540808e-01 -1.0259069204e+00 -2.2959941626e-01 -1.2955656052e+00 7.0710599422e-01 7.9279261827e-01 5.1624494791e-01 8.9752280712e-01 7.7586054802e-01 1.0291163921e+00 3.0118414760e-01 8.9752274752e-01 -6.9868683815e-01 -1.1265480518e+00 -9.0646207333e-01 -6.2018877268e-01 -8.5157191753e-01 1.2052471638e+00 -9.4881826639e-01 -8.6763155460e-01 -5.5999386311e-01 5.9588885307e-01 1.1264971495e+00 2.1227548122e+00 7.7471144497e-02 8.3683997393e-02 -6.9366329908e-01 -7.6468175650e-01 6.6076004505e-01 1.9009932876e-01 3.6202910542e-01 3.1067901850e-01
-1.2683770061e-01 -7.9919844866e-01 -8.0836504698e-01 -8.3434945345e-01 -8.8970255852e-01 -8.6594265699e-01 -9.0128093958e-01 -9.1156518459e-01 -8.5913687944e-01 -7.9902923107e-01 -8.4820336103e-01 3.7972167134e-01 7.5857706368e-02 2.1652723849e-01 4.7458055615e-01 -2.2212643921e-01 2.8961408138e-01 9.9706463516e-02 -4.7135919333e-01 -5.2374231815e-01 4.3564632535e-01 5.5546432734e-01 -1.1990082264e+00 -8.4584850073e-01 -2.9389813542e-01 -1.1041952372e+00 -5.4730761051e-01 -7.4540889263e-01 -6.1571741104e-01 -4.8269429803e-01 -6.2920081615e-01 1.0410539061e-01 -8.2206481695e-01 -8.5272848606e-01 -8.9947444201e-01 -1.0430574417e+00 -7.7264934778e-01 -8.1287413836e-01 -8.5115557909e-01 -9.0666884184e-01 -9.7166299820e-01 3.5200220346e-01 3.0234593153e-01 2.1828676760e-01 -9.6972191334e-01 -3.1331562996e-01 -1.4363769293e+00 1.0016365051e+00 1.1783343554e+00 7.6114583015e-01 1.4215151072e+00 1.1105443239e+00 1.3197922707e+00 2.7785769105e-01 1.4215151072e+00 -6.9940638542e-01 -1.1060192585e+00 -8.9947444201e-01 -6.2723022699e-01 -7.9928565025e-01 1.5760920048e+00 -9.4137209654e-01 -8.6469668150e-01 -5.3957456350e-01 8.3712351322e-01 1.1106622219e+00 2.1284987926e+00 3.7972167134e-01 3.8166013360e-01 -7.2789841890e-01 -7.6133662462e-01 1.3991401196e+00 2.5151020288e-01 3.7388518453e-01 3.8410112262e-01
-1.2683770061e-01 -7.5479173660e-01 -7.9907721281e-01 -8.0854362249e-01 -8.3600032330e-01 -8.9179229736e-01 -8.7122386694e-01 -9.0019381046e-01 -9.1292363405e-01 -8.5898602009e-01 -7.9764348269e-01 5.9877675772e-01 3.7697312236e-01 7.3144264519e-02 2.2838383913e-01 4.6962949634e-01 -2.0841512084e-01 2.6185446978e-01 1.0015971214e-01 -4.7349426150e-01 -5.3029745817e-01 4.3363916874e-01 -1.1253284216e+00 -1.2013915777e+00 -8.4068268538e-01 -2.8982076049e-01 -1.1152783632e+00 -5.4801994562e-01 -7.4823397398e-01 -6.1073231697e-01 -4.9334439635e-01 -6.1664265394e-01 -7.8114014864e-01 -8.4205609560e-01 -8.8936334848e-01 -1.0357905626e+00 -7.7076345682e-01 -7.7248257399e-01 -8.2379668951e-01 -8.8866382837e-01 -9.6338528395e-01 4.2667251825e-01 3.3420652151e-01 3.5134100914e-01 -8.2080662251e-01 2.3224197328e-01 -1.5782226324e+00 1.4080712795e+00 1.6173477173e+00 1.1191687584e+00 1.4003169537e+00 1.3290039301e+00 1.8481564522e+00 5.6618517637e-01 1.4003169537e+00 -6.8954837322e-01 -1.0694379807e+00 -8.8936334848e-01 -6.4428389072e-01 -6.9760185480e-01 1.9268487692e+00 -9.3011641502e-01 -8.5782021284e-01 -5.1632660627e-01 9.5054280758e-01 1.4549928904e+00 2.1387851238e+00 5.9877675772e-01 5.9682554007e-01 -6.9207024574e-01 -7.2819429636e-01 1.3186359406e+00 3.8060271740e-01 3.8516765833e-01 5.1087254286e-01
-1.2683770061e-01 -6.8456721306e-01 -7.5470387936e-01 -7.9925310612e-01 -8.1018179655e-01 -8.3802545071e-01 -8.9713507891e-01 -8.7021470070e-01 -9.0154570341e-01 -9.1274142265e-01 -8.5748952627e-01 1.9028297067e-01 5.9520548582e-01 3.7590458989e-01 8.4072761238e-02 2.2533878684e-01 5.0185078382e-01 -2.2417747974e-01 2.6397219300e-01 9.4911567867e-02 -4.7973507643e-01 -5.2935230732e-01 -9.7721672058e-01 -1.1274127960e+00 -1.1941508055e+00 -8.4150600433e-01 -2.9366353154e-01 -1.1105762720e+00 -5.4749143124e-01 -7.4112743139e-01 -6.2213069201e-01 -4.8248484731e-01 -7.4644809961e-01 -8.2301282883e-01 -8.7692445517e-01 -1.0277315378e+00 -7.6904696226e-01 -7.3791038990e-01 -7.9720294476e-01 -8.7013000250e-01 -9.5446413755e-01 4.9502757192e-01 3.7459167838e-01 4.4298809767e-01 -6.5140873194e-01 3.6960396171e-01 -1.6519087553e+00 1.5277680159e+00 1.7312448025e+00 1.2289322615e+00 1.3686875105e+00 1.4970616102e+00 1.8561217785e+00 4.5528411865e-01 1.3686873913e+00 -7.3770081997e-01 -1.0339336395e+00 -8.7692445517e-01 -6.5577918291e-01 -6.0896325111e-01 1.7233762741e+00 -9.1963243484e-01 -8.4694963694e-01 -4.9314084649e-01 1.4645123482e+00 1.2728766203e+00 2.1420760155e+00 1.9028297067e-01 1.9504921138e-01 -8.0055522919e-01 -7.3712617159e-01 9.5539939404e-01 4.7423297167e-01 4.0211048722e-01 6.0252940655e-01
-1.2683770061e-01 -6.6184741259e-01 -6.8453216553e-01 -7.5486707687e-01 -8.0088669062e-01 -8.1217586994e-01 -8.4324014187e-01 -8.9605867863e-01 -8.7154936790e-01 -9.0137010813e-01 -9.1114550829e-01 -4.2246595025e-01 1.8824587762e-01 5.9532916546e-01 3.8879287243e-01 8.2144908607e-02 2.5102332234e-01 4.6897846460e-01 -2.2704891860e-01 2.5783175230e-01 9.2226058245e-02 -4.7894448042e-01 -9.8047649860e-01 -9.7869986296e-01 -1.1206036806e+00 -1.1981420517e+00 -8.5025370121e-01 -2.9679384828e-01 -1.1196055412e+00 -5.4359865189e-01 -7.5328785181e-01 -6.0966092348e-01 -7.2692048550e-01 -8.0355048180e-01 -8.6882460117e-01 -1.0194953680e+00 -7.6825183630e-01 -7.3153990507e-01 -7.8462904692e-01 -8.5825794935e-01 -9.4800364971e-01 5.1239407063e-01 4.1068458557e-01 3.9684191346e-01 -6.0025310516e-01 9.9992655218e-02 -1.3008925915e+00 1.0015249252e+00 8.5623097420e-01 8.5476177931e-01 9.3963509798e-01 1.3251819611e+00 1.2019406557e+00 1.9597344100e-01 9.3963509798e-01 -7.3914122581e-01 -1.0157885551e+00 -8.6882460117e-01 -6.5830224752e-01 -5.7027345896e-01 1.0875582695e+00 -9.1048288345e-01 -8.4007322788e-01 -5.1230537891e-01 1.4755749702e+00 1.3196569681e+00 2.1361570358e+00 -4.2246595025e-01 -4.1199094057e-01 -8.1701320410e-01 -7.1298056841e-01 1.0797771066e-01 5.2245366573e-01 4.0276065469e-01 5.7381612062e-01
-1.2683770061e-01 -7.1141797304e-01 -6.6182941198e-01 -6.8467521667e-01 -7.5647878647e-01 -8.0286955833e-01 -8.1732892990e-01 -8.4230357409e-01 -8.9740818739e-01 -8.7139129639e-01 -8.9979523420e-01 -5.2175211906e-01 -4.2220184207e-01 1.8614637852e-01 6.0963773727e-01 3.8450595737e-01 1.0399788618e-01 2.2419334948e-01 4.7322234511e-01 -2.3051474988e-01 2.5616529584e-01 9.1268539429e-02 -1.1910258532e+00 -9.8197287321e-01 -9.7275871038e-01 -1.1239358187e+00 -1.2100604773e+00 -8.4807807207e-01 -2.9199707508e-01 -1.1065534353e+00 -5.5460470915e-01 -7.3917818069e-01 -7.2151988745e-01 -7.9141324759e-01 -8.5866183043e-01 -1.0137480497e+00 -7.6826435328e-01 -7.4779182673e-01 -7.8562945127e-01 -8.5353559256e-01 -9.4439136982e-01 4.8250231147e-01 4.3304449320e-01 2.4920099974e-01 -6.2471163273e-01 -1.2140373141e-01 -1.0739477873e+00 4.2975407839e-01 3.6553815007e-02 4.2731577158e-01 4.1226533055e-01 9.7275829315e-01 6.9059950113e-01 1.9478636980e-01 4.1226544976e-01 -7.5451332331e-01 -1.0148688555e+00 -8.5866183043e-01 -6.3965982199e-01 -6.0471218824e-01 4.7336831689e-01 -9.0377461910e-01 -8.2695710659e-01 -5.4423123598e-01 1.3987263441e+00 6.7821723223e-01 2.1239652634e+00 -5.2175211906e-01 -5.1085072756e-01 -7.0072615147e-01 -7.7950555086e-01 -7.8146290779e-01 5.0342506170e-01 4.1951227188e-01 4.5828160644e-01
-1.2683770061e-01 -7.7234768867e-01 -7.1136271954e-01 -6.6196596622e-01 -6.8625223637e-01 -7.5840824842e-01 -8.0800044537e-01 -8.1645959616e-01 -8.4362226725e-01 -8.9723503590e-01 -8.6987185478e-01 -1.3144512177e+00 -5.2111512423e-01 -4.2763611674e-01 1.9780632854e-01 6.0364109278e-01 4.1444948316e-01 8.0709688365e-02 2.2592447698e-01 4.6594208479e-01 -2.3523579538e-01 2.5470671058e-01 -5.2285134792e-01 -1.1933768988e+00 -9.7601264715e-01 -9.7476577759e-01 -1.1351945400e+00 -1.2044548988e+00 -8.5264748335e-01 -2.9219457507e-01 -1.1208496094e+00 -5.4297918081e-01 -7.5579589605e-01 -7.9779636860e-01 -8.5807949305e-01 -1.0122947693e+00 -7.6929342747e-01 -8.1004714966e-01 -8.1476593018e-01 -8.6436229944e-01 -9.4742953777e-01 3.5837838054e-01 4.2388188839e-01 -8.9693561196e-02 -6.7485660315e-01 -4.7361031175e-01 -1.1219778657e-01 -6.5741717815e-01 -1.1580209732e+00 -4.7234734893e-01 -9.1063934565e-01 1.5975601971e-01 -4.9810966849e-01 -6.1279214919e-02 -9.1063940525e-01 -6.9393795729e-01 -1.0157598257e+00 -8.5807949305e-01 -6.3764971495e-01 -6.1026173830e-01 -1.0095996857e+00 -8.9722472429e-01 -8.2651448250e-01 -5.7716685534e-01 8.9860332012e-01 1.0865472257e-01 2.0921802521e+00 -1.3144512177e+00 -1.3052057028e+00 -3.6277678609e-01 -5.8531033993e-01 -1.6923696995e+00 3.5833099484e-01 4.1656732559e-01 1.7163316905e-01
-1.2683770061e-01 -9.2518961430e-01 -7.7224659920e-01 -7.1151345968e-01 -6.6353178024e-01 -6.8809729815e-01 -7.6343315840e-01 -8.0715537071e-01 -8.1776344776e-01 -8.4348040819e-01 -8.9566779137e-01 -3.3080985546e+00 -1.3108373880e+00 -5.2708971500e-01 -4.1994911432e-01 1.9499799609e-01 6.3944828510e-01 3.8368263841e-01 8.0967925489e-02 2.1999128163e-01 4.6557739377e-01 -2.3519244790e-01 -4.6998417377e-01 -5.2249014378e-01 -1.1861828566e+00 -9.7804886103e-01 -9.8469817638e-01 -1.1303025484e+00 -1.2150790691e+00 -8.4386932850e-01 -3.0173137784e-01 -1.1021442413e+00 -8.8023096323e-01 -8.3985841274e-01 -8.7761181593e-01 -1.0187468529e+00 -7.7252322435e-01 -9.7871249914e-01 -9.0863448381e-01 -9.1149902344e-01 -9.6644395590e-01 2.0883185789e-02 3.4300085902e-01 -8.6072844267e-01 -3.2256841660e-01 -1.4065741301e+00 3.1205809116e+00 -2.0978159904e+00 -2.1952400208e+00 -1.9206169844e+00 -9.3474596739e-01 -5.0880831480e-01 -3.4556095600e+00 -1.0705808401e+00 -9.3474590778e-01 -1.1725216359e-01 -9.3467485905e-01 -8.7761181593e-01 -7.5617510080e-01 -2.2901956737e-01 -2.7557408810e+00 -8.9488953352e-01 -8.6764937639e-01 -6.6388583183e-01 7.9270571470e-01 -3.0814838409e-01 1.8813017607e+00 -3.3080985546e+00 -3.3438923359e+00 6.5083110332e-01 1.2436660379e-01 -1.9091477990e-01 -7.9978346825e-02 3.6841627955e-01 -5.0896841288e-01
-1.2683770061e-01 -1.3031631708e+00 -9.2497366667e-01 -7.7241486311e-01 -7.1310377121e-01 -6.6534948349e-01 -6.9295465946e-01 -7.6270371675e-01 -8.0845391750e-01 -8.1763672829e-01 -8.4201258421e-01 -1.9449894428e+00 -3.2969975471e+00 -1.3211259842e+00 -5.2004653215e-01 -4.1797497869e-01 2.1987068653e-01 6.0326129198e-01 3.8705092669e-01 7.5824320316e-02 2.1808813512e-01 4.6347874403e-01 2.3460614681e+00 -4.6940833330e-01 -5.1921159029e-01 -1.1901026964e+00 -9.8801046610e-01 -9.8124092817e-01 -1.1396669149e+00 -1.2004985809e+00 -8.5663014650e-01 -2.9326757789e-01 -1.0518217087e+00 -9.0881252289e-01 -9.0826165676e-01 -1.0287883282e+00 -7.7666175365e-01 -1.1623803377e+00 -1.0246591568e+00 -9.7506177425e-01 -9.9372839928e-01 -3.7583521008e-01 1.9183848798e-01 -1.6163136959e+00 4.5561669394e-03 -1.7492867708e+00 2.0473496914e+00 -2.5496647358e+00 -2.4386117458e+00 -2.4527902603e+00 -1.7121247053e+00 -1.2665470839e+00 -3.0480079651e+00 -1.6908630133e+00 -1.7121247053e+00 1.3872596622e-01 -8.3494257927e-01 -9.0826165676e-01 -9.1470813751e-01 2.6786920428e-01 -2.5619552135e+00 -9.0330111980e-01 -9.0804058313e-01 -7.3703092337e-01 8.3583686501e-04 -5.7036519051e-01 1.7767823935e+00 -1.9449894428e+00 -1.9435770512e+00 7.4553996325e-01 2.7201029658e-01 -1.6833617687e+00 -6.6921961308e-01 2.9257550836e-01 -1.1841423512e+00
-1.2683770061e-01 -1.5148689747e+00 -1.3026629686e+00 -9.2518562078e-01 -7.7403515577e-01 -7.1498107910e-01 -6.7015266418e-01 -6.9240808487e-01 -7.6397675276e-01 -8.0833262205e-01 -8.1621658802e-01 1.9069402218e+00 -1.9390075207e+00 -3.3181364536e+00 -1.3192226887e+00 -5.1729744673e-01 -4.0950414538e-01 1.9379115105e-01 6.0888361931e-01 3.8024008274e-01 7.3019422591e-02 2.1674592793e-01 1.6353425980e+00 2.3580679893e+00 -4.6643957496e-01 -5.1715368032e-01 -1.2019495964e+00 -9.8452162743e-01 -9.8807275295e-01 -1.1262937784e+00 -1.2153437138e+00 -8.4122842550e-01 -1.1727248430e+00 -9.5987367630e-01 -9.3123489618e-01 -1.0358787775e+00 -7.7950072289e-01 -1.2167280912e+00 -1.0820866823e+00 -1.0125732422e+00 -1.0113234520e+00 -5.5514955521e-01 3.1830307096e-02 -1.7114138603e+00 3.0831497908e-01 -1.9181083441e+00 1.5186725855e+00 -1.4598237276e+00 -1.2522246838e+00 -1.4721347094e+00 -9.6887350082e-01 -1.2873183489e+00 -2.0832459927e+00 -1.1048258543e+00 -9.6887356043e-01 2.1502523124e-01 -8.1406182051e-01 -9.3123489618e-01 -9.7976553440e-01 4.3657070398e-01 -1.5231586695e+00 -9.2339044809e-01 -9.3589919806e-01 -6.9658279419e-01 -1.5494303405e-01 -9.6846558154e-02 1.8336060047e+00 1.9069402218e+00 1.8681402206e+00 1.1135069132e+00 4.6013411880e-01 1.1355117559e+00 -1.0787693262e+00 2.3421302438e-01 -1.2830660343e+00
-1.2683770061e-01 -1.3124572039e+00 -1.5142095089e+00 -1.3029832840e+00 -9.2688137293e-01 -7.7598577738e-01 -7.1990251541e-01 -6.6966527700e-01 -6.9364082813e-01 -7.6388138533e-01 -8.0692964792e-01 1.3633706570e+00 1.8984560966e+00 -1.9527277946e+00 -3.3291592598e+00 -1.3102865219e+00 -5.1148426533e-01 -4.2042237520e-01 1.9521020353e-01 6.0086441040e-01 3.7933930755e-01 7.2120599449e-02 -7.6635450125e-02 1.6444641352e+00 2.3445346355e+00 -4.6390867233e-01 -5.2301758528e-01 -1.1964213848e+00 -9.9140918255e-01 -9.7712647915e-01 -1.1407052279e+00 -1.1954568624e+00 -1.2514567375e+00 -9.9680912495e-01 -9.4452196360e-01 -1.0412514210e+00 -7.8184193373e-01 -1.2029286623e+00 -1.1015211344e+00 -1.0318213701e+00 -1.0218949318e+00 -5.9571206570e-01 -1.0501610488e-01 -1.4624048471e+00 3.6579450965e-01 -7.7256286144e-01 1.0787529945e+00 -8.1295907497e-01 -5.8528000116e-01 -8.6551666260e-01 -4.2281007767e-01 -1.1047183275e+00 -1.1146950722e+00 -8.5301434994e-01 -4.2281007767e-01 2.7184072137e-01 -8.1204247475e-01 -9.4452196360e-01 -1.0073529482e+00 4.9602285028e-01 -9.2686623335e-01 -9.3124020100e-01 -9.5790737867e-01 -6.5166556835e-01 6.0740027577e-02 -1.6315363348e-02 1.8787456751e+00 1.3633706570e+00 1.3426895142e+00 1.2862805128e+00 5.5617660284e-01 5.3450644016e-01 -1.3523072004e+00 2.0487885177e-01 -1.1027911901e+00
-1.2683770061e-01 -1.1637462378e+00 -1.3119499683e+00 -1.5145905018e+00 -1.3048653603e+00 -9.2901575565e-01 -7.8105258942e-01 -7.1928602457e-01 -6.7088496685e-01 -6.9358640909e-01 -7.6256054640e-01 -1.0502469540e-01 1.3569279909e+00 1.9056992531e+00 -1.9549127817e+00 -3.3046627045e+00 -1.3256921768e+00 -5.1994585991e-01 -4.2530831695e-01 1.8944430351e-01 6.0134363174e-01 3.7750422955e-01 1.5735939145e-01 -7.4462957680e-02 1.6350953579e+00 2.3722593784e+00 -4.6929922700e-01 -5.2396148443e-01 -1.2069090605e+00 -9.8040950298e-01 -9.9066621065e-01 -1.1217516661e+00 -1.3017292023e+00 -1.0393955708e+00 -9.6167314053e-01 -1.0492448807e+00 -7.8405612707e-01 -1.1975513697e+00 -1.1195256710e+00 -1.0503584146e+00 -1.0325366259e+00 -6.2732571363e-01 -2.2138282657e-01 -1.2422306538e+00 4.1916823387e-01 -8.6757695675e-01 9.2412978411e-01 -8.4703111649e-01 -6.2116259336e-01 -8.9909356833e-01 -4.6452343464e-01 -6.5971726179e-01 -9.3992948532e-01 -9.4574332237e-01 -4.6452343464e-01 1.7489925027e-01 -8.1603753567e-01 -9.6167314053e-01 -1.0363745689e+00 5.4768949747e-01 -8.8575053215e-01 -9.4981908798e-01 -9.7639721632e-01 -6.8264400959e-01 4.6052110195e-01 4.2742606252e-02 1.8764126301e+00 -1.0502469540e-01 -9.6848525107e-02 1.2590981722e+00 5.3681296110e-01 5.7286787033e-01 -1.4915626049e+00 1.7068742216e-01 -9.7302401066e-01
-1.2683770061e-01 -1.1751061678e+00 -1.1633508205e+00 -1.3122730255e+00 -1.5165770054e+00 -1.3074543476e+00 -9.3444728851e-01 -7.8027743101e-01 -7.2053420544e-01 -6.7084378004e-01 -6.9239550829e-01 -1.6149737835e+00 -1.0595276952e-01 1.3612127304e+00 1.9284895658e+00 -1.9410552979e+00 -3.3734338284e+00 -1.3145397902e+00 -5.2585339546e-01 -4.2769423127e-01 1.8735007942e-01 5.9883010387e-01 -5.7245874405e-01 1.6048169136e-01 -7.3799304664e-02 1.6564617157e+00 2.3920843601e+00 -4.7075521946e-01 -5.2302420139e-01 -1.1924593449e+00 -9.9396842718e-01 -9.7358858585e-01 -1.3119082451e+00 -1.1071977615e+00 -9.9057507515e-01 -1.0597046614e+00 -7.8698360920e-01 -1.2540731430e+00 -1.1673587561e+00 -1.0847804546e+00 -1.0503686666e+00 -7.5631588697e-01 -3.4258729219e-01 -1.2942402363e+00 5.3516888618e-01 -1.0742505789e+00 1.3298501968e+00 -1.3432965279e+00 -1.1379973888e+00 -1.3936283588e+00 -1.1205580235e+00 -7.1382099390e-01 -1.1043421030e+00 -1.4264420271e+00 -1.1205580235e+00 1.9832596183e-01 -8.1395745277e-01 -9.9057507515e-01 -1.0940772295e+00 6.6921252012e-01 -1.3008302450e+00 -9.6878463030e-01 -1.0076851845e+00 -7.3210924864e-01 -2.3946085572e-01 -5.1324701309e-01 1.8177396059e+00 -1.6149737835e+00 -1.6087338924e+00 1.2701652050e+00 6.0395187140e-01 -1.6923696995e+00 -1.4158800840e+00 1.0261055082e-01 -1.1006599665e+00
-1.2683770061e-01 -1.3537658453e+00 -1.1747021675e+00 -1.1636312008e+00 -1.3141596317e+00 -1.5194206238e+00 -1.3137876987e+00 -9.3327403069e-01 -7.8156054020e-01 -7.2046411037e-01 -6.6969496012e-01 -1.3474439383e+00 -1.6102312803e+00 -1.0965940356e-01 1.3804787397e+00 1.9122828245e+00 -1.9733389616e+00 -3.3129522800e+00 -1.3286039829e+00 -5.2769166231e-01 -4.3364855647e-01 1.8610183895e-01 3.9549165964e-01 -5.7229888439e-01 1.5977410972e-01 -6.7749254405e-02 1.6699229479e+00 2.3633513451e+00 -4.6891400218e-01 -5.1952314377e-01 -1.2072575092e+00 -9.7684949636e-01 -1.3087922335e+00 -1.1920562983e+00 -1.0238710642e+00 -1.0714857578e+00 -7.9107213020e-01 -1.3407425880e+00 -1.2334725857e+00 -1.1303095818e+00 -1.0737020969e+00 -9.3943685293e-01 -4.7945874929e-01 -1.4626739025e+00 7.2922903299e-01 -1.2826422453e+00 2.1080112457e+00 -1.6819747686e+00 -1.4657046795e+00 -1.7432073355e+00 -1.6017487049e+00 -1.1343309879e+00 -1.3829632998e+00 -1.9032180309e+00 -1.6017487049e+00 2.4346956611e-01 -7.9619479179e-01 -1.0238710642e+00 -1.1758897305e+00 8.6973226070e-01 -1.5036164522e+00 -1.0000950098e+00 -1.0437642336e+00 -7.8972560167e-01 -2.1328461170e-01 -9.9191653728e-01 1.7607380152e+00 -1.3474439383e+00 -1.3384641409e+00 1.2562431097e+00 6.4843159914e-01 -6.2965929508e-01 -1.2668937445e+00 2.3251222447e-02 -1.3354884386e+00
-1.2683770061e-01 -1.4993780851e+00 -1.3532276154e+00 -1.1749857664e+00 -1.1654444933e+00 -1.3167598248e+00 -1.5262590647e+00 -1.3116300106e+00 -9.3464487791e-01 -7.8145492077e-01 -7.1922355890e-01 7.2654801607e-01 -1.3437061310e+00 -1.6221555471e+00 -9.9914185703e-02 1.3685145378e+00 1.9831064939e+00 -1.9465851784e+00 -3.3475306034e+00 -1.3260695934e+00 -5.3427147865e-01 -4.3299883604e-01 8.2227414846e-01 3.9958056808e-01 -5.6872963905e-01 1.6791759431e-01 -6.9617651403e-02 1.6480740309e+00 2.4133431911e+00 -4.6627917886e-01 -5.3038847446e-01 -1.1874717474e+00 -1.3308122158e+00 -1.2640439272e+00 -1.0504442453e+00 -1.0801831484e+00 -7.9427689314e-01 -1.3724638224e+00 -1.2732157707e+00 -1.1638506651e+00 -1.0928217173e+00 -1.0232175589e+00 -6.0721439123e-01 -1.3646709919e+00 9.0942776203e-01 -1.3847359419e+00 1.8542779684e+00 -1.3399415016e+00 -1.0617560148e+00 -1.4300547838e+00 -1.3222280741e+00 -1.4402618408e+00 -1.0855401754e+00 -1.8689113855e+00 -1.3222281933e+00 1.7779169977e-01 -7.9248321056e-01 -1.0504442453e+00 -1.2307374477e+00 9.9030727148e-01 -1.1548756361e+00 -1.0288596153e+00 -1.0710215569e+00 -7.4966859818e-01 5.7517983019e-02 -8.5293138027e-01 1.7822268009e+00 7.2654801607e-01 7.2202247381e-01 1.3679915667e+00 6.8469178677e-01 5.8487105370e-01 -1.2500272989e+00 -4.2530905455e-02 -1.3304280043e+00
-1.2683770061e-01 -1.4219245911e+00 -1.4987303019e+00 -1.3535624743e+00 -1.1768047810e+00 -1.1678658724e+00 -1.3231153488e+00 -1.5235500336e+00 -1.3132178783e+00 -9.3445003033e-01 -7.8010159731e-01 1.8980801105e-01 7.2249692678e-01 -1.3541743755e+00 -1.6222007275e+00 -1.0041765869e-01 1.4247881174e+00 1.9145514965e+00 -1.9671373367e+00 -3.3339991570e+00 -1.3376432657e+00 -5.3331416845e-01 -9.7113654017e-02 8.2809543610e-01 3.9747750759e-01 -5.6711554527e-01 1.6814447939e-01 -7.4883759022e-02 1.6859135628e+00 2.3698348999e+00 -4.7683334351e-01 -5.1906573772e-01 -1.3785916567e+00 -1.3277660608e+00 -1.0765417814e+00 -1.0875164270e+00 -7.9757595062e-01 -1.3866633177e+00 -1.3019067049e+00 -1.1921569109e+00 -1.1103131771e+00 -1.0637754202e+00 -7.1825772524e-01 -1.1849995852e+00 1.0196599960e+00 -1.0973353386e+00 1.6703418493e+00 -1.2487128973e+00 -9.5075130463e-01 -1.3471299410e+00 -1.2476904392e+00 -1.4856079817e+00 -8.6374276876e-01 -1.8690398932e+00 -1.2476904392e+00 8.5228644311e-02 -7.9732632637e-01 -1.0765417814e+00 -1.2761317492e+00 1.0764315128e+00 -9.9922031164e-01 -1.0553935766e+00 -1.0908377171e+00 -7.2003513575e-01 -3.1672585011e-01 -8.0088603497e-01 1.7864226103e+00 1.8980801105e-01 1.9458073378e-01 1.4018044472e+00 6.8736660480e-01 -9.2902529240e-01 -1.3423601389e+00 -1.1133446544e-01 -1.2564816475e+00
-1.2683770061e-01 -1.4012706280e+00 -1.4213351011e+00 -1.4991068840e+00 -1.3554694653e+00 -1.1792397499e+00 -1.1738665104e+00 -1.3209334612e+00 -1.5252594948e+00 -1.3128025532e+00 -9.3281406164e-01 -1.3174700737e+00 1.8777269125e-01 7.2331601381e-01 -1.3524849415e+00 -1.6109189987e+00 -8.3449676633e-02 1.3696826696e+00 1.9336342812e+00 -1.9611247778e+00 -3.3581321239e+00 -1.3342305422e+00 -6.4287871122e-01 -9.5024287701e-02 8.2349145412e-01 4.0775147080e-01 -5.7342368364e-01 1.6061180830e-01 -6.6316790879e-02 1.6540509462e+00 2.3758552074e+00 -4.6618020535e-01 -1.4525465965e+00 -1.3903369904e+00 -1.1114257574e+00 -1.0961482525e+00 -8.0195522308e-01 -1.4437290430e+00 -1.3515936136e+00 -1.2317441702e+00 -1.1331425905e+00 -1.1715221405e+00 -8.3057385683e-01 -1.1986829042e+00 1.1963294744e+00 -1.3094403744e+00 2.3307089806e+00 -1.6003199816e+00 -1.3503688574e+00 -1.6934168339e+00 -1.6072964668e+00 -1.4875867367e+00 -1.0499618053e+00 -2.1132814884e+00 -1.6072964668e+00 1.3494211435e-01 -7.9920232296e-01 -1.1114257574e+00 -1.3413974047e+00 1.2103978395e+00 -1.2129019499e+00 -1.0860368013e+00 -1.1253955364e+00 -7.5406104326e-01 -6.2716776133e-01 -1.1179138422e+00 1.7535101175e+00 -1.3174700737e+00 -1.3082482815e+00 1.4020696878e+00 7.2015565634e-01 -5.2706480026e-01 -1.5077804327e+00 -2.0736880600e-01 -1.3592733145e+00
-1.2683770061e-01 -1.5427526236e+00 -1.4006966352e+00 -1.4216893911e+00 -1.5010857582e+00 -1.3581193686e+00 -1.1852675676e+00 -1.1720719337e+00 -1.3225266933e+00 -1.5247206688e+00 -1.3104672432e+00 1.0632891655e+00 -1.3138448000e+00 1.8567061424e-01 7.3845303059e-01 -1.3432912827e+00 -1.6343688965e+00 -1.0222236067e-01 1.3831723928e+00 1.9183992147e+00 -1.9766706228e+00 -3.3485438824e+00 -4.1289594769e-01 -6.4300471544e-01 -9.4240635633e-02 8.3758354187e-01 4.1011065245e-01 -5.7388705015e-01 1.7317979038e-01 -7.0127293468e-02 1.6558880806e+00 2.3508410454e+00 -1.4679186344e+00 -1.4032070637e+00 -1.1392161846e+00 -1.1018955708e+00 -8.0519747734e-01 -1.4439016581e+00 -1.3713909388e+00 -1.2564412355e+00 -1.1502833366e+00 -1.1716195345e+00 -9.2044800520e-01 -9.5741218328e-01 1.3177710772e+00 -1.1660373211e+00 1.9838225842e+00 -1.1052733660e+00 -7.3165506124e-01 -1.2463901043e+00 -1.2066268921e+00 -1.4463535547e+00 -7.9629325867e-01 -1.6856435537e+00 -1.2066268921e+00 1.0976361483e-01 -8.1420278549e-01 -1.1392161846e+00 -1.3799127340e+00 1.2649443150e+00 -8.5845631361e-01 -1.1155916452e+00 -1.1539791822e+00 -7.3007953167e-01 -4.5681285858e-01 -1.1291701794e+00 1.7723162174e+00 1.0632891655e+00 1.0509080887e+00 9.7181195021e-01 7.8714400530e-01 7.7118313313e-01 -1.4582623243e+00 -2.8779897094e-01 -1.2270516157e+00
-1.2683770061e-01 -1.4301865101e+00 -1.5420722961e+00 -1.4010450840e+00 -1.4236301184e+00 -1.5039106607e+00 -1.3645733595e+00 -1.1834434271e+00 -1.1735798120e+00 -1.3221058846e+00 -1.5219936371e+00 -8.1190139055e-01 1.0579735041e+00 -1.3241499662e+00 1.9732747972e-01 7.3145914078e-01 -1.3595800400e+00 -1.6157807112e+00 -1.0384193808e-01 1.3709356785e+00 1.9271194935e+00 -1.9713048935e+00 -9.3880963326e-01 -4.1208836436e-01 -6.3902276754e-01 -8.8373795152e-02 8.4376430511e-01 4.0027132630e-01 -5.7379800081e-01 1.6553509235e-01 -7.8366339207e-02 1.6398756504e+00 -1.4714505672e+00 -1.4034161568e+00 -1.1742067337e+00 -1.1068936586e+00 -8.0913484097e-01 -1.4732015133e+00 -1.4036610126e+00 -1.2873555422e+00 -1.1704467535e+00 -1.2121682167e+00 -1.0011842251e+00 -8.5917079449e-01 1.3571711779e+00 -8.8284885883e-01 1.5363802910e+00 -1.3291709423e+00 -1.0095289946e+00 -1.4603956938e+00 -1.5001125336e+00 -1.5363887548e+00 -7.6692932844e-01 -1.5454051495e+00 -1.5001125336e+00 1.4602960646e-01 -8.3633577824e-01 -1.1742067337e+00 -1.4251648188e+00 1.3213564157e+00 -9.6750307083e-01 -1.1433200836e+00 -1.1888914108e+00 -7.5672382116e-01 -8.1164765358e-01 -1.1505639553e+00 1.7564536333e+00 -8.1190139055e-01 -8.0055874586e-01 7.5858938694e-01 7.7816927433e-01 -1.4975396395e+00 -1.3300353289e+00 -3.9683675766e-01 -1.2227303982e+00
-1.2683770061e-01 -1.5169347525e+00 -1.4295907021e+00 -1.5424612761e+00 -1.4029755592e+00 -1.4263619184e+00 -1.5107121468e+00 -1.3622839451e+00 -1.1849577427e+00 -1.1732457876e+00 -1.3197534084e+00 1.5327642858e-01 -8.1017482281e-01 1.0606251955e+00 -1.3222661018e+00 1.9452285767e-01 7.7068644762e-01 -1.3476114273e+00 -1.6329371929e+00 -1.0797888041e-01 1.3762315512e+00 1.9205538034e+00 -7.9939073324e-01 -9.4013684988e-01 -4.0945419669e-01 -6.3803869486e-01 -9.0425550938e-02 8.2979100943e-01 4.1691106558e-01 -5.6948405504e-01 1.5867327154e-01 -7.2695277631e-02 -1.4872386456e+00 -1.4224594831e+00 -1.2096730471e+00 -1.1114741564e+00 -8.1327921152e-01 -1.4871758223e+00 -1.4270023108e+00 -1.3136936426e+00 -1.1891155243e+00 -1.2192873955e+00 -1.0673245192e+00 -7.0225435495e-01 1.3984755278e+00 -1.0212302208e+00 1.3352245092e+00 -1.2548319101e+00 -9.1126281023e-01 -1.3943289518e+00 -1.4079198837e+00 -1.4652740955e+00 -7.6561123133e-01 -5.4366946220e-01 -1.4079197645e+00 1.0017748922e-01 -8.7063997984e-01 -1.2096730471e+00 -1.4591851234e+00 1.3320449591e+00 -8.4793424606e-01 -1.1754906178e+00 -1.2228666544e+00 -7.1993136406e-01 -1.1442219019e+00 -1.1572798491e+00 1.7606743574e+00 1.5327642858e-01 1.5853679180e-01 4.4418552518e-01 7.7570796013e-01 -6.6761898994e-01 -1.2508934736e+00 -5.0904881954e-01 -1.1581496000e+00
-1.2683770061e-01 -1.5004110336e+00 -1.5162738562e+00 -1.4299474955e+00 -1.5444614887e+00 -1.4056825638e+00 -1.4329785109e+00 -1.5080435276e+00 -1.3639008999e+00 -1.1846171618e+00 -1.1711684465e+00 1.3489874601e+00 1.5137830377e-01 -8.1772845984e-01 1.0779455900e+00 -1.3133064508e+00 2.1938283741e-01 7.3133802414e-01 -1.3620150089e+00 -1.6287449598e+00 -1.1193345487e-01 1.3713495731e+00 -2.6804399490e-01 -8.0015200377e-01 -9.3442082405e-01 -4.0641251206e-01 -6.4497739077e-01 -9.5493301749e-02 8.5372817516e-01 4.0536439419e-01 -5.8064138889e-01 1.6138060391e-01 -1.4783060551e+00 -1.4420263767e+00 -1.2382575274e+00 -1.1157019138e+00 -8.1672459841e-01 -1.4481981993e+00 -1.4195041656e+00 -1.3233418465e+00 -1.2009388208e+00 -1.1206040382e+00 -1.0987306833e+00 -3.2883018255e-01 1.3621667624e+00 -7.1436548233e-01 9.9623471498e-01 -6.4266145229e-01 -1.3537654281e-01 -8.4456706047e-01 -3.9167276025e-01 -1.1745918989e+00 -5.6044566631e-01 4.3875148892e-01 -3.9167276025e-01 1.0555054247e-01 -9.1694486141e-01 -1.2382575274e+00 -1.4679832458e+00 1.2665966749e+00 -4.5755532384e-01 -1.2040792704e+00 -1.2545081377e+00 -6.8886196613e-01 -9.4301098585e-01 -7.9789090157e-01 1.7915689945e+00 1.3489874601e+00 1.3287318945e+00 4.4032847881e-01 8.6757755280e-01 1.4540783167e+00 -1.0969338417e+00 -5.9762531519e-01 -8.9009612799e-01
-1.2683770061e-01 -1.3568638563e+00 -1.4997625351e+00 -1.5166554451e+00 -1.4318921566e+00 -1.5473386049e+00 -1.4122499228e+00 -1.4305115938e+00 -1.5097440481e+00 -1.3634560108e+00 -1.1825187206e+00 3.5510867834e-02 1.3425986767e+00 1.4907740057e-01 -8.1256651878e-01 1.0683233738e+00 -1.3287928104e+00 1.9331505895e-01 7.3827505112e-01 -1.3592985868e+00 -1.6422119141e+00 -1.1226698756e-01 -5.6769448519e-01 -2.6664844155e-01 -7.9525285959e-01 -9.3608421087e-01 -4.1129186749e-01 -6.4475864172e-01 -8.7276481092e-02 8.3518832922e-01 3.9990416169e-01 -5.6869029999e-01 -1.4400820732e+00 -1.4600231647e+00 -1.2689074278e+00 -1.1202597618e+00 -8.2023167610e-01 -1.4208227396e+00 -1.4126043320e+00 -1.3316636086e+00 -1.2121229172e+00 -1.0274411440e+00 -1.1035523415e+00 -4.3025251478e-02 1.3024288416e+00 -5.9295922518e-01 9.0324133635e-01 -6.2579935789e-01 -1.1470550299e-01 -8.2930517197e-01 -1.8907436728e-01 -7.0696383715e-01 -3.9571234584e-01 -1.1510341614e-01 -1.8907436728e-01 -1.8107458949e-02 -9.7771048546e-01 -1.2689074278e+00 -1.4663213491e+00 1.1515578032e+00 -3.9116054773e-01 -1.2359169722e+00 -1.2806164026e+00 -6.6459310055e-01 -1.1035739183e+00 -1.8216107786e-01 1.7922503948e+00 3.5510867834e-02 4.2216427624e-02 4.4353035092e-01 8.5626804829e-01 -6.1232905835e-02 -8.1258404255e-01 -6.9251233339e-01 -6.9350397587e-01
-1.2683770061e-01 -1.3527330160e+00 -1.3563233614e+00 -1.5001393557e+00 -1.5186429024e+00 -1.4346339703e+00 -1.5542435646e+00 -1.4098367691e+00 -1.4321676493e+00 -1.5092142820e+00 -1.3610271215e+00 6.9348621368e-01 3.4055005759e-02 1.3468053341e+00 1.6049741209e-01 -8.0755287409e-01 1.1165645123e+00 -1.3175657988e+00 1.9472922385e-01 7.2955101728e-01 -1.3710801601e+00 -1.6378682852e+00 -9.2376440763e-01 -5.6751525402e-01 -2.6486310363e-01 -7.9566901922e-01 -9.4567275047e-01 -4.1330087185e-01 -6.4587366581e-01 -9.0751431882e-02 8.3224004507e-01 3.9959537983e-01 -1.4093372822e+00 -1.4522805214e+00 -1.2992914915e+00 -1.1242674589e+00 -8.2376468182e-01 -1.3772104979e+00 -1.3929907084e+00 -1.3317444324e+00 -1.2196580172e+00 -8.9505070448e-01 -1.0785577297e+00 2.7752727270e-01 1.1717001200e+00 -2.5376662612e-01 6.1476516724e-01 -3.1586951017e-01 2.6782914996e-01 -5.5029761791e-01 3.0574414134e-01 -9.5724925399e-02 -2.4619725347e-01 -3.0969992280e-01 3.0574414134e-01 -2.4167178199e-02 -1.0614938736e+00 -1.2992914915e+00 -1.4411753416e+00 9.4237333536e-01 -1.2888021767e-01 -1.2648215294e+00 -1.3126827478e+00 -6.4274501801e-01 -1.1399769783e+00 4.6188300848e-01 1.8034396172e+00 6.9348621368e-01 6.8964833021e-01 2.6489993930e-01 8.6242455244e-01 1.1206651926e+00 -5.6045395136e-01 -7.8835541010e-01 -4.5135331154e-01
-1.2683770061e-01 -1.2773452997e+00 -1.3521955013e+00 -1.3566590548e+00 -1.5021187067e+00 -1.5214890242e+00 -1.4412703514e+00 -1.5514619350e+00 -1.4114809036e+00 -1.4316830635e+00 -1.5065159798e+00 7.5279855728e-01 6.8955928087e-01 3.1113201752e-02 1.3659780025e+00 1.5797792375e-01 -8.0950629711e-01 1.0688840151e+00 -1.3316611052e+00 1.8896594644e-01 7.3083519936e-01 -1.3675652742e+00 -1.0505203009e+00 -9.2503058910e-01 -5.6397390366e-01 -2.6052549481e-01 -8.0400919914e-01 -9.4258749485e-01 -4.1048350930e-01 -6.4040583372e-01 -9.9111013114e-02 8.2652568817e-01 -1.3445231915e+00 -1.4214136600e+00 -1.3266062737e+00 -1.1291562319e+00 -8.2691937685e-01 -1.3203403950e+00 -1.3616367579e+00 -1.3236565590e+00 -1.2233790159e+00 -7.2890836000e-01 -1.0223542452e+00 6.1304819584e-01 9.6694815159e-01 2.2961254418e-01 4.0167263150e-01 4.0833582170e-03 6.3685190678e-01 -2.5796169043e-01 8.4801626205e-01 3.4645387530e-01 1.3981771469e-01 -5.7686265558e-02 8.4801638126e-01 -6.4880073071e-02 -1.1599481106e+00 -1.3266062737e+00 -1.3954778910e+00 6.5999370813e-01 2.1715985239e-01 -1.2900739908e+00 -1.3430870771e+00 -6.1625719070e-01 -1.1172789335e+00 3.8352572918e-01 1.8181607723e+00 7.5279855728e-01 7.4771636724e-01 5.6279033422e-02 8.9101648331e-01 9.5436561108e-01 -1.7901462317e-01 -8.7004774809e-01 -1.7978125811e-01
-1.2683770061e-01 -1.1947278976e+00 -1.2768645287e+00 -1.3525300026e+00 -1.3585675955e+00 -1.5049449205e+00 -1.5283323526e+00 -1.4387818575e+00 -1.5531873703e+00 -1.4110084772e+00 -1.4291280508e+00 8.0085784197e-01 7.4864888191e-01 6.9019836187e-01 4.1769631207e-02 1.3541259766e+00 1.8186002970e-01 -8.1078869104e-01 1.0792860985e+00 -1.3291099072e+00 1.8686872721e-01 7.2792583704e-01 -8.0758202076e-01 -1.0523010492e+00 -9.1940271854e-01 -5.6231719255e-01 -2.6410782337e-01 -8.0227440596e-01 -9.4876265526e-01 -4.0878412127e-01 -6.5197765827e-01 -9.3180574477e-02 -1.2651677132e+00 -1.3893958330e+00 -1.3468276262e+00 -1.1314905882e+00 -8.2940500975e-01 -1.2525471449e+00 -1.3195290565e+00 -1.3075639009e+00 -1.2231727839e+00 -5.3433632851e-01 -9.3498796225e-01 9.4807451963e-01 8.1846946478e-01 1.2979874611e+00 -4.2755365372e-02 3.2423198223e-01 9.7712695599e-01 4.0118847042e-02 7.5589025021e-01 6.8350917101e-01 7.4167829752e-01 6.7640024424e-01 7.5589036942e-01 6.2218267471e-02 -1.2494639158e+00 -1.3468276262e+00 -1.3450491428e+00 3.8270181417e-01 6.8445521593e-01 -1.3012075424e+00 -1.3714756966e+00 -5.6566977501e-01 -1.1313288212e+00 4.2125231028e-01 1.8480643034e+00 8.0085784197e-01 7.9473215342e-01 6.4206354320e-02 9.2409318686e-01 -1.9511294365e-01 2.3399472237e-01 -9.3498855829e-01 1.0916784406e-01
-1.2683770061e-01 -1.1059144735e+00 -1.1943092346e+00 -1.2771774530e+00 -1.3544365168e+00 -1.3612211943e+00 -1.5117487907e+00 -1.5256179571e+00 -1.4404426813e+00 -1.5526323318e+00 -1.4084916115e+00 -1.2274762243e-01 7.9652768373e-01 7.4961078167e-01 7.0512104034e-01 4.0169287473e-02 1.4100146294e+00 1.5669615567e-01 -8.1968176365e-01 1.0687044859e+00 -1.3407026529e+00 1.8562194705e-01 4.5425158739e-01 -8.0837649107e-01 -1.0459302664e+00 -9.2093151808e-01 -5.6858265400e-01 -2.6751989126e-01 -8.0606561899e-01 -9.3844568729e-01 -4.1900229454e-01 -6.3913464546e-01 -1.2173882723e+00 -1.3608305454e+00 -1.3646136522e+00 -1.1332957745e+00 -8.3228826523e-01 -1.2118684053e+00 -1.2875640392e+00 -1.2943310738e+00 -1.2235457897e+00 -3.8372009993e-01 -8.3227092028e-01 1.1131091118e+00 6.8059659004e-01 9.1422808170e-01 -3.0427536368e-01 2.6655864716e-01 8.7247037888e-01 -6.6048037261e-03 6.8620961905e-01 8.1921559572e-01 8.9717209339e-01 1.0600854158e+00 6.8620961905e-01 8.6675949395e-02 -1.3367625475e+00 -1.3646136522e+00 -1.2921477556e+00 1.0305430740e-01 8.6941301823e-01 -1.3149045706e+00 -1.3940672874e+00 -6.1195504665e-01 -1.0374794006e+00 -1.3122582436e-01 1.8439750671e+00 -1.2274762243e-01 -1.1440567672e-01 8.0969147384e-02 9.1933453083e-01 -2.4148501456e-01 5.0558650494e-01 -9.9296873808e-01 2.6325911283e-01
-1.2683770061e-01 -1.1193394661e+00 -1.1055625677e+00 -1.1945985556e+00 -1.2790467739e+00 -1.3570851088e+00 -1.3676825762e+00 -1.5090774298e+00 -1.5273286104e+00 -1.4399533272e+00 -1.5498536825e+00 5.9883463383e-01 -1.2360914052e-01 7.9775118828e-01 7.6491802931e-01 6.9838517904e-01 6.0899082571e-02 1.3552651405e+00 1.5773442388e-01 -8.1991952658e-01 1.0721100569e+00 -1.3372806311e+00 2.2899131477e-01 4.5857900381e-01 -8.0342942476e-01 -1.0485931635e+00 -9.3038529158e-01 -5.6909215450e-01 -2.6222574711e-01 -7.9803323746e-01 -9.5175933838e-01 -4.0907222033e-01 -1.1569367647e+00 -1.3111295700e+00 -1.3711247444e+00 -1.1350799799e+00 -8.3471131325e-01 -1.1621664762e+00 -1.2489737272e+00 -1.2757261992e+00 -1.2210458517e+00 -2.1882499754e-01 -7.1416139603e-01 1.2785913944e+00 5.6265169382e-01 7.8975290060e-01 -4.5719915628e-01 5.1187652349e-01 1.1394259930e+00 2.1954749525e-01 1.0346174240e+00 8.8577324152e-01 1.3052618504e+00 1.0205503702e+00 1.0346173048e+00 3.5706069320e-02 -1.3702825308e+00 -1.3711247444e+00 -1.2712216377e+00 -5.9467051178e-03 1.3305594921e+00 -1.3260557652e+00 -1.4016857147e+00 -5.8660221100e-01 -7.1619367599e-01 4.0704286098e-01 1.8551939726e+00 5.9883463383e-01 5.9688222408e-01 -2.6305547357e-01 8.8365364075e-01 3.0019673705e-01 7.8388106823e-01 -1.0102938414e+00 4.3839725852e-01
-1.2683770061e-01 -1.0522137880e+00 -1.1189775467e+00 -1.1058263779e+00 -1.1964271069e+00 -1.2816047668e+00 -1.3635367155e+00 -1.3653851748e+00 -1.5107785463e+00 -1.5267885923e+00 -1.4373829365e+00 -8.9268445969e-01 5.9526312351e-01 -1.2741222978e-01 8.1336998940e-01 7.5771921873e-01 7.3672747612e-01 3.8649108261e-02 1.3686068058e+00 1.5217265487e-01 -8.2832717896e-01 1.0681576729e+00 -8.6701059341e-01 2.3240438104e-01 4.5613163710e-01 -8.0391883850e-01 -1.0591819286e+00 -9.2744576931e-01 -5.6892168522e-01 -2.6289987564e-01 -8.1052619219e-01 -9.3516814709e-01 -1.1318001747e+00 -1.2829825878e+00 -1.3633956909e+00 -1.1392413378e+00 -8.3787852526e-01 -1.1627326012e+00 -1.2359598875e+00 -1.2687897682e+00 -1.2229101658e+00 -1.4936903119e-01 -6.0453718901e-01 1.1873679161e+00 4.0322977304e-01 5.4713153839e-01 -2.8708469868e-01 6.6926509142e-02 3.5313260555e-01 -1.3786846399e-01 5.1468425989e-01 7.9973864555e-01 8.3834528923e-01 6.8351799250e-01 5.1468437910e-01 7.2868584539e-05 -1.3531553745e+00 -1.3633956909e+00 -1.2734415531e+00 3.1941883266e-02 7.5588434935e-01 -1.3376811743e+00 -1.3730843067e+00 -6.1025649309e-01 -8.5007268190e-01 6.9092935324e-01 1.8397057056e+00 -8.9268445969e-01 -8.8143336773e-01 -1.1971926689e-01 4.8472210765e-01 -1.1610012054e+00 8.5696899891e-01 -9.6791785955e-01 3.9785420895e-01
6.3727507591e+00 -1.1523863077e+00 -1.0519022942e+00 -1.1192451715e+00 -1.1076111794e+00 -1.1988856792e+00 -1.2878764868e+00 -1.3612500429e+00 -1.3670037985e+00 -1.5102481842e+00 -1.5240577459e+00 -2.6285871863e-01 -8.9065444469e-01 5.9538716078e-01 -1.1778192967e-01 8.0579608679e-01 7.9764920473e-01 6.9819712639e-01 3.8475595415e-02 1.3564493656e+00 1.4984530210e-01 -8.2647114992e-01 -9.5594447851e-01 -8.6804634333e-01 2.3127703369e-01 4.6693122387e-01 -8.1233233213e-01 -1.0550146103e+00 -9.3336367607e-01 -5.6468576193e-01 -2.7226549387e-01 -7.9570084810e-01 -1.1290994883e+00 -1.2489769459e+00 -1.3462977409e+00 -1.1443721056e+00 -8.4096294641e-01 -1.1728383303e+00 -1.2306697369e+00 -1.2653710842e+00 -1.2259320021e+00 -1.1086478084e-01 -5.0844639540e-01 1.0418705940e+00 1.9834229350e-01 3.4407800436e-01 5.8960981667e-02 -5.6029800326e-02 1.4936037362e-01 -2.3790121078e-01 3.6459615827e-01 6.8502396345e-01 4.8388132453e-01 1.0138826370e+00 3.6459615827e-01 -5.0557188690e-02 -1.3440984488e+00 -1.3462977409e+00 -1.2495741844e+00 -6.3568830956e-04 5.4693585634e-01 -1.3406835794e+00 -1.3490612507e+00 -6.3985878229e-01 -1.1733771861e-01 1.6716280580e-01 1.8340389729e+00 -2.6285871863e-01 -2.5336179137e-01 -2.4168895185e-01 2.9889842868e-01 2.7201598883e-01 7.9836910963e-01 -8.8832914829e-01 3.2340696454e-01
-1.2683770061e-01 -1.1813029051e+00 -1.1519994736e+00 -1.0521506071e+00 -1.1210366488e+00 -1.1099629402e+00 -1.2049603462e+00 -1.2857860327e+00 -1.3628662825e+00 -1.3665572405e+00 -1.5075479746e+00 -6.6488093138e-01 -2.6319402456e-01 -8.9864778519e-01 6.0969609022e-01 -1.1814707518e-01 8.4701251984e-01 7.5765126944e-01 7.0479398966e-01 3.3563442528e-02 1.3616547585e+00 1.4871168137e-01 -6.4450860023e-01 -9.5734125376e-01 -8.6275094748e-01 2.4006138742e-01 4.6981656551e-01 -8.1051826477e-01 -1.0630998611e+00 -9.2329323292e-01 -5.7581508160e-01 -2.6417008042e-01 -1.1590137482e+00 -1.2240742445e+00 -1.3433333635e+00 -1.1513525248e+00 -8.4481847286e-01 -1.2042438984e+00 -1.2399260998e+00 -1.2695212364e+00 -1.2319579124e+00 -1.2485223264e-01 -4.3462213874e-01 8.0248689651e-01 5.8579336852e-02 7.5247190893e-02 2.1006400883e-01 -3.6100134254e-01 -3.3520692587e-01 -4.8763558269e-01 -1.5975330025e-02 3.1029292941e-01 2.2014519572e-01 4.8253774643e-01 -1.5975330025e-02 -5.1959395409e-02 -1.3404585123e+00 -1.3433333635e+00 -1.2475026846e+00 2.0655330736e-03 1.6204522550e-01 -1.3365750313e+00 -1.3407889605e+00 -6.6945242882e-01 -5.1805388927e-01 -2.9401201010e-01 1.8196214437e+00 -6.6488093138e-01 -6.5361166000e-01 -1.2502297759e-01 1.6433231533e-01 -6.2967026234e-01 6.6170823574e-01 -8.5337275267e-01 1.7173095047e-01
-1.2683770061e-01 -1.2546254396e+00 -1.1808943748e+00 -1.1522765160e+00 -1.0539089441e+00 -1.1234045029e+00 -1.1158256531e+00 -1.2030850649e+00 -1.2873591185e+00 -1.3624221087e+00 -1.3641225100e+00 2.7981036901e-01 -6.6370648146e-01 -2.6775965095e-01 -8.9400959015e-01 6.0369896889e-01 -1.0165348649e-01 8.0582547188e-01 7.6485842466e-01 6.9625234604e-01 3.0494203791e-02 1.3568172455e+00 -6.4496833086e-01 -6.4464122057e-01 -9.5152479410e-01 -8.6377209425e-01 2.4092967808e-01 4.5940810442e-01 -8.1444948912e-01 -1.0509524345e+00 -9.3651837111e-01 -5.6392437220e-01 -1.1799955368e+00 -1.2105766535e+00 -1.3464035988e+00 -1.1590595245e+00 -8.4871733189e-01 -1.2147574425e+00 -1.2417597771e+00 -1.2702151537e+00 -1.2364282608e+00 -1.1450032145e-01 -3.7330675125e-01 6.6800612211e-01 -7.2241373360e-02 -1.1355844140e-01 1.5201846138e-02 -2.1985605359e-01 -1.1401314288e-01 -3.6851561069e-01 6.0914750211e-03 1.2888529897e-01 3.3182662725e-01 8.1890356541e-01 6.0914750211e-03 -8.9517317712e-02 -1.3477998972e+00 -1.3464035988e+00 -1.2460842133e+00 -1.5115640126e-02 3.3906492591e-01 -1.3427559137e+00 -1.3372536898e+00 -6.4287275076e-01 -7.5143641233e-01 1.7701341212e-01 1.8251448870e+00 2.7981036901e-01 2.8330239654e-01 -3.1674087048e-01 6.9797627628e-02 -3.8136115670e-01 5.8689069748e-01 -8.3769214153e-01 1.1720529944e-01
-1.2683770061e-01 -1.2236437798e+00 -1.2541618347e+00 -1.1811797619e+00 -1.1540843248e+00 -1.0561962128e+00 -1.1292992830e+00 -1.1141817570e+00 -1.2046107054e+00 -1.2869588137e+00 -1.3599950075e+00 -1.0998705626e+00 2.7743706107e-01 -6.7045998573e-01 -2.5903782248e-01 -8.8836544752e-01 6.3950771093e-01 -1.1998765916e-01 8.1352710724e-01 7.5598961115e-01 6.9732820988e-01 2.9725361615e-02 -8.0277591944e-01 -6.4510279894e-01 -6.4064973593e-01 -9.5334148407e-01 -8.7271773815e-01 2.3270313442e-01 4.7705256939e-01 -8.0628287792e-01 -1.0649236441e+00 -9.2011773586e-01 -1.2387845516e+00 -1.2097392082e+00 -1.3550850153e+00 -1.1687263250e+00 -8.5330355167e-01 -1.2624166012e+00 -1.2656455040e+00 -1.2827802896e+00 -1.2458688021e+00 -1.8024620414e-01 -3.3858251572e-01 3.8212770224e-01 -8.4851197898e-02 -4.0774291754e-01 6.0928362608e-01 -7.0469629765e-01 -8.2793515921e-01 -7.7033597231e-01 -6.8730270863e-01 -2.4631164968e-01 -1.6223280132e-01 4.3210774660e-01 -6.8730258942e-01 -4.8373457044e-02 -1.3618853092e+00 -1.3550850153e+00 -1.2487331629e+00 -3.6863278598e-02 -2.3746880889e-01 -1.3456708193e+00 -1.3488848209e+00 -6.7555534840e-01 -9.8098790646e-01 -2.6355069876e-01 1.7987633944e+00 -1.0998705626e+00 -1.0892832279e+00 -1.2638321519e-01 1.2901942432e-01 -5.8257764578e-01 3.7757542729e-01 -8.3547389507e-01 -7.9177610576e-02
-1.2683770061e-01 -1.3444710970e+00 -1.2232034206e+00 -1.2544682026e+00 -1.1830017567e+00 -1.1564919949e+00 -1.0619307756e+00 -1.1276203394e+00 -1.1156563759e+00 -1.2042585611e+00 -1.2846713066e+00 7.4989551306e-01 -1.0970624685e+00 2.7582478523e-01 -6.6434478760e-01 -2.5830939412e-01 -8.9248126745e-01 6.0331934690e-01 -1.2178959697e-01 8.0439317226e-01 7.5743913651e-01 6.9452124834e-01 -4.8323231936e-01 -8.0355089903e-01 -6.4110863209e-01 -6.3968020678e-01 -9.6308344603e-01 -8.7032794952e-01 2.4649593234e-01 4.6454304457e-01 -8.1882405281e-01 -1.0469175577e+00 -1.2610129118e+00 -1.2082743645e+00 -1.3504267931e+00 -1.1768517494e+00 -8.5748636723e-01 -1.2667417526e+00 -1.2700732946e+00 -1.2860887051e+00 -1.2514650822e+00 -1.7813161016e-01 -3.1034231186e-01 3.1241899729e-01 -1.0581253469e-01 -5.2933722734e-01 3.7151411176e-01 -3.2430365682e-01 -2.3897805810e-01 -4.5219841599e-01 -2.1911214292e-01 -3.1876757741e-01 6.2853455544e-02 2.5348529220e-01 -2.1911214292e-01 -7.3322802782e-02 -1.3571768999e+00 -1.3504267931e+00 -1.2444673777e+00 -3.6672689021e-02 1.6336779296e-01 -1.3478484154e+00 -1.3453495502e+00 -6.4534479380e-01 -3.4695503116e-01 1.6998356581e-01 1.8154890537e+00 7.4989551306e-01 7.4487531185e-01 -1.1606388539e-01 2.1092122421e-02 6.3117331266e-01 2.6599797606e-01 -7.9042077065e-01 -8.5308715701e-02
-1.2683770061e-01 -1.2628866434e+00 -1.3439397812e+00 -1.2235008478e+00 -1.2563263178e+00 -1.1854442358e+00 -1.1624655724e+00 -1.0604267120e+00 -1.1291027069e+00 -1.1153560877e+00 -1.2021238804e+00 5.9114778042e-01 7.4575674534e-01 -1.1061832905e+00 2.8806525469e-01 -6.6047859192e-01 -2.4556624889e-01 -8.9176481962e-01 6.0894227028e-01 -1.2582877278e-01 8.0614548922e-01 7.5444847345e-01 -6.1266291142e-01 -4.8271024227e-01 -7.9863196611e-01 -6.4014321566e-01 -6.4663350582e-01 -9.5983219147e-01 -8.7527537346e-01 2.3767749965e-01 4.5942866802e-01 -8.0389499664e-01 -1.2643364668e+00 -1.2085881233e+00 -1.3349694014e+00 -1.1831055880e+00 -8.6082398891e-01 -1.2477368116e+00 -1.2616423368e+00 -1.2826544046e+00 -1.2540704012e+00 -1.3321983814e-01 -2.7796244621e-01 3.5692399740e-01 -1.7904065549e-01 -2.6864469051e-01 2.1923691034e-01 -4.0134694427e-02 1.6485457122e-01 -2.0942051709e-01 9.4650246203e-02 -2.8717997670e-01 3.3935374022e-01 4.2082667351e-01 9.4650246203e-02 -1.4327111840e-01 -1.3519887924e+00 -1.3349694014e+00 -1.2198965549e+00 -7.8010559082e-02 4.4094109535e-01 -1.3383307457e+00 -1.3274956942e+00 -5.9556102753e-01 1.7416188121e-01 8.0075228214e-01 1.8372371197e+00 5.9114778042e-01 5.8934307098e-01 -1.4398899674e-01 -8.6261719465e-02 8.8263952732e-01 1.8901857734e-01 -7.1285909414e-01 1.5026637120e-03
-1.2683770061e-01 -1.1978259087e+00 -1.2624167204e+00 -1.3442718983e+00 -1.2253438234e+00 -1.2588570118e+00 -1.1914867163e+00 -1.1607005596e+00 -1.0618704557e+00 -1.1287945509e+00 -1.1133857965e+00 3.4318163991e-01 5.8760517836e-01 7.4670284986e-01 -1.1028885841e+00 2.8455814719e-01 -6.5849667788e-01 -2.6043364406e-01 -9.0148907900e-01 6.0092270374e-01 -1.2989500165e-01 8.0300593376e-01 4.1216677427e-01 -6.1266624928e-01 -4.7966387868e-01 -7.9907840490e-01 -6.4710062742e-01 -6.4639896154e-01 -9.6630036831e-01 -8.6613500118e-01 2.3123729229e-01 4.5837563276e-01 -1.2452248335e+00 -1.2140293121e+00 -1.3215241432e+00 -1.1892938614e+00 -8.6326533556e-01 -1.2222118378e+00 -1.2476642132e+00 -1.2757728100e+00 -1.2549473047e+00 -7.2100311518e-02 -2.3873864114e-01 4.3050193787e-01 -2.8592294455e-01 -1.3958111405e-01 4.3210819364e-02 1.2260265648e-01 3.8717234135e-01 -6.9244392216e-02 3.0226299539e-02 -3.1247876585e-02 4.4531467557e-01 3.1547674537e-01 3.0226299539e-02 -1.9184978306e-01 -1.3395497799e+00 -1.3215241432e+00 -1.2064340115e+00 -8.2015030086e-02 5.7727926970e-01 -1.3254061937e+00 -1.3145916462e+00 -5.6279385090e-01 2.5419646502e-01 8.1482380629e-01 1.8455737829e+00 3.4318163991e-01 3.4570434690e-01 -2.1800681949e-01 -1.0534672439e-01 1.0799208879e+00 2.1366988122e-01 -6.4279341698e-01 1.0585851222e-01
-1.2683770061e-01 -1.1596152782e+00 -1.1974049807e+00 -1.2627254725e+00 -1.3461743593e+00 -1.2278370857e+00 -1.2650744915e+00 -1.1896464825e+00 -1.1622018814e+00 -1.0616015196e+00 -1.1267993450e+00 5.0891298056e-01 3.4057033062e-01 5.8768737316e-01 7.6199126244e-01 -1.0956273079e+00 3.1182727218e-01 -6.6341680288e-01 -2.6367726922e-01 -9.0128123760e-01 6.0140228271e-01 -1.3017363846e-01 -4.7880232334e-01 4.1632336378e-01 -6.0886138678e-01 -4.7725149989e-01 -8.0744886398e-01 -6.4686167240e-01 -6.4754188061e-01 -9.5570260286e-01 -8.7902593613e-01 2.3303735256e-01 -1.2209194899e+00 -1.2123552561e+00 -1.3062257767e+00 -1.1921120882e+00 -8.6529082060e-01 -1.1860858202e+00 -1.2257046700e+00 -1.2639342546e+00 -1.2533705235e+00 1.2659248896e-02 -1.8888781965e-01 5.4475182295e-01 -4.3545028567e-01 -1.8507536501e-02 -2.1653471887e-01 3.5966631770e-01 6.9872695208e-01 1.3642206788e-01 4.5935785770e-01 2.1075248718e-01 5.4958003759e-01 2.4255205691e-01 4.5935785770e-01 -1.7614284158e-01 -1.3202365637e+00 -1.3062257767e+00 -1.1962678432e+00 -6.5871231258e-02 7.8883951902e-01 -1.3094431162e+00 -1.3062659502e+00 -5.2606129646e-01 7.8388518095e-01 8.8372105360e-01 1.8593982458e+00 5.0891298056e-01 5.0863760710e-01 -1.8156899512e-01 -9.6661083400e-02 1.4514572620e+00 2.5237584114e-01 -5.7773792744e-01 2.4224038422e-01
-1.2683770061e-01 -1.1028164625e+00 -1.1592229605e+00 -1.1976950169e+00 -1.2645876408e+00 -1.3488130569e+00 -1.2339806557e+00 -1.2630432844e+00 -1.1911643744e+00 -1.1618745327e+00 -1.0597305298e+00 1.1885852814e+00 5.0567924976e-01 3.3930295706e-01 6.0194647312e-01 7.5481510162e-01 -1.1052889824e+00 2.8353255987e-01 -6.7079705000e-01 -2.6694357395e-01 -9.1019785404e-01 5.9888851643e-01 -2.7117839456e-01 -4.7826227546e-01 4.1412258148e-01 -6.0760694742e-01 -4.8276066780e-01 -8.0568128824e-01 -6.4801245928e-01 -6.4204734564e-01 -9.6911710501e-01 -8.6334413290e-01 -1.1455111504e+00 -1.2039843798e+00 -1.2768473625e+00 -1.1928168535e+00 -8.6765706539e-01 -1.1171824932e+00 -1.1830550432e+00 -1.2400634289e+00 -1.2461827993e+00 1.6282244027e-01 -1.1628182977e-01 7.8938955069e-01 -4.6434804797e-01 8.9372789860e-01 -4.5130679011e-01 8.5585814714e-01 1.2604072094e+00 5.8412140608e-01 1.3599359989e+00 6.6206121445e-01 1.2483520508e+00 3.5801318288e-01 1.3599362373e+00 -1.6389751434e-01 -1.2935274839e+00 -1.2768473625e+00 -1.1663827896e+00 -7.6492540538e-02 1.3518785238e+00 -1.2841037512e+00 -1.2773643732e+00 -4.8474314809e-01 1.1959285736e+00 9.8511302471e-01 1.8956081867e+00 1.1885852814e+00 1.1728867292e+00 -5.3071655333e-02 -1.8105202913e-01 1.1289784908e+00 4.4633856416e-01 -4.6915903687e-01 4.9539178610e-01
-1.2683770061e-01 -9.6959632635e-01 -1.1024669409e+00 -1.1595021486e+00 -1.1995252371e+00 -1.2671282291e+00 -1.3552449942e+00 -1.2320301533e+00 -1.2646032572e+00 -1.1908202171e+00 -1.1598181725e+00 -1.6611756384e-01 1.1827989817e+00 5.0531381369e-01 3.5195428133e-01 5.9600937366e-01 7.9466736317e-01 -1.0994461775e+00 2.8587278724e-01 -6.7184579372e-01 -2.7189248800e-01 -9.0809154510e-01 -3.1081892550e-02 -2.6979559660e-01 -4.7524186969e-01 4.2454573512e-01 -6.1427509785e-01 -4.8408833146e-01 -8.0953037739e-01 -6.4251035452e-01 -6.5362876654e-01 -9.5230895281e-01 -1.0902525187e+00 -1.1873480082e+00 -1.2541915178e+00 -1.1942263842e+00 -8.7049603462e-01 -1.0775010586e+00 -1.1516038179e+00 -1.2203012705e+00 -1.2400687933e+00 2.6746743917e-01 -3.5391546786e-02 8.7845259905e-01 -4.6337595582e-01 9.7099286318e-01 -5.8595520258e-01 7.5703978539e-01 1.0877921581e+00 5.0839978456e-01 1.0092960596e+00 1.0112811327e+00 1.2826777697e+00 3.4485781193e-01 1.0092960596e+00 -2.1801981330e-01 -1.2663209438e+00 -1.2541915178e+00 -1.1499329805e+00 -5.8317512274e-02 1.1119180918e+00 -1.2600803375e+00 -1.2529698610e+00 -5.1324403286e-01 9.0798002481e-01 9.9854534864e-01 1.8921808004e+00 -1.6611756384e-01 -1.5738855302e-01 -1.7189703882e-01 -2.1659481525e-01 -8.7680125237e-01 5.8386391401e-01 -3.8241842389e-01 6.0875225067e-01
-1.2683770061e-01 -9.8818522692e-01 -9.6934700012e-01 -1.1027297974e+00 -1.1613135338e+00 -1.2019875050e+00 -1.2733654976e+00 -1.3529797792e+00 -1.2335723639e+00 -1.2642163038e+00 -1.1887103319e+00 8.0744647980e-01 -1.6681618989e-01 1.1861325502e+00 5.1903975010e-01 3.4795257449e-01 6.3161230087e-01 7.5474125147e-01 -1.1113023758e+00 2.7961304784e-01 -6.7932730913e-01 -2.7173709869e-01 -7.0218193531e-01 -2.8724491596e-02 -2.6799190044e-01 -4.7278985381e-01 4.2705422640e-01 -6.1434906721e-01 -4.8247364163e-01 -8.0144250393e-01 -6.5409445763e-01 -6.4076513052e-01 -1.0295934677e+00 -1.1584689617e+00 -1.2223769426e+00 -1.1937853098e+00 -8.7274771929e-01 -1.0201251507e+00 -1.1088426113e+00 -1.1933419704e+00 -1.2302800417e+00 4.0444281697e-01 5.9171959758e-02 1.0254516602e+00 -4.4129642844e-01 9.6828663349e-01 -7.2166776657e-01 1.0776320696e+00 1.4298012257e+00 8.0347168446e-01 1.4580712318e+00 1.3675076962e+00 1.3812931776e+00 4.0745618939e-01 1.4580712318e+00 -2.6476764679e-01 -1.2383930683e+00 -1.2223769426e+00 -1.1165781021e+00 -7.3714569211e-02 1.4453728199e+00 -1.2376903296e+00 -1.2203557491e+00 -4.7962519526e-01 1.4752424955e+00 9.2036169767e-01 1.9122169018e+00 8.0744647980e-01 8.0117517710e-01 -1.5137274563e-01 -2.7128529549e-01 1.4957460165e+00 7.0646911860e-01 -2.6902058721e-01 7.8136539459e-01
-1.2683770061e-01 -8.9627379179e-01 -9.8792189360e-01 -9.6957170963e-01 -1.1045131683e+00 -1.1637297869e+00 -1.2080695629e+00 -1.2713127136e+00 -1.3545913696e+00 -1.2332034111e+00 -1.2619707584e+00 5.9128344059e-01 8.0309158564e-01 -1.7085532844e-01 1.2042652369e+00 5.1374453306e-01 3.7691801786e-01 5.9561413527e-01 7.6191854477e-01 -1.1099516153e+00 2.7808284760e-01 -6.7792659998e-01 -4.3421000242e-01 -7.0254862309e-01 -2.8327791020e-02 -2.6368230581e-01 -4.7825938463e-01 4.1705337167e-01 -6.1494743824e-01 -4.7962173820e-01 -8.1395542622e-01 -6.4122498035e-01 -9.6290999651e-01 -1.1152549982e+00 -1.1879162788e+00 -1.1930150986e+00 -8.7474143505e-01 -9.5894330740e-01 -1.0612270832e+00 -1.1622160673e+00 -1.2179725170e+00 5.5031591654e-01 1.6661314666e-01 1.1638979912e+00 -3.6174035072e-01 1.3501940966e+00 -8.7692493200e-01 1.2958172560e+00 1.6381031275e+00 1.0103917122e+00 1.4175459146e+00 1.3880561590e+00 1.5161213875e+00 8.6361116171e-01 1.4175459146e+00 -2.8829389811e-01 -1.2035048008e+00 -1.1879162788e+00 -1.0850762129e+00 -7.1950167418e-02 1.6180378199e+00 -1.2060285807e+00 -1.1878483295e+00 -4.4807124138e-01 1.9050254822e+00 1.5395696163e+00 1.9260042906e+00 5.9128344059e-01 5.8947616816e-01 -2.7507409453e-01 -2.6638361812e-01 1.2852120399e+00 8.4334594011e-01 -1.4720882475e-01 9.5260441303e-01
-1.2683770061e-01 -8.2811433077e-01 -8.9607954025e-01 -9.8815190792e-01 -9.7128933668e-01 -1.1068611145e+00 -1.1697206497e+00 -1.2061861753e+00 -1.2728774548e+00 -1.3541519642e+00 -1.2310153246e+00 -1.1867141724e-01 5.8774036169e-01 8.0435091257e-01 -1.6150623560e-01 1.1936651468e+00 5.4714620113e-01 3.4705528617e-01 6.0115796328e-01 7.5306576490e-01 -1.1201734543e+00 2.7655729651e-01 -5.4232656956e-01 -4.3348893523e-01 -6.9821918011e-01 -2.1870197728e-02 -2.6729270816e-01 -4.7962993383e-01 4.3397825956e-01 -6.0997474194e-01 -4.9025386572e-01 -7.9908722639e-01 -9.1035288572e-01 -1.0765401125e+00 -1.1615021229e+00 -1.1916718483e+00 -8.7667256594e-01 -9.2267256975e-01 -1.0247571468e+00 -1.1353816986e+00 -1.2067199945e+00 6.5041655302e-01 2.7438125014e-01 1.1674120426e+00 -2.8786692023e-01 1.1843607426e+00 -9.5988726616e-01 1.2148548365e+00 1.4914460182e+00 9.5008093119e-01 1.3422813416e+00 1.5068271160e+00 1.3656786680e+00 9.0847086906e-01 1.3422813416e+00 -3.6627718806e-01 -1.1645615101e+00 -1.1615021229e+00 -1.0731076002e+00 -2.2585164756e-02 1.3445353508e+00 -1.1824802160e+00 -1.1540681124e+00 -4.7283664346e-01 1.7015430927e+00 1.5398583412e+00 1.9238905907e+00 -1.1867141724e-01 -1.1036721617e-01 -2.4278281629e-01 -3.4074217081e-01 4.5135313272e-01 9.5427447557e-01 -5.6452423334e-02 1.0089191198e+00
-1.2683770061e-01 -8.4154009819e-01 -8.2797133923e-01 -8.9628326893e-01 -9.8987871408e-01 -9.7347712517e-01 -1.1127164364e+00 -1.1679368019e+00 -1.2077136040e+00 -1.2724856138e+00 -1.3517401218e+00 4.9791321158e-01 -1.1954824626e-01 5.8782321215e-01 8.2001245022e-01 -1.6153286397e-01 1.2452601194e+00 5.1318275928e-01 3.5004758835e-01 5.9318077564e-01 7.5449699163e-01 -1.1174254417e+00 -8.9776962996e-01 -5.4204434156e-01 -4.3072986603e-01 -6.9776564837e-01 -2.3330684751e-02 -2.7067440748e-01 -4.7793948650e-01 4.2215833068e-01 -6.2136864662e-01 -4.7943294048e-01 -8.7296015024e-01 -1.0197241306e+00 -1.1323351860e+00 -1.1904605627e+00 -8.7803477049e-01 -8.7903487682e-01 -9.8420298100e-01 -1.1053886414e+00 -1.1934456825e+00 7.5813019276e-01 3.8406991959e-01 1.1880604029e+00 -1.6662369668e-01 1.5753328800e+00 -1.0810990334e+00 1.4057114124e+00 1.6853630543e+00 1.1287943125e+00 1.3026456833e+00 1.4513891935e+00 1.3936203718e+00 1.2730655670e+00 1.3026458025e+00 -4.0594369173e-01 -1.1208577156e+00 -1.1323351860e+00 -1.0605924129e+00 3.4301135689e-02 1.4138541222e+00 -1.1516255140e+00 -1.1275697947e+00 -4.4716286659e-01 1.7715952396e+00 1.9007427692e+00 1.9333450794e+00 4.9791321158e-01 4.9783527851e-01 -6.4753466845e-01 -3.3904060721e-01 3.8363033533e-01 9.9081844091e-01 4.4706802815e-02 1.0890320539e+00
-1.2683770061e-01 -7.8370761871e-01 -8.4138703346e-01 -8.2815551758e-01 -8.9796471596e-01 -9.9208885431e-01 -9.7901457548e-01 -1.1110806465e+00 -1.1694422960e+00 -1.2073597908e+00 -1.2702248096e+00 -5.5295270681e-01 4.9472078681e-01 -1.2332915515e-01 6.0208320618e-01 8.1238710880e-01 -1.4620019495e-01 1.1944795847e+00 5.1788038015e-01 3.4343829751e-01 5.9361195564e-01 7.5151532888e-01 -8.5021013021e-01 -8.9893031120e-01 -5.3865170479e-01 -4.2787885666e-01 -7.0523536205e-01 -2.9038045555e-02 -2.6543387771e-01 -4.7516018152e-01 4.1679626703e-01 -6.0890841484e-01 -8.4470760822e-01 -9.7766125202e-01 -1.1103142500e+00 -1.1916937828e+00 -8.7997168303e-01 -8.7148427963e-01 -9.6288490295e-01 -1.0845786333e+00 -1.1834182739e+00 7.9428267479e-01 4.7969964147e-01 1.0369144678e+00 -9.6949398518e-02 1.2957073450e+00 -9.6168124676e-01 1.0054575205e+00 9.7445160151e-01 8.3202487230e-01 9.8142665625e-01 1.2958317995e+00 1.0304744244e+00 1.0111489296e+00 9.8142671585e-01 -4.3809893727e-01 -1.0933823586e+00 -1.1103142500e+00 -1.0456343889e+00 5.5389806628e-02 9.8485141993e-01 -1.1295346022e+00 -1.1004540920e+00 -4.6602165699e-01 1.5120127201e+00 2.0193500519e+00 1.9257103205e+00 -5.5295270681e-01 -5.4194629192e-01 -4.7098118067e-01 -3.1084126234e-01 -8.7761849165e-01 1.0184965134e+00 1.2854087353e-01 1.0186554193e+00
-1.2683770061e-01 -8.4773612022e-01 -7.8359800577e-01 -8.4157502651e-01 -8.2980334759e-01 -9.0006434917e-01 -9.9767065048e-01 -9.7772568464e-01 -1.1125534773e+00 -1.1691107750e+00 -1.2052192688e+00 -5.3044015169e-01 -5.5219858885e-01 4.9429550767e-01 -1.1367241293e-01 5.9614503384e-01 8.5377991199e-01 -1.6346126795e-01 1.2061706781e+00 5.1035690308e-01 3.4230732918e-01 5.9112203121e-01 -1.2070323229e+00 -8.5117763281e-01 -8.9345473051e-01 -5.3676801920e-01 -4.3294906616e-01 -7.0444220304e-01 -1.9692169502e-02 -2.6605662704e-01 -4.8576626182e-01 4.1627624631e-01 -8.4720069170e-01 -9.4836390018e-01 -1.0956509113e+00 -1.1929486990e+00 -8.8256514072e-01 -8.8694971800e-01 -9.5673167706e-01 -1.0717691183e+00 -1.1763794422e+00 7.7589637041e-01 5.5219644308e-01 7.8821581602e-01 -1.0793148726e-01 9.9668073654e-01 -6.6196358204e-01 6.4708381891e-01 3.9546921849e-01 5.6001085043e-01 6.7574989796e-01 1.0580898523e+00 6.9679504633e-01 1.1916526556e+00 6.7574989796e-01 -4.5509234071e-01 -1.0763727427e+00 -1.0956509113e+00 -1.0343900919e+00 6.4348503947e-02 6.2672322989e-01 -1.1127990484e+00 -1.0830776691e+00 -4.9275451899e-01 1.1457957029e+00 2.0394606590e+00 1.9153304100e+00 -5.3044015169e-01 -5.1950812340e-01 -3.6295589805e-01 -3.0180209875e-01 -1.1557630301e+00 9.4821989536e-01 1.8587079644e-01 8.6386775970e-01
-1.2683770061e-01 -9.0866661072e-01 -8.4757840633e-01 -7.8376948833e-01 -8.4322953224e-01 -8.3182102442e-01 -9.0542685986e-01 -9.9633336067e-01 -9.7912204266e-01 -1.1122549772e+00 -1.1670410633e+00 9.6172177792e-01 -5.2977055311e-01 -5.5834299326e-01 5.0795012712e-01 -1.1406937987e-01 6.3175165653e-01 8.1242984533e-01 -1.6570945084e-01 1.1948981285e+00 5.1026999950e-01 3.4058544040e-01 -7.9475176334e-01 -1.2094483376e+00 -8.4598076344e-01 -8.9475101233e-01 -5.4280632734e-01 -4.3475160003e-01 -7.0657122135e-01 -2.4249095470e-02 -2.7544069290e-01 -4.7500142455e-01 -8.4117645025e-01 -9.1174226999e-01 -1.0798760653e+00 -1.1907025576e+00 -8.8444525003e-01 -8.6008399725e-01 -9.3122422695e-01 -1.0492632389e+00 -1.1649103165e+00 8.2232493162e-01 6.2031215429e-01 7.4111485481e-01 -9.6475161612e-02 9.2259526253e-01 -8.3743643761e-01 1.0638698339e+00 9.7904807329e-01 9.2462521791e-01 1.2301131487e+00 1.0322185755e+00 7.9200214148e-01 1.2575947046e+00 1.2301131487e+00 -4.6385419369e-01 -1.0427981615e+00 -1.0798760653e+00 -1.0375412703e+00 1.3346928358e-01 1.0057097673e+00 -1.1066534519e+00 -1.0619361401e+00 -4.7253167629e-01 1.4704051018e+00 2.0249967575e+00 1.9296778440e+00 9.6172177792e-01 9.5187306404e-01 -2.9292687774e-01 -2.8438672423e-01 1.4957460165e+00 9.0886515379e-01 2.3505447805e-01 8.9140051603e-01
-1.2683770061e-01 -7.9816555977e-01 -9.0846306086e-01 -8.4776818752e-01 -7.8539538383e-01 -8.4526330233e-01 -8.3702087402e-01 -9.0432888269e-01 -9.9774038792e-01 -9.7890132666e-01 -1.1102904081e+00 5.3082513809e-01 9.5678746700e-01 -5.3579246998e-01 -5.5150204897e-01 5.0274068117e-01 -9.7466684878e-02 5.9575009346e-01 8.2019931078e-01 -1.6950939596e-01 1.1990929842e+00 5.0803476572e-01 -1.1356093884e+00 -7.9549419880e-01 -1.2021604776e+00 -8.4685152769e-01 -9.0397202969e-01 -5.4356157780e-01 -4.3229869008e-01 -7.0013165474e-01 -3.2220032066e-02 -2.6730561256e-01 -8.1998699903e-01 -8.7459689379e-01 -1.0602378845e+00 -1.1873778105e+00 -8.8507002592e-01 -8.2132732868e-01 -8.9887464046e-01 -1.0227795839e+00 -1.1512527466e+00 8.8861459494e-01 6.8925136328e-01 7.4996829033e-01 -2.0238317549e-02 1.4542313814e+00 -9.5355933905e-01 1.2735624313e+00 1.2351704836e+00 1.1154469252e+00 1.3833981752e+00 1.1755958796e+00 9.6804106236e-01 1.2387182713e+00 1.3833981752e+00 -5.1058542728e-01 -1.0008552074e+00 -1.0602378845e+00 -1.0416072607e+00 2.1970944107e-01 1.1129134893e+00 -1.0931485891e+00 -1.0382666588e+00 -4.4958370924e-01 1.7456922531e+00 2.5002341270e+00 1.9386843443e+00 5.3082513809e-01 5.3015136719e-01 -2.9161274433e-01 -2.7949723601e-01 8.7583833933e-01 9.1686618328e-01 2.9444962740e-01 9.6338438988e-01
-1.2683770061e-01 -7.3620289564e-01 -7.9804503918e-01 -9.0867030621e-01 -8.4942573309e-01 -7.8735965490e-01 -8.5049521923e-01 -8.3610045910e-01 -9.0568315983e-01 -9.9750882387e-01 -9.7718310356e-01 9.8570555449e-01 5.2750915289e-01 9.5888644457e-01 -5.2880555391e-01 -5.4850947857e-01 5.3584796190e-01 -1.1590170860e-01 6.0129535198e-01 8.1102901697e-01 -1.7384885252e-01 1.1947523355e+00 -9.9293059111e-01 -1.1377354860e+00 -7.9062229395e-01 -1.2062234879e+00 -8.5564678907e-01 -9.0128427744e-01 -5.4295730591e-01 -4.3025004864e-01 -7.1205252409e-01 -2.7125939727e-02 -7.8716439009e-01 -8.3923095465e-01 -1.0381112099e+00 -1.1822252274e+00 -8.8575738668e-01 -7.5657659769e-01 -8.5097736120e-01 -9.8739069700e-01 -1.1332050562e+00 1.0033322573e+00 7.6940333843e-01 8.7051546574e-01 1.2467868626e-01 2.0309896469e+00 -1.1400893927e+00 1.6243213415e+00 1.6131894588e+00 1.4472713470e+00 1.4580712318e+00 1.4546382427e+00 1.1068021059e+00 1.4403103590e+00 1.4580712318e+00 -4.9316418171e-01 -9.4009184837e-01 -1.0381112099e+00 -1.0596698523e+00 3.6873632669e-01 1.3449823856e+00 -1.0717248917e+00 -1.0190339088e+00 -4.2447200418e-01 1.9591178894e+00 2.4950249195e+00 1.9569433928e+00 9.8570555449e-01 9.7527152300e-01 -3.3993279934e-01 -2.4605475366e-01 1.4957460165e+00 9.6314007044e-01 3.5648375750e-01 1.1314160824e+00
-1.2683770061e-01 -6.2053948641e-01 -7.3612898588e-01 -7.9822063446e-01 -9.1035789251e-01 -8.5146695375e-01 -7.9245358706e-01 -8.4953981638e-01 -8.3741563559e-01 -9.0550523996e-01 -9.9575626850e-01 -2.8763143346e-02 9.8068118095e-01 5.2726298571e-01 9.7554826736e-01 -5.2598863840e-01 -5.4353147745e-01 5.0215667486e-01 -1.1766170710e-01 5.9331744909e-01 8.1282281876e-01 -1.7399314046e-01 -8.7963181734e-01 -9.9447751045e-01 -1.1308660507e+00 -7.9099696875e-01 -1.2182137966e+00 -8.5341972113e-01 -9.0675771236e-01 -5.3913712502e-01 -4.4059368968e-01 -6.9845843315e-01 -7.4208563566e-01 -8.0229556561e-01 -1.0110080242e+00 -1.1765879393e+00 -8.8674795628e-01 -7.1445220709e-01 -8.1236207485e-01 -9.5567959547e-01 -1.1159976721e+00 1.0803271532e+00 8.5030460358e-01 8.7857019901e-01 2.7249437571e-01 2.0233767033e+00 -1.2191683054e+00 1.6042547226e+00 1.5804996490e+00 1.4321837425e+00 1.3440902233e+00 1.4952923059e+00 1.0822679996e+00 1.2704833746e+00 1.3440902233e+00 -5.5885332823e-01 -8.8822352886e-01 -1.0110080242e+00 -1.0592772961e+00 4.6302387118e-01 1.1566491127e+00 -1.0485800505e+00 -9.9085736275e-01 -4.4667360187e-01 2.1976788044e+00 2.4478180408e+00 1.9565169811e+00 -2.8763143346e-02 -2.1350638941e-02 -3.5757139325e-01 -3.2918545604e-01 2.4325966835e-01 1.0401197672e+00 4.3481037021e-01 1.1938748360e+00
-1.2683770061e-01 -6.2363749743e-01 -6.2055253983e-01 -7.3628681898e-01 -7.9985374212e-01 -9.1247242689e-01 -8.5671365261e-01 -7.9164880514e-01 -8.5086268187e-01 -8.3727741241e-01 -9.0392267704e-01 -2.6383420825e-01 -2.9977623373e-02 9.8291069269e-01 5.4113095999e-01 9.6671885252e-01 -5.2040809393e-01 -5.5122107267e-01 5.0674110651e-01 -1.2172336876e-01 5.9374946356e-01 8.0966287851e-01 -1.0320063829e+00 -8.8071882725e-01 -9.8844432831e-01 -1.1342902184e+00 -7.9929554462e-01 -1.2125304937e+00 -8.5807991028e-01 -8.9711320400e-01 -5.5011707544e-01 -4.3039366603e-01 -6.9098269939e-01 -7.7781111002e-01 -9.8401153088e-01 -1.1727566719e+00 -8.8844513893e-01 -6.9679200649e-01 -7.8650861979e-01 -9.3004840612e-01 -1.1007837057e+00 1.1094317436e+00 9.2136830091e-01 7.7280956507e-01 4.2191001773e-01 1.9246641397e+00 -1.3234443665e+00 1.3960716724e+00 1.2297689915e+00 1.2774968147e+00 1.1100116968e+00 1.3977793455e+00 9.5810765028e-01 8.1950950623e-01 1.1100116968e+00 -5.9762942791e-01 -8.5098415613e-01 -9.8401153088e-01 -1.0444871187e+00 5.0076925755e-01 9.3060296774e-01 -1.0214664936e+00 -9.6101868153e-01 -4.7429558635e-01 1.8634511232e+00 1.9467014074e+00 1.9512096643e+00 -2.6383420825e-01 -2.5433021784e-01 -3.6133661866e-01 -3.2911366224e-01 -1.4372982979e+00 1.1426157951e+00 5.1902693510e-01 1.1535357237e+00
-1.2683770061e-01 -6.5461844206e-01 -6.2364822626e-01 -6.2067723274e-01 -7.3788934946e-01 -8.0183535814e-01 -9.1786450148e-01 -8.5574215651e-01 -7.9293847084e-01 -8.5071665049e-01 -8.3582097292e-01 6.1777073145e-01 -2.6416587830e-01 -3.3269226551e-02 9.9972802401e-01 5.3566467762e-01 1.0122412443e+00 -5.2865469456e-01 -5.5744963884e-01 4.9927830696e-01 -1.2576390803e-01 5.9125912189e-01 -7.4819523096e-01 -1.0337119102e+00 -8.7534958124e-01 -9.9059194326e-01 -1.1456409693e+00 -7.9760575294e-01 -1.2232918739e+00 -8.4921473265e-01 -9.1018533707e-01 -5.3854769468e-01 -6.4735734463e-01 -7.5280380249e-01 -9.4949752092e-01 -1.1679115295e+00 -8.9050143957e-01 -6.6035026312e-01 -7.5177049637e-01 -8.9961475134e-01 -1.0830441713e+00 1.1659893990e+00 9.9054503441e-01 7.5252205133e-01 5.8087539673e-01 1.8662438393e+00 -1.4522417784e+00 1.6328760386e+00 1.5212256908e+00 1.4949544668e+00 1.2895604372e+00 1.3376741409e+00 9.8260802031e-01 1.0625679493e+00 1.2895604372e+00 -6.0790687799e-01 -8.1255412102e-01 -9.4949752092e-01 -1.0164184570e+00 5.1347142458e-01 1.0519809723e+00 -9.9091094732e-01 -9.2580622435e-01 -4.4632560015e-01 2.1285181046e+00 1.9244594574e+00 1.9639762640e+00 6.1777073145e-01 6.1545103788e-01 -3.5797393322e-01 -3.8521966338e-01 6.3231533766e-01 1.1832677126e+00 6.2687909603e-01 1.1913889647e+00
-1.2683770061e-01 -5.8129584789e-01 -6.5460586548e-01 -6.2377381325e-01 -6.2222278118e-01 -7.3979651928e-01 -8.0696380138e-01 -9.1673427820e-01 -8.5706853867e-01 -7.9282623529e-01 -8.4923541546e-01 -6.8697756529e-01 6.1412817240e-01 -2.6873680949e-01 -2.3029539734e-02 9.9071139097e-01 5.6965291500e-01 9.6707385778e-01 -5.3465163708e-01 -5.5911576748e-01 4.9912211299e-01 -1.2605518103e-01 -7.2997379303e-01 -7.4874866009e-01 -1.0274497271e+00 -8.7648355961e-01 -1.0006650686e+00 -1.1406494379e+00 -8.0131763220e-01 -1.2085798979e+00 -8.6200684309e-01 -8.9411395788e-01 -6.3260817528e-01 -7.3470175266e-01 -9.2075389624e-01 -1.1650050879e+00 -8.9325857162e-01 -6.6350412369e-01 -7.3846358061e-01 -8.8013941050e-01 -1.0694746971e+00 1.1464223862e+00 1.0416221619e+00 5.5793559551e-01 6.2808376551e-01 1.3564519882e+00 -1.1103219986e+00 1.0952122211e+00 6.7666143179e-01 1.0890296698e+00 6.8515491486e-01 1.1026415825e+00 7.6102930307e-01 6.0042601824e-01 6.8515491486e-01 -5.6131267548e-01 -7.9449164867e-01 -9.2075389624e-01 -9.7912657261e-01 4.7068697214e-01 7.0105183125e-01 -9.5981109142e-01 -8.9853024483e-01 -4.7363391519e-01 2.0783762932e+00 1.3655524254e+00 1.9502280951e+00 -6.8697756529e-01 -6.7567759752e-01 -2.5692299008e-01 -3.1559112668e-01 -6.1500889063e-01 1.1272627115e+00 7.2061872482e-01 1.0688911676e+00
-1.2683770061e-01 -6.6288030148e-01 -5.8133846521e-01 -6.5474033356e-01 -6.2532085180e-01 -6.2399077415e-01 -7.4477708340e-01 -8.0612140894e-01 -9.1809570789e-01 -8.5691887140e-01 -7.9145193100e-01 -2.0153483376e-02 -6.8572014570e-01 6.1435520649e-01 -2.6002129912e-01 -2.4128228426e-02 1.0368757248e+00 5.3514730930e-01 9.7643077374e-01 -5.3644192219e-01 -5.6589215994e-01 4.9692094326e-01 -7.6461958885e-01 -7.3045325279e-01 -7.4414956570e-01 -1.0299469233e+00 -8.8554221392e-01 -9.9705559015e-01 -1.1501895189e+00 -7.9336124659e-01 -1.2234722376e+00 -8.4653782845e-01 -6.4154070616e-01 -7.2266906500e-01 -8.8592326641e-01 -1.1630890369e+00 -8.9605319500e-01 -6.6630089283e-01 -7.2795951366e-01 -8.6272281408e-01 -1.0565254688e+00 1.1172239780e+00 1.0761206150e+00 3.7970042229e-01 6.4192044735e-01 1.0699504614e+00 -1.0770511627e+00 1.0818465948e+00 6.5632492304e-01 1.0788565874e+00 6.2120145559e-01 9.2829000950e-01 6.1730229855e-01 4.1473734379e-01 6.2120139599e-01 -5.8353978395e-01 -8.0292713642e-01 -8.8592326641e-01 -9.0366989374e-01 3.0383148789e-01 6.4752942324e-01 -9.3034386635e-01 -8.6155056953e-01 -4.9981445074e-01 2.3585772514e+00 8.6612915993e-01 1.9498909712e+00 -2.0153483376e-02 -1.2832319364e-02 -2.7383449674e-01 -4.5690080523e-01 6.3600909710e-01 9.4778758287e-01 8.3979147673e-01 9.5946931839e-01
-1.2683770061e-01 -6.6494619846e-01 -6.6286158562e-01 -5.8145189285e-01 -6.5630263090e-01 -6.2709259987e-01 -6.2869536877e-01 -7.4409604073e-01 -8.0741930008e-01 -9.1791045666e-01 -8.5542619228e-01 -2.8902254999e-02 -2.1400297061e-02 -6.9259393215e-01 6.2878692150e-01 -2.5928524137e-01 -5.1188957877e-03 9.9111497402e-01 5.4007041454e-01 9.6640950441e-01 -5.4307651520e-01 -5.6483817101e-01 -8.2367199659e-01 -7.6523971558e-01 -7.2596096992e-01 -7.4410772324e-01 -1.0403698683e+00 -8.8303011656e-01 -1.0041561127e+00 -1.1366479397e+00 -8.0582690239e-01 -1.2034838200e+00 -6.5047407150e-01 -7.0446240902e-01 -8.5543256998e-01 -1.1627371311e+00 -8.9927721024e-01 -6.6920822859e-01 -7.1993875504e-01 -8.4727102518e-01 -1.0442153215e+00 1.0801662207e+00 1.0956432819e+00 2.1869790554e-01 6.5476900339e-01 8.7946486473e-01 -1.1698205471e+00 1.0603933334e+00 6.2125945091e-01 1.0628997087e+00 4.7483485937e-01 6.3768935204e-01 5.9088271856e-01 4.4203764200e-01 4.7483479977e-01 -6.3692563772e-01 -8.1197005510e-01 -8.5543256998e-01 -8.3595967293e-01 1.5261639655e-01 5.8803790808e-01 -9.0238797665e-01 -8.2736337185e-01 -5.5676764250e-01 2.2850315571e+00 1.0173544884e+00 1.9487912655e+00 -2.8902254999e-02 -2.1488280967e-02 -3.4054133296e-01 -4.6739342809e-01 3.9820384979e-01 7.8604370356e-01 9.4871443510e-01 8.6003363132e-01
-1.2683770061e-01 -6.6804420948e-01 -6.6492587328e-01 -6.6299837828e-01 -5.8297806978e-01 -6.5811163187e-01 -6.3180458546e-01 -6.2831556797e-01 -7.4535840750e-01 -8.0729866028e-01 -9.1630506516e-01 5.8611579239e-02 -3.0116213486e-02 -2.4645043537e-02 -6.8662202358e-01 6.2264204025e-01 -2.4656823277e-01 -2.5778535753e-02 1.0007187128e+00 5.3242605925e-01 9.6917515993e-01 -5.4209226370e-01 7.8754478693e-01 -8.2453185320e-01 -7.6054435968e-01 -7.2575610876e-01 -7.5198942423e-01 -1.0363819599e+00 -8.8819342852e-01 -9.9295234680e-01 -1.1511198282e+00 -7.9106032848e-01 -6.5172058344e-01 -6.7935049534e-01 -8.2790619135e-01 -1.1627153158e+00 -9.0237510204e-01 -6.6871356964e-01 -7.1203684807e-01 -8.3257687092e-01 -1.0320806503e+00 1.0438387394e+00 1.1033445597e+00 9.1607235372e-02 5.0329399109e-01 3.1623634696e-01 -5.5425536633e-01 1.0917989016e+00 6.7806595564e-01 1.0884873867e+00 5.2717429399e-01 5.8134007454e-01 4.5038384199e-01 3.0942848325e-01 5.2717435360e-01 -5.2276480198e-01 -8.2152771950e-01 -8.2790619135e-01 -7.7344250679e-01 1.1779662222e-02 5.7164430618e-01 -8.6937409639e-01 -8.0717664957e-01 -5.2023768425e-01 2.1958887577e+00 4.1643357277e-01 1.9504379034e+00 5.8611579239e-02 6.5048933029e-02 -4.2147445679e-01 -4.7437489033e-01 6.7095404863e-01 6.6841131449e-01 1.0480761528e+00 7.8353202343e-01
-1.2683770061e-01 -6.6081523895e-01 -6.6802155972e-01 -6.6506332159e-01 -6.6456478834e-01 -5.8469885588e-01 -6.6289758682e-01 -6.3141673803e-01 -6.2951153517e-01 -7.4527382851e-01 -8.0589759350e-01 -9.8850093782e-02 5.7068962604e-02 -3.3408571035e-02 -1.4349533245e-02 -6.8258339167e-01 6.5895760059e-01 -2.6141148806e-01 -2.6613403112e-02 9.9056512117e-01 5.3247720003e-01 9.6553736925e-01 -2.8179362416e-01 7.9322510958e-01 -8.1949043274e-01 -7.6064944267e-01 -7.3347467184e-01 -7.5075054169e-01 -1.0441505909e+00 -8.7884616852e-01 -1.0065845251e+00 -1.1320360899e+00 -6.7000091076e-01 -6.6658502817e-01 -8.0292087793e-01 -1.1618785858e+00 -9.0600925684e-01 -6.7220616341e-01 -7.0767641068e-01 -8.2040488720e-01 -1.0209050179e+00 9.9685889482e-01 1.0992671251e+00 -3.5023443401e-02 3.6263877153e-01 1.5300056338e-01 -6.7232352495e-01 1.0026818514e+00 5.1371634007e-01 1.0248525143e+00 4.2775747180e-01 5.1234138012e-01 4.2455482483e-01 4.4770216942e-01 4.2775753140e-01 -5.7581359148e-01 -8.3830755949e-01 -8.0292087793e-01 -7.0860666037e-01 -1.4580003917e-01 4.7537478805e-01 -8.4549134970e-01 -7.8027206659e-01 -5.4644304514e-01 2.1452035904e+00 4.3033424020e-01 1.9485833645e+00 -9.8850093782e-02 -9.0732723475e-02 -5.2625274658e-01 -4.6671664715e-01 9.5621705055e-01 4.9023315310e-01 1.1354285479e+00 6.9853472710e-01
-1.2683770061e-01 -6.7217516899e-01 -6.6079801321e-01 -6.6815990210e-01 -6.6663068533e-01 -6.6638368368e-01 -5.8930987120e-01 -6.6242903471e-01 -6.3261449337e-01 -6.2949448824e-01 -7.4398744106e-01 -6.5065956116e-01 -9.9801354110e-02 5.4252877831e-02 -2.3169787601e-02 -1.5515418723e-02 -6.8119287491e-01 6.2230068445e-01 -2.6466515660e-01 -3.1171012670e-02 9.9348187447e-01 5.3017407656e-01 -8.2237648964e-01 -2.8045389056e-01 7.8882461786e-01 -8.2012385130e-01 -7.6867824793e-01 -7.3241227865e-01 -7.5366640091e-01 -1.0323065519e+00 -8.9181149006e-01 -9.8930788040e-01 -6.8724310398e-01 -6.6784071922e-01 -7.8476411104e-01 -1.1613720655e+00 -9.1023635864e-01 -7.0024484396e-01 -7.1826797724e-01 -8.1694120169e-01 -1.0134221315e+00 9.0133333206e-01 1.0751872063e+00 -2.5006824732e-01 1.9118234515e-01 -8.6138181388e-02 -6.0129505396e-01 4.3190649152e-01 -4.1008779407e-01 6.0700583458e-01 -2.4104106426e-01 2.5699898601e-01 1.9563549757e-01 4.1087007523e-01 -2.4104106426e-01 -5.8530974388e-01 -8.6365145445e-01 -7.8476411104e-01 -6.4836615324e-01 -3.0917379260e-01 -2.1095028147e-02 -8.2584089041e-01 -7.5571900606e-01 -6.0277181864e-01 1.1390943527e+00 -2.6178920269e-01 1.9217300415e+00 -6.5065956116e-01 -6.3941383362e-01 -4.7855818272e-01 -4.1777610779e-01 -1.4669479132e+00 3.4427419305e-01 1.1992603540e+00 5.2446025610e-01
-1.2683770061e-01 -7.4859571457e-01 -6.7214941978e-01 -6.6093426943e-01 -6.6972881556e-01 -6.6845214367e-01 -6.7118936777e-01 -5.8903223276e-01 -6.6364455223e-01 -6.3259559870e-01 -6.2842202187e-01 1.4997928143e+00 -6.4953851700e-01 -1.0347438604e-01 6.5059088171e-02 -2.4267390370e-02 3.7243738770e-03 -6.8556630611e-01 6.2811845541e-01 -2.6792606711e-01 -3.4645162523e-02 9.8976981640e-01 7.5486326218e-01 -8.2323104143e-01 -2.7858799696e-01 8.0260604620e-01 -8.2868140936e-01 -7.6728028059e-01 -7.3501652479e-01 -7.4647283554e-01 -1.0461688042e+00 -8.7596976757e-01 -6.6875517368e-01 -6.6302782297e-01 -7.6443773508e-01 -1.1538633108e+00 -9.1386371851e-01 -6.5987312794e-01 -6.9440644979e-01 -7.9646384716e-01 -9.9875754118e-01 9.2663019896e-01 1.0614360571e+00 -1.3902267814e-01 1.3131439686e-01 3.0698543787e-01 -9.1221433878e-01 1.2310541868e+00 9.4229781628e-01 1.2481726408e+00 1.2953898907e+00 5.3101009130e-01 6.2969619036e-01 5.7200717926e-01 1.2953897715e+00 -4.9705713987e-01 -8.5189688206e-01 -7.6443773508e-01 -6.2097615004e-01 -3.4072229266e-01 1.0033506155e+00 -8.0360925198e-01 -7.4065846205e-01 -5.4793953896e-01 1.3498638868e+00 2.9125061631e-01 1.9823371172e+00 1.4997928143e+00 1.4749363661e+00 -2.7264067531e-01 -3.5987779498e-01 1.4782251120e+00 3.3821964264e-01 1.2466081381e+00 6.3778460026e-01
-1.2683770061e-01 -5.7303476334e-01 -7.4851250648e-01 -6.7228889465e-01 -6.6249960661e-01 -6.7155396938e-01 -6.7326271534e-01 -6.7069923878e-01 -5.9020566940e-01 -6.6360759735e-01 -6.3151741028e-01 -7.1226704121e-01 1.4928377867e+00 -6.5621465445e-01 -9.3689136207e-02 6.3278444111e-02 -5.2617820911e-03 -1.7148297280e-02 -6.9317394495e-01 6.1999446154e-01 -2.7288112044e-01 -3.5214912146e-02 6.7650276423e-01 7.6041090488e-01 -8.1819725037e-01 -2.7437341213e-01 8.0847579241e-01 -8.2671147585e-01 -7.7047693729e-01 -7.2812157869e-01 -7.5866448879e-01 -1.0283972025e+00 -6.6667735577e-01 -6.6648042202e-01 -7.4749821424e-01 -1.1401007175e+00 -9.1757392883e-01 -6.6144847870e-01 -6.9057351351e-01 -7.8630238771e-01 -9.8827326298e-01 8.8335925341e-01 1.0410052538e+00 -2.1083757281e-01 7.5722895563e-02 3.4032426775e-02 -1.0841194391e+00 6.7902886868e-01 1.8485909700e-01 8.1740230322e-01 5.0671899319e-01 5.5917447805e-01 5.2975940704e-01 1.9466543198e-01 5.0671905279e-01 -4.9463567138e-01 -8.6376202106e-01 -7.4749821424e-01 -5.7653242350e-01 -4.4798257947e-01 3.9804017544e-01 -7.8583747149e-01 -7.2467869520e-01 -5.9012621641e-01 1.2901059389e+00 1.6102834046e-01 1.9603137970e+00 -7.1226704121e-01 -7.0094043016e-01 -1.9950886071e-01 -3.1111162901e-01 -7.1141272783e-01 2.7767369151e-01 1.2599940300e+00 5.7425767183e-01
-1.2683770061e-01 -6.5771722794e-01 -5.7308357954e-01 -7.4867391586e-01 -6.7385983467e-01 -6.6431611776e-01 -6.7637193203e-01 -6.7276722193e-01 -6.7191952467e-01 -5.9021151066e-01 -6.6247212887e-01 -3.1734910607e-01 -7.1091467142e-01 1.4978650808e+00 -6.5000724792e-01 -9.4240799546e-02 8.4626592696e-02 -2.5917980820e-02 -1.7894573510e-02 -6.9410079718e-01 6.2059336901e-01 -2.7272272110e-01 1.4388082549e-02 6.8173235655e-01 7.5620192289e-01 -8.1881904602e-01 -2.7807885408e-01 7.9483890533e-01 -8.3091783524e-01 -7.6301425695e-01 -7.4020600319e-01 -7.4448764324e-01 -6.7353284359e-01 -6.7056131363e-01 -7.3717546463e-01 -1.1226159334e+00 -9.2147272825e-01 -6.7500615120e-01 -6.9432455301e-01 -7.8078073263e-01 -9.7978329659e-01 8.1660383940e-01 1.0101124048e+00 -3.2331255078e-01 -2.2979194298e-02 -1.4515459538e-01 -9.5125859976e-01 4.5286875963e-01 -1.0404358804e-01 6.3619405031e-01 -2.9784542322e-01 5.3891336918e-01 2.0436252654e-01 -1.9149713218e-01 -2.9784542322e-01 -5.3332042694e-01 -8.7009489536e-01 -7.3717546463e-01 -5.5034410954e-01 -5.0978285074e-01 5.4980091751e-02 -7.7384382486e-01 -7.1196883917e-01 -6.1538952589e-01 8.4547096491e-01 -1.5915770829e-01 1.9544649124e+00 -3.1734910607e-01 -3.0747774243e-01 -1.9569462538e-01 -3.3280247450e-01 -7.2380715609e-01 2.0696514845e-01 1.2365496159e+00 4.6934553981e-01
-1.2683770061e-01 -6.9489419460e-01 -6.5770232677e-01 -5.7319462299e-01 -7.5028258562e-01 -6.7568999529e-01 -6.6911679506e-01 -6.7586839199e-01 -6.7398869991e-01 -6.7187774181e-01 -5.8921170235e-01 2.7832949162e-01 -3.1747978926e-01 -7.1792608500e-01 1.5180156231e+00 -6.4625209570e-01 -7.7107533813e-02 6.1805035919e-02 -2.6754278690e-02 -2.2499674931e-02 -7.0172148943e-01 6.1802095175e-01 -8.7169134617e-01 1.6930049285e-02 6.7798256874e-01 7.6969099045e-01 -8.2736498117e-01 -2.8135773540e-01 8.1818223000e-01 -8.2248753309e-01 -7.7530258894e-01 -7.2625988722e-01 -6.7145502567e-01 -6.7872303724e-01 -7.2865319252e-01 -1.1087433100e+00 -9.2614173889e-01 -6.7292666435e-01 -6.9127118587e-01 -7.7252113819e-01 -9.7021877766e-01 7.7617740631e-01 9.7658783197e-01 -3.5160478950e-01 -1.4631202817e-01 -3.2895907760e-01 -9.1111600399e-01 6.0843670368e-01 1.4703117311e-01 7.5975841284e-01 1.1531317979e-01 1.1799733341e-01 1.5643070638e-01 -1.0086177289e-01 1.1531317979e-01 -5.6339490414e-01 -8.6870402098e-01 -7.2865319252e-01 -5.3532928228e-01 -5.3596735001e-01 2.6981267333e-01 -7.6606404781e-01 -7.0180469751e-01 -5.9300762415e-01 7.5595265627e-01 -4.7654452920e-01 1.9590917826e+00 2.7832949162e-01 2.8184348345e-01 -2.4314618111e-01 -3.4958332777e-01 1.1541744471e+00 1.8080119789e-01 1.2191479206e+00 4.3632894754e-01
-1.2683770061e-01 -6.6184741259e-01 -6.9485133886e-01 -6.5783768892e-01 -5.7471668720e-01 -7.5220459700e-01 -6.8051779270e-01 -6.6863209009e-01 -6.7709159851e-01 -6.7394572496e-01 -6.7072701454e-01 -2.1979002953e+00 2.7596172690e-01 -3.2234197855e-01 -7.1211808920e-01 1.5049865246e+00 -6.4388942719e-01 -9.6033006907e-02 6.1869222671e-02 -3.1311120838e-02 -2.5919586420e-02 -7.0025235415e-01 -1.0225613117e+00 -8.7274605036e-01 1.7060294747e-02 6.9077056646e-01 7.7526807785e-01 -8.2540756464e-01 -2.7629870176e-01 8.0021148920e-01 -8.3512341976e-01 -7.6091766357e-01 -7.0614707470e-01 -7.0488148928e-01 -7.3272895813e-01 -1.1035689116e+00 -9.3223547935e-01 -7.5874674320e-01 -7.3679840565e-01 -7.9065608978e-01 -9.7206854820e-01 5.7385420799e-01 9.0567559004e-01 -7.5355559587e-01 -1.0082153231e-01 -8.8044506311e-01 4.5894238353e-01 -6.9205552340e-01 -1.2719292641e+00 -3.5568639636e-01 -1.3938691616e+00 -5.5991464853e-01 -1.5345692635e+00 -6.7608153820e-01 -1.3938690424e+00 -3.3753404021e-01 -8.5773444176e-01 -7.3272895813e-01 -5.5412328243e-01 -4.7996827960e-01 -1.7521126270e+00 -7.6025211811e-01 -7.1143800020e-01 -6.4944112301e-01 3.1953397393e-01 -9.8682743311e-01 1.8679519892e+00 -2.1979002953e+00 -2.2012784481e+00 2.2012773156e-01 -2.5791842490e-02 -9.1096907854e-01 5.3006228060e-02 1.1864480972e+00 5.8482084423e-02
-1.2683770061e-01 -9.2105871439e-01 -6.6182941198e-01 -6.9499737024e-01 -6.5940153599e-01 -5.7642757893e-01 -7.5721472502e-01 -6.8000352383e-01 -6.6985118389e-01 -6.7704683542e-01 -6.7279112339e-01 -1.2122285366e+00 -2.1909685135e+00 2.7434140444e-01 -3.1397342682e-01 -7.0788210630e-01 1.5649118423e+00 -6.4916145802e-01 -9.7589045763e-02 5.6829642504e-02 -3.4786146134e-02 -2.6516005397e-02 7.6033806801e-01 -1.0242284536e+00 -8.6742329597e-01 2.3924686015e-02 6.9564598799e-01 7.6194775105e-01 -8.2959181070e-01 -2.7674752474e-01 7.9705876112e-01 -8.1999057531e-01 -8.0399137735e-01 -7.4485123158e-01 -7.4686330557e-01 -1.1011025906e+00 -9.3964236975e-01 -8.6251735687e-01 -7.9968702793e-01 -8.2073503733e-01 -9.7973793745e-01 3.2264557481e-01 7.9419952631e-01 -1.1896525621e+00 4.4488541782e-02 -1.1481986046e+00 1.0924228430e+00 -1.1826387644e+00 -1.6696404219e+00 -8.2842850685e-01 -1.4937311411e+00 -9.8646956682e-01 -2.2444214821e+00 -1.1988348961e+00 -1.4937312603e+00 -2.6463997364e-01 -8.1981056929e-01 -7.4686330557e-01 -6.1917752028e-01 -2.8580757976e-01 -2.1639659405e+00 -7.6954156160e-01 -7.2768318653e-01 -6.9668656588e-01 6.2838017941e-02 -1.3775521517e+00 1.8259102106e+00 -1.2122285366e+00 -1.2022607327e+00 2.9893925786e-01 2.9543893412e-02 -6.3670372963e-01 -2.9664599895e-01 1.1268234253e+00 -3.5443866253e-01
-1.2683770061e-01 -1.0594427586e+00 -9.2084580660e-01 -6.6196596622e-01 -6.9657951593e-01 -6.6121429205e-01 -5.8101886511e-01 -7.5650143623e-01 -6.8122911453e-01 -6.6981059313e-01 -6.7588651180e-01 8.0553823709e-01 -1.2089985609e+00 -2.2060651779e+00 2.8657224774e-01 -3.1281971931e-01 -7.0716857910e-01 1.5064309835e+00 -6.5639537573e-01 -1.0176004469e-01 5.3905934095e-02 -3.5355467349e-02 2.7926740050e-01 7.6590794325e-01 -1.0180217028e+00 -8.6848628521e-01 2.2871349007e-02 6.8308472633e-01 7.8473228216e-01 -8.2118278742e-01 -2.8619405627e-01 7.9178428650e-01 -8.6651992798e-01 -7.7529966831e-01 -7.5305610895e-01 -1.0928890705e+00 -9.4651299715e-01 -9.0112292767e-01 -8.3430397511e-01 -8.3897054195e-01 -9.8323726654e-01 1.7954318225e-01 6.7383205891e-01 -1.2852419615e+00 1.7185401917e-01 -1.2472178936e+00 8.1997287273e-01 -7.2727632523e-01 -1.0269780159e+00 -4.6451425552e-01 -9.6252441406e-01 -1.3709183931e+00 -1.6562358141e+00 -7.7568900585e-01 -9.6252429485e-01 -2.8466695547e-01 -8.0847656727e-01 -7.5305610895e-01 -6.4240986109e-01 -2.2031755745e-01 -1.4683409929e+00 -7.7675867081e-01 -7.3696374893e-01 -6.5926122665e-01 3.8673743606e-01 -9.6049392223e-01 1.8481624126e+00 8.0553823709e-01 7.9930919409e-01 4.0467935801e-01 6.1493076384e-02 9.6926921606e-01 -5.3169333935e-01 1.0759187937e+00 -4.7006213665e-01
-1.2683770061e-01 -9.6856343746e-01 -1.0591257811e+00 -9.2105662823e-01 -6.6353178024e-01 -6.9843697548e-01 -6.6600757837e-01 -5.8076280355e-01 -7.5777089596e-01 -6.8118190765e-01 -6.6866368055e-01 7.9061388969e-02 8.0119049549e-01 -1.2187309265e+00 -2.2098901272e+00 2.8307670355e-01 -3.0153515935e-01 -7.1091622114e-01 1.5213243961e+00 -6.5752255917e-01 -1.0567571968e-01 5.3065534681e-02 -2.3490272462e-01 2.8288453817e-01 7.6166683435e-01 -1.0204343796e+00 -8.7747383118e-01 1.6723550856e-02 7.0452940464e-01 7.6729702950e-01 -8.3381104469e-01 -2.7792450786e-01 -9.1970068216e-01 -8.0553901196e-01 -7.5565052032e-01 -1.0813726187e+00 -9.5295429230e-01 -9.2373341322e-01 -8.6090493202e-01 -8.5455149412e-01 -9.8620271683e-01 7.1688912809e-02 5.5403316021e-01 -1.2791289091e+00 2.5251567364e-01 -1.1068835258e+00 6.6923952103e-01 -6.8162453175e-01 -9.6205323935e-01 -4.2788729072e-01 -8.9313131571e-01 -1.1923125982e+00 -1.3516355753e+00 -7.4723136425e-01 -8.9313137531e-01 -3.5823106766e-01 -8.0326747894e-01 -7.5565052032e-01 -6.5260159969e-01 -1.9112631679e-01 -1.3623634577e+00 -7.8250145912e-01 -7.3860800266e-01 -6.4147430658e-01 5.5907368660e-01 -1.0484030247e+00 1.8492317200e+00 7.9061388969e-02 8.5255086422e-02 4.0586227179e-01 4.8623874784e-02 -2.0115616918e-01 -7.4252325296e-01 1.0265439749e+00 -5.1135218143e-01
-1.2683770061e-01 -9.5926940441e-01 -9.6831482649e-01 -1.0593762398e+00 -9.2275029421e-01 -6.6534948349e-01 -7.0331901312e-01 -6.6553092003e-01 -5.8193147182e-01 -7.5767910480e-01 -6.8001395464e-01 -4.8334005475e-01 7.7441975474e-02 8.0243945122e-01 -1.2161647081e+00 -2.1940586567e+00 3.1030622125e-01 -3.1505429745e-01 -7.1878403425e-01 1.5083351135e+00 -6.6491448879e-01 -1.0602837801e-01 -1.2631592751e+00 -2.3337265849e-01 2.8146257997e-01 7.7520489693e-01 -1.0307728052e+00 -8.7503874302e-01 2.6846904308e-02 6.8837815523e-01 7.6395195723e-01 -8.1869459152e-01 -9.9053889513e-01 -8.4017294645e-01 -7.6671391726e-01 -1.0726743937e+00 -9.5992600918e-01 -9.5722085238e-01 -8.9280974865e-01 -8.7405627966e-01 -9.9138325453e-01 -4.7408606857e-02 4.3223893642e-01 -1.3005807400e+00 3.5769662261e-01 -1.2248662710e+00 7.8120803833e-01 -8.9099782705e-01 -1.1834851503e+00 -6.2079524994e-01 -1.2096486092e+00 -1.0909845829e+00 -1.3797075748e+00 -8.7777626514e-01 -1.2096486092e+00 -4.0198084712e-01 -7.8819620609e-01 -7.6671391726e-01 -6.8893820047e-01 -9.3242801726e-02 -1.4736062288e+00 -7.9189616442e-01 -7.4562525749e-01 -6.6711372137e-01 1.8859903514e-01 -1.0356314182e+00 1.8401647806e+00 -4.8334005475e-01 -4.7258704901e-01 4.0718662739e-01 3.1713169301e-04 -1.1546187401e+00 -9.9227529764e-01 9.5636349916e-01 -5.9177070856e-01
-1.2683770061e-01 -1.0140030384e+00 -9.5902776718e-01 -9.6853923798e-01 -1.0611381531e+00 -9.2487972975e-01 -6.7015266418e-01 -7.0274555683e-01 -6.6674828529e-01 -5.8194208145e-01 -7.5636976957e-01 -8.0624330044e-01 -4.8284736276e-01 7.4737191200e-02 8.1808865070e-01 -1.2080264091e+00 -2.2331120968e+00 2.8204813600e-01 -3.1885862350e-01 -7.1957141161e-01 1.5144904852e+00 -6.6355788708e-01 -8.5200715065e-01 -1.2658030987e+00 -2.3178154230e-01 2.9069671035e-01 7.8083097935e-01 -1.0268763304e+00 -8.8006615639e-01 2.1544916555e-02 6.8457186222e-01 7.5909143686e-01 -1.0275163651e+00 -8.7627172470e-01 -7.8561139107e-01 -1.0663549900e+00 -9.6630471945e-01 -1.0101205111e+00 -9.3575167656e-01 -9.0068131685e-01 -1.0002307892e+00 -1.9658832252e-01 3.0229255557e-01 -1.3882235289e+00 5.1360440254e-01 -1.4076664448e+00 1.0943495035e+00 -1.2144688368e+00 -1.5060653687e+00 -9.2565929890e-01 -1.7581502199e+00 -1.3747726679e+00 -1.3982473612e+00 -1.1243151426e+00 -1.7581503391e+00 -3.7945121527e-01 -7.6705604792e-01 -7.8561139107e-01 -7.4640923738e-01 5.7234093547e-02 -1.6340136528e+00 -8.0431187153e-01 -7.6501733065e-01 -7.0103746653e-01 -2.5165376067e-01 -1.0641680956e+00 1.8201097250e+00 -8.0624330044e-01 -7.9489785433e-01 4.1912004352e-01 2.1627554670e-03 -1.5527323484e+00 -1.0690387487e+00 8.6614245176e-01 -7.4137705564e-01
-1.2683770061e-01 -1.1048815250e+00 -1.0137202740e+00 -9.5924949646e-01 -9.7025632858e-01 -1.0634340048e+00 -9.3030136824e-01 -6.6966527700e-01 -7.0398420095e-01 -6.6670948267e-01 -5.8095759153e-01 8.1018322706e-01 -8.0453795195e-01 -4.8861292005e-01 8.5675992072e-02 8.1047821045e-01 -1.2206957340e+00 -2.2001004219e+00 2.8437313437e-01 -3.2182437181e-01 -7.2735142708e-01 1.5091859102e+00 -4.1824534535e-01 -8.5298198462e-01 -1.2581863403e+00 -2.2714743018e-01 2.9201519489e-01 7.6745766401e-01 -1.0344835520e+00 -8.7084907293e-01 1.3841603883e-02 6.8070381880e-01 -1.0183762312e+00 -9.2094975710e-01 -8.0577939749e-01 -1.0550804138e+00 -9.7198259830e-01 -1.0148122311e+00 -9.5404845476e-01 -9.1579228640e-01 -1.0048612356e+00 -2.5383681059e-01 1.8585917354e-01 -1.2429469824e+00 6.7596560717e-01 -1.5545499325e+00 9.8990243673e-01 -7.3228198290e-01 -7.9263269901e-01 -5.4482388496e-01 -1.0830806494e+00 -1.4425247908e+00 -1.1586105824e+00 -8.6778241396e-01 -1.0830805302e+00 -3.7841340899e-01 -7.7541130781e-01 -8.0577939749e-01 -7.7688586712e-01 1.0203255713e-01 -1.1035716534e+00 -8.2459408045e-01 -7.8479784727e-01 -6.7615079880e-01 -2.5380766392e-01 -1.3510172367e+00 1.8349915743e+00 8.1018322706e-01 8.0385130644e-01 2.2472958267e-01 -1.9410565495e-02 1.4957460165e+00 -9.4859540462e-01 7.5412148237e-01 -6.8589323759e-01
-1.2683770061e-01 -1.0140030384e+00 -1.1045304537e+00 -1.0139577389e+00 -9.6096205711e-01 -9.7244292498e-01 -1.0691858530e+00 -9.2913889885e-01 -6.7088496685e-01 -7.0392370224e-01 -6.6556829214e-01 -2.6556048542e-03 8.0581802130e-01 -8.1206083298e-01 -4.8132061958e-01 8.3735734224e-02 8.5181993246e-01 -1.2120727301e+00 -2.2232551575e+00 2.7812156081e-01 -3.2711651921e-01 -7.2580397129e-01 -8.9141720533e-01 -4.1745948792e-01 -8.4777456522e-01 -1.2627515793e+00 -2.3043298721e-01 2.8330165148e-01 7.9033577442e-01 -1.0227942467e+00 -8.8376760483e-01 1.8359784037e-02 -1.0275163651e+00 -9.5704853535e-01 -8.2578915358e-01 -1.0462057590e+00 -9.7813409567e-01 -1.0179398060e+00 -9.6901810169e-01 -9.2946404219e-01 -1.0093094110e+00 -2.9530692101e-01 8.3674810827e-02 -1.0897576809e+00 7.1693110466e-01 -1.0400000811e+00 7.4330222607e-01 -7.3228198290e-01 -7.9263269901e-01 -5.4482388496e-01 -1.0830806494e+00 -1.3973797560e+00 -8.3611673117e-01 -6.8109458685e-01 -1.0830805302e+00 -4.0668696165e-01 -7.8794622421e-01 -8.2578915358e-01 -8.0288612843e-01 1.3065056503e-01 -1.0006722212e+00 -8.4159260988e-01 -8.0604541302e-01 -6.4545577765e-01 -4.1313815117e-01 -9.1674983501e-01 1.8349915743e+00 -2.6556048542e-03 4.4767251238e-03 2.2226722538e-01 -1.8949013203e-02 -7.1915698051e-01 -9.0491616726e-01 6.5101182461e-01 -6.2950217724e-01
