remark: firmware/nnet_utils/nnet_dense_latency.h:42:27: Inlining function 'nnet::product::mult<ap_fixed<32, 16, (ap_q_mode)5, (ap_o_mode)3, 0>, ap_fixed<32, 18, (ap_q_mode)5, (ap_o_mode)3, 0> >::product(ap_fixed<32, 16, (ap_q_mode)5, (ap_o_mode)3, 0>, ap_fixed<32, 18, (ap_q_mode)5, (ap_o_mode)3, 0>)' into 'void nnet::dense_latency<ap_fixed<32, 16, (ap_q_mode)5, (ap_o_mode)3, 0>, ap_fixed<32, 18, (ap_q_mode)5, (ap_o_mode)3, 0>, config2>(ap_fixed<32, 16, (ap_q_mode)5, (ap_o_mode)3, 0>*, ap_fixed<32, 18, (ap_q_mode)5, (ap_o_mode)3, 0>*, config2::weight_t*, config2::bias_t*)'
remark: firmware/nnet_utils/nnet_dense.h:45:2: Inlining function 'nnet::DenseLatency<ap_fixed<32, 16, (ap_q_mode)5, (ap_o_mode)3, 0>, ap_fixed<32, 18, (ap_q_mode)5, (ap_o_mode)3, 0>, config2>::dense(ap_fixed<32, 16, (ap_q_mode)5, (ap_o_mode)3, 0>*, ap_fixed<32, 18, (ap_q_mode)5, (ap_o_mode)3, 0>*, ap_fixed<32, 18, (ap_q_mode)5, (ap_o_mode)3, 0>*, ap_fixed<32, 18, (ap_q_mode)5, (ap_o_mode)3, 0>*)' into 'void nnet::dense<ap_fixed<32, 16, (ap_q_mode)5, (ap_o_mode)3, 0>, ap_fixed<32, 18, (ap_q_mode)5, (ap_o_mode)3, 0>, config2>(ap_fixed<32, 16, (ap_q_mode)5, (ap_o_mode)3, 0>*, ap_fixed<32, 18, (ap_q_mode)5, (ap_o_mode)3, 0>*, config2::weight_t*, config2::bias_t*)'
remark: firmware/nnet_utils/nnet_dense_latency.h:42:27: Inlining function 'nnet::product::mult<ap_fixed<16, 6, (ap_q_mode)5, (ap_o_mode)3, 0>, ap_fixed<32, 18, (ap_q_mode)5, (ap_o_mode)3, 0> >::product(ap_fixed<16, 6, (ap_q_mode)5, (ap_o_mode)3, 0>, ap_fixed<32, 18, (ap_q_mode)5, (ap_o_mode)3, 0>)' into 'void nnet::dense_latency<ap_fixed<16, 6, (ap_q_mode)5, (ap_o_mode)3, 0>, ap_fixed<32, 18, (ap_q_mode)5, (ap_o_mode)3, 0>, config4>(ap_fixed<16, 6, (ap_q_mode)5, (ap_o_mode)3, 0>*, ap_fixed<32, 18, (ap_q_mode)5, (ap_o_mode)3, 0>*, config4::weight_t*, config4::bias_t*)'
remark: firmware/nnet_utils/nnet_dense.h:45:2: Inlining function 'nnet::DenseLatency<ap_fixed<16, 6, (ap_q_mode)5, (ap_o_mode)3, 0>, ap_fixed<32, 18, (ap_q_mode)5, (ap_o_mode)3, 0>, config4>::dense(ap_fixed<16, 6, (ap_q_mode)5, (ap_o_mode)3, 0>*, ap_fixed<32, 18, (ap_q_mode)5, (ap_o_mode)3, 0>*, ap_fixed<32, 18, (ap_q_mode)5, (ap_o_mode)3, 0>*, ap_fixed<32, 18, (ap_q_mode)5, (ap_o_mode)3, 0>*)' into 'void nnet::dense<ap_fixed<16, 6, (ap_q_mode)5, (ap_o_mode)3, 0>, ap_fixed<32, 18, (ap_q_mode)5, (ap_o_mode)3, 0>, config4>(ap_fixed<16, 6, (ap_q_mode)5, (ap_o_mode)3, 0>*, ap_fixed<32, 18, (ap_q_mode)5, (ap_o_mode)3, 0>*, config4::weight_t*, config4::bias_t*)'
remark: firmware/nnet_utils/nnet_dense_latency.h:42:27: Inlining function 'nnet::product::mult<ap_fixed<16, 6, (ap_q_mode)5, (ap_o_mode)3, 0>, ap_fixed<32, 18, (ap_q_mode)5, (ap_o_mode)3, 0> >::product(ap_fixed<16, 6, (ap_q_mode)5, (ap_o_mode)3, 0>, ap_fixed<32, 18, (ap_q_mode)5, (ap_o_mode)3, 0>)' into 'void nnet::dense_latency<ap_fixed<16, 6, (ap_q_mode)5, (ap_o_mode)3, 0>, ap_fixed<32, 18, (ap_q_mode)5, (ap_o_mode)3, 0>, config6>(ap_fixed<16, 6, (ap_q_mode)5, (ap_o_mode)3, 0>*, ap_fixed<32, 18, (ap_q_mode)5, (ap_o_mode)3, 0>*, config6::weight_t*, config6::bias_t*)'
remark: firmware/nnet_utils/nnet_dense.h:45:2: Inlining function 'nnet::DenseLatency<ap_fixed<16, 6, (ap_q_mode)5, (ap_o_mode)3, 0>, ap_fixed<32, 18, (ap_q_mode)5, (ap_o_mode)3, 0>, config6>::dense(ap_fixed<16, 6, (ap_q_mode)5, (ap_o_mode)3, 0>*, ap_fixed<32, 18, (ap_q_mode)5, (ap_o_mode)3, 0>*, ap_fixed<32, 18, (ap_q_mode)5, (ap_o_mode)3, 0>*, ap_fixed<32, 18, (ap_q_mode)5, (ap_o_mode)3, 0>*)' into 'void nnet::dense<ap_fixed<16, 6, (ap_q_mode)5, (ap_o_mode)3, 0>, ap_fixed<32, 18, (ap_q_mode)5, (ap_o_mode)3, 0>, config6>(ap_fixed<16, 6, (ap_q_mode)5, (ap_o_mode)3, 0>*, ap_fixed<32, 18, (ap_q_mode)5, (ap_o_mode)3, 0>*, config6::weight_t*, config6::bias_t*)'
remark: firmware/nnet_utils/nnet_dense_latency.h:42:27: Inlining function 'nnet::product::mult<ap_fixed<16, 6, (ap_q_mode)5, (ap_o_mode)3, 0>, ap_fixed<32, 18, (ap_q_mode)5, (ap_o_mode)3, 0> >::product(ap_fixed<16, 6, (ap_q_mode)5, (ap_o_mode)3, 0>, ap_fixed<32, 18, (ap_q_mode)5, (ap_o_mode)3, 0>)' into 'void nnet::dense_latency<ap_fixed<16, 6, (ap_q_mode)5, (ap_o_mode)3, 0>, ap_fixed<32, 18, (ap_q_mode)5, (ap_o_mode)3, 0>, config8>(ap_fixed<16, 6, (ap_q_mode)5, (ap_o_mode)3, 0>*, ap_fixed<32, 18, (ap_q_mode)5, (ap_o_mode)3, 0>*, config8::weight_t*, config8::bias_t*)'
remark: firmware/nnet_utils/nnet_dense.h:45:2: Inlining function 'nnet::DenseLatency<ap_fixed<16, 6, (ap_q_mode)5, (ap_o_mode)3, 0>, ap_fixed<32, 18, (ap_q_mode)5, (ap_o_mode)3, 0>, config8>::dense(ap_fixed<16, 6, (ap_q_mode)5, (ap_o_mode)3, 0>*, ap_fixed<32, 18, (ap_q_mode)5, (ap_o_mode)3, 0>*, ap_fixed<32, 18, (ap_q_mode)5, (ap_o_mode)3, 0>*, ap_fixed<32, 18, (ap_q_mode)5, (ap_o_mode)3, 0>*)' into 'void nnet::dense<ap_fixed<16, 6, (ap_q_mode)5, (ap_o_mode)3, 0>, ap_fixed<32, 18, (ap_q_mode)5, (ap_o_mode)3, 0>, config8>(ap_fixed<16, 6, (ap_q_mode)5, (ap_o_mode)3, 0>*, ap_fixed<32, 18, (ap_q_mode)5, (ap_o_mode)3, 0>*, config8::weight_t*, config8::bias_t*)'
remark: firmware/myproject.cpp:40:2: Inlining function 'void nnet::dense<ap_fixed<32, 16, (ap_q_mode)5, (ap_o_mode)3, 0>, ap_fixed<32, 18, (ap_q_mode)5, (ap_o_mode)3, 0>, config2>(ap_fixed<32, 16, (ap_q_mode)5, (ap_o_mode)3, 0>*, ap_fixed<32, 18, (ap_q_mode)5, (ap_o_mode)3, 0>*, config2::weight_t*, config2::bias_t*)' into 'myproject(ap_fixed<32, 16, (ap_q_mode)5, (ap_o_mode)3, 0>*, ap_fixed<16, 6, (ap_q_mode)5, (ap_o_mode)3, 0>*)'
remark: firmware/myproject.cpp:48:2: Inlining function 'void nnet::dense<ap_fixed<16, 6, (ap_q_mode)5, (ap_o_mode)3, 0>, ap_fixed<32, 18, (ap_q_mode)5, (ap_o_mode)3, 0>, config4>(ap_fixed<16, 6, (ap_q_mode)5, (ap_o_mode)3, 0>*, ap_fixed<32, 18, (ap_q_mode)5, (ap_o_mode)3, 0>*, config4::weight_t*, config4::bias_t*)' into 'myproject(ap_fixed<32, 16, (ap_q_mode)5, (ap_o_mode)3, 0>*, ap_fixed<16, 6, (ap_q_mode)5, (ap_o_mode)3, 0>*)'
remark: firmware/myproject.cpp:56:2: Inlining function 'void nnet::dense<ap_fixed<16, 6, (ap_q_mode)5, (ap_o_mode)3, 0>, ap_fixed<32, 18, (ap_q_mode)5, (ap_o_mode)3, 0>, config6>(ap_fixed<16, 6, (ap_q_mode)5, (ap_o_mode)3, 0>*, ap_fixed<32, 18, (ap_q_mode)5, (ap_o_mode)3, 0>*, config6::weight_t*, config6::bias_t*)' into 'myproject(ap_fixed<32, 16, (ap_q_mode)5, (ap_o_mode)3, 0>*, ap_fixed<16, 6, (ap_q_mode)5, (ap_o_mode)3, 0>*)'
remark: firmware/myproject.cpp:64:2: Inlining function 'void nnet::dense<ap_fixed<16, 6, (ap_q_mode)5, (ap_o_mode)3, 0>, ap_fixed<32, 18, (ap_q_mode)5, (ap_o_mode)3, 0>, config8>(ap_fixed<16, 6, (ap_q_mode)5, (ap_o_mode)3, 0>*, ap_fixed<32, 18, (ap_q_mode)5, (ap_o_mode)3, 0>*, config8::weight_t*, config8::bias_t*)' into 'myproject(ap_fixed<32, 16, (ap_q_mode)5, (ap_o_mode)3, 0>*, ap_fixed<16, 6, (ap_q_mode)5, (ap_o_mode)3, 0>*)'
remark: firmware/nnet_utils/nnet_activation.h:114:23: Loop 'VITIS_LOOP_114_1' is marked as complete unroll implied by the pipeline pragma
remark: firmware/nnet_utils/nnet_dense_latency.h:64:5: Loop 'Result' is marked as complete unroll implied by the pipeline pragma
remark: firmware/nnet_utils/nnet_dense_latency.h:54:5: Loop 'Accum1' is marked as complete unroll implied by the pipeline pragma
remark: firmware/nnet_utils/nnet_dense_latency.h:56:9: Loop 'Accum2' is marked as complete unroll implied by the pipeline pragma
remark: firmware/nnet_utils/nnet_dense_latency.h:48:5: Loop 'ResetAccum' is marked as complete unroll implied by the pipeline pragma
remark: firmware/nnet_utils/nnet_dense_latency.h:37:5: Loop 'Product1' is marked as complete unroll implied by the pipeline pragma
remark: firmware/nnet_utils/nnet_dense_latency.h:40:9: Loop 'Product2' is marked as complete unroll implied by the pipeline pragma
remark: firmware/nnet_utils/nnet_activation.h:43:22: Loop 'VITIS_LOOP_43_1' is marked as complete unroll implied by the pipeline pragma
remark: firmware/nnet_utils/nnet_dense_latency.h:64:5: Loop 'Result' is marked as complete unroll implied by the pipeline pragma
remark: firmware/nnet_utils/nnet_dense_latency.h:54:5: Loop 'Accum1' is marked as complete unroll implied by the pipeline pragma
remark: firmware/nnet_utils/nnet_dense_latency.h:56:9: Loop 'Accum2' is marked as complete unroll implied by the pipeline pragma
remark: firmware/nnet_utils/nnet_dense_latency.h:48:5: Loop 'ResetAccum' is marked as complete unroll implied by the pipeline pragma
remark: firmware/nnet_utils/nnet_dense_latency.h:37:5: Loop 'Product1' is marked as complete unroll implied by the pipeline pragma
remark: firmware/nnet_utils/nnet_dense_latency.h:40:9: Loop 'Product2' is marked as complete unroll implied by the pipeline pragma
remark: firmware/nnet_utils/nnet_activation.h:43:22: Loop 'VITIS_LOOP_43_1' is marked as complete unroll implied by the pipeline pragma
remark: firmware/nnet_utils/nnet_dense_latency.h:64:5: Loop 'Result' is marked as complete unroll implied by the pipeline pragma
remark: firmware/nnet_utils/nnet_dense_latency.h:54:5: Loop 'Accum1' is marked as complete unroll implied by the pipeline pragma
remark: firmware/nnet_utils/nnet_dense_latency.h:56:9: Loop 'Accum2' is marked as complete unroll implied by the pipeline pragma
remark: firmware/nnet_utils/nnet_dense_latency.h:48:5: Loop 'ResetAccum' is marked as complete unroll implied by the pipeline pragma
remark: firmware/nnet_utils/nnet_dense_latency.h:37:5: Loop 'Product1' is marked as complete unroll implied by the pipeline pragma
remark: firmware/nnet_utils/nnet_dense_latency.h:40:9: Loop 'Product2' is marked as complete unroll implied by the pipeline pragma
remark: firmware/nnet_utils/nnet_activation.h:43:22: Loop 'VITIS_LOOP_43_1' is marked as complete unroll implied by the pipeline pragma
remark: firmware/nnet_utils/nnet_dense_latency.h:64:5: Loop 'Result' is marked as complete unroll implied by the pipeline pragma
remark: firmware/nnet_utils/nnet_dense_latency.h:54:5: Loop 'Accum1' is marked as complete unroll implied by the pipeline pragma
remark: firmware/nnet_utils/nnet_dense_latency.h:56:9: Loop 'Accum2' is marked as complete unroll implied by the pipeline pragma
remark: firmware/nnet_utils/nnet_dense_latency.h:48:5: Loop 'ResetAccum' is marked as complete unroll implied by the pipeline pragma
remark: firmware/nnet_utils/nnet_dense_latency.h:37:5: Loop 'Product1' is marked as complete unroll implied by the pipeline pragma
remark: firmware/nnet_utils/nnet_dense_latency.h:40:9: Loop 'Product2' is marked as complete unroll implied by the pipeline pragma
remark: firmware/nnet_utils/nnet_activation.h:95:0: Unrolling loop 'VITIS_LOOP_114_1' (firmware/nnet_utils/nnet_activation.h:114:23) in function 'nnet::sigmoid<ap_fixed<32, 18, (ap_q_mode)5, (ap_o_mode)3, 0>, ap_fixed<16, 6, (ap_q_mode)5, (ap_o_mode)3, 0>, sigmoid_config9>' completely with a factor of 1
remark: firmware/nnet_utils/nnet_dense_latency.h:15:0: Unrolling loop 'Result' (firmware/nnet_utils/nnet_dense_latency.h:64:5) in function 'nnet::dense_latency<ap_fixed<16, 6, (ap_q_mode)5, (ap_o_mode)3, 0>, ap_fixed<32, 18, (ap_q_mode)5, (ap_o_mode)3, 0>, config8>' completely with a factor of 1
remark: firmware/nnet_utils/nnet_dense_latency.h:15:0: Unrolling loop 'Accum1' (firmware/nnet_utils/nnet_dense_latency.h:54:5) in function 'nnet::dense_latency<ap_fixed<16, 6, (ap_q_mode)5, (ap_o_mode)3, 0>, ap_fixed<32, 18, (ap_q_mode)5, (ap_o_mode)3, 0>, config8>' completely with a factor of 16
remark: firmware/nnet_utils/nnet_dense_latency.h:15:0: Unrolling loop 'Accum2' (firmware/nnet_utils/nnet_dense_latency.h:56:9) in function 'nnet::dense_latency<ap_fixed<16, 6, (ap_q_mode)5, (ap_o_mode)3, 0>, ap_fixed<32, 18, (ap_q_mode)5, (ap_o_mode)3, 0>, config8>' completely with a factor of 1
remark: firmware/nnet_utils/nnet_dense_latency.h:15:0: Unrolling loop 'Accum2' (firmware/nnet_utils/nnet_dense_latency.h:56:9) in function 'nnet::dense_latency<ap_fixed<16, 6, (ap_q_mode)5, (ap_o_mode)3, 0>, ap_fixed<32, 18, (ap_q_mode)5, (ap_o_mode)3, 0>, config8>' completely with a factor of 1
remark: firmware/nnet_utils/nnet_dense_latency.h:15:0: Unrolling loop 'Accum2' (firmware/nnet_utils/nnet_dense_latency.h:56:9) in function 'nnet::dense_latency<ap_fixed<16, 6, (ap_q_mode)5, (ap_o_mode)3, 0>, ap_fixed<32, 18, (ap_q_mode)5, (ap_o_mode)3, 0>, config8>' completely with a factor of 1
remark: firmware/nnet_utils/nnet_dense_latency.h:15:0: Unrolling loop 'Accum2' (firmware/nnet_utils/nnet_dense_latency.h:56:9) in function 'nnet::dense_latency<ap_fixed<16, 6, (ap_q_mode)5, (ap_o_mode)3, 0>, ap_fixed<32, 18, (ap_q_mode)5, (ap_o_mode)3, 0>, config8>' completely with a factor of 1
remark: firmware/nnet_utils/nnet_dense_latency.h:15:0: Unrolling loop 'Accum2' (firmware/nnet_utils/nnet_dense_latency.h:56:9) in function 'nnet::dense_latency<ap_fixed<16, 6, (ap_q_mode)5, (ap_o_mode)3, 0>, ap_fixed<32, 18, (ap_q_mode)5, (ap_o_mode)3, 0>, config8>' completely with a factor of 1
remark: firmware/nnet_utils/nnet_dense_latency.h:15:0: Unrolling loop 'Accum2' (firmware/nnet_utils/nnet_dense_latency.h:56:9) in function 'nnet::dense_latency<ap_fixed<16, 6, (ap_q_mode)5, (ap_o_mode)3, 0>, ap_fixed<32, 18, (ap_q_mode)5, (ap_o_mode)3, 0>, config8>' completely with a factor of 1
remark: firmware/nnet_utils/nnet_dense_latency.h:15:0: Unrolling loop 'Accum2' (firmware/nnet_utils/nnet_dense_latency.h:56:9) in function 'nnet::dense_latency<ap_fixed<16, 6, (ap_q_mode)5, (ap_o_mode)3, 0>, ap_fixed<32, 18, (ap_q_mode)5, (ap_o_mode)3, 0>, config8>' completely with a factor of 1
remark: firmware/nnet_utils/nnet_dense_latency.h:15:0: Unrolling loop 'Accum2' (firmware/nnet_utils/nnet_dense_latency.h:56:9) in function 'nnet::dense_latency<ap_fixed<16, 6, (ap_q_mode)5, (ap_o_mode)3, 0>, ap_fixed<32, 18, (ap_q_mode)5, (ap_o_mode)3, 0>, config8>' completely with a factor of 1
remark: firmware/nnet_utils/nnet_dense_latency.h:15:0: Unrolling loop 'Accum2' (firmware/nnet_utils/nnet_dense_latency.h:56:9) in function 'nnet::dense_latency<ap_fixed<16, 6, (ap_q_mode)5, (ap_o_mode)3, 0>, ap_fixed<32, 18, (ap_q_mode)5, (ap_o_mode)3, 0>, config8>' completely with a factor of 1
remark: firmware/nnet_utils/nnet_dense_latency.h:15:0: Unrolling loop 'Accum2' (firmware/nnet_utils/nnet_dense_latency.h:56:9) in function 'nnet::dense_latency<ap_fixed<16, 6, (ap_q_mode)5, (ap_o_mode)3, 0>, ap_fixed<32, 18, (ap_q_mode)5, (ap_o_mode)3, 0>, config8>' completely with a factor of 1
remark: firmware/nnet_utils/nnet_dense_latency.h:15:0: Unrolling loop 'Accum2' (firmware/nnet_utils/nnet_dense_latency.h:56:9) in function 'nnet::dense_latency<ap_fixed<16, 6, (ap_q_mode)5, (ap_o_mode)3, 0>, ap_fixed<32, 18, (ap_q_mode)5, (ap_o_mode)3, 0>, config8>' completely with a factor of 1
remark: firmware/nnet_utils/nnet_dense_latency.h:15:0: Unrolling loop 'Accum2' (firmware/nnet_utils/nnet_dense_latency.h:56:9) in function 'nnet::dense_latency<ap_fixed<16, 6, (ap_q_mode)5, (ap_o_mode)3, 0>, ap_fixed<32, 18, (ap_q_mode)5, (ap_o_mode)3, 0>, config8>' completely with a factor of 1
remark: firmware/nnet_utils/nnet_dense_latency.h:15:0: Unrolling loop 'Accum2' (firmware/nnet_utils/nnet_dense_latency.h:56:9) in function 'nnet::dense_latency<ap_fixed<16, 6, (ap_q_mode)5, (ap_o_mode)3, 0>, ap_fixed<32, 18, (ap_q_mode)5, (ap_o_mode)3, 0>, config8>' completely with a factor of 1
remark: firmware/nnet_utils/nnet_dense_latency.h:15:0: Unrolling loop 'Accum2' (firmware/nnet_utils/nnet_dense_latency.h:56:9) in function 'nnet::dense_latency<ap_fixed<16, 6, (ap_q_mode)5, (ap_o_mode)3, 0>, ap_fixed<32, 18, (ap_q_mode)5, (ap_o_mode)3, 0>, config8>' completely with a factor of 1
remark: firmware/nnet_utils/nnet_dense_latency.h:15:0: Unrolling loop 'Accum2' (firmware/nnet_utils/nnet_dense_latency.h:56:9) in function 'nnet::dense_latency<ap_fixed<16, 6, (ap_q_mode)5, (ap_o_mode)3, 0>, ap_fixed<32, 18, (ap_q_mode)5, (ap_o_mode)3, 0>, config8>' completely with a factor of 1
remark: firmware/nnet_utils/nnet_dense_latency.h:15:0: Unrolling loop 'Accum2' (firmware/nnet_utils/nnet_dense_latency.h:56:9) in function 'nnet::dense_latency<ap_fixed<16, 6, (ap_q_mode)5, (ap_o_mode)3, 0>, ap_fixed<32, 18, (ap_q_mode)5, (ap_o_mode)3, 0>, config8>' completely with a factor of 1
remark: firmware/nnet_utils/nnet_dense_latency.h:15:0: Unrolling loop 'ResetAccum' (firmware/nnet_utils/nnet_dense_latency.h:48:5) in function 'nnet::dense_latency<ap_fixed<16, 6, (ap_q_mode)5, (ap_o_mode)3, 0>, ap_fixed<32, 18, (ap_q_mode)5, (ap_o_mode)3, 0>, config8>' completely with a factor of 1
remark: firmware/nnet_utils/nnet_dense_latency.h:15:0: Unrolling loop 'Product1' (firmware/nnet_utils/nnet_dense_latency.h:37:5) in function 'nnet::dense_latency<ap_fixed<16, 6, (ap_q_mode)5, (ap_o_mode)3, 0>, ap_fixed<32, 18, (ap_q_mode)5, (ap_o_mode)3, 0>, config8>' completely with a factor of 16
remark: firmware/nnet_utils/nnet_dense_latency.h:15:0: Unrolling loop 'Product2' (firmware/nnet_utils/nnet_dense_latency.h:40:9) in function 'nnet::dense_latency<ap_fixed<16, 6, (ap_q_mode)5, (ap_o_mode)3, 0>, ap_fixed<32, 18, (ap_q_mode)5, (ap_o_mode)3, 0>, config8>' completely with a factor of 1
remark: firmware/nnet_utils/nnet_dense_latency.h:15:0: Unrolling loop 'Product2' (firmware/nnet_utils/nnet_dense_latency.h:40:9) in function 'nnet::dense_latency<ap_fixed<16, 6, (ap_q_mode)5, (ap_o_mode)3, 0>, ap_fixed<32, 18, (ap_q_mode)5, (ap_o_mode)3, 0>, config8>' completely with a factor of 1
remark: firmware/nnet_utils/nnet_dense_latency.h:15:0: Unrolling loop 'Product2' (firmware/nnet_utils/nnet_dense_latency.h:40:9) in function 'nnet::dense_latency<ap_fixed<16, 6, (ap_q_mode)5, (ap_o_mode)3, 0>, ap_fixed<32, 18, (ap_q_mode)5, (ap_o_mode)3, 0>, config8>' completely with a factor of 1
remark: firmware/nnet_utils/nnet_dense_latency.h:15:0: Unrolling loop 'Product2' (firmware/nnet_utils/nnet_dense_latency.h:40:9) in function 'nnet::dense_latency<ap_fixed<16, 6, (ap_q_mode)5, (ap_o_mode)3, 0>, ap_fixed<32, 18, (ap_q_mode)5, (ap_o_mode)3, 0>, config8>' completely with a factor of 1
remark: firmware/nnet_utils/nnet_dense_latency.h:15:0: Unrolling loop 'Product2' (firmware/nnet_utils/nnet_dense_latency.h:40:9) in function 'nnet::dense_latency<ap_fixed<16, 6, (ap_q_mode)5, (ap_o_mode)3, 0>, ap_fixed<32, 18, (ap_q_mode)5, (ap_o_mode)3, 0>, config8>' completely with a factor of 1
remark: firmware/nnet_utils/nnet_dense_latency.h:15:0: Unrolling loop 'Product2' (firmware/nnet_utils/nnet_dense_latency.h:40:9) in function 'nnet::dense_latency<ap_fixed<16, 6, (ap_q_mode)5, (ap_o_mode)3, 0>, ap_fixed<32, 18, (ap_q_mode)5, (ap_o_mode)3, 0>, config8>' completely with a factor of 1
remark: firmware/nnet_utils/nnet_dense_latency.h:15:0: Unrolling loop 'Product2' (firmware/nnet_utils/nnet_dense_latency.h:40:9) in function 'nnet::dense_latency<ap_fixed<16, 6, (ap_q_mode)5, (ap_o_mode)3, 0>, ap_fixed<32, 18, (ap_q_mode)5, (ap_o_mode)3, 0>, config8>' completely with a factor of 1
remark: firmware/nnet_utils/nnet_dense_latency.h:15:0: Unrolling loop 'Product2' (firmware/nnet_utils/nnet_dense_latency.h:40:9) in function 'nnet::dense_latency<ap_fixed<16, 6, (ap_q_mode)5, (ap_o_mode)3, 0>, ap_fixed<32, 18, (ap_q_mode)5, (ap_o_mode)3, 0>, config8>' completely with a factor of 1
remark: firmware/nnet_utils/nnet_dense_latency.h:15:0: Unrolling loop 'Product2' (firmware/nnet_utils/nnet_dense_latency.h:40:9) in function 'nnet::dense_latency<ap_fixed<16, 6, (ap_q_mode)5, (ap_o_mode)3, 0>, ap_fixed<32, 18, (ap_q_mode)5, (ap_o_mode)3, 0>, config8>' completely with a factor of 1
remark: firmware/nnet_utils/nnet_dense_latency.h:15:0: Unrolling loop 'Product2' (firmware/nnet_utils/nnet_dense_latency.h:40:9) in function 'nnet::dense_latency<ap_fixed<16, 6, (ap_q_mode)5, (ap_o_mode)3, 0>, ap_fixed<32, 18, (ap_q_mode)5, (ap_o_mode)3, 0>, config8>' completely with a factor of 1
remark: firmware/nnet_utils/nnet_dense_latency.h:15:0: Unrolling loop 'Product2' (firmware/nnet_utils/nnet_dense_latency.h:40:9) in function 'nnet::dense_latency<ap_fixed<16, 6, (ap_q_mode)5, (ap_o_mode)3, 0>, ap_fixed<32, 18, (ap_q_mode)5, (ap_o_mode)3, 0>, config8>' completely with a factor of 1
remark: firmware/nnet_utils/nnet_dense_latency.h:15:0: Unrolling loop 'Product2' (firmware/nnet_utils/nnet_dense_latency.h:40:9) in function 'nnet::dense_latency<ap_fixed<16, 6, (ap_q_mode)5, (ap_o_mode)3, 0>, ap_fixed<32, 18, (ap_q_mode)5, (ap_o_mode)3, 0>, config8>' completely with a factor of 1
remark: firmware/nnet_utils/nnet_dense_latency.h:15:0: Unrolling loop 'Product2' (firmware/nnet_utils/nnet_dense_latency.h:40:9) in function 'nnet::dense_latency<ap_fixed<16, 6, (ap_q_mode)5, (ap_o_mode)3, 0>, ap_fixed<32, 18, (ap_q_mode)5, (ap_o_mode)3, 0>, config8>' completely with a factor of 1
remark: firmware/nnet_utils/nnet_dense_latency.h:15:0: Unrolling loop 'Product2' (firmware/nnet_utils/nnet_dense_latency.h:40:9) in function 'nnet::dense_latency<ap_fixed<16, 6, (ap_q_mode)5, (ap_o_mode)3, 0>, ap_fixed<32, 18, (ap_q_mode)5, (ap_o_mode)3, 0>, config8>' completely with a factor of 1
remark: firmware/nnet_utils/nnet_dense_latency.h:15:0: Unrolling loop 'Product2' (firmware/nnet_utils/nnet_dense_latency.h:40:9) in function 'nnet::dense_latency<ap_fixed<16, 6, (ap_q_mode)5, (ap_o_mode)3, 0>, ap_fixed<32, 18, (ap_q_mode)5, (ap_o_mode)3, 0>, config8>' completely with a factor of 1
remark: firmware/nnet_utils/nnet_dense_latency.h:15:0: Unrolling loop 'Product2' (firmware/nnet_utils/nnet_dense_latency.h:40:9) in function 'nnet::dense_latency<ap_fixed<16, 6, (ap_q_mode)5, (ap_o_mode)3, 0>, ap_fixed<32, 18, (ap_q_mode)5, (ap_o_mode)3, 0>, config8>' completely with a factor of 1
remark: firmware/nnet_utils/nnet_activation.h:39:0: Unrolling loop 'VITIS_LOOP_43_1' (firmware/nnet_utils/nnet_activation.h:43:22) in function 'nnet::relu<ap_fixed<32, 18, (ap_q_mode)5, (ap_o_mode)3, 0>, ap_fixed<16, 6, (ap_q_mode)5, (ap_o_mode)3, 0>, relu_config7>' completely with a factor of 16
remark: firmware/nnet_utils/nnet_dense_latency.h:15:0: Unrolling loop 'Result' (firmware/nnet_utils/nnet_dense_latency.h:64:5) in function 'nnet::dense_latency<ap_fixed<16, 6, (ap_q_mode)5, (ap_o_mode)3, 0>, ap_fixed<32, 18, (ap_q_mode)5, (ap_o_mode)3, 0>, config6>' completely with a factor of 16
remark: firmware/nnet_utils/nnet_dense_latency.h:15:0: Unrolling loop 'Accum1' (firmware/nnet_utils/nnet_dense_latency.h:54:5) in function 'nnet::dense_latency<ap_fixed<16, 6, (ap_q_mode)5, (ap_o_mode)3, 0>, ap_fixed<32, 18, (ap_q_mode)5, (ap_o_mode)3, 0>, config6>' completely with a factor of 32
remark: firmware/nnet_utils/nnet_dense_latency.h:15:0: Unrolling loop 'Accum2' (firmware/nnet_utils/nnet_dense_latency.h:56:9) in function 'nnet::dense_latency<ap_fixed<16, 6, (ap_q_mode)5, (ap_o_mode)3, 0>, ap_fixed<32, 18, (ap_q_mode)5, (ap_o_mode)3, 0>, config6>' completely with a factor of 16
remark: firmware/nnet_utils/nnet_dense_latency.h:15:0: Unrolling loop 'Accum2' (firmware/nnet_utils/nnet_dense_latency.h:56:9) in function 'nnet::dense_latency<ap_fixed<16, 6, (ap_q_mode)5, (ap_o_mode)3, 0>, ap_fixed<32, 18, (ap_q_mode)5, (ap_o_mode)3, 0>, config6>' completely with a factor of 16
remark: firmware/nnet_utils/nnet_dense_latency.h:15:0: Unrolling loop 'Accum2' (firmware/nnet_utils/nnet_dense_latency.h:56:9) in function 'nnet::dense_latency<ap_fixed<16, 6, (ap_q_mode)5, (ap_o_mode)3, 0>, ap_fixed<32, 18, (ap_q_mode)5, (ap_o_mode)3, 0>, config6>' completely with a factor of 16
remark: firmware/nnet_utils/nnet_dense_latency.h:15:0: Unrolling loop 'Accum2' (firmware/nnet_utils/nnet_dense_latency.h:56:9) in function 'nnet::dense_latency<ap_fixed<16, 6, (ap_q_mode)5, (ap_o_mode)3, 0>, ap_fixed<32, 18, (ap_q_mode)5, (ap_o_mode)3, 0>, config6>' completely with a factor of 16
remark: firmware/nnet_utils/nnet_dense_latency.h:15:0: Unrolling loop 'Accum2' (firmware/nnet_utils/nnet_dense_latency.h:56:9) in function 'nnet::dense_latency<ap_fixed<16, 6, (ap_q_mode)5, (ap_o_mode)3, 0>, ap_fixed<32, 18, (ap_q_mode)5, (ap_o_mode)3, 0>, config6>' completely with a factor of 16
remark: firmware/nnet_utils/nnet_dense_latency.h:15:0: Unrolling loop 'Accum2' (firmware/nnet_utils/nnet_dense_latency.h:56:9) in function 'nnet::dense_latency<ap_fixed<16, 6, (ap_q_mode)5, (ap_o_mode)3, 0>, ap_fixed<32, 18, (ap_q_mode)5, (ap_o_mode)3, 0>, config6>' completely with a factor of 16
remark: firmware/nnet_utils/nnet_dense_latency.h:15:0: Unrolling loop 'Accum2' (firmware/nnet_utils/nnet_dense_latency.h:56:9) in function 'nnet::dense_latency<ap_fixed<16, 6, (ap_q_mode)5, (ap_o_mode)3, 0>, ap_fixed<32, 18, (ap_q_mode)5, (ap_o_mode)3, 0>, config6>' completely with a factor of 16
remark: firmware/nnet_utils/nnet_dense_latency.h:15:0: Unrolling loop 'Accum2' (firmware/nnet_utils/nnet_dense_latency.h:56:9) in function 'nnet::dense_latency<ap_fixed<16, 6, (ap_q_mode)5, (ap_o_mode)3, 0>, ap_fixed<32, 18, (ap_q_mode)5, (ap_o_mode)3, 0>, config6>' completely with a factor of 16
remark: firmware/nnet_utils/nnet_dense_latency.h:15:0: Unrolling loop 'Accum2' (firmware/nnet_utils/nnet_dense_latency.h:56:9) in function 'nnet::dense_latency<ap_fixed<16, 6, (ap_q_mode)5, (ap_o_mode)3, 0>, ap_fixed<32, 18, (ap_q_mode)5, (ap_o_mode)3, 0>, config6>' completely with a factor of 16
remark: firmware/nnet_utils/nnet_dense_latency.h:15:0: Unrolling loop 'Accum2' (firmware/nnet_utils/nnet_dense_latency.h:56:9) in function 'nnet::dense_latency<ap_fixed<16, 6, (ap_q_mode)5, (ap_o_mode)3, 0>, ap_fixed<32, 18, (ap_q_mode)5, (ap_o_mode)3, 0>, config6>' completely with a factor of 16
remark: firmware/nnet_utils/nnet_dense_latency.h:15:0: Unrolling loop 'Accum2' (firmware/nnet_utils/nnet_dense_latency.h:56:9) in function 'nnet::dense_latency<ap_fixed<16, 6, (ap_q_mode)5, (ap_o_mode)3, 0>, ap_fixed<32, 18, (ap_q_mode)5, (ap_o_mode)3, 0>, config6>' completely with a factor of 16
remark: firmware/nnet_utils/nnet_dense_latency.h:15:0: Unrolling loop 'Accum2' (firmware/nnet_utils/nnet_dense_latency.h:56:9) in function 'nnet::dense_latency<ap_fixed<16, 6, (ap_q_mode)5, (ap_o_mode)3, 0>, ap_fixed<32, 18, (ap_q_mode)5, (ap_o_mode)3, 0>, config6>' completely with a factor of 16
remark: firmware/nnet_utils/nnet_dense_latency.h:15:0: Unrolling loop 'Accum2' (firmware/nnet_utils/nnet_dense_latency.h:56:9) in function 'nnet::dense_latency<ap_fixed<16, 6, (ap_q_mode)5, (ap_o_mode)3, 0>, ap_fixed<32, 18, (ap_q_mode)5, (ap_o_mode)3, 0>, config6>' completely with a factor of 16
remark: firmware/nnet_utils/nnet_dense_latency.h:15:0: Unrolling loop 'Accum2' (firmware/nnet_utils/nnet_dense_latency.h:56:9) in function 'nnet::dense_latency<ap_fixed<16, 6, (ap_q_mode)5, (ap_o_mode)3, 0>, ap_fixed<32, 18, (ap_q_mode)5, (ap_o_mode)3, 0>, config6>' completely with a factor of 16
remark: firmware/nnet_utils/nnet_dense_latency.h:15:0: Unrolling loop 'Accum2' (firmware/nnet_utils/nnet_dense_latency.h:56:9) in function 'nnet::dense_latency<ap_fixed<16, 6, (ap_q_mode)5, (ap_o_mode)3, 0>, ap_fixed<32, 18, (ap_q_mode)5, (ap_o_mode)3, 0>, config6>' completely with a factor of 16
remark: firmware/nnet_utils/nnet_dense_latency.h:15:0: Unrolling loop 'Accum2' (firmware/nnet_utils/nnet_dense_latency.h:56:9) in function 'nnet::dense_latency<ap_fixed<16, 6, (ap_q_mode)5, (ap_o_mode)3, 0>, ap_fixed<32, 18, (ap_q_mode)5, (ap_o_mode)3, 0>, config6>' completely with a factor of 16
remark: firmware/nnet_utils/nnet_dense_latency.h:15:0: Unrolling loop 'Accum2' (firmware/nnet_utils/nnet_dense_latency.h:56:9) in function 'nnet::dense_latency<ap_fixed<16, 6, (ap_q_mode)5, (ap_o_mode)3, 0>, ap_fixed<32, 18, (ap_q_mode)5, (ap_o_mode)3, 0>, config6>' completely with a factor of 16
remark: firmware/nnet_utils/nnet_dense_latency.h:15:0: Unrolling loop 'Accum2' (firmware/nnet_utils/nnet_dense_latency.h:56:9) in function 'nnet::dense_latency<ap_fixed<16, 6, (ap_q_mode)5, (ap_o_mode)3, 0>, ap_fixed<32, 18, (ap_q_mode)5, (ap_o_mode)3, 0>, config6>' completely with a factor of 16
remark: firmware/nnet_utils/nnet_dense_latency.h:15:0: Unrolling loop 'Accum2' (firmware/nnet_utils/nnet_dense_latency.h:56:9) in function 'nnet::dense_latency<ap_fixed<16, 6, (ap_q_mode)5, (ap_o_mode)3, 0>, ap_fixed<32, 18, (ap_q_mode)5, (ap_o_mode)3, 0>, config6>' completely with a factor of 16
remark: firmware/nnet_utils/nnet_dense_latency.h:15:0: Unrolling loop 'Accum2' (firmware/nnet_utils/nnet_dense_latency.h:56:9) in function 'nnet::dense_latency<ap_fixed<16, 6, (ap_q_mode)5, (ap_o_mode)3, 0>, ap_fixed<32, 18, (ap_q_mode)5, (ap_o_mode)3, 0>, config6>' completely with a factor of 16
remark: firmware/nnet_utils/nnet_dense_latency.h:15:0: Unrolling loop 'Accum2' (firmware/nnet_utils/nnet_dense_latency.h:56:9) in function 'nnet::dense_latency<ap_fixed<16, 6, (ap_q_mode)5, (ap_o_mode)3, 0>, ap_fixed<32, 18, (ap_q_mode)5, (ap_o_mode)3, 0>, config6>' completely with a factor of 16
remark: firmware/nnet_utils/nnet_dense_latency.h:15:0: Unrolling loop 'Accum2' (firmware/nnet_utils/nnet_dense_latency.h:56:9) in function 'nnet::dense_latency<ap_fixed<16, 6, (ap_q_mode)5, (ap_o_mode)3, 0>, ap_fixed<32, 18, (ap_q_mode)5, (ap_o_mode)3, 0>, config6>' completely with a factor of 16
remark: firmware/nnet_utils/nnet_dense_latency.h:15:0: Unrolling loop 'Accum2' (firmware/nnet_utils/nnet_dense_latency.h:56:9) in function 'nnet::dense_latency<ap_fixed<16, 6, (ap_q_mode)5, (ap_o_mode)3, 0>, ap_fixed<32, 18, (ap_q_mode)5, (ap_o_mode)3, 0>, config6>' completely with a factor of 16
remark: firmware/nnet_utils/nnet_dense_latency.h:15:0: Unrolling loop 'Accum2' (firmware/nnet_utils/nnet_dense_latency.h:56:9) in function 'nnet::dense_latency<ap_fixed<16, 6, (ap_q_mode)5, (ap_o_mode)3, 0>, ap_fixed<32, 18, (ap_q_mode)5, (ap_o_mode)3, 0>, config6>' completely with a factor of 16
remark: firmware/nnet_utils/nnet_dense_latency.h:15:0: Unrolling loop 'Accum2' (firmware/nnet_utils/nnet_dense_latency.h:56:9) in function 'nnet::dense_latency<ap_fixed<16, 6, (ap_q_mode)5, (ap_o_mode)3, 0>, ap_fixed<32, 18, (ap_q_mode)5, (ap_o_mode)3, 0>, config6>' completely with a factor of 16
remark: firmware/nnet_utils/nnet_dense_latency.h:15:0: Unrolling loop 'Accum2' (firmware/nnet_utils/nnet_dense_latency.h:56:9) in function 'nnet::dense_latency<ap_fixed<16, 6, (ap_q_mode)5, (ap_o_mode)3, 0>, ap_fixed<32, 18, (ap_q_mode)5, (ap_o_mode)3, 0>, config6>' completely with a factor of 16
remark: firmware/nnet_utils/nnet_dense_latency.h:15:0: Unrolling loop 'Accum2' (firmware/nnet_utils/nnet_dense_latency.h:56:9) in function 'nnet::dense_latency<ap_fixed<16, 6, (ap_q_mode)5, (ap_o_mode)3, 0>, ap_fixed<32, 18, (ap_q_mode)5, (ap_o_mode)3, 0>, config6>' completely with a factor of 16
remark: firmware/nnet_utils/nnet_dense_latency.h:15:0: Unrolling loop 'Accum2' (firmware/nnet_utils/nnet_dense_latency.h:56:9) in function 'nnet::dense_latency<ap_fixed<16, 6, (ap_q_mode)5, (ap_o_mode)3, 0>, ap_fixed<32, 18, (ap_q_mode)5, (ap_o_mode)3, 0>, config6>' completely with a factor of 16
remark: firmware/nnet_utils/nnet_dense_latency.h:15:0: Unrolling loop 'Accum2' (firmware/nnet_utils/nnet_dense_latency.h:56:9) in function 'nnet::dense_latency<ap_fixed<16, 6, (ap_q_mode)5, (ap_o_mode)3, 0>, ap_fixed<32, 18, (ap_q_mode)5, (ap_o_mode)3, 0>, config6>' completely with a factor of 16
remark: firmware/nnet_utils/nnet_dense_latency.h:15:0: Unrolling loop 'Accum2' (firmware/nnet_utils/nnet_dense_latency.h:56:9) in function 'nnet::dense_latency<ap_fixed<16, 6, (ap_q_mode)5, (ap_o_mode)3, 0>, ap_fixed<32, 18, (ap_q_mode)5, (ap_o_mode)3, 0>, config6>' completely with a factor of 16
remark: firmware/nnet_utils/nnet_dense_latency.h:15:0: Unrolling loop 'Accum2' (firmware/nnet_utils/nnet_dense_latency.h:56:9) in function 'nnet::dense_latency<ap_fixed<16, 6, (ap_q_mode)5, (ap_o_mode)3, 0>, ap_fixed<32, 18, (ap_q_mode)5, (ap_o_mode)3, 0>, config6>' completely with a factor of 16
remark: firmware/nnet_utils/nnet_dense_latency.h:15:0: Unrolling loop 'Accum2' (firmware/nnet_utils/nnet_dense_latency.h:56:9) in function 'nnet::dense_latency<ap_fixed<16, 6, (ap_q_mode)5, (ap_o_mode)3, 0>, ap_fixed<32, 18, (ap_q_mode)5, (ap_o_mode)3, 0>, config6>' completely with a factor of 16
remark: firmware/nnet_utils/nnet_dense_latency.h:15:0: Unrolling loop 'ResetAccum' (firmware/nnet_utils/nnet_dense_latency.h:48:5) in function 'nnet::dense_latency<ap_fixed<16, 6, (ap_q_mode)5, (ap_o_mode)3, 0>, ap_fixed<32, 18, (ap_q_mode)5, (ap_o_mode)3, 0>, config6>' completely with a factor of 16
remark: firmware/nnet_utils/nnet_dense_latency.h:15:0: Unrolling loop 'Product1' (firmware/nnet_utils/nnet_dense_latency.h:37:5) in function 'nnet::dense_latency<ap_fixed<16, 6, (ap_q_mode)5, (ap_o_mode)3, 0>, ap_fixed<32, 18, (ap_q_mode)5, (ap_o_mode)3, 0>, config6>' completely with a factor of 32
remark: firmware/nnet_utils/nnet_dense_latency.h:15:0: Unrolling loop 'Product2' (firmware/nnet_utils/nnet_dense_latency.h:40:9) in function 'nnet::dense_latency<ap_fixed<16, 6, (ap_q_mode)5, (ap_o_mode)3, 0>, ap_fixed<32, 18, (ap_q_mode)5, (ap_o_mode)3, 0>, config6>' completely with a factor of 16
remark: firmware/nnet_utils/nnet_dense_latency.h:15:0: Unrolling loop 'Product2' (firmware/nnet_utils/nnet_dense_latency.h:40:9) in function 'nnet::dense_latency<ap_fixed<16, 6, (ap_q_mode)5, (ap_o_mode)3, 0>, ap_fixed<32, 18, (ap_q_mode)5, (ap_o_mode)3, 0>, config6>' completely with a factor of 16
remark: firmware/nnet_utils/nnet_dense_latency.h:15:0: Unrolling loop 'Product2' (firmware/nnet_utils/nnet_dense_latency.h:40:9) in function 'nnet::dense_latency<ap_fixed<16, 6, (ap_q_mode)5, (ap_o_mode)3, 0>, ap_fixed<32, 18, (ap_q_mode)5, (ap_o_mode)3, 0>, config6>' completely with a factor of 16
remark: firmware/nnet_utils/nnet_dense_latency.h:15:0: Unrolling loop 'Product2' (firmware/nnet_utils/nnet_dense_latency.h:40:9) in function 'nnet::dense_latency<ap_fixed<16, 6, (ap_q_mode)5, (ap_o_mode)3, 0>, ap_fixed<32, 18, (ap_q_mode)5, (ap_o_mode)3, 0>, config6>' completely with a factor of 16
remark: firmware/nnet_utils/nnet_dense_latency.h:15:0: Unrolling loop 'Product2' (firmware/nnet_utils/nnet_dense_latency.h:40:9) in function 'nnet::dense_latency<ap_fixed<16, 6, (ap_q_mode)5, (ap_o_mode)3, 0>, ap_fixed<32, 18, (ap_q_mode)5, (ap_o_mode)3, 0>, config6>' completely with a factor of 16
remark: firmware/nnet_utils/nnet_dense_latency.h:15:0: Unrolling loop 'Product2' (firmware/nnet_utils/nnet_dense_latency.h:40:9) in function 'nnet::dense_latency<ap_fixed<16, 6, (ap_q_mode)5, (ap_o_mode)3, 0>, ap_fixed<32, 18, (ap_q_mode)5, (ap_o_mode)3, 0>, config6>' completely with a factor of 16
remark: firmware/nnet_utils/nnet_dense_latency.h:15:0: Unrolling loop 'Product2' (firmware/nnet_utils/nnet_dense_latency.h:40:9) in function 'nnet::dense_latency<ap_fixed<16, 6, (ap_q_mode)5, (ap_o_mode)3, 0>, ap_fixed<32, 18, (ap_q_mode)5, (ap_o_mode)3, 0>, config6>' completely with a factor of 16
remark: firmware/nnet_utils/nnet_dense_latency.h:15:0: Unrolling loop 'Product2' (firmware/nnet_utils/nnet_dense_latency.h:40:9) in function 'nnet::dense_latency<ap_fixed<16, 6, (ap_q_mode)5, (ap_o_mode)3, 0>, ap_fixed<32, 18, (ap_q_mode)5, (ap_o_mode)3, 0>, config6>' completely with a factor of 16
remark: firmware/nnet_utils/nnet_dense_latency.h:15:0: Unrolling loop 'Product2' (firmware/nnet_utils/nnet_dense_latency.h:40:9) in function 'nnet::dense_latency<ap_fixed<16, 6, (ap_q_mode)5, (ap_o_mode)3, 0>, ap_fixed<32, 18, (ap_q_mode)5, (ap_o_mode)3, 0>, config6>' completely with a factor of 16
remark: firmware/nnet_utils/nnet_dense_latency.h:15:0: Unrolling loop 'Product2' (firmware/nnet_utils/nnet_dense_latency.h:40:9) in function 'nnet::dense_latency<ap_fixed<16, 6, (ap_q_mode)5, (ap_o_mode)3, 0>, ap_fixed<32, 18, (ap_q_mode)5, (ap_o_mode)3, 0>, config6>' completely with a factor of 16
remark: firmware/nnet_utils/nnet_dense_latency.h:15:0: Unrolling loop 'Product2' (firmware/nnet_utils/nnet_dense_latency.h:40:9) in function 'nnet::dense_latency<ap_fixed<16, 6, (ap_q_mode)5, (ap_o_mode)3, 0>, ap_fixed<32, 18, (ap_q_mode)5, (ap_o_mode)3, 0>, config6>' completely with a factor of 16
remark: firmware/nnet_utils/nnet_dense_latency.h:15:0: Unrolling loop 'Product2' (firmware/nnet_utils/nnet_dense_latency.h:40:9) in function 'nnet::dense_latency<ap_fixed<16, 6, (ap_q_mode)5, (ap_o_mode)3, 0>, ap_fixed<32, 18, (ap_q_mode)5, (ap_o_mode)3, 0>, config6>' completely with a factor of 16
remark: firmware/nnet_utils/nnet_dense_latency.h:15:0: Unrolling loop 'Product2' (firmware/nnet_utils/nnet_dense_latency.h:40:9) in function 'nnet::dense_latency<ap_fixed<16, 6, (ap_q_mode)5, (ap_o_mode)3, 0>, ap_fixed<32, 18, (ap_q_mode)5, (ap_o_mode)3, 0>, config6>' completely with a factor of 16
remark: firmware/nnet_utils/nnet_dense_latency.h:15:0: Unrolling loop 'Product2' (firmware/nnet_utils/nnet_dense_latency.h:40:9) in function 'nnet::dense_latency<ap_fixed<16, 6, (ap_q_mode)5, (ap_o_mode)3, 0>, ap_fixed<32, 18, (ap_q_mode)5, (ap_o_mode)3, 0>, config6>' completely with a factor of 16
remark: firmware/nnet_utils/nnet_dense_latency.h:15:0: Unrolling loop 'Product2' (firmware/nnet_utils/nnet_dense_latency.h:40:9) in function 'nnet::dense_latency<ap_fixed<16, 6, (ap_q_mode)5, (ap_o_mode)3, 0>, ap_fixed<32, 18, (ap_q_mode)5, (ap_o_mode)3, 0>, config6>' completely with a factor of 16
remark: firmware/nnet_utils/nnet_dense_latency.h:15:0: Unrolling loop 'Product2' (firmware/nnet_utils/nnet_dense_latency.h:40:9) in function 'nnet::dense_latency<ap_fixed<16, 6, (ap_q_mode)5, (ap_o_mode)3, 0>, ap_fixed<32, 18, (ap_q_mode)5, (ap_o_mode)3, 0>, config6>' completely with a factor of 16
remark: firmware/nnet_utils/nnet_dense_latency.h:15:0: Unrolling loop 'Product2' (firmware/nnet_utils/nnet_dense_latency.h:40:9) in function 'nnet::dense_latency<ap_fixed<16, 6, (ap_q_mode)5, (ap_o_mode)3, 0>, ap_fixed<32, 18, (ap_q_mode)5, (ap_o_mode)3, 0>, config6>' completely with a factor of 16
remark: firmware/nnet_utils/nnet_dense_latency.h:15:0: Unrolling loop 'Product2' (firmware/nnet_utils/nnet_dense_latency.h:40:9) in function 'nnet::dense_latency<ap_fixed<16, 6, (ap_q_mode)5, (ap_o_mode)3, 0>, ap_fixed<32, 18, (ap_q_mode)5, (ap_o_mode)3, 0>, config6>' completely with a factor of 16
remark: firmware/nnet_utils/nnet_dense_latency.h:15:0: Unrolling loop 'Product2' (firmware/nnet_utils/nnet_dense_latency.h:40:9) in function 'nnet::dense_latency<ap_fixed<16, 6, (ap_q_mode)5, (ap_o_mode)3, 0>, ap_fixed<32, 18, (ap_q_mode)5, (ap_o_mode)3, 0>, config6>' completely with a factor of 16
remark: firmware/nnet_utils/nnet_dense_latency.h:15:0: Unrolling loop 'Product2' (firmware/nnet_utils/nnet_dense_latency.h:40:9) in function 'nnet::dense_latency<ap_fixed<16, 6, (ap_q_mode)5, (ap_o_mode)3, 0>, ap_fixed<32, 18, (ap_q_mode)5, (ap_o_mode)3, 0>, config6>' completely with a factor of 16
remark: firmware/nnet_utils/nnet_dense_latency.h:15:0: Unrolling loop 'Product2' (firmware/nnet_utils/nnet_dense_latency.h:40:9) in function 'nnet::dense_latency<ap_fixed<16, 6, (ap_q_mode)5, (ap_o_mode)3, 0>, ap_fixed<32, 18, (ap_q_mode)5, (ap_o_mode)3, 0>, config6>' completely with a factor of 16
remark: firmware/nnet_utils/nnet_dense_latency.h:15:0: Unrolling loop 'Product2' (firmware/nnet_utils/nnet_dense_latency.h:40:9) in function 'nnet::dense_latency<ap_fixed<16, 6, (ap_q_mode)5, (ap_o_mode)3, 0>, ap_fixed<32, 18, (ap_q_mode)5, (ap_o_mode)3, 0>, config6>' completely with a factor of 16
remark: firmware/nnet_utils/nnet_dense_latency.h:15:0: Unrolling loop 'Product2' (firmware/nnet_utils/nnet_dense_latency.h:40:9) in function 'nnet::dense_latency<ap_fixed<16, 6, (ap_q_mode)5, (ap_o_mode)3, 0>, ap_fixed<32, 18, (ap_q_mode)5, (ap_o_mode)3, 0>, config6>' completely with a factor of 16
remark: firmware/nnet_utils/nnet_dense_latency.h:15:0: Unrolling loop 'Product2' (firmware/nnet_utils/nnet_dense_latency.h:40:9) in function 'nnet::dense_latency<ap_fixed<16, 6, (ap_q_mode)5, (ap_o_mode)3, 0>, ap_fixed<32, 18, (ap_q_mode)5, (ap_o_mode)3, 0>, config6>' completely with a factor of 16
remark: firmware/nnet_utils/nnet_dense_latency.h:15:0: Unrolling loop 'Product2' (firmware/nnet_utils/nnet_dense_latency.h:40:9) in function 'nnet::dense_latency<ap_fixed<16, 6, (ap_q_mode)5, (ap_o_mode)3, 0>, ap_fixed<32, 18, (ap_q_mode)5, (ap_o_mode)3, 0>, config6>' completely with a factor of 16
remark: firmware/nnet_utils/nnet_dense_latency.h:15:0: Unrolling loop 'Product2' (firmware/nnet_utils/nnet_dense_latency.h:40:9) in function 'nnet::dense_latency<ap_fixed<16, 6, (ap_q_mode)5, (ap_o_mode)3, 0>, ap_fixed<32, 18, (ap_q_mode)5, (ap_o_mode)3, 0>, config6>' completely with a factor of 16
remark: firmware/nnet_utils/nnet_dense_latency.h:15:0: Unrolling loop 'Product2' (firmware/nnet_utils/nnet_dense_latency.h:40:9) in function 'nnet::dense_latency<ap_fixed<16, 6, (ap_q_mode)5, (ap_o_mode)3, 0>, ap_fixed<32, 18, (ap_q_mode)5, (ap_o_mode)3, 0>, config6>' completely with a factor of 16
remark: firmware/nnet_utils/nnet_dense_latency.h:15:0: Unrolling loop 'Product2' (firmware/nnet_utils/nnet_dense_latency.h:40:9) in function 'nnet::dense_latency<ap_fixed<16, 6, (ap_q_mode)5, (ap_o_mode)3, 0>, ap_fixed<32, 18, (ap_q_mode)5, (ap_o_mode)3, 0>, config6>' completely with a factor of 16
remark: firmware/nnet_utils/nnet_dense_latency.h:15:0: Unrolling loop 'Product2' (firmware/nnet_utils/nnet_dense_latency.h:40:9) in function 'nnet::dense_latency<ap_fixed<16, 6, (ap_q_mode)5, (ap_o_mode)3, 0>, ap_fixed<32, 18, (ap_q_mode)5, (ap_o_mode)3, 0>, config6>' completely with a factor of 16
remark: firmware/nnet_utils/nnet_dense_latency.h:15:0: Unrolling loop 'Product2' (firmware/nnet_utils/nnet_dense_latency.h:40:9) in function 'nnet::dense_latency<ap_fixed<16, 6, (ap_q_mode)5, (ap_o_mode)3, 0>, ap_fixed<32, 18, (ap_q_mode)5, (ap_o_mode)3, 0>, config6>' completely with a factor of 16
remark: firmware/nnet_utils/nnet_dense_latency.h:15:0: Unrolling loop 'Product2' (firmware/nnet_utils/nnet_dense_latency.h:40:9) in function 'nnet::dense_latency<ap_fixed<16, 6, (ap_q_mode)5, (ap_o_mode)3, 0>, ap_fixed<32, 18, (ap_q_mode)5, (ap_o_mode)3, 0>, config6>' completely with a factor of 16
remark: firmware/nnet_utils/nnet_dense_latency.h:15:0: Unrolling loop 'Product2' (firmware/nnet_utils/nnet_dense_latency.h:40:9) in function 'nnet::dense_latency<ap_fixed<16, 6, (ap_q_mode)5, (ap_o_mode)3, 0>, ap_fixed<32, 18, (ap_q_mode)5, (ap_o_mode)3, 0>, config6>' completely with a factor of 16
remark: firmware/nnet_utils/nnet_activation.h:39:0: Unrolling loop 'VITIS_LOOP_43_1' (firmware/nnet_utils/nnet_activation.h:43:22) in function 'nnet::relu<ap_fixed<32, 18, (ap_q_mode)5, (ap_o_mode)3, 0>, ap_fixed<16, 6, (ap_q_mode)5, (ap_o_mode)3, 0>, relu_config5>' completely with a factor of 32
remark: firmware/nnet_utils/nnet_dense_latency.h:15:0: Unrolling loop 'Result' (firmware/nnet_utils/nnet_dense_latency.h:64:5) in function 'nnet::dense_latency<ap_fixed<16, 6, (ap_q_mode)5, (ap_o_mode)3, 0>, ap_fixed<32, 18, (ap_q_mode)5, (ap_o_mode)3, 0>, config4>' completely with a factor of 32
remark: firmware/nnet_utils/nnet_dense_latency.h:15:0: Unrolling loop 'Accum1' (firmware/nnet_utils/nnet_dense_latency.h:54:5) in function 'nnet::dense_latency<ap_fixed<16, 6, (ap_q_mode)5, (ap_o_mode)3, 0>, ap_fixed<32, 18, (ap_q_mode)5, (ap_o_mode)3, 0>, config4>' completely with a factor of 64
remark: firmware/nnet_utils/nnet_dense_latency.h:15:0: Unrolling loop 'Accum2' (firmware/nnet_utils/nnet_dense_latency.h:56:9) in function 'nnet::dense_latency<ap_fixed<16, 6, (ap_q_mode)5, (ap_o_mode)3, 0>, ap_fixed<32, 18, (ap_q_mode)5, (ap_o_mode)3, 0>, config4>' completely with a factor of 32
remark: firmware/nnet_utils/nnet_dense_latency.h:15:0: Unrolling loop 'Accum2' (firmware/nnet_utils/nnet_dense_latency.h:56:9) in function 'nnet::dense_latency<ap_fixed<16, 6, (ap_q_mode)5, (ap_o_mode)3, 0>, ap_fixed<32, 18, (ap_q_mode)5, (ap_o_mode)3, 0>, config4>' completely with a factor of 32
remark: firmware/nnet_utils/nnet_dense_latency.h:15:0: Unrolling loop 'Accum2' (firmware/nnet_utils/nnet_dense_latency.h:56:9) in function 'nnet::dense_latency<ap_fixed<16, 6, (ap_q_mode)5, (ap_o_mode)3, 0>, ap_fixed<32, 18, (ap_q_mode)5, (ap_o_mode)3, 0>, config4>' completely with a factor of 32
remark: firmware/nnet_utils/nnet_dense_latency.h:15:0: Unrolling loop 'Accum2' (firmware/nnet_utils/nnet_dense_latency.h:56:9) in function 'nnet::dense_latency<ap_fixed<16, 6, (ap_q_mode)5, (ap_o_mode)3, 0>, ap_fixed<32, 18, (ap_q_mode)5, (ap_o_mode)3, 0>, config4>' completely with a factor of 32
remark: firmware/nnet_utils/nnet_dense_latency.h:15:0: Unrolling loop 'Accum2' (firmware/nnet_utils/nnet_dense_latency.h:56:9) in function 'nnet::dense_latency<ap_fixed<16, 6, (ap_q_mode)5, (ap_o_mode)3, 0>, ap_fixed<32, 18, (ap_q_mode)5, (ap_o_mode)3, 0>, config4>' completely with a factor of 32
remark: firmware/nnet_utils/nnet_dense_latency.h:15:0: Unrolling loop 'Accum2' (firmware/nnet_utils/nnet_dense_latency.h:56:9) in function 'nnet::dense_latency<ap_fixed<16, 6, (ap_q_mode)5, (ap_o_mode)3, 0>, ap_fixed<32, 18, (ap_q_mode)5, (ap_o_mode)3, 0>, config4>' completely with a factor of 32
remark: firmware/nnet_utils/nnet_dense_latency.h:15:0: Unrolling loop 'Accum2' (firmware/nnet_utils/nnet_dense_latency.h:56:9) in function 'nnet::dense_latency<ap_fixed<16, 6, (ap_q_mode)5, (ap_o_mode)3, 0>, ap_fixed<32, 18, (ap_q_mode)5, (ap_o_mode)3, 0>, config4>' completely with a factor of 32
remark: firmware/nnet_utils/nnet_dense_latency.h:15:0: Unrolling loop 'Accum2' (firmware/nnet_utils/nnet_dense_latency.h:56:9) in function 'nnet::dense_latency<ap_fixed<16, 6, (ap_q_mode)5, (ap_o_mode)3, 0>, ap_fixed<32, 18, (ap_q_mode)5, (ap_o_mode)3, 0>, config4>' completely with a factor of 32
remark: firmware/nnet_utils/nnet_dense_latency.h:15:0: Unrolling loop 'Accum2' (firmware/nnet_utils/nnet_dense_latency.h:56:9) in function 'nnet::dense_latency<ap_fixed<16, 6, (ap_q_mode)5, (ap_o_mode)3, 0>, ap_fixed<32, 18, (ap_q_mode)5, (ap_o_mode)3, 0>, config4>' completely with a factor of 32
remark: firmware/nnet_utils/nnet_dense_latency.h:15:0: Unrolling loop 'Accum2' (firmware/nnet_utils/nnet_dense_latency.h:56:9) in function 'nnet::dense_latency<ap_fixed<16, 6, (ap_q_mode)5, (ap_o_mode)3, 0>, ap_fixed<32, 18, (ap_q_mode)5, (ap_o_mode)3, 0>, config4>' completely with a factor of 32
remark: firmware/nnet_utils/nnet_dense_latency.h:15:0: Unrolling loop 'Accum2' (firmware/nnet_utils/nnet_dense_latency.h:56:9) in function 'nnet::dense_latency<ap_fixed<16, 6, (ap_q_mode)5, (ap_o_mode)3, 0>, ap_fixed<32, 18, (ap_q_mode)5, (ap_o_mode)3, 0>, config4>' completely with a factor of 32
remark: firmware/nnet_utils/nnet_dense_latency.h:15:0: Unrolling loop 'Accum2' (firmware/nnet_utils/nnet_dense_latency.h:56:9) in function 'nnet::dense_latency<ap_fixed<16, 6, (ap_q_mode)5, (ap_o_mode)3, 0>, ap_fixed<32, 18, (ap_q_mode)5, (ap_o_mode)3, 0>, config4>' completely with a factor of 32
remark: firmware/nnet_utils/nnet_dense_latency.h:15:0: Unrolling loop 'Accum2' (firmware/nnet_utils/nnet_dense_latency.h:56:9) in function 'nnet::dense_latency<ap_fixed<16, 6, (ap_q_mode)5, (ap_o_mode)3, 0>, ap_fixed<32, 18, (ap_q_mode)5, (ap_o_mode)3, 0>, config4>' completely with a factor of 32
remark: firmware/nnet_utils/nnet_dense_latency.h:15:0: Unrolling loop 'Accum2' (firmware/nnet_utils/nnet_dense_latency.h:56:9) in function 'nnet::dense_latency<ap_fixed<16, 6, (ap_q_mode)5, (ap_o_mode)3, 0>, ap_fixed<32, 18, (ap_q_mode)5, (ap_o_mode)3, 0>, config4>' completely with a factor of 32
remark: firmware/nnet_utils/nnet_dense_latency.h:15:0: Unrolling loop 'Accum2' (firmware/nnet_utils/nnet_dense_latency.h:56:9) in function 'nnet::dense_latency<ap_fixed<16, 6, (ap_q_mode)5, (ap_o_mode)3, 0>, ap_fixed<32, 18, (ap_q_mode)5, (ap_o_mode)3, 0>, config4>' completely with a factor of 32
remark: firmware/nnet_utils/nnet_dense_latency.h:15:0: Unrolling loop 'Accum2' (firmware/nnet_utils/nnet_dense_latency.h:56:9) in function 'nnet::dense_latency<ap_fixed<16, 6, (ap_q_mode)5, (ap_o_mode)3, 0>, ap_fixed<32, 18, (ap_q_mode)5, (ap_o_mode)3, 0>, config4>' completely with a factor of 32
remark: firmware/nnet_utils/nnet_dense_latency.h:15:0: Unrolling loop 'Accum2' (firmware/nnet_utils/nnet_dense_latency.h:56:9) in function 'nnet::dense_latency<ap_fixed<16, 6, (ap_q_mode)5, (ap_o_mode)3, 0>, ap_fixed<32, 18, (ap_q_mode)5, (ap_o_mode)3, 0>, config4>' completely with a factor of 32
remark: firmware/nnet_utils/nnet_dense_latency.h:15:0: Unrolling loop 'Accum2' (firmware/nnet_utils/nnet_dense_latency.h:56:9) in function 'nnet::dense_latency<ap_fixed<16, 6, (ap_q_mode)5, (ap_o_mode)3, 0>, ap_fixed<32, 18, (ap_q_mode)5, (ap_o_mode)3, 0>, config4>' completely with a factor of 32
remark: firmware/nnet_utils/nnet_dense_latency.h:15:0: Unrolling loop 'Accum2' (firmware/nnet_utils/nnet_dense_latency.h:56:9) in function 'nnet::dense_latency<ap_fixed<16, 6, (ap_q_mode)5, (ap_o_mode)3, 0>, ap_fixed<32, 18, (ap_q_mode)5, (ap_o_mode)3, 0>, config4>' completely with a factor of 32
remark: firmware/nnet_utils/nnet_dense_latency.h:15:0: Unrolling loop 'Accum2' (firmware/nnet_utils/nnet_dense_latency.h:56:9) in function 'nnet::dense_latency<ap_fixed<16, 6, (ap_q_mode)5, (ap_o_mode)3, 0>, ap_fixed<32, 18, (ap_q_mode)5, (ap_o_mode)3, 0>, config4>' completely with a factor of 32
remark: firmware/nnet_utils/nnet_dense_latency.h:15:0: Unrolling loop 'Accum2' (firmware/nnet_utils/nnet_dense_latency.h:56:9) in function 'nnet::dense_latency<ap_fixed<16, 6, (ap_q_mode)5, (ap_o_mode)3, 0>, ap_fixed<32, 18, (ap_q_mode)5, (ap_o_mode)3, 0>, config4>' completely with a factor of 32
remark: firmware/nnet_utils/nnet_dense_latency.h:15:0: Unrolling loop 'Accum2' (firmware/nnet_utils/nnet_dense_latency.h:56:9) in function 'nnet::dense_latency<ap_fixed<16, 6, (ap_q_mode)5, (ap_o_mode)3, 0>, ap_fixed<32, 18, (ap_q_mode)5, (ap_o_mode)3, 0>, config4>' completely with a factor of 32
remark: firmware/nnet_utils/nnet_dense_latency.h:15:0: Unrolling loop 'Accum2' (firmware/nnet_utils/nnet_dense_latency.h:56:9) in function 'nnet::dense_latency<ap_fixed<16, 6, (ap_q_mode)5, (ap_o_mode)3, 0>, ap_fixed<32, 18, (ap_q_mode)5, (ap_o_mode)3, 0>, config4>' completely with a factor of 32
remark: firmware/nnet_utils/nnet_dense_latency.h:15:0: Unrolling loop 'Accum2' (firmware/nnet_utils/nnet_dense_latency.h:56:9) in function 'nnet::dense_latency<ap_fixed<16, 6, (ap_q_mode)5, (ap_o_mode)3, 0>, ap_fixed<32, 18, (ap_q_mode)5, (ap_o_mode)3, 0>, config4>' completely with a factor of 32
remark: firmware/nnet_utils/nnet_dense_latency.h:15:0: Unrolling loop 'Accum2' (firmware/nnet_utils/nnet_dense_latency.h:56:9) in function 'nnet::dense_latency<ap_fixed<16, 6, (ap_q_mode)5, (ap_o_mode)3, 0>, ap_fixed<32, 18, (ap_q_mode)5, (ap_o_mode)3, 0>, config4>' completely with a factor of 32
remark: firmware/nnet_utils/nnet_dense_latency.h:15:0: Unrolling loop 'Accum2' (firmware/nnet_utils/nnet_dense_latency.h:56:9) in function 'nnet::dense_latency<ap_fixed<16, 6, (ap_q_mode)5, (ap_o_mode)3, 0>, ap_fixed<32, 18, (ap_q_mode)5, (ap_o_mode)3, 0>, config4>' completely with a factor of 32
remark: firmware/nnet_utils/nnet_dense_latency.h:15:0: Unrolling loop 'Accum2' (firmware/nnet_utils/nnet_dense_latency.h:56:9) in function 'nnet::dense_latency<ap_fixed<16, 6, (ap_q_mode)5, (ap_o_mode)3, 0>, ap_fixed<32, 18, (ap_q_mode)5, (ap_o_mode)3, 0>, config4>' completely with a factor of 32
remark: firmware/nnet_utils/nnet_dense_latency.h:15:0: Unrolling loop 'Accum2' (firmware/nnet_utils/nnet_dense_latency.h:56:9) in function 'nnet::dense_latency<ap_fixed<16, 6, (ap_q_mode)5, (ap_o_mode)3, 0>, ap_fixed<32, 18, (ap_q_mode)5, (ap_o_mode)3, 0>, config4>' completely with a factor of 32
remark: firmware/nnet_utils/nnet_dense_latency.h:15:0: Unrolling loop 'Accum2' (firmware/nnet_utils/nnet_dense_latency.h:56:9) in function 'nnet::dense_latency<ap_fixed<16, 6, (ap_q_mode)5, (ap_o_mode)3, 0>, ap_fixed<32, 18, (ap_q_mode)5, (ap_o_mode)3, 0>, config4>' completely with a factor of 32
remark: firmware/nnet_utils/nnet_dense_latency.h:15:0: Unrolling loop 'Accum2' (firmware/nnet_utils/nnet_dense_latency.h:56:9) in function 'nnet::dense_latency<ap_fixed<16, 6, (ap_q_mode)5, (ap_o_mode)3, 0>, ap_fixed<32, 18, (ap_q_mode)5, (ap_o_mode)3, 0>, config4>' completely with a factor of 32
remark: firmware/nnet_utils/nnet_dense_latency.h:15:0: Unrolling loop 'Accum2' (firmware/nnet_utils/nnet_dense_latency.h:56:9) in function 'nnet::dense_latency<ap_fixed<16, 6, (ap_q_mode)5, (ap_o_mode)3, 0>, ap_fixed<32, 18, (ap_q_mode)5, (ap_o_mode)3, 0>, config4>' completely with a factor of 32
remark: firmware/nnet_utils/nnet_dense_latency.h:15:0: Unrolling loop 'Accum2' (firmware/nnet_utils/nnet_dense_latency.h:56:9) in function 'nnet::dense_latency<ap_fixed<16, 6, (ap_q_mode)5, (ap_o_mode)3, 0>, ap_fixed<32, 18, (ap_q_mode)5, (ap_o_mode)3, 0>, config4>' completely with a factor of 32
remark: firmware/nnet_utils/nnet_dense_latency.h:15:0: Unrolling loop 'Accum2' (firmware/nnet_utils/nnet_dense_latency.h:56:9) in function 'nnet::dense_latency<ap_fixed<16, 6, (ap_q_mode)5, (ap_o_mode)3, 0>, ap_fixed<32, 18, (ap_q_mode)5, (ap_o_mode)3, 0>, config4>' completely with a factor of 32
remark: firmware/nnet_utils/nnet_dense_latency.h:15:0: Unrolling loop 'Accum2' (firmware/nnet_utils/nnet_dense_latency.h:56:9) in function 'nnet::dense_latency<ap_fixed<16, 6, (ap_q_mode)5, (ap_o_mode)3, 0>, ap_fixed<32, 18, (ap_q_mode)5, (ap_o_mode)3, 0>, config4>' completely with a factor of 32
remark: firmware/nnet_utils/nnet_dense_latency.h:15:0: Unrolling loop 'Accum2' (firmware/nnet_utils/nnet_dense_latency.h:56:9) in function 'nnet::dense_latency<ap_fixed<16, 6, (ap_q_mode)5, (ap_o_mode)3, 0>, ap_fixed<32, 18, (ap_q_mode)5, (ap_o_mode)3, 0>, config4>' completely with a factor of 32
remark: firmware/nnet_utils/nnet_dense_latency.h:15:0: Unrolling loop 'Accum2' (firmware/nnet_utils/nnet_dense_latency.h:56:9) in function 'nnet::dense_latency<ap_fixed<16, 6, (ap_q_mode)5, (ap_o_mode)3, 0>, ap_fixed<32, 18, (ap_q_mode)5, (ap_o_mode)3, 0>, config4>' completely with a factor of 32
remark: firmware/nnet_utils/nnet_dense_latency.h:15:0: Unrolling loop 'Accum2' (firmware/nnet_utils/nnet_dense_latency.h:56:9) in function 'nnet::dense_latency<ap_fixed<16, 6, (ap_q_mode)5, (ap_o_mode)3, 0>, ap_fixed<32, 18, (ap_q_mode)5, (ap_o_mode)3, 0>, config4>' completely with a factor of 32
remark: firmware/nnet_utils/nnet_dense_latency.h:15:0: Unrolling loop 'Accum2' (firmware/nnet_utils/nnet_dense_latency.h:56:9) in function 'nnet::dense_latency<ap_fixed<16, 6, (ap_q_mode)5, (ap_o_mode)3, 0>, ap_fixed<32, 18, (ap_q_mode)5, (ap_o_mode)3, 0>, config4>' completely with a factor of 32
remark: firmware/nnet_utils/nnet_dense_latency.h:15:0: Unrolling loop 'Accum2' (firmware/nnet_utils/nnet_dense_latency.h:56:9) in function 'nnet::dense_latency<ap_fixed<16, 6, (ap_q_mode)5, (ap_o_mode)3, 0>, ap_fixed<32, 18, (ap_q_mode)5, (ap_o_mode)3, 0>, config4>' completely with a factor of 32
remark: firmware/nnet_utils/nnet_dense_latency.h:15:0: Unrolling loop 'Accum2' (firmware/nnet_utils/nnet_dense_latency.h:56:9) in function 'nnet::dense_latency<ap_fixed<16, 6, (ap_q_mode)5, (ap_o_mode)3, 0>, ap_fixed<32, 18, (ap_q_mode)5, (ap_o_mode)3, 0>, config4>' completely with a factor of 32
remark: firmware/nnet_utils/nnet_dense_latency.h:15:0: Unrolling loop 'Accum2' (firmware/nnet_utils/nnet_dense_latency.h:56:9) in function 'nnet::dense_latency<ap_fixed<16, 6, (ap_q_mode)5, (ap_o_mode)3, 0>, ap_fixed<32, 18, (ap_q_mode)5, (ap_o_mode)3, 0>, config4>' completely with a factor of 32
remark: firmware/nnet_utils/nnet_dense_latency.h:15:0: Unrolling loop 'Accum2' (firmware/nnet_utils/nnet_dense_latency.h:56:9) in function 'nnet::dense_latency<ap_fixed<16, 6, (ap_q_mode)5, (ap_o_mode)3, 0>, ap_fixed<32, 18, (ap_q_mode)5, (ap_o_mode)3, 0>, config4>' completely with a factor of 32
remark: firmware/nnet_utils/nnet_dense_latency.h:15:0: Unrolling loop 'Accum2' (firmware/nnet_utils/nnet_dense_latency.h:56:9) in function 'nnet::dense_latency<ap_fixed<16, 6, (ap_q_mode)5, (ap_o_mode)3, 0>, ap_fixed<32, 18, (ap_q_mode)5, (ap_o_mode)3, 0>, config4>' completely with a factor of 32
remark: firmware/nnet_utils/nnet_dense_latency.h:15:0: Unrolling loop 'Accum2' (firmware/nnet_utils/nnet_dense_latency.h:56:9) in function 'nnet::dense_latency<ap_fixed<16, 6, (ap_q_mode)5, (ap_o_mode)3, 0>, ap_fixed<32, 18, (ap_q_mode)5, (ap_o_mode)3, 0>, config4>' completely with a factor of 32
remark: firmware/nnet_utils/nnet_dense_latency.h:15:0: Unrolling loop 'Accum2' (firmware/nnet_utils/nnet_dense_latency.h:56:9) in function 'nnet::dense_latency<ap_fixed<16, 6, (ap_q_mode)5, (ap_o_mode)3, 0>, ap_fixed<32, 18, (ap_q_mode)5, (ap_o_mode)3, 0>, config4>' completely with a factor of 32
remark: firmware/nnet_utils/nnet_dense_latency.h:15:0: Unrolling loop 'Accum2' (firmware/nnet_utils/nnet_dense_latency.h:56:9) in function 'nnet::dense_latency<ap_fixed<16, 6, (ap_q_mode)5, (ap_o_mode)3, 0>, ap_fixed<32, 18, (ap_q_mode)5, (ap_o_mode)3, 0>, config4>' completely with a factor of 32
remark: firmware/nnet_utils/nnet_dense_latency.h:15:0: Unrolling loop 'Accum2' (firmware/nnet_utils/nnet_dense_latency.h:56:9) in function 'nnet::dense_latency<ap_fixed<16, 6, (ap_q_mode)5, (ap_o_mode)3, 0>, ap_fixed<32, 18, (ap_q_mode)5, (ap_o_mode)3, 0>, config4>' completely with a factor of 32
remark: firmware/nnet_utils/nnet_dense_latency.h:15:0: Unrolling loop 'Accum2' (firmware/nnet_utils/nnet_dense_latency.h:56:9) in function 'nnet::dense_latency<ap_fixed<16, 6, (ap_q_mode)5, (ap_o_mode)3, 0>, ap_fixed<32, 18, (ap_q_mode)5, (ap_o_mode)3, 0>, config4>' completely with a factor of 32
remark: firmware/nnet_utils/nnet_dense_latency.h:15:0: Unrolling loop 'Accum2' (firmware/nnet_utils/nnet_dense_latency.h:56:9) in function 'nnet::dense_latency<ap_fixed<16, 6, (ap_q_mode)5, (ap_o_mode)3, 0>, ap_fixed<32, 18, (ap_q_mode)5, (ap_o_mode)3, 0>, config4>' completely with a factor of 32
remark: firmware/nnet_utils/nnet_dense_latency.h:15:0: Unrolling loop 'Accum2' (firmware/nnet_utils/nnet_dense_latency.h:56:9) in function 'nnet::dense_latency<ap_fixed<16, 6, (ap_q_mode)5, (ap_o_mode)3, 0>, ap_fixed<32, 18, (ap_q_mode)5, (ap_o_mode)3, 0>, config4>' completely with a factor of 32
remark: firmware/nnet_utils/nnet_dense_latency.h:15:0: Unrolling loop 'Accum2' (firmware/nnet_utils/nnet_dense_latency.h:56:9) in function 'nnet::dense_latency<ap_fixed<16, 6, (ap_q_mode)5, (ap_o_mode)3, 0>, ap_fixed<32, 18, (ap_q_mode)5, (ap_o_mode)3, 0>, config4>' completely with a factor of 32
remark: firmware/nnet_utils/nnet_dense_latency.h:15:0: Unrolling loop 'Accum2' (firmware/nnet_utils/nnet_dense_latency.h:56:9) in function 'nnet::dense_latency<ap_fixed<16, 6, (ap_q_mode)5, (ap_o_mode)3, 0>, ap_fixed<32, 18, (ap_q_mode)5, (ap_o_mode)3, 0>, config4>' completely with a factor of 32
remark: firmware/nnet_utils/nnet_dense_latency.h:15:0: Unrolling loop 'Accum2' (firmware/nnet_utils/nnet_dense_latency.h:56:9) in function 'nnet::dense_latency<ap_fixed<16, 6, (ap_q_mode)5, (ap_o_mode)3, 0>, ap_fixed<32, 18, (ap_q_mode)5, (ap_o_mode)3, 0>, config4>' completely with a factor of 32
remark: firmware/nnet_utils/nnet_dense_latency.h:15:0: Unrolling loop 'Accum2' (firmware/nnet_utils/nnet_dense_latency.h:56:9) in function 'nnet::dense_latency<ap_fixed<16, 6, (ap_q_mode)5, (ap_o_mode)3, 0>, ap_fixed<32, 18, (ap_q_mode)5, (ap_o_mode)3, 0>, config4>' completely with a factor of 32
remark: firmware/nnet_utils/nnet_dense_latency.h:15:0: Unrolling loop 'Accum2' (firmware/nnet_utils/nnet_dense_latency.h:56:9) in function 'nnet::dense_latency<ap_fixed<16, 6, (ap_q_mode)5, (ap_o_mode)3, 0>, ap_fixed<32, 18, (ap_q_mode)5, (ap_o_mode)3, 0>, config4>' completely with a factor of 32
remark: firmware/nnet_utils/nnet_dense_latency.h:15:0: Unrolling loop 'Accum2' (firmware/nnet_utils/nnet_dense_latency.h:56:9) in function 'nnet::dense_latency<ap_fixed<16, 6, (ap_q_mode)5, (ap_o_mode)3, 0>, ap_fixed<32, 18, (ap_q_mode)5, (ap_o_mode)3, 0>, config4>' completely with a factor of 32
remark: firmware/nnet_utils/nnet_dense_latency.h:15:0: Unrolling loop 'Accum2' (firmware/nnet_utils/nnet_dense_latency.h:56:9) in function 'nnet::dense_latency<ap_fixed<16, 6, (ap_q_mode)5, (ap_o_mode)3, 0>, ap_fixed<32, 18, (ap_q_mode)5, (ap_o_mode)3, 0>, config4>' completely with a factor of 32
remark: firmware/nnet_utils/nnet_dense_latency.h:15:0: Unrolling loop 'Accum2' (firmware/nnet_utils/nnet_dense_latency.h:56:9) in function 'nnet::dense_latency<ap_fixed<16, 6, (ap_q_mode)5, (ap_o_mode)3, 0>, ap_fixed<32, 18, (ap_q_mode)5, (ap_o_mode)3, 0>, config4>' completely with a factor of 32
remark: firmware/nnet_utils/nnet_dense_latency.h:15:0: Unrolling loop 'Accum2' (firmware/nnet_utils/nnet_dense_latency.h:56:9) in function 'nnet::dense_latency<ap_fixed<16, 6, (ap_q_mode)5, (ap_o_mode)3, 0>, ap_fixed<32, 18, (ap_q_mode)5, (ap_o_mode)3, 0>, config4>' completely with a factor of 32
remark: firmware/nnet_utils/nnet_dense_latency.h:15:0: Unrolling loop 'Accum2' (firmware/nnet_utils/nnet_dense_latency.h:56:9) in function 'nnet::dense_latency<ap_fixed<16, 6, (ap_q_mode)5, (ap_o_mode)3, 0>, ap_fixed<32, 18, (ap_q_mode)5, (ap_o_mode)3, 0>, config4>' completely with a factor of 32
remark: firmware/nnet_utils/nnet_dense_latency.h:15:0: Unrolling loop 'Accum2' (firmware/nnet_utils/nnet_dense_latency.h:56:9) in function 'nnet::dense_latency<ap_fixed<16, 6, (ap_q_mode)5, (ap_o_mode)3, 0>, ap_fixed<32, 18, (ap_q_mode)5, (ap_o_mode)3, 0>, config4>' completely with a factor of 32
remark: firmware/nnet_utils/nnet_dense_latency.h:15:0: Unrolling loop 'Accum2' (firmware/nnet_utils/nnet_dense_latency.h:56:9) in function 'nnet::dense_latency<ap_fixed<16, 6, (ap_q_mode)5, (ap_o_mode)3, 0>, ap_fixed<32, 18, (ap_q_mode)5, (ap_o_mode)3, 0>, config4>' completely with a factor of 32
remark: firmware/nnet_utils/nnet_dense_latency.h:15:0: Unrolling loop 'Accum2' (firmware/nnet_utils/nnet_dense_latency.h:56:9) in function 'nnet::dense_latency<ap_fixed<16, 6, (ap_q_mode)5, (ap_o_mode)3, 0>, ap_fixed<32, 18, (ap_q_mode)5, (ap_o_mode)3, 0>, config4>' completely with a factor of 32
remark: firmware/nnet_utils/nnet_dense_latency.h:15:0: Unrolling loop 'Accum2' (firmware/nnet_utils/nnet_dense_latency.h:56:9) in function 'nnet::dense_latency<ap_fixed<16, 6, (ap_q_mode)5, (ap_o_mode)3, 0>, ap_fixed<32, 18, (ap_q_mode)5, (ap_o_mode)3, 0>, config4>' completely with a factor of 32
remark: firmware/nnet_utils/nnet_dense_latency.h:15:0: Unrolling loop 'ResetAccum' (firmware/nnet_utils/nnet_dense_latency.h:48:5) in function 'nnet::dense_latency<ap_fixed<16, 6, (ap_q_mode)5, (ap_o_mode)3, 0>, ap_fixed<32, 18, (ap_q_mode)5, (ap_o_mode)3, 0>, config4>' completely with a factor of 32
remark: firmware/nnet_utils/nnet_dense_latency.h:15:0: Unrolling loop 'Product1' (firmware/nnet_utils/nnet_dense_latency.h:37:5) in function 'nnet::dense_latency<ap_fixed<16, 6, (ap_q_mode)5, (ap_o_mode)3, 0>, ap_fixed<32, 18, (ap_q_mode)5, (ap_o_mode)3, 0>, config4>' completely with a factor of 64
remark: firmware/nnet_utils/nnet_dense_latency.h:15:0: Unrolling loop 'Product2' (firmware/nnet_utils/nnet_dense_latency.h:40:9) in function 'nnet::dense_latency<ap_fixed<16, 6, (ap_q_mode)5, (ap_o_mode)3, 0>, ap_fixed<32, 18, (ap_q_mode)5, (ap_o_mode)3, 0>, config4>' completely with a factor of 32
remark: firmware/nnet_utils/nnet_dense_latency.h:15:0: Unrolling loop 'Product2' (firmware/nnet_utils/nnet_dense_latency.h:40:9) in function 'nnet::dense_latency<ap_fixed<16, 6, (ap_q_mode)5, (ap_o_mode)3, 0>, ap_fixed<32, 18, (ap_q_mode)5, (ap_o_mode)3, 0>, config4>' completely with a factor of 32
remark: firmware/nnet_utils/nnet_dense_latency.h:15:0: Unrolling loop 'Product2' (firmware/nnet_utils/nnet_dense_latency.h:40:9) in function 'nnet::dense_latency<ap_fixed<16, 6, (ap_q_mode)5, (ap_o_mode)3, 0>, ap_fixed<32, 18, (ap_q_mode)5, (ap_o_mode)3, 0>, config4>' completely with a factor of 32
remark: firmware/nnet_utils/nnet_dense_latency.h:15:0: Unrolling loop 'Product2' (firmware/nnet_utils/nnet_dense_latency.h:40:9) in function 'nnet::dense_latency<ap_fixed<16, 6, (ap_q_mode)5, (ap_o_mode)3, 0>, ap_fixed<32, 18, (ap_q_mode)5, (ap_o_mode)3, 0>, config4>' completely with a factor of 32
remark: firmware/nnet_utils/nnet_dense_latency.h:15:0: Unrolling loop 'Product2' (firmware/nnet_utils/nnet_dense_latency.h:40:9) in function 'nnet::dense_latency<ap_fixed<16, 6, (ap_q_mode)5, (ap_o_mode)3, 0>, ap_fixed<32, 18, (ap_q_mode)5, (ap_o_mode)3, 0>, config4>' completely with a factor of 32
remark: firmware/nnet_utils/nnet_dense_latency.h:15:0: Unrolling loop 'Product2' (firmware/nnet_utils/nnet_dense_latency.h:40:9) in function 'nnet::dense_latency<ap_fixed<16, 6, (ap_q_mode)5, (ap_o_mode)3, 0>, ap_fixed<32, 18, (ap_q_mode)5, (ap_o_mode)3, 0>, config4>' completely with a factor of 32
remark: firmware/nnet_utils/nnet_dense_latency.h:15:0: Unrolling loop 'Product2' (firmware/nnet_utils/nnet_dense_latency.h:40:9) in function 'nnet::dense_latency<ap_fixed<16, 6, (ap_q_mode)5, (ap_o_mode)3, 0>, ap_fixed<32, 18, (ap_q_mode)5, (ap_o_mode)3, 0>, config4>' completely with a factor of 32
remark: firmware/nnet_utils/nnet_dense_latency.h:15:0: Unrolling loop 'Product2' (firmware/nnet_utils/nnet_dense_latency.h:40:9) in function 'nnet::dense_latency<ap_fixed<16, 6, (ap_q_mode)5, (ap_o_mode)3, 0>, ap_fixed<32, 18, (ap_q_mode)5, (ap_o_mode)3, 0>, config4>' completely with a factor of 32
remark: firmware/nnet_utils/nnet_dense_latency.h:15:0: Unrolling loop 'Product2' (firmware/nnet_utils/nnet_dense_latency.h:40:9) in function 'nnet::dense_latency<ap_fixed<16, 6, (ap_q_mode)5, (ap_o_mode)3, 0>, ap_fixed<32, 18, (ap_q_mode)5, (ap_o_mode)3, 0>, config4>' completely with a factor of 32
remark: firmware/nnet_utils/nnet_dense_latency.h:15:0: Unrolling loop 'Product2' (firmware/nnet_utils/nnet_dense_latency.h:40:9) in function 'nnet::dense_latency<ap_fixed<16, 6, (ap_q_mode)5, (ap_o_mode)3, 0>, ap_fixed<32, 18, (ap_q_mode)5, (ap_o_mode)3, 0>, config4>' completely with a factor of 32
remark: firmware/nnet_utils/nnet_dense_latency.h:15:0: Unrolling loop 'Product2' (firmware/nnet_utils/nnet_dense_latency.h:40:9) in function 'nnet::dense_latency<ap_fixed<16, 6, (ap_q_mode)5, (ap_o_mode)3, 0>, ap_fixed<32, 18, (ap_q_mode)5, (ap_o_mode)3, 0>, config4>' completely with a factor of 32
remark: firmware/nnet_utils/nnet_dense_latency.h:15:0: Unrolling loop 'Product2' (firmware/nnet_utils/nnet_dense_latency.h:40:9) in function 'nnet::dense_latency<ap_fixed<16, 6, (ap_q_mode)5, (ap_o_mode)3, 0>, ap_fixed<32, 18, (ap_q_mode)5, (ap_o_mode)3, 0>, config4>' completely with a factor of 32
remark: firmware/nnet_utils/nnet_dense_latency.h:15:0: Unrolling loop 'Product2' (firmware/nnet_utils/nnet_dense_latency.h:40:9) in function 'nnet::dense_latency<ap_fixed<16, 6, (ap_q_mode)5, (ap_o_mode)3, 0>, ap_fixed<32, 18, (ap_q_mode)5, (ap_o_mode)3, 0>, config4>' completely with a factor of 32
remark: firmware/nnet_utils/nnet_dense_latency.h:15:0: Unrolling loop 'Product2' (firmware/nnet_utils/nnet_dense_latency.h:40:9) in function 'nnet::dense_latency<ap_fixed<16, 6, (ap_q_mode)5, (ap_o_mode)3, 0>, ap_fixed<32, 18, (ap_q_mode)5, (ap_o_mode)3, 0>, config4>' completely with a factor of 32
remark: firmware/nnet_utils/nnet_dense_latency.h:15:0: Unrolling loop 'Product2' (firmware/nnet_utils/nnet_dense_latency.h:40:9) in function 'nnet::dense_latency<ap_fixed<16, 6, (ap_q_mode)5, (ap_o_mode)3, 0>, ap_fixed<32, 18, (ap_q_mode)5, (ap_o_mode)3, 0>, config4>' completely with a factor of 32
remark: firmware/nnet_utils/nnet_dense_latency.h:15:0: Unrolling loop 'Product2' (firmware/nnet_utils/nnet_dense_latency.h:40:9) in function 'nnet::dense_latency<ap_fixed<16, 6, (ap_q_mode)5, (ap_o_mode)3, 0>, ap_fixed<32, 18, (ap_q_mode)5, (ap_o_mode)3, 0>, config4>' completely with a factor of 32
remark: firmware/nnet_utils/nnet_dense_latency.h:15:0: Unrolling loop 'Product2' (firmware/nnet_utils/nnet_dense_latency.h:40:9) in function 'nnet::dense_latency<ap_fixed<16, 6, (ap_q_mode)5, (ap_o_mode)3, 0>, ap_fixed<32, 18, (ap_q_mode)5, (ap_o_mode)3, 0>, config4>' completely with a factor of 32
remark: firmware/nnet_utils/nnet_dense_latency.h:15:0: Unrolling loop 'Product2' (firmware/nnet_utils/nnet_dense_latency.h:40:9) in function 'nnet::dense_latency<ap_fixed<16, 6, (ap_q_mode)5, (ap_o_mode)3, 0>, ap_fixed<32, 18, (ap_q_mode)5, (ap_o_mode)3, 0>, config4>' completely with a factor of 32
remark: firmware/nnet_utils/nnet_dense_latency.h:15:0: Unrolling loop 'Product2' (firmware/nnet_utils/nnet_dense_latency.h:40:9) in function 'nnet::dense_latency<ap_fixed<16, 6, (ap_q_mode)5, (ap_o_mode)3, 0>, ap_fixed<32, 18, (ap_q_mode)5, (ap_o_mode)3, 0>, config4>' completely with a factor of 32
remark: firmware/nnet_utils/nnet_dense_latency.h:15:0: Unrolling loop 'Product2' (firmware/nnet_utils/nnet_dense_latency.h:40:9) in function 'nnet::dense_latency<ap_fixed<16, 6, (ap_q_mode)5, (ap_o_mode)3, 0>, ap_fixed<32, 18, (ap_q_mode)5, (ap_o_mode)3, 0>, config4>' completely with a factor of 32
remark: firmware/nnet_utils/nnet_dense_latency.h:15:0: Unrolling loop 'Product2' (firmware/nnet_utils/nnet_dense_latency.h:40:9) in function 'nnet::dense_latency<ap_fixed<16, 6, (ap_q_mode)5, (ap_o_mode)3, 0>, ap_fixed<32, 18, (ap_q_mode)5, (ap_o_mode)3, 0>, config4>' completely with a factor of 32
remark: firmware/nnet_utils/nnet_dense_latency.h:15:0: Unrolling loop 'Product2' (firmware/nnet_utils/nnet_dense_latency.h:40:9) in function 'nnet::dense_latency<ap_fixed<16, 6, (ap_q_mode)5, (ap_o_mode)3, 0>, ap_fixed<32, 18, (ap_q_mode)5, (ap_o_mode)3, 0>, config4>' completely with a factor of 32
remark: firmware/nnet_utils/nnet_dense_latency.h:15:0: Unrolling loop 'Product2' (firmware/nnet_utils/nnet_dense_latency.h:40:9) in function 'nnet::dense_latency<ap_fixed<16, 6, (ap_q_mode)5, (ap_o_mode)3, 0>, ap_fixed<32, 18, (ap_q_mode)5, (ap_o_mode)3, 0>, config4>' completely with a factor of 32
remark: firmware/nnet_utils/nnet_dense_latency.h:15:0: Unrolling loop 'Product2' (firmware/nnet_utils/nnet_dense_latency.h:40:9) in function 'nnet::dense_latency<ap_fixed<16, 6, (ap_q_mode)5, (ap_o_mode)3, 0>, ap_fixed<32, 18, (ap_q_mode)5, (ap_o_mode)3, 0>, config4>' completely with a factor of 32
remark: firmware/nnet_utils/nnet_dense_latency.h:15:0: Unrolling loop 'Product2' (firmware/nnet_utils/nnet_dense_latency.h:40:9) in function 'nnet::dense_latency<ap_fixed<16, 6, (ap_q_mode)5, (ap_o_mode)3, 0>, ap_fixed<32, 18, (ap_q_mode)5, (ap_o_mode)3, 0>, config4>' completely with a factor of 32
remark: firmware/nnet_utils/nnet_dense_latency.h:15:0: Unrolling loop 'Product2' (firmware/nnet_utils/nnet_dense_latency.h:40:9) in function 'nnet::dense_latency<ap_fixed<16, 6, (ap_q_mode)5, (ap_o_mode)3, 0>, ap_fixed<32, 18, (ap_q_mode)5, (ap_o_mode)3, 0>, config4>' completely with a factor of 32
remark: firmware/nnet_utils/nnet_dense_latency.h:15:0: Unrolling loop 'Product2' (firmware/nnet_utils/nnet_dense_latency.h:40:9) in function 'nnet::dense_latency<ap_fixed<16, 6, (ap_q_mode)5, (ap_o_mode)3, 0>, ap_fixed<32, 18, (ap_q_mode)5, (ap_o_mode)3, 0>, config4>' completely with a factor of 32
remark: firmware/nnet_utils/nnet_dense_latency.h:15:0: Unrolling loop 'Product2' (firmware/nnet_utils/nnet_dense_latency.h:40:9) in function 'nnet::dense_latency<ap_fixed<16, 6, (ap_q_mode)5, (ap_o_mode)3, 0>, ap_fixed<32, 18, (ap_q_mode)5, (ap_o_mode)3, 0>, config4>' completely with a factor of 32
remark: firmware/nnet_utils/nnet_dense_latency.h:15:0: Unrolling loop 'Product2' (firmware/nnet_utils/nnet_dense_latency.h:40:9) in function 'nnet::dense_latency<ap_fixed<16, 6, (ap_q_mode)5, (ap_o_mode)3, 0>, ap_fixed<32, 18, (ap_q_mode)5, (ap_o_mode)3, 0>, config4>' completely with a factor of 32
remark: firmware/nnet_utils/nnet_dense_latency.h:15:0: Unrolling loop 'Product2' (firmware/nnet_utils/nnet_dense_latency.h:40:9) in function 'nnet::dense_latency<ap_fixed<16, 6, (ap_q_mode)5, (ap_o_mode)3, 0>, ap_fixed<32, 18, (ap_q_mode)5, (ap_o_mode)3, 0>, config4>' completely with a factor of 32
remark: firmware/nnet_utils/nnet_dense_latency.h:15:0: Unrolling loop 'Product2' (firmware/nnet_utils/nnet_dense_latency.h:40:9) in function 'nnet::dense_latency<ap_fixed<16, 6, (ap_q_mode)5, (ap_o_mode)3, 0>, ap_fixed<32, 18, (ap_q_mode)5, (ap_o_mode)3, 0>, config4>' completely with a factor of 32
remark: firmware/nnet_utils/nnet_dense_latency.h:15:0: Unrolling loop 'Product2' (firmware/nnet_utils/nnet_dense_latency.h:40:9) in function 'nnet::dense_latency<ap_fixed<16, 6, (ap_q_mode)5, (ap_o_mode)3, 0>, ap_fixed<32, 18, (ap_q_mode)5, (ap_o_mode)3, 0>, config4>' completely with a factor of 32
remark: firmware/nnet_utils/nnet_dense_latency.h:15:0: Unrolling loop 'Product2' (firmware/nnet_utils/nnet_dense_latency.h:40:9) in function 'nnet::dense_latency<ap_fixed<16, 6, (ap_q_mode)5, (ap_o_mode)3, 0>, ap_fixed<32, 18, (ap_q_mode)5, (ap_o_mode)3, 0>, config4>' completely with a factor of 32
remark: firmware/nnet_utils/nnet_dense_latency.h:15:0: Unrolling loop 'Product2' (firmware/nnet_utils/nnet_dense_latency.h:40:9) in function 'nnet::dense_latency<ap_fixed<16, 6, (ap_q_mode)5, (ap_o_mode)3, 0>, ap_fixed<32, 18, (ap_q_mode)5, (ap_o_mode)3, 0>, config4>' completely with a factor of 32
remark: firmware/nnet_utils/nnet_dense_latency.h:15:0: Unrolling loop 'Product2' (firmware/nnet_utils/nnet_dense_latency.h:40:9) in function 'nnet::dense_latency<ap_fixed<16, 6, (ap_q_mode)5, (ap_o_mode)3, 0>, ap_fixed<32, 18, (ap_q_mode)5, (ap_o_mode)3, 0>, config4>' completely with a factor of 32
remark: firmware/nnet_utils/nnet_dense_latency.h:15:0: Unrolling loop 'Product2' (firmware/nnet_utils/nnet_dense_latency.h:40:9) in function 'nnet::dense_latency<ap_fixed<16, 6, (ap_q_mode)5, (ap_o_mode)3, 0>, ap_fixed<32, 18, (ap_q_mode)5, (ap_o_mode)3, 0>, config4>' completely with a factor of 32
remark: firmware/nnet_utils/nnet_dense_latency.h:15:0: Unrolling loop 'Product2' (firmware/nnet_utils/nnet_dense_latency.h:40:9) in function 'nnet::dense_latency<ap_fixed<16, 6, (ap_q_mode)5, (ap_o_mode)3, 0>, ap_fixed<32, 18, (ap_q_mode)5, (ap_o_mode)3, 0>, config4>' completely with a factor of 32
remark: firmware/nnet_utils/nnet_dense_latency.h:15:0: Unrolling loop 'Product2' (firmware/nnet_utils/nnet_dense_latency.h:40:9) in function 'nnet::dense_latency<ap_fixed<16, 6, (ap_q_mode)5, (ap_o_mode)3, 0>, ap_fixed<32, 18, (ap_q_mode)5, (ap_o_mode)3, 0>, config4>' completely with a factor of 32
remark: firmware/nnet_utils/nnet_dense_latency.h:15:0: Unrolling loop 'Product2' (firmware/nnet_utils/nnet_dense_latency.h:40:9) in function 'nnet::dense_latency<ap_fixed<16, 6, (ap_q_mode)5, (ap_o_mode)3, 0>, ap_fixed<32, 18, (ap_q_mode)5, (ap_o_mode)3, 0>, config4>' completely with a factor of 32
remark: firmware/nnet_utils/nnet_dense_latency.h:15:0: Unrolling loop 'Product2' (firmware/nnet_utils/nnet_dense_latency.h:40:9) in function 'nnet::dense_latency<ap_fixed<16, 6, (ap_q_mode)5, (ap_o_mode)3, 0>, ap_fixed<32, 18, (ap_q_mode)5, (ap_o_mode)3, 0>, config4>' completely with a factor of 32
remark: firmware/nnet_utils/nnet_dense_latency.h:15:0: Unrolling loop 'Product2' (firmware/nnet_utils/nnet_dense_latency.h:40:9) in function 'nnet::dense_latency<ap_fixed<16, 6, (ap_q_mode)5, (ap_o_mode)3, 0>, ap_fixed<32, 18, (ap_q_mode)5, (ap_o_mode)3, 0>, config4>' completely with a factor of 32
remark: firmware/nnet_utils/nnet_dense_latency.h:15:0: Unrolling loop 'Product2' (firmware/nnet_utils/nnet_dense_latency.h:40:9) in function 'nnet::dense_latency<ap_fixed<16, 6, (ap_q_mode)5, (ap_o_mode)3, 0>, ap_fixed<32, 18, (ap_q_mode)5, (ap_o_mode)3, 0>, config4>' completely with a factor of 32
remark: firmware/nnet_utils/nnet_dense_latency.h:15:0: Unrolling loop 'Product2' (firmware/nnet_utils/nnet_dense_latency.h:40:9) in function 'nnet::dense_latency<ap_fixed<16, 6, (ap_q_mode)5, (ap_o_mode)3, 0>, ap_fixed<32, 18, (ap_q_mode)5, (ap_o_mode)3, 0>, config4>' completely with a factor of 32
remark: firmware/nnet_utils/nnet_dense_latency.h:15:0: Unrolling loop 'Product2' (firmware/nnet_utils/nnet_dense_latency.h:40:9) in function 'nnet::dense_latency<ap_fixed<16, 6, (ap_q_mode)5, (ap_o_mode)3, 0>, ap_fixed<32, 18, (ap_q_mode)5, (ap_o_mode)3, 0>, config4>' completely with a factor of 32
remark: firmware/nnet_utils/nnet_dense_latency.h:15:0: Unrolling loop 'Product2' (firmware/nnet_utils/nnet_dense_latency.h:40:9) in function 'nnet::dense_latency<ap_fixed<16, 6, (ap_q_mode)5, (ap_o_mode)3, 0>, ap_fixed<32, 18, (ap_q_mode)5, (ap_o_mode)3, 0>, config4>' completely with a factor of 32
remark: firmware/nnet_utils/nnet_dense_latency.h:15:0: Unrolling loop 'Product2' (firmware/nnet_utils/nnet_dense_latency.h:40:9) in function 'nnet::dense_latency<ap_fixed<16, 6, (ap_q_mode)5, (ap_o_mode)3, 0>, ap_fixed<32, 18, (ap_q_mode)5, (ap_o_mode)3, 0>, config4>' completely with a factor of 32
remark: firmware/nnet_utils/nnet_dense_latency.h:15:0: Unrolling loop 'Product2' (firmware/nnet_utils/nnet_dense_latency.h:40:9) in function 'nnet::dense_latency<ap_fixed<16, 6, (ap_q_mode)5, (ap_o_mode)3, 0>, ap_fixed<32, 18, (ap_q_mode)5, (ap_o_mode)3, 0>, config4>' completely with a factor of 32
remark: firmware/nnet_utils/nnet_dense_latency.h:15:0: Unrolling loop 'Product2' (firmware/nnet_utils/nnet_dense_latency.h:40:9) in function 'nnet::dense_latency<ap_fixed<16, 6, (ap_q_mode)5, (ap_o_mode)3, 0>, ap_fixed<32, 18, (ap_q_mode)5, (ap_o_mode)3, 0>, config4>' completely with a factor of 32
remark: firmware/nnet_utils/nnet_dense_latency.h:15:0: Unrolling loop 'Product2' (firmware/nnet_utils/nnet_dense_latency.h:40:9) in function 'nnet::dense_latency<ap_fixed<16, 6, (ap_q_mode)5, (ap_o_mode)3, 0>, ap_fixed<32, 18, (ap_q_mode)5, (ap_o_mode)3, 0>, config4>' completely with a factor of 32
remark: firmware/nnet_utils/nnet_dense_latency.h:15:0: Unrolling loop 'Product2' (firmware/nnet_utils/nnet_dense_latency.h:40:9) in function 'nnet::dense_latency<ap_fixed<16, 6, (ap_q_mode)5, (ap_o_mode)3, 0>, ap_fixed<32, 18, (ap_q_mode)5, (ap_o_mode)3, 0>, config4>' completely with a factor of 32
remark: firmware/nnet_utils/nnet_dense_latency.h:15:0: Unrolling loop 'Product2' (firmware/nnet_utils/nnet_dense_latency.h:40:9) in function 'nnet::dense_latency<ap_fixed<16, 6, (ap_q_mode)5, (ap_o_mode)3, 0>, ap_fixed<32, 18, (ap_q_mode)5, (ap_o_mode)3, 0>, config4>' completely with a factor of 32
remark: firmware/nnet_utils/nnet_dense_latency.h:15:0: Unrolling loop 'Product2' (firmware/nnet_utils/nnet_dense_latency.h:40:9) in function 'nnet::dense_latency<ap_fixed<16, 6, (ap_q_mode)5, (ap_o_mode)3, 0>, ap_fixed<32, 18, (ap_q_mode)5, (ap_o_mode)3, 0>, config4>' completely with a factor of 32
remark: firmware/nnet_utils/nnet_dense_latency.h:15:0: Unrolling loop 'Product2' (firmware/nnet_utils/nnet_dense_latency.h:40:9) in function 'nnet::dense_latency<ap_fixed<16, 6, (ap_q_mode)5, (ap_o_mode)3, 0>, ap_fixed<32, 18, (ap_q_mode)5, (ap_o_mode)3, 0>, config4>' completely with a factor of 32
remark: firmware/nnet_utils/nnet_dense_latency.h:15:0: Unrolling loop 'Product2' (firmware/nnet_utils/nnet_dense_latency.h:40:9) in function 'nnet::dense_latency<ap_fixed<16, 6, (ap_q_mode)5, (ap_o_mode)3, 0>, ap_fixed<32, 18, (ap_q_mode)5, (ap_o_mode)3, 0>, config4>' completely with a factor of 32
remark: firmware/nnet_utils/nnet_dense_latency.h:15:0: Unrolling loop 'Product2' (firmware/nnet_utils/nnet_dense_latency.h:40:9) in function 'nnet::dense_latency<ap_fixed<16, 6, (ap_q_mode)5, (ap_o_mode)3, 0>, ap_fixed<32, 18, (ap_q_mode)5, (ap_o_mode)3, 0>, config4>' completely with a factor of 32
remark: firmware/nnet_utils/nnet_dense_latency.h:15:0: Unrolling loop 'Product2' (firmware/nnet_utils/nnet_dense_latency.h:40:9) in function 'nnet::dense_latency<ap_fixed<16, 6, (ap_q_mode)5, (ap_o_mode)3, 0>, ap_fixed<32, 18, (ap_q_mode)5, (ap_o_mode)3, 0>, config4>' completely with a factor of 32
remark: firmware/nnet_utils/nnet_dense_latency.h:15:0: Unrolling loop 'Product2' (firmware/nnet_utils/nnet_dense_latency.h:40:9) in function 'nnet::dense_latency<ap_fixed<16, 6, (ap_q_mode)5, (ap_o_mode)3, 0>, ap_fixed<32, 18, (ap_q_mode)5, (ap_o_mode)3, 0>, config4>' completely with a factor of 32
remark: firmware/nnet_utils/nnet_dense_latency.h:15:0: Unrolling loop 'Product2' (firmware/nnet_utils/nnet_dense_latency.h:40:9) in function 'nnet::dense_latency<ap_fixed<16, 6, (ap_q_mode)5, (ap_o_mode)3, 0>, ap_fixed<32, 18, (ap_q_mode)5, (ap_o_mode)3, 0>, config4>' completely with a factor of 32
remark: firmware/nnet_utils/nnet_dense_latency.h:15:0: Unrolling loop 'Product2' (firmware/nnet_utils/nnet_dense_latency.h:40:9) in function 'nnet::dense_latency<ap_fixed<16, 6, (ap_q_mode)5, (ap_o_mode)3, 0>, ap_fixed<32, 18, (ap_q_mode)5, (ap_o_mode)3, 0>, config4>' completely with a factor of 32
remark: firmware/nnet_utils/nnet_dense_latency.h:15:0: Unrolling loop 'Product2' (firmware/nnet_utils/nnet_dense_latency.h:40:9) in function 'nnet::dense_latency<ap_fixed<16, 6, (ap_q_mode)5, (ap_o_mode)3, 0>, ap_fixed<32, 18, (ap_q_mode)5, (ap_o_mode)3, 0>, config4>' completely with a factor of 32
remark: firmware/nnet_utils/nnet_dense_latency.h:15:0: Unrolling loop 'Product2' (firmware/nnet_utils/nnet_dense_latency.h:40:9) in function 'nnet::dense_latency<ap_fixed<16, 6, (ap_q_mode)5, (ap_o_mode)3, 0>, ap_fixed<32, 18, (ap_q_mode)5, (ap_o_mode)3, 0>, config4>' completely with a factor of 32
remark: firmware/nnet_utils/nnet_dense_latency.h:15:0: Unrolling loop 'Product2' (firmware/nnet_utils/nnet_dense_latency.h:40:9) in function 'nnet::dense_latency<ap_fixed<16, 6, (ap_q_mode)5, (ap_o_mode)3, 0>, ap_fixed<32, 18, (ap_q_mode)5, (ap_o_mode)3, 0>, config4>' completely with a factor of 32
remark: firmware/nnet_utils/nnet_dense_latency.h:15:0: Unrolling loop 'Product2' (firmware/nnet_utils/nnet_dense_latency.h:40:9) in function 'nnet::dense_latency<ap_fixed<16, 6, (ap_q_mode)5, (ap_o_mode)3, 0>, ap_fixed<32, 18, (ap_q_mode)5, (ap_o_mode)3, 0>, config4>' completely with a factor of 32
remark: firmware/nnet_utils/nnet_dense_latency.h:15:0: Unrolling loop 'Product2' (firmware/nnet_utils/nnet_dense_latency.h:40:9) in function 'nnet::dense_latency<ap_fixed<16, 6, (ap_q_mode)5, (ap_o_mode)3, 0>, ap_fixed<32, 18, (ap_q_mode)5, (ap_o_mode)3, 0>, config4>' completely with a factor of 32
remark: firmware/nnet_utils/nnet_activation.h:39:0: Unrolling loop 'VITIS_LOOP_43_1' (firmware/nnet_utils/nnet_activation.h:43:22) in function 'nnet::relu<ap_fixed<32, 18, (ap_q_mode)5, (ap_o_mode)3, 0>, ap_fixed<16, 6, (ap_q_mode)5, (ap_o_mode)3, 0>, relu_config3>' completely with a factor of 64
remark: firmware/nnet_utils/nnet_dense_latency.h:15:0: Unrolling loop 'Result' (firmware/nnet_utils/nnet_dense_latency.h:64:5) in function 'nnet::dense_latency<ap_fixed<32, 16, (ap_q_mode)5, (ap_o_mode)3, 0>, ap_fixed<32, 18, (ap_q_mode)5, (ap_o_mode)3, 0>, config2>' completely with a factor of 64
remark: firmware/nnet_utils/nnet_dense_latency.h:15:0: Unrolling loop 'Accum1' (firmware/nnet_utils/nnet_dense_latency.h:54:5) in function 'nnet::dense_latency<ap_fixed<32, 16, (ap_q_mode)5, (ap_o_mode)3, 0>, ap_fixed<32, 18, (ap_q_mode)5, (ap_o_mode)3, 0>, config2>' completely with a factor of 75
remark: firmware/nnet_utils/nnet_dense_latency.h:15:0: Unrolling loop 'Accum2' (firmware/nnet_utils/nnet_dense_latency.h:56:9) in function 'nnet::dense_latency<ap_fixed<32, 16, (ap_q_mode)5, (ap_o_mode)3, 0>, ap_fixed<32, 18, (ap_q_mode)5, (ap_o_mode)3, 0>, config2>' completely with a factor of 64
remark: firmware/nnet_utils/nnet_dense_latency.h:15:0: Unrolling loop 'Accum2' (firmware/nnet_utils/nnet_dense_latency.h:56:9) in function 'nnet::dense_latency<ap_fixed<32, 16, (ap_q_mode)5, (ap_o_mode)3, 0>, ap_fixed<32, 18, (ap_q_mode)5, (ap_o_mode)3, 0>, config2>' completely with a factor of 64
remark: firmware/nnet_utils/nnet_dense_latency.h:15:0: Unrolling loop 'Accum2' (firmware/nnet_utils/nnet_dense_latency.h:56:9) in function 'nnet::dense_latency<ap_fixed<32, 16, (ap_q_mode)5, (ap_o_mode)3, 0>, ap_fixed<32, 18, (ap_q_mode)5, (ap_o_mode)3, 0>, config2>' completely with a factor of 64
remark: firmware/nnet_utils/nnet_dense_latency.h:15:0: Unrolling loop 'Accum2' (firmware/nnet_utils/nnet_dense_latency.h:56:9) in function 'nnet::dense_latency<ap_fixed<32, 16, (ap_q_mode)5, (ap_o_mode)3, 0>, ap_fixed<32, 18, (ap_q_mode)5, (ap_o_mode)3, 0>, config2>' completely with a factor of 64
remark: firmware/nnet_utils/nnet_dense_latency.h:15:0: Unrolling loop 'Accum2' (firmware/nnet_utils/nnet_dense_latency.h:56:9) in function 'nnet::dense_latency<ap_fixed<32, 16, (ap_q_mode)5, (ap_o_mode)3, 0>, ap_fixed<32, 18, (ap_q_mode)5, (ap_o_mode)3, 0>, config2>' completely with a factor of 64
remark: firmware/nnet_utils/nnet_dense_latency.h:15:0: Unrolling loop 'Accum2' (firmware/nnet_utils/nnet_dense_latency.h:56:9) in function 'nnet::dense_latency<ap_fixed<32, 16, (ap_q_mode)5, (ap_o_mode)3, 0>, ap_fixed<32, 18, (ap_q_mode)5, (ap_o_mode)3, 0>, config2>' completely with a factor of 64
remark: firmware/nnet_utils/nnet_dense_latency.h:15:0: Unrolling loop 'Accum2' (firmware/nnet_utils/nnet_dense_latency.h:56:9) in function 'nnet::dense_latency<ap_fixed<32, 16, (ap_q_mode)5, (ap_o_mode)3, 0>, ap_fixed<32, 18, (ap_q_mode)5, (ap_o_mode)3, 0>, config2>' completely with a factor of 64
remark: firmware/nnet_utils/nnet_dense_latency.h:15:0: Unrolling loop 'Accum2' (firmware/nnet_utils/nnet_dense_latency.h:56:9) in function 'nnet::dense_latency<ap_fixed<32, 16, (ap_q_mode)5, (ap_o_mode)3, 0>, ap_fixed<32, 18, (ap_q_mode)5, (ap_o_mode)3, 0>, config2>' completely with a factor of 64
remark: firmware/nnet_utils/nnet_dense_latency.h:15:0: Unrolling loop 'Accum2' (firmware/nnet_utils/nnet_dense_latency.h:56:9) in function 'nnet::dense_latency<ap_fixed<32, 16, (ap_q_mode)5, (ap_o_mode)3, 0>, ap_fixed<32, 18, (ap_q_mode)5, (ap_o_mode)3, 0>, config2>' completely with a factor of 64
remark: firmware/nnet_utils/nnet_dense_latency.h:15:0: Unrolling loop 'Accum2' (firmware/nnet_utils/nnet_dense_latency.h:56:9) in function 'nnet::dense_latency<ap_fixed<32, 16, (ap_q_mode)5, (ap_o_mode)3, 0>, ap_fixed<32, 18, (ap_q_mode)5, (ap_o_mode)3, 0>, config2>' completely with a factor of 64
remark: firmware/nnet_utils/nnet_dense_latency.h:15:0: Unrolling loop 'Accum2' (firmware/nnet_utils/nnet_dense_latency.h:56:9) in function 'nnet::dense_latency<ap_fixed<32, 16, (ap_q_mode)5, (ap_o_mode)3, 0>, ap_fixed<32, 18, (ap_q_mode)5, (ap_o_mode)3, 0>, config2>' completely with a factor of 64
remark: firmware/nnet_utils/nnet_dense_latency.h:15:0: Unrolling loop 'Accum2' (firmware/nnet_utils/nnet_dense_latency.h:56:9) in function 'nnet::dense_latency<ap_fixed<32, 16, (ap_q_mode)5, (ap_o_mode)3, 0>, ap_fixed<32, 18, (ap_q_mode)5, (ap_o_mode)3, 0>, config2>' completely with a factor of 64
remark: firmware/nnet_utils/nnet_dense_latency.h:15:0: Unrolling loop 'Accum2' (firmware/nnet_utils/nnet_dense_latency.h:56:9) in function 'nnet::dense_latency<ap_fixed<32, 16, (ap_q_mode)5, (ap_o_mode)3, 0>, ap_fixed<32, 18, (ap_q_mode)5, (ap_o_mode)3, 0>, config2>' completely with a factor of 64
remark: firmware/nnet_utils/nnet_dense_latency.h:15:0: Unrolling loop 'Accum2' (firmware/nnet_utils/nnet_dense_latency.h:56:9) in function 'nnet::dense_latency<ap_fixed<32, 16, (ap_q_mode)5, (ap_o_mode)3, 0>, ap_fixed<32, 18, (ap_q_mode)5, (ap_o_mode)3, 0>, config2>' completely with a factor of 64
remark: firmware/nnet_utils/nnet_dense_latency.h:15:0: Unrolling loop 'Accum2' (firmware/nnet_utils/nnet_dense_latency.h:56:9) in function 'nnet::dense_latency<ap_fixed<32, 16, (ap_q_mode)5, (ap_o_mode)3, 0>, ap_fixed<32, 18, (ap_q_mode)5, (ap_o_mode)3, 0>, config2>' completely with a factor of 64
remark: firmware/nnet_utils/nnet_dense_latency.h:15:0: Unrolling loop 'Accum2' (firmware/nnet_utils/nnet_dense_latency.h:56:9) in function 'nnet::dense_latency<ap_fixed<32, 16, (ap_q_mode)5, (ap_o_mode)3, 0>, ap_fixed<32, 18, (ap_q_mode)5, (ap_o_mode)3, 0>, config2>' completely with a factor of 64
remark: firmware/nnet_utils/nnet_dense_latency.h:15:0: Unrolling loop 'Accum2' (firmware/nnet_utils/nnet_dense_latency.h:56:9) in function 'nnet::dense_latency<ap_fixed<32, 16, (ap_q_mode)5, (ap_o_mode)3, 0>, ap_fixed<32, 18, (ap_q_mode)5, (ap_o_mode)3, 0>, config2>' completely with a factor of 64
remark: firmware/nnet_utils/nnet_dense_latency.h:15:0: Unrolling loop 'Accum2' (firmware/nnet_utils/nnet_dense_latency.h:56:9) in function 'nnet::dense_latency<ap_fixed<32, 16, (ap_q_mode)5, (ap_o_mode)3, 0>, ap_fixed<32, 18, (ap_q_mode)5, (ap_o_mode)3, 0>, config2>' completely with a factor of 64
remark: firmware/nnet_utils/nnet_dense_latency.h:15:0: Unrolling loop 'Accum2' (firmware/nnet_utils/nnet_dense_latency.h:56:9) in function 'nnet::dense_latency<ap_fixed<32, 16, (ap_q_mode)5, (ap_o_mode)3, 0>, ap_fixed<32, 18, (ap_q_mode)5, (ap_o_mode)3, 0>, config2>' completely with a factor of 64
remark: firmware/nnet_utils/nnet_dense_latency.h:15:0: Unrolling loop 'Accum2' (firmware/nnet_utils/nnet_dense_latency.h:56:9) in function 'nnet::dense_latency<ap_fixed<32, 16, (ap_q_mode)5, (ap_o_mode)3, 0>, ap_fixed<32, 18, (ap_q_mode)5, (ap_o_mode)3, 0>, config2>' completely with a factor of 64
remark: firmware/nnet_utils/nnet_dense_latency.h:15:0: Unrolling loop 'Accum2' (firmware/nnet_utils/nnet_dense_latency.h:56:9) in function 'nnet::dense_latency<ap_fixed<32, 16, (ap_q_mode)5, (ap_o_mode)3, 0>, ap_fixed<32, 18, (ap_q_mode)5, (ap_o_mode)3, 0>, config2>' completely with a factor of 64
remark: firmware/nnet_utils/nnet_dense_latency.h:15:0: Unrolling loop 'Accum2' (firmware/nnet_utils/nnet_dense_latency.h:56:9) in function 'nnet::dense_latency<ap_fixed<32, 16, (ap_q_mode)5, (ap_o_mode)3, 0>, ap_fixed<32, 18, (ap_q_mode)5, (ap_o_mode)3, 0>, config2>' completely with a factor of 64
remark: firmware/nnet_utils/nnet_dense_latency.h:15:0: Unrolling loop 'Accum2' (firmware/nnet_utils/nnet_dense_latency.h:56:9) in function 'nnet::dense_latency<ap_fixed<32, 16, (ap_q_mode)5, (ap_o_mode)3, 0>, ap_fixed<32, 18, (ap_q_mode)5, (ap_o_mode)3, 0>, config2>' completely with a factor of 64
remark: firmware/nnet_utils/nnet_dense_latency.h:15:0: Unrolling loop 'Accum2' (firmware/nnet_utils/nnet_dense_latency.h:56:9) in function 'nnet::dense_latency<ap_fixed<32, 16, (ap_q_mode)5, (ap_o_mode)3, 0>, ap_fixed<32, 18, (ap_q_mode)5, (ap_o_mode)3, 0>, config2>' completely with a factor of 64
remark: firmware/nnet_utils/nnet_dense_latency.h:15:0: Unrolling loop 'Accum2' (firmware/nnet_utils/nnet_dense_latency.h:56:9) in function 'nnet::dense_latency<ap_fixed<32, 16, (ap_q_mode)5, (ap_o_mode)3, 0>, ap_fixed<32, 18, (ap_q_mode)5, (ap_o_mode)3, 0>, config2>' completely with a factor of 64
remark: firmware/nnet_utils/nnet_dense_latency.h:15:0: Unrolling loop 'Accum2' (firmware/nnet_utils/nnet_dense_latency.h:56:9) in function 'nnet::dense_latency<ap_fixed<32, 16, (ap_q_mode)5, (ap_o_mode)3, 0>, ap_fixed<32, 18, (ap_q_mode)5, (ap_o_mode)3, 0>, config2>' completely with a factor of 64
remark: firmware/nnet_utils/nnet_dense_latency.h:15:0: Unrolling loop 'Accum2' (firmware/nnet_utils/nnet_dense_latency.h:56:9) in function 'nnet::dense_latency<ap_fixed<32, 16, (ap_q_mode)5, (ap_o_mode)3, 0>, ap_fixed<32, 18, (ap_q_mode)5, (ap_o_mode)3, 0>, config2>' completely with a factor of 64
remark: firmware/nnet_utils/nnet_dense_latency.h:15:0: Unrolling loop 'Accum2' (firmware/nnet_utils/nnet_dense_latency.h:56:9) in function 'nnet::dense_latency<ap_fixed<32, 16, (ap_q_mode)5, (ap_o_mode)3, 0>, ap_fixed<32, 18, (ap_q_mode)5, (ap_o_mode)3, 0>, config2>' completely with a factor of 64
remark: firmware/nnet_utils/nnet_dense_latency.h:15:0: Unrolling loop 'Accum2' (firmware/nnet_utils/nnet_dense_latency.h:56:9) in function 'nnet::dense_latency<ap_fixed<32, 16, (ap_q_mode)5, (ap_o_mode)3, 0>, ap_fixed<32, 18, (ap_q_mode)5, (ap_o_mode)3, 0>, config2>' completely with a factor of 64
remark: firmware/nnet_utils/nnet_dense_latency.h:15:0: Unrolling loop 'Accum2' (firmware/nnet_utils/nnet_dense_latency.h:56:9) in function 'nnet::dense_latency<ap_fixed<32, 16, (ap_q_mode)5, (ap_o_mode)3, 0>, ap_fixed<32, 18, (ap_q_mode)5, (ap_o_mode)3, 0>, config2>' completely with a factor of 64
remark: firmware/nnet_utils/nnet_dense_latency.h:15:0: Unrolling loop 'Accum2' (firmware/nnet_utils/nnet_dense_latency.h:56:9) in function 'nnet::dense_latency<ap_fixed<32, 16, (ap_q_mode)5, (ap_o_mode)3, 0>, ap_fixed<32, 18, (ap_q_mode)5, (ap_o_mode)3, 0>, config2>' completely with a factor of 64
remark: firmware/nnet_utils/nnet_dense_latency.h:15:0: Unrolling loop 'Accum2' (firmware/nnet_utils/nnet_dense_latency.h:56:9) in function 'nnet::dense_latency<ap_fixed<32, 16, (ap_q_mode)5, (ap_o_mode)3, 0>, ap_fixed<32, 18, (ap_q_mode)5, (ap_o_mode)3, 0>, config2>' completely with a factor of 64
remark: firmware/nnet_utils/nnet_dense_latency.h:15:0: Unrolling loop 'Accum2' (firmware/nnet_utils/nnet_dense_latency.h:56:9) in function 'nnet::dense_latency<ap_fixed<32, 16, (ap_q_mode)5, (ap_o_mode)3, 0>, ap_fixed<32, 18, (ap_q_mode)5, (ap_o_mode)3, 0>, config2>' completely with a factor of 64
remark: firmware/nnet_utils/nnet_dense_latency.h:15:0: Unrolling loop 'Accum2' (firmware/nnet_utils/nnet_dense_latency.h:56:9) in function 'nnet::dense_latency<ap_fixed<32, 16, (ap_q_mode)5, (ap_o_mode)3, 0>, ap_fixed<32, 18, (ap_q_mode)5, (ap_o_mode)3, 0>, config2>' completely with a factor of 64
remark: firmware/nnet_utils/nnet_dense_latency.h:15:0: Unrolling loop 'Accum2' (firmware/nnet_utils/nnet_dense_latency.h:56:9) in function 'nnet::dense_latency<ap_fixed<32, 16, (ap_q_mode)5, (ap_o_mode)3, 0>, ap_fixed<32, 18, (ap_q_mode)5, (ap_o_mode)3, 0>, config2>' completely with a factor of 64
remark: firmware/nnet_utils/nnet_dense_latency.h:15:0: Unrolling loop 'Accum2' (firmware/nnet_utils/nnet_dense_latency.h:56:9) in function 'nnet::dense_latency<ap_fixed<32, 16, (ap_q_mode)5, (ap_o_mode)3, 0>, ap_fixed<32, 18, (ap_q_mode)5, (ap_o_mode)3, 0>, config2>' completely with a factor of 64
remark: firmware/nnet_utils/nnet_dense_latency.h:15:0: Unrolling loop 'Accum2' (firmware/nnet_utils/nnet_dense_latency.h:56:9) in function 'nnet::dense_latency<ap_fixed<32, 16, (ap_q_mode)5, (ap_o_mode)3, 0>, ap_fixed<32, 18, (ap_q_mode)5, (ap_o_mode)3, 0>, config2>' completely with a factor of 64
remark: firmware/nnet_utils/nnet_dense_latency.h:15:0: Unrolling loop 'Accum2' (firmware/nnet_utils/nnet_dense_latency.h:56:9) in function 'nnet::dense_latency<ap_fixed<32, 16, (ap_q_mode)5, (ap_o_mode)3, 0>, ap_fixed<32, 18, (ap_q_mode)5, (ap_o_mode)3, 0>, config2>' completely with a factor of 64
remark: firmware/nnet_utils/nnet_dense_latency.h:15:0: Unrolling loop 'Accum2' (firmware/nnet_utils/nnet_dense_latency.h:56:9) in function 'nnet::dense_latency<ap_fixed<32, 16, (ap_q_mode)5, (ap_o_mode)3, 0>, ap_fixed<32, 18, (ap_q_mode)5, (ap_o_mode)3, 0>, config2>' completely with a factor of 64
remark: firmware/nnet_utils/nnet_dense_latency.h:15:0: Unrolling loop 'Accum2' (firmware/nnet_utils/nnet_dense_latency.h:56:9) in function 'nnet::dense_latency<ap_fixed<32, 16, (ap_q_mode)5, (ap_o_mode)3, 0>, ap_fixed<32, 18, (ap_q_mode)5, (ap_o_mode)3, 0>, config2>' completely with a factor of 64
remark: firmware/nnet_utils/nnet_dense_latency.h:15:0: Unrolling loop 'Accum2' (firmware/nnet_utils/nnet_dense_latency.h:56:9) in function 'nnet::dense_latency<ap_fixed<32, 16, (ap_q_mode)5, (ap_o_mode)3, 0>, ap_fixed<32, 18, (ap_q_mode)5, (ap_o_mode)3, 0>, config2>' completely with a factor of 64
remark: firmware/nnet_utils/nnet_dense_latency.h:15:0: Unrolling loop 'Accum2' (firmware/nnet_utils/nnet_dense_latency.h:56:9) in function 'nnet::dense_latency<ap_fixed<32, 16, (ap_q_mode)5, (ap_o_mode)3, 0>, ap_fixed<32, 18, (ap_q_mode)5, (ap_o_mode)3, 0>, config2>' completely with a factor of 64
remark: firmware/nnet_utils/nnet_dense_latency.h:15:0: Unrolling loop 'Accum2' (firmware/nnet_utils/nnet_dense_latency.h:56:9) in function 'nnet::dense_latency<ap_fixed<32, 16, (ap_q_mode)5, (ap_o_mode)3, 0>, ap_fixed<32, 18, (ap_q_mode)5, (ap_o_mode)3, 0>, config2>' completely with a factor of 64
remark: firmware/nnet_utils/nnet_dense_latency.h:15:0: Unrolling loop 'Accum2' (firmware/nnet_utils/nnet_dense_latency.h:56:9) in function 'nnet::dense_latency<ap_fixed<32, 16, (ap_q_mode)5, (ap_o_mode)3, 0>, ap_fixed<32, 18, (ap_q_mode)5, (ap_o_mode)3, 0>, config2>' completely with a factor of 64
remark: firmware/nnet_utils/nnet_dense_latency.h:15:0: Unrolling loop 'Accum2' (firmware/nnet_utils/nnet_dense_latency.h:56:9) in function 'nnet::dense_latency<ap_fixed<32, 16, (ap_q_mode)5, (ap_o_mode)3, 0>, ap_fixed<32, 18, (ap_q_mode)5, (ap_o_mode)3, 0>, config2>' completely with a factor of 64
remark: firmware/nnet_utils/nnet_dense_latency.h:15:0: Unrolling loop 'Accum2' (firmware/nnet_utils/nnet_dense_latency.h:56:9) in function 'nnet::dense_latency<ap_fixed<32, 16, (ap_q_mode)5, (ap_o_mode)3, 0>, ap_fixed<32, 18, (ap_q_mode)5, (ap_o_mode)3, 0>, config2>' completely with a factor of 64
remark: firmware/nnet_utils/nnet_dense_latency.h:15:0: Unrolling loop 'Accum2' (firmware/nnet_utils/nnet_dense_latency.h:56:9) in function 'nnet::dense_latency<ap_fixed<32, 16, (ap_q_mode)5, (ap_o_mode)3, 0>, ap_fixed<32, 18, (ap_q_mode)5, (ap_o_mode)3, 0>, config2>' completely with a factor of 64
remark: firmware/nnet_utils/nnet_dense_latency.h:15:0: Unrolling loop 'Accum2' (firmware/nnet_utils/nnet_dense_latency.h:56:9) in function 'nnet::dense_latency<ap_fixed<32, 16, (ap_q_mode)5, (ap_o_mode)3, 0>, ap_fixed<32, 18, (ap_q_mode)5, (ap_o_mode)3, 0>, config2>' completely with a factor of 64
remark: firmware/nnet_utils/nnet_dense_latency.h:15:0: Unrolling loop 'Accum2' (firmware/nnet_utils/nnet_dense_latency.h:56:9) in function 'nnet::dense_latency<ap_fixed<32, 16, (ap_q_mode)5, (ap_o_mode)3, 0>, ap_fixed<32, 18, (ap_q_mode)5, (ap_o_mode)3, 0>, config2>' completely with a factor of 64
remark: firmware/nnet_utils/nnet_dense_latency.h:15:0: Unrolling loop 'Accum2' (firmware/nnet_utils/nnet_dense_latency.h:56:9) in function 'nnet::dense_latency<ap_fixed<32, 16, (ap_q_mode)5, (ap_o_mode)3, 0>, ap_fixed<32, 18, (ap_q_mode)5, (ap_o_mode)3, 0>, config2>' completely with a factor of 64
remark: firmware/nnet_utils/nnet_dense_latency.h:15:0: Unrolling loop 'Accum2' (firmware/nnet_utils/nnet_dense_latency.h:56:9) in function 'nnet::dense_latency<ap_fixed<32, 16, (ap_q_mode)5, (ap_o_mode)3, 0>, ap_fixed<32, 18, (ap_q_mode)5, (ap_o_mode)3, 0>, config2>' completely with a factor of 64
remark: firmware/nnet_utils/nnet_dense_latency.h:15:0: Unrolling loop 'Accum2' (firmware/nnet_utils/nnet_dense_latency.h:56:9) in function 'nnet::dense_latency<ap_fixed<32, 16, (ap_q_mode)5, (ap_o_mode)3, 0>, ap_fixed<32, 18, (ap_q_mode)5, (ap_o_mode)3, 0>, config2>' completely with a factor of 64
remark: firmware/nnet_utils/nnet_dense_latency.h:15:0: Unrolling loop 'Accum2' (firmware/nnet_utils/nnet_dense_latency.h:56:9) in function 'nnet::dense_latency<ap_fixed<32, 16, (ap_q_mode)5, (ap_o_mode)3, 0>, ap_fixed<32, 18, (ap_q_mode)5, (ap_o_mode)3, 0>, config2>' completely with a factor of 64
remark: firmware/nnet_utils/nnet_dense_latency.h:15:0: Unrolling loop 'Accum2' (firmware/nnet_utils/nnet_dense_latency.h:56:9) in function 'nnet::dense_latency<ap_fixed<32, 16, (ap_q_mode)5, (ap_o_mode)3, 0>, ap_fixed<32, 18, (ap_q_mode)5, (ap_o_mode)3, 0>, config2>' completely with a factor of 64
remark: firmware/nnet_utils/nnet_dense_latency.h:15:0: Unrolling loop 'Accum2' (firmware/nnet_utils/nnet_dense_latency.h:56:9) in function 'nnet::dense_latency<ap_fixed<32, 16, (ap_q_mode)5, (ap_o_mode)3, 0>, ap_fixed<32, 18, (ap_q_mode)5, (ap_o_mode)3, 0>, config2>' completely with a factor of 64
remark: firmware/nnet_utils/nnet_dense_latency.h:15:0: Unrolling loop 'Accum2' (firmware/nnet_utils/nnet_dense_latency.h:56:9) in function 'nnet::dense_latency<ap_fixed<32, 16, (ap_q_mode)5, (ap_o_mode)3, 0>, ap_fixed<32, 18, (ap_q_mode)5, (ap_o_mode)3, 0>, config2>' completely with a factor of 64
remark: firmware/nnet_utils/nnet_dense_latency.h:15:0: Unrolling loop 'Accum2' (firmware/nnet_utils/nnet_dense_latency.h:56:9) in function 'nnet::dense_latency<ap_fixed<32, 16, (ap_q_mode)5, (ap_o_mode)3, 0>, ap_fixed<32, 18, (ap_q_mode)5, (ap_o_mode)3, 0>, config2>' completely with a factor of 64
remark: firmware/nnet_utils/nnet_dense_latency.h:15:0: Unrolling loop 'Accum2' (firmware/nnet_utils/nnet_dense_latency.h:56:9) in function 'nnet::dense_latency<ap_fixed<32, 16, (ap_q_mode)5, (ap_o_mode)3, 0>, ap_fixed<32, 18, (ap_q_mode)5, (ap_o_mode)3, 0>, config2>' completely with a factor of 64
remark: firmware/nnet_utils/nnet_dense_latency.h:15:0: Unrolling loop 'Accum2' (firmware/nnet_utils/nnet_dense_latency.h:56:9) in function 'nnet::dense_latency<ap_fixed<32, 16, (ap_q_mode)5, (ap_o_mode)3, 0>, ap_fixed<32, 18, (ap_q_mode)5, (ap_o_mode)3, 0>, config2>' completely with a factor of 64
remark: firmware/nnet_utils/nnet_dense_latency.h:15:0: Unrolling loop 'Accum2' (firmware/nnet_utils/nnet_dense_latency.h:56:9) in function 'nnet::dense_latency<ap_fixed<32, 16, (ap_q_mode)5, (ap_o_mode)3, 0>, ap_fixed<32, 18, (ap_q_mode)5, (ap_o_mode)3, 0>, config2>' completely with a factor of 64
remark: firmware/nnet_utils/nnet_dense_latency.h:15:0: Unrolling loop 'Accum2' (firmware/nnet_utils/nnet_dense_latency.h:56:9) in function 'nnet::dense_latency<ap_fixed<32, 16, (ap_q_mode)5, (ap_o_mode)3, 0>, ap_fixed<32, 18, (ap_q_mode)5, (ap_o_mode)3, 0>, config2>' completely with a factor of 64
remark: firmware/nnet_utils/nnet_dense_latency.h:15:0: Unrolling loop 'Accum2' (firmware/nnet_utils/nnet_dense_latency.h:56:9) in function 'nnet::dense_latency<ap_fixed<32, 16, (ap_q_mode)5, (ap_o_mode)3, 0>, ap_fixed<32, 18, (ap_q_mode)5, (ap_o_mode)3, 0>, config2>' completely with a factor of 64
remark: firmware/nnet_utils/nnet_dense_latency.h:15:0: Unrolling loop 'Accum2' (firmware/nnet_utils/nnet_dense_latency.h:56:9) in function 'nnet::dense_latency<ap_fixed<32, 16, (ap_q_mode)5, (ap_o_mode)3, 0>, ap_fixed<32, 18, (ap_q_mode)5, (ap_o_mode)3, 0>, config2>' completely with a factor of 64
remark: firmware/nnet_utils/nnet_dense_latency.h:15:0: Unrolling loop 'Accum2' (firmware/nnet_utils/nnet_dense_latency.h:56:9) in function 'nnet::dense_latency<ap_fixed<32, 16, (ap_q_mode)5, (ap_o_mode)3, 0>, ap_fixed<32, 18, (ap_q_mode)5, (ap_o_mode)3, 0>, config2>' completely with a factor of 64
remark: firmware/nnet_utils/nnet_dense_latency.h:15:0: Unrolling loop 'Accum2' (firmware/nnet_utils/nnet_dense_latency.h:56:9) in function 'nnet::dense_latency<ap_fixed<32, 16, (ap_q_mode)5, (ap_o_mode)3, 0>, ap_fixed<32, 18, (ap_q_mode)5, (ap_o_mode)3, 0>, config2>' completely with a factor of 64
remark: firmware/nnet_utils/nnet_dense_latency.h:15:0: Unrolling loop 'Accum2' (firmware/nnet_utils/nnet_dense_latency.h:56:9) in function 'nnet::dense_latency<ap_fixed<32, 16, (ap_q_mode)5, (ap_o_mode)3, 0>, ap_fixed<32, 18, (ap_q_mode)5, (ap_o_mode)3, 0>, config2>' completely with a factor of 64
remark: firmware/nnet_utils/nnet_dense_latency.h:15:0: Unrolling loop 'Accum2' (firmware/nnet_utils/nnet_dense_latency.h:56:9) in function 'nnet::dense_latency<ap_fixed<32, 16, (ap_q_mode)5, (ap_o_mode)3, 0>, ap_fixed<32, 18, (ap_q_mode)5, (ap_o_mode)3, 0>, config2>' completely with a factor of 64
remark: firmware/nnet_utils/nnet_dense_latency.h:15:0: Unrolling loop 'Accum2' (firmware/nnet_utils/nnet_dense_latency.h:56:9) in function 'nnet::dense_latency<ap_fixed<32, 16, (ap_q_mode)5, (ap_o_mode)3, 0>, ap_fixed<32, 18, (ap_q_mode)5, (ap_o_mode)3, 0>, config2>' completely with a factor of 64
remark: firmware/nnet_utils/nnet_dense_latency.h:15:0: Unrolling loop 'Accum2' (firmware/nnet_utils/nnet_dense_latency.h:56:9) in function 'nnet::dense_latency<ap_fixed<32, 16, (ap_q_mode)5, (ap_o_mode)3, 0>, ap_fixed<32, 18, (ap_q_mode)5, (ap_o_mode)3, 0>, config2>' completely with a factor of 64
remark: firmware/nnet_utils/nnet_dense_latency.h:15:0: Unrolling loop 'Accum2' (firmware/nnet_utils/nnet_dense_latency.h:56:9) in function 'nnet::dense_latency<ap_fixed<32, 16, (ap_q_mode)5, (ap_o_mode)3, 0>, ap_fixed<32, 18, (ap_q_mode)5, (ap_o_mode)3, 0>, config2>' completely with a factor of 64
remark: firmware/nnet_utils/nnet_dense_latency.h:15:0: Unrolling loop 'Accum2' (firmware/nnet_utils/nnet_dense_latency.h:56:9) in function 'nnet::dense_latency<ap_fixed<32, 16, (ap_q_mode)5, (ap_o_mode)3, 0>, ap_fixed<32, 18, (ap_q_mode)5, (ap_o_mode)3, 0>, config2>' completely with a factor of 64
remark: firmware/nnet_utils/nnet_dense_latency.h:15:0: Unrolling loop 'Accum2' (firmware/nnet_utils/nnet_dense_latency.h:56:9) in function 'nnet::dense_latency<ap_fixed<32, 16, (ap_q_mode)5, (ap_o_mode)3, 0>, ap_fixed<32, 18, (ap_q_mode)5, (ap_o_mode)3, 0>, config2>' completely with a factor of 64
remark: firmware/nnet_utils/nnet_dense_latency.h:15:0: Unrolling loop 'Accum2' (firmware/nnet_utils/nnet_dense_latency.h:56:9) in function 'nnet::dense_latency<ap_fixed<32, 16, (ap_q_mode)5, (ap_o_mode)3, 0>, ap_fixed<32, 18, (ap_q_mode)5, (ap_o_mode)3, 0>, config2>' completely with a factor of 64
remark: firmware/nnet_utils/nnet_dense_latency.h:15:0: Unrolling loop 'Accum2' (firmware/nnet_utils/nnet_dense_latency.h:56:9) in function 'nnet::dense_latency<ap_fixed<32, 16, (ap_q_mode)5, (ap_o_mode)3, 0>, ap_fixed<32, 18, (ap_q_mode)5, (ap_o_mode)3, 0>, config2>' completely with a factor of 64
remark: firmware/nnet_utils/nnet_dense_latency.h:15:0: Unrolling loop 'Accum2' (firmware/nnet_utils/nnet_dense_latency.h:56:9) in function 'nnet::dense_latency<ap_fixed<32, 16, (ap_q_mode)5, (ap_o_mode)3, 0>, ap_fixed<32, 18, (ap_q_mode)5, (ap_o_mode)3, 0>, config2>' completely with a factor of 64
remark: firmware/nnet_utils/nnet_dense_latency.h:15:0: Unrolling loop 'ResetAccum' (firmware/nnet_utils/nnet_dense_latency.h:48:5) in function 'nnet::dense_latency<ap_fixed<32, 16, (ap_q_mode)5, (ap_o_mode)3, 0>, ap_fixed<32, 18, (ap_q_mode)5, (ap_o_mode)3, 0>, config2>' completely with a factor of 64
remark: firmware/nnet_utils/nnet_dense_latency.h:15:0: Unrolling loop 'Product1' (firmware/nnet_utils/nnet_dense_latency.h:37:5) in function 'nnet::dense_latency<ap_fixed<32, 16, (ap_q_mode)5, (ap_o_mode)3, 0>, ap_fixed<32, 18, (ap_q_mode)5, (ap_o_mode)3, 0>, config2>' completely with a factor of 75
remark: firmware/nnet_utils/nnet_dense_latency.h:15:0: Unrolling loop 'Product2' (firmware/nnet_utils/nnet_dense_latency.h:40:9) in function 'nnet::dense_latency<ap_fixed<32, 16, (ap_q_mode)5, (ap_o_mode)3, 0>, ap_fixed<32, 18, (ap_q_mode)5, (ap_o_mode)3, 0>, config2>' completely with a factor of 64
remark: firmware/nnet_utils/nnet_dense_latency.h:15:0: Unrolling loop 'Product2' (firmware/nnet_utils/nnet_dense_latency.h:40:9) in function 'nnet::dense_latency<ap_fixed<32, 16, (ap_q_mode)5, (ap_o_mode)3, 0>, ap_fixed<32, 18, (ap_q_mode)5, (ap_o_mode)3, 0>, config2>' completely with a factor of 64
remark: firmware/nnet_utils/nnet_dense_latency.h:15:0: Unrolling loop 'Product2' (firmware/nnet_utils/nnet_dense_latency.h:40:9) in function 'nnet::dense_latency<ap_fixed<32, 16, (ap_q_mode)5, (ap_o_mode)3, 0>, ap_fixed<32, 18, (ap_q_mode)5, (ap_o_mode)3, 0>, config2>' completely with a factor of 64
remark: firmware/nnet_utils/nnet_dense_latency.h:15:0: Unrolling loop 'Product2' (firmware/nnet_utils/nnet_dense_latency.h:40:9) in function 'nnet::dense_latency<ap_fixed<32, 16, (ap_q_mode)5, (ap_o_mode)3, 0>, ap_fixed<32, 18, (ap_q_mode)5, (ap_o_mode)3, 0>, config2>' completely with a factor of 64
remark: firmware/nnet_utils/nnet_dense_latency.h:15:0: Unrolling loop 'Product2' (firmware/nnet_utils/nnet_dense_latency.h:40:9) in function 'nnet::dense_latency<ap_fixed<32, 16, (ap_q_mode)5, (ap_o_mode)3, 0>, ap_fixed<32, 18, (ap_q_mode)5, (ap_o_mode)3, 0>, config2>' completely with a factor of 64
remark: firmware/nnet_utils/nnet_dense_latency.h:15:0: Unrolling loop 'Product2' (firmware/nnet_utils/nnet_dense_latency.h:40:9) in function 'nnet::dense_latency<ap_fixed<32, 16, (ap_q_mode)5, (ap_o_mode)3, 0>, ap_fixed<32, 18, (ap_q_mode)5, (ap_o_mode)3, 0>, config2>' completely with a factor of 64
remark: firmware/nnet_utils/nnet_dense_latency.h:15:0: Unrolling loop 'Product2' (firmware/nnet_utils/nnet_dense_latency.h:40:9) in function 'nnet::dense_latency<ap_fixed<32, 16, (ap_q_mode)5, (ap_o_mode)3, 0>, ap_fixed<32, 18, (ap_q_mode)5, (ap_o_mode)3, 0>, config2>' completely with a factor of 64
remark: firmware/nnet_utils/nnet_dense_latency.h:15:0: Unrolling loop 'Product2' (firmware/nnet_utils/nnet_dense_latency.h:40:9) in function 'nnet::dense_latency<ap_fixed<32, 16, (ap_q_mode)5, (ap_o_mode)3, 0>, ap_fixed<32, 18, (ap_q_mode)5, (ap_o_mode)3, 0>, config2>' completely with a factor of 64
remark: firmware/nnet_utils/nnet_dense_latency.h:15:0: Unrolling loop 'Product2' (firmware/nnet_utils/nnet_dense_latency.h:40:9) in function 'nnet::dense_latency<ap_fixed<32, 16, (ap_q_mode)5, (ap_o_mode)3, 0>, ap_fixed<32, 18, (ap_q_mode)5, (ap_o_mode)3, 0>, config2>' completely with a factor of 64
remark: firmware/nnet_utils/nnet_dense_latency.h:15:0: Unrolling loop 'Product2' (firmware/nnet_utils/nnet_dense_latency.h:40:9) in function 'nnet::dense_latency<ap_fixed<32, 16, (ap_q_mode)5, (ap_o_mode)3, 0>, ap_fixed<32, 18, (ap_q_mode)5, (ap_o_mode)3, 0>, config2>' completely with a factor of 64
remark: firmware/nnet_utils/nnet_dense_latency.h:15:0: Unrolling loop 'Product2' (firmware/nnet_utils/nnet_dense_latency.h:40:9) in function 'nnet::dense_latency<ap_fixed<32, 16, (ap_q_mode)5, (ap_o_mode)3, 0>, ap_fixed<32, 18, (ap_q_mode)5, (ap_o_mode)3, 0>, config2>' completely with a factor of 64
remark: firmware/nnet_utils/nnet_dense_latency.h:15:0: Unrolling loop 'Product2' (firmware/nnet_utils/nnet_dense_latency.h:40:9) in function 'nnet::dense_latency<ap_fixed<32, 16, (ap_q_mode)5, (ap_o_mode)3, 0>, ap_fixed<32, 18, (ap_q_mode)5, (ap_o_mode)3, 0>, config2>' completely with a factor of 64
remark: firmware/nnet_utils/nnet_dense_latency.h:15:0: Unrolling loop 'Product2' (firmware/nnet_utils/nnet_dense_latency.h:40:9) in function 'nnet::dense_latency<ap_fixed<32, 16, (ap_q_mode)5, (ap_o_mode)3, 0>, ap_fixed<32, 18, (ap_q_mode)5, (ap_o_mode)3, 0>, config2>' completely with a factor of 64
remark: firmware/nnet_utils/nnet_dense_latency.h:15:0: Unrolling loop 'Product2' (firmware/nnet_utils/nnet_dense_latency.h:40:9) in function 'nnet::dense_latency<ap_fixed<32, 16, (ap_q_mode)5, (ap_o_mode)3, 0>, ap_fixed<32, 18, (ap_q_mode)5, (ap_o_mode)3, 0>, config2>' completely with a factor of 64
remark: firmware/nnet_utils/nnet_dense_latency.h:15:0: Unrolling loop 'Product2' (firmware/nnet_utils/nnet_dense_latency.h:40:9) in function 'nnet::dense_latency<ap_fixed<32, 16, (ap_q_mode)5, (ap_o_mode)3, 0>, ap_fixed<32, 18, (ap_q_mode)5, (ap_o_mode)3, 0>, config2>' completely with a factor of 64
remark: firmware/nnet_utils/nnet_dense_latency.h:15:0: Unrolling loop 'Product2' (firmware/nnet_utils/nnet_dense_latency.h:40:9) in function 'nnet::dense_latency<ap_fixed<32, 16, (ap_q_mode)5, (ap_o_mode)3, 0>, ap_fixed<32, 18, (ap_q_mode)5, (ap_o_mode)3, 0>, config2>' completely with a factor of 64
remark: firmware/nnet_utils/nnet_dense_latency.h:15:0: Unrolling loop 'Product2' (firmware/nnet_utils/nnet_dense_latency.h:40:9) in function 'nnet::dense_latency<ap_fixed<32, 16, (ap_q_mode)5, (ap_o_mode)3, 0>, ap_fixed<32, 18, (ap_q_mode)5, (ap_o_mode)3, 0>, config2>' completely with a factor of 64
remark: firmware/nnet_utils/nnet_dense_latency.h:15:0: Unrolling loop 'Product2' (firmware/nnet_utils/nnet_dense_latency.h:40:9) in function 'nnet::dense_latency<ap_fixed<32, 16, (ap_q_mode)5, (ap_o_mode)3, 0>, ap_fixed<32, 18, (ap_q_mode)5, (ap_o_mode)3, 0>, config2>' completely with a factor of 64
remark: firmware/nnet_utils/nnet_dense_latency.h:15:0: Unrolling loop 'Product2' (firmware/nnet_utils/nnet_dense_latency.h:40:9) in function 'nnet::dense_latency<ap_fixed<32, 16, (ap_q_mode)5, (ap_o_mode)3, 0>, ap_fixed<32, 18, (ap_q_mode)5, (ap_o_mode)3, 0>, config2>' completely with a factor of 64
remark: firmware/nnet_utils/nnet_dense_latency.h:15:0: Unrolling loop 'Product2' (firmware/nnet_utils/nnet_dense_latency.h:40:9) in function 'nnet::dense_latency<ap_fixed<32, 16, (ap_q_mode)5, (ap_o_mode)3, 0>, ap_fixed<32, 18, (ap_q_mode)5, (ap_o_mode)3, 0>, config2>' completely with a factor of 64
remark: firmware/nnet_utils/nnet_dense_latency.h:15:0: Unrolling loop 'Product2' (firmware/nnet_utils/nnet_dense_latency.h:40:9) in function 'nnet::dense_latency<ap_fixed<32, 16, (ap_q_mode)5, (ap_o_mode)3, 0>, ap_fixed<32, 18, (ap_q_mode)5, (ap_o_mode)3, 0>, config2>' completely with a factor of 64
remark: firmware/nnet_utils/nnet_dense_latency.h:15:0: Unrolling loop 'Product2' (firmware/nnet_utils/nnet_dense_latency.h:40:9) in function 'nnet::dense_latency<ap_fixed<32, 16, (ap_q_mode)5, (ap_o_mode)3, 0>, ap_fixed<32, 18, (ap_q_mode)5, (ap_o_mode)3, 0>, config2>' completely with a factor of 64
remark: firmware/nnet_utils/nnet_dense_latency.h:15:0: Unrolling loop 'Product2' (firmware/nnet_utils/nnet_dense_latency.h:40:9) in function 'nnet::dense_latency<ap_fixed<32, 16, (ap_q_mode)5, (ap_o_mode)3, 0>, ap_fixed<32, 18, (ap_q_mode)5, (ap_o_mode)3, 0>, config2>' completely with a factor of 64
remark: firmware/nnet_utils/nnet_dense_latency.h:15:0: Unrolling loop 'Product2' (firmware/nnet_utils/nnet_dense_latency.h:40:9) in function 'nnet::dense_latency<ap_fixed<32, 16, (ap_q_mode)5, (ap_o_mode)3, 0>, ap_fixed<32, 18, (ap_q_mode)5, (ap_o_mode)3, 0>, config2>' completely with a factor of 64
remark: firmware/nnet_utils/nnet_dense_latency.h:15:0: Unrolling loop 'Product2' (firmware/nnet_utils/nnet_dense_latency.h:40:9) in function 'nnet::dense_latency<ap_fixed<32, 16, (ap_q_mode)5, (ap_o_mode)3, 0>, ap_fixed<32, 18, (ap_q_mode)5, (ap_o_mode)3, 0>, config2>' completely with a factor of 64
remark: firmware/nnet_utils/nnet_dense_latency.h:15:0: Unrolling loop 'Product2' (firmware/nnet_utils/nnet_dense_latency.h:40:9) in function 'nnet::dense_latency<ap_fixed<32, 16, (ap_q_mode)5, (ap_o_mode)3, 0>, ap_fixed<32, 18, (ap_q_mode)5, (ap_o_mode)3, 0>, config2>' completely with a factor of 64
remark: firmware/nnet_utils/nnet_dense_latency.h:15:0: Unrolling loop 'Product2' (firmware/nnet_utils/nnet_dense_latency.h:40:9) in function 'nnet::dense_latency<ap_fixed<32, 16, (ap_q_mode)5, (ap_o_mode)3, 0>, ap_fixed<32, 18, (ap_q_mode)5, (ap_o_mode)3, 0>, config2>' completely with a factor of 64
remark: firmware/nnet_utils/nnet_dense_latency.h:15:0: Unrolling loop 'Product2' (firmware/nnet_utils/nnet_dense_latency.h:40:9) in function 'nnet::dense_latency<ap_fixed<32, 16, (ap_q_mode)5, (ap_o_mode)3, 0>, ap_fixed<32, 18, (ap_q_mode)5, (ap_o_mode)3, 0>, config2>' completely with a factor of 64
remark: firmware/nnet_utils/nnet_dense_latency.h:15:0: Unrolling loop 'Product2' (firmware/nnet_utils/nnet_dense_latency.h:40:9) in function 'nnet::dense_latency<ap_fixed<32, 16, (ap_q_mode)5, (ap_o_mode)3, 0>, ap_fixed<32, 18, (ap_q_mode)5, (ap_o_mode)3, 0>, config2>' completely with a factor of 64
remark: firmware/nnet_utils/nnet_dense_latency.h:15:0: Unrolling loop 'Product2' (firmware/nnet_utils/nnet_dense_latency.h:40:9) in function 'nnet::dense_latency<ap_fixed<32, 16, (ap_q_mode)5, (ap_o_mode)3, 0>, ap_fixed<32, 18, (ap_q_mode)5, (ap_o_mode)3, 0>, config2>' completely with a factor of 64
remark: firmware/nnet_utils/nnet_dense_latency.h:15:0: Unrolling loop 'Product2' (firmware/nnet_utils/nnet_dense_latency.h:40:9) in function 'nnet::dense_latency<ap_fixed<32, 16, (ap_q_mode)5, (ap_o_mode)3, 0>, ap_fixed<32, 18, (ap_q_mode)5, (ap_o_mode)3, 0>, config2>' completely with a factor of 64
remark: firmware/nnet_utils/nnet_dense_latency.h:15:0: Unrolling loop 'Product2' (firmware/nnet_utils/nnet_dense_latency.h:40:9) in function 'nnet::dense_latency<ap_fixed<32, 16, (ap_q_mode)5, (ap_o_mode)3, 0>, ap_fixed<32, 18, (ap_q_mode)5, (ap_o_mode)3, 0>, config2>' completely with a factor of 64
remark: firmware/nnet_utils/nnet_dense_latency.h:15:0: Unrolling loop 'Product2' (firmware/nnet_utils/nnet_dense_latency.h:40:9) in function 'nnet::dense_latency<ap_fixed<32, 16, (ap_q_mode)5, (ap_o_mode)3, 0>, ap_fixed<32, 18, (ap_q_mode)5, (ap_o_mode)3, 0>, config2>' completely with a factor of 64
remark: firmware/nnet_utils/nnet_dense_latency.h:15:0: Unrolling loop 'Product2' (firmware/nnet_utils/nnet_dense_latency.h:40:9) in function 'nnet::dense_latency<ap_fixed<32, 16, (ap_q_mode)5, (ap_o_mode)3, 0>, ap_fixed<32, 18, (ap_q_mode)5, (ap_o_mode)3, 0>, config2>' completely with a factor of 64
remark: firmware/nnet_utils/nnet_dense_latency.h:15:0: Unrolling loop 'Product2' (firmware/nnet_utils/nnet_dense_latency.h:40:9) in function 'nnet::dense_latency<ap_fixed<32, 16, (ap_q_mode)5, (ap_o_mode)3, 0>, ap_fixed<32, 18, (ap_q_mode)5, (ap_o_mode)3, 0>, config2>' completely with a factor of 64
remark: firmware/nnet_utils/nnet_dense_latency.h:15:0: Unrolling loop 'Product2' (firmware/nnet_utils/nnet_dense_latency.h:40:9) in function 'nnet::dense_latency<ap_fixed<32, 16, (ap_q_mode)5, (ap_o_mode)3, 0>, ap_fixed<32, 18, (ap_q_mode)5, (ap_o_mode)3, 0>, config2>' completely with a factor of 64
remark: firmware/nnet_utils/nnet_dense_latency.h:15:0: Unrolling loop 'Product2' (firmware/nnet_utils/nnet_dense_latency.h:40:9) in function 'nnet::dense_latency<ap_fixed<32, 16, (ap_q_mode)5, (ap_o_mode)3, 0>, ap_fixed<32, 18, (ap_q_mode)5, (ap_o_mode)3, 0>, config2>' completely with a factor of 64
remark: firmware/nnet_utils/nnet_dense_latency.h:15:0: Unrolling loop 'Product2' (firmware/nnet_utils/nnet_dense_latency.h:40:9) in function 'nnet::dense_latency<ap_fixed<32, 16, (ap_q_mode)5, (ap_o_mode)3, 0>, ap_fixed<32, 18, (ap_q_mode)5, (ap_o_mode)3, 0>, config2>' completely with a factor of 64
remark: firmware/nnet_utils/nnet_dense_latency.h:15:0: Unrolling loop 'Product2' (firmware/nnet_utils/nnet_dense_latency.h:40:9) in function 'nnet::dense_latency<ap_fixed<32, 16, (ap_q_mode)5, (ap_o_mode)3, 0>, ap_fixed<32, 18, (ap_q_mode)5, (ap_o_mode)3, 0>, config2>' completely with a factor of 64
remark: firmware/nnet_utils/nnet_dense_latency.h:15:0: Unrolling loop 'Product2' (firmware/nnet_utils/nnet_dense_latency.h:40:9) in function 'nnet::dense_latency<ap_fixed<32, 16, (ap_q_mode)5, (ap_o_mode)3, 0>, ap_fixed<32, 18, (ap_q_mode)5, (ap_o_mode)3, 0>, config2>' completely with a factor of 64
remark: firmware/nnet_utils/nnet_dense_latency.h:15:0: Unrolling loop 'Product2' (firmware/nnet_utils/nnet_dense_latency.h:40:9) in function 'nnet::dense_latency<ap_fixed<32, 16, (ap_q_mode)5, (ap_o_mode)3, 0>, ap_fixed<32, 18, (ap_q_mode)5, (ap_o_mode)3, 0>, config2>' completely with a factor of 64
remark: firmware/nnet_utils/nnet_dense_latency.h:15:0: Unrolling loop 'Product2' (firmware/nnet_utils/nnet_dense_latency.h:40:9) in function 'nnet::dense_latency<ap_fixed<32, 16, (ap_q_mode)5, (ap_o_mode)3, 0>, ap_fixed<32, 18, (ap_q_mode)5, (ap_o_mode)3, 0>, config2>' completely with a factor of 64
remark: firmware/nnet_utils/nnet_dense_latency.h:15:0: Unrolling loop 'Product2' (firmware/nnet_utils/nnet_dense_latency.h:40:9) in function 'nnet::dense_latency<ap_fixed<32, 16, (ap_q_mode)5, (ap_o_mode)3, 0>, ap_fixed<32, 18, (ap_q_mode)5, (ap_o_mode)3, 0>, config2>' completely with a factor of 64
remark: firmware/nnet_utils/nnet_dense_latency.h:15:0: Unrolling loop 'Product2' (firmware/nnet_utils/nnet_dense_latency.h:40:9) in function 'nnet::dense_latency<ap_fixed<32, 16, (ap_q_mode)5, (ap_o_mode)3, 0>, ap_fixed<32, 18, (ap_q_mode)5, (ap_o_mode)3, 0>, config2>' completely with a factor of 64
remark: firmware/nnet_utils/nnet_dense_latency.h:15:0: Unrolling loop 'Product2' (firmware/nnet_utils/nnet_dense_latency.h:40:9) in function 'nnet::dense_latency<ap_fixed<32, 16, (ap_q_mode)5, (ap_o_mode)3, 0>, ap_fixed<32, 18, (ap_q_mode)5, (ap_o_mode)3, 0>, config2>' completely with a factor of 64
remark: firmware/nnet_utils/nnet_dense_latency.h:15:0: Unrolling loop 'Product2' (firmware/nnet_utils/nnet_dense_latency.h:40:9) in function 'nnet::dense_latency<ap_fixed<32, 16, (ap_q_mode)5, (ap_o_mode)3, 0>, ap_fixed<32, 18, (ap_q_mode)5, (ap_o_mode)3, 0>, config2>' completely with a factor of 64
remark: firmware/nnet_utils/nnet_dense_latency.h:15:0: Unrolling loop 'Product2' (firmware/nnet_utils/nnet_dense_latency.h:40:9) in function 'nnet::dense_latency<ap_fixed<32, 16, (ap_q_mode)5, (ap_o_mode)3, 0>, ap_fixed<32, 18, (ap_q_mode)5, (ap_o_mode)3, 0>, config2>' completely with a factor of 64
remark: firmware/nnet_utils/nnet_dense_latency.h:15:0: Unrolling loop 'Product2' (firmware/nnet_utils/nnet_dense_latency.h:40:9) in function 'nnet::dense_latency<ap_fixed<32, 16, (ap_q_mode)5, (ap_o_mode)3, 0>, ap_fixed<32, 18, (ap_q_mode)5, (ap_o_mode)3, 0>, config2>' completely with a factor of 64
remark: firmware/nnet_utils/nnet_dense_latency.h:15:0: Unrolling loop 'Product2' (firmware/nnet_utils/nnet_dense_latency.h:40:9) in function 'nnet::dense_latency<ap_fixed<32, 16, (ap_q_mode)5, (ap_o_mode)3, 0>, ap_fixed<32, 18, (ap_q_mode)5, (ap_o_mode)3, 0>, config2>' completely with a factor of 64
remark: firmware/nnet_utils/nnet_dense_latency.h:15:0: Unrolling loop 'Product2' (firmware/nnet_utils/nnet_dense_latency.h:40:9) in function 'nnet::dense_latency<ap_fixed<32, 16, (ap_q_mode)5, (ap_o_mode)3, 0>, ap_fixed<32, 18, (ap_q_mode)5, (ap_o_mode)3, 0>, config2>' completely with a factor of 64
remark: firmware/nnet_utils/nnet_dense_latency.h:15:0: Unrolling loop 'Product2' (firmware/nnet_utils/nnet_dense_latency.h:40:9) in function 'nnet::dense_latency<ap_fixed<32, 16, (ap_q_mode)5, (ap_o_mode)3, 0>, ap_fixed<32, 18, (ap_q_mode)5, (ap_o_mode)3, 0>, config2>' completely with a factor of 64
remark: firmware/nnet_utils/nnet_dense_latency.h:15:0: Unrolling loop 'Product2' (firmware/nnet_utils/nnet_dense_latency.h:40:9) in function 'nnet::dense_latency<ap_fixed<32, 16, (ap_q_mode)5, (ap_o_mode)3, 0>, ap_fixed<32, 18, (ap_q_mode)5, (ap_o_mode)3, 0>, config2>' completely with a factor of 64
remark: firmware/nnet_utils/nnet_dense_latency.h:15:0: Unrolling loop 'Product2' (firmware/nnet_utils/nnet_dense_latency.h:40:9) in function 'nnet::dense_latency<ap_fixed<32, 16, (ap_q_mode)5, (ap_o_mode)3, 0>, ap_fixed<32, 18, (ap_q_mode)5, (ap_o_mode)3, 0>, config2>' completely with a factor of 64
remark: firmware/nnet_utils/nnet_dense_latency.h:15:0: Unrolling loop 'Product2' (firmware/nnet_utils/nnet_dense_latency.h:40:9) in function 'nnet::dense_latency<ap_fixed<32, 16, (ap_q_mode)5, (ap_o_mode)3, 0>, ap_fixed<32, 18, (ap_q_mode)5, (ap_o_mode)3, 0>, config2>' completely with a factor of 64
remark: firmware/nnet_utils/nnet_dense_latency.h:15:0: Unrolling loop 'Product2' (firmware/nnet_utils/nnet_dense_latency.h:40:9) in function 'nnet::dense_latency<ap_fixed<32, 16, (ap_q_mode)5, (ap_o_mode)3, 0>, ap_fixed<32, 18, (ap_q_mode)5, (ap_o_mode)3, 0>, config2>' completely with a factor of 64
remark: firmware/nnet_utils/nnet_dense_latency.h:15:0: Unrolling loop 'Product2' (firmware/nnet_utils/nnet_dense_latency.h:40:9) in function 'nnet::dense_latency<ap_fixed<32, 16, (ap_q_mode)5, (ap_o_mode)3, 0>, ap_fixed<32, 18, (ap_q_mode)5, (ap_o_mode)3, 0>, config2>' completely with a factor of 64
remark: firmware/nnet_utils/nnet_dense_latency.h:15:0: Unrolling loop 'Product2' (firmware/nnet_utils/nnet_dense_latency.h:40:9) in function 'nnet::dense_latency<ap_fixed<32, 16, (ap_q_mode)5, (ap_o_mode)3, 0>, ap_fixed<32, 18, (ap_q_mode)5, (ap_o_mode)3, 0>, config2>' completely with a factor of 64
remark: firmware/nnet_utils/nnet_dense_latency.h:15:0: Unrolling loop 'Product2' (firmware/nnet_utils/nnet_dense_latency.h:40:9) in function 'nnet::dense_latency<ap_fixed<32, 16, (ap_q_mode)5, (ap_o_mode)3, 0>, ap_fixed<32, 18, (ap_q_mode)5, (ap_o_mode)3, 0>, config2>' completely with a factor of 64
remark: firmware/nnet_utils/nnet_dense_latency.h:15:0: Unrolling loop 'Product2' (firmware/nnet_utils/nnet_dense_latency.h:40:9) in function 'nnet::dense_latency<ap_fixed<32, 16, (ap_q_mode)5, (ap_o_mode)3, 0>, ap_fixed<32, 18, (ap_q_mode)5, (ap_o_mode)3, 0>, config2>' completely with a factor of 64
remark: firmware/nnet_utils/nnet_dense_latency.h:15:0: Unrolling loop 'Product2' (firmware/nnet_utils/nnet_dense_latency.h:40:9) in function 'nnet::dense_latency<ap_fixed<32, 16, (ap_q_mode)5, (ap_o_mode)3, 0>, ap_fixed<32, 18, (ap_q_mode)5, (ap_o_mode)3, 0>, config2>' completely with a factor of 64
remark: firmware/nnet_utils/nnet_dense_latency.h:15:0: Unrolling loop 'Product2' (firmware/nnet_utils/nnet_dense_latency.h:40:9) in function 'nnet::dense_latency<ap_fixed<32, 16, (ap_q_mode)5, (ap_o_mode)3, 0>, ap_fixed<32, 18, (ap_q_mode)5, (ap_o_mode)3, 0>, config2>' completely with a factor of 64
remark: firmware/nnet_utils/nnet_dense_latency.h:15:0: Unrolling loop 'Product2' (firmware/nnet_utils/nnet_dense_latency.h:40:9) in function 'nnet::dense_latency<ap_fixed<32, 16, (ap_q_mode)5, (ap_o_mode)3, 0>, ap_fixed<32, 18, (ap_q_mode)5, (ap_o_mode)3, 0>, config2>' completely with a factor of 64
remark: firmware/nnet_utils/nnet_dense_latency.h:15:0: Unrolling loop 'Product2' (firmware/nnet_utils/nnet_dense_latency.h:40:9) in function 'nnet::dense_latency<ap_fixed<32, 16, (ap_q_mode)5, (ap_o_mode)3, 0>, ap_fixed<32, 18, (ap_q_mode)5, (ap_o_mode)3, 0>, config2>' completely with a factor of 64
remark: firmware/nnet_utils/nnet_dense_latency.h:15:0: Unrolling loop 'Product2' (firmware/nnet_utils/nnet_dense_latency.h:40:9) in function 'nnet::dense_latency<ap_fixed<32, 16, (ap_q_mode)5, (ap_o_mode)3, 0>, ap_fixed<32, 18, (ap_q_mode)5, (ap_o_mode)3, 0>, config2>' completely with a factor of 64
remark: firmware/nnet_utils/nnet_dense_latency.h:15:0: Unrolling loop 'Product2' (firmware/nnet_utils/nnet_dense_latency.h:40:9) in function 'nnet::dense_latency<ap_fixed<32, 16, (ap_q_mode)5, (ap_o_mode)3, 0>, ap_fixed<32, 18, (ap_q_mode)5, (ap_o_mode)3, 0>, config2>' completely with a factor of 64
remark: firmware/nnet_utils/nnet_dense_latency.h:15:0: Unrolling loop 'Product2' (firmware/nnet_utils/nnet_dense_latency.h:40:9) in function 'nnet::dense_latency<ap_fixed<32, 16, (ap_q_mode)5, (ap_o_mode)3, 0>, ap_fixed<32, 18, (ap_q_mode)5, (ap_o_mode)3, 0>, config2>' completely with a factor of 64
remark: firmware/nnet_utils/nnet_dense_latency.h:15:0: Unrolling loop 'Product2' (firmware/nnet_utils/nnet_dense_latency.h:40:9) in function 'nnet::dense_latency<ap_fixed<32, 16, (ap_q_mode)5, (ap_o_mode)3, 0>, ap_fixed<32, 18, (ap_q_mode)5, (ap_o_mode)3, 0>, config2>' completely with a factor of 64
remark: firmware/nnet_utils/nnet_dense_latency.h:15:0: Unrolling loop 'Product2' (firmware/nnet_utils/nnet_dense_latency.h:40:9) in function 'nnet::dense_latency<ap_fixed<32, 16, (ap_q_mode)5, (ap_o_mode)3, 0>, ap_fixed<32, 18, (ap_q_mode)5, (ap_o_mode)3, 0>, config2>' completely with a factor of 64
remark: firmware/nnet_utils/nnet_dense_latency.h:15:0: Unrolling loop 'Product2' (firmware/nnet_utils/nnet_dense_latency.h:40:9) in function 'nnet::dense_latency<ap_fixed<32, 16, (ap_q_mode)5, (ap_o_mode)3, 0>, ap_fixed<32, 18, (ap_q_mode)5, (ap_o_mode)3, 0>, config2>' completely with a factor of 64
remark: firmware/nnet_utils/nnet_dense_latency.h:15:0: Unrolling loop 'Product2' (firmware/nnet_utils/nnet_dense_latency.h:40:9) in function 'nnet::dense_latency<ap_fixed<32, 16, (ap_q_mode)5, (ap_o_mode)3, 0>, ap_fixed<32, 18, (ap_q_mode)5, (ap_o_mode)3, 0>, config2>' completely with a factor of 64
remark: firmware/nnet_utils/nnet_dense_latency.h:15:0: Unrolling loop 'Product2' (firmware/nnet_utils/nnet_dense_latency.h:40:9) in function 'nnet::dense_latency<ap_fixed<32, 16, (ap_q_mode)5, (ap_o_mode)3, 0>, ap_fixed<32, 18, (ap_q_mode)5, (ap_o_mode)3, 0>, config2>' completely with a factor of 64
remark: firmware/nnet_utils/nnet_dense_latency.h:15:0: Unrolling loop 'Product2' (firmware/nnet_utils/nnet_dense_latency.h:40:9) in function 'nnet::dense_latency<ap_fixed<32, 16, (ap_q_mode)5, (ap_o_mode)3, 0>, ap_fixed<32, 18, (ap_q_mode)5, (ap_o_mode)3, 0>, config2>' completely with a factor of 64
remark: firmware/nnet_utils/nnet_dense_latency.h:15:0: Unrolling loop 'Product2' (firmware/nnet_utils/nnet_dense_latency.h:40:9) in function 'nnet::dense_latency<ap_fixed<32, 16, (ap_q_mode)5, (ap_o_mode)3, 0>, ap_fixed<32, 18, (ap_q_mode)5, (ap_o_mode)3, 0>, config2>' completely with a factor of 64
remark: firmware/nnet_utils/nnet_dense_latency.h:15:0: Unrolling loop 'Product2' (firmware/nnet_utils/nnet_dense_latency.h:40:9) in function 'nnet::dense_latency<ap_fixed<32, 16, (ap_q_mode)5, (ap_o_mode)3, 0>, ap_fixed<32, 18, (ap_q_mode)5, (ap_o_mode)3, 0>, config2>' completely with a factor of 64
remark: firmware/nnet_utils/nnet_dense_latency.h:15:0: Unrolling loop 'Product2' (firmware/nnet_utils/nnet_dense_latency.h:40:9) in function 'nnet::dense_latency<ap_fixed<32, 16, (ap_q_mode)5, (ap_o_mode)3, 0>, ap_fixed<32, 18, (ap_q_mode)5, (ap_o_mode)3, 0>, config2>' completely with a factor of 64
remark: firmware/nnet_utils/nnet_dense_latency.h:15:0: Inlining function 'std::enable_if<!(std::is_same<ap_fixed<16, 6, (ap_q_mode)5, (ap_o_mode)3, 0>, ap_uint<1> >::value), ap_fixed<32, 18, (ap_q_mode)5, (ap_o_mode)3, 0> >::type nnet::cast<ap_fixed<16, 6, (ap_q_mode)5, (ap_o_mode)3, 0>, ap_fixed<32, 18, (ap_q_mode)5, (ap_o_mode)3, 0>, config4>(config4::accum_t)' into 'void nnet::dense_latency<ap_fixed<16, 6, (ap_q_mode)5, (ap_o_mode)3, 0>, ap_fixed<32, 18, (ap_q_mode)5, (ap_o_mode)3, 0>, config4>(ap_fixed<16, 6, (ap_q_mode)5, (ap_o_mode)3, 0>*, ap_fixed<32, 18, (ap_q_mode)5, (ap_o_mode)3, 0>*, config4::weight_t*, config4::bias_t*)'
remark: firmware/nnet_utils/nnet_dense_latency.h:15:0: Inlining function 'std::enable_if<!(std::is_same<ap_fixed<16, 6, (ap_q_mode)5, (ap_o_mode)3, 0>, ap_uint<1> >::value), ap_fixed<32, 18, (ap_q_mode)5, (ap_o_mode)3, 0> >::type nnet::cast<ap_fixed<16, 6, (ap_q_mode)5, (ap_o_mode)3, 0>, ap_fixed<32, 18, (ap_q_mode)5, (ap_o_mode)3, 0>, config6>(config6::accum_t)' into 'void nnet::dense_latency<ap_fixed<16, 6, (ap_q_mode)5, (ap_o_mode)3, 0>, ap_fixed<32, 18, (ap_q_mode)5, (ap_o_mode)3, 0>, config6>(ap_fixed<16, 6, (ap_q_mode)5, (ap_o_mode)3, 0>*, ap_fixed<32, 18, (ap_q_mode)5, (ap_o_mode)3, 0>*, config6::weight_t*, config6::bias_t*)'
remark: firmware/nnet_utils/nnet_dense_latency.h:15:0: Inlining function 'std::enable_if<!(std::is_same<ap_fixed<16, 6, (ap_q_mode)5, (ap_o_mode)3, 0>, ap_uint<1> >::value), ap_fixed<32, 18, (ap_q_mode)5, (ap_o_mode)3, 0> >::type nnet::cast<ap_fixed<16, 6, (ap_q_mode)5, (ap_o_mode)3, 0>, ap_fixed<32, 18, (ap_q_mode)5, (ap_o_mode)3, 0>, config8>(config8::accum_t)' into 'void nnet::dense_latency<ap_fixed<16, 6, (ap_q_mode)5, (ap_o_mode)3, 0>, ap_fixed<32, 18, (ap_q_mode)5, (ap_o_mode)3, 0>, config8>(ap_fixed<16, 6, (ap_q_mode)5, (ap_o_mode)3, 0>*, ap_fixed<32, 18, (ap_q_mode)5, (ap_o_mode)3, 0>*, config8::weight_t*, config8::bias_t*)'
remark: firmware/weights/b8.h:12:0: Applying array_partition to 'b8': Complete partitioning on dimension 1.
remark: firmware/weights/b6.h:12:0: Applying array_partition to 'b6': Complete partitioning on dimension 1.
remark: firmware/weights/b4.h:12:0: Applying array_partition to 'b4': Complete partitioning on dimension 1.
remark: firmware/weights/b2.h:12:0: Applying array_partition to 'b2': Complete partitioning on dimension 1.
remark: firmware/nnet_utils/nnet_dense_latency.h:17:32: Applying array_partition to 'mult': Complete partitioning on dimension 1.
remark: firmware/nnet_utils/nnet_dense_latency.h:17:32: Applying array_partition to 'mult': Complete partitioning on dimension 1.
remark: firmware/nnet_utils/nnet_dense_latency.h:17:32: Applying array_partition to 'mult': Complete partitioning on dimension 1.
remark: firmware/myproject.cpp:38:11: Applying array_partition to 'layer2_out': Complete partitioning on dimension 1.
remark: firmware/myproject.cpp:42:14: Applying array_partition to 'layer3_out': Complete partitioning on dimension 1.
remark: firmware/myproject.cpp:46:14: Applying array_partition to 'layer4_out': Complete partitioning on dimension 1.
remark: firmware/myproject.cpp:50:14: Applying array_partition to 'layer5_out': Complete partitioning on dimension 1.
remark: firmware/myproject.cpp:54:14: Applying array_partition to 'layer6_out': Complete partitioning on dimension 1.
remark: firmware/myproject.cpp:58:14: Applying array_partition to 'layer7_out': Complete partitioning on dimension 1.
remark: firmware/myproject.cpp:62:14: Applying array_partition to 'layer8_out': Complete partitioning on dimension 1.
remark: firmware/myproject.cpp:10:0: Applying array_partition to 'layer9_out': Complete partitioning on dimension 1.
remark: firmware/myproject.cpp:10:0: Applying array_reshape to 'hidden_1_input': Complete reshaping on dimension 1.
===-------------------------------------------------------------------------===
                         Miscellaneous Ungrouped Timers
===-------------------------------------------------------------------------===

   ---User Time---   --System Time--   --User+System--   ---Wall Time---  --- Name ---
  240.0000 (100.0%)   5.8906 (100.0%)  245.8906 (100.0%)  268.4559 (100.0%)  Code Generation Time
  240.0000 (100.0%)   5.8906 (100.0%)  245.8906 (100.0%)  268.4559 (100.0%)  Total

===-------------------------------------------------------------------------===
                      ... Pass execution timing report ...
===-------------------------------------------------------------------------===
  Total Execution Time: 246.4531 seconds (269.1304 wall clock)

   ---User Time---   --System Time--   --User+System--   ---Wall Time---  --- Name ---
  22.9688 (  9.6%)   0.0938 (  1.6%)  23.0625 (  9.4%)  25.9715 (  9.7%)  Reflow pragma unroll loops
  19.0000 (  7.9%)   0.2188 (  3.7%)  19.2188 (  7.8%)  21.8370 (  8.1%)  Global Value Numbering
  17.3438 (  7.2%)   0.2188 (  3.7%)  17.5625 (  7.1%)  19.2252 (  7.1%)  Global Value Numbering
  16.6719 (  6.9%)   0.1563 (  2.6%)  16.8281 (  6.8%)  18.3238 (  6.8%)  Global Value Numbering
  15.3438 (  6.4%)   0.2188 (  3.7%)  15.5625 (  6.3%)  17.2901 (  6.4%)  Global Value Numbering
  15.5938 (  6.5%)   0.1719 (  2.9%)  15.7656 (  6.4%)  17.2821 (  6.4%)  Global Value Numbering
  12.0000 (  5.0%)   1.0781 ( 18.1%)  13.0781 (  5.3%)  13.5094 (  5.0%)  ArrayPartition - Partition Arrays into Banks
  12.0781 (  5.0%)   0.6250 ( 10.5%)  12.7031 (  5.2%)  12.7986 (  4.8%)  Aggressive Dead Code Elimination
   9.4531 (  3.9%)   0.0938 (  1.6%)   9.5469 (  3.9%)  10.3342 (  3.8%)  Global Value Numbering
   4.8281 (  2.0%)   0.0000 (  0.0%)   4.8281 (  2.0%)   4.8109 (  1.8%)  Global Value Numbering
   3.8750 (  1.6%)   0.0313 (  0.5%)   3.9063 (  1.6%)   4.2595 (  1.6%)  Value Propagation
   3.1406 (  1.3%)   0.0313 (  0.5%)   3.1719 (  1.3%)   3.4846 (  1.3%)  Dead Store Elimination
   3.3594 (  1.4%)   0.0156 (  0.3%)   3.3750 (  1.4%)   3.4443 (  1.3%)  Global Value Numbering
   2.9219 (  1.2%)   0.0938 (  1.6%)   3.0156 (  1.2%)   3.3472 (  1.2%)  Automatic inliner in reflow
   3.1250 (  1.3%)   0.0469 (  0.8%)   3.1719 (  1.3%)   3.3246 (  1.2%)  Value Propagation
   2.7344 (  1.1%)   0.0938 (  1.6%)   2.8281 (  1.1%)   3.2897 (  1.2%)  Dead Store Elimination
   2.6094 (  1.1%)   0.0000 (  0.0%)   2.6094 (  1.1%)   2.9492 (  1.1%)  Dead Store Elimination
   2.3125 (  1.0%)   0.0000 (  0.0%)   2.3125 (  0.9%)   2.6742 (  1.0%)  Dead Store Elimination
   2.4375 (  1.0%)   0.0000 (  0.0%)   2.4375 (  1.0%)   2.5601 (  1.0%)  Dead Store Elimination
   2.2656 (  0.9%)   0.0156 (  0.3%)   2.2813 (  0.9%)   2.4849 (  0.9%)  Dead Store Elimination
   1.4531 (  0.6%)   0.0938 (  1.6%)   1.5469 (  0.6%)   1.7602 (  0.7%)  Lower intermediate type generated by HLSGen
   1.4219 (  0.6%)   0.0469 (  0.8%)   1.4688 (  0.6%)   1.7374 (  0.6%)  Straight line strength reduction
   1.4375 (  0.6%)   0.0469 (  0.8%)   1.4844 (  0.6%)   1.6808 (  0.6%)  Infer nuw/nsw flags for instructions
   1.2813 (  0.5%)   0.2969 (  5.0%)   1.5781 (  0.6%)   1.6009 (  0.6%)  Global Variable Optimizer
   1.3438 (  0.6%)   0.0938 (  1.6%)   1.4375 (  0.6%)   1.5646 (  0.6%)  Generate HLS compatible IR
   1.2500 (  0.5%)   0.0625 (  1.0%)   1.3125 (  0.5%)   1.5357 (  0.6%)  Value Propagation
   1.1563 (  0.5%)   0.0781 (  1.3%)   1.2344 (  0.5%)   1.3695 (  0.5%)  Simplify the CFG
   1.1875 (  0.5%)   0.0313 (  0.5%)   1.2188 (  0.5%)   1.2275 (  0.5%)  Value Propagation
   1.0469 (  0.4%)   0.0156 (  0.3%)   1.0625 (  0.4%)   1.1558 (  0.4%)  Promote 'by reference' arguments to scalars
   0.8906 (  0.4%)   0.0469 (  0.8%)   0.9375 (  0.4%)   1.1513 (  0.4%)   automatic function inline driven by performance to break up circuit dependence
   1.0313 (  0.4%)   0.0000 (  0.0%)   1.0313 (  0.4%)   1.0506 (  0.4%)  Global Value Numbering
   0.8125 (  0.3%)   0.0938 (  1.6%)   0.9063 (  0.4%)   1.0455 (  0.4%)  Memory Summary
   0.9844 (  0.4%)   0.0156 (  0.3%)   1.0000 (  0.4%)   0.9955 (  0.4%)  Global Value Numbering
   0.9531 (  0.4%)   0.0000 (  0.0%)   0.9531 (  0.4%)   0.9531 (  0.4%)  Global Value Numbering
   0.9063 (  0.4%)   0.0156 (  0.3%)   0.9219 (  0.4%)   0.9424 (  0.4%)  Global Value Numbering
   0.8906 (  0.4%)   0.0000 (  0.0%)   0.8906 (  0.4%)   0.9339 (  0.3%)  Global Value Numbering
   0.8750 (  0.4%)   0.0156 (  0.3%)   0.8906 (  0.4%)   0.8814 (  0.3%)  Dead Store Elimination
   0.8750 (  0.4%)   0.0000 (  0.0%)   0.8750 (  0.4%)   0.8767 (  0.3%)  Dead Store Elimination
   0.8594 (  0.4%)   0.0000 (  0.0%)   0.8594 (  0.3%)   0.8533 (  0.3%)  Dead Store Elimination
   0.8438 (  0.4%)   0.0000 (  0.0%)   0.8438 (  0.3%)   0.8348 (  0.3%)  Dead Store Elimination
   0.7656 (  0.3%)   0.0000 (  0.0%)   0.7656 (  0.3%)   0.8288 (  0.3%)  Remove redundant instructions
   0.7969 (  0.3%)   0.0000 (  0.0%)   0.7969 (  0.3%)   0.8173 (  0.3%)  Dead Store Elimination
   0.7031 (  0.3%)   0.0156 (  0.3%)   0.7188 (  0.3%)   0.7886 (  0.3%)  Aggressive Dead Code Elimination
   0.6406 (  0.3%)   0.0625 (  1.0%)   0.7031 (  0.3%)   0.7750 (  0.3%)  ArrayReshape - Reshape Arrays into Wider Arrays
   0.6250 (  0.3%)   0.0156 (  0.3%)   0.6406 (  0.3%)   0.7527 (  0.3%)  Collect complexity metrics for FE reflow
   0.6719 (  0.3%)   0.0313 (  0.5%)   0.7031 (  0.3%)   0.7441 (  0.3%)  AlignMemory - Align memory accesses
   0.6094 (  0.3%)   0.0313 (  0.5%)   0.6406 (  0.3%)   0.7194 (  0.3%)  AlignMemory - Align memory accesses
   0.5156 (  0.2%)   0.0469 (  0.8%)   0.5625 (  0.2%)   0.6996 (  0.3%)  Detach IR Wrapper
   0.5000 (  0.2%)   0.0156 (  0.3%)   0.5156 (  0.2%)   0.6548 (  0.2%)  Early GVN Hoisting of Expressions
   0.5781 (  0.2%)   0.0000 (  0.0%)   0.5781 (  0.2%)   0.6301 (  0.2%)   automatic function inline driven by performance to break up circuit dependence
   0.5938 (  0.2%)   0.0000 (  0.0%)   0.5938 (  0.2%)   0.6152 (  0.2%)  Merge accesses
   0.5469 (  0.2%)   0.0000 (  0.0%)   0.5469 (  0.2%)   0.5958 (  0.2%)  Merge accesses
   0.4531 (  0.2%)   0.0000 (  0.0%)   0.4531 (  0.2%)   0.4467 (  0.2%)  Value Propagation
   0.2656 (  0.1%)   0.0156 (  0.3%)   0.2813 (  0.1%)   0.4290 (  0.2%)  Infer nuw/nsw flags for instructions
   0.4063 (  0.2%)   0.0156 (  0.3%)   0.4219 (  0.2%)   0.4284 (  0.2%)  AlignMemory - Align memory accesses
   0.4063 (  0.2%)   0.0313 (  0.5%)   0.4375 (  0.2%)   0.4233 (  0.2%)  Dominator Tree Construction
   0.3438 (  0.1%)   0.0313 (  0.5%)   0.3750 (  0.2%)   0.3903 (  0.1%)  Global Value Numbering
   0.3438 (  0.1%)   0.0000 (  0.0%)   0.3438 (  0.1%)   0.3779 (  0.1%)  Value Propagation
   0.3125 (  0.1%)   0.0313 (  0.5%)   0.3438 (  0.1%)   0.3726 (  0.1%)  Dominator Tree Construction
   0.1875 (  0.1%)   0.0469 (  0.8%)   0.2344 (  0.1%)   0.3725 (  0.1%)  Dominator Tree Construction
   0.3438 (  0.1%)   0.0156 (  0.3%)   0.3594 (  0.1%)   0.3691 (  0.1%)  Undecay arrays
   0.3438 (  0.1%)   0.0000 (  0.0%)   0.3438 (  0.1%)   0.3658 (  0.1%)  Bitcode for HLS
   0.3750 (  0.2%)   0.0000 (  0.0%)   0.3750 (  0.2%)   0.3600 (  0.1%)  Value Propagation
   0.3750 (  0.2%)   0.0000 (  0.0%)   0.3750 (  0.2%)   0.3591 (  0.1%)  Global Value Numbering
   0.3438 (  0.1%)   0.0000 (  0.0%)   0.3438 (  0.1%)   0.3492 (  0.1%)  Simple constant propagation
   0.2188 (  0.1%)   0.0313 (  0.5%)   0.2500 (  0.1%)   0.3457 (  0.1%)  Dominator Tree Construction
   0.2969 (  0.1%)   0.0313 (  0.5%)   0.3281 (  0.1%)   0.3404 (  0.1%)  Global Value Numbering
   0.2656 (  0.1%)   0.0469 (  0.8%)   0.3125 (  0.1%)   0.3375 (  0.1%)  Auto automatic array partition analysis
   0.2500 (  0.1%)   0.0000 (  0.0%)   0.2500 (  0.1%)   0.3369 (  0.1%)  Combine redundant instructions
   0.3125 (  0.1%)   0.0000 (  0.0%)   0.3125 (  0.1%)   0.3366 (  0.1%)  Global Value Numbering
   0.2813 (  0.1%)   0.0313 (  0.5%)   0.3125 (  0.1%)   0.3248 (  0.1%)  Aggressive Dead Code Elimination
   0.2813 (  0.1%)   0.0000 (  0.0%)   0.2813 (  0.1%)   0.3101 (  0.1%)  Natural Loop Information
   0.3281 (  0.1%)   0.0000 (  0.0%)   0.3281 (  0.1%)   0.3081 (  0.1%)  Aggressive Dead Code Elimination
   0.1875 (  0.1%)   0.0000 (  0.0%)   0.1875 (  0.1%)   0.3046 (  0.1%)  Dead Store Elimination
   0.2188 (  0.1%)   0.0156 (  0.3%)   0.2344 (  0.1%)   0.2990 (  0.1%)  Aggressive Dead Code Elimination
   0.2344 (  0.1%)   0.0156 (  0.3%)   0.2500 (  0.1%)   0.2973 (  0.1%)  Combine redundant instructions
   0.2656 (  0.1%)   0.0000 (  0.0%)   0.2656 (  0.1%)   0.2972 (  0.1%)  Global Value Numbering
   0.2656 (  0.1%)   0.0156 (  0.3%)   0.2813 (  0.1%)   0.2972 (  0.1%)  Dominator Tree Construction
   0.2188 (  0.1%)   0.0000 (  0.0%)   0.2188 (  0.1%)   0.2883 (  0.1%)  Aggressive Dead Code Elimination
   0.2969 (  0.1%)   0.0000 (  0.0%)   0.2969 (  0.1%)   0.2883 (  0.1%)  Infer nuw/nsw flags for instructions
   0.2500 (  0.1%)   0.0313 (  0.5%)   0.2813 (  0.1%)   0.2875 (  0.1%)  Aggressive Dead Code Elimination
   0.2344 (  0.1%)   0.0000 (  0.0%)   0.2344 (  0.1%)   0.2866 (  0.1%)  Infer nuw/nsw flags for instructions
   0.2188 (  0.1%)   0.0000 (  0.0%)   0.2188 (  0.1%)   0.2814 (  0.1%)  Global Value Numbering
   0.2344 (  0.1%)   0.0000 (  0.0%)   0.2344 (  0.1%)   0.2750 (  0.1%)  AlignMemory - Align memory accesses
   0.2656 (  0.1%)   0.0000 (  0.0%)   0.2656 (  0.1%)   0.2733 (  0.1%)  Value Propagation
   0.2656 (  0.1%)   0.0000 (  0.0%)   0.2656 (  0.1%)   0.2689 (  0.1%)  Remove redundant instructions
   0.2188 (  0.1%)   0.0000 (  0.0%)   0.2188 (  0.1%)   0.2685 (  0.1%)  Remove redundant instructions
   0.1875 (  0.1%)   0.0156 (  0.3%)   0.2031 (  0.1%)   0.2678 (  0.1%)  Automatic array partition transformation
   0.2188 (  0.1%)   0.0000 (  0.0%)   0.2188 (  0.1%)   0.2656 (  0.1%)  Aggressive Dead Code Elimination
   0.2656 (  0.1%)   0.0000 (  0.0%)   0.2656 (  0.1%)   0.2615 (  0.1%)  Combine redundant instructions
   0.2188 (  0.1%)   0.0000 (  0.0%)   0.2188 (  0.1%)   0.2571 (  0.1%)  Remove redundant instructions
   0.2031 (  0.1%)   0.0156 (  0.3%)   0.2188 (  0.1%)   0.2473 (  0.1%)  Infer nuw/nsw flags for instructions
   0.2188 (  0.1%)   0.0156 (  0.3%)   0.2344 (  0.1%)   0.2455 (  0.1%)  Dead Store Elimination
   0.2344 (  0.1%)   0.0156 (  0.3%)   0.2500 (  0.1%)   0.2444 (  0.1%)  Combine redundant instructions
   0.2031 (  0.1%)   0.0000 (  0.0%)   0.2031 (  0.1%)   0.2442 (  0.1%)  Global Value Numbering
   0.2500 (  0.1%)   0.0000 (  0.0%)   0.2500 (  0.1%)   0.2411 (  0.1%)  Combine redundant instructions
   0.0625 (  0.0%)   0.0000 (  0.0%)   0.0625 (  0.0%)   0.2410 (  0.1%)  Infer nuw/nsw flags for instructions
   0.2031 (  0.1%)   0.0313 (  0.5%)   0.2344 (  0.1%)   0.2400 (  0.1%)  Global Value Numbering
   0.2031 (  0.1%)   0.0156 (  0.3%)   0.2188 (  0.1%)   0.2399 (  0.1%)  Global Value Numbering
   0.1875 (  0.1%)   0.0156 (  0.3%)   0.2031 (  0.1%)   0.2382 (  0.1%)  Global Value Numbering
   0.2031 (  0.1%)   0.0156 (  0.3%)   0.2188 (  0.1%)   0.2309 (  0.1%)  Remove redundant instructions
   0.2031 (  0.1%)   0.0000 (  0.0%)   0.2031 (  0.1%)   0.2249 (  0.1%)  Global Value Numbering
   0.2344 (  0.1%)   0.0000 (  0.0%)   0.2344 (  0.1%)   0.2229 (  0.1%)  Global Value Numbering
   0.2031 (  0.1%)   0.0000 (  0.0%)   0.2031 (  0.1%)   0.2212 (  0.1%)  Infer nuw/nsw flags for instructions
   0.2031 (  0.1%)   0.0000 (  0.0%)   0.2031 (  0.1%)   0.2205 (  0.1%)  Global Value Numbering
   0.1250 (  0.1%)   0.0000 (  0.0%)   0.1250 (  0.1%)   0.2193 (  0.1%)  Combine redundant instructions
   0.1875 (  0.1%)   0.0000 (  0.0%)   0.1875 (  0.1%)   0.2172 (  0.1%)  Combine redundant instructions
   0.2031 (  0.1%)   0.0000 (  0.0%)   0.2031 (  0.1%)   0.2128 (  0.1%)  Natural Loop Information
   0.1563 (  0.1%)   0.0000 (  0.0%)   0.1563 (  0.1%)   0.2071 (  0.1%)  Aggressive Dead Code Elimination
   0.1250 (  0.1%)   0.0000 (  0.0%)   0.1250 (  0.1%)   0.2058 (  0.1%)  Aggressive Dead Code Elimination
   0.2031 (  0.1%)   0.0000 (  0.0%)   0.2031 (  0.1%)   0.2049 (  0.1%)  Remove redundant instructions
   0.1875 (  0.1%)   0.0000 (  0.0%)   0.1875 (  0.1%)   0.2005 (  0.1%)  Global Value Numbering
   0.1719 (  0.1%)   0.0000 (  0.0%)   0.1719 (  0.1%)   0.2003 (  0.1%)  Combine redundant instructions
   0.2031 (  0.1%)   0.0000 (  0.0%)   0.2031 (  0.1%)   0.1980 (  0.1%)  Combine redundant instructions
   0.2031 (  0.1%)   0.0000 (  0.0%)   0.2031 (  0.1%)   0.1974 (  0.1%)  Global Value Numbering
   0.1563 (  0.1%)   0.0000 (  0.0%)   0.1563 (  0.1%)   0.1965 (  0.1%)  Global Value Numbering
   0.1719 (  0.1%)   0.0000 (  0.0%)   0.1719 (  0.1%)   0.1959 (  0.1%)  Aggressive Dead Code Elimination
   0.2031 (  0.1%)   0.0000 (  0.0%)   0.2031 (  0.1%)   0.1958 (  0.1%)  Infer nuw/nsw flags for instructions
   0.1875 (  0.1%)   0.0000 (  0.0%)   0.1875 (  0.1%)   0.1927 (  0.1%)  Infer nuw/nsw flags for instructions
   0.1406 (  0.1%)   0.0000 (  0.0%)   0.1406 (  0.1%)   0.1925 (  0.1%)  Memory SSA
   0.1875 (  0.1%)   0.0000 (  0.0%)   0.1875 (  0.1%)   0.1870 (  0.1%)  Infer nuw/nsw flags for instructions
   0.1563 (  0.1%)   0.0313 (  0.5%)   0.1875 (  0.1%)   0.1866 (  0.1%)  Remove redundant instructions
   0.1719 (  0.1%)   0.0156 (  0.3%)   0.1875 (  0.1%)   0.1845 (  0.1%)  Dead Store Elimination
   0.1719 (  0.1%)   0.0156 (  0.3%)   0.1875 (  0.1%)   0.1832 (  0.1%)  Global Value Numbering
   0.1094 (  0.0%)   0.0000 (  0.0%)   0.1094 (  0.0%)   0.1820 (  0.1%)  Combine redundant instructions
   0.1563 (  0.1%)   0.0000 (  0.0%)   0.1563 (  0.1%)   0.1806 (  0.1%)  Value Propagation
   0.1563 (  0.1%)   0.0156 (  0.3%)   0.1719 (  0.1%)   0.1803 (  0.1%)  Dead Store Elimination
   0.1875 (  0.1%)   0.0000 (  0.0%)   0.1875 (  0.1%)   0.1801 (  0.1%)  Combine redundant instructions
   0.1719 (  0.1%)   0.0000 (  0.0%)   0.1719 (  0.1%)   0.1764 (  0.1%)  Divergence Analysis
   0.1563 (  0.1%)   0.0000 (  0.0%)   0.1563 (  0.1%)   0.1735 (  0.1%)  Remove redundant instructions
   0.1563 (  0.1%)   0.0000 (  0.0%)   0.1563 (  0.1%)   0.1727 (  0.1%)  Global Value Numbering
   0.1563 (  0.1%)   0.0156 (  0.3%)   0.1719 (  0.1%)   0.1709 (  0.1%)  Global Value Numbering
   0.1563 (  0.1%)   0.0000 (  0.0%)   0.1563 (  0.1%)   0.1693 (  0.1%)  Aggressive Dead Code Elimination
   0.1563 (  0.1%)   0.0000 (  0.0%)   0.1563 (  0.1%)   0.1680 (  0.1%)  Inliner for always_inline functions
   0.1719 (  0.1%)   0.0000 (  0.0%)   0.1719 (  0.1%)   0.1680 (  0.1%)  Global Value Numbering
   0.1406 (  0.1%)   0.0156 (  0.3%)   0.1563 (  0.1%)   0.1676 (  0.1%)  Aggressive Dead Code Elimination
   0.1563 (  0.1%)   0.0000 (  0.0%)   0.1563 (  0.1%)   0.1650 (  0.1%)  Produce message if basic block has too many instructions
   0.1250 (  0.1%)   0.0000 (  0.0%)   0.1250 (  0.1%)   0.1647 (  0.1%)  Infer nuw/nsw flags for instructions
   0.1563 (  0.1%)   0.0156 (  0.3%)   0.1719 (  0.1%)   0.1622 (  0.1%)  Dead Store Elimination
   0.0938 (  0.0%)   0.0156 (  0.3%)   0.1094 (  0.0%)   0.1618 (  0.1%)  Value Propagation
   0.1406 (  0.1%)   0.0156 (  0.3%)   0.1563 (  0.1%)   0.1606 (  0.1%)  Combine redundant instructions
   0.1563 (  0.1%)   0.0000 (  0.0%)   0.1563 (  0.1%)   0.1604 (  0.1%)  Divergence Analysis
   0.0938 (  0.0%)   0.0313 (  0.5%)   0.1250 (  0.1%)   0.1604 (  0.1%)  Array out of bound check
   0.1406 (  0.1%)   0.0000 (  0.0%)   0.1406 (  0.1%)   0.1592 (  0.1%)  Aggressive Dead Code Elimination
   0.1563 (  0.1%)   0.0156 (  0.3%)   0.1719 (  0.1%)   0.1565 (  0.1%)  Global Value Numbering
   0.1406 (  0.1%)   0.0000 (  0.0%)   0.1406 (  0.1%)   0.1561 (  0.1%)  Dead Store Elimination
   0.1406 (  0.1%)   0.0000 (  0.0%)   0.1406 (  0.1%)   0.1554 (  0.1%)  Dead Store Elimination
   0.1563 (  0.1%)   0.0000 (  0.0%)   0.1563 (  0.1%)   0.1552 (  0.1%)  Value Propagation
   0.0938 (  0.0%)   0.0156 (  0.3%)   0.1094 (  0.0%)   0.1538 (  0.1%)  Aggressive Dead Code Elimination
   0.1250 (  0.1%)   0.0156 (  0.3%)   0.1406 (  0.1%)   0.1509 (  0.1%)  Infer nuw/nsw flags for instructions
   0.1250 (  0.1%)   0.0156 (  0.3%)   0.1406 (  0.1%)   0.1501 (  0.1%)  Divergence Analysis
   0.1406 (  0.1%)   0.0000 (  0.0%)   0.1406 (  0.1%)   0.1500 (  0.1%)  Dead Store Elimination
   0.1563 (  0.1%)   0.0000 (  0.0%)   0.1563 (  0.1%)   0.1497 (  0.1%)  Dead Store Elimination
   0.1406 (  0.1%)   0.0000 (  0.0%)   0.1406 (  0.1%)   0.1486 (  0.1%)  Combine redundant instructions
   0.0781 (  0.0%)   0.0000 (  0.0%)   0.0781 (  0.0%)   0.1484 (  0.1%)  Remove redundant instructions
   0.1406 (  0.1%)   0.0000 (  0.0%)   0.1406 (  0.1%)   0.1459 (  0.1%)  Infer nuw/nsw flags for instructions
   0.1406 (  0.1%)   0.0156 (  0.3%)   0.1563 (  0.1%)   0.1444 (  0.1%)  Memory Dependence Analysis
   0.1094 (  0.0%)   0.0000 (  0.0%)   0.1094 (  0.0%)   0.1421 (  0.1%)  Global Value Numbering
   0.1094 (  0.0%)   0.0000 (  0.0%)   0.1094 (  0.0%)   0.1418 (  0.1%)  Aggressive Dead Code Elimination
   0.1250 (  0.1%)   0.0000 (  0.0%)   0.1250 (  0.1%)   0.1396 (  0.1%)  ROM inference pass
   0.1563 (  0.1%)   0.0000 (  0.0%)   0.1563 (  0.1%)   0.1396 (  0.1%)  Dead Store Elimination
   0.0938 (  0.0%)   0.0156 (  0.3%)   0.1094 (  0.0%)   0.1373 (  0.1%)  Remove redundant instructions
   0.1406 (  0.1%)   0.0000 (  0.0%)   0.1406 (  0.1%)   0.1372 (  0.1%)  Value Propagation
   0.1094 (  0.0%)   0.0000 (  0.0%)   0.1094 (  0.0%)   0.1336 (  0.0%)  Divergence Analysis
   0.0938 (  0.0%)   0.0000 (  0.0%)   0.0938 (  0.0%)   0.1332 (  0.0%)  Aggressive Dead Code Elimination
   0.1094 (  0.0%)   0.0000 (  0.0%)   0.1094 (  0.0%)   0.1319 (  0.0%)  Infer nuw/nsw flags for instructions
   0.0938 (  0.0%)   0.0000 (  0.0%)   0.0938 (  0.0%)   0.1296 (  0.0%)  Infer nuw/nsw flags for instructions
   0.1250 (  0.1%)   0.0000 (  0.0%)   0.1250 (  0.1%)   0.1290 (  0.0%)  Value Propagation
   0.1250 (  0.1%)   0.0000 (  0.0%)   0.1250 (  0.1%)   0.1264 (  0.0%)  Combine redundant instructions
   0.1250 (  0.1%)   0.0000 (  0.0%)   0.1250 (  0.1%)   0.1249 (  0.0%)  Remove redundant instructions
   0.0781 (  0.0%)   0.0156 (  0.3%)   0.0938 (  0.0%)   0.1237 (  0.0%)  Value Propagation
   0.0938 (  0.0%)   0.0000 (  0.0%)   0.0938 (  0.0%)   0.1235 (  0.0%)  Dead Store Elimination
   0.0938 (  0.0%)   0.0156 (  0.3%)   0.1094 (  0.0%)   0.1233 (  0.0%)  Simplify the CFG
   0.1250 (  0.1%)   0.0000 (  0.0%)   0.1250 (  0.1%)   0.1217 (  0.0%)  AlignMemory - Align memory accesses
   0.1250 (  0.1%)   0.0000 (  0.0%)   0.1250 (  0.1%)   0.1213 (  0.0%)  Recursively inline barriers caller to kernel
   0.0938 (  0.0%)   0.0000 (  0.0%)   0.0938 (  0.0%)   0.1193 (  0.0%)  Memory Dependence Analysis
   0.0938 (  0.0%)   0.0156 (  0.3%)   0.1094 (  0.0%)   0.1170 (  0.0%)  Aggressive Dead Code Elimination
   0.0938 (  0.0%)   0.0156 (  0.3%)   0.1094 (  0.0%)   0.1138 (  0.0%)  Aggressive Dead Code Elimination
   0.1250 (  0.1%)   0.0000 (  0.0%)   0.1250 (  0.1%)   0.1136 (  0.0%)  Infer nuw/nsw flags for instructions
   0.1094 (  0.0%)   0.0000 (  0.0%)   0.1094 (  0.0%)   0.1126 (  0.0%)  Value Propagation
   0.0938 (  0.0%)   0.0000 (  0.0%)   0.0938 (  0.0%)   0.1097 (  0.0%)  Infer nuw/nsw flags for instructions
   0.1094 (  0.0%)   0.0000 (  0.0%)   0.1094 (  0.0%)   0.1093 (  0.0%)  Memory SSA
   0.1094 (  0.0%)   0.0000 (  0.0%)   0.1094 (  0.0%)   0.1087 (  0.0%)  Combine redundant instructions
   0.0781 (  0.0%)   0.0156 (  0.3%)   0.0938 (  0.0%)   0.1084 (  0.0%)  Divergence Analysis
   0.0938 (  0.0%)   0.0000 (  0.0%)   0.0938 (  0.0%)   0.1083 (  0.0%)  Infer nuw/nsw flags for instructions
   0.1094 (  0.0%)   0.0000 (  0.0%)   0.1094 (  0.0%)   0.1083 (  0.0%)  Remove redundant instructions
   0.1094 (  0.0%)   0.0000 (  0.0%)   0.1094 (  0.0%)   0.1080 (  0.0%)  Infer nuw/nsw flags for instructions
   0.1094 (  0.0%)   0.0000 (  0.0%)   0.1094 (  0.0%)   0.1078 (  0.0%)  Merge accesses
   0.0781 (  0.0%)   0.0000 (  0.0%)   0.0781 (  0.0%)   0.1069 (  0.0%)  Aggressive Dead Code Elimination
   0.0938 (  0.0%)   0.0000 (  0.0%)   0.0938 (  0.0%)   0.1066 (  0.0%)  Combine redundant instructions
   0.1094 (  0.0%)   0.0000 (  0.0%)   0.1094 (  0.0%)   0.1053 (  0.0%)  Infer nuw/nsw flags for instructions
   0.1250 (  0.1%)   0.0000 (  0.0%)   0.1250 (  0.1%)   0.1044 (  0.0%)  Dead Store Elimination
   0.0156 (  0.0%)   0.0156 (  0.3%)   0.0313 (  0.0%)   0.1043 (  0.0%)  Print module to file
   0.0938 (  0.0%)   0.0000 (  0.0%)   0.0938 (  0.0%)   0.1008 (  0.0%)  Combine redundant instructions
   0.0938 (  0.0%)   0.0000 (  0.0%)   0.0938 (  0.0%)   0.1007 (  0.0%)  Dead Store Elimination
   0.0781 (  0.0%)   0.0000 (  0.0%)   0.0781 (  0.0%)   0.1005 (  0.0%)  Interprocedural Sparse Conditional Constant Propagation
   0.1094 (  0.0%)   0.0000 (  0.0%)   0.1094 (  0.0%)   0.1004 (  0.0%)  Interprocedural Sparse Conditional Constant Propagation
   0.1094 (  0.0%)   0.0000 (  0.0%)   0.1094 (  0.0%)   0.1001 (  0.0%)  Combine redundant instructions
   0.0938 (  0.0%)   0.0000 (  0.0%)   0.0938 (  0.0%)   0.0998 (  0.0%)  Automatic data reuse optimization
   0.0781 (  0.0%)   0.0000 (  0.0%)   0.0781 (  0.0%)   0.0997 (  0.0%)  Remove redundant instructions
   0.0938 (  0.0%)   0.0000 (  0.0%)   0.0938 (  0.0%)   0.0993 (  0.0%)  Remove redundant instructions
   0.0781 (  0.0%)   0.0156 (  0.3%)   0.0938 (  0.0%)   0.0984 (  0.0%)  Dead Store Elimination
   0.0781 (  0.0%)   0.0000 (  0.0%)   0.0781 (  0.0%)   0.0982 (  0.0%)  Remove redundant instructions
   0.0938 (  0.0%)   0.0156 (  0.3%)   0.1094 (  0.0%)   0.0973 (  0.0%)  Aggressive Dead Code Elimination
   0.0938 (  0.0%)   0.0000 (  0.0%)   0.0938 (  0.0%)   0.0961 (  0.0%)  Dead Store Elimination
   0.1094 (  0.0%)   0.0000 (  0.0%)   0.1094 (  0.0%)   0.0959 (  0.0%)  Combine redundant instructions
   0.0938 (  0.0%)   0.0000 (  0.0%)   0.0938 (  0.0%)   0.0951 (  0.0%)  Combine redundant instructions
   0.0625 (  0.0%)   0.0000 (  0.0%)   0.0625 (  0.0%)   0.0928 (  0.0%)  Lower tasks into dataflow form
   0.0313 (  0.0%)   0.0313 (  0.5%)   0.0625 (  0.0%)   0.0916 (  0.0%)  Dead Store Elimination
   0.0938 (  0.0%)   0.0000 (  0.0%)   0.0938 (  0.0%)   0.0911 (  0.0%)  Remove redundant instructions
   0.0938 (  0.0%)   0.0000 (  0.0%)   0.0938 (  0.0%)   0.0904 (  0.0%)  Synthesis checker
   0.0625 (  0.0%)   0.0000 (  0.0%)   0.0625 (  0.0%)   0.0899 (  0.0%)  CallGraph Construction
   0.0938 (  0.0%)   0.0000 (  0.0%)   0.0938 (  0.0%)   0.0868 (  0.0%)  Aggressive Dead Code Elimination
   0.0781 (  0.0%)   0.0000 (  0.0%)   0.0781 (  0.0%)   0.0862 (  0.0%)  Post-Dominator Tree Construction
   0.0781 (  0.0%)   0.0000 (  0.0%)   0.0781 (  0.0%)   0.0861 (  0.0%)  AlignMemory - Align memory accesses
   0.0625 (  0.0%)   0.0156 (  0.3%)   0.0781 (  0.0%)   0.0860 (  0.0%)  Post-Dominator Tree Construction
   0.0938 (  0.0%)   0.0000 (  0.0%)   0.0938 (  0.0%)   0.0857 (  0.0%)  Dead Store Elimination
   0.0625 (  0.0%)   0.0156 (  0.3%)   0.0781 (  0.0%)   0.0847 (  0.0%)  Synthesis checker
   0.0781 (  0.0%)   0.0000 (  0.0%)   0.0781 (  0.0%)   0.0846 (  0.0%)  Remove redundant instructions
   0.0781 (  0.0%)   0.0000 (  0.0%)   0.0781 (  0.0%)   0.0835 (  0.0%)  Remove redundant instructions
   0.0625 (  0.0%)   0.0156 (  0.3%)   0.0781 (  0.0%)   0.0827 (  0.0%)  Auto automatic array partition analysis
   0.0625 (  0.0%)   0.0156 (  0.3%)   0.0781 (  0.0%)   0.0825 (  0.0%)  Remove redundant instructions
   0.0781 (  0.0%)   0.0000 (  0.0%)   0.0781 (  0.0%)   0.0817 (  0.0%)  Post-Dominator Tree Construction
   0.0781 (  0.0%)   0.0000 (  0.0%)   0.0781 (  0.0%)   0.0812 (  0.0%)  Combine redundant instructions
   0.0781 (  0.0%)   0.0000 (  0.0%)   0.0781 (  0.0%)   0.0811 (  0.0%)  Remove redundant instructions
   0.0781 (  0.0%)   0.0000 (  0.0%)   0.0781 (  0.0%)   0.0792 (  0.0%)  Divergence Analysis
   0.0781 (  0.0%)   0.0000 (  0.0%)   0.0781 (  0.0%)   0.0790 (  0.0%)  Remove redundant instructions
   0.0781 (  0.0%)   0.0000 (  0.0%)   0.0781 (  0.0%)   0.0787 (  0.0%)  Aggressive Dead Code Elimination
   0.0938 (  0.0%)   0.0000 (  0.0%)   0.0938 (  0.0%)   0.0787 (  0.0%)  Memory Dependence Analysis
   0.0625 (  0.0%)   0.0000 (  0.0%)   0.0625 (  0.0%)   0.0784 (  0.0%)  Remove redundant instructions
   0.0781 (  0.0%)   0.0000 (  0.0%)   0.0781 (  0.0%)   0.0779 (  0.0%)  Remove redundant instructions
   0.0156 (  0.0%)   0.0469 (  0.8%)   0.0625 (  0.0%)   0.0769 (  0.0%)  Lower HLS related attributes
   0.0781 (  0.0%)   0.0000 (  0.0%)   0.0781 (  0.0%)   0.0769 (  0.0%)  Aggressive Dead Code Elimination
   0.0469 (  0.0%)   0.0156 (  0.3%)   0.0625 (  0.0%)   0.0767 (  0.0%)  Aggressive Dead Code Elimination
   0.0625 (  0.0%)   0.0156 (  0.3%)   0.0781 (  0.0%)   0.0763 (  0.0%)  Memory Dependence Analysis
   0.0781 (  0.0%)   0.0000 (  0.0%)   0.0781 (  0.0%)   0.0762 (  0.0%)  Aggressive Dead Code Elimination
   0.0625 (  0.0%)   0.0000 (  0.0%)   0.0625 (  0.0%)   0.0761 (  0.0%)  Memory Dependence Analysis
   0.0781 (  0.0%)   0.0000 (  0.0%)   0.0781 (  0.0%)   0.0760 (  0.0%)  Aggressive Dead Code Elimination
   0.0781 (  0.0%)   0.0000 (  0.0%)   0.0781 (  0.0%)   0.0758 (  0.0%)  Aggressive Dead Code Elimination
   0.0313 (  0.0%)   0.0313 (  0.5%)   0.0625 (  0.0%)   0.0758 (  0.0%)  Auto automatic array partition analysis
   0.0469 (  0.0%)   0.0156 (  0.3%)   0.0625 (  0.0%)   0.0752 (  0.0%)  Remove redundant instructions
   0.0625 (  0.0%)   0.0000 (  0.0%)   0.0625 (  0.0%)   0.0748 (  0.0%)  Promote Memory to Register
   0.0625 (  0.0%)   0.0000 (  0.0%)   0.0625 (  0.0%)   0.0742 (  0.0%)  AlignMemory - Align memory accesses
   0.0781 (  0.0%)   0.0000 (  0.0%)   0.0781 (  0.0%)   0.0729 (  0.0%)  AlignMemory - Align memory accesses
   0.0469 (  0.0%)   0.0156 (  0.3%)   0.0625 (  0.0%)   0.0725 (  0.0%)  Dominator Tree Construction
   0.0781 (  0.0%)   0.0000 (  0.0%)   0.0781 (  0.0%)   0.0714 (  0.0%)  Dead Argument Elimination
   0.0625 (  0.0%)   0.0000 (  0.0%)   0.0625 (  0.0%)   0.0714 (  0.0%)  Post-Dominator Tree Construction
   0.0625 (  0.0%)   0.0000 (  0.0%)   0.0625 (  0.0%)   0.0709 (  0.0%)  AlignMemory - Align memory accesses
   0.0781 (  0.0%)   0.0000 (  0.0%)   0.0781 (  0.0%)   0.0703 (  0.0%)  Simplify the CFG
   0.0625 (  0.0%)   0.0000 (  0.0%)   0.0625 (  0.0%)   0.0700 (  0.0%)  Remove unreachable basic blocks under switch
   0.0469 (  0.0%)   0.0000 (  0.0%)   0.0469 (  0.0%)   0.0664 (  0.0%)  Aggressive Dead Code Elimination
   0.0469 (  0.0%)   0.0000 (  0.0%)   0.0469 (  0.0%)   0.0659 (  0.0%)  Aggressive Dead Code Elimination
   0.0469 (  0.0%)   0.0000 (  0.0%)   0.0469 (  0.0%)   0.0659 (  0.0%)  Aggressive Dead Code Elimination
   0.0625 (  0.0%)   0.0000 (  0.0%)   0.0625 (  0.0%)   0.0656 (  0.0%)  Simple constant propagation
   0.0625 (  0.0%)   0.0000 (  0.0%)   0.0625 (  0.0%)   0.0643 (  0.0%)  Dominator Tree Construction
   0.0625 (  0.0%)   0.0000 (  0.0%)   0.0625 (  0.0%)   0.0641 (  0.0%)  Aggressive Dead Code Elimination
   0.0625 (  0.0%)   0.0000 (  0.0%)   0.0625 (  0.0%)   0.0637 (  0.0%)  Memory SSA
   0.0781 (  0.0%)   0.0000 (  0.0%)   0.0781 (  0.0%)   0.0625 (  0.0%)  Dead Store Elimination
   0.0625 (  0.0%)   0.0000 (  0.0%)   0.0625 (  0.0%)   0.0607 (  0.0%)  Memory Summary
   0.0469 (  0.0%)   0.0000 (  0.0%)   0.0469 (  0.0%)   0.0603 (  0.0%)  Aggressive Dead Code Elimination
   0.0469 (  0.0%)   0.0000 (  0.0%)   0.0469 (  0.0%)   0.0592 (  0.0%)  Aggressive Dead Code Elimination
   0.0156 (  0.0%)   0.0469 (  0.8%)   0.0625 (  0.0%)   0.0590 (  0.0%)  PredicateAnalyzer - Predidate Analysis
   0.0313 (  0.0%)   0.0000 (  0.0%)   0.0313 (  0.0%)   0.0587 (  0.0%)  Early GVN Hoisting of Expressions
   0.0781 (  0.0%)   0.0000 (  0.0%)   0.0781 (  0.0%)   0.0584 (  0.0%)  Early GVN Hoisting of Expressions
   0.0469 (  0.0%)   0.0000 (  0.0%)   0.0469 (  0.0%)   0.0569 (  0.0%)  Aggressive Dead Code Elimination
   0.0625 (  0.0%)   0.0000 (  0.0%)   0.0625 (  0.0%)   0.0565 (  0.0%)  Aggressive Dead Code Elimination
   0.0469 (  0.0%)   0.0156 (  0.3%)   0.0625 (  0.0%)   0.0563 (  0.0%)  Aggressive Dead Code Elimination
   0.0625 (  0.0%)   0.0000 (  0.0%)   0.0625 (  0.0%)   0.0561 (  0.0%)  Post-Dominator Tree Construction
   0.0469 (  0.0%)   0.0000 (  0.0%)   0.0469 (  0.0%)   0.0552 (  0.0%)  PredicateAnalyzer - Predidate Analysis
   0.0469 (  0.0%)   0.0000 (  0.0%)   0.0469 (  0.0%)   0.0545 (  0.0%)  Dominator Tree Construction
   0.0469 (  0.0%)   0.0000 (  0.0%)   0.0469 (  0.0%)   0.0534 (  0.0%)  Post-Dominator Tree Construction
   0.0469 (  0.0%)   0.0000 (  0.0%)   0.0469 (  0.0%)   0.0532 (  0.0%)  Aggressive Dead Code Elimination
   0.0313 (  0.0%)   0.0156 (  0.3%)   0.0469 (  0.0%)   0.0515 (  0.0%)  Post-Dominator Tree Construction
   0.0156 (  0.0%)   0.0156 (  0.3%)   0.0313 (  0.0%)   0.0509 (  0.0%)  Natural Loop Information
   0.0156 (  0.0%)   0.0000 (  0.0%)   0.0156 (  0.0%)   0.0508 (  0.0%)  Memory SSA
   0.0156 (  0.0%)   0.0156 (  0.3%)   0.0313 (  0.0%)   0.0501 (  0.0%)  Aggressive Dead Code Elimination
   0.0469 (  0.0%)   0.0000 (  0.0%)   0.0469 (  0.0%)   0.0499 (  0.0%)  Post-Dominator Tree Construction
   0.0156 (  0.0%)   0.0000 (  0.0%)   0.0156 (  0.0%)   0.0499 (  0.0%)  Memory SSA
   0.0469 (  0.0%)   0.0000 (  0.0%)   0.0469 (  0.0%)   0.0496 (  0.0%)  Remove redundant instructions
   0.0469 (  0.0%)   0.0000 (  0.0%)   0.0469 (  0.0%)   0.0494 (  0.0%)  WidenBurst - Widen bursts
   0.0625 (  0.0%)   0.0156 (  0.3%)   0.0781 (  0.0%)   0.0493 (  0.0%)  Dominator Tree Construction
   0.0469 (  0.0%)   0.0000 (  0.0%)   0.0469 (  0.0%)   0.0490 (  0.0%)  Auto automatic array partition analysis
   0.0313 (  0.0%)   0.0000 (  0.0%)   0.0313 (  0.0%)   0.0487 (  0.0%)  CallGraph Construction
   0.0313 (  0.0%)   0.0156 (  0.3%)   0.0469 (  0.0%)   0.0482 (  0.0%)  Aggressive Dead Code Elimination
   0.0469 (  0.0%)   0.0000 (  0.0%)   0.0469 (  0.0%)   0.0478 (  0.0%)  Memory SSA
   0.0469 (  0.0%)   0.0156 (  0.3%)   0.0625 (  0.0%)   0.0472 (  0.0%)  Memory SSA
   0.0469 (  0.0%)   0.0000 (  0.0%)   0.0469 (  0.0%)   0.0453 (  0.0%)  Memory SSA
   0.0313 (  0.0%)   0.0000 (  0.0%)   0.0313 (  0.0%)   0.0448 (  0.0%)  Structure stription
   0.0469 (  0.0%)   0.0000 (  0.0%)   0.0469 (  0.0%)   0.0442 (  0.0%)  Simplify types in the LLVM IR, redundant type hierarchy
   0.0469 (  0.0%)   0.0000 (  0.0%)   0.0469 (  0.0%)   0.0437 (  0.0%)  Post-Dominator Tree Construction
   0.0313 (  0.0%)   0.0000 (  0.0%)   0.0313 (  0.0%)   0.0437 (  0.0%)  CallGraph Construction
   0.0313 (  0.0%)   0.0000 (  0.0%)   0.0313 (  0.0%)   0.0434 (  0.0%)  Early GVN Hoisting of Expressions
   0.0313 (  0.0%)   0.0000 (  0.0%)   0.0313 (  0.0%)   0.0432 (  0.0%)  Combine redundant instructions
   0.0313 (  0.0%)   0.0000 (  0.0%)   0.0313 (  0.0%)   0.0425 (  0.0%)  Lazy Value Information Analysis
   0.0469 (  0.0%)   0.0000 (  0.0%)   0.0469 (  0.0%)   0.0425 (  0.0%)  Dead Argument Elimination
   0.0469 (  0.0%)   0.0000 (  0.0%)   0.0469 (  0.0%)   0.0419 (  0.0%)  Aggressive Dead Code Elimination
   0.0156 (  0.0%)   0.0156 (  0.3%)   0.0313 (  0.0%)   0.0418 (  0.0%)  Post-Dominator Tree Construction
   0.0469 (  0.0%)   0.0000 (  0.0%)   0.0469 (  0.0%)   0.0416 (  0.0%)  Dominator Tree Construction
   0.0469 (  0.0%)   0.0000 (  0.0%)   0.0469 (  0.0%)   0.0410 (  0.0%)  Analyze sequential accesses
   0.0625 (  0.0%)   0.0000 (  0.0%)   0.0625 (  0.0%)   0.0409 (  0.0%)  Early GVN Hoisting of Expressions
   0.0156 (  0.0%)   0.0000 (  0.0%)   0.0156 (  0.0%)   0.0409 (  0.0%)  Natural Loop Information
   0.0313 (  0.0%)   0.0000 (  0.0%)   0.0313 (  0.0%)   0.0409 (  0.0%)  Aggressive Dead Code Elimination
   0.0313 (  0.0%)   0.0156 (  0.3%)   0.0469 (  0.0%)   0.0405 (  0.0%)  Post-Dominator Tree Construction
   0.0625 (  0.0%)   0.0000 (  0.0%)   0.0625 (  0.0%)   0.0396 (  0.0%)  Combine redundant instructions
   0.0469 (  0.0%)   0.0000 (  0.0%)   0.0469 (  0.0%)   0.0396 (  0.0%)  Dominator Tree Construction
   0.0156 (  0.0%)   0.0000 (  0.0%)   0.0156 (  0.0%)   0.0391 (  0.0%)  Lazy Value Information Analysis
   0.0156 (  0.0%)   0.0000 (  0.0%)   0.0156 (  0.0%)   0.0390 (  0.0%)  CallGraph Construction
   0.0313 (  0.0%)   0.0000 (  0.0%)   0.0313 (  0.0%)   0.0390 (  0.0%)  Dominator Tree Construction
   0.0156 (  0.0%)   0.0156 (  0.3%)   0.0313 (  0.0%)   0.0389 (  0.0%)  CallGraph Construction
   0.0156 (  0.0%)   0.0000 (  0.0%)   0.0156 (  0.0%)   0.0388 (  0.0%)  RemoveConflictingBurst - Remove port conflicting bursts
   0.0156 (  0.0%)   0.0000 (  0.0%)   0.0156 (  0.0%)   0.0384 (  0.0%)  Dump HBM driver helper code
   0.0313 (  0.0%)   0.0000 (  0.0%)   0.0313 (  0.0%)   0.0383 (  0.0%)  Interleave memory accesses
   0.0313 (  0.0%)   0.0000 (  0.0%)   0.0313 (  0.0%)   0.0379 (  0.0%)  Lazy Value Information Analysis
   0.0313 (  0.0%)   0.0000 (  0.0%)   0.0313 (  0.0%)   0.0375 (  0.0%)  Collect complexity metrics for FE reflow
   0.0156 (  0.0%)   0.0000 (  0.0%)   0.0156 (  0.0%)   0.0375 (  0.0%)  Post-Dominator Tree Construction
   0.0469 (  0.0%)   0.0000 (  0.0%)   0.0469 (  0.0%)   0.0374 (  0.0%)  Aggressive Dead Code Elimination
   0.0469 (  0.0%)   0.0000 (  0.0%)   0.0469 (  0.0%)   0.0369 (  0.0%)  Object Decomposition
   0.0313 (  0.0%)   0.0000 (  0.0%)   0.0313 (  0.0%)   0.0368 (  0.0%)  Inliner for always_inline functions
   0.0469 (  0.0%)   0.0000 (  0.0%)   0.0469 (  0.0%)   0.0365 (  0.0%)  Natural Loop Information
   0.0313 (  0.0%)   0.0000 (  0.0%)   0.0313 (  0.0%)   0.0362 (  0.0%)  Dominator Tree Construction
   0.0000 (  0.0%)   0.0000 (  0.0%)   0.0000 (  0.0%)   0.0359 (  0.0%)  Dominator Tree Construction
   0.0156 (  0.0%)   0.0000 (  0.0%)   0.0156 (  0.0%)   0.0359 (  0.0%)  Natural Loop Information
   0.0469 (  0.0%)   0.0000 (  0.0%)   0.0469 (  0.0%)   0.0356 (  0.0%)  Array abnormal access check
   0.0469 (  0.0%)   0.0000 (  0.0%)   0.0469 (  0.0%)   0.0354 (  0.0%)  Natural Loop Information
   0.0313 (  0.0%)   0.0000 (  0.0%)   0.0313 (  0.0%)   0.0351 (  0.0%)  Natural Loop Information
   0.0469 (  0.0%)   0.0000 (  0.0%)   0.0469 (  0.0%)   0.0347 (  0.0%)  Memory Dependence Analysis
   0.0313 (  0.0%)   0.0000 (  0.0%)   0.0313 (  0.0%)   0.0347 (  0.0%)  CallGraph Construction
   0.0469 (  0.0%)   0.0000 (  0.0%)   0.0469 (  0.0%)   0.0344 (  0.0%)  Memory Summary
   0.0313 (  0.0%)   0.0000 (  0.0%)   0.0313 (  0.0%)   0.0339 (  0.0%)  CallGraph Construction
   0.0313 (  0.0%)   0.0000 (  0.0%)   0.0313 (  0.0%)   0.0338 (  0.0%)  CallGraph Construction
   0.0313 (  0.0%)   0.0000 (  0.0%)   0.0313 (  0.0%)   0.0335 (  0.0%)  Collect complexity metrics for FE reflow
   0.0469 (  0.0%)   0.0000 (  0.0%)   0.0469 (  0.0%)   0.0334 (  0.0%)  Natural Loop Information
   0.0156 (  0.0%)   0.0000 (  0.0%)   0.0156 (  0.0%)   0.0332 (  0.0%)  Remove unreachable basic blocks under switch
   0.0313 (  0.0%)   0.0000 (  0.0%)   0.0313 (  0.0%)   0.0332 (  0.0%)  SROA
   0.0156 (  0.0%)   0.0000 (  0.0%)   0.0156 (  0.0%)   0.0327 (  0.0%)  CallGraph Construction
   0.0156 (  0.0%)   0.0000 (  0.0%)   0.0156 (  0.0%)   0.0326 (  0.0%)  Memory Dependence Analysis
   0.0313 (  0.0%)   0.0000 (  0.0%)   0.0313 (  0.0%)   0.0326 (  0.0%)  CallGraph Construction
   0.0156 (  0.0%)   0.0156 (  0.3%)   0.0313 (  0.0%)   0.0324 (  0.0%)  CallGraph Construction
   0.0156 (  0.0%)   0.0000 (  0.0%)   0.0156 (  0.0%)   0.0320 (  0.0%)  Jump Threading
   0.0469 (  0.0%)   0.0000 (  0.0%)   0.0469 (  0.0%)   0.0314 (  0.0%)  Post-Dominator Tree Construction
   0.0313 (  0.0%)   0.0000 (  0.0%)   0.0313 (  0.0%)   0.0314 (  0.0%)  CallGraph Construction
   0.0156 (  0.0%)   0.0000 (  0.0%)   0.0156 (  0.0%)   0.0312 (  0.0%)  Infer PPPO for array-to-streams
   0.0156 (  0.0%)   0.0000 (  0.0%)   0.0156 (  0.0%)   0.0312 (  0.0%)  Post-Dominator Tree Construction
   0.0469 (  0.0%)   0.0000 (  0.0%)   0.0469 (  0.0%)   0.0310 (  0.0%)  Simplify the CFG
   0.0156 (  0.0%)   0.0000 (  0.0%)   0.0156 (  0.0%)   0.0308 (  0.0%)  Dominator Tree Construction
   0.0469 (  0.0%)   0.0000 (  0.0%)   0.0469 (  0.0%)   0.0307 (  0.0%)  Remove unreachable basic blocks under switch
   0.0313 (  0.0%)   0.0000 (  0.0%)   0.0313 (  0.0%)   0.0306 (  0.0%)  CallGraph Construction
   0.0313 (  0.0%)   0.0000 (  0.0%)   0.0313 (  0.0%)   0.0303 (  0.0%)  Remove redundant instructions
   0.0156 (  0.0%)   0.0000 (  0.0%)   0.0156 (  0.0%)   0.0300 (  0.0%)  Dominance Frontier Construction
   0.0313 (  0.0%)   0.0000 (  0.0%)   0.0313 (  0.0%)   0.0299 (  0.0%)  Collect complexity metrics for FE reflow
   0.0313 (  0.0%)   0.0000 (  0.0%)   0.0313 (  0.0%)   0.0297 (  0.0%)  Dominator Tree Construction
   0.0156 (  0.0%)   0.0000 (  0.0%)   0.0156 (  0.0%)   0.0297 (  0.0%)  CallGraph Construction
   0.0156 (  0.0%)   0.0000 (  0.0%)   0.0156 (  0.0%)   0.0296 (  0.0%)  Memory Dependence Analysis
   0.0469 (  0.0%)   0.0000 (  0.0%)   0.0469 (  0.0%)   0.0294 (  0.0%)  Remove redundant instructions
   0.0313 (  0.0%)   0.0000 (  0.0%)   0.0313 (  0.0%)   0.0293 (  0.0%)  Early GVN Hoisting of Expressions
   0.0313 (  0.0%)   0.0000 (  0.0%)   0.0313 (  0.0%)   0.0293 (  0.0%)  Remove redundant instructions
   0.0156 (  0.0%)   0.0000 (  0.0%)   0.0156 (  0.0%)   0.0291 (  0.0%)  Early GVN Hoisting of Expressions
   0.0313 (  0.0%)   0.0000 (  0.0%)   0.0313 (  0.0%)   0.0290 (  0.0%)  Lazy Value Information Analysis
   0.0313 (  0.0%)   0.0000 (  0.0%)   0.0313 (  0.0%)   0.0288 (  0.0%)  Global Variable Optimizer
   0.0156 (  0.0%)   0.0000 (  0.0%)   0.0156 (  0.0%)   0.0287 (  0.0%)  Aggressive Dead Code Elimination
   0.0313 (  0.0%)   0.0000 (  0.0%)   0.0313 (  0.0%)   0.0287 (  0.0%)  Dead Global Elimination
   0.0313 (  0.0%)   0.0000 (  0.0%)   0.0313 (  0.0%)   0.0287 (  0.0%)  Natural Loop Information
   0.0313 (  0.0%)   0.0000 (  0.0%)   0.0313 (  0.0%)   0.0284 (  0.0%)  Remove redundant instructions
   0.0469 (  0.0%)   0.0000 (  0.0%)   0.0469 (  0.0%)   0.0281 (  0.0%)  Infer nuw/nsw flags for instructions
   0.0469 (  0.0%)   0.0000 (  0.0%)   0.0469 (  0.0%)   0.0280 (  0.0%)  Post-Dominator Tree Construction
   0.0313 (  0.0%)   0.0000 (  0.0%)   0.0313 (  0.0%)   0.0274 (  0.0%)  Natural Loop Information
   0.0156 (  0.0%)   0.0000 (  0.0%)   0.0156 (  0.0%)   0.0274 (  0.0%)  SROA
   0.0313 (  0.0%)   0.0000 (  0.0%)   0.0313 (  0.0%)   0.0272 (  0.0%)  CallGraph Construction
   0.0313 (  0.0%)   0.0000 (  0.0%)   0.0313 (  0.0%)   0.0271 (  0.0%)  Remove redundant instructions
   0.0156 (  0.0%)   0.0000 (  0.0%)   0.0156 (  0.0%)   0.0269 (  0.0%)  Disaggregation preprocessing
   0.0000 (  0.0%)   0.0000 (  0.0%)   0.0000 (  0.0%)   0.0269 (  0.0%)  Eliminate pointer selection
   0.0313 (  0.0%)   0.0000 (  0.0%)   0.0313 (  0.0%)   0.0264 (  0.0%)  Remove unreachable basic blocks under switch
   0.0156 (  0.0%)   0.0000 (  0.0%)   0.0156 (  0.0%)   0.0260 (  0.0%)  Simplify the CFG
   0.0156 (  0.0%)   0.0000 (  0.0%)   0.0156 (  0.0%)   0.0260 (  0.0%)  Detect single entry single exit regions
   0.0156 (  0.0%)   0.0000 (  0.0%)   0.0156 (  0.0%)   0.0259 (  0.0%)  Promote Memory to Register
   0.0000 (  0.0%)   0.0156 (  0.3%)   0.0156 (  0.0%)   0.0257 (  0.0%)  Critical Path Aanlysis
   0.0156 (  0.0%)   0.0000 (  0.0%)   0.0156 (  0.0%)   0.0257 (  0.0%)  AccessGroup - Group the memory access for the same object
   0.0156 (  0.0%)   0.0000 (  0.0%)   0.0156 (  0.0%)   0.0256 (  0.0%)  Aggressive Dead Code Elimination
   0.0156 (  0.0%)   0.0000 (  0.0%)   0.0156 (  0.0%)   0.0253 (  0.0%)  CallGraph Construction
   0.0156 (  0.0%)   0.0156 (  0.3%)   0.0313 (  0.0%)   0.0253 (  0.0%)  Dead Code Elimination
   0.0156 (  0.0%)   0.0000 (  0.0%)   0.0156 (  0.0%)   0.0252 (  0.0%)  ReflowCheckVarPragmaConflicts - check variable pragma conflicts in reflow
   0.0313 (  0.0%)   0.0000 (  0.0%)   0.0313 (  0.0%)   0.0252 (  0.0%)  Simplify the CFG
   0.0156 (  0.0%)   0.0000 (  0.0%)   0.0156 (  0.0%)   0.0251 (  0.0%)  Infer nuw/nsw flags for instructions
   0.0156 (  0.0%)   0.0000 (  0.0%)   0.0156 (  0.0%)   0.0245 (  0.0%)  Lazy Value Information Analysis
   0.0156 (  0.0%)   0.0000 (  0.0%)   0.0156 (  0.0%)   0.0243 (  0.0%)  Memory SSA
   0.0156 (  0.0%)   0.0000 (  0.0%)   0.0156 (  0.0%)   0.0239 (  0.0%)  Aggressive Dead Code Elimination
   0.0156 (  0.0%)   0.0000 (  0.0%)   0.0156 (  0.0%)   0.0239 (  0.0%)  Simplify the CFG
   0.0156 (  0.0%)   0.0000 (  0.0%)   0.0156 (  0.0%)   0.0238 (  0.0%)  Lazy Value Information Analysis
   0.0156 (  0.0%)   0.0000 (  0.0%)   0.0156 (  0.0%)   0.0236 (  0.0%)  Promote Memory to Register
   0.0313 (  0.0%)   0.0000 (  0.0%)   0.0313 (  0.0%)   0.0233 (  0.0%)  Value Propagation
   0.0313 (  0.0%)   0.0000 (  0.0%)   0.0313 (  0.0%)   0.0231 (  0.0%)  Array out of bound check
   0.0156 (  0.0%)   0.0000 (  0.0%)   0.0156 (  0.0%)   0.0230 (  0.0%)  Dominator Tree Construction
   0.0313 (  0.0%)   0.0000 (  0.0%)   0.0313 (  0.0%)   0.0225 (  0.0%)  Dominator Tree Construction
   0.0156 (  0.0%)   0.0000 (  0.0%)   0.0156 (  0.0%)   0.0225 (  0.0%)  Dominator Tree Construction
   0.0313 (  0.0%)   0.0000 (  0.0%)   0.0313 (  0.0%)   0.0221 (  0.0%)  AccessGroup - Group the memory access for the same object
   0.0313 (  0.0%)   0.0000 (  0.0%)   0.0313 (  0.0%)   0.0220 (  0.0%)  Value Propagation
   0.0000 (  0.0%)   0.0000 (  0.0%)   0.0000 (  0.0%)   0.0218 (  0.0%)  Promote Memory to Register
   0.0156 (  0.0%)   0.0000 (  0.0%)   0.0156 (  0.0%)   0.0217 (  0.0%)  Natural Loop Information
   0.0156 (  0.0%)   0.0000 (  0.0%)   0.0156 (  0.0%)   0.0217 (  0.0%)  CallGraph Construction
   0.0000 (  0.0%)   0.0156 (  0.3%)   0.0156 (  0.0%)   0.0215 (  0.0%)  Dominator Tree Construction
   0.0156 (  0.0%)   0.0000 (  0.0%)   0.0156 (  0.0%)   0.0215 (  0.0%)  Dominator Tree Construction
   0.0156 (  0.0%)   0.0156 (  0.3%)   0.0313 (  0.0%)   0.0213 (  0.0%)  ReflowCheckPragmaConflicts - check pragma conflicts in reflow
   0.0156 (  0.0%)   0.0000 (  0.0%)   0.0156 (  0.0%)   0.0212 (  0.0%)  Eliminate dead stores globally
   0.0156 (  0.0%)   0.0000 (  0.0%)   0.0156 (  0.0%)   0.0211 (  0.0%)  Promote Memory to Register
   0.0156 (  0.0%)   0.0000 (  0.0%)   0.0156 (  0.0%)   0.0210 (  0.0%)  Extract dataflow loop
   0.0156 (  0.0%)   0.0000 (  0.0%)   0.0156 (  0.0%)   0.0209 (  0.0%)  Memory SSA
   0.0313 (  0.0%)   0.0000 (  0.0%)   0.0313 (  0.0%)   0.0206 (  0.0%)  SROA
   0.0156 (  0.0%)   0.0000 (  0.0%)   0.0156 (  0.0%)   0.0204 (  0.0%)  Assign names to anonymous instructions (structure based)
   0.0156 (  0.0%)   0.0000 (  0.0%)   0.0156 (  0.0%)   0.0203 (  0.0%)  Lazy Value Information Analysis
   0.0000 (  0.0%)   0.0000 (  0.0%)   0.0000 (  0.0%)   0.0202 (  0.0%)  Memory SSA
   0.0156 (  0.0%)   0.0000 (  0.0%)   0.0156 (  0.0%)   0.0200 (  0.0%)  CallGraph Construction
   0.0156 (  0.0%)   0.0000 (  0.0%)   0.0156 (  0.0%)   0.0199 (  0.0%)  Array abnormal access check
   0.0156 (  0.0%)   0.0000 (  0.0%)   0.0156 (  0.0%)   0.0199 (  0.0%)  Scalar Evolution Analysis
   0.0000 (  0.0%)   0.0000 (  0.0%)   0.0000 (  0.0%)   0.0198 (  0.0%)  Early GVN Hoisting of Expressions
   0.0000 (  0.0%)   0.0000 (  0.0%)   0.0000 (  0.0%)   0.0197 (  0.0%)  ProduceBurstMessages - Produce Burst Messages
   0.0313 (  0.0%)   0.0000 (  0.0%)   0.0313 (  0.0%)   0.0194 (  0.0%)  Lazy Value Information Analysis
   0.0156 (  0.0%)   0.0000 (  0.0%)   0.0156 (  0.0%)   0.0194 (  0.0%)  Unify function exit nodes
   0.0156 (  0.0%)   0.0000 (  0.0%)   0.0156 (  0.0%)   0.0194 (  0.0%)  Scalarize vector operations
   0.0000 (  0.0%)   0.0156 (  0.3%)   0.0156 (  0.0%)   0.0194 (  0.0%)  Array out of bound check
   0.0000 (  0.0%)   0.0000 (  0.0%)   0.0000 (  0.0%)   0.0193 (  0.0%)  Generate Loops to iterate over workitems
   0.0156 (  0.0%)   0.0000 (  0.0%)   0.0156 (  0.0%)   0.0192 (  0.0%)  Natural Loop Information
   0.0313 (  0.0%)   0.0000 (  0.0%)   0.0313 (  0.0%)   0.0191 (  0.0%)  Memory SSA
   0.0000 (  0.0%)   0.0000 (  0.0%)   0.0000 (  0.0%)   0.0191 (  0.0%)  Resolve full load/store
   0.0000 (  0.0%)   0.0000 (  0.0%)   0.0000 (  0.0%)   0.0191 (  0.0%)  Simplify the CFG
   0.0156 (  0.0%)   0.0000 (  0.0%)   0.0156 (  0.0%)   0.0190 (  0.0%)  Dead Global Elimination
   0.0156 (  0.0%)   0.0000 (  0.0%)   0.0156 (  0.0%)   0.0187 (  0.0%)  Simplify the CFG
   0.0156 (  0.0%)   0.0000 (  0.0%)   0.0156 (  0.0%)   0.0185 (  0.0%)  demangle Name to normal Name
   0.0156 (  0.0%)   0.0000 (  0.0%)   0.0156 (  0.0%)   0.0184 (  0.0%)  Natural Loop Information
   0.0000 (  0.0%)   0.0000 (  0.0%)   0.0000 (  0.0%)   0.0182 (  0.0%)  Dead Code Elimination
   0.0156 (  0.0%)   0.0000 (  0.0%)   0.0156 (  0.0%)   0.0181 (  0.0%)  Remove unreachable basic blocks under switch
   0.0156 (  0.0%)   0.0000 (  0.0%)   0.0156 (  0.0%)   0.0179 (  0.0%)  Natural Loop Information
   0.0000 (  0.0%)   0.0000 (  0.0%)   0.0000 (  0.0%)   0.0179 (  0.0%)  CallGraph Construction
   0.0156 (  0.0%)   0.0000 (  0.0%)   0.0156 (  0.0%)   0.0177 (  0.0%)  Infer complete unroll based on pipeline pragma
   0.0000 (  0.0%)   0.0000 (  0.0%)   0.0000 (  0.0%)   0.0177 (  0.0%)  Memory SSA
   0.0313 (  0.0%)   0.0000 (  0.0%)   0.0313 (  0.0%)   0.0175 (  0.0%)  Dominator Tree Construction
   0.0156 (  0.0%)   0.0000 (  0.0%)   0.0156 (  0.0%)   0.0174 (  0.0%)  Aggressive Dead Code Elimination
   0.0313 (  0.0%)   0.0000 (  0.0%)   0.0313 (  0.0%)   0.0174 (  0.0%)  Memory SSA
   0.0156 (  0.0%)   0.0000 (  0.0%)   0.0156 (  0.0%)   0.0173 (  0.0%)  CallGraph Construction
   0.0313 (  0.0%)   0.0000 (  0.0%)   0.0313 (  0.0%)   0.0171 (  0.0%)  Memory SSA
   0.0000 (  0.0%)   0.0000 (  0.0%)   0.0000 (  0.0%)   0.0169 (  0.0%)  Memory SSA
   0.0156 (  0.0%)   0.0000 (  0.0%)   0.0156 (  0.0%)   0.0168 (  0.0%)  Interprocedural constant propagation
   0.0156 (  0.0%)   0.0000 (  0.0%)   0.0156 (  0.0%)   0.0168 (  0.0%)  Eliminate pointer selection
   0.0156 (  0.0%)   0.0000 (  0.0%)   0.0156 (  0.0%)   0.0166 (  0.0%)  Remove unreachable basic blocks under switch
   0.0000 (  0.0%)   0.0000 (  0.0%)   0.0000 (  0.0%)   0.0165 (  0.0%)  Memory SSA
   0.0156 (  0.0%)   0.0000 (  0.0%)   0.0156 (  0.0%)   0.0164 (  0.0%)  Remove unreachable basic blocks under switch
   0.0156 (  0.0%)   0.0000 (  0.0%)   0.0156 (  0.0%)   0.0163 (  0.0%)  Dead Code Elimination
   0.0156 (  0.0%)   0.0000 (  0.0%)   0.0156 (  0.0%)   0.0162 (  0.0%)  Natural Loop Information
   0.0156 (  0.0%)   0.0000 (  0.0%)   0.0156 (  0.0%)   0.0160 (  0.0%)  Memory SSA
   0.0000 (  0.0%)   0.0156 (  0.3%)   0.0156 (  0.0%)   0.0159 (  0.0%)  Dead Global Elimination
   0.0000 (  0.0%)   0.0000 (  0.0%)   0.0000 (  0.0%)   0.0155 (  0.0%)  Simplify the CFG
   0.0156 (  0.0%)   0.0000 (  0.0%)   0.0156 (  0.0%)   0.0155 (  0.0%)  Eliminate pointer selection
   0.0156 (  0.0%)   0.0000 (  0.0%)   0.0156 (  0.0%)   0.0155 (  0.0%)  Memory SSA
   0.0156 (  0.0%)   0.0000 (  0.0%)   0.0156 (  0.0%)   0.0153 (  0.0%)  Dominator Tree Construction
   0.0156 (  0.0%)   0.0000 (  0.0%)   0.0156 (  0.0%)   0.0153 (  0.0%)  SROA
   0.0156 (  0.0%)   0.0000 (  0.0%)   0.0156 (  0.0%)   0.0152 (  0.0%)  CallGraph Construction
   0.0156 (  0.0%)   0.0000 (  0.0%)   0.0156 (  0.0%)   0.0151 (  0.0%)  CallGraph Construction
   0.0000 (  0.0%)   0.0156 (  0.3%)   0.0156 (  0.0%)   0.0151 (  0.0%)  Eliminate pointer selection
   0.0156 (  0.0%)   0.0000 (  0.0%)   0.0156 (  0.0%)   0.0150 (  0.0%)  Array out of bound check
   0.0156 (  0.0%)   0.0000 (  0.0%)   0.0156 (  0.0%)   0.0149 (  0.0%)  CallGraph Construction
   0.0156 (  0.0%)   0.0000 (  0.0%)   0.0156 (  0.0%)   0.0149 (  0.0%)  Lazy Value Information Analysis
   0.0156 (  0.0%)   0.0000 (  0.0%)   0.0156 (  0.0%)   0.0148 (  0.0%)  Simplify the CFG
   0.0000 (  0.0%)   0.0000 (  0.0%)   0.0000 (  0.0%)   0.0148 (  0.0%)  Promote Memory to Register
   0.0313 (  0.0%)   0.0000 (  0.0%)   0.0313 (  0.0%)   0.0146 (  0.0%)  Eliminate pointer selection for FIFO
   0.0000 (  0.0%)   0.0000 (  0.0%)   0.0000 (  0.0%)   0.0146 (  0.0%)  Simplify the CFG
   0.0313 (  0.0%)   0.0000 (  0.0%)   0.0313 (  0.0%)   0.0146 (  0.0%)  Critical Path Aanlysis
   0.0156 (  0.0%)   0.0000 (  0.0%)   0.0156 (  0.0%)   0.0146 (  0.0%)  Lazy Value Information Analysis
   0.0156 (  0.0%)   0.0000 (  0.0%)   0.0156 (  0.0%)   0.0144 (  0.0%)  Dominator Tree Construction
   0.0156 (  0.0%)   0.0000 (  0.0%)   0.0156 (  0.0%)   0.0144 (  0.0%)  Early GVN Hoisting of Expressions
   0.0313 (  0.0%)   0.0000 (  0.0%)   0.0313 (  0.0%)   0.0143 (  0.0%)  Lazy Value Information Analysis
   0.0000 (  0.0%)   0.0156 (  0.3%)   0.0156 (  0.0%)   0.0141 (  0.0%)  CallGraph Construction
   0.0156 (  0.0%)   0.0000 (  0.0%)   0.0156 (  0.0%)   0.0141 (  0.0%)  Array abnormal access check
   0.0156 (  0.0%)   0.0000 (  0.0%)   0.0156 (  0.0%)   0.0141 (  0.0%)  CallGraph Construction
   0.0156 (  0.0%)   0.0000 (  0.0%)   0.0156 (  0.0%)   0.0140 (  0.0%)  Merge accesses
   0.0156 (  0.0%)   0.0000 (  0.0%)   0.0156 (  0.0%)   0.0139 (  0.0%)  Early GVN Hoisting of Expressions
   0.0156 (  0.0%)   0.0000 (  0.0%)   0.0156 (  0.0%)   0.0139 (  0.0%)  CallGraph Construction
   0.0156 (  0.0%)   0.0000 (  0.0%)   0.0156 (  0.0%)   0.0138 (  0.0%)  Array abnormal access check
   0.0000 (  0.0%)   0.0000 (  0.0%)   0.0000 (  0.0%)   0.0138 (  0.0%)  Promote Memory to Register
   0.0156 (  0.0%)   0.0000 (  0.0%)   0.0156 (  0.0%)   0.0135 (  0.0%)  Remove unreachable basic blocks under switch
   0.0156 (  0.0%)   0.0000 (  0.0%)   0.0156 (  0.0%)   0.0135 (  0.0%)  Array abnormal access check
   0.0313 (  0.0%)   0.0000 (  0.0%)   0.0313 (  0.0%)   0.0134 (  0.0%)  Natural Loop Information
   0.0000 (  0.0%)   0.0000 (  0.0%)   0.0000 (  0.0%)   0.0134 (  0.0%)  Simplify the CFG
   0.0000 (  0.0%)   0.0156 (  0.3%)   0.0156 (  0.0%)   0.0131 (  0.0%)  CallGraph Construction
   0.0000 (  0.0%)   0.0156 (  0.3%)   0.0156 (  0.0%)   0.0131 (  0.0%)  Combine redundant instructions
   0.0469 (  0.0%)   0.0000 (  0.0%)   0.0469 (  0.0%)   0.0129 (  0.0%)  Memory SSA
   0.0313 (  0.0%)   0.0000 (  0.0%)   0.0313 (  0.0%)   0.0129 (  0.0%)  Simplify the CFG
   0.0156 (  0.0%)   0.0000 (  0.0%)   0.0156 (  0.0%)   0.0129 (  0.0%)  Critical Path Aanlysis
   0.0156 (  0.0%)   0.0000 (  0.0%)   0.0156 (  0.0%)   0.0127 (  0.0%)  Lazy Value Information Analysis
   0.0156 (  0.0%)   0.0000 (  0.0%)   0.0156 (  0.0%)   0.0127 (  0.0%)  InterfaceEncodingChange - Change Interface Encoding format
   0.0000 (  0.0%)   0.0000 (  0.0%)   0.0000 (  0.0%)   0.0126 (  0.0%)  Simplify the CFG
   0.0156 (  0.0%)   0.0000 (  0.0%)   0.0156 (  0.0%)   0.0125 (  0.0%)  Post-Dominator Tree Construction
   0.0156 (  0.0%)   0.0000 (  0.0%)   0.0156 (  0.0%)   0.0125 (  0.0%)  Infer PPPO for array-to-streams
   0.0156 (  0.0%)   0.0000 (  0.0%)   0.0156 (  0.0%)   0.0125 (  0.0%)  Resolve full load/store
   0.0000 (  0.0%)   0.0000 (  0.0%)   0.0000 (  0.0%)   0.0125 (  0.0%)  Dominator Tree Construction
   0.0156 (  0.0%)   0.0000 (  0.0%)   0.0156 (  0.0%)   0.0125 (  0.0%)  CallGraph Construction
   0.0313 (  0.0%)   0.0000 (  0.0%)   0.0313 (  0.0%)   0.0124 (  0.0%)  Lazy Value Information Analysis
   0.0313 (  0.0%)   0.0000 (  0.0%)   0.0313 (  0.0%)   0.0124 (  0.0%)  Lazy Value Information Analysis
   0.0156 (  0.0%)   0.0000 (  0.0%)   0.0156 (  0.0%)   0.0124 (  0.0%)  CallGraph Construction
   0.0156 (  0.0%)   0.0000 (  0.0%)   0.0156 (  0.0%)   0.0124 (  0.0%)  Jump Threading
   0.0156 (  0.0%)   0.0000 (  0.0%)   0.0156 (  0.0%)   0.0124 (  0.0%)  Remove unreachable basic blocks under switch
   0.0313 (  0.0%)   0.0000 (  0.0%)   0.0313 (  0.0%)   0.0122 (  0.0%)  Natural Loop Information
   0.0156 (  0.0%)   0.0000 (  0.0%)   0.0156 (  0.0%)   0.0122 (  0.0%)   automatic parallel and pipeline insertion based performance constraint
   0.0000 (  0.0%)   0.0000 (  0.0%)   0.0000 (  0.0%)   0.0122 (  0.0%)  Interprocedural constant propagation
   0.0313 (  0.0%)   0.0000 (  0.0%)   0.0313 (  0.0%)   0.0122 (  0.0%)  Eliminate dead stores globally
   0.0156 (  0.0%)   0.0000 (  0.0%)   0.0156 (  0.0%)   0.0121 (  0.0%)  SimplifyPredicate - Simplify predicate
   0.0156 (  0.0%)   0.0000 (  0.0%)   0.0156 (  0.0%)   0.0119 (  0.0%)  Interprocedural constant propagation
   0.0000 (  0.0%)   0.0156 (  0.3%)   0.0156 (  0.0%)   0.0118 (  0.0%)  Critical Path Aanlysis
   0.0156 (  0.0%)   0.0000 (  0.0%)   0.0156 (  0.0%)   0.0117 (  0.0%)  Infer complete unroll based on pipeline pragma
   0.0313 (  0.0%)   0.0000 (  0.0%)   0.0313 (  0.0%)   0.0117 (  0.0%)  Post-Dominator Tree Construction
   0.0000 (  0.0%)   0.0000 (  0.0%)   0.0000 (  0.0%)   0.0117 (  0.0%)  Lower directive scopes
   0.0000 (  0.0%)   0.0000 (  0.0%)   0.0000 (  0.0%)   0.0117 (  0.0%)  Eliminate pointer selection
   0.0313 (  0.0%)   0.0000 (  0.0%)   0.0313 (  0.0%)   0.0116 (  0.0%)  SimplifyPredicate - Simplify predicate
   0.0156 (  0.0%)   0.0000 (  0.0%)   0.0156 (  0.0%)   0.0115 (  0.0%)  Dead Global Elimination
   0.0000 (  0.0%)   0.0000 (  0.0%)   0.0000 (  0.0%)   0.0114 (  0.0%)  Simplify the CFG
   0.0000 (  0.0%)   0.0000 (  0.0%)   0.0000 (  0.0%)   0.0113 (  0.0%)  Remove unreachable basic blocks under switch
   0.0156 (  0.0%)   0.0000 (  0.0%)   0.0156 (  0.0%)   0.0113 (  0.0%)  Post-Dominator Tree Construction
   0.0000 (  0.0%)   0.0000 (  0.0%)   0.0000 (  0.0%)   0.0112 (  0.0%)   automatic parallel and pipeline insertion based performance constraint
   0.0156 (  0.0%)   0.0000 (  0.0%)   0.0156 (  0.0%)   0.0112 (  0.0%)  Produce message if basic block has too many instructions
   0.0156 (  0.0%)   0.0000 (  0.0%)   0.0156 (  0.0%)   0.0109 (  0.0%)  Eliminate pointer selection
   0.0156 (  0.0%)   0.0000 (  0.0%)   0.0156 (  0.0%)   0.0109 (  0.0%)  Remove unreachable basic blocks under switch
   0.0000 (  0.0%)   0.0000 (  0.0%)   0.0000 (  0.0%)   0.0109 (  0.0%)  CallGraph Construction
   0.0156 (  0.0%)   0.0000 (  0.0%)   0.0156 (  0.0%)   0.0109 (  0.0%)  Lazy Value Information Analysis
   0.0000 (  0.0%)   0.0000 (  0.0%)   0.0000 (  0.0%)   0.0108 (  0.0%)  Natural Loop Information
   0.0000 (  0.0%)   0.0000 (  0.0%)   0.0000 (  0.0%)   0.0105 (  0.0%)  CallGraph Construction
   0.0156 (  0.0%)   0.0000 (  0.0%)   0.0156 (  0.0%)   0.0103 (  0.0%)  Eliminate pointer selection
   0.0156 (  0.0%)   0.0000 (  0.0%)   0.0156 (  0.0%)   0.0103 (  0.0%)  Lazy Value Information Analysis
   0.0156 (  0.0%)   0.0000 (  0.0%)   0.0156 (  0.0%)   0.0102 (  0.0%)  SROA
   0.0156 (  0.0%)   0.0000 (  0.0%)   0.0156 (  0.0%)   0.0102 (  0.0%)  Lazy Value Information Analysis
   0.0156 (  0.0%)   0.0000 (  0.0%)   0.0156 (  0.0%)   0.0101 (  0.0%)  Dead Global Elimination
   0.0156 (  0.0%)   0.0000 (  0.0%)   0.0156 (  0.0%)   0.0101 (  0.0%)  Array out of bound check
   0.0156 (  0.0%)   0.0000 (  0.0%)   0.0156 (  0.0%)   0.0101 (  0.0%)  SROA
   0.0313 (  0.0%)   0.0000 (  0.0%)   0.0313 (  0.0%)   0.0100 (  0.0%)  Value Propagation
   0.0156 (  0.0%)   0.0000 (  0.0%)   0.0156 (  0.0%)   0.0098 (  0.0%)  CallGraph Construction
   0.0000 (  0.0%)   0.0000 (  0.0%)   0.0000 (  0.0%)   0.0097 (  0.0%)  Dominator Tree Construction
   0.0000 (  0.0%)   0.0000 (  0.0%)   0.0000 (  0.0%)   0.0097 (  0.0%)  Dominator Tree Construction
   0.0156 (  0.0%)   0.0000 (  0.0%)   0.0156 (  0.0%)   0.0097 (  0.0%)  CallGraph Construction
   0.0000 (  0.0%)   0.0000 (  0.0%)   0.0000 (  0.0%)   0.0097 (  0.0%)  ShiftRegInference - Automatic Shift Register Inference
   0.0156 (  0.0%)   0.0000 (  0.0%)   0.0156 (  0.0%)   0.0096 (  0.0%)  Jump Threading
   0.0000 (  0.0%)   0.0000 (  0.0%)   0.0000 (  0.0%)   0.0096 (  0.0%)  Lazy Value Information Analysis
   0.0156 (  0.0%)   0.0000 (  0.0%)   0.0156 (  0.0%)   0.0094 (  0.0%)  CallGraph Construction
   0.0000 (  0.0%)   0.0000 (  0.0%)   0.0000 (  0.0%)   0.0094 (  0.0%)  Loop Load Elimination
   0.0000 (  0.0%)   0.0000 (  0.0%)   0.0000 (  0.0%)   0.0094 (  0.0%)  Natural Loop Information
   0.0156 (  0.0%)   0.0000 (  0.0%)   0.0156 (  0.0%)   0.0093 (  0.0%)  Lazy Value Information Analysis
   0.0156 (  0.0%)   0.0000 (  0.0%)   0.0156 (  0.0%)   0.0092 (  0.0%)  Simplify the CFG
   0.0000 (  0.0%)   0.0000 (  0.0%)   0.0000 (  0.0%)   0.0091 (  0.0%)  Simplify the CFG
   0.0156 (  0.0%)   0.0000 (  0.0%)   0.0156 (  0.0%)   0.0091 (  0.0%)  CallGraph Construction
   0.0000 (  0.0%)   0.0000 (  0.0%)   0.0000 (  0.0%)   0.0090 (  0.0%)  Natural Loop Information
   0.0000 (  0.0%)   0.0000 (  0.0%)   0.0000 (  0.0%)   0.0090 (  0.0%)  Merge accesses
   0.0000 (  0.0%)   0.0000 (  0.0%)   0.0000 (  0.0%)   0.0090 (  0.0%)  Remove unreachable basic blocks under switch
   0.0000 (  0.0%)   0.0000 (  0.0%)   0.0000 (  0.0%)   0.0090 (  0.0%)  Infer PPPO for array-to-streams
   0.0156 (  0.0%)   0.0000 (  0.0%)   0.0156 (  0.0%)   0.0089 (  0.0%)  Lazy Value Information Analysis
   0.0000 (  0.0%)   0.0000 (  0.0%)   0.0000 (  0.0%)   0.0089 (  0.0%)  Eliminate pointer selection
   0.0000 (  0.0%)   0.0000 (  0.0%)   0.0000 (  0.0%)   0.0088 (  0.0%)  Lazy Value Information Analysis
   0.0000 (  0.0%)   0.0000 (  0.0%)   0.0000 (  0.0%)   0.0088 (  0.0%)  CallGraph Construction
   0.0156 (  0.0%)   0.0000 (  0.0%)   0.0156 (  0.0%)   0.0088 (  0.0%)  Eliminate pointer selection
   0.0000 (  0.0%)   0.0000 (  0.0%)   0.0000 (  0.0%)   0.0087 (  0.0%)  Natural Loop Information
   0.0000 (  0.0%)   0.0000 (  0.0%)   0.0000 (  0.0%)   0.0087 (  0.0%)  Function Alias Analysis Results
   0.0156 (  0.0%)   0.0000 (  0.0%)   0.0156 (  0.0%)   0.0087 (  0.0%)  LowerPredicate - Lower predicates to control-flow
   0.0156 (  0.0%)   0.0000 (  0.0%)   0.0156 (  0.0%)   0.0087 (  0.0%)  Dominator Tree Construction
   0.0000 (  0.0%)   0.0000 (  0.0%)   0.0000 (  0.0%)   0.0086 (  0.0%)  Infer PPPO for array-to-streams
   0.0156 (  0.0%)   0.0000 (  0.0%)   0.0156 (  0.0%)   0.0086 (  0.0%)  Remove unreachable basic blocks under switch
   0.0156 (  0.0%)   0.0000 (  0.0%)   0.0156 (  0.0%)   0.0084 (  0.0%)  CallGraph Construction
   0.0000 (  0.0%)   0.0000 (  0.0%)   0.0000 (  0.0%)   0.0083 (  0.0%)  Memory Summary
   0.0000 (  0.0%)   0.0000 (  0.0%)   0.0000 (  0.0%)   0.0083 (  0.0%)  CallGraph Construction
   0.0000 (  0.0%)   0.0000 (  0.0%)   0.0000 (  0.0%)   0.0083 (  0.0%)  Dominator Tree Construction
   0.0000 (  0.0%)   0.0000 (  0.0%)   0.0000 (  0.0%)   0.0082 (  0.0%)  Lazy Value Information Analysis
   0.0000 (  0.0%)   0.0000 (  0.0%)   0.0000 (  0.0%)   0.0080 (  0.0%)  Lazy Value Information Analysis
   0.0000 (  0.0%)   0.0000 (  0.0%)   0.0000 (  0.0%)   0.0080 (  0.0%)  Pragma preprocessing after clang
   0.0156 (  0.0%)   0.0000 (  0.0%)   0.0156 (  0.0%)   0.0080 (  0.0%)  Remove unreachable basic blocks under switch
   0.0000 (  0.0%)   0.0000 (  0.0%)   0.0000 (  0.0%)   0.0080 (  0.0%)  Auto automatic array partition filter analysis
   0.0156 (  0.0%)   0.0000 (  0.0%)   0.0156 (  0.0%)   0.0077 (  0.0%)  Dominator Tree Construction
   0.0156 (  0.0%)   0.0000 (  0.0%)   0.0156 (  0.0%)   0.0077 (  0.0%)  CallGraph Construction
   0.0156 (  0.0%)   0.0000 (  0.0%)   0.0156 (  0.0%)   0.0075 (  0.0%)  AttrPropagation - Propagate Pointer Parameter Attribute
   0.0156 (  0.0%)   0.0000 (  0.0%)   0.0156 (  0.0%)   0.0075 (  0.0%)  CallGraph Construction
   0.0156 (  0.0%)   0.0000 (  0.0%)   0.0156 (  0.0%)   0.0075 (  0.0%)  Achieval II estimation - estimate acheival II lower bound according to constraint
   0.0000 (  0.0%)   0.0000 (  0.0%)   0.0000 (  0.0%)   0.0074 (  0.0%)  Assign names to anonymous instructions (structure based)
   0.0000 (  0.0%)   0.0000 (  0.0%)   0.0000 (  0.0%)   0.0074 (  0.0%)  Predicate analysis under a loop context
   0.0000 (  0.0%)   0.0000 (  0.0%)   0.0000 (  0.0%)   0.0073 (  0.0%)  LowerPredicate - Lower predicates to control-flow
   0.0000 (  0.0%)   0.0000 (  0.0%)   0.0000 (  0.0%)   0.0071 (  0.0%)  Simplify the CFG
   0.0000 (  0.0%)   0.0000 (  0.0%)   0.0000 (  0.0%)   0.0071 (  0.0%)  Generate IR Wrapper
   0.0000 (  0.0%)   0.0000 (  0.0%)   0.0000 (  0.0%)   0.0070 (  0.0%)  Simplify the CFG
   0.0000 (  0.0%)   0.0000 (  0.0%)   0.0000 (  0.0%)   0.0070 (  0.0%)  CallGraph Construction
   0.0000 (  0.0%)   0.0000 (  0.0%)   0.0000 (  0.0%)   0.0069 (  0.0%)  Lazy Value Information Analysis
   0.0000 (  0.0%)   0.0000 (  0.0%)   0.0000 (  0.0%)   0.0069 (  0.0%)  CallGraph Construction
   0.0000 (  0.0%)   0.0000 (  0.0%)   0.0000 (  0.0%)   0.0069 (  0.0%)  Remove unreachable basic blocks under switch
   0.0000 (  0.0%)   0.0000 (  0.0%)   0.0000 (  0.0%)   0.0068 (  0.0%)  MemSSAOpt - Memory SSA based optimizations
   0.0156 (  0.0%)   0.0000 (  0.0%)   0.0156 (  0.0%)   0.0066 (  0.0%)  Infer complete unroll based on pipeline pragma
   0.0000 (  0.0%)   0.0000 (  0.0%)   0.0000 (  0.0%)   0.0065 (  0.0%)  Assign names to anonymous instructions (structure based)
   0.0156 (  0.0%)   0.0000 (  0.0%)   0.0156 (  0.0%)   0.0064 (  0.0%)  CallGraph Construction
   0.0000 (  0.0%)   0.0000 (  0.0%)   0.0000 (  0.0%)   0.0064 (  0.0%)  Array abnormal access check
   0.0000 (  0.0%)   0.0000 (  0.0%)   0.0000 (  0.0%)   0.0063 (  0.0%)  Remove unreachable basic blocks under switch
   0.0000 (  0.0%)   0.0000 (  0.0%)   0.0000 (  0.0%)   0.0062 (  0.0%)  CallGraph Construction
   0.0000 (  0.0%)   0.0000 (  0.0%)   0.0000 (  0.0%)   0.0062 (  0.0%)  Natural Loop Information
   0.0156 (  0.0%)   0.0000 (  0.0%)   0.0156 (  0.0%)   0.0059 (  0.0%)  Array out of bound check
   0.0156 (  0.0%)   0.0000 (  0.0%)   0.0156 (  0.0%)   0.0057 (  0.0%)  Remove unreachable basic blocks under switch
   0.0000 (  0.0%)   0.0000 (  0.0%)   0.0000 (  0.0%)   0.0056 (  0.0%)  Remove unreachable basic blocks under switch
   0.0000 (  0.0%)   0.0000 (  0.0%)   0.0000 (  0.0%)   0.0056 (  0.0%)  Memory SSA
   0.0000 (  0.0%)   0.0000 (  0.0%)   0.0000 (  0.0%)   0.0055 (  0.0%)  Object Decomposition
   0.0000 (  0.0%)   0.0000 (  0.0%)   0.0000 (  0.0%)   0.0054 (  0.0%)  Simplify the CFG
   0.0000 (  0.0%)   0.0000 (  0.0%)   0.0000 (  0.0%)   0.0053 (  0.0%)  DefaultInterfaceBuilderNew - Build Default Top Interface
   0.0156 (  0.0%)   0.0000 (  0.0%)   0.0156 (  0.0%)   0.0050 (  0.0%)  Eliminate pointer selection
   0.0156 (  0.0%)   0.0000 (  0.0%)   0.0156 (  0.0%)   0.0049 (  0.0%)  Reflow pragma unroll loops
   0.0000 (  0.0%)   0.0000 (  0.0%)   0.0000 (  0.0%)   0.0045 (  0.0%)  Deduce function attributes
   0.0000 (  0.0%)   0.0000 (  0.0%)   0.0000 (  0.0%)   0.0044 (  0.0%)  Special handling of axis with side-channels
   0.0000 (  0.0%)   0.0000 (  0.0%)   0.0000 (  0.0%)   0.0044 (  0.0%)  CallGraph Construction
   0.0000 (  0.0%)   0.0000 (  0.0%)   0.0000 (  0.0%)   0.0044 (  0.0%)  Post-Dominator Tree Construction
   0.0156 (  0.0%)   0.0000 (  0.0%)   0.0156 (  0.0%)   0.0043 (  0.0%)  Dead Global Elimination
   0.0156 (  0.0%)   0.0000 (  0.0%)   0.0156 (  0.0%)   0.0043 (  0.0%)  Interprocedural constant propagation
   0.0000 (  0.0%)   0.0000 (  0.0%)   0.0000 (  0.0%)   0.0042 (  0.0%)  Dominator Tree Construction
   0.0000 (  0.0%)   0.0000 (  0.0%)   0.0000 (  0.0%)   0.0041 (  0.0%)  Natural Loop Information
   0.0000 (  0.0%)   0.0000 (  0.0%)   0.0000 (  0.0%)   0.0039 (  0.0%)  Natural Loop Information
   0.0000 (  0.0%)   0.0000 (  0.0%)   0.0000 (  0.0%)   0.0038 (  0.0%)  Dominator Tree Construction
   0.0000 (  0.0%)   0.0000 (  0.0%)   0.0000 (  0.0%)   0.0038 (  0.0%)  Canonicalize natural loops
   0.0156 (  0.0%)   0.0000 (  0.0%)   0.0156 (  0.0%)   0.0037 (  0.0%)  Reflow pragma unroll loops
   0.0000 (  0.0%)   0.0000 (  0.0%)   0.0000 (  0.0%)   0.0036 (  0.0%)  Dead Global Elimination
   0.0156 (  0.0%)   0.0000 (  0.0%)   0.0156 (  0.0%)   0.0036 (  0.0%)  Post-Dominator Tree Construction
   0.0000 (  0.0%)   0.0000 (  0.0%)   0.0000 (  0.0%)   0.0035 (  0.0%)  Simplify the CFG
   0.0156 (  0.0%)   0.0000 (  0.0%)   0.0156 (  0.0%)   0.0035 (  0.0%)  Deduce function attributes
   0.0000 (  0.0%)   0.0000 (  0.0%)   0.0000 (  0.0%)   0.0035 (  0.0%)  Eliminate dead stores globally
   0.0000 (  0.0%)   0.0000 (  0.0%)   0.0000 (  0.0%)   0.0034 (  0.0%)  dump pragma info via xml format
   0.0000 (  0.0%)   0.0000 (  0.0%)   0.0000 (  0.0%)   0.0033 (  0.0%)  Lower printf for the fpga target
   0.0000 (  0.0%)   0.0000 (  0.0%)   0.0000 (  0.0%)   0.0033 (  0.0%)  Post-Dominator Tree Construction
   0.0000 (  0.0%)   0.0000 (  0.0%)   0.0000 (  0.0%)   0.0032 (  0.0%)  Remove unreachable basic blocks under switch
   0.0000 (  0.0%)   0.0000 (  0.0%)   0.0000 (  0.0%)   0.0032 (  0.0%)  Dominator Tree Construction
   0.0156 (  0.0%)   0.0000 (  0.0%)   0.0156 (  0.0%)   0.0032 (  0.0%)  Dominator Tree Construction
   0.0000 (  0.0%)   0.0000 (  0.0%)   0.0000 (  0.0%)   0.0032 (  0.0%)  Scalar Evolution Analysis
   0.0000 (  0.0%)   0.0000 (  0.0%)   0.0000 (  0.0%)   0.0032 (  0.0%)  Function Alias Analysis Results
   0.0000 (  0.0%)   0.0000 (  0.0%)   0.0000 (  0.0%)   0.0031 (  0.0%)  Reflow pragma unroll loops
   0.0000 (  0.0%)   0.0000 (  0.0%)   0.0000 (  0.0%)   0.0030 (  0.0%)  Post-Dominator Tree Construction
   0.0000 (  0.0%)   0.0000 (  0.0%)   0.0000 (  0.0%)   0.0030 (  0.0%)  Induction Variable Simplification
   0.0000 (  0.0%)   0.0000 (  0.0%)   0.0000 (  0.0%)   0.0029 (  0.0%)  Function Alias Analysis Results
   0.0000 (  0.0%)   0.0000 (  0.0%)   0.0000 (  0.0%)   0.0029 (  0.0%)  Dominator Tree Construction
   0.0000 (  0.0%)   0.0000 (  0.0%)   0.0000 (  0.0%)   0.0028 (  0.0%)  Function Alias Analysis Results
   0.0000 (  0.0%)   0.0000 (  0.0%)   0.0000 (  0.0%)   0.0028 (  0.0%)  Lazy Value Information Analysis
   0.0000 (  0.0%)   0.0000 (  0.0%)   0.0000 (  0.0%)   0.0028 (  0.0%)  Dominator Tree Construction
   0.0000 (  0.0%)   0.0000 (  0.0%)   0.0000 (  0.0%)   0.0027 (  0.0%)  AnnotateNoAlias - Annotate NoAlias Attribute on Arguments
   0.0000 (  0.0%)   0.0000 (  0.0%)   0.0000 (  0.0%)   0.0027 (  0.0%)  Rotate Loops
   0.0000 (  0.0%)   0.0000 (  0.0%)   0.0000 (  0.0%)   0.0026 (  0.0%)  Detect single entry single exit regions
   0.0000 (  0.0%)   0.0000 (  0.0%)   0.0000 (  0.0%)   0.0026 (  0.0%)  Struct object aggregation
   0.0000 (  0.0%)   0.0000 (  0.0%)   0.0000 (  0.0%)   0.0026 (  0.0%)  Function Alias Analysis Results
   0.0156 (  0.0%)   0.0000 (  0.0%)   0.0156 (  0.0%)   0.0025 (  0.0%)  Dominator Tree Construction
   0.0000 (  0.0%)   0.0000 (  0.0%)   0.0000 (  0.0%)   0.0025 (  0.0%)  Dead Store Elimination
   0.0156 (  0.0%)   0.0000 (  0.0%)   0.0156 (  0.0%)   0.0025 (  0.0%)  Dead Global Elimination
   0.0000 (  0.0%)   0.0000 (  0.0%)   0.0000 (  0.0%)   0.0025 (  0.0%)  Dominance Frontier Construction
   0.0000 (  0.0%)   0.0000 (  0.0%)   0.0000 (  0.0%)   0.0025 (  0.0%)  Natural Loop Information
   0.0000 (  0.0%)   0.0000 (  0.0%)   0.0000 (  0.0%)   0.0024 (  0.0%)  Function Alias Analysis Results
   0.0000 (  0.0%)   0.0000 (  0.0%)   0.0000 (  0.0%)   0.0024 (  0.0%)  Promote Memory to Register
   0.0000 (  0.0%)   0.0000 (  0.0%)   0.0000 (  0.0%)   0.0023 (  0.0%)  Reflow pragma unroll loops
   0.0000 (  0.0%)   0.0000 (  0.0%)   0.0000 (  0.0%)   0.0023 (  0.0%)  Post-Dominator Tree Construction
   0.0156 (  0.0%)   0.0000 (  0.0%)   0.0156 (  0.0%)   0.0023 (  0.0%)  Dead Global Elimination
   0.0000 (  0.0%)   0.0000 (  0.0%)   0.0000 (  0.0%)   0.0023 (  0.0%)  Induction Variable Simplification
   0.0000 (  0.0%)   0.0000 (  0.0%)   0.0000 (  0.0%)   0.0023 (  0.0%)  Combine redundant instructions
   0.0000 (  0.0%)   0.0000 (  0.0%)   0.0000 (  0.0%)   0.0023 (  0.0%)  Scalar Evolution Analysis
   0.0000 (  0.0%)   0.0000 (  0.0%)   0.0000 (  0.0%)   0.0022 (  0.0%)  Post-Dominator Tree Construction
   0.0000 (  0.0%)   0.0000 (  0.0%)   0.0000 (  0.0%)   0.0022 (  0.0%)  Function Alias Analysis Results
   0.0000 (  0.0%)   0.0156 (  0.3%)   0.0156 (  0.0%)   0.0021 (  0.0%)  Dominator Tree Construction
   0.0000 (  0.0%)   0.0000 (  0.0%)   0.0000 (  0.0%)   0.0021 (  0.0%)  Function Alias Analysis Results
   0.0000 (  0.0%)   0.0000 (  0.0%)   0.0000 (  0.0%)   0.0021 (  0.0%)  Dominator Tree Construction
   0.0000 (  0.0%)   0.0000 (  0.0%)   0.0000 (  0.0%)   0.0021 (  0.0%)  Natural Loop Information
   0.0000 (  0.0%)   0.0000 (  0.0%)   0.0000 (  0.0%)   0.0021 (  0.0%)  Natural Loop Information
   0.0000 (  0.0%)   0.0000 (  0.0%)   0.0000 (  0.0%)   0.0020 (  0.0%)  Post-Dominator Tree Construction
   0.0000 (  0.0%)   0.0000 (  0.0%)   0.0000 (  0.0%)   0.0020 (  0.0%)  Natural Loop Information
   0.0000 (  0.0%)   0.0000 (  0.0%)   0.0000 (  0.0%)   0.0020 (  0.0%)  LegalizeName - Check interface name in terms of HDL syntax
   0.0156 (  0.0%)   0.0000 (  0.0%)   0.0156 (  0.0%)   0.0020 (  0.0%)  Scalar Evolution Analysis
   0.0000 (  0.0%)   0.0000 (  0.0%)   0.0000 (  0.0%)   0.0020 (  0.0%)  Dominator Tree Construction
   0.0000 (  0.0%)   0.0000 (  0.0%)   0.0000 (  0.0%)   0.0020 (  0.0%)  Induction Variable Simplification
   0.0156 (  0.0%)   0.0000 (  0.0%)   0.0156 (  0.0%)   0.0019 (  0.0%)  AnnotateNoAlias - Annotate NoAlias Attribute on Arguments
   0.0000 (  0.0%)   0.0000 (  0.0%)   0.0000 (  0.0%)   0.0019 (  0.0%)  Dominator Tree Construction
   0.0000 (  0.0%)   0.0000 (  0.0%)   0.0000 (  0.0%)   0.0019 (  0.0%)  Dominator Tree Construction
   0.0000 (  0.0%)   0.0000 (  0.0%)   0.0000 (  0.0%)   0.0019 (  0.0%)  Function Alias Analysis Results
   0.0000 (  0.0%)   0.0000 (  0.0%)   0.0000 (  0.0%)   0.0018 (  0.0%)  Function Alias Analysis Results
   0.0000 (  0.0%)   0.0000 (  0.0%)   0.0000 (  0.0%)   0.0018 (  0.0%)  Dominator Tree Construction
   0.0000 (  0.0%)   0.0000 (  0.0%)   0.0000 (  0.0%)   0.0018 (  0.0%)  Post-Dominator Tree Construction
   0.0000 (  0.0%)   0.0000 (  0.0%)   0.0000 (  0.0%)   0.0018 (  0.0%)  Natural Loop Information
   0.0000 (  0.0%)   0.0000 (  0.0%)   0.0000 (  0.0%)   0.0018 (  0.0%)  Dominator Tree Construction
   0.0000 (  0.0%)   0.0000 (  0.0%)   0.0000 (  0.0%)   0.0018 (  0.0%)  Dominator Tree Construction
   0.0000 (  0.0%)   0.0000 (  0.0%)   0.0000 (  0.0%)   0.0017 (  0.0%)  Remove unreachable basic blocks under switch
   0.0000 (  0.0%)   0.0000 (  0.0%)   0.0000 (  0.0%)   0.0017 (  0.0%)  LegacyShiftRegisterRecognize - Recognize shift registers and memory
   0.0000 (  0.0%)   0.0000 (  0.0%)   0.0000 (  0.0%)   0.0017 (  0.0%)  Interprocedural Sparse Conditional Constant Propagation
   0.0000 (  0.0%)   0.0000 (  0.0%)   0.0000 (  0.0%)   0.0017 (  0.0%)  Merge accesses in the same region
   0.0156 (  0.0%)   0.0000 (  0.0%)   0.0156 (  0.0%)   0.0017 (  0.0%)  Simple constant propagation
   0.0000 (  0.0%)   0.0000 (  0.0%)   0.0000 (  0.0%)   0.0017 (  0.0%)  Dominator Tree Construction
   0.0000 (  0.0%)   0.0000 (  0.0%)   0.0000 (  0.0%)   0.0016 (  0.0%)  Induction Variable Simplification
   0.0000 (  0.0%)   0.0000 (  0.0%)   0.0000 (  0.0%)   0.0016 (  0.0%)  Dominator Tree Construction
   0.0156 (  0.0%)   0.0000 (  0.0%)   0.0156 (  0.0%)   0.0016 (  0.0%)  Dominator Tree Construction
   0.0000 (  0.0%)   0.0000 (  0.0%)   0.0000 (  0.0%)   0.0016 (  0.0%)  DeSPMD - Insert barriers into uniform loops
   0.0000 (  0.0%)   0.0000 (  0.0%)   0.0000 (  0.0%)   0.0016 (  0.0%)  Post-Dominator Tree Construction
   0.0000 (  0.0%)   0.0000 (  0.0%)   0.0000 (  0.0%)   0.0016 (  0.0%)  Post-Dominator Tree Construction
   0.0000 (  0.0%)   0.0000 (  0.0%)   0.0000 (  0.0%)   0.0015 (  0.0%)  Post-Dominator Tree Construction
   0.0000 (  0.0%)   0.0000 (  0.0%)   0.0000 (  0.0%)   0.0015 (  0.0%)  Dominator Tree Construction
   0.0156 (  0.0%)   0.0000 (  0.0%)   0.0156 (  0.0%)   0.0015 (  0.0%)  Dominator Tree Construction
   0.0000 (  0.0%)   0.0000 (  0.0%)   0.0000 (  0.0%)   0.0015 (  0.0%)  Dead Argument Elimination
   0.0000 (  0.0%)   0.0000 (  0.0%)   0.0000 (  0.0%)   0.0015 (  0.0%)  Post-Dominator Tree Construction
   0.0000 (  0.0%)   0.0000 (  0.0%)   0.0000 (  0.0%)   0.0015 (  0.0%)  Function Alias Analysis Results
   0.0000 (  0.0%)   0.0000 (  0.0%)   0.0000 (  0.0%)   0.0015 (  0.0%)  Lower HLS related intrinsics
   0.0000 (  0.0%)   0.0000 (  0.0%)   0.0000 (  0.0%)   0.0015 (  0.0%)  Dominator Tree Construction
   0.0000 (  0.0%)   0.0000 (  0.0%)   0.0000 (  0.0%)   0.0014 (  0.0%)  Lazy Value Information Analysis
   0.0000 (  0.0%)   0.0000 (  0.0%)   0.0000 (  0.0%)   0.0014 (  0.0%)  Function Alias Analysis Results
   0.0000 (  0.0%)   0.0000 (  0.0%)   0.0000 (  0.0%)   0.0014 (  0.0%)  Dominator Tree Construction
   0.0000 (  0.0%)   0.0000 (  0.0%)   0.0000 (  0.0%)   0.0014 (  0.0%)  Reflow pragma unroll loops
   0.0000 (  0.0%)   0.0000 (  0.0%)   0.0000 (  0.0%)   0.0014 (  0.0%)  Dominator Tree Construction
   0.0156 (  0.0%)   0.0000 (  0.0%)   0.0156 (  0.0%)   0.0014 (  0.0%)  Function Alias Analysis Results
   0.0000 (  0.0%)   0.0000 (  0.0%)   0.0000 (  0.0%)   0.0014 (  0.0%)  Dead Code Elimination
   0.0000 (  0.0%)   0.0000 (  0.0%)   0.0000 (  0.0%)   0.0014 (  0.0%)  Dominator Tree Construction
   0.0000 (  0.0%)   0.0000 (  0.0%)   0.0000 (  0.0%)   0.0014 (  0.0%)  Dominator Tree Construction
   0.0000 (  0.0%)   0.0000 (  0.0%)   0.0000 (  0.0%)   0.0014 (  0.0%)  Dominator Tree Construction
   0.0000 (  0.0%)   0.0000 (  0.0%)   0.0000 (  0.0%)   0.0013 (  0.0%)  Post-Dominator Tree Construction
   0.0000 (  0.0%)   0.0000 (  0.0%)   0.0000 (  0.0%)   0.0013 (  0.0%)  Optimization Remark Emitter
   0.0000 (  0.0%)   0.0000 (  0.0%)   0.0000 (  0.0%)   0.0013 (  0.0%)  Basic Alias Analysis (stateless AA impl)
   0.0000 (  0.0%)   0.0000 (  0.0%)   0.0000 (  0.0%)   0.0013 (  0.0%)  Function Alias Analysis Results
   0.0000 (  0.0%)   0.0000 (  0.0%)   0.0000 (  0.0%)   0.0013 (  0.0%)  Dominator Tree Construction
   0.0000 (  0.0%)   0.0000 (  0.0%)   0.0000 (  0.0%)   0.0013 (  0.0%)  Lazy Value Information Analysis
   0.0000 (  0.0%)   0.0000 (  0.0%)   0.0000 (  0.0%)   0.0013 (  0.0%)  Dominator Tree Construction
   0.0000 (  0.0%)   0.0000 (  0.0%)   0.0000 (  0.0%)   0.0013 (  0.0%)  Delete dead loops
   0.0000 (  0.0%)   0.0000 (  0.0%)   0.0000 (  0.0%)   0.0013 (  0.0%)  Function Alias Analysis Results
   0.0000 (  0.0%)   0.0000 (  0.0%)   0.0000 (  0.0%)   0.0013 (  0.0%)  Loop Invariant Code Motion
   0.0000 (  0.0%)   0.0000 (  0.0%)   0.0000 (  0.0%)   0.0013 (  0.0%)  Function Alias Analysis Results
   0.0000 (  0.0%)   0.0000 (  0.0%)   0.0000 (  0.0%)   0.0013 (  0.0%)  Function Alias Analysis Results
   0.0000 (  0.0%)   0.0000 (  0.0%)   0.0000 (  0.0%)   0.0013 (  0.0%)  Dominator Tree Construction
   0.0000 (  0.0%)   0.0000 (  0.0%)   0.0000 (  0.0%)   0.0013 (  0.0%)  Function Alias Analysis Results
   0.0000 (  0.0%)   0.0000 (  0.0%)   0.0000 (  0.0%)   0.0013 (  0.0%)  Post-Dominator Tree Construction
   0.0000 (  0.0%)   0.0000 (  0.0%)   0.0000 (  0.0%)   0.0013 (  0.0%)  Lazy Branch Probability Analysis
   0.0000 (  0.0%)   0.0000 (  0.0%)   0.0000 (  0.0%)   0.0013 (  0.0%)  Dominator Tree Construction
   0.0000 (  0.0%)   0.0000 (  0.0%)   0.0000 (  0.0%)   0.0013 (  0.0%)  Natural Loop Information
   0.0156 (  0.0%)   0.0000 (  0.0%)   0.0156 (  0.0%)   0.0013 (  0.0%)  Dominator Tree Construction
   0.0000 (  0.0%)   0.0000 (  0.0%)   0.0000 (  0.0%)   0.0012 (  0.0%)  Induction Variable Simplification
   0.0000 (  0.0%)   0.0000 (  0.0%)   0.0000 (  0.0%)   0.0012 (  0.0%)  Dominator Tree Construction
   0.0000 (  0.0%)   0.0000 (  0.0%)   0.0000 (  0.0%)   0.0012 (  0.0%)  Post-Dominator Tree Construction
   0.0000 (  0.0%)   0.0000 (  0.0%)   0.0000 (  0.0%)   0.0012 (  0.0%)  Canonicalize natural loops
   0.0000 (  0.0%)   0.0000 (  0.0%)   0.0000 (  0.0%)   0.0012 (  0.0%)  Function Alias Analysis Results
   0.0156 (  0.0%)   0.0000 (  0.0%)   0.0156 (  0.0%)   0.0012 (  0.0%)  Post-Dominator Tree Construction
   0.0000 (  0.0%)   0.0000 (  0.0%)   0.0000 (  0.0%)   0.0012 (  0.0%)  Function Alias Analysis Results
   0.0000 (  0.0%)   0.0000 (  0.0%)   0.0000 (  0.0%)   0.0012 (  0.0%)  Function Alias Analysis Results
   0.0000 (  0.0%)   0.0000 (  0.0%)   0.0000 (  0.0%)   0.0012 (  0.0%)  Dominator Tree Construction
   0.0000 (  0.0%)   0.0000 (  0.0%)   0.0000 (  0.0%)   0.0012 (  0.0%)  Dominator Tree Construction
   0.0000 (  0.0%)   0.0000 (  0.0%)   0.0000 (  0.0%)   0.0012 (  0.0%)  Function Alias Analysis Results
   0.0000 (  0.0%)   0.0000 (  0.0%)   0.0000 (  0.0%)   0.0012 (  0.0%)  Function Alias Analysis Results
   0.0000 (  0.0%)   0.0000 (  0.0%)   0.0000 (  0.0%)   0.0012 (  0.0%)  Memory Summary
   0.0000 (  0.0%)   0.0000 (  0.0%)   0.0000 (  0.0%)   0.0012 (  0.0%)  Canonicalize natural loops
   0.0000 (  0.0%)   0.0000 (  0.0%)   0.0000 (  0.0%)   0.0012 (  0.0%)  Function Alias Analysis Results
   0.0000 (  0.0%)   0.0000 (  0.0%)   0.0000 (  0.0%)   0.0012 (  0.0%)  Function Alias Analysis Results
   0.0000 (  0.0%)   0.0000 (  0.0%)   0.0000 (  0.0%)   0.0012 (  0.0%)  Function Alias Analysis Results
   0.0000 (  0.0%)   0.0000 (  0.0%)   0.0000 (  0.0%)   0.0012 (  0.0%)  Function Alias Analysis Results
   0.0000 (  0.0%)   0.0000 (  0.0%)   0.0000 (  0.0%)   0.0012 (  0.0%)  Reduce the height of tree
   0.0000 (  0.0%)   0.0000 (  0.0%)   0.0000 (  0.0%)   0.0011 (  0.0%)  Loop Access Analysis
   0.0000 (  0.0%)   0.0000 (  0.0%)   0.0000 (  0.0%)   0.0011 (  0.0%)  Dominator Tree Construction
   0.0000 (  0.0%)   0.0000 (  0.0%)   0.0000 (  0.0%)   0.0011 (  0.0%)  Function Alias Analysis Results
   0.0000 (  0.0%)   0.0000 (  0.0%)   0.0000 (  0.0%)   0.0011 (  0.0%)  Function Alias Analysis Results
   0.0000 (  0.0%)   0.0000 (  0.0%)   0.0000 (  0.0%)   0.0011 (  0.0%)  Dataflow Process Duplication
   0.0000 (  0.0%)   0.0000 (  0.0%)   0.0000 (  0.0%)   0.0011 (  0.0%)  Post-Dominator Tree Construction
   0.0000 (  0.0%)   0.0000 (  0.0%)   0.0000 (  0.0%)   0.0011 (  0.0%)  Function Alias Analysis Results
   0.0000 (  0.0%)   0.0000 (  0.0%)   0.0000 (  0.0%)   0.0011 (  0.0%)  Function Alias Analysis Results
   0.0000 (  0.0%)   0.0000 (  0.0%)   0.0000 (  0.0%)   0.0011 (  0.0%)  Function Alias Analysis Results
   0.0000 (  0.0%)   0.0000 (  0.0%)   0.0000 (  0.0%)   0.0011 (  0.0%)  Function Alias Analysis Results
   0.0000 (  0.0%)   0.0000 (  0.0%)   0.0000 (  0.0%)   0.0011 (  0.0%)  Lazy Block Frequency Analysis
   0.0000 (  0.0%)   0.0000 (  0.0%)   0.0000 (  0.0%)   0.0011 (  0.0%)  Function Alias Analysis Results
   0.0000 (  0.0%)   0.0000 (  0.0%)   0.0000 (  0.0%)   0.0011 (  0.0%)  Dominator Tree Construction
   0.0000 (  0.0%)   0.0000 (  0.0%)   0.0000 (  0.0%)   0.0011 (  0.0%)  Dominator Tree Construction
   0.0000 (  0.0%)   0.0000 (  0.0%)   0.0000 (  0.0%)   0.0011 (  0.0%)  Function Alias Analysis Results
   0.0000 (  0.0%)   0.0000 (  0.0%)   0.0000 (  0.0%)   0.0011 (  0.0%)  Post-Dominator Tree Construction
   0.0000 (  0.0%)   0.0000 (  0.0%)   0.0000 (  0.0%)   0.0011 (  0.0%)  Natural Loop Information
   0.0000 (  0.0%)   0.0000 (  0.0%)   0.0000 (  0.0%)   0.0011 (  0.0%)  Infer workgroup size for opencl Kernel
   0.0000 (  0.0%)   0.0000 (  0.0%)   0.0000 (  0.0%)   0.0011 (  0.0%)  Dominator Tree Construction
   0.0156 (  0.0%)   0.0000 (  0.0%)   0.0156 (  0.0%)   0.0011 (  0.0%)  Function Alias Analysis Results
   0.0000 (  0.0%)   0.0000 (  0.0%)   0.0000 (  0.0%)   0.0011 (  0.0%)  Function Alias Analysis Results
   0.0000 (  0.0%)   0.0000 (  0.0%)   0.0000 (  0.0%)   0.0011 (  0.0%)  Dominator Tree Construction
   0.0000 (  0.0%)   0.0000 (  0.0%)   0.0000 (  0.0%)   0.0011 (  0.0%)  Function Alias Analysis Results
   0.0000 (  0.0%)   0.0000 (  0.0%)   0.0000 (  0.0%)   0.0010 (  0.0%)  Lower HLS related loops
   0.0000 (  0.0%)   0.0000 (  0.0%)   0.0000 (  0.0%)   0.0010 (  0.0%)  Post-Dominator Tree Construction
   0.0000 (  0.0%)   0.0000 (  0.0%)   0.0000 (  0.0%)   0.0010 (  0.0%)  Post-Dominator Tree Construction
   0.0000 (  0.0%)   0.0000 (  0.0%)   0.0000 (  0.0%)   0.0010 (  0.0%)  Scalar Evolution Analysis
   0.0000 (  0.0%)   0.0000 (  0.0%)   0.0000 (  0.0%)   0.0010 (  0.0%)  Function Alias Analysis Results
   0.0000 (  0.0%)   0.0000 (  0.0%)   0.0000 (  0.0%)   0.0010 (  0.0%)  Lower black box
   0.0000 (  0.0%)   0.0000 (  0.0%)   0.0000 (  0.0%)   0.0010 (  0.0%)  Post-Dominator Tree Construction
   0.0000 (  0.0%)   0.0000 (  0.0%)   0.0000 (  0.0%)   0.0010 (  0.0%)  Natural Loop Information
   0.0000 (  0.0%)   0.0000 (  0.0%)   0.0000 (  0.0%)   0.0010 (  0.0%)  LCSSA Verifier
   0.0000 (  0.0%)   0.0000 (  0.0%)   0.0000 (  0.0%)   0.0010 (  0.0%)  Dominator Tree Construction
   0.0000 (  0.0%)   0.0000 (  0.0%)   0.0000 (  0.0%)   0.0010 (  0.0%)  Dominator Tree Construction
   0.0000 (  0.0%)   0.0000 (  0.0%)   0.0000 (  0.0%)   0.0010 (  0.0%)  Internalize Global Symbols
   0.0000 (  0.0%)   0.0000 (  0.0%)   0.0000 (  0.0%)   0.0010 (  0.0%)  Dominator Tree Construction
   0.0000 (  0.0%)   0.0000 (  0.0%)   0.0000 (  0.0%)   0.0010 (  0.0%)  Dominator Tree Construction
   0.0000 (  0.0%)   0.0000 (  0.0%)   0.0000 (  0.0%)   0.0010 (  0.0%)  Dominator Tree Construction
   0.0000 (  0.0%)   0.0000 (  0.0%)   0.0000 (  0.0%)   0.0010 (  0.0%)  Function Alias Analysis Results
   0.0000 (  0.0%)   0.0000 (  0.0%)   0.0000 (  0.0%)   0.0010 (  0.0%)  Dominator Tree Construction
   0.0000 (  0.0%)   0.0000 (  0.0%)   0.0000 (  0.0%)   0.0010 (  0.0%)  Function Alias Analysis Results
   0.0000 (  0.0%)   0.0000 (  0.0%)   0.0000 (  0.0%)   0.0010 (  0.0%)  Dominator Tree Construction
   0.0000 (  0.0%)   0.0000 (  0.0%)   0.0000 (  0.0%)   0.0010 (  0.0%)  Function Alias Analysis Results
   0.0000 (  0.0%)   0.0000 (  0.0%)   0.0000 (  0.0%)   0.0010 (  0.0%)  Function Alias Analysis Results
   0.0000 (  0.0%)   0.0000 (  0.0%)   0.0000 (  0.0%)   0.0010 (  0.0%)  Function Alias Analysis Results
   0.0000 (  0.0%)   0.0000 (  0.0%)   0.0000 (  0.0%)   0.0010 (  0.0%)  Natural Loop Information
   0.0000 (  0.0%)   0.0000 (  0.0%)   0.0000 (  0.0%)   0.0009 (  0.0%)  Dominator Tree Construction
   0.0000 (  0.0%)   0.0000 (  0.0%)   0.0000 (  0.0%)   0.0009 (  0.0%)  Basic Alias Analysis (stateless AA impl)
   0.0000 (  0.0%)   0.0000 (  0.0%)   0.0000 (  0.0%)   0.0009 (  0.0%)  Function Alias Analysis Results
   0.0000 (  0.0%)   0.0000 (  0.0%)   0.0000 (  0.0%)   0.0009 (  0.0%)  Function Alias Analysis Results
   0.0000 (  0.0%)   0.0000 (  0.0%)   0.0000 (  0.0%)   0.0009 (  0.0%)  Function Alias Analysis Results
   0.0000 (  0.0%)   0.0000 (  0.0%)   0.0000 (  0.0%)   0.0009 (  0.0%)  Dominator Tree Construction
   0.0000 (  0.0%)   0.0000 (  0.0%)   0.0000 (  0.0%)   0.0009 (  0.0%)  Dominator Tree Construction
   0.0000 (  0.0%)   0.0000 (  0.0%)   0.0000 (  0.0%)   0.0009 (  0.0%)  Dominator Tree Construction
   0.0000 (  0.0%)   0.0000 (  0.0%)   0.0000 (  0.0%)   0.0009 (  0.0%)  Function Alias Analysis Results
   0.0000 (  0.0%)   0.0000 (  0.0%)   0.0000 (  0.0%)   0.0009 (  0.0%)  Deduce function attributes
   0.0000 (  0.0%)   0.0000 (  0.0%)   0.0000 (  0.0%)   0.0009 (  0.0%)  Post-Dominator Tree Construction
   0.0000 (  0.0%)   0.0000 (  0.0%)   0.0000 (  0.0%)   0.0009 (  0.0%)  AnnotateNoAlias - Annotate NoAlias Attribute on Arguments
   0.0000 (  0.0%)   0.0000 (  0.0%)   0.0000 (  0.0%)   0.0009 (  0.0%)  Natural Loop Information
   0.0000 (  0.0%)   0.0000 (  0.0%)   0.0000 (  0.0%)   0.0009 (  0.0%)  Function Alias Analysis Results
   0.0000 (  0.0%)   0.0000 (  0.0%)   0.0000 (  0.0%)   0.0009 (  0.0%)  Dominator Tree Construction
   0.0000 (  0.0%)   0.0000 (  0.0%)   0.0000 (  0.0%)   0.0009 (  0.0%)  Dominator Tree Construction
   0.0000 (  0.0%)   0.0000 (  0.0%)   0.0000 (  0.0%)   0.0009 (  0.0%)  Detect single entry single exit regions
   0.0000 (  0.0%)   0.0000 (  0.0%)   0.0000 (  0.0%)   0.0009 (  0.0%)  Function Alias Analysis Results
   0.0000 (  0.0%)   0.0000 (  0.0%)   0.0000 (  0.0%)   0.0009 (  0.0%)  Function Alias Analysis Results
   0.0000 (  0.0%)   0.0000 (  0.0%)   0.0000 (  0.0%)   0.0009 (  0.0%)  Canonicalize natural loops
   0.0000 (  0.0%)   0.0000 (  0.0%)   0.0000 (  0.0%)   0.0009 (  0.0%)  Function Alias Analysis Results
   0.0000 (  0.0%)   0.0000 (  0.0%)   0.0000 (  0.0%)   0.0009 (  0.0%)  Function Alias Analysis Results
   0.0156 (  0.0%)   0.0000 (  0.0%)   0.0156 (  0.0%)   0.0009 (  0.0%)  Post-Dominator Tree Construction
   0.0000 (  0.0%)   0.0000 (  0.0%)   0.0000 (  0.0%)   0.0009 (  0.0%)  CallGraph Construction
   0.0000 (  0.0%)   0.0000 (  0.0%)   0.0000 (  0.0%)   0.0009 (  0.0%)  Dominator Tree Construction
   0.0000 (  0.0%)   0.0000 (  0.0%)   0.0000 (  0.0%)   0.0009 (  0.0%)  Function Alias Analysis Results
   0.0000 (  0.0%)   0.0000 (  0.0%)   0.0000 (  0.0%)   0.0009 (  0.0%)  Dominator Tree Construction
   0.0000 (  0.0%)   0.0000 (  0.0%)   0.0000 (  0.0%)   0.0009 (  0.0%)  Function Alias Analysis Results
   0.0000 (  0.0%)   0.0000 (  0.0%)   0.0000 (  0.0%)   0.0009 (  0.0%)  Function Alias Analysis Results
   0.0000 (  0.0%)   0.0000 (  0.0%)   0.0000 (  0.0%)   0.0009 (  0.0%)  clean some traps produced by clang
   0.0000 (  0.0%)   0.0000 (  0.0%)   0.0000 (  0.0%)   0.0009 (  0.0%)  Basic Alias Analysis (stateless AA impl)
   0.0000 (  0.0%)   0.0000 (  0.0%)   0.0000 (  0.0%)   0.0009 (  0.0%)  Dominator Tree Construction
   0.0000 (  0.0%)   0.0000 (  0.0%)   0.0000 (  0.0%)   0.0009 (  0.0%)  Dominator Tree Construction
   0.0000 (  0.0%)   0.0000 (  0.0%)   0.0000 (  0.0%)   0.0009 (  0.0%)  Function Alias Analysis Results
   0.0156 (  0.0%)   0.0000 (  0.0%)   0.0156 (  0.0%)   0.0008 (  0.0%)  Function Alias Analysis Results
   0.0000 (  0.0%)   0.0000 (  0.0%)   0.0000 (  0.0%)   0.0008 (  0.0%)  Function Alias Analysis Results
   0.0000 (  0.0%)   0.0000 (  0.0%)   0.0000 (  0.0%)   0.0008 (  0.0%)  Loop Invariant Code Motion
   0.0000 (  0.0%)   0.0000 (  0.0%)   0.0000 (  0.0%)   0.0008 (  0.0%)  Dominance Frontier Construction
   0.0000 (  0.0%)   0.0000 (  0.0%)   0.0000 (  0.0%)   0.0008 (  0.0%)  Function Alias Analysis Results
   0.0156 (  0.0%)   0.0000 (  0.0%)   0.0156 (  0.0%)   0.0008 (  0.0%)  Dominator Tree Construction
   0.0000 (  0.0%)   0.0000 (  0.0%)   0.0000 (  0.0%)   0.0008 (  0.0%)  Dominance Frontier Construction
   0.0000 (  0.0%)   0.0000 (  0.0%)   0.0000 (  0.0%)   0.0008 (  0.0%)  Infer nuw/nsw flags for instructions
   0.0000 (  0.0%)   0.0000 (  0.0%)   0.0000 (  0.0%)   0.0008 (  0.0%)  Natural Loop Information
   0.0000 (  0.0%)   0.0000 (  0.0%)   0.0000 (  0.0%)   0.0008 (  0.0%)  Scalar Evolution Analysis
   0.0000 (  0.0%)   0.0000 (  0.0%)   0.0000 (  0.0%)   0.0008 (  0.0%)  Natural Loop Information
   0.0000 (  0.0%)   0.0000 (  0.0%)   0.0000 (  0.0%)   0.0008 (  0.0%)  CallGraph Construction
   0.0000 (  0.0%)   0.0000 (  0.0%)   0.0000 (  0.0%)   0.0008 (  0.0%)  Dominator Tree Construction
   0.0000 (  0.0%)   0.0000 (  0.0%)   0.0000 (  0.0%)   0.0008 (  0.0%)  Basic Alias Analysis (stateless AA impl)
   0.0000 (  0.0%)   0.0000 (  0.0%)   0.0000 (  0.0%)   0.0008 (  0.0%)  Dominator Tree Construction
   0.0000 (  0.0%)   0.0000 (  0.0%)   0.0000 (  0.0%)   0.0008 (  0.0%)  Function Alias Analysis Results
   0.0000 (  0.0%)   0.0000 (  0.0%)   0.0000 (  0.0%)   0.0008 (  0.0%)  Function Alias Analysis Results
   0.0000 (  0.0%)   0.0000 (  0.0%)   0.0000 (  0.0%)   0.0008 (  0.0%)  CallGraph Construction
   0.0000 (  0.0%)   0.0000 (  0.0%)   0.0000 (  0.0%)   0.0008 (  0.0%)  Function Alias Analysis Results
   0.0000 (  0.0%)   0.0000 (  0.0%)   0.0000 (  0.0%)   0.0008 (  0.0%)  Resolve full load/store
   0.0000 (  0.0%)   0.0000 (  0.0%)   0.0000 (  0.0%)   0.0008 (  0.0%)  Post-Dominator Tree Construction
   0.0000 (  0.0%)   0.0000 (  0.0%)   0.0000 (  0.0%)   0.0008 (  0.0%)  Function Alias Analysis Results
   0.0000 (  0.0%)   0.0000 (  0.0%)   0.0000 (  0.0%)   0.0008 (  0.0%)  LegacyShiftRegisterRecognize - Recognize shift registers and memory
   0.0000 (  0.0%)   0.0000 (  0.0%)   0.0000 (  0.0%)   0.0008 (  0.0%)  Natural Loop Information
   0.0000 (  0.0%)   0.0000 (  0.0%)   0.0000 (  0.0%)   0.0008 (  0.0%)  CallGraph Construction
   0.0000 (  0.0%)   0.0000 (  0.0%)   0.0000 (  0.0%)   0.0008 (  0.0%)  Dominator Tree Construction
   0.0000 (  0.0%)   0.0000 (  0.0%)   0.0000 (  0.0%)   0.0008 (  0.0%)  Dominator Tree Construction
   0.0000 (  0.0%)   0.0000 (  0.0%)   0.0000 (  0.0%)   0.0008 (  0.0%)  Function Alias Analysis Results
   0.0000 (  0.0%)   0.0000 (  0.0%)   0.0000 (  0.0%)   0.0008 (  0.0%)  Function Alias Analysis Results
   0.0000 (  0.0%)   0.0000 (  0.0%)   0.0000 (  0.0%)   0.0008 (  0.0%)  Deduce function attributes
   0.0000 (  0.0%)   0.0000 (  0.0%)   0.0000 (  0.0%)   0.0008 (  0.0%)  Natural Loop Information
   0.0000 (  0.0%)   0.0000 (  0.0%)   0.0000 (  0.0%)   0.0008 (  0.0%)  Post-Dominator Tree Construction
   0.0000 (  0.0%)   0.0000 (  0.0%)   0.0000 (  0.0%)   0.0008 (  0.0%)  Loop-Closed SSA Form Pass
   0.0000 (  0.0%)   0.0000 (  0.0%)   0.0000 (  0.0%)   0.0008 (  0.0%)  Function Alias Analysis Results
   0.0000 (  0.0%)   0.0000 (  0.0%)   0.0000 (  0.0%)   0.0008 (  0.0%)  Dominator Tree Construction
   0.0000 (  0.0%)   0.0000 (  0.0%)   0.0000 (  0.0%)   0.0008 (  0.0%)  Function Alias Analysis Results
   0.0000 (  0.0%)   0.0000 (  0.0%)   0.0000 (  0.0%)   0.0008 (  0.0%)  CallGraph Construction
   0.0000 (  0.0%)   0.0000 (  0.0%)   0.0000 (  0.0%)   0.0008 (  0.0%)  Dominator Tree Construction
   0.0000 (  0.0%)   0.0000 (  0.0%)   0.0000 (  0.0%)   0.0008 (  0.0%)  Dominator Tree Construction
   0.0000 (  0.0%)   0.0000 (  0.0%)   0.0000 (  0.0%)   0.0008 (  0.0%)  Function Alias Analysis Results
   0.0000 (  0.0%)   0.0000 (  0.0%)   0.0000 (  0.0%)   0.0008 (  0.0%)  Natural Loop Information
   0.0000 (  0.0%)   0.0000 (  0.0%)   0.0000 (  0.0%)   0.0008 (  0.0%)  Remove redundant instructions
   0.0000 (  0.0%)   0.0000 (  0.0%)   0.0000 (  0.0%)   0.0008 (  0.0%)  Scalar Evolution Analysis
   0.0000 (  0.0%)   0.0000 (  0.0%)   0.0000 (  0.0%)   0.0008 (  0.0%)  Function Alias Analysis Results
   0.0000 (  0.0%)   0.0000 (  0.0%)   0.0000 (  0.0%)   0.0008 (  0.0%)  Function Alias Analysis Results
   0.0000 (  0.0%)   0.0000 (  0.0%)   0.0000 (  0.0%)   0.0008 (  0.0%)  Performance Evaluation
   0.0156 (  0.0%)   0.0000 (  0.0%)   0.0156 (  0.0%)   0.0008 (  0.0%)  Combine redundant instructions
   0.0156 (  0.0%)   0.0000 (  0.0%)   0.0156 (  0.0%)   0.0008 (  0.0%)  Dominator Tree Construction
   0.0000 (  0.0%)   0.0000 (  0.0%)   0.0000 (  0.0%)   0.0008 (  0.0%)  Post-Dominator Tree Construction
   0.0000 (  0.0%)   0.0000 (  0.0%)   0.0000 (  0.0%)   0.0008 (  0.0%)  Dominator Tree Construction
   0.0000 (  0.0%)   0.0000 (  0.0%)   0.0000 (  0.0%)   0.0008 (  0.0%)  Function Alias Analysis Results
   0.0000 (  0.0%)   0.0000 (  0.0%)   0.0000 (  0.0%)   0.0008 (  0.0%)  LayoutTransform - Layout Transform Pragma Analysis
   0.0000 (  0.0%)   0.0000 (  0.0%)   0.0000 (  0.0%)   0.0008 (  0.0%)  CallGraph Construction
   0.0000 (  0.0%)   0.0000 (  0.0%)   0.0000 (  0.0%)   0.0008 (  0.0%)  Post-Dominator Tree Construction
   0.0000 (  0.0%)   0.0000 (  0.0%)   0.0000 (  0.0%)   0.0007 (  0.0%)  Revert PPPO for array-to-stream
   0.0000 (  0.0%)   0.0000 (  0.0%)   0.0000 (  0.0%)   0.0007 (  0.0%)  Function Alias Analysis Results
   0.0000 (  0.0%)   0.0000 (  0.0%)   0.0000 (  0.0%)   0.0007 (  0.0%)  Post-Dominator Tree Construction
   0.0000 (  0.0%)   0.0000 (  0.0%)   0.0000 (  0.0%)   0.0007 (  0.0%)  Dominator Tree Construction
   0.0000 (  0.0%)   0.0000 (  0.0%)   0.0000 (  0.0%)   0.0007 (  0.0%)  Function Alias Analysis Results
   0.0000 (  0.0%)   0.0000 (  0.0%)   0.0000 (  0.0%)   0.0007 (  0.0%)  Function Alias Analysis Results
   0.0000 (  0.0%)   0.0000 (  0.0%)   0.0000 (  0.0%)   0.0007 (  0.0%)  Detect single entry single exit regions
   0.0156 (  0.0%)   0.0000 (  0.0%)   0.0156 (  0.0%)   0.0007 (  0.0%)  Lazy Value Information Analysis
   0.0000 (  0.0%)   0.0000 (  0.0%)   0.0000 (  0.0%)   0.0007 (  0.0%)  Function Alias Analysis Results
   0.0000 (  0.0%)   0.0000 (  0.0%)   0.0000 (  0.0%)   0.0007 (  0.0%)  Function Alias Analysis Results
   0.0000 (  0.0%)   0.0000 (  0.0%)   0.0000 (  0.0%)   0.0007 (  0.0%)  Function Alias Analysis Results
   0.0000 (  0.0%)   0.0000 (  0.0%)   0.0000 (  0.0%)   0.0007 (  0.0%)  Scalar Evolution Analysis
   0.0000 (  0.0%)   0.0000 (  0.0%)   0.0000 (  0.0%)   0.0007 (  0.0%)  Post-Dominator Tree Construction
   0.0000 (  0.0%)   0.0000 (  0.0%)   0.0000 (  0.0%)   0.0007 (  0.0%)  Function Alias Analysis Results
   0.0000 (  0.0%)   0.0000 (  0.0%)   0.0000 (  0.0%)   0.0007 (  0.0%)  Canonicalize natural loops
   0.0000 (  0.0%)   0.0000 (  0.0%)   0.0000 (  0.0%)   0.0007 (  0.0%)  Post-Dominator Tree Construction
   0.0000 (  0.0%)   0.0000 (  0.0%)   0.0000 (  0.0%)   0.0007 (  0.0%)  Post-Dominator Tree Construction
   0.0000 (  0.0%)   0.0000 (  0.0%)   0.0000 (  0.0%)   0.0007 (  0.0%)  Lower HLS related intrinsics
   0.0000 (  0.0%)   0.0000 (  0.0%)   0.0000 (  0.0%)   0.0007 (  0.0%)  Scalar Evolution Analysis
   0.0000 (  0.0%)   0.0000 (  0.0%)   0.0000 (  0.0%)   0.0007 (  0.0%)  Function duplication
   0.0000 (  0.0%)   0.0000 (  0.0%)   0.0000 (  0.0%)   0.0007 (  0.0%)  Dominator Tree Construction
   0.0156 (  0.0%)   0.0000 (  0.0%)   0.0156 (  0.0%)   0.0007 (  0.0%)  Post-Dominator Tree Construction
   0.0000 (  0.0%)   0.0000 (  0.0%)   0.0000 (  0.0%)   0.0007 (  0.0%)  Function Alias Analysis Results
   0.0000 (  0.0%)   0.0000 (  0.0%)   0.0000 (  0.0%)   0.0007 (  0.0%)  Function Alias Analysis Results
   0.0000 (  0.0%)   0.0000 (  0.0%)   0.0000 (  0.0%)   0.0007 (  0.0%)  Function Alias Analysis Results
   0.0000 (  0.0%)   0.0000 (  0.0%)   0.0000 (  0.0%)   0.0007 (  0.0%)  Dominator Tree Construction
   0.0000 (  0.0%)   0.0000 (  0.0%)   0.0000 (  0.0%)   0.0007 (  0.0%)  Function Alias Analysis Results
   0.0000 (  0.0%)   0.0000 (  0.0%)   0.0000 (  0.0%)   0.0007 (  0.0%)  Post-Dominator Tree Construction
   0.0000 (  0.0%)   0.0000 (  0.0%)   0.0000 (  0.0%)   0.0007 (  0.0%)  Post-Dominator Tree Construction
   0.0000 (  0.0%)   0.0000 (  0.0%)   0.0000 (  0.0%)   0.0007 (  0.0%)  Dominator Tree Construction
   0.0000 (  0.0%)   0.0000 (  0.0%)   0.0000 (  0.0%)   0.0007 (  0.0%)  Post-Dominator Tree Construction
   0.0000 (  0.0%)   0.0000 (  0.0%)   0.0000 (  0.0%)   0.0007 (  0.0%)  Function Alias Analysis Results
   0.0000 (  0.0%)   0.0000 (  0.0%)   0.0000 (  0.0%)   0.0007 (  0.0%)  Post-Dominator Tree Construction
   0.0000 (  0.0%)   0.0000 (  0.0%)   0.0000 (  0.0%)   0.0007 (  0.0%)  Dominator Tree Construction
   0.0000 (  0.0%)   0.0000 (  0.0%)   0.0000 (  0.0%)   0.0007 (  0.0%)  Post-Dominator Tree Construction
   0.0000 (  0.0%)   0.0000 (  0.0%)   0.0000 (  0.0%)   0.0007 (  0.0%)  Simplify types in the LLVM IR, redundant type hierarchy
   0.0000 (  0.0%)   0.0000 (  0.0%)   0.0000 (  0.0%)   0.0007 (  0.0%)  Post-Dominator Tree Construction
   0.0000 (  0.0%)   0.0000 (  0.0%)   0.0000 (  0.0%)   0.0007 (  0.0%)  Natural Loop Information
   0.0000 (  0.0%)   0.0000 (  0.0%)   0.0000 (  0.0%)   0.0007 (  0.0%)  Function Alias Analysis Results
   0.0000 (  0.0%)   0.0000 (  0.0%)   0.0000 (  0.0%)   0.0007 (  0.0%)  Dominator Tree Construction
   0.0000 (  0.0%)   0.0000 (  0.0%)   0.0000 (  0.0%)   0.0007 (  0.0%)  Function Alias Analysis Results
   0.0000 (  0.0%)   0.0000 (  0.0%)   0.0000 (  0.0%)   0.0007 (  0.0%)  Dominator Tree Construction
   0.0000 (  0.0%)   0.0000 (  0.0%)   0.0000 (  0.0%)   0.0007 (  0.0%)  Post-Dominator Tree Construction
   0.0000 (  0.0%)   0.0000 (  0.0%)   0.0000 (  0.0%)   0.0007 (  0.0%)  Function Alias Analysis Results
   0.0156 (  0.0%)   0.0000 (  0.0%)   0.0156 (  0.0%)   0.0007 (  0.0%)  Dominator Tree Construction
   0.0000 (  0.0%)   0.0000 (  0.0%)   0.0000 (  0.0%)   0.0006 (  0.0%)  Function Alias Analysis Results
   0.0000 (  0.0%)   0.0000 (  0.0%)   0.0000 (  0.0%)   0.0006 (  0.0%)  Dominator Tree Construction
   0.0000 (  0.0%)   0.0000 (  0.0%)   0.0000 (  0.0%)   0.0006 (  0.0%)  Natural Loop Information
   0.0000 (  0.0%)   0.0000 (  0.0%)   0.0000 (  0.0%)   0.0006 (  0.0%)  Function Alias Analysis Results
   0.0000 (  0.0%)   0.0000 (  0.0%)   0.0000 (  0.0%)   0.0006 (  0.0%)  Post-Dominator Tree Construction
   0.0000 (  0.0%)   0.0000 (  0.0%)   0.0000 (  0.0%)   0.0006 (  0.0%)  Natural Loop Information
   0.0000 (  0.0%)   0.0000 (  0.0%)   0.0000 (  0.0%)   0.0006 (  0.0%)  Dominator Tree Construction
   0.0000 (  0.0%)   0.0000 (  0.0%)   0.0000 (  0.0%)   0.0006 (  0.0%)  Post-Dominator Tree Construction
   0.0000 (  0.0%)   0.0000 (  0.0%)   0.0000 (  0.0%)   0.0006 (  0.0%)  Lazy Value Information Analysis
   0.0000 (  0.0%)   0.0000 (  0.0%)   0.0000 (  0.0%)   0.0006 (  0.0%)  Post-Dominator Tree Construction
   0.0000 (  0.0%)   0.0000 (  0.0%)   0.0000 (  0.0%)   0.0006 (  0.0%)  Dominator Tree Construction
   0.0000 (  0.0%)   0.0000 (  0.0%)   0.0000 (  0.0%)   0.0006 (  0.0%)  Post-Dominator Tree Construction
   0.0000 (  0.0%)   0.0000 (  0.0%)   0.0000 (  0.0%)   0.0006 (  0.0%)  Function Alias Analysis Results
   0.0000 (  0.0%)   0.0000 (  0.0%)   0.0000 (  0.0%)   0.0006 (  0.0%)  Function Alias Analysis Results
   0.0000 (  0.0%)   0.0000 (  0.0%)   0.0000 (  0.0%)   0.0006 (  0.0%)  Dominator Tree Construction
   0.0000 (  0.0%)   0.0000 (  0.0%)   0.0000 (  0.0%)   0.0006 (  0.0%)  Function Alias Analysis Results
   0.0000 (  0.0%)   0.0000 (  0.0%)   0.0000 (  0.0%)   0.0006 (  0.0%)  Natural Loop Information
   0.0000 (  0.0%)   0.0000 (  0.0%)   0.0000 (  0.0%)   0.0006 (  0.0%)  Post-Dominator Tree Construction
   0.0000 (  0.0%)   0.0000 (  0.0%)   0.0000 (  0.0%)   0.0006 (  0.0%)  Canonicalize natural loops
   0.0000 (  0.0%)   0.0000 (  0.0%)   0.0000 (  0.0%)   0.0006 (  0.0%)  Natural Loop Information
   0.0000 (  0.0%)   0.0000 (  0.0%)   0.0000 (  0.0%)   0.0006 (  0.0%)  Function Alias Analysis Results
   0.0000 (  0.0%)   0.0000 (  0.0%)   0.0000 (  0.0%)   0.0006 (  0.0%)  Post-Dominator Tree Construction
   0.0000 (  0.0%)   0.0000 (  0.0%)   0.0000 (  0.0%)   0.0006 (  0.0%)  Dominator Tree Construction
   0.0000 (  0.0%)   0.0000 (  0.0%)   0.0000 (  0.0%)   0.0006 (  0.0%)  Unswitch loops
   0.0000 (  0.0%)   0.0000 (  0.0%)   0.0000 (  0.0%)   0.0006 (  0.0%)  Dominator Tree Construction
   0.0000 (  0.0%)   0.0000 (  0.0%)   0.0000 (  0.0%)   0.0006 (  0.0%)  Post-Dominator Tree Construction
   0.0000 (  0.0%)   0.0000 (  0.0%)   0.0000 (  0.0%)   0.0006 (  0.0%)  Automatically infer occurrence information
   0.0000 (  0.0%)   0.0000 (  0.0%)   0.0000 (  0.0%)   0.0006 (  0.0%)  Natural Loop Information
   0.0000 (  0.0%)   0.0000 (  0.0%)   0.0000 (  0.0%)   0.0006 (  0.0%)  Function Alias Analysis Results
   0.0000 (  0.0%)   0.0000 (  0.0%)   0.0000 (  0.0%)   0.0006 (  0.0%)  Function Alias Analysis Results
   0.0000 (  0.0%)   0.0000 (  0.0%)   0.0000 (  0.0%)   0.0006 (  0.0%)  Dominator Tree Construction
   0.0000 (  0.0%)   0.0000 (  0.0%)   0.0000 (  0.0%)   0.0006 (  0.0%)  Natural Loop Information
   0.0000 (  0.0%)   0.0000 (  0.0%)   0.0000 (  0.0%)   0.0006 (  0.0%)  Post-Dominator Tree Construction
   0.0000 (  0.0%)   0.0000 (  0.0%)   0.0000 (  0.0%)   0.0006 (  0.0%)  Post-Dominator Tree Construction
   0.0000 (  0.0%)   0.0000 (  0.0%)   0.0000 (  0.0%)   0.0006 (  0.0%)  Dominator Tree Construction
   0.0000 (  0.0%)   0.0000 (  0.0%)   0.0000 (  0.0%)   0.0006 (  0.0%)  Dominator Tree Construction
   0.0000 (  0.0%)   0.0000 (  0.0%)   0.0000 (  0.0%)   0.0006 (  0.0%)  Dominator Tree Construction
   0.0000 (  0.0%)   0.0000 (  0.0%)   0.0000 (  0.0%)   0.0006 (  0.0%)  Function Alias Analysis Results
   0.0000 (  0.0%)   0.0000 (  0.0%)   0.0000 (  0.0%)   0.0006 (  0.0%)  Natural Loop Information
   0.0000 (  0.0%)   0.0000 (  0.0%)   0.0000 (  0.0%)   0.0006 (  0.0%)  Dominator Tree Construction
   0.0000 (  0.0%)   0.0000 (  0.0%)   0.0000 (  0.0%)   0.0006 (  0.0%)  Transform SSA value on top function to variable with pointer type
   0.0000 (  0.0%)   0.0000 (  0.0%)   0.0000 (  0.0%)   0.0006 (  0.0%)  Function Alias Analysis Results
   0.0000 (  0.0%)   0.0000 (  0.0%)   0.0000 (  0.0%)   0.0006 (  0.0%)  Post-Dominator Tree Construction
   0.0000 (  0.0%)   0.0000 (  0.0%)   0.0000 (  0.0%)   0.0006 (  0.0%)  Natural Loop Information
   0.0000 (  0.0%)   0.0000 (  0.0%)   0.0000 (  0.0%)   0.0006 (  0.0%)  Change xcl attribute to call sideeffect
   0.0000 (  0.0%)   0.0000 (  0.0%)   0.0000 (  0.0%)   0.0006 (  0.0%)  Function Alias Analysis Results
   0.0000 (  0.0%)   0.0000 (  0.0%)   0.0000 (  0.0%)   0.0006 (  0.0%)  Scalar Evolution Analysis
   0.0156 (  0.0%)   0.0000 (  0.0%)   0.0156 (  0.0%)   0.0006 (  0.0%)  Build Synchronization Regions in SPMD program
   0.0000 (  0.0%)   0.0000 (  0.0%)   0.0000 (  0.0%)   0.0006 (  0.0%)  Dominator Tree Construction
   0.0000 (  0.0%)   0.0000 (  0.0%)   0.0000 (  0.0%)   0.0006 (  0.0%)  Post-Dominator Tree Construction
   0.0000 (  0.0%)   0.0000 (  0.0%)   0.0000 (  0.0%)   0.0006 (  0.0%)  Basic Alias Analysis (stateless AA impl)
   0.0000 (  0.0%)   0.0000 (  0.0%)   0.0000 (  0.0%)   0.0006 (  0.0%)  Function Alias Analysis Results
   0.0000 (  0.0%)   0.0000 (  0.0%)   0.0000 (  0.0%)   0.0006 (  0.0%)  Undecay arrays
   0.0000 (  0.0%)   0.0000 (  0.0%)   0.0000 (  0.0%)   0.0006 (  0.0%)  Function Alias Analysis Results
   0.0000 (  0.0%)   0.0000 (  0.0%)   0.0000 (  0.0%)   0.0006 (  0.0%)  Function Alias Analysis Results
   0.0156 (  0.0%)   0.0000 (  0.0%)   0.0156 (  0.0%)   0.0006 (  0.0%)  Dominator Tree Construction
   0.0000 (  0.0%)   0.0000 (  0.0%)   0.0000 (  0.0%)   0.0006 (  0.0%)  Dominator Tree Construction
   0.0000 (  0.0%)   0.0000 (  0.0%)   0.0000 (  0.0%)   0.0006 (  0.0%)  Natural Loop Information
   0.0000 (  0.0%)   0.0000 (  0.0%)   0.0000 (  0.0%)   0.0006 (  0.0%)  Dominator Tree Construction
   0.0000 (  0.0%)   0.0000 (  0.0%)   0.0000 (  0.0%)   0.0005 (  0.0%)  Natural Loop Information
   0.0000 (  0.0%)   0.0000 (  0.0%)   0.0000 (  0.0%)   0.0005 (  0.0%)  Function Alias Analysis Results
   0.0000 (  0.0%)   0.0000 (  0.0%)   0.0000 (  0.0%)   0.0005 (  0.0%)  Post-Dominator Tree Construction
   0.0000 (  0.0%)   0.0000 (  0.0%)   0.0000 (  0.0%)   0.0005 (  0.0%)  Dominator Tree Construction
   0.0000 (  0.0%)   0.0000 (  0.0%)   0.0000 (  0.0%)   0.0005 (  0.0%)  Dominator Tree Construction
   0.0000 (  0.0%)   0.0000 (  0.0%)   0.0000 (  0.0%)   0.0005 (  0.0%)  Dominator Tree Construction
   0.0000 (  0.0%)   0.0000 (  0.0%)   0.0000 (  0.0%)   0.0005 (  0.0%)  Post-Dominator Tree Construction
   0.0000 (  0.0%)   0.0000 (  0.0%)   0.0000 (  0.0%)   0.0005 (  0.0%)  Dominator Tree Construction
   0.0156 (  0.0%)   0.0000 (  0.0%)   0.0156 (  0.0%)   0.0005 (  0.0%)  Natural Loop Information
   0.0000 (  0.0%)   0.0000 (  0.0%)   0.0000 (  0.0%)   0.0005 (  0.0%)  Dominator Tree Construction
   0.0000 (  0.0%)   0.0000 (  0.0%)   0.0000 (  0.0%)   0.0005 (  0.0%)  Dominator Tree Construction
   0.0000 (  0.0%)   0.0000 (  0.0%)   0.0000 (  0.0%)   0.0005 (  0.0%)  Dominator Tree Construction
   0.0000 (  0.0%)   0.0000 (  0.0%)   0.0000 (  0.0%)   0.0005 (  0.0%)  Natural Loop Information
   0.0000 (  0.0%)   0.0000 (  0.0%)   0.0000 (  0.0%)   0.0005 (  0.0%)  Dominator Tree Construction
   0.0000 (  0.0%)   0.0000 (  0.0%)   0.0000 (  0.0%)   0.0005 (  0.0%)  Natural Loop Information
   0.0000 (  0.0%)   0.0000 (  0.0%)   0.0000 (  0.0%)   0.0005 (  0.0%)  Dominator Tree Construction
   0.0000 (  0.0%)   0.0000 (  0.0%)   0.0000 (  0.0%)   0.0005 (  0.0%)  Scalar Evolution Analysis
   0.0000 (  0.0%)   0.0000 (  0.0%)   0.0000 (  0.0%)   0.0005 (  0.0%)  Detect single entry single exit regions
   0.0000 (  0.0%)   0.0000 (  0.0%)   0.0000 (  0.0%)   0.0005 (  0.0%)  AnnotateNoAlias - Annotate NoAlias Attribute on Arguments
   0.0000 (  0.0%)   0.0000 (  0.0%)   0.0000 (  0.0%)   0.0005 (  0.0%)  Control Dependence Analysis
   0.0000 (  0.0%)   0.0000 (  0.0%)   0.0000 (  0.0%)   0.0005 (  0.0%)  Dominator Tree Construction
   0.0000 (  0.0%)   0.0000 (  0.0%)   0.0000 (  0.0%)   0.0005 (  0.0%)  Natural Loop Information
   0.0000 (  0.0%)   0.0000 (  0.0%)   0.0000 (  0.0%)   0.0005 (  0.0%)  Dominator Tree Construction
   0.0000 (  0.0%)   0.0000 (  0.0%)   0.0000 (  0.0%)   0.0005 (  0.0%)  Natural Loop Information
   0.0000 (  0.0%)   0.0000 (  0.0%)   0.0000 (  0.0%)   0.0005 (  0.0%)  SROA
   0.0000 (  0.0%)   0.0000 (  0.0%)   0.0000 (  0.0%)   0.0005 (  0.0%)  Dominator Tree Construction
   0.0000 (  0.0%)   0.0000 (  0.0%)   0.0000 (  0.0%)   0.0005 (  0.0%)  Loop-Closed SSA Form Pass
   0.0000 (  0.0%)   0.0000 (  0.0%)   0.0000 (  0.0%)   0.0005 (  0.0%)  Natural Loop Information
   0.0000 (  0.0%)   0.0000 (  0.0%)   0.0000 (  0.0%)   0.0005 (  0.0%)  Dominator Tree Construction
   0.0000 (  0.0%)   0.0000 (  0.0%)   0.0000 (  0.0%)   0.0005 (  0.0%)  Dead Argument Elimination
   0.0000 (  0.0%)   0.0000 (  0.0%)   0.0000 (  0.0%)   0.0005 (  0.0%)  Dominator Tree Construction
   0.0000 (  0.0%)   0.0000 (  0.0%)   0.0000 (  0.0%)   0.0005 (  0.0%)  Function Alias Analysis Results
   0.0000 (  0.0%)   0.0000 (  0.0%)   0.0000 (  0.0%)   0.0005 (  0.0%)  Dominator Tree Construction
   0.0000 (  0.0%)   0.0000 (  0.0%)   0.0000 (  0.0%)   0.0005 (  0.0%)  Function Alias Analysis Results
   0.0000 (  0.0%)   0.0000 (  0.0%)   0.0000 (  0.0%)   0.0005 (  0.0%)  Basic Alias Analysis (stateless AA impl)
   0.0000 (  0.0%)   0.0000 (  0.0%)   0.0000 (  0.0%)   0.0005 (  0.0%)  Dominator Tree Construction
   0.0000 (  0.0%)   0.0000 (  0.0%)   0.0000 (  0.0%)   0.0005 (  0.0%)  Dominator Tree Construction
   0.0000 (  0.0%)   0.0000 (  0.0%)   0.0000 (  0.0%)   0.0005 (  0.0%)  Dominator Tree Construction
   0.0000 (  0.0%)   0.0000 (  0.0%)   0.0000 (  0.0%)   0.0005 (  0.0%)  Dominator Tree Construction
   0.0000 (  0.0%)   0.0000 (  0.0%)   0.0000 (  0.0%)   0.0005 (  0.0%)  Infer loop trip count
   0.0000 (  0.0%)   0.0000 (  0.0%)   0.0000 (  0.0%)   0.0005 (  0.0%)  Dead Instruction Elimination
   0.0000 (  0.0%)   0.0000 (  0.0%)   0.0000 (  0.0%)   0.0005 (  0.0%)  Natural Loop Information
   0.0000 (  0.0%)   0.0000 (  0.0%)   0.0000 (  0.0%)   0.0005 (  0.0%)  Basic Alias Analysis (stateless AA impl)
   0.0000 (  0.0%)   0.0000 (  0.0%)   0.0000 (  0.0%)   0.0005 (  0.0%)  Natural Loop Information
   0.0000 (  0.0%)   0.0000 (  0.0%)   0.0000 (  0.0%)   0.0005 (  0.0%)  Function Alias Analysis Results
   0.0000 (  0.0%)   0.0000 (  0.0%)   0.0000 (  0.0%)   0.0005 (  0.0%)  Dominance Frontier Construction
   0.0000 (  0.0%)   0.0000 (  0.0%)   0.0000 (  0.0%)   0.0005 (  0.0%)  Canonicalize natural loops
   0.0000 (  0.0%)   0.0000 (  0.0%)   0.0000 (  0.0%)   0.0005 (  0.0%)  Dominator Tree Construction
   0.0000 (  0.0%)   0.0000 (  0.0%)   0.0000 (  0.0%)   0.0005 (  0.0%)  Natural Loop Information
   0.0000 (  0.0%)   0.0000 (  0.0%)   0.0000 (  0.0%)   0.0005 (  0.0%)  Natural Loop Information
   0.0000 (  0.0%)   0.0000 (  0.0%)   0.0000 (  0.0%)   0.0005 (  0.0%)  Natural Loop Information
   0.0000 (  0.0%)   0.0000 (  0.0%)   0.0000 (  0.0%)   0.0005 (  0.0%)  Function Alias Analysis Results
   0.0000 (  0.0%)   0.0000 (  0.0%)   0.0000 (  0.0%)   0.0005 (  0.0%)  Control Dependence Analysis
   0.0000 (  0.0%)   0.0000 (  0.0%)   0.0000 (  0.0%)   0.0005 (  0.0%)  Memory Dependence Analysis
   0.0000 (  0.0%)   0.0000 (  0.0%)   0.0000 (  0.0%)   0.0005 (  0.0%)  Function Alias Analysis Results
   0.0000 (  0.0%)   0.0000 (  0.0%)   0.0000 (  0.0%)   0.0005 (  0.0%)  Natural Loop Information
   0.0000 (  0.0%)   0.0000 (  0.0%)   0.0000 (  0.0%)   0.0005 (  0.0%)  Dominance Frontier Construction
   0.0000 (  0.0%)   0.0000 (  0.0%)   0.0000 (  0.0%)   0.0005 (  0.0%)  Canonicalize natural loops
   0.0000 (  0.0%)   0.0000 (  0.0%)   0.0000 (  0.0%)   0.0005 (  0.0%)  Basic Alias Analysis (stateless AA impl)
   0.0000 (  0.0%)   0.0000 (  0.0%)   0.0000 (  0.0%)   0.0005 (  0.0%)  Basic Alias Analysis (stateless AA impl)
   0.0000 (  0.0%)   0.0000 (  0.0%)   0.0000 (  0.0%)   0.0005 (  0.0%)  Dominator Tree Construction
   0.0000 (  0.0%)   0.0000 (  0.0%)   0.0000 (  0.0%)   0.0005 (  0.0%)  Natural Loop Information
   0.0000 (  0.0%)   0.0000 (  0.0%)   0.0000 (  0.0%)   0.0005 (  0.0%)  Natural Loop Information
   0.0000 (  0.0%)   0.0000 (  0.0%)   0.0000 (  0.0%)   0.0004 (  0.0%)  Dominator Tree Construction
   0.0000 (  0.0%)   0.0000 (  0.0%)   0.0000 (  0.0%)   0.0004 (  0.0%)  Dominator Tree Construction
   0.0000 (  0.0%)   0.0000 (  0.0%)   0.0000 (  0.0%)   0.0004 (  0.0%)  Basic Alias Analysis (stateless AA impl)
   0.0000 (  0.0%)   0.0000 (  0.0%)   0.0000 (  0.0%)   0.0004 (  0.0%)  Function Alias Analysis Results
   0.0000 (  0.0%)   0.0000 (  0.0%)   0.0000 (  0.0%)   0.0004 (  0.0%)  Dead Argument Elimination
   0.0000 (  0.0%)   0.0000 (  0.0%)   0.0000 (  0.0%)   0.0004 (  0.0%)  Dominator Tree Construction
   0.0000 (  0.0%)   0.0000 (  0.0%)   0.0000 (  0.0%)   0.0004 (  0.0%)  Dominator Tree Construction
   0.0000 (  0.0%)   0.0000 (  0.0%)   0.0000 (  0.0%)   0.0004 (  0.0%)  ROM inference pass
   0.0000 (  0.0%)   0.0000 (  0.0%)   0.0000 (  0.0%)   0.0004 (  0.0%)  Dominator Tree Construction
   0.0000 (  0.0%)   0.0000 (  0.0%)   0.0000 (  0.0%)   0.0004 (  0.0%)  Basic Alias Analysis (stateless AA impl)
   0.0000 (  0.0%)   0.0000 (  0.0%)   0.0000 (  0.0%)   0.0004 (  0.0%)  Natural Loop Information
   0.0000 (  0.0%)   0.0000 (  0.0%)   0.0000 (  0.0%)   0.0004 (  0.0%)  Dead Argument Elimination
   0.0000 (  0.0%)   0.0000 (  0.0%)   0.0000 (  0.0%)   0.0004 (  0.0%)  Basic Alias Analysis (stateless AA impl)
   0.0000 (  0.0%)   0.0000 (  0.0%)   0.0000 (  0.0%)   0.0004 (  0.0%)  Detect single entry single exit regions
   0.0000 (  0.0%)   0.0000 (  0.0%)   0.0000 (  0.0%)   0.0004 (  0.0%)  Dominator Tree Construction
   0.0000 (  0.0%)   0.0000 (  0.0%)   0.0000 (  0.0%)   0.0004 (  0.0%)  Basic Alias Analysis (stateless AA impl)
   0.0000 (  0.0%)   0.0000 (  0.0%)   0.0000 (  0.0%)   0.0004 (  0.0%)  Dominator Tree Construction
   0.0000 (  0.0%)   0.0000 (  0.0%)   0.0000 (  0.0%)   0.0004 (  0.0%)  Memory Dependence Analysis
   0.0000 (  0.0%)   0.0000 (  0.0%)   0.0000 (  0.0%)   0.0004 (  0.0%)  Natural Loop Information
   0.0000 (  0.0%)   0.0000 (  0.0%)   0.0000 (  0.0%)   0.0004 (  0.0%)  Dominance Frontier Construction
   0.0000 (  0.0%)   0.0000 (  0.0%)   0.0000 (  0.0%)   0.0004 (  0.0%)  Basic Alias Analysis (stateless AA impl)
   0.0000 (  0.0%)   0.0000 (  0.0%)   0.0000 (  0.0%)   0.0004 (  0.0%)  Natural Loop Information
   0.0000 (  0.0%)   0.0000 (  0.0%)   0.0000 (  0.0%)   0.0004 (  0.0%)  Dominator Tree Construction
   0.0000 (  0.0%)   0.0000 (  0.0%)   0.0000 (  0.0%)   0.0004 (  0.0%)  Dominator Tree Construction
   0.0000 (  0.0%)   0.0000 (  0.0%)   0.0000 (  0.0%)   0.0004 (  0.0%)  Lazy Value Information Analysis
   0.0000 (  0.0%)   0.0000 (  0.0%)   0.0000 (  0.0%)   0.0004 (  0.0%)  Canonicalize natural loops
   0.0000 (  0.0%)   0.0000 (  0.0%)   0.0000 (  0.0%)   0.0004 (  0.0%)  Natural Loop Information
   0.0000 (  0.0%)   0.0000 (  0.0%)   0.0000 (  0.0%)   0.0004 (  0.0%)  Function Alias Analysis Results
   0.0000 (  0.0%)   0.0000 (  0.0%)   0.0000 (  0.0%)   0.0004 (  0.0%)  Basic Alias Analysis (stateless AA impl)
   0.0000 (  0.0%)   0.0000 (  0.0%)   0.0000 (  0.0%)   0.0004 (  0.0%)  Basic Alias Analysis (stateless AA impl)
   0.0000 (  0.0%)   0.0000 (  0.0%)   0.0000 (  0.0%)   0.0004 (  0.0%)  Dominator Tree Construction
   0.0000 (  0.0%)   0.0000 (  0.0%)   0.0000 (  0.0%)   0.0004 (  0.0%)  Function Alias Analysis Results
   0.0000 (  0.0%)   0.0000 (  0.0%)   0.0000 (  0.0%)   0.0004 (  0.0%)  Basic Alias Analysis (stateless AA impl)
   0.0000 (  0.0%)   0.0000 (  0.0%)   0.0000 (  0.0%)   0.0004 (  0.0%)  InferXCLAttributes - Infer XCL attributes
   0.0000 (  0.0%)   0.0000 (  0.0%)   0.0000 (  0.0%)   0.0004 (  0.0%)  Basic Alias Analysis (stateless AA impl)
   0.0000 (  0.0%)   0.0000 (  0.0%)   0.0000 (  0.0%)   0.0004 (  0.0%)  Infer set function attributes
   0.0000 (  0.0%)   0.0000 (  0.0%)   0.0000 (  0.0%)   0.0004 (  0.0%)  Basic Alias Analysis (stateless AA impl)
   0.0000 (  0.0%)   0.0000 (  0.0%)   0.0000 (  0.0%)   0.0004 (  0.0%)  Lazy Value Information Analysis
   0.0000 (  0.0%)   0.0000 (  0.0%)   0.0000 (  0.0%)   0.0004 (  0.0%)  Natural Loop Information
   0.0000 (  0.0%)   0.0000 (  0.0%)   0.0000 (  0.0%)   0.0004 (  0.0%)  Basic Alias Analysis (stateless AA impl)
   0.0000 (  0.0%)   0.0000 (  0.0%)   0.0000 (  0.0%)   0.0004 (  0.0%)  Dominator Tree Construction
   0.0000 (  0.0%)   0.0000 (  0.0%)   0.0000 (  0.0%)   0.0004 (  0.0%)  Dominator Tree Construction
   0.0000 (  0.0%)   0.0000 (  0.0%)   0.0000 (  0.0%)   0.0004 (  0.0%)  Canonicalize natural loops
   0.0000 (  0.0%)   0.0000 (  0.0%)   0.0000 (  0.0%)   0.0004 (  0.0%)  Natural Loop Information
   0.0000 (  0.0%)   0.0000 (  0.0%)   0.0000 (  0.0%)   0.0004 (  0.0%)  Function Alias Analysis Results
   0.0000 (  0.0%)   0.0000 (  0.0%)   0.0000 (  0.0%)   0.0004 (  0.0%)  Basic Alias Analysis (stateless AA impl)
   0.0000 (  0.0%)   0.0000 (  0.0%)   0.0000 (  0.0%)   0.0004 (  0.0%)  Basic Alias Analysis (stateless AA impl)
   0.0000 (  0.0%)   0.0000 (  0.0%)   0.0000 (  0.0%)   0.0004 (  0.0%)  Dominator Tree Construction
   0.0000 (  0.0%)   0.0000 (  0.0%)   0.0000 (  0.0%)   0.0004 (  0.0%)  Scalar Evolution Analysis
   0.0000 (  0.0%)   0.0000 (  0.0%)   0.0000 (  0.0%)   0.0004 (  0.0%)  Function Alias Analysis Results
   0.0000 (  0.0%)   0.0000 (  0.0%)   0.0000 (  0.0%)   0.0004 (  0.0%)  Lazy Value Information Analysis
   0.0000 (  0.0%)   0.0000 (  0.0%)   0.0000 (  0.0%)   0.0004 (  0.0%)  Dominator Tree Construction
   0.0000 (  0.0%)   0.0000 (  0.0%)   0.0000 (  0.0%)   0.0004 (  0.0%)  Scalar Evolution Analysis
   0.0000 (  0.0%)   0.0000 (  0.0%)   0.0000 (  0.0%)   0.0004 (  0.0%)  Canonicalize natural loops
   0.0000 (  0.0%)   0.0000 (  0.0%)   0.0000 (  0.0%)   0.0004 (  0.0%)  Basic Alias Analysis (stateless AA impl)
   0.0000 (  0.0%)   0.0000 (  0.0%)   0.0000 (  0.0%)   0.0004 (  0.0%)  Scalar Evolution Analysis
   0.0000 (  0.0%)   0.0000 (  0.0%)   0.0000 (  0.0%)   0.0004 (  0.0%)  Basic Alias Analysis (stateless AA impl)
   0.0000 (  0.0%)   0.0000 (  0.0%)   0.0000 (  0.0%)   0.0004 (  0.0%)  Dominator Tree Construction
   0.0000 (  0.0%)   0.0000 (  0.0%)   0.0000 (  0.0%)   0.0004 (  0.0%)  Infer nuw/nsw flags for instructions
   0.0000 (  0.0%)   0.0000 (  0.0%)   0.0000 (  0.0%)   0.0004 (  0.0%)  Memory Dependence Analysis
   0.0000 (  0.0%)   0.0000 (  0.0%)   0.0000 (  0.0%)   0.0004 (  0.0%)  Detect single entry single exit regions
   0.0000 (  0.0%)   0.0000 (  0.0%)   0.0000 (  0.0%)   0.0004 (  0.0%)  Basic Alias Analysis (stateless AA impl)
   0.0000 (  0.0%)   0.0000 (  0.0%)   0.0000 (  0.0%)   0.0004 (  0.0%)  Natural Loop Information
   0.0000 (  0.0%)   0.0000 (  0.0%)   0.0000 (  0.0%)   0.0004 (  0.0%)  Expand private memory for each workitem in SPMD program
   0.0000 (  0.0%)   0.0000 (  0.0%)   0.0000 (  0.0%)   0.0004 (  0.0%)  Basic Alias Analysis (stateless AA impl)
   0.0000 (  0.0%)   0.0000 (  0.0%)   0.0000 (  0.0%)   0.0004 (  0.0%)  Scalar Evolution Analysis
   0.0000 (  0.0%)   0.0000 (  0.0%)   0.0000 (  0.0%)   0.0004 (  0.0%)  Natural Loop Information
   0.0000 (  0.0%)   0.0000 (  0.0%)   0.0000 (  0.0%)   0.0004 (  0.0%)  Canonicalize natural loops
   0.0000 (  0.0%)   0.0000 (  0.0%)   0.0000 (  0.0%)   0.0004 (  0.0%)  Infer nuw/nsw flags for instructions
   0.0000 (  0.0%)   0.0000 (  0.0%)   0.0000 (  0.0%)   0.0004 (  0.0%)  Natural Loop Information
   0.0000 (  0.0%)   0.0000 (  0.0%)   0.0000 (  0.0%)   0.0004 (  0.0%)  Lazy Value Information Analysis
   0.0000 (  0.0%)   0.0000 (  0.0%)   0.0000 (  0.0%)   0.0004 (  0.0%)  Natural Loop Information
   0.0000 (  0.0%)   0.0000 (  0.0%)   0.0000 (  0.0%)   0.0004 (  0.0%)  Basic Alias Analysis (stateless AA impl)
   0.0000 (  0.0%)   0.0000 (  0.0%)   0.0000 (  0.0%)   0.0004 (  0.0%)  Basic Alias Analysis (stateless AA impl)
   0.0000 (  0.0%)   0.0000 (  0.0%)   0.0000 (  0.0%)   0.0004 (  0.0%)  Dominator Tree Construction
   0.0000 (  0.0%)   0.0000 (  0.0%)   0.0000 (  0.0%)   0.0004 (  0.0%)  Natural Loop Information
   0.0000 (  0.0%)   0.0000 (  0.0%)   0.0000 (  0.0%)   0.0004 (  0.0%)  Natural Loop Information
   0.0000 (  0.0%)   0.0000 (  0.0%)   0.0000 (  0.0%)   0.0004 (  0.0%)  Basic Alias Analysis (stateless AA impl)
   0.0000 (  0.0%)   0.0000 (  0.0%)   0.0000 (  0.0%)   0.0004 (  0.0%)  Scalar Evolution Analysis
   0.0000 (  0.0%)   0.0000 (  0.0%)   0.0000 (  0.0%)   0.0004 (  0.0%)  Canonicalize natural loops
   0.0156 (  0.0%)   0.0000 (  0.0%)   0.0156 (  0.0%)   0.0004 (  0.0%)  Basic Alias Analysis (stateless AA impl)
   0.0000 (  0.0%)   0.0000 (  0.0%)   0.0000 (  0.0%)   0.0003 (  0.0%)  Natural Loop Information
   0.0000 (  0.0%)   0.0000 (  0.0%)   0.0000 (  0.0%)   0.0003 (  0.0%)  Basic Alias Analysis (stateless AA impl)
   0.0000 (  0.0%)   0.0000 (  0.0%)   0.0000 (  0.0%)   0.0003 (  0.0%)  Basic Alias Analysis (stateless AA impl)
   0.0000 (  0.0%)   0.0000 (  0.0%)   0.0000 (  0.0%)   0.0003 (  0.0%)  Basic Alias Analysis (stateless AA impl)
   0.0000 (  0.0%)   0.0000 (  0.0%)   0.0000 (  0.0%)   0.0003 (  0.0%)  Natural Loop Information
   0.0000 (  0.0%)   0.0000 (  0.0%)   0.0000 (  0.0%)   0.0003 (  0.0%)  Lazy Value Information Analysis
   0.0000 (  0.0%)   0.0000 (  0.0%)   0.0000 (  0.0%)   0.0003 (  0.0%)  Post-Dominator Tree Construction
   0.0000 (  0.0%)   0.0000 (  0.0%)   0.0000 (  0.0%)   0.0003 (  0.0%)  Lazy Block Frequency Analysis
   0.0000 (  0.0%)   0.0000 (  0.0%)   0.0000 (  0.0%)   0.0003 (  0.0%)  Basic Alias Analysis (stateless AA impl)
   0.0000 (  0.0%)   0.0000 (  0.0%)   0.0000 (  0.0%)   0.0003 (  0.0%)  Lazy Value Information Analysis
   0.0000 (  0.0%)   0.0000 (  0.0%)   0.0000 (  0.0%)   0.0003 (  0.0%)  LoopDepAnalysis - Reflow Loop Dependence Annotation
   0.0000 (  0.0%)   0.0000 (  0.0%)   0.0000 (  0.0%)   0.0003 (  0.0%)  Basic Alias Analysis (stateless AA impl)
   0.0156 (  0.0%)   0.0000 (  0.0%)   0.0156 (  0.0%)   0.0003 (  0.0%)  Function Alias Analysis Results
   0.0000 (  0.0%)   0.0000 (  0.0%)   0.0000 (  0.0%)   0.0003 (  0.0%)  Post-Dominator Tree Construction
   0.0000 (  0.0%)   0.0000 (  0.0%)   0.0000 (  0.0%)   0.0003 (  0.0%)  Scalar Evolution Analysis
   0.0000 (  0.0%)   0.0000 (  0.0%)   0.0000 (  0.0%)   0.0003 (  0.0%)  Lazy Value Information Analysis
   0.0000 (  0.0%)   0.0000 (  0.0%)   0.0000 (  0.0%)   0.0003 (  0.0%)  Natural Loop Information
   0.0000 (  0.0%)   0.0000 (  0.0%)   0.0000 (  0.0%)   0.0003 (  0.0%)  Basic Alias Analysis (stateless AA impl)
   0.0000 (  0.0%)   0.0000 (  0.0%)   0.0000 (  0.0%)   0.0003 (  0.0%)  Scalar Evolution Analysis
   0.0000 (  0.0%)   0.0000 (  0.0%)   0.0000 (  0.0%)   0.0003 (  0.0%)  Natural Loop Information
   0.0000 (  0.0%)   0.0000 (  0.0%)   0.0000 (  0.0%)   0.0003 (  0.0%)  Basic Alias Analysis (stateless AA impl)
   0.0000 (  0.0%)   0.0000 (  0.0%)   0.0000 (  0.0%)   0.0003 (  0.0%)  Natural Loop Information
   0.0000 (  0.0%)   0.0000 (  0.0%)   0.0000 (  0.0%)   0.0003 (  0.0%)  Scalar Evolution Analysis
   0.0000 (  0.0%)   0.0000 (  0.0%)   0.0000 (  0.0%)   0.0003 (  0.0%)  Basic Alias Analysis (stateless AA impl)
   0.0000 (  0.0%)   0.0000 (  0.0%)   0.0000 (  0.0%)   0.0003 (  0.0%)  Dominator Tree Construction
   0.0000 (  0.0%)   0.0000 (  0.0%)   0.0000 (  0.0%)   0.0003 (  0.0%)  Scalar Evolution Analysis
   0.0000 (  0.0%)   0.0000 (  0.0%)   0.0000 (  0.0%)   0.0003 (  0.0%)  Natural Loop Information
   0.0000 (  0.0%)   0.0000 (  0.0%)   0.0000 (  0.0%)   0.0003 (  0.0%)  Natural Loop Information
   0.0000 (  0.0%)   0.0000 (  0.0%)   0.0000 (  0.0%)   0.0003 (  0.0%)  Natural Loop Information
   0.0000 (  0.0%)   0.0000 (  0.0%)   0.0000 (  0.0%)   0.0003 (  0.0%)  Canonicalize natural loops
   0.0000 (  0.0%)   0.0000 (  0.0%)   0.0000 (  0.0%)   0.0003 (  0.0%)  Canonicalize natural loops
   0.0000 (  0.0%)   0.0000 (  0.0%)   0.0000 (  0.0%)   0.0003 (  0.0%)  Post-Dominator Tree Construction
   0.0000 (  0.0%)   0.0000 (  0.0%)   0.0000 (  0.0%)   0.0003 (  0.0%)  Scalar Evolution Analysis
   0.0000 (  0.0%)   0.0000 (  0.0%)   0.0000 (  0.0%)   0.0003 (  0.0%)  Basic Alias Analysis (stateless AA impl)
   0.0000 (  0.0%)   0.0000 (  0.0%)   0.0000 (  0.0%)   0.0003 (  0.0%)  Natural Loop Information
   0.0000 (  0.0%)   0.0000 (  0.0%)   0.0000 (  0.0%)   0.0003 (  0.0%)  Dominator Tree Construction
   0.0000 (  0.0%)   0.0000 (  0.0%)   0.0000 (  0.0%)   0.0003 (  0.0%)  Natural Loop Information
   0.0000 (  0.0%)   0.0000 (  0.0%)   0.0000 (  0.0%)   0.0003 (  0.0%)  Scalar Evolution Analysis
   0.0000 (  0.0%)   0.0000 (  0.0%)   0.0000 (  0.0%)   0.0003 (  0.0%)  Function Alias Analysis Results
   0.0000 (  0.0%)   0.0000 (  0.0%)   0.0000 (  0.0%)   0.0003 (  0.0%)  Natural Loop Information
   0.0000 (  0.0%)   0.0000 (  0.0%)   0.0000 (  0.0%)   0.0003 (  0.0%)  Outline pipeline stages
   0.0000 (  0.0%)   0.0000 (  0.0%)   0.0000 (  0.0%)   0.0003 (  0.0%)  Natural Loop Information
   0.0000 (  0.0%)   0.0000 (  0.0%)   0.0000 (  0.0%)   0.0003 (  0.0%)  Canonicalize natural loops
   0.0000 (  0.0%)   0.0000 (  0.0%)   0.0000 (  0.0%)   0.0003 (  0.0%)  Dominator Tree Construction
   0.0000 (  0.0%)   0.0000 (  0.0%)   0.0000 (  0.0%)   0.0003 (  0.0%)  Dominator Tree Construction
   0.0000 (  0.0%)   0.0000 (  0.0%)   0.0000 (  0.0%)   0.0003 (  0.0%)  Dominator Tree Construction
   0.0000 (  0.0%)   0.0000 (  0.0%)   0.0000 (  0.0%)   0.0003 (  0.0%)  Disaggregation preprocessing
   0.0000 (  0.0%)   0.0000 (  0.0%)   0.0000 (  0.0%)   0.0003 (  0.0%)  Basic Alias Analysis (stateless AA impl)
   0.0000 (  0.0%)   0.0000 (  0.0%)   0.0000 (  0.0%)   0.0003 (  0.0%)  Dependence Analysis
   0.0000 (  0.0%)   0.0000 (  0.0%)   0.0000 (  0.0%)   0.0003 (  0.0%)  Scalar Evolution Analysis
   0.0000 (  0.0%)   0.0000 (  0.0%)   0.0000 (  0.0%)   0.0003 (  0.0%)  Natural Loop Information
   0.0000 (  0.0%)   0.0000 (  0.0%)   0.0000 (  0.0%)   0.0003 (  0.0%)  Natural Loop Information
   0.0000 (  0.0%)   0.0000 (  0.0%)   0.0000 (  0.0%)   0.0003 (  0.0%)  Canonicalize natural loops
   0.0000 (  0.0%)   0.0000 (  0.0%)   0.0000 (  0.0%)   0.0003 (  0.0%)  Basic Alias Analysis (stateless AA impl)
   0.0000 (  0.0%)   0.0000 (  0.0%)   0.0000 (  0.0%)   0.0003 (  0.0%)  Preprocessing before loop rotation
   0.0000 (  0.0%)   0.0000 (  0.0%)   0.0000 (  0.0%)   0.0003 (  0.0%)  Basic Alias Analysis (stateless AA impl)
   0.0000 (  0.0%)   0.0000 (  0.0%)   0.0000 (  0.0%)   0.0003 (  0.0%)  Basic Alias Analysis (stateless AA impl)
   0.0000 (  0.0%)   0.0000 (  0.0%)   0.0000 (  0.0%)   0.0003 (  0.0%)  Basic Alias Analysis (stateless AA impl)
   0.0000 (  0.0%)   0.0000 (  0.0%)   0.0000 (  0.0%)   0.0003 (  0.0%)  Lazy Value Information Analysis
   0.0000 (  0.0%)   0.0000 (  0.0%)   0.0000 (  0.0%)   0.0003 (  0.0%)  Natural Loop Information
   0.0000 (  0.0%)   0.0000 (  0.0%)   0.0000 (  0.0%)   0.0003 (  0.0%)  Natural Loop Information
   0.0000 (  0.0%)   0.0000 (  0.0%)   0.0000 (  0.0%)   0.0003 (  0.0%)  Scalar Evolution Analysis
   0.0000 (  0.0%)   0.0000 (  0.0%)   0.0000 (  0.0%)   0.0003 (  0.0%)  Natural Loop Information
   0.0000 (  0.0%)   0.0000 (  0.0%)   0.0000 (  0.0%)   0.0003 (  0.0%)  Natural Loop Information
   0.0000 (  0.0%)   0.0000 (  0.0%)   0.0000 (  0.0%)   0.0003 (  0.0%)  Post-Dominator Tree Construction
   0.0000 (  0.0%)   0.0000 (  0.0%)   0.0000 (  0.0%)   0.0003 (  0.0%)  Dominator Tree Construction
   0.0000 (  0.0%)   0.0000 (  0.0%)   0.0000 (  0.0%)   0.0003 (  0.0%)  Natural Loop Information
   0.0000 (  0.0%)   0.0000 (  0.0%)   0.0000 (  0.0%)   0.0003 (  0.0%)  Scalar Evolution Analysis
   0.0000 (  0.0%)   0.0000 (  0.0%)   0.0000 (  0.0%)   0.0003 (  0.0%)  Dominator Tree Construction
   0.0000 (  0.0%)   0.0000 (  0.0%)   0.0000 (  0.0%)   0.0003 (  0.0%)  Memory Dependence Analysis
   0.0000 (  0.0%)   0.0000 (  0.0%)   0.0000 (  0.0%)   0.0003 (  0.0%)  Dominator Tree Construction
   0.0000 (  0.0%)   0.0000 (  0.0%)   0.0000 (  0.0%)   0.0003 (  0.0%)  Post-Dominator Tree Construction
   0.0000 (  0.0%)   0.0000 (  0.0%)   0.0000 (  0.0%)   0.0003 (  0.0%)  Basic Alias Analysis (stateless AA impl)
   0.0000 (  0.0%)   0.0000 (  0.0%)   0.0000 (  0.0%)   0.0003 (  0.0%)  Basic Alias Analysis (stateless AA impl)
   0.0000 (  0.0%)   0.0000 (  0.0%)   0.0000 (  0.0%)   0.0003 (  0.0%)  Function Alias Analysis Results
   0.0000 (  0.0%)   0.0000 (  0.0%)   0.0000 (  0.0%)   0.0003 (  0.0%)  Natural Loop Information
   0.0000 (  0.0%)   0.0000 (  0.0%)   0.0000 (  0.0%)   0.0003 (  0.0%)  Natural Loop Information
   0.0000 (  0.0%)   0.0000 (  0.0%)   0.0000 (  0.0%)   0.0003 (  0.0%)  Basic Alias Analysis (stateless AA impl)
   0.0000 (  0.0%)   0.0000 (  0.0%)   0.0000 (  0.0%)   0.0003 (  0.0%)  Canonicalize natural loops
   0.0000 (  0.0%)   0.0000 (  0.0%)   0.0000 (  0.0%)   0.0003 (  0.0%)  Natural Loop Information
   0.0000 (  0.0%)   0.0000 (  0.0%)   0.0000 (  0.0%)   0.0003 (  0.0%)  Dominator Tree Construction
   0.0000 (  0.0%)   0.0000 (  0.0%)   0.0000 (  0.0%)   0.0003 (  0.0%)  Post-Dominator Tree Construction
   0.0000 (  0.0%)   0.0000 (  0.0%)   0.0000 (  0.0%)   0.0003 (  0.0%)  Scalar Evolution Analysis
   0.0000 (  0.0%)   0.0000 (  0.0%)   0.0000 (  0.0%)   0.0003 (  0.0%)  Dominator Tree Construction
   0.0000 (  0.0%)   0.0000 (  0.0%)   0.0000 (  0.0%)   0.0003 (  0.0%)  Scalar Evolution Analysis
   0.0000 (  0.0%)   0.0000 (  0.0%)   0.0000 (  0.0%)   0.0003 (  0.0%)  Basic Alias Analysis (stateless AA impl)
   0.0000 (  0.0%)   0.0000 (  0.0%)   0.0000 (  0.0%)   0.0003 (  0.0%)  Scalar Evolution Analysis
   0.0000 (  0.0%)   0.0000 (  0.0%)   0.0000 (  0.0%)   0.0003 (  0.0%)  Natural Loop Information
   0.0000 (  0.0%)   0.0000 (  0.0%)   0.0000 (  0.0%)   0.0003 (  0.0%)  Optimization Remark Emitter
   0.0000 (  0.0%)   0.0000 (  0.0%)   0.0000 (  0.0%)   0.0003 (  0.0%)  Canonicalize natural loops
   0.0000 (  0.0%)   0.0000 (  0.0%)   0.0000 (  0.0%)   0.0003 (  0.0%)  Dominator Tree Construction
   0.0000 (  0.0%)   0.0000 (  0.0%)   0.0000 (  0.0%)   0.0003 (  0.0%)  Natural Loop Information
   0.0000 (  0.0%)   0.0000 (  0.0%)   0.0000 (  0.0%)   0.0003 (  0.0%)  Natural Loop Information
   0.0000 (  0.0%)   0.0000 (  0.0%)   0.0000 (  0.0%)   0.0003 (  0.0%)  Natural Loop Information
   0.0000 (  0.0%)   0.0000 (  0.0%)   0.0000 (  0.0%)   0.0003 (  0.0%)  Post-Dominator Tree Construction
   0.0000 (  0.0%)   0.0000 (  0.0%)   0.0000 (  0.0%)   0.0003 (  0.0%)  Post-Dominator Tree Construction
   0.0000 (  0.0%)   0.0000 (  0.0%)   0.0000 (  0.0%)   0.0003 (  0.0%)  Lazy Value Information Analysis
   0.0000 (  0.0%)   0.0000 (  0.0%)   0.0000 (  0.0%)   0.0003 (  0.0%)  Post-Dominator Tree Construction
   0.0000 (  0.0%)   0.0000 (  0.0%)   0.0000 (  0.0%)   0.0003 (  0.0%)  Natural Loop Information
   0.0000 (  0.0%)   0.0000 (  0.0%)   0.0000 (  0.0%)   0.0003 (  0.0%)  Post-Dominator Tree Construction
   0.0000 (  0.0%)   0.0000 (  0.0%)   0.0000 (  0.0%)   0.0003 (  0.0%)  Natural Loop Information
   0.0000 (  0.0%)   0.0000 (  0.0%)   0.0000 (  0.0%)   0.0003 (  0.0%)  Scalar Evolution Analysis
   0.0000 (  0.0%)   0.0000 (  0.0%)   0.0000 (  0.0%)   0.0003 (  0.0%)  Dominator Tree Construction
   0.0000 (  0.0%)   0.0000 (  0.0%)   0.0000 (  0.0%)   0.0003 (  0.0%)  Natural Loop Information
   0.0000 (  0.0%)   0.0000 (  0.0%)   0.0000 (  0.0%)   0.0003 (  0.0%)  Basic Alias Analysis (stateless AA impl)
   0.0000 (  0.0%)   0.0000 (  0.0%)   0.0000 (  0.0%)   0.0003 (  0.0%)  Dependence Analysis
   0.0000 (  0.0%)   0.0000 (  0.0%)   0.0000 (  0.0%)   0.0003 (  0.0%)  Function Alias Analysis Results
   0.0000 (  0.0%)   0.0000 (  0.0%)   0.0000 (  0.0%)   0.0003 (  0.0%)  Natural Loop Information
   0.0000 (  0.0%)   0.0000 (  0.0%)   0.0000 (  0.0%)   0.0003 (  0.0%)  Natural Loop Information
   0.0000 (  0.0%)   0.0000 (  0.0%)   0.0000 (  0.0%)   0.0003 (  0.0%)  Function Alias Analysis Results
   0.0000 (  0.0%)   0.0000 (  0.0%)   0.0000 (  0.0%)   0.0003 (  0.0%)  Natural Loop Information
   0.0000 (  0.0%)   0.0000 (  0.0%)   0.0000 (  0.0%)   0.0003 (  0.0%)  Basic Alias Analysis (stateless AA impl)
   0.0000 (  0.0%)   0.0000 (  0.0%)   0.0000 (  0.0%)   0.0003 (  0.0%)  Basic Alias Analysis (stateless AA impl)
   0.0000 (  0.0%)   0.0000 (  0.0%)   0.0000 (  0.0%)   0.0003 (  0.0%)  Function Alias Analysis Results
   0.0000 (  0.0%)   0.0000 (  0.0%)   0.0000 (  0.0%)   0.0003 (  0.0%)  Scalar Evolution Analysis
   0.0000 (  0.0%)   0.0000 (  0.0%)   0.0000 (  0.0%)   0.0003 (  0.0%)  Scalar Evolution Analysis
   0.0000 (  0.0%)   0.0000 (  0.0%)   0.0000 (  0.0%)   0.0003 (  0.0%)  Function Alias Analysis Results
   0.0000 (  0.0%)   0.0000 (  0.0%)   0.0000 (  0.0%)   0.0003 (  0.0%)  Interface Analysis
   0.0000 (  0.0%)   0.0000 (  0.0%)   0.0000 (  0.0%)   0.0003 (  0.0%)  Memory Dependence Analysis
   0.0000 (  0.0%)   0.0000 (  0.0%)   0.0000 (  0.0%)   0.0003 (  0.0%)  Promote Memory to Register
   0.0000 (  0.0%)   0.0000 (  0.0%)   0.0000 (  0.0%)   0.0003 (  0.0%)  Natural Loop Information
   0.0000 (  0.0%)   0.0000 (  0.0%)   0.0000 (  0.0%)   0.0003 (  0.0%)  Function Alias Analysis Results
   0.0000 (  0.0%)   0.0000 (  0.0%)   0.0000 (  0.0%)   0.0003 (  0.0%)  Natural Loop Information
   0.0000 (  0.0%)   0.0000 (  0.0%)   0.0000 (  0.0%)   0.0003 (  0.0%)  Lazy Branch Probability Analysis
   0.0000 (  0.0%)   0.0000 (  0.0%)   0.0000 (  0.0%)   0.0003 (  0.0%)  Post-Dominator Tree Construction
   0.0000 (  0.0%)   0.0000 (  0.0%)   0.0000 (  0.0%)   0.0003 (  0.0%)  Post-Dominator Tree Construction
   0.0000 (  0.0%)   0.0000 (  0.0%)   0.0000 (  0.0%)   0.0003 (  0.0%)  Natural Loop Information
   0.0000 (  0.0%)   0.0000 (  0.0%)   0.0000 (  0.0%)   0.0003 (  0.0%)  Basic Alias Analysis (stateless AA impl)
   0.0000 (  0.0%)   0.0000 (  0.0%)   0.0000 (  0.0%)   0.0003 (  0.0%)  Natural Loop Information
   0.0000 (  0.0%)   0.0000 (  0.0%)   0.0000 (  0.0%)   0.0003 (  0.0%)  Natural Loop Information
   0.0000 (  0.0%)   0.0000 (  0.0%)   0.0000 (  0.0%)   0.0003 (  0.0%)  Scalar Evolution Analysis
   0.0000 (  0.0%)   0.0000 (  0.0%)   0.0000 (  0.0%)   0.0003 (  0.0%)  Natural Loop Information
   0.0000 (  0.0%)   0.0000 (  0.0%)   0.0000 (  0.0%)   0.0003 (  0.0%)  Scalar Evolution Analysis
   0.0000 (  0.0%)   0.0000 (  0.0%)   0.0000 (  0.0%)   0.0003 (  0.0%)  Dominator Tree Construction
   0.0000 (  0.0%)   0.0000 (  0.0%)   0.0000 (  0.0%)   0.0003 (  0.0%)  Natural Loop Information
   0.0000 (  0.0%)   0.0000 (  0.0%)   0.0000 (  0.0%)   0.0003 (  0.0%)  Basic Alias Analysis (stateless AA impl)
   0.0000 (  0.0%)   0.0000 (  0.0%)   0.0000 (  0.0%)   0.0003 (  0.0%)  Structure Decomposition
   0.0000 (  0.0%)   0.0000 (  0.0%)   0.0000 (  0.0%)   0.0003 (  0.0%)  Natural Loop Information
   0.0000 (  0.0%)   0.0000 (  0.0%)   0.0000 (  0.0%)   0.0003 (  0.0%)  Function Alias Analysis Results
   0.0000 (  0.0%)   0.0000 (  0.0%)   0.0000 (  0.0%)   0.0003 (  0.0%)  Function Alias Analysis Results
   0.0000 (  0.0%)   0.0000 (  0.0%)   0.0000 (  0.0%)   0.0003 (  0.0%)  Function Alias Analysis Results
   0.0000 (  0.0%)   0.0000 (  0.0%)   0.0000 (  0.0%)   0.0003 (  0.0%)  Natural Loop Information
   0.0000 (  0.0%)   0.0000 (  0.0%)   0.0000 (  0.0%)   0.0003 (  0.0%)  Function Alias Analysis Results
   0.0000 (  0.0%)   0.0000 (  0.0%)   0.0000 (  0.0%)   0.0003 (  0.0%)  Scalar Evolution Analysis
   0.0000 (  0.0%)   0.0000 (  0.0%)   0.0000 (  0.0%)   0.0003 (  0.0%)  Scalar Evolution Analysis
   0.0000 (  0.0%)   0.0000 (  0.0%)   0.0000 (  0.0%)   0.0003 (  0.0%)  Basic Alias Analysis (stateless AA impl)
   0.0000 (  0.0%)   0.0000 (  0.0%)   0.0000 (  0.0%)   0.0003 (  0.0%)  Dominator Tree Construction
   0.0000 (  0.0%)   0.0000 (  0.0%)   0.0000 (  0.0%)   0.0003 (  0.0%)  Scalar Evolution Analysis
   0.0000 (  0.0%)   0.0000 (  0.0%)   0.0000 (  0.0%)   0.0003 (  0.0%)  Lazy Branch Probability Analysis
   0.0000 (  0.0%)   0.0000 (  0.0%)   0.0000 (  0.0%)   0.0003 (  0.0%)  Scalar Evolution Analysis
   0.0000 (  0.0%)   0.0000 (  0.0%)   0.0000 (  0.0%)   0.0002 (  0.0%)  Basic Alias Analysis (stateless AA impl)
   0.0000 (  0.0%)   0.0000 (  0.0%)   0.0000 (  0.0%)   0.0002 (  0.0%)  Natural Loop Information
   0.0000 (  0.0%)   0.0000 (  0.0%)   0.0000 (  0.0%)   0.0002 (  0.0%)  Function Alias Analysis Results
   0.0000 (  0.0%)   0.0000 (  0.0%)   0.0000 (  0.0%)   0.0002 (  0.0%)  Memory Dependence Analysis
   0.0000 (  0.0%)   0.0000 (  0.0%)   0.0000 (  0.0%)   0.0002 (  0.0%)  Struct object aggregation
   0.0000 (  0.0%)   0.0000 (  0.0%)   0.0000 (  0.0%)   0.0002 (  0.0%)  Function Alias Analysis Results
   0.0000 (  0.0%)   0.0000 (  0.0%)   0.0000 (  0.0%)   0.0002 (  0.0%)  Basic Alias Analysis (stateless AA impl)
   0.0000 (  0.0%)   0.0000 (  0.0%)   0.0000 (  0.0%)   0.0002 (  0.0%)  Natural Loop Information
   0.0000 (  0.0%)   0.0000 (  0.0%)   0.0000 (  0.0%)   0.0002 (  0.0%)  Basic Alias Analysis (stateless AA impl)
   0.0000 (  0.0%)   0.0000 (  0.0%)   0.0000 (  0.0%)   0.0002 (  0.0%)  Dominator Tree Construction
   0.0000 (  0.0%)   0.0000 (  0.0%)   0.0000 (  0.0%)   0.0002 (  0.0%)  Scalar Evolution Analysis
   0.0000 (  0.0%)   0.0000 (  0.0%)   0.0000 (  0.0%)   0.0002 (  0.0%)  Dominator Tree Construction
   0.0000 (  0.0%)   0.0000 (  0.0%)   0.0000 (  0.0%)   0.0002 (  0.0%)  Function Alias Analysis Results
   0.0000 (  0.0%)   0.0000 (  0.0%)   0.0000 (  0.0%)   0.0002 (  0.0%)  Memory Dependence Analysis
   0.0000 (  0.0%)   0.0000 (  0.0%)   0.0000 (  0.0%)   0.0002 (  0.0%)  Function Alias Analysis Results
   0.0000 (  0.0%)   0.0000 (  0.0%)   0.0000 (  0.0%)   0.0002 (  0.0%)  Basic Alias Analysis (stateless AA impl)
   0.0000 (  0.0%)   0.0000 (  0.0%)   0.0000 (  0.0%)   0.0002 (  0.0%)  Loop-Closed SSA Form Pass
   0.0000 (  0.0%)   0.0000 (  0.0%)   0.0000 (  0.0%)   0.0002 (  0.0%)  Basic Alias Analysis (stateless AA impl)
   0.0000 (  0.0%)   0.0000 (  0.0%)   0.0000 (  0.0%)   0.0002 (  0.0%)  Dead Argument Elimination
   0.0000 (  0.0%)   0.0000 (  0.0%)   0.0000 (  0.0%)   0.0002 (  0.0%)  Function Alias Analysis Results
   0.0000 (  0.0%)   0.0000 (  0.0%)   0.0000 (  0.0%)   0.0002 (  0.0%)  Loop-Closed SSA Form Pass
   0.0000 (  0.0%)   0.0000 (  0.0%)   0.0000 (  0.0%)   0.0002 (  0.0%)  Scalar Evolution Analysis
   0.0000 (  0.0%)   0.0000 (  0.0%)   0.0000 (  0.0%)   0.0002 (  0.0%)  Natural Loop Information
   0.0000 (  0.0%)   0.0000 (  0.0%)   0.0000 (  0.0%)   0.0002 (  0.0%)  Dominator Tree Construction
   0.0000 (  0.0%)   0.0000 (  0.0%)   0.0000 (  0.0%)   0.0002 (  0.0%)  Basic Alias Analysis (stateless AA impl)
   0.0000 (  0.0%)   0.0000 (  0.0%)   0.0000 (  0.0%)   0.0002 (  0.0%)  Function Alias Analysis Results
   0.0000 (  0.0%)   0.0000 (  0.0%)   0.0000 (  0.0%)   0.0002 (  0.0%)  Basic Alias Analysis (stateless AA impl)
   0.0000 (  0.0%)   0.0000 (  0.0%)   0.0000 (  0.0%)   0.0002 (  0.0%)  Scalar Evolution Analysis
   0.0000 (  0.0%)   0.0000 (  0.0%)   0.0000 (  0.0%)   0.0002 (  0.0%)  Function Alias Analysis Results
   0.0000 (  0.0%)   0.0000 (  0.0%)   0.0000 (  0.0%)   0.0002 (  0.0%)  Lazy Branch Probability Analysis
   0.0000 (  0.0%)   0.0000 (  0.0%)   0.0000 (  0.0%)   0.0002 (  0.0%)  Function Alias Analysis Results
   0.0000 (  0.0%)   0.0000 (  0.0%)   0.0000 (  0.0%)   0.0002 (  0.0%)  Function Alias Analysis Results
   0.0000 (  0.0%)   0.0000 (  0.0%)   0.0000 (  0.0%)   0.0002 (  0.0%)  Memory Dependence Analysis
   0.0000 (  0.0%)   0.0000 (  0.0%)   0.0000 (  0.0%)   0.0002 (  0.0%)  Memory Dependence Analysis
   0.0000 (  0.0%)   0.0000 (  0.0%)   0.0000 (  0.0%)   0.0002 (  0.0%)  Dominator Tree Construction
   0.0000 (  0.0%)   0.0000 (  0.0%)   0.0000 (  0.0%)   0.0002 (  0.0%)  Basic Alias Analysis (stateless AA impl)
   0.0000 (  0.0%)   0.0000 (  0.0%)   0.0000 (  0.0%)   0.0002 (  0.0%)  Function Alias Analysis Results
   0.0000 (  0.0%)   0.0000 (  0.0%)   0.0000 (  0.0%)   0.0002 (  0.0%)  Basic Alias Analysis (stateless AA impl)
   0.0000 (  0.0%)   0.0000 (  0.0%)   0.0000 (  0.0%)   0.0002 (  0.0%)  Scalar Evolution Analysis
   0.0000 (  0.0%)   0.0000 (  0.0%)   0.0000 (  0.0%)   0.0002 (  0.0%)  Canonicalize natural loops
   0.0000 (  0.0%)   0.0000 (  0.0%)   0.0000 (  0.0%)   0.0002 (  0.0%)  Scalar Evolution Analysis
   0.0000 (  0.0%)   0.0000 (  0.0%)   0.0000 (  0.0%)   0.0002 (  0.0%)  Dominator Tree Construction
   0.0000 (  0.0%)   0.0000 (  0.0%)   0.0000 (  0.0%)   0.0002 (  0.0%)  Function Alias Analysis Results
   0.0000 (  0.0%)   0.0000 (  0.0%)   0.0000 (  0.0%)   0.0002 (  0.0%)  Function Alias Analysis Results
   0.0000 (  0.0%)   0.0000 (  0.0%)   0.0000 (  0.0%)   0.0002 (  0.0%)  Function Alias Analysis Results
   0.0000 (  0.0%)   0.0000 (  0.0%)   0.0000 (  0.0%)   0.0002 (  0.0%)  Dominator Tree Construction
   0.0000 (  0.0%)   0.0000 (  0.0%)   0.0000 (  0.0%)   0.0002 (  0.0%)  Dominator Tree Construction
   0.0000 (  0.0%)   0.0000 (  0.0%)   0.0000 (  0.0%)   0.0002 (  0.0%)  Memory Dependence Analysis
   0.0000 (  0.0%)   0.0000 (  0.0%)   0.0000 (  0.0%)   0.0002 (  0.0%)  Dominator Tree Construction
   0.0000 (  0.0%)   0.0000 (  0.0%)   0.0000 (  0.0%)   0.0002 (  0.0%)  Canonicalize natural loops
   0.0000 (  0.0%)   0.0000 (  0.0%)   0.0000 (  0.0%)   0.0002 (  0.0%)  Auto automatic array partition filter analysis
   0.0000 (  0.0%)   0.0000 (  0.0%)   0.0000 (  0.0%)   0.0002 (  0.0%)  Scalar Evolution Analysis
   0.0000 (  0.0%)   0.0000 (  0.0%)   0.0000 (  0.0%)   0.0002 (  0.0%)  Function Alias Analysis Results
   0.0000 (  0.0%)   0.0000 (  0.0%)   0.0000 (  0.0%)   0.0002 (  0.0%)  Scalar Evolution Analysis
   0.0000 (  0.0%)   0.0000 (  0.0%)   0.0000 (  0.0%)   0.0002 (  0.0%)  Basic Alias Analysis (stateless AA impl)
   0.0000 (  0.0%)   0.0000 (  0.0%)   0.0000 (  0.0%)   0.0002 (  0.0%)  Basic Alias Analysis (stateless AA impl)
   0.0000 (  0.0%)   0.0000 (  0.0%)   0.0000 (  0.0%)   0.0002 (  0.0%)  Basic Alias Analysis (stateless AA impl)
   0.0000 (  0.0%)   0.0000 (  0.0%)   0.0000 (  0.0%)   0.0002 (  0.0%)  Loop-Closed SSA Form Pass
   0.0000 (  0.0%)   0.0000 (  0.0%)   0.0000 (  0.0%)   0.0002 (  0.0%)  Memory Dependence Analysis
   0.0000 (  0.0%)   0.0000 (  0.0%)   0.0000 (  0.0%)   0.0002 (  0.0%)  Dominator Tree Construction
   0.0000 (  0.0%)   0.0000 (  0.0%)   0.0000 (  0.0%)   0.0002 (  0.0%)  Function Alias Analysis Results
   0.0000 (  0.0%)   0.0000 (  0.0%)   0.0000 (  0.0%)   0.0002 (  0.0%)  Basic Alias Analysis (stateless AA impl)
   0.0000 (  0.0%)   0.0000 (  0.0%)   0.0000 (  0.0%)   0.0002 (  0.0%)  Memory Dependence Analysis
   0.0000 (  0.0%)   0.0000 (  0.0%)   0.0000 (  0.0%)   0.0002 (  0.0%)  Dominator Tree Construction
   0.0000 (  0.0%)   0.0000 (  0.0%)   0.0000 (  0.0%)   0.0002 (  0.0%)  Natural Loop Information
   0.0000 (  0.0%)   0.0000 (  0.0%)   0.0000 (  0.0%)   0.0002 (  0.0%)  Natural Loop Information
   0.0000 (  0.0%)   0.0000 (  0.0%)   0.0000 (  0.0%)   0.0002 (  0.0%)  Optimization Remark Emitter
   0.0000 (  0.0%)   0.0000 (  0.0%)   0.0000 (  0.0%)   0.0002 (  0.0%)  Memory Dependence Analysis
   0.0000 (  0.0%)   0.0000 (  0.0%)   0.0000 (  0.0%)   0.0002 (  0.0%)  Canonicalize natural loops
   0.0000 (  0.0%)   0.0000 (  0.0%)   0.0000 (  0.0%)   0.0002 (  0.0%)  Natural Loop Information
   0.0000 (  0.0%)   0.0000 (  0.0%)   0.0000 (  0.0%)   0.0002 (  0.0%)  Dominator Tree Construction
   0.0000 (  0.0%)   0.0000 (  0.0%)   0.0000 (  0.0%)   0.0002 (  0.0%)  Vectorize the SPMD regions
   0.0000 (  0.0%)   0.0000 (  0.0%)   0.0000 (  0.0%)   0.0002 (  0.0%)  Function Alias Analysis Results
   0.0000 (  0.0%)   0.0000 (  0.0%)   0.0000 (  0.0%)   0.0002 (  0.0%)  Canonicalize natural loops
   0.0000 (  0.0%)   0.0000 (  0.0%)   0.0000 (  0.0%)   0.0002 (  0.0%)  Canonicalize natural loops
   0.0000 (  0.0%)   0.0000 (  0.0%)   0.0000 (  0.0%)   0.0002 (  0.0%)  Memory Dependence Analysis
   0.0000 (  0.0%)   0.0000 (  0.0%)   0.0000 (  0.0%)   0.0002 (  0.0%)  Function Alias Analysis Results
   0.0000 (  0.0%)   0.0000 (  0.0%)   0.0000 (  0.0%)   0.0002 (  0.0%)  Natural Loop Information
   0.0000 (  0.0%)   0.0000 (  0.0%)   0.0000 (  0.0%)   0.0002 (  0.0%)  Memory Dependence Analysis
   0.0000 (  0.0%)   0.0000 (  0.0%)   0.0000 (  0.0%)   0.0002 (  0.0%)  Basic Alias Analysis (stateless AA impl)
   0.0000 (  0.0%)   0.0000 (  0.0%)   0.0000 (  0.0%)   0.0002 (  0.0%)  Memory Dependence Analysis
   0.0000 (  0.0%)   0.0000 (  0.0%)   0.0000 (  0.0%)   0.0002 (  0.0%)  Function Alias Analysis Results
   0.0000 (  0.0%)   0.0000 (  0.0%)   0.0000 (  0.0%)   0.0002 (  0.0%)  Lower HLS related intrinsics
   0.0000 (  0.0%)   0.0000 (  0.0%)   0.0000 (  0.0%)   0.0002 (  0.0%)  Natural Loop Information
   0.0000 (  0.0%)   0.0000 (  0.0%)   0.0000 (  0.0%)   0.0002 (  0.0%)  Optimization Remark Emitter
   0.0000 (  0.0%)   0.0000 (  0.0%)   0.0000 (  0.0%)   0.0002 (  0.0%)  Dominator Tree Construction
   0.0000 (  0.0%)   0.0000 (  0.0%)   0.0000 (  0.0%)   0.0002 (  0.0%)  Function Alias Analysis Results
   0.0000 (  0.0%)   0.0000 (  0.0%)   0.0000 (  0.0%)   0.0002 (  0.0%)  Dominator Tree Construction
   0.0000 (  0.0%)   0.0000 (  0.0%)   0.0000 (  0.0%)   0.0002 (  0.0%)  Memory Dependence Analysis
   0.0000 (  0.0%)   0.0000 (  0.0%)   0.0000 (  0.0%)   0.0002 (  0.0%)  Memory Dependence Analysis
   0.0000 (  0.0%)   0.0000 (  0.0%)   0.0000 (  0.0%)   0.0002 (  0.0%)  Loop-Closed SSA Form Pass
   0.0000 (  0.0%)   0.0000 (  0.0%)   0.0000 (  0.0%)   0.0002 (  0.0%)  Natural Loop Information
   0.0000 (  0.0%)   0.0000 (  0.0%)   0.0000 (  0.0%)   0.0002 (  0.0%)  Dominator Tree Construction
   0.0000 (  0.0%)   0.0000 (  0.0%)   0.0000 (  0.0%)   0.0002 (  0.0%)  Dominator Tree Construction
   0.0000 (  0.0%)   0.0000 (  0.0%)   0.0000 (  0.0%)   0.0002 (  0.0%)  Dominator Tree Construction
   0.0000 (  0.0%)   0.0000 (  0.0%)   0.0000 (  0.0%)   0.0002 (  0.0%)  Natural Loop Information
   0.0000 (  0.0%)   0.0000 (  0.0%)   0.0000 (  0.0%)   0.0002 (  0.0%)  Natural Loop Information
   0.0000 (  0.0%)   0.0000 (  0.0%)   0.0000 (  0.0%)   0.0002 (  0.0%)  Function Alias Analysis Results
   0.0000 (  0.0%)   0.0000 (  0.0%)   0.0000 (  0.0%)   0.0002 (  0.0%)  Lazy Block Frequency Analysis
   0.0000 (  0.0%)   0.0000 (  0.0%)   0.0000 (  0.0%)   0.0002 (  0.0%)  Lazy Branch Probability Analysis
   0.0000 (  0.0%)   0.0000 (  0.0%)   0.0000 (  0.0%)   0.0002 (  0.0%)  Memory Dependence Analysis
   0.0000 (  0.0%)   0.0000 (  0.0%)   0.0000 (  0.0%)   0.0002 (  0.0%)  Lazy Block Frequency Analysis
   0.0000 (  0.0%)   0.0000 (  0.0%)   0.0000 (  0.0%)   0.0002 (  0.0%)  Memory Dependence Analysis
   0.0000 (  0.0%)   0.0000 (  0.0%)   0.0000 (  0.0%)   0.0002 (  0.0%)  Natural Loop Information
   0.0000 (  0.0%)   0.0000 (  0.0%)   0.0000 (  0.0%)   0.0002 (  0.0%)  Lazy Value Information Analysis
   0.0000 (  0.0%)   0.0000 (  0.0%)   0.0000 (  0.0%)   0.0002 (  0.0%)  Scalar Evolution Analysis
   0.0000 (  0.0%)   0.0000 (  0.0%)   0.0000 (  0.0%)   0.0002 (  0.0%)  Natural Loop Information
   0.0000 (  0.0%)   0.0000 (  0.0%)   0.0000 (  0.0%)   0.0002 (  0.0%)  Basic Alias Analysis (stateless AA impl)
   0.0000 (  0.0%)   0.0000 (  0.0%)   0.0000 (  0.0%)   0.0002 (  0.0%)  Basic Alias Analysis (stateless AA impl)
   0.0000 (  0.0%)   0.0000 (  0.0%)   0.0000 (  0.0%)   0.0002 (  0.0%)  Simplify types in the LLVM IR, redundant type hierarchy
   0.0000 (  0.0%)   0.0000 (  0.0%)   0.0000 (  0.0%)   0.0002 (  0.0%)  Natural Loop Information
   0.0000 (  0.0%)   0.0000 (  0.0%)   0.0000 (  0.0%)   0.0002 (  0.0%)  Loop-Closed SSA Form Pass
   0.0000 (  0.0%)   0.0000 (  0.0%)   0.0000 (  0.0%)   0.0002 (  0.0%)  Loop-Closed SSA Form Pass
   0.0000 (  0.0%)   0.0000 (  0.0%)   0.0000 (  0.0%)   0.0002 (  0.0%)  Dominator Tree Construction
   0.0000 (  0.0%)   0.0000 (  0.0%)   0.0000 (  0.0%)   0.0002 (  0.0%)  Lazy Branch Probability Analysis
   0.0000 (  0.0%)   0.0000 (  0.0%)   0.0000 (  0.0%)   0.0002 (  0.0%)  Lower llvm.assume to _ssdm_AssertFail
   0.0000 (  0.0%)   0.0000 (  0.0%)   0.0000 (  0.0%)   0.0002 (  0.0%)  Rotate Loops
   0.0000 (  0.0%)   0.0000 (  0.0%)   0.0000 (  0.0%)   0.0002 (  0.0%)  Memory Dependence Analysis
   0.0000 (  0.0%)   0.0000 (  0.0%)   0.0000 (  0.0%)   0.0002 (  0.0%)  Optimization Remark Emitter
   0.0000 (  0.0%)   0.0000 (  0.0%)   0.0000 (  0.0%)   0.0002 (  0.0%)  Memory Dependence Analysis
   0.0000 (  0.0%)   0.0000 (  0.0%)   0.0000 (  0.0%)   0.0002 (  0.0%)  Optimization Remark Emitter
   0.0000 (  0.0%)   0.0000 (  0.0%)   0.0000 (  0.0%)   0.0002 (  0.0%)  LCSSA Verifier
   0.0000 (  0.0%)   0.0000 (  0.0%)   0.0000 (  0.0%)   0.0002 (  0.0%)  LCSSA Verifier
   0.0000 (  0.0%)   0.0000 (  0.0%)   0.0000 (  0.0%)   0.0002 (  0.0%)  Memory Dependence Analysis
   0.0000 (  0.0%)   0.0000 (  0.0%)   0.0000 (  0.0%)   0.0002 (  0.0%)  Memory Dependence Analysis
   0.0000 (  0.0%)   0.0000 (  0.0%)   0.0000 (  0.0%)   0.0002 (  0.0%)  Scalar Evolution Analysis
   0.0000 (  0.0%)   0.0000 (  0.0%)   0.0000 (  0.0%)   0.0002 (  0.0%)  Natural Loop Information
   0.0000 (  0.0%)   0.0000 (  0.0%)   0.0000 (  0.0%)   0.0002 (  0.0%)  Scalar Evolution Analysis
   0.0000 (  0.0%)   0.0000 (  0.0%)   0.0000 (  0.0%)   0.0002 (  0.0%)  Scalar Evolution Analysis
   0.0000 (  0.0%)   0.0000 (  0.0%)   0.0000 (  0.0%)   0.0002 (  0.0%)  Dominator Tree Construction
   0.0000 (  0.0%)   0.0000 (  0.0%)   0.0000 (  0.0%)   0.0002 (  0.0%)  Scalar Evolution Analysis
   0.0000 (  0.0%)   0.0000 (  0.0%)   0.0000 (  0.0%)   0.0002 (  0.0%)  Lazy Value Information Analysis
   0.0000 (  0.0%)   0.0000 (  0.0%)   0.0000 (  0.0%)   0.0002 (  0.0%)  Loop Invariant Code Motion
   0.0000 (  0.0%)   0.0000 (  0.0%)   0.0000 (  0.0%)   0.0002 (  0.0%)  Lazy Value Information Analysis
   0.0000 (  0.0%)   0.0000 (  0.0%)   0.0000 (  0.0%)   0.0002 (  0.0%)  Dominator Tree Construction
   0.0000 (  0.0%)   0.0000 (  0.0%)   0.0000 (  0.0%)   0.0002 (  0.0%)  Scalar Evolution Analysis
   0.0000 (  0.0%)   0.0000 (  0.0%)   0.0000 (  0.0%)   0.0002 (  0.0%)  Promote Memory to Register
   0.0000 (  0.0%)   0.0000 (  0.0%)   0.0000 (  0.0%)   0.0002 (  0.0%)  LoopDepAnalysis - Reflow Loop Dependence Annotation
   0.0000 (  0.0%)   0.0000 (  0.0%)   0.0000 (  0.0%)   0.0002 (  0.0%)  Memory Dependence Analysis
   0.0000 (  0.0%)   0.0000 (  0.0%)   0.0000 (  0.0%)   0.0002 (  0.0%)  Natural Loop Information
   0.0000 (  0.0%)   0.0000 (  0.0%)   0.0000 (  0.0%)   0.0002 (  0.0%)  Basic Alias Analysis (stateless AA impl)
   0.0000 (  0.0%)   0.0000 (  0.0%)   0.0000 (  0.0%)   0.0002 (  0.0%)  SeqAccessesInference - Infer Sequential accesses for HLS C/C++
   0.0000 (  0.0%)   0.0000 (  0.0%)   0.0000 (  0.0%)   0.0002 (  0.0%)  Basic Alias Analysis (stateless AA impl)
   0.0000 (  0.0%)   0.0000 (  0.0%)   0.0000 (  0.0%)   0.0002 (  0.0%)  Dominator Tree Construction
   0.0000 (  0.0%)   0.0000 (  0.0%)   0.0000 (  0.0%)   0.0002 (  0.0%)  Loop-Closed SSA Form Pass
   0.0000 (  0.0%)   0.0000 (  0.0%)   0.0000 (  0.0%)   0.0002 (  0.0%)  Loop-Closed SSA Form Pass
   0.0000 (  0.0%)   0.0000 (  0.0%)   0.0000 (  0.0%)   0.0002 (  0.0%)  Basic Alias Analysis (stateless AA impl)
   0.0000 (  0.0%)   0.0000 (  0.0%)   0.0000 (  0.0%)   0.0002 (  0.0%)  Lazy Block Frequency Analysis
   0.0000 (  0.0%)   0.0000 (  0.0%)   0.0000 (  0.0%)   0.0002 (  0.0%)  Natural Loop Information
   0.0000 (  0.0%)   0.0000 (  0.0%)   0.0000 (  0.0%)   0.0002 (  0.0%)  Dominator Tree Construction
   0.0000 (  0.0%)   0.0000 (  0.0%)   0.0000 (  0.0%)   0.0002 (  0.0%)  Natural Loop Information
   0.0000 (  0.0%)   0.0000 (  0.0%)   0.0000 (  0.0%)   0.0002 (  0.0%)  Optimization Remark Emitter
   0.0000 (  0.0%)   0.0000 (  0.0%)   0.0000 (  0.0%)   0.0002 (  0.0%)  Dominator Tree Construction
   0.0000 (  0.0%)   0.0000 (  0.0%)   0.0000 (  0.0%)   0.0002 (  0.0%)  Basic Alias Analysis (stateless AA impl)
   0.0000 (  0.0%)   0.0000 (  0.0%)   0.0000 (  0.0%)   0.0002 (  0.0%)  Memory Dependence Analysis
   0.0000 (  0.0%)   0.0000 (  0.0%)   0.0000 (  0.0%)   0.0002 (  0.0%)  Optimization Remark Emitter
   0.0000 (  0.0%)   0.0000 (  0.0%)   0.0000 (  0.0%)   0.0002 (  0.0%)  Canonicalize natural loops
   0.0000 (  0.0%)   0.0000 (  0.0%)   0.0000 (  0.0%)   0.0002 (  0.0%)  Basic Alias Analysis (stateless AA impl)
   0.0000 (  0.0%)   0.0000 (  0.0%)   0.0000 (  0.0%)   0.0002 (  0.0%)  Dominator Tree Construction
   0.0000 (  0.0%)   0.0000 (  0.0%)   0.0000 (  0.0%)   0.0002 (  0.0%)  Scalar Evolution Analysis
   0.0000 (  0.0%)   0.0000 (  0.0%)   0.0000 (  0.0%)   0.0002 (  0.0%)  Canonicalize natural loops
   0.0000 (  0.0%)   0.0000 (  0.0%)   0.0000 (  0.0%)   0.0002 (  0.0%)  Scalar Evolution Analysis
   0.0000 (  0.0%)   0.0000 (  0.0%)   0.0000 (  0.0%)   0.0002 (  0.0%)  Lower BINDOP scope bundle
   0.0000 (  0.0%)   0.0000 (  0.0%)   0.0000 (  0.0%)   0.0002 (  0.0%)  Memory Dependence Analysis
   0.0000 (  0.0%)   0.0000 (  0.0%)   0.0000 (  0.0%)   0.0002 (  0.0%)  Scalar Evolution Analysis
   0.0000 (  0.0%)   0.0000 (  0.0%)   0.0000 (  0.0%)   0.0002 (  0.0%)  Loop-Closed SSA Form Pass
   0.0000 (  0.0%)   0.0000 (  0.0%)   0.0000 (  0.0%)   0.0002 (  0.0%)  Memory Dependence Analysis
   0.0000 (  0.0%)   0.0000 (  0.0%)   0.0000 (  0.0%)   0.0002 (  0.0%)  InferXCLAttrImplications - Infer XCL attribute implications
   0.0000 (  0.0%)   0.0000 (  0.0%)   0.0000 (  0.0%)   0.0002 (  0.0%)  Basic Alias Analysis (stateless AA impl)
   0.0000 (  0.0%)   0.0000 (  0.0%)   0.0000 (  0.0%)   0.0002 (  0.0%)  Memory Dependence Analysis
   0.0000 (  0.0%)   0.0000 (  0.0%)   0.0000 (  0.0%)   0.0002 (  0.0%)  Lazy Block Frequency Analysis
   0.0000 (  0.0%)   0.0000 (  0.0%)   0.0000 (  0.0%)   0.0001 (  0.0%)  Natural Loop Information
   0.0000 (  0.0%)   0.0000 (  0.0%)   0.0000 (  0.0%)   0.0001 (  0.0%)  Lazy Block Frequency Analysis
   0.0000 (  0.0%)   0.0000 (  0.0%)   0.0000 (  0.0%)   0.0001 (  0.0%)  Scalar Evolution Analysis
   0.0000 (  0.0%)   0.0000 (  0.0%)   0.0000 (  0.0%)   0.0001 (  0.0%)  Function Alias Analysis Results
   0.0000 (  0.0%)   0.0000 (  0.0%)   0.0000 (  0.0%)   0.0001 (  0.0%)  Canonicalize natural loops
   0.0000 (  0.0%)   0.0000 (  0.0%)   0.0000 (  0.0%)   0.0001 (  0.0%)  Lazy Branch Probability Analysis
   0.0000 (  0.0%)   0.0000 (  0.0%)   0.0000 (  0.0%)   0.0001 (  0.0%)  Scalar Evolution Analysis
   0.0000 (  0.0%)   0.0000 (  0.0%)   0.0000 (  0.0%)   0.0001 (  0.0%)  Optimization Remark Emitter
   0.0000 (  0.0%)   0.0000 (  0.0%)   0.0000 (  0.0%)   0.0001 (  0.0%)  Lazy Value Information Analysis
   0.0000 (  0.0%)   0.0000 (  0.0%)   0.0000 (  0.0%)   0.0001 (  0.0%)  Natural Loop Information
   0.0000 (  0.0%)   0.0000 (  0.0%)   0.0000 (  0.0%)   0.0001 (  0.0%)  Memory Dependence Analysis
   0.0000 (  0.0%)   0.0000 (  0.0%)   0.0000 (  0.0%)   0.0001 (  0.0%)  Natural Loop Information
   0.0000 (  0.0%)   0.0000 (  0.0%)   0.0000 (  0.0%)   0.0001 (  0.0%)  Memory Dependence Analysis
   0.0000 (  0.0%)   0.0000 (  0.0%)   0.0000 (  0.0%)   0.0001 (  0.0%)  Basic Alias Analysis (stateless AA impl)
   0.0000 (  0.0%)   0.0000 (  0.0%)   0.0000 (  0.0%)   0.0001 (  0.0%)  Scalar Evolution Analysis
   0.0000 (  0.0%)   0.0000 (  0.0%)   0.0000 (  0.0%)   0.0001 (  0.0%)  Natural Loop Information
   0.0000 (  0.0%)   0.0000 (  0.0%)   0.0000 (  0.0%)   0.0001 (  0.0%)  Lazy Branch Probability Analysis
   0.0000 (  0.0%)   0.0000 (  0.0%)   0.0000 (  0.0%)   0.0001 (  0.0%)  Scalar Evolution Analysis
   0.0000 (  0.0%)   0.0000 (  0.0%)   0.0000 (  0.0%)   0.0001 (  0.0%)  Interface Analysis
   0.0000 (  0.0%)   0.0000 (  0.0%)   0.0000 (  0.0%)   0.0001 (  0.0%)  Natural Loop Information
   0.0000 (  0.0%)   0.0000 (  0.0%)   0.0000 (  0.0%)   0.0001 (  0.0%)  Loop-Closed SSA Form Pass
   0.0000 (  0.0%)   0.0000 (  0.0%)   0.0000 (  0.0%)   0.0001 (  0.0%)  Memory Dependence Analysis
   0.0000 (  0.0%)   0.0000 (  0.0%)   0.0000 (  0.0%)   0.0001 (  0.0%)  Lazy Branch Probability Analysis
   0.0000 (  0.0%)   0.0000 (  0.0%)   0.0000 (  0.0%)   0.0001 (  0.0%)  Memory Dependence Analysis
   0.0000 (  0.0%)   0.0000 (  0.0%)   0.0000 (  0.0%)   0.0001 (  0.0%)  Lazy Branch Probability Analysis
   0.0000 (  0.0%)   0.0000 (  0.0%)   0.0000 (  0.0%)   0.0001 (  0.0%)  Canonicalize natural loops
   0.0000 (  0.0%)   0.0000 (  0.0%)   0.0000 (  0.0%)   0.0001 (  0.0%)  Memory Dependence Analysis
   0.0000 (  0.0%)   0.0000 (  0.0%)   0.0000 (  0.0%)   0.0001 (  0.0%)  InterfaceCheck - Check Interface
   0.0000 (  0.0%)   0.0000 (  0.0%)   0.0000 (  0.0%)   0.0001 (  0.0%)  Basic Alias Analysis (stateless AA impl)
   0.0000 (  0.0%)   0.0000 (  0.0%)   0.0000 (  0.0%)   0.0001 (  0.0%)  Assign names to anonymous instructions (structure based)
   0.0000 (  0.0%)   0.0000 (  0.0%)   0.0000 (  0.0%)   0.0001 (  0.0%)  Simplify loop CFG
   0.0000 (  0.0%)   0.0000 (  0.0%)   0.0000 (  0.0%)   0.0001 (  0.0%)  Natural Loop Information
   0.0000 (  0.0%)   0.0000 (  0.0%)   0.0000 (  0.0%)   0.0001 (  0.0%)  Natural Loop Information
   0.0000 (  0.0%)   0.0000 (  0.0%)   0.0000 (  0.0%)   0.0001 (  0.0%)  Scalar Evolution Analysis
   0.0000 (  0.0%)   0.0000 (  0.0%)   0.0000 (  0.0%)   0.0001 (  0.0%)  Basic Alias Analysis (stateless AA impl)
   0.0000 (  0.0%)   0.0000 (  0.0%)   0.0000 (  0.0%)   0.0001 (  0.0%)  Natural Loop Information
   0.0000 (  0.0%)   0.0000 (  0.0%)   0.0000 (  0.0%)   0.0001 (  0.0%)  Scalar Evolution Analysis
   0.0000 (  0.0%)   0.0000 (  0.0%)   0.0000 (  0.0%)   0.0001 (  0.0%)  Memory Dependence Analysis
   0.0000 (  0.0%)   0.0000 (  0.0%)   0.0000 (  0.0%)   0.0001 (  0.0%)  Basic Alias Analysis (stateless AA impl)
   0.0000 (  0.0%)   0.0000 (  0.0%)   0.0000 (  0.0%)   0.0001 (  0.0%)  Memory Dependence Analysis
   0.0000 (  0.0%)   0.0000 (  0.0%)   0.0000 (  0.0%)   0.0001 (  0.0%)  Scalar Evolution Analysis
   0.0000 (  0.0%)   0.0000 (  0.0%)   0.0000 (  0.0%)   0.0001 (  0.0%)  Loop-Closed SSA Form Pass
   0.0000 (  0.0%)   0.0000 (  0.0%)   0.0000 (  0.0%)   0.0001 (  0.0%)  Basic Alias Analysis (stateless AA impl)
   0.0000 (  0.0%)   0.0000 (  0.0%)   0.0000 (  0.0%)   0.0001 (  0.0%)  Lazy Branch Probability Analysis
   0.0000 (  0.0%)   0.0000 (  0.0%)   0.0000 (  0.0%)   0.0001 (  0.0%)  Basic Alias Analysis (stateless AA impl)
   0.0000 (  0.0%)   0.0000 (  0.0%)   0.0000 (  0.0%)   0.0001 (  0.0%)  Natural Loop Information
   0.0000 (  0.0%)   0.0000 (  0.0%)   0.0000 (  0.0%)   0.0001 (  0.0%)  Scalar Evolution Analysis
   0.0000 (  0.0%)   0.0000 (  0.0%)   0.0000 (  0.0%)   0.0001 (  0.0%)  Scalar Evolution Analysis
   0.0000 (  0.0%)   0.0000 (  0.0%)   0.0000 (  0.0%)   0.0001 (  0.0%)  Lazy Branch Probability Analysis
   0.0000 (  0.0%)   0.0000 (  0.0%)   0.0000 (  0.0%)   0.0001 (  0.0%)  Lazy Branch Probability Analysis
   0.0000 (  0.0%)   0.0000 (  0.0%)   0.0000 (  0.0%)   0.0001 (  0.0%)  Loop-Closed SSA Form Pass
   0.0000 (  0.0%)   0.0000 (  0.0%)   0.0000 (  0.0%)   0.0001 (  0.0%)  Canonicalize natural loops
   0.0000 (  0.0%)   0.0000 (  0.0%)   0.0000 (  0.0%)   0.0001 (  0.0%)  Scalar Evolution Canonicalization
   0.0000 (  0.0%)   0.0000 (  0.0%)   0.0000 (  0.0%)   0.0001 (  0.0%)  Memory Dependence Analysis
   0.0000 (  0.0%)   0.0000 (  0.0%)   0.0000 (  0.0%)   0.0001 (  0.0%)  Canonicalize natural loops
   0.0000 (  0.0%)   0.0000 (  0.0%)   0.0000 (  0.0%)   0.0001 (  0.0%)  Scalar Evolution Canonicalization
   0.0000 (  0.0%)   0.0000 (  0.0%)   0.0000 (  0.0%)   0.0001 (  0.0%)  Lazy Branch Probability Analysis
   0.0000 (  0.0%)   0.0000 (  0.0%)   0.0000 (  0.0%)   0.0001 (  0.0%)  Lazy Branch Probability Analysis
   0.0000 (  0.0%)   0.0000 (  0.0%)   0.0000 (  0.0%)   0.0001 (  0.0%)  Memory Dependence Analysis
   0.0000 (  0.0%)   0.0000 (  0.0%)   0.0000 (  0.0%)   0.0001 (  0.0%)  Natural Loop Information
   0.0000 (  0.0%)   0.0000 (  0.0%)   0.0000 (  0.0%)   0.0001 (  0.0%)  Canonicalize natural loops
   0.0000 (  0.0%)   0.0000 (  0.0%)   0.0000 (  0.0%)   0.0001 (  0.0%)  Memory Dependence Analysis
   0.0000 (  0.0%)   0.0000 (  0.0%)   0.0000 (  0.0%)   0.0001 (  0.0%)  Scalar Evolution Analysis
   0.0000 (  0.0%)   0.0000 (  0.0%)   0.0000 (  0.0%)   0.0001 (  0.0%)  Scalar Evolution Analysis
   0.0000 (  0.0%)   0.0000 (  0.0%)   0.0000 (  0.0%)   0.0001 (  0.0%)  Lazy Branch Probability Analysis
   0.0000 (  0.0%)   0.0000 (  0.0%)   0.0000 (  0.0%)   0.0001 (  0.0%)  Aggressive Dead Code Elimination
   0.0000 (  0.0%)   0.0000 (  0.0%)   0.0000 (  0.0%)   0.0001 (  0.0%)  Basic Alias Analysis (stateless AA impl)
   0.0000 (  0.0%)   0.0000 (  0.0%)   0.0000 (  0.0%)   0.0001 (  0.0%)  Scalar Evolution Analysis
   0.0000 (  0.0%)   0.0000 (  0.0%)   0.0000 (  0.0%)   0.0001 (  0.0%)  Memory Dependence Analysis
   0.0000 (  0.0%)   0.0000 (  0.0%)   0.0000 (  0.0%)   0.0001 (  0.0%)  Canonicalize natural loops
   0.0000 (  0.0%)   0.0000 (  0.0%)   0.0000 (  0.0%)   0.0001 (  0.0%)  Memory Dependence Analysis
   0.0000 (  0.0%)   0.0000 (  0.0%)   0.0000 (  0.0%)   0.0001 (  0.0%)  Lazy Branch Probability Analysis
   0.0000 (  0.0%)   0.0000 (  0.0%)   0.0000 (  0.0%)   0.0001 (  0.0%)  Natural Loop Information
   0.0000 (  0.0%)   0.0000 (  0.0%)   0.0000 (  0.0%)   0.0001 (  0.0%)  Basic Alias Analysis (stateless AA impl)
   0.0000 (  0.0%)   0.0000 (  0.0%)   0.0000 (  0.0%)   0.0001 (  0.0%)  Basic Alias Analysis (stateless AA impl)
   0.0000 (  0.0%)   0.0000 (  0.0%)   0.0000 (  0.0%)   0.0001 (  0.0%)  Basic Alias Analysis (stateless AA impl)
   0.0000 (  0.0%)   0.0000 (  0.0%)   0.0000 (  0.0%)   0.0001 (  0.0%)  Natural Loop Information
   0.0000 (  0.0%)   0.0000 (  0.0%)   0.0000 (  0.0%)   0.0001 (  0.0%)  Scalar Evolution Analysis
   0.0000 (  0.0%)   0.0000 (  0.0%)   0.0000 (  0.0%)   0.0001 (  0.0%)  Basic Alias Analysis (stateless AA impl)
   0.0000 (  0.0%)   0.0000 (  0.0%)   0.0000 (  0.0%)   0.0001 (  0.0%)  Scalar Evolution Canonicalization
   0.0000 (  0.0%)   0.0000 (  0.0%)   0.0000 (  0.0%)   0.0001 (  0.0%)  Natural Loop Information
   0.0000 (  0.0%)   0.0000 (  0.0%)   0.0000 (  0.0%)   0.0001 (  0.0%)  Lazy Branch Probability Analysis
   0.0000 (  0.0%)   0.0000 (  0.0%)   0.0000 (  0.0%)   0.0001 (  0.0%)  Canonicalize natural loops
   0.0000 (  0.0%)   0.0000 (  0.0%)   0.0000 (  0.0%)   0.0001 (  0.0%)  Memory Dependence Analysis
   0.0000 (  0.0%)   0.0000 (  0.0%)   0.0000 (  0.0%)   0.0001 (  0.0%)  Memory Dependence Analysis
   0.0000 (  0.0%)   0.0000 (  0.0%)   0.0000 (  0.0%)   0.0001 (  0.0%)  Dead Global Elimination
   0.0000 (  0.0%)   0.0000 (  0.0%)   0.0000 (  0.0%)   0.0001 (  0.0%)  Optimization Remark Emitter
   0.0000 (  0.0%)   0.0000 (  0.0%)   0.0000 (  0.0%)   0.0001 (  0.0%)  Lazy Branch Probability Analysis
   0.0000 (  0.0%)   0.0000 (  0.0%)   0.0000 (  0.0%)   0.0001 (  0.0%)  Scalar Evolution Analysis
   0.0000 (  0.0%)   0.0000 (  0.0%)   0.0000 (  0.0%)   0.0001 (  0.0%)  Scalar Evolution Analysis
   0.0000 (  0.0%)   0.0000 (  0.0%)   0.0000 (  0.0%)   0.0001 (  0.0%)  Memory Dependence Analysis
   0.0000 (  0.0%)   0.0000 (  0.0%)   0.0000 (  0.0%)   0.0001 (  0.0%)  Lazy Branch Probability Analysis
   0.0000 (  0.0%)   0.0000 (  0.0%)   0.0000 (  0.0%)   0.0001 (  0.0%)  Loop-Closed SSA Form Pass
   0.0000 (  0.0%)   0.0000 (  0.0%)   0.0000 (  0.0%)   0.0001 (  0.0%)  Lazy Branch Probability Analysis
   0.0000 (  0.0%)   0.0000 (  0.0%)   0.0000 (  0.0%)   0.0001 (  0.0%)  Memory Dependence Analysis
   0.0000 (  0.0%)   0.0000 (  0.0%)   0.0000 (  0.0%)   0.0001 (  0.0%)  Auto automatic array partition filter analysis
   0.0000 (  0.0%)   0.0000 (  0.0%)   0.0000 (  0.0%)   0.0001 (  0.0%)  Optimization Remark Emitter
   0.0000 (  0.0%)   0.0000 (  0.0%)   0.0000 (  0.0%)   0.0001 (  0.0%)  Basic Alias Analysis (stateless AA impl)
   0.0000 (  0.0%)   0.0000 (  0.0%)   0.0000 (  0.0%)   0.0001 (  0.0%)  Lazy Branch Probability Analysis
   0.0000 (  0.0%)   0.0000 (  0.0%)   0.0000 (  0.0%)   0.0001 (  0.0%)  Basic Alias Analysis (stateless AA impl)
   0.0000 (  0.0%)   0.0000 (  0.0%)   0.0000 (  0.0%)   0.0001 (  0.0%)  Shrink Synchronization Regions in SPMD program to reduce CFG complexity
   0.0000 (  0.0%)   0.0000 (  0.0%)   0.0000 (  0.0%)   0.0001 (  0.0%)  Scalar Evolution Analysis
   0.0000 (  0.0%)   0.0000 (  0.0%)   0.0000 (  0.0%)   0.0001 (  0.0%)  Dependence Analysis
   0.0000 (  0.0%)   0.0000 (  0.0%)   0.0000 (  0.0%)   0.0001 (  0.0%)  Basic Alias Analysis (stateless AA impl)
   0.0000 (  0.0%)   0.0000 (  0.0%)   0.0000 (  0.0%)   0.0001 (  0.0%)  Optimization Remark Emitter
   0.0000 (  0.0%)   0.0000 (  0.0%)   0.0000 (  0.0%)   0.0001 (  0.0%)  Scalar Evolution Analysis
   0.0156 (  0.0%)   0.0000 (  0.0%)   0.0156 (  0.0%)   0.0001 (  0.0%)  Loop-Closed SSA Form Pass
   0.0000 (  0.0%)   0.0000 (  0.0%)   0.0000 (  0.0%)   0.0001 (  0.0%)  Memory Dependence Analysis
   0.0000 (  0.0%)   0.0000 (  0.0%)   0.0000 (  0.0%)   0.0001 (  0.0%)  Lazy Branch Probability Analysis
   0.0000 (  0.0%)   0.0000 (  0.0%)   0.0000 (  0.0%)   0.0001 (  0.0%)  Memory Dependence Analysis
   0.0000 (  0.0%)   0.0000 (  0.0%)   0.0000 (  0.0%)   0.0001 (  0.0%)  Scalar Evolution Analysis
   0.0000 (  0.0%)   0.0000 (  0.0%)   0.0000 (  0.0%)   0.0001 (  0.0%)  Auto automatic array partition filter analysis
   0.0000 (  0.0%)   0.0000 (  0.0%)   0.0000 (  0.0%)   0.0001 (  0.0%)  Natural Loop Information
   0.0000 (  0.0%)   0.0000 (  0.0%)   0.0000 (  0.0%)   0.0001 (  0.0%)  Optimization Remark Emitter
   0.0000 (  0.0%)   0.0000 (  0.0%)   0.0000 (  0.0%)   0.0001 (  0.0%)  Memory Dependence Analysis
   0.0000 (  0.0%)   0.0000 (  0.0%)   0.0000 (  0.0%)   0.0001 (  0.0%)  Loop-Closed SSA Form Pass
   0.0000 (  0.0%)   0.0000 (  0.0%)   0.0000 (  0.0%)   0.0001 (  0.0%)  Basic Alias Analysis (stateless AA impl)
   0.0000 (  0.0%)   0.0000 (  0.0%)   0.0000 (  0.0%)   0.0001 (  0.0%)  Lazy Branch Probability Analysis
   0.0000 (  0.0%)   0.0000 (  0.0%)   0.0000 (  0.0%)   0.0001 (  0.0%)  Scalar Evolution Analysis
   0.0000 (  0.0%)   0.0000 (  0.0%)   0.0000 (  0.0%)   0.0001 (  0.0%)  Basic Alias Analysis (stateless AA impl)
   0.0000 (  0.0%)   0.0000 (  0.0%)   0.0000 (  0.0%)   0.0001 (  0.0%)  Optimization Remark Emitter
   0.0000 (  0.0%)   0.0000 (  0.0%)   0.0000 (  0.0%)   0.0001 (  0.0%)  Optimization Remark Emitter
   0.0000 (  0.0%)   0.0000 (  0.0%)   0.0000 (  0.0%)   0.0001 (  0.0%)  Memory Dependence Analysis
   0.0000 (  0.0%)   0.0000 (  0.0%)   0.0000 (  0.0%)   0.0001 (  0.0%)  Dead Code Elimination
   0.0000 (  0.0%)   0.0000 (  0.0%)   0.0000 (  0.0%)   0.0001 (  0.0%)  Memory Dependence Analysis
   0.0000 (  0.0%)   0.0000 (  0.0%)   0.0000 (  0.0%)   0.0001 (  0.0%)  Dead Code Elimination
   0.0000 (  0.0%)   0.0000 (  0.0%)   0.0000 (  0.0%)   0.0001 (  0.0%)  Lazy Branch Probability Analysis
   0.0000 (  0.0%)   0.0000 (  0.0%)   0.0000 (  0.0%)   0.0001 (  0.0%)  Lazy Block Frequency Analysis
   0.0000 (  0.0%)   0.0000 (  0.0%)   0.0000 (  0.0%)   0.0001 (  0.0%)  Optimization Remark Emitter
   0.0000 (  0.0%)   0.0000 (  0.0%)   0.0000 (  0.0%)   0.0001 (  0.0%)  Memory Dependence Analysis
   0.0000 (  0.0%)   0.0000 (  0.0%)   0.0000 (  0.0%)   0.0001 (  0.0%)  Optimization Remark Emitter
   0.0000 (  0.0%)   0.0000 (  0.0%)   0.0000 (  0.0%)   0.0001 (  0.0%)  Post-Dominator Tree Construction
   0.0000 (  0.0%)   0.0000 (  0.0%)   0.0000 (  0.0%)   0.0001 (  0.0%)  Scalar Evolution Analysis
   0.0000 (  0.0%)   0.0000 (  0.0%)   0.0000 (  0.0%)   0.0001 (  0.0%)  Basic Alias Analysis (stateless AA impl)
   0.0000 (  0.0%)   0.0000 (  0.0%)   0.0000 (  0.0%)   0.0001 (  0.0%)  Scalar Evolution Analysis
   0.0000 (  0.0%)   0.0000 (  0.0%)   0.0000 (  0.0%)   0.0001 (  0.0%)  Lazy Block Frequency Analysis
   0.0000 (  0.0%)   0.0000 (  0.0%)   0.0000 (  0.0%)   0.0001 (  0.0%)  Memory Dependence Analysis
   0.0000 (  0.0%)   0.0000 (  0.0%)   0.0000 (  0.0%)   0.0001 (  0.0%)  Scalar Evolution Analysis
   0.0000 (  0.0%)   0.0000 (  0.0%)   0.0000 (  0.0%)   0.0001 (  0.0%)  Lazy Branch Probability Analysis
   0.0000 (  0.0%)   0.0000 (  0.0%)   0.0000 (  0.0%)   0.0001 (  0.0%)  Lazy Branch Probability Analysis
   0.0000 (  0.0%)   0.0000 (  0.0%)   0.0000 (  0.0%)   0.0001 (  0.0%)  Scalar Evolution Canonicalization
   0.0000 (  0.0%)   0.0000 (  0.0%)   0.0000 (  0.0%)   0.0001 (  0.0%)  Lazy Block Frequency Analysis
   0.0000 (  0.0%)   0.0000 (  0.0%)   0.0000 (  0.0%)   0.0001 (  0.0%)  Scalar Evolution Analysis
   0.0000 (  0.0%)   0.0000 (  0.0%)   0.0000 (  0.0%)   0.0001 (  0.0%)  Lazy Block Frequency Analysis
   0.0000 (  0.0%)   0.0000 (  0.0%)   0.0000 (  0.0%)   0.0001 (  0.0%)  Optimization Remark Emitter
   0.0000 (  0.0%)   0.0000 (  0.0%)   0.0000 (  0.0%)   0.0001 (  0.0%)  Optimization Remark Emitter
   0.0000 (  0.0%)   0.0000 (  0.0%)   0.0000 (  0.0%)   0.0001 (  0.0%)  Lazy Block Frequency Analysis
   0.0000 (  0.0%)   0.0000 (  0.0%)   0.0000 (  0.0%)   0.0001 (  0.0%)  Lazy Branch Probability Analysis
   0.0000 (  0.0%)   0.0000 (  0.0%)   0.0000 (  0.0%)   0.0001 (  0.0%)  Lazy Branch Probability Analysis
   0.0000 (  0.0%)   0.0000 (  0.0%)   0.0000 (  0.0%)   0.0001 (  0.0%)  Optimization Remark Emitter
   0.0000 (  0.0%)   0.0000 (  0.0%)   0.0000 (  0.0%)   0.0001 (  0.0%)  Scalar Evolution Analysis
   0.0000 (  0.0%)   0.0000 (  0.0%)   0.0000 (  0.0%)   0.0001 (  0.0%)  Optimization Remark Emitter
   0.0000 (  0.0%)   0.0000 (  0.0%)   0.0000 (  0.0%)   0.0001 (  0.0%)  SPIRUpdateIntrRange - Update SPIR Intrinsics Metadata
   0.0000 (  0.0%)   0.0000 (  0.0%)   0.0000 (  0.0%)   0.0001 (  0.0%)  Lazy Block Frequency Analysis
   0.0000 (  0.0%)   0.0000 (  0.0%)   0.0000 (  0.0%)   0.0001 (  0.0%)  Lazy Block Frequency Analysis
   0.0000 (  0.0%)   0.0000 (  0.0%)   0.0000 (  0.0%)   0.0001 (  0.0%)  Optimization Remark Emitter
   0.0000 (  0.0%)   0.0000 (  0.0%)   0.0000 (  0.0%)   0.0001 (  0.0%)  Basic Alias Analysis (stateless AA impl)
   0.0000 (  0.0%)   0.0000 (  0.0%)   0.0000 (  0.0%)   0.0001 (  0.0%)  Auto automatic array partition filter analysis
   0.0000 (  0.0%)   0.0000 (  0.0%)   0.0000 (  0.0%)   0.0001 (  0.0%)  Basic Alias Analysis (stateless AA impl)
   0.0000 (  0.0%)   0.0000 (  0.0%)   0.0000 (  0.0%)   0.0001 (  0.0%)  Interface Analysis
   0.0000 (  0.0%)   0.0000 (  0.0%)   0.0000 (  0.0%)   0.0001 (  0.0%)  Memory Dependence Analysis
   0.0000 (  0.0%)   0.0000 (  0.0%)   0.0000 (  0.0%)   0.0001 (  0.0%)  Optimization Remark Emitter
   0.0000 (  0.0%)   0.0000 (  0.0%)   0.0000 (  0.0%)   0.0001 (  0.0%)  Lazy Block Frequency Analysis
   0.0000 (  0.0%)   0.0000 (  0.0%)   0.0000 (  0.0%)   0.0001 (  0.0%)  Optimization Remark Emitter
   0.0000 (  0.0%)   0.0000 (  0.0%)   0.0000 (  0.0%)   0.0001 (  0.0%)  Lazy Branch Probability Analysis
   0.0000 (  0.0%)   0.0000 (  0.0%)   0.0000 (  0.0%)   0.0001 (  0.0%)  Loop-Closed SSA Form Pass
   0.0000 (  0.0%)   0.0000 (  0.0%)   0.0000 (  0.0%)   0.0001 (  0.0%)  Promote Memory to Register
   0.0000 (  0.0%)   0.0000 (  0.0%)   0.0000 (  0.0%)   0.0001 (  0.0%)  Lazy Block Frequency Analysis
   0.0000 (  0.0%)   0.0000 (  0.0%)   0.0000 (  0.0%)   0.0001 (  0.0%)  Scalar Evolution Canonicalization
   0.0000 (  0.0%)   0.0000 (  0.0%)   0.0000 (  0.0%)   0.0001 (  0.0%)  Optimization Remark Emitter
   0.0000 (  0.0%)   0.0000 (  0.0%)   0.0000 (  0.0%)   0.0001 (  0.0%)  Optimization Remark Emitter
   0.0000 (  0.0%)   0.0000 (  0.0%)   0.0000 (  0.0%)   0.0001 (  0.0%)  Memory Dependence Analysis
   0.0000 (  0.0%)   0.0000 (  0.0%)   0.0000 (  0.0%)   0.0001 (  0.0%)  Lazy Block Frequency Analysis
   0.0000 (  0.0%)   0.0000 (  0.0%)   0.0000 (  0.0%)   0.0001 (  0.0%)  Memory Dependence Analysis
   0.0000 (  0.0%)   0.0000 (  0.0%)   0.0000 (  0.0%)   0.0001 (  0.0%)  Basic Alias Analysis (stateless AA impl)
   0.0000 (  0.0%)   0.0000 (  0.0%)   0.0000 (  0.0%)   0.0001 (  0.0%)  Predicate SPIR Kernels
   0.0000 (  0.0%)   0.0000 (  0.0%)   0.0000 (  0.0%)   0.0001 (  0.0%)  Lazy Branch Probability Analysis
   0.0000 (  0.0%)   0.0000 (  0.0%)   0.0000 (  0.0%)   0.0001 (  0.0%)  Optimization Remark Emitter
   0.0000 (  0.0%)   0.0000 (  0.0%)   0.0000 (  0.0%)   0.0001 (  0.0%)  Lazy Block Frequency Analysis
   0.0000 (  0.0%)   0.0000 (  0.0%)   0.0000 (  0.0%)   0.0001 (  0.0%)  Optimization Remark Emitter
   0.0000 (  0.0%)   0.0000 (  0.0%)   0.0000 (  0.0%)   0.0001 (  0.0%)  Memory Dependence Analysis
   0.0000 (  0.0%)   0.0000 (  0.0%)   0.0000 (  0.0%)   0.0001 (  0.0%)  Optimization Remark Emitter
   0.0000 (  0.0%)   0.0000 (  0.0%)   0.0000 (  0.0%)   0.0001 (  0.0%)  LCSSA Verifier
   0.0000 (  0.0%)   0.0000 (  0.0%)   0.0000 (  0.0%)   0.0001 (  0.0%)  Delete dead loops
   0.0000 (  0.0%)   0.0000 (  0.0%)   0.0000 (  0.0%)   0.0001 (  0.0%)  Lazy Branch Probability Analysis
   0.0000 (  0.0%)   0.0000 (  0.0%)   0.0000 (  0.0%)   0.0001 (  0.0%)  Scalar Evolution Analysis
   0.0000 (  0.0%)   0.0000 (  0.0%)   0.0000 (  0.0%)   0.0001 (  0.0%)  Optimization Remark Emitter
   0.0000 (  0.0%)   0.0000 (  0.0%)   0.0000 (  0.0%)   0.0001 (  0.0%)  Scalar Evolution Analysis
   0.0000 (  0.0%)   0.0000 (  0.0%)   0.0000 (  0.0%)   0.0001 (  0.0%)  Lazy Branch Probability Analysis
   0.0000 (  0.0%)   0.0000 (  0.0%)   0.0000 (  0.0%)   0.0001 (  0.0%)  Infer PPPO for array-to-streams
   0.0000 (  0.0%)   0.0000 (  0.0%)   0.0000 (  0.0%)   0.0001 (  0.0%)  Optimization Remark Emitter
   0.0000 (  0.0%)   0.0000 (  0.0%)   0.0000 (  0.0%)   0.0001 (  0.0%)  Lazy Block Frequency Analysis
   0.0000 (  0.0%)   0.0000 (  0.0%)   0.0000 (  0.0%)   0.0001 (  0.0%)  Loop-Closed SSA Form Pass
   0.0000 (  0.0%)   0.0000 (  0.0%)   0.0000 (  0.0%)   0.0001 (  0.0%)  Basic Alias Analysis (stateless AA impl)
   0.0000 (  0.0%)   0.0000 (  0.0%)   0.0000 (  0.0%)   0.0001 (  0.0%)  Lazy Branch Probability Analysis
   0.0000 (  0.0%)   0.0000 (  0.0%)   0.0000 (  0.0%)   0.0001 (  0.0%)  Scalar Evolution Canonicalization
   0.0000 (  0.0%)   0.0000 (  0.0%)   0.0000 (  0.0%)   0.0001 (  0.0%)  Lazy Branch Probability Analysis
   0.0000 (  0.0%)   0.0000 (  0.0%)   0.0000 (  0.0%)   0.0001 (  0.0%)  Auto automatic array partition filter analysis
   0.0000 (  0.0%)   0.0000 (  0.0%)   0.0000 (  0.0%)   0.0001 (  0.0%)  Lazy Branch Probability Analysis
   0.0000 (  0.0%)   0.0000 (  0.0%)   0.0000 (  0.0%)   0.0001 (  0.0%)  Lazy Branch Probability Analysis
   0.0000 (  0.0%)   0.0000 (  0.0%)   0.0000 (  0.0%)   0.0001 (  0.0%)  Lazy Value Information Analysis
   0.0000 (  0.0%)   0.0000 (  0.0%)   0.0000 (  0.0%)   0.0001 (  0.0%)  Memory Dependence Analysis
   0.0000 (  0.0%)   0.0000 (  0.0%)   0.0000 (  0.0%)   0.0001 (  0.0%)  Lazy Branch Probability Analysis
   0.0000 (  0.0%)   0.0000 (  0.0%)   0.0000 (  0.0%)   0.0001 (  0.0%)  Basic Alias Analysis (stateless AA impl)
   0.0000 (  0.0%)   0.0000 (  0.0%)   0.0000 (  0.0%)   0.0001 (  0.0%)  Memory Dependence Analysis
   0.0000 (  0.0%)   0.0000 (  0.0%)   0.0000 (  0.0%)   0.0001 (  0.0%)  Basic Alias Analysis (stateless AA impl)
   0.0000 (  0.0%)   0.0000 (  0.0%)   0.0000 (  0.0%)   0.0001 (  0.0%)  Basic Alias Analysis (stateless AA impl)
   0.0000 (  0.0%)   0.0000 (  0.0%)   0.0000 (  0.0%)   0.0001 (  0.0%)  Memory Dependence Analysis
   0.0000 (  0.0%)   0.0000 (  0.0%)   0.0000 (  0.0%)   0.0001 (  0.0%)  Optimization Remark Emitter
   0.0000 (  0.0%)   0.0000 (  0.0%)   0.0000 (  0.0%)   0.0001 (  0.0%)  Loop-Closed SSA Form Pass
   0.0000 (  0.0%)   0.0000 (  0.0%)   0.0000 (  0.0%)   0.0001 (  0.0%)  Loop-Closed SSA Form Pass
   0.0000 (  0.0%)   0.0000 (  0.0%)   0.0000 (  0.0%)   0.0001 (  0.0%)  Basic Alias Analysis (stateless AA impl)
   0.0000 (  0.0%)   0.0000 (  0.0%)   0.0000 (  0.0%)   0.0001 (  0.0%)  Dominator Tree Construction
   0.0000 (  0.0%)   0.0000 (  0.0%)   0.0000 (  0.0%)   0.0001 (  0.0%)  Basic Alias Analysis (stateless AA impl)
   0.0000 (  0.0%)   0.0000 (  0.0%)   0.0000 (  0.0%)   0.0001 (  0.0%)  Optimization Remark Emitter
   0.0000 (  0.0%)   0.0000 (  0.0%)   0.0000 (  0.0%)   0.0001 (  0.0%)  Scalar Evolution Canonicalization
   0.0000 (  0.0%)   0.0000 (  0.0%)   0.0000 (  0.0%)   0.0001 (  0.0%)  LCSSA Verifier
   0.0000 (  0.0%)   0.0000 (  0.0%)   0.0000 (  0.0%)   0.0001 (  0.0%)  Loop-Closed SSA Form Pass
   0.0000 (  0.0%)   0.0000 (  0.0%)   0.0000 (  0.0%)   0.0001 (  0.0%)  Scalar Evolution Analysis
   0.0000 (  0.0%)   0.0000 (  0.0%)   0.0000 (  0.0%)   0.0001 (  0.0%)  Scalar Evolution Canonicalization
   0.0000 (  0.0%)   0.0000 (  0.0%)   0.0000 (  0.0%)   0.0001 (  0.0%)  Delete dead loops
   0.0000 (  0.0%)   0.0000 (  0.0%)   0.0000 (  0.0%)   0.0001 (  0.0%)  Lazy Block Frequency Analysis
   0.0000 (  0.0%)   0.0000 (  0.0%)   0.0000 (  0.0%)   0.0001 (  0.0%)  Lazy Branch Probability Analysis
   0.0000 (  0.0%)   0.0000 (  0.0%)   0.0000 (  0.0%)   0.0001 (  0.0%)  Loop-Closed SSA Form Pass
   0.0000 (  0.0%)   0.0000 (  0.0%)   0.0000 (  0.0%)   0.0001 (  0.0%)  Lazy Block Frequency Analysis
   0.0000 (  0.0%)   0.0000 (  0.0%)   0.0000 (  0.0%)   0.0001 (  0.0%)  Lazy Block Frequency Analysis
   0.0000 (  0.0%)   0.0000 (  0.0%)   0.0000 (  0.0%)   0.0001 (  0.0%)  Memory Dependence Analysis
   0.0000 (  0.0%)   0.0000 (  0.0%)   0.0000 (  0.0%)   0.0001 (  0.0%)  Reduce the height of tree
   0.0000 (  0.0%)   0.0000 (  0.0%)   0.0000 (  0.0%)   0.0001 (  0.0%)  Lazy Block Frequency Analysis
   0.0000 (  0.0%)   0.0000 (  0.0%)   0.0000 (  0.0%)   0.0001 (  0.0%)  Memory Dependence Analysis
   0.0000 (  0.0%)   0.0000 (  0.0%)   0.0000 (  0.0%)   0.0001 (  0.0%)  Lazy Block Frequency Analysis
   0.0000 (  0.0%)   0.0000 (  0.0%)   0.0000 (  0.0%)   0.0001 (  0.0%)  Lazy Branch Probability Analysis
   0.0000 (  0.0%)   0.0000 (  0.0%)   0.0000 (  0.0%)   0.0001 (  0.0%)  Optimization Remark Emitter
   0.0000 (  0.0%)   0.0000 (  0.0%)   0.0000 (  0.0%)   0.0001 (  0.0%)  Memory Dependence Analysis
   0.0000 (  0.0%)   0.0000 (  0.0%)   0.0000 (  0.0%)   0.0001 (  0.0%)  Lazy Branch Probability Analysis
   0.0000 (  0.0%)   0.0000 (  0.0%)   0.0000 (  0.0%)   0.0001 (  0.0%)  Lazy Block Frequency Analysis
   0.0000 (  0.0%)   0.0000 (  0.0%)   0.0000 (  0.0%)   0.0001 (  0.0%)  Basic Alias Analysis (stateless AA impl)
   0.0000 (  0.0%)   0.0000 (  0.0%)   0.0000 (  0.0%)   0.0001 (  0.0%)  Memory Dependence Analysis
   0.0000 (  0.0%)   0.0000 (  0.0%)   0.0000 (  0.0%)   0.0001 (  0.0%)  Optimization Remark Emitter
   0.0000 (  0.0%)   0.0000 (  0.0%)   0.0000 (  0.0%)   0.0001 (  0.0%)  Optimization Remark Emitter
   0.0000 (  0.0%)   0.0000 (  0.0%)   0.0000 (  0.0%)   0.0001 (  0.0%)  Memory Dependence Analysis
   0.0000 (  0.0%)   0.0000 (  0.0%)   0.0000 (  0.0%)   0.0001 (  0.0%)  LCSSA Verifier
   0.0000 (  0.0%)   0.0000 (  0.0%)   0.0000 (  0.0%)   0.0001 (  0.0%)  Basic Alias Analysis (stateless AA impl)
   0.0000 (  0.0%)   0.0000 (  0.0%)   0.0000 (  0.0%)   0.0001 (  0.0%)  Lazy Branch Probability Analysis
   0.0000 (  0.0%)   0.0000 (  0.0%)   0.0000 (  0.0%)   0.0001 (  0.0%)  Optimization Remark Emitter
   0.0000 (  0.0%)   0.0000 (  0.0%)   0.0000 (  0.0%)   0.0001 (  0.0%)  Optimization Remark Emitter
   0.0000 (  0.0%)   0.0000 (  0.0%)   0.0000 (  0.0%)   0.0001 (  0.0%)  Lazy Block Frequency Analysis
   0.0000 (  0.0%)   0.0000 (  0.0%)   0.0000 (  0.0%)   0.0001 (  0.0%)  Optimization Remark Emitter
   0.0000 (  0.0%)   0.0000 (  0.0%)   0.0000 (  0.0%)   0.0001 (  0.0%)  Optimization Remark Emitter
   0.0000 (  0.0%)   0.0000 (  0.0%)   0.0000 (  0.0%)   0.0001 (  0.0%)  Predicate analysis under a loop context
   0.0000 (  0.0%)   0.0000 (  0.0%)   0.0000 (  0.0%)   0.0001 (  0.0%)  Lazy Branch Probability Analysis
   0.0000 (  0.0%)   0.0000 (  0.0%)   0.0000 (  0.0%)   0.0001 (  0.0%)  Lazy Branch Probability Analysis
   0.0000 (  0.0%)   0.0000 (  0.0%)   0.0000 (  0.0%)   0.0001 (  0.0%)  Lazy Branch Probability Analysis
   0.0000 (  0.0%)   0.0000 (  0.0%)   0.0000 (  0.0%)   0.0001 (  0.0%)  Lazy Branch Probability Analysis
   0.0000 (  0.0%)   0.0000 (  0.0%)   0.0000 (  0.0%)   0.0001 (  0.0%)  Lazy Branch Probability Analysis
   0.0000 (  0.0%)   0.0000 (  0.0%)   0.0000 (  0.0%)   0.0001 (  0.0%)  Memory Dependence Analysis
   0.0000 (  0.0%)   0.0000 (  0.0%)   0.0000 (  0.0%)   0.0001 (  0.0%)  Lazy Block Frequency Analysis
   0.0000 (  0.0%)   0.0000 (  0.0%)   0.0000 (  0.0%)   0.0001 (  0.0%)  Lazy Branch Probability Analysis
   0.0000 (  0.0%)   0.0000 (  0.0%)   0.0000 (  0.0%)   0.0001 (  0.0%)  Optimization Remark Emitter
   0.0000 (  0.0%)   0.0000 (  0.0%)   0.0000 (  0.0%)   0.0001 (  0.0%)  Function Alias Analysis Results
   0.0000 (  0.0%)   0.0000 (  0.0%)   0.0000 (  0.0%)   0.0001 (  0.0%)  Memory Dependence Analysis
   0.0000 (  0.0%)   0.0000 (  0.0%)   0.0000 (  0.0%)   0.0001 (  0.0%)  Basic Alias Analysis (stateless AA impl)
   0.0000 (  0.0%)   0.0000 (  0.0%)   0.0000 (  0.0%)   0.0001 (  0.0%)  Basic Alias Analysis (stateless AA impl)
   0.0000 (  0.0%)   0.0000 (  0.0%)   0.0000 (  0.0%)   0.0001 (  0.0%)  Optimization Remark Emitter
   0.0000 (  0.0%)   0.0000 (  0.0%)   0.0000 (  0.0%)   0.0001 (  0.0%)  Optimization Remark Emitter
   0.0000 (  0.0%)   0.0000 (  0.0%)   0.0000 (  0.0%)   0.0001 (  0.0%)  Basic Alias Analysis (stateless AA impl)
   0.0000 (  0.0%)   0.0000 (  0.0%)   0.0000 (  0.0%)   0.0001 (  0.0%)  Lazy Branch Probability Analysis
   0.0000 (  0.0%)   0.0000 (  0.0%)   0.0000 (  0.0%)   0.0001 (  0.0%)  Scalar Evolution Canonicalization
   0.0000 (  0.0%)   0.0000 (  0.0%)   0.0000 (  0.0%)   0.0001 (  0.0%)  Memory Dependence Analysis
   0.0000 (  0.0%)   0.0000 (  0.0%)   0.0000 (  0.0%)   0.0001 (  0.0%)  Dead Argument Elimination
   0.0000 (  0.0%)   0.0000 (  0.0%)   0.0000 (  0.0%)   0.0001 (  0.0%)  Lazy Block Frequency Analysis
   0.0000 (  0.0%)   0.0000 (  0.0%)   0.0000 (  0.0%)   0.0001 (  0.0%)  Function duplication
   0.0000 (  0.0%)   0.0000 (  0.0%)   0.0000 (  0.0%)   0.0001 (  0.0%)  Scalar Evolution Analysis
   0.0000 (  0.0%)   0.0000 (  0.0%)   0.0000 (  0.0%)   0.0001 (  0.0%)  Basic Alias Analysis (stateless AA impl)
   0.0000 (  0.0%)   0.0000 (  0.0%)   0.0000 (  0.0%)   0.0001 (  0.0%)  Analyze occurrence information
   0.0000 (  0.0%)   0.0000 (  0.0%)   0.0000 (  0.0%)   0.0001 (  0.0%)  Basic Alias Analysis (stateless AA impl)
   0.0000 (  0.0%)   0.0000 (  0.0%)   0.0000 (  0.0%)   0.0001 (  0.0%)  Memory Dependence Analysis
   0.0000 (  0.0%)   0.0000 (  0.0%)   0.0000 (  0.0%)   0.0001 (  0.0%)  Lazy Branch Probability Analysis
   0.0000 (  0.0%)   0.0000 (  0.0%)   0.0000 (  0.0%)   0.0001 (  0.0%)  ShiftRegInference - Automatic Shift Register Inference
   0.0000 (  0.0%)   0.0000 (  0.0%)   0.0000 (  0.0%)   0.0001 (  0.0%)  Function Alias Analysis Results
   0.0000 (  0.0%)   0.0000 (  0.0%)   0.0000 (  0.0%)   0.0001 (  0.0%)  Lazy Block Frequency Analysis
   0.0000 (  0.0%)   0.0000 (  0.0%)   0.0000 (  0.0%)   0.0001 (  0.0%)  Lazy Block Frequency Analysis
   0.0000 (  0.0%)   0.0000 (  0.0%)   0.0000 (  0.0%)   0.0001 (  0.0%)  Loop-Closed SSA Form Pass
   0.0000 (  0.0%)   0.0000 (  0.0%)   0.0000 (  0.0%)   0.0001 (  0.0%)  Canonicalize natural loops
   0.0000 (  0.0%)   0.0000 (  0.0%)   0.0000 (  0.0%)   0.0001 (  0.0%)  Lazy Block Frequency Analysis
   0.0000 (  0.0%)   0.0000 (  0.0%)   0.0000 (  0.0%)   0.0001 (  0.0%)  Lazy Block Frequency Analysis
   0.0000 (  0.0%)   0.0000 (  0.0%)   0.0000 (  0.0%)   0.0001 (  0.0%)  Optimization Remark Emitter
   0.0000 (  0.0%)   0.0000 (  0.0%)   0.0000 (  0.0%)   0.0001 (  0.0%)  Lazy Block Frequency Analysis
   0.0000 (  0.0%)   0.0000 (  0.0%)   0.0000 (  0.0%)   0.0001 (  0.0%)  Function Alias Analysis Results
   0.0000 (  0.0%)   0.0000 (  0.0%)   0.0000 (  0.0%)   0.0001 (  0.0%)  Optimization Remark Emitter
   0.0000 (  0.0%)   0.0000 (  0.0%)   0.0000 (  0.0%)   0.0001 (  0.0%)  Memory Dependence Analysis
   0.0000 (  0.0%)   0.0000 (  0.0%)   0.0000 (  0.0%)   0.0001 (  0.0%)  Basic Alias Analysis (stateless AA impl)
   0.0000 (  0.0%)   0.0000 (  0.0%)   0.0000 (  0.0%)   0.0001 (  0.0%)  Optimization Remark Emitter
   0.0000 (  0.0%)   0.0000 (  0.0%)   0.0000 (  0.0%)   0.0001 (  0.0%)  Lazy Branch Probability Analysis
   0.0000 (  0.0%)   0.0000 (  0.0%)   0.0000 (  0.0%)   0.0001 (  0.0%)  Canonicalize natural loops
   0.0000 (  0.0%)   0.0000 (  0.0%)   0.0000 (  0.0%)   0.0001 (  0.0%)  Scalar Evolution Canonicalization
   0.0000 (  0.0%)   0.0000 (  0.0%)   0.0000 (  0.0%)   0.0001 (  0.0%)  Lazy Block Frequency Analysis
   0.0000 (  0.0%)   0.0000 (  0.0%)   0.0000 (  0.0%)   0.0001 (  0.0%)  Memory Dependence Analysis
   0.0000 (  0.0%)   0.0000 (  0.0%)   0.0000 (  0.0%)   0.0001 (  0.0%)  Basic Alias Analysis (stateless AA impl)
   0.0000 (  0.0%)   0.0000 (  0.0%)   0.0000 (  0.0%)   0.0001 (  0.0%)  Optimization Remark Emitter
   0.0000 (  0.0%)   0.0000 (  0.0%)   0.0000 (  0.0%)   0.0001 (  0.0%)  Basic Alias Analysis (stateless AA impl)
   0.0000 (  0.0%)   0.0000 (  0.0%)   0.0000 (  0.0%)   0.0001 (  0.0%)  Scalar Evolution Analysis
   0.0000 (  0.0%)   0.0000 (  0.0%)   0.0000 (  0.0%)   0.0001 (  0.0%)  Optimization Remark Emitter
   0.0000 (  0.0%)   0.0000 (  0.0%)   0.0000 (  0.0%)   0.0001 (  0.0%)  Memory Dependence Analysis
   0.0000 (  0.0%)   0.0000 (  0.0%)   0.0000 (  0.0%)   0.0001 (  0.0%)  Memory Dependence Analysis
   0.0000 (  0.0%)   0.0000 (  0.0%)   0.0000 (  0.0%)   0.0001 (  0.0%)  Basic Alias Analysis (stateless AA impl)
   0.0000 (  0.0%)   0.0000 (  0.0%)   0.0000 (  0.0%)   0.0001 (  0.0%)  Lazy Branch Probability Analysis
   0.0000 (  0.0%)   0.0000 (  0.0%)   0.0000 (  0.0%)   0.0001 (  0.0%)  Scalar Evolution Analysis
   0.0000 (  0.0%)   0.0000 (  0.0%)   0.0000 (  0.0%)   0.0001 (  0.0%)  Canonicalize natural loops
   0.0000 (  0.0%)   0.0000 (  0.0%)   0.0000 (  0.0%)   0.0001 (  0.0%)  Optimization Remark Emitter
   0.0000 (  0.0%)   0.0000 (  0.0%)   0.0000 (  0.0%)   0.0001 (  0.0%)  Lazy Block Frequency Analysis
   0.0000 (  0.0%)   0.0000 (  0.0%)   0.0000 (  0.0%)   0.0001 (  0.0%)  Optimization Remark Emitter
   0.0000 (  0.0%)   0.0000 (  0.0%)   0.0000 (  0.0%)   0.0001 (  0.0%)  Memory Dependence Analysis
   0.0000 (  0.0%)   0.0000 (  0.0%)   0.0000 (  0.0%)   0.0001 (  0.0%)  Rotate Loops
   0.0000 (  0.0%)   0.0000 (  0.0%)   0.0000 (  0.0%)   0.0001 (  0.0%)  Optimization Remark Emitter
   0.0000 (  0.0%)   0.0000 (  0.0%)   0.0000 (  0.0%)   0.0001 (  0.0%)  Optimization Remark Emitter
   0.0000 (  0.0%)   0.0000 (  0.0%)   0.0000 (  0.0%)   0.0001 (  0.0%)  Scalar Evolution Analysis
   0.0000 (  0.0%)   0.0000 (  0.0%)   0.0000 (  0.0%)   0.0001 (  0.0%)  Lazy Branch Probability Analysis
   0.0000 (  0.0%)   0.0000 (  0.0%)   0.0000 (  0.0%)   0.0001 (  0.0%)  Lazy Block Frequency Analysis
   0.0000 (  0.0%)   0.0000 (  0.0%)   0.0000 (  0.0%)   0.0001 (  0.0%)  Optimization Remark Emitter
   0.0000 (  0.0%)   0.0000 (  0.0%)   0.0000 (  0.0%)   0.0001 (  0.0%)  Basic Alias Analysis (stateless AA impl)
   0.0000 (  0.0%)   0.0000 (  0.0%)   0.0000 (  0.0%)   0.0001 (  0.0%)  Optimization Remark Emitter
   0.0000 (  0.0%)   0.0000 (  0.0%)   0.0000 (  0.0%)   0.0001 (  0.0%)  Simplify loop CFG
   0.0000 (  0.0%)   0.0000 (  0.0%)   0.0000 (  0.0%)   0.0001 (  0.0%)  Optimization Remark Emitter
   0.0000 (  0.0%)   0.0000 (  0.0%)   0.0000 (  0.0%)   0.0001 (  0.0%)  Simplify loop CFG
   0.0000 (  0.0%)   0.0000 (  0.0%)   0.0000 (  0.0%)   0.0001 (  0.0%)  CallGraph Construction
   0.0000 (  0.0%)   0.0000 (  0.0%)   0.0000 (  0.0%)   0.0001 (  0.0%)  Lazy Branch Probability Analysis
   0.0000 (  0.0%)   0.0000 (  0.0%)   0.0000 (  0.0%)   0.0001 (  0.0%)  Basic Alias Analysis (stateless AA impl)
   0.0000 (  0.0%)   0.0000 (  0.0%)   0.0000 (  0.0%)   0.0001 (  0.0%)  Dependence Analysis
   0.0000 (  0.0%)   0.0000 (  0.0%)   0.0000 (  0.0%)   0.0001 (  0.0%)  Optimization Remark Emitter
   0.0000 (  0.0%)   0.0000 (  0.0%)   0.0000 (  0.0%)   0.0001 (  0.0%)  Basic Alias Analysis (stateless AA impl)
   0.0000 (  0.0%)   0.0000 (  0.0%)   0.0000 (  0.0%)   0.0001 (  0.0%)  Optimization Remark Emitter
   0.0000 (  0.0%)   0.0000 (  0.0%)   0.0000 (  0.0%)   0.0001 (  0.0%)  Lazy Block Frequency Analysis
   0.0000 (  0.0%)   0.0000 (  0.0%)   0.0000 (  0.0%)   0.0001 (  0.0%)  Lazy Block Frequency Analysis
   0.0000 (  0.0%)   0.0000 (  0.0%)   0.0000 (  0.0%)   0.0001 (  0.0%)  ScalarEvolution-based Alias Analysis
   0.0000 (  0.0%)   0.0000 (  0.0%)   0.0000 (  0.0%)   0.0001 (  0.0%)  Loop-Closed SSA Form Pass
   0.0000 (  0.0%)   0.0000 (  0.0%)   0.0000 (  0.0%)   0.0001 (  0.0%)  Optimization Remark Emitter
   0.0000 (  0.0%)   0.0000 (  0.0%)   0.0000 (  0.0%)   0.0001 (  0.0%)  LCSSA Verifier
   0.0000 (  0.0%)   0.0000 (  0.0%)   0.0000 (  0.0%)   0.0001 (  0.0%)  Lazy Block Frequency Analysis
   0.0000 (  0.0%)   0.0000 (  0.0%)   0.0000 (  0.0%)   0.0001 (  0.0%)  Optimization Remark Emitter
   0.0000 (  0.0%)   0.0000 (  0.0%)   0.0000 (  0.0%)   0.0001 (  0.0%)  Basic Alias Analysis (stateless AA impl)
   0.0000 (  0.0%)   0.0000 (  0.0%)   0.0000 (  0.0%)   0.0001 (  0.0%)  Lazy Branch Probability Analysis
   0.0000 (  0.0%)   0.0000 (  0.0%)   0.0000 (  0.0%)   0.0001 (  0.0%)  Memory Dependence Analysis
   0.0000 (  0.0%)   0.0000 (  0.0%)   0.0000 (  0.0%)   0.0001 (  0.0%)  Lazy Block Frequency Analysis
   0.0000 (  0.0%)   0.0000 (  0.0%)   0.0000 (  0.0%)   0.0001 (  0.0%)  Optimization Remark Emitter
   0.0000 (  0.0%)   0.0000 (  0.0%)   0.0000 (  0.0%)   0.0001 (  0.0%)  Scalar Evolution Analysis
   0.0000 (  0.0%)   0.0000 (  0.0%)   0.0000 (  0.0%)   0.0001 (  0.0%)  Lazy Block Frequency Analysis
   0.0000 (  0.0%)   0.0000 (  0.0%)   0.0000 (  0.0%)   0.0001 (  0.0%)  Performance Evaluation
   0.0000 (  0.0%)   0.0000 (  0.0%)   0.0000 (  0.0%)   0.0001 (  0.0%)  Lazy Branch Probability Analysis
   0.0000 (  0.0%)   0.0000 (  0.0%)   0.0000 (  0.0%)   0.0001 (  0.0%)  Lazy Block Frequency Analysis
   0.0000 (  0.0%)   0.0000 (  0.0%)   0.0000 (  0.0%)   0.0001 (  0.0%)  Optimization Remark Emitter
   0.0000 (  0.0%)   0.0000 (  0.0%)   0.0000 (  0.0%)   0.0001 (  0.0%)  Lazy Block Frequency Analysis
   0.0000 (  0.0%)   0.0000 (  0.0%)   0.0000 (  0.0%)   0.0001 (  0.0%)  Optimization Remark Emitter
   0.0000 (  0.0%)   0.0000 (  0.0%)   0.0000 (  0.0%)   0.0001 (  0.0%)  Lazy Block Frequency Analysis
   0.0000 (  0.0%)   0.0000 (  0.0%)   0.0000 (  0.0%)   0.0001 (  0.0%)  Scalar Evolution Analysis
   0.0000 (  0.0%)   0.0000 (  0.0%)   0.0000 (  0.0%)   0.0001 (  0.0%)  CallGraph Construction
   0.0000 (  0.0%)   0.0000 (  0.0%)   0.0000 (  0.0%)   0.0001 (  0.0%)  Basic Alias Analysis (stateless AA impl)
   0.0000 (  0.0%)   0.0000 (  0.0%)   0.0000 (  0.0%)   0.0001 (  0.0%)  Optimization Remark Emitter
   0.0000 (  0.0%)   0.0000 (  0.0%)   0.0000 (  0.0%)   0.0001 (  0.0%)  Optimization Remark Emitter
   0.0000 (  0.0%)   0.0000 (  0.0%)   0.0000 (  0.0%)   0.0001 (  0.0%)  Optimization Remark Emitter
   0.0000 (  0.0%)   0.0000 (  0.0%)   0.0000 (  0.0%)   0.0001 (  0.0%)  Lazy Branch Probability Analysis
   0.0000 (  0.0%)   0.0000 (  0.0%)   0.0000 (  0.0%)   0.0000 (  0.0%)  Loop-Closed SSA Form Pass
   0.0000 (  0.0%)   0.0000 (  0.0%)   0.0000 (  0.0%)   0.0000 (  0.0%)  Optimization Remark Emitter
   0.0000 (  0.0%)   0.0000 (  0.0%)   0.0000 (  0.0%)   0.0000 (  0.0%)  Function Alias Analysis Results
   0.0000 (  0.0%)   0.0000 (  0.0%)   0.0000 (  0.0%)   0.0000 (  0.0%)  Lazy Block Frequency Analysis
   0.0000 (  0.0%)   0.0000 (  0.0%)   0.0000 (  0.0%)   0.0000 (  0.0%)  Optimization Remark Emitter
   0.0000 (  0.0%)   0.0000 (  0.0%)   0.0000 (  0.0%)   0.0000 (  0.0%)  Lazy Block Frequency Analysis
   0.0000 (  0.0%)   0.0000 (  0.0%)   0.0000 (  0.0%)   0.0000 (  0.0%)  Optimization Remark Emitter
   0.0000 (  0.0%)   0.0000 (  0.0%)   0.0000 (  0.0%)   0.0000 (  0.0%)  Lazy Block Frequency Analysis
   0.0000 (  0.0%)   0.0000 (  0.0%)   0.0000 (  0.0%)   0.0000 (  0.0%)  Lazy Block Frequency Analysis
   0.0000 (  0.0%)   0.0000 (  0.0%)   0.0000 (  0.0%)   0.0000 (  0.0%)  Lazy Block Frequency Analysis
   0.0000 (  0.0%)   0.0000 (  0.0%)   0.0000 (  0.0%)   0.0000 (  0.0%)  Lazy Block Frequency Analysis
   0.0000 (  0.0%)   0.0000 (  0.0%)   0.0000 (  0.0%)   0.0000 (  0.0%)  Loop Invariant Code Motion
   0.0000 (  0.0%)   0.0000 (  0.0%)   0.0000 (  0.0%)   0.0000 (  0.0%)  LCSSA Verifier
   0.0000 (  0.0%)   0.0000 (  0.0%)   0.0000 (  0.0%)   0.0000 (  0.0%)  Optimization Remark Emitter
   0.0000 (  0.0%)   0.0000 (  0.0%)   0.0000 (  0.0%)   0.0000 (  0.0%)  Optimization Remark Emitter
   0.0000 (  0.0%)   0.0000 (  0.0%)   0.0000 (  0.0%)   0.0000 (  0.0%)  Optimization Remark Emitter
   0.0000 (  0.0%)   0.0000 (  0.0%)   0.0000 (  0.0%)   0.0000 (  0.0%)  Optimization Remark Emitter
   0.0000 (  0.0%)   0.0000 (  0.0%)   0.0000 (  0.0%)   0.0000 (  0.0%)  Optimization Remark Emitter
   0.0000 (  0.0%)   0.0000 (  0.0%)   0.0000 (  0.0%)   0.0000 (  0.0%)  Loop Invariant Code Motion
   0.0000 (  0.0%)   0.0000 (  0.0%)   0.0000 (  0.0%)   0.0000 (  0.0%)  Lazy Branch Probability Analysis
   0.0000 (  0.0%)   0.0000 (  0.0%)   0.0000 (  0.0%)   0.0000 (  0.0%)  Basic Alias Analysis (stateless AA impl)
   0.0000 (  0.0%)   0.0000 (  0.0%)   0.0000 (  0.0%)   0.0000 (  0.0%)  Optimization Remark Emitter
   0.0000 (  0.0%)   0.0000 (  0.0%)   0.0000 (  0.0%)   0.0000 (  0.0%)  Lazy Block Frequency Analysis
   0.0000 (  0.0%)   0.0000 (  0.0%)   0.0000 (  0.0%)   0.0000 (  0.0%)  Function Alias Analysis Results
   0.0000 (  0.0%)   0.0000 (  0.0%)   0.0000 (  0.0%)   0.0000 (  0.0%)  LCSSA Verifier
   0.0000 (  0.0%)   0.0000 (  0.0%)   0.0000 (  0.0%)   0.0000 (  0.0%)  Optimization Remark Emitter
   0.0000 (  0.0%)   0.0000 (  0.0%)   0.0000 (  0.0%)   0.0000 (  0.0%)  Lazy Block Frequency Analysis
   0.0000 (  0.0%)   0.0000 (  0.0%)   0.0000 (  0.0%)   0.0000 (  0.0%)  Scalar Evolution Canonicalization
   0.0000 (  0.0%)   0.0000 (  0.0%)   0.0000 (  0.0%)   0.0000 (  0.0%)  Canonicalize natural loops
   0.0000 (  0.0%)   0.0000 (  0.0%)   0.0000 (  0.0%)   0.0000 (  0.0%)  LCSSA Verifier
   0.0000 (  0.0%)   0.0000 (  0.0%)   0.0000 (  0.0%)   0.0000 (  0.0%)  Optimization Remark Emitter
   0.0000 (  0.0%)   0.0000 (  0.0%)   0.0000 (  0.0%)   0.0000 (  0.0%)  Lazy Branch Probability Analysis
   0.0000 (  0.0%)   0.0000 (  0.0%)   0.0000 (  0.0%)   0.0000 (  0.0%)  Loop Invariant Code Motion
   0.0000 (  0.0%)   0.0000 (  0.0%)   0.0000 (  0.0%)   0.0000 (  0.0%)  LayoutTransform - Layout Transform Pragma Analysis
   0.0000 (  0.0%)   0.0000 (  0.0%)   0.0000 (  0.0%)   0.0000 (  0.0%)  CallGraph Construction
   0.0000 (  0.0%)   0.0000 (  0.0%)   0.0000 (  0.0%)   0.0000 (  0.0%)  Optimization Remark Emitter
   0.0000 (  0.0%)   0.0000 (  0.0%)   0.0000 (  0.0%)   0.0000 (  0.0%)  Basic Alias Analysis (stateless AA impl)
   0.0000 (  0.0%)   0.0000 (  0.0%)   0.0000 (  0.0%)   0.0000 (  0.0%)  Optimization Remark Emitter
   0.0000 (  0.0%)   0.0000 (  0.0%)   0.0000 (  0.0%)   0.0000 (  0.0%)  Memory Dependence Analysis
   0.0000 (  0.0%)   0.0000 (  0.0%)   0.0000 (  0.0%)   0.0000 (  0.0%)  Loop-Closed SSA Form Pass
   0.0000 (  0.0%)   0.0000 (  0.0%)   0.0000 (  0.0%)   0.0000 (  0.0%)  Basic Alias Analysis (stateless AA impl)
   0.0000 (  0.0%)   0.0000 (  0.0%)   0.0000 (  0.0%)   0.0000 (  0.0%)  Lazy Branch Probability Analysis
   0.0000 (  0.0%)   0.0000 (  0.0%)   0.0000 (  0.0%)   0.0000 (  0.0%)  Lazy Block Frequency Analysis
   0.0000 (  0.0%)   0.0000 (  0.0%)   0.0000 (  0.0%)   0.0000 (  0.0%)  Memory Dependence Analysis
   0.0000 (  0.0%)   0.0000 (  0.0%)   0.0000 (  0.0%)   0.0000 (  0.0%)  CallGraph Construction
   0.0156 (  0.0%)   0.0000 (  0.0%)   0.0156 (  0.0%)   0.0000 (  0.0%)  Memory Dependence Analysis
   0.0000 (  0.0%)   0.0000 (  0.0%)   0.0000 (  0.0%)   0.0000 (  0.0%)  Canonicalize natural loops
   0.0000 (  0.0%)   0.0000 (  0.0%)   0.0000 (  0.0%)   0.0000 (  0.0%)  Loop-Closed SSA Form Pass
   0.0000 (  0.0%)   0.0000 (  0.0%)   0.0000 (  0.0%)   0.0000 (  0.0%)  Lazy Block Frequency Analysis
   0.0000 (  0.0%)   0.0000 (  0.0%)   0.0000 (  0.0%)   0.0000 (  0.0%)  CallGraph Construction
   0.0000 (  0.0%)   0.0000 (  0.0%)   0.0000 (  0.0%)   0.0000 (  0.0%)  Build loop flatten cost model
   0.0000 (  0.0%)   0.0000 (  0.0%)   0.0000 (  0.0%)   0.0000 (  0.0%)  Lazy Value Information Analysis
   0.0000 (  0.0%)   0.0000 (  0.0%)   0.0000 (  0.0%)   0.0000 (  0.0%)  Optimization Remark Emitter
   0.0000 (  0.0%)   0.0000 (  0.0%)   0.0000 (  0.0%)   0.0000 (  0.0%)  Lazy Branch Probability Analysis
   0.0000 (  0.0%)   0.0000 (  0.0%)   0.0000 (  0.0%)   0.0000 (  0.0%)  Canonicalize natural loops
   0.0000 (  0.0%)   0.0000 (  0.0%)   0.0000 (  0.0%)   0.0000 (  0.0%)  LCSSA Verifier
   0.0000 (  0.0%)   0.0000 (  0.0%)   0.0000 (  0.0%)   0.0000 (  0.0%)  LCSSA Verifier
   0.0000 (  0.0%)   0.0000 (  0.0%)   0.0000 (  0.0%)   0.0000 (  0.0%)  Canonicalize natural loops
   0.0000 (  0.0%)   0.0000 (  0.0%)   0.0000 (  0.0%)   0.0000 (  0.0%)  Achieval II estimation - estimate acheival II lower bound according to constraint
   0.0000 (  0.0%)   0.0000 (  0.0%)   0.0000 (  0.0%)   0.0000 (  0.0%)  Function Alias Analysis Results
   0.0000 (  0.0%)   0.0000 (  0.0%)   0.0000 (  0.0%)   0.0000 (  0.0%)  Lazy Branch Probability Analysis
   0.0000 (  0.0%)   0.0000 (  0.0%)   0.0000 (  0.0%)   0.0000 (  0.0%)  Lazy Branch Probability Analysis
   0.0000 (  0.0%)   0.0000 (  0.0%)   0.0000 (  0.0%)   0.0000 (  0.0%)  LCSSA Verifier
   0.0000 (  0.0%)   0.0000 (  0.0%)   0.0000 (  0.0%)   0.0000 (  0.0%)  Optimization Remark Emitter
   0.0000 (  0.0%)   0.0000 (  0.0%)   0.0000 (  0.0%)   0.0000 (  0.0%)  Lazy Block Frequency Analysis
   0.0000 (  0.0%)   0.0000 (  0.0%)   0.0000 (  0.0%)   0.0000 (  0.0%)  Lazy Branch Probability Analysis
   0.0000 (  0.0%)   0.0000 (  0.0%)   0.0000 (  0.0%)   0.0000 (  0.0%)  LCSSA Verifier
   0.0000 (  0.0%)   0.0000 (  0.0%)   0.0000 (  0.0%)   0.0000 (  0.0%)  Lazy Branch Probability Analysis
   0.0000 (  0.0%)   0.0000 (  0.0%)   0.0000 (  0.0%)   0.0000 (  0.0%)  Achieval II estimation - estimate acheival II lower bound according to constraint
   0.0000 (  0.0%)   0.0000 (  0.0%)   0.0000 (  0.0%)   0.0000 (  0.0%)  Scalar Evolution Canonicalization
   0.0000 (  0.0%)   0.0000 (  0.0%)   0.0000 (  0.0%)   0.0000 (  0.0%)  Basic Alias Analysis (stateless AA impl)
   0.0000 (  0.0%)   0.0000 (  0.0%)   0.0000 (  0.0%)   0.0000 (  0.0%)  CallGraph Construction
   0.0000 (  0.0%)   0.0000 (  0.0%)   0.0000 (  0.0%)   0.0000 (  0.0%)  Lazy Block Frequency Analysis
   0.0000 (  0.0%)   0.0000 (  0.0%)   0.0000 (  0.0%)   0.0000 (  0.0%)  Loop-Closed SSA Form Pass
   0.0000 (  0.0%)   0.0000 (  0.0%)   0.0000 (  0.0%)   0.0000 (  0.0%)  Lazy Branch Probability Analysis
   0.0000 (  0.0%)   0.0000 (  0.0%)   0.0000 (  0.0%)   0.0000 (  0.0%)  Basic Alias Analysis (stateless AA impl)
   0.0000 (  0.0%)   0.0000 (  0.0%)   0.0000 (  0.0%)   0.0000 (  0.0%)  Lazy Value Information Analysis
   0.0000 (  0.0%)   0.0000 (  0.0%)   0.0000 (  0.0%)   0.0000 (  0.0%)  LCSSA Verifier
   0.0000 (  0.0%)   0.0000 (  0.0%)   0.0000 (  0.0%)   0.0000 (  0.0%)  Memory Dependence Analysis
   0.0000 (  0.0%)   0.0000 (  0.0%)   0.0000 (  0.0%)   0.0000 (  0.0%)  Basic Alias Analysis (stateless AA impl)
   0.0000 (  0.0%)   0.0000 (  0.0%)   0.0000 (  0.0%)   0.0000 (  0.0%)  Lazy Value Information Analysis
   0.0000 (  0.0%)   0.0000 (  0.0%)   0.0000 (  0.0%)   0.0000 (  0.0%)  LCSSA Verifier
   0.0000 (  0.0%)   0.0000 (  0.0%)   0.0000 (  0.0%)   0.0000 (  0.0%)  Delete dead loops
   0.0000 (  0.0%)   0.0000 (  0.0%)   0.0000 (  0.0%)   0.0000 (  0.0%)  Lazy Branch Probability Analysis
   0.0000 (  0.0%)   0.0000 (  0.0%)   0.0000 (  0.0%)   0.0000 (  0.0%)  Lazy Block Frequency Analysis
   0.0000 (  0.0%)   0.0000 (  0.0%)   0.0000 (  0.0%)   0.0000 (  0.0%)  Eliminate dead stores globally
   0.0000 (  0.0%)   0.0000 (  0.0%)   0.0000 (  0.0%)   0.0000 (  0.0%)  LCSSA Verifier
   0.0000 (  0.0%)   0.0000 (  0.0%)   0.0000 (  0.0%)   0.0000 (  0.0%)  LCSSA Verifier
   0.0000 (  0.0%)   0.0000 (  0.0%)   0.0000 (  0.0%)   0.0000 (  0.0%)  Optimization Remark Emitter
   0.0000 (  0.0%)   0.0000 (  0.0%)   0.0000 (  0.0%)   0.0000 (  0.0%)  Basic Alias Analysis (stateless AA impl)
   0.0000 (  0.0%)   0.0000 (  0.0%)   0.0000 (  0.0%)   0.0000 (  0.0%)  LCSSA Verifier
   0.0000 (  0.0%)   0.0000 (  0.0%)   0.0000 (  0.0%)   0.0000 (  0.0%)  Lazy Branch Probability Analysis
   0.0000 (  0.0%)   0.0000 (  0.0%)   0.0000 (  0.0%)   0.0000 (  0.0%)  Loop-Closed SSA Form Pass
   0.0000 (  0.0%)   0.0000 (  0.0%)   0.0000 (  0.0%)   0.0000 (  0.0%)  Basic Alias Analysis (stateless AA impl)
   0.0000 (  0.0%)   0.0000 (  0.0%)   0.0000 (  0.0%)   0.0000 (  0.0%)  Canonicalize natural loops
   0.0000 (  0.0%)   0.0000 (  0.0%)   0.0000 (  0.0%)   0.0000 (  0.0%)  Reflow auto unroll loops
   0.0000 (  0.0%)   0.0000 (  0.0%)   0.0000 (  0.0%)   0.0000 (  0.0%)  Basic Alias Analysis (stateless AA impl)
   0.0000 (  0.0%)   0.0000 (  0.0%)   0.0000 (  0.0%)   0.0000 (  0.0%)  Memory Dependence Analysis
   0.0000 (  0.0%)   0.0000 (  0.0%)   0.0000 (  0.0%)   0.0000 (  0.0%)  Lazy Branch Probability Analysis
   0.0000 (  0.0%)   0.0000 (  0.0%)   0.0000 (  0.0%)   0.0000 (  0.0%)  Stream object marker
   0.0000 (  0.0%)   0.0000 (  0.0%)   0.0000 (  0.0%)   0.0000 (  0.0%)  Optimization Remark Emitter
   0.0000 (  0.0%)   0.0000 (  0.0%)   0.0000 (  0.0%)   0.0000 (  0.0%)  Basic Alias Analysis (stateless AA impl)
   0.0000 (  0.0%)   0.0000 (  0.0%)   0.0000 (  0.0%)   0.0000 (  0.0%)  Lazy Branch Probability Analysis
   0.0000 (  0.0%)   0.0000 (  0.0%)   0.0000 (  0.0%)   0.0000 (  0.0%)  Memory Dependence Analysis
   0.0000 (  0.0%)   0.0000 (  0.0%)   0.0000 (  0.0%)   0.0000 (  0.0%)  Basic Alias Analysis (stateless AA impl)
   0.0000 (  0.0%)   0.0000 (  0.0%)   0.0000 (  0.0%)   0.0000 (  0.0%)  Optimization Remark Emitter
   0.0000 (  0.0%)   0.0000 (  0.0%)   0.0000 (  0.0%)   0.0000 (  0.0%)  Optimization Remark Emitter
   0.0000 (  0.0%)   0.0000 (  0.0%)   0.0000 (  0.0%)   0.0000 (  0.0%)  Lazy Branch Probability Analysis
   0.0000 (  0.0%)   0.0000 (  0.0%)   0.0000 (  0.0%)   0.0000 (  0.0%)  Lazy Block Frequency Analysis
   0.0000 (  0.0%)   0.0000 (  0.0%)   0.0000 (  0.0%)   0.0000 (  0.0%)  LCSSA Verifier
   0.0000 (  0.0%)   0.0000 (  0.0%)   0.0000 (  0.0%)   0.0000 (  0.0%)  LayoutTransform - Layout Transform Pragma Analysis
   0.0000 (  0.0%)   0.0000 (  0.0%)   0.0000 (  0.0%)   0.0000 (  0.0%)  Basic Alias Analysis (stateless AA impl)
   0.0000 (  0.0%)   0.0000 (  0.0%)   0.0000 (  0.0%)   0.0000 (  0.0%)  Memory Dependence Analysis
   0.0000 (  0.0%)   0.0000 (  0.0%)   0.0000 (  0.0%)   0.0000 (  0.0%)  LCSSA Verifier
   0.0000 (  0.0%)   0.0000 (  0.0%)   0.0000 (  0.0%)   0.0000 (  0.0%)  Lazy Block Frequency Analysis
   0.0000 (  0.0%)   0.0000 (  0.0%)   0.0000 (  0.0%)   0.0000 (  0.0%)  LCSSA Verifier
   0.0000 (  0.0%)   0.0000 (  0.0%)   0.0000 (  0.0%)   0.0000 (  0.0%)  Lazy Branch Probability Analysis
   0.0000 (  0.0%)   0.0000 (  0.0%)   0.0000 (  0.0%)   0.0000 (  0.0%)  Canonicalize natural loops
   0.0000 (  0.0%)   0.0000 (  0.0%)   0.0000 (  0.0%)   0.0000 (  0.0%)  Optimization Remark Emitter
   0.0000 (  0.0%)   0.0000 (  0.0%)   0.0000 (  0.0%)   0.0000 (  0.0%)  Lazy Branch Probability Analysis
   0.0000 (  0.0%)   0.0000 (  0.0%)   0.0000 (  0.0%)   0.0000 (  0.0%)  Optimization Remark Emitter
   0.0000 (  0.0%)   0.0000 (  0.0%)   0.0000 (  0.0%)   0.0000 (  0.0%)  Lazy Block Frequency Analysis
   0.0000 (  0.0%)   0.0000 (  0.0%)   0.0000 (  0.0%)   0.0000 (  0.0%)  LCSSA Verifier
   0.0000 (  0.0%)   0.0000 (  0.0%)   0.0000 (  0.0%)   0.0000 (  0.0%)  Memory Dependence Analysis
   0.0000 (  0.0%)   0.0000 (  0.0%)   0.0000 (  0.0%)   0.0000 (  0.0%)  Optimization Remark Emitter
   0.0000 (  0.0%)   0.0000 (  0.0%)   0.0000 (  0.0%)   0.0000 (  0.0%)  Optimization Remark Emitter
   0.0000 (  0.0%)   0.0000 (  0.0%)   0.0000 (  0.0%)   0.0000 (  0.0%)  Basic Alias Analysis (stateless AA impl)
   0.0000 (  0.0%)   0.0000 (  0.0%)   0.0000 (  0.0%)   0.0000 (  0.0%)  Optimization Remark Emitter
   0.0000 (  0.0%)   0.0000 (  0.0%)   0.0000 (  0.0%)   0.0000 (  0.0%)  Basic Alias Analysis (stateless AA impl)
   0.0000 (  0.0%)   0.0000 (  0.0%)   0.0000 (  0.0%)   0.0000 (  0.0%)  Lazy Branch Probability Analysis
   0.0000 (  0.0%)   0.0000 (  0.0%)   0.0000 (  0.0%)   0.0000 (  0.0%)  Lazy Block Frequency Analysis
   0.0000 (  0.0%)   0.0000 (  0.0%)   0.0000 (  0.0%)   0.0000 (  0.0%)  Lazy Block Frequency Analysis
   0.0000 (  0.0%)   0.0000 (  0.0%)   0.0000 (  0.0%)   0.0000 (  0.0%)  Lazy Block Frequency Analysis
   0.0000 (  0.0%)   0.0000 (  0.0%)   0.0000 (  0.0%)   0.0000 (  0.0%)  Lazy Block Frequency Analysis
   0.0000 (  0.0%)   0.0000 (  0.0%)   0.0000 (  0.0%)   0.0000 (  0.0%)  Optimization Remark Emitter
   0.0000 (  0.0%)   0.0000 (  0.0%)   0.0000 (  0.0%)   0.0000 (  0.0%)  Optimization Remark Emitter
   0.0000 (  0.0%)   0.0000 (  0.0%)   0.0000 (  0.0%)   0.0000 (  0.0%)  Optimization Remark Emitter
   0.0000 (  0.0%)   0.0000 (  0.0%)   0.0000 (  0.0%)   0.0000 (  0.0%)  Optimization Remark Emitter
   0.0000 (  0.0%)   0.0000 (  0.0%)   0.0000 (  0.0%)   0.0000 (  0.0%)  LCSSA Verifier
   0.0000 (  0.0%)   0.0000 (  0.0%)   0.0000 (  0.0%)   0.0000 (  0.0%)  Lazy Block Frequency Analysis
   0.0000 (  0.0%)   0.0000 (  0.0%)   0.0000 (  0.0%)   0.0000 (  0.0%)  Optimization Remark Emitter
   0.0000 (  0.0%)   0.0000 (  0.0%)   0.0000 (  0.0%)   0.0000 (  0.0%)  Optimization Remark Emitter
   0.0000 (  0.0%)   0.0000 (  0.0%)   0.0000 (  0.0%)   0.0000 (  0.0%)  Lazy Block Frequency Analysis
   0.0000 (  0.0%)   0.0000 (  0.0%)   0.0000 (  0.0%)   0.0000 (  0.0%)  Optimization Remark Emitter
   0.0000 (  0.0%)   0.0000 (  0.0%)   0.0000 (  0.0%)   0.0000 (  0.0%)  Optimization Remark Emitter
   0.0000 (  0.0%)   0.0000 (  0.0%)   0.0000 (  0.0%)   0.0000 (  0.0%)  Optimization Remark Emitter
   0.0000 (  0.0%)   0.0000 (  0.0%)   0.0000 (  0.0%)   0.0000 (  0.0%)  Optimization Remark Emitter
   0.0000 (  0.0%)   0.0000 (  0.0%)   0.0000 (  0.0%)   0.0000 (  0.0%)  Lazy Block Frequency Analysis
   0.0000 (  0.0%)   0.0000 (  0.0%)   0.0000 (  0.0%)   0.0000 (  0.0%)  Lazy Block Frequency Analysis
   0.0000 (  0.0%)   0.0000 (  0.0%)   0.0000 (  0.0%)   0.0000 (  0.0%)  Optimization Remark Emitter
   0.0000 (  0.0%)   0.0000 (  0.0%)   0.0000 (  0.0%)   0.0000 (  0.0%)  Interface Analysis
   0.0000 (  0.0%)   0.0000 (  0.0%)   0.0000 (  0.0%)   0.0000 (  0.0%)  Lazy Block Frequency Analysis
   0.0000 (  0.0%)   0.0000 (  0.0%)   0.0000 (  0.0%)   0.0000 (  0.0%)  Optimization Remark Emitter
   0.0000 (  0.0%)   0.0000 (  0.0%)   0.0000 (  0.0%)   0.0000 (  0.0%)  SPIRUpdateIntrRange - Update SPIR Intrinsics Metadata
   0.0000 (  0.0%)   0.0000 (  0.0%)   0.0000 (  0.0%)   0.0000 (  0.0%)  Optimization Remark Emitter
   0.0000 (  0.0%)   0.0000 (  0.0%)   0.0000 (  0.0%)   0.0000 (  0.0%)  Basic Alias Analysis (stateless AA impl)
   0.0000 (  0.0%)   0.0000 (  0.0%)   0.0000 (  0.0%)   0.0000 (  0.0%)  Optimization Remark Emitter
   0.0000 (  0.0%)   0.0000 (  0.0%)   0.0000 (  0.0%)   0.0000 (  0.0%)  Lazy Block Frequency Analysis
   0.0000 (  0.0%)   0.0000 (  0.0%)   0.0000 (  0.0%)   0.0000 (  0.0%)  LCSSA Verifier
   0.0000 (  0.0%)   0.0000 (  0.0%)   0.0000 (  0.0%)   0.0000 (  0.0%)  Loop-Closed SSA Form Pass
   0.0000 (  0.0%)   0.0000 (  0.0%)   0.0000 (  0.0%)   0.0000 (  0.0%)  Lazy Block Frequency Analysis
   0.0000 (  0.0%)   0.0000 (  0.0%)   0.0000 (  0.0%)   0.0000 (  0.0%)  Lazy Block Frequency Analysis
   0.0000 (  0.0%)   0.0000 (  0.0%)   0.0000 (  0.0%)   0.0000 (  0.0%)  Dead Global Elimination
   0.0000 (  0.0%)   0.0000 (  0.0%)   0.0000 (  0.0%)   0.0000 (  0.0%)  LCSSA Verifier
   0.0000 (  0.0%)   0.0000 (  0.0%)   0.0000 (  0.0%)   0.0000 (  0.0%)  LCSSA Verifier
   0.0000 (  0.0%)   0.0000 (  0.0%)   0.0000 (  0.0%)   0.0000 (  0.0%)  Optimization Remark Emitter
   0.0000 (  0.0%)   0.0000 (  0.0%)   0.0000 (  0.0%)   0.0000 (  0.0%)  Optimization Remark Emitter
   0.0000 (  0.0%)   0.0000 (  0.0%)   0.0000 (  0.0%)   0.0000 (  0.0%)  Optimization Remark Emitter
   0.0000 (  0.0%)   0.0000 (  0.0%)   0.0000 (  0.0%)   0.0000 (  0.0%)  LCSSA Verifier
   0.0000 (  0.0%)   0.0000 (  0.0%)   0.0000 (  0.0%)   0.0000 (  0.0%)  LCSSA Verifier
   0.0000 (  0.0%)   0.0000 (  0.0%)   0.0000 (  0.0%)   0.0000 (  0.0%)  Function Alias Analysis Results
   0.0000 (  0.0%)   0.0000 (  0.0%)   0.0000 (  0.0%)   0.0000 (  0.0%)  Lazy Block Frequency Analysis
   0.0000 (  0.0%)   0.0000 (  0.0%)   0.0000 (  0.0%)   0.0000 (  0.0%)  ScalarEvolution-based Alias Analysis
   0.0000 (  0.0%)   0.0000 (  0.0%)   0.0000 (  0.0%)   0.0000 (  0.0%)  LCSSA Verifier
   0.0000 (  0.0%)   0.0000 (  0.0%)   0.0000 (  0.0%)   0.0000 (  0.0%)  Delete dead loops
   0.0000 (  0.0%)   0.0000 (  0.0%)   0.0000 (  0.0%)   0.0000 (  0.0%)  Lazy Block Frequency Analysis
   0.0000 (  0.0%)   0.0000 (  0.0%)   0.0000 (  0.0%)   0.0000 (  0.0%)  LCSSA Verifier
   0.0000 (  0.0%)   0.0000 (  0.0%)   0.0000 (  0.0%)   0.0000 (  0.0%)  Revert PPPO for array-to-stream
   0.0000 (  0.0%)   0.0000 (  0.0%)   0.0000 (  0.0%)   0.0000 (  0.0%)  Lower memory intrinsic
   0.0000 (  0.0%)   0.0000 (  0.0%)   0.0000 (  0.0%)   0.0000 (  0.0%)  Basic Alias Analysis (stateless AA impl)
   0.0000 (  0.0%)   0.0000 (  0.0%)   0.0000 (  0.0%)   0.0000 (  0.0%)  Loop-Closed SSA Form Pass
   0.0000 (  0.0%)   0.0000 (  0.0%)   0.0000 (  0.0%)   0.0000 (  0.0%)  LCSSA Verifier
   0.0000 (  0.0%)   0.0000 (  0.0%)   0.0000 (  0.0%)   0.0000 (  0.0%)  Lazy Block Frequency Analysis
   0.0000 (  0.0%)   0.0000 (  0.0%)   0.0000 (  0.0%)   0.0000 (  0.0%)  LCSSA Verifier
   0.0000 (  0.0%)   0.0000 (  0.0%)   0.0000 (  0.0%)   0.0000 (  0.0%)  Canonicalize natural loops
   0.0000 (  0.0%)   0.0000 (  0.0%)   0.0000 (  0.0%)   0.0000 (  0.0%)  LCSSA Verifier
   0.0000 (  0.0%)   0.0000 (  0.0%)   0.0000 (  0.0%)   0.0000 (  0.0%)  LCSSA Verifier
   0.0000 (  0.0%)   0.0000 (  0.0%)   0.0000 (  0.0%)   0.0000 (  0.0%)  LayoutTransform - Layout Transform Pragma Analysis
   0.0000 (  0.0%)   0.0000 (  0.0%)   0.0000 (  0.0%)   0.0000 (  0.0%)  LCSSA Verifier
   0.0000 (  0.0%)   0.0000 (  0.0%)   0.0000 (  0.0%)   0.0000 (  0.0%)  Rotate Loops
   0.0000 (  0.0%)   0.0000 (  0.0%)   0.0000 (  0.0%)   0.0000 (  0.0%)  Basic Alias Analysis (stateless AA impl)
   0.0000 (  0.0%)   0.0000 (  0.0%)   0.0000 (  0.0%)   0.0000 (  0.0%)  LCSSA Verifier
   0.0000 (  0.0%)   0.0000 (  0.0%)   0.0000 (  0.0%)   0.0000 (  0.0%)  ArrayPartition - Partition Arrays into Banks
   0.0000 (  0.0%)   0.0000 (  0.0%)   0.0000 (  0.0%)   0.0000 (  0.0%)  Interface Analysis
   0.0000 (  0.0%)   0.0000 (  0.0%)   0.0000 (  0.0%)   0.0000 (  0.0%)  Dominator Tree Construction
   0.0000 (  0.0%)   0.0000 (  0.0%)   0.0000 (  0.0%)   0.0000 (  0.0%)  Simplify loop CFG
   0.0000 (  0.0%)   0.0000 (  0.0%)   0.0000 (  0.0%)   0.0000 (  0.0%)  Lazy Branch Probability Analysis
   0.0000 (  0.0%)   0.0000 (  0.0%)   0.0000 (  0.0%)   0.0000 (  0.0%)  Interface Analysis
   0.0000 (  0.0%)   0.0000 (  0.0%)   0.0000 (  0.0%)   0.0000 (  0.0%)  Interface Analysis
   0.0000 (  0.0%)   0.0000 (  0.0%)   0.0000 (  0.0%)   0.0000 (  0.0%)  Simplify loop CFG
   0.0000 (  0.0%)   0.0000 (  0.0%)   0.0000 (  0.0%)   0.0000 (  0.0%)  LayoutTransform - Layout Transform Pragma Analysis
   0.0000 (  0.0%)   0.0000 (  0.0%)   0.0000 (  0.0%)   0.0000 (  0.0%)  Interface Analysis
   0.0000 (  0.0%)   0.0000 (  0.0%)   0.0000 (  0.0%)   0.0000 (  0.0%)  Optimization Remark Emitter
   0.0000 (  0.0%)   0.0000 (  0.0%)   0.0000 (  0.0%)   0.0000 (  0.0%)  Achieval II estimation - estimate acheival II lower bound according to constraint
   0.0000 (  0.0%)   0.0000 (  0.0%)   0.0000 (  0.0%)   0.0000 (  0.0%)  Simplify loop CFG
   0.0000 (  0.0%)   0.0000 (  0.0%)   0.0000 (  0.0%)   0.0000 (  0.0%)  Assumption Cache Tracker
   0.0000 (  0.0%)   0.0000 (  0.0%)   0.0000 (  0.0%)   0.0000 (  0.0%)  Lower stream depth
   0.0000 (  0.0%)   0.0000 (  0.0%)   0.0000 (  0.0%)   0.0000 (  0.0%)  Simplify loop CFG
   0.0000 (  0.0%)   0.0000 (  0.0%)   0.0000 (  0.0%)   0.0000 (  0.0%)  Delete dead loops
   0.0000 (  0.0%)   0.0000 (  0.0%)   0.0000 (  0.0%)   0.0000 (  0.0%)  Interface Analysis
   0.0000 (  0.0%)   0.0000 (  0.0%)   0.0000 (  0.0%)   0.0000 (  0.0%)  Entirety access check on array-to-stream
   0.0000 (  0.0%)   0.0000 (  0.0%)   0.0000 (  0.0%)   0.0000 (  0.0%)  Interface Analysis
   0.0000 (  0.0%)   0.0000 (  0.0%)   0.0000 (  0.0%)   0.0000 (  0.0%)  Entirety access check on array-to-stream
   0.0000 (  0.0%)   0.0000 (  0.0%)   0.0000 (  0.0%)   0.0000 (  0.0%)  Interface Analysis
   0.0000 (  0.0%)   0.0000 (  0.0%)   0.0000 (  0.0%)   0.0000 (  0.0%)  Lower intrinsics for FPGAs
   0.0000 (  0.0%)   0.0000 (  0.0%)   0.0000 (  0.0%)   0.0000 (  0.0%)  Eliminate guard varible
   0.0000 (  0.0%)   0.0000 (  0.0%)   0.0000 (  0.0%)   0.0000 (  0.0%)  Evaluate _ssdm_string2bits
   0.0000 (  0.0%)   0.0000 (  0.0%)   0.0000 (  0.0%)   0.0000 (  0.0%)  Interface Analysis
   0.0000 (  0.0%)   0.0000 (  0.0%)   0.0000 (  0.0%)   0.0000 (  0.0%)  Interface Analysis
   0.0000 (  0.0%)   0.0000 (  0.0%)   0.0000 (  0.0%)   0.0000 (  0.0%)  Interface Analysis
   0.0000 (  0.0%)   0.0000 (  0.0%)   0.0000 (  0.0%)   0.0000 (  0.0%)  Lower intrinsics for FPGAs
   0.0000 (  0.0%)   0.0000 (  0.0%)   0.0000 (  0.0%)   0.0000 (  0.0%)  Lower intrinsics for FPGAs
   0.0000 (  0.0%)   0.0000 (  0.0%)   0.0000 (  0.0%)   0.0000 (  0.0%)  Interface Analysis
   0.0000 (  0.0%)   0.0000 (  0.0%)   0.0000 (  0.0%)   0.0000 (  0.0%)  Interface Analysis
   0.0000 (  0.0%)   0.0000 (  0.0%)   0.0000 (  0.0%)   0.0000 (  0.0%)  Lower intrinsics for FPGAs
   0.0000 (  0.0%)   0.0000 (  0.0%)   0.0000 (  0.0%)   0.0000 (  0.0%)  Interface Analysis
   0.0000 (  0.0%)   0.0000 (  0.0%)   0.0000 (  0.0%)   0.0000 (  0.0%)  Interface Analysis
   0.0000 (  0.0%)   0.0000 (  0.0%)   0.0000 (  0.0%)   0.0000 (  0.0%)  Profile summary info
   0.0000 (  0.0%)   0.0000 (  0.0%)   0.0000 (  0.0%)   0.0000 (  0.0%)  Interface Analysis
   0.0000 (  0.0%)   0.0000 (  0.0%)   0.0000 (  0.0%)   0.0000 (  0.0%)  Target Library Information
   0.0000 (  0.0%)   0.0000 (  0.0%)   0.0000 (  0.0%)   0.0000 (  0.0%)  Interface Analysis
   0.0000 (  0.0%)   0.0000 (  0.0%)   0.0000 (  0.0%)   0.0000 (  0.0%)  Interface Analysis
   0.0000 (  0.0%)   0.0000 (  0.0%)   0.0000 (  0.0%)   0.0000 (  0.0%)  Interface Analysis
   0.0000 (  0.0%)   0.0000 (  0.0%)   0.0000 (  0.0%)   0.0000 (  0.0%)  A No-Op Barrier Pass
   0.0000 (  0.0%)   0.0000 (  0.0%)   0.0000 (  0.0%)   0.0000 (  0.0%)  A No-Op Barrier Pass
   0.0000 (  0.0%)   0.0000 (  0.0%)   0.0000 (  0.0%)   0.0000 (  0.0%)  Interface Analysis
   0.0000 (  0.0%)   0.0000 (  0.0%)   0.0000 (  0.0%)   0.0000 (  0.0%)  Interface Analysis
   0.0000 (  0.0%)   0.0000 (  0.0%)   0.0000 (  0.0%)   0.0000 (  0.0%)  Interface Analysis
   0.0000 (  0.0%)   0.0000 (  0.0%)   0.0000 (  0.0%)   0.0000 (  0.0%)  Collect basic metrics for FE reflow
   0.0000 (  0.0%)   0.0000 (  0.0%)   0.0000 (  0.0%)   0.0000 (  0.0%)  Eliminate guard varible
   0.0000 (  0.0%)   0.0000 (  0.0%)   0.0000 (  0.0%)   0.0000 (  0.0%)  Interface Analysis
   0.0000 (  0.0%)   0.0000 (  0.0%)   0.0000 (  0.0%)   0.0000 (  0.0%)  Interface Analysis
   0.0000 (  0.0%)   0.0000 (  0.0%)   0.0000 (  0.0%)   0.0000 (  0.0%)  Revert PPPO for array-to-stream
   0.0000 (  0.0%)   0.0000 (  0.0%)   0.0000 (  0.0%)   0.0000 (  0.0%)  Revert PPPO for array-to-stream
   0.0000 (  0.0%)   0.0000 (  0.0%)   0.0000 (  0.0%)   0.0000 (  0.0%)  Interface Analysis
   0.0000 (  0.0%)   0.0000 (  0.0%)   0.0000 (  0.0%)   0.0000 (  0.0%)  Interface Analysis
   0.0000 (  0.0%)   0.0000 (  0.0%)   0.0000 (  0.0%)   0.0000 (  0.0%)  Interface Analysis
   0.0000 (  0.0%)   0.0000 (  0.0%)   0.0000 (  0.0%)   0.0000 (  0.0%)  Interface Analysis
   0.0000 (  0.0%)   0.0000 (  0.0%)   0.0000 (  0.0%)   0.0000 (  0.0%)  Interface Analysis
   0.0000 (  0.0%)   0.0000 (  0.0%)   0.0000 (  0.0%)   0.0000 (  0.0%)  Target Transform Information
   0.0000 (  0.0%)   0.0000 (  0.0%)   0.0000 (  0.0%)   0.0000 (  0.0%)  Interface Analysis
   0.0000 (  0.0%)   0.0000 (  0.0%)   0.0000 (  0.0%)   0.0000 (  0.0%)  A No-Op Barrier Pass
   0.0000 (  0.0%)   0.0000 (  0.0%)   0.0000 (  0.0%)   0.0000 (  0.0%)  A No-Op Barrier Pass
  240.4844 (100.0%)   5.9688 (100.0%)  246.4531 (100.0%)  269.1304 (100.0%)  Total

===-------------------------------------------------------------------------===
                                LLVM IR Parsing
===-------------------------------------------------------------------------===
  Total Execution Time: 0.0938 seconds (0.1282 wall clock)

   ---User Time---   --System Time--   --User+System--   ---Wall Time---  --- Name ---
   0.0625 (100.0%)   0.0313 (100.0%)   0.0938 (100.0%)   0.1282 (100.0%)  Parse IR
   0.0625 (100.0%)   0.0313 (100.0%)   0.0938 (100.0%)   0.1282 (100.0%)  Total

===-------------------------------------------------------------------------===
                          Clang front-end time report
===-------------------------------------------------------------------------===
  Total Execution Time: 245.9844 seconds (268.5761 wall clock)

   ---User Time---   --System Time--   --User+System--   ---Wall Time---  --- Name ---
  240.0625 (100.0%)   5.9219 (100.0%)  245.9844 (100.0%)  268.5761 (100.0%)  Clang front-end timer
  240.0625 (100.0%)   5.9219 (100.0%)  245.9844 (100.0%)  268.5761 (100.0%)  Total

