

================================================================
== Vitis HLS Report for 'dense_latency_ap_fixed_16_6_5_3_0_ap_fixed_32_18_5_3_0_config6_s'
================================================================
* Date:           Sat Nov 15 21:47:30 2025

* Version:        2023.1 (Build 3854077 on May  4 2023)
* Project:        myproject_prj
* Solution:       solution1 (Vivado IP Flow Target)
* Product family: zynq
* Target device:  xc7z020-clg400-1


================================================================
== Performance Estimates
================================================================
+ Timing: 
    * Summary: 
    +--------+---------+-----------+------------+
    |  Clock |  Target | Estimated | Uncertainty|
    +--------+---------+-----------+------------+
    |ap_clk  |  0.10 us|  20.503 ns|    27.00 ns|
    +--------+---------+-----------+------------+

+ Latency: 
    * Summary: 
    +---------+---------+----------+----------+-----+-----+---------+
    |  Latency (cycles) |  Latency (absolute) |  Interval | Pipeline|
    |   min   |   max   |    min   |    max   | min | max |   Type  |
    +---------+---------+----------+----------+-----+-----+---------+
    |       30|       30|  3.000 us|  3.000 us|   31|   31|      yes|
    +---------+---------+----------+----------+-----+-----+---------+

    + Detail: 
        * Instance: 
        N/A

        * Loop: 
        N/A

============================================================
+ Verbose Summary: Synthesis Manager
============================================================
InlineROM: 1
ExposeGlobal: 0
============================================================
+ Verbose Summary: CDFG Model
============================================================
IsTopModel: 0
ResetActiveHigh: 1
IsCombinational: 0
IsDatapathOnly: 0
HasWiredReturn: 1
HasMFsm: 2
HasVarLatency: 0
IsPipeline: 1
IsRtlPipelined: 0
IsInstanceOverlapped: 0
IsDontTouch: 0
HasImplIP: 0
IsGatedGlobalClock: 0

+ Individual pipeline summary: 
  * Pipeline-0: initiation interval (II) = 31, depth = 31


============================================================
+ Verbose Summary: Schedule
============================================================
* Number of FSM states : 31
* Pipeline : 1
  Pipeline-0 : II = 31, D = 31, States = { 1 2 3 4 5 6 7 8 9 10 11 12 13 14 15 16 17 18 19 20 21 22 23 24 25 26 27 28 29 30 31 }
* Dataflow Pipeline: 0

* FSM state transitions: 
1 --> 2 
2 --> 3 
3 --> 4 
4 --> 5 
5 --> 6 
6 --> 7 
7 --> 8 
8 --> 9 
9 --> 10 
10 --> 11 
11 --> 12 
12 --> 13 
13 --> 14 
14 --> 15 
15 --> 16 
16 --> 17 
17 --> 18 
18 --> 19 
19 --> 20 
20 --> 21 
21 --> 22 
22 --> 23 
23 --> 24 
24 --> 25 
25 --> 26 
26 --> 27 
27 --> 28 
28 --> 29 
29 --> 30 
30 --> 31 
31 --> 

* FSM state operations: 

State 1 <SV = 0> <Delay = 5.58>
ST_1 : Operation 32 [1/1] (0.00ns)   --->   "%data_0_val_read = read i16 @_ssdm_op_Read.ap_auto.i16, i16 %data_0_val" [firmware/nnet_utils/nnet_mult.h:70->firmware/nnet_utils/nnet_dense_latency.h:42]   --->   Operation 32 'read' 'data_0_val_read' <Predicate = true> <Delay = 0.00>
ST_1 : Operation 33 [1/1] (0.00ns)   --->   "%sext_ln70 = sext i16 %data_0_val_read" [firmware/nnet_utils/nnet_mult.h:70->firmware/nnet_utils/nnet_dense_latency.h:42]   --->   Operation 33 'sext' 'sext_ln70' <Predicate = true> <Delay = 0.00>
ST_1 : Operation 34 [1/1] (0.00ns)   --->   "%sext_ln70_479 = sext i16 %data_0_val_read" [firmware/nnet_utils/nnet_mult.h:70->firmware/nnet_utils/nnet_dense_latency.h:42]   --->   Operation 34 'sext' 'sext_ln70_479' <Predicate = true> <Delay = 0.00>
ST_1 : Operation 35 [1/1] (0.00ns)   --->   "%sext_ln70_480 = sext i16 %data_0_val_read" [firmware/nnet_utils/nnet_mult.h:70->firmware/nnet_utils/nnet_dense_latency.h:42]   --->   Operation 35 'sext' 'sext_ln70_480' <Predicate = true> <Delay = 0.00>
ST_1 : Operation 36 [1/1] (5.58ns)   --->   "%mul_ln73 = mul i29 %sext_ln70_480, i29 2141" [firmware/nnet_utils/nnet_mult.h:73->firmware/nnet_utils/nnet_dense_latency.h:42]   --->   Operation 36 'mul' 'mul_ln73' <Predicate = true> <Delay = 5.58> <CoreInst = "Multiplier">   --->   Core 3 'Multiplier' <Latency = 0> <II = 1> <Delay = 5.58> <FuncUnit> <Opcode : 'mul'> <InPorts = 2> <OutPorts = 1>
ST_1 : Operation 37 [1/1] (0.00ns)   --->   "%mult = partselect i19 @_ssdm_op_PartSelect.i19.i29.i32.i32, i29 %mul_ln73, i32 10, i32 28" [firmware/nnet_utils/nnet_dense_latency.h:42]   --->   Operation 37 'partselect' 'mult' <Predicate = true> <Delay = 0.00>
ST_1 : Operation 38 [1/1] (5.58ns)   --->   "%mul_ln73_4638 = mul i30 %sext_ln70_479, i30 5510" [firmware/nnet_utils/nnet_mult.h:73->firmware/nnet_utils/nnet_dense_latency.h:42]   --->   Operation 38 'mul' 'mul_ln73_4638' <Predicate = true> <Delay = 5.58> <CoreInst = "Multiplier">   --->   Core 3 'Multiplier' <Latency = 0> <II = 1> <Delay = 5.58> <FuncUnit> <Opcode : 'mul'> <InPorts = 2> <OutPorts = 1>
ST_1 : Operation 39 [1/1] (0.00ns)   --->   "%mult_4786 = partselect i20 @_ssdm_op_PartSelect.i20.i30.i32.i32, i30 %mul_ln73_4638, i32 10, i32 29" [firmware/nnet_utils/nnet_dense_latency.h:42]   --->   Operation 39 'partselect' 'mult_4786' <Predicate = true> <Delay = 0.00>
ST_1 : Operation 40 [1/1] (5.58ns)   --->   "%mul_ln73_4639 = mul i28 %sext_ln70, i28 1721" [firmware/nnet_utils/nnet_mult.h:73->firmware/nnet_utils/nnet_dense_latency.h:42]   --->   Operation 40 'mul' 'mul_ln73_4639' <Predicate = true> <Delay = 5.58> <CoreInst = "Multiplier">   --->   Core 3 'Multiplier' <Latency = 0> <II = 1> <Delay = 5.58> <FuncUnit> <Opcode : 'mul'> <InPorts = 2> <OutPorts = 1>
ST_1 : Operation 41 [1/1] (0.00ns)   --->   "%mult_4787 = partselect i18 @_ssdm_op_PartSelect.i18.i28.i32.i32, i28 %mul_ln73_4639, i32 10, i32 27" [firmware/nnet_utils/nnet_dense_latency.h:42]   --->   Operation 41 'partselect' 'mult_4787' <Predicate = true> <Delay = 0.00>
ST_1 : Operation 42 [1/1] (5.58ns)   --->   "%mul_ln73_4640 = mul i30 %sext_ln70_479, i30 4509" [firmware/nnet_utils/nnet_mult.h:73->firmware/nnet_utils/nnet_dense_latency.h:42]   --->   Operation 42 'mul' 'mul_ln73_4640' <Predicate = true> <Delay = 5.58> <CoreInst = "Multiplier">   --->   Core 3 'Multiplier' <Latency = 0> <II = 1> <Delay = 5.58> <FuncUnit> <Opcode : 'mul'> <InPorts = 2> <OutPorts = 1>
ST_1 : Operation 43 [1/1] (0.00ns)   --->   "%mult_4788 = partselect i20 @_ssdm_op_PartSelect.i20.i30.i32.i32, i30 %mul_ln73_4640, i32 10, i32 29" [firmware/nnet_utils/nnet_dense_latency.h:42]   --->   Operation 43 'partselect' 'mult_4788' <Predicate = true> <Delay = 0.00>
ST_1 : Operation 44 [1/1] (5.58ns)   --->   "%mul_ln73_4641 = mul i29 %sext_ln70_480, i29 3234" [firmware/nnet_utils/nnet_mult.h:73->firmware/nnet_utils/nnet_dense_latency.h:42]   --->   Operation 44 'mul' 'mul_ln73_4641' <Predicate = true> <Delay = 5.58> <CoreInst = "Multiplier">   --->   Core 3 'Multiplier' <Latency = 0> <II = 1> <Delay = 5.58> <FuncUnit> <Opcode : 'mul'> <InPorts = 2> <OutPorts = 1>
ST_1 : Operation 45 [1/1] (0.00ns)   --->   "%mult_4789 = partselect i19 @_ssdm_op_PartSelect.i19.i29.i32.i32, i29 %mul_ln73_4641, i32 10, i32 28" [firmware/nnet_utils/nnet_dense_latency.h:42]   --->   Operation 45 'partselect' 'mult_4789' <Predicate = true> <Delay = 0.00>
ST_1 : Operation 46 [1/1] (5.58ns)   --->   "%mul_ln73_4642 = mul i30 %sext_ln70_479, i30 4898" [firmware/nnet_utils/nnet_mult.h:73->firmware/nnet_utils/nnet_dense_latency.h:42]   --->   Operation 46 'mul' 'mul_ln73_4642' <Predicate = true> <Delay = 5.58> <CoreInst = "Multiplier">   --->   Core 3 'Multiplier' <Latency = 0> <II = 1> <Delay = 5.58> <FuncUnit> <Opcode : 'mul'> <InPorts = 2> <OutPorts = 1>
ST_1 : Operation 47 [1/1] (0.00ns)   --->   "%mult_4790 = partselect i20 @_ssdm_op_PartSelect.i20.i30.i32.i32, i30 %mul_ln73_4642, i32 10, i32 29" [firmware/nnet_utils/nnet_dense_latency.h:42]   --->   Operation 47 'partselect' 'mult_4790' <Predicate = true> <Delay = 0.00>
ST_1 : Operation 48 [1/1] (5.58ns)   --->   "%mul_ln73_4643 = mul i28 %sext_ln70, i28 268434122" [firmware/nnet_utils/nnet_mult.h:73->firmware/nnet_utils/nnet_dense_latency.h:42]   --->   Operation 48 'mul' 'mul_ln73_4643' <Predicate = true> <Delay = 5.58> <CoreInst = "Multiplier">   --->   Core 3 'Multiplier' <Latency = 0> <II = 1> <Delay = 5.58> <FuncUnit> <Opcode : 'mul'> <InPorts = 2> <OutPorts = 1>
ST_1 : Operation 49 [1/1] (0.00ns)   --->   "%mult_4791 = partselect i18 @_ssdm_op_PartSelect.i18.i28.i32.i32, i28 %mul_ln73_4643, i32 10, i32 27" [firmware/nnet_utils/nnet_dense_latency.h:42]   --->   Operation 49 'partselect' 'mult_4791' <Predicate = true> <Delay = 0.00>
ST_1 : Operation 50 [1/1] (5.58ns)   --->   "%mul_ln73_4644 = mul i30 %sext_ln70_479, i30 1073736092" [firmware/nnet_utils/nnet_mult.h:73->firmware/nnet_utils/nnet_dense_latency.h:42]   --->   Operation 50 'mul' 'mul_ln73_4644' <Predicate = true> <Delay = 5.58> <CoreInst = "Multiplier">   --->   Core 3 'Multiplier' <Latency = 0> <II = 1> <Delay = 5.58> <FuncUnit> <Opcode : 'mul'> <InPorts = 2> <OutPorts = 1>
ST_1 : Operation 51 [1/1] (0.00ns)   --->   "%mult_4792 = partselect i20 @_ssdm_op_PartSelect.i20.i30.i32.i32, i30 %mul_ln73_4644, i32 10, i32 29" [firmware/nnet_utils/nnet_dense_latency.h:42]   --->   Operation 51 'partselect' 'mult_4792' <Predicate = true> <Delay = 0.00>
ST_1 : Operation 52 [1/1] (5.58ns)   --->   "%mul_ln73_4645 = mul i30 %sext_ln70_479, i30 1073736993" [firmware/nnet_utils/nnet_mult.h:73->firmware/nnet_utils/nnet_dense_latency.h:42]   --->   Operation 52 'mul' 'mul_ln73_4645' <Predicate = true> <Delay = 5.58> <CoreInst = "Multiplier">   --->   Core 3 'Multiplier' <Latency = 0> <II = 1> <Delay = 5.58> <FuncUnit> <Opcode : 'mul'> <InPorts = 2> <OutPorts = 1>
ST_1 : Operation 53 [1/1] (0.00ns)   --->   "%mult_4793 = partselect i20 @_ssdm_op_PartSelect.i20.i30.i32.i32, i30 %mul_ln73_4645, i32 10, i32 29" [firmware/nnet_utils/nnet_dense_latency.h:42]   --->   Operation 53 'partselect' 'mult_4793' <Predicate = true> <Delay = 0.00>
ST_1 : Operation 54 [1/1] (5.58ns)   --->   "%mul_ln73_4646 = mul i29 %sext_ln70_480, i29 536867748" [firmware/nnet_utils/nnet_mult.h:73->firmware/nnet_utils/nnet_dense_latency.h:42]   --->   Operation 54 'mul' 'mul_ln73_4646' <Predicate = true> <Delay = 5.58> <CoreInst = "Multiplier">   --->   Core 3 'Multiplier' <Latency = 0> <II = 1> <Delay = 5.58> <FuncUnit> <Opcode : 'mul'> <InPorts = 2> <OutPorts = 1>
ST_1 : Operation 55 [1/1] (0.00ns)   --->   "%mult_4794 = partselect i19 @_ssdm_op_PartSelect.i19.i29.i32.i32, i29 %mul_ln73_4646, i32 10, i32 28" [firmware/nnet_utils/nnet_dense_latency.h:42]   --->   Operation 55 'partselect' 'mult_4794' <Predicate = true> <Delay = 0.00>
ST_1 : Operation 56 [1/1] (5.58ns)   --->   "%mul_ln73_4647 = mul i29 %sext_ln70_480, i29 3516" [firmware/nnet_utils/nnet_mult.h:73->firmware/nnet_utils/nnet_dense_latency.h:42]   --->   Operation 56 'mul' 'mul_ln73_4647' <Predicate = true> <Delay = 5.58> <CoreInst = "Multiplier">   --->   Core 3 'Multiplier' <Latency = 0> <II = 1> <Delay = 5.58> <FuncUnit> <Opcode : 'mul'> <InPorts = 2> <OutPorts = 1>
ST_1 : Operation 57 [1/1] (0.00ns)   --->   "%mult_4795 = partselect i19 @_ssdm_op_PartSelect.i19.i29.i32.i32, i29 %mul_ln73_4647, i32 10, i32 28" [firmware/nnet_utils/nnet_dense_latency.h:42]   --->   Operation 57 'partselect' 'mult_4795' <Predicate = true> <Delay = 0.00>
ST_1 : Operation 58 [1/1] (5.58ns)   --->   "%mul_ln73_4648 = mul i29 %sext_ln70_480, i29 3851" [firmware/nnet_utils/nnet_mult.h:73->firmware/nnet_utils/nnet_dense_latency.h:42]   --->   Operation 58 'mul' 'mul_ln73_4648' <Predicate = true> <Delay = 5.58> <CoreInst = "Multiplier">   --->   Core 3 'Multiplier' <Latency = 0> <II = 1> <Delay = 5.58> <FuncUnit> <Opcode : 'mul'> <InPorts = 2> <OutPorts = 1>
ST_1 : Operation 59 [1/1] (0.00ns)   --->   "%mult_4796 = partselect i19 @_ssdm_op_PartSelect.i19.i29.i32.i32, i29 %mul_ln73_4648, i32 10, i32 28" [firmware/nnet_utils/nnet_dense_latency.h:42]   --->   Operation 59 'partselect' 'mult_4796' <Predicate = true> <Delay = 0.00>
ST_1 : Operation 60 [1/1] (5.58ns)   --->   "%mul_ln73_4649 = mul i29 %sext_ln70_480, i29 536867576" [firmware/nnet_utils/nnet_mult.h:73->firmware/nnet_utils/nnet_dense_latency.h:42]   --->   Operation 60 'mul' 'mul_ln73_4649' <Predicate = true> <Delay = 5.58> <CoreInst = "Multiplier">   --->   Core 3 'Multiplier' <Latency = 0> <II = 1> <Delay = 5.58> <FuncUnit> <Opcode : 'mul'> <InPorts = 2> <OutPorts = 1>
ST_1 : Operation 61 [1/1] (0.00ns)   --->   "%mult_4797 = partselect i19 @_ssdm_op_PartSelect.i19.i29.i32.i32, i29 %mul_ln73_4649, i32 10, i32 28" [firmware/nnet_utils/nnet_dense_latency.h:42]   --->   Operation 61 'partselect' 'mult_4797' <Predicate = true> <Delay = 0.00>
ST_1 : Operation 62 [1/1] (5.58ns)   --->   "%mul_ln73_4650 = mul i29 %sext_ln70_480, i29 536867614" [firmware/nnet_utils/nnet_mult.h:73->firmware/nnet_utils/nnet_dense_latency.h:42]   --->   Operation 62 'mul' 'mul_ln73_4650' <Predicate = true> <Delay = 5.58> <CoreInst = "Multiplier">   --->   Core 3 'Multiplier' <Latency = 0> <II = 1> <Delay = 5.58> <FuncUnit> <Opcode : 'mul'> <InPorts = 2> <OutPorts = 1>
ST_1 : Operation 63 [1/1] (0.00ns)   --->   "%mult_4798 = partselect i19 @_ssdm_op_PartSelect.i19.i29.i32.i32, i29 %mul_ln73_4650, i32 10, i32 28" [firmware/nnet_utils/nnet_dense_latency.h:42]   --->   Operation 63 'partselect' 'mult_4798' <Predicate = true> <Delay = 0.00>
ST_1 : Operation 64 [1/1] (5.58ns)   --->   "%mul_ln73_4651 = mul i28 %sext_ln70, i28 268433859" [firmware/nnet_utils/nnet_mult.h:73->firmware/nnet_utils/nnet_dense_latency.h:42]   --->   Operation 64 'mul' 'mul_ln73_4651' <Predicate = true> <Delay = 5.58> <CoreInst = "Multiplier">   --->   Core 3 'Multiplier' <Latency = 0> <II = 1> <Delay = 5.58> <FuncUnit> <Opcode : 'mul'> <InPorts = 2> <OutPorts = 1>
ST_1 : Operation 65 [1/1] (0.00ns)   --->   "%mult_4799 = partselect i18 @_ssdm_op_PartSelect.i18.i28.i32.i32, i28 %mul_ln73_4651, i32 10, i32 27" [firmware/nnet_utils/nnet_dense_latency.h:42]   --->   Operation 65 'partselect' 'mult_4799' <Predicate = true> <Delay = 0.00>
ST_1 : Operation 66 [1/1] (5.58ns)   --->   "%mul_ln73_4652 = mul i28 %sext_ln70, i28 1269" [firmware/nnet_utils/nnet_mult.h:73->firmware/nnet_utils/nnet_dense_latency.h:42]   --->   Operation 66 'mul' 'mul_ln73_4652' <Predicate = true> <Delay = 5.58> <CoreInst = "Multiplier">   --->   Core 3 'Multiplier' <Latency = 0> <II = 1> <Delay = 5.58> <FuncUnit> <Opcode : 'mul'> <InPorts = 2> <OutPorts = 1>
ST_1 : Operation 67 [1/1] (0.00ns)   --->   "%mult_4800 = partselect i18 @_ssdm_op_PartSelect.i18.i28.i32.i32, i28 %mul_ln73_4652, i32 10, i32 27" [firmware/nnet_utils/nnet_dense_latency.h:42]   --->   Operation 67 'partselect' 'mult_4800' <Predicate = true> <Delay = 0.00>

State 2 <SV = 1> <Delay = 7.77>
ST_2 : Operation 68 [1/1] (0.00ns)   --->   "%data_1_val_read = read i16 @_ssdm_op_Read.ap_auto.i16, i16 %data_1_val" [firmware/nnet_utils/nnet_mult.h:70->firmware/nnet_utils/nnet_dense_latency.h:42]   --->   Operation 68 'read' 'data_1_val_read' <Predicate = true> <Delay = 0.00>
ST_2 : Operation 69 [1/1] (0.00ns)   --->   "%sext_ln17 = sext i19 %mult" [firmware/nnet_utils/nnet_dense_latency.h:17]   --->   Operation 69 'sext' 'sext_ln17' <Predicate = true> <Delay = 0.00>
ST_2 : Operation 70 [1/1] (0.00ns)   --->   "%sext_ln17_4791 = sext i18 %mult_4787" [firmware/nnet_utils/nnet_dense_latency.h:17]   --->   Operation 70 'sext' 'sext_ln17_4791' <Predicate = true> <Delay = 0.00>
ST_2 : Operation 71 [1/1] (0.00ns)   --->   "%sext_ln17_4793 = sext i19 %mult_4789" [firmware/nnet_utils/nnet_dense_latency.h:17]   --->   Operation 71 'sext' 'sext_ln17_4793' <Predicate = true> <Delay = 0.00>
ST_2 : Operation 72 [1/1] (0.00ns)   --->   "%sext_ln17_4794 = sext i20 %mult_4790" [firmware/nnet_utils/nnet_dense_latency.h:17]   --->   Operation 72 'sext' 'sext_ln17_4794' <Predicate = true> <Delay = 0.00>
ST_2 : Operation 73 [1/1] (0.00ns)   --->   "%sext_ln17_4795 = sext i18 %mult_4791" [firmware/nnet_utils/nnet_dense_latency.h:17]   --->   Operation 73 'sext' 'sext_ln17_4795' <Predicate = true> <Delay = 0.00>
ST_2 : Operation 74 [1/1] (0.00ns)   --->   "%sext_ln17_4796 = sext i20 %mult_4792" [firmware/nnet_utils/nnet_dense_latency.h:17]   --->   Operation 74 'sext' 'sext_ln17_4796' <Predicate = true> <Delay = 0.00>
ST_2 : Operation 75 [1/1] (0.00ns)   --->   "%sext_ln17_4797 = sext i20 %mult_4793" [firmware/nnet_utils/nnet_dense_latency.h:17]   --->   Operation 75 'sext' 'sext_ln17_4797' <Predicate = true> <Delay = 0.00>
ST_2 : Operation 76 [1/1] (0.00ns)   --->   "%sext_ln17_4798 = sext i19 %mult_4794" [firmware/nnet_utils/nnet_dense_latency.h:17]   --->   Operation 76 'sext' 'sext_ln17_4798' <Predicate = true> <Delay = 0.00>
ST_2 : Operation 77 [1/1] (0.00ns)   --->   "%sext_ln17_4799 = sext i19 %mult_4795" [firmware/nnet_utils/nnet_dense_latency.h:17]   --->   Operation 77 'sext' 'sext_ln17_4799' <Predicate = true> <Delay = 0.00>
ST_2 : Operation 78 [1/1] (0.00ns)   --->   "%sext_ln17_4800 = sext i19 %mult_4796" [firmware/nnet_utils/nnet_dense_latency.h:17]   --->   Operation 78 'sext' 'sext_ln17_4800' <Predicate = true> <Delay = 0.00>
ST_2 : Operation 79 [1/1] (0.00ns)   --->   "%sext_ln17_4801 = sext i19 %mult_4797" [firmware/nnet_utils/nnet_dense_latency.h:17]   --->   Operation 79 'sext' 'sext_ln17_4801' <Predicate = true> <Delay = 0.00>
ST_2 : Operation 80 [1/1] (0.00ns)   --->   "%sext_ln17_4802 = sext i19 %mult_4798" [firmware/nnet_utils/nnet_dense_latency.h:17]   --->   Operation 80 'sext' 'sext_ln17_4802' <Predicate = true> <Delay = 0.00>
ST_2 : Operation 81 [1/1] (0.00ns)   --->   "%sext_ln17_4803 = sext i18 %mult_4799" [firmware/nnet_utils/nnet_dense_latency.h:17]   --->   Operation 81 'sext' 'sext_ln17_4803' <Predicate = true> <Delay = 0.00>
ST_2 : Operation 82 [1/1] (0.00ns)   --->   "%sext_ln17_4804 = sext i18 %mult_4800" [firmware/nnet_utils/nnet_dense_latency.h:17]   --->   Operation 82 'sext' 'sext_ln17_4804' <Predicate = true> <Delay = 0.00>
ST_2 : Operation 83 [1/1] (0.00ns)   --->   "%sext_ln70_481 = sext i16 %data_1_val_read" [firmware/nnet_utils/nnet_mult.h:70->firmware/nnet_utils/nnet_dense_latency.h:42]   --->   Operation 83 'sext' 'sext_ln70_481' <Predicate = true> <Delay = 0.00>
ST_2 : Operation 84 [1/1] (0.00ns)   --->   "%sext_ln70_482 = sext i16 %data_1_val_read" [firmware/nnet_utils/nnet_mult.h:70->firmware/nnet_utils/nnet_dense_latency.h:42]   --->   Operation 84 'sext' 'sext_ln70_482' <Predicate = true> <Delay = 0.00>
ST_2 : Operation 85 [1/1] (0.00ns)   --->   "%sext_ln70_483 = sext i16 %data_1_val_read" [firmware/nnet_utils/nnet_mult.h:70->firmware/nnet_utils/nnet_dense_latency.h:42]   --->   Operation 85 'sext' 'sext_ln70_483' <Predicate = true> <Delay = 0.00>
ST_2 : Operation 86 [1/1] (0.00ns)   --->   "%sext_ln70_484 = sext i16 %data_1_val_read" [firmware/nnet_utils/nnet_mult.h:70->firmware/nnet_utils/nnet_dense_latency.h:42]   --->   Operation 86 'sext' 'sext_ln70_484' <Predicate = true> <Delay = 0.00>
ST_2 : Operation 87 [1/1] (0.00ns)   --->   "%sext_ln70_485 = sext i16 %data_1_val_read" [firmware/nnet_utils/nnet_mult.h:70->firmware/nnet_utils/nnet_dense_latency.h:42]   --->   Operation 87 'sext' 'sext_ln70_485' <Predicate = true> <Delay = 0.00>
ST_2 : Operation 88 [1/1] (0.00ns)   --->   "%sext_ln70_486 = sext i16 %data_1_val_read" [firmware/nnet_utils/nnet_mult.h:70->firmware/nnet_utils/nnet_dense_latency.h:42]   --->   Operation 88 'sext' 'sext_ln70_486' <Predicate = true> <Delay = 0.00>
ST_2 : Operation 89 [1/1] (5.58ns)   --->   "%mul_ln73_4653 = mul i29 %sext_ln70_486, i29 2061" [firmware/nnet_utils/nnet_mult.h:73->firmware/nnet_utils/nnet_dense_latency.h:42]   --->   Operation 89 'mul' 'mul_ln73_4653' <Predicate = true> <Delay = 5.58> <CoreInst = "Multiplier">   --->   Core 3 'Multiplier' <Latency = 0> <II = 1> <Delay = 5.58> <FuncUnit> <Opcode : 'mul'> <InPorts = 2> <OutPorts = 1>
ST_2 : Operation 90 [1/1] (0.00ns)   --->   "%mult_4801 = partselect i19 @_ssdm_op_PartSelect.i19.i29.i32.i32, i29 %mul_ln73_4653, i32 10, i32 28" [firmware/nnet_utils/nnet_dense_latency.h:42]   --->   Operation 90 'partselect' 'mult_4801' <Predicate = true> <Delay = 0.00>
ST_2 : Operation 91 [1/1] (0.00ns)   --->   "%sext_ln17_4805 = sext i19 %mult_4801" [firmware/nnet_utils/nnet_dense_latency.h:17]   --->   Operation 91 'sext' 'sext_ln17_4805' <Predicate = true> <Delay = 0.00>
ST_2 : Operation 92 [1/1] (5.58ns)   --->   "%mul_ln73_4654 = mul i27 %sext_ln70_485, i27 736" [firmware/nnet_utils/nnet_mult.h:73->firmware/nnet_utils/nnet_dense_latency.h:42]   --->   Operation 92 'mul' 'mul_ln73_4654' <Predicate = true> <Delay = 5.58> <CoreInst = "Multiplier">   --->   Core 3 'Multiplier' <Latency = 0> <II = 1> <Delay = 5.58> <FuncUnit> <Opcode : 'mul'> <InPorts = 2> <OutPorts = 1>
ST_2 : Operation 93 [1/1] (0.00ns)   --->   "%mult_4802 = partselect i17 @_ssdm_op_PartSelect.i17.i27.i32.i32, i27 %mul_ln73_4654, i32 10, i32 26" [firmware/nnet_utils/nnet_dense_latency.h:42]   --->   Operation 93 'partselect' 'mult_4802' <Predicate = true> <Delay = 0.00>
ST_2 : Operation 94 [1/1] (5.58ns)   --->   "%mul_ln73_4655 = mul i26 %sext_ln70_484, i26 451" [firmware/nnet_utils/nnet_mult.h:73->firmware/nnet_utils/nnet_dense_latency.h:42]   --->   Operation 94 'mul' 'mul_ln73_4655' <Predicate = true> <Delay = 5.58> <CoreInst = "Multiplier">   --->   Core 3 'Multiplier' <Latency = 0> <II = 1> <Delay = 5.58> <FuncUnit> <Opcode : 'mul'> <InPorts = 2> <OutPorts = 1>
ST_2 : Operation 95 [1/1] (0.00ns)   --->   "%mult_4803 = partselect i16 @_ssdm_op_PartSelect.i16.i26.i32.i32, i26 %mul_ln73_4655, i32 10, i32 25" [firmware/nnet_utils/nnet_dense_latency.h:42]   --->   Operation 95 'partselect' 'mult_4803' <Predicate = true> <Delay = 0.00>
ST_2 : Operation 96 [1/1] (0.00ns)   --->   "%sext_ln17_4807 = sext i16 %mult_4803" [firmware/nnet_utils/nnet_dense_latency.h:17]   --->   Operation 96 'sext' 'sext_ln17_4807' <Predicate = true> <Delay = 0.00>
ST_2 : Operation 97 [1/1] (5.58ns)   --->   "%mul_ln73_4656 = mul i28 %sext_ln70_483, i28 268433960" [firmware/nnet_utils/nnet_mult.h:73->firmware/nnet_utils/nnet_dense_latency.h:42]   --->   Operation 97 'mul' 'mul_ln73_4656' <Predicate = true> <Delay = 5.58> <CoreInst = "Multiplier">   --->   Core 3 'Multiplier' <Latency = 0> <II = 1> <Delay = 5.58> <FuncUnit> <Opcode : 'mul'> <InPorts = 2> <OutPorts = 1>
ST_2 : Operation 98 [1/1] (0.00ns)   --->   "%mult_4804 = partselect i18 @_ssdm_op_PartSelect.i18.i28.i32.i32, i28 %mul_ln73_4656, i32 10, i32 27" [firmware/nnet_utils/nnet_dense_latency.h:42]   --->   Operation 98 'partselect' 'mult_4804' <Predicate = true> <Delay = 0.00>
ST_2 : Operation 99 [1/1] (5.58ns)   --->   "%mul_ln73_4657 = mul i30 %sext_ln70_482, i30 5214" [firmware/nnet_utils/nnet_mult.h:73->firmware/nnet_utils/nnet_dense_latency.h:42]   --->   Operation 99 'mul' 'mul_ln73_4657' <Predicate = true> <Delay = 5.58> <CoreInst = "Multiplier">   --->   Core 3 'Multiplier' <Latency = 0> <II = 1> <Delay = 5.58> <FuncUnit> <Opcode : 'mul'> <InPorts = 2> <OutPorts = 1>
ST_2 : Operation 100 [1/1] (0.00ns)   --->   "%mult_4805 = partselect i20 @_ssdm_op_PartSelect.i20.i30.i32.i32, i30 %mul_ln73_4657, i32 10, i32 29" [firmware/nnet_utils/nnet_dense_latency.h:42]   --->   Operation 100 'partselect' 'mult_4805' <Predicate = true> <Delay = 0.00>
ST_2 : Operation 101 [1/1] (0.00ns)   --->   "%sext_ln17_4809 = sext i20 %mult_4805" [firmware/nnet_utils/nnet_dense_latency.h:17]   --->   Operation 101 'sext' 'sext_ln17_4809' <Predicate = true> <Delay = 0.00>
ST_2 : Operation 102 [1/1] (5.58ns)   --->   "%mul_ln73_4658 = mul i26 %sext_ln70_484, i26 67108571" [firmware/nnet_utils/nnet_mult.h:73->firmware/nnet_utils/nnet_dense_latency.h:42]   --->   Operation 102 'mul' 'mul_ln73_4658' <Predicate = true> <Delay = 5.58> <CoreInst = "Multiplier">   --->   Core 3 'Multiplier' <Latency = 0> <II = 1> <Delay = 5.58> <FuncUnit> <Opcode : 'mul'> <InPorts = 2> <OutPorts = 1>
ST_2 : Operation 103 [1/1] (0.00ns)   --->   "%mult_4806 = partselect i16 @_ssdm_op_PartSelect.i16.i26.i32.i32, i26 %mul_ln73_4658, i32 10, i32 25" [firmware/nnet_utils/nnet_dense_latency.h:42]   --->   Operation 103 'partselect' 'mult_4806' <Predicate = true> <Delay = 0.00>
ST_2 : Operation 104 [1/1] (0.00ns)   --->   "%sext_ln17_4810 = sext i16 %mult_4806" [firmware/nnet_utils/nnet_dense_latency.h:17]   --->   Operation 104 'sext' 'sext_ln17_4810' <Predicate = true> <Delay = 0.00>
ST_2 : Operation 105 [1/1] (5.58ns)   --->   "%mul_ln73_4659 = mul i29 %sext_ln70_486, i29 3630" [firmware/nnet_utils/nnet_mult.h:73->firmware/nnet_utils/nnet_dense_latency.h:42]   --->   Operation 105 'mul' 'mul_ln73_4659' <Predicate = true> <Delay = 5.58> <CoreInst = "Multiplier">   --->   Core 3 'Multiplier' <Latency = 0> <II = 1> <Delay = 5.58> <FuncUnit> <Opcode : 'mul'> <InPorts = 2> <OutPorts = 1>
ST_2 : Operation 106 [1/1] (0.00ns)   --->   "%mult_4807 = partselect i19 @_ssdm_op_PartSelect.i19.i29.i32.i32, i29 %mul_ln73_4659, i32 10, i32 28" [firmware/nnet_utils/nnet_dense_latency.h:42]   --->   Operation 106 'partselect' 'mult_4807' <Predicate = true> <Delay = 0.00>
ST_2 : Operation 107 [1/1] (0.00ns)   --->   "%sext_ln17_4811 = sext i19 %mult_4807" [firmware/nnet_utils/nnet_dense_latency.h:17]   --->   Operation 107 'sext' 'sext_ln17_4811' <Predicate = true> <Delay = 0.00>
ST_2 : Operation 108 [1/1] (5.58ns)   --->   "%mul_ln73_4660 = mul i29 %sext_ln70_486, i29 2370" [firmware/nnet_utils/nnet_mult.h:73->firmware/nnet_utils/nnet_dense_latency.h:42]   --->   Operation 108 'mul' 'mul_ln73_4660' <Predicate = true> <Delay = 5.58> <CoreInst = "Multiplier">   --->   Core 3 'Multiplier' <Latency = 0> <II = 1> <Delay = 5.58> <FuncUnit> <Opcode : 'mul'> <InPorts = 2> <OutPorts = 1>
ST_2 : Operation 109 [1/1] (0.00ns)   --->   "%mult_4808 = partselect i19 @_ssdm_op_PartSelect.i19.i29.i32.i32, i29 %mul_ln73_4660, i32 10, i32 28" [firmware/nnet_utils/nnet_dense_latency.h:42]   --->   Operation 109 'partselect' 'mult_4808' <Predicate = true> <Delay = 0.00>
ST_2 : Operation 110 [1/1] (0.00ns)   --->   "%sext_ln17_4812 = sext i19 %mult_4808" [firmware/nnet_utils/nnet_dense_latency.h:17]   --->   Operation 110 'sext' 'sext_ln17_4812' <Predicate = true> <Delay = 0.00>
ST_2 : Operation 111 [1/1] (5.58ns)   --->   "%mul_ln73_4661 = mul i30 %sext_ln70_482, i30 1073737713" [firmware/nnet_utils/nnet_mult.h:73->firmware/nnet_utils/nnet_dense_latency.h:42]   --->   Operation 111 'mul' 'mul_ln73_4661' <Predicate = true> <Delay = 5.58> <CoreInst = "Multiplier">   --->   Core 3 'Multiplier' <Latency = 0> <II = 1> <Delay = 5.58> <FuncUnit> <Opcode : 'mul'> <InPorts = 2> <OutPorts = 1>
ST_2 : Operation 112 [1/1] (0.00ns)   --->   "%mult_4809 = partselect i20 @_ssdm_op_PartSelect.i20.i30.i32.i32, i30 %mul_ln73_4661, i32 10, i32 29" [firmware/nnet_utils/nnet_dense_latency.h:42]   --->   Operation 112 'partselect' 'mult_4809' <Predicate = true> <Delay = 0.00>
ST_2 : Operation 113 [1/1] (0.00ns)   --->   "%sext_ln17_4813 = sext i20 %mult_4809" [firmware/nnet_utils/nnet_dense_latency.h:17]   --->   Operation 113 'sext' 'sext_ln17_4813' <Predicate = true> <Delay = 0.00>
ST_2 : Operation 114 [1/1] (5.58ns)   --->   "%mul_ln73_4662 = mul i29 %sext_ln70_486, i29 536868530" [firmware/nnet_utils/nnet_mult.h:73->firmware/nnet_utils/nnet_dense_latency.h:42]   --->   Operation 114 'mul' 'mul_ln73_4662' <Predicate = true> <Delay = 5.58> <CoreInst = "Multiplier">   --->   Core 3 'Multiplier' <Latency = 0> <II = 1> <Delay = 5.58> <FuncUnit> <Opcode : 'mul'> <InPorts = 2> <OutPorts = 1>
ST_2 : Operation 115 [1/1] (0.00ns)   --->   "%mult_4810 = partselect i19 @_ssdm_op_PartSelect.i19.i29.i32.i32, i29 %mul_ln73_4662, i32 10, i32 28" [firmware/nnet_utils/nnet_dense_latency.h:42]   --->   Operation 115 'partselect' 'mult_4810' <Predicate = true> <Delay = 0.00>
ST_2 : Operation 116 [1/1] (0.00ns)   --->   "%sext_ln17_4814 = sext i19 %mult_4810" [firmware/nnet_utils/nnet_dense_latency.h:17]   --->   Operation 116 'sext' 'sext_ln17_4814' <Predicate = true> <Delay = 0.00>
ST_2 : Operation 117 [1/1] (5.58ns)   --->   "%mul_ln73_4663 = mul i25 %sext_ln70_481, i25 33554271" [firmware/nnet_utils/nnet_mult.h:73->firmware/nnet_utils/nnet_dense_latency.h:42]   --->   Operation 117 'mul' 'mul_ln73_4663' <Predicate = true> <Delay = 5.58> <CoreInst = "Multiplier">   --->   Core 3 'Multiplier' <Latency = 0> <II = 1> <Delay = 5.58> <FuncUnit> <Opcode : 'mul'> <InPorts = 2> <OutPorts = 1>
ST_2 : Operation 118 [1/1] (0.00ns)   --->   "%mult_4811 = partselect i15 @_ssdm_op_PartSelect.i15.i25.i32.i32, i25 %mul_ln73_4663, i32 10, i32 24" [firmware/nnet_utils/nnet_dense_latency.h:42]   --->   Operation 118 'partselect' 'mult_4811' <Predicate = true> <Delay = 0.00>
ST_2 : Operation 119 [1/1] (0.00ns)   --->   "%sext_ln17_4815 = sext i15 %mult_4811" [firmware/nnet_utils/nnet_dense_latency.h:17]   --->   Operation 119 'sext' 'sext_ln17_4815' <Predicate = true> <Delay = 0.00>
ST_2 : Operation 120 [1/1] (5.58ns)   --->   "%mul_ln73_4664 = mul i30 %sext_ln70_482, i30 1073737342" [firmware/nnet_utils/nnet_mult.h:73->firmware/nnet_utils/nnet_dense_latency.h:42]   --->   Operation 120 'mul' 'mul_ln73_4664' <Predicate = true> <Delay = 5.58> <CoreInst = "Multiplier">   --->   Core 3 'Multiplier' <Latency = 0> <II = 1> <Delay = 5.58> <FuncUnit> <Opcode : 'mul'> <InPorts = 2> <OutPorts = 1>
ST_2 : Operation 121 [1/1] (0.00ns)   --->   "%mult_4812 = partselect i20 @_ssdm_op_PartSelect.i20.i30.i32.i32, i30 %mul_ln73_4664, i32 10, i32 29" [firmware/nnet_utils/nnet_dense_latency.h:42]   --->   Operation 121 'partselect' 'mult_4812' <Predicate = true> <Delay = 0.00>
ST_2 : Operation 122 [1/1] (0.00ns)   --->   "%sext_ln17_4816 = sext i20 %mult_4812" [firmware/nnet_utils/nnet_dense_latency.h:17]   --->   Operation 122 'sext' 'sext_ln17_4816' <Predicate = true> <Delay = 0.00>
ST_2 : Operation 123 [1/1] (5.58ns)   --->   "%mul_ln73_4665 = mul i29 %sext_ln70_486, i29 2356" [firmware/nnet_utils/nnet_mult.h:73->firmware/nnet_utils/nnet_dense_latency.h:42]   --->   Operation 123 'mul' 'mul_ln73_4665' <Predicate = true> <Delay = 5.58> <CoreInst = "Multiplier">   --->   Core 3 'Multiplier' <Latency = 0> <II = 1> <Delay = 5.58> <FuncUnit> <Opcode : 'mul'> <InPorts = 2> <OutPorts = 1>
ST_2 : Operation 124 [1/1] (0.00ns)   --->   "%mult_4813 = partselect i19 @_ssdm_op_PartSelect.i19.i29.i32.i32, i29 %mul_ln73_4665, i32 10, i32 28" [firmware/nnet_utils/nnet_dense_latency.h:42]   --->   Operation 124 'partselect' 'mult_4813' <Predicate = true> <Delay = 0.00>
ST_2 : Operation 125 [1/1] (0.00ns)   --->   "%sext_ln17_4817 = sext i19 %mult_4813" [firmware/nnet_utils/nnet_dense_latency.h:17]   --->   Operation 125 'sext' 'sext_ln17_4817' <Predicate = true> <Delay = 0.00>
ST_2 : Operation 126 [1/1] (5.58ns)   --->   "%mul_ln73_4666 = mul i30 %sext_ln70_482, i30 5566" [firmware/nnet_utils/nnet_mult.h:73->firmware/nnet_utils/nnet_dense_latency.h:42]   --->   Operation 126 'mul' 'mul_ln73_4666' <Predicate = true> <Delay = 5.58> <CoreInst = "Multiplier">   --->   Core 3 'Multiplier' <Latency = 0> <II = 1> <Delay = 5.58> <FuncUnit> <Opcode : 'mul'> <InPorts = 2> <OutPorts = 1>
ST_2 : Operation 127 [1/1] (0.00ns)   --->   "%mult_4814 = partselect i20 @_ssdm_op_PartSelect.i20.i30.i32.i32, i30 %mul_ln73_4666, i32 10, i32 29" [firmware/nnet_utils/nnet_dense_latency.h:42]   --->   Operation 127 'partselect' 'mult_4814' <Predicate = true> <Delay = 0.00>
ST_2 : Operation 128 [1/1] (0.00ns)   --->   "%sext_ln17_4818 = sext i20 %mult_4814" [firmware/nnet_utils/nnet_dense_latency.h:17]   --->   Operation 128 'sext' 'sext_ln17_4818' <Predicate = true> <Delay = 0.00>
ST_2 : Operation 129 [1/1] (5.58ns)   --->   "%mul_ln73_4667 = mul i30 %sext_ln70_482, i30 5447" [firmware/nnet_utils/nnet_mult.h:73->firmware/nnet_utils/nnet_dense_latency.h:42]   --->   Operation 129 'mul' 'mul_ln73_4667' <Predicate = true> <Delay = 5.58> <CoreInst = "Multiplier">   --->   Core 3 'Multiplier' <Latency = 0> <II = 1> <Delay = 5.58> <FuncUnit> <Opcode : 'mul'> <InPorts = 2> <OutPorts = 1>
ST_2 : Operation 130 [1/1] (0.00ns)   --->   "%mult_4815 = partselect i20 @_ssdm_op_PartSelect.i20.i30.i32.i32, i30 %mul_ln73_4667, i32 10, i32 29" [firmware/nnet_utils/nnet_dense_latency.h:42]   --->   Operation 130 'partselect' 'mult_4815' <Predicate = true> <Delay = 0.00>
ST_2 : Operation 131 [1/1] (0.00ns)   --->   "%sext_ln17_4819 = sext i20 %mult_4815" [firmware/nnet_utils/nnet_dense_latency.h:17]   --->   Operation 131 'sext' 'sext_ln17_4819' <Predicate = true> <Delay = 0.00>
ST_2 : Operation 132 [1/1] (5.58ns)   --->   "%mul_ln73_4668 = mul i29 %sext_ln70_486, i29 3738" [firmware/nnet_utils/nnet_mult.h:73->firmware/nnet_utils/nnet_dense_latency.h:42]   --->   Operation 132 'mul' 'mul_ln73_4668' <Predicate = true> <Delay = 5.58> <CoreInst = "Multiplier">   --->   Core 3 'Multiplier' <Latency = 0> <II = 1> <Delay = 5.58> <FuncUnit> <Opcode : 'mul'> <InPorts = 2> <OutPorts = 1>
ST_2 : Operation 133 [1/1] (0.00ns)   --->   "%mult_4816 = partselect i19 @_ssdm_op_PartSelect.i19.i29.i32.i32, i29 %mul_ln73_4668, i32 10, i32 28" [firmware/nnet_utils/nnet_dense_latency.h:42]   --->   Operation 133 'partselect' 'mult_4816' <Predicate = true> <Delay = 0.00>
ST_2 : Operation 134 [1/1] (0.00ns)   --->   "%sext_ln17_4820 = sext i19 %mult_4816" [firmware/nnet_utils/nnet_dense_latency.h:17]   --->   Operation 134 'sext' 'sext_ln17_4820' <Predicate = true> <Delay = 0.00>
ST_2 : Operation 135 [1/1] (2.16ns)   --->   "%add_ln58 = add i20 %sext_ln17, i20 %sext_ln17_4805" [firmware/nnet_utils/nnet_dense_latency.h:58]   --->   Operation 135 'add' 'add_ln58' <Predicate = true> <Delay = 2.16> <CoreInst = "Adder">   --->   Core 1 'Adder' <Latency = 0> <II = 1> <Delay = 2.16> <FuncUnit> <Opcode : 'add' 'sub'> <InPorts = 2> <OutPorts = 1>
ST_2 : Operation 136 [1/1] (2.13ns)   --->   "%add_ln58_4878 = add i19 %sext_ln17_4791, i19 %sext_ln17_4807" [firmware/nnet_utils/nnet_dense_latency.h:58]   --->   Operation 136 'add' 'add_ln58_4878' <Predicate = true> <Delay = 2.13> <CoreInst = "Adder">   --->   Core 1 'Adder' <Latency = 0> <II = 1> <Delay = 2.13> <FuncUnit> <Opcode : 'add' 'sub'> <InPorts = 2> <OutPorts = 1>
ST_2 : Operation 137 [1/1] (2.19ns)   --->   "%add_ln58_4942 = add i21 %sext_ln17_4793, i21 %sext_ln17_4809" [firmware/nnet_utils/nnet_dense_latency.h:58]   --->   Operation 137 'add' 'add_ln58_4942' <Predicate = true> <Delay = 2.19> <CoreInst = "Adder">   --->   Core 1 'Adder' <Latency = 0> <II = 1> <Delay = 2.19> <FuncUnit> <Opcode : 'add' 'sub'> <InPorts = 2> <OutPorts = 1>
ST_2 : Operation 138 [1/1] (2.19ns)   --->   "%add_ln58_4974 = add i21 %sext_ln17_4794, i21 %sext_ln17_4810" [firmware/nnet_utils/nnet_dense_latency.h:58]   --->   Operation 138 'add' 'add_ln58_4974' <Predicate = true> <Delay = 2.19> <CoreInst = "Adder">   --->   Core 1 'Adder' <Latency = 0> <II = 1> <Delay = 2.19> <FuncUnit> <Opcode : 'add' 'sub'> <InPorts = 2> <OutPorts = 1>
ST_2 : Operation 139 [1/1] (2.16ns)   --->   "%add_ln58_5006 = add i20 %sext_ln17_4795, i20 %sext_ln17_4811" [firmware/nnet_utils/nnet_dense_latency.h:58]   --->   Operation 139 'add' 'add_ln58_5006' <Predicate = true> <Delay = 2.16> <CoreInst = "Adder">   --->   Core 1 'Adder' <Latency = 0> <II = 1> <Delay = 2.16> <FuncUnit> <Opcode : 'add' 'sub'> <InPorts = 2> <OutPorts = 1>
ST_2 : Operation 140 [1/1] (2.19ns)   --->   "%add_ln58_5038 = add i21 %sext_ln17_4796, i21 %sext_ln17_4812" [firmware/nnet_utils/nnet_dense_latency.h:58]   --->   Operation 140 'add' 'add_ln58_5038' <Predicate = true> <Delay = 2.19> <CoreInst = "Adder">   --->   Core 1 'Adder' <Latency = 0> <II = 1> <Delay = 2.19> <FuncUnit> <Opcode : 'add' 'sub'> <InPorts = 2> <OutPorts = 1>
ST_2 : Operation 141 [1/1] (2.19ns)   --->   "%add_ln58_5070 = add i21 %sext_ln17_4797, i21 %sext_ln17_4813" [firmware/nnet_utils/nnet_dense_latency.h:58]   --->   Operation 141 'add' 'add_ln58_5070' <Predicate = true> <Delay = 2.19> <CoreInst = "Adder">   --->   Core 1 'Adder' <Latency = 0> <II = 1> <Delay = 2.19> <FuncUnit> <Opcode : 'add' 'sub'> <InPorts = 2> <OutPorts = 1>
ST_2 : Operation 142 [1/1] (2.16ns)   --->   "%add_ln58_5102 = add i20 %sext_ln17_4798, i20 %sext_ln17_4814" [firmware/nnet_utils/nnet_dense_latency.h:58]   --->   Operation 142 'add' 'add_ln58_5102' <Predicate = true> <Delay = 2.16> <CoreInst = "Adder">   --->   Core 1 'Adder' <Latency = 0> <II = 1> <Delay = 2.16> <FuncUnit> <Opcode : 'add' 'sub'> <InPorts = 2> <OutPorts = 1>
ST_2 : Operation 143 [1/1] (2.16ns)   --->   "%add_ln58_5134 = add i20 %sext_ln17_4799, i20 %sext_ln17_4815" [firmware/nnet_utils/nnet_dense_latency.h:58]   --->   Operation 143 'add' 'add_ln58_5134' <Predicate = true> <Delay = 2.16> <CoreInst = "Adder">   --->   Core 1 'Adder' <Latency = 0> <II = 1> <Delay = 2.16> <FuncUnit> <Opcode : 'add' 'sub'> <InPorts = 2> <OutPorts = 1>
ST_2 : Operation 144 [1/1] (2.19ns)   --->   "%add_ln58_5166 = add i21 %sext_ln17_4800, i21 %sext_ln17_4816" [firmware/nnet_utils/nnet_dense_latency.h:58]   --->   Operation 144 'add' 'add_ln58_5166' <Predicate = true> <Delay = 2.19> <CoreInst = "Adder">   --->   Core 1 'Adder' <Latency = 0> <II = 1> <Delay = 2.19> <FuncUnit> <Opcode : 'add' 'sub'> <InPorts = 2> <OutPorts = 1>
ST_2 : Operation 145 [1/1] (2.16ns)   --->   "%add_ln58_5198 = add i20 %sext_ln17_4801, i20 %sext_ln17_4817" [firmware/nnet_utils/nnet_dense_latency.h:58]   --->   Operation 145 'add' 'add_ln58_5198' <Predicate = true> <Delay = 2.16> <CoreInst = "Adder">   --->   Core 1 'Adder' <Latency = 0> <II = 1> <Delay = 2.16> <FuncUnit> <Opcode : 'add' 'sub'> <InPorts = 2> <OutPorts = 1>
ST_2 : Operation 146 [1/1] (2.19ns)   --->   "%add_ln58_5230 = add i21 %sext_ln17_4802, i21 %sext_ln17_4818" [firmware/nnet_utils/nnet_dense_latency.h:58]   --->   Operation 146 'add' 'add_ln58_5230' <Predicate = true> <Delay = 2.19> <CoreInst = "Adder">   --->   Core 1 'Adder' <Latency = 0> <II = 1> <Delay = 2.19> <FuncUnit> <Opcode : 'add' 'sub'> <InPorts = 2> <OutPorts = 1>
ST_2 : Operation 147 [1/1] (2.19ns)   --->   "%add_ln58_5262 = add i21 %sext_ln17_4803, i21 %sext_ln17_4819" [firmware/nnet_utils/nnet_dense_latency.h:58]   --->   Operation 147 'add' 'add_ln58_5262' <Predicate = true> <Delay = 2.19> <CoreInst = "Adder">   --->   Core 1 'Adder' <Latency = 0> <II = 1> <Delay = 2.19> <FuncUnit> <Opcode : 'add' 'sub'> <InPorts = 2> <OutPorts = 1>
ST_2 : Operation 148 [1/1] (2.16ns)   --->   "%add_ln58_5294 = add i20 %sext_ln17_4804, i20 %sext_ln17_4820" [firmware/nnet_utils/nnet_dense_latency.h:58]   --->   Operation 148 'add' 'add_ln58_5294' <Predicate = true> <Delay = 2.16> <CoreInst = "Adder">   --->   Core 1 'Adder' <Latency = 0> <II = 1> <Delay = 2.16> <FuncUnit> <Opcode : 'add' 'sub'> <InPorts = 2> <OutPorts = 1>

State 3 <SV = 2> <Delay = 5.58>
ST_3 : Operation 149 [1/1] (0.00ns)   --->   "%data_2_val_read = read i16 @_ssdm_op_Read.ap_auto.i16, i16 %data_2_val" [firmware/nnet_utils/nnet_mult.h:70->firmware/nnet_utils/nnet_dense_latency.h:42]   --->   Operation 149 'read' 'data_2_val_read' <Predicate = true> <Delay = 0.00>
ST_3 : Operation 150 [1/1] (0.00ns)   --->   "%sext_ln70_487 = sext i16 %data_2_val_read" [firmware/nnet_utils/nnet_mult.h:70->firmware/nnet_utils/nnet_dense_latency.h:42]   --->   Operation 150 'sext' 'sext_ln70_487' <Predicate = true> <Delay = 0.00>
ST_3 : Operation 151 [1/1] (0.00ns)   --->   "%sext_ln70_488 = sext i16 %data_2_val_read" [firmware/nnet_utils/nnet_mult.h:70->firmware/nnet_utils/nnet_dense_latency.h:42]   --->   Operation 151 'sext' 'sext_ln70_488' <Predicate = true> <Delay = 0.00>
ST_3 : Operation 152 [1/1] (0.00ns)   --->   "%sext_ln70_489 = sext i16 %data_2_val_read" [firmware/nnet_utils/nnet_mult.h:70->firmware/nnet_utils/nnet_dense_latency.h:42]   --->   Operation 152 'sext' 'sext_ln70_489' <Predicate = true> <Delay = 0.00>
ST_3 : Operation 153 [1/1] (0.00ns)   --->   "%sext_ln70_490 = sext i16 %data_2_val_read" [firmware/nnet_utils/nnet_mult.h:70->firmware/nnet_utils/nnet_dense_latency.h:42]   --->   Operation 153 'sext' 'sext_ln70_490' <Predicate = true> <Delay = 0.00>
ST_3 : Operation 154 [1/1] (0.00ns)   --->   "%sext_ln70_491 = sext i16 %data_2_val_read" [firmware/nnet_utils/nnet_mult.h:70->firmware/nnet_utils/nnet_dense_latency.h:42]   --->   Operation 154 'sext' 'sext_ln70_491' <Predicate = true> <Delay = 0.00>
ST_3 : Operation 155 [1/1] (5.58ns)   --->   "%mul_ln73_4669 = mul i27 %sext_ln70_491, i27 643" [firmware/nnet_utils/nnet_mult.h:73->firmware/nnet_utils/nnet_dense_latency.h:42]   --->   Operation 155 'mul' 'mul_ln73_4669' <Predicate = true> <Delay = 5.58> <CoreInst = "Multiplier">   --->   Core 3 'Multiplier' <Latency = 0> <II = 1> <Delay = 5.58> <FuncUnit> <Opcode : 'mul'> <InPorts = 2> <OutPorts = 1>
ST_3 : Operation 156 [1/1] (0.00ns)   --->   "%mult_4817 = partselect i17 @_ssdm_op_PartSelect.i17.i27.i32.i32, i27 %mul_ln73_4669, i32 10, i32 26" [firmware/nnet_utils/nnet_dense_latency.h:42]   --->   Operation 156 'partselect' 'mult_4817' <Predicate = true> <Delay = 0.00>
ST_3 : Operation 157 [1/1] (5.58ns)   --->   "%mul_ln73_4670 = mul i29 %sext_ln70_490, i29 2902" [firmware/nnet_utils/nnet_mult.h:73->firmware/nnet_utils/nnet_dense_latency.h:42]   --->   Operation 157 'mul' 'mul_ln73_4670' <Predicate = true> <Delay = 5.58> <CoreInst = "Multiplier">   --->   Core 3 'Multiplier' <Latency = 0> <II = 1> <Delay = 5.58> <FuncUnit> <Opcode : 'mul'> <InPorts = 2> <OutPorts = 1>
ST_3 : Operation 158 [1/1] (0.00ns)   --->   "%mult_4818 = partselect i19 @_ssdm_op_PartSelect.i19.i29.i32.i32, i29 %mul_ln73_4670, i32 10, i32 28" [firmware/nnet_utils/nnet_dense_latency.h:42]   --->   Operation 158 'partselect' 'mult_4818' <Predicate = true> <Delay = 0.00>
ST_3 : Operation 159 [1/1] (5.58ns)   --->   "%mul_ln73_4671 = mul i29 %sext_ln70_490, i29 536867450" [firmware/nnet_utils/nnet_mult.h:73->firmware/nnet_utils/nnet_dense_latency.h:42]   --->   Operation 159 'mul' 'mul_ln73_4671' <Predicate = true> <Delay = 5.58> <CoreInst = "Multiplier">   --->   Core 3 'Multiplier' <Latency = 0> <II = 1> <Delay = 5.58> <FuncUnit> <Opcode : 'mul'> <InPorts = 2> <OutPorts = 1>
ST_3 : Operation 160 [1/1] (0.00ns)   --->   "%mult_4819 = partselect i19 @_ssdm_op_PartSelect.i19.i29.i32.i32, i29 %mul_ln73_4671, i32 10, i32 28" [firmware/nnet_utils/nnet_dense_latency.h:42]   --->   Operation 160 'partselect' 'mult_4819' <Predicate = true> <Delay = 0.00>
ST_3 : Operation 161 [1/1] (5.58ns)   --->   "%mul_ln73_4672 = mul i28 %sext_ln70_489, i28 1938" [firmware/nnet_utils/nnet_mult.h:73->firmware/nnet_utils/nnet_dense_latency.h:42]   --->   Operation 161 'mul' 'mul_ln73_4672' <Predicate = true> <Delay = 5.58> <CoreInst = "Multiplier">   --->   Core 3 'Multiplier' <Latency = 0> <II = 1> <Delay = 5.58> <FuncUnit> <Opcode : 'mul'> <InPorts = 2> <OutPorts = 1>
ST_3 : Operation 162 [1/1] (0.00ns)   --->   "%mult_4820 = partselect i18 @_ssdm_op_PartSelect.i18.i28.i32.i32, i28 %mul_ln73_4672, i32 10, i32 27" [firmware/nnet_utils/nnet_dense_latency.h:42]   --->   Operation 162 'partselect' 'mult_4820' <Predicate = true> <Delay = 0.00>
ST_3 : Operation 163 [1/1] (5.58ns)   --->   "%mul_ln73_4673 = mul i30 %sext_ln70_488, i30 4141" [firmware/nnet_utils/nnet_mult.h:73->firmware/nnet_utils/nnet_dense_latency.h:42]   --->   Operation 163 'mul' 'mul_ln73_4673' <Predicate = true> <Delay = 5.58> <CoreInst = "Multiplier">   --->   Core 3 'Multiplier' <Latency = 0> <II = 1> <Delay = 5.58> <FuncUnit> <Opcode : 'mul'> <InPorts = 2> <OutPorts = 1>
ST_3 : Operation 164 [1/1] (0.00ns)   --->   "%mult_4821 = partselect i20 @_ssdm_op_PartSelect.i20.i30.i32.i32, i30 %mul_ln73_4673, i32 10, i32 29" [firmware/nnet_utils/nnet_dense_latency.h:42]   --->   Operation 164 'partselect' 'mult_4821' <Predicate = true> <Delay = 0.00>
ST_3 : Operation 165 [1/1] (5.58ns)   --->   "%mul_ln73_4674 = mul i30 %sext_ln70_488, i30 1073736238" [firmware/nnet_utils/nnet_mult.h:73->firmware/nnet_utils/nnet_dense_latency.h:42]   --->   Operation 165 'mul' 'mul_ln73_4674' <Predicate = true> <Delay = 5.58> <CoreInst = "Multiplier">   --->   Core 3 'Multiplier' <Latency = 0> <II = 1> <Delay = 5.58> <FuncUnit> <Opcode : 'mul'> <InPorts = 2> <OutPorts = 1>
ST_3 : Operation 166 [1/1] (0.00ns)   --->   "%mult_4822 = partselect i20 @_ssdm_op_PartSelect.i20.i30.i32.i32, i30 %mul_ln73_4674, i32 10, i32 29" [firmware/nnet_utils/nnet_dense_latency.h:42]   --->   Operation 166 'partselect' 'mult_4822' <Predicate = true> <Delay = 0.00>
ST_3 : Operation 167 [1/1] (5.58ns)   --->   "%mul_ln73_4675 = mul i30 %sext_ln70_488, i30 5413" [firmware/nnet_utils/nnet_mult.h:73->firmware/nnet_utils/nnet_dense_latency.h:42]   --->   Operation 167 'mul' 'mul_ln73_4675' <Predicate = true> <Delay = 5.58> <CoreInst = "Multiplier">   --->   Core 3 'Multiplier' <Latency = 0> <II = 1> <Delay = 5.58> <FuncUnit> <Opcode : 'mul'> <InPorts = 2> <OutPorts = 1>
ST_3 : Operation 168 [1/1] (0.00ns)   --->   "%mult_4823 = partselect i20 @_ssdm_op_PartSelect.i20.i30.i32.i32, i30 %mul_ln73_4675, i32 10, i32 29" [firmware/nnet_utils/nnet_dense_latency.h:42]   --->   Operation 168 'partselect' 'mult_4823' <Predicate = true> <Delay = 0.00>
ST_3 : Operation 169 [1/1] (5.58ns)   --->   "%mul_ln73_4676 = mul i30 %sext_ln70_488, i30 5219" [firmware/nnet_utils/nnet_mult.h:73->firmware/nnet_utils/nnet_dense_latency.h:42]   --->   Operation 169 'mul' 'mul_ln73_4676' <Predicate = true> <Delay = 5.58> <CoreInst = "Multiplier">   --->   Core 3 'Multiplier' <Latency = 0> <II = 1> <Delay = 5.58> <FuncUnit> <Opcode : 'mul'> <InPorts = 2> <OutPorts = 1>
ST_3 : Operation 170 [1/1] (0.00ns)   --->   "%mult_4824 = partselect i20 @_ssdm_op_PartSelect.i20.i30.i32.i32, i30 %mul_ln73_4676, i32 10, i32 29" [firmware/nnet_utils/nnet_dense_latency.h:42]   --->   Operation 170 'partselect' 'mult_4824' <Predicate = true> <Delay = 0.00>
ST_3 : Operation 171 [1/1] (5.58ns)   --->   "%mul_ln73_4677 = mul i30 %sext_ln70_488, i30 1073736437" [firmware/nnet_utils/nnet_mult.h:73->firmware/nnet_utils/nnet_dense_latency.h:42]   --->   Operation 171 'mul' 'mul_ln73_4677' <Predicate = true> <Delay = 5.58> <CoreInst = "Multiplier">   --->   Core 3 'Multiplier' <Latency = 0> <II = 1> <Delay = 5.58> <FuncUnit> <Opcode : 'mul'> <InPorts = 2> <OutPorts = 1>
ST_3 : Operation 172 [1/1] (0.00ns)   --->   "%mult_4825 = partselect i20 @_ssdm_op_PartSelect.i20.i30.i32.i32, i30 %mul_ln73_4677, i32 10, i32 29" [firmware/nnet_utils/nnet_dense_latency.h:42]   --->   Operation 172 'partselect' 'mult_4825' <Predicate = true> <Delay = 0.00>
ST_3 : Operation 173 [1/1] (5.58ns)   --->   "%mul_ln73_4678 = mul i28 %sext_ln70_489, i28 1619" [firmware/nnet_utils/nnet_mult.h:73->firmware/nnet_utils/nnet_dense_latency.h:42]   --->   Operation 173 'mul' 'mul_ln73_4678' <Predicate = true> <Delay = 5.58> <CoreInst = "Multiplier">   --->   Core 3 'Multiplier' <Latency = 0> <II = 1> <Delay = 5.58> <FuncUnit> <Opcode : 'mul'> <InPorts = 2> <OutPorts = 1>
ST_3 : Operation 174 [1/1] (0.00ns)   --->   "%mult_4826 = partselect i18 @_ssdm_op_PartSelect.i18.i28.i32.i32, i28 %mul_ln73_4678, i32 10, i32 27" [firmware/nnet_utils/nnet_dense_latency.h:42]   --->   Operation 174 'partselect' 'mult_4826' <Predicate = true> <Delay = 0.00>
ST_3 : Operation 175 [1/1] (5.58ns)   --->   "%mul_ln73_4679 = mul i27 %sext_ln70_491, i27 762" [firmware/nnet_utils/nnet_mult.h:73->firmware/nnet_utils/nnet_dense_latency.h:42]   --->   Operation 175 'mul' 'mul_ln73_4679' <Predicate = true> <Delay = 5.58> <CoreInst = "Multiplier">   --->   Core 3 'Multiplier' <Latency = 0> <II = 1> <Delay = 5.58> <FuncUnit> <Opcode : 'mul'> <InPorts = 2> <OutPorts = 1>
ST_3 : Operation 176 [1/1] (0.00ns)   --->   "%mult_4827 = partselect i17 @_ssdm_op_PartSelect.i17.i27.i32.i32, i27 %mul_ln73_4679, i32 10, i32 26" [firmware/nnet_utils/nnet_dense_latency.h:42]   --->   Operation 176 'partselect' 'mult_4827' <Predicate = true> <Delay = 0.00>
ST_3 : Operation 177 [1/1] (5.58ns)   --->   "%mul_ln73_4680 = mul i30 %sext_ln70_488, i30 4359" [firmware/nnet_utils/nnet_mult.h:73->firmware/nnet_utils/nnet_dense_latency.h:42]   --->   Operation 177 'mul' 'mul_ln73_4680' <Predicate = true> <Delay = 5.58> <CoreInst = "Multiplier">   --->   Core 3 'Multiplier' <Latency = 0> <II = 1> <Delay = 5.58> <FuncUnit> <Opcode : 'mul'> <InPorts = 2> <OutPorts = 1>
ST_3 : Operation 178 [1/1] (0.00ns)   --->   "%mult_4828 = partselect i20 @_ssdm_op_PartSelect.i20.i30.i32.i32, i30 %mul_ln73_4680, i32 10, i32 29" [firmware/nnet_utils/nnet_dense_latency.h:42]   --->   Operation 178 'partselect' 'mult_4828' <Predicate = true> <Delay = 0.00>
ST_3 : Operation 179 [1/1] (5.58ns)   --->   "%mul_ln73_4681 = mul i26 %sext_ln70_487, i26 505" [firmware/nnet_utils/nnet_mult.h:73->firmware/nnet_utils/nnet_dense_latency.h:42]   --->   Operation 179 'mul' 'mul_ln73_4681' <Predicate = true> <Delay = 5.58> <CoreInst = "Multiplier">   --->   Core 3 'Multiplier' <Latency = 0> <II = 1> <Delay = 5.58> <FuncUnit> <Opcode : 'mul'> <InPorts = 2> <OutPorts = 1>
ST_3 : Operation 180 [1/1] (0.00ns)   --->   "%mult_4829 = partselect i16 @_ssdm_op_PartSelect.i16.i26.i32.i32, i26 %mul_ln73_4681, i32 10, i32 25" [firmware/nnet_utils/nnet_dense_latency.h:42]   --->   Operation 180 'partselect' 'mult_4829' <Predicate = true> <Delay = 0.00>
ST_3 : Operation 181 [1/1] (5.58ns)   --->   "%mul_ln73_4682 = mul i30 %sext_ln70_488, i30 4170" [firmware/nnet_utils/nnet_mult.h:73->firmware/nnet_utils/nnet_dense_latency.h:42]   --->   Operation 181 'mul' 'mul_ln73_4682' <Predicate = true> <Delay = 5.58> <CoreInst = "Multiplier">   --->   Core 3 'Multiplier' <Latency = 0> <II = 1> <Delay = 5.58> <FuncUnit> <Opcode : 'mul'> <InPorts = 2> <OutPorts = 1>
ST_3 : Operation 182 [1/1] (0.00ns)   --->   "%mult_4830 = partselect i20 @_ssdm_op_PartSelect.i20.i30.i32.i32, i30 %mul_ln73_4682, i32 10, i32 29" [firmware/nnet_utils/nnet_dense_latency.h:42]   --->   Operation 182 'partselect' 'mult_4830' <Predicate = true> <Delay = 0.00>
ST_3 : Operation 183 [1/1] (5.58ns)   --->   "%mul_ln73_4683 = mul i28 %sext_ln70_489, i28 268433526" [firmware/nnet_utils/nnet_mult.h:73->firmware/nnet_utils/nnet_dense_latency.h:42]   --->   Operation 183 'mul' 'mul_ln73_4683' <Predicate = true> <Delay = 5.58> <CoreInst = "Multiplier">   --->   Core 3 'Multiplier' <Latency = 0> <II = 1> <Delay = 5.58> <FuncUnit> <Opcode : 'mul'> <InPorts = 2> <OutPorts = 1>
ST_3 : Operation 184 [1/1] (0.00ns)   --->   "%mult_4831 = partselect i18 @_ssdm_op_PartSelect.i18.i28.i32.i32, i28 %mul_ln73_4683, i32 10, i32 27" [firmware/nnet_utils/nnet_dense_latency.h:42]   --->   Operation 184 'partselect' 'mult_4831' <Predicate = true> <Delay = 0.00>
ST_3 : Operation 185 [1/1] (5.58ns)   --->   "%mul_ln73_4684 = mul i30 %sext_ln70_488, i30 1073736845" [firmware/nnet_utils/nnet_mult.h:73->firmware/nnet_utils/nnet_dense_latency.h:42]   --->   Operation 185 'mul' 'mul_ln73_4684' <Predicate = true> <Delay = 5.58> <CoreInst = "Multiplier">   --->   Core 3 'Multiplier' <Latency = 0> <II = 1> <Delay = 5.58> <FuncUnit> <Opcode : 'mul'> <InPorts = 2> <OutPorts = 1>
ST_3 : Operation 186 [1/1] (0.00ns)   --->   "%mult_4832 = partselect i20 @_ssdm_op_PartSelect.i20.i30.i32.i32, i30 %mul_ln73_4684, i32 10, i32 29" [firmware/nnet_utils/nnet_dense_latency.h:42]   --->   Operation 186 'partselect' 'mult_4832' <Predicate = true> <Delay = 0.00>

State 4 <SV = 3> <Delay = 11.7>
ST_4 : Operation 187 [1/1] (0.00ns)   --->   "%data_3_val_read = read i16 @_ssdm_op_Read.ap_auto.i16, i16 %data_3_val" [firmware/nnet_utils/nnet_mult.h:70->firmware/nnet_utils/nnet_dense_latency.h:42]   --->   Operation 187 'read' 'data_3_val_read' <Predicate = true> <Delay = 0.00>
ST_4 : Operation 188 [1/1] (0.00ns)   --->   "%sext_ln17_4790 = sext i20 %mult_4786" [firmware/nnet_utils/nnet_dense_latency.h:17]   --->   Operation 188 'sext' 'sext_ln17_4790' <Predicate = true> <Delay = 0.00>
ST_4 : Operation 189 [1/1] (0.00ns)   --->   "%sext_ln17_4792 = sext i20 %mult_4788" [firmware/nnet_utils/nnet_dense_latency.h:17]   --->   Operation 189 'sext' 'sext_ln17_4792' <Predicate = true> <Delay = 0.00>
ST_4 : Operation 190 [1/1] (0.00ns)   --->   "%sext_ln17_4806 = sext i17 %mult_4802" [firmware/nnet_utils/nnet_dense_latency.h:17]   --->   Operation 190 'sext' 'sext_ln17_4806' <Predicate = true> <Delay = 0.00>
ST_4 : Operation 191 [1/1] (0.00ns)   --->   "%sext_ln17_4808 = sext i18 %mult_4804" [firmware/nnet_utils/nnet_dense_latency.h:17]   --->   Operation 191 'sext' 'sext_ln17_4808' <Predicate = true> <Delay = 0.00>
ST_4 : Operation 192 [1/1] (0.00ns)   --->   "%sext_ln17_4821 = sext i17 %mult_4817" [firmware/nnet_utils/nnet_dense_latency.h:17]   --->   Operation 192 'sext' 'sext_ln17_4821' <Predicate = true> <Delay = 0.00>
ST_4 : Operation 193 [1/1] (0.00ns)   --->   "%sext_ln17_4822 = sext i19 %mult_4818" [firmware/nnet_utils/nnet_dense_latency.h:17]   --->   Operation 193 'sext' 'sext_ln17_4822' <Predicate = true> <Delay = 0.00>
ST_4 : Operation 194 [1/1] (0.00ns)   --->   "%sext_ln17_4823 = sext i19 %mult_4819" [firmware/nnet_utils/nnet_dense_latency.h:17]   --->   Operation 194 'sext' 'sext_ln17_4823' <Predicate = true> <Delay = 0.00>
ST_4 : Operation 195 [1/1] (0.00ns)   --->   "%sext_ln17_4824 = sext i18 %mult_4820" [firmware/nnet_utils/nnet_dense_latency.h:17]   --->   Operation 195 'sext' 'sext_ln17_4824' <Predicate = true> <Delay = 0.00>
ST_4 : Operation 196 [1/1] (0.00ns)   --->   "%sext_ln17_4825 = sext i20 %mult_4821" [firmware/nnet_utils/nnet_dense_latency.h:17]   --->   Operation 196 'sext' 'sext_ln17_4825' <Predicate = true> <Delay = 0.00>
ST_4 : Operation 197 [1/1] (0.00ns)   --->   "%sext_ln17_4826 = sext i20 %mult_4822" [firmware/nnet_utils/nnet_dense_latency.h:17]   --->   Operation 197 'sext' 'sext_ln17_4826' <Predicate = true> <Delay = 0.00>
ST_4 : Operation 198 [1/1] (0.00ns)   --->   "%sext_ln17_4827 = sext i20 %mult_4823" [firmware/nnet_utils/nnet_dense_latency.h:17]   --->   Operation 198 'sext' 'sext_ln17_4827' <Predicate = true> <Delay = 0.00>
ST_4 : Operation 199 [1/1] (0.00ns)   --->   "%sext_ln17_4828 = sext i20 %mult_4824" [firmware/nnet_utils/nnet_dense_latency.h:17]   --->   Operation 199 'sext' 'sext_ln17_4828' <Predicate = true> <Delay = 0.00>
ST_4 : Operation 200 [1/1] (0.00ns)   --->   "%sext_ln17_4829 = sext i20 %mult_4825" [firmware/nnet_utils/nnet_dense_latency.h:17]   --->   Operation 200 'sext' 'sext_ln17_4829' <Predicate = true> <Delay = 0.00>
ST_4 : Operation 201 [1/1] (0.00ns)   --->   "%sext_ln17_4830 = sext i18 %mult_4826" [firmware/nnet_utils/nnet_dense_latency.h:17]   --->   Operation 201 'sext' 'sext_ln17_4830' <Predicate = true> <Delay = 0.00>
ST_4 : Operation 202 [1/1] (0.00ns)   --->   "%sext_ln17_4831 = sext i17 %mult_4827" [firmware/nnet_utils/nnet_dense_latency.h:17]   --->   Operation 202 'sext' 'sext_ln17_4831' <Predicate = true> <Delay = 0.00>
ST_4 : Operation 203 [1/1] (0.00ns)   --->   "%sext_ln17_4832 = sext i20 %mult_4828" [firmware/nnet_utils/nnet_dense_latency.h:17]   --->   Operation 203 'sext' 'sext_ln17_4832' <Predicate = true> <Delay = 0.00>
ST_4 : Operation 204 [1/1] (0.00ns)   --->   "%sext_ln17_4833 = sext i16 %mult_4829" [firmware/nnet_utils/nnet_dense_latency.h:17]   --->   Operation 204 'sext' 'sext_ln17_4833' <Predicate = true> <Delay = 0.00>
ST_4 : Operation 205 [1/1] (0.00ns)   --->   "%sext_ln17_4834 = sext i20 %mult_4830" [firmware/nnet_utils/nnet_dense_latency.h:17]   --->   Operation 205 'sext' 'sext_ln17_4834' <Predicate = true> <Delay = 0.00>
ST_4 : Operation 206 [1/1] (0.00ns)   --->   "%sext_ln17_4835 = sext i18 %mult_4831" [firmware/nnet_utils/nnet_dense_latency.h:17]   --->   Operation 206 'sext' 'sext_ln17_4835' <Predicate = true> <Delay = 0.00>
ST_4 : Operation 207 [1/1] (0.00ns)   --->   "%sext_ln17_4836 = sext i20 %mult_4832" [firmware/nnet_utils/nnet_dense_latency.h:17]   --->   Operation 207 'sext' 'sext_ln17_4836' <Predicate = true> <Delay = 0.00>
ST_4 : Operation 208 [1/1] (0.00ns)   --->   "%sext_ln70_492 = sext i16 %data_3_val_read" [firmware/nnet_utils/nnet_mult.h:70->firmware/nnet_utils/nnet_dense_latency.h:42]   --->   Operation 208 'sext' 'sext_ln70_492' <Predicate = true> <Delay = 0.00>
ST_4 : Operation 209 [1/1] (0.00ns)   --->   "%sext_ln70_493 = sext i16 %data_3_val_read" [firmware/nnet_utils/nnet_mult.h:70->firmware/nnet_utils/nnet_dense_latency.h:42]   --->   Operation 209 'sext' 'sext_ln70_493' <Predicate = true> <Delay = 0.00>
ST_4 : Operation 210 [1/1] (0.00ns)   --->   "%sext_ln70_494 = sext i16 %data_3_val_read" [firmware/nnet_utils/nnet_mult.h:70->firmware/nnet_utils/nnet_dense_latency.h:42]   --->   Operation 210 'sext' 'sext_ln70_494' <Predicate = true> <Delay = 0.00>
ST_4 : Operation 211 [1/1] (0.00ns)   --->   "%sext_ln70_495 = sext i16 %data_3_val_read" [firmware/nnet_utils/nnet_mult.h:70->firmware/nnet_utils/nnet_dense_latency.h:42]   --->   Operation 211 'sext' 'sext_ln70_495' <Predicate = true> <Delay = 0.00>
ST_4 : Operation 212 [1/1] (0.00ns)   --->   "%sext_ln70_496 = sext i16 %data_3_val_read" [firmware/nnet_utils/nnet_mult.h:70->firmware/nnet_utils/nnet_dense_latency.h:42]   --->   Operation 212 'sext' 'sext_ln70_496' <Predicate = true> <Delay = 0.00>
ST_4 : Operation 213 [1/1] (0.00ns)   --->   "%sext_ln70_497 = sext i16 %data_3_val_read" [firmware/nnet_utils/nnet_mult.h:70->firmware/nnet_utils/nnet_dense_latency.h:42]   --->   Operation 213 'sext' 'sext_ln70_497' <Predicate = true> <Delay = 0.00>
ST_4 : Operation 214 [1/1] (5.58ns)   --->   "%mul_ln73_4685 = mul i29 %sext_ln70_497, i29 536867119" [firmware/nnet_utils/nnet_mult.h:73->firmware/nnet_utils/nnet_dense_latency.h:42]   --->   Operation 214 'mul' 'mul_ln73_4685' <Predicate = true> <Delay = 5.58> <CoreInst = "Multiplier">   --->   Core 3 'Multiplier' <Latency = 0> <II = 1> <Delay = 5.58> <FuncUnit> <Opcode : 'mul'> <InPorts = 2> <OutPorts = 1>
ST_4 : Operation 215 [1/1] (0.00ns)   --->   "%mult_4833 = partselect i19 @_ssdm_op_PartSelect.i19.i29.i32.i32, i29 %mul_ln73_4685, i32 10, i32 28" [firmware/nnet_utils/nnet_dense_latency.h:42]   --->   Operation 215 'partselect' 'mult_4833' <Predicate = true> <Delay = 0.00>
ST_4 : Operation 216 [1/1] (0.00ns)   --->   "%sext_ln17_4837 = sext i19 %mult_4833" [firmware/nnet_utils/nnet_dense_latency.h:17]   --->   Operation 216 'sext' 'sext_ln17_4837' <Predicate = true> <Delay = 0.00>
ST_4 : Operation 217 [1/1] (5.58ns)   --->   "%mul_ln73_4686 = mul i28 %sext_ln70_496, i28 1345" [firmware/nnet_utils/nnet_mult.h:73->firmware/nnet_utils/nnet_dense_latency.h:42]   --->   Operation 217 'mul' 'mul_ln73_4686' <Predicate = true> <Delay = 5.58> <CoreInst = "Multiplier">   --->   Core 3 'Multiplier' <Latency = 0> <II = 1> <Delay = 5.58> <FuncUnit> <Opcode : 'mul'> <InPorts = 2> <OutPorts = 1>
ST_4 : Operation 218 [1/1] (0.00ns)   --->   "%mult_4834 = partselect i18 @_ssdm_op_PartSelect.i18.i28.i32.i32, i28 %mul_ln73_4686, i32 10, i32 27" [firmware/nnet_utils/nnet_dense_latency.h:42]   --->   Operation 218 'partselect' 'mult_4834' <Predicate = true> <Delay = 0.00>
ST_4 : Operation 219 [1/1] (0.00ns)   --->   "%sext_ln17_4838 = sext i18 %mult_4834" [firmware/nnet_utils/nnet_dense_latency.h:17]   --->   Operation 219 'sext' 'sext_ln17_4838' <Predicate = true> <Delay = 0.00>
ST_4 : Operation 220 [1/1] (5.58ns)   --->   "%mul_ln73_4687 = mul i30 %sext_ln70_495, i30 4149" [firmware/nnet_utils/nnet_mult.h:73->firmware/nnet_utils/nnet_dense_latency.h:42]   --->   Operation 220 'mul' 'mul_ln73_4687' <Predicate = true> <Delay = 5.58> <CoreInst = "Multiplier">   --->   Core 3 'Multiplier' <Latency = 0> <II = 1> <Delay = 5.58> <FuncUnit> <Opcode : 'mul'> <InPorts = 2> <OutPorts = 1>
ST_4 : Operation 221 [1/1] (0.00ns)   --->   "%mult_4835 = partselect i20 @_ssdm_op_PartSelect.i20.i30.i32.i32, i30 %mul_ln73_4687, i32 10, i32 29" [firmware/nnet_utils/nnet_dense_latency.h:42]   --->   Operation 221 'partselect' 'mult_4835' <Predicate = true> <Delay = 0.00>
ST_4 : Operation 222 [1/1] (0.00ns)   --->   "%sext_ln17_4839 = sext i20 %mult_4835" [firmware/nnet_utils/nnet_dense_latency.h:17]   --->   Operation 222 'sext' 'sext_ln17_4839' <Predicate = true> <Delay = 0.00>
ST_4 : Operation 223 [1/1] (5.58ns)   --->   "%mul_ln73_4688 = mul i27 %sext_ln70_494, i27 134217010" [firmware/nnet_utils/nnet_mult.h:73->firmware/nnet_utils/nnet_dense_latency.h:42]   --->   Operation 223 'mul' 'mul_ln73_4688' <Predicate = true> <Delay = 5.58> <CoreInst = "Multiplier">   --->   Core 3 'Multiplier' <Latency = 0> <II = 1> <Delay = 5.58> <FuncUnit> <Opcode : 'mul'> <InPorts = 2> <OutPorts = 1>
ST_4 : Operation 224 [1/1] (0.00ns)   --->   "%mult_4836 = partselect i17 @_ssdm_op_PartSelect.i17.i27.i32.i32, i27 %mul_ln73_4688, i32 10, i32 26" [firmware/nnet_utils/nnet_dense_latency.h:42]   --->   Operation 224 'partselect' 'mult_4836' <Predicate = true> <Delay = 0.00>
ST_4 : Operation 225 [1/1] (0.00ns)   --->   "%sext_ln17_4840 = sext i17 %mult_4836" [firmware/nnet_utils/nnet_dense_latency.h:17]   --->   Operation 225 'sext' 'sext_ln17_4840' <Predicate = true> <Delay = 0.00>
ST_4 : Operation 226 [1/1] (5.58ns)   --->   "%mul_ln73_4689 = mul i24 %sext_ln70_493, i24 16777147" [firmware/nnet_utils/nnet_mult.h:73->firmware/nnet_utils/nnet_dense_latency.h:42]   --->   Operation 226 'mul' 'mul_ln73_4689' <Predicate = true> <Delay = 5.58> <CoreInst = "Multiplier">   --->   Core 3 'Multiplier' <Latency = 0> <II = 1> <Delay = 5.58> <FuncUnit> <Opcode : 'mul'> <InPorts = 2> <OutPorts = 1>
ST_4 : Operation 227 [1/1] (0.00ns)   --->   "%mult_4837 = partselect i14 @_ssdm_op_PartSelect.i14.i24.i32.i32, i24 %mul_ln73_4689, i32 10, i32 23" [firmware/nnet_utils/nnet_dense_latency.h:42]   --->   Operation 227 'partselect' 'mult_4837' <Predicate = true> <Delay = 0.00>
ST_4 : Operation 228 [1/1] (0.00ns)   --->   "%sext_ln17_4841 = sext i14 %mult_4837" [firmware/nnet_utils/nnet_dense_latency.h:17]   --->   Operation 228 'sext' 'sext_ln17_4841' <Predicate = true> <Delay = 0.00>
ST_4 : Operation 229 [1/1] (5.58ns)   --->   "%mul_ln73_4690 = mul i29 %sext_ln70_497, i29 536866980" [firmware/nnet_utils/nnet_mult.h:73->firmware/nnet_utils/nnet_dense_latency.h:42]   --->   Operation 229 'mul' 'mul_ln73_4690' <Predicate = true> <Delay = 5.58> <CoreInst = "Multiplier">   --->   Core 3 'Multiplier' <Latency = 0> <II = 1> <Delay = 5.58> <FuncUnit> <Opcode : 'mul'> <InPorts = 2> <OutPorts = 1>
ST_4 : Operation 230 [1/1] (0.00ns)   --->   "%mult_4838 = partselect i19 @_ssdm_op_PartSelect.i19.i29.i32.i32, i29 %mul_ln73_4690, i32 10, i32 28" [firmware/nnet_utils/nnet_dense_latency.h:42]   --->   Operation 230 'partselect' 'mult_4838' <Predicate = true> <Delay = 0.00>
ST_4 : Operation 231 [1/1] (0.00ns)   --->   "%sext_ln17_4842 = sext i19 %mult_4838" [firmware/nnet_utils/nnet_dense_latency.h:17]   --->   Operation 231 'sext' 'sext_ln17_4842' <Predicate = true> <Delay = 0.00>
ST_4 : Operation 232 [1/1] (5.58ns)   --->   "%mul_ln73_4691 = mul i25 %sext_ln70_492, i25 33554242" [firmware/nnet_utils/nnet_mult.h:73->firmware/nnet_utils/nnet_dense_latency.h:42]   --->   Operation 232 'mul' 'mul_ln73_4691' <Predicate = true> <Delay = 5.58> <CoreInst = "Multiplier">   --->   Core 3 'Multiplier' <Latency = 0> <II = 1> <Delay = 5.58> <FuncUnit> <Opcode : 'mul'> <InPorts = 2> <OutPorts = 1>
ST_4 : Operation 233 [1/1] (0.00ns)   --->   "%mult_4839 = partselect i15 @_ssdm_op_PartSelect.i15.i25.i32.i32, i25 %mul_ln73_4691, i32 10, i32 24" [firmware/nnet_utils/nnet_dense_latency.h:42]   --->   Operation 233 'partselect' 'mult_4839' <Predicate = true> <Delay = 0.00>
ST_4 : Operation 234 [1/1] (0.00ns)   --->   "%sext_ln17_4843 = sext i15 %mult_4839" [firmware/nnet_utils/nnet_dense_latency.h:17]   --->   Operation 234 'sext' 'sext_ln17_4843' <Predicate = true> <Delay = 0.00>
ST_4 : Operation 235 [1/1] (5.58ns)   --->   "%mul_ln73_4692 = mul i29 %sext_ln70_497, i29 2191" [firmware/nnet_utils/nnet_mult.h:73->firmware/nnet_utils/nnet_dense_latency.h:42]   --->   Operation 235 'mul' 'mul_ln73_4692' <Predicate = true> <Delay = 5.58> <CoreInst = "Multiplier">   --->   Core 3 'Multiplier' <Latency = 0> <II = 1> <Delay = 5.58> <FuncUnit> <Opcode : 'mul'> <InPorts = 2> <OutPorts = 1>
ST_4 : Operation 236 [1/1] (0.00ns)   --->   "%mult_4840 = partselect i19 @_ssdm_op_PartSelect.i19.i29.i32.i32, i29 %mul_ln73_4692, i32 10, i32 28" [firmware/nnet_utils/nnet_dense_latency.h:42]   --->   Operation 236 'partselect' 'mult_4840' <Predicate = true> <Delay = 0.00>
ST_4 : Operation 237 [1/1] (0.00ns)   --->   "%sext_ln17_4844 = sext i19 %mult_4840" [firmware/nnet_utils/nnet_dense_latency.h:17]   --->   Operation 237 'sext' 'sext_ln17_4844' <Predicate = true> <Delay = 0.00>
ST_4 : Operation 238 [1/1] (5.58ns)   --->   "%mul_ln73_4693 = mul i28 %sext_ln70_496, i28 2006" [firmware/nnet_utils/nnet_mult.h:73->firmware/nnet_utils/nnet_dense_latency.h:42]   --->   Operation 238 'mul' 'mul_ln73_4693' <Predicate = true> <Delay = 5.58> <CoreInst = "Multiplier">   --->   Core 3 'Multiplier' <Latency = 0> <II = 1> <Delay = 5.58> <FuncUnit> <Opcode : 'mul'> <InPorts = 2> <OutPorts = 1>
ST_4 : Operation 239 [1/1] (0.00ns)   --->   "%mult_4841 = partselect i18 @_ssdm_op_PartSelect.i18.i28.i32.i32, i28 %mul_ln73_4693, i32 10, i32 27" [firmware/nnet_utils/nnet_dense_latency.h:42]   --->   Operation 239 'partselect' 'mult_4841' <Predicate = true> <Delay = 0.00>
ST_4 : Operation 240 [1/1] (0.00ns)   --->   "%sext_ln17_4845 = sext i18 %mult_4841" [firmware/nnet_utils/nnet_dense_latency.h:17]   --->   Operation 240 'sext' 'sext_ln17_4845' <Predicate = true> <Delay = 0.00>
ST_4 : Operation 241 [1/1] (5.58ns)   --->   "%mul_ln73_4694 = mul i30 %sext_ln70_495, i30 1073737044" [firmware/nnet_utils/nnet_mult.h:73->firmware/nnet_utils/nnet_dense_latency.h:42]   --->   Operation 241 'mul' 'mul_ln73_4694' <Predicate = true> <Delay = 5.58> <CoreInst = "Multiplier">   --->   Core 3 'Multiplier' <Latency = 0> <II = 1> <Delay = 5.58> <FuncUnit> <Opcode : 'mul'> <InPorts = 2> <OutPorts = 1>
ST_4 : Operation 242 [1/1] (0.00ns)   --->   "%mult_4842 = partselect i20 @_ssdm_op_PartSelect.i20.i30.i32.i32, i30 %mul_ln73_4694, i32 10, i32 29" [firmware/nnet_utils/nnet_dense_latency.h:42]   --->   Operation 242 'partselect' 'mult_4842' <Predicate = true> <Delay = 0.00>
ST_4 : Operation 243 [1/1] (0.00ns)   --->   "%sext_ln17_4846 = sext i20 %mult_4842" [firmware/nnet_utils/nnet_dense_latency.h:17]   --->   Operation 243 'sext' 'sext_ln17_4846' <Predicate = true> <Delay = 0.00>
ST_4 : Operation 244 [1/1] (5.58ns)   --->   "%mul_ln73_4695 = mul i30 %sext_ln70_495, i30 5572" [firmware/nnet_utils/nnet_mult.h:73->firmware/nnet_utils/nnet_dense_latency.h:42]   --->   Operation 244 'mul' 'mul_ln73_4695' <Predicate = true> <Delay = 5.58> <CoreInst = "Multiplier">   --->   Core 3 'Multiplier' <Latency = 0> <II = 1> <Delay = 5.58> <FuncUnit> <Opcode : 'mul'> <InPorts = 2> <OutPorts = 1>
ST_4 : Operation 245 [1/1] (0.00ns)   --->   "%mult_4843 = partselect i20 @_ssdm_op_PartSelect.i20.i30.i32.i32, i30 %mul_ln73_4695, i32 10, i32 29" [firmware/nnet_utils/nnet_dense_latency.h:42]   --->   Operation 245 'partselect' 'mult_4843' <Predicate = true> <Delay = 0.00>
ST_4 : Operation 246 [1/1] (0.00ns)   --->   "%sext_ln17_4847 = sext i20 %mult_4843" [firmware/nnet_utils/nnet_dense_latency.h:17]   --->   Operation 246 'sext' 'sext_ln17_4847' <Predicate = true> <Delay = 0.00>
ST_4 : Operation 247 [1/1] (5.58ns)   --->   "%mul_ln73_4696 = mul i24 %sext_ln70_493, i24 16777128" [firmware/nnet_utils/nnet_mult.h:73->firmware/nnet_utils/nnet_dense_latency.h:42]   --->   Operation 247 'mul' 'mul_ln73_4696' <Predicate = true> <Delay = 5.58> <CoreInst = "Multiplier">   --->   Core 3 'Multiplier' <Latency = 0> <II = 1> <Delay = 5.58> <FuncUnit> <Opcode : 'mul'> <InPorts = 2> <OutPorts = 1>
ST_4 : Operation 248 [1/1] (0.00ns)   --->   "%mult_4844 = partselect i14 @_ssdm_op_PartSelect.i14.i24.i32.i32, i24 %mul_ln73_4696, i32 10, i32 23" [firmware/nnet_utils/nnet_dense_latency.h:42]   --->   Operation 248 'partselect' 'mult_4844' <Predicate = true> <Delay = 0.00>
ST_4 : Operation 249 [1/1] (0.00ns)   --->   "%sext_ln17_4848 = sext i14 %mult_4844" [firmware/nnet_utils/nnet_dense_latency.h:17]   --->   Operation 249 'sext' 'sext_ln17_4848' <Predicate = true> <Delay = 0.00>
ST_4 : Operation 250 [1/1] (5.58ns)   --->   "%mul_ln73_4697 = mul i28 %sext_ln70_496, i28 1667" [firmware/nnet_utils/nnet_mult.h:73->firmware/nnet_utils/nnet_dense_latency.h:42]   --->   Operation 250 'mul' 'mul_ln73_4697' <Predicate = true> <Delay = 5.58> <CoreInst = "Multiplier">   --->   Core 3 'Multiplier' <Latency = 0> <II = 1> <Delay = 5.58> <FuncUnit> <Opcode : 'mul'> <InPorts = 2> <OutPorts = 1>
ST_4 : Operation 251 [1/1] (0.00ns)   --->   "%mult_4845 = partselect i18 @_ssdm_op_PartSelect.i18.i28.i32.i32, i28 %mul_ln73_4697, i32 10, i32 27" [firmware/nnet_utils/nnet_dense_latency.h:42]   --->   Operation 251 'partselect' 'mult_4845' <Predicate = true> <Delay = 0.00>
ST_4 : Operation 252 [1/1] (0.00ns)   --->   "%sext_ln17_4849 = sext i18 %mult_4845" [firmware/nnet_utils/nnet_dense_latency.h:17]   --->   Operation 252 'sext' 'sext_ln17_4849' <Predicate = true> <Delay = 0.00>
ST_4 : Operation 253 [1/1] (5.58ns)   --->   "%mul_ln73_4698 = mul i29 %sext_ln70_497, i29 536867283" [firmware/nnet_utils/nnet_mult.h:73->firmware/nnet_utils/nnet_dense_latency.h:42]   --->   Operation 253 'mul' 'mul_ln73_4698' <Predicate = true> <Delay = 5.58> <CoreInst = "Multiplier">   --->   Core 3 'Multiplier' <Latency = 0> <II = 1> <Delay = 5.58> <FuncUnit> <Opcode : 'mul'> <InPorts = 2> <OutPorts = 1>
ST_4 : Operation 254 [1/1] (0.00ns)   --->   "%mult_4846 = partselect i19 @_ssdm_op_PartSelect.i19.i29.i32.i32, i29 %mul_ln73_4698, i32 10, i32 28" [firmware/nnet_utils/nnet_dense_latency.h:42]   --->   Operation 254 'partselect' 'mult_4846' <Predicate = true> <Delay = 0.00>
ST_4 : Operation 255 [1/1] (0.00ns)   --->   "%sext_ln17_4850 = sext i19 %mult_4846" [firmware/nnet_utils/nnet_dense_latency.h:17]   --->   Operation 255 'sext' 'sext_ln17_4850' <Predicate = true> <Delay = 0.00>
ST_4 : Operation 256 [1/1] (5.58ns)   --->   "%mul_ln73_4699 = mul i30 %sext_ln70_495, i30 5403" [firmware/nnet_utils/nnet_mult.h:73->firmware/nnet_utils/nnet_dense_latency.h:42]   --->   Operation 256 'mul' 'mul_ln73_4699' <Predicate = true> <Delay = 5.58> <CoreInst = "Multiplier">   --->   Core 3 'Multiplier' <Latency = 0> <II = 1> <Delay = 5.58> <FuncUnit> <Opcode : 'mul'> <InPorts = 2> <OutPorts = 1>
ST_4 : Operation 257 [1/1] (0.00ns)   --->   "%mult_4847 = partselect i20 @_ssdm_op_PartSelect.i20.i30.i32.i32, i30 %mul_ln73_4699, i32 10, i32 29" [firmware/nnet_utils/nnet_dense_latency.h:42]   --->   Operation 257 'partselect' 'mult_4847' <Predicate = true> <Delay = 0.00>
ST_4 : Operation 258 [1/1] (0.00ns)   --->   "%sext_ln17_4851 = sext i20 %mult_4847" [firmware/nnet_utils/nnet_dense_latency.h:17]   --->   Operation 258 'sext' 'sext_ln17_4851' <Predicate = true> <Delay = 0.00>
ST_4 : Operation 259 [1/1] (5.58ns)   --->   "%mul_ln73_4700 = mul i29 %sext_ln70_497, i29 2221" [firmware/nnet_utils/nnet_mult.h:73->firmware/nnet_utils/nnet_dense_latency.h:42]   --->   Operation 259 'mul' 'mul_ln73_4700' <Predicate = true> <Delay = 5.58> <CoreInst = "Multiplier">   --->   Core 3 'Multiplier' <Latency = 0> <II = 1> <Delay = 5.58> <FuncUnit> <Opcode : 'mul'> <InPorts = 2> <OutPorts = 1>
ST_4 : Operation 260 [1/1] (0.00ns)   --->   "%mult_4848 = partselect i19 @_ssdm_op_PartSelect.i19.i29.i32.i32, i29 %mul_ln73_4700, i32 10, i32 28" [firmware/nnet_utils/nnet_dense_latency.h:42]   --->   Operation 260 'partselect' 'mult_4848' <Predicate = true> <Delay = 0.00>
ST_4 : Operation 261 [1/1] (0.00ns)   --->   "%sext_ln17_4852 = sext i19 %mult_4848" [firmware/nnet_utils/nnet_dense_latency.h:17]   --->   Operation 261 'sext' 'sext_ln17_4852' <Predicate = true> <Delay = 0.00>
ST_4 : Operation 262 [1/1] (0.00ns)   --->   "%sext_ln58 = sext i20 %add_ln58" [firmware/nnet_utils/nnet_dense_latency.h:58]   --->   Operation 262 'sext' 'sext_ln58' <Predicate = true> <Delay = 0.00>
ST_4 : Operation 263 [1/1] (2.16ns)   --->   "%add_ln58_4815 = add i20 %sext_ln17_4821, i20 %sext_ln17_4837" [firmware/nnet_utils/nnet_dense_latency.h:58]   --->   Operation 263 'add' 'add_ln58_4815' <Predicate = true> <Delay = 2.16> <CoreInst = "Adder">   --->   Core 1 'Adder' <Latency = 0> <II = 1> <Delay = 2.16> <FuncUnit> <Opcode : 'add' 'sub'> <InPorts = 2> <OutPorts = 1>
ST_4 : Operation 264 [1/1] (0.00ns)   --->   "%sext_ln58_3230 = sext i20 %add_ln58_4815" [firmware/nnet_utils/nnet_dense_latency.h:58]   --->   Operation 264 'sext' 'sext_ln58_3230' <Predicate = true> <Delay = 0.00>
ST_4 : Operation 265 [1/1] (2.19ns)   --->   "%add_ln58_4816 = add i21 %sext_ln58_3230, i21 %sext_ln58" [firmware/nnet_utils/nnet_dense_latency.h:58]   --->   Operation 265 'add' 'add_ln58_4816' <Predicate = true> <Delay = 2.19> <CoreInst = "Adder">   --->   Core 1 'Adder' <Latency = 0> <II = 1> <Delay = 2.19> <FuncUnit> <Opcode : 'add' 'sub'> <InPorts = 2> <OutPorts = 1>
ST_4 : Operation 266 [1/1] (0.00ns) (grouped into TernaryAdder)   --->   "%add_ln58_4846 = add i21 %sext_ln17_4790, i21 %sext_ln17_4806" [firmware/nnet_utils/nnet_dense_latency.h:58]   --->   Operation 266 'add' 'add_ln58_4846' <Predicate = true> <Delay = 0.00> <CoreInst = "TAddSub">   --->   Core 10 'TAddSub' <Latency = 0> <II = 1> <Delay = 2.03> <IPBlock> <Opcode : '<invalid operator> ' 'add' 'sub'> <InPorts = 3> <OutPorts = 1> <Sync> <CReg>
ST_4 : Operation 267 [1/1] (2.16ns)   --->   "%add_ln58_4847 = add i20 %sext_ln17_4822, i20 %sext_ln17_4838" [firmware/nnet_utils/nnet_dense_latency.h:58]   --->   Operation 267 'add' 'add_ln58_4847' <Predicate = true> <Delay = 2.16> <CoreInst = "Adder">   --->   Core 1 'Adder' <Latency = 0> <II = 1> <Delay = 2.16> <FuncUnit> <Opcode : 'add' 'sub'> <InPorts = 2> <OutPorts = 1>
ST_4 : Operation 268 [1/1] (0.00ns)   --->   "%sext_ln58_3257 = sext i20 %add_ln58_4847" [firmware/nnet_utils/nnet_dense_latency.h:58]   --->   Operation 268 'sext' 'sext_ln58_3257' <Predicate = true> <Delay = 0.00>
ST_4 : Operation 269 [1/1] (4.04ns) (root node of TernaryAdder)   --->   "%add_ln58_4848 = add i21 %sext_ln58_3257, i21 %add_ln58_4846" [firmware/nnet_utils/nnet_dense_latency.h:58]   --->   Operation 269 'add' 'add_ln58_4848' <Predicate = true> <Delay = 4.04> <CoreInst = "TAddSub">   --->   Core 10 'TAddSub' <Latency = 0> <II = 1> <Delay = 2.03> <IPBlock> <Opcode : '<invalid operator> ' 'add' 'sub'> <InPorts = 3> <OutPorts = 1> <Sync> <CReg>
ST_4 : Operation 270 [1/1] (0.00ns)   --->   "%sext_ln58_3286 = sext i19 %add_ln58_4878" [firmware/nnet_utils/nnet_dense_latency.h:58]   --->   Operation 270 'sext' 'sext_ln58_3286' <Predicate = true> <Delay = 0.00>
ST_4 : Operation 271 [1/1] (0.00ns) (grouped into TernaryAdder)   --->   "%add_ln58_4879 = add i21 %sext_ln17_4823, i21 %sext_ln17_4839" [firmware/nnet_utils/nnet_dense_latency.h:58]   --->   Operation 271 'add' 'add_ln58_4879' <Predicate = true> <Delay = 0.00> <CoreInst = "TAddSub">   --->   Core 10 'TAddSub' <Latency = 0> <II = 1> <Delay = 2.03> <IPBlock> <Opcode : '<invalid operator> ' 'add' 'sub'> <InPorts = 3> <OutPorts = 1> <Sync> <CReg>
ST_4 : Operation 272 [1/1] (4.04ns) (root node of TernaryAdder)   --->   "%add_ln58_4880 = add i21 %add_ln58_4879, i21 %sext_ln58_3286" [firmware/nnet_utils/nnet_dense_latency.h:58]   --->   Operation 272 'add' 'add_ln58_4880' <Predicate = true> <Delay = 4.04> <CoreInst = "TAddSub">   --->   Core 10 'TAddSub' <Latency = 0> <II = 1> <Delay = 2.03> <IPBlock> <Opcode : '<invalid operator> ' 'add' 'sub'> <InPorts = 3> <OutPorts = 1> <Sync> <CReg>
ST_4 : Operation 273 [1/1] (0.00ns) (grouped into TernaryAdder)   --->   "%add_ln58_4910 = add i21 %sext_ln17_4792, i21 %sext_ln17_4808" [firmware/nnet_utils/nnet_dense_latency.h:58]   --->   Operation 273 'add' 'add_ln58_4910' <Predicate = true> <Delay = 0.00> <CoreInst = "TAddSub">   --->   Core 10 'TAddSub' <Latency = 0> <II = 1> <Delay = 2.03> <IPBlock> <Opcode : '<invalid operator> ' 'add' 'sub'> <InPorts = 3> <OutPorts = 1> <Sync> <CReg>
ST_4 : Operation 274 [1/1] (2.13ns)   --->   "%add_ln58_4911 = add i19 %sext_ln17_4824, i19 %sext_ln17_4840" [firmware/nnet_utils/nnet_dense_latency.h:58]   --->   Operation 274 'add' 'add_ln58_4911' <Predicate = true> <Delay = 2.13> <CoreInst = "Adder">   --->   Core 1 'Adder' <Latency = 0> <II = 1> <Delay = 2.13> <FuncUnit> <Opcode : 'add' 'sub'> <InPorts = 2> <OutPorts = 1>
ST_4 : Operation 275 [1/1] (0.00ns)   --->   "%sext_ln58_3312 = sext i19 %add_ln58_4911" [firmware/nnet_utils/nnet_dense_latency.h:58]   --->   Operation 275 'sext' 'sext_ln58_3312' <Predicate = true> <Delay = 0.00>
ST_4 : Operation 276 [1/1] (4.04ns) (root node of TernaryAdder)   --->   "%add_ln58_4912 = add i21 %sext_ln58_3312, i21 %add_ln58_4910" [firmware/nnet_utils/nnet_dense_latency.h:58]   --->   Operation 276 'add' 'add_ln58_4912' <Predicate = true> <Delay = 4.04> <CoreInst = "TAddSub">   --->   Core 10 'TAddSub' <Latency = 0> <II = 1> <Delay = 2.03> <IPBlock> <Opcode : '<invalid operator> ' 'add' 'sub'> <InPorts = 3> <OutPorts = 1> <Sync> <CReg>
ST_4 : Operation 277 [1/1] (0.00ns)   --->   "%sext_ln58_3338 = sext i21 %add_ln58_4942" [firmware/nnet_utils/nnet_dense_latency.h:58]   --->   Operation 277 'sext' 'sext_ln58_3338' <Predicate = true> <Delay = 0.00>
ST_4 : Operation 278 [1/1] (2.19ns)   --->   "%add_ln58_4943 = add i21 %sext_ln17_4825, i21 %sext_ln17_4841" [firmware/nnet_utils/nnet_dense_latency.h:58]   --->   Operation 278 'add' 'add_ln58_4943' <Predicate = true> <Delay = 2.19> <CoreInst = "Adder">   --->   Core 1 'Adder' <Latency = 0> <II = 1> <Delay = 2.19> <FuncUnit> <Opcode : 'add' 'sub'> <InPorts = 2> <OutPorts = 1>
ST_4 : Operation 279 [1/1] (0.00ns)   --->   "%sext_ln58_3339 = sext i21 %add_ln58_4943" [firmware/nnet_utils/nnet_dense_latency.h:58]   --->   Operation 279 'sext' 'sext_ln58_3339' <Predicate = true> <Delay = 0.00>
ST_4 : Operation 280 [1/1] (2.22ns)   --->   "%add_ln58_4944 = add i22 %sext_ln58_3339, i22 %sext_ln58_3338" [firmware/nnet_utils/nnet_dense_latency.h:58]   --->   Operation 280 'add' 'add_ln58_4944' <Predicate = true> <Delay = 2.22> <CoreInst = "Adder">   --->   Core 1 'Adder' <Latency = 0> <II = 1> <Delay = 2.22> <FuncUnit> <Opcode : 'add' 'sub'> <InPorts = 2> <OutPorts = 1>
ST_4 : Operation 281 [1/1] (2.19ns)   --->   "%add_ln58_4975 = add i21 %sext_ln17_4826, i21 %sext_ln17_4842" [firmware/nnet_utils/nnet_dense_latency.h:58]   --->   Operation 281 'add' 'add_ln58_4975' <Predicate = true> <Delay = 2.19> <CoreInst = "Adder">   --->   Core 1 'Adder' <Latency = 0> <II = 1> <Delay = 2.19> <FuncUnit> <Opcode : 'add' 'sub'> <InPorts = 2> <OutPorts = 1>
ST_4 : Operation 282 [1/1] (0.00ns)   --->   "%sext_ln58_3395 = sext i20 %add_ln58_5006" [firmware/nnet_utils/nnet_dense_latency.h:58]   --->   Operation 282 'sext' 'sext_ln58_3395' <Predicate = true> <Delay = 0.00>
ST_4 : Operation 283 [1/1] (0.00ns) (grouped into TernaryAdder)   --->   "%add_ln58_5007 = add i21 %sext_ln17_4827, i21 %sext_ln17_4843" [firmware/nnet_utils/nnet_dense_latency.h:58]   --->   Operation 283 'add' 'add_ln58_5007' <Predicate = true> <Delay = 0.00> <CoreInst = "TAddSub">   --->   Core 10 'TAddSub' <Latency = 0> <II = 1> <Delay = 2.03> <IPBlock> <Opcode : '<invalid operator> ' 'add' 'sub'> <InPorts = 3> <OutPorts = 1> <Sync> <CReg>
ST_4 : Operation 284 [1/1] (4.04ns) (root node of TernaryAdder)   --->   "%add_ln58_5008 = add i21 %add_ln58_5007, i21 %sext_ln58_3395" [firmware/nnet_utils/nnet_dense_latency.h:58]   --->   Operation 284 'add' 'add_ln58_5008' <Predicate = true> <Delay = 4.04> <CoreInst = "TAddSub">   --->   Core 10 'TAddSub' <Latency = 0> <II = 1> <Delay = 2.03> <IPBlock> <Opcode : '<invalid operator> ' 'add' 'sub'> <InPorts = 3> <OutPorts = 1> <Sync> <CReg>
ST_4 : Operation 285 [1/1] (0.00ns)   --->   "%sext_ln58_3421 = sext i21 %add_ln58_5038" [firmware/nnet_utils/nnet_dense_latency.h:58]   --->   Operation 285 'sext' 'sext_ln58_3421' <Predicate = true> <Delay = 0.00>
ST_4 : Operation 286 [1/1] (2.19ns)   --->   "%add_ln58_5039 = add i21 %sext_ln17_4828, i21 %sext_ln17_4844" [firmware/nnet_utils/nnet_dense_latency.h:58]   --->   Operation 286 'add' 'add_ln58_5039' <Predicate = true> <Delay = 2.19> <CoreInst = "Adder">   --->   Core 1 'Adder' <Latency = 0> <II = 1> <Delay = 2.19> <FuncUnit> <Opcode : 'add' 'sub'> <InPorts = 2> <OutPorts = 1>
ST_4 : Operation 287 [1/1] (0.00ns)   --->   "%sext_ln58_3422 = sext i21 %add_ln58_5039" [firmware/nnet_utils/nnet_dense_latency.h:58]   --->   Operation 287 'sext' 'sext_ln58_3422' <Predicate = true> <Delay = 0.00>
ST_4 : Operation 288 [1/1] (2.22ns)   --->   "%add_ln58_5040 = add i22 %sext_ln58_3422, i22 %sext_ln58_3421" [firmware/nnet_utils/nnet_dense_latency.h:58]   --->   Operation 288 'add' 'add_ln58_5040' <Predicate = true> <Delay = 2.22> <CoreInst = "Adder">   --->   Core 1 'Adder' <Latency = 0> <II = 1> <Delay = 2.22> <FuncUnit> <Opcode : 'add' 'sub'> <InPorts = 2> <OutPorts = 1>
ST_4 : Operation 289 [1/1] (0.00ns)   --->   "%sext_ln58_3450 = sext i21 %add_ln58_5070" [firmware/nnet_utils/nnet_dense_latency.h:58]   --->   Operation 289 'sext' 'sext_ln58_3450' <Predicate = true> <Delay = 0.00>
ST_4 : Operation 290 [1/1] (2.19ns)   --->   "%add_ln58_5071 = add i21 %sext_ln17_4829, i21 %sext_ln17_4845" [firmware/nnet_utils/nnet_dense_latency.h:58]   --->   Operation 290 'add' 'add_ln58_5071' <Predicate = true> <Delay = 2.19> <CoreInst = "Adder">   --->   Core 1 'Adder' <Latency = 0> <II = 1> <Delay = 2.19> <FuncUnit> <Opcode : 'add' 'sub'> <InPorts = 2> <OutPorts = 1>
ST_4 : Operation 291 [1/1] (0.00ns)   --->   "%sext_ln58_3451 = sext i21 %add_ln58_5071" [firmware/nnet_utils/nnet_dense_latency.h:58]   --->   Operation 291 'sext' 'sext_ln58_3451' <Predicate = true> <Delay = 0.00>
ST_4 : Operation 292 [1/1] (2.22ns)   --->   "%add_ln58_5072 = add i22 %sext_ln58_3451, i22 %sext_ln58_3450" [firmware/nnet_utils/nnet_dense_latency.h:58]   --->   Operation 292 'add' 'add_ln58_5072' <Predicate = true> <Delay = 2.22> <CoreInst = "Adder">   --->   Core 1 'Adder' <Latency = 0> <II = 1> <Delay = 2.22> <FuncUnit> <Opcode : 'add' 'sub'> <InPorts = 2> <OutPorts = 1>
ST_4 : Operation 293 [1/1] (0.00ns)   --->   "%sext_ln58_3479 = sext i20 %add_ln58_5102" [firmware/nnet_utils/nnet_dense_latency.h:58]   --->   Operation 293 'sext' 'sext_ln58_3479' <Predicate = true> <Delay = 0.00>
ST_4 : Operation 294 [1/1] (2.19ns)   --->   "%add_ln58_5103 = add i21 %sext_ln17_4830, i21 %sext_ln17_4846" [firmware/nnet_utils/nnet_dense_latency.h:58]   --->   Operation 294 'add' 'add_ln58_5103' <Predicate = true> <Delay = 2.19> <CoreInst = "Adder">   --->   Core 1 'Adder' <Latency = 0> <II = 1> <Delay = 2.19> <FuncUnit> <Opcode : 'add' 'sub'> <InPorts = 2> <OutPorts = 1>
ST_4 : Operation 295 [1/1] (0.00ns)   --->   "%sext_ln58_3480 = sext i21 %add_ln58_5103" [firmware/nnet_utils/nnet_dense_latency.h:58]   --->   Operation 295 'sext' 'sext_ln58_3480' <Predicate = true> <Delay = 0.00>
ST_4 : Operation 296 [1/1] (2.22ns)   --->   "%add_ln58_5104 = add i22 %sext_ln58_3480, i22 %sext_ln58_3479" [firmware/nnet_utils/nnet_dense_latency.h:58]   --->   Operation 296 'add' 'add_ln58_5104' <Predicate = true> <Delay = 2.22> <CoreInst = "Adder">   --->   Core 1 'Adder' <Latency = 0> <II = 1> <Delay = 2.22> <FuncUnit> <Opcode : 'add' 'sub'> <InPorts = 2> <OutPorts = 1>
ST_4 : Operation 297 [1/1] (0.00ns)   --->   "%sext_ln58_3507 = sext i20 %add_ln58_5134" [firmware/nnet_utils/nnet_dense_latency.h:58]   --->   Operation 297 'sext' 'sext_ln58_3507' <Predicate = true> <Delay = 0.00>
ST_4 : Operation 298 [1/1] (0.00ns) (grouped into TernaryAdder)   --->   "%add_ln58_5135 = add i21 %sext_ln17_4831, i21 %sext_ln17_4847" [firmware/nnet_utils/nnet_dense_latency.h:58]   --->   Operation 298 'add' 'add_ln58_5135' <Predicate = true> <Delay = 0.00> <CoreInst = "TAddSub">   --->   Core 10 'TAddSub' <Latency = 0> <II = 1> <Delay = 2.03> <IPBlock> <Opcode : '<invalid operator> ' 'add' 'sub'> <InPorts = 3> <OutPorts = 1> <Sync> <CReg>
ST_4 : Operation 299 [1/1] (4.04ns) (root node of TernaryAdder)   --->   "%add_ln58_5136 = add i21 %add_ln58_5135, i21 %sext_ln58_3507" [firmware/nnet_utils/nnet_dense_latency.h:58]   --->   Operation 299 'add' 'add_ln58_5136' <Predicate = true> <Delay = 4.04> <CoreInst = "TAddSub">   --->   Core 10 'TAddSub' <Latency = 0> <II = 1> <Delay = 2.03> <IPBlock> <Opcode : '<invalid operator> ' 'add' 'sub'> <InPorts = 3> <OutPorts = 1> <Sync> <CReg>
ST_4 : Operation 300 [1/1] (0.00ns)   --->   "%sext_ln58_3534 = sext i21 %add_ln58_5166" [firmware/nnet_utils/nnet_dense_latency.h:58]   --->   Operation 300 'sext' 'sext_ln58_3534' <Predicate = true> <Delay = 0.00>
ST_4 : Operation 301 [1/1] (2.19ns)   --->   "%add_ln58_5167 = add i21 %sext_ln17_4832, i21 %sext_ln17_4848" [firmware/nnet_utils/nnet_dense_latency.h:58]   --->   Operation 301 'add' 'add_ln58_5167' <Predicate = true> <Delay = 2.19> <CoreInst = "Adder">   --->   Core 1 'Adder' <Latency = 0> <II = 1> <Delay = 2.19> <FuncUnit> <Opcode : 'add' 'sub'> <InPorts = 2> <OutPorts = 1>
ST_4 : Operation 302 [1/1] (0.00ns)   --->   "%sext_ln58_3535 = sext i21 %add_ln58_5167" [firmware/nnet_utils/nnet_dense_latency.h:58]   --->   Operation 302 'sext' 'sext_ln58_3535' <Predicate = true> <Delay = 0.00>
ST_4 : Operation 303 [1/1] (2.22ns)   --->   "%add_ln58_5168 = add i22 %sext_ln58_3535, i22 %sext_ln58_3534" [firmware/nnet_utils/nnet_dense_latency.h:58]   --->   Operation 303 'add' 'add_ln58_5168' <Predicate = true> <Delay = 2.22> <CoreInst = "Adder">   --->   Core 1 'Adder' <Latency = 0> <II = 1> <Delay = 2.22> <FuncUnit> <Opcode : 'add' 'sub'> <InPorts = 2> <OutPorts = 1>
ST_4 : Operation 304 [1/1] (0.00ns)   --->   "%sext_ln58_3560 = sext i20 %add_ln58_5198" [firmware/nnet_utils/nnet_dense_latency.h:58]   --->   Operation 304 'sext' 'sext_ln58_3560' <Predicate = true> <Delay = 0.00>
ST_4 : Operation 305 [1/1] (2.13ns)   --->   "%add_ln58_5199 = add i19 %sext_ln17_4833, i19 %sext_ln17_4849" [firmware/nnet_utils/nnet_dense_latency.h:58]   --->   Operation 305 'add' 'add_ln58_5199' <Predicate = true> <Delay = 2.13> <CoreInst = "Adder">   --->   Core 1 'Adder' <Latency = 0> <II = 1> <Delay = 2.13> <FuncUnit> <Opcode : 'add' 'sub'> <InPorts = 2> <OutPorts = 1>
ST_4 : Operation 306 [1/1] (0.00ns)   --->   "%sext_ln58_3561 = sext i19 %add_ln58_5199" [firmware/nnet_utils/nnet_dense_latency.h:58]   --->   Operation 306 'sext' 'sext_ln58_3561' <Predicate = true> <Delay = 0.00>
ST_4 : Operation 307 [1/1] (2.19ns)   --->   "%add_ln58_5200 = add i21 %sext_ln58_3561, i21 %sext_ln58_3560" [firmware/nnet_utils/nnet_dense_latency.h:58]   --->   Operation 307 'add' 'add_ln58_5200' <Predicate = true> <Delay = 2.19> <CoreInst = "Adder">   --->   Core 1 'Adder' <Latency = 0> <II = 1> <Delay = 2.19> <FuncUnit> <Opcode : 'add' 'sub'> <InPorts = 2> <OutPorts = 1>
ST_4 : Operation 308 [1/1] (0.00ns)   --->   "%sext_ln58_3586 = sext i21 %add_ln58_5230" [firmware/nnet_utils/nnet_dense_latency.h:58]   --->   Operation 308 'sext' 'sext_ln58_3586' <Predicate = true> <Delay = 0.00>
ST_4 : Operation 309 [1/1] (2.19ns)   --->   "%add_ln58_5231 = add i21 %sext_ln17_4834, i21 %sext_ln17_4850" [firmware/nnet_utils/nnet_dense_latency.h:58]   --->   Operation 309 'add' 'add_ln58_5231' <Predicate = true> <Delay = 2.19> <CoreInst = "Adder">   --->   Core 1 'Adder' <Latency = 0> <II = 1> <Delay = 2.19> <FuncUnit> <Opcode : 'add' 'sub'> <InPorts = 2> <OutPorts = 1>
ST_4 : Operation 310 [1/1] (0.00ns)   --->   "%sext_ln58_3587 = sext i21 %add_ln58_5231" [firmware/nnet_utils/nnet_dense_latency.h:58]   --->   Operation 310 'sext' 'sext_ln58_3587' <Predicate = true> <Delay = 0.00>
ST_4 : Operation 311 [1/1] (2.22ns)   --->   "%add_ln58_5232 = add i22 %sext_ln58_3587, i22 %sext_ln58_3586" [firmware/nnet_utils/nnet_dense_latency.h:58]   --->   Operation 311 'add' 'add_ln58_5232' <Predicate = true> <Delay = 2.22> <CoreInst = "Adder">   --->   Core 1 'Adder' <Latency = 0> <II = 1> <Delay = 2.22> <FuncUnit> <Opcode : 'add' 'sub'> <InPorts = 2> <OutPorts = 1>
ST_4 : Operation 312 [1/1] (0.00ns)   --->   "%sext_ln58_3617 = sext i21 %add_ln58_5262" [firmware/nnet_utils/nnet_dense_latency.h:58]   --->   Operation 312 'sext' 'sext_ln58_3617' <Predicate = true> <Delay = 0.00>
ST_4 : Operation 313 [1/1] (2.19ns)   --->   "%add_ln58_5263 = add i21 %sext_ln17_4835, i21 %sext_ln17_4851" [firmware/nnet_utils/nnet_dense_latency.h:58]   --->   Operation 313 'add' 'add_ln58_5263' <Predicate = true> <Delay = 2.19> <CoreInst = "Adder">   --->   Core 1 'Adder' <Latency = 0> <II = 1> <Delay = 2.19> <FuncUnit> <Opcode : 'add' 'sub'> <InPorts = 2> <OutPorts = 1>
ST_4 : Operation 314 [1/1] (0.00ns)   --->   "%sext_ln58_3618 = sext i21 %add_ln58_5263" [firmware/nnet_utils/nnet_dense_latency.h:58]   --->   Operation 314 'sext' 'sext_ln58_3618' <Predicate = true> <Delay = 0.00>
ST_4 : Operation 315 [1/1] (2.22ns)   --->   "%add_ln58_5264 = add i22 %sext_ln58_3618, i22 %sext_ln58_3617" [firmware/nnet_utils/nnet_dense_latency.h:58]   --->   Operation 315 'add' 'add_ln58_5264' <Predicate = true> <Delay = 2.22> <CoreInst = "Adder">   --->   Core 1 'Adder' <Latency = 0> <II = 1> <Delay = 2.22> <FuncUnit> <Opcode : 'add' 'sub'> <InPorts = 2> <OutPorts = 1>
ST_4 : Operation 316 [1/1] (0.00ns)   --->   "%sext_ln58_3645 = sext i20 %add_ln58_5294" [firmware/nnet_utils/nnet_dense_latency.h:58]   --->   Operation 316 'sext' 'sext_ln58_3645' <Predicate = true> <Delay = 0.00>
ST_4 : Operation 317 [1/1] (2.19ns)   --->   "%add_ln58_5295 = add i21 %sext_ln17_4836, i21 %sext_ln17_4852" [firmware/nnet_utils/nnet_dense_latency.h:58]   --->   Operation 317 'add' 'add_ln58_5295' <Predicate = true> <Delay = 2.19> <CoreInst = "Adder">   --->   Core 1 'Adder' <Latency = 0> <II = 1> <Delay = 2.19> <FuncUnit> <Opcode : 'add' 'sub'> <InPorts = 2> <OutPorts = 1>
ST_4 : Operation 318 [1/1] (0.00ns)   --->   "%sext_ln58_3646 = sext i21 %add_ln58_5295" [firmware/nnet_utils/nnet_dense_latency.h:58]   --->   Operation 318 'sext' 'sext_ln58_3646' <Predicate = true> <Delay = 0.00>
ST_4 : Operation 319 [1/1] (2.22ns)   --->   "%add_ln58_5296 = add i22 %sext_ln58_3646, i22 %sext_ln58_3645" [firmware/nnet_utils/nnet_dense_latency.h:58]   --->   Operation 319 'add' 'add_ln58_5296' <Predicate = true> <Delay = 2.22> <CoreInst = "Adder">   --->   Core 1 'Adder' <Latency = 0> <II = 1> <Delay = 2.22> <FuncUnit> <Opcode : 'add' 'sub'> <InPorts = 2> <OutPorts = 1>

State 5 <SV = 4> <Delay = 7.77>
ST_5 : Operation 320 [1/1] (0.00ns)   --->   "%data_5_val_read = read i16 @_ssdm_op_Read.ap_auto.i16, i16 %data_5_val" [firmware/nnet_utils/nnet_mult.h:70->firmware/nnet_utils/nnet_dense_latency.h:42]   --->   Operation 320 'read' 'data_5_val_read' <Predicate = true> <Delay = 0.00>
ST_5 : Operation 321 [1/1] (0.00ns)   --->   "%data_4_val_read = read i16 @_ssdm_op_Read.ap_auto.i16, i16 %data_4_val" [firmware/nnet_utils/nnet_mult.h:70->firmware/nnet_utils/nnet_dense_latency.h:42]   --->   Operation 321 'read' 'data_4_val_read' <Predicate = true> <Delay = 0.00>
ST_5 : Operation 322 [1/1] (0.00ns)   --->   "%sext_ln70_498 = sext i16 %data_4_val_read" [firmware/nnet_utils/nnet_mult.h:70->firmware/nnet_utils/nnet_dense_latency.h:42]   --->   Operation 322 'sext' 'sext_ln70_498' <Predicate = true> <Delay = 0.00>
ST_5 : Operation 323 [1/1] (0.00ns)   --->   "%sext_ln70_499 = sext i16 %data_4_val_read" [firmware/nnet_utils/nnet_mult.h:70->firmware/nnet_utils/nnet_dense_latency.h:42]   --->   Operation 323 'sext' 'sext_ln70_499' <Predicate = true> <Delay = 0.00>
ST_5 : Operation 324 [1/1] (0.00ns)   --->   "%sext_ln70_500 = sext i16 %data_4_val_read" [firmware/nnet_utils/nnet_mult.h:70->firmware/nnet_utils/nnet_dense_latency.h:42]   --->   Operation 324 'sext' 'sext_ln70_500' <Predicate = true> <Delay = 0.00>
ST_5 : Operation 325 [1/1] (0.00ns)   --->   "%sext_ln70_501 = sext i16 %data_4_val_read" [firmware/nnet_utils/nnet_mult.h:70->firmware/nnet_utils/nnet_dense_latency.h:42]   --->   Operation 325 'sext' 'sext_ln70_501' <Predicate = true> <Delay = 0.00>
ST_5 : Operation 326 [1/1] (0.00ns)   --->   "%sext_ln70_502 = sext i16 %data_4_val_read" [firmware/nnet_utils/nnet_mult.h:70->firmware/nnet_utils/nnet_dense_latency.h:42]   --->   Operation 326 'sext' 'sext_ln70_502' <Predicate = true> <Delay = 0.00>
ST_5 : Operation 327 [1/1] (0.00ns)   --->   "%sext_ln70_503 = sext i16 %data_4_val_read" [firmware/nnet_utils/nnet_mult.h:70->firmware/nnet_utils/nnet_dense_latency.h:42]   --->   Operation 327 'sext' 'sext_ln70_503' <Predicate = true> <Delay = 0.00>
ST_5 : Operation 328 [1/1] (5.58ns)   --->   "%mul_ln73_4701 = mul i29 %sext_ln70_503, i29 2460" [firmware/nnet_utils/nnet_mult.h:73->firmware/nnet_utils/nnet_dense_latency.h:42]   --->   Operation 328 'mul' 'mul_ln73_4701' <Predicate = true> <Delay = 5.58> <CoreInst = "Multiplier">   --->   Core 3 'Multiplier' <Latency = 0> <II = 1> <Delay = 5.58> <FuncUnit> <Opcode : 'mul'> <InPorts = 2> <OutPorts = 1>
ST_5 : Operation 329 [1/1] (0.00ns)   --->   "%mult_4849 = partselect i19 @_ssdm_op_PartSelect.i19.i29.i32.i32, i29 %mul_ln73_4701, i32 10, i32 28" [firmware/nnet_utils/nnet_dense_latency.h:42]   --->   Operation 329 'partselect' 'mult_4849' <Predicate = true> <Delay = 0.00>
ST_5 : Operation 330 [1/1] (0.00ns)   --->   "%sext_ln17_4853 = sext i19 %mult_4849" [firmware/nnet_utils/nnet_dense_latency.h:17]   --->   Operation 330 'sext' 'sext_ln17_4853' <Predicate = true> <Delay = 0.00>
ST_5 : Operation 331 [1/1] (5.58ns)   --->   "%mul_ln73_4702 = mul i30 %sext_ln70_502, i30 1073736357" [firmware/nnet_utils/nnet_mult.h:73->firmware/nnet_utils/nnet_dense_latency.h:42]   --->   Operation 331 'mul' 'mul_ln73_4702' <Predicate = true> <Delay = 5.58> <CoreInst = "Multiplier">   --->   Core 3 'Multiplier' <Latency = 0> <II = 1> <Delay = 5.58> <FuncUnit> <Opcode : 'mul'> <InPorts = 2> <OutPorts = 1>
ST_5 : Operation 332 [1/1] (0.00ns)   --->   "%mult_4850 = partselect i20 @_ssdm_op_PartSelect.i20.i30.i32.i32, i30 %mul_ln73_4702, i32 10, i32 29" [firmware/nnet_utils/nnet_dense_latency.h:42]   --->   Operation 332 'partselect' 'mult_4850' <Predicate = true> <Delay = 0.00>
ST_5 : Operation 333 [1/1] (5.58ns)   --->   "%mul_ln73_4703 = mul i30 %sext_ln70_502, i30 1073736902" [firmware/nnet_utils/nnet_mult.h:73->firmware/nnet_utils/nnet_dense_latency.h:42]   --->   Operation 333 'mul' 'mul_ln73_4703' <Predicate = true> <Delay = 5.58> <CoreInst = "Multiplier">   --->   Core 3 'Multiplier' <Latency = 0> <II = 1> <Delay = 5.58> <FuncUnit> <Opcode : 'mul'> <InPorts = 2> <OutPorts = 1>
ST_5 : Operation 334 [1/1] (0.00ns)   --->   "%mult_4851 = partselect i20 @_ssdm_op_PartSelect.i20.i30.i32.i32, i30 %mul_ln73_4703, i32 10, i32 29" [firmware/nnet_utils/nnet_dense_latency.h:42]   --->   Operation 334 'partselect' 'mult_4851' <Predicate = true> <Delay = 0.00>
ST_5 : Operation 335 [1/1] (5.58ns)   --->   "%mul_ln73_4704 = mul i30 %sext_ln70_502, i30 4529" [firmware/nnet_utils/nnet_mult.h:73->firmware/nnet_utils/nnet_dense_latency.h:42]   --->   Operation 335 'mul' 'mul_ln73_4704' <Predicate = true> <Delay = 5.58> <CoreInst = "Multiplier">   --->   Core 3 'Multiplier' <Latency = 0> <II = 1> <Delay = 5.58> <FuncUnit> <Opcode : 'mul'> <InPorts = 2> <OutPorts = 1>
ST_5 : Operation 336 [1/1] (0.00ns)   --->   "%mult_4852 = partselect i20 @_ssdm_op_PartSelect.i20.i30.i32.i32, i30 %mul_ln73_4704, i32 10, i32 29" [firmware/nnet_utils/nnet_dense_latency.h:42]   --->   Operation 336 'partselect' 'mult_4852' <Predicate = true> <Delay = 0.00>
ST_5 : Operation 337 [1/1] (5.58ns)   --->   "%mul_ln73_4705 = mul i30 %sext_ln70_502, i30 1073737124" [firmware/nnet_utils/nnet_mult.h:73->firmware/nnet_utils/nnet_dense_latency.h:42]   --->   Operation 337 'mul' 'mul_ln73_4705' <Predicate = true> <Delay = 5.58> <CoreInst = "Multiplier">   --->   Core 3 'Multiplier' <Latency = 0> <II = 1> <Delay = 5.58> <FuncUnit> <Opcode : 'mul'> <InPorts = 2> <OutPorts = 1>
ST_5 : Operation 338 [1/1] (0.00ns)   --->   "%mult_4853 = partselect i20 @_ssdm_op_PartSelect.i20.i30.i32.i32, i30 %mul_ln73_4705, i32 10, i32 29" [firmware/nnet_utils/nnet_dense_latency.h:42]   --->   Operation 338 'partselect' 'mult_4853' <Predicate = true> <Delay = 0.00>
ST_5 : Operation 339 [1/1] (5.58ns)   --->   "%mul_ln73_4706 = mul i29 %sext_ln70_503, i29 3785" [firmware/nnet_utils/nnet_mult.h:73->firmware/nnet_utils/nnet_dense_latency.h:42]   --->   Operation 339 'mul' 'mul_ln73_4706' <Predicate = true> <Delay = 5.58> <CoreInst = "Multiplier">   --->   Core 3 'Multiplier' <Latency = 0> <II = 1> <Delay = 5.58> <FuncUnit> <Opcode : 'mul'> <InPorts = 2> <OutPorts = 1>
ST_5 : Operation 340 [1/1] (0.00ns)   --->   "%mult_4854 = partselect i19 @_ssdm_op_PartSelect.i19.i29.i32.i32, i29 %mul_ln73_4706, i32 10, i32 28" [firmware/nnet_utils/nnet_dense_latency.h:42]   --->   Operation 340 'partselect' 'mult_4854' <Predicate = true> <Delay = 0.00>
ST_5 : Operation 341 [1/1] (5.58ns)   --->   "%mul_ln73_4707 = mul i26 %sext_ln70_501, i26 67108460" [firmware/nnet_utils/nnet_mult.h:73->firmware/nnet_utils/nnet_dense_latency.h:42]   --->   Operation 341 'mul' 'mul_ln73_4707' <Predicate = true> <Delay = 5.58> <CoreInst = "Multiplier">   --->   Core 3 'Multiplier' <Latency = 0> <II = 1> <Delay = 5.58> <FuncUnit> <Opcode : 'mul'> <InPorts = 2> <OutPorts = 1>
ST_5 : Operation 342 [1/1] (0.00ns)   --->   "%mult_4855 = partselect i16 @_ssdm_op_PartSelect.i16.i26.i32.i32, i26 %mul_ln73_4707, i32 10, i32 25" [firmware/nnet_utils/nnet_dense_latency.h:42]   --->   Operation 342 'partselect' 'mult_4855' <Predicate = true> <Delay = 0.00>
ST_5 : Operation 343 [1/1] (5.58ns)   --->   "%mul_ln73_4708 = mul i30 %sext_ln70_502, i30 5185" [firmware/nnet_utils/nnet_mult.h:73->firmware/nnet_utils/nnet_dense_latency.h:42]   --->   Operation 343 'mul' 'mul_ln73_4708' <Predicate = true> <Delay = 5.58> <CoreInst = "Multiplier">   --->   Core 3 'Multiplier' <Latency = 0> <II = 1> <Delay = 5.58> <FuncUnit> <Opcode : 'mul'> <InPorts = 2> <OutPorts = 1>
ST_5 : Operation 344 [1/1] (0.00ns)   --->   "%mult_4856 = partselect i20 @_ssdm_op_PartSelect.i20.i30.i32.i32, i30 %mul_ln73_4708, i32 10, i32 29" [firmware/nnet_utils/nnet_dense_latency.h:42]   --->   Operation 344 'partselect' 'mult_4856' <Predicate = true> <Delay = 0.00>
ST_5 : Operation 345 [1/1] (5.58ns)   --->   "%mul_ln73_4709 = mul i28 %sext_ln70_500, i28 268433913" [firmware/nnet_utils/nnet_mult.h:73->firmware/nnet_utils/nnet_dense_latency.h:42]   --->   Operation 345 'mul' 'mul_ln73_4709' <Predicate = true> <Delay = 5.58> <CoreInst = "Multiplier">   --->   Core 3 'Multiplier' <Latency = 0> <II = 1> <Delay = 5.58> <FuncUnit> <Opcode : 'mul'> <InPorts = 2> <OutPorts = 1>
ST_5 : Operation 346 [1/1] (0.00ns)   --->   "%mult_4857 = partselect i18 @_ssdm_op_PartSelect.i18.i28.i32.i32, i28 %mul_ln73_4709, i32 10, i32 27" [firmware/nnet_utils/nnet_dense_latency.h:42]   --->   Operation 346 'partselect' 'mult_4857' <Predicate = true> <Delay = 0.00>
ST_5 : Operation 347 [1/1] (5.58ns)   --->   "%mul_ln73_4710 = mul i29 %sext_ln70_503, i29 3281" [firmware/nnet_utils/nnet_mult.h:73->firmware/nnet_utils/nnet_dense_latency.h:42]   --->   Operation 347 'mul' 'mul_ln73_4710' <Predicate = true> <Delay = 5.58> <CoreInst = "Multiplier">   --->   Core 3 'Multiplier' <Latency = 0> <II = 1> <Delay = 5.58> <FuncUnit> <Opcode : 'mul'> <InPorts = 2> <OutPorts = 1>
ST_5 : Operation 348 [1/1] (0.00ns)   --->   "%mult_4858 = partselect i19 @_ssdm_op_PartSelect.i19.i29.i32.i32, i29 %mul_ln73_4710, i32 10, i32 28" [firmware/nnet_utils/nnet_dense_latency.h:42]   --->   Operation 348 'partselect' 'mult_4858' <Predicate = true> <Delay = 0.00>
ST_5 : Operation 349 [1/1] (2.07ns)   --->   "%sub_ln73 = sub i17 0, i17 %sext_ln70_499" [firmware/nnet_utils/nnet_mult.h:73->firmware/nnet_utils/nnet_dense_latency.h:42]   --->   Operation 349 'sub' 'sub_ln73' <Predicate = true> <Delay = 2.07> <CoreInst = "Adder">   --->   Core 1 'Adder' <Latency = 0> <II = 1> <Delay = 2.07> <FuncUnit> <Opcode : 'add' 'sub'> <InPorts = 2> <OutPorts = 1>
ST_5 : Operation 350 [1/1] (0.00ns)   --->   "%mult_4859 = partselect i7 @_ssdm_op_PartSelect.i7.i17.i32.i32, i17 %sub_ln73, i32 10, i32 16" [firmware/nnet_utils/nnet_dense_latency.h:42]   --->   Operation 350 'partselect' 'mult_4859' <Predicate = true> <Delay = 0.00>
ST_5 : Operation 351 [1/1] (5.58ns)   --->   "%mul_ln73_4711 = mul i29 %sext_ln70_503, i29 536867420" [firmware/nnet_utils/nnet_mult.h:73->firmware/nnet_utils/nnet_dense_latency.h:42]   --->   Operation 351 'mul' 'mul_ln73_4711' <Predicate = true> <Delay = 5.58> <CoreInst = "Multiplier">   --->   Core 3 'Multiplier' <Latency = 0> <II = 1> <Delay = 5.58> <FuncUnit> <Opcode : 'mul'> <InPorts = 2> <OutPorts = 1>
ST_5 : Operation 352 [1/1] (0.00ns)   --->   "%mult_4860 = partselect i19 @_ssdm_op_PartSelect.i19.i29.i32.i32, i29 %mul_ln73_4711, i32 10, i32 28" [firmware/nnet_utils/nnet_dense_latency.h:42]   --->   Operation 352 'partselect' 'mult_4860' <Predicate = true> <Delay = 0.00>
ST_5 : Operation 353 [1/1] (5.58ns)   --->   "%mul_ln73_4712 = mul i27 %sext_ln70_498, i27 848" [firmware/nnet_utils/nnet_mult.h:73->firmware/nnet_utils/nnet_dense_latency.h:42]   --->   Operation 353 'mul' 'mul_ln73_4712' <Predicate = true> <Delay = 5.58> <CoreInst = "Multiplier">   --->   Core 3 'Multiplier' <Latency = 0> <II = 1> <Delay = 5.58> <FuncUnit> <Opcode : 'mul'> <InPorts = 2> <OutPorts = 1>
ST_5 : Operation 354 [1/1] (0.00ns)   --->   "%mult_4861 = partselect i17 @_ssdm_op_PartSelect.i17.i27.i32.i32, i27 %mul_ln73_4712, i32 10, i32 26" [firmware/nnet_utils/nnet_dense_latency.h:42]   --->   Operation 354 'partselect' 'mult_4861' <Predicate = true> <Delay = 0.00>
ST_5 : Operation 355 [1/1] (5.58ns)   --->   "%mul_ln73_4713 = mul i30 %sext_ln70_502, i30 4144" [firmware/nnet_utils/nnet_mult.h:73->firmware/nnet_utils/nnet_dense_latency.h:42]   --->   Operation 355 'mul' 'mul_ln73_4713' <Predicate = true> <Delay = 5.58> <CoreInst = "Multiplier">   --->   Core 3 'Multiplier' <Latency = 0> <II = 1> <Delay = 5.58> <FuncUnit> <Opcode : 'mul'> <InPorts = 2> <OutPorts = 1>
ST_5 : Operation 356 [1/1] (0.00ns)   --->   "%mult_4862 = partselect i20 @_ssdm_op_PartSelect.i20.i30.i32.i32, i30 %mul_ln73_4713, i32 10, i32 29" [firmware/nnet_utils/nnet_dense_latency.h:42]   --->   Operation 356 'partselect' 'mult_4862' <Predicate = true> <Delay = 0.00>
ST_5 : Operation 357 [1/1] (0.00ns)   --->   "%shl_ln = bitconcatenate i28 @_ssdm_op_BitConcatenate.i28.i16.i12, i16 %data_4_val_read, i12 0" [firmware/nnet_utils/nnet_mult.h:73->firmware/nnet_utils/nnet_dense_latency.h:42]   --->   Operation 357 'bitconcatenate' 'shl_ln' <Predicate = true> <Delay = 0.00>
ST_5 : Operation 358 [1/1] (0.00ns)   --->   "%sext_ln73 = sext i28 %shl_ln" [firmware/nnet_utils/nnet_mult.h:73->firmware/nnet_utils/nnet_dense_latency.h:42]   --->   Operation 358 'sext' 'sext_ln73' <Predicate = true> <Delay = 0.00>
ST_5 : Operation 359 [1/1] (2.43ns)   --->   "%sub_ln73_165 = sub i29 %sext_ln73, i29 %sext_ln70_503" [firmware/nnet_utils/nnet_mult.h:73->firmware/nnet_utils/nnet_dense_latency.h:42]   --->   Operation 359 'sub' 'sub_ln73_165' <Predicate = true> <Delay = 2.43> <CoreInst = "Adder">   --->   Core 1 'Adder' <Latency = 0> <II = 1> <Delay = 2.43> <FuncUnit> <Opcode : 'add' 'sub'> <InPorts = 2> <OutPorts = 1>
ST_5 : Operation 360 [1/1] (0.00ns)   --->   "%mult_4863 = partselect i19 @_ssdm_op_PartSelect.i19.i29.i32.i32, i29 %sub_ln73_165, i32 10, i32 28" [firmware/nnet_utils/nnet_dense_latency.h:42]   --->   Operation 360 'partselect' 'mult_4863' <Predicate = true> <Delay = 0.00>
ST_5 : Operation 361 [1/1] (5.58ns)   --->   "%mul_ln73_4714 = mul i30 %sext_ln70_502, i30 1073737707" [firmware/nnet_utils/nnet_mult.h:73->firmware/nnet_utils/nnet_dense_latency.h:42]   --->   Operation 361 'mul' 'mul_ln73_4714' <Predicate = true> <Delay = 5.58> <CoreInst = "Multiplier">   --->   Core 3 'Multiplier' <Latency = 0> <II = 1> <Delay = 5.58> <FuncUnit> <Opcode : 'mul'> <InPorts = 2> <OutPorts = 1>
ST_5 : Operation 362 [1/1] (0.00ns)   --->   "%mult_4864 = partselect i20 @_ssdm_op_PartSelect.i20.i30.i32.i32, i30 %mul_ln73_4714, i32 10, i32 29" [firmware/nnet_utils/nnet_dense_latency.h:42]   --->   Operation 362 'partselect' 'mult_4864' <Predicate = true> <Delay = 0.00>
ST_5 : Operation 363 [1/1] (0.00ns)   --->   "%sext_ln70_508 = sext i16 %data_5_val_read" [firmware/nnet_utils/nnet_mult.h:70->firmware/nnet_utils/nnet_dense_latency.h:42]   --->   Operation 363 'sext' 'sext_ln70_508' <Predicate = true> <Delay = 0.00>
ST_5 : Operation 364 [1/1] (0.00ns)   --->   "%sext_ln70_509 = sext i16 %data_5_val_read" [firmware/nnet_utils/nnet_mult.h:70->firmware/nnet_utils/nnet_dense_latency.h:42]   --->   Operation 364 'sext' 'sext_ln70_509' <Predicate = true> <Delay = 0.00>
ST_5 : Operation 365 [1/1] (5.58ns)   --->   "%mul_ln73_4715 = mul i30 %sext_ln70_509, i30 1073736386" [firmware/nnet_utils/nnet_mult.h:73->firmware/nnet_utils/nnet_dense_latency.h:42]   --->   Operation 365 'mul' 'mul_ln73_4715' <Predicate = true> <Delay = 5.58> <CoreInst = "Multiplier">   --->   Core 3 'Multiplier' <Latency = 0> <II = 1> <Delay = 5.58> <FuncUnit> <Opcode : 'mul'> <InPorts = 2> <OutPorts = 1>
ST_5 : Operation 366 [1/1] (0.00ns)   --->   "%mult_4865 = partselect i20 @_ssdm_op_PartSelect.i20.i30.i32.i32, i30 %mul_ln73_4715, i32 10, i32 29" [firmware/nnet_utils/nnet_dense_latency.h:42]   --->   Operation 366 'partselect' 'mult_4865' <Predicate = true> <Delay = 0.00>
ST_5 : Operation 367 [1/1] (0.00ns)   --->   "%sext_ln17_4869 = sext i20 %mult_4865" [firmware/nnet_utils/nnet_dense_latency.h:17]   --->   Operation 367 'sext' 'sext_ln17_4869' <Predicate = true> <Delay = 0.00>
ST_5 : Operation 368 [1/1] (5.58ns)   --->   "%mul_ln73_4716 = mul i24 %sext_ln70_508, i24 16777137" [firmware/nnet_utils/nnet_mult.h:73->firmware/nnet_utils/nnet_dense_latency.h:42]   --->   Operation 368 'mul' 'mul_ln73_4716' <Predicate = true> <Delay = 5.58> <CoreInst = "Multiplier">   --->   Core 3 'Multiplier' <Latency = 0> <II = 1> <Delay = 5.58> <FuncUnit> <Opcode : 'mul'> <InPorts = 2> <OutPorts = 1>
ST_5 : Operation 369 [1/1] (0.00ns)   --->   "%mult_4866 = partselect i14 @_ssdm_op_PartSelect.i14.i24.i32.i32, i24 %mul_ln73_4716, i32 10, i32 23" [firmware/nnet_utils/nnet_dense_latency.h:42]   --->   Operation 369 'partselect' 'mult_4866' <Predicate = true> <Delay = 0.00>
ST_5 : Operation 370 [1/1] (2.19ns)   --->   "%add_ln58_4817 = add i21 %sext_ln17_4853, i21 %sext_ln17_4869" [firmware/nnet_utils/nnet_dense_latency.h:58]   --->   Operation 370 'add' 'add_ln58_4817' <Predicate = true> <Delay = 2.19> <CoreInst = "Adder">   --->   Core 1 'Adder' <Latency = 0> <II = 1> <Delay = 2.19> <FuncUnit> <Opcode : 'add' 'sub'> <InPorts = 2> <OutPorts = 1>

State 6 <SV = 5> <Delay = 7.77>
ST_6 : Operation 371 [1/1] (0.00ns)   --->   "%data_6_val_read = read i16 @_ssdm_op_Read.ap_auto.i16, i16 %data_6_val" [firmware/nnet_utils/nnet_mult.h:70->firmware/nnet_utils/nnet_dense_latency.h:42]   --->   Operation 371 'read' 'data_6_val_read' <Predicate = true> <Delay = 0.00>
ST_6 : Operation 372 [1/1] (0.00ns)   --->   "%sext_ln17_4855 = sext i20 %mult_4851" [firmware/nnet_utils/nnet_dense_latency.h:17]   --->   Operation 372 'sext' 'sext_ln17_4855' <Predicate = true> <Delay = 0.00>
ST_6 : Operation 373 [1/1] (0.00ns)   --->   "%sext_ln17_4856 = sext i20 %mult_4852" [firmware/nnet_utils/nnet_dense_latency.h:17]   --->   Operation 373 'sext' 'sext_ln17_4856' <Predicate = true> <Delay = 0.00>
ST_6 : Operation 374 [1/1] (0.00ns)   --->   "%sext_ln17_4857 = sext i20 %mult_4853" [firmware/nnet_utils/nnet_dense_latency.h:17]   --->   Operation 374 'sext' 'sext_ln17_4857' <Predicate = true> <Delay = 0.00>
ST_6 : Operation 375 [1/1] (0.00ns)   --->   "%sext_ln17_4858 = sext i19 %mult_4854" [firmware/nnet_utils/nnet_dense_latency.h:17]   --->   Operation 375 'sext' 'sext_ln17_4858' <Predicate = true> <Delay = 0.00>
ST_6 : Operation 376 [1/1] (0.00ns)   --->   "%sext_ln17_4859 = sext i16 %mult_4855" [firmware/nnet_utils/nnet_dense_latency.h:17]   --->   Operation 376 'sext' 'sext_ln17_4859' <Predicate = true> <Delay = 0.00>
ST_6 : Operation 377 [1/1] (0.00ns)   --->   "%sext_ln17_4860 = sext i20 %mult_4856" [firmware/nnet_utils/nnet_dense_latency.h:17]   --->   Operation 377 'sext' 'sext_ln17_4860' <Predicate = true> <Delay = 0.00>
ST_6 : Operation 378 [1/1] (0.00ns)   --->   "%sext_ln17_4861 = sext i18 %mult_4857" [firmware/nnet_utils/nnet_dense_latency.h:17]   --->   Operation 378 'sext' 'sext_ln17_4861' <Predicate = true> <Delay = 0.00>
ST_6 : Operation 379 [1/1] (0.00ns)   --->   "%sext_ln17_4862 = sext i19 %mult_4858" [firmware/nnet_utils/nnet_dense_latency.h:17]   --->   Operation 379 'sext' 'sext_ln17_4862' <Predicate = true> <Delay = 0.00>
ST_6 : Operation 380 [1/1] (0.00ns)   --->   "%sext_ln17_4864 = sext i19 %mult_4860" [firmware/nnet_utils/nnet_dense_latency.h:17]   --->   Operation 380 'sext' 'sext_ln17_4864' <Predicate = true> <Delay = 0.00>
ST_6 : Operation 381 [1/1] (0.00ns)   --->   "%sext_ln17_4865 = sext i17 %mult_4861" [firmware/nnet_utils/nnet_dense_latency.h:17]   --->   Operation 381 'sext' 'sext_ln17_4865' <Predicate = true> <Delay = 0.00>
ST_6 : Operation 382 [1/1] (0.00ns)   --->   "%sext_ln17_4866 = sext i20 %mult_4862" [firmware/nnet_utils/nnet_dense_latency.h:17]   --->   Operation 382 'sext' 'sext_ln17_4866' <Predicate = true> <Delay = 0.00>
ST_6 : Operation 383 [1/1] (0.00ns)   --->   "%sext_ln17_4867 = sext i19 %mult_4863" [firmware/nnet_utils/nnet_dense_latency.h:17]   --->   Operation 383 'sext' 'sext_ln17_4867' <Predicate = true> <Delay = 0.00>
ST_6 : Operation 384 [1/1] (0.00ns)   --->   "%sext_ln17_4868 = sext i20 %mult_4864" [firmware/nnet_utils/nnet_dense_latency.h:17]   --->   Operation 384 'sext' 'sext_ln17_4868' <Predicate = true> <Delay = 0.00>
ST_6 : Operation 385 [1/1] (0.00ns)   --->   "%sext_ln70_504 = sext i16 %data_5_val_read" [firmware/nnet_utils/nnet_mult.h:70->firmware/nnet_utils/nnet_dense_latency.h:42]   --->   Operation 385 'sext' 'sext_ln70_504' <Predicate = true> <Delay = 0.00>
ST_6 : Operation 386 [1/1] (0.00ns)   --->   "%sext_ln70_505 = sext i16 %data_5_val_read" [firmware/nnet_utils/nnet_mult.h:70->firmware/nnet_utils/nnet_dense_latency.h:42]   --->   Operation 386 'sext' 'sext_ln70_505' <Predicate = true> <Delay = 0.00>
ST_6 : Operation 387 [1/1] (0.00ns)   --->   "%sext_ln70_506 = sext i16 %data_5_val_read" [firmware/nnet_utils/nnet_mult.h:70->firmware/nnet_utils/nnet_dense_latency.h:42]   --->   Operation 387 'sext' 'sext_ln70_506' <Predicate = true> <Delay = 0.00>
ST_6 : Operation 388 [1/1] (0.00ns)   --->   "%sext_ln70_507 = sext i16 %data_5_val_read" [firmware/nnet_utils/nnet_mult.h:70->firmware/nnet_utils/nnet_dense_latency.h:42]   --->   Operation 388 'sext' 'sext_ln70_507' <Predicate = true> <Delay = 0.00>
ST_6 : Operation 389 [1/1] (5.58ns)   --->   "%mul_ln73_4717 = mul i28 %sext_ln70_507, i28 1141" [firmware/nnet_utils/nnet_mult.h:73->firmware/nnet_utils/nnet_dense_latency.h:42]   --->   Operation 389 'mul' 'mul_ln73_4717' <Predicate = true> <Delay = 5.58> <CoreInst = "Multiplier">   --->   Core 3 'Multiplier' <Latency = 0> <II = 1> <Delay = 5.58> <FuncUnit> <Opcode : 'mul'> <InPorts = 2> <OutPorts = 1>
ST_6 : Operation 390 [1/1] (0.00ns)   --->   "%mult_4867 = partselect i18 @_ssdm_op_PartSelect.i18.i28.i32.i32, i28 %mul_ln73_4717, i32 10, i32 27" [firmware/nnet_utils/nnet_dense_latency.h:42]   --->   Operation 390 'partselect' 'mult_4867' <Predicate = true> <Delay = 0.00>
ST_6 : Operation 391 [1/1] (0.00ns)   --->   "%sext_ln17_4871 = sext i18 %mult_4867" [firmware/nnet_utils/nnet_dense_latency.h:17]   --->   Operation 391 'sext' 'sext_ln17_4871' <Predicate = true> <Delay = 0.00>
ST_6 : Operation 392 [1/1] (5.58ns)   --->   "%mul_ln73_4718 = mul i28 %sext_ln70_507, i28 268434169" [firmware/nnet_utils/nnet_mult.h:73->firmware/nnet_utils/nnet_dense_latency.h:42]   --->   Operation 392 'mul' 'mul_ln73_4718' <Predicate = true> <Delay = 5.58> <CoreInst = "Multiplier">   --->   Core 3 'Multiplier' <Latency = 0> <II = 1> <Delay = 5.58> <FuncUnit> <Opcode : 'mul'> <InPorts = 2> <OutPorts = 1>
ST_6 : Operation 393 [1/1] (0.00ns)   --->   "%mult_4868 = partselect i18 @_ssdm_op_PartSelect.i18.i28.i32.i32, i28 %mul_ln73_4718, i32 10, i32 27" [firmware/nnet_utils/nnet_dense_latency.h:42]   --->   Operation 393 'partselect' 'mult_4868' <Predicate = true> <Delay = 0.00>
ST_6 : Operation 394 [1/1] (0.00ns)   --->   "%sext_ln17_4872 = sext i18 %mult_4868" [firmware/nnet_utils/nnet_dense_latency.h:17]   --->   Operation 394 'sext' 'sext_ln17_4872' <Predicate = true> <Delay = 0.00>
ST_6 : Operation 395 [1/1] (5.58ns)   --->   "%mul_ln73_4719 = mul i29 %sext_ln70_506, i29 536868687" [firmware/nnet_utils/nnet_mult.h:73->firmware/nnet_utils/nnet_dense_latency.h:42]   --->   Operation 395 'mul' 'mul_ln73_4719' <Predicate = true> <Delay = 5.58> <CoreInst = "Multiplier">   --->   Core 3 'Multiplier' <Latency = 0> <II = 1> <Delay = 5.58> <FuncUnit> <Opcode : 'mul'> <InPorts = 2> <OutPorts = 1>
ST_6 : Operation 396 [1/1] (0.00ns)   --->   "%mult_4869 = partselect i19 @_ssdm_op_PartSelect.i19.i29.i32.i32, i29 %mul_ln73_4719, i32 10, i32 28" [firmware/nnet_utils/nnet_dense_latency.h:42]   --->   Operation 396 'partselect' 'mult_4869' <Predicate = true> <Delay = 0.00>
ST_6 : Operation 397 [1/1] (0.00ns)   --->   "%sext_ln17_4873 = sext i19 %mult_4869" [firmware/nnet_utils/nnet_dense_latency.h:17]   --->   Operation 397 'sext' 'sext_ln17_4873' <Predicate = true> <Delay = 0.00>
ST_6 : Operation 398 [1/1] (5.58ns)   --->   "%mul_ln73_4720 = mul i26 %sext_ln70_505, i26 67108382" [firmware/nnet_utils/nnet_mult.h:73->firmware/nnet_utils/nnet_dense_latency.h:42]   --->   Operation 398 'mul' 'mul_ln73_4720' <Predicate = true> <Delay = 5.58> <CoreInst = "Multiplier">   --->   Core 3 'Multiplier' <Latency = 0> <II = 1> <Delay = 5.58> <FuncUnit> <Opcode : 'mul'> <InPorts = 2> <OutPorts = 1>
ST_6 : Operation 399 [1/1] (0.00ns)   --->   "%mult_4870 = partselect i16 @_ssdm_op_PartSelect.i16.i26.i32.i32, i26 %mul_ln73_4720, i32 10, i32 25" [firmware/nnet_utils/nnet_dense_latency.h:42]   --->   Operation 399 'partselect' 'mult_4870' <Predicate = true> <Delay = 0.00>
ST_6 : Operation 400 [1/1] (0.00ns)   --->   "%sext_ln17_4874 = sext i16 %mult_4870" [firmware/nnet_utils/nnet_dense_latency.h:17]   --->   Operation 400 'sext' 'sext_ln17_4874' <Predicate = true> <Delay = 0.00>
ST_6 : Operation 401 [1/1] (5.58ns)   --->   "%mul_ln73_4721 = mul i28 %sext_ln70_507, i28 268433966" [firmware/nnet_utils/nnet_mult.h:73->firmware/nnet_utils/nnet_dense_latency.h:42]   --->   Operation 401 'mul' 'mul_ln73_4721' <Predicate = true> <Delay = 5.58> <CoreInst = "Multiplier">   --->   Core 3 'Multiplier' <Latency = 0> <II = 1> <Delay = 5.58> <FuncUnit> <Opcode : 'mul'> <InPorts = 2> <OutPorts = 1>
ST_6 : Operation 402 [1/1] (0.00ns)   --->   "%mult_4871 = partselect i18 @_ssdm_op_PartSelect.i18.i28.i32.i32, i28 %mul_ln73_4721, i32 10, i32 27" [firmware/nnet_utils/nnet_dense_latency.h:42]   --->   Operation 402 'partselect' 'mult_4871' <Predicate = true> <Delay = 0.00>
ST_6 : Operation 403 [1/1] (0.00ns)   --->   "%sext_ln17_4875 = sext i18 %mult_4871" [firmware/nnet_utils/nnet_dense_latency.h:17]   --->   Operation 403 'sext' 'sext_ln17_4875' <Predicate = true> <Delay = 0.00>
ST_6 : Operation 404 [1/1] (5.58ns)   --->   "%mul_ln73_4722 = mul i29 %sext_ln70_506, i29 3883" [firmware/nnet_utils/nnet_mult.h:73->firmware/nnet_utils/nnet_dense_latency.h:42]   --->   Operation 404 'mul' 'mul_ln73_4722' <Predicate = true> <Delay = 5.58> <CoreInst = "Multiplier">   --->   Core 3 'Multiplier' <Latency = 0> <II = 1> <Delay = 5.58> <FuncUnit> <Opcode : 'mul'> <InPorts = 2> <OutPorts = 1>
ST_6 : Operation 405 [1/1] (0.00ns)   --->   "%mult_4872 = partselect i19 @_ssdm_op_PartSelect.i19.i29.i32.i32, i29 %mul_ln73_4722, i32 10, i32 28" [firmware/nnet_utils/nnet_dense_latency.h:42]   --->   Operation 405 'partselect' 'mult_4872' <Predicate = true> <Delay = 0.00>
ST_6 : Operation 406 [1/1] (0.00ns)   --->   "%sext_ln17_4876 = sext i19 %mult_4872" [firmware/nnet_utils/nnet_dense_latency.h:17]   --->   Operation 406 'sext' 'sext_ln17_4876' <Predicate = true> <Delay = 0.00>
ST_6 : Operation 407 [1/1] (5.58ns)   --->   "%mul_ln73_4723 = mul i29 %sext_ln70_506, i29 536867761" [firmware/nnet_utils/nnet_mult.h:73->firmware/nnet_utils/nnet_dense_latency.h:42]   --->   Operation 407 'mul' 'mul_ln73_4723' <Predicate = true> <Delay = 5.58> <CoreInst = "Multiplier">   --->   Core 3 'Multiplier' <Latency = 0> <II = 1> <Delay = 5.58> <FuncUnit> <Opcode : 'mul'> <InPorts = 2> <OutPorts = 1>
ST_6 : Operation 408 [1/1] (0.00ns)   --->   "%mult_4873 = partselect i19 @_ssdm_op_PartSelect.i19.i29.i32.i32, i29 %mul_ln73_4723, i32 10, i32 28" [firmware/nnet_utils/nnet_dense_latency.h:42]   --->   Operation 408 'partselect' 'mult_4873' <Predicate = true> <Delay = 0.00>
ST_6 : Operation 409 [1/1] (0.00ns)   --->   "%sext_ln17_4877 = sext i19 %mult_4873" [firmware/nnet_utils/nnet_dense_latency.h:17]   --->   Operation 409 'sext' 'sext_ln17_4877' <Predicate = true> <Delay = 0.00>
ST_6 : Operation 410 [1/1] (5.58ns)   --->   "%mul_ln73_4724 = mul i28 %sext_ln70_507, i28 268433541" [firmware/nnet_utils/nnet_mult.h:73->firmware/nnet_utils/nnet_dense_latency.h:42]   --->   Operation 410 'mul' 'mul_ln73_4724' <Predicate = true> <Delay = 5.58> <CoreInst = "Multiplier">   --->   Core 3 'Multiplier' <Latency = 0> <II = 1> <Delay = 5.58> <FuncUnit> <Opcode : 'mul'> <InPorts = 2> <OutPorts = 1>
ST_6 : Operation 411 [1/1] (0.00ns)   --->   "%mult_4874 = partselect i18 @_ssdm_op_PartSelect.i18.i28.i32.i32, i28 %mul_ln73_4724, i32 10, i32 27" [firmware/nnet_utils/nnet_dense_latency.h:42]   --->   Operation 411 'partselect' 'mult_4874' <Predicate = true> <Delay = 0.00>
ST_6 : Operation 412 [1/1] (0.00ns)   --->   "%sext_ln17_4878 = sext i18 %mult_4874" [firmware/nnet_utils/nnet_dense_latency.h:17]   --->   Operation 412 'sext' 'sext_ln17_4878' <Predicate = true> <Delay = 0.00>
ST_6 : Operation 413 [1/1] (5.58ns)   --->   "%mul_ln73_4725 = mul i29 %sext_ln70_506, i29 2991" [firmware/nnet_utils/nnet_mult.h:73->firmware/nnet_utils/nnet_dense_latency.h:42]   --->   Operation 413 'mul' 'mul_ln73_4725' <Predicate = true> <Delay = 5.58> <CoreInst = "Multiplier">   --->   Core 3 'Multiplier' <Latency = 0> <II = 1> <Delay = 5.58> <FuncUnit> <Opcode : 'mul'> <InPorts = 2> <OutPorts = 1>
ST_6 : Operation 414 [1/1] (0.00ns)   --->   "%mult_4875 = partselect i19 @_ssdm_op_PartSelect.i19.i29.i32.i32, i29 %mul_ln73_4725, i32 10, i32 28" [firmware/nnet_utils/nnet_dense_latency.h:42]   --->   Operation 414 'partselect' 'mult_4875' <Predicate = true> <Delay = 0.00>
ST_6 : Operation 415 [1/1] (5.58ns)   --->   "%mul_ln73_4726 = mul i27 %sext_ln70_504, i27 744" [firmware/nnet_utils/nnet_mult.h:73->firmware/nnet_utils/nnet_dense_latency.h:42]   --->   Operation 415 'mul' 'mul_ln73_4726' <Predicate = true> <Delay = 5.58> <CoreInst = "Multiplier">   --->   Core 3 'Multiplier' <Latency = 0> <II = 1> <Delay = 5.58> <FuncUnit> <Opcode : 'mul'> <InPorts = 2> <OutPorts = 1>
ST_6 : Operation 416 [1/1] (0.00ns)   --->   "%mult_4876 = partselect i17 @_ssdm_op_PartSelect.i17.i27.i32.i32, i27 %mul_ln73_4726, i32 10, i32 26" [firmware/nnet_utils/nnet_dense_latency.h:42]   --->   Operation 416 'partselect' 'mult_4876' <Predicate = true> <Delay = 0.00>
ST_6 : Operation 417 [1/1] (0.00ns)   --->   "%sext_ln17_4880 = sext i17 %mult_4876" [firmware/nnet_utils/nnet_dense_latency.h:17]   --->   Operation 417 'sext' 'sext_ln17_4880' <Predicate = true> <Delay = 0.00>
ST_6 : Operation 418 [1/1] (5.58ns)   --->   "%mul_ln73_4727 = mul i27 %sext_ln70_504, i27 134216927" [firmware/nnet_utils/nnet_mult.h:73->firmware/nnet_utils/nnet_dense_latency.h:42]   --->   Operation 418 'mul' 'mul_ln73_4727' <Predicate = true> <Delay = 5.58> <CoreInst = "Multiplier">   --->   Core 3 'Multiplier' <Latency = 0> <II = 1> <Delay = 5.58> <FuncUnit> <Opcode : 'mul'> <InPorts = 2> <OutPorts = 1>
ST_6 : Operation 419 [1/1] (0.00ns)   --->   "%mult_4877 = partselect i17 @_ssdm_op_PartSelect.i17.i27.i32.i32, i27 %mul_ln73_4727, i32 10, i32 26" [firmware/nnet_utils/nnet_dense_latency.h:42]   --->   Operation 419 'partselect' 'mult_4877' <Predicate = true> <Delay = 0.00>
ST_6 : Operation 420 [1/1] (0.00ns)   --->   "%sext_ln17_4881 = sext i17 %mult_4877" [firmware/nnet_utils/nnet_dense_latency.h:17]   --->   Operation 420 'sext' 'sext_ln17_4881' <Predicate = true> <Delay = 0.00>
ST_6 : Operation 421 [1/1] (5.58ns)   --->   "%mul_ln73_4728 = mul i30 %sext_ln70_509, i30 1073736720" [firmware/nnet_utils/nnet_mult.h:73->firmware/nnet_utils/nnet_dense_latency.h:42]   --->   Operation 421 'mul' 'mul_ln73_4728' <Predicate = true> <Delay = 5.58> <CoreInst = "Multiplier">   --->   Core 3 'Multiplier' <Latency = 0> <II = 1> <Delay = 5.58> <FuncUnit> <Opcode : 'mul'> <InPorts = 2> <OutPorts = 1>
ST_6 : Operation 422 [1/1] (0.00ns)   --->   "%mult_4878 = partselect i20 @_ssdm_op_PartSelect.i20.i30.i32.i32, i30 %mul_ln73_4728, i32 10, i32 29" [firmware/nnet_utils/nnet_dense_latency.h:42]   --->   Operation 422 'partselect' 'mult_4878' <Predicate = true> <Delay = 0.00>
ST_6 : Operation 423 [1/1] (0.00ns)   --->   "%sext_ln17_4882 = sext i20 %mult_4878" [firmware/nnet_utils/nnet_dense_latency.h:17]   --->   Operation 423 'sext' 'sext_ln17_4882' <Predicate = true> <Delay = 0.00>
ST_6 : Operation 424 [1/1] (5.58ns)   --->   "%mul_ln73_4729 = mul i30 %sext_ln70_509, i30 5443" [firmware/nnet_utils/nnet_mult.h:73->firmware/nnet_utils/nnet_dense_latency.h:42]   --->   Operation 424 'mul' 'mul_ln73_4729' <Predicate = true> <Delay = 5.58> <CoreInst = "Multiplier">   --->   Core 3 'Multiplier' <Latency = 0> <II = 1> <Delay = 5.58> <FuncUnit> <Opcode : 'mul'> <InPorts = 2> <OutPorts = 1>
ST_6 : Operation 425 [1/1] (0.00ns)   --->   "%mult_4879 = partselect i20 @_ssdm_op_PartSelect.i20.i30.i32.i32, i30 %mul_ln73_4729, i32 10, i32 29" [firmware/nnet_utils/nnet_dense_latency.h:42]   --->   Operation 425 'partselect' 'mult_4879' <Predicate = true> <Delay = 0.00>
ST_6 : Operation 426 [1/1] (0.00ns)   --->   "%sext_ln17_4883 = sext i20 %mult_4879" [firmware/nnet_utils/nnet_dense_latency.h:17]   --->   Operation 426 'sext' 'sext_ln17_4883' <Predicate = true> <Delay = 0.00>
ST_6 : Operation 427 [1/1] (5.58ns)   --->   "%mul_ln73_4730 = mul i30 %sext_ln70_509, i30 1073737524" [firmware/nnet_utils/nnet_mult.h:73->firmware/nnet_utils/nnet_dense_latency.h:42]   --->   Operation 427 'mul' 'mul_ln73_4730' <Predicate = true> <Delay = 5.58> <CoreInst = "Multiplier">   --->   Core 3 'Multiplier' <Latency = 0> <II = 1> <Delay = 5.58> <FuncUnit> <Opcode : 'mul'> <InPorts = 2> <OutPorts = 1>
ST_6 : Operation 428 [1/1] (0.00ns)   --->   "%mult_4880 = partselect i20 @_ssdm_op_PartSelect.i20.i30.i32.i32, i30 %mul_ln73_4730, i32 10, i32 29" [firmware/nnet_utils/nnet_dense_latency.h:42]   --->   Operation 428 'partselect' 'mult_4880' <Predicate = true> <Delay = 0.00>
ST_6 : Operation 429 [1/1] (0.00ns)   --->   "%sext_ln17_4884 = sext i20 %mult_4880" [firmware/nnet_utils/nnet_dense_latency.h:17]   --->   Operation 429 'sext' 'sext_ln17_4884' <Predicate = true> <Delay = 0.00>
ST_6 : Operation 430 [1/1] (0.00ns)   --->   "%sext_ln70_512 = sext i16 %data_6_val_read" [firmware/nnet_utils/nnet_mult.h:70->firmware/nnet_utils/nnet_dense_latency.h:42]   --->   Operation 430 'sext' 'sext_ln70_512' <Predicate = true> <Delay = 0.00>
ST_6 : Operation 431 [1/1] (0.00ns)   --->   "%sext_ln70_513 = sext i16 %data_6_val_read" [firmware/nnet_utils/nnet_mult.h:70->firmware/nnet_utils/nnet_dense_latency.h:42]   --->   Operation 431 'sext' 'sext_ln70_513' <Predicate = true> <Delay = 0.00>
ST_6 : Operation 432 [1/1] (5.58ns)   --->   "%mul_ln73_4731 = mul i30 %sext_ln70_513, i30 1073737072" [firmware/nnet_utils/nnet_mult.h:73->firmware/nnet_utils/nnet_dense_latency.h:42]   --->   Operation 432 'mul' 'mul_ln73_4731' <Predicate = true> <Delay = 5.58> <CoreInst = "Multiplier">   --->   Core 3 'Multiplier' <Latency = 0> <II = 1> <Delay = 5.58> <FuncUnit> <Opcode : 'mul'> <InPorts = 2> <OutPorts = 1>
ST_6 : Operation 433 [1/1] (0.00ns)   --->   "%mult_4881 = partselect i20 @_ssdm_op_PartSelect.i20.i30.i32.i32, i30 %mul_ln73_4731, i32 10, i32 29" [firmware/nnet_utils/nnet_dense_latency.h:42]   --->   Operation 433 'partselect' 'mult_4881' <Predicate = true> <Delay = 0.00>
ST_6 : Operation 434 [1/1] (5.58ns)   --->   "%mul_ln73_4732 = mul i28 %sext_ln70_512, i28 1232" [firmware/nnet_utils/nnet_mult.h:73->firmware/nnet_utils/nnet_dense_latency.h:42]   --->   Operation 434 'mul' 'mul_ln73_4732' <Predicate = true> <Delay = 5.58> <CoreInst = "Multiplier">   --->   Core 3 'Multiplier' <Latency = 0> <II = 1> <Delay = 5.58> <FuncUnit> <Opcode : 'mul'> <InPorts = 2> <OutPorts = 1>
ST_6 : Operation 435 [1/1] (0.00ns)   --->   "%mult_4882 = partselect i18 @_ssdm_op_PartSelect.i18.i28.i32.i32, i28 %mul_ln73_4732, i32 10, i32 27" [firmware/nnet_utils/nnet_dense_latency.h:42]   --->   Operation 435 'partselect' 'mult_4882' <Predicate = true> <Delay = 0.00>
ST_6 : Operation 436 [1/1] (2.19ns)   --->   "%add_ln58_4881 = add i21 %sext_ln17_4855, i21 %sext_ln17_4871" [firmware/nnet_utils/nnet_dense_latency.h:58]   --->   Operation 436 'add' 'add_ln58_4881' <Predicate = true> <Delay = 2.19> <CoreInst = "Adder">   --->   Core 1 'Adder' <Latency = 0> <II = 1> <Delay = 2.19> <FuncUnit> <Opcode : 'add' 'sub'> <InPorts = 2> <OutPorts = 1>
ST_6 : Operation 437 [1/1] (2.19ns)   --->   "%add_ln58_4913 = add i21 %sext_ln17_4856, i21 %sext_ln17_4872" [firmware/nnet_utils/nnet_dense_latency.h:58]   --->   Operation 437 'add' 'add_ln58_4913' <Predicate = true> <Delay = 2.19> <CoreInst = "Adder">   --->   Core 1 'Adder' <Latency = 0> <II = 1> <Delay = 2.19> <FuncUnit> <Opcode : 'add' 'sub'> <InPorts = 2> <OutPorts = 1>
ST_6 : Operation 438 [1/1] (2.19ns)   --->   "%add_ln58_4945 = add i21 %sext_ln17_4857, i21 %sext_ln17_4873" [firmware/nnet_utils/nnet_dense_latency.h:58]   --->   Operation 438 'add' 'add_ln58_4945' <Predicate = true> <Delay = 2.19> <CoreInst = "Adder">   --->   Core 1 'Adder' <Latency = 0> <II = 1> <Delay = 2.19> <FuncUnit> <Opcode : 'add' 'sub'> <InPorts = 2> <OutPorts = 1>
ST_6 : Operation 439 [1/1] (2.16ns)   --->   "%add_ln58_4977 = add i20 %sext_ln17_4858, i20 %sext_ln17_4874" [firmware/nnet_utils/nnet_dense_latency.h:58]   --->   Operation 439 'add' 'add_ln58_4977' <Predicate = true> <Delay = 2.16> <CoreInst = "Adder">   --->   Core 1 'Adder' <Latency = 0> <II = 1> <Delay = 2.16> <FuncUnit> <Opcode : 'add' 'sub'> <InPorts = 2> <OutPorts = 1>
ST_6 : Operation 440 [1/1] (2.13ns)   --->   "%add_ln58_5009 = add i19 %sext_ln17_4859, i19 %sext_ln17_4875" [firmware/nnet_utils/nnet_dense_latency.h:58]   --->   Operation 440 'add' 'add_ln58_5009' <Predicate = true> <Delay = 2.13> <CoreInst = "Adder">   --->   Core 1 'Adder' <Latency = 0> <II = 1> <Delay = 2.13> <FuncUnit> <Opcode : 'add' 'sub'> <InPorts = 2> <OutPorts = 1>
ST_6 : Operation 441 [1/1] (2.19ns)   --->   "%add_ln58_5041 = add i21 %sext_ln17_4860, i21 %sext_ln17_4876" [firmware/nnet_utils/nnet_dense_latency.h:58]   --->   Operation 441 'add' 'add_ln58_5041' <Predicate = true> <Delay = 2.19> <CoreInst = "Adder">   --->   Core 1 'Adder' <Latency = 0> <II = 1> <Delay = 2.19> <FuncUnit> <Opcode : 'add' 'sub'> <InPorts = 2> <OutPorts = 1>
ST_6 : Operation 442 [1/1] (2.16ns)   --->   "%add_ln58_5073 = add i20 %sext_ln17_4861, i20 %sext_ln17_4877" [firmware/nnet_utils/nnet_dense_latency.h:58]   --->   Operation 442 'add' 'add_ln58_5073' <Predicate = true> <Delay = 2.16> <CoreInst = "Adder">   --->   Core 1 'Adder' <Latency = 0> <II = 1> <Delay = 2.16> <FuncUnit> <Opcode : 'add' 'sub'> <InPorts = 2> <OutPorts = 1>
ST_6 : Operation 443 [1/1] (2.16ns)   --->   "%add_ln58_5105 = add i20 %sext_ln17_4862, i20 %sext_ln17_4878" [firmware/nnet_utils/nnet_dense_latency.h:58]   --->   Operation 443 'add' 'add_ln58_5105' <Predicate = true> <Delay = 2.16> <CoreInst = "Adder">   --->   Core 1 'Adder' <Latency = 0> <II = 1> <Delay = 2.16> <FuncUnit> <Opcode : 'add' 'sub'> <InPorts = 2> <OutPorts = 1>
ST_6 : Operation 444 [1/1] (2.16ns)   --->   "%add_ln58_5169 = add i20 %sext_ln17_4864, i20 %sext_ln17_4880" [firmware/nnet_utils/nnet_dense_latency.h:58]   --->   Operation 444 'add' 'add_ln58_5169' <Predicate = true> <Delay = 2.16> <CoreInst = "Adder">   --->   Core 1 'Adder' <Latency = 0> <II = 1> <Delay = 2.16> <FuncUnit> <Opcode : 'add' 'sub'> <InPorts = 2> <OutPorts = 1>
ST_6 : Operation 445 [1/1] (2.10ns)   --->   "%add_ln58_5201 = add i18 %sext_ln17_4865, i18 %sext_ln17_4881" [firmware/nnet_utils/nnet_dense_latency.h:58]   --->   Operation 445 'add' 'add_ln58_5201' <Predicate = true> <Delay = 2.10> <CoreInst = "Adder">   --->   Core 1 'Adder' <Latency = 0> <II = 1> <Delay = 2.10> <FuncUnit> <Opcode : 'add' 'sub'> <InPorts = 2> <OutPorts = 1>
ST_6 : Operation 446 [1/1] (2.19ns)   --->   "%add_ln58_5233 = add i21 %sext_ln17_4866, i21 %sext_ln17_4882" [firmware/nnet_utils/nnet_dense_latency.h:58]   --->   Operation 446 'add' 'add_ln58_5233' <Predicate = true> <Delay = 2.19> <CoreInst = "Adder">   --->   Core 1 'Adder' <Latency = 0> <II = 1> <Delay = 2.19> <FuncUnit> <Opcode : 'add' 'sub'> <InPorts = 2> <OutPorts = 1>
ST_6 : Operation 447 [1/1] (2.19ns)   --->   "%add_ln58_5265 = add i21 %sext_ln17_4867, i21 %sext_ln17_4883" [firmware/nnet_utils/nnet_dense_latency.h:58]   --->   Operation 447 'add' 'add_ln58_5265' <Predicate = true> <Delay = 2.19> <CoreInst = "Adder">   --->   Core 1 'Adder' <Latency = 0> <II = 1> <Delay = 2.19> <FuncUnit> <Opcode : 'add' 'sub'> <InPorts = 2> <OutPorts = 1>
ST_6 : Operation 448 [1/1] (2.19ns)   --->   "%add_ln58_5297 = add i21 %sext_ln17_4868, i21 %sext_ln17_4884" [firmware/nnet_utils/nnet_dense_latency.h:58]   --->   Operation 448 'add' 'add_ln58_5297' <Predicate = true> <Delay = 2.19> <CoreInst = "Adder">   --->   Core 1 'Adder' <Latency = 0> <II = 1> <Delay = 2.19> <FuncUnit> <Opcode : 'add' 'sub'> <InPorts = 2> <OutPorts = 1>

State 7 <SV = 6> <Delay = 14.0>
ST_7 : Operation 449 [1/1] (0.00ns)   --->   "%data_7_val_read = read i16 @_ssdm_op_Read.ap_auto.i16, i16 %data_7_val" [firmware/nnet_utils/nnet_mult.h:70->firmware/nnet_utils/nnet_dense_latency.h:42]   --->   Operation 449 'read' 'data_7_val_read' <Predicate = true> <Delay = 0.00>
ST_7 : Operation 450 [1/1] (0.00ns)   --->   "%sext_ln17_4854 = sext i20 %mult_4850" [firmware/nnet_utils/nnet_dense_latency.h:17]   --->   Operation 450 'sext' 'sext_ln17_4854' <Predicate = true> <Delay = 0.00>
ST_7 : Operation 451 [1/1] (0.00ns)   --->   "%sext_ln17_4870 = sext i14 %mult_4866" [firmware/nnet_utils/nnet_dense_latency.h:17]   --->   Operation 451 'sext' 'sext_ln17_4870' <Predicate = true> <Delay = 0.00>
ST_7 : Operation 452 [1/1] (0.00ns)   --->   "%sext_ln70_510 = sext i16 %data_6_val_read" [firmware/nnet_utils/nnet_mult.h:70->firmware/nnet_utils/nnet_dense_latency.h:42]   --->   Operation 452 'sext' 'sext_ln70_510' <Predicate = true> <Delay = 0.00>
ST_7 : Operation 453 [1/1] (0.00ns)   --->   "%sext_ln70_511 = sext i16 %data_6_val_read" [firmware/nnet_utils/nnet_mult.h:70->firmware/nnet_utils/nnet_dense_latency.h:42]   --->   Operation 453 'sext' 'sext_ln70_511' <Predicate = true> <Delay = 0.00>
ST_7 : Operation 454 [1/1] (0.00ns)   --->   "%sext_ln17_4885 = sext i20 %mult_4881" [firmware/nnet_utils/nnet_dense_latency.h:17]   --->   Operation 454 'sext' 'sext_ln17_4885' <Predicate = true> <Delay = 0.00>
ST_7 : Operation 455 [1/1] (0.00ns)   --->   "%sext_ln17_4886 = sext i18 %mult_4882" [firmware/nnet_utils/nnet_dense_latency.h:17]   --->   Operation 455 'sext' 'sext_ln17_4886' <Predicate = true> <Delay = 0.00>
ST_7 : Operation 456 [1/1] (5.58ns)   --->   "%mul_ln73_4733 = mul i30 %sext_ln70_513, i30 1073736799" [firmware/nnet_utils/nnet_mult.h:73->firmware/nnet_utils/nnet_dense_latency.h:42]   --->   Operation 456 'mul' 'mul_ln73_4733' <Predicate = true> <Delay = 5.58> <CoreInst = "Multiplier">   --->   Core 3 'Multiplier' <Latency = 0> <II = 1> <Delay = 5.58> <FuncUnit> <Opcode : 'mul'> <InPorts = 2> <OutPorts = 1>
ST_7 : Operation 457 [1/1] (0.00ns)   --->   "%mult_4883 = partselect i20 @_ssdm_op_PartSelect.i20.i30.i32.i32, i30 %mul_ln73_4733, i32 10, i32 29" [firmware/nnet_utils/nnet_dense_latency.h:42]   --->   Operation 457 'partselect' 'mult_4883' <Predicate = true> <Delay = 0.00>
ST_7 : Operation 458 [1/1] (0.00ns)   --->   "%sext_ln17_4887 = sext i20 %mult_4883" [firmware/nnet_utils/nnet_dense_latency.h:17]   --->   Operation 458 'sext' 'sext_ln17_4887' <Predicate = true> <Delay = 0.00>
ST_7 : Operation 459 [1/1] (5.58ns)   --->   "%mul_ln73_4734 = mul i30 %sext_ln70_513, i30 5384" [firmware/nnet_utils/nnet_mult.h:73->firmware/nnet_utils/nnet_dense_latency.h:42]   --->   Operation 459 'mul' 'mul_ln73_4734' <Predicate = true> <Delay = 5.58> <CoreInst = "Multiplier">   --->   Core 3 'Multiplier' <Latency = 0> <II = 1> <Delay = 5.58> <FuncUnit> <Opcode : 'mul'> <InPorts = 2> <OutPorts = 1>
ST_7 : Operation 460 [1/1] (0.00ns)   --->   "%mult_4884 = partselect i20 @_ssdm_op_PartSelect.i20.i30.i32.i32, i30 %mul_ln73_4734, i32 10, i32 29" [firmware/nnet_utils/nnet_dense_latency.h:42]   --->   Operation 460 'partselect' 'mult_4884' <Predicate = true> <Delay = 0.00>
ST_7 : Operation 461 [1/1] (0.00ns)   --->   "%sext_ln17_4888 = sext i20 %mult_4884" [firmware/nnet_utils/nnet_dense_latency.h:17]   --->   Operation 461 'sext' 'sext_ln17_4888' <Predicate = true> <Delay = 0.00>
ST_7 : Operation 462 [1/1] (5.58ns)   --->   "%mul_ln73_4735 = mul i29 %sext_ln70_511, i29 2778" [firmware/nnet_utils/nnet_mult.h:73->firmware/nnet_utils/nnet_dense_latency.h:42]   --->   Operation 462 'mul' 'mul_ln73_4735' <Predicate = true> <Delay = 5.58> <CoreInst = "Multiplier">   --->   Core 3 'Multiplier' <Latency = 0> <II = 1> <Delay = 5.58> <FuncUnit> <Opcode : 'mul'> <InPorts = 2> <OutPorts = 1>
ST_7 : Operation 463 [1/1] (0.00ns)   --->   "%mult_4885 = partselect i19 @_ssdm_op_PartSelect.i19.i29.i32.i32, i29 %mul_ln73_4735, i32 10, i32 28" [firmware/nnet_utils/nnet_dense_latency.h:42]   --->   Operation 463 'partselect' 'mult_4885' <Predicate = true> <Delay = 0.00>
ST_7 : Operation 464 [1/1] (0.00ns)   --->   "%sext_ln17_4889 = sext i19 %mult_4885" [firmware/nnet_utils/nnet_dense_latency.h:17]   --->   Operation 464 'sext' 'sext_ln17_4889' <Predicate = true> <Delay = 0.00>
ST_7 : Operation 465 [1/1] (5.58ns)   --->   "%mul_ln73_4736 = mul i26 %sext_ln70_510, i26 319" [firmware/nnet_utils/nnet_mult.h:73->firmware/nnet_utils/nnet_dense_latency.h:42]   --->   Operation 465 'mul' 'mul_ln73_4736' <Predicate = true> <Delay = 5.58> <CoreInst = "Multiplier">   --->   Core 3 'Multiplier' <Latency = 0> <II = 1> <Delay = 5.58> <FuncUnit> <Opcode : 'mul'> <InPorts = 2> <OutPorts = 1>
ST_7 : Operation 466 [1/1] (0.00ns)   --->   "%mult_4886 = partselect i16 @_ssdm_op_PartSelect.i16.i26.i32.i32, i26 %mul_ln73_4736, i32 10, i32 25" [firmware/nnet_utils/nnet_dense_latency.h:42]   --->   Operation 466 'partselect' 'mult_4886' <Predicate = true> <Delay = 0.00>
ST_7 : Operation 467 [1/1] (0.00ns)   --->   "%sext_ln17_4890 = sext i16 %mult_4886" [firmware/nnet_utils/nnet_dense_latency.h:17]   --->   Operation 467 'sext' 'sext_ln17_4890' <Predicate = true> <Delay = 0.00>
ST_7 : Operation 468 [1/1] (5.58ns)   --->   "%mul_ln73_4737 = mul i30 %sext_ln70_513, i30 4103" [firmware/nnet_utils/nnet_mult.h:73->firmware/nnet_utils/nnet_dense_latency.h:42]   --->   Operation 468 'mul' 'mul_ln73_4737' <Predicate = true> <Delay = 5.58> <CoreInst = "Multiplier">   --->   Core 3 'Multiplier' <Latency = 0> <II = 1> <Delay = 5.58> <FuncUnit> <Opcode : 'mul'> <InPorts = 2> <OutPorts = 1>
ST_7 : Operation 469 [1/1] (0.00ns)   --->   "%mult_4887 = partselect i20 @_ssdm_op_PartSelect.i20.i30.i32.i32, i30 %mul_ln73_4737, i32 10, i32 29" [firmware/nnet_utils/nnet_dense_latency.h:42]   --->   Operation 469 'partselect' 'mult_4887' <Predicate = true> <Delay = 0.00>
ST_7 : Operation 470 [1/1] (0.00ns)   --->   "%sext_ln17_4891 = sext i20 %mult_4887" [firmware/nnet_utils/nnet_dense_latency.h:17]   --->   Operation 470 'sext' 'sext_ln17_4891' <Predicate = true> <Delay = 0.00>
ST_7 : Operation 471 [1/1] (5.58ns)   --->   "%mul_ln73_4738 = mul i30 %sext_ln70_513, i30 1073736029" [firmware/nnet_utils/nnet_mult.h:73->firmware/nnet_utils/nnet_dense_latency.h:42]   --->   Operation 471 'mul' 'mul_ln73_4738' <Predicate = true> <Delay = 5.58> <CoreInst = "Multiplier">   --->   Core 3 'Multiplier' <Latency = 0> <II = 1> <Delay = 5.58> <FuncUnit> <Opcode : 'mul'> <InPorts = 2> <OutPorts = 1>
ST_7 : Operation 472 [1/1] (0.00ns)   --->   "%mult_4888 = partselect i20 @_ssdm_op_PartSelect.i20.i30.i32.i32, i30 %mul_ln73_4738, i32 10, i32 29" [firmware/nnet_utils/nnet_dense_latency.h:42]   --->   Operation 472 'partselect' 'mult_4888' <Predicate = true> <Delay = 0.00>
ST_7 : Operation 473 [1/1] (5.58ns)   --->   "%mul_ln73_4739 = mul i30 %sext_ln70_513, i30 1073737162" [firmware/nnet_utils/nnet_mult.h:73->firmware/nnet_utils/nnet_dense_latency.h:42]   --->   Operation 473 'mul' 'mul_ln73_4739' <Predicate = true> <Delay = 5.58> <CoreInst = "Multiplier">   --->   Core 3 'Multiplier' <Latency = 0> <II = 1> <Delay = 5.58> <FuncUnit> <Opcode : 'mul'> <InPorts = 2> <OutPorts = 1>
ST_7 : Operation 474 [1/1] (0.00ns)   --->   "%mult_4889 = partselect i20 @_ssdm_op_PartSelect.i20.i30.i32.i32, i30 %mul_ln73_4739, i32 10, i32 29" [firmware/nnet_utils/nnet_dense_latency.h:42]   --->   Operation 474 'partselect' 'mult_4889' <Predicate = true> <Delay = 0.00>
ST_7 : Operation 475 [1/1] (5.58ns)   --->   "%mul_ln73_4740 = mul i30 %sext_ln70_513, i30 1073737672" [firmware/nnet_utils/nnet_mult.h:73->firmware/nnet_utils/nnet_dense_latency.h:42]   --->   Operation 475 'mul' 'mul_ln73_4740' <Predicate = true> <Delay = 5.58> <CoreInst = "Multiplier">   --->   Core 3 'Multiplier' <Latency = 0> <II = 1> <Delay = 5.58> <FuncUnit> <Opcode : 'mul'> <InPorts = 2> <OutPorts = 1>
ST_7 : Operation 476 [1/1] (0.00ns)   --->   "%mult_4890 = partselect i20 @_ssdm_op_PartSelect.i20.i30.i32.i32, i30 %mul_ln73_4740, i32 10, i32 29" [firmware/nnet_utils/nnet_dense_latency.h:42]   --->   Operation 476 'partselect' 'mult_4890' <Predicate = true> <Delay = 0.00>
ST_7 : Operation 477 [1/1] (5.58ns)   --->   "%mul_ln73_4741 = mul i30 %sext_ln70_513, i30 1073737368" [firmware/nnet_utils/nnet_mult.h:73->firmware/nnet_utils/nnet_dense_latency.h:42]   --->   Operation 477 'mul' 'mul_ln73_4741' <Predicate = true> <Delay = 5.58> <CoreInst = "Multiplier">   --->   Core 3 'Multiplier' <Latency = 0> <II = 1> <Delay = 5.58> <FuncUnit> <Opcode : 'mul'> <InPorts = 2> <OutPorts = 1>
ST_7 : Operation 478 [1/1] (0.00ns)   --->   "%mult_4892 = partselect i20 @_ssdm_op_PartSelect.i20.i30.i32.i32, i30 %mul_ln73_4741, i32 10, i32 29" [firmware/nnet_utils/nnet_dense_latency.h:42]   --->   Operation 478 'partselect' 'mult_4892' <Predicate = true> <Delay = 0.00>
ST_7 : Operation 479 [1/1] (5.58ns)   --->   "%mul_ln73_4742 = mul i28 %sext_ln70_512, i28 1563" [firmware/nnet_utils/nnet_mult.h:73->firmware/nnet_utils/nnet_dense_latency.h:42]   --->   Operation 479 'mul' 'mul_ln73_4742' <Predicate = true> <Delay = 5.58> <CoreInst = "Multiplier">   --->   Core 3 'Multiplier' <Latency = 0> <II = 1> <Delay = 5.58> <FuncUnit> <Opcode : 'mul'> <InPorts = 2> <OutPorts = 1>
ST_7 : Operation 480 [1/1] (0.00ns)   --->   "%mult_4894 = partselect i18 @_ssdm_op_PartSelect.i18.i28.i32.i32, i28 %mul_ln73_4742, i32 10, i32 27" [firmware/nnet_utils/nnet_dense_latency.h:42]   --->   Operation 480 'partselect' 'mult_4894' <Predicate = true> <Delay = 0.00>
ST_7 : Operation 481 [1/1] (5.58ns)   --->   "%mul_ln73_4743 = mul i30 %sext_ln70_513, i30 4277" [firmware/nnet_utils/nnet_mult.h:73->firmware/nnet_utils/nnet_dense_latency.h:42]   --->   Operation 481 'mul' 'mul_ln73_4743' <Predicate = true> <Delay = 5.58> <CoreInst = "Multiplier">   --->   Core 3 'Multiplier' <Latency = 0> <II = 1> <Delay = 5.58> <FuncUnit> <Opcode : 'mul'> <InPorts = 2> <OutPorts = 1>
ST_7 : Operation 482 [1/1] (0.00ns)   --->   "%mult_4896 = partselect i20 @_ssdm_op_PartSelect.i20.i30.i32.i32, i30 %mul_ln73_4743, i32 10, i32 29" [firmware/nnet_utils/nnet_dense_latency.h:42]   --->   Operation 482 'partselect' 'mult_4896' <Predicate = true> <Delay = 0.00>
ST_7 : Operation 483 [1/1] (0.00ns)   --->   "%sext_ln70_515 = sext i16 %data_7_val_read" [firmware/nnet_utils/nnet_mult.h:70->firmware/nnet_utils/nnet_dense_latency.h:42]   --->   Operation 483 'sext' 'sext_ln70_515' <Predicate = true> <Delay = 0.00>
ST_7 : Operation 484 [1/1] (0.00ns)   --->   "%sext_ln70_516 = sext i16 %data_7_val_read" [firmware/nnet_utils/nnet_mult.h:70->firmware/nnet_utils/nnet_dense_latency.h:42]   --->   Operation 484 'sext' 'sext_ln70_516' <Predicate = true> <Delay = 0.00>
ST_7 : Operation 485 [1/1] (0.00ns)   --->   "%shl_ln73_242 = bitconcatenate i24 @_ssdm_op_BitConcatenate.i24.i16.i8, i16 %data_7_val_read, i8 0" [firmware/nnet_utils/nnet_mult.h:73->firmware/nnet_utils/nnet_dense_latency.h:42]   --->   Operation 485 'bitconcatenate' 'shl_ln73_242' <Predicate = true> <Delay = 0.00>
ST_7 : Operation 486 [1/1] (0.00ns)   --->   "%sext_ln73_274 = sext i24 %shl_ln73_242" [firmware/nnet_utils/nnet_mult.h:73->firmware/nnet_utils/nnet_dense_latency.h:42]   --->   Operation 486 'sext' 'sext_ln73_274' <Predicate = true> <Delay = 0.00>
ST_7 : Operation 487 [1/1] (0.00ns)   --->   "%shl_ln73_243 = bitconcatenate i22 @_ssdm_op_BitConcatenate.i22.i16.i6, i16 %data_7_val_read, i6 0" [firmware/nnet_utils/nnet_mult.h:73->firmware/nnet_utils/nnet_dense_latency.h:42]   --->   Operation 487 'bitconcatenate' 'shl_ln73_243' <Predicate = true> <Delay = 0.00>
ST_7 : Operation 488 [1/1] (0.00ns)   --->   "%sext_ln73_275 = sext i22 %shl_ln73_243" [firmware/nnet_utils/nnet_mult.h:73->firmware/nnet_utils/nnet_dense_latency.h:42]   --->   Operation 488 'sext' 'sext_ln73_275' <Predicate = true> <Delay = 0.00>
ST_7 : Operation 489 [1/1] (2.31ns)   --->   "%add_ln73_32 = add i25 %sext_ln73_274, i25 %sext_ln73_275" [firmware/nnet_utils/nnet_mult.h:73->firmware/nnet_utils/nnet_dense_latency.h:42]   --->   Operation 489 'add' 'add_ln73_32' <Predicate = true> <Delay = 2.31> <CoreInst = "Adder">   --->   Core 1 'Adder' <Latency = 0> <II = 1> <Delay = 2.31> <FuncUnit> <Opcode : 'add' 'sub'> <InPorts = 2> <OutPorts = 1>
ST_7 : Operation 490 [1/1] (0.00ns)   --->   "%mult_4897 = partselect i15 @_ssdm_op_PartSelect.i15.i25.i32.i32, i25 %add_ln73_32, i32 10, i32 24" [firmware/nnet_utils/nnet_dense_latency.h:42]   --->   Operation 490 'partselect' 'mult_4897' <Predicate = true> <Delay = 0.00>
ST_7 : Operation 491 [1/1] (0.00ns)   --->   "%sext_ln17_4901 = sext i15 %mult_4897" [firmware/nnet_utils/nnet_dense_latency.h:17]   --->   Operation 491 'sext' 'sext_ln17_4901' <Predicate = true> <Delay = 0.00>
ST_7 : Operation 492 [1/1] (5.58ns)   --->   "%mul_ln73_4744 = mul i29 %sext_ln70_516, i29 3110" [firmware/nnet_utils/nnet_mult.h:73->firmware/nnet_utils/nnet_dense_latency.h:42]   --->   Operation 492 'mul' 'mul_ln73_4744' <Predicate = true> <Delay = 5.58> <CoreInst = "Multiplier">   --->   Core 3 'Multiplier' <Latency = 0> <II = 1> <Delay = 5.58> <FuncUnit> <Opcode : 'mul'> <InPorts = 2> <OutPorts = 1>
ST_7 : Operation 493 [1/1] (0.00ns)   --->   "%mult_4898 = partselect i19 @_ssdm_op_PartSelect.i19.i29.i32.i32, i29 %mul_ln73_4744, i32 10, i32 28" [firmware/nnet_utils/nnet_dense_latency.h:42]   --->   Operation 493 'partselect' 'mult_4898' <Predicate = true> <Delay = 0.00>
ST_7 : Operation 494 [1/1] (0.00ns)   --->   "%sext_ln17_4902 = sext i19 %mult_4898" [firmware/nnet_utils/nnet_dense_latency.h:17]   --->   Operation 494 'sext' 'sext_ln17_4902' <Predicate = true> <Delay = 0.00>
ST_7 : Operation 495 [1/1] (0.00ns)   --->   "%shl_ln73_244 = bitconcatenate i20 @_ssdm_op_BitConcatenate.i20.i16.i4, i16 %data_7_val_read, i4 0" [firmware/nnet_utils/nnet_mult.h:73->firmware/nnet_utils/nnet_dense_latency.h:42]   --->   Operation 495 'bitconcatenate' 'shl_ln73_244' <Predicate = true> <Delay = 0.00>
ST_7 : Operation 496 [1/1] (0.00ns)   --->   "%sext_ln73_276 = sext i20 %shl_ln73_244" [firmware/nnet_utils/nnet_mult.h:73->firmware/nnet_utils/nnet_dense_latency.h:42]   --->   Operation 496 'sext' 'sext_ln73_276' <Predicate = true> <Delay = 0.00>
ST_7 : Operation 497 [1/1] (2.31ns)   --->   "%sub_ln73_167 = sub i25 %sext_ln73_276, i25 %sext_ln73_274" [firmware/nnet_utils/nnet_mult.h:73->firmware/nnet_utils/nnet_dense_latency.h:42]   --->   Operation 497 'sub' 'sub_ln73_167' <Predicate = true> <Delay = 2.31> <CoreInst = "Adder">   --->   Core 1 'Adder' <Latency = 0> <II = 1> <Delay = 2.31> <FuncUnit> <Opcode : 'add' 'sub'> <InPorts = 2> <OutPorts = 1>
ST_7 : Operation 498 [1/1] (0.00ns)   --->   "%mult_4899 = partselect i15 @_ssdm_op_PartSelect.i15.i25.i32.i32, i25 %sub_ln73_167, i32 10, i32 24" [firmware/nnet_utils/nnet_dense_latency.h:42]   --->   Operation 498 'partselect' 'mult_4899' <Predicate = true> <Delay = 0.00>
ST_7 : Operation 499 [1/1] (0.00ns)   --->   "%sext_ln17_4903 = sext i15 %mult_4899" [firmware/nnet_utils/nnet_dense_latency.h:17]   --->   Operation 499 'sext' 'sext_ln17_4903' <Predicate = true> <Delay = 0.00>
ST_7 : Operation 500 [1/1] (5.58ns)   --->   "%mul_ln73_4745 = mul i30 %sext_ln70_515, i30 1073737364" [firmware/nnet_utils/nnet_mult.h:73->firmware/nnet_utils/nnet_dense_latency.h:42]   --->   Operation 500 'mul' 'mul_ln73_4745' <Predicate = true> <Delay = 5.58> <CoreInst = "Multiplier">   --->   Core 3 'Multiplier' <Latency = 0> <II = 1> <Delay = 5.58> <FuncUnit> <Opcode : 'mul'> <InPorts = 2> <OutPorts = 1>
ST_7 : Operation 501 [1/1] (0.00ns)   --->   "%mult_4900 = partselect i20 @_ssdm_op_PartSelect.i20.i30.i32.i32, i30 %mul_ln73_4745, i32 10, i32 29" [firmware/nnet_utils/nnet_dense_latency.h:42]   --->   Operation 501 'partselect' 'mult_4900' <Predicate = true> <Delay = 0.00>
ST_7 : Operation 502 [1/1] (0.00ns)   --->   "%sext_ln17_4904 = sext i20 %mult_4900" [firmware/nnet_utils/nnet_dense_latency.h:17]   --->   Operation 502 'sext' 'sext_ln17_4904' <Predicate = true> <Delay = 0.00>
ST_7 : Operation 503 [1/1] (5.58ns)   --->   "%mul_ln73_4746 = mul i30 %sext_ln70_515, i30 1073736805" [firmware/nnet_utils/nnet_mult.h:73->firmware/nnet_utils/nnet_dense_latency.h:42]   --->   Operation 503 'mul' 'mul_ln73_4746' <Predicate = true> <Delay = 5.58> <CoreInst = "Multiplier">   --->   Core 3 'Multiplier' <Latency = 0> <II = 1> <Delay = 5.58> <FuncUnit> <Opcode : 'mul'> <InPorts = 2> <OutPorts = 1>
ST_7 : Operation 504 [1/1] (0.00ns)   --->   "%mult_4901 = partselect i20 @_ssdm_op_PartSelect.i20.i30.i32.i32, i30 %mul_ln73_4746, i32 10, i32 29" [firmware/nnet_utils/nnet_dense_latency.h:42]   --->   Operation 504 'partselect' 'mult_4901' <Predicate = true> <Delay = 0.00>
ST_7 : Operation 505 [1/1] (0.00ns)   --->   "%sext_ln17_4905 = sext i20 %mult_4901" [firmware/nnet_utils/nnet_dense_latency.h:17]   --->   Operation 505 'sext' 'sext_ln17_4905' <Predicate = true> <Delay = 0.00>
ST_7 : Operation 506 [1/1] (5.58ns)   --->   "%mul_ln73_4747 = mul i29 %sext_ln70_516, i29 536868238" [firmware/nnet_utils/nnet_mult.h:73->firmware/nnet_utils/nnet_dense_latency.h:42]   --->   Operation 506 'mul' 'mul_ln73_4747' <Predicate = true> <Delay = 5.58> <CoreInst = "Multiplier">   --->   Core 3 'Multiplier' <Latency = 0> <II = 1> <Delay = 5.58> <FuncUnit> <Opcode : 'mul'> <InPorts = 2> <OutPorts = 1>
ST_7 : Operation 507 [1/1] (0.00ns)   --->   "%mult_4902 = partselect i19 @_ssdm_op_PartSelect.i19.i29.i32.i32, i29 %mul_ln73_4747, i32 10, i32 28" [firmware/nnet_utils/nnet_dense_latency.h:42]   --->   Operation 507 'partselect' 'mult_4902' <Predicate = true> <Delay = 0.00>
ST_7 : Operation 508 [1/1] (0.00ns)   --->   "%sext_ln17_4906 = sext i19 %mult_4902" [firmware/nnet_utils/nnet_dense_latency.h:17]   --->   Operation 508 'sext' 'sext_ln17_4906' <Predicate = true> <Delay = 0.00>
ST_7 : Operation 509 [1/1] (5.58ns)   --->   "%mul_ln73_4748 = mul i29 %sext_ln70_516, i29 536867944" [firmware/nnet_utils/nnet_mult.h:73->firmware/nnet_utils/nnet_dense_latency.h:42]   --->   Operation 509 'mul' 'mul_ln73_4748' <Predicate = true> <Delay = 5.58> <CoreInst = "Multiplier">   --->   Core 3 'Multiplier' <Latency = 0> <II = 1> <Delay = 5.58> <FuncUnit> <Opcode : 'mul'> <InPorts = 2> <OutPorts = 1>
ST_7 : Operation 510 [1/1] (0.00ns)   --->   "%mult_4903 = partselect i19 @_ssdm_op_PartSelect.i19.i29.i32.i32, i29 %mul_ln73_4748, i32 10, i32 28" [firmware/nnet_utils/nnet_dense_latency.h:42]   --->   Operation 510 'partselect' 'mult_4903' <Predicate = true> <Delay = 0.00>
ST_7 : Operation 511 [1/1] (0.00ns)   --->   "%sext_ln17_4907 = sext i19 %mult_4903" [firmware/nnet_utils/nnet_dense_latency.h:17]   --->   Operation 511 'sext' 'sext_ln17_4907' <Predicate = true> <Delay = 0.00>
ST_7 : Operation 512 [1/1] (0.00ns)   --->   "%sext_ln58_3232 = sext i21 %add_ln58_4817" [firmware/nnet_utils/nnet_dense_latency.h:58]   --->   Operation 512 'sext' 'sext_ln58_3232' <Predicate = true> <Delay = 0.00>
ST_7 : Operation 513 [1/1] (2.19ns)   --->   "%add_ln58_4818 = add i21 %sext_ln17_4885, i21 %sext_ln17_4901" [firmware/nnet_utils/nnet_dense_latency.h:58]   --->   Operation 513 'add' 'add_ln58_4818' <Predicate = true> <Delay = 2.19> <CoreInst = "Adder">   --->   Core 1 'Adder' <Latency = 0> <II = 1> <Delay = 2.19> <FuncUnit> <Opcode : 'add' 'sub'> <InPorts = 2> <OutPorts = 1>
ST_7 : Operation 514 [1/1] (0.00ns)   --->   "%sext_ln58_3233 = sext i21 %add_ln58_4818" [firmware/nnet_utils/nnet_dense_latency.h:58]   --->   Operation 514 'sext' 'sext_ln58_3233' <Predicate = true> <Delay = 0.00>
ST_7 : Operation 515 [1/1] (2.22ns)   --->   "%add_ln58_4819 = add i22 %sext_ln58_3233, i22 %sext_ln58_3232" [firmware/nnet_utils/nnet_dense_latency.h:58]   --->   Operation 515 'add' 'add_ln58_4819' <Predicate = true> <Delay = 2.22> <CoreInst = "Adder">   --->   Core 1 'Adder' <Latency = 0> <II = 1> <Delay = 2.22> <FuncUnit> <Opcode : 'add' 'sub'> <InPorts = 2> <OutPorts = 1>
ST_7 : Operation 516 [1/1] (0.00ns)   --->   "%sext_ln58_3258 = sext i21 %add_ln58_4848" [firmware/nnet_utils/nnet_dense_latency.h:58]   --->   Operation 516 'sext' 'sext_ln58_3258' <Predicate = true> <Delay = 0.00>
ST_7 : Operation 517 [1/1] (0.00ns) (grouped into TernaryAdder)   --->   "%add_ln58_4849 = add i21 %sext_ln17_4854, i21 %sext_ln17_4870" [firmware/nnet_utils/nnet_dense_latency.h:58]   --->   Operation 517 'add' 'add_ln58_4849' <Predicate = true> <Delay = 0.00> <CoreInst = "TAddSub">   --->   Core 10 'TAddSub' <Latency = 0> <II = 1> <Delay = 2.03> <IPBlock> <Opcode : '<invalid operator> ' 'add' 'sub'> <InPorts = 3> <OutPorts = 1> <Sync> <CReg>
ST_7 : Operation 518 [1/1] (2.16ns)   --->   "%add_ln58_4850 = add i20 %sext_ln17_4886, i20 %sext_ln17_4902" [firmware/nnet_utils/nnet_dense_latency.h:58]   --->   Operation 518 'add' 'add_ln58_4850' <Predicate = true> <Delay = 2.16> <CoreInst = "Adder">   --->   Core 1 'Adder' <Latency = 0> <II = 1> <Delay = 2.16> <FuncUnit> <Opcode : 'add' 'sub'> <InPorts = 2> <OutPorts = 1>
ST_7 : Operation 519 [1/1] (0.00ns)   --->   "%sext_ln58_3259 = sext i20 %add_ln58_4850" [firmware/nnet_utils/nnet_dense_latency.h:58]   --->   Operation 519 'sext' 'sext_ln58_3259' <Predicate = true> <Delay = 0.00>
ST_7 : Operation 520 [1/1] (4.04ns) (root node of TernaryAdder)   --->   "%add_ln58_4851 = add i21 %sext_ln58_3259, i21 %add_ln58_4849" [firmware/nnet_utils/nnet_dense_latency.h:58]   --->   Operation 520 'add' 'add_ln58_4851' <Predicate = true> <Delay = 4.04> <CoreInst = "TAddSub">   --->   Core 10 'TAddSub' <Latency = 0> <II = 1> <Delay = 2.03> <IPBlock> <Opcode : '<invalid operator> ' 'add' 'sub'> <InPorts = 3> <OutPorts = 1> <Sync> <CReg>
ST_7 : Operation 521 [1/1] (0.00ns)   --->   "%sext_ln58_3260 = sext i21 %add_ln58_4851" [firmware/nnet_utils/nnet_dense_latency.h:58]   --->   Operation 521 'sext' 'sext_ln58_3260' <Predicate = true> <Delay = 0.00>
ST_7 : Operation 522 [1/1] (2.22ns)   --->   "%add_ln58_4852 = add i22 %sext_ln58_3260, i22 %sext_ln58_3258" [firmware/nnet_utils/nnet_dense_latency.h:58]   --->   Operation 522 'add' 'add_ln58_4852' <Predicate = true> <Delay = 2.22> <CoreInst = "Adder">   --->   Core 1 'Adder' <Latency = 0> <II = 1> <Delay = 2.22> <FuncUnit> <Opcode : 'add' 'sub'> <InPorts = 2> <OutPorts = 1>
ST_7 : Operation 523 [1/1] (0.00ns)   --->   "%sext_ln58_3288 = sext i21 %add_ln58_4881" [firmware/nnet_utils/nnet_dense_latency.h:58]   --->   Operation 523 'sext' 'sext_ln58_3288' <Predicate = true> <Delay = 0.00>
ST_7 : Operation 524 [1/1] (2.19ns)   --->   "%add_ln58_4882 = add i21 %sext_ln17_4887, i21 %sext_ln17_4903" [firmware/nnet_utils/nnet_dense_latency.h:58]   --->   Operation 524 'add' 'add_ln58_4882' <Predicate = true> <Delay = 2.19> <CoreInst = "Adder">   --->   Core 1 'Adder' <Latency = 0> <II = 1> <Delay = 2.19> <FuncUnit> <Opcode : 'add' 'sub'> <InPorts = 2> <OutPorts = 1>
ST_7 : Operation 525 [1/1] (0.00ns)   --->   "%sext_ln58_3289 = sext i21 %add_ln58_4882" [firmware/nnet_utils/nnet_dense_latency.h:58]   --->   Operation 525 'sext' 'sext_ln58_3289' <Predicate = true> <Delay = 0.00>
ST_7 : Operation 526 [1/1] (2.22ns)   --->   "%add_ln58_4883 = add i22 %sext_ln58_3289, i22 %sext_ln58_3288" [firmware/nnet_utils/nnet_dense_latency.h:58]   --->   Operation 526 'add' 'add_ln58_4883' <Predicate = true> <Delay = 2.22> <CoreInst = "Adder">   --->   Core 1 'Adder' <Latency = 0> <II = 1> <Delay = 2.22> <FuncUnit> <Opcode : 'add' 'sub'> <InPorts = 2> <OutPorts = 1>
ST_7 : Operation 527 [1/1] (0.00ns)   --->   "%sext_ln58_3313 = sext i21 %add_ln58_4912" [firmware/nnet_utils/nnet_dense_latency.h:58]   --->   Operation 527 'sext' 'sext_ln58_3313' <Predicate = true> <Delay = 0.00>
ST_7 : Operation 528 [1/1] (0.00ns)   --->   "%sext_ln58_3314 = sext i21 %add_ln58_4913" [firmware/nnet_utils/nnet_dense_latency.h:58]   --->   Operation 528 'sext' 'sext_ln58_3314' <Predicate = true> <Delay = 0.00>
ST_7 : Operation 529 [1/1] (2.19ns)   --->   "%add_ln58_4914 = add i21 %sext_ln17_4888, i21 %sext_ln17_4904" [firmware/nnet_utils/nnet_dense_latency.h:58]   --->   Operation 529 'add' 'add_ln58_4914' <Predicate = true> <Delay = 2.19> <CoreInst = "Adder">   --->   Core 1 'Adder' <Latency = 0> <II = 1> <Delay = 2.19> <FuncUnit> <Opcode : 'add' 'sub'> <InPorts = 2> <OutPorts = 1>
ST_7 : Operation 530 [1/1] (0.00ns)   --->   "%sext_ln58_3315 = sext i21 %add_ln58_4914" [firmware/nnet_utils/nnet_dense_latency.h:58]   --->   Operation 530 'sext' 'sext_ln58_3315' <Predicate = true> <Delay = 0.00>
ST_7 : Operation 531 [1/1] (2.22ns)   --->   "%add_ln58_4915 = add i22 %sext_ln58_3315, i22 %sext_ln58_3314" [firmware/nnet_utils/nnet_dense_latency.h:58]   --->   Operation 531 'add' 'add_ln58_4915' <Predicate = true> <Delay = 2.22> <CoreInst = "Adder">   --->   Core 1 'Adder' <Latency = 0> <II = 1> <Delay = 2.22> <FuncUnit> <Opcode : 'add' 'sub'> <InPorts = 2> <OutPorts = 1>
ST_7 : Operation 532 [1/1] (0.00ns)   --->   "%sext_ln58_3316 = sext i22 %add_ln58_4915" [firmware/nnet_utils/nnet_dense_latency.h:58]   --->   Operation 532 'sext' 'sext_ln58_3316' <Predicate = true> <Delay = 0.00>
ST_7 : Operation 533 [1/1] (2.25ns)   --->   "%add_ln58_4916 = add i23 %sext_ln58_3316, i23 %sext_ln58_3313" [firmware/nnet_utils/nnet_dense_latency.h:58]   --->   Operation 533 'add' 'add_ln58_4916' <Predicate = true> <Delay = 2.25> <CoreInst = "Adder">   --->   Core 1 'Adder' <Latency = 0> <II = 1> <Delay = 2.25> <FuncUnit> <Opcode : 'add' 'sub'> <InPorts = 2> <OutPorts = 1>
ST_7 : Operation 534 [1/1] (0.00ns)   --->   "%sext_ln58_3340 = sext i22 %add_ln58_4944" [firmware/nnet_utils/nnet_dense_latency.h:58]   --->   Operation 534 'sext' 'sext_ln58_3340' <Predicate = true> <Delay = 0.00>
ST_7 : Operation 535 [1/1] (0.00ns)   --->   "%sext_ln58_3341 = sext i21 %add_ln58_4945" [firmware/nnet_utils/nnet_dense_latency.h:58]   --->   Operation 535 'sext' 'sext_ln58_3341' <Predicate = true> <Delay = 0.00>
ST_7 : Operation 536 [1/1] (2.19ns)   --->   "%add_ln58_4946 = add i21 %sext_ln17_4889, i21 %sext_ln17_4905" [firmware/nnet_utils/nnet_dense_latency.h:58]   --->   Operation 536 'add' 'add_ln58_4946' <Predicate = true> <Delay = 2.19> <CoreInst = "Adder">   --->   Core 1 'Adder' <Latency = 0> <II = 1> <Delay = 2.19> <FuncUnit> <Opcode : 'add' 'sub'> <InPorts = 2> <OutPorts = 1>
ST_7 : Operation 537 [1/1] (0.00ns)   --->   "%sext_ln58_3342 = sext i21 %add_ln58_4946" [firmware/nnet_utils/nnet_dense_latency.h:58]   --->   Operation 537 'sext' 'sext_ln58_3342' <Predicate = true> <Delay = 0.00>
ST_7 : Operation 538 [1/1] (2.22ns)   --->   "%add_ln58_4947 = add i22 %sext_ln58_3342, i22 %sext_ln58_3341" [firmware/nnet_utils/nnet_dense_latency.h:58]   --->   Operation 538 'add' 'add_ln58_4947' <Predicate = true> <Delay = 2.22> <CoreInst = "Adder">   --->   Core 1 'Adder' <Latency = 0> <II = 1> <Delay = 2.22> <FuncUnit> <Opcode : 'add' 'sub'> <InPorts = 2> <OutPorts = 1>
ST_7 : Operation 539 [1/1] (0.00ns)   --->   "%sext_ln58_3343 = sext i22 %add_ln58_4947" [firmware/nnet_utils/nnet_dense_latency.h:58]   --->   Operation 539 'sext' 'sext_ln58_3343' <Predicate = true> <Delay = 0.00>
ST_7 : Operation 540 [1/1] (2.25ns)   --->   "%add_ln58_4948 = add i23 %sext_ln58_3343, i23 %sext_ln58_3340" [firmware/nnet_utils/nnet_dense_latency.h:58]   --->   Operation 540 'add' 'add_ln58_4948' <Predicate = true> <Delay = 2.25> <CoreInst = "Adder">   --->   Core 1 'Adder' <Latency = 0> <II = 1> <Delay = 2.25> <FuncUnit> <Opcode : 'add' 'sub'> <InPorts = 2> <OutPorts = 1>
ST_7 : Operation 541 [1/1] (0.00ns)   --->   "%sext_ln58_3365 = sext i21 %add_ln58_4974" [firmware/nnet_utils/nnet_dense_latency.h:58]   --->   Operation 541 'sext' 'sext_ln58_3365' <Predicate = true> <Delay = 0.00>
ST_7 : Operation 542 [1/1] (0.00ns)   --->   "%sext_ln58_3366 = sext i21 %add_ln58_4975" [firmware/nnet_utils/nnet_dense_latency.h:58]   --->   Operation 542 'sext' 'sext_ln58_3366' <Predicate = true> <Delay = 0.00>
ST_7 : Operation 543 [1/1] (0.00ns) (grouped into TernaryAdder)   --->   "%add_ln58_4976 = add i22 %sext_ln58_3366, i22 %sext_ln58_3365" [firmware/nnet_utils/nnet_dense_latency.h:58]   --->   Operation 543 'add' 'add_ln58_4976' <Predicate = true> <Delay = 0.00> <CoreInst = "TAddSub">   --->   Core 10 'TAddSub' <Latency = 0> <II = 1> <Delay = 2.03> <IPBlock> <Opcode : '<invalid operator> ' 'add' 'sub'> <InPorts = 3> <OutPorts = 1> <Sync> <CReg>
ST_7 : Operation 544 [1/1] (0.00ns)   --->   "%sext_ln58_3367 = sext i20 %add_ln58_4977" [firmware/nnet_utils/nnet_dense_latency.h:58]   --->   Operation 544 'sext' 'sext_ln58_3367' <Predicate = true> <Delay = 0.00>
ST_7 : Operation 545 [1/1] (2.16ns)   --->   "%add_ln58_4978 = add i20 %sext_ln17_4890, i20 %sext_ln17_4906" [firmware/nnet_utils/nnet_dense_latency.h:58]   --->   Operation 545 'add' 'add_ln58_4978' <Predicate = true> <Delay = 2.16> <CoreInst = "Adder">   --->   Core 1 'Adder' <Latency = 0> <II = 1> <Delay = 2.16> <FuncUnit> <Opcode : 'add' 'sub'> <InPorts = 2> <OutPorts = 1>
ST_7 : Operation 546 [1/1] (0.00ns)   --->   "%sext_ln58_3368 = sext i20 %add_ln58_4978" [firmware/nnet_utils/nnet_dense_latency.h:58]   --->   Operation 546 'sext' 'sext_ln58_3368' <Predicate = true> <Delay = 0.00>
ST_7 : Operation 547 [1/1] (2.19ns)   --->   "%add_ln58_4979 = add i21 %sext_ln58_3368, i21 %sext_ln58_3367" [firmware/nnet_utils/nnet_dense_latency.h:58]   --->   Operation 547 'add' 'add_ln58_4979' <Predicate = true> <Delay = 2.19> <CoreInst = "Adder">   --->   Core 1 'Adder' <Latency = 0> <II = 1> <Delay = 2.19> <FuncUnit> <Opcode : 'add' 'sub'> <InPorts = 2> <OutPorts = 1>
ST_7 : Operation 548 [1/1] (0.00ns)   --->   "%sext_ln58_3369 = sext i21 %add_ln58_4979" [firmware/nnet_utils/nnet_dense_latency.h:58]   --->   Operation 548 'sext' 'sext_ln58_3369' <Predicate = true> <Delay = 0.00>
ST_7 : Operation 549 [1/1] (4.07ns) (root node of TernaryAdder)   --->   "%add_ln58_4980 = add i22 %sext_ln58_3369, i22 %add_ln58_4976" [firmware/nnet_utils/nnet_dense_latency.h:58]   --->   Operation 549 'add' 'add_ln58_4980' <Predicate = true> <Delay = 4.07> <CoreInst = "TAddSub">   --->   Core 10 'TAddSub' <Latency = 0> <II = 1> <Delay = 2.03> <IPBlock> <Opcode : '<invalid operator> ' 'add' 'sub'> <InPorts = 3> <OutPorts = 1> <Sync> <CReg>
ST_7 : Operation 550 [1/1] (0.00ns)   --->   "%sext_ln58_3396 = sext i21 %add_ln58_5008" [firmware/nnet_utils/nnet_dense_latency.h:58]   --->   Operation 550 'sext' 'sext_ln58_3396' <Predicate = true> <Delay = 0.00>
ST_7 : Operation 551 [1/1] (0.00ns)   --->   "%sext_ln58_3397 = sext i19 %add_ln58_5009" [firmware/nnet_utils/nnet_dense_latency.h:58]   --->   Operation 551 'sext' 'sext_ln58_3397' <Predicate = true> <Delay = 0.00>
ST_7 : Operation 552 [1/1] (0.00ns) (grouped into TernaryAdder)   --->   "%add_ln58_5010 = add i21 %sext_ln17_4891, i21 %sext_ln17_4907" [firmware/nnet_utils/nnet_dense_latency.h:58]   --->   Operation 552 'add' 'add_ln58_5010' <Predicate = true> <Delay = 0.00> <CoreInst = "TAddSub">   --->   Core 10 'TAddSub' <Latency = 0> <II = 1> <Delay = 2.03> <IPBlock> <Opcode : '<invalid operator> ' 'add' 'sub'> <InPorts = 3> <OutPorts = 1> <Sync> <CReg>
ST_7 : Operation 553 [1/1] (4.04ns) (root node of TernaryAdder)   --->   "%add_ln58_5011 = add i21 %add_ln58_5010, i21 %sext_ln58_3397" [firmware/nnet_utils/nnet_dense_latency.h:58]   --->   Operation 553 'add' 'add_ln58_5011' <Predicate = true> <Delay = 4.04> <CoreInst = "TAddSub">   --->   Core 10 'TAddSub' <Latency = 0> <II = 1> <Delay = 2.03> <IPBlock> <Opcode : '<invalid operator> ' 'add' 'sub'> <InPorts = 3> <OutPorts = 1> <Sync> <CReg>
ST_7 : Operation 554 [1/1] (0.00ns)   --->   "%sext_ln58_3398 = sext i21 %add_ln58_5011" [firmware/nnet_utils/nnet_dense_latency.h:58]   --->   Operation 554 'sext' 'sext_ln58_3398' <Predicate = true> <Delay = 0.00>
ST_7 : Operation 555 [1/1] (2.22ns)   --->   "%add_ln58_5012 = add i22 %sext_ln58_3398, i22 %sext_ln58_3396" [firmware/nnet_utils/nnet_dense_latency.h:58]   --->   Operation 555 'add' 'add_ln58_5012' <Predicate = true> <Delay = 2.22> <CoreInst = "Adder">   --->   Core 1 'Adder' <Latency = 0> <II = 1> <Delay = 2.22> <FuncUnit> <Opcode : 'add' 'sub'> <InPorts = 2> <OutPorts = 1>

State 8 <SV = 7> <Delay = 13.9>
ST_8 : Operation 556 [1/1] (0.00ns)   --->   "%data_8_val_read = read i16 @_ssdm_op_Read.ap_auto.i16, i16 %data_8_val" [firmware/nnet_utils/nnet_mult.h:70->firmware/nnet_utils/nnet_dense_latency.h:42]   --->   Operation 556 'read' 'data_8_val_read' <Predicate = true> <Delay = 0.00>
ST_8 : Operation 557 [1/1] (0.00ns)   --->   "%sext_ln17_4863 = sext i7 %mult_4859" [firmware/nnet_utils/nnet_dense_latency.h:17]   --->   Operation 557 'sext' 'sext_ln17_4863' <Predicate = true> <Delay = 0.00>
ST_8 : Operation 558 [1/1] (0.00ns)   --->   "%sext_ln17_4879 = sext i19 %mult_4875" [firmware/nnet_utils/nnet_dense_latency.h:17]   --->   Operation 558 'sext' 'sext_ln17_4879' <Predicate = true> <Delay = 0.00>
ST_8 : Operation 559 [1/1] (0.00ns)   --->   "%sext_ln17_4892 = sext i20 %mult_4888" [firmware/nnet_utils/nnet_dense_latency.h:17]   --->   Operation 559 'sext' 'sext_ln17_4892' <Predicate = true> <Delay = 0.00>
ST_8 : Operation 560 [1/1] (0.00ns)   --->   "%sext_ln17_4893 = sext i20 %mult_4889" [firmware/nnet_utils/nnet_dense_latency.h:17]   --->   Operation 560 'sext' 'sext_ln17_4893' <Predicate = true> <Delay = 0.00>
ST_8 : Operation 561 [1/1] (0.00ns)   --->   "%sext_ln17_4894 = sext i20 %mult_4890" [firmware/nnet_utils/nnet_dense_latency.h:17]   --->   Operation 561 'sext' 'sext_ln17_4894' <Predicate = true> <Delay = 0.00>
ST_8 : Operation 562 [1/1] (0.00ns)   --->   "%shl_ln73_s = bitconcatenate i23 @_ssdm_op_BitConcatenate.i23.i16.i7, i16 %data_6_val_read, i7 0" [firmware/nnet_utils/nnet_mult.h:73->firmware/nnet_utils/nnet_dense_latency.h:42]   --->   Operation 562 'bitconcatenate' 'shl_ln73_s' <Predicate = true> <Delay = 0.00>
ST_8 : Operation 563 [1/1] (0.00ns)   --->   "%sext_ln73_268 = sext i23 %shl_ln73_s" [firmware/nnet_utils/nnet_mult.h:73->firmware/nnet_utils/nnet_dense_latency.h:42]   --->   Operation 563 'sext' 'sext_ln73_268' <Predicate = true> <Delay = 0.00>
ST_8 : Operation 564 [1/1] (0.00ns)   --->   "%shl_ln73_238 = bitconcatenate i19 @_ssdm_op_BitConcatenate.i19.i16.i3, i16 %data_6_val_read, i3 0" [firmware/nnet_utils/nnet_mult.h:73->firmware/nnet_utils/nnet_dense_latency.h:42]   --->   Operation 564 'bitconcatenate' 'shl_ln73_238' <Predicate = true> <Delay = 0.00>
ST_8 : Operation 565 [1/1] (0.00ns)   --->   "%sext_ln73_269 = sext i19 %shl_ln73_238" [firmware/nnet_utils/nnet_mult.h:73->firmware/nnet_utils/nnet_dense_latency.h:42]   --->   Operation 565 'sext' 'sext_ln73_269' <Predicate = true> <Delay = 0.00>
ST_8 : Operation 566 [1/1] (0.00ns)   --->   "%sext_ln73_270 = sext i19 %shl_ln73_238" [firmware/nnet_utils/nnet_mult.h:73->firmware/nnet_utils/nnet_dense_latency.h:42]   --->   Operation 566 'sext' 'sext_ln73_270' <Predicate = true> <Delay = 0.00>
ST_8 : Operation 567 [1/1] (2.28ns)   --->   "%add_ln73 = add i24 %sext_ln73_268, i24 %sext_ln73_270" [firmware/nnet_utils/nnet_mult.h:73->firmware/nnet_utils/nnet_dense_latency.h:42]   --->   Operation 567 'add' 'add_ln73' <Predicate = true> <Delay = 2.28> <CoreInst = "Adder">   --->   Core 1 'Adder' <Latency = 0> <II = 1> <Delay = 2.28> <FuncUnit> <Opcode : 'add' 'sub'> <InPorts = 2> <OutPorts = 1>
ST_8 : Operation 568 [1/1] (0.00ns)   --->   "%mult_4891 = partselect i14 @_ssdm_op_PartSelect.i14.i24.i32.i32, i24 %add_ln73, i32 10, i32 23" [firmware/nnet_utils/nnet_dense_latency.h:42]   --->   Operation 568 'partselect' 'mult_4891' <Predicate = true> <Delay = 0.00>
ST_8 : Operation 569 [1/1] (0.00ns)   --->   "%sext_ln17_4895 = sext i14 %mult_4891" [firmware/nnet_utils/nnet_dense_latency.h:17]   --->   Operation 569 'sext' 'sext_ln17_4895' <Predicate = true> <Delay = 0.00>
ST_8 : Operation 570 [1/1] (0.00ns)   --->   "%sext_ln17_4896 = sext i20 %mult_4892" [firmware/nnet_utils/nnet_dense_latency.h:17]   --->   Operation 570 'sext' 'sext_ln17_4896' <Predicate = true> <Delay = 0.00>
ST_8 : Operation 571 [1/1] (0.00ns)   --->   "%shl_ln73_239 = bitconcatenate i27 @_ssdm_op_BitConcatenate.i27.i16.i11, i16 %data_6_val_read, i11 0" [firmware/nnet_utils/nnet_mult.h:73->firmware/nnet_utils/nnet_dense_latency.h:42]   --->   Operation 571 'bitconcatenate' 'shl_ln73_239' <Predicate = true> <Delay = 0.00>
ST_8 : Operation 572 [1/1] (0.00ns)   --->   "%sext_ln73_271 = sext i27 %shl_ln73_239" [firmware/nnet_utils/nnet_mult.h:73->firmware/nnet_utils/nnet_dense_latency.h:42]   --->   Operation 572 'sext' 'sext_ln73_271' <Predicate = true> <Delay = 0.00>
ST_8 : Operation 573 [1/1] (0.00ns)   --->   "%shl_ln73_240 = bitconcatenate i17 @_ssdm_op_BitConcatenate.i17.i16.i1, i16 %data_6_val_read, i1 0" [firmware/nnet_utils/nnet_mult.h:73->firmware/nnet_utils/nnet_dense_latency.h:42]   --->   Operation 573 'bitconcatenate' 'shl_ln73_240' <Predicate = true> <Delay = 0.00>
ST_8 : Operation 574 [1/1] (0.00ns)   --->   "%sext_ln73_272 = sext i17 %shl_ln73_240" [firmware/nnet_utils/nnet_mult.h:73->firmware/nnet_utils/nnet_dense_latency.h:42]   --->   Operation 574 'sext' 'sext_ln73_272' <Predicate = true> <Delay = 0.00>
ST_8 : Operation 575 [1/1] (2.40ns)   --->   "%sub_ln73_166 = sub i28 %sext_ln73_272, i28 %sext_ln73_271" [firmware/nnet_utils/nnet_mult.h:73->firmware/nnet_utils/nnet_dense_latency.h:42]   --->   Operation 575 'sub' 'sub_ln73_166' <Predicate = true> <Delay = 2.40> <CoreInst = "Adder">   --->   Core 1 'Adder' <Latency = 0> <II = 1> <Delay = 2.40> <FuncUnit> <Opcode : 'add' 'sub'> <InPorts = 2> <OutPorts = 1>
ST_8 : Operation 576 [1/1] (0.00ns)   --->   "%mult_4893 = partselect i18 @_ssdm_op_PartSelect.i18.i28.i32.i32, i28 %sub_ln73_166, i32 10, i32 27" [firmware/nnet_utils/nnet_dense_latency.h:42]   --->   Operation 576 'partselect' 'mult_4893' <Predicate = true> <Delay = 0.00>
ST_8 : Operation 577 [1/1] (0.00ns)   --->   "%sext_ln17_4897 = sext i18 %mult_4893" [firmware/nnet_utils/nnet_dense_latency.h:17]   --->   Operation 577 'sext' 'sext_ln17_4897' <Predicate = true> <Delay = 0.00>
ST_8 : Operation 578 [1/1] (0.00ns)   --->   "%sext_ln17_4898 = sext i18 %mult_4894" [firmware/nnet_utils/nnet_dense_latency.h:17]   --->   Operation 578 'sext' 'sext_ln17_4898' <Predicate = true> <Delay = 0.00>
ST_8 : Operation 579 [1/1] (0.00ns)   --->   "%shl_ln73_241 = bitconcatenate i25 @_ssdm_op_BitConcatenate.i25.i16.i9, i16 %data_6_val_read, i9 0" [firmware/nnet_utils/nnet_mult.h:73->firmware/nnet_utils/nnet_dense_latency.h:42]   --->   Operation 579 'bitconcatenate' 'shl_ln73_241' <Predicate = true> <Delay = 0.00>
ST_8 : Operation 580 [1/1] (0.00ns)   --->   "%sext_ln73_273 = sext i25 %shl_ln73_241" [firmware/nnet_utils/nnet_mult.h:73->firmware/nnet_utils/nnet_dense_latency.h:42]   --->   Operation 580 'sext' 'sext_ln73_273' <Predicate = true> <Delay = 0.00>
ST_8 : Operation 581 [1/1] (2.34ns)   --->   "%add_ln73_31 = add i26 %sext_ln73_273, i26 %sext_ln73_269" [firmware/nnet_utils/nnet_mult.h:73->firmware/nnet_utils/nnet_dense_latency.h:42]   --->   Operation 581 'add' 'add_ln73_31' <Predicate = true> <Delay = 2.34> <CoreInst = "Adder">   --->   Core 1 'Adder' <Latency = 0> <II = 1> <Delay = 2.34> <FuncUnit> <Opcode : 'add' 'sub'> <InPorts = 2> <OutPorts = 1>
ST_8 : Operation 582 [1/1] (0.00ns)   --->   "%mult_4895 = partselect i16 @_ssdm_op_PartSelect.i16.i26.i32.i32, i26 %add_ln73_31, i32 10, i32 25" [firmware/nnet_utils/nnet_dense_latency.h:42]   --->   Operation 582 'partselect' 'mult_4895' <Predicate = true> <Delay = 0.00>
ST_8 : Operation 583 [1/1] (0.00ns)   --->   "%sext_ln17_4899 = sext i16 %mult_4895" [firmware/nnet_utils/nnet_dense_latency.h:17]   --->   Operation 583 'sext' 'sext_ln17_4899' <Predicate = true> <Delay = 0.00>
ST_8 : Operation 584 [1/1] (0.00ns)   --->   "%sext_ln17_4900 = sext i20 %mult_4896" [firmware/nnet_utils/nnet_dense_latency.h:17]   --->   Operation 584 'sext' 'sext_ln17_4900' <Predicate = true> <Delay = 0.00>
ST_8 : Operation 585 [1/1] (0.00ns)   --->   "%sext_ln70_514 = sext i16 %data_7_val_read" [firmware/nnet_utils/nnet_mult.h:70->firmware/nnet_utils/nnet_dense_latency.h:42]   --->   Operation 585 'sext' 'sext_ln70_514' <Predicate = true> <Delay = 0.00>
ST_8 : Operation 586 [1/1] (5.58ns)   --->   "%mul_ln73_4749 = mul i30 %sext_ln70_515, i30 1073736027" [firmware/nnet_utils/nnet_mult.h:73->firmware/nnet_utils/nnet_dense_latency.h:42]   --->   Operation 586 'mul' 'mul_ln73_4749' <Predicate = true> <Delay = 5.58> <CoreInst = "Multiplier">   --->   Core 3 'Multiplier' <Latency = 0> <II = 1> <Delay = 5.58> <FuncUnit> <Opcode : 'mul'> <InPorts = 2> <OutPorts = 1>
ST_8 : Operation 587 [1/1] (0.00ns)   --->   "%mult_4904 = partselect i20 @_ssdm_op_PartSelect.i20.i30.i32.i32, i30 %mul_ln73_4749, i32 10, i32 29" [firmware/nnet_utils/nnet_dense_latency.h:42]   --->   Operation 587 'partselect' 'mult_4904' <Predicate = true> <Delay = 0.00>
ST_8 : Operation 588 [1/1] (0.00ns)   --->   "%sext_ln17_4908 = sext i20 %mult_4904" [firmware/nnet_utils/nnet_dense_latency.h:17]   --->   Operation 588 'sext' 'sext_ln17_4908' <Predicate = true> <Delay = 0.00>
ST_8 : Operation 589 [1/1] (5.58ns)   --->   "%mul_ln73_4750 = mul i29 %sext_ln70_516, i29 536867983" [firmware/nnet_utils/nnet_mult.h:73->firmware/nnet_utils/nnet_dense_latency.h:42]   --->   Operation 589 'mul' 'mul_ln73_4750' <Predicate = true> <Delay = 5.58> <CoreInst = "Multiplier">   --->   Core 3 'Multiplier' <Latency = 0> <II = 1> <Delay = 5.58> <FuncUnit> <Opcode : 'mul'> <InPorts = 2> <OutPorts = 1>
ST_8 : Operation 590 [1/1] (0.00ns)   --->   "%mult_4905 = partselect i19 @_ssdm_op_PartSelect.i19.i29.i32.i32, i29 %mul_ln73_4750, i32 10, i32 28" [firmware/nnet_utils/nnet_dense_latency.h:42]   --->   Operation 590 'partselect' 'mult_4905' <Predicate = true> <Delay = 0.00>
ST_8 : Operation 591 [1/1] (0.00ns)   --->   "%sext_ln17_4909 = sext i19 %mult_4905" [firmware/nnet_utils/nnet_dense_latency.h:17]   --->   Operation 591 'sext' 'sext_ln17_4909' <Predicate = true> <Delay = 0.00>
ST_8 : Operation 592 [1/1] (5.58ns)   --->   "%mul_ln73_4751 = mul i30 %sext_ln70_515, i30 1073736711" [firmware/nnet_utils/nnet_mult.h:73->firmware/nnet_utils/nnet_dense_latency.h:42]   --->   Operation 592 'mul' 'mul_ln73_4751' <Predicate = true> <Delay = 5.58> <CoreInst = "Multiplier">   --->   Core 3 'Multiplier' <Latency = 0> <II = 1> <Delay = 5.58> <FuncUnit> <Opcode : 'mul'> <InPorts = 2> <OutPorts = 1>
ST_8 : Operation 593 [1/1] (0.00ns)   --->   "%mult_4906 = partselect i20 @_ssdm_op_PartSelect.i20.i30.i32.i32, i30 %mul_ln73_4751, i32 10, i32 29" [firmware/nnet_utils/nnet_dense_latency.h:42]   --->   Operation 593 'partselect' 'mult_4906' <Predicate = true> <Delay = 0.00>
ST_8 : Operation 594 [1/1] (0.00ns)   --->   "%sext_ln17_4910 = sext i20 %mult_4906" [firmware/nnet_utils/nnet_dense_latency.h:17]   --->   Operation 594 'sext' 'sext_ln17_4910' <Predicate = true> <Delay = 0.00>
ST_8 : Operation 595 [1/1] (5.58ns)   --->   "%mul_ln73_4752 = mul i27 %sext_ln70_514, i27 134217102" [firmware/nnet_utils/nnet_mult.h:73->firmware/nnet_utils/nnet_dense_latency.h:42]   --->   Operation 595 'mul' 'mul_ln73_4752' <Predicate = true> <Delay = 5.58> <CoreInst = "Multiplier">   --->   Core 3 'Multiplier' <Latency = 0> <II = 1> <Delay = 5.58> <FuncUnit> <Opcode : 'mul'> <InPorts = 2> <OutPorts = 1>
ST_8 : Operation 596 [1/1] (0.00ns)   --->   "%mult_4907 = partselect i17 @_ssdm_op_PartSelect.i17.i27.i32.i32, i27 %mul_ln73_4752, i32 10, i32 26" [firmware/nnet_utils/nnet_dense_latency.h:42]   --->   Operation 596 'partselect' 'mult_4907' <Predicate = true> <Delay = 0.00>
ST_8 : Operation 597 [1/1] (0.00ns)   --->   "%sext_ln17_4911 = sext i17 %mult_4907" [firmware/nnet_utils/nnet_dense_latency.h:17]   --->   Operation 597 'sext' 'sext_ln17_4911' <Predicate = true> <Delay = 0.00>
ST_8 : Operation 598 [1/1] (5.58ns)   --->   "%mul_ln73_4753 = mul i27 %sext_ln70_514, i27 584" [firmware/nnet_utils/nnet_mult.h:73->firmware/nnet_utils/nnet_dense_latency.h:42]   --->   Operation 598 'mul' 'mul_ln73_4753' <Predicate = true> <Delay = 5.58> <CoreInst = "Multiplier">   --->   Core 3 'Multiplier' <Latency = 0> <II = 1> <Delay = 5.58> <FuncUnit> <Opcode : 'mul'> <InPorts = 2> <OutPorts = 1>
ST_8 : Operation 599 [1/1] (0.00ns)   --->   "%mult_4908 = partselect i17 @_ssdm_op_PartSelect.i17.i27.i32.i32, i27 %mul_ln73_4753, i32 10, i32 26" [firmware/nnet_utils/nnet_dense_latency.h:42]   --->   Operation 599 'partselect' 'mult_4908' <Predicate = true> <Delay = 0.00>
ST_8 : Operation 600 [1/1] (0.00ns)   --->   "%sext_ln17_4912 = sext i17 %mult_4908" [firmware/nnet_utils/nnet_dense_latency.h:17]   --->   Operation 600 'sext' 'sext_ln17_4912' <Predicate = true> <Delay = 0.00>
ST_8 : Operation 601 [1/1] (5.58ns)   --->   "%mul_ln73_4754 = mul i30 %sext_ln70_515, i30 4748" [firmware/nnet_utils/nnet_mult.h:73->firmware/nnet_utils/nnet_dense_latency.h:42]   --->   Operation 601 'mul' 'mul_ln73_4754' <Predicate = true> <Delay = 5.58> <CoreInst = "Multiplier">   --->   Core 3 'Multiplier' <Latency = 0> <II = 1> <Delay = 5.58> <FuncUnit> <Opcode : 'mul'> <InPorts = 2> <OutPorts = 1>
ST_8 : Operation 602 [1/1] (0.00ns)   --->   "%mult_4909 = partselect i20 @_ssdm_op_PartSelect.i20.i30.i32.i32, i30 %mul_ln73_4754, i32 10, i32 29" [firmware/nnet_utils/nnet_dense_latency.h:42]   --->   Operation 602 'partselect' 'mult_4909' <Predicate = true> <Delay = 0.00>
ST_8 : Operation 603 [1/1] (0.00ns)   --->   "%sext_ln17_4913 = sext i20 %mult_4909" [firmware/nnet_utils/nnet_dense_latency.h:17]   --->   Operation 603 'sext' 'sext_ln17_4913' <Predicate = true> <Delay = 0.00>
ST_8 : Operation 604 [1/1] (5.58ns)   --->   "%mul_ln73_4755 = mul i29 %sext_ln70_516, i29 536867776" [firmware/nnet_utils/nnet_mult.h:73->firmware/nnet_utils/nnet_dense_latency.h:42]   --->   Operation 604 'mul' 'mul_ln73_4755' <Predicate = true> <Delay = 5.58> <CoreInst = "Multiplier">   --->   Core 3 'Multiplier' <Latency = 0> <II = 1> <Delay = 5.58> <FuncUnit> <Opcode : 'mul'> <InPorts = 2> <OutPorts = 1>
ST_8 : Operation 605 [1/1] (0.00ns)   --->   "%mult_4910 = partselect i19 @_ssdm_op_PartSelect.i19.i29.i32.i32, i29 %mul_ln73_4755, i32 10, i32 28" [firmware/nnet_utils/nnet_dense_latency.h:42]   --->   Operation 605 'partselect' 'mult_4910' <Predicate = true> <Delay = 0.00>
ST_8 : Operation 606 [1/1] (0.00ns)   --->   "%sext_ln17_4914 = sext i19 %mult_4910" [firmware/nnet_utils/nnet_dense_latency.h:17]   --->   Operation 606 'sext' 'sext_ln17_4914' <Predicate = true> <Delay = 0.00>
ST_8 : Operation 607 [1/1] (5.58ns)   --->   "%mul_ln73_4756 = mul i30 %sext_ln70_515, i30 5239" [firmware/nnet_utils/nnet_mult.h:73->firmware/nnet_utils/nnet_dense_latency.h:42]   --->   Operation 607 'mul' 'mul_ln73_4756' <Predicate = true> <Delay = 5.58> <CoreInst = "Multiplier">   --->   Core 3 'Multiplier' <Latency = 0> <II = 1> <Delay = 5.58> <FuncUnit> <Opcode : 'mul'> <InPorts = 2> <OutPorts = 1>
ST_8 : Operation 608 [1/1] (0.00ns)   --->   "%mult_4911 = partselect i20 @_ssdm_op_PartSelect.i20.i30.i32.i32, i30 %mul_ln73_4756, i32 10, i32 29" [firmware/nnet_utils/nnet_dense_latency.h:42]   --->   Operation 608 'partselect' 'mult_4911' <Predicate = true> <Delay = 0.00>
ST_8 : Operation 609 [1/1] (0.00ns)   --->   "%sext_ln17_4915 = sext i20 %mult_4911" [firmware/nnet_utils/nnet_dense_latency.h:17]   --->   Operation 609 'sext' 'sext_ln17_4915' <Predicate = true> <Delay = 0.00>
ST_8 : Operation 610 [1/1] (5.58ns)   --->   "%mul_ln73_4757 = mul i29 %sext_ln70_516, i29 2573" [firmware/nnet_utils/nnet_mult.h:73->firmware/nnet_utils/nnet_dense_latency.h:42]   --->   Operation 610 'mul' 'mul_ln73_4757' <Predicate = true> <Delay = 5.58> <CoreInst = "Multiplier">   --->   Core 3 'Multiplier' <Latency = 0> <II = 1> <Delay = 5.58> <FuncUnit> <Opcode : 'mul'> <InPorts = 2> <OutPorts = 1>
ST_8 : Operation 611 [1/1] (0.00ns)   --->   "%mult_4912 = partselect i19 @_ssdm_op_PartSelect.i19.i29.i32.i32, i29 %mul_ln73_4757, i32 10, i32 28" [firmware/nnet_utils/nnet_dense_latency.h:42]   --->   Operation 611 'partselect' 'mult_4912' <Predicate = true> <Delay = 0.00>
ST_8 : Operation 612 [1/1] (0.00ns)   --->   "%sext_ln17_4916 = sext i19 %mult_4912" [firmware/nnet_utils/nnet_dense_latency.h:17]   --->   Operation 612 'sext' 'sext_ln17_4916' <Predicate = true> <Delay = 0.00>
ST_8 : Operation 613 [1/1] (0.00ns)   --->   "%sext_ln70_519 = sext i16 %data_8_val_read" [firmware/nnet_utils/nnet_mult.h:70->firmware/nnet_utils/nnet_dense_latency.h:42]   --->   Operation 613 'sext' 'sext_ln70_519' <Predicate = true> <Delay = 0.00>
ST_8 : Operation 614 [1/1] (0.00ns)   --->   "%sext_ln70_520 = sext i16 %data_8_val_read" [firmware/nnet_utils/nnet_mult.h:70->firmware/nnet_utils/nnet_dense_latency.h:42]   --->   Operation 614 'sext' 'sext_ln70_520' <Predicate = true> <Delay = 0.00>
ST_8 : Operation 615 [1/1] (0.00ns)   --->   "%sext_ln70_521 = sext i16 %data_8_val_read" [firmware/nnet_utils/nnet_mult.h:70->firmware/nnet_utils/nnet_dense_latency.h:42]   --->   Operation 615 'sext' 'sext_ln70_521' <Predicate = true> <Delay = 0.00>
ST_8 : Operation 616 [1/1] (5.58ns)   --->   "%mul_ln73_4758 = mul i29 %sext_ln70_521, i29 536867964" [firmware/nnet_utils/nnet_mult.h:73->firmware/nnet_utils/nnet_dense_latency.h:42]   --->   Operation 616 'mul' 'mul_ln73_4758' <Predicate = true> <Delay = 5.58> <CoreInst = "Multiplier">   --->   Core 3 'Multiplier' <Latency = 0> <II = 1> <Delay = 5.58> <FuncUnit> <Opcode : 'mul'> <InPorts = 2> <OutPorts = 1>
ST_8 : Operation 617 [1/1] (0.00ns)   --->   "%mult_4914 = partselect i19 @_ssdm_op_PartSelect.i19.i29.i32.i32, i29 %mul_ln73_4758, i32 10, i32 28" [firmware/nnet_utils/nnet_dense_latency.h:42]   --->   Operation 617 'partselect' 'mult_4914' <Predicate = true> <Delay = 0.00>
ST_8 : Operation 618 [1/1] (5.58ns)   --->   "%mul_ln73_4759 = mul i29 %sext_ln70_521, i29 3611" [firmware/nnet_utils/nnet_mult.h:73->firmware/nnet_utils/nnet_dense_latency.h:42]   --->   Operation 618 'mul' 'mul_ln73_4759' <Predicate = true> <Delay = 5.58> <CoreInst = "Multiplier">   --->   Core 3 'Multiplier' <Latency = 0> <II = 1> <Delay = 5.58> <FuncUnit> <Opcode : 'mul'> <InPorts = 2> <OutPorts = 1>
ST_8 : Operation 619 [1/1] (0.00ns)   --->   "%mult_4915 = partselect i19 @_ssdm_op_PartSelect.i19.i29.i32.i32, i29 %mul_ln73_4759, i32 10, i32 28" [firmware/nnet_utils/nnet_dense_latency.h:42]   --->   Operation 619 'partselect' 'mult_4915' <Predicate = true> <Delay = 0.00>
ST_8 : Operation 620 [1/1] (5.58ns)   --->   "%mul_ln73_4760 = mul i29 %sext_ln70_521, i29 2327" [firmware/nnet_utils/nnet_mult.h:73->firmware/nnet_utils/nnet_dense_latency.h:42]   --->   Operation 620 'mul' 'mul_ln73_4760' <Predicate = true> <Delay = 5.58> <CoreInst = "Multiplier">   --->   Core 3 'Multiplier' <Latency = 0> <II = 1> <Delay = 5.58> <FuncUnit> <Opcode : 'mul'> <InPorts = 2> <OutPorts = 1>
ST_8 : Operation 621 [1/1] (0.00ns)   --->   "%mult_4916 = partselect i19 @_ssdm_op_PartSelect.i19.i29.i32.i32, i29 %mul_ln73_4760, i32 10, i32 28" [firmware/nnet_utils/nnet_dense_latency.h:42]   --->   Operation 621 'partselect' 'mult_4916' <Predicate = true> <Delay = 0.00>
ST_8 : Operation 622 [1/1] (5.58ns)   --->   "%mul_ln73_4761 = mul i28 %sext_ln70_520, i28 268433810" [firmware/nnet_utils/nnet_mult.h:73->firmware/nnet_utils/nnet_dense_latency.h:42]   --->   Operation 622 'mul' 'mul_ln73_4761' <Predicate = true> <Delay = 5.58> <CoreInst = "Multiplier">   --->   Core 3 'Multiplier' <Latency = 0> <II = 1> <Delay = 5.58> <FuncUnit> <Opcode : 'mul'> <InPorts = 2> <OutPorts = 1>
ST_8 : Operation 623 [1/1] (0.00ns)   --->   "%mult_4917 = partselect i18 @_ssdm_op_PartSelect.i18.i28.i32.i32, i28 %mul_ln73_4761, i32 10, i32 27" [firmware/nnet_utils/nnet_dense_latency.h:42]   --->   Operation 623 'partselect' 'mult_4917' <Predicate = true> <Delay = 0.00>
ST_8 : Operation 624 [1/1] (5.58ns)   --->   "%mul_ln73_4762 = mul i28 %sext_ln70_520, i28 268433934" [firmware/nnet_utils/nnet_mult.h:73->firmware/nnet_utils/nnet_dense_latency.h:42]   --->   Operation 624 'mul' 'mul_ln73_4762' <Predicate = true> <Delay = 5.58> <CoreInst = "Multiplier">   --->   Core 3 'Multiplier' <Latency = 0> <II = 1> <Delay = 5.58> <FuncUnit> <Opcode : 'mul'> <InPorts = 2> <OutPorts = 1>
ST_8 : Operation 625 [1/1] (0.00ns)   --->   "%mult_4918 = partselect i18 @_ssdm_op_PartSelect.i18.i28.i32.i32, i28 %mul_ln73_4762, i32 10, i32 27" [firmware/nnet_utils/nnet_dense_latency.h:42]   --->   Operation 625 'partselect' 'mult_4918' <Predicate = true> <Delay = 0.00>
ST_8 : Operation 626 [1/1] (5.58ns)   --->   "%mul_ln73_4763 = mul i30 %sext_ln70_519, i30 5656" [firmware/nnet_utils/nnet_mult.h:73->firmware/nnet_utils/nnet_dense_latency.h:42]   --->   Operation 626 'mul' 'mul_ln73_4763' <Predicate = true> <Delay = 5.58> <CoreInst = "Multiplier">   --->   Core 3 'Multiplier' <Latency = 0> <II = 1> <Delay = 5.58> <FuncUnit> <Opcode : 'mul'> <InPorts = 2> <OutPorts = 1>
ST_8 : Operation 627 [1/1] (0.00ns)   --->   "%mult_4919 = partselect i20 @_ssdm_op_PartSelect.i20.i30.i32.i32, i30 %mul_ln73_4763, i32 10, i32 29" [firmware/nnet_utils/nnet_dense_latency.h:42]   --->   Operation 627 'partselect' 'mult_4919' <Predicate = true> <Delay = 0.00>
ST_8 : Operation 628 [1/1] (5.58ns)   --->   "%mul_ln73_4764 = mul i30 %sext_ln70_519, i30 1073735955" [firmware/nnet_utils/nnet_mult.h:73->firmware/nnet_utils/nnet_dense_latency.h:42]   --->   Operation 628 'mul' 'mul_ln73_4764' <Predicate = true> <Delay = 5.58> <CoreInst = "Multiplier">   --->   Core 3 'Multiplier' <Latency = 0> <II = 1> <Delay = 5.58> <FuncUnit> <Opcode : 'mul'> <InPorts = 2> <OutPorts = 1>
ST_8 : Operation 629 [1/1] (0.00ns)   --->   "%mult_4920 = partselect i20 @_ssdm_op_PartSelect.i20.i30.i32.i32, i30 %mul_ln73_4764, i32 10, i32 29" [firmware/nnet_utils/nnet_dense_latency.h:42]   --->   Operation 629 'partselect' 'mult_4920' <Predicate = true> <Delay = 0.00>
ST_8 : Operation 630 [1/1] (0.00ns)   --->   "%sext_ln58_3423 = sext i22 %add_ln58_5040" [firmware/nnet_utils/nnet_dense_latency.h:58]   --->   Operation 630 'sext' 'sext_ln58_3423' <Predicate = true> <Delay = 0.00>
ST_8 : Operation 631 [1/1] (0.00ns)   --->   "%sext_ln58_3424 = sext i21 %add_ln58_5041" [firmware/nnet_utils/nnet_dense_latency.h:58]   --->   Operation 631 'sext' 'sext_ln58_3424' <Predicate = true> <Delay = 0.00>
ST_8 : Operation 632 [1/1] (2.19ns)   --->   "%add_ln58_5042 = add i21 %sext_ln17_4892, i21 %sext_ln17_4908" [firmware/nnet_utils/nnet_dense_latency.h:58]   --->   Operation 632 'add' 'add_ln58_5042' <Predicate = true> <Delay = 2.19> <CoreInst = "Adder">   --->   Core 1 'Adder' <Latency = 0> <II = 1> <Delay = 2.19> <FuncUnit> <Opcode : 'add' 'sub'> <InPorts = 2> <OutPorts = 1>
ST_8 : Operation 633 [1/1] (0.00ns)   --->   "%sext_ln58_3425 = sext i21 %add_ln58_5042" [firmware/nnet_utils/nnet_dense_latency.h:58]   --->   Operation 633 'sext' 'sext_ln58_3425' <Predicate = true> <Delay = 0.00>
ST_8 : Operation 634 [1/1] (2.22ns)   --->   "%add_ln58_5043 = add i22 %sext_ln58_3425, i22 %sext_ln58_3424" [firmware/nnet_utils/nnet_dense_latency.h:58]   --->   Operation 634 'add' 'add_ln58_5043' <Predicate = true> <Delay = 2.22> <CoreInst = "Adder">   --->   Core 1 'Adder' <Latency = 0> <II = 1> <Delay = 2.22> <FuncUnit> <Opcode : 'add' 'sub'> <InPorts = 2> <OutPorts = 1>
ST_8 : Operation 635 [1/1] (0.00ns)   --->   "%sext_ln58_3426 = sext i22 %add_ln58_5043" [firmware/nnet_utils/nnet_dense_latency.h:58]   --->   Operation 635 'sext' 'sext_ln58_3426' <Predicate = true> <Delay = 0.00>
ST_8 : Operation 636 [1/1] (2.25ns)   --->   "%add_ln58_5044 = add i23 %sext_ln58_3426, i23 %sext_ln58_3423" [firmware/nnet_utils/nnet_dense_latency.h:58]   --->   Operation 636 'add' 'add_ln58_5044' <Predicate = true> <Delay = 2.25> <CoreInst = "Adder">   --->   Core 1 'Adder' <Latency = 0> <II = 1> <Delay = 2.25> <FuncUnit> <Opcode : 'add' 'sub'> <InPorts = 2> <OutPorts = 1>
ST_8 : Operation 637 [1/1] (0.00ns)   --->   "%sext_ln58_3452 = sext i22 %add_ln58_5072" [firmware/nnet_utils/nnet_dense_latency.h:58]   --->   Operation 637 'sext' 'sext_ln58_3452' <Predicate = true> <Delay = 0.00>
ST_8 : Operation 638 [1/1] (0.00ns)   --->   "%sext_ln58_3453 = sext i20 %add_ln58_5073" [firmware/nnet_utils/nnet_dense_latency.h:58]   --->   Operation 638 'sext' 'sext_ln58_3453' <Predicate = true> <Delay = 0.00>
ST_8 : Operation 639 [1/1] (2.19ns)   --->   "%add_ln58_5074 = add i21 %sext_ln17_4893, i21 %sext_ln17_4909" [firmware/nnet_utils/nnet_dense_latency.h:58]   --->   Operation 639 'add' 'add_ln58_5074' <Predicate = true> <Delay = 2.19> <CoreInst = "Adder">   --->   Core 1 'Adder' <Latency = 0> <II = 1> <Delay = 2.19> <FuncUnit> <Opcode : 'add' 'sub'> <InPorts = 2> <OutPorts = 1>
ST_8 : Operation 640 [1/1] (0.00ns)   --->   "%sext_ln58_3454 = sext i21 %add_ln58_5074" [firmware/nnet_utils/nnet_dense_latency.h:58]   --->   Operation 640 'sext' 'sext_ln58_3454' <Predicate = true> <Delay = 0.00>
ST_8 : Operation 641 [1/1] (2.22ns)   --->   "%add_ln58_5075 = add i22 %sext_ln58_3454, i22 %sext_ln58_3453" [firmware/nnet_utils/nnet_dense_latency.h:58]   --->   Operation 641 'add' 'add_ln58_5075' <Predicate = true> <Delay = 2.22> <CoreInst = "Adder">   --->   Core 1 'Adder' <Latency = 0> <II = 1> <Delay = 2.22> <FuncUnit> <Opcode : 'add' 'sub'> <InPorts = 2> <OutPorts = 1>
ST_8 : Operation 642 [1/1] (0.00ns)   --->   "%sext_ln58_3455 = sext i22 %add_ln58_5075" [firmware/nnet_utils/nnet_dense_latency.h:58]   --->   Operation 642 'sext' 'sext_ln58_3455' <Predicate = true> <Delay = 0.00>
ST_8 : Operation 643 [1/1] (2.25ns)   --->   "%add_ln58_5076 = add i23 %sext_ln58_3455, i23 %sext_ln58_3452" [firmware/nnet_utils/nnet_dense_latency.h:58]   --->   Operation 643 'add' 'add_ln58_5076' <Predicate = true> <Delay = 2.25> <CoreInst = "Adder">   --->   Core 1 'Adder' <Latency = 0> <II = 1> <Delay = 2.25> <FuncUnit> <Opcode : 'add' 'sub'> <InPorts = 2> <OutPorts = 1>
ST_8 : Operation 644 [1/1] (0.00ns)   --->   "%sext_ln58_3481 = sext i22 %add_ln58_5104" [firmware/nnet_utils/nnet_dense_latency.h:58]   --->   Operation 644 'sext' 'sext_ln58_3481' <Predicate = true> <Delay = 0.00>
ST_8 : Operation 645 [1/1] (0.00ns)   --->   "%sext_ln58_3482 = sext i20 %add_ln58_5105" [firmware/nnet_utils/nnet_dense_latency.h:58]   --->   Operation 645 'sext' 'sext_ln58_3482' <Predicate = true> <Delay = 0.00>
ST_8 : Operation 646 [1/1] (2.19ns)   --->   "%add_ln58_5106 = add i21 %sext_ln17_4894, i21 %sext_ln17_4910" [firmware/nnet_utils/nnet_dense_latency.h:58]   --->   Operation 646 'add' 'add_ln58_5106' <Predicate = true> <Delay = 2.19> <CoreInst = "Adder">   --->   Core 1 'Adder' <Latency = 0> <II = 1> <Delay = 2.19> <FuncUnit> <Opcode : 'add' 'sub'> <InPorts = 2> <OutPorts = 1>
ST_8 : Operation 647 [1/1] (0.00ns)   --->   "%sext_ln58_3483 = sext i21 %add_ln58_5106" [firmware/nnet_utils/nnet_dense_latency.h:58]   --->   Operation 647 'sext' 'sext_ln58_3483' <Predicate = true> <Delay = 0.00>
ST_8 : Operation 648 [1/1] (2.22ns)   --->   "%add_ln58_5107 = add i22 %sext_ln58_3483, i22 %sext_ln58_3482" [firmware/nnet_utils/nnet_dense_latency.h:58]   --->   Operation 648 'add' 'add_ln58_5107' <Predicate = true> <Delay = 2.22> <CoreInst = "Adder">   --->   Core 1 'Adder' <Latency = 0> <II = 1> <Delay = 2.22> <FuncUnit> <Opcode : 'add' 'sub'> <InPorts = 2> <OutPorts = 1>
ST_8 : Operation 649 [1/1] (0.00ns)   --->   "%sext_ln58_3484 = sext i22 %add_ln58_5107" [firmware/nnet_utils/nnet_dense_latency.h:58]   --->   Operation 649 'sext' 'sext_ln58_3484' <Predicate = true> <Delay = 0.00>
ST_8 : Operation 650 [1/1] (2.25ns)   --->   "%add_ln58_5108 = add i23 %sext_ln58_3484, i23 %sext_ln58_3481" [firmware/nnet_utils/nnet_dense_latency.h:58]   --->   Operation 650 'add' 'add_ln58_5108' <Predicate = true> <Delay = 2.25> <CoreInst = "Adder">   --->   Core 1 'Adder' <Latency = 0> <II = 1> <Delay = 2.25> <FuncUnit> <Opcode : 'add' 'sub'> <InPorts = 2> <OutPorts = 1>
ST_8 : Operation 651 [1/1] (0.00ns)   --->   "%sext_ln58_3508 = sext i21 %add_ln58_5136" [firmware/nnet_utils/nnet_dense_latency.h:58]   --->   Operation 651 'sext' 'sext_ln58_3508' <Predicate = true> <Delay = 0.00>
ST_8 : Operation 652 [1/1] (0.00ns) (grouped into TernaryAdder)   --->   "%add_ln58_5137 = add i20 %sext_ln17_4863, i20 %sext_ln17_4879" [firmware/nnet_utils/nnet_dense_latency.h:58]   --->   Operation 652 'add' 'add_ln58_5137' <Predicate = true> <Delay = 0.00> <CoreInst = "TAddSub">   --->   Core 10 'TAddSub' <Latency = 0> <II = 1> <Delay = 2.03> <IPBlock> <Opcode : '<invalid operator> ' 'add' 'sub'> <InPorts = 3> <OutPorts = 1> <Sync> <CReg>
ST_8 : Operation 653 [1/1] (2.10ns)   --->   "%add_ln58_5138 = add i18 %sext_ln17_4895, i18 %sext_ln17_4911" [firmware/nnet_utils/nnet_dense_latency.h:58]   --->   Operation 653 'add' 'add_ln58_5138' <Predicate = true> <Delay = 2.10> <CoreInst = "Adder">   --->   Core 1 'Adder' <Latency = 0> <II = 1> <Delay = 2.10> <FuncUnit> <Opcode : 'add' 'sub'> <InPorts = 2> <OutPorts = 1>
ST_8 : Operation 654 [1/1] (0.00ns)   --->   "%sext_ln58_3509 = sext i18 %add_ln58_5138" [firmware/nnet_utils/nnet_dense_latency.h:58]   --->   Operation 654 'sext' 'sext_ln58_3509' <Predicate = true> <Delay = 0.00>
ST_8 : Operation 655 [1/1] (4.02ns) (root node of TernaryAdder)   --->   "%add_ln58_5139 = add i20 %sext_ln58_3509, i20 %add_ln58_5137" [firmware/nnet_utils/nnet_dense_latency.h:58]   --->   Operation 655 'add' 'add_ln58_5139' <Predicate = true> <Delay = 4.02> <CoreInst = "TAddSub">   --->   Core 10 'TAddSub' <Latency = 0> <II = 1> <Delay = 2.03> <IPBlock> <Opcode : '<invalid operator> ' 'add' 'sub'> <InPorts = 3> <OutPorts = 1> <Sync> <CReg>
ST_8 : Operation 656 [1/1] (0.00ns)   --->   "%sext_ln58_3510 = sext i20 %add_ln58_5139" [firmware/nnet_utils/nnet_dense_latency.h:58]   --->   Operation 656 'sext' 'sext_ln58_3510' <Predicate = true> <Delay = 0.00>
ST_8 : Operation 657 [1/1] (2.22ns)   --->   "%add_ln58_5140 = add i22 %sext_ln58_3510, i22 %sext_ln58_3508" [firmware/nnet_utils/nnet_dense_latency.h:58]   --->   Operation 657 'add' 'add_ln58_5140' <Predicate = true> <Delay = 2.22> <CoreInst = "Adder">   --->   Core 1 'Adder' <Latency = 0> <II = 1> <Delay = 2.22> <FuncUnit> <Opcode : 'add' 'sub'> <InPorts = 2> <OutPorts = 1>
ST_8 : Operation 658 [1/1] (0.00ns)   --->   "%sext_ln58_3536 = sext i22 %add_ln58_5168" [firmware/nnet_utils/nnet_dense_latency.h:58]   --->   Operation 658 'sext' 'sext_ln58_3536' <Predicate = true> <Delay = 0.00>
ST_8 : Operation 659 [1/1] (0.00ns)   --->   "%sext_ln58_3537 = sext i20 %add_ln58_5169" [firmware/nnet_utils/nnet_dense_latency.h:58]   --->   Operation 659 'sext' 'sext_ln58_3537' <Predicate = true> <Delay = 0.00>
ST_8 : Operation 660 [1/1] (0.00ns) (grouped into TernaryAdder)   --->   "%add_ln58_5170 = add i21 %sext_ln17_4896, i21 %sext_ln17_4912" [firmware/nnet_utils/nnet_dense_latency.h:58]   --->   Operation 660 'add' 'add_ln58_5170' <Predicate = true> <Delay = 0.00> <CoreInst = "TAddSub">   --->   Core 10 'TAddSub' <Latency = 0> <II = 1> <Delay = 2.03> <IPBlock> <Opcode : '<invalid operator> ' 'add' 'sub'> <InPorts = 3> <OutPorts = 1> <Sync> <CReg>
ST_8 : Operation 661 [1/1] (4.04ns) (root node of TernaryAdder)   --->   "%add_ln58_5171 = add i21 %add_ln58_5170, i21 %sext_ln58_3537" [firmware/nnet_utils/nnet_dense_latency.h:58]   --->   Operation 661 'add' 'add_ln58_5171' <Predicate = true> <Delay = 4.04> <CoreInst = "TAddSub">   --->   Core 10 'TAddSub' <Latency = 0> <II = 1> <Delay = 2.03> <IPBlock> <Opcode : '<invalid operator> ' 'add' 'sub'> <InPorts = 3> <OutPorts = 1> <Sync> <CReg>
ST_8 : Operation 662 [1/1] (0.00ns)   --->   "%sext_ln58_3538 = sext i21 %add_ln58_5171" [firmware/nnet_utils/nnet_dense_latency.h:58]   --->   Operation 662 'sext' 'sext_ln58_3538' <Predicate = true> <Delay = 0.00>
ST_8 : Operation 663 [1/1] (2.25ns)   --->   "%add_ln58_5172 = add i23 %sext_ln58_3538, i23 %sext_ln58_3536" [firmware/nnet_utils/nnet_dense_latency.h:58]   --->   Operation 663 'add' 'add_ln58_5172' <Predicate = true> <Delay = 2.25> <CoreInst = "Adder">   --->   Core 1 'Adder' <Latency = 0> <II = 1> <Delay = 2.25> <FuncUnit> <Opcode : 'add' 'sub'> <InPorts = 2> <OutPorts = 1>
ST_8 : Operation 664 [1/1] (0.00ns)   --->   "%sext_ln58_3562 = sext i21 %add_ln58_5200" [firmware/nnet_utils/nnet_dense_latency.h:58]   --->   Operation 664 'sext' 'sext_ln58_3562' <Predicate = true> <Delay = 0.00>
ST_8 : Operation 665 [1/1] (0.00ns)   --->   "%sext_ln58_3563 = sext i18 %add_ln58_5201" [firmware/nnet_utils/nnet_dense_latency.h:58]   --->   Operation 665 'sext' 'sext_ln58_3563' <Predicate = true> <Delay = 0.00>
ST_8 : Operation 666 [1/1] (0.00ns) (grouped into TernaryAdder)   --->   "%add_ln58_5202 = add i21 %sext_ln17_4897, i21 %sext_ln17_4913" [firmware/nnet_utils/nnet_dense_latency.h:58]   --->   Operation 666 'add' 'add_ln58_5202' <Predicate = true> <Delay = 0.00> <CoreInst = "TAddSub">   --->   Core 10 'TAddSub' <Latency = 0> <II = 1> <Delay = 2.03> <IPBlock> <Opcode : '<invalid operator> ' 'add' 'sub'> <InPorts = 3> <OutPorts = 1> <Sync> <CReg>
ST_8 : Operation 667 [1/1] (4.04ns) (root node of TernaryAdder)   --->   "%add_ln58_5203 = add i21 %add_ln58_5202, i21 %sext_ln58_3563" [firmware/nnet_utils/nnet_dense_latency.h:58]   --->   Operation 667 'add' 'add_ln58_5203' <Predicate = true> <Delay = 4.04> <CoreInst = "TAddSub">   --->   Core 10 'TAddSub' <Latency = 0> <II = 1> <Delay = 2.03> <IPBlock> <Opcode : '<invalid operator> ' 'add' 'sub'> <InPorts = 3> <OutPorts = 1> <Sync> <CReg>
ST_8 : Operation 668 [1/1] (0.00ns)   --->   "%sext_ln58_3564 = sext i21 %add_ln58_5203" [firmware/nnet_utils/nnet_dense_latency.h:58]   --->   Operation 668 'sext' 'sext_ln58_3564' <Predicate = true> <Delay = 0.00>
ST_8 : Operation 669 [1/1] (2.22ns)   --->   "%add_ln58_5204 = add i22 %sext_ln58_3564, i22 %sext_ln58_3562" [firmware/nnet_utils/nnet_dense_latency.h:58]   --->   Operation 669 'add' 'add_ln58_5204' <Predicate = true> <Delay = 2.22> <CoreInst = "Adder">   --->   Core 1 'Adder' <Latency = 0> <II = 1> <Delay = 2.22> <FuncUnit> <Opcode : 'add' 'sub'> <InPorts = 2> <OutPorts = 1>
ST_8 : Operation 670 [1/1] (0.00ns)   --->   "%sext_ln58_3588 = sext i22 %add_ln58_5232" [firmware/nnet_utils/nnet_dense_latency.h:58]   --->   Operation 670 'sext' 'sext_ln58_3588' <Predicate = true> <Delay = 0.00>
ST_8 : Operation 671 [1/1] (0.00ns)   --->   "%sext_ln58_3589 = sext i21 %add_ln58_5233" [firmware/nnet_utils/nnet_dense_latency.h:58]   --->   Operation 671 'sext' 'sext_ln58_3589' <Predicate = true> <Delay = 0.00>
ST_8 : Operation 672 [1/1] (2.16ns)   --->   "%add_ln58_5234 = add i20 %sext_ln17_4898, i20 %sext_ln17_4914" [firmware/nnet_utils/nnet_dense_latency.h:58]   --->   Operation 672 'add' 'add_ln58_5234' <Predicate = true> <Delay = 2.16> <CoreInst = "Adder">   --->   Core 1 'Adder' <Latency = 0> <II = 1> <Delay = 2.16> <FuncUnit> <Opcode : 'add' 'sub'> <InPorts = 2> <OutPorts = 1>
ST_8 : Operation 673 [1/1] (0.00ns)   --->   "%sext_ln58_3590 = sext i20 %add_ln58_5234" [firmware/nnet_utils/nnet_dense_latency.h:58]   --->   Operation 673 'sext' 'sext_ln58_3590' <Predicate = true> <Delay = 0.00>
ST_8 : Operation 674 [1/1] (2.22ns)   --->   "%add_ln58_5235 = add i22 %sext_ln58_3590, i22 %sext_ln58_3589" [firmware/nnet_utils/nnet_dense_latency.h:58]   --->   Operation 674 'add' 'add_ln58_5235' <Predicate = true> <Delay = 2.22> <CoreInst = "Adder">   --->   Core 1 'Adder' <Latency = 0> <II = 1> <Delay = 2.22> <FuncUnit> <Opcode : 'add' 'sub'> <InPorts = 2> <OutPorts = 1>
ST_8 : Operation 675 [1/1] (0.00ns)   --->   "%sext_ln58_3591 = sext i22 %add_ln58_5235" [firmware/nnet_utils/nnet_dense_latency.h:58]   --->   Operation 675 'sext' 'sext_ln58_3591' <Predicate = true> <Delay = 0.00>
ST_8 : Operation 676 [1/1] (2.25ns)   --->   "%add_ln58_5236 = add i23 %sext_ln58_3591, i23 %sext_ln58_3588" [firmware/nnet_utils/nnet_dense_latency.h:58]   --->   Operation 676 'add' 'add_ln58_5236' <Predicate = true> <Delay = 2.25> <CoreInst = "Adder">   --->   Core 1 'Adder' <Latency = 0> <II = 1> <Delay = 2.25> <FuncUnit> <Opcode : 'add' 'sub'> <InPorts = 2> <OutPorts = 1>
ST_8 : Operation 677 [1/1] (0.00ns)   --->   "%sext_ln58_3619 = sext i22 %add_ln58_5264" [firmware/nnet_utils/nnet_dense_latency.h:58]   --->   Operation 677 'sext' 'sext_ln58_3619' <Predicate = true> <Delay = 0.00>
ST_8 : Operation 678 [1/1] (0.00ns)   --->   "%sext_ln58_3620 = sext i21 %add_ln58_5265" [firmware/nnet_utils/nnet_dense_latency.h:58]   --->   Operation 678 'sext' 'sext_ln58_3620' <Predicate = true> <Delay = 0.00>
ST_8 : Operation 679 [1/1] (2.19ns)   --->   "%add_ln58_5266 = add i21 %sext_ln17_4899, i21 %sext_ln17_4915" [firmware/nnet_utils/nnet_dense_latency.h:58]   --->   Operation 679 'add' 'add_ln58_5266' <Predicate = true> <Delay = 2.19> <CoreInst = "Adder">   --->   Core 1 'Adder' <Latency = 0> <II = 1> <Delay = 2.19> <FuncUnit> <Opcode : 'add' 'sub'> <InPorts = 2> <OutPorts = 1>
ST_8 : Operation 680 [1/1] (0.00ns)   --->   "%sext_ln58_3621 = sext i21 %add_ln58_5266" [firmware/nnet_utils/nnet_dense_latency.h:58]   --->   Operation 680 'sext' 'sext_ln58_3621' <Predicate = true> <Delay = 0.00>
ST_8 : Operation 681 [1/1] (2.22ns)   --->   "%add_ln58_5267 = add i22 %sext_ln58_3621, i22 %sext_ln58_3620" [firmware/nnet_utils/nnet_dense_latency.h:58]   --->   Operation 681 'add' 'add_ln58_5267' <Predicate = true> <Delay = 2.22> <CoreInst = "Adder">   --->   Core 1 'Adder' <Latency = 0> <II = 1> <Delay = 2.22> <FuncUnit> <Opcode : 'add' 'sub'> <InPorts = 2> <OutPorts = 1>
ST_8 : Operation 682 [1/1] (0.00ns)   --->   "%sext_ln58_3622 = sext i22 %add_ln58_5267" [firmware/nnet_utils/nnet_dense_latency.h:58]   --->   Operation 682 'sext' 'sext_ln58_3622' <Predicate = true> <Delay = 0.00>
ST_8 : Operation 683 [1/1] (2.25ns)   --->   "%add_ln58_5268 = add i23 %sext_ln58_3622, i23 %sext_ln58_3619" [firmware/nnet_utils/nnet_dense_latency.h:58]   --->   Operation 683 'add' 'add_ln58_5268' <Predicate = true> <Delay = 2.25> <CoreInst = "Adder">   --->   Core 1 'Adder' <Latency = 0> <II = 1> <Delay = 2.25> <FuncUnit> <Opcode : 'add' 'sub'> <InPorts = 2> <OutPorts = 1>
ST_8 : Operation 684 [1/1] (0.00ns)   --->   "%sext_ln58_3647 = sext i22 %add_ln58_5296" [firmware/nnet_utils/nnet_dense_latency.h:58]   --->   Operation 684 'sext' 'sext_ln58_3647' <Predicate = true> <Delay = 0.00>
ST_8 : Operation 685 [1/1] (0.00ns)   --->   "%sext_ln58_3648 = sext i21 %add_ln58_5297" [firmware/nnet_utils/nnet_dense_latency.h:58]   --->   Operation 685 'sext' 'sext_ln58_3648' <Predicate = true> <Delay = 0.00>
ST_8 : Operation 686 [1/1] (2.19ns)   --->   "%add_ln58_5298 = add i21 %sext_ln17_4900, i21 %sext_ln17_4916" [firmware/nnet_utils/nnet_dense_latency.h:58]   --->   Operation 686 'add' 'add_ln58_5298' <Predicate = true> <Delay = 2.19> <CoreInst = "Adder">   --->   Core 1 'Adder' <Latency = 0> <II = 1> <Delay = 2.19> <FuncUnit> <Opcode : 'add' 'sub'> <InPorts = 2> <OutPorts = 1>
ST_8 : Operation 687 [1/1] (0.00ns)   --->   "%sext_ln58_3649 = sext i21 %add_ln58_5298" [firmware/nnet_utils/nnet_dense_latency.h:58]   --->   Operation 687 'sext' 'sext_ln58_3649' <Predicate = true> <Delay = 0.00>
ST_8 : Operation 688 [1/1] (2.22ns)   --->   "%add_ln58_5299 = add i22 %sext_ln58_3649, i22 %sext_ln58_3648" [firmware/nnet_utils/nnet_dense_latency.h:58]   --->   Operation 688 'add' 'add_ln58_5299' <Predicate = true> <Delay = 2.22> <CoreInst = "Adder">   --->   Core 1 'Adder' <Latency = 0> <II = 1> <Delay = 2.22> <FuncUnit> <Opcode : 'add' 'sub'> <InPorts = 2> <OutPorts = 1>
ST_8 : Operation 689 [1/1] (0.00ns)   --->   "%sext_ln58_3650 = sext i22 %add_ln58_5299" [firmware/nnet_utils/nnet_dense_latency.h:58]   --->   Operation 689 'sext' 'sext_ln58_3650' <Predicate = true> <Delay = 0.00>
ST_8 : Operation 690 [1/1] (2.25ns)   --->   "%add_ln58_5300 = add i23 %sext_ln58_3650, i23 %sext_ln58_3647" [firmware/nnet_utils/nnet_dense_latency.h:58]   --->   Operation 690 'add' 'add_ln58_5300' <Predicate = true> <Delay = 2.25> <CoreInst = "Adder">   --->   Core 1 'Adder' <Latency = 0> <II = 1> <Delay = 2.25> <FuncUnit> <Opcode : 'add' 'sub'> <InPorts = 2> <OutPorts = 1>

State 9 <SV = 8> <Delay = 7.77>
ST_9 : Operation 691 [1/1] (0.00ns)   --->   "%data_9_val_read = read i16 @_ssdm_op_Read.ap_auto.i16, i16 %data_9_val" [firmware/nnet_utils/nnet_mult.h:70->firmware/nnet_utils/nnet_dense_latency.h:42]   --->   Operation 691 'read' 'data_9_val_read' <Predicate = true> <Delay = 0.00>
ST_9 : Operation 692 [1/1] (0.00ns)   --->   "%sext_ln70_517 = sext i16 %data_8_val_read" [firmware/nnet_utils/nnet_mult.h:70->firmware/nnet_utils/nnet_dense_latency.h:42]   --->   Operation 692 'sext' 'sext_ln70_517' <Predicate = true> <Delay = 0.00>
ST_9 : Operation 693 [1/1] (0.00ns)   --->   "%sext_ln70_518 = sext i16 %data_8_val_read" [firmware/nnet_utils/nnet_mult.h:70->firmware/nnet_utils/nnet_dense_latency.h:42]   --->   Operation 693 'sext' 'sext_ln70_518' <Predicate = true> <Delay = 0.00>
ST_9 : Operation 694 [1/1] (0.00ns)   --->   "%shl_ln73_245 = bitconcatenate i25 @_ssdm_op_BitConcatenate.i25.i16.i9, i16 %data_8_val_read, i9 0" [firmware/nnet_utils/nnet_mult.h:73->firmware/nnet_utils/nnet_dense_latency.h:42]   --->   Operation 694 'bitconcatenate' 'shl_ln73_245' <Predicate = true> <Delay = 0.00>
ST_9 : Operation 695 [1/1] (0.00ns)   --->   "%sext_ln73_277 = sext i25 %shl_ln73_245" [firmware/nnet_utils/nnet_mult.h:73->firmware/nnet_utils/nnet_dense_latency.h:42]   --->   Operation 695 'sext' 'sext_ln73_277' <Predicate = true> <Delay = 0.00>
ST_9 : Operation 696 [1/1] (0.00ns)   --->   "%shl_ln73_246 = bitconcatenate i19 @_ssdm_op_BitConcatenate.i19.i16.i3, i16 %data_8_val_read, i3 0" [firmware/nnet_utils/nnet_mult.h:73->firmware/nnet_utils/nnet_dense_latency.h:42]   --->   Operation 696 'bitconcatenate' 'shl_ln73_246' <Predicate = true> <Delay = 0.00>
ST_9 : Operation 697 [1/1] (0.00ns)   --->   "%sext_ln73_278 = sext i19 %shl_ln73_246" [firmware/nnet_utils/nnet_mult.h:73->firmware/nnet_utils/nnet_dense_latency.h:42]   --->   Operation 697 'sext' 'sext_ln73_278' <Predicate = true> <Delay = 0.00>
ST_9 : Operation 698 [1/1] (2.34ns)   --->   "%sub_ln73_168 = sub i26 %sext_ln73_278, i26 %sext_ln73_277" [firmware/nnet_utils/nnet_mult.h:73->firmware/nnet_utils/nnet_dense_latency.h:42]   --->   Operation 698 'sub' 'sub_ln73_168' <Predicate = true> <Delay = 2.34> <CoreInst = "Adder">   --->   Core 1 'Adder' <Latency = 0> <II = 1> <Delay = 2.34> <FuncUnit> <Opcode : 'add' 'sub'> <InPorts = 2> <OutPorts = 1>
ST_9 : Operation 699 [1/1] (0.00ns)   --->   "%mult_4913 = partselect i16 @_ssdm_op_PartSelect.i16.i26.i32.i32, i26 %sub_ln73_168, i32 10, i32 25" [firmware/nnet_utils/nnet_dense_latency.h:42]   --->   Operation 699 'partselect' 'mult_4913' <Predicate = true> <Delay = 0.00>
ST_9 : Operation 700 [1/1] (0.00ns)   --->   "%sext_ln17_4917 = sext i16 %mult_4913" [firmware/nnet_utils/nnet_dense_latency.h:17]   --->   Operation 700 'sext' 'sext_ln17_4917' <Predicate = true> <Delay = 0.00>
ST_9 : Operation 701 [1/1] (0.00ns)   --->   "%sext_ln17_4918 = sext i19 %mult_4914" [firmware/nnet_utils/nnet_dense_latency.h:17]   --->   Operation 701 'sext' 'sext_ln17_4918' <Predicate = true> <Delay = 0.00>
ST_9 : Operation 702 [1/1] (0.00ns)   --->   "%sext_ln17_4919 = sext i19 %mult_4915" [firmware/nnet_utils/nnet_dense_latency.h:17]   --->   Operation 702 'sext' 'sext_ln17_4919' <Predicate = true> <Delay = 0.00>
ST_9 : Operation 703 [1/1] (0.00ns)   --->   "%sext_ln17_4920 = sext i19 %mult_4916" [firmware/nnet_utils/nnet_dense_latency.h:17]   --->   Operation 703 'sext' 'sext_ln17_4920' <Predicate = true> <Delay = 0.00>
ST_9 : Operation 704 [1/1] (0.00ns)   --->   "%sext_ln17_4921 = sext i18 %mult_4917" [firmware/nnet_utils/nnet_dense_latency.h:17]   --->   Operation 704 'sext' 'sext_ln17_4921' <Predicate = true> <Delay = 0.00>
ST_9 : Operation 705 [1/1] (0.00ns)   --->   "%sext_ln17_4922 = sext i18 %mult_4918" [firmware/nnet_utils/nnet_dense_latency.h:17]   --->   Operation 705 'sext' 'sext_ln17_4922' <Predicate = true> <Delay = 0.00>
ST_9 : Operation 706 [1/1] (0.00ns)   --->   "%sext_ln17_4923 = sext i20 %mult_4919" [firmware/nnet_utils/nnet_dense_latency.h:17]   --->   Operation 706 'sext' 'sext_ln17_4923' <Predicate = true> <Delay = 0.00>
ST_9 : Operation 707 [1/1] (0.00ns)   --->   "%sext_ln17_4924 = sext i20 %mult_4920" [firmware/nnet_utils/nnet_dense_latency.h:17]   --->   Operation 707 'sext' 'sext_ln17_4924' <Predicate = true> <Delay = 0.00>
ST_9 : Operation 708 [1/1] (5.58ns)   --->   "%mul_ln73_4765 = mul i29 %sext_ln70_521, i29 536867095" [firmware/nnet_utils/nnet_mult.h:73->firmware/nnet_utils/nnet_dense_latency.h:42]   --->   Operation 708 'mul' 'mul_ln73_4765' <Predicate = true> <Delay = 5.58> <CoreInst = "Multiplier">   --->   Core 3 'Multiplier' <Latency = 0> <II = 1> <Delay = 5.58> <FuncUnit> <Opcode : 'mul'> <InPorts = 2> <OutPorts = 1>
ST_9 : Operation 709 [1/1] (0.00ns)   --->   "%mult_4921 = partselect i19 @_ssdm_op_PartSelect.i19.i29.i32.i32, i29 %mul_ln73_4765, i32 10, i32 28" [firmware/nnet_utils/nnet_dense_latency.h:42]   --->   Operation 709 'partselect' 'mult_4921' <Predicate = true> <Delay = 0.00>
ST_9 : Operation 710 [1/1] (5.58ns)   --->   "%mul_ln73_4766 = mul i24 %sext_ln70_518, i24 16777130" [firmware/nnet_utils/nnet_mult.h:73->firmware/nnet_utils/nnet_dense_latency.h:42]   --->   Operation 710 'mul' 'mul_ln73_4766' <Predicate = true> <Delay = 5.58> <CoreInst = "Multiplier">   --->   Core 3 'Multiplier' <Latency = 0> <II = 1> <Delay = 5.58> <FuncUnit> <Opcode : 'mul'> <InPorts = 2> <OutPorts = 1>
ST_9 : Operation 711 [1/1] (0.00ns)   --->   "%mult_4922 = partselect i14 @_ssdm_op_PartSelect.i14.i24.i32.i32, i24 %mul_ln73_4766, i32 10, i32 23" [firmware/nnet_utils/nnet_dense_latency.h:42]   --->   Operation 711 'partselect' 'mult_4922' <Predicate = true> <Delay = 0.00>
ST_9 : Operation 712 [1/1] (5.58ns)   --->   "%mul_ln73_4767 = mul i29 %sext_ln70_521, i29 2160" [firmware/nnet_utils/nnet_mult.h:73->firmware/nnet_utils/nnet_dense_latency.h:42]   --->   Operation 712 'mul' 'mul_ln73_4767' <Predicate = true> <Delay = 5.58> <CoreInst = "Multiplier">   --->   Core 3 'Multiplier' <Latency = 0> <II = 1> <Delay = 5.58> <FuncUnit> <Opcode : 'mul'> <InPorts = 2> <OutPorts = 1>
ST_9 : Operation 713 [1/1] (0.00ns)   --->   "%mult_4923 = partselect i19 @_ssdm_op_PartSelect.i19.i29.i32.i32, i29 %mul_ln73_4767, i32 10, i32 28" [firmware/nnet_utils/nnet_dense_latency.h:42]   --->   Operation 713 'partselect' 'mult_4923' <Predicate = true> <Delay = 0.00>
ST_9 : Operation 714 [1/1] (5.58ns)   --->   "%mul_ln73_4768 = mul i29 %sext_ln70_521, i29 2329" [firmware/nnet_utils/nnet_mult.h:73->firmware/nnet_utils/nnet_dense_latency.h:42]   --->   Operation 714 'mul' 'mul_ln73_4768' <Predicate = true> <Delay = 5.58> <CoreInst = "Multiplier">   --->   Core 3 'Multiplier' <Latency = 0> <II = 1> <Delay = 5.58> <FuncUnit> <Opcode : 'mul'> <InPorts = 2> <OutPorts = 1>
ST_9 : Operation 715 [1/1] (0.00ns)   --->   "%mult_4924 = partselect i19 @_ssdm_op_PartSelect.i19.i29.i32.i32, i29 %mul_ln73_4768, i32 10, i32 28" [firmware/nnet_utils/nnet_dense_latency.h:42]   --->   Operation 715 'partselect' 'mult_4924' <Predicate = true> <Delay = 0.00>
ST_9 : Operation 716 [1/1] (5.58ns)   --->   "%mul_ln73_4769 = mul i24 %sext_ln70_518, i24 16777126" [firmware/nnet_utils/nnet_mult.h:73->firmware/nnet_utils/nnet_dense_latency.h:42]   --->   Operation 716 'mul' 'mul_ln73_4769' <Predicate = true> <Delay = 5.58> <CoreInst = "Multiplier">   --->   Core 3 'Multiplier' <Latency = 0> <II = 1> <Delay = 5.58> <FuncUnit> <Opcode : 'mul'> <InPorts = 2> <OutPorts = 1>
ST_9 : Operation 717 [1/1] (0.00ns)   --->   "%mult_4925 = partselect i14 @_ssdm_op_PartSelect.i14.i24.i32.i32, i24 %mul_ln73_4769, i32 10, i32 23" [firmware/nnet_utils/nnet_dense_latency.h:42]   --->   Operation 717 'partselect' 'mult_4925' <Predicate = true> <Delay = 0.00>
ST_9 : Operation 718 [1/1] (5.58ns)   --->   "%mul_ln73_4770 = mul i26 %sext_ln70_517, i26 67108567" [firmware/nnet_utils/nnet_mult.h:73->firmware/nnet_utils/nnet_dense_latency.h:42]   --->   Operation 718 'mul' 'mul_ln73_4770' <Predicate = true> <Delay = 5.58> <CoreInst = "Multiplier">   --->   Core 3 'Multiplier' <Latency = 0> <II = 1> <Delay = 5.58> <FuncUnit> <Opcode : 'mul'> <InPorts = 2> <OutPorts = 1>
ST_9 : Operation 719 [1/1] (0.00ns)   --->   "%mult_4926 = partselect i16 @_ssdm_op_PartSelect.i16.i26.i32.i32, i26 %mul_ln73_4770, i32 10, i32 25" [firmware/nnet_utils/nnet_dense_latency.h:42]   --->   Operation 719 'partselect' 'mult_4926' <Predicate = true> <Delay = 0.00>
ST_9 : Operation 720 [1/1] (5.58ns)   --->   "%mul_ln73_4771 = mul i30 %sext_ln70_519, i30 4196" [firmware/nnet_utils/nnet_mult.h:73->firmware/nnet_utils/nnet_dense_latency.h:42]   --->   Operation 720 'mul' 'mul_ln73_4771' <Predicate = true> <Delay = 5.58> <CoreInst = "Multiplier">   --->   Core 3 'Multiplier' <Latency = 0> <II = 1> <Delay = 5.58> <FuncUnit> <Opcode : 'mul'> <InPorts = 2> <OutPorts = 1>
ST_9 : Operation 721 [1/1] (0.00ns)   --->   "%mult_4927 = partselect i20 @_ssdm_op_PartSelect.i20.i30.i32.i32, i30 %mul_ln73_4771, i32 10, i32 29" [firmware/nnet_utils/nnet_dense_latency.h:42]   --->   Operation 721 'partselect' 'mult_4927' <Predicate = true> <Delay = 0.00>
ST_9 : Operation 722 [1/1] (5.58ns)   --->   "%mul_ln73_4772 = mul i26 %sext_ln70_517, i26 350" [firmware/nnet_utils/nnet_mult.h:73->firmware/nnet_utils/nnet_dense_latency.h:42]   --->   Operation 722 'mul' 'mul_ln73_4772' <Predicate = true> <Delay = 5.58> <CoreInst = "Multiplier">   --->   Core 3 'Multiplier' <Latency = 0> <II = 1> <Delay = 5.58> <FuncUnit> <Opcode : 'mul'> <InPorts = 2> <OutPorts = 1>
ST_9 : Operation 723 [1/1] (0.00ns)   --->   "%mult_4928 = partselect i16 @_ssdm_op_PartSelect.i16.i26.i32.i32, i26 %mul_ln73_4772, i32 10, i32 25" [firmware/nnet_utils/nnet_dense_latency.h:42]   --->   Operation 723 'partselect' 'mult_4928' <Predicate = true> <Delay = 0.00>
ST_9 : Operation 724 [1/1] (0.00ns)   --->   "%sext_ln70_524 = sext i16 %data_9_val_read" [firmware/nnet_utils/nnet_mult.h:70->firmware/nnet_utils/nnet_dense_latency.h:42]   --->   Operation 724 'sext' 'sext_ln70_524' <Predicate = true> <Delay = 0.00>
ST_9 : Operation 725 [1/1] (0.00ns)   --->   "%sext_ln70_525 = sext i16 %data_9_val_read" [firmware/nnet_utils/nnet_mult.h:70->firmware/nnet_utils/nnet_dense_latency.h:42]   --->   Operation 725 'sext' 'sext_ln70_525' <Predicate = true> <Delay = 0.00>
ST_9 : Operation 726 [1/1] (0.00ns)   --->   "%sext_ln70_526 = sext i16 %data_9_val_read" [firmware/nnet_utils/nnet_mult.h:70->firmware/nnet_utils/nnet_dense_latency.h:42]   --->   Operation 726 'sext' 'sext_ln70_526' <Predicate = true> <Delay = 0.00>
ST_9 : Operation 727 [1/1] (5.58ns)   --->   "%mul_ln73_4773 = mul i30 %sext_ln70_526, i30 1073737675" [firmware/nnet_utils/nnet_mult.h:73->firmware/nnet_utils/nnet_dense_latency.h:42]   --->   Operation 727 'mul' 'mul_ln73_4773' <Predicate = true> <Delay = 5.58> <CoreInst = "Multiplier">   --->   Core 3 'Multiplier' <Latency = 0> <II = 1> <Delay = 5.58> <FuncUnit> <Opcode : 'mul'> <InPorts = 2> <OutPorts = 1>
ST_9 : Operation 728 [1/1] (0.00ns)   --->   "%mult_4929 = partselect i20 @_ssdm_op_PartSelect.i20.i30.i32.i32, i30 %mul_ln73_4773, i32 10, i32 29" [firmware/nnet_utils/nnet_dense_latency.h:42]   --->   Operation 728 'partselect' 'mult_4929' <Predicate = true> <Delay = 0.00>
ST_9 : Operation 729 [1/1] (0.00ns)   --->   "%sext_ln17_4933 = sext i20 %mult_4929" [firmware/nnet_utils/nnet_dense_latency.h:17]   --->   Operation 729 'sext' 'sext_ln17_4933' <Predicate = true> <Delay = 0.00>
ST_9 : Operation 730 [1/1] (5.58ns)   --->   "%mul_ln73_4774 = mul i28 %sext_ln70_525, i28 1757" [firmware/nnet_utils/nnet_mult.h:73->firmware/nnet_utils/nnet_dense_latency.h:42]   --->   Operation 730 'mul' 'mul_ln73_4774' <Predicate = true> <Delay = 5.58> <CoreInst = "Multiplier">   --->   Core 3 'Multiplier' <Latency = 0> <II = 1> <Delay = 5.58> <FuncUnit> <Opcode : 'mul'> <InPorts = 2> <OutPorts = 1>
ST_9 : Operation 731 [1/1] (0.00ns)   --->   "%mult_4930 = partselect i18 @_ssdm_op_PartSelect.i18.i28.i32.i32, i28 %mul_ln73_4774, i32 10, i32 27" [firmware/nnet_utils/nnet_dense_latency.h:42]   --->   Operation 731 'partselect' 'mult_4930' <Predicate = true> <Delay = 0.00>
ST_9 : Operation 732 [1/1] (0.00ns)   --->   "%sext_ln17_4934 = sext i18 %mult_4930" [firmware/nnet_utils/nnet_dense_latency.h:17]   --->   Operation 732 'sext' 'sext_ln17_4934' <Predicate = true> <Delay = 0.00>
ST_9 : Operation 733 [1/1] (5.58ns)   --->   "%mul_ln73_4775 = mul i28 %sext_ln70_525, i28 268434254" [firmware/nnet_utils/nnet_mult.h:73->firmware/nnet_utils/nnet_dense_latency.h:42]   --->   Operation 733 'mul' 'mul_ln73_4775' <Predicate = true> <Delay = 5.58> <CoreInst = "Multiplier">   --->   Core 3 'Multiplier' <Latency = 0> <II = 1> <Delay = 5.58> <FuncUnit> <Opcode : 'mul'> <InPorts = 2> <OutPorts = 1>
ST_9 : Operation 734 [1/1] (0.00ns)   --->   "%mult_4931 = partselect i18 @_ssdm_op_PartSelect.i18.i28.i32.i32, i28 %mul_ln73_4775, i32 10, i32 27" [firmware/nnet_utils/nnet_dense_latency.h:42]   --->   Operation 734 'partselect' 'mult_4931' <Predicate = true> <Delay = 0.00>
ST_9 : Operation 735 [1/1] (0.00ns)   --->   "%sext_ln17_4935 = sext i18 %mult_4931" [firmware/nnet_utils/nnet_dense_latency.h:17]   --->   Operation 735 'sext' 'sext_ln17_4935' <Predicate = true> <Delay = 0.00>
ST_9 : Operation 736 [1/1] (5.58ns)   --->   "%mul_ln73_4776 = mul i30 %sext_ln70_526, i30 5737" [firmware/nnet_utils/nnet_mult.h:73->firmware/nnet_utils/nnet_dense_latency.h:42]   --->   Operation 736 'mul' 'mul_ln73_4776' <Predicate = true> <Delay = 5.58> <CoreInst = "Multiplier">   --->   Core 3 'Multiplier' <Latency = 0> <II = 1> <Delay = 5.58> <FuncUnit> <Opcode : 'mul'> <InPorts = 2> <OutPorts = 1>
ST_9 : Operation 737 [1/1] (0.00ns)   --->   "%mult_4932 = partselect i20 @_ssdm_op_PartSelect.i20.i30.i32.i32, i30 %mul_ln73_4776, i32 10, i32 29" [firmware/nnet_utils/nnet_dense_latency.h:42]   --->   Operation 737 'partselect' 'mult_4932' <Predicate = true> <Delay = 0.00>
ST_9 : Operation 738 [1/1] (0.00ns)   --->   "%sext_ln17_4936 = sext i20 %mult_4932" [firmware/nnet_utils/nnet_dense_latency.h:17]   --->   Operation 738 'sext' 'sext_ln17_4936' <Predicate = true> <Delay = 0.00>
ST_9 : Operation 739 [1/1] (5.58ns)   --->   "%mul_ln73_4777 = mul i29 %sext_ln70_524, i29 536868314" [firmware/nnet_utils/nnet_mult.h:73->firmware/nnet_utils/nnet_dense_latency.h:42]   --->   Operation 739 'mul' 'mul_ln73_4777' <Predicate = true> <Delay = 5.58> <CoreInst = "Multiplier">   --->   Core 3 'Multiplier' <Latency = 0> <II = 1> <Delay = 5.58> <FuncUnit> <Opcode : 'mul'> <InPorts = 2> <OutPorts = 1>
ST_9 : Operation 740 [1/1] (0.00ns)   --->   "%mult_4933 = partselect i19 @_ssdm_op_PartSelect.i19.i29.i32.i32, i29 %mul_ln73_4777, i32 10, i32 28" [firmware/nnet_utils/nnet_dense_latency.h:42]   --->   Operation 740 'partselect' 'mult_4933' <Predicate = true> <Delay = 0.00>
ST_9 : Operation 741 [1/1] (0.00ns)   --->   "%sext_ln17_4937 = sext i19 %mult_4933" [firmware/nnet_utils/nnet_dense_latency.h:17]   --->   Operation 741 'sext' 'sext_ln17_4937' <Predicate = true> <Delay = 0.00>
ST_9 : Operation 742 [1/1] (5.58ns)   --->   "%mul_ln73_4778 = mul i29 %sext_ln70_524, i29 536867429" [firmware/nnet_utils/nnet_mult.h:73->firmware/nnet_utils/nnet_dense_latency.h:42]   --->   Operation 742 'mul' 'mul_ln73_4778' <Predicate = true> <Delay = 5.58> <CoreInst = "Multiplier">   --->   Core 3 'Multiplier' <Latency = 0> <II = 1> <Delay = 5.58> <FuncUnit> <Opcode : 'mul'> <InPorts = 2> <OutPorts = 1>
ST_9 : Operation 743 [1/1] (0.00ns)   --->   "%mult_4934 = partselect i19 @_ssdm_op_PartSelect.i19.i29.i32.i32, i29 %mul_ln73_4778, i32 10, i32 28" [firmware/nnet_utils/nnet_dense_latency.h:42]   --->   Operation 743 'partselect' 'mult_4934' <Predicate = true> <Delay = 0.00>
ST_9 : Operation 744 [1/1] (0.00ns)   --->   "%sext_ln17_4938 = sext i19 %mult_4934" [firmware/nnet_utils/nnet_dense_latency.h:17]   --->   Operation 744 'sext' 'sext_ln17_4938' <Predicate = true> <Delay = 0.00>
ST_9 : Operation 745 [1/1] (5.58ns)   --->   "%mul_ln73_4779 = mul i29 %sext_ln70_524, i29 536868695" [firmware/nnet_utils/nnet_mult.h:73->firmware/nnet_utils/nnet_dense_latency.h:42]   --->   Operation 745 'mul' 'mul_ln73_4779' <Predicate = true> <Delay = 5.58> <CoreInst = "Multiplier">   --->   Core 3 'Multiplier' <Latency = 0> <II = 1> <Delay = 5.58> <FuncUnit> <Opcode : 'mul'> <InPorts = 2> <OutPorts = 1>
ST_9 : Operation 746 [1/1] (0.00ns)   --->   "%mult_4935 = partselect i19 @_ssdm_op_PartSelect.i19.i29.i32.i32, i29 %mul_ln73_4779, i32 10, i32 28" [firmware/nnet_utils/nnet_dense_latency.h:42]   --->   Operation 746 'partselect' 'mult_4935' <Predicate = true> <Delay = 0.00>
ST_9 : Operation 747 [1/1] (0.00ns)   --->   "%sext_ln17_4939 = sext i19 %mult_4935" [firmware/nnet_utils/nnet_dense_latency.h:17]   --->   Operation 747 'sext' 'sext_ln17_4939' <Predicate = true> <Delay = 0.00>
ST_9 : Operation 748 [1/1] (5.58ns)   --->   "%mul_ln73_4780 = mul i29 %sext_ln70_524, i29 536867184" [firmware/nnet_utils/nnet_mult.h:73->firmware/nnet_utils/nnet_dense_latency.h:42]   --->   Operation 748 'mul' 'mul_ln73_4780' <Predicate = true> <Delay = 5.58> <CoreInst = "Multiplier">   --->   Core 3 'Multiplier' <Latency = 0> <II = 1> <Delay = 5.58> <FuncUnit> <Opcode : 'mul'> <InPorts = 2> <OutPorts = 1>
ST_9 : Operation 749 [1/1] (0.00ns)   --->   "%mult_4936 = partselect i19 @_ssdm_op_PartSelect.i19.i29.i32.i32, i29 %mul_ln73_4780, i32 10, i32 28" [firmware/nnet_utils/nnet_dense_latency.h:42]   --->   Operation 749 'partselect' 'mult_4936' <Predicate = true> <Delay = 0.00>
ST_9 : Operation 750 [1/1] (0.00ns)   --->   "%sext_ln17_4940 = sext i19 %mult_4936" [firmware/nnet_utils/nnet_dense_latency.h:17]   --->   Operation 750 'sext' 'sext_ln17_4940' <Predicate = true> <Delay = 0.00>
ST_9 : Operation 751 [1/1] (2.19ns)   --->   "%add_ln58_4821 = add i21 %sext_ln17_4917, i21 %sext_ln17_4933" [firmware/nnet_utils/nnet_dense_latency.h:58]   --->   Operation 751 'add' 'add_ln58_4821' <Predicate = true> <Delay = 2.19> <CoreInst = "Adder">   --->   Core 1 'Adder' <Latency = 0> <II = 1> <Delay = 2.19> <FuncUnit> <Opcode : 'add' 'sub'> <InPorts = 2> <OutPorts = 1>
ST_9 : Operation 752 [1/1] (2.16ns)   --->   "%add_ln58_4853 = add i20 %sext_ln17_4918, i20 %sext_ln17_4934" [firmware/nnet_utils/nnet_dense_latency.h:58]   --->   Operation 752 'add' 'add_ln58_4853' <Predicate = true> <Delay = 2.16> <CoreInst = "Adder">   --->   Core 1 'Adder' <Latency = 0> <II = 1> <Delay = 2.16> <FuncUnit> <Opcode : 'add' 'sub'> <InPorts = 2> <OutPorts = 1>
ST_9 : Operation 753 [1/1] (2.16ns)   --->   "%add_ln58_4885 = add i20 %sext_ln17_4919, i20 %sext_ln17_4935" [firmware/nnet_utils/nnet_dense_latency.h:58]   --->   Operation 753 'add' 'add_ln58_4885' <Predicate = true> <Delay = 2.16> <CoreInst = "Adder">   --->   Core 1 'Adder' <Latency = 0> <II = 1> <Delay = 2.16> <FuncUnit> <Opcode : 'add' 'sub'> <InPorts = 2> <OutPorts = 1>
ST_9 : Operation 754 [1/1] (2.19ns)   --->   "%add_ln58_4917 = add i21 %sext_ln17_4920, i21 %sext_ln17_4936" [firmware/nnet_utils/nnet_dense_latency.h:58]   --->   Operation 754 'add' 'add_ln58_4917' <Predicate = true> <Delay = 2.19> <CoreInst = "Adder">   --->   Core 1 'Adder' <Latency = 0> <II = 1> <Delay = 2.19> <FuncUnit> <Opcode : 'add' 'sub'> <InPorts = 2> <OutPorts = 1>
ST_9 : Operation 755 [1/1] (2.16ns)   --->   "%add_ln58_4949 = add i20 %sext_ln17_4921, i20 %sext_ln17_4937" [firmware/nnet_utils/nnet_dense_latency.h:58]   --->   Operation 755 'add' 'add_ln58_4949' <Predicate = true> <Delay = 2.16> <CoreInst = "Adder">   --->   Core 1 'Adder' <Latency = 0> <II = 1> <Delay = 2.16> <FuncUnit> <Opcode : 'add' 'sub'> <InPorts = 2> <OutPorts = 1>
ST_9 : Operation 756 [1/1] (2.16ns)   --->   "%add_ln58_4981 = add i20 %sext_ln17_4922, i20 %sext_ln17_4938" [firmware/nnet_utils/nnet_dense_latency.h:58]   --->   Operation 756 'add' 'add_ln58_4981' <Predicate = true> <Delay = 2.16> <CoreInst = "Adder">   --->   Core 1 'Adder' <Latency = 0> <II = 1> <Delay = 2.16> <FuncUnit> <Opcode : 'add' 'sub'> <InPorts = 2> <OutPorts = 1>
ST_9 : Operation 757 [1/1] (2.19ns)   --->   "%add_ln58_5013 = add i21 %sext_ln17_4923, i21 %sext_ln17_4939" [firmware/nnet_utils/nnet_dense_latency.h:58]   --->   Operation 757 'add' 'add_ln58_5013' <Predicate = true> <Delay = 2.19> <CoreInst = "Adder">   --->   Core 1 'Adder' <Latency = 0> <II = 1> <Delay = 2.19> <FuncUnit> <Opcode : 'add' 'sub'> <InPorts = 2> <OutPorts = 1>
ST_9 : Operation 758 [1/1] (2.19ns)   --->   "%add_ln58_5045 = add i21 %sext_ln17_4924, i21 %sext_ln17_4940" [firmware/nnet_utils/nnet_dense_latency.h:58]   --->   Operation 758 'add' 'add_ln58_5045' <Predicate = true> <Delay = 2.19> <CoreInst = "Adder">   --->   Core 1 'Adder' <Latency = 0> <II = 1> <Delay = 2.19> <FuncUnit> <Opcode : 'add' 'sub'> <InPorts = 2> <OutPorts = 1>

State 10 <SV = 9> <Delay = 7.77>
ST_10 : Operation 759 [1/1] (0.00ns)   --->   "%data_10_val_read = read i16 @_ssdm_op_Read.ap_auto.i16, i16 %data_10_val" [firmware/nnet_utils/nnet_mult.h:70->firmware/nnet_utils/nnet_dense_latency.h:42]   --->   Operation 759 'read' 'data_10_val_read' <Predicate = true> <Delay = 0.00>
ST_10 : Operation 760 [1/1] (0.00ns)   --->   "%sext_ln17_4925 = sext i19 %mult_4921" [firmware/nnet_utils/nnet_dense_latency.h:17]   --->   Operation 760 'sext' 'sext_ln17_4925' <Predicate = true> <Delay = 0.00>
ST_10 : Operation 761 [1/1] (0.00ns)   --->   "%sext_ln17_4926 = sext i14 %mult_4922" [firmware/nnet_utils/nnet_dense_latency.h:17]   --->   Operation 761 'sext' 'sext_ln17_4926' <Predicate = true> <Delay = 0.00>
ST_10 : Operation 762 [1/1] (0.00ns)   --->   "%sext_ln17_4927 = sext i19 %mult_4923" [firmware/nnet_utils/nnet_dense_latency.h:17]   --->   Operation 762 'sext' 'sext_ln17_4927' <Predicate = true> <Delay = 0.00>
ST_10 : Operation 763 [1/1] (0.00ns)   --->   "%sext_ln17_4928 = sext i19 %mult_4924" [firmware/nnet_utils/nnet_dense_latency.h:17]   --->   Operation 763 'sext' 'sext_ln17_4928' <Predicate = true> <Delay = 0.00>
ST_10 : Operation 764 [1/1] (0.00ns)   --->   "%sext_ln17_4929 = sext i14 %mult_4925" [firmware/nnet_utils/nnet_dense_latency.h:17]   --->   Operation 764 'sext' 'sext_ln17_4929' <Predicate = true> <Delay = 0.00>
ST_10 : Operation 765 [1/1] (0.00ns)   --->   "%sext_ln17_4930 = sext i16 %mult_4926" [firmware/nnet_utils/nnet_dense_latency.h:17]   --->   Operation 765 'sext' 'sext_ln17_4930' <Predicate = true> <Delay = 0.00>
ST_10 : Operation 766 [1/1] (0.00ns)   --->   "%sext_ln17_4932 = sext i16 %mult_4928" [firmware/nnet_utils/nnet_dense_latency.h:17]   --->   Operation 766 'sext' 'sext_ln17_4932' <Predicate = true> <Delay = 0.00>
ST_10 : Operation 767 [1/1] (0.00ns)   --->   "%sext_ln70_522 = sext i16 %data_9_val_read" [firmware/nnet_utils/nnet_mult.h:70->firmware/nnet_utils/nnet_dense_latency.h:42]   --->   Operation 767 'sext' 'sext_ln70_522' <Predicate = true> <Delay = 0.00>
ST_10 : Operation 768 [1/1] (0.00ns)   --->   "%sext_ln70_523 = sext i16 %data_9_val_read" [firmware/nnet_utils/nnet_mult.h:70->firmware/nnet_utils/nnet_dense_latency.h:42]   --->   Operation 768 'sext' 'sext_ln70_523' <Predicate = true> <Delay = 0.00>
ST_10 : Operation 769 [1/1] (5.58ns)   --->   "%mul_ln73_4781 = mul i28 %sext_ln70_525, i28 268433731" [firmware/nnet_utils/nnet_mult.h:73->firmware/nnet_utils/nnet_dense_latency.h:42]   --->   Operation 769 'mul' 'mul_ln73_4781' <Predicate = true> <Delay = 5.58> <CoreInst = "Multiplier">   --->   Core 3 'Multiplier' <Latency = 0> <II = 1> <Delay = 5.58> <FuncUnit> <Opcode : 'mul'> <InPorts = 2> <OutPorts = 1>
ST_10 : Operation 770 [1/1] (0.00ns)   --->   "%mult_4937 = partselect i18 @_ssdm_op_PartSelect.i18.i28.i32.i32, i28 %mul_ln73_4781, i32 10, i32 27" [firmware/nnet_utils/nnet_dense_latency.h:42]   --->   Operation 770 'partselect' 'mult_4937' <Predicate = true> <Delay = 0.00>
ST_10 : Operation 771 [1/1] (0.00ns)   --->   "%sext_ln17_4941 = sext i18 %mult_4937" [firmware/nnet_utils/nnet_dense_latency.h:17]   --->   Operation 771 'sext' 'sext_ln17_4941' <Predicate = true> <Delay = 0.00>
ST_10 : Operation 772 [1/1] (5.58ns)   --->   "%mul_ln73_4782 = mul i30 %sext_ln70_526, i30 4289" [firmware/nnet_utils/nnet_mult.h:73->firmware/nnet_utils/nnet_dense_latency.h:42]   --->   Operation 772 'mul' 'mul_ln73_4782' <Predicate = true> <Delay = 5.58> <CoreInst = "Multiplier">   --->   Core 3 'Multiplier' <Latency = 0> <II = 1> <Delay = 5.58> <FuncUnit> <Opcode : 'mul'> <InPorts = 2> <OutPorts = 1>
ST_10 : Operation 773 [1/1] (0.00ns)   --->   "%mult_4938 = partselect i20 @_ssdm_op_PartSelect.i20.i30.i32.i32, i30 %mul_ln73_4782, i32 10, i32 29" [firmware/nnet_utils/nnet_dense_latency.h:42]   --->   Operation 773 'partselect' 'mult_4938' <Predicate = true> <Delay = 0.00>
ST_10 : Operation 774 [1/1] (0.00ns)   --->   "%sext_ln17_4942 = sext i20 %mult_4938" [firmware/nnet_utils/nnet_dense_latency.h:17]   --->   Operation 774 'sext' 'sext_ln17_4942' <Predicate = true> <Delay = 0.00>
ST_10 : Operation 775 [1/1] (5.58ns)   --->   "%mul_ln73_4783 = mul i27 %sext_ln70_523, i27 134217075" [firmware/nnet_utils/nnet_mult.h:73->firmware/nnet_utils/nnet_dense_latency.h:42]   --->   Operation 775 'mul' 'mul_ln73_4783' <Predicate = true> <Delay = 5.58> <CoreInst = "Multiplier">   --->   Core 3 'Multiplier' <Latency = 0> <II = 1> <Delay = 5.58> <FuncUnit> <Opcode : 'mul'> <InPorts = 2> <OutPorts = 1>
ST_10 : Operation 776 [1/1] (0.00ns)   --->   "%mult_4939 = partselect i17 @_ssdm_op_PartSelect.i17.i27.i32.i32, i27 %mul_ln73_4783, i32 10, i32 26" [firmware/nnet_utils/nnet_dense_latency.h:42]   --->   Operation 776 'partselect' 'mult_4939' <Predicate = true> <Delay = 0.00>
ST_10 : Operation 777 [1/1] (0.00ns)   --->   "%sext_ln17_4943 = sext i17 %mult_4939" [firmware/nnet_utils/nnet_dense_latency.h:17]   --->   Operation 777 'sext' 'sext_ln17_4943' <Predicate = true> <Delay = 0.00>
ST_10 : Operation 778 [1/1] (5.58ns)   --->   "%mul_ln73_4784 = mul i29 %sext_ln70_524, i29 4008" [firmware/nnet_utils/nnet_mult.h:73->firmware/nnet_utils/nnet_dense_latency.h:42]   --->   Operation 778 'mul' 'mul_ln73_4784' <Predicate = true> <Delay = 5.58> <CoreInst = "Multiplier">   --->   Core 3 'Multiplier' <Latency = 0> <II = 1> <Delay = 5.58> <FuncUnit> <Opcode : 'mul'> <InPorts = 2> <OutPorts = 1>
ST_10 : Operation 779 [1/1] (0.00ns)   --->   "%mult_4940 = partselect i19 @_ssdm_op_PartSelect.i19.i29.i32.i32, i29 %mul_ln73_4784, i32 10, i32 28" [firmware/nnet_utils/nnet_dense_latency.h:42]   --->   Operation 779 'partselect' 'mult_4940' <Predicate = true> <Delay = 0.00>
ST_10 : Operation 780 [1/1] (0.00ns)   --->   "%sext_ln17_4944 = sext i19 %mult_4940" [firmware/nnet_utils/nnet_dense_latency.h:17]   --->   Operation 780 'sext' 'sext_ln17_4944' <Predicate = true> <Delay = 0.00>
ST_10 : Operation 781 [1/1] (0.00ns)   --->   "%shl_ln73_247 = bitconcatenate i22 @_ssdm_op_BitConcatenate.i22.i16.i6, i16 %data_9_val_read, i6 0" [firmware/nnet_utils/nnet_mult.h:73->firmware/nnet_utils/nnet_dense_latency.h:42]   --->   Operation 781 'bitconcatenate' 'shl_ln73_247' <Predicate = true> <Delay = 0.00>
ST_10 : Operation 782 [1/1] (0.00ns)   --->   "%sext_ln73_279 = sext i22 %shl_ln73_247" [firmware/nnet_utils/nnet_mult.h:73->firmware/nnet_utils/nnet_dense_latency.h:42]   --->   Operation 782 'sext' 'sext_ln73_279' <Predicate = true> <Delay = 0.00>
ST_10 : Operation 783 [1/1] (0.00ns)   --->   "%shl_ln73_248 = bitconcatenate i18 @_ssdm_op_BitConcatenate.i18.i16.i2, i16 %data_9_val_read, i2 0" [firmware/nnet_utils/nnet_mult.h:73->firmware/nnet_utils/nnet_dense_latency.h:42]   --->   Operation 783 'bitconcatenate' 'shl_ln73_248' <Predicate = true> <Delay = 0.00>
ST_10 : Operation 784 [1/1] (0.00ns)   --->   "%sext_ln73_280 = sext i18 %shl_ln73_248" [firmware/nnet_utils/nnet_mult.h:73->firmware/nnet_utils/nnet_dense_latency.h:42]   --->   Operation 784 'sext' 'sext_ln73_280' <Predicate = true> <Delay = 0.00>
ST_10 : Operation 785 [1/1] (2.25ns)   --->   "%sub_ln73_169 = sub i23 %sext_ln73_280, i23 %sext_ln73_279" [firmware/nnet_utils/nnet_mult.h:73->firmware/nnet_utils/nnet_dense_latency.h:42]   --->   Operation 785 'sub' 'sub_ln73_169' <Predicate = true> <Delay = 2.25> <CoreInst = "Adder">   --->   Core 1 'Adder' <Latency = 0> <II = 1> <Delay = 2.25> <FuncUnit> <Opcode : 'add' 'sub'> <InPorts = 2> <OutPorts = 1>
ST_10 : Operation 786 [1/1] (0.00ns)   --->   "%mult_4941 = partselect i13 @_ssdm_op_PartSelect.i13.i23.i32.i32, i23 %sub_ln73_169, i32 10, i32 22" [firmware/nnet_utils/nnet_dense_latency.h:42]   --->   Operation 786 'partselect' 'mult_4941' <Predicate = true> <Delay = 0.00>
ST_10 : Operation 787 [1/1] (0.00ns)   --->   "%sext_ln17_4945 = sext i13 %mult_4941" [firmware/nnet_utils/nnet_dense_latency.h:17]   --->   Operation 787 'sext' 'sext_ln17_4945' <Predicate = true> <Delay = 0.00>
ST_10 : Operation 788 [1/1] (5.58ns)   --->   "%mul_ln73_4785 = mul i30 %sext_ln70_526, i30 1073737411" [firmware/nnet_utils/nnet_mult.h:73->firmware/nnet_utils/nnet_dense_latency.h:42]   --->   Operation 788 'mul' 'mul_ln73_4785' <Predicate = true> <Delay = 5.58> <CoreInst = "Multiplier">   --->   Core 3 'Multiplier' <Latency = 0> <II = 1> <Delay = 5.58> <FuncUnit> <Opcode : 'mul'> <InPorts = 2> <OutPorts = 1>
ST_10 : Operation 789 [1/1] (0.00ns)   --->   "%mult_4942 = partselect i20 @_ssdm_op_PartSelect.i20.i30.i32.i32, i30 %mul_ln73_4785, i32 10, i32 29" [firmware/nnet_utils/nnet_dense_latency.h:42]   --->   Operation 789 'partselect' 'mult_4942' <Predicate = true> <Delay = 0.00>
ST_10 : Operation 790 [1/1] (0.00ns)   --->   "%sext_ln17_4946 = sext i20 %mult_4942" [firmware/nnet_utils/nnet_dense_latency.h:17]   --->   Operation 790 'sext' 'sext_ln17_4946' <Predicate = true> <Delay = 0.00>
ST_10 : Operation 791 [1/1] (5.58ns)   --->   "%mul_ln73_4786 = mul i26 %sext_ln70_522, i26 67108598" [firmware/nnet_utils/nnet_mult.h:73->firmware/nnet_utils/nnet_dense_latency.h:42]   --->   Operation 791 'mul' 'mul_ln73_4786' <Predicate = true> <Delay = 5.58> <CoreInst = "Multiplier">   --->   Core 3 'Multiplier' <Latency = 0> <II = 1> <Delay = 5.58> <FuncUnit> <Opcode : 'mul'> <InPorts = 2> <OutPorts = 1>
ST_10 : Operation 792 [1/1] (0.00ns)   --->   "%mult_4943 = partselect i16 @_ssdm_op_PartSelect.i16.i26.i32.i32, i26 %mul_ln73_4786, i32 10, i32 25" [firmware/nnet_utils/nnet_dense_latency.h:42]   --->   Operation 792 'partselect' 'mult_4943' <Predicate = true> <Delay = 0.00>
ST_10 : Operation 793 [1/1] (0.00ns)   --->   "%shl_ln73_249 = bitconcatenate i26 @_ssdm_op_BitConcatenate.i26.i16.i10, i16 %data_9_val_read, i10 0" [firmware/nnet_utils/nnet_mult.h:73->firmware/nnet_utils/nnet_dense_latency.h:42]   --->   Operation 793 'bitconcatenate' 'shl_ln73_249' <Predicate = true> <Delay = 0.00>
ST_10 : Operation 794 [1/1] (0.00ns)   --->   "%sext_ln73_281 = sext i26 %shl_ln73_249" [firmware/nnet_utils/nnet_mult.h:73->firmware/nnet_utils/nnet_dense_latency.h:42]   --->   Operation 794 'sext' 'sext_ln73_281' <Predicate = true> <Delay = 0.00>
ST_10 : Operation 795 [1/1] (0.00ns)   --->   "%shl_ln73_250 = bitconcatenate i19 @_ssdm_op_BitConcatenate.i19.i16.i3, i16 %data_9_val_read, i3 0" [firmware/nnet_utils/nnet_mult.h:73->firmware/nnet_utils/nnet_dense_latency.h:42]   --->   Operation 795 'bitconcatenate' 'shl_ln73_250' <Predicate = true> <Delay = 0.00>
ST_10 : Operation 796 [1/1] (0.00ns)   --->   "%sext_ln73_282 = sext i19 %shl_ln73_250" [firmware/nnet_utils/nnet_mult.h:73->firmware/nnet_utils/nnet_dense_latency.h:42]   --->   Operation 796 'sext' 'sext_ln73_282' <Predicate = true> <Delay = 0.00>
ST_10 : Operation 797 [1/1] (2.37ns)   --->   "%add_ln73_33 = add i27 %sext_ln73_281, i27 %sext_ln73_282" [firmware/nnet_utils/nnet_mult.h:73->firmware/nnet_utils/nnet_dense_latency.h:42]   --->   Operation 797 'add' 'add_ln73_33' <Predicate = true> <Delay = 2.37> <CoreInst = "Adder">   --->   Core 1 'Adder' <Latency = 0> <II = 1> <Delay = 2.37> <FuncUnit> <Opcode : 'add' 'sub'> <InPorts = 2> <OutPorts = 1>
ST_10 : Operation 798 [1/1] (0.00ns)   --->   "%mult_4944 = partselect i17 @_ssdm_op_PartSelect.i17.i27.i32.i32, i27 %add_ln73_33, i32 10, i32 26" [firmware/nnet_utils/nnet_dense_latency.h:42]   --->   Operation 798 'partselect' 'mult_4944' <Predicate = true> <Delay = 0.00>
ST_10 : Operation 799 [1/1] (0.00ns)   --->   "%sext_ln17_4948 = sext i17 %mult_4944" [firmware/nnet_utils/nnet_dense_latency.h:17]   --->   Operation 799 'sext' 'sext_ln17_4948' <Predicate = true> <Delay = 0.00>
ST_10 : Operation 800 [1/1] (0.00ns)   --->   "%sext_ln70_528 = sext i16 %data_10_val_read" [firmware/nnet_utils/nnet_mult.h:70->firmware/nnet_utils/nnet_dense_latency.h:42]   --->   Operation 800 'sext' 'sext_ln70_528' <Predicate = true> <Delay = 0.00>
ST_10 : Operation 801 [1/1] (0.00ns)   --->   "%sext_ln70_529 = sext i16 %data_10_val_read" [firmware/nnet_utils/nnet_mult.h:70->firmware/nnet_utils/nnet_dense_latency.h:42]   --->   Operation 801 'sext' 'sext_ln70_529' <Predicate = true> <Delay = 0.00>
ST_10 : Operation 802 [1/1] (0.00ns)   --->   "%sext_ln70_530 = sext i16 %data_10_val_read" [firmware/nnet_utils/nnet_mult.h:70->firmware/nnet_utils/nnet_dense_latency.h:42]   --->   Operation 802 'sext' 'sext_ln70_530' <Predicate = true> <Delay = 0.00>
ST_10 : Operation 803 [1/1] (0.00ns)   --->   "%sext_ln70_531 = sext i16 %data_10_val_read" [firmware/nnet_utils/nnet_mult.h:70->firmware/nnet_utils/nnet_dense_latency.h:42]   --->   Operation 803 'sext' 'sext_ln70_531' <Predicate = true> <Delay = 0.00>
ST_10 : Operation 804 [1/1] (5.58ns)   --->   "%mul_ln73_4787 = mul i29 %sext_ln70_531, i29 536868732" [firmware/nnet_utils/nnet_mult.h:73->firmware/nnet_utils/nnet_dense_latency.h:42]   --->   Operation 804 'mul' 'mul_ln73_4787' <Predicate = true> <Delay = 5.58> <CoreInst = "Multiplier">   --->   Core 3 'Multiplier' <Latency = 0> <II = 1> <Delay = 5.58> <FuncUnit> <Opcode : 'mul'> <InPorts = 2> <OutPorts = 1>
ST_10 : Operation 805 [1/1] (0.00ns)   --->   "%mult_4945 = partselect i19 @_ssdm_op_PartSelect.i19.i29.i32.i32, i29 %mul_ln73_4787, i32 10, i32 28" [firmware/nnet_utils/nnet_dense_latency.h:42]   --->   Operation 805 'partselect' 'mult_4945' <Predicate = true> <Delay = 0.00>
ST_10 : Operation 806 [1/1] (5.58ns)   --->   "%mul_ln73_4788 = mul i28 %sext_ln70_530, i28 1634" [firmware/nnet_utils/nnet_mult.h:73->firmware/nnet_utils/nnet_dense_latency.h:42]   --->   Operation 806 'mul' 'mul_ln73_4788' <Predicate = true> <Delay = 5.58> <CoreInst = "Multiplier">   --->   Core 3 'Multiplier' <Latency = 0> <II = 1> <Delay = 5.58> <FuncUnit> <Opcode : 'mul'> <InPorts = 2> <OutPorts = 1>
ST_10 : Operation 807 [1/1] (0.00ns)   --->   "%mult_4946 = partselect i18 @_ssdm_op_PartSelect.i18.i28.i32.i32, i28 %mul_ln73_4788, i32 10, i32 27" [firmware/nnet_utils/nnet_dense_latency.h:42]   --->   Operation 807 'partselect' 'mult_4946' <Predicate = true> <Delay = 0.00>
ST_10 : Operation 808 [1/1] (5.58ns)   --->   "%mul_ln73_4789 = mul i27 %sext_ln70_529, i27 134216859" [firmware/nnet_utils/nnet_mult.h:73->firmware/nnet_utils/nnet_dense_latency.h:42]   --->   Operation 808 'mul' 'mul_ln73_4789' <Predicate = true> <Delay = 5.58> <CoreInst = "Multiplier">   --->   Core 3 'Multiplier' <Latency = 0> <II = 1> <Delay = 5.58> <FuncUnit> <Opcode : 'mul'> <InPorts = 2> <OutPorts = 1>
ST_10 : Operation 809 [1/1] (0.00ns)   --->   "%mult_4947 = partselect i17 @_ssdm_op_PartSelect.i17.i27.i32.i32, i27 %mul_ln73_4789, i32 10, i32 26" [firmware/nnet_utils/nnet_dense_latency.h:42]   --->   Operation 809 'partselect' 'mult_4947' <Predicate = true> <Delay = 0.00>
ST_10 : Operation 810 [1/1] (5.58ns)   --->   "%mul_ln73_4790 = mul i29 %sext_ln70_531, i29 536868094" [firmware/nnet_utils/nnet_mult.h:73->firmware/nnet_utils/nnet_dense_latency.h:42]   --->   Operation 810 'mul' 'mul_ln73_4790' <Predicate = true> <Delay = 5.58> <CoreInst = "Multiplier">   --->   Core 3 'Multiplier' <Latency = 0> <II = 1> <Delay = 5.58> <FuncUnit> <Opcode : 'mul'> <InPorts = 2> <OutPorts = 1>
ST_10 : Operation 811 [1/1] (0.00ns)   --->   "%mult_4948 = partselect i19 @_ssdm_op_PartSelect.i19.i29.i32.i32, i29 %mul_ln73_4790, i32 10, i32 28" [firmware/nnet_utils/nnet_dense_latency.h:42]   --->   Operation 811 'partselect' 'mult_4948' <Predicate = true> <Delay = 0.00>
ST_10 : Operation 812 [1/1] (5.58ns)   --->   "%mul_ln73_4791 = mul i30 %sext_ln70_528, i30 1073737183" [firmware/nnet_utils/nnet_mult.h:73->firmware/nnet_utils/nnet_dense_latency.h:42]   --->   Operation 812 'mul' 'mul_ln73_4791' <Predicate = true> <Delay = 5.58> <CoreInst = "Multiplier">   --->   Core 3 'Multiplier' <Latency = 0> <II = 1> <Delay = 5.58> <FuncUnit> <Opcode : 'mul'> <InPorts = 2> <OutPorts = 1>
ST_10 : Operation 813 [1/1] (0.00ns)   --->   "%mult_4949 = partselect i20 @_ssdm_op_PartSelect.i20.i30.i32.i32, i30 %mul_ln73_4791, i32 10, i32 29" [firmware/nnet_utils/nnet_dense_latency.h:42]   --->   Operation 813 'partselect' 'mult_4949' <Predicate = true> <Delay = 0.00>
ST_10 : Operation 814 [1/1] (5.58ns)   --->   "%mul_ln73_4792 = mul i27 %sext_ln70_529, i27 656" [firmware/nnet_utils/nnet_mult.h:73->firmware/nnet_utils/nnet_dense_latency.h:42]   --->   Operation 814 'mul' 'mul_ln73_4792' <Predicate = true> <Delay = 5.58> <CoreInst = "Multiplier">   --->   Core 3 'Multiplier' <Latency = 0> <II = 1> <Delay = 5.58> <FuncUnit> <Opcode : 'mul'> <InPorts = 2> <OutPorts = 1>
ST_10 : Operation 815 [1/1] (0.00ns)   --->   "%mult_4950 = partselect i17 @_ssdm_op_PartSelect.i17.i27.i32.i32, i27 %mul_ln73_4792, i32 10, i32 26" [firmware/nnet_utils/nnet_dense_latency.h:42]   --->   Operation 815 'partselect' 'mult_4950' <Predicate = true> <Delay = 0.00>
ST_10 : Operation 816 [1/1] (5.58ns)   --->   "%mul_ln73_4793 = mul i30 %sext_ln70_528, i30 1073736542" [firmware/nnet_utils/nnet_mult.h:73->firmware/nnet_utils/nnet_dense_latency.h:42]   --->   Operation 816 'mul' 'mul_ln73_4793' <Predicate = true> <Delay = 5.58> <CoreInst = "Multiplier">   --->   Core 3 'Multiplier' <Latency = 0> <II = 1> <Delay = 5.58> <FuncUnit> <Opcode : 'mul'> <InPorts = 2> <OutPorts = 1>
ST_10 : Operation 817 [1/1] (0.00ns)   --->   "%mult_4951 = partselect i20 @_ssdm_op_PartSelect.i20.i30.i32.i32, i30 %mul_ln73_4793, i32 10, i32 29" [firmware/nnet_utils/nnet_dense_latency.h:42]   --->   Operation 817 'partselect' 'mult_4951' <Predicate = true> <Delay = 0.00>
ST_10 : Operation 818 [1/1] (5.58ns)   --->   "%mul_ln73_4794 = mul i28 %sext_ln70_530, i28 268433582" [firmware/nnet_utils/nnet_mult.h:73->firmware/nnet_utils/nnet_dense_latency.h:42]   --->   Operation 818 'mul' 'mul_ln73_4794' <Predicate = true> <Delay = 5.58> <CoreInst = "Multiplier">   --->   Core 3 'Multiplier' <Latency = 0> <II = 1> <Delay = 5.58> <FuncUnit> <Opcode : 'mul'> <InPorts = 2> <OutPorts = 1>
ST_10 : Operation 819 [1/1] (0.00ns)   --->   "%mult_4952 = partselect i18 @_ssdm_op_PartSelect.i18.i28.i32.i32, i28 %mul_ln73_4794, i32 10, i32 27" [firmware/nnet_utils/nnet_dense_latency.h:42]   --->   Operation 819 'partselect' 'mult_4952' <Predicate = true> <Delay = 0.00>
ST_10 : Operation 820 [1/1] (5.58ns)   --->   "%mul_ln73_4795 = mul i29 %sext_ln70_531, i29 536868230" [firmware/nnet_utils/nnet_mult.h:73->firmware/nnet_utils/nnet_dense_latency.h:42]   --->   Operation 820 'mul' 'mul_ln73_4795' <Predicate = true> <Delay = 5.58> <CoreInst = "Multiplier">   --->   Core 3 'Multiplier' <Latency = 0> <II = 1> <Delay = 5.58> <FuncUnit> <Opcode : 'mul'> <InPorts = 2> <OutPorts = 1>
ST_10 : Operation 821 [1/1] (0.00ns)   --->   "%mult_4953 = partselect i19 @_ssdm_op_PartSelect.i19.i29.i32.i32, i29 %mul_ln73_4795, i32 10, i32 28" [firmware/nnet_utils/nnet_dense_latency.h:42]   --->   Operation 821 'partselect' 'mult_4953' <Predicate = true> <Delay = 0.00>
ST_10 : Operation 822 [1/1] (5.58ns)   --->   "%mul_ln73_4796 = mul i29 %sext_ln70_531, i29 2316" [firmware/nnet_utils/nnet_mult.h:73->firmware/nnet_utils/nnet_dense_latency.h:42]   --->   Operation 822 'mul' 'mul_ln73_4796' <Predicate = true> <Delay = 5.58> <CoreInst = "Multiplier">   --->   Core 3 'Multiplier' <Latency = 0> <II = 1> <Delay = 5.58> <FuncUnit> <Opcode : 'mul'> <InPorts = 2> <OutPorts = 1>
ST_10 : Operation 823 [1/1] (0.00ns)   --->   "%mult_4954 = partselect i19 @_ssdm_op_PartSelect.i19.i29.i32.i32, i29 %mul_ln73_4796, i32 10, i32 28" [firmware/nnet_utils/nnet_dense_latency.h:42]   --->   Operation 823 'partselect' 'mult_4954' <Predicate = true> <Delay = 0.00>
ST_10 : Operation 824 [1/1] (2.16ns)   --->   "%add_ln58_5077 = add i20 %sext_ln17_4925, i20 %sext_ln17_4941" [firmware/nnet_utils/nnet_dense_latency.h:58]   --->   Operation 824 'add' 'add_ln58_5077' <Predicate = true> <Delay = 2.16> <CoreInst = "Adder">   --->   Core 1 'Adder' <Latency = 0> <II = 1> <Delay = 2.16> <FuncUnit> <Opcode : 'add' 'sub'> <InPorts = 2> <OutPorts = 1>
ST_10 : Operation 825 [1/1] (2.19ns)   --->   "%add_ln58_5109 = add i21 %sext_ln17_4926, i21 %sext_ln17_4942" [firmware/nnet_utils/nnet_dense_latency.h:58]   --->   Operation 825 'add' 'add_ln58_5109' <Predicate = true> <Delay = 2.19> <CoreInst = "Adder">   --->   Core 1 'Adder' <Latency = 0> <II = 1> <Delay = 2.19> <FuncUnit> <Opcode : 'add' 'sub'> <InPorts = 2> <OutPorts = 1>
ST_10 : Operation 826 [1/1] (2.16ns)   --->   "%add_ln58_5141 = add i20 %sext_ln17_4927, i20 %sext_ln17_4943" [firmware/nnet_utils/nnet_dense_latency.h:58]   --->   Operation 826 'add' 'add_ln58_5141' <Predicate = true> <Delay = 2.16> <CoreInst = "Adder">   --->   Core 1 'Adder' <Latency = 0> <II = 1> <Delay = 2.16> <FuncUnit> <Opcode : 'add' 'sub'> <InPorts = 2> <OutPorts = 1>
ST_10 : Operation 827 [1/1] (2.16ns)   --->   "%add_ln58_5173 = add i20 %sext_ln17_4928, i20 %sext_ln17_4944" [firmware/nnet_utils/nnet_dense_latency.h:58]   --->   Operation 827 'add' 'add_ln58_5173' <Predicate = true> <Delay = 2.16> <CoreInst = "Adder">   --->   Core 1 'Adder' <Latency = 0> <II = 1> <Delay = 2.16> <FuncUnit> <Opcode : 'add' 'sub'> <InPorts = 2> <OutPorts = 1>
ST_10 : Operation 828 [1/1] (1.81ns)   --->   "%add_ln58_5205 = add i15 %sext_ln17_4929, i15 %sext_ln17_4945" [firmware/nnet_utils/nnet_dense_latency.h:58]   --->   Operation 828 'add' 'add_ln58_5205' <Predicate = true> <Delay = 1.81> <CoreInst = "Adder">   --->   Core 1 'Adder' <Latency = 0> <II = 1> <Delay = 1.81> <FuncUnit> <Opcode : 'add' 'sub'> <InPorts = 2> <OutPorts = 1>
ST_10 : Operation 829 [1/1] (2.19ns)   --->   "%add_ln58_5237 = add i21 %sext_ln17_4930, i21 %sext_ln17_4946" [firmware/nnet_utils/nnet_dense_latency.h:58]   --->   Operation 829 'add' 'add_ln58_5237' <Predicate = true> <Delay = 2.19> <CoreInst = "Adder">   --->   Core 1 'Adder' <Latency = 0> <II = 1> <Delay = 2.19> <FuncUnit> <Opcode : 'add' 'sub'> <InPorts = 2> <OutPorts = 1>
ST_10 : Operation 830 [1/1] (2.10ns)   --->   "%add_ln58_5301 = add i18 %sext_ln17_4932, i18 %sext_ln17_4948" [firmware/nnet_utils/nnet_dense_latency.h:58]   --->   Operation 830 'add' 'add_ln58_5301' <Predicate = true> <Delay = 2.10> <CoreInst = "Adder">   --->   Core 1 'Adder' <Latency = 0> <II = 1> <Delay = 2.10> <FuncUnit> <Opcode : 'add' 'sub'> <InPorts = 2> <OutPorts = 1>

State 11 <SV = 10> <Delay = 10.0>
ST_11 : Operation 831 [1/1] (0.00ns)   --->   "%data_11_val_read = read i16 @_ssdm_op_Read.ap_auto.i16, i16 %data_11_val" [firmware/nnet_utils/nnet_mult.h:70->firmware/nnet_utils/nnet_dense_latency.h:42]   --->   Operation 831 'read' 'data_11_val_read' <Predicate = true> <Delay = 0.00>
ST_11 : Operation 832 [1/1] (0.00ns)   --->   "%sext_ln70_527 = sext i16 %data_10_val_read" [firmware/nnet_utils/nnet_mult.h:70->firmware/nnet_utils/nnet_dense_latency.h:42]   --->   Operation 832 'sext' 'sext_ln70_527' <Predicate = true> <Delay = 0.00>
ST_11 : Operation 833 [1/1] (0.00ns)   --->   "%sext_ln17_4949 = sext i19 %mult_4945" [firmware/nnet_utils/nnet_dense_latency.h:17]   --->   Operation 833 'sext' 'sext_ln17_4949' <Predicate = true> <Delay = 0.00>
ST_11 : Operation 834 [1/1] (0.00ns)   --->   "%sext_ln17_4950 = sext i18 %mult_4946" [firmware/nnet_utils/nnet_dense_latency.h:17]   --->   Operation 834 'sext' 'sext_ln17_4950' <Predicate = true> <Delay = 0.00>
ST_11 : Operation 835 [1/1] (0.00ns)   --->   "%sext_ln17_4951 = sext i17 %mult_4947" [firmware/nnet_utils/nnet_dense_latency.h:17]   --->   Operation 835 'sext' 'sext_ln17_4951' <Predicate = true> <Delay = 0.00>
ST_11 : Operation 836 [1/1] (0.00ns)   --->   "%sext_ln17_4952 = sext i19 %mult_4948" [firmware/nnet_utils/nnet_dense_latency.h:17]   --->   Operation 836 'sext' 'sext_ln17_4952' <Predicate = true> <Delay = 0.00>
ST_11 : Operation 837 [1/1] (0.00ns)   --->   "%sext_ln17_4953 = sext i20 %mult_4949" [firmware/nnet_utils/nnet_dense_latency.h:17]   --->   Operation 837 'sext' 'sext_ln17_4953' <Predicate = true> <Delay = 0.00>
ST_11 : Operation 838 [1/1] (0.00ns)   --->   "%sext_ln17_4954 = sext i17 %mult_4950" [firmware/nnet_utils/nnet_dense_latency.h:17]   --->   Operation 838 'sext' 'sext_ln17_4954' <Predicate = true> <Delay = 0.00>
ST_11 : Operation 839 [1/1] (0.00ns)   --->   "%sext_ln17_4955 = sext i20 %mult_4951" [firmware/nnet_utils/nnet_dense_latency.h:17]   --->   Operation 839 'sext' 'sext_ln17_4955' <Predicate = true> <Delay = 0.00>
ST_11 : Operation 840 [1/1] (0.00ns)   --->   "%sext_ln17_4956 = sext i18 %mult_4952" [firmware/nnet_utils/nnet_dense_latency.h:17]   --->   Operation 840 'sext' 'sext_ln17_4956' <Predicate = true> <Delay = 0.00>
ST_11 : Operation 841 [1/1] (0.00ns)   --->   "%sext_ln17_4957 = sext i19 %mult_4953" [firmware/nnet_utils/nnet_dense_latency.h:17]   --->   Operation 841 'sext' 'sext_ln17_4957' <Predicate = true> <Delay = 0.00>
ST_11 : Operation 842 [1/1] (0.00ns)   --->   "%sext_ln17_4958 = sext i19 %mult_4954" [firmware/nnet_utils/nnet_dense_latency.h:17]   --->   Operation 842 'sext' 'sext_ln17_4958' <Predicate = true> <Delay = 0.00>
ST_11 : Operation 843 [1/1] (5.58ns)   --->   "%mul_ln73_4797 = mul i28 %sext_ln70_530, i28 268433851" [firmware/nnet_utils/nnet_mult.h:73->firmware/nnet_utils/nnet_dense_latency.h:42]   --->   Operation 843 'mul' 'mul_ln73_4797' <Predicate = true> <Delay = 5.58> <CoreInst = "Multiplier">   --->   Core 3 'Multiplier' <Latency = 0> <II = 1> <Delay = 5.58> <FuncUnit> <Opcode : 'mul'> <InPorts = 2> <OutPorts = 1>
ST_11 : Operation 844 [1/1] (0.00ns)   --->   "%mult_4955 = partselect i18 @_ssdm_op_PartSelect.i18.i28.i32.i32, i28 %mul_ln73_4797, i32 10, i32 27" [firmware/nnet_utils/nnet_dense_latency.h:42]   --->   Operation 844 'partselect' 'mult_4955' <Predicate = true> <Delay = 0.00>
ST_11 : Operation 845 [1/1] (5.58ns)   --->   "%mul_ln73_4798 = mul i26 %sext_ln70_527, i26 67108430" [firmware/nnet_utils/nnet_mult.h:73->firmware/nnet_utils/nnet_dense_latency.h:42]   --->   Operation 845 'mul' 'mul_ln73_4798' <Predicate = true> <Delay = 5.58> <CoreInst = "Multiplier">   --->   Core 3 'Multiplier' <Latency = 0> <II = 1> <Delay = 5.58> <FuncUnit> <Opcode : 'mul'> <InPorts = 2> <OutPorts = 1>
ST_11 : Operation 846 [1/1] (0.00ns)   --->   "%mult_4956 = partselect i16 @_ssdm_op_PartSelect.i16.i26.i32.i32, i26 %mul_ln73_4798, i32 10, i32 25" [firmware/nnet_utils/nnet_dense_latency.h:42]   --->   Operation 846 'partselect' 'mult_4956' <Predicate = true> <Delay = 0.00>
ST_11 : Operation 847 [1/1] (5.58ns)   --->   "%mul_ln73_4799 = mul i30 %sext_ln70_528, i30 1073736747" [firmware/nnet_utils/nnet_mult.h:73->firmware/nnet_utils/nnet_dense_latency.h:42]   --->   Operation 847 'mul' 'mul_ln73_4799' <Predicate = true> <Delay = 5.58> <CoreInst = "Multiplier">   --->   Core 3 'Multiplier' <Latency = 0> <II = 1> <Delay = 5.58> <FuncUnit> <Opcode : 'mul'> <InPorts = 2> <OutPorts = 1>
ST_11 : Operation 848 [1/1] (0.00ns)   --->   "%mult_4957 = partselect i20 @_ssdm_op_PartSelect.i20.i30.i32.i32, i30 %mul_ln73_4799, i32 10, i32 29" [firmware/nnet_utils/nnet_dense_latency.h:42]   --->   Operation 848 'partselect' 'mult_4957' <Predicate = true> <Delay = 0.00>
ST_11 : Operation 849 [1/1] (5.58ns)   --->   "%mul_ln73_4800 = mul i28 %sext_ln70_530, i28 268434316" [firmware/nnet_utils/nnet_mult.h:73->firmware/nnet_utils/nnet_dense_latency.h:42]   --->   Operation 849 'mul' 'mul_ln73_4800' <Predicate = true> <Delay = 5.58> <CoreInst = "Multiplier">   --->   Core 3 'Multiplier' <Latency = 0> <II = 1> <Delay = 5.58> <FuncUnit> <Opcode : 'mul'> <InPorts = 2> <OutPorts = 1>
ST_11 : Operation 850 [1/1] (0.00ns)   --->   "%mult_4958 = partselect i18 @_ssdm_op_PartSelect.i18.i28.i32.i32, i28 %mul_ln73_4800, i32 10, i32 27" [firmware/nnet_utils/nnet_dense_latency.h:42]   --->   Operation 850 'partselect' 'mult_4958' <Predicate = true> <Delay = 0.00>
ST_11 : Operation 851 [1/1] (5.58ns)   --->   "%mul_ln73_4801 = mul i28 %sext_ln70_530, i28 1334" [firmware/nnet_utils/nnet_mult.h:73->firmware/nnet_utils/nnet_dense_latency.h:42]   --->   Operation 851 'mul' 'mul_ln73_4801' <Predicate = true> <Delay = 5.58> <CoreInst = "Multiplier">   --->   Core 3 'Multiplier' <Latency = 0> <II = 1> <Delay = 5.58> <FuncUnit> <Opcode : 'mul'> <InPorts = 2> <OutPorts = 1>
ST_11 : Operation 852 [1/1] (0.00ns)   --->   "%mult_4959 = partselect i18 @_ssdm_op_PartSelect.i18.i28.i32.i32, i28 %mul_ln73_4801, i32 10, i32 27" [firmware/nnet_utils/nnet_dense_latency.h:42]   --->   Operation 852 'partselect' 'mult_4959' <Predicate = true> <Delay = 0.00>
ST_11 : Operation 853 [1/1] (5.58ns)   --->   "%mul_ln73_4802 = mul i29 %sext_ln70_531, i29 2266" [firmware/nnet_utils/nnet_mult.h:73->firmware/nnet_utils/nnet_dense_latency.h:42]   --->   Operation 853 'mul' 'mul_ln73_4802' <Predicate = true> <Delay = 5.58> <CoreInst = "Multiplier">   --->   Core 3 'Multiplier' <Latency = 0> <II = 1> <Delay = 5.58> <FuncUnit> <Opcode : 'mul'> <InPorts = 2> <OutPorts = 1>
ST_11 : Operation 854 [1/1] (0.00ns)   --->   "%mult_4960 = partselect i19 @_ssdm_op_PartSelect.i19.i29.i32.i32, i29 %mul_ln73_4802, i32 10, i32 28" [firmware/nnet_utils/nnet_dense_latency.h:42]   --->   Operation 854 'partselect' 'mult_4960' <Predicate = true> <Delay = 0.00>
ST_11 : Operation 855 [1/1] (0.00ns)   --->   "%sext_ln70_532 = sext i16 %data_11_val_read" [firmware/nnet_utils/nnet_mult.h:70->firmware/nnet_utils/nnet_dense_latency.h:42]   --->   Operation 855 'sext' 'sext_ln70_532' <Predicate = true> <Delay = 0.00>
ST_11 : Operation 856 [1/1] (0.00ns)   --->   "%sext_ln70_533 = sext i16 %data_11_val_read" [firmware/nnet_utils/nnet_mult.h:70->firmware/nnet_utils/nnet_dense_latency.h:42]   --->   Operation 856 'sext' 'sext_ln70_533' <Predicate = true> <Delay = 0.00>
ST_11 : Operation 857 [1/1] (0.00ns)   --->   "%sext_ln70_534 = sext i16 %data_11_val_read" [firmware/nnet_utils/nnet_mult.h:70->firmware/nnet_utils/nnet_dense_latency.h:42]   --->   Operation 857 'sext' 'sext_ln70_534' <Predicate = true> <Delay = 0.00>
ST_11 : Operation 858 [1/1] (0.00ns)   --->   "%sext_ln70_535 = sext i16 %data_11_val_read" [firmware/nnet_utils/nnet_mult.h:70->firmware/nnet_utils/nnet_dense_latency.h:42]   --->   Operation 858 'sext' 'sext_ln70_535' <Predicate = true> <Delay = 0.00>
ST_11 : Operation 859 [1/1] (5.58ns)   --->   "%mul_ln73_4803 = mul i29 %sext_ln70_535, i29 3655" [firmware/nnet_utils/nnet_mult.h:73->firmware/nnet_utils/nnet_dense_latency.h:42]   --->   Operation 859 'mul' 'mul_ln73_4803' <Predicate = true> <Delay = 5.58> <CoreInst = "Multiplier">   --->   Core 3 'Multiplier' <Latency = 0> <II = 1> <Delay = 5.58> <FuncUnit> <Opcode : 'mul'> <InPorts = 2> <OutPorts = 1>
ST_11 : Operation 860 [1/1] (0.00ns)   --->   "%mult_4961 = partselect i19 @_ssdm_op_PartSelect.i19.i29.i32.i32, i29 %mul_ln73_4803, i32 10, i32 28" [firmware/nnet_utils/nnet_dense_latency.h:42]   --->   Operation 860 'partselect' 'mult_4961' <Predicate = true> <Delay = 0.00>
ST_11 : Operation 861 [1/1] (0.00ns)   --->   "%sext_ln17_4965 = sext i19 %mult_4961" [firmware/nnet_utils/nnet_dense_latency.h:17]   --->   Operation 861 'sext' 'sext_ln17_4965' <Predicate = true> <Delay = 0.00>
ST_11 : Operation 862 [1/1] (5.58ns)   --->   "%mul_ln73_4804 = mul i26 %sext_ln70_534, i26 67108588" [firmware/nnet_utils/nnet_mult.h:73->firmware/nnet_utils/nnet_dense_latency.h:42]   --->   Operation 862 'mul' 'mul_ln73_4804' <Predicate = true> <Delay = 5.58> <CoreInst = "Multiplier">   --->   Core 3 'Multiplier' <Latency = 0> <II = 1> <Delay = 5.58> <FuncUnit> <Opcode : 'mul'> <InPorts = 2> <OutPorts = 1>
ST_11 : Operation 863 [1/1] (0.00ns)   --->   "%mult_4962 = partselect i16 @_ssdm_op_PartSelect.i16.i26.i32.i32, i26 %mul_ln73_4804, i32 10, i32 25" [firmware/nnet_utils/nnet_dense_latency.h:42]   --->   Operation 863 'partselect' 'mult_4962' <Predicate = true> <Delay = 0.00>
ST_11 : Operation 864 [1/1] (0.00ns)   --->   "%sext_ln17_4966 = sext i16 %mult_4962" [firmware/nnet_utils/nnet_dense_latency.h:17]   --->   Operation 864 'sext' 'sext_ln17_4966' <Predicate = true> <Delay = 0.00>
ST_11 : Operation 865 [1/1] (5.58ns)   --->   "%mul_ln73_4805 = mul i30 %sext_ln70_533, i30 4961" [firmware/nnet_utils/nnet_mult.h:73->firmware/nnet_utils/nnet_dense_latency.h:42]   --->   Operation 865 'mul' 'mul_ln73_4805' <Predicate = true> <Delay = 5.58> <CoreInst = "Multiplier">   --->   Core 3 'Multiplier' <Latency = 0> <II = 1> <Delay = 5.58> <FuncUnit> <Opcode : 'mul'> <InPorts = 2> <OutPorts = 1>
ST_11 : Operation 866 [1/1] (0.00ns)   --->   "%mult_4963 = partselect i20 @_ssdm_op_PartSelect.i20.i30.i32.i32, i30 %mul_ln73_4805, i32 10, i32 29" [firmware/nnet_utils/nnet_dense_latency.h:42]   --->   Operation 866 'partselect' 'mult_4963' <Predicate = true> <Delay = 0.00>
ST_11 : Operation 867 [1/1] (0.00ns)   --->   "%sext_ln17_4967 = sext i20 %mult_4963" [firmware/nnet_utils/nnet_dense_latency.h:17]   --->   Operation 867 'sext' 'sext_ln17_4967' <Predicate = true> <Delay = 0.00>
ST_11 : Operation 868 [1/1] (5.58ns)   --->   "%mul_ln73_4806 = mul i30 %sext_ln70_533, i30 5166" [firmware/nnet_utils/nnet_mult.h:73->firmware/nnet_utils/nnet_dense_latency.h:42]   --->   Operation 868 'mul' 'mul_ln73_4806' <Predicate = true> <Delay = 5.58> <CoreInst = "Multiplier">   --->   Core 3 'Multiplier' <Latency = 0> <II = 1> <Delay = 5.58> <FuncUnit> <Opcode : 'mul'> <InPorts = 2> <OutPorts = 1>
ST_11 : Operation 869 [1/1] (0.00ns)   --->   "%mult_4964 = partselect i20 @_ssdm_op_PartSelect.i20.i30.i32.i32, i30 %mul_ln73_4806, i32 10, i32 29" [firmware/nnet_utils/nnet_dense_latency.h:42]   --->   Operation 869 'partselect' 'mult_4964' <Predicate = true> <Delay = 0.00>
ST_11 : Operation 870 [1/1] (0.00ns)   --->   "%sext_ln17_4968 = sext i20 %mult_4964" [firmware/nnet_utils/nnet_dense_latency.h:17]   --->   Operation 870 'sext' 'sext_ln17_4968' <Predicate = true> <Delay = 0.00>
ST_11 : Operation 871 [1/1] (5.58ns)   --->   "%mul_ln73_4807 = mul i28 %sext_ln70_532, i28 2037" [firmware/nnet_utils/nnet_mult.h:73->firmware/nnet_utils/nnet_dense_latency.h:42]   --->   Operation 871 'mul' 'mul_ln73_4807' <Predicate = true> <Delay = 5.58> <CoreInst = "Multiplier">   --->   Core 3 'Multiplier' <Latency = 0> <II = 1> <Delay = 5.58> <FuncUnit> <Opcode : 'mul'> <InPorts = 2> <OutPorts = 1>
ST_11 : Operation 872 [1/1] (0.00ns)   --->   "%mult_4965 = partselect i18 @_ssdm_op_PartSelect.i18.i28.i32.i32, i28 %mul_ln73_4807, i32 10, i32 27" [firmware/nnet_utils/nnet_dense_latency.h:42]   --->   Operation 872 'partselect' 'mult_4965' <Predicate = true> <Delay = 0.00>
ST_11 : Operation 873 [1/1] (0.00ns)   --->   "%sext_ln17_4969 = sext i18 %mult_4965" [firmware/nnet_utils/nnet_dense_latency.h:17]   --->   Operation 873 'sext' 'sext_ln17_4969' <Predicate = true> <Delay = 0.00>
ST_11 : Operation 874 [1/1] (5.58ns)   --->   "%mul_ln73_4808 = mul i29 %sext_ln70_535, i29 536867930" [firmware/nnet_utils/nnet_mult.h:73->firmware/nnet_utils/nnet_dense_latency.h:42]   --->   Operation 874 'mul' 'mul_ln73_4808' <Predicate = true> <Delay = 5.58> <CoreInst = "Multiplier">   --->   Core 3 'Multiplier' <Latency = 0> <II = 1> <Delay = 5.58> <FuncUnit> <Opcode : 'mul'> <InPorts = 2> <OutPorts = 1>
ST_11 : Operation 875 [1/1] (0.00ns)   --->   "%mult_4966 = partselect i19 @_ssdm_op_PartSelect.i19.i29.i32.i32, i29 %mul_ln73_4808, i32 10, i32 28" [firmware/nnet_utils/nnet_dense_latency.h:42]   --->   Operation 875 'partselect' 'mult_4966' <Predicate = true> <Delay = 0.00>
ST_11 : Operation 876 [1/1] (0.00ns)   --->   "%sext_ln17_4970 = sext i19 %mult_4966" [firmware/nnet_utils/nnet_dense_latency.h:17]   --->   Operation 876 'sext' 'sext_ln17_4970' <Predicate = true> <Delay = 0.00>
ST_11 : Operation 877 [1/1] (5.58ns)   --->   "%mul_ln73_4809 = mul i29 %sext_ln70_535, i29 536867732" [firmware/nnet_utils/nnet_mult.h:73->firmware/nnet_utils/nnet_dense_latency.h:42]   --->   Operation 877 'mul' 'mul_ln73_4809' <Predicate = true> <Delay = 5.58> <CoreInst = "Multiplier">   --->   Core 3 'Multiplier' <Latency = 0> <II = 1> <Delay = 5.58> <FuncUnit> <Opcode : 'mul'> <InPorts = 2> <OutPorts = 1>
ST_11 : Operation 878 [1/1] (0.00ns)   --->   "%mult_4967 = partselect i19 @_ssdm_op_PartSelect.i19.i29.i32.i32, i29 %mul_ln73_4809, i32 10, i32 28" [firmware/nnet_utils/nnet_dense_latency.h:42]   --->   Operation 878 'partselect' 'mult_4967' <Predicate = true> <Delay = 0.00>
ST_11 : Operation 879 [1/1] (0.00ns)   --->   "%sext_ln17_4971 = sext i19 %mult_4967" [firmware/nnet_utils/nnet_dense_latency.h:17]   --->   Operation 879 'sext' 'sext_ln17_4971' <Predicate = true> <Delay = 0.00>
ST_11 : Operation 880 [1/1] (5.58ns)   --->   "%mul_ln73_4810 = mul i29 %sext_ln70_535, i29 3208" [firmware/nnet_utils/nnet_mult.h:73->firmware/nnet_utils/nnet_dense_latency.h:42]   --->   Operation 880 'mul' 'mul_ln73_4810' <Predicate = true> <Delay = 5.58> <CoreInst = "Multiplier">   --->   Core 3 'Multiplier' <Latency = 0> <II = 1> <Delay = 5.58> <FuncUnit> <Opcode : 'mul'> <InPorts = 2> <OutPorts = 1>
ST_11 : Operation 881 [1/1] (0.00ns)   --->   "%mult_4968 = partselect i19 @_ssdm_op_PartSelect.i19.i29.i32.i32, i29 %mul_ln73_4810, i32 10, i32 28" [firmware/nnet_utils/nnet_dense_latency.h:42]   --->   Operation 881 'partselect' 'mult_4968' <Predicate = true> <Delay = 0.00>
ST_11 : Operation 882 [1/1] (0.00ns)   --->   "%sext_ln17_4972 = sext i19 %mult_4968" [firmware/nnet_utils/nnet_dense_latency.h:17]   --->   Operation 882 'sext' 'sext_ln17_4972' <Predicate = true> <Delay = 0.00>
ST_11 : Operation 883 [1/1] (5.58ns)   --->   "%mul_ln73_4811 = mul i30 %sext_ln70_533, i30 4487" [firmware/nnet_utils/nnet_mult.h:73->firmware/nnet_utils/nnet_dense_latency.h:42]   --->   Operation 883 'mul' 'mul_ln73_4811' <Predicate = true> <Delay = 5.58> <CoreInst = "Multiplier">   --->   Core 3 'Multiplier' <Latency = 0> <II = 1> <Delay = 5.58> <FuncUnit> <Opcode : 'mul'> <InPorts = 2> <OutPorts = 1>
ST_11 : Operation 884 [1/1] (0.00ns)   --->   "%mult_4969 = partselect i20 @_ssdm_op_PartSelect.i20.i30.i32.i32, i30 %mul_ln73_4811, i32 10, i32 29" [firmware/nnet_utils/nnet_dense_latency.h:42]   --->   Operation 884 'partselect' 'mult_4969' <Predicate = true> <Delay = 0.00>
ST_11 : Operation 885 [1/1] (0.00ns)   --->   "%sext_ln17_4973 = sext i20 %mult_4969" [firmware/nnet_utils/nnet_dense_latency.h:17]   --->   Operation 885 'sext' 'sext_ln17_4973' <Predicate = true> <Delay = 0.00>
ST_11 : Operation 886 [1/1] (5.58ns)   --->   "%mul_ln73_4812 = mul i30 %sext_ln70_533, i30 1073736645" [firmware/nnet_utils/nnet_mult.h:73->firmware/nnet_utils/nnet_dense_latency.h:42]   --->   Operation 886 'mul' 'mul_ln73_4812' <Predicate = true> <Delay = 5.58> <CoreInst = "Multiplier">   --->   Core 3 'Multiplier' <Latency = 0> <II = 1> <Delay = 5.58> <FuncUnit> <Opcode : 'mul'> <InPorts = 2> <OutPorts = 1>
ST_11 : Operation 887 [1/1] (0.00ns)   --->   "%mult_4970 = partselect i20 @_ssdm_op_PartSelect.i20.i30.i32.i32, i30 %mul_ln73_4812, i32 10, i32 29" [firmware/nnet_utils/nnet_dense_latency.h:42]   --->   Operation 887 'partselect' 'mult_4970' <Predicate = true> <Delay = 0.00>
ST_11 : Operation 888 [1/1] (0.00ns)   --->   "%sext_ln17_4974 = sext i20 %mult_4970" [firmware/nnet_utils/nnet_dense_latency.h:17]   --->   Operation 888 'sext' 'sext_ln17_4974' <Predicate = true> <Delay = 0.00>
ST_11 : Operation 889 [1/1] (2.16ns)   --->   "%add_ln58_4822 = add i20 %sext_ln17_4949, i20 %sext_ln17_4965" [firmware/nnet_utils/nnet_dense_latency.h:58]   --->   Operation 889 'add' 'add_ln58_4822' <Predicate = true> <Delay = 2.16> <CoreInst = "Adder">   --->   Core 1 'Adder' <Latency = 0> <II = 1> <Delay = 2.16> <FuncUnit> <Opcode : 'add' 'sub'> <InPorts = 2> <OutPorts = 1>
ST_11 : Operation 890 [1/1] (0.00ns)   --->   "%sext_ln58_3262 = sext i20 %add_ln58_4853" [firmware/nnet_utils/nnet_dense_latency.h:58]   --->   Operation 890 'sext' 'sext_ln58_3262' <Predicate = true> <Delay = 0.00>
ST_11 : Operation 891 [1/1] (2.13ns)   --->   "%add_ln58_4854 = add i19 %sext_ln17_4950, i19 %sext_ln17_4966" [firmware/nnet_utils/nnet_dense_latency.h:58]   --->   Operation 891 'add' 'add_ln58_4854' <Predicate = true> <Delay = 2.13> <CoreInst = "Adder">   --->   Core 1 'Adder' <Latency = 0> <II = 1> <Delay = 2.13> <FuncUnit> <Opcode : 'add' 'sub'> <InPorts = 2> <OutPorts = 1>
ST_11 : Operation 892 [1/1] (0.00ns)   --->   "%sext_ln58_3263 = sext i19 %add_ln58_4854" [firmware/nnet_utils/nnet_dense_latency.h:58]   --->   Operation 892 'sext' 'sext_ln58_3263' <Predicate = true> <Delay = 0.00>
ST_11 : Operation 893 [1/1] (2.19ns)   --->   "%add_ln58_4855 = add i21 %sext_ln58_3263, i21 %sext_ln58_3262" [firmware/nnet_utils/nnet_dense_latency.h:58]   --->   Operation 893 'add' 'add_ln58_4855' <Predicate = true> <Delay = 2.19> <CoreInst = "Adder">   --->   Core 1 'Adder' <Latency = 0> <II = 1> <Delay = 2.19> <FuncUnit> <Opcode : 'add' 'sub'> <InPorts = 2> <OutPorts = 1>
ST_11 : Operation 894 [1/1] (0.00ns)   --->   "%sext_ln58_3291 = sext i20 %add_ln58_4885" [firmware/nnet_utils/nnet_dense_latency.h:58]   --->   Operation 894 'sext' 'sext_ln58_3291' <Predicate = true> <Delay = 0.00>
ST_11 : Operation 895 [1/1] (0.00ns) (grouped into TernaryAdder)   --->   "%add_ln58_4886 = add i21 %sext_ln17_4951, i21 %sext_ln17_4967" [firmware/nnet_utils/nnet_dense_latency.h:58]   --->   Operation 895 'add' 'add_ln58_4886' <Predicate = true> <Delay = 0.00> <CoreInst = "TAddSub">   --->   Core 10 'TAddSub' <Latency = 0> <II = 1> <Delay = 2.03> <IPBlock> <Opcode : '<invalid operator> ' 'add' 'sub'> <InPorts = 3> <OutPorts = 1> <Sync> <CReg>
ST_11 : Operation 896 [1/1] (4.04ns) (root node of TernaryAdder)   --->   "%add_ln58_4887 = add i21 %add_ln58_4886, i21 %sext_ln58_3291" [firmware/nnet_utils/nnet_dense_latency.h:58]   --->   Operation 896 'add' 'add_ln58_4887' <Predicate = true> <Delay = 4.04> <CoreInst = "TAddSub">   --->   Core 10 'TAddSub' <Latency = 0> <II = 1> <Delay = 2.03> <IPBlock> <Opcode : '<invalid operator> ' 'add' 'sub'> <InPorts = 3> <OutPorts = 1> <Sync> <CReg>
ST_11 : Operation 897 [1/1] (2.19ns)   --->   "%add_ln58_4918 = add i21 %sext_ln17_4952, i21 %sext_ln17_4968" [firmware/nnet_utils/nnet_dense_latency.h:58]   --->   Operation 897 'add' 'add_ln58_4918' <Predicate = true> <Delay = 2.19> <CoreInst = "Adder">   --->   Core 1 'Adder' <Latency = 0> <II = 1> <Delay = 2.19> <FuncUnit> <Opcode : 'add' 'sub'> <InPorts = 2> <OutPorts = 1>
ST_11 : Operation 898 [1/1] (0.00ns)   --->   "%sext_ln58_3345 = sext i20 %add_ln58_4949" [firmware/nnet_utils/nnet_dense_latency.h:58]   --->   Operation 898 'sext' 'sext_ln58_3345' <Predicate = true> <Delay = 0.00>
ST_11 : Operation 899 [1/1] (0.00ns) (grouped into TernaryAdder)   --->   "%add_ln58_4950 = add i21 %sext_ln17_4953, i21 %sext_ln17_4969" [firmware/nnet_utils/nnet_dense_latency.h:58]   --->   Operation 899 'add' 'add_ln58_4950' <Predicate = true> <Delay = 0.00> <CoreInst = "TAddSub">   --->   Core 10 'TAddSub' <Latency = 0> <II = 1> <Delay = 2.03> <IPBlock> <Opcode : '<invalid operator> ' 'add' 'sub'> <InPorts = 3> <OutPorts = 1> <Sync> <CReg>
ST_11 : Operation 900 [1/1] (4.04ns) (root node of TernaryAdder)   --->   "%add_ln58_4951 = add i21 %add_ln58_4950, i21 %sext_ln58_3345" [firmware/nnet_utils/nnet_dense_latency.h:58]   --->   Operation 900 'add' 'add_ln58_4951' <Predicate = true> <Delay = 4.04> <CoreInst = "TAddSub">   --->   Core 10 'TAddSub' <Latency = 0> <II = 1> <Delay = 2.03> <IPBlock> <Opcode : '<invalid operator> ' 'add' 'sub'> <InPorts = 3> <OutPorts = 1> <Sync> <CReg>
ST_11 : Operation 901 [1/1] (0.00ns)   --->   "%sext_ln58_3371 = sext i20 %add_ln58_4981" [firmware/nnet_utils/nnet_dense_latency.h:58]   --->   Operation 901 'sext' 'sext_ln58_3371' <Predicate = true> <Delay = 0.00>
ST_11 : Operation 902 [1/1] (2.16ns)   --->   "%add_ln58_4982 = add i20 %sext_ln17_4954, i20 %sext_ln17_4970" [firmware/nnet_utils/nnet_dense_latency.h:58]   --->   Operation 902 'add' 'add_ln58_4982' <Predicate = true> <Delay = 2.16> <CoreInst = "Adder">   --->   Core 1 'Adder' <Latency = 0> <II = 1> <Delay = 2.16> <FuncUnit> <Opcode : 'add' 'sub'> <InPorts = 2> <OutPorts = 1>
ST_11 : Operation 903 [1/1] (0.00ns)   --->   "%sext_ln58_3372 = sext i20 %add_ln58_4982" [firmware/nnet_utils/nnet_dense_latency.h:58]   --->   Operation 903 'sext' 'sext_ln58_3372' <Predicate = true> <Delay = 0.00>
ST_11 : Operation 904 [1/1] (2.19ns)   --->   "%add_ln58_4983 = add i21 %sext_ln58_3372, i21 %sext_ln58_3371" [firmware/nnet_utils/nnet_dense_latency.h:58]   --->   Operation 904 'add' 'add_ln58_4983' <Predicate = true> <Delay = 2.19> <CoreInst = "Adder">   --->   Core 1 'Adder' <Latency = 0> <II = 1> <Delay = 2.19> <FuncUnit> <Opcode : 'add' 'sub'> <InPorts = 2> <OutPorts = 1>
ST_11 : Operation 905 [1/1] (0.00ns)   --->   "%sext_ln58_3400 = sext i21 %add_ln58_5013" [firmware/nnet_utils/nnet_dense_latency.h:58]   --->   Operation 905 'sext' 'sext_ln58_3400' <Predicate = true> <Delay = 0.00>
ST_11 : Operation 906 [1/1] (2.19ns)   --->   "%add_ln58_5014 = add i21 %sext_ln17_4955, i21 %sext_ln17_4971" [firmware/nnet_utils/nnet_dense_latency.h:58]   --->   Operation 906 'add' 'add_ln58_5014' <Predicate = true> <Delay = 2.19> <CoreInst = "Adder">   --->   Core 1 'Adder' <Latency = 0> <II = 1> <Delay = 2.19> <FuncUnit> <Opcode : 'add' 'sub'> <InPorts = 2> <OutPorts = 1>
ST_11 : Operation 907 [1/1] (0.00ns)   --->   "%sext_ln58_3401 = sext i21 %add_ln58_5014" [firmware/nnet_utils/nnet_dense_latency.h:58]   --->   Operation 907 'sext' 'sext_ln58_3401' <Predicate = true> <Delay = 0.00>
ST_11 : Operation 908 [1/1] (2.22ns)   --->   "%add_ln58_5015 = add i22 %sext_ln58_3401, i22 %sext_ln58_3400" [firmware/nnet_utils/nnet_dense_latency.h:58]   --->   Operation 908 'add' 'add_ln58_5015' <Predicate = true> <Delay = 2.22> <CoreInst = "Adder">   --->   Core 1 'Adder' <Latency = 0> <II = 1> <Delay = 2.22> <FuncUnit> <Opcode : 'add' 'sub'> <InPorts = 2> <OutPorts = 1>
ST_11 : Operation 909 [1/1] (2.16ns)   --->   "%add_ln58_5046 = add i20 %sext_ln17_4956, i20 %sext_ln17_4972" [firmware/nnet_utils/nnet_dense_latency.h:58]   --->   Operation 909 'add' 'add_ln58_5046' <Predicate = true> <Delay = 2.16> <CoreInst = "Adder">   --->   Core 1 'Adder' <Latency = 0> <II = 1> <Delay = 2.16> <FuncUnit> <Opcode : 'add' 'sub'> <InPorts = 2> <OutPorts = 1>
ST_11 : Operation 910 [1/1] (2.19ns)   --->   "%add_ln58_5078 = add i21 %sext_ln17_4957, i21 %sext_ln17_4973" [firmware/nnet_utils/nnet_dense_latency.h:58]   --->   Operation 910 'add' 'add_ln58_5078' <Predicate = true> <Delay = 2.19> <CoreInst = "Adder">   --->   Core 1 'Adder' <Latency = 0> <II = 1> <Delay = 2.19> <FuncUnit> <Opcode : 'add' 'sub'> <InPorts = 2> <OutPorts = 1>
ST_11 : Operation 911 [1/1] (2.19ns)   --->   "%add_ln58_5110 = add i21 %sext_ln17_4958, i21 %sext_ln17_4974" [firmware/nnet_utils/nnet_dense_latency.h:58]   --->   Operation 911 'add' 'add_ln58_5110' <Predicate = true> <Delay = 2.19> <CoreInst = "Adder">   --->   Core 1 'Adder' <Latency = 0> <II = 1> <Delay = 2.19> <FuncUnit> <Opcode : 'add' 'sub'> <InPorts = 2> <OutPorts = 1>

State 12 <SV = 11> <Delay = 11.7>
ST_12 : Operation 912 [1/1] (0.00ns)   --->   "%data_12_val_read = read i16 @_ssdm_op_Read.ap_auto.i16, i16 %data_12_val" [firmware/nnet_utils/nnet_mult.h:70->firmware/nnet_utils/nnet_dense_latency.h:42]   --->   Operation 912 'read' 'data_12_val_read' <Predicate = true> <Delay = 0.00>
ST_12 : Operation 913 [1/1] (0.00ns)   --->   "%sext_ln17_4931 = sext i20 %mult_4927" [firmware/nnet_utils/nnet_dense_latency.h:17]   --->   Operation 913 'sext' 'sext_ln17_4931' <Predicate = true> <Delay = 0.00>
ST_12 : Operation 914 [1/1] (0.00ns)   --->   "%sext_ln17_4947 = sext i16 %mult_4943" [firmware/nnet_utils/nnet_dense_latency.h:17]   --->   Operation 914 'sext' 'sext_ln17_4947' <Predicate = true> <Delay = 0.00>
ST_12 : Operation 915 [1/1] (0.00ns)   --->   "%sext_ln17_4959 = sext i18 %mult_4955" [firmware/nnet_utils/nnet_dense_latency.h:17]   --->   Operation 915 'sext' 'sext_ln17_4959' <Predicate = true> <Delay = 0.00>
ST_12 : Operation 916 [1/1] (0.00ns)   --->   "%sext_ln17_4960 = sext i16 %mult_4956" [firmware/nnet_utils/nnet_dense_latency.h:17]   --->   Operation 916 'sext' 'sext_ln17_4960' <Predicate = true> <Delay = 0.00>
ST_12 : Operation 917 [1/1] (0.00ns)   --->   "%sext_ln17_4961 = sext i20 %mult_4957" [firmware/nnet_utils/nnet_dense_latency.h:17]   --->   Operation 917 'sext' 'sext_ln17_4961' <Predicate = true> <Delay = 0.00>
ST_12 : Operation 918 [1/1] (0.00ns)   --->   "%sext_ln17_4962 = sext i18 %mult_4958" [firmware/nnet_utils/nnet_dense_latency.h:17]   --->   Operation 918 'sext' 'sext_ln17_4962' <Predicate = true> <Delay = 0.00>
ST_12 : Operation 919 [1/1] (0.00ns)   --->   "%sext_ln17_4963 = sext i18 %mult_4959" [firmware/nnet_utils/nnet_dense_latency.h:17]   --->   Operation 919 'sext' 'sext_ln17_4963' <Predicate = true> <Delay = 0.00>
ST_12 : Operation 920 [1/1] (0.00ns)   --->   "%sext_ln17_4964 = sext i19 %mult_4960" [firmware/nnet_utils/nnet_dense_latency.h:17]   --->   Operation 920 'sext' 'sext_ln17_4964' <Predicate = true> <Delay = 0.00>
ST_12 : Operation 921 [1/1] (5.58ns)   --->   "%mul_ln73_4813 = mul i29 %sext_ln70_535, i29 536866861" [firmware/nnet_utils/nnet_mult.h:73->firmware/nnet_utils/nnet_dense_latency.h:42]   --->   Operation 921 'mul' 'mul_ln73_4813' <Predicate = true> <Delay = 5.58> <CoreInst = "Multiplier">   --->   Core 3 'Multiplier' <Latency = 0> <II = 1> <Delay = 5.58> <FuncUnit> <Opcode : 'mul'> <InPorts = 2> <OutPorts = 1>
ST_12 : Operation 922 [1/1] (0.00ns)   --->   "%mult_4971 = partselect i19 @_ssdm_op_PartSelect.i19.i29.i32.i32, i29 %mul_ln73_4813, i32 10, i32 28" [firmware/nnet_utils/nnet_dense_latency.h:42]   --->   Operation 922 'partselect' 'mult_4971' <Predicate = true> <Delay = 0.00>
ST_12 : Operation 923 [1/1] (0.00ns)   --->   "%sext_ln17_4975 = sext i19 %mult_4971" [firmware/nnet_utils/nnet_dense_latency.h:17]   --->   Operation 923 'sext' 'sext_ln17_4975' <Predicate = true> <Delay = 0.00>
ST_12 : Operation 924 [1/1] (5.58ns)   --->   "%mul_ln73_4814 = mul i28 %sext_ln70_532, i28 268434315" [firmware/nnet_utils/nnet_mult.h:73->firmware/nnet_utils/nnet_dense_latency.h:42]   --->   Operation 924 'mul' 'mul_ln73_4814' <Predicate = true> <Delay = 5.58> <CoreInst = "Multiplier">   --->   Core 3 'Multiplier' <Latency = 0> <II = 1> <Delay = 5.58> <FuncUnit> <Opcode : 'mul'> <InPorts = 2> <OutPorts = 1>
ST_12 : Operation 925 [1/1] (0.00ns)   --->   "%mult_4972 = partselect i18 @_ssdm_op_PartSelect.i18.i28.i32.i32, i28 %mul_ln73_4814, i32 10, i32 27" [firmware/nnet_utils/nnet_dense_latency.h:42]   --->   Operation 925 'partselect' 'mult_4972' <Predicate = true> <Delay = 0.00>
ST_12 : Operation 926 [1/1] (0.00ns)   --->   "%sext_ln17_4976 = sext i18 %mult_4972" [firmware/nnet_utils/nnet_dense_latency.h:17]   --->   Operation 926 'sext' 'sext_ln17_4976' <Predicate = true> <Delay = 0.00>
ST_12 : Operation 927 [1/1] (5.58ns)   --->   "%mul_ln73_4815 = mul i30 %sext_ln70_533, i30 4115" [firmware/nnet_utils/nnet_mult.h:73->firmware/nnet_utils/nnet_dense_latency.h:42]   --->   Operation 927 'mul' 'mul_ln73_4815' <Predicate = true> <Delay = 5.58> <CoreInst = "Multiplier">   --->   Core 3 'Multiplier' <Latency = 0> <II = 1> <Delay = 5.58> <FuncUnit> <Opcode : 'mul'> <InPorts = 2> <OutPorts = 1>
ST_12 : Operation 928 [1/1] (0.00ns)   --->   "%mult_4973 = partselect i20 @_ssdm_op_PartSelect.i20.i30.i32.i32, i30 %mul_ln73_4815, i32 10, i32 29" [firmware/nnet_utils/nnet_dense_latency.h:42]   --->   Operation 928 'partselect' 'mult_4973' <Predicate = true> <Delay = 0.00>
ST_12 : Operation 929 [1/1] (0.00ns)   --->   "%sext_ln17_4977 = sext i20 %mult_4973" [firmware/nnet_utils/nnet_dense_latency.h:17]   --->   Operation 929 'sext' 'sext_ln17_4977' <Predicate = true> <Delay = 0.00>
ST_12 : Operation 930 [1/1] (5.58ns)   --->   "%mul_ln73_4816 = mul i30 %sext_ln70_533, i30 4110" [firmware/nnet_utils/nnet_mult.h:73->firmware/nnet_utils/nnet_dense_latency.h:42]   --->   Operation 930 'mul' 'mul_ln73_4816' <Predicate = true> <Delay = 5.58> <CoreInst = "Multiplier">   --->   Core 3 'Multiplier' <Latency = 0> <II = 1> <Delay = 5.58> <FuncUnit> <Opcode : 'mul'> <InPorts = 2> <OutPorts = 1>
ST_12 : Operation 931 [1/1] (0.00ns)   --->   "%mult_4974 = partselect i20 @_ssdm_op_PartSelect.i20.i30.i32.i32, i30 %mul_ln73_4816, i32 10, i32 29" [firmware/nnet_utils/nnet_dense_latency.h:42]   --->   Operation 931 'partselect' 'mult_4974' <Predicate = true> <Delay = 0.00>
ST_12 : Operation 932 [1/1] (0.00ns)   --->   "%sext_ln17_4978 = sext i20 %mult_4974" [firmware/nnet_utils/nnet_dense_latency.h:17]   --->   Operation 932 'sext' 'sext_ln17_4978' <Predicate = true> <Delay = 0.00>
ST_12 : Operation 933 [1/1] (5.58ns)   --->   "%mul_ln73_4817 = mul i29 %sext_ln70_535, i29 2695" [firmware/nnet_utils/nnet_mult.h:73->firmware/nnet_utils/nnet_dense_latency.h:42]   --->   Operation 933 'mul' 'mul_ln73_4817' <Predicate = true> <Delay = 5.58> <CoreInst = "Multiplier">   --->   Core 3 'Multiplier' <Latency = 0> <II = 1> <Delay = 5.58> <FuncUnit> <Opcode : 'mul'> <InPorts = 2> <OutPorts = 1>
ST_12 : Operation 934 [1/1] (0.00ns)   --->   "%mult_4975 = partselect i19 @_ssdm_op_PartSelect.i19.i29.i32.i32, i29 %mul_ln73_4817, i32 10, i32 28" [firmware/nnet_utils/nnet_dense_latency.h:42]   --->   Operation 934 'partselect' 'mult_4975' <Predicate = true> <Delay = 0.00>
ST_12 : Operation 935 [1/1] (0.00ns)   --->   "%sext_ln17_4979 = sext i19 %mult_4975" [firmware/nnet_utils/nnet_dense_latency.h:17]   --->   Operation 935 'sext' 'sext_ln17_4979' <Predicate = true> <Delay = 0.00>
ST_12 : Operation 936 [1/1] (5.58ns)   --->   "%mul_ln73_4818 = mul i29 %sext_ln70_535, i29 536867003" [firmware/nnet_utils/nnet_mult.h:73->firmware/nnet_utils/nnet_dense_latency.h:42]   --->   Operation 936 'mul' 'mul_ln73_4818' <Predicate = true> <Delay = 5.58> <CoreInst = "Multiplier">   --->   Core 3 'Multiplier' <Latency = 0> <II = 1> <Delay = 5.58> <FuncUnit> <Opcode : 'mul'> <InPorts = 2> <OutPorts = 1>
ST_12 : Operation 937 [1/1] (0.00ns)   --->   "%mult_4976 = partselect i19 @_ssdm_op_PartSelect.i19.i29.i32.i32, i29 %mul_ln73_4818, i32 10, i32 28" [firmware/nnet_utils/nnet_dense_latency.h:42]   --->   Operation 937 'partselect' 'mult_4976' <Predicate = true> <Delay = 0.00>
ST_12 : Operation 938 [1/1] (0.00ns)   --->   "%sext_ln17_4980 = sext i19 %mult_4976" [firmware/nnet_utils/nnet_dense_latency.h:17]   --->   Operation 938 'sext' 'sext_ln17_4980' <Predicate = true> <Delay = 0.00>
ST_12 : Operation 939 [1/1] (0.00ns)   --->   "%sext_ln70_536 = sext i16 %data_12_val_read" [firmware/nnet_utils/nnet_mult.h:70->firmware/nnet_utils/nnet_dense_latency.h:42]   --->   Operation 939 'sext' 'sext_ln70_536' <Predicate = true> <Delay = 0.00>
ST_12 : Operation 940 [1/1] (0.00ns)   --->   "%sext_ln70_537 = sext i16 %data_12_val_read" [firmware/nnet_utils/nnet_mult.h:70->firmware/nnet_utils/nnet_dense_latency.h:42]   --->   Operation 940 'sext' 'sext_ln70_537' <Predicate = true> <Delay = 0.00>
ST_12 : Operation 941 [1/1] (0.00ns)   --->   "%sext_ln70_538 = sext i16 %data_12_val_read" [firmware/nnet_utils/nnet_mult.h:70->firmware/nnet_utils/nnet_dense_latency.h:42]   --->   Operation 941 'sext' 'sext_ln70_538' <Predicate = true> <Delay = 0.00>
ST_12 : Operation 942 [1/1] (0.00ns)   --->   "%sext_ln70_539 = sext i16 %data_12_val_read" [firmware/nnet_utils/nnet_mult.h:70->firmware/nnet_utils/nnet_dense_latency.h:42]   --->   Operation 942 'sext' 'sext_ln70_539' <Predicate = true> <Delay = 0.00>
ST_12 : Operation 943 [1/1] (0.00ns)   --->   "%sext_ln70_540 = sext i16 %data_12_val_read" [firmware/nnet_utils/nnet_mult.h:70->firmware/nnet_utils/nnet_dense_latency.h:42]   --->   Operation 943 'sext' 'sext_ln70_540' <Predicate = true> <Delay = 0.00>
ST_12 : Operation 944 [1/1] (5.58ns)   --->   "%mul_ln73_4819 = mul i25 %sext_ln70_540, i25 243" [firmware/nnet_utils/nnet_mult.h:73->firmware/nnet_utils/nnet_dense_latency.h:42]   --->   Operation 944 'mul' 'mul_ln73_4819' <Predicate = true> <Delay = 5.58> <CoreInst = "Multiplier">   --->   Core 3 'Multiplier' <Latency = 0> <II = 1> <Delay = 5.58> <FuncUnit> <Opcode : 'mul'> <InPorts = 2> <OutPorts = 1>
ST_12 : Operation 945 [1/1] (0.00ns)   --->   "%mult_4977 = partselect i15 @_ssdm_op_PartSelect.i15.i25.i32.i32, i25 %mul_ln73_4819, i32 10, i32 24" [firmware/nnet_utils/nnet_dense_latency.h:42]   --->   Operation 945 'partselect' 'mult_4977' <Predicate = true> <Delay = 0.00>
ST_12 : Operation 946 [1/1] (5.58ns)   --->   "%mul_ln73_4820 = mul i29 %sext_ln70_539, i29 3709" [firmware/nnet_utils/nnet_mult.h:73->firmware/nnet_utils/nnet_dense_latency.h:42]   --->   Operation 946 'mul' 'mul_ln73_4820' <Predicate = true> <Delay = 5.58> <CoreInst = "Multiplier">   --->   Core 3 'Multiplier' <Latency = 0> <II = 1> <Delay = 5.58> <FuncUnit> <Opcode : 'mul'> <InPorts = 2> <OutPorts = 1>
ST_12 : Operation 947 [1/1] (0.00ns)   --->   "%mult_4979 = partselect i19 @_ssdm_op_PartSelect.i19.i29.i32.i32, i29 %mul_ln73_4820, i32 10, i32 28" [firmware/nnet_utils/nnet_dense_latency.h:42]   --->   Operation 947 'partselect' 'mult_4979' <Predicate = true> <Delay = 0.00>
ST_12 : Operation 948 [1/1] (5.58ns)   --->   "%mul_ln73_4821 = mul i28 %sext_ln70_538, i28 268433878" [firmware/nnet_utils/nnet_mult.h:73->firmware/nnet_utils/nnet_dense_latency.h:42]   --->   Operation 948 'mul' 'mul_ln73_4821' <Predicate = true> <Delay = 5.58> <CoreInst = "Multiplier">   --->   Core 3 'Multiplier' <Latency = 0> <II = 1> <Delay = 5.58> <FuncUnit> <Opcode : 'mul'> <InPorts = 2> <OutPorts = 1>
ST_12 : Operation 949 [1/1] (0.00ns)   --->   "%mult_4980 = partselect i18 @_ssdm_op_PartSelect.i18.i28.i32.i32, i28 %mul_ln73_4821, i32 10, i32 27" [firmware/nnet_utils/nnet_dense_latency.h:42]   --->   Operation 949 'partselect' 'mult_4980' <Predicate = true> <Delay = 0.00>
ST_12 : Operation 950 [1/1] (5.58ns)   --->   "%mul_ln73_4822 = mul i29 %sext_ln70_539, i29 536868647" [firmware/nnet_utils/nnet_mult.h:73->firmware/nnet_utils/nnet_dense_latency.h:42]   --->   Operation 950 'mul' 'mul_ln73_4822' <Predicate = true> <Delay = 5.58> <CoreInst = "Multiplier">   --->   Core 3 'Multiplier' <Latency = 0> <II = 1> <Delay = 5.58> <FuncUnit> <Opcode : 'mul'> <InPorts = 2> <OutPorts = 1>
ST_12 : Operation 951 [1/1] (0.00ns)   --->   "%mult_4981 = partselect i19 @_ssdm_op_PartSelect.i19.i29.i32.i32, i29 %mul_ln73_4822, i32 10, i32 28" [firmware/nnet_utils/nnet_dense_latency.h:42]   --->   Operation 951 'partselect' 'mult_4981' <Predicate = true> <Delay = 0.00>
ST_12 : Operation 952 [1/1] (5.58ns)   --->   "%mul_ln73_4823 = mul i30 %sext_ln70_537, i30 1073737289" [firmware/nnet_utils/nnet_mult.h:73->firmware/nnet_utils/nnet_dense_latency.h:42]   --->   Operation 952 'mul' 'mul_ln73_4823' <Predicate = true> <Delay = 5.58> <CoreInst = "Multiplier">   --->   Core 3 'Multiplier' <Latency = 0> <II = 1> <Delay = 5.58> <FuncUnit> <Opcode : 'mul'> <InPorts = 2> <OutPorts = 1>
ST_12 : Operation 953 [1/1] (0.00ns)   --->   "%mult_4982 = partselect i20 @_ssdm_op_PartSelect.i20.i30.i32.i32, i30 %mul_ln73_4823, i32 10, i32 29" [firmware/nnet_utils/nnet_dense_latency.h:42]   --->   Operation 953 'partselect' 'mult_4982' <Predicate = true> <Delay = 0.00>
ST_12 : Operation 954 [1/1] (5.58ns)   --->   "%mul_ln73_4824 = mul i29 %sext_ln70_539, i29 536868401" [firmware/nnet_utils/nnet_mult.h:73->firmware/nnet_utils/nnet_dense_latency.h:42]   --->   Operation 954 'mul' 'mul_ln73_4824' <Predicate = true> <Delay = 5.58> <CoreInst = "Multiplier">   --->   Core 3 'Multiplier' <Latency = 0> <II = 1> <Delay = 5.58> <FuncUnit> <Opcode : 'mul'> <InPorts = 2> <OutPorts = 1>
ST_12 : Operation 955 [1/1] (0.00ns)   --->   "%mult_4983 = partselect i19 @_ssdm_op_PartSelect.i19.i29.i32.i32, i29 %mul_ln73_4824, i32 10, i32 28" [firmware/nnet_utils/nnet_dense_latency.h:42]   --->   Operation 955 'partselect' 'mult_4983' <Predicate = true> <Delay = 0.00>
ST_12 : Operation 956 [1/1] (5.58ns)   --->   "%mul_ln73_4825 = mul i27 %sext_ln70_536, i27 863" [firmware/nnet_utils/nnet_mult.h:73->firmware/nnet_utils/nnet_dense_latency.h:42]   --->   Operation 956 'mul' 'mul_ln73_4825' <Predicate = true> <Delay = 5.58> <CoreInst = "Multiplier">   --->   Core 3 'Multiplier' <Latency = 0> <II = 1> <Delay = 5.58> <FuncUnit> <Opcode : 'mul'> <InPorts = 2> <OutPorts = 1>
ST_12 : Operation 957 [1/1] (0.00ns)   --->   "%mult_4984 = partselect i17 @_ssdm_op_PartSelect.i17.i27.i32.i32, i27 %mul_ln73_4825, i32 10, i32 26" [firmware/nnet_utils/nnet_dense_latency.h:42]   --->   Operation 957 'partselect' 'mult_4984' <Predicate = true> <Delay = 0.00>
ST_12 : Operation 958 [1/1] (5.58ns)   --->   "%mul_ln73_4826 = mul i29 %sext_ln70_539, i29 536868625" [firmware/nnet_utils/nnet_mult.h:73->firmware/nnet_utils/nnet_dense_latency.h:42]   --->   Operation 958 'mul' 'mul_ln73_4826' <Predicate = true> <Delay = 5.58> <CoreInst = "Multiplier">   --->   Core 3 'Multiplier' <Latency = 0> <II = 1> <Delay = 5.58> <FuncUnit> <Opcode : 'mul'> <InPorts = 2> <OutPorts = 1>
ST_12 : Operation 959 [1/1] (0.00ns)   --->   "%mult_4985 = partselect i19 @_ssdm_op_PartSelect.i19.i29.i32.i32, i29 %mul_ln73_4826, i32 10, i32 28" [firmware/nnet_utils/nnet_dense_latency.h:42]   --->   Operation 959 'partselect' 'mult_4985' <Predicate = true> <Delay = 0.00>
ST_12 : Operation 960 [1/1] (5.58ns)   --->   "%mul_ln73_4827 = mul i27 %sext_ln70_536, i27 822" [firmware/nnet_utils/nnet_mult.h:73->firmware/nnet_utils/nnet_dense_latency.h:42]   --->   Operation 960 'mul' 'mul_ln73_4827' <Predicate = true> <Delay = 5.58> <CoreInst = "Multiplier">   --->   Core 3 'Multiplier' <Latency = 0> <II = 1> <Delay = 5.58> <FuncUnit> <Opcode : 'mul'> <InPorts = 2> <OutPorts = 1>
ST_12 : Operation 961 [1/1] (0.00ns)   --->   "%mult_4986 = partselect i17 @_ssdm_op_PartSelect.i17.i27.i32.i32, i27 %mul_ln73_4827, i32 10, i32 26" [firmware/nnet_utils/nnet_dense_latency.h:42]   --->   Operation 961 'partselect' 'mult_4986' <Predicate = true> <Delay = 0.00>
ST_12 : Operation 962 [1/1] (5.58ns)   --->   "%mul_ln73_4828 = mul i28 %sext_ln70_538, i28 1722" [firmware/nnet_utils/nnet_mult.h:73->firmware/nnet_utils/nnet_dense_latency.h:42]   --->   Operation 962 'mul' 'mul_ln73_4828' <Predicate = true> <Delay = 5.58> <CoreInst = "Multiplier">   --->   Core 3 'Multiplier' <Latency = 0> <II = 1> <Delay = 5.58> <FuncUnit> <Opcode : 'mul'> <InPorts = 2> <OutPorts = 1>
ST_12 : Operation 963 [1/1] (0.00ns)   --->   "%mult_4987 = partselect i18 @_ssdm_op_PartSelect.i18.i28.i32.i32, i28 %mul_ln73_4828, i32 10, i32 27" [firmware/nnet_utils/nnet_dense_latency.h:42]   --->   Operation 963 'partselect' 'mult_4987' <Predicate = true> <Delay = 0.00>
ST_12 : Operation 964 [1/1] (0.00ns)   --->   "%sext_ln58_3512 = sext i20 %add_ln58_5141" [firmware/nnet_utils/nnet_dense_latency.h:58]   --->   Operation 964 'sext' 'sext_ln58_3512' <Predicate = true> <Delay = 0.00>
ST_12 : Operation 965 [1/1] (2.16ns)   --->   "%add_ln58_5142 = add i20 %sext_ln17_4959, i20 %sext_ln17_4975" [firmware/nnet_utils/nnet_dense_latency.h:58]   --->   Operation 965 'add' 'add_ln58_5142' <Predicate = true> <Delay = 2.16> <CoreInst = "Adder">   --->   Core 1 'Adder' <Latency = 0> <II = 1> <Delay = 2.16> <FuncUnit> <Opcode : 'add' 'sub'> <InPorts = 2> <OutPorts = 1>
ST_12 : Operation 966 [1/1] (0.00ns)   --->   "%sext_ln58_3513 = sext i20 %add_ln58_5142" [firmware/nnet_utils/nnet_dense_latency.h:58]   --->   Operation 966 'sext' 'sext_ln58_3513' <Predicate = true> <Delay = 0.00>
ST_12 : Operation 967 [1/1] (2.19ns)   --->   "%add_ln58_5143 = add i21 %sext_ln58_3513, i21 %sext_ln58_3512" [firmware/nnet_utils/nnet_dense_latency.h:58]   --->   Operation 967 'add' 'add_ln58_5143' <Predicate = true> <Delay = 2.19> <CoreInst = "Adder">   --->   Core 1 'Adder' <Latency = 0> <II = 1> <Delay = 2.19> <FuncUnit> <Opcode : 'add' 'sub'> <InPorts = 2> <OutPorts = 1>
ST_12 : Operation 968 [1/1] (0.00ns)   --->   "%sext_ln58_3540 = sext i20 %add_ln58_5173" [firmware/nnet_utils/nnet_dense_latency.h:58]   --->   Operation 968 'sext' 'sext_ln58_3540' <Predicate = true> <Delay = 0.00>
ST_12 : Operation 969 [1/1] (2.13ns)   --->   "%add_ln58_5174 = add i19 %sext_ln17_4960, i19 %sext_ln17_4976" [firmware/nnet_utils/nnet_dense_latency.h:58]   --->   Operation 969 'add' 'add_ln58_5174' <Predicate = true> <Delay = 2.13> <CoreInst = "Adder">   --->   Core 1 'Adder' <Latency = 0> <II = 1> <Delay = 2.13> <FuncUnit> <Opcode : 'add' 'sub'> <InPorts = 2> <OutPorts = 1>
ST_12 : Operation 970 [1/1] (0.00ns)   --->   "%sext_ln58_3541 = sext i19 %add_ln58_5174" [firmware/nnet_utils/nnet_dense_latency.h:58]   --->   Operation 970 'sext' 'sext_ln58_3541' <Predicate = true> <Delay = 0.00>
ST_12 : Operation 971 [1/1] (2.19ns)   --->   "%add_ln58_5175 = add i21 %sext_ln58_3541, i21 %sext_ln58_3540" [firmware/nnet_utils/nnet_dense_latency.h:58]   --->   Operation 971 'add' 'add_ln58_5175' <Predicate = true> <Delay = 2.19> <CoreInst = "Adder">   --->   Core 1 'Adder' <Latency = 0> <II = 1> <Delay = 2.19> <FuncUnit> <Opcode : 'add' 'sub'> <InPorts = 2> <OutPorts = 1>
ST_12 : Operation 972 [1/1] (0.00ns)   --->   "%sext_ln58_3566 = sext i15 %add_ln58_5205" [firmware/nnet_utils/nnet_dense_latency.h:58]   --->   Operation 972 'sext' 'sext_ln58_3566' <Predicate = true> <Delay = 0.00>
ST_12 : Operation 973 [1/1] (2.19ns)   --->   "%add_ln58_5206 = add i21 %sext_ln17_4961, i21 %sext_ln17_4977" [firmware/nnet_utils/nnet_dense_latency.h:58]   --->   Operation 973 'add' 'add_ln58_5206' <Predicate = true> <Delay = 2.19> <CoreInst = "Adder">   --->   Core 1 'Adder' <Latency = 0> <II = 1> <Delay = 2.19> <FuncUnit> <Opcode : 'add' 'sub'> <InPorts = 2> <OutPorts = 1>
ST_12 : Operation 974 [1/1] (0.00ns)   --->   "%sext_ln58_3567 = sext i21 %add_ln58_5206" [firmware/nnet_utils/nnet_dense_latency.h:58]   --->   Operation 974 'sext' 'sext_ln58_3567' <Predicate = true> <Delay = 0.00>
ST_12 : Operation 975 [1/1] (2.22ns)   --->   "%add_ln58_5207 = add i22 %sext_ln58_3567, i22 %sext_ln58_3566" [firmware/nnet_utils/nnet_dense_latency.h:58]   --->   Operation 975 'add' 'add_ln58_5207' <Predicate = true> <Delay = 2.22> <CoreInst = "Adder">   --->   Core 1 'Adder' <Latency = 0> <II = 1> <Delay = 2.22> <FuncUnit> <Opcode : 'add' 'sub'> <InPorts = 2> <OutPorts = 1>
ST_12 : Operation 976 [1/1] (0.00ns)   --->   "%sext_ln58_3593 = sext i21 %add_ln58_5237" [firmware/nnet_utils/nnet_dense_latency.h:58]   --->   Operation 976 'sext' 'sext_ln58_3593' <Predicate = true> <Delay = 0.00>
ST_12 : Operation 977 [1/1] (2.19ns)   --->   "%add_ln58_5238 = add i21 %sext_ln17_4962, i21 %sext_ln17_4978" [firmware/nnet_utils/nnet_dense_latency.h:58]   --->   Operation 977 'add' 'add_ln58_5238' <Predicate = true> <Delay = 2.19> <CoreInst = "Adder">   --->   Core 1 'Adder' <Latency = 0> <II = 1> <Delay = 2.19> <FuncUnit> <Opcode : 'add' 'sub'> <InPorts = 2> <OutPorts = 1>
ST_12 : Operation 978 [1/1] (0.00ns)   --->   "%sext_ln58_3594 = sext i21 %add_ln58_5238" [firmware/nnet_utils/nnet_dense_latency.h:58]   --->   Operation 978 'sext' 'sext_ln58_3594' <Predicate = true> <Delay = 0.00>
ST_12 : Operation 979 [1/1] (2.22ns)   --->   "%add_ln58_5239 = add i22 %sext_ln58_3594, i22 %sext_ln58_3593" [firmware/nnet_utils/nnet_dense_latency.h:58]   --->   Operation 979 'add' 'add_ln58_5239' <Predicate = true> <Delay = 2.22> <CoreInst = "Adder">   --->   Core 1 'Adder' <Latency = 0> <II = 1> <Delay = 2.22> <FuncUnit> <Opcode : 'add' 'sub'> <InPorts = 2> <OutPorts = 1>
ST_12 : Operation 980 [1/1] (0.00ns) (grouped into TernaryAdder)   --->   "%add_ln58_5269 = add i21 %sext_ln17_4931, i21 %sext_ln17_4947" [firmware/nnet_utils/nnet_dense_latency.h:58]   --->   Operation 980 'add' 'add_ln58_5269' <Predicate = true> <Delay = 0.00> <CoreInst = "TAddSub">   --->   Core 10 'TAddSub' <Latency = 0> <II = 1> <Delay = 2.03> <IPBlock> <Opcode : '<invalid operator> ' 'add' 'sub'> <InPorts = 3> <OutPorts = 1> <Sync> <CReg>
ST_12 : Operation 981 [1/1] (2.16ns)   --->   "%add_ln58_5270 = add i20 %sext_ln17_4963, i20 %sext_ln17_4979" [firmware/nnet_utils/nnet_dense_latency.h:58]   --->   Operation 981 'add' 'add_ln58_5270' <Predicate = true> <Delay = 2.16> <CoreInst = "Adder">   --->   Core 1 'Adder' <Latency = 0> <II = 1> <Delay = 2.16> <FuncUnit> <Opcode : 'add' 'sub'> <InPorts = 2> <OutPorts = 1>
ST_12 : Operation 982 [1/1] (0.00ns)   --->   "%sext_ln58_3624 = sext i20 %add_ln58_5270" [firmware/nnet_utils/nnet_dense_latency.h:58]   --->   Operation 982 'sext' 'sext_ln58_3624' <Predicate = true> <Delay = 0.00>
ST_12 : Operation 983 [1/1] (4.04ns) (root node of TernaryAdder)   --->   "%add_ln58_5271 = add i21 %sext_ln58_3624, i21 %add_ln58_5269" [firmware/nnet_utils/nnet_dense_latency.h:58]   --->   Operation 983 'add' 'add_ln58_5271' <Predicate = true> <Delay = 4.04> <CoreInst = "TAddSub">   --->   Core 10 'TAddSub' <Latency = 0> <II = 1> <Delay = 2.03> <IPBlock> <Opcode : '<invalid operator> ' 'add' 'sub'> <InPorts = 3> <OutPorts = 1> <Sync> <CReg>
ST_12 : Operation 984 [1/1] (0.00ns)   --->   "%sext_ln58_3652 = sext i18 %add_ln58_5301" [firmware/nnet_utils/nnet_dense_latency.h:58]   --->   Operation 984 'sext' 'sext_ln58_3652' <Predicate = true> <Delay = 0.00>
ST_12 : Operation 985 [1/1] (2.16ns)   --->   "%add_ln58_5302 = add i20 %sext_ln17_4964, i20 %sext_ln17_4980" [firmware/nnet_utils/nnet_dense_latency.h:58]   --->   Operation 985 'add' 'add_ln58_5302' <Predicate = true> <Delay = 2.16> <CoreInst = "Adder">   --->   Core 1 'Adder' <Latency = 0> <II = 1> <Delay = 2.16> <FuncUnit> <Opcode : 'add' 'sub'> <InPorts = 2> <OutPorts = 1>
ST_12 : Operation 986 [1/1] (0.00ns)   --->   "%sext_ln58_3653 = sext i20 %add_ln58_5302" [firmware/nnet_utils/nnet_dense_latency.h:58]   --->   Operation 986 'sext' 'sext_ln58_3653' <Predicate = true> <Delay = 0.00>
ST_12 : Operation 987 [1/1] (2.19ns)   --->   "%add_ln58_5303 = add i21 %sext_ln58_3653, i21 %sext_ln58_3652" [firmware/nnet_utils/nnet_dense_latency.h:58]   --->   Operation 987 'add' 'add_ln58_5303' <Predicate = true> <Delay = 2.19> <CoreInst = "Adder">   --->   Core 1 'Adder' <Latency = 0> <II = 1> <Delay = 2.19> <FuncUnit> <Opcode : 'add' 'sub'> <InPorts = 2> <OutPorts = 1>

State 13 <SV = 12> <Delay = 7.77>
ST_13 : Operation 988 [1/1] (0.00ns)   --->   "%data_13_val_read = read i16 @_ssdm_op_Read.ap_auto.i16, i16 %data_13_val" [firmware/nnet_utils/nnet_mult.h:70->firmware/nnet_utils/nnet_dense_latency.h:42]   --->   Operation 988 'read' 'data_13_val_read' <Predicate = true> <Delay = 0.00>
ST_13 : Operation 989 [1/1] (0.00ns)   --->   "%sext_ln17_4981 = sext i15 %mult_4977" [firmware/nnet_utils/nnet_dense_latency.h:17]   --->   Operation 989 'sext' 'sext_ln17_4981' <Predicate = true> <Delay = 0.00>
ST_13 : Operation 990 [1/1] (0.00ns)   --->   "%shl_ln73_251 = bitconcatenate i25 @_ssdm_op_BitConcatenate.i25.i16.i9, i16 %data_12_val_read, i9 0" [firmware/nnet_utils/nnet_mult.h:73->firmware/nnet_utils/nnet_dense_latency.h:42]   --->   Operation 990 'bitconcatenate' 'shl_ln73_251' <Predicate = true> <Delay = 0.00>
ST_13 : Operation 991 [1/1] (0.00ns)   --->   "%sext_ln73_283 = sext i25 %shl_ln73_251" [firmware/nnet_utils/nnet_mult.h:73->firmware/nnet_utils/nnet_dense_latency.h:42]   --->   Operation 991 'sext' 'sext_ln73_283' <Predicate = true> <Delay = 0.00>
ST_13 : Operation 992 [1/1] (0.00ns)   --->   "%shl_ln73_252 = bitconcatenate i19 @_ssdm_op_BitConcatenate.i19.i16.i3, i16 %data_12_val_read, i3 0" [firmware/nnet_utils/nnet_mult.h:73->firmware/nnet_utils/nnet_dense_latency.h:42]   --->   Operation 992 'bitconcatenate' 'shl_ln73_252' <Predicate = true> <Delay = 0.00>
ST_13 : Operation 993 [1/1] (0.00ns)   --->   "%sext_ln73_284 = sext i19 %shl_ln73_252" [firmware/nnet_utils/nnet_mult.h:73->firmware/nnet_utils/nnet_dense_latency.h:42]   --->   Operation 993 'sext' 'sext_ln73_284' <Predicate = true> <Delay = 0.00>
ST_13 : Operation 994 [1/1] (2.34ns)   --->   "%add_ln73_34 = add i26 %sext_ln73_283, i26 %sext_ln73_284" [firmware/nnet_utils/nnet_mult.h:73->firmware/nnet_utils/nnet_dense_latency.h:42]   --->   Operation 994 'add' 'add_ln73_34' <Predicate = true> <Delay = 2.34> <CoreInst = "Adder">   --->   Core 1 'Adder' <Latency = 0> <II = 1> <Delay = 2.34> <FuncUnit> <Opcode : 'add' 'sub'> <InPorts = 2> <OutPorts = 1>
ST_13 : Operation 995 [1/1] (0.00ns)   --->   "%mult_4978 = partselect i16 @_ssdm_op_PartSelect.i16.i26.i32.i32, i26 %add_ln73_34, i32 10, i32 25" [firmware/nnet_utils/nnet_dense_latency.h:42]   --->   Operation 995 'partselect' 'mult_4978' <Predicate = true> <Delay = 0.00>
ST_13 : Operation 996 [1/1] (0.00ns)   --->   "%sext_ln17_4982 = sext i16 %mult_4978" [firmware/nnet_utils/nnet_dense_latency.h:17]   --->   Operation 996 'sext' 'sext_ln17_4982' <Predicate = true> <Delay = 0.00>
ST_13 : Operation 997 [1/1] (0.00ns)   --->   "%sext_ln17_4983 = sext i19 %mult_4979" [firmware/nnet_utils/nnet_dense_latency.h:17]   --->   Operation 997 'sext' 'sext_ln17_4983' <Predicate = true> <Delay = 0.00>
ST_13 : Operation 998 [1/1] (0.00ns)   --->   "%sext_ln17_4985 = sext i19 %mult_4981" [firmware/nnet_utils/nnet_dense_latency.h:17]   --->   Operation 998 'sext' 'sext_ln17_4985' <Predicate = true> <Delay = 0.00>
ST_13 : Operation 999 [1/1] (0.00ns)   --->   "%sext_ln17_4986 = sext i20 %mult_4982" [firmware/nnet_utils/nnet_dense_latency.h:17]   --->   Operation 999 'sext' 'sext_ln17_4986' <Predicate = true> <Delay = 0.00>
ST_13 : Operation 1000 [1/1] (0.00ns)   --->   "%sext_ln17_4987 = sext i19 %mult_4983" [firmware/nnet_utils/nnet_dense_latency.h:17]   --->   Operation 1000 'sext' 'sext_ln17_4987' <Predicate = true> <Delay = 0.00>
ST_13 : Operation 1001 [1/1] (0.00ns)   --->   "%sext_ln17_4989 = sext i19 %mult_4985" [firmware/nnet_utils/nnet_dense_latency.h:17]   --->   Operation 1001 'sext' 'sext_ln17_4989' <Predicate = true> <Delay = 0.00>
ST_13 : Operation 1002 [1/1] (0.00ns)   --->   "%sext_ln17_4990 = sext i17 %mult_4986" [firmware/nnet_utils/nnet_dense_latency.h:17]   --->   Operation 1002 'sext' 'sext_ln17_4990' <Predicate = true> <Delay = 0.00>
ST_13 : Operation 1003 [1/1] (0.00ns)   --->   "%sext_ln17_4991 = sext i18 %mult_4987" [firmware/nnet_utils/nnet_dense_latency.h:17]   --->   Operation 1003 'sext' 'sext_ln17_4991' <Predicate = true> <Delay = 0.00>
ST_13 : Operation 1004 [1/1] (5.58ns)   --->   "%mul_ln73_4829 = mul i29 %sext_ln70_539, i29 536868658" [firmware/nnet_utils/nnet_mult.h:73->firmware/nnet_utils/nnet_dense_latency.h:42]   --->   Operation 1004 'mul' 'mul_ln73_4829' <Predicate = true> <Delay = 5.58> <CoreInst = "Multiplier">   --->   Core 3 'Multiplier' <Latency = 0> <II = 1> <Delay = 5.58> <FuncUnit> <Opcode : 'mul'> <InPorts = 2> <OutPorts = 1>
ST_13 : Operation 1005 [1/1] (0.00ns)   --->   "%mult_4988 = partselect i19 @_ssdm_op_PartSelect.i19.i29.i32.i32, i29 %mul_ln73_4829, i32 10, i32 28" [firmware/nnet_utils/nnet_dense_latency.h:42]   --->   Operation 1005 'partselect' 'mult_4988' <Predicate = true> <Delay = 0.00>
ST_13 : Operation 1006 [1/1] (5.58ns)   --->   "%mul_ln73_4830 = mul i30 %sext_ln70_537, i30 1073737520" [firmware/nnet_utils/nnet_mult.h:73->firmware/nnet_utils/nnet_dense_latency.h:42]   --->   Operation 1006 'mul' 'mul_ln73_4830' <Predicate = true> <Delay = 5.58> <CoreInst = "Multiplier">   --->   Core 3 'Multiplier' <Latency = 0> <II = 1> <Delay = 5.58> <FuncUnit> <Opcode : 'mul'> <InPorts = 2> <OutPorts = 1>
ST_13 : Operation 1007 [1/1] (0.00ns)   --->   "%mult_4989 = partselect i20 @_ssdm_op_PartSelect.i20.i30.i32.i32, i30 %mul_ln73_4830, i32 10, i32 29" [firmware/nnet_utils/nnet_dense_latency.h:42]   --->   Operation 1007 'partselect' 'mult_4989' <Predicate = true> <Delay = 0.00>
ST_13 : Operation 1008 [1/1] (5.58ns)   --->   "%mul_ln73_4831 = mul i30 %sext_ln70_537, i30 1073736289" [firmware/nnet_utils/nnet_mult.h:73->firmware/nnet_utils/nnet_dense_latency.h:42]   --->   Operation 1008 'mul' 'mul_ln73_4831' <Predicate = true> <Delay = 5.58> <CoreInst = "Multiplier">   --->   Core 3 'Multiplier' <Latency = 0> <II = 1> <Delay = 5.58> <FuncUnit> <Opcode : 'mul'> <InPorts = 2> <OutPorts = 1>
ST_13 : Operation 1009 [1/1] (0.00ns)   --->   "%mult_4990 = partselect i20 @_ssdm_op_PartSelect.i20.i30.i32.i32, i30 %mul_ln73_4831, i32 10, i32 29" [firmware/nnet_utils/nnet_dense_latency.h:42]   --->   Operation 1009 'partselect' 'mult_4990' <Predicate = true> <Delay = 0.00>
ST_13 : Operation 1010 [1/1] (5.58ns)   --->   "%mul_ln73_4832 = mul i30 %sext_ln70_537, i30 5131" [firmware/nnet_utils/nnet_mult.h:73->firmware/nnet_utils/nnet_dense_latency.h:42]   --->   Operation 1010 'mul' 'mul_ln73_4832' <Predicate = true> <Delay = 5.58> <CoreInst = "Multiplier">   --->   Core 3 'Multiplier' <Latency = 0> <II = 1> <Delay = 5.58> <FuncUnit> <Opcode : 'mul'> <InPorts = 2> <OutPorts = 1>
ST_13 : Operation 1011 [1/1] (0.00ns)   --->   "%mult_4991 = partselect i20 @_ssdm_op_PartSelect.i20.i30.i32.i32, i30 %mul_ln73_4832, i32 10, i32 29" [firmware/nnet_utils/nnet_dense_latency.h:42]   --->   Operation 1011 'partselect' 'mult_4991' <Predicate = true> <Delay = 0.00>
ST_13 : Operation 1012 [1/1] (5.58ns)   --->   "%mul_ln73_4833 = mul i30 %sext_ln70_537, i30 5254" [firmware/nnet_utils/nnet_mult.h:73->firmware/nnet_utils/nnet_dense_latency.h:42]   --->   Operation 1012 'mul' 'mul_ln73_4833' <Predicate = true> <Delay = 5.58> <CoreInst = "Multiplier">   --->   Core 3 'Multiplier' <Latency = 0> <II = 1> <Delay = 5.58> <FuncUnit> <Opcode : 'mul'> <InPorts = 2> <OutPorts = 1>
ST_13 : Operation 1013 [1/1] (0.00ns)   --->   "%mult_4992 = partselect i20 @_ssdm_op_PartSelect.i20.i30.i32.i32, i30 %mul_ln73_4833, i32 10, i32 29" [firmware/nnet_utils/nnet_dense_latency.h:42]   --->   Operation 1013 'partselect' 'mult_4992' <Predicate = true> <Delay = 0.00>
ST_13 : Operation 1014 [1/1] (0.00ns)   --->   "%sext_ln70_541 = sext i16 %data_13_val_read" [firmware/nnet_utils/nnet_mult.h:70->firmware/nnet_utils/nnet_dense_latency.h:42]   --->   Operation 1014 'sext' 'sext_ln70_541' <Predicate = true> <Delay = 0.00>
ST_13 : Operation 1015 [1/1] (0.00ns)   --->   "%sext_ln70_542 = sext i16 %data_13_val_read" [firmware/nnet_utils/nnet_mult.h:70->firmware/nnet_utils/nnet_dense_latency.h:42]   --->   Operation 1015 'sext' 'sext_ln70_542' <Predicate = true> <Delay = 0.00>
ST_13 : Operation 1016 [1/1] (0.00ns)   --->   "%sext_ln70_543 = sext i16 %data_13_val_read" [firmware/nnet_utils/nnet_mult.h:70->firmware/nnet_utils/nnet_dense_latency.h:42]   --->   Operation 1016 'sext' 'sext_ln70_543' <Predicate = true> <Delay = 0.00>
ST_13 : Operation 1017 [1/1] (0.00ns)   --->   "%sext_ln70_544 = sext i16 %data_13_val_read" [firmware/nnet_utils/nnet_mult.h:70->firmware/nnet_utils/nnet_dense_latency.h:42]   --->   Operation 1017 'sext' 'sext_ln70_544' <Predicate = true> <Delay = 0.00>
ST_13 : Operation 1018 [1/1] (5.58ns)   --->   "%mul_ln73_4834 = mul i29 %sext_ln70_544, i29 536868542" [firmware/nnet_utils/nnet_mult.h:73->firmware/nnet_utils/nnet_dense_latency.h:42]   --->   Operation 1018 'mul' 'mul_ln73_4834' <Predicate = true> <Delay = 5.58> <CoreInst = "Multiplier">   --->   Core 3 'Multiplier' <Latency = 0> <II = 1> <Delay = 5.58> <FuncUnit> <Opcode : 'mul'> <InPorts = 2> <OutPorts = 1>
ST_13 : Operation 1019 [1/1] (0.00ns)   --->   "%mult_4993 = partselect i19 @_ssdm_op_PartSelect.i19.i29.i32.i32, i29 %mul_ln73_4834, i32 10, i32 28" [firmware/nnet_utils/nnet_dense_latency.h:42]   --->   Operation 1019 'partselect' 'mult_4993' <Predicate = true> <Delay = 0.00>
ST_13 : Operation 1020 [1/1] (0.00ns)   --->   "%sext_ln17_4997 = sext i19 %mult_4993" [firmware/nnet_utils/nnet_dense_latency.h:17]   --->   Operation 1020 'sext' 'sext_ln17_4997' <Predicate = true> <Delay = 0.00>
ST_13 : Operation 1021 [1/1] (5.58ns)   --->   "%mul_ln73_4835 = mul i29 %sext_ln70_544, i29 536868003" [firmware/nnet_utils/nnet_mult.h:73->firmware/nnet_utils/nnet_dense_latency.h:42]   --->   Operation 1021 'mul' 'mul_ln73_4835' <Predicate = true> <Delay = 5.58> <CoreInst = "Multiplier">   --->   Core 3 'Multiplier' <Latency = 0> <II = 1> <Delay = 5.58> <FuncUnit> <Opcode : 'mul'> <InPorts = 2> <OutPorts = 1>
ST_13 : Operation 1022 [1/1] (0.00ns)   --->   "%mult_4994 = partselect i19 @_ssdm_op_PartSelect.i19.i29.i32.i32, i29 %mul_ln73_4835, i32 10, i32 28" [firmware/nnet_utils/nnet_dense_latency.h:42]   --->   Operation 1022 'partselect' 'mult_4994' <Predicate = true> <Delay = 0.00>
ST_13 : Operation 1023 [1/1] (0.00ns)   --->   "%sext_ln17_4998 = sext i19 %mult_4994" [firmware/nnet_utils/nnet_dense_latency.h:17]   --->   Operation 1023 'sext' 'sext_ln17_4998' <Predicate = true> <Delay = 0.00>
ST_13 : Operation 1024 [1/1] (5.58ns)   --->   "%mul_ln73_4836 = mul i28 %sext_ln70_543, i28 268433594" [firmware/nnet_utils/nnet_mult.h:73->firmware/nnet_utils/nnet_dense_latency.h:42]   --->   Operation 1024 'mul' 'mul_ln73_4836' <Predicate = true> <Delay = 5.58> <CoreInst = "Multiplier">   --->   Core 3 'Multiplier' <Latency = 0> <II = 1> <Delay = 5.58> <FuncUnit> <Opcode : 'mul'> <InPorts = 2> <OutPorts = 1>
ST_13 : Operation 1025 [1/1] (0.00ns)   --->   "%mult_4995 = partselect i18 @_ssdm_op_PartSelect.i18.i28.i32.i32, i28 %mul_ln73_4836, i32 10, i32 27" [firmware/nnet_utils/nnet_dense_latency.h:42]   --->   Operation 1025 'partselect' 'mult_4995' <Predicate = true> <Delay = 0.00>
ST_13 : Operation 1026 [1/1] (0.00ns)   --->   "%sext_ln17_4999 = sext i18 %mult_4995" [firmware/nnet_utils/nnet_dense_latency.h:17]   --->   Operation 1026 'sext' 'sext_ln17_4999' <Predicate = true> <Delay = 0.00>
ST_13 : Operation 1027 [1/1] (5.58ns)   --->   "%mul_ln73_4837 = mul i29 %sext_ln70_544, i29 536866850" [firmware/nnet_utils/nnet_mult.h:73->firmware/nnet_utils/nnet_dense_latency.h:42]   --->   Operation 1027 'mul' 'mul_ln73_4837' <Predicate = true> <Delay = 5.58> <CoreInst = "Multiplier">   --->   Core 3 'Multiplier' <Latency = 0> <II = 1> <Delay = 5.58> <FuncUnit> <Opcode : 'mul'> <InPorts = 2> <OutPorts = 1>
ST_13 : Operation 1028 [1/1] (0.00ns)   --->   "%mult_4996 = partselect i19 @_ssdm_op_PartSelect.i19.i29.i32.i32, i29 %mul_ln73_4837, i32 10, i32 28" [firmware/nnet_utils/nnet_dense_latency.h:42]   --->   Operation 1028 'partselect' 'mult_4996' <Predicate = true> <Delay = 0.00>
ST_13 : Operation 1029 [1/1] (5.58ns)   --->   "%mul_ln73_4838 = mul i25 %sext_ln70_542, i25 33554189" [firmware/nnet_utils/nnet_mult.h:73->firmware/nnet_utils/nnet_dense_latency.h:42]   --->   Operation 1029 'mul' 'mul_ln73_4838' <Predicate = true> <Delay = 5.58> <CoreInst = "Multiplier">   --->   Core 3 'Multiplier' <Latency = 0> <II = 1> <Delay = 5.58> <FuncUnit> <Opcode : 'mul'> <InPorts = 2> <OutPorts = 1>
ST_13 : Operation 1030 [1/1] (0.00ns)   --->   "%mult_4997 = partselect i15 @_ssdm_op_PartSelect.i15.i25.i32.i32, i25 %mul_ln73_4838, i32 10, i32 24" [firmware/nnet_utils/nnet_dense_latency.h:42]   --->   Operation 1030 'partselect' 'mult_4997' <Predicate = true> <Delay = 0.00>
ST_13 : Operation 1031 [1/1] (0.00ns)   --->   "%sext_ln17_5001 = sext i15 %mult_4997" [firmware/nnet_utils/nnet_dense_latency.h:17]   --->   Operation 1031 'sext' 'sext_ln17_5001' <Predicate = true> <Delay = 0.00>
ST_13 : Operation 1032 [1/1] (5.58ns)   --->   "%mul_ln73_4839 = mul i29 %sext_ln70_544, i29 536868756" [firmware/nnet_utils/nnet_mult.h:73->firmware/nnet_utils/nnet_dense_latency.h:42]   --->   Operation 1032 'mul' 'mul_ln73_4839' <Predicate = true> <Delay = 5.58> <CoreInst = "Multiplier">   --->   Core 3 'Multiplier' <Latency = 0> <II = 1> <Delay = 5.58> <FuncUnit> <Opcode : 'mul'> <InPorts = 2> <OutPorts = 1>
ST_13 : Operation 1033 [1/1] (0.00ns)   --->   "%mult_4998 = partselect i19 @_ssdm_op_PartSelect.i19.i29.i32.i32, i29 %mul_ln73_4839, i32 10, i32 28" [firmware/nnet_utils/nnet_dense_latency.h:42]   --->   Operation 1033 'partselect' 'mult_4998' <Predicate = true> <Delay = 0.00>
ST_13 : Operation 1034 [1/1] (0.00ns)   --->   "%sext_ln17_5002 = sext i19 %mult_4998" [firmware/nnet_utils/nnet_dense_latency.h:17]   --->   Operation 1034 'sext' 'sext_ln17_5002' <Predicate = true> <Delay = 0.00>
ST_13 : Operation 1035 [1/1] (5.58ns)   --->   "%mul_ln73_4840 = mul i28 %sext_ln70_543, i28 1258" [firmware/nnet_utils/nnet_mult.h:73->firmware/nnet_utils/nnet_dense_latency.h:42]   --->   Operation 1035 'mul' 'mul_ln73_4840' <Predicate = true> <Delay = 5.58> <CoreInst = "Multiplier">   --->   Core 3 'Multiplier' <Latency = 0> <II = 1> <Delay = 5.58> <FuncUnit> <Opcode : 'mul'> <InPorts = 2> <OutPorts = 1>
ST_13 : Operation 1036 [1/1] (0.00ns)   --->   "%mult_4999 = partselect i18 @_ssdm_op_PartSelect.i18.i28.i32.i32, i28 %mul_ln73_4840, i32 10, i32 27" [firmware/nnet_utils/nnet_dense_latency.h:42]   --->   Operation 1036 'partselect' 'mult_4999' <Predicate = true> <Delay = 0.00>
ST_13 : Operation 1037 [1/1] (0.00ns)   --->   "%sext_ln17_5003 = sext i18 %mult_4999" [firmware/nnet_utils/nnet_dense_latency.h:17]   --->   Operation 1037 'sext' 'sext_ln17_5003' <Predicate = true> <Delay = 0.00>
ST_13 : Operation 1038 [1/1] (5.58ns)   --->   "%mul_ln73_4841 = mul i30 %sext_ln70_541, i30 1073737721" [firmware/nnet_utils/nnet_mult.h:73->firmware/nnet_utils/nnet_dense_latency.h:42]   --->   Operation 1038 'mul' 'mul_ln73_4841' <Predicate = true> <Delay = 5.58> <CoreInst = "Multiplier">   --->   Core 3 'Multiplier' <Latency = 0> <II = 1> <Delay = 5.58> <FuncUnit> <Opcode : 'mul'> <InPorts = 2> <OutPorts = 1>
ST_13 : Operation 1039 [1/1] (0.00ns)   --->   "%mult_5000 = partselect i20 @_ssdm_op_PartSelect.i20.i30.i32.i32, i30 %mul_ln73_4841, i32 10, i32 29" [firmware/nnet_utils/nnet_dense_latency.h:42]   --->   Operation 1039 'partselect' 'mult_5000' <Predicate = true> <Delay = 0.00>
ST_13 : Operation 1040 [1/1] (5.58ns)   --->   "%mul_ln73_4842 = mul i29 %sext_ln70_544, i29 536867933" [firmware/nnet_utils/nnet_mult.h:73->firmware/nnet_utils/nnet_dense_latency.h:42]   --->   Operation 1040 'mul' 'mul_ln73_4842' <Predicate = true> <Delay = 5.58> <CoreInst = "Multiplier">   --->   Core 3 'Multiplier' <Latency = 0> <II = 1> <Delay = 5.58> <FuncUnit> <Opcode : 'mul'> <InPorts = 2> <OutPorts = 1>
ST_13 : Operation 1041 [1/1] (0.00ns)   --->   "%mult_5001 = partselect i19 @_ssdm_op_PartSelect.i19.i29.i32.i32, i29 %mul_ln73_4842, i32 10, i32 28" [firmware/nnet_utils/nnet_dense_latency.h:42]   --->   Operation 1041 'partselect' 'mult_5001' <Predicate = true> <Delay = 0.00>
ST_13 : Operation 1042 [1/1] (0.00ns)   --->   "%sext_ln17_5005 = sext i19 %mult_5001" [firmware/nnet_utils/nnet_dense_latency.h:17]   --->   Operation 1042 'sext' 'sext_ln17_5005' <Predicate = true> <Delay = 0.00>
ST_13 : Operation 1043 [1/1] (5.58ns)   --->   "%mul_ln73_4843 = mul i29 %sext_ln70_544, i29 3279" [firmware/nnet_utils/nnet_mult.h:73->firmware/nnet_utils/nnet_dense_latency.h:42]   --->   Operation 1043 'mul' 'mul_ln73_4843' <Predicate = true> <Delay = 5.58> <CoreInst = "Multiplier">   --->   Core 3 'Multiplier' <Latency = 0> <II = 1> <Delay = 5.58> <FuncUnit> <Opcode : 'mul'> <InPorts = 2> <OutPorts = 1>
ST_13 : Operation 1044 [1/1] (0.00ns)   --->   "%mult_5002 = partselect i19 @_ssdm_op_PartSelect.i19.i29.i32.i32, i29 %mul_ln73_4843, i32 10, i32 28" [firmware/nnet_utils/nnet_dense_latency.h:42]   --->   Operation 1044 'partselect' 'mult_5002' <Predicate = true> <Delay = 0.00>
ST_13 : Operation 1045 [1/1] (0.00ns)   --->   "%sext_ln17_5006 = sext i19 %mult_5002" [firmware/nnet_utils/nnet_dense_latency.h:17]   --->   Operation 1045 'sext' 'sext_ln17_5006' <Predicate = true> <Delay = 0.00>
ST_13 : Operation 1046 [1/1] (5.58ns)   --->   "%mul_ln73_4844 = mul i28 %sext_ln70_543, i28 268433670" [firmware/nnet_utils/nnet_mult.h:73->firmware/nnet_utils/nnet_dense_latency.h:42]   --->   Operation 1046 'mul' 'mul_ln73_4844' <Predicate = true> <Delay = 5.58> <CoreInst = "Multiplier">   --->   Core 3 'Multiplier' <Latency = 0> <II = 1> <Delay = 5.58> <FuncUnit> <Opcode : 'mul'> <InPorts = 2> <OutPorts = 1>
ST_13 : Operation 1047 [1/1] (0.00ns)   --->   "%mult_5003 = partselect i18 @_ssdm_op_PartSelect.i18.i28.i32.i32, i28 %mul_ln73_4844, i32 10, i32 27" [firmware/nnet_utils/nnet_dense_latency.h:42]   --->   Operation 1047 'partselect' 'mult_5003' <Predicate = true> <Delay = 0.00>
ST_13 : Operation 1048 [1/1] (0.00ns)   --->   "%sext_ln17_5007 = sext i18 %mult_5003" [firmware/nnet_utils/nnet_dense_latency.h:17]   --->   Operation 1048 'sext' 'sext_ln17_5007' <Predicate = true> <Delay = 0.00>
ST_13 : Operation 1049 [1/1] (2.16ns)   --->   "%add_ln58_4824 = add i20 %sext_ln17_4981, i20 %sext_ln17_4997" [firmware/nnet_utils/nnet_dense_latency.h:58]   --->   Operation 1049 'add' 'add_ln58_4824' <Predicate = true> <Delay = 2.16> <CoreInst = "Adder">   --->   Core 1 'Adder' <Latency = 0> <II = 1> <Delay = 2.16> <FuncUnit> <Opcode : 'add' 'sub'> <InPorts = 2> <OutPorts = 1>
ST_13 : Operation 1050 [1/1] (2.16ns)   --->   "%add_ln58_4856 = add i20 %sext_ln17_4982, i20 %sext_ln17_4998" [firmware/nnet_utils/nnet_dense_latency.h:58]   --->   Operation 1050 'add' 'add_ln58_4856' <Predicate = true> <Delay = 2.16> <CoreInst = "Adder">   --->   Core 1 'Adder' <Latency = 0> <II = 1> <Delay = 2.16> <FuncUnit> <Opcode : 'add' 'sub'> <InPorts = 2> <OutPorts = 1>
ST_13 : Operation 1051 [1/1] (2.16ns)   --->   "%add_ln58_4888 = add i20 %sext_ln17_4983, i20 %sext_ln17_4999" [firmware/nnet_utils/nnet_dense_latency.h:58]   --->   Operation 1051 'add' 'add_ln58_4888' <Predicate = true> <Delay = 2.16> <CoreInst = "Adder">   --->   Core 1 'Adder' <Latency = 0> <II = 1> <Delay = 2.16> <FuncUnit> <Opcode : 'add' 'sub'> <InPorts = 2> <OutPorts = 1>
ST_13 : Operation 1052 [1/1] (2.16ns)   --->   "%add_ln58_4952 = add i20 %sext_ln17_4985, i20 %sext_ln17_5001" [firmware/nnet_utils/nnet_dense_latency.h:58]   --->   Operation 1052 'add' 'add_ln58_4952' <Predicate = true> <Delay = 2.16> <CoreInst = "Adder">   --->   Core 1 'Adder' <Latency = 0> <II = 1> <Delay = 2.16> <FuncUnit> <Opcode : 'add' 'sub'> <InPorts = 2> <OutPorts = 1>
ST_13 : Operation 1053 [1/1] (2.19ns)   --->   "%add_ln58_4984 = add i21 %sext_ln17_4986, i21 %sext_ln17_5002" [firmware/nnet_utils/nnet_dense_latency.h:58]   --->   Operation 1053 'add' 'add_ln58_4984' <Predicate = true> <Delay = 2.19> <CoreInst = "Adder">   --->   Core 1 'Adder' <Latency = 0> <II = 1> <Delay = 2.19> <FuncUnit> <Opcode : 'add' 'sub'> <InPorts = 2> <OutPorts = 1>
ST_13 : Operation 1054 [1/1] (2.16ns)   --->   "%add_ln58_5016 = add i20 %sext_ln17_4987, i20 %sext_ln17_5003" [firmware/nnet_utils/nnet_dense_latency.h:58]   --->   Operation 1054 'add' 'add_ln58_5016' <Predicate = true> <Delay = 2.16> <CoreInst = "Adder">   --->   Core 1 'Adder' <Latency = 0> <II = 1> <Delay = 2.16> <FuncUnit> <Opcode : 'add' 'sub'> <InPorts = 2> <OutPorts = 1>
ST_13 : Operation 1055 [1/1] (2.16ns)   --->   "%add_ln58_5080 = add i20 %sext_ln17_4989, i20 %sext_ln17_5005" [firmware/nnet_utils/nnet_dense_latency.h:58]   --->   Operation 1055 'add' 'add_ln58_5080' <Predicate = true> <Delay = 2.16> <CoreInst = "Adder">   --->   Core 1 'Adder' <Latency = 0> <II = 1> <Delay = 2.16> <FuncUnit> <Opcode : 'add' 'sub'> <InPorts = 2> <OutPorts = 1>
ST_13 : Operation 1056 [1/1] (2.16ns)   --->   "%add_ln58_5112 = add i20 %sext_ln17_4990, i20 %sext_ln17_5006" [firmware/nnet_utils/nnet_dense_latency.h:58]   --->   Operation 1056 'add' 'add_ln58_5112' <Predicate = true> <Delay = 2.16> <CoreInst = "Adder">   --->   Core 1 'Adder' <Latency = 0> <II = 1> <Delay = 2.16> <FuncUnit> <Opcode : 'add' 'sub'> <InPorts = 2> <OutPorts = 1>
ST_13 : Operation 1057 [1/1] (2.13ns)   --->   "%add_ln58_5144 = add i19 %sext_ln17_4991, i19 %sext_ln17_5007" [firmware/nnet_utils/nnet_dense_latency.h:58]   --->   Operation 1057 'add' 'add_ln58_5144' <Predicate = true> <Delay = 2.13> <CoreInst = "Adder">   --->   Core 1 'Adder' <Latency = 0> <II = 1> <Delay = 2.13> <FuncUnit> <Opcode : 'add' 'sub'> <InPorts = 2> <OutPorts = 1>

State 14 <SV = 13> <Delay = 18.0>
ST_14 : Operation 1058 [1/1] (0.00ns)   --->   "%data_15_val_read = read i16 @_ssdm_op_Read.ap_auto.i16, i16 %data_15_val" [firmware/nnet_utils/nnet_mult.h:70->firmware/nnet_utils/nnet_dense_latency.h:42]   --->   Operation 1058 'read' 'data_15_val_read' <Predicate = true> <Delay = 0.00>
ST_14 : Operation 1059 [1/1] (0.00ns)   --->   "%data_14_val_read = read i16 @_ssdm_op_Read.ap_auto.i16, i16 %data_14_val" [firmware/nnet_utils/nnet_mult.h:70->firmware/nnet_utils/nnet_dense_latency.h:42]   --->   Operation 1059 'read' 'data_14_val_read' <Predicate = true> <Delay = 0.00>
ST_14 : Operation 1060 [1/1] (0.00ns)   --->   "%sext_ln17_4984 = sext i18 %mult_4980" [firmware/nnet_utils/nnet_dense_latency.h:17]   --->   Operation 1060 'sext' 'sext_ln17_4984' <Predicate = true> <Delay = 0.00>
ST_14 : Operation 1061 [1/1] (0.00ns)   --->   "%sext_ln17_4992 = sext i19 %mult_4988" [firmware/nnet_utils/nnet_dense_latency.h:17]   --->   Operation 1061 'sext' 'sext_ln17_4992' <Predicate = true> <Delay = 0.00>
ST_14 : Operation 1062 [1/1] (0.00ns)   --->   "%sext_ln17_4993 = sext i20 %mult_4989" [firmware/nnet_utils/nnet_dense_latency.h:17]   --->   Operation 1062 'sext' 'sext_ln17_4993' <Predicate = true> <Delay = 0.00>
ST_14 : Operation 1063 [1/1] (0.00ns)   --->   "%sext_ln17_4994 = sext i20 %mult_4990" [firmware/nnet_utils/nnet_dense_latency.h:17]   --->   Operation 1063 'sext' 'sext_ln17_4994' <Predicate = true> <Delay = 0.00>
ST_14 : Operation 1064 [1/1] (0.00ns)   --->   "%sext_ln17_4995 = sext i20 %mult_4991" [firmware/nnet_utils/nnet_dense_latency.h:17]   --->   Operation 1064 'sext' 'sext_ln17_4995' <Predicate = true> <Delay = 0.00>
ST_14 : Operation 1065 [1/1] (0.00ns)   --->   "%sext_ln17_4996 = sext i20 %mult_4992" [firmware/nnet_utils/nnet_dense_latency.h:17]   --->   Operation 1065 'sext' 'sext_ln17_4996' <Predicate = true> <Delay = 0.00>
ST_14 : Operation 1066 [1/1] (0.00ns)   --->   "%sext_ln17_5000 = sext i19 %mult_4996" [firmware/nnet_utils/nnet_dense_latency.h:17]   --->   Operation 1066 'sext' 'sext_ln17_5000' <Predicate = true> <Delay = 0.00>
ST_14 : Operation 1067 [1/1] (5.58ns)   --->   "%mul_ln73_4845 = mul i30 %sext_ln70_541, i30 1073737060" [firmware/nnet_utils/nnet_mult.h:73->firmware/nnet_utils/nnet_dense_latency.h:42]   --->   Operation 1067 'mul' 'mul_ln73_4845' <Predicate = true> <Delay = 5.58> <CoreInst = "Multiplier">   --->   Core 3 'Multiplier' <Latency = 0> <II = 1> <Delay = 5.58> <FuncUnit> <Opcode : 'mul'> <InPorts = 2> <OutPorts = 1>
ST_14 : Operation 1068 [1/1] (0.00ns)   --->   "%mult_5004 = partselect i20 @_ssdm_op_PartSelect.i20.i30.i32.i32, i30 %mul_ln73_4845, i32 10, i32 29" [firmware/nnet_utils/nnet_dense_latency.h:42]   --->   Operation 1068 'partselect' 'mult_5004' <Predicate = true> <Delay = 0.00>
ST_14 : Operation 1069 [1/1] (0.00ns)   --->   "%sext_ln17_5008 = sext i20 %mult_5004" [firmware/nnet_utils/nnet_dense_latency.h:17]   --->   Operation 1069 'sext' 'sext_ln17_5008' <Predicate = true> <Delay = 0.00>
ST_14 : Operation 1070 [1/1] (5.58ns)   --->   "%mul_ln73_4846 = mul i29 %sext_ln70_544, i29 2977" [firmware/nnet_utils/nnet_mult.h:73->firmware/nnet_utils/nnet_dense_latency.h:42]   --->   Operation 1070 'mul' 'mul_ln73_4846' <Predicate = true> <Delay = 5.58> <CoreInst = "Multiplier">   --->   Core 3 'Multiplier' <Latency = 0> <II = 1> <Delay = 5.58> <FuncUnit> <Opcode : 'mul'> <InPorts = 2> <OutPorts = 1>
ST_14 : Operation 1071 [1/1] (0.00ns)   --->   "%mult_5005 = partselect i19 @_ssdm_op_PartSelect.i19.i29.i32.i32, i29 %mul_ln73_4846, i32 10, i32 28" [firmware/nnet_utils/nnet_dense_latency.h:42]   --->   Operation 1071 'partselect' 'mult_5005' <Predicate = true> <Delay = 0.00>
ST_14 : Operation 1072 [1/1] (0.00ns)   --->   "%sext_ln17_5009 = sext i19 %mult_5005" [firmware/nnet_utils/nnet_dense_latency.h:17]   --->   Operation 1072 'sext' 'sext_ln17_5009' <Predicate = true> <Delay = 0.00>
ST_14 : Operation 1073 [1/1] (5.58ns)   --->   "%mul_ln73_4847 = mul i28 %sext_ln70_543, i28 268433520" [firmware/nnet_utils/nnet_mult.h:73->firmware/nnet_utils/nnet_dense_latency.h:42]   --->   Operation 1073 'mul' 'mul_ln73_4847' <Predicate = true> <Delay = 5.58> <CoreInst = "Multiplier">   --->   Core 3 'Multiplier' <Latency = 0> <II = 1> <Delay = 5.58> <FuncUnit> <Opcode : 'mul'> <InPorts = 2> <OutPorts = 1>
ST_14 : Operation 1074 [1/1] (0.00ns)   --->   "%mult_5006 = partselect i18 @_ssdm_op_PartSelect.i18.i28.i32.i32, i28 %mul_ln73_4847, i32 10, i32 27" [firmware/nnet_utils/nnet_dense_latency.h:42]   --->   Operation 1074 'partselect' 'mult_5006' <Predicate = true> <Delay = 0.00>
ST_14 : Operation 1075 [1/1] (0.00ns)   --->   "%sext_ln17_5010 = sext i18 %mult_5006" [firmware/nnet_utils/nnet_dense_latency.h:17]   --->   Operation 1075 'sext' 'sext_ln17_5010' <Predicate = true> <Delay = 0.00>
ST_14 : Operation 1076 [1/1] (5.58ns)   --->   "%mul_ln73_4848 = mul i30 %sext_ln70_541, i30 1073736220" [firmware/nnet_utils/nnet_mult.h:73->firmware/nnet_utils/nnet_dense_latency.h:42]   --->   Operation 1076 'mul' 'mul_ln73_4848' <Predicate = true> <Delay = 5.58> <CoreInst = "Multiplier">   --->   Core 3 'Multiplier' <Latency = 0> <II = 1> <Delay = 5.58> <FuncUnit> <Opcode : 'mul'> <InPorts = 2> <OutPorts = 1>
ST_14 : Operation 1077 [1/1] (0.00ns)   --->   "%mult_5007 = partselect i20 @_ssdm_op_PartSelect.i20.i30.i32.i32, i30 %mul_ln73_4848, i32 10, i32 29" [firmware/nnet_utils/nnet_dense_latency.h:42]   --->   Operation 1077 'partselect' 'mult_5007' <Predicate = true> <Delay = 0.00>
ST_14 : Operation 1078 [1/1] (0.00ns)   --->   "%sext_ln17_5011 = sext i20 %mult_5007" [firmware/nnet_utils/nnet_dense_latency.h:17]   --->   Operation 1078 'sext' 'sext_ln17_5011' <Predicate = true> <Delay = 0.00>
ST_14 : Operation 1079 [1/1] (5.58ns)   --->   "%mul_ln73_4849 = mul i30 %sext_ln70_541, i30 5689" [firmware/nnet_utils/nnet_mult.h:73->firmware/nnet_utils/nnet_dense_latency.h:42]   --->   Operation 1079 'mul' 'mul_ln73_4849' <Predicate = true> <Delay = 5.58> <CoreInst = "Multiplier">   --->   Core 3 'Multiplier' <Latency = 0> <II = 1> <Delay = 5.58> <FuncUnit> <Opcode : 'mul'> <InPorts = 2> <OutPorts = 1>
ST_14 : Operation 1080 [1/1] (0.00ns)   --->   "%mult_5008 = partselect i20 @_ssdm_op_PartSelect.i20.i30.i32.i32, i30 %mul_ln73_4849, i32 10, i32 29" [firmware/nnet_utils/nnet_dense_latency.h:42]   --->   Operation 1080 'partselect' 'mult_5008' <Predicate = true> <Delay = 0.00>
ST_14 : Operation 1081 [1/1] (0.00ns)   --->   "%sext_ln17_5012 = sext i20 %mult_5008" [firmware/nnet_utils/nnet_dense_latency.h:17]   --->   Operation 1081 'sext' 'sext_ln17_5012' <Predicate = true> <Delay = 0.00>
ST_14 : Operation 1082 [1/1] (0.00ns)   --->   "%sext_ln70_545 = sext i16 %data_14_val_read" [firmware/nnet_utils/nnet_mult.h:70->firmware/nnet_utils/nnet_dense_latency.h:42]   --->   Operation 1082 'sext' 'sext_ln70_545' <Predicate = true> <Delay = 0.00>
ST_14 : Operation 1083 [1/1] (0.00ns)   --->   "%sext_ln70_546 = sext i16 %data_14_val_read" [firmware/nnet_utils/nnet_mult.h:70->firmware/nnet_utils/nnet_dense_latency.h:42]   --->   Operation 1083 'sext' 'sext_ln70_546' <Predicate = true> <Delay = 0.00>
ST_14 : Operation 1084 [1/1] (0.00ns)   --->   "%sext_ln70_547 = sext i16 %data_14_val_read" [firmware/nnet_utils/nnet_mult.h:70->firmware/nnet_utils/nnet_dense_latency.h:42]   --->   Operation 1084 'sext' 'sext_ln70_547' <Predicate = true> <Delay = 0.00>
ST_14 : Operation 1085 [1/1] (0.00ns)   --->   "%sext_ln70_548 = sext i16 %data_14_val_read" [firmware/nnet_utils/nnet_mult.h:70->firmware/nnet_utils/nnet_dense_latency.h:42]   --->   Operation 1085 'sext' 'sext_ln70_548' <Predicate = true> <Delay = 0.00>
ST_14 : Operation 1086 [1/1] (0.00ns)   --->   "%sext_ln70_549 = sext i16 %data_14_val_read" [firmware/nnet_utils/nnet_mult.h:70->firmware/nnet_utils/nnet_dense_latency.h:42]   --->   Operation 1086 'sext' 'sext_ln70_549' <Predicate = true> <Delay = 0.00>
ST_14 : Operation 1087 [1/1] (0.00ns)   --->   "%sext_ln70_550 = sext i16 %data_14_val_read" [firmware/nnet_utils/nnet_mult.h:70->firmware/nnet_utils/nnet_dense_latency.h:42]   --->   Operation 1087 'sext' 'sext_ln70_550' <Predicate = true> <Delay = 0.00>
ST_14 : Operation 1088 [1/1] (5.58ns)   --->   "%mul_ln73_4850 = mul i23 %sext_ln70_550, i23 8388573" [firmware/nnet_utils/nnet_mult.h:73->firmware/nnet_utils/nnet_dense_latency.h:42]   --->   Operation 1088 'mul' 'mul_ln73_4850' <Predicate = true> <Delay = 5.58> <CoreInst = "Multiplier">   --->   Core 3 'Multiplier' <Latency = 0> <II = 1> <Delay = 5.58> <FuncUnit> <Opcode : 'mul'> <InPorts = 2> <OutPorts = 1>
ST_14 : Operation 1089 [1/1] (0.00ns)   --->   "%mult_5009 = partselect i13 @_ssdm_op_PartSelect.i13.i23.i32.i32, i23 %mul_ln73_4850, i32 10, i32 22" [firmware/nnet_utils/nnet_dense_latency.h:42]   --->   Operation 1089 'partselect' 'mult_5009' <Predicate = true> <Delay = 0.00>
ST_14 : Operation 1090 [1/1] (5.58ns)   --->   "%mul_ln73_4851 = mul i30 %sext_ln70_549, i30 1073736891" [firmware/nnet_utils/nnet_mult.h:73->firmware/nnet_utils/nnet_dense_latency.h:42]   --->   Operation 1090 'mul' 'mul_ln73_4851' <Predicate = true> <Delay = 5.58> <CoreInst = "Multiplier">   --->   Core 3 'Multiplier' <Latency = 0> <II = 1> <Delay = 5.58> <FuncUnit> <Opcode : 'mul'> <InPorts = 2> <OutPorts = 1>
ST_14 : Operation 1091 [1/1] (0.00ns)   --->   "%mult_5010 = partselect i20 @_ssdm_op_PartSelect.i20.i30.i32.i32, i30 %mul_ln73_4851, i32 10, i32 29" [firmware/nnet_utils/nnet_dense_latency.h:42]   --->   Operation 1091 'partselect' 'mult_5010' <Predicate = true> <Delay = 0.00>
ST_14 : Operation 1092 [1/1] (5.58ns)   --->   "%mul_ln73_4852 = mul i29 %sext_ln70_548, i29 536867066" [firmware/nnet_utils/nnet_mult.h:73->firmware/nnet_utils/nnet_dense_latency.h:42]   --->   Operation 1092 'mul' 'mul_ln73_4852' <Predicate = true> <Delay = 5.58> <CoreInst = "Multiplier">   --->   Core 3 'Multiplier' <Latency = 0> <II = 1> <Delay = 5.58> <FuncUnit> <Opcode : 'mul'> <InPorts = 2> <OutPorts = 1>
ST_14 : Operation 1093 [1/1] (0.00ns)   --->   "%mult_5011 = partselect i19 @_ssdm_op_PartSelect.i19.i29.i32.i32, i29 %mul_ln73_4852, i32 10, i32 28" [firmware/nnet_utils/nnet_dense_latency.h:42]   --->   Operation 1093 'partselect' 'mult_5011' <Predicate = true> <Delay = 0.00>
ST_14 : Operation 1094 [1/1] (5.58ns)   --->   "%mul_ln73_4853 = mul i26 %sext_ln70_547, i26 378" [firmware/nnet_utils/nnet_mult.h:73->firmware/nnet_utils/nnet_dense_latency.h:42]   --->   Operation 1094 'mul' 'mul_ln73_4853' <Predicate = true> <Delay = 5.58> <CoreInst = "Multiplier">   --->   Core 3 'Multiplier' <Latency = 0> <II = 1> <Delay = 5.58> <FuncUnit> <Opcode : 'mul'> <InPorts = 2> <OutPorts = 1>
ST_14 : Operation 1095 [1/1] (0.00ns)   --->   "%mult_5012 = partselect i16 @_ssdm_op_PartSelect.i16.i26.i32.i32, i26 %mul_ln73_4853, i32 10, i32 25" [firmware/nnet_utils/nnet_dense_latency.h:42]   --->   Operation 1095 'partselect' 'mult_5012' <Predicate = true> <Delay = 0.00>
ST_14 : Operation 1096 [1/1] (0.00ns)   --->   "%sext_ln17_5016 = sext i16 %mult_5012" [firmware/nnet_utils/nnet_dense_latency.h:17]   --->   Operation 1096 'sext' 'sext_ln17_5016' <Predicate = true> <Delay = 0.00>
ST_14 : Operation 1097 [1/1] (5.58ns)   --->   "%mul_ln73_4854 = mul i29 %sext_ln70_548, i29 3511" [firmware/nnet_utils/nnet_mult.h:73->firmware/nnet_utils/nnet_dense_latency.h:42]   --->   Operation 1097 'mul' 'mul_ln73_4854' <Predicate = true> <Delay = 5.58> <CoreInst = "Multiplier">   --->   Core 3 'Multiplier' <Latency = 0> <II = 1> <Delay = 5.58> <FuncUnit> <Opcode : 'mul'> <InPorts = 2> <OutPorts = 1>
ST_14 : Operation 1098 [1/1] (0.00ns)   --->   "%mult_5013 = partselect i19 @_ssdm_op_PartSelect.i19.i29.i32.i32, i29 %mul_ln73_4854, i32 10, i32 28" [firmware/nnet_utils/nnet_dense_latency.h:42]   --->   Operation 1098 'partselect' 'mult_5013' <Predicate = true> <Delay = 0.00>
ST_14 : Operation 1099 [1/1] (5.58ns)   --->   "%mul_ln73_4855 = mul i30 %sext_ln70_549, i30 5164" [firmware/nnet_utils/nnet_mult.h:73->firmware/nnet_utils/nnet_dense_latency.h:42]   --->   Operation 1099 'mul' 'mul_ln73_4855' <Predicate = true> <Delay = 5.58> <CoreInst = "Multiplier">   --->   Core 3 'Multiplier' <Latency = 0> <II = 1> <Delay = 5.58> <FuncUnit> <Opcode : 'mul'> <InPorts = 2> <OutPorts = 1>
ST_14 : Operation 1100 [1/1] (0.00ns)   --->   "%mult_5014 = partselect i20 @_ssdm_op_PartSelect.i20.i30.i32.i32, i30 %mul_ln73_4855, i32 10, i32 29" [firmware/nnet_utils/nnet_dense_latency.h:42]   --->   Operation 1100 'partselect' 'mult_5014' <Predicate = true> <Delay = 0.00>
ST_14 : Operation 1101 [1/1] (5.58ns)   --->   "%mul_ln73_4856 = mul i28 %sext_ln70_546, i28 1989" [firmware/nnet_utils/nnet_mult.h:73->firmware/nnet_utils/nnet_dense_latency.h:42]   --->   Operation 1101 'mul' 'mul_ln73_4856' <Predicate = true> <Delay = 5.58> <CoreInst = "Multiplier">   --->   Core 3 'Multiplier' <Latency = 0> <II = 1> <Delay = 5.58> <FuncUnit> <Opcode : 'mul'> <InPorts = 2> <OutPorts = 1>
ST_14 : Operation 1102 [1/1] (0.00ns)   --->   "%mult_5015 = partselect i18 @_ssdm_op_PartSelect.i18.i28.i32.i32, i28 %mul_ln73_4856, i32 10, i32 27" [firmware/nnet_utils/nnet_dense_latency.h:42]   --->   Operation 1102 'partselect' 'mult_5015' <Predicate = true> <Delay = 0.00>
ST_14 : Operation 1103 [1/1] (5.58ns)   --->   "%mul_ln73_4857 = mul i27 %sext_ln70_545, i27 134217118" [firmware/nnet_utils/nnet_mult.h:73->firmware/nnet_utils/nnet_dense_latency.h:42]   --->   Operation 1103 'mul' 'mul_ln73_4857' <Predicate = true> <Delay = 5.58> <CoreInst = "Multiplier">   --->   Core 3 'Multiplier' <Latency = 0> <II = 1> <Delay = 5.58> <FuncUnit> <Opcode : 'mul'> <InPorts = 2> <OutPorts = 1>
ST_14 : Operation 1104 [1/1] (0.00ns)   --->   "%mult_5016 = partselect i17 @_ssdm_op_PartSelect.i17.i27.i32.i32, i27 %mul_ln73_4857, i32 10, i32 26" [firmware/nnet_utils/nnet_dense_latency.h:42]   --->   Operation 1104 'partselect' 'mult_5016' <Predicate = true> <Delay = 0.00>
ST_14 : Operation 1105 [1/1] (0.00ns)   --->   "%shl_ln73_253 = bitconcatenate i21 @_ssdm_op_BitConcatenate.i21.i16.i5, i16 %data_14_val_read, i5 0" [firmware/nnet_utils/nnet_mult.h:73->firmware/nnet_utils/nnet_dense_latency.h:42]   --->   Operation 1105 'bitconcatenate' 'shl_ln73_253' <Predicate = true> <Delay = 0.00>
ST_14 : Operation 1106 [1/1] (0.00ns)   --->   "%sext_ln73_285 = sext i21 %shl_ln73_253" [firmware/nnet_utils/nnet_mult.h:73->firmware/nnet_utils/nnet_dense_latency.h:42]   --->   Operation 1106 'sext' 'sext_ln73_285' <Predicate = true> <Delay = 0.00>
ST_14 : Operation 1107 [1/1] (0.00ns)   --->   "%shl_ln73_254 = bitconcatenate i18 @_ssdm_op_BitConcatenate.i18.i16.i2, i16 %data_14_val_read, i2 0" [firmware/nnet_utils/nnet_mult.h:73->firmware/nnet_utils/nnet_dense_latency.h:42]   --->   Operation 1107 'bitconcatenate' 'shl_ln73_254' <Predicate = true> <Delay = 0.00>
ST_14 : Operation 1108 [1/1] (0.00ns)   --->   "%sext_ln73_286 = sext i18 %shl_ln73_254" [firmware/nnet_utils/nnet_mult.h:73->firmware/nnet_utils/nnet_dense_latency.h:42]   --->   Operation 1108 'sext' 'sext_ln73_286' <Predicate = true> <Delay = 0.00>
ST_14 : Operation 1109 [1/1] (2.22ns)   --->   "%sub_ln73_170 = sub i22 %sext_ln73_286, i22 %sext_ln73_285" [firmware/nnet_utils/nnet_mult.h:73->firmware/nnet_utils/nnet_dense_latency.h:42]   --->   Operation 1109 'sub' 'sub_ln73_170' <Predicate = true> <Delay = 2.22> <CoreInst = "Adder">   --->   Core 1 'Adder' <Latency = 0> <II = 1> <Delay = 2.22> <FuncUnit> <Opcode : 'add' 'sub'> <InPorts = 2> <OutPorts = 1>
ST_14 : Operation 1110 [1/1] (0.00ns)   --->   "%mult_5017 = partselect i12 @_ssdm_op_PartSelect.i12.i22.i32.i32, i22 %sub_ln73_170, i32 10, i32 21" [firmware/nnet_utils/nnet_dense_latency.h:42]   --->   Operation 1110 'partselect' 'mult_5017' <Predicate = true> <Delay = 0.00>
ST_14 : Operation 1111 [1/1] (5.58ns)   --->   "%mul_ln73_4858 = mul i29 %sext_ln70_548, i29 3950" [firmware/nnet_utils/nnet_mult.h:73->firmware/nnet_utils/nnet_dense_latency.h:42]   --->   Operation 1111 'mul' 'mul_ln73_4858' <Predicate = true> <Delay = 5.58> <CoreInst = "Multiplier">   --->   Core 3 'Multiplier' <Latency = 0> <II = 1> <Delay = 5.58> <FuncUnit> <Opcode : 'mul'> <InPorts = 2> <OutPorts = 1>
ST_14 : Operation 1112 [1/1] (0.00ns)   --->   "%mult_5018 = partselect i19 @_ssdm_op_PartSelect.i19.i29.i32.i32, i29 %mul_ln73_4858, i32 10, i32 28" [firmware/nnet_utils/nnet_dense_latency.h:42]   --->   Operation 1112 'partselect' 'mult_5018' <Predicate = true> <Delay = 0.00>
ST_14 : Operation 1113 [1/1] (5.58ns)   --->   "%mul_ln73_4859 = mul i29 %sext_ln70_548, i29 3202" [firmware/nnet_utils/nnet_mult.h:73->firmware/nnet_utils/nnet_dense_latency.h:42]   --->   Operation 1113 'mul' 'mul_ln73_4859' <Predicate = true> <Delay = 5.58> <CoreInst = "Multiplier">   --->   Core 3 'Multiplier' <Latency = 0> <II = 1> <Delay = 5.58> <FuncUnit> <Opcode : 'mul'> <InPorts = 2> <OutPorts = 1>
ST_14 : Operation 1114 [1/1] (0.00ns)   --->   "%mult_5019 = partselect i19 @_ssdm_op_PartSelect.i19.i29.i32.i32, i29 %mul_ln73_4859, i32 10, i32 28" [firmware/nnet_utils/nnet_dense_latency.h:42]   --->   Operation 1114 'partselect' 'mult_5019' <Predicate = true> <Delay = 0.00>
ST_14 : Operation 1115 [1/1] (5.58ns)   --->   "%mul_ln73_4860 = mul i30 %sext_ln70_549, i30 1073737714" [firmware/nnet_utils/nnet_mult.h:73->firmware/nnet_utils/nnet_dense_latency.h:42]   --->   Operation 1115 'mul' 'mul_ln73_4860' <Predicate = true> <Delay = 5.58> <CoreInst = "Multiplier">   --->   Core 3 'Multiplier' <Latency = 0> <II = 1> <Delay = 5.58> <FuncUnit> <Opcode : 'mul'> <InPorts = 2> <OutPorts = 1>
ST_14 : Operation 1116 [1/1] (0.00ns)   --->   "%mult_5020 = partselect i20 @_ssdm_op_PartSelect.i20.i30.i32.i32, i30 %mul_ln73_4860, i32 10, i32 29" [firmware/nnet_utils/nnet_dense_latency.h:42]   --->   Operation 1116 'partselect' 'mult_5020' <Predicate = true> <Delay = 0.00>
ST_14 : Operation 1117 [1/1] (0.00ns)   --->   "%sext_ln70_551 = sext i16 %data_15_val_read" [firmware/nnet_utils/nnet_mult.h:70->firmware/nnet_utils/nnet_dense_latency.h:42]   --->   Operation 1117 'sext' 'sext_ln70_551' <Predicate = true> <Delay = 0.00>
ST_14 : Operation 1118 [1/1] (0.00ns)   --->   "%shl_ln73_255 = bitconcatenate i24 @_ssdm_op_BitConcatenate.i24.i16.i8, i16 %data_15_val_read, i8 0" [firmware/nnet_utils/nnet_mult.h:73->firmware/nnet_utils/nnet_dense_latency.h:42]   --->   Operation 1118 'bitconcatenate' 'shl_ln73_255' <Predicate = true> <Delay = 0.00>
ST_14 : Operation 1119 [1/1] (0.00ns)   --->   "%sext_ln73_287 = sext i24 %shl_ln73_255" [firmware/nnet_utils/nnet_mult.h:73->firmware/nnet_utils/nnet_dense_latency.h:42]   --->   Operation 1119 'sext' 'sext_ln73_287' <Predicate = true> <Delay = 0.00>
ST_14 : Operation 1120 [1/1] (2.31ns)   --->   "%add_ln73_35 = add i25 %sext_ln73_287, i25 %sext_ln70_551" [firmware/nnet_utils/nnet_mult.h:73->firmware/nnet_utils/nnet_dense_latency.h:42]   --->   Operation 1120 'add' 'add_ln73_35' <Predicate = true> <Delay = 2.31> <CoreInst = "Adder">   --->   Core 1 'Adder' <Latency = 0> <II = 1> <Delay = 2.31> <FuncUnit> <Opcode : 'add' 'sub'> <InPorts = 2> <OutPorts = 1>
ST_14 : Operation 1121 [1/1] (0.00ns)   --->   "%mult_5028 = partselect i15 @_ssdm_op_PartSelect.i15.i25.i32.i32, i25 %add_ln73_35, i32 10, i32 24" [firmware/nnet_utils/nnet_dense_latency.h:42]   --->   Operation 1121 'partselect' 'mult_5028' <Predicate = true> <Delay = 0.00>
ST_14 : Operation 1122 [1/1] (0.00ns)   --->   "%sext_ln17_5032 = sext i15 %mult_5028" [firmware/nnet_utils/nnet_dense_latency.h:17]   --->   Operation 1122 'sext' 'sext_ln17_5032' <Predicate = true> <Delay = 0.00>
ST_14 : Operation 1123 [1/1] (0.00ns)   --->   "%sext_ln58_3317 = sext i23 %add_ln58_4916" [firmware/nnet_utils/nnet_dense_latency.h:58]   --->   Operation 1123 'sext' 'sext_ln58_3317' <Predicate = true> <Delay = 0.00>
ST_14 : Operation 1124 [1/1] (0.00ns)   --->   "%sext_ln58_3318 = sext i21 %add_ln58_4917" [firmware/nnet_utils/nnet_dense_latency.h:58]   --->   Operation 1124 'sext' 'sext_ln58_3318' <Predicate = true> <Delay = 0.00>
ST_14 : Operation 1125 [1/1] (0.00ns)   --->   "%sext_ln58_3319 = sext i21 %add_ln58_4918" [firmware/nnet_utils/nnet_dense_latency.h:58]   --->   Operation 1125 'sext' 'sext_ln58_3319' <Predicate = true> <Delay = 0.00>
ST_14 : Operation 1126 [1/1] (0.00ns) (grouped into TernaryAdder)   --->   "%add_ln58_4919 = add i22 %sext_ln58_3319, i22 %sext_ln58_3318" [firmware/nnet_utils/nnet_dense_latency.h:58]   --->   Operation 1126 'add' 'add_ln58_4919' <Predicate = true> <Delay = 0.00> <CoreInst = "TAddSub">   --->   Core 10 'TAddSub' <Latency = 0> <II = 1> <Delay = 2.03> <IPBlock> <Opcode : '<invalid operator> ' 'add' 'sub'> <InPorts = 3> <OutPorts = 1> <Sync> <CReg>
ST_14 : Operation 1127 [1/1] (0.00ns) (grouped into TernaryAdder)   --->   "%add_ln58_4920 = add i20 %sext_ln17_4984, i20 %sext_ln17_5000" [firmware/nnet_utils/nnet_dense_latency.h:58]   --->   Operation 1127 'add' 'add_ln58_4920' <Predicate = true> <Delay = 0.00> <CoreInst = "TAddSub">   --->   Core 10 'TAddSub' <Latency = 0> <II = 1> <Delay = 2.03> <IPBlock> <Opcode : '<invalid operator> ' 'add' 'sub'> <InPorts = 3> <OutPorts = 1> <Sync> <CReg>
ST_14 : Operation 1128 [1/1] (2.07ns)   --->   "%add_ln58_4921 = add i17 %sext_ln17_5016, i17 %sext_ln17_5032" [firmware/nnet_utils/nnet_dense_latency.h:58]   --->   Operation 1128 'add' 'add_ln58_4921' <Predicate = true> <Delay = 2.07> <CoreInst = "Adder">   --->   Core 1 'Adder' <Latency = 0> <II = 1> <Delay = 2.07> <FuncUnit> <Opcode : 'add' 'sub'> <InPorts = 2> <OutPorts = 1>
ST_14 : Operation 1129 [1/1] (0.00ns)   --->   "%sext_ln58_3320 = sext i17 %add_ln58_4921" [firmware/nnet_utils/nnet_dense_latency.h:58]   --->   Operation 1129 'sext' 'sext_ln58_3320' <Predicate = true> <Delay = 0.00>
ST_14 : Operation 1130 [1/1] (4.02ns) (root node of TernaryAdder)   --->   "%add_ln58_4922 = add i20 %sext_ln58_3320, i20 %add_ln58_4920" [firmware/nnet_utils/nnet_dense_latency.h:58]   --->   Operation 1130 'add' 'add_ln58_4922' <Predicate = true> <Delay = 4.02> <CoreInst = "TAddSub">   --->   Core 10 'TAddSub' <Latency = 0> <II = 1> <Delay = 2.03> <IPBlock> <Opcode : '<invalid operator> ' 'add' 'sub'> <InPorts = 3> <OutPorts = 1> <Sync> <CReg>
ST_14 : Operation 1131 [1/1] (0.00ns)   --->   "%sext_ln58_3321 = sext i20 %add_ln58_4922" [firmware/nnet_utils/nnet_dense_latency.h:58]   --->   Operation 1131 'sext' 'sext_ln58_3321' <Predicate = true> <Delay = 0.00>
ST_14 : Operation 1132 [1/1] (4.07ns) (root node of TernaryAdder)   --->   "%add_ln58_4923 = add i22 %sext_ln58_3321, i22 %add_ln58_4919" [firmware/nnet_utils/nnet_dense_latency.h:58]   --->   Operation 1132 'add' 'add_ln58_4923' <Predicate = true> <Delay = 4.07> <CoreInst = "TAddSub">   --->   Core 10 'TAddSub' <Latency = 0> <II = 1> <Delay = 2.03> <IPBlock> <Opcode : '<invalid operator> ' 'add' 'sub'> <InPorts = 3> <OutPorts = 1> <Sync> <CReg>
ST_14 : Operation 1133 [1/1] (0.00ns)   --->   "%sext_ln58_3322 = sext i22 %add_ln58_4923" [firmware/nnet_utils/nnet_dense_latency.h:58]   --->   Operation 1133 'sext' 'sext_ln58_3322' <Predicate = true> <Delay = 0.00>
ST_14 : Operation 1134 [1/1] (2.28ns)   --->   "%add_ln58_4924 = add i24 %sext_ln58_3322, i24 %sext_ln58_3317" [firmware/nnet_utils/nnet_dense_latency.h:58]   --->   Operation 1134 'add' 'add_ln58_4924' <Predicate = true> <Delay = 2.28> <CoreInst = "Adder">   --->   Core 1 'Adder' <Latency = 0> <II = 1> <Delay = 2.28> <FuncUnit> <Opcode : 'add' 'sub'> <InPorts = 2> <OutPorts = 1>
ST_14 : Operation 1135 [1/1] (2.19ns)   --->   "%add_ln58_5176 = add i21 %sext_ln17_4992, i21 %sext_ln17_5008" [firmware/nnet_utils/nnet_dense_latency.h:58]   --->   Operation 1135 'add' 'add_ln58_5176' <Predicate = true> <Delay = 2.19> <CoreInst = "Adder">   --->   Core 1 'Adder' <Latency = 0> <II = 1> <Delay = 2.19> <FuncUnit> <Opcode : 'add' 'sub'> <InPorts = 2> <OutPorts = 1>
ST_14 : Operation 1136 [1/1] (2.19ns)   --->   "%add_ln58_5208 = add i21 %sext_ln17_4993, i21 %sext_ln17_5009" [firmware/nnet_utils/nnet_dense_latency.h:58]   --->   Operation 1136 'add' 'add_ln58_5208' <Predicate = true> <Delay = 2.19> <CoreInst = "Adder">   --->   Core 1 'Adder' <Latency = 0> <II = 1> <Delay = 2.19> <FuncUnit> <Opcode : 'add' 'sub'> <InPorts = 2> <OutPorts = 1>
ST_14 : Operation 1137 [1/1] (2.19ns)   --->   "%add_ln58_5240 = add i21 %sext_ln17_4994, i21 %sext_ln17_5010" [firmware/nnet_utils/nnet_dense_latency.h:58]   --->   Operation 1137 'add' 'add_ln58_5240' <Predicate = true> <Delay = 2.19> <CoreInst = "Adder">   --->   Core 1 'Adder' <Latency = 0> <II = 1> <Delay = 2.19> <FuncUnit> <Opcode : 'add' 'sub'> <InPorts = 2> <OutPorts = 1>
ST_14 : Operation 1138 [1/1] (2.19ns)   --->   "%add_ln58_5272 = add i21 %sext_ln17_4995, i21 %sext_ln17_5011" [firmware/nnet_utils/nnet_dense_latency.h:58]   --->   Operation 1138 'add' 'add_ln58_5272' <Predicate = true> <Delay = 2.19> <CoreInst = "Adder">   --->   Core 1 'Adder' <Latency = 0> <II = 1> <Delay = 2.19> <FuncUnit> <Opcode : 'add' 'sub'> <InPorts = 2> <OutPorts = 1>
ST_14 : Operation 1139 [1/1] (2.19ns)   --->   "%add_ln58_5304 = add i21 %sext_ln17_4996, i21 %sext_ln17_5012" [firmware/nnet_utils/nnet_dense_latency.h:58]   --->   Operation 1139 'add' 'add_ln58_5304' <Predicate = true> <Delay = 2.19> <CoreInst = "Adder">   --->   Core 1 'Adder' <Latency = 0> <II = 1> <Delay = 2.19> <FuncUnit> <Opcode : 'add' 'sub'> <InPorts = 2> <OutPorts = 1>

State 15 <SV = 14> <Delay = 18.1>
ST_15 : Operation 1140 [1/1] (0.00ns)   --->   "%sext_ln17_4988 = sext i17 %mult_4984" [firmware/nnet_utils/nnet_dense_latency.h:17]   --->   Operation 1140 'sext' 'sext_ln17_4988' <Predicate = true> <Delay = 0.00>
ST_15 : Operation 1141 [1/1] (0.00ns)   --->   "%sext_ln17_5004 = sext i20 %mult_5000" [firmware/nnet_utils/nnet_dense_latency.h:17]   --->   Operation 1141 'sext' 'sext_ln17_5004' <Predicate = true> <Delay = 0.00>
ST_15 : Operation 1142 [1/1] (0.00ns)   --->   "%sext_ln17_5013 = sext i13 %mult_5009" [firmware/nnet_utils/nnet_dense_latency.h:17]   --->   Operation 1142 'sext' 'sext_ln17_5013' <Predicate = true> <Delay = 0.00>
ST_15 : Operation 1143 [1/1] (0.00ns)   --->   "%sext_ln17_5014 = sext i20 %mult_5010" [firmware/nnet_utils/nnet_dense_latency.h:17]   --->   Operation 1143 'sext' 'sext_ln17_5014' <Predicate = true> <Delay = 0.00>
ST_15 : Operation 1144 [1/1] (0.00ns)   --->   "%sext_ln17_5015 = sext i19 %mult_5011" [firmware/nnet_utils/nnet_dense_latency.h:17]   --->   Operation 1144 'sext' 'sext_ln17_5015' <Predicate = true> <Delay = 0.00>
ST_15 : Operation 1145 [1/1] (0.00ns)   --->   "%sext_ln17_5017 = sext i19 %mult_5013" [firmware/nnet_utils/nnet_dense_latency.h:17]   --->   Operation 1145 'sext' 'sext_ln17_5017' <Predicate = true> <Delay = 0.00>
ST_15 : Operation 1146 [1/1] (0.00ns)   --->   "%sext_ln17_5018 = sext i20 %mult_5014" [firmware/nnet_utils/nnet_dense_latency.h:17]   --->   Operation 1146 'sext' 'sext_ln17_5018' <Predicate = true> <Delay = 0.00>
ST_15 : Operation 1147 [1/1] (0.00ns)   --->   "%sext_ln17_5019 = sext i18 %mult_5015" [firmware/nnet_utils/nnet_dense_latency.h:17]   --->   Operation 1147 'sext' 'sext_ln17_5019' <Predicate = true> <Delay = 0.00>
ST_15 : Operation 1148 [1/1] (0.00ns)   --->   "%sext_ln17_5020 = sext i17 %mult_5016" [firmware/nnet_utils/nnet_dense_latency.h:17]   --->   Operation 1148 'sext' 'sext_ln17_5020' <Predicate = true> <Delay = 0.00>
ST_15 : Operation 1149 [1/1] (0.00ns)   --->   "%sext_ln17_5021 = sext i12 %mult_5017" [firmware/nnet_utils/nnet_dense_latency.h:17]   --->   Operation 1149 'sext' 'sext_ln17_5021' <Predicate = true> <Delay = 0.00>
ST_15 : Operation 1150 [1/1] (0.00ns)   --->   "%sext_ln17_5022 = sext i19 %mult_5018" [firmware/nnet_utils/nnet_dense_latency.h:17]   --->   Operation 1150 'sext' 'sext_ln17_5022' <Predicate = true> <Delay = 0.00>
ST_15 : Operation 1151 [1/1] (0.00ns)   --->   "%sext_ln17_5023 = sext i19 %mult_5019" [firmware/nnet_utils/nnet_dense_latency.h:17]   --->   Operation 1151 'sext' 'sext_ln17_5023' <Predicate = true> <Delay = 0.00>
ST_15 : Operation 1152 [1/1] (0.00ns)   --->   "%sext_ln17_5024 = sext i20 %mult_5020" [firmware/nnet_utils/nnet_dense_latency.h:17]   --->   Operation 1152 'sext' 'sext_ln17_5024' <Predicate = true> <Delay = 0.00>
ST_15 : Operation 1153 [1/1] (5.58ns)   --->   "%mul_ln73_4861 = mul i29 %sext_ln70_548, i29 536868675" [firmware/nnet_utils/nnet_mult.h:73->firmware/nnet_utils/nnet_dense_latency.h:42]   --->   Operation 1153 'mul' 'mul_ln73_4861' <Predicate = true> <Delay = 5.58> <CoreInst = "Multiplier">   --->   Core 3 'Multiplier' <Latency = 0> <II = 1> <Delay = 5.58> <FuncUnit> <Opcode : 'mul'> <InPorts = 2> <OutPorts = 1>
ST_15 : Operation 1154 [1/1] (0.00ns)   --->   "%mult_5021 = partselect i19 @_ssdm_op_PartSelect.i19.i29.i32.i32, i29 %mul_ln73_4861, i32 10, i32 28" [firmware/nnet_utils/nnet_dense_latency.h:42]   --->   Operation 1154 'partselect' 'mult_5021' <Predicate = true> <Delay = 0.00>
ST_15 : Operation 1155 [1/1] (0.00ns)   --->   "%sext_ln17_5025 = sext i19 %mult_5021" [firmware/nnet_utils/nnet_dense_latency.h:17]   --->   Operation 1155 'sext' 'sext_ln17_5025' <Predicate = true> <Delay = 0.00>
ST_15 : Operation 1156 [1/1] (5.58ns)   --->   "%mul_ln73_4862 = mul i28 %sext_ln70_546, i28 268434117" [firmware/nnet_utils/nnet_mult.h:73->firmware/nnet_utils/nnet_dense_latency.h:42]   --->   Operation 1156 'mul' 'mul_ln73_4862' <Predicate = true> <Delay = 5.58> <CoreInst = "Multiplier">   --->   Core 3 'Multiplier' <Latency = 0> <II = 1> <Delay = 5.58> <FuncUnit> <Opcode : 'mul'> <InPorts = 2> <OutPorts = 1>
ST_15 : Operation 1157 [1/1] (0.00ns)   --->   "%mult_5022 = partselect i18 @_ssdm_op_PartSelect.i18.i28.i32.i32, i28 %mul_ln73_4862, i32 10, i32 27" [firmware/nnet_utils/nnet_dense_latency.h:42]   --->   Operation 1157 'partselect' 'mult_5022' <Predicate = true> <Delay = 0.00>
ST_15 : Operation 1158 [1/1] (5.58ns)   --->   "%mul_ln73_4863 = mul i28 %sext_ln70_546, i28 1431" [firmware/nnet_utils/nnet_mult.h:73->firmware/nnet_utils/nnet_dense_latency.h:42]   --->   Operation 1158 'mul' 'mul_ln73_4863' <Predicate = true> <Delay = 5.58> <CoreInst = "Multiplier">   --->   Core 3 'Multiplier' <Latency = 0> <II = 1> <Delay = 5.58> <FuncUnit> <Opcode : 'mul'> <InPorts = 2> <OutPorts = 1>
ST_15 : Operation 1159 [1/1] (0.00ns)   --->   "%mult_5023 = partselect i18 @_ssdm_op_PartSelect.i18.i28.i32.i32, i28 %mul_ln73_4863, i32 10, i32 27" [firmware/nnet_utils/nnet_dense_latency.h:42]   --->   Operation 1159 'partselect' 'mult_5023' <Predicate = true> <Delay = 0.00>
ST_15 : Operation 1160 [1/1] (5.58ns)   --->   "%mul_ln73_4864 = mul i28 %sext_ln70_546, i28 1739" [firmware/nnet_utils/nnet_mult.h:73->firmware/nnet_utils/nnet_dense_latency.h:42]   --->   Operation 1160 'mul' 'mul_ln73_4864' <Predicate = true> <Delay = 5.58> <CoreInst = "Multiplier">   --->   Core 3 'Multiplier' <Latency = 0> <II = 1> <Delay = 5.58> <FuncUnit> <Opcode : 'mul'> <InPorts = 2> <OutPorts = 1>
ST_15 : Operation 1161 [1/1] (0.00ns)   --->   "%mult_5024 = partselect i18 @_ssdm_op_PartSelect.i18.i28.i32.i32, i28 %mul_ln73_4864, i32 10, i32 27" [firmware/nnet_utils/nnet_dense_latency.h:42]   --->   Operation 1161 'partselect' 'mult_5024' <Predicate = true> <Delay = 0.00>
ST_15 : Operation 1162 [1/1] (0.00ns)   --->   "%sext_ln70_552 = sext i16 %data_15_val_read" [firmware/nnet_utils/nnet_mult.h:70->firmware/nnet_utils/nnet_dense_latency.h:42]   --->   Operation 1162 'sext' 'sext_ln70_552' <Predicate = true> <Delay = 0.00>
ST_15 : Operation 1163 [1/1] (0.00ns)   --->   "%sext_ln70_553 = sext i16 %data_15_val_read" [firmware/nnet_utils/nnet_mult.h:70->firmware/nnet_utils/nnet_dense_latency.h:42]   --->   Operation 1163 'sext' 'sext_ln70_553' <Predicate = true> <Delay = 0.00>
ST_15 : Operation 1164 [1/1] (0.00ns)   --->   "%sext_ln70_554 = sext i16 %data_15_val_read" [firmware/nnet_utils/nnet_mult.h:70->firmware/nnet_utils/nnet_dense_latency.h:42]   --->   Operation 1164 'sext' 'sext_ln70_554' <Predicate = true> <Delay = 0.00>
ST_15 : Operation 1165 [1/1] (5.58ns)   --->   "%mul_ln73_4865 = mul i30 %sext_ln70_554, i30 4606" [firmware/nnet_utils/nnet_mult.h:73->firmware/nnet_utils/nnet_dense_latency.h:42]   --->   Operation 1165 'mul' 'mul_ln73_4865' <Predicate = true> <Delay = 5.58> <CoreInst = "Multiplier">   --->   Core 3 'Multiplier' <Latency = 0> <II = 1> <Delay = 5.58> <FuncUnit> <Opcode : 'mul'> <InPorts = 2> <OutPorts = 1>
ST_15 : Operation 1166 [1/1] (0.00ns)   --->   "%mult_5025 = partselect i20 @_ssdm_op_PartSelect.i20.i30.i32.i32, i30 %mul_ln73_4865, i32 10, i32 29" [firmware/nnet_utils/nnet_dense_latency.h:42]   --->   Operation 1166 'partselect' 'mult_5025' <Predicate = true> <Delay = 0.00>
ST_15 : Operation 1167 [1/1] (0.00ns)   --->   "%sext_ln17_5029 = sext i20 %mult_5025" [firmware/nnet_utils/nnet_dense_latency.h:17]   --->   Operation 1167 'sext' 'sext_ln17_5029' <Predicate = true> <Delay = 0.00>
ST_15 : Operation 1168 [1/1] (5.58ns)   --->   "%mul_ln73_4866 = mul i28 %sext_ln70_553, i28 268433969" [firmware/nnet_utils/nnet_mult.h:73->firmware/nnet_utils/nnet_dense_latency.h:42]   --->   Operation 1168 'mul' 'mul_ln73_4866' <Predicate = true> <Delay = 5.58> <CoreInst = "Multiplier">   --->   Core 3 'Multiplier' <Latency = 0> <II = 1> <Delay = 5.58> <FuncUnit> <Opcode : 'mul'> <InPorts = 2> <OutPorts = 1>
ST_15 : Operation 1169 [1/1] (0.00ns)   --->   "%mult_5026 = partselect i18 @_ssdm_op_PartSelect.i18.i28.i32.i32, i28 %mul_ln73_4866, i32 10, i32 27" [firmware/nnet_utils/nnet_dense_latency.h:42]   --->   Operation 1169 'partselect' 'mult_5026' <Predicate = true> <Delay = 0.00>
ST_15 : Operation 1170 [1/1] (0.00ns)   --->   "%sext_ln17_5030 = sext i18 %mult_5026" [firmware/nnet_utils/nnet_dense_latency.h:17]   --->   Operation 1170 'sext' 'sext_ln17_5030' <Predicate = true> <Delay = 0.00>
ST_15 : Operation 1171 [1/1] (5.58ns)   --->   "%mul_ln73_4867 = mul i29 %sext_ln70_552, i29 536868741" [firmware/nnet_utils/nnet_mult.h:73->firmware/nnet_utils/nnet_dense_latency.h:42]   --->   Operation 1171 'mul' 'mul_ln73_4867' <Predicate = true> <Delay = 5.58> <CoreInst = "Multiplier">   --->   Core 3 'Multiplier' <Latency = 0> <II = 1> <Delay = 5.58> <FuncUnit> <Opcode : 'mul'> <InPorts = 2> <OutPorts = 1>
ST_15 : Operation 1172 [1/1] (0.00ns)   --->   "%mult_5027 = partselect i19 @_ssdm_op_PartSelect.i19.i29.i32.i32, i29 %mul_ln73_4867, i32 10, i32 28" [firmware/nnet_utils/nnet_dense_latency.h:42]   --->   Operation 1172 'partselect' 'mult_5027' <Predicate = true> <Delay = 0.00>
ST_15 : Operation 1173 [1/1] (0.00ns)   --->   "%sext_ln17_5031 = sext i19 %mult_5027" [firmware/nnet_utils/nnet_dense_latency.h:17]   --->   Operation 1173 'sext' 'sext_ln17_5031' <Predicate = true> <Delay = 0.00>
ST_15 : Operation 1174 [1/1] (5.58ns)   --->   "%mul_ln73_4868 = mul i29 %sext_ln70_552, i29 2678" [firmware/nnet_utils/nnet_mult.h:73->firmware/nnet_utils/nnet_dense_latency.h:42]   --->   Operation 1174 'mul' 'mul_ln73_4868' <Predicate = true> <Delay = 5.58> <CoreInst = "Multiplier">   --->   Core 3 'Multiplier' <Latency = 0> <II = 1> <Delay = 5.58> <FuncUnit> <Opcode : 'mul'> <InPorts = 2> <OutPorts = 1>
ST_15 : Operation 1175 [1/1] (0.00ns)   --->   "%mult_5029 = partselect i19 @_ssdm_op_PartSelect.i19.i29.i32.i32, i29 %mul_ln73_4868, i32 10, i32 28" [firmware/nnet_utils/nnet_dense_latency.h:42]   --->   Operation 1175 'partselect' 'mult_5029' <Predicate = true> <Delay = 0.00>
ST_15 : Operation 1176 [1/1] (0.00ns)   --->   "%sext_ln17_5033 = sext i19 %mult_5029" [firmware/nnet_utils/nnet_dense_latency.h:17]   --->   Operation 1176 'sext' 'sext_ln17_5033' <Predicate = true> <Delay = 0.00>
ST_15 : Operation 1177 [1/1] (5.58ns)   --->   "%mul_ln73_4869 = mul i29 %sext_ln70_552, i29 536867662" [firmware/nnet_utils/nnet_mult.h:73->firmware/nnet_utils/nnet_dense_latency.h:42]   --->   Operation 1177 'mul' 'mul_ln73_4869' <Predicate = true> <Delay = 5.58> <CoreInst = "Multiplier">   --->   Core 3 'Multiplier' <Latency = 0> <II = 1> <Delay = 5.58> <FuncUnit> <Opcode : 'mul'> <InPorts = 2> <OutPorts = 1>
ST_15 : Operation 1178 [1/1] (0.00ns)   --->   "%mult_5030 = partselect i19 @_ssdm_op_PartSelect.i19.i29.i32.i32, i29 %mul_ln73_4869, i32 10, i32 28" [firmware/nnet_utils/nnet_dense_latency.h:42]   --->   Operation 1178 'partselect' 'mult_5030' <Predicate = true> <Delay = 0.00>
ST_15 : Operation 1179 [1/1] (0.00ns)   --->   "%sext_ln17_5034 = sext i19 %mult_5030" [firmware/nnet_utils/nnet_dense_latency.h:17]   --->   Operation 1179 'sext' 'sext_ln17_5034' <Predicate = true> <Delay = 0.00>
ST_15 : Operation 1180 [1/1] (5.58ns)   --->   "%mul_ln73_4870 = mul i30 %sext_ln70_554, i30 4327" [firmware/nnet_utils/nnet_mult.h:73->firmware/nnet_utils/nnet_dense_latency.h:42]   --->   Operation 1180 'mul' 'mul_ln73_4870' <Predicate = true> <Delay = 5.58> <CoreInst = "Multiplier">   --->   Core 3 'Multiplier' <Latency = 0> <II = 1> <Delay = 5.58> <FuncUnit> <Opcode : 'mul'> <InPorts = 2> <OutPorts = 1>
ST_15 : Operation 1181 [1/1] (0.00ns)   --->   "%mult_5031 = partselect i20 @_ssdm_op_PartSelect.i20.i30.i32.i32, i30 %mul_ln73_4870, i32 10, i32 29" [firmware/nnet_utils/nnet_dense_latency.h:42]   --->   Operation 1181 'partselect' 'mult_5031' <Predicate = true> <Delay = 0.00>
ST_15 : Operation 1182 [1/1] (0.00ns)   --->   "%sext_ln17_5035 = sext i20 %mult_5031" [firmware/nnet_utils/nnet_dense_latency.h:17]   --->   Operation 1182 'sext' 'sext_ln17_5035' <Predicate = true> <Delay = 0.00>
ST_15 : Operation 1183 [1/1] (5.58ns)   --->   "%mul_ln73_4871 = mul i29 %sext_ln70_552, i29 536867182" [firmware/nnet_utils/nnet_mult.h:73->firmware/nnet_utils/nnet_dense_latency.h:42]   --->   Operation 1183 'mul' 'mul_ln73_4871' <Predicate = true> <Delay = 5.58> <CoreInst = "Multiplier">   --->   Core 3 'Multiplier' <Latency = 0> <II = 1> <Delay = 5.58> <FuncUnit> <Opcode : 'mul'> <InPorts = 2> <OutPorts = 1>
ST_15 : Operation 1184 [1/1] (0.00ns)   --->   "%mult_5032 = partselect i19 @_ssdm_op_PartSelect.i19.i29.i32.i32, i29 %mul_ln73_4871, i32 10, i32 28" [firmware/nnet_utils/nnet_dense_latency.h:42]   --->   Operation 1184 'partselect' 'mult_5032' <Predicate = true> <Delay = 0.00>
ST_15 : Operation 1185 [1/1] (0.00ns)   --->   "%sext_ln17_5036 = sext i19 %mult_5032" [firmware/nnet_utils/nnet_dense_latency.h:17]   --->   Operation 1185 'sext' 'sext_ln17_5036' <Predicate = true> <Delay = 0.00>
ST_15 : Operation 1186 [1/1] (5.58ns)   --->   "%mul_ln73_4872 = mul i29 %sext_ln70_552, i29 3929" [firmware/nnet_utils/nnet_mult.h:73->firmware/nnet_utils/nnet_dense_latency.h:42]   --->   Operation 1186 'mul' 'mul_ln73_4872' <Predicate = true> <Delay = 5.58> <CoreInst = "Multiplier">   --->   Core 3 'Multiplier' <Latency = 0> <II = 1> <Delay = 5.58> <FuncUnit> <Opcode : 'mul'> <InPorts = 2> <OutPorts = 1>
ST_15 : Operation 1187 [1/1] (0.00ns)   --->   "%mult_5033 = partselect i19 @_ssdm_op_PartSelect.i19.i29.i32.i32, i29 %mul_ln73_4872, i32 10, i32 28" [firmware/nnet_utils/nnet_dense_latency.h:42]   --->   Operation 1187 'partselect' 'mult_5033' <Predicate = true> <Delay = 0.00>
ST_15 : Operation 1188 [1/1] (0.00ns)   --->   "%sext_ln17_5037 = sext i19 %mult_5033" [firmware/nnet_utils/nnet_dense_latency.h:17]   --->   Operation 1188 'sext' 'sext_ln17_5037' <Predicate = true> <Delay = 0.00>
ST_15 : Operation 1189 [1/1] (5.58ns)   --->   "%mul_ln73_4873 = mul i28 %sext_ln70_553, i28 1368" [firmware/nnet_utils/nnet_mult.h:73->firmware/nnet_utils/nnet_dense_latency.h:42]   --->   Operation 1189 'mul' 'mul_ln73_4873' <Predicate = true> <Delay = 5.58> <CoreInst = "Multiplier">   --->   Core 3 'Multiplier' <Latency = 0> <II = 1> <Delay = 5.58> <FuncUnit> <Opcode : 'mul'> <InPorts = 2> <OutPorts = 1>
ST_15 : Operation 1190 [1/1] (0.00ns)   --->   "%mult_5034 = partselect i18 @_ssdm_op_PartSelect.i18.i28.i32.i32, i28 %mul_ln73_4873, i32 10, i32 27" [firmware/nnet_utils/nnet_dense_latency.h:42]   --->   Operation 1190 'partselect' 'mult_5034' <Predicate = true> <Delay = 0.00>
ST_15 : Operation 1191 [1/1] (0.00ns)   --->   "%sext_ln17_5038 = sext i18 %mult_5034" [firmware/nnet_utils/nnet_dense_latency.h:17]   --->   Operation 1191 'sext' 'sext_ln17_5038' <Predicate = true> <Delay = 0.00>
ST_15 : Operation 1192 [1/1] (5.58ns)   --->   "%mul_ln73_4874 = mul i29 %sext_ln70_552, i29 2459" [firmware/nnet_utils/nnet_mult.h:73->firmware/nnet_utils/nnet_dense_latency.h:42]   --->   Operation 1192 'mul' 'mul_ln73_4874' <Predicate = true> <Delay = 5.58> <CoreInst = "Multiplier">   --->   Core 3 'Multiplier' <Latency = 0> <II = 1> <Delay = 5.58> <FuncUnit> <Opcode : 'mul'> <InPorts = 2> <OutPorts = 1>
ST_15 : Operation 1193 [1/1] (0.00ns)   --->   "%mult_5035 = partselect i19 @_ssdm_op_PartSelect.i19.i29.i32.i32, i29 %mul_ln73_4874, i32 10, i32 28" [firmware/nnet_utils/nnet_dense_latency.h:42]   --->   Operation 1193 'partselect' 'mult_5035' <Predicate = true> <Delay = 0.00>
ST_15 : Operation 1194 [1/1] (0.00ns)   --->   "%sext_ln17_5039 = sext i19 %mult_5035" [firmware/nnet_utils/nnet_dense_latency.h:17]   --->   Operation 1194 'sext' 'sext_ln17_5039' <Predicate = true> <Delay = 0.00>
ST_15 : Operation 1195 [1/1] (5.58ns)   --->   "%mul_ln73_4875 = mul i28 %sext_ln70_553, i28 1659" [firmware/nnet_utils/nnet_mult.h:73->firmware/nnet_utils/nnet_dense_latency.h:42]   --->   Operation 1195 'mul' 'mul_ln73_4875' <Predicate = true> <Delay = 5.58> <CoreInst = "Multiplier">   --->   Core 3 'Multiplier' <Latency = 0> <II = 1> <Delay = 5.58> <FuncUnit> <Opcode : 'mul'> <InPorts = 2> <OutPorts = 1>
ST_15 : Operation 1196 [1/1] (0.00ns)   --->   "%mult_5036 = partselect i18 @_ssdm_op_PartSelect.i18.i28.i32.i32, i28 %mul_ln73_4875, i32 10, i32 27" [firmware/nnet_utils/nnet_dense_latency.h:42]   --->   Operation 1196 'partselect' 'mult_5036' <Predicate = true> <Delay = 0.00>
ST_15 : Operation 1197 [1/1] (0.00ns)   --->   "%sext_ln17_5040 = sext i18 %mult_5036" [firmware/nnet_utils/nnet_dense_latency.h:17]   --->   Operation 1197 'sext' 'sext_ln17_5040' <Predicate = true> <Delay = 0.00>
ST_15 : Operation 1198 [1/1] (5.58ns)   --->   "%mul_ln73_4876 = mul i29 %sext_ln70_552, i29 3379" [firmware/nnet_utils/nnet_mult.h:73->firmware/nnet_utils/nnet_dense_latency.h:42]   --->   Operation 1198 'mul' 'mul_ln73_4876' <Predicate = true> <Delay = 5.58> <CoreInst = "Multiplier">   --->   Core 3 'Multiplier' <Latency = 0> <II = 1> <Delay = 5.58> <FuncUnit> <Opcode : 'mul'> <InPorts = 2> <OutPorts = 1>
ST_15 : Operation 1199 [1/1] (0.00ns)   --->   "%mult_5037 = partselect i19 @_ssdm_op_PartSelect.i19.i29.i32.i32, i29 %mul_ln73_4876, i32 10, i32 28" [firmware/nnet_utils/nnet_dense_latency.h:42]   --->   Operation 1199 'partselect' 'mult_5037' <Predicate = true> <Delay = 0.00>
ST_15 : Operation 1200 [1/1] (0.00ns)   --->   "%sext_ln17_5041 = sext i19 %mult_5037" [firmware/nnet_utils/nnet_dense_latency.h:17]   --->   Operation 1200 'sext' 'sext_ln17_5041' <Predicate = true> <Delay = 0.00>
ST_15 : Operation 1201 [1/1] (0.00ns)   --->   "%sext_ln58_3231 = sext i21 %add_ln58_4816" [firmware/nnet_utils/nnet_dense_latency.h:58]   --->   Operation 1201 'sext' 'sext_ln58_3231' <Predicate = true> <Delay = 0.00>
ST_15 : Operation 1202 [1/1] (0.00ns)   --->   "%sext_ln58_3234 = sext i22 %add_ln58_4819" [firmware/nnet_utils/nnet_dense_latency.h:58]   --->   Operation 1202 'sext' 'sext_ln58_3234' <Predicate = true> <Delay = 0.00>
ST_15 : Operation 1203 [1/1] (0.00ns) (grouped into TernaryAdder)   --->   "%add_ln58_4820 = add i23 %sext_ln58_3234, i23 %sext_ln58_3231" [firmware/nnet_utils/nnet_dense_latency.h:58]   --->   Operation 1203 'add' 'add_ln58_4820' <Predicate = true> <Delay = 0.00> <CoreInst = "TAddSub">   --->   Core 10 'TAddSub' <Latency = 0> <II = 1> <Delay = 2.03> <IPBlock> <Opcode : '<invalid operator> ' 'add' 'sub'> <InPorts = 3> <OutPorts = 1> <Sync> <CReg>
ST_15 : Operation 1204 [1/1] (0.00ns)   --->   "%sext_ln58_3235 = sext i21 %add_ln58_4821" [firmware/nnet_utils/nnet_dense_latency.h:58]   --->   Operation 1204 'sext' 'sext_ln58_3235' <Predicate = true> <Delay = 0.00>
ST_15 : Operation 1205 [1/1] (0.00ns)   --->   "%sext_ln58_3236 = sext i20 %add_ln58_4822" [firmware/nnet_utils/nnet_dense_latency.h:58]   --->   Operation 1205 'sext' 'sext_ln58_3236' <Predicate = true> <Delay = 0.00>
ST_15 : Operation 1206 [1/1] (0.00ns) (grouped into TernaryAdder)   --->   "%add_ln58_4823 = add i22 %sext_ln58_3236, i22 %sext_ln58_3235" [firmware/nnet_utils/nnet_dense_latency.h:58]   --->   Operation 1206 'add' 'add_ln58_4823' <Predicate = true> <Delay = 0.00> <CoreInst = "TAddSub">   --->   Core 10 'TAddSub' <Latency = 0> <II = 1> <Delay = 2.03> <IPBlock> <Opcode : '<invalid operator> ' 'add' 'sub'> <InPorts = 3> <OutPorts = 1> <Sync> <CReg>
ST_15 : Operation 1207 [1/1] (0.00ns)   --->   "%sext_ln58_3237 = sext i20 %add_ln58_4824" [firmware/nnet_utils/nnet_dense_latency.h:58]   --->   Operation 1207 'sext' 'sext_ln58_3237' <Predicate = true> <Delay = 0.00>
ST_15 : Operation 1208 [1/1] (0.00ns) (grouped into TernaryAdder)   --->   "%add_ln58_4825 = add i21 %sext_ln17_5013, i21 %sext_ln17_5029" [firmware/nnet_utils/nnet_dense_latency.h:58]   --->   Operation 1208 'add' 'add_ln58_4825' <Predicate = true> <Delay = 0.00> <CoreInst = "TAddSub">   --->   Core 10 'TAddSub' <Latency = 0> <II = 1> <Delay = 2.03> <IPBlock> <Opcode : '<invalid operator> ' 'add' 'sub'> <InPorts = 3> <OutPorts = 1> <Sync> <CReg>
ST_15 : Operation 1209 [1/1] (4.04ns) (root node of TernaryAdder)   --->   "%add_ln58_4826 = add i21 %add_ln58_4825, i21 %sext_ln58_3237" [firmware/nnet_utils/nnet_dense_latency.h:58]   --->   Operation 1209 'add' 'add_ln58_4826' <Predicate = true> <Delay = 4.04> <CoreInst = "TAddSub">   --->   Core 10 'TAddSub' <Latency = 0> <II = 1> <Delay = 2.03> <IPBlock> <Opcode : '<invalid operator> ' 'add' 'sub'> <InPorts = 3> <OutPorts = 1> <Sync> <CReg>
ST_15 : Operation 1210 [1/1] (0.00ns)   --->   "%sext_ln58_3238 = sext i21 %add_ln58_4826" [firmware/nnet_utils/nnet_dense_latency.h:58]   --->   Operation 1210 'sext' 'sext_ln58_3238' <Predicate = true> <Delay = 0.00>
ST_15 : Operation 1211 [1/1] (4.07ns) (root node of TernaryAdder)   --->   "%add_ln58_4827 = add i22 %sext_ln58_3238, i22 %add_ln58_4823" [firmware/nnet_utils/nnet_dense_latency.h:58]   --->   Operation 1211 'add' 'add_ln58_4827' <Predicate = true> <Delay = 4.07> <CoreInst = "TAddSub">   --->   Core 10 'TAddSub' <Latency = 0> <II = 1> <Delay = 2.03> <IPBlock> <Opcode : '<invalid operator> ' 'add' 'sub'> <InPorts = 3> <OutPorts = 1> <Sync> <CReg>
ST_15 : Operation 1212 [1/1] (0.00ns)   --->   "%sext_ln58_3239 = sext i22 %add_ln58_4827" [firmware/nnet_utils/nnet_dense_latency.h:58]   --->   Operation 1212 'sext' 'sext_ln58_3239' <Predicate = true> <Delay = 0.00>
ST_15 : Operation 1213 [1/1] (4.10ns) (root node of TernaryAdder)   --->   "%add_ln58_4828 = add i23 %sext_ln58_3239, i23 %add_ln58_4820" [firmware/nnet_utils/nnet_dense_latency.h:58]   --->   Operation 1213 'add' 'add_ln58_4828' <Predicate = true> <Delay = 4.10> <CoreInst = "TAddSub">   --->   Core 10 'TAddSub' <Latency = 0> <II = 1> <Delay = 2.03> <IPBlock> <Opcode : '<invalid operator> ' 'add' 'sub'> <InPorts = 3> <OutPorts = 1> <Sync> <CReg>
ST_15 : Operation 1214 [1/1] (0.00ns)   --->   "%sext_ln58_3261 = sext i22 %add_ln58_4852" [firmware/nnet_utils/nnet_dense_latency.h:58]   --->   Operation 1214 'sext' 'sext_ln58_3261' <Predicate = true> <Delay = 0.00>
ST_15 : Operation 1215 [1/1] (0.00ns)   --->   "%sext_ln58_3264 = sext i21 %add_ln58_4855" [firmware/nnet_utils/nnet_dense_latency.h:58]   --->   Operation 1215 'sext' 'sext_ln58_3264' <Predicate = true> <Delay = 0.00>
ST_15 : Operation 1216 [1/1] (0.00ns)   --->   "%sext_ln58_3265 = sext i20 %add_ln58_4856" [firmware/nnet_utils/nnet_dense_latency.h:58]   --->   Operation 1216 'sext' 'sext_ln58_3265' <Predicate = true> <Delay = 0.00>
ST_15 : Operation 1217 [1/1] (0.00ns) (grouped into TernaryAdder)   --->   "%add_ln58_4857 = add i21 %sext_ln17_5014, i21 %sext_ln17_5030" [firmware/nnet_utils/nnet_dense_latency.h:58]   --->   Operation 1217 'add' 'add_ln58_4857' <Predicate = true> <Delay = 0.00> <CoreInst = "TAddSub">   --->   Core 10 'TAddSub' <Latency = 0> <II = 1> <Delay = 2.03> <IPBlock> <Opcode : '<invalid operator> ' 'add' 'sub'> <InPorts = 3> <OutPorts = 1> <Sync> <CReg>
ST_15 : Operation 1218 [1/1] (4.04ns) (root node of TernaryAdder)   --->   "%add_ln58_4858 = add i21 %add_ln58_4857, i21 %sext_ln58_3265" [firmware/nnet_utils/nnet_dense_latency.h:58]   --->   Operation 1218 'add' 'add_ln58_4858' <Predicate = true> <Delay = 4.04> <CoreInst = "TAddSub">   --->   Core 10 'TAddSub' <Latency = 0> <II = 1> <Delay = 2.03> <IPBlock> <Opcode : '<invalid operator> ' 'add' 'sub'> <InPorts = 3> <OutPorts = 1> <Sync> <CReg>
ST_15 : Operation 1219 [1/1] (0.00ns)   --->   "%sext_ln58_3266 = sext i21 %add_ln58_4858" [firmware/nnet_utils/nnet_dense_latency.h:58]   --->   Operation 1219 'sext' 'sext_ln58_3266' <Predicate = true> <Delay = 0.00>
ST_15 : Operation 1220 [1/1] (2.22ns)   --->   "%add_ln58_4859 = add i22 %sext_ln58_3266, i22 %sext_ln58_3264" [firmware/nnet_utils/nnet_dense_latency.h:58]   --->   Operation 1220 'add' 'add_ln58_4859' <Predicate = true> <Delay = 2.22> <CoreInst = "Adder">   --->   Core 1 'Adder' <Latency = 0> <II = 1> <Delay = 2.22> <FuncUnit> <Opcode : 'add' 'sub'> <InPorts = 2> <OutPorts = 1>
ST_15 : Operation 1221 [1/1] (0.00ns)   --->   "%sext_ln58_3267 = sext i22 %add_ln58_4859" [firmware/nnet_utils/nnet_dense_latency.h:58]   --->   Operation 1221 'sext' 'sext_ln58_3267' <Predicate = true> <Delay = 0.00>
ST_15 : Operation 1222 [1/1] (2.25ns)   --->   "%add_ln58_4860 = add i23 %sext_ln58_3267, i23 %sext_ln58_3261" [firmware/nnet_utils/nnet_dense_latency.h:58]   --->   Operation 1222 'add' 'add_ln58_4860' <Predicate = true> <Delay = 2.25> <CoreInst = "Adder">   --->   Core 1 'Adder' <Latency = 0> <II = 1> <Delay = 2.25> <FuncUnit> <Opcode : 'add' 'sub'> <InPorts = 2> <OutPorts = 1>
ST_15 : Operation 1223 [1/1] (0.00ns)   --->   "%sext_ln58_3287 = sext i21 %add_ln58_4880" [firmware/nnet_utils/nnet_dense_latency.h:58]   --->   Operation 1223 'sext' 'sext_ln58_3287' <Predicate = true> <Delay = 0.00>
ST_15 : Operation 1224 [1/1] (0.00ns)   --->   "%sext_ln58_3290 = sext i22 %add_ln58_4883" [firmware/nnet_utils/nnet_dense_latency.h:58]   --->   Operation 1224 'sext' 'sext_ln58_3290' <Predicate = true> <Delay = 0.00>
ST_15 : Operation 1225 [1/1] (0.00ns) (grouped into TernaryAdder)   --->   "%add_ln58_4884 = add i23 %sext_ln58_3290, i23 %sext_ln58_3287" [firmware/nnet_utils/nnet_dense_latency.h:58]   --->   Operation 1225 'add' 'add_ln58_4884' <Predicate = true> <Delay = 0.00> <CoreInst = "TAddSub">   --->   Core 10 'TAddSub' <Latency = 0> <II = 1> <Delay = 2.03> <IPBlock> <Opcode : '<invalid operator> ' 'add' 'sub'> <InPorts = 3> <OutPorts = 1> <Sync> <CReg>
ST_15 : Operation 1226 [1/1] (0.00ns)   --->   "%sext_ln58_3292 = sext i21 %add_ln58_4887" [firmware/nnet_utils/nnet_dense_latency.h:58]   --->   Operation 1226 'sext' 'sext_ln58_3292' <Predicate = true> <Delay = 0.00>
ST_15 : Operation 1227 [1/1] (0.00ns)   --->   "%sext_ln58_3293 = sext i20 %add_ln58_4888" [firmware/nnet_utils/nnet_dense_latency.h:58]   --->   Operation 1227 'sext' 'sext_ln58_3293' <Predicate = true> <Delay = 0.00>
ST_15 : Operation 1228 [1/1] (2.16ns)   --->   "%add_ln58_4889 = add i20 %sext_ln17_5015, i20 %sext_ln17_5031" [firmware/nnet_utils/nnet_dense_latency.h:58]   --->   Operation 1228 'add' 'add_ln58_4889' <Predicate = true> <Delay = 2.16> <CoreInst = "Adder">   --->   Core 1 'Adder' <Latency = 0> <II = 1> <Delay = 2.16> <FuncUnit> <Opcode : 'add' 'sub'> <InPorts = 2> <OutPorts = 1>
ST_15 : Operation 1229 [1/1] (0.00ns)   --->   "%sext_ln58_3294 = sext i20 %add_ln58_4889" [firmware/nnet_utils/nnet_dense_latency.h:58]   --->   Operation 1229 'sext' 'sext_ln58_3294' <Predicate = true> <Delay = 0.00>
ST_15 : Operation 1230 [1/1] (2.19ns)   --->   "%add_ln58_4890 = add i21 %sext_ln58_3294, i21 %sext_ln58_3293" [firmware/nnet_utils/nnet_dense_latency.h:58]   --->   Operation 1230 'add' 'add_ln58_4890' <Predicate = true> <Delay = 2.19> <CoreInst = "Adder">   --->   Core 1 'Adder' <Latency = 0> <II = 1> <Delay = 2.19> <FuncUnit> <Opcode : 'add' 'sub'> <InPorts = 2> <OutPorts = 1>
ST_15 : Operation 1231 [1/1] (0.00ns)   --->   "%sext_ln58_3295 = sext i21 %add_ln58_4890" [firmware/nnet_utils/nnet_dense_latency.h:58]   --->   Operation 1231 'sext' 'sext_ln58_3295' <Predicate = true> <Delay = 0.00>
ST_15 : Operation 1232 [1/1] (2.22ns)   --->   "%add_ln58_4891 = add i22 %sext_ln58_3295, i22 %sext_ln58_3292" [firmware/nnet_utils/nnet_dense_latency.h:58]   --->   Operation 1232 'add' 'add_ln58_4891' <Predicate = true> <Delay = 2.22> <CoreInst = "Adder">   --->   Core 1 'Adder' <Latency = 0> <II = 1> <Delay = 2.22> <FuncUnit> <Opcode : 'add' 'sub'> <InPorts = 2> <OutPorts = 1>
ST_15 : Operation 1233 [1/1] (0.00ns)   --->   "%sext_ln58_3296 = sext i22 %add_ln58_4891" [firmware/nnet_utils/nnet_dense_latency.h:58]   --->   Operation 1233 'sext' 'sext_ln58_3296' <Predicate = true> <Delay = 0.00>
ST_15 : Operation 1234 [1/1] (4.10ns) (root node of TernaryAdder)   --->   "%add_ln58_4892 = add i23 %sext_ln58_3296, i23 %add_ln58_4884" [firmware/nnet_utils/nnet_dense_latency.h:58]   --->   Operation 1234 'add' 'add_ln58_4892' <Predicate = true> <Delay = 4.10> <CoreInst = "TAddSub">   --->   Core 10 'TAddSub' <Latency = 0> <II = 1> <Delay = 2.03> <IPBlock> <Opcode : '<invalid operator> ' 'add' 'sub'> <InPorts = 3> <OutPorts = 1> <Sync> <CReg>
ST_15 : Operation 1235 [1/1] (0.00ns)   --->   "%sext_ln58_3344 = sext i23 %add_ln58_4948" [firmware/nnet_utils/nnet_dense_latency.h:58]   --->   Operation 1235 'sext' 'sext_ln58_3344' <Predicate = true> <Delay = 0.00>
ST_15 : Operation 1236 [1/1] (0.00ns)   --->   "%sext_ln58_3346 = sext i21 %add_ln58_4951" [firmware/nnet_utils/nnet_dense_latency.h:58]   --->   Operation 1236 'sext' 'sext_ln58_3346' <Predicate = true> <Delay = 0.00>
ST_15 : Operation 1237 [1/1] (0.00ns)   --->   "%sext_ln58_3347 = sext i20 %add_ln58_4952" [firmware/nnet_utils/nnet_dense_latency.h:58]   --->   Operation 1237 'sext' 'sext_ln58_3347' <Predicate = true> <Delay = 0.00>
ST_15 : Operation 1238 [1/1] (2.16ns)   --->   "%add_ln58_4953 = add i20 %sext_ln17_5017, i20 %sext_ln17_5033" [firmware/nnet_utils/nnet_dense_latency.h:58]   --->   Operation 1238 'add' 'add_ln58_4953' <Predicate = true> <Delay = 2.16> <CoreInst = "Adder">   --->   Core 1 'Adder' <Latency = 0> <II = 1> <Delay = 2.16> <FuncUnit> <Opcode : 'add' 'sub'> <InPorts = 2> <OutPorts = 1>
ST_15 : Operation 1239 [1/1] (0.00ns)   --->   "%sext_ln58_3348 = sext i20 %add_ln58_4953" [firmware/nnet_utils/nnet_dense_latency.h:58]   --->   Operation 1239 'sext' 'sext_ln58_3348' <Predicate = true> <Delay = 0.00>
ST_15 : Operation 1240 [1/1] (2.19ns)   --->   "%add_ln58_4954 = add i21 %sext_ln58_3348, i21 %sext_ln58_3347" [firmware/nnet_utils/nnet_dense_latency.h:58]   --->   Operation 1240 'add' 'add_ln58_4954' <Predicate = true> <Delay = 2.19> <CoreInst = "Adder">   --->   Core 1 'Adder' <Latency = 0> <II = 1> <Delay = 2.19> <FuncUnit> <Opcode : 'add' 'sub'> <InPorts = 2> <OutPorts = 1>
ST_15 : Operation 1241 [1/1] (0.00ns)   --->   "%sext_ln58_3349 = sext i21 %add_ln58_4954" [firmware/nnet_utils/nnet_dense_latency.h:58]   --->   Operation 1241 'sext' 'sext_ln58_3349' <Predicate = true> <Delay = 0.00>
ST_15 : Operation 1242 [1/1] (2.22ns)   --->   "%add_ln58_4955 = add i22 %sext_ln58_3349, i22 %sext_ln58_3346" [firmware/nnet_utils/nnet_dense_latency.h:58]   --->   Operation 1242 'add' 'add_ln58_4955' <Predicate = true> <Delay = 2.22> <CoreInst = "Adder">   --->   Core 1 'Adder' <Latency = 0> <II = 1> <Delay = 2.22> <FuncUnit> <Opcode : 'add' 'sub'> <InPorts = 2> <OutPorts = 1>
ST_15 : Operation 1243 [1/1] (0.00ns)   --->   "%sext_ln58_3350 = sext i22 %add_ln58_4955" [firmware/nnet_utils/nnet_dense_latency.h:58]   --->   Operation 1243 'sext' 'sext_ln58_3350' <Predicate = true> <Delay = 0.00>
ST_15 : Operation 1244 [1/1] (2.28ns)   --->   "%add_ln58_4956 = add i24 %sext_ln58_3350, i24 %sext_ln58_3344" [firmware/nnet_utils/nnet_dense_latency.h:58]   --->   Operation 1244 'add' 'add_ln58_4956' <Predicate = true> <Delay = 2.28> <CoreInst = "Adder">   --->   Core 1 'Adder' <Latency = 0> <II = 1> <Delay = 2.28> <FuncUnit> <Opcode : 'add' 'sub'> <InPorts = 2> <OutPorts = 1>
ST_15 : Operation 1245 [1/1] (0.00ns)   --->   "%sext_ln58_3370 = sext i22 %add_ln58_4980" [firmware/nnet_utils/nnet_dense_latency.h:58]   --->   Operation 1245 'sext' 'sext_ln58_3370' <Predicate = true> <Delay = 0.00>
ST_15 : Operation 1246 [1/1] (0.00ns)   --->   "%sext_ln58_3373 = sext i21 %add_ln58_4983" [firmware/nnet_utils/nnet_dense_latency.h:58]   --->   Operation 1246 'sext' 'sext_ln58_3373' <Predicate = true> <Delay = 0.00>
ST_15 : Operation 1247 [1/1] (0.00ns)   --->   "%sext_ln58_3374 = sext i21 %add_ln58_4984" [firmware/nnet_utils/nnet_dense_latency.h:58]   --->   Operation 1247 'sext' 'sext_ln58_3374' <Predicate = true> <Delay = 0.00>
ST_15 : Operation 1248 [1/1] (2.19ns)   --->   "%add_ln58_4985 = add i21 %sext_ln17_5018, i21 %sext_ln17_5034" [firmware/nnet_utils/nnet_dense_latency.h:58]   --->   Operation 1248 'add' 'add_ln58_4985' <Predicate = true> <Delay = 2.19> <CoreInst = "Adder">   --->   Core 1 'Adder' <Latency = 0> <II = 1> <Delay = 2.19> <FuncUnit> <Opcode : 'add' 'sub'> <InPorts = 2> <OutPorts = 1>
ST_15 : Operation 1249 [1/1] (0.00ns)   --->   "%sext_ln58_3375 = sext i21 %add_ln58_4985" [firmware/nnet_utils/nnet_dense_latency.h:58]   --->   Operation 1249 'sext' 'sext_ln58_3375' <Predicate = true> <Delay = 0.00>
ST_15 : Operation 1250 [1/1] (2.22ns)   --->   "%add_ln58_4986 = add i22 %sext_ln58_3375, i22 %sext_ln58_3374" [firmware/nnet_utils/nnet_dense_latency.h:58]   --->   Operation 1250 'add' 'add_ln58_4986' <Predicate = true> <Delay = 2.22> <CoreInst = "Adder">   --->   Core 1 'Adder' <Latency = 0> <II = 1> <Delay = 2.22> <FuncUnit> <Opcode : 'add' 'sub'> <InPorts = 2> <OutPorts = 1>
ST_15 : Operation 1251 [1/1] (0.00ns)   --->   "%sext_ln58_3376 = sext i22 %add_ln58_4986" [firmware/nnet_utils/nnet_dense_latency.h:58]   --->   Operation 1251 'sext' 'sext_ln58_3376' <Predicate = true> <Delay = 0.00>
ST_15 : Operation 1252 [1/1] (2.25ns)   --->   "%add_ln58_4987 = add i23 %sext_ln58_3376, i23 %sext_ln58_3373" [firmware/nnet_utils/nnet_dense_latency.h:58]   --->   Operation 1252 'add' 'add_ln58_4987' <Predicate = true> <Delay = 2.25> <CoreInst = "Adder">   --->   Core 1 'Adder' <Latency = 0> <II = 1> <Delay = 2.25> <FuncUnit> <Opcode : 'add' 'sub'> <InPorts = 2> <OutPorts = 1>
ST_15 : Operation 1253 [1/1] (0.00ns)   --->   "%sext_ln58_3377 = sext i23 %add_ln58_4987" [firmware/nnet_utils/nnet_dense_latency.h:58]   --->   Operation 1253 'sext' 'sext_ln58_3377' <Predicate = true> <Delay = 0.00>
ST_15 : Operation 1254 [1/1] (2.28ns)   --->   "%add_ln58_4988 = add i24 %sext_ln58_3377, i24 %sext_ln58_3370" [firmware/nnet_utils/nnet_dense_latency.h:58]   --->   Operation 1254 'add' 'add_ln58_4988' <Predicate = true> <Delay = 2.28> <CoreInst = "Adder">   --->   Core 1 'Adder' <Latency = 0> <II = 1> <Delay = 2.28> <FuncUnit> <Opcode : 'add' 'sub'> <InPorts = 2> <OutPorts = 1>
ST_15 : Operation 1255 [1/1] (0.00ns)   --->   "%sext_ln58_3399 = sext i22 %add_ln58_5012" [firmware/nnet_utils/nnet_dense_latency.h:58]   --->   Operation 1255 'sext' 'sext_ln58_3399' <Predicate = true> <Delay = 0.00>
ST_15 : Operation 1256 [1/1] (0.00ns)   --->   "%sext_ln58_3402 = sext i22 %add_ln58_5015" [firmware/nnet_utils/nnet_dense_latency.h:58]   --->   Operation 1256 'sext' 'sext_ln58_3402' <Predicate = true> <Delay = 0.00>
ST_15 : Operation 1257 [1/1] (0.00ns)   --->   "%sext_ln58_3403 = sext i20 %add_ln58_5016" [firmware/nnet_utils/nnet_dense_latency.h:58]   --->   Operation 1257 'sext' 'sext_ln58_3403' <Predicate = true> <Delay = 0.00>
ST_15 : Operation 1258 [1/1] (0.00ns) (grouped into TernaryAdder)   --->   "%add_ln58_5017 = add i21 %sext_ln17_5019, i21 %sext_ln17_5035" [firmware/nnet_utils/nnet_dense_latency.h:58]   --->   Operation 1258 'add' 'add_ln58_5017' <Predicate = true> <Delay = 0.00> <CoreInst = "TAddSub">   --->   Core 10 'TAddSub' <Latency = 0> <II = 1> <Delay = 2.03> <IPBlock> <Opcode : '<invalid operator> ' 'add' 'sub'> <InPorts = 3> <OutPorts = 1> <Sync> <CReg>
ST_15 : Operation 1259 [1/1] (4.04ns) (root node of TernaryAdder)   --->   "%add_ln58_5018 = add i21 %add_ln58_5017, i21 %sext_ln58_3403" [firmware/nnet_utils/nnet_dense_latency.h:58]   --->   Operation 1259 'add' 'add_ln58_5018' <Predicate = true> <Delay = 4.04> <CoreInst = "TAddSub">   --->   Core 10 'TAddSub' <Latency = 0> <II = 1> <Delay = 2.03> <IPBlock> <Opcode : '<invalid operator> ' 'add' 'sub'> <InPorts = 3> <OutPorts = 1> <Sync> <CReg>
ST_15 : Operation 1260 [1/1] (0.00ns)   --->   "%sext_ln58_3404 = sext i21 %add_ln58_5018" [firmware/nnet_utils/nnet_dense_latency.h:58]   --->   Operation 1260 'sext' 'sext_ln58_3404' <Predicate = true> <Delay = 0.00>
ST_15 : Operation 1261 [1/1] (2.25ns)   --->   "%add_ln58_5019 = add i23 %sext_ln58_3404, i23 %sext_ln58_3402" [firmware/nnet_utils/nnet_dense_latency.h:58]   --->   Operation 1261 'add' 'add_ln58_5019' <Predicate = true> <Delay = 2.25> <CoreInst = "Adder">   --->   Core 1 'Adder' <Latency = 0> <II = 1> <Delay = 2.25> <FuncUnit> <Opcode : 'add' 'sub'> <InPorts = 2> <OutPorts = 1>
ST_15 : Operation 1262 [1/1] (0.00ns)   --->   "%sext_ln58_3405 = sext i23 %add_ln58_5019" [firmware/nnet_utils/nnet_dense_latency.h:58]   --->   Operation 1262 'sext' 'sext_ln58_3405' <Predicate = true> <Delay = 0.00>
ST_15 : Operation 1263 [1/1] (2.28ns)   --->   "%add_ln58_5020 = add i24 %sext_ln58_3405, i24 %sext_ln58_3399" [firmware/nnet_utils/nnet_dense_latency.h:58]   --->   Operation 1263 'add' 'add_ln58_5020' <Predicate = true> <Delay = 2.28> <CoreInst = "Adder">   --->   Core 1 'Adder' <Latency = 0> <II = 1> <Delay = 2.28> <FuncUnit> <Opcode : 'add' 'sub'> <InPorts = 2> <OutPorts = 1>
ST_15 : Operation 1264 [1/1] (0.00ns)   --->   "%sext_ln58_3427 = sext i23 %add_ln58_5044" [firmware/nnet_utils/nnet_dense_latency.h:58]   --->   Operation 1264 'sext' 'sext_ln58_3427' <Predicate = true> <Delay = 0.00>
ST_15 : Operation 1265 [1/1] (0.00ns)   --->   "%sext_ln58_3428 = sext i21 %add_ln58_5045" [firmware/nnet_utils/nnet_dense_latency.h:58]   --->   Operation 1265 'sext' 'sext_ln58_3428' <Predicate = true> <Delay = 0.00>
ST_15 : Operation 1266 [1/1] (0.00ns)   --->   "%sext_ln58_3429 = sext i20 %add_ln58_5046" [firmware/nnet_utils/nnet_dense_latency.h:58]   --->   Operation 1266 'sext' 'sext_ln58_3429' <Predicate = true> <Delay = 0.00>
ST_15 : Operation 1267 [1/1] (0.00ns) (grouped into TernaryAdder)   --->   "%add_ln58_5047 = add i22 %sext_ln58_3429, i22 %sext_ln58_3428" [firmware/nnet_utils/nnet_dense_latency.h:58]   --->   Operation 1267 'add' 'add_ln58_5047' <Predicate = true> <Delay = 0.00> <CoreInst = "TAddSub">   --->   Core 10 'TAddSub' <Latency = 0> <II = 1> <Delay = 2.03> <IPBlock> <Opcode : '<invalid operator> ' 'add' 'sub'> <InPorts = 3> <OutPorts = 1> <Sync> <CReg>
ST_15 : Operation 1268 [1/1] (0.00ns) (grouped into TernaryAdder)   --->   "%add_ln58_5048 = add i21 %sext_ln17_4988, i21 %sext_ln17_5004" [firmware/nnet_utils/nnet_dense_latency.h:58]   --->   Operation 1268 'add' 'add_ln58_5048' <Predicate = true> <Delay = 0.00> <CoreInst = "TAddSub">   --->   Core 10 'TAddSub' <Latency = 0> <II = 1> <Delay = 2.03> <IPBlock> <Opcode : '<invalid operator> ' 'add' 'sub'> <InPorts = 3> <OutPorts = 1> <Sync> <CReg>
ST_15 : Operation 1269 [1/1] (2.16ns)   --->   "%add_ln58_5049 = add i20 %sext_ln17_5020, i20 %sext_ln17_5036" [firmware/nnet_utils/nnet_dense_latency.h:58]   --->   Operation 1269 'add' 'add_ln58_5049' <Predicate = true> <Delay = 2.16> <CoreInst = "Adder">   --->   Core 1 'Adder' <Latency = 0> <II = 1> <Delay = 2.16> <FuncUnit> <Opcode : 'add' 'sub'> <InPorts = 2> <OutPorts = 1>
ST_15 : Operation 1270 [1/1] (0.00ns)   --->   "%sext_ln58_3430 = sext i20 %add_ln58_5049" [firmware/nnet_utils/nnet_dense_latency.h:58]   --->   Operation 1270 'sext' 'sext_ln58_3430' <Predicate = true> <Delay = 0.00>
ST_15 : Operation 1271 [1/1] (4.04ns) (root node of TernaryAdder)   --->   "%add_ln58_5050 = add i21 %sext_ln58_3430, i21 %add_ln58_5048" [firmware/nnet_utils/nnet_dense_latency.h:58]   --->   Operation 1271 'add' 'add_ln58_5050' <Predicate = true> <Delay = 4.04> <CoreInst = "TAddSub">   --->   Core 10 'TAddSub' <Latency = 0> <II = 1> <Delay = 2.03> <IPBlock> <Opcode : '<invalid operator> ' 'add' 'sub'> <InPorts = 3> <OutPorts = 1> <Sync> <CReg>
ST_15 : Operation 1272 [1/1] (0.00ns)   --->   "%sext_ln58_3431 = sext i21 %add_ln58_5050" [firmware/nnet_utils/nnet_dense_latency.h:58]   --->   Operation 1272 'sext' 'sext_ln58_3431' <Predicate = true> <Delay = 0.00>
ST_15 : Operation 1273 [1/1] (4.07ns) (root node of TernaryAdder)   --->   "%add_ln58_5051 = add i22 %sext_ln58_3431, i22 %add_ln58_5047" [firmware/nnet_utils/nnet_dense_latency.h:58]   --->   Operation 1273 'add' 'add_ln58_5051' <Predicate = true> <Delay = 4.07> <CoreInst = "TAddSub">   --->   Core 10 'TAddSub' <Latency = 0> <II = 1> <Delay = 2.03> <IPBlock> <Opcode : '<invalid operator> ' 'add' 'sub'> <InPorts = 3> <OutPorts = 1> <Sync> <CReg>
ST_15 : Operation 1274 [1/1] (0.00ns)   --->   "%sext_ln58_3432 = sext i22 %add_ln58_5051" [firmware/nnet_utils/nnet_dense_latency.h:58]   --->   Operation 1274 'sext' 'sext_ln58_3432' <Predicate = true> <Delay = 0.00>
ST_15 : Operation 1275 [1/1] (2.28ns)   --->   "%add_ln58_5052 = add i24 %sext_ln58_3432, i24 %sext_ln58_3427" [firmware/nnet_utils/nnet_dense_latency.h:58]   --->   Operation 1275 'add' 'add_ln58_5052' <Predicate = true> <Delay = 2.28> <CoreInst = "Adder">   --->   Core 1 'Adder' <Latency = 0> <II = 1> <Delay = 2.28> <FuncUnit> <Opcode : 'add' 'sub'> <InPorts = 2> <OutPorts = 1>
ST_15 : Operation 1276 [1/1] (0.00ns)   --->   "%sext_ln58_3456 = sext i23 %add_ln58_5076" [firmware/nnet_utils/nnet_dense_latency.h:58]   --->   Operation 1276 'sext' 'sext_ln58_3456' <Predicate = true> <Delay = 0.00>
ST_15 : Operation 1277 [1/1] (0.00ns)   --->   "%sext_ln58_3457 = sext i20 %add_ln58_5077" [firmware/nnet_utils/nnet_dense_latency.h:58]   --->   Operation 1277 'sext' 'sext_ln58_3457' <Predicate = true> <Delay = 0.00>
ST_15 : Operation 1278 [1/1] (0.00ns)   --->   "%sext_ln58_3458 = sext i21 %add_ln58_5078" [firmware/nnet_utils/nnet_dense_latency.h:58]   --->   Operation 1278 'sext' 'sext_ln58_3458' <Predicate = true> <Delay = 0.00>
ST_15 : Operation 1279 [1/1] (0.00ns) (grouped into TernaryAdder)   --->   "%add_ln58_5079 = add i22 %sext_ln58_3458, i22 %sext_ln58_3457" [firmware/nnet_utils/nnet_dense_latency.h:58]   --->   Operation 1279 'add' 'add_ln58_5079' <Predicate = true> <Delay = 0.00> <CoreInst = "TAddSub">   --->   Core 10 'TAddSub' <Latency = 0> <II = 1> <Delay = 2.03> <IPBlock> <Opcode : '<invalid operator> ' 'add' 'sub'> <InPorts = 3> <OutPorts = 1> <Sync> <CReg>
ST_15 : Operation 1280 [1/1] (0.00ns)   --->   "%sext_ln58_3459 = sext i20 %add_ln58_5080" [firmware/nnet_utils/nnet_dense_latency.h:58]   --->   Operation 1280 'sext' 'sext_ln58_3459' <Predicate = true> <Delay = 0.00>
ST_15 : Operation 1281 [1/1] (2.16ns)   --->   "%add_ln58_5081 = add i20 %sext_ln17_5021, i20 %sext_ln17_5037" [firmware/nnet_utils/nnet_dense_latency.h:58]   --->   Operation 1281 'add' 'add_ln58_5081' <Predicate = true> <Delay = 2.16> <CoreInst = "Adder">   --->   Core 1 'Adder' <Latency = 0> <II = 1> <Delay = 2.16> <FuncUnit> <Opcode : 'add' 'sub'> <InPorts = 2> <OutPorts = 1>
ST_15 : Operation 1282 [1/1] (0.00ns)   --->   "%sext_ln58_3460 = sext i20 %add_ln58_5081" [firmware/nnet_utils/nnet_dense_latency.h:58]   --->   Operation 1282 'sext' 'sext_ln58_3460' <Predicate = true> <Delay = 0.00>
ST_15 : Operation 1283 [1/1] (2.19ns)   --->   "%add_ln58_5082 = add i21 %sext_ln58_3460, i21 %sext_ln58_3459" [firmware/nnet_utils/nnet_dense_latency.h:58]   --->   Operation 1283 'add' 'add_ln58_5082' <Predicate = true> <Delay = 2.19> <CoreInst = "Adder">   --->   Core 1 'Adder' <Latency = 0> <II = 1> <Delay = 2.19> <FuncUnit> <Opcode : 'add' 'sub'> <InPorts = 2> <OutPorts = 1>
ST_15 : Operation 1284 [1/1] (0.00ns)   --->   "%sext_ln58_3461 = sext i21 %add_ln58_5082" [firmware/nnet_utils/nnet_dense_latency.h:58]   --->   Operation 1284 'sext' 'sext_ln58_3461' <Predicate = true> <Delay = 0.00>
ST_15 : Operation 1285 [1/1] (4.07ns) (root node of TernaryAdder)   --->   "%add_ln58_5083 = add i22 %sext_ln58_3461, i22 %add_ln58_5079" [firmware/nnet_utils/nnet_dense_latency.h:58]   --->   Operation 1285 'add' 'add_ln58_5083' <Predicate = true> <Delay = 4.07> <CoreInst = "TAddSub">   --->   Core 10 'TAddSub' <Latency = 0> <II = 1> <Delay = 2.03> <IPBlock> <Opcode : '<invalid operator> ' 'add' 'sub'> <InPorts = 3> <OutPorts = 1> <Sync> <CReg>
ST_15 : Operation 1286 [1/1] (0.00ns)   --->   "%sext_ln58_3462 = sext i22 %add_ln58_5083" [firmware/nnet_utils/nnet_dense_latency.h:58]   --->   Operation 1286 'sext' 'sext_ln58_3462' <Predicate = true> <Delay = 0.00>
ST_15 : Operation 1287 [1/1] (2.28ns)   --->   "%add_ln58_5084 = add i24 %sext_ln58_3462, i24 %sext_ln58_3456" [firmware/nnet_utils/nnet_dense_latency.h:58]   --->   Operation 1287 'add' 'add_ln58_5084' <Predicate = true> <Delay = 2.28> <CoreInst = "Adder">   --->   Core 1 'Adder' <Latency = 0> <II = 1> <Delay = 2.28> <FuncUnit> <Opcode : 'add' 'sub'> <InPorts = 2> <OutPorts = 1>
ST_15 : Operation 1288 [1/1] (0.00ns)   --->   "%sext_ln58_3485 = sext i23 %add_ln58_5108" [firmware/nnet_utils/nnet_dense_latency.h:58]   --->   Operation 1288 'sext' 'sext_ln58_3485' <Predicate = true> <Delay = 0.00>
ST_15 : Operation 1289 [1/1] (0.00ns)   --->   "%sext_ln58_3486 = sext i21 %add_ln58_5109" [firmware/nnet_utils/nnet_dense_latency.h:58]   --->   Operation 1289 'sext' 'sext_ln58_3486' <Predicate = true> <Delay = 0.00>
ST_15 : Operation 1290 [1/1] (0.00ns)   --->   "%sext_ln58_3487 = sext i21 %add_ln58_5110" [firmware/nnet_utils/nnet_dense_latency.h:58]   --->   Operation 1290 'sext' 'sext_ln58_3487' <Predicate = true> <Delay = 0.00>
ST_15 : Operation 1291 [1/1] (0.00ns) (grouped into TernaryAdder)   --->   "%add_ln58_5111 = add i22 %sext_ln58_3487, i22 %sext_ln58_3486" [firmware/nnet_utils/nnet_dense_latency.h:58]   --->   Operation 1291 'add' 'add_ln58_5111' <Predicate = true> <Delay = 0.00> <CoreInst = "TAddSub">   --->   Core 10 'TAddSub' <Latency = 0> <II = 1> <Delay = 2.03> <IPBlock> <Opcode : '<invalid operator> ' 'add' 'sub'> <InPorts = 3> <OutPorts = 1> <Sync> <CReg>
ST_15 : Operation 1292 [1/1] (0.00ns)   --->   "%sext_ln58_3488 = sext i20 %add_ln58_5112" [firmware/nnet_utils/nnet_dense_latency.h:58]   --->   Operation 1292 'sext' 'sext_ln58_3488' <Predicate = true> <Delay = 0.00>
ST_15 : Operation 1293 [1/1] (2.16ns)   --->   "%add_ln58_5113 = add i20 %sext_ln17_5022, i20 %sext_ln17_5038" [firmware/nnet_utils/nnet_dense_latency.h:58]   --->   Operation 1293 'add' 'add_ln58_5113' <Predicate = true> <Delay = 2.16> <CoreInst = "Adder">   --->   Core 1 'Adder' <Latency = 0> <II = 1> <Delay = 2.16> <FuncUnit> <Opcode : 'add' 'sub'> <InPorts = 2> <OutPorts = 1>
ST_15 : Operation 1294 [1/1] (0.00ns)   --->   "%sext_ln58_3489 = sext i20 %add_ln58_5113" [firmware/nnet_utils/nnet_dense_latency.h:58]   --->   Operation 1294 'sext' 'sext_ln58_3489' <Predicate = true> <Delay = 0.00>
ST_15 : Operation 1295 [1/1] (2.19ns)   --->   "%add_ln58_5114 = add i21 %sext_ln58_3489, i21 %sext_ln58_3488" [firmware/nnet_utils/nnet_dense_latency.h:58]   --->   Operation 1295 'add' 'add_ln58_5114' <Predicate = true> <Delay = 2.19> <CoreInst = "Adder">   --->   Core 1 'Adder' <Latency = 0> <II = 1> <Delay = 2.19> <FuncUnit> <Opcode : 'add' 'sub'> <InPorts = 2> <OutPorts = 1>
ST_15 : Operation 1296 [1/1] (0.00ns)   --->   "%sext_ln58_3490 = sext i21 %add_ln58_5114" [firmware/nnet_utils/nnet_dense_latency.h:58]   --->   Operation 1296 'sext' 'sext_ln58_3490' <Predicate = true> <Delay = 0.00>
ST_15 : Operation 1297 [1/1] (4.07ns) (root node of TernaryAdder)   --->   "%add_ln58_5115 = add i22 %sext_ln58_3490, i22 %add_ln58_5111" [firmware/nnet_utils/nnet_dense_latency.h:58]   --->   Operation 1297 'add' 'add_ln58_5115' <Predicate = true> <Delay = 4.07> <CoreInst = "TAddSub">   --->   Core 10 'TAddSub' <Latency = 0> <II = 1> <Delay = 2.03> <IPBlock> <Opcode : '<invalid operator> ' 'add' 'sub'> <InPorts = 3> <OutPorts = 1> <Sync> <CReg>
ST_15 : Operation 1298 [1/1] (0.00ns)   --->   "%sext_ln58_3491 = sext i22 %add_ln58_5115" [firmware/nnet_utils/nnet_dense_latency.h:58]   --->   Operation 1298 'sext' 'sext_ln58_3491' <Predicate = true> <Delay = 0.00>
ST_15 : Operation 1299 [1/1] (2.28ns)   --->   "%add_ln58_5116 = add i24 %sext_ln58_3491, i24 %sext_ln58_3485" [firmware/nnet_utils/nnet_dense_latency.h:58]   --->   Operation 1299 'add' 'add_ln58_5116' <Predicate = true> <Delay = 2.28> <CoreInst = "Adder">   --->   Core 1 'Adder' <Latency = 0> <II = 1> <Delay = 2.28> <FuncUnit> <Opcode : 'add' 'sub'> <InPorts = 2> <OutPorts = 1>
ST_15 : Operation 1300 [1/1] (0.00ns)   --->   "%sext_ln58_3511 = sext i22 %add_ln58_5140" [firmware/nnet_utils/nnet_dense_latency.h:58]   --->   Operation 1300 'sext' 'sext_ln58_3511' <Predicate = true> <Delay = 0.00>
ST_15 : Operation 1301 [1/1] (0.00ns)   --->   "%sext_ln58_3514 = sext i21 %add_ln58_5143" [firmware/nnet_utils/nnet_dense_latency.h:58]   --->   Operation 1301 'sext' 'sext_ln58_3514' <Predicate = true> <Delay = 0.00>
ST_15 : Operation 1302 [1/1] (0.00ns)   --->   "%sext_ln58_3515 = sext i19 %add_ln58_5144" [firmware/nnet_utils/nnet_dense_latency.h:58]   --->   Operation 1302 'sext' 'sext_ln58_3515' <Predicate = true> <Delay = 0.00>
ST_15 : Operation 1303 [1/1] (2.16ns)   --->   "%add_ln58_5145 = add i20 %sext_ln17_5023, i20 %sext_ln17_5039" [firmware/nnet_utils/nnet_dense_latency.h:58]   --->   Operation 1303 'add' 'add_ln58_5145' <Predicate = true> <Delay = 2.16> <CoreInst = "Adder">   --->   Core 1 'Adder' <Latency = 0> <II = 1> <Delay = 2.16> <FuncUnit> <Opcode : 'add' 'sub'> <InPorts = 2> <OutPorts = 1>
ST_15 : Operation 1304 [1/1] (0.00ns)   --->   "%sext_ln58_3516 = sext i20 %add_ln58_5145" [firmware/nnet_utils/nnet_dense_latency.h:58]   --->   Operation 1304 'sext' 'sext_ln58_3516' <Predicate = true> <Delay = 0.00>
ST_15 : Operation 1305 [1/1] (2.19ns)   --->   "%add_ln58_5146 = add i21 %sext_ln58_3516, i21 %sext_ln58_3515" [firmware/nnet_utils/nnet_dense_latency.h:58]   --->   Operation 1305 'add' 'add_ln58_5146' <Predicate = true> <Delay = 2.19> <CoreInst = "Adder">   --->   Core 1 'Adder' <Latency = 0> <II = 1> <Delay = 2.19> <FuncUnit> <Opcode : 'add' 'sub'> <InPorts = 2> <OutPorts = 1>
ST_15 : Operation 1306 [1/1] (0.00ns)   --->   "%sext_ln58_3517 = sext i21 %add_ln58_5146" [firmware/nnet_utils/nnet_dense_latency.h:58]   --->   Operation 1306 'sext' 'sext_ln58_3517' <Predicate = true> <Delay = 0.00>
ST_15 : Operation 1307 [1/1] (2.22ns)   --->   "%add_ln58_5147 = add i22 %sext_ln58_3517, i22 %sext_ln58_3514" [firmware/nnet_utils/nnet_dense_latency.h:58]   --->   Operation 1307 'add' 'add_ln58_5147' <Predicate = true> <Delay = 2.22> <CoreInst = "Adder">   --->   Core 1 'Adder' <Latency = 0> <II = 1> <Delay = 2.22> <FuncUnit> <Opcode : 'add' 'sub'> <InPorts = 2> <OutPorts = 1>
ST_15 : Operation 1308 [1/1] (0.00ns)   --->   "%sext_ln58_3518 = sext i22 %add_ln58_5147" [firmware/nnet_utils/nnet_dense_latency.h:58]   --->   Operation 1308 'sext' 'sext_ln58_3518' <Predicate = true> <Delay = 0.00>
ST_15 : Operation 1309 [1/1] (2.25ns)   --->   "%add_ln58_5148 = add i23 %sext_ln58_3518, i23 %sext_ln58_3511" [firmware/nnet_utils/nnet_dense_latency.h:58]   --->   Operation 1309 'add' 'add_ln58_5148' <Predicate = true> <Delay = 2.25> <CoreInst = "Adder">   --->   Core 1 'Adder' <Latency = 0> <II = 1> <Delay = 2.25> <FuncUnit> <Opcode : 'add' 'sub'> <InPorts = 2> <OutPorts = 1>
ST_15 : Operation 1310 [1/1] (0.00ns)   --->   "%sext_ln58_3542 = sext i21 %add_ln58_5175" [firmware/nnet_utils/nnet_dense_latency.h:58]   --->   Operation 1310 'sext' 'sext_ln58_3542' <Predicate = true> <Delay = 0.00>
ST_15 : Operation 1311 [1/1] (0.00ns)   --->   "%sext_ln58_3543 = sext i21 %add_ln58_5176" [firmware/nnet_utils/nnet_dense_latency.h:58]   --->   Operation 1311 'sext' 'sext_ln58_3543' <Predicate = true> <Delay = 0.00>
ST_15 : Operation 1312 [1/1] (2.19ns)   --->   "%add_ln58_5177 = add i21 %sext_ln17_5024, i21 %sext_ln17_5040" [firmware/nnet_utils/nnet_dense_latency.h:58]   --->   Operation 1312 'add' 'add_ln58_5177' <Predicate = true> <Delay = 2.19> <CoreInst = "Adder">   --->   Core 1 'Adder' <Latency = 0> <II = 1> <Delay = 2.19> <FuncUnit> <Opcode : 'add' 'sub'> <InPorts = 2> <OutPorts = 1>
ST_15 : Operation 1313 [1/1] (0.00ns)   --->   "%sext_ln58_3544 = sext i21 %add_ln58_5177" [firmware/nnet_utils/nnet_dense_latency.h:58]   --->   Operation 1313 'sext' 'sext_ln58_3544' <Predicate = true> <Delay = 0.00>
ST_15 : Operation 1314 [1/1] (2.22ns)   --->   "%add_ln58_5178 = add i22 %sext_ln58_3544, i22 %sext_ln58_3543" [firmware/nnet_utils/nnet_dense_latency.h:58]   --->   Operation 1314 'add' 'add_ln58_5178' <Predicate = true> <Delay = 2.22> <CoreInst = "Adder">   --->   Core 1 'Adder' <Latency = 0> <II = 1> <Delay = 2.22> <FuncUnit> <Opcode : 'add' 'sub'> <InPorts = 2> <OutPorts = 1>
ST_15 : Operation 1315 [1/1] (0.00ns)   --->   "%sext_ln58_3545 = sext i22 %add_ln58_5178" [firmware/nnet_utils/nnet_dense_latency.h:58]   --->   Operation 1315 'sext' 'sext_ln58_3545' <Predicate = true> <Delay = 0.00>
ST_15 : Operation 1316 [1/1] (2.25ns)   --->   "%add_ln58_5179 = add i23 %sext_ln58_3545, i23 %sext_ln58_3542" [firmware/nnet_utils/nnet_dense_latency.h:58]   --->   Operation 1316 'add' 'add_ln58_5179' <Predicate = true> <Delay = 2.25> <CoreInst = "Adder">   --->   Core 1 'Adder' <Latency = 0> <II = 1> <Delay = 2.25> <FuncUnit> <Opcode : 'add' 'sub'> <InPorts = 2> <OutPorts = 1>
ST_15 : Operation 1317 [1/1] (0.00ns)   --->   "%sext_ln58_3565 = sext i22 %add_ln58_5204" [firmware/nnet_utils/nnet_dense_latency.h:58]   --->   Operation 1317 'sext' 'sext_ln58_3565' <Predicate = true> <Delay = 0.00>
ST_15 : Operation 1318 [1/1] (0.00ns)   --->   "%sext_ln58_3568 = sext i22 %add_ln58_5207" [firmware/nnet_utils/nnet_dense_latency.h:58]   --->   Operation 1318 'sext' 'sext_ln58_3568' <Predicate = true> <Delay = 0.00>
ST_15 : Operation 1319 [1/1] (0.00ns)   --->   "%sext_ln58_3569 = sext i21 %add_ln58_5208" [firmware/nnet_utils/nnet_dense_latency.h:58]   --->   Operation 1319 'sext' 'sext_ln58_3569' <Predicate = true> <Delay = 0.00>
ST_15 : Operation 1320 [1/1] (2.16ns)   --->   "%add_ln58_5209 = add i20 %sext_ln17_5025, i20 %sext_ln17_5041" [firmware/nnet_utils/nnet_dense_latency.h:58]   --->   Operation 1320 'add' 'add_ln58_5209' <Predicate = true> <Delay = 2.16> <CoreInst = "Adder">   --->   Core 1 'Adder' <Latency = 0> <II = 1> <Delay = 2.16> <FuncUnit> <Opcode : 'add' 'sub'> <InPorts = 2> <OutPorts = 1>
ST_15 : Operation 1321 [1/1] (0.00ns)   --->   "%sext_ln58_3570 = sext i20 %add_ln58_5209" [firmware/nnet_utils/nnet_dense_latency.h:58]   --->   Operation 1321 'sext' 'sext_ln58_3570' <Predicate = true> <Delay = 0.00>
ST_15 : Operation 1322 [1/1] (2.22ns)   --->   "%add_ln58_5210 = add i22 %sext_ln58_3570, i22 %sext_ln58_3569" [firmware/nnet_utils/nnet_dense_latency.h:58]   --->   Operation 1322 'add' 'add_ln58_5210' <Predicate = true> <Delay = 2.22> <CoreInst = "Adder">   --->   Core 1 'Adder' <Latency = 0> <II = 1> <Delay = 2.22> <FuncUnit> <Opcode : 'add' 'sub'> <InPorts = 2> <OutPorts = 1>
ST_15 : Operation 1323 [1/1] (0.00ns)   --->   "%sext_ln58_3571 = sext i22 %add_ln58_5210" [firmware/nnet_utils/nnet_dense_latency.h:58]   --->   Operation 1323 'sext' 'sext_ln58_3571' <Predicate = true> <Delay = 0.00>
ST_15 : Operation 1324 [1/1] (0.00ns) (grouped into TernaryAdder)   --->   "%add_ln58_5211 = add i23 %sext_ln58_3571, i23 %sext_ln58_3568" [firmware/nnet_utils/nnet_dense_latency.h:58]   --->   Operation 1324 'add' 'add_ln58_5211' <Predicate = true> <Delay = 0.00> <CoreInst = "TAddSub">   --->   Core 10 'TAddSub' <Latency = 0> <II = 1> <Delay = 2.03> <IPBlock> <Opcode : '<invalid operator> ' 'add' 'sub'> <InPorts = 3> <OutPorts = 1> <Sync> <CReg>
ST_15 : Operation 1325 [1/1] (4.10ns) (root node of TernaryAdder)   --->   "%add_ln58_5212 = add i23 %add_ln58_5211, i23 %sext_ln58_3565" [firmware/nnet_utils/nnet_dense_latency.h:58]   --->   Operation 1325 'add' 'add_ln58_5212' <Predicate = true> <Delay = 4.10> <CoreInst = "TAddSub">   --->   Core 10 'TAddSub' <Latency = 0> <II = 1> <Delay = 2.03> <IPBlock> <Opcode : '<invalid operator> ' 'add' 'sub'> <InPorts = 3> <OutPorts = 1> <Sync> <CReg>

State 16 <SV = 15> <Delay = 14.5>
ST_16 : Operation 1326 [1/1] (0.00ns)   --->   "%data_16_val_read = read i16 @_ssdm_op_Read.ap_auto.i16, i16 %data_16_val" [firmware/nnet_utils/nnet_mult.h:70->firmware/nnet_utils/nnet_dense_latency.h:42]   --->   Operation 1326 'read' 'data_16_val_read' <Predicate = true> <Delay = 0.00>
ST_16 : Operation 1327 [1/1] (0.00ns)   --->   "%sext_ln17_5026 = sext i18 %mult_5022" [firmware/nnet_utils/nnet_dense_latency.h:17]   --->   Operation 1327 'sext' 'sext_ln17_5026' <Predicate = true> <Delay = 0.00>
ST_16 : Operation 1328 [1/1] (0.00ns)   --->   "%sext_ln17_5027 = sext i18 %mult_5023" [firmware/nnet_utils/nnet_dense_latency.h:17]   --->   Operation 1328 'sext' 'sext_ln17_5027' <Predicate = true> <Delay = 0.00>
ST_16 : Operation 1329 [1/1] (0.00ns)   --->   "%sext_ln17_5028 = sext i18 %mult_5024" [firmware/nnet_utils/nnet_dense_latency.h:17]   --->   Operation 1329 'sext' 'sext_ln17_5028' <Predicate = true> <Delay = 0.00>
ST_16 : Operation 1330 [1/1] (5.58ns)   --->   "%mul_ln73_4877 = mul i30 %sext_ln70_554, i30 4632" [firmware/nnet_utils/nnet_mult.h:73->firmware/nnet_utils/nnet_dense_latency.h:42]   --->   Operation 1330 'mul' 'mul_ln73_4877' <Predicate = true> <Delay = 5.58> <CoreInst = "Multiplier">   --->   Core 3 'Multiplier' <Latency = 0> <II = 1> <Delay = 5.58> <FuncUnit> <Opcode : 'mul'> <InPorts = 2> <OutPorts = 1>
ST_16 : Operation 1331 [1/1] (0.00ns)   --->   "%mult_5038 = partselect i20 @_ssdm_op_PartSelect.i20.i30.i32.i32, i30 %mul_ln73_4877, i32 10, i32 29" [firmware/nnet_utils/nnet_dense_latency.h:42]   --->   Operation 1331 'partselect' 'mult_5038' <Predicate = true> <Delay = 0.00>
ST_16 : Operation 1332 [1/1] (0.00ns)   --->   "%sext_ln17_5042 = sext i20 %mult_5038" [firmware/nnet_utils/nnet_dense_latency.h:17]   --->   Operation 1332 'sext' 'sext_ln17_5042' <Predicate = true> <Delay = 0.00>
ST_16 : Operation 1333 [1/1] (5.58ns)   --->   "%mul_ln73_4878 = mul i29 %sext_ln70_552, i29 536868181" [firmware/nnet_utils/nnet_mult.h:73->firmware/nnet_utils/nnet_dense_latency.h:42]   --->   Operation 1333 'mul' 'mul_ln73_4878' <Predicate = true> <Delay = 5.58> <CoreInst = "Multiplier">   --->   Core 3 'Multiplier' <Latency = 0> <II = 1> <Delay = 5.58> <FuncUnit> <Opcode : 'mul'> <InPorts = 2> <OutPorts = 1>
ST_16 : Operation 1334 [1/1] (0.00ns)   --->   "%mult_5039 = partselect i19 @_ssdm_op_PartSelect.i19.i29.i32.i32, i29 %mul_ln73_4878, i32 10, i32 28" [firmware/nnet_utils/nnet_dense_latency.h:42]   --->   Operation 1334 'partselect' 'mult_5039' <Predicate = true> <Delay = 0.00>
ST_16 : Operation 1335 [1/1] (0.00ns)   --->   "%sext_ln17_5043 = sext i19 %mult_5039" [firmware/nnet_utils/nnet_dense_latency.h:17]   --->   Operation 1335 'sext' 'sext_ln17_5043' <Predicate = true> <Delay = 0.00>
ST_16 : Operation 1336 [1/1] (5.58ns)   --->   "%mul_ln73_4879 = mul i30 %sext_ln70_554, i30 4222" [firmware/nnet_utils/nnet_mult.h:73->firmware/nnet_utils/nnet_dense_latency.h:42]   --->   Operation 1336 'mul' 'mul_ln73_4879' <Predicate = true> <Delay = 5.58> <CoreInst = "Multiplier">   --->   Core 3 'Multiplier' <Latency = 0> <II = 1> <Delay = 5.58> <FuncUnit> <Opcode : 'mul'> <InPorts = 2> <OutPorts = 1>
ST_16 : Operation 1337 [1/1] (0.00ns)   --->   "%mult_5040 = partselect i20 @_ssdm_op_PartSelect.i20.i30.i32.i32, i30 %mul_ln73_4879, i32 10, i32 29" [firmware/nnet_utils/nnet_dense_latency.h:42]   --->   Operation 1337 'partselect' 'mult_5040' <Predicate = true> <Delay = 0.00>
ST_16 : Operation 1338 [1/1] (0.00ns)   --->   "%sext_ln17_5044 = sext i20 %mult_5040" [firmware/nnet_utils/nnet_dense_latency.h:17]   --->   Operation 1338 'sext' 'sext_ln17_5044' <Predicate = true> <Delay = 0.00>
ST_16 : Operation 1339 [1/1] (0.00ns)   --->   "%sext_ln70_556 = sext i16 %data_16_val_read" [firmware/nnet_utils/nnet_mult.h:70->firmware/nnet_utils/nnet_dense_latency.h:42]   --->   Operation 1339 'sext' 'sext_ln70_556' <Predicate = true> <Delay = 0.00>
ST_16 : Operation 1340 [1/1] (0.00ns)   --->   "%sext_ln70_557 = sext i16 %data_16_val_read" [firmware/nnet_utils/nnet_mult.h:70->firmware/nnet_utils/nnet_dense_latency.h:42]   --->   Operation 1340 'sext' 'sext_ln70_557' <Predicate = true> <Delay = 0.00>
ST_16 : Operation 1341 [1/1] (0.00ns)   --->   "%sext_ln70_558 = sext i16 %data_16_val_read" [firmware/nnet_utils/nnet_mult.h:70->firmware/nnet_utils/nnet_dense_latency.h:42]   --->   Operation 1341 'sext' 'sext_ln70_558' <Predicate = true> <Delay = 0.00>
ST_16 : Operation 1342 [1/1] (0.00ns)   --->   "%sext_ln70_559 = sext i16 %data_16_val_read" [firmware/nnet_utils/nnet_mult.h:70->firmware/nnet_utils/nnet_dense_latency.h:42]   --->   Operation 1342 'sext' 'sext_ln70_559' <Predicate = true> <Delay = 0.00>
ST_16 : Operation 1343 [1/1] (0.00ns)   --->   "%sext_ln70_560 = sext i16 %data_16_val_read" [firmware/nnet_utils/nnet_mult.h:70->firmware/nnet_utils/nnet_dense_latency.h:42]   --->   Operation 1343 'sext' 'sext_ln70_560' <Predicate = true> <Delay = 0.00>
ST_16 : Operation 1344 [1/1] (5.58ns)   --->   "%mul_ln73_4880 = mul i29 %sext_ln70_560, i29 3954" [firmware/nnet_utils/nnet_mult.h:73->firmware/nnet_utils/nnet_dense_latency.h:42]   --->   Operation 1344 'mul' 'mul_ln73_4880' <Predicate = true> <Delay = 5.58> <CoreInst = "Multiplier">   --->   Core 3 'Multiplier' <Latency = 0> <II = 1> <Delay = 5.58> <FuncUnit> <Opcode : 'mul'> <InPorts = 2> <OutPorts = 1>
ST_16 : Operation 1345 [1/1] (0.00ns)   --->   "%mult_5041 = partselect i19 @_ssdm_op_PartSelect.i19.i29.i32.i32, i29 %mul_ln73_4880, i32 10, i32 28" [firmware/nnet_utils/nnet_dense_latency.h:42]   --->   Operation 1345 'partselect' 'mult_5041' <Predicate = true> <Delay = 0.00>
ST_16 : Operation 1346 [1/1] (5.58ns)   --->   "%mul_ln73_4881 = mul i30 %sext_ln70_559, i30 1073736887" [firmware/nnet_utils/nnet_mult.h:73->firmware/nnet_utils/nnet_dense_latency.h:42]   --->   Operation 1346 'mul' 'mul_ln73_4881' <Predicate = true> <Delay = 5.58> <CoreInst = "Multiplier">   --->   Core 3 'Multiplier' <Latency = 0> <II = 1> <Delay = 5.58> <FuncUnit> <Opcode : 'mul'> <InPorts = 2> <OutPorts = 1>
ST_16 : Operation 1347 [1/1] (0.00ns)   --->   "%mult_5042 = partselect i20 @_ssdm_op_PartSelect.i20.i30.i32.i32, i30 %mul_ln73_4881, i32 10, i32 29" [firmware/nnet_utils/nnet_dense_latency.h:42]   --->   Operation 1347 'partselect' 'mult_5042' <Predicate = true> <Delay = 0.00>
ST_16 : Operation 1348 [1/1] (5.58ns)   --->   "%mul_ln73_4882 = mul i28 %sext_ln70_558, i28 1831" [firmware/nnet_utils/nnet_mult.h:73->firmware/nnet_utils/nnet_dense_latency.h:42]   --->   Operation 1348 'mul' 'mul_ln73_4882' <Predicate = true> <Delay = 5.58> <CoreInst = "Multiplier">   --->   Core 3 'Multiplier' <Latency = 0> <II = 1> <Delay = 5.58> <FuncUnit> <Opcode : 'mul'> <InPorts = 2> <OutPorts = 1>
ST_16 : Operation 1349 [1/1] (0.00ns)   --->   "%mult_5044 = partselect i18 @_ssdm_op_PartSelect.i18.i28.i32.i32, i28 %mul_ln73_4882, i32 10, i32 27" [firmware/nnet_utils/nnet_dense_latency.h:42]   --->   Operation 1349 'partselect' 'mult_5044' <Predicate = true> <Delay = 0.00>
ST_16 : Operation 1350 [1/1] (5.58ns)   --->   "%mul_ln73_4883 = mul i30 %sext_ln70_559, i30 4291" [firmware/nnet_utils/nnet_mult.h:73->firmware/nnet_utils/nnet_dense_latency.h:42]   --->   Operation 1350 'mul' 'mul_ln73_4883' <Predicate = true> <Delay = 5.58> <CoreInst = "Multiplier">   --->   Core 3 'Multiplier' <Latency = 0> <II = 1> <Delay = 5.58> <FuncUnit> <Opcode : 'mul'> <InPorts = 2> <OutPorts = 1>
ST_16 : Operation 1351 [1/1] (0.00ns)   --->   "%mult_5045 = partselect i20 @_ssdm_op_PartSelect.i20.i30.i32.i32, i30 %mul_ln73_4883, i32 10, i32 29" [firmware/nnet_utils/nnet_dense_latency.h:42]   --->   Operation 1351 'partselect' 'mult_5045' <Predicate = true> <Delay = 0.00>
ST_16 : Operation 1352 [1/1] (5.58ns)   --->   "%mul_ln73_4884 = mul i29 %sext_ln70_560, i29 536868717" [firmware/nnet_utils/nnet_mult.h:73->firmware/nnet_utils/nnet_dense_latency.h:42]   --->   Operation 1352 'mul' 'mul_ln73_4884' <Predicate = true> <Delay = 5.58> <CoreInst = "Multiplier">   --->   Core 3 'Multiplier' <Latency = 0> <II = 1> <Delay = 5.58> <FuncUnit> <Opcode : 'mul'> <InPorts = 2> <OutPorts = 1>
ST_16 : Operation 1353 [1/1] (0.00ns)   --->   "%mult_5046 = partselect i19 @_ssdm_op_PartSelect.i19.i29.i32.i32, i29 %mul_ln73_4884, i32 10, i32 28" [firmware/nnet_utils/nnet_dense_latency.h:42]   --->   Operation 1353 'partselect' 'mult_5046' <Predicate = true> <Delay = 0.00>
ST_16 : Operation 1354 [1/1] (5.58ns)   --->   "%mul_ln73_4885 = mul i26 %sext_ln70_557, i26 416" [firmware/nnet_utils/nnet_mult.h:73->firmware/nnet_utils/nnet_dense_latency.h:42]   --->   Operation 1354 'mul' 'mul_ln73_4885' <Predicate = true> <Delay = 5.58> <CoreInst = "Multiplier">   --->   Core 3 'Multiplier' <Latency = 0> <II = 1> <Delay = 5.58> <FuncUnit> <Opcode : 'mul'> <InPorts = 2> <OutPorts = 1>
ST_16 : Operation 1355 [1/1] (0.00ns)   --->   "%mult_5047 = partselect i16 @_ssdm_op_PartSelect.i16.i26.i32.i32, i26 %mul_ln73_4885, i32 10, i32 25" [firmware/nnet_utils/nnet_dense_latency.h:42]   --->   Operation 1355 'partselect' 'mult_5047' <Predicate = true> <Delay = 0.00>
ST_16 : Operation 1356 [1/1] (5.58ns)   --->   "%mul_ln73_4886 = mul i28 %sext_ln70_558, i28 1549" [firmware/nnet_utils/nnet_mult.h:73->firmware/nnet_utils/nnet_dense_latency.h:42]   --->   Operation 1356 'mul' 'mul_ln73_4886' <Predicate = true> <Delay = 5.58> <CoreInst = "Multiplier">   --->   Core 3 'Multiplier' <Latency = 0> <II = 1> <Delay = 5.58> <FuncUnit> <Opcode : 'mul'> <InPorts = 2> <OutPorts = 1>
ST_16 : Operation 1357 [1/1] (0.00ns)   --->   "%mult_5048 = partselect i18 @_ssdm_op_PartSelect.i18.i28.i32.i32, i28 %mul_ln73_4886, i32 10, i32 27" [firmware/nnet_utils/nnet_dense_latency.h:42]   --->   Operation 1357 'partselect' 'mult_5048' <Predicate = true> <Delay = 0.00>
ST_16 : Operation 1358 [1/1] (5.58ns)   --->   "%mul_ln73_4887 = mul i28 %sext_ln70_558, i28 268433517" [firmware/nnet_utils/nnet_mult.h:73->firmware/nnet_utils/nnet_dense_latency.h:42]   --->   Operation 1358 'mul' 'mul_ln73_4887' <Predicate = true> <Delay = 5.58> <CoreInst = "Multiplier">   --->   Core 3 'Multiplier' <Latency = 0> <II = 1> <Delay = 5.58> <FuncUnit> <Opcode : 'mul'> <InPorts = 2> <OutPorts = 1>
ST_16 : Operation 1359 [1/1] (0.00ns)   --->   "%mult_5049 = partselect i18 @_ssdm_op_PartSelect.i18.i28.i32.i32, i28 %mul_ln73_4887, i32 10, i32 27" [firmware/nnet_utils/nnet_dense_latency.h:42]   --->   Operation 1359 'partselect' 'mult_5049' <Predicate = true> <Delay = 0.00>
ST_16 : Operation 1360 [1/1] (5.58ns)   --->   "%mul_ln73_4888 = mul i30 %sext_ln70_559, i30 1073736343" [firmware/nnet_utils/nnet_mult.h:73->firmware/nnet_utils/nnet_dense_latency.h:42]   --->   Operation 1360 'mul' 'mul_ln73_4888' <Predicate = true> <Delay = 5.58> <CoreInst = "Multiplier">   --->   Core 3 'Multiplier' <Latency = 0> <II = 1> <Delay = 5.58> <FuncUnit> <Opcode : 'mul'> <InPorts = 2> <OutPorts = 1>
ST_16 : Operation 1361 [1/1] (0.00ns)   --->   "%mult_5050 = partselect i20 @_ssdm_op_PartSelect.i20.i30.i32.i32, i30 %mul_ln73_4888, i32 10, i32 29" [firmware/nnet_utils/nnet_dense_latency.h:42]   --->   Operation 1361 'partselect' 'mult_5050' <Predicate = true> <Delay = 0.00>
ST_16 : Operation 1362 [1/1] (5.58ns)   --->   "%mul_ln73_4889 = mul i30 %sext_ln70_559, i30 1073737236" [firmware/nnet_utils/nnet_mult.h:73->firmware/nnet_utils/nnet_dense_latency.h:42]   --->   Operation 1362 'mul' 'mul_ln73_4889' <Predicate = true> <Delay = 5.58> <CoreInst = "Multiplier">   --->   Core 3 'Multiplier' <Latency = 0> <II = 1> <Delay = 5.58> <FuncUnit> <Opcode : 'mul'> <InPorts = 2> <OutPorts = 1>
ST_16 : Operation 1363 [1/1] (0.00ns)   --->   "%mult_5051 = partselect i20 @_ssdm_op_PartSelect.i20.i30.i32.i32, i30 %mul_ln73_4889, i32 10, i32 29" [firmware/nnet_utils/nnet_dense_latency.h:42]   --->   Operation 1363 'partselect' 'mult_5051' <Predicate = true> <Delay = 0.00>
ST_16 : Operation 1364 [1/1] (5.58ns)   --->   "%mul_ln73_4890 = mul i29 %sext_ln70_560, i29 536868623" [firmware/nnet_utils/nnet_mult.h:73->firmware/nnet_utils/nnet_dense_latency.h:42]   --->   Operation 1364 'mul' 'mul_ln73_4890' <Predicate = true> <Delay = 5.58> <CoreInst = "Multiplier">   --->   Core 3 'Multiplier' <Latency = 0> <II = 1> <Delay = 5.58> <FuncUnit> <Opcode : 'mul'> <InPorts = 2> <OutPorts = 1>
ST_16 : Operation 1365 [1/1] (0.00ns)   --->   "%mult_5052 = partselect i19 @_ssdm_op_PartSelect.i19.i29.i32.i32, i29 %mul_ln73_4890, i32 10, i32 28" [firmware/nnet_utils/nnet_dense_latency.h:42]   --->   Operation 1365 'partselect' 'mult_5052' <Predicate = true> <Delay = 0.00>
ST_16 : Operation 1366 [1/1] (5.58ns)   --->   "%mul_ln73_4891 = mul i25 %sext_ln70_556, i25 33554290" [firmware/nnet_utils/nnet_mult.h:73->firmware/nnet_utils/nnet_dense_latency.h:42]   --->   Operation 1366 'mul' 'mul_ln73_4891' <Predicate = true> <Delay = 5.58> <CoreInst = "Multiplier">   --->   Core 3 'Multiplier' <Latency = 0> <II = 1> <Delay = 5.58> <FuncUnit> <Opcode : 'mul'> <InPorts = 2> <OutPorts = 1>
ST_16 : Operation 1367 [1/1] (0.00ns)   --->   "%mult_5053 = partselect i15 @_ssdm_op_PartSelect.i15.i25.i32.i32, i25 %mul_ln73_4891, i32 10, i32 24" [firmware/nnet_utils/nnet_dense_latency.h:42]   --->   Operation 1367 'partselect' 'mult_5053' <Predicate = true> <Delay = 0.00>
ST_16 : Operation 1368 [1/1] (5.58ns)   --->   "%mul_ln73_4892 = mul i29 %sext_ln70_560, i29 536867440" [firmware/nnet_utils/nnet_mult.h:73->firmware/nnet_utils/nnet_dense_latency.h:42]   --->   Operation 1368 'mul' 'mul_ln73_4892' <Predicate = true> <Delay = 5.58> <CoreInst = "Multiplier">   --->   Core 3 'Multiplier' <Latency = 0> <II = 1> <Delay = 5.58> <FuncUnit> <Opcode : 'mul'> <InPorts = 2> <OutPorts = 1>
ST_16 : Operation 1369 [1/1] (0.00ns)   --->   "%mult_5054 = partselect i19 @_ssdm_op_PartSelect.i19.i29.i32.i32, i29 %mul_ln73_4892, i32 10, i32 28" [firmware/nnet_utils/nnet_dense_latency.h:42]   --->   Operation 1369 'partselect' 'mult_5054' <Predicate = true> <Delay = 0.00>
ST_16 : Operation 1370 [1/1] (0.00ns)   --->   "%sext_ln58_3592 = sext i23 %add_ln58_5236" [firmware/nnet_utils/nnet_dense_latency.h:58]   --->   Operation 1370 'sext' 'sext_ln58_3592' <Predicate = true> <Delay = 0.00>
ST_16 : Operation 1371 [1/1] (0.00ns)   --->   "%sext_ln58_3595 = sext i22 %add_ln58_5239" [firmware/nnet_utils/nnet_dense_latency.h:58]   --->   Operation 1371 'sext' 'sext_ln58_3595' <Predicate = true> <Delay = 0.00>
ST_16 : Operation 1372 [1/1] (0.00ns)   --->   "%sext_ln58_3596 = sext i21 %add_ln58_5240" [firmware/nnet_utils/nnet_dense_latency.h:58]   --->   Operation 1372 'sext' 'sext_ln58_3596' <Predicate = true> <Delay = 0.00>
ST_16 : Operation 1373 [1/1] (2.19ns)   --->   "%add_ln58_5241 = add i21 %sext_ln17_5026, i21 %sext_ln17_5042" [firmware/nnet_utils/nnet_dense_latency.h:58]   --->   Operation 1373 'add' 'add_ln58_5241' <Predicate = true> <Delay = 2.19> <CoreInst = "Adder">   --->   Core 1 'Adder' <Latency = 0> <II = 1> <Delay = 2.19> <FuncUnit> <Opcode : 'add' 'sub'> <InPorts = 2> <OutPorts = 1>
ST_16 : Operation 1374 [1/1] (0.00ns)   --->   "%sext_ln58_3597 = sext i21 %add_ln58_5241" [firmware/nnet_utils/nnet_dense_latency.h:58]   --->   Operation 1374 'sext' 'sext_ln58_3597' <Predicate = true> <Delay = 0.00>
ST_16 : Operation 1375 [1/1] (2.22ns)   --->   "%add_ln58_5242 = add i22 %sext_ln58_3597, i22 %sext_ln58_3596" [firmware/nnet_utils/nnet_dense_latency.h:58]   --->   Operation 1375 'add' 'add_ln58_5242' <Predicate = true> <Delay = 2.22> <CoreInst = "Adder">   --->   Core 1 'Adder' <Latency = 0> <II = 1> <Delay = 2.22> <FuncUnit> <Opcode : 'add' 'sub'> <InPorts = 2> <OutPorts = 1>
ST_16 : Operation 1376 [1/1] (0.00ns)   --->   "%sext_ln58_3598 = sext i22 %add_ln58_5242" [firmware/nnet_utils/nnet_dense_latency.h:58]   --->   Operation 1376 'sext' 'sext_ln58_3598' <Predicate = true> <Delay = 0.00>
ST_16 : Operation 1377 [1/1] (2.25ns)   --->   "%add_ln58_5243 = add i23 %sext_ln58_3598, i23 %sext_ln58_3595" [firmware/nnet_utils/nnet_dense_latency.h:58]   --->   Operation 1377 'add' 'add_ln58_5243' <Predicate = true> <Delay = 2.25> <CoreInst = "Adder">   --->   Core 1 'Adder' <Latency = 0> <II = 1> <Delay = 2.25> <FuncUnit> <Opcode : 'add' 'sub'> <InPorts = 2> <OutPorts = 1>
ST_16 : Operation 1378 [1/1] (0.00ns)   --->   "%sext_ln58_3599 = sext i23 %add_ln58_5243" [firmware/nnet_utils/nnet_dense_latency.h:58]   --->   Operation 1378 'sext' 'sext_ln58_3599' <Predicate = true> <Delay = 0.00>
ST_16 : Operation 1379 [1/1] (2.28ns)   --->   "%add_ln58_5244 = add i24 %sext_ln58_3599, i24 %sext_ln58_3592" [firmware/nnet_utils/nnet_dense_latency.h:58]   --->   Operation 1379 'add' 'add_ln58_5244' <Predicate = true> <Delay = 2.28> <CoreInst = "Adder">   --->   Core 1 'Adder' <Latency = 0> <II = 1> <Delay = 2.28> <FuncUnit> <Opcode : 'add' 'sub'> <InPorts = 2> <OutPorts = 1>
ST_16 : Operation 1380 [1/1] (0.00ns)   --->   "%sext_ln58_3623 = sext i23 %add_ln58_5268" [firmware/nnet_utils/nnet_dense_latency.h:58]   --->   Operation 1380 'sext' 'sext_ln58_3623' <Predicate = true> <Delay = 0.00>
ST_16 : Operation 1381 [1/1] (0.00ns)   --->   "%sext_ln58_3625 = sext i21 %add_ln58_5271" [firmware/nnet_utils/nnet_dense_latency.h:58]   --->   Operation 1381 'sext' 'sext_ln58_3625' <Predicate = true> <Delay = 0.00>
ST_16 : Operation 1382 [1/1] (0.00ns)   --->   "%sext_ln58_3626 = sext i21 %add_ln58_5272" [firmware/nnet_utils/nnet_dense_latency.h:58]   --->   Operation 1382 'sext' 'sext_ln58_3626' <Predicate = true> <Delay = 0.00>
ST_16 : Operation 1383 [1/1] (2.16ns)   --->   "%add_ln58_5273 = add i20 %sext_ln17_5027, i20 %sext_ln17_5043" [firmware/nnet_utils/nnet_dense_latency.h:58]   --->   Operation 1383 'add' 'add_ln58_5273' <Predicate = true> <Delay = 2.16> <CoreInst = "Adder">   --->   Core 1 'Adder' <Latency = 0> <II = 1> <Delay = 2.16> <FuncUnit> <Opcode : 'add' 'sub'> <InPorts = 2> <OutPorts = 1>
ST_16 : Operation 1384 [1/1] (0.00ns)   --->   "%sext_ln58_3627 = sext i20 %add_ln58_5273" [firmware/nnet_utils/nnet_dense_latency.h:58]   --->   Operation 1384 'sext' 'sext_ln58_3627' <Predicate = true> <Delay = 0.00>
ST_16 : Operation 1385 [1/1] (2.22ns)   --->   "%add_ln58_5274 = add i22 %sext_ln58_3627, i22 %sext_ln58_3626" [firmware/nnet_utils/nnet_dense_latency.h:58]   --->   Operation 1385 'add' 'add_ln58_5274' <Predicate = true> <Delay = 2.22> <CoreInst = "Adder">   --->   Core 1 'Adder' <Latency = 0> <II = 1> <Delay = 2.22> <FuncUnit> <Opcode : 'add' 'sub'> <InPorts = 2> <OutPorts = 1>
ST_16 : Operation 1386 [1/1] (0.00ns)   --->   "%sext_ln58_3628 = sext i22 %add_ln58_5274" [firmware/nnet_utils/nnet_dense_latency.h:58]   --->   Operation 1386 'sext' 'sext_ln58_3628' <Predicate = true> <Delay = 0.00>
ST_16 : Operation 1387 [1/1] (2.25ns)   --->   "%add_ln58_5275 = add i23 %sext_ln58_3628, i23 %sext_ln58_3625" [firmware/nnet_utils/nnet_dense_latency.h:58]   --->   Operation 1387 'add' 'add_ln58_5275' <Predicate = true> <Delay = 2.25> <CoreInst = "Adder">   --->   Core 1 'Adder' <Latency = 0> <II = 1> <Delay = 2.25> <FuncUnit> <Opcode : 'add' 'sub'> <InPorts = 2> <OutPorts = 1>
ST_16 : Operation 1388 [1/1] (0.00ns)   --->   "%sext_ln58_3629 = sext i23 %add_ln58_5275" [firmware/nnet_utils/nnet_dense_latency.h:58]   --->   Operation 1388 'sext' 'sext_ln58_3629' <Predicate = true> <Delay = 0.00>
ST_16 : Operation 1389 [1/1] (2.28ns)   --->   "%add_ln58_5276 = add i24 %sext_ln58_3629, i24 %sext_ln58_3623" [firmware/nnet_utils/nnet_dense_latency.h:58]   --->   Operation 1389 'add' 'add_ln58_5276' <Predicate = true> <Delay = 2.28> <CoreInst = "Adder">   --->   Core 1 'Adder' <Latency = 0> <II = 1> <Delay = 2.28> <FuncUnit> <Opcode : 'add' 'sub'> <InPorts = 2> <OutPorts = 1>
ST_16 : Operation 1390 [1/1] (0.00ns)   --->   "%sext_ln58_3651 = sext i23 %add_ln58_5300" [firmware/nnet_utils/nnet_dense_latency.h:58]   --->   Operation 1390 'sext' 'sext_ln58_3651' <Predicate = true> <Delay = 0.00>
ST_16 : Operation 1391 [1/1] (0.00ns)   --->   "%sext_ln58_3654 = sext i21 %add_ln58_5303" [firmware/nnet_utils/nnet_dense_latency.h:58]   --->   Operation 1391 'sext' 'sext_ln58_3654' <Predicate = true> <Delay = 0.00>
ST_16 : Operation 1392 [1/1] (0.00ns)   --->   "%sext_ln58_3655 = sext i21 %add_ln58_5304" [firmware/nnet_utils/nnet_dense_latency.h:58]   --->   Operation 1392 'sext' 'sext_ln58_3655' <Predicate = true> <Delay = 0.00>
ST_16 : Operation 1393 [1/1] (2.19ns)   --->   "%add_ln58_5305 = add i21 %sext_ln17_5028, i21 %sext_ln17_5044" [firmware/nnet_utils/nnet_dense_latency.h:58]   --->   Operation 1393 'add' 'add_ln58_5305' <Predicate = true> <Delay = 2.19> <CoreInst = "Adder">   --->   Core 1 'Adder' <Latency = 0> <II = 1> <Delay = 2.19> <FuncUnit> <Opcode : 'add' 'sub'> <InPorts = 2> <OutPorts = 1>
ST_16 : Operation 1394 [1/1] (0.00ns)   --->   "%sext_ln58_3656 = sext i21 %add_ln58_5305" [firmware/nnet_utils/nnet_dense_latency.h:58]   --->   Operation 1394 'sext' 'sext_ln58_3656' <Predicate = true> <Delay = 0.00>
ST_16 : Operation 1395 [1/1] (2.22ns)   --->   "%add_ln58_5306 = add i22 %sext_ln58_3656, i22 %sext_ln58_3655" [firmware/nnet_utils/nnet_dense_latency.h:58]   --->   Operation 1395 'add' 'add_ln58_5306' <Predicate = true> <Delay = 2.22> <CoreInst = "Adder">   --->   Core 1 'Adder' <Latency = 0> <II = 1> <Delay = 2.22> <FuncUnit> <Opcode : 'add' 'sub'> <InPorts = 2> <OutPorts = 1>
ST_16 : Operation 1396 [1/1] (0.00ns)   --->   "%sext_ln58_3657 = sext i22 %add_ln58_5306" [firmware/nnet_utils/nnet_dense_latency.h:58]   --->   Operation 1396 'sext' 'sext_ln58_3657' <Predicate = true> <Delay = 0.00>
ST_16 : Operation 1397 [1/1] (2.25ns)   --->   "%add_ln58_5307 = add i23 %sext_ln58_3657, i23 %sext_ln58_3654" [firmware/nnet_utils/nnet_dense_latency.h:58]   --->   Operation 1397 'add' 'add_ln58_5307' <Predicate = true> <Delay = 2.25> <CoreInst = "Adder">   --->   Core 1 'Adder' <Latency = 0> <II = 1> <Delay = 2.25> <FuncUnit> <Opcode : 'add' 'sub'> <InPorts = 2> <OutPorts = 1>
ST_16 : Operation 1398 [1/1] (0.00ns)   --->   "%sext_ln58_3658 = sext i23 %add_ln58_5307" [firmware/nnet_utils/nnet_dense_latency.h:58]   --->   Operation 1398 'sext' 'sext_ln58_3658' <Predicate = true> <Delay = 0.00>
ST_16 : Operation 1399 [1/1] (2.28ns)   --->   "%add_ln58_5308 = add i24 %sext_ln58_3658, i24 %sext_ln58_3651" [firmware/nnet_utils/nnet_dense_latency.h:58]   --->   Operation 1399 'add' 'add_ln58_5308' <Predicate = true> <Delay = 2.28> <CoreInst = "Adder">   --->   Core 1 'Adder' <Latency = 0> <II = 1> <Delay = 2.28> <FuncUnit> <Opcode : 'add' 'sub'> <InPorts = 2> <OutPorts = 1>

State 17 <SV = 16> <Delay = 7.77>
ST_17 : Operation 1400 [1/1] (0.00ns)   --->   "%data_18_val_read = read i16 @_ssdm_op_Read.ap_auto.i16, i16 %data_18_val" [firmware/nnet_utils/nnet_mult.h:70->firmware/nnet_utils/nnet_dense_latency.h:42]   --->   Operation 1400 'read' 'data_18_val_read' <Predicate = true> <Delay = 0.00>
ST_17 : Operation 1401 [1/1] (0.00ns)   --->   "%data_17_val_read = read i16 @_ssdm_op_Read.ap_auto.i16, i16 %data_17_val" [firmware/nnet_utils/nnet_mult.h:70->firmware/nnet_utils/nnet_dense_latency.h:42]   --->   Operation 1401 'read' 'data_17_val_read' <Predicate = true> <Delay = 0.00>
ST_17 : Operation 1402 [1/1] (0.00ns)   --->   "%sext_ln70_555 = sext i16 %data_16_val_read" [firmware/nnet_utils/nnet_mult.h:70->firmware/nnet_utils/nnet_dense_latency.h:42]   --->   Operation 1402 'sext' 'sext_ln70_555' <Predicate = true> <Delay = 0.00>
ST_17 : Operation 1403 [1/1] (0.00ns)   --->   "%sext_ln17_5045 = sext i19 %mult_5041" [firmware/nnet_utils/nnet_dense_latency.h:17]   --->   Operation 1403 'sext' 'sext_ln17_5045' <Predicate = true> <Delay = 0.00>
ST_17 : Operation 1404 [1/1] (0.00ns)   --->   "%sext_ln17_5046 = sext i20 %mult_5042" [firmware/nnet_utils/nnet_dense_latency.h:17]   --->   Operation 1404 'sext' 'sext_ln17_5046' <Predicate = true> <Delay = 0.00>
ST_17 : Operation 1405 [1/1] (0.00ns)   --->   "%shl_ln73_256 = bitconcatenate i22 @_ssdm_op_BitConcatenate.i22.i16.i6, i16 %data_16_val_read, i6 0" [firmware/nnet_utils/nnet_mult.h:73->firmware/nnet_utils/nnet_dense_latency.h:42]   --->   Operation 1405 'bitconcatenate' 'shl_ln73_256' <Predicate = true> <Delay = 0.00>
ST_17 : Operation 1406 [1/1] (0.00ns)   --->   "%sext_ln73_288 = sext i22 %shl_ln73_256" [firmware/nnet_utils/nnet_mult.h:73->firmware/nnet_utils/nnet_dense_latency.h:42]   --->   Operation 1406 'sext' 'sext_ln73_288' <Predicate = true> <Delay = 0.00>
ST_17 : Operation 1407 [1/1] (0.00ns) (grouped into TernaryAdder)   --->   "%sub_ln73_171 = sub i23 0, i23 %sext_ln73_288" [firmware/nnet_utils/nnet_mult.h:73->firmware/nnet_utils/nnet_dense_latency.h:42]   --->   Operation 1407 'sub' 'sub_ln73_171' <Predicate = true> <Delay = 0.00> <CoreInst = "TAddSub">   --->   Core 10 'TAddSub' <Latency = 0> <II = 1> <Delay = 2.03> <IPBlock> <Opcode : '<invalid operator> ' 'add' 'sub'> <InPorts = 3> <OutPorts = 1> <Sync> <CReg>
ST_17 : Operation 1408 [1/1] (0.00ns)   --->   "%shl_ln73_257 = bitconcatenate i19 @_ssdm_op_BitConcatenate.i19.i16.i3, i16 %data_16_val_read, i3 0" [firmware/nnet_utils/nnet_mult.h:73->firmware/nnet_utils/nnet_dense_latency.h:42]   --->   Operation 1408 'bitconcatenate' 'shl_ln73_257' <Predicate = true> <Delay = 0.00>
ST_17 : Operation 1409 [1/1] (0.00ns)   --->   "%sext_ln73_289 = sext i19 %shl_ln73_257" [firmware/nnet_utils/nnet_mult.h:73->firmware/nnet_utils/nnet_dense_latency.h:42]   --->   Operation 1409 'sext' 'sext_ln73_289' <Predicate = true> <Delay = 0.00>
ST_17 : Operation 1410 [1/1] (0.00ns)   --->   "%sext_ln73_290 = sext i19 %shl_ln73_257" [firmware/nnet_utils/nnet_mult.h:73->firmware/nnet_utils/nnet_dense_latency.h:42]   --->   Operation 1410 'sext' 'sext_ln73_290' <Predicate = true> <Delay = 0.00>
ST_17 : Operation 1411 [1/1] (4.10ns) (root node of TernaryAdder)   --->   "%sub_ln73_172 = sub i23 %sub_ln73_171, i23 %sext_ln73_290" [firmware/nnet_utils/nnet_mult.h:73->firmware/nnet_utils/nnet_dense_latency.h:42]   --->   Operation 1411 'sub' 'sub_ln73_172' <Predicate = true> <Delay = 4.10> <CoreInst = "TAddSub">   --->   Core 10 'TAddSub' <Latency = 0> <II = 1> <Delay = 2.03> <IPBlock> <Opcode : '<invalid operator> ' 'add' 'sub'> <InPorts = 3> <OutPorts = 1> <Sync> <CReg>
ST_17 : Operation 1412 [1/1] (0.00ns)   --->   "%mult_5043 = partselect i13 @_ssdm_op_PartSelect.i13.i23.i32.i32, i23 %sub_ln73_172, i32 10, i32 22" [firmware/nnet_utils/nnet_dense_latency.h:42]   --->   Operation 1412 'partselect' 'mult_5043' <Predicate = true> <Delay = 0.00>
ST_17 : Operation 1413 [1/1] (0.00ns)   --->   "%sext_ln17_5047 = sext i13 %mult_5043" [firmware/nnet_utils/nnet_dense_latency.h:17]   --->   Operation 1413 'sext' 'sext_ln17_5047' <Predicate = true> <Delay = 0.00>
ST_17 : Operation 1414 [1/1] (0.00ns)   --->   "%sext_ln17_5048 = sext i18 %mult_5044" [firmware/nnet_utils/nnet_dense_latency.h:17]   --->   Operation 1414 'sext' 'sext_ln17_5048' <Predicate = true> <Delay = 0.00>
ST_17 : Operation 1415 [1/1] (0.00ns)   --->   "%sext_ln17_5050 = sext i19 %mult_5046" [firmware/nnet_utils/nnet_dense_latency.h:17]   --->   Operation 1415 'sext' 'sext_ln17_5050' <Predicate = true> <Delay = 0.00>
ST_17 : Operation 1416 [1/1] (0.00ns)   --->   "%sext_ln17_5051 = sext i16 %mult_5047" [firmware/nnet_utils/nnet_dense_latency.h:17]   --->   Operation 1416 'sext' 'sext_ln17_5051' <Predicate = true> <Delay = 0.00>
ST_17 : Operation 1417 [1/1] (0.00ns)   --->   "%sext_ln17_5053 = sext i18 %mult_5049" [firmware/nnet_utils/nnet_dense_latency.h:17]   --->   Operation 1417 'sext' 'sext_ln17_5053' <Predicate = true> <Delay = 0.00>
ST_17 : Operation 1418 [1/1] (0.00ns)   --->   "%sext_ln17_5054 = sext i20 %mult_5050" [firmware/nnet_utils/nnet_dense_latency.h:17]   --->   Operation 1418 'sext' 'sext_ln17_5054' <Predicate = true> <Delay = 0.00>
ST_17 : Operation 1419 [1/1] (0.00ns)   --->   "%sext_ln17_5055 = sext i20 %mult_5051" [firmware/nnet_utils/nnet_dense_latency.h:17]   --->   Operation 1419 'sext' 'sext_ln17_5055' <Predicate = true> <Delay = 0.00>
ST_17 : Operation 1420 [1/1] (0.00ns)   --->   "%sext_ln17_5056 = sext i19 %mult_5052" [firmware/nnet_utils/nnet_dense_latency.h:17]   --->   Operation 1420 'sext' 'sext_ln17_5056' <Predicate = true> <Delay = 0.00>
ST_17 : Operation 1421 [1/1] (0.00ns)   --->   "%sext_ln17_5057 = sext i15 %mult_5053" [firmware/nnet_utils/nnet_dense_latency.h:17]   --->   Operation 1421 'sext' 'sext_ln17_5057' <Predicate = true> <Delay = 0.00>
ST_17 : Operation 1422 [1/1] (0.00ns)   --->   "%sext_ln17_5058 = sext i19 %mult_5054" [firmware/nnet_utils/nnet_dense_latency.h:17]   --->   Operation 1422 'sext' 'sext_ln17_5058' <Predicate = true> <Delay = 0.00>
ST_17 : Operation 1423 [1/1] (5.58ns)   --->   "%mul_ln73_4893 = mul i27 %sext_ln70_555, i27 688" [firmware/nnet_utils/nnet_mult.h:73->firmware/nnet_utils/nnet_dense_latency.h:42]   --->   Operation 1423 'mul' 'mul_ln73_4893' <Predicate = true> <Delay = 5.58> <CoreInst = "Multiplier">   --->   Core 3 'Multiplier' <Latency = 0> <II = 1> <Delay = 5.58> <FuncUnit> <Opcode : 'mul'> <InPorts = 2> <OutPorts = 1>
ST_17 : Operation 1424 [1/1] (0.00ns)   --->   "%mult_5055 = partselect i17 @_ssdm_op_PartSelect.i17.i27.i32.i32, i27 %mul_ln73_4893, i32 10, i32 26" [firmware/nnet_utils/nnet_dense_latency.h:42]   --->   Operation 1424 'partselect' 'mult_5055' <Predicate = true> <Delay = 0.00>
ST_17 : Operation 1425 [1/1] (0.00ns)   --->   "%sext_ln17_5059 = sext i17 %mult_5055" [firmware/nnet_utils/nnet_dense_latency.h:17]   --->   Operation 1425 'sext' 'sext_ln17_5059' <Predicate = true> <Delay = 0.00>
ST_17 : Operation 1426 [1/1] (0.00ns)   --->   "%shl_ln73_258 = bitconcatenate i25 @_ssdm_op_BitConcatenate.i25.i16.i9, i16 %data_16_val_read, i9 0" [firmware/nnet_utils/nnet_mult.h:73->firmware/nnet_utils/nnet_dense_latency.h:42]   --->   Operation 1426 'bitconcatenate' 'shl_ln73_258' <Predicate = true> <Delay = 0.00>
ST_17 : Operation 1427 [1/1] (0.00ns)   --->   "%sext_ln73_291 = sext i25 %shl_ln73_258" [firmware/nnet_utils/nnet_mult.h:73->firmware/nnet_utils/nnet_dense_latency.h:42]   --->   Operation 1427 'sext' 'sext_ln73_291' <Predicate = true> <Delay = 0.00>
ST_17 : Operation 1428 [1/1] (2.34ns)   --->   "%add_ln73_36 = add i26 %sext_ln73_291, i26 %sext_ln73_289" [firmware/nnet_utils/nnet_mult.h:73->firmware/nnet_utils/nnet_dense_latency.h:42]   --->   Operation 1428 'add' 'add_ln73_36' <Predicate = true> <Delay = 2.34> <CoreInst = "Adder">   --->   Core 1 'Adder' <Latency = 0> <II = 1> <Delay = 2.34> <FuncUnit> <Opcode : 'add' 'sub'> <InPorts = 2> <OutPorts = 1>
ST_17 : Operation 1429 [1/1] (0.00ns)   --->   "%mult_5056 = partselect i16 @_ssdm_op_PartSelect.i16.i26.i32.i32, i26 %add_ln73_36, i32 10, i32 25" [firmware/nnet_utils/nnet_dense_latency.h:42]   --->   Operation 1429 'partselect' 'mult_5056' <Predicate = true> <Delay = 0.00>
ST_17 : Operation 1430 [1/1] (0.00ns)   --->   "%sext_ln17_5060 = sext i16 %mult_5056" [firmware/nnet_utils/nnet_dense_latency.h:17]   --->   Operation 1430 'sext' 'sext_ln17_5060' <Predicate = true> <Delay = 0.00>
ST_17 : Operation 1431 [1/1] (0.00ns)   --->   "%sext_ln70_561 = sext i16 %data_17_val_read" [firmware/nnet_utils/nnet_mult.h:70->firmware/nnet_utils/nnet_dense_latency.h:42]   --->   Operation 1431 'sext' 'sext_ln70_561' <Predicate = true> <Delay = 0.00>
ST_17 : Operation 1432 [1/1] (0.00ns)   --->   "%sext_ln70_562 = sext i16 %data_17_val_read" [firmware/nnet_utils/nnet_mult.h:70->firmware/nnet_utils/nnet_dense_latency.h:42]   --->   Operation 1432 'sext' 'sext_ln70_562' <Predicate = true> <Delay = 0.00>
ST_17 : Operation 1433 [1/1] (0.00ns)   --->   "%sext_ln70_563 = sext i16 %data_17_val_read" [firmware/nnet_utils/nnet_mult.h:70->firmware/nnet_utils/nnet_dense_latency.h:42]   --->   Operation 1433 'sext' 'sext_ln70_563' <Predicate = true> <Delay = 0.00>
ST_17 : Operation 1434 [1/1] (0.00ns)   --->   "%sext_ln70_564 = sext i16 %data_17_val_read" [firmware/nnet_utils/nnet_mult.h:70->firmware/nnet_utils/nnet_dense_latency.h:42]   --->   Operation 1434 'sext' 'sext_ln70_564' <Predicate = true> <Delay = 0.00>
ST_17 : Operation 1435 [1/1] (0.00ns)   --->   "%sext_ln70_565 = sext i16 %data_17_val_read" [firmware/nnet_utils/nnet_mult.h:70->firmware/nnet_utils/nnet_dense_latency.h:42]   --->   Operation 1435 'sext' 'sext_ln70_565' <Predicate = true> <Delay = 0.00>
ST_17 : Operation 1436 [1/1] (5.58ns)   --->   "%mul_ln73_4894 = mul i29 %sext_ln70_565, i29 536867032" [firmware/nnet_utils/nnet_mult.h:73->firmware/nnet_utils/nnet_dense_latency.h:42]   --->   Operation 1436 'mul' 'mul_ln73_4894' <Predicate = true> <Delay = 5.58> <CoreInst = "Multiplier">   --->   Core 3 'Multiplier' <Latency = 0> <II = 1> <Delay = 5.58> <FuncUnit> <Opcode : 'mul'> <InPorts = 2> <OutPorts = 1>
ST_17 : Operation 1437 [1/1] (0.00ns)   --->   "%mult_5057 = partselect i19 @_ssdm_op_PartSelect.i19.i29.i32.i32, i29 %mul_ln73_4894, i32 10, i32 28" [firmware/nnet_utils/nnet_dense_latency.h:42]   --->   Operation 1437 'partselect' 'mult_5057' <Predicate = true> <Delay = 0.00>
ST_17 : Operation 1438 [1/1] (0.00ns)   --->   "%sext_ln17_5061 = sext i19 %mult_5057" [firmware/nnet_utils/nnet_dense_latency.h:17]   --->   Operation 1438 'sext' 'sext_ln17_5061' <Predicate = true> <Delay = 0.00>
ST_17 : Operation 1439 [1/1] (5.58ns)   --->   "%mul_ln73_4895 = mul i30 %sext_ln70_564, i30 1073736812" [firmware/nnet_utils/nnet_mult.h:73->firmware/nnet_utils/nnet_dense_latency.h:42]   --->   Operation 1439 'mul' 'mul_ln73_4895' <Predicate = true> <Delay = 5.58> <CoreInst = "Multiplier">   --->   Core 3 'Multiplier' <Latency = 0> <II = 1> <Delay = 5.58> <FuncUnit> <Opcode : 'mul'> <InPorts = 2> <OutPorts = 1>
ST_17 : Operation 1440 [1/1] (0.00ns)   --->   "%mult_5058 = partselect i20 @_ssdm_op_PartSelect.i20.i30.i32.i32, i30 %mul_ln73_4895, i32 10, i32 29" [firmware/nnet_utils/nnet_dense_latency.h:42]   --->   Operation 1440 'partselect' 'mult_5058' <Predicate = true> <Delay = 0.00>
ST_17 : Operation 1441 [1/1] (0.00ns)   --->   "%sext_ln17_5062 = sext i20 %mult_5058" [firmware/nnet_utils/nnet_dense_latency.h:17]   --->   Operation 1441 'sext' 'sext_ln17_5062' <Predicate = true> <Delay = 0.00>
ST_17 : Operation 1442 [1/1] (5.58ns)   --->   "%mul_ln73_4896 = mul i30 %sext_ln70_564, i30 1073736167" [firmware/nnet_utils/nnet_mult.h:73->firmware/nnet_utils/nnet_dense_latency.h:42]   --->   Operation 1442 'mul' 'mul_ln73_4896' <Predicate = true> <Delay = 5.58> <CoreInst = "Multiplier">   --->   Core 3 'Multiplier' <Latency = 0> <II = 1> <Delay = 5.58> <FuncUnit> <Opcode : 'mul'> <InPorts = 2> <OutPorts = 1>
ST_17 : Operation 1443 [1/1] (0.00ns)   --->   "%mult_5059 = partselect i20 @_ssdm_op_PartSelect.i20.i30.i32.i32, i30 %mul_ln73_4896, i32 10, i32 29" [firmware/nnet_utils/nnet_dense_latency.h:42]   --->   Operation 1443 'partselect' 'mult_5059' <Predicate = true> <Delay = 0.00>
ST_17 : Operation 1444 [1/1] (0.00ns)   --->   "%sext_ln17_5063 = sext i20 %mult_5059" [firmware/nnet_utils/nnet_dense_latency.h:17]   --->   Operation 1444 'sext' 'sext_ln17_5063' <Predicate = true> <Delay = 0.00>
ST_17 : Operation 1445 [1/1] (5.58ns)   --->   "%mul_ln73_4897 = mul i29 %sext_ln70_565, i29 536866867" [firmware/nnet_utils/nnet_mult.h:73->firmware/nnet_utils/nnet_dense_latency.h:42]   --->   Operation 1445 'mul' 'mul_ln73_4897' <Predicate = true> <Delay = 5.58> <CoreInst = "Multiplier">   --->   Core 3 'Multiplier' <Latency = 0> <II = 1> <Delay = 5.58> <FuncUnit> <Opcode : 'mul'> <InPorts = 2> <OutPorts = 1>
ST_17 : Operation 1446 [1/1] (0.00ns)   --->   "%mult_5060 = partselect i19 @_ssdm_op_PartSelect.i19.i29.i32.i32, i29 %mul_ln73_4897, i32 10, i32 28" [firmware/nnet_utils/nnet_dense_latency.h:42]   --->   Operation 1446 'partselect' 'mult_5060' <Predicate = true> <Delay = 0.00>
ST_17 : Operation 1447 [1/1] (0.00ns)   --->   "%sext_ln17_5064 = sext i19 %mult_5060" [firmware/nnet_utils/nnet_dense_latency.h:17]   --->   Operation 1447 'sext' 'sext_ln17_5064' <Predicate = true> <Delay = 0.00>
ST_17 : Operation 1448 [1/1] (5.58ns)   --->   "%mul_ln73_4898 = mul i28 %sext_ln70_563, i28 268434351" [firmware/nnet_utils/nnet_mult.h:73->firmware/nnet_utils/nnet_dense_latency.h:42]   --->   Operation 1448 'mul' 'mul_ln73_4898' <Predicate = true> <Delay = 5.58> <CoreInst = "Multiplier">   --->   Core 3 'Multiplier' <Latency = 0> <II = 1> <Delay = 5.58> <FuncUnit> <Opcode : 'mul'> <InPorts = 2> <OutPorts = 1>
ST_17 : Operation 1449 [1/1] (0.00ns)   --->   "%mult_5061 = partselect i18 @_ssdm_op_PartSelect.i18.i28.i32.i32, i28 %mul_ln73_4898, i32 10, i32 27" [firmware/nnet_utils/nnet_dense_latency.h:42]   --->   Operation 1449 'partselect' 'mult_5061' <Predicate = true> <Delay = 0.00>
ST_17 : Operation 1450 [1/1] (5.58ns)   --->   "%mul_ln73_4899 = mul i26 %sext_ln70_562, i26 67108476" [firmware/nnet_utils/nnet_mult.h:73->firmware/nnet_utils/nnet_dense_latency.h:42]   --->   Operation 1450 'mul' 'mul_ln73_4899' <Predicate = true> <Delay = 5.58> <CoreInst = "Multiplier">   --->   Core 3 'Multiplier' <Latency = 0> <II = 1> <Delay = 5.58> <FuncUnit> <Opcode : 'mul'> <InPorts = 2> <OutPorts = 1>
ST_17 : Operation 1451 [1/1] (0.00ns)   --->   "%mult_5062 = partselect i16 @_ssdm_op_PartSelect.i16.i26.i32.i32, i26 %mul_ln73_4899, i32 10, i32 25" [firmware/nnet_utils/nnet_dense_latency.h:42]   --->   Operation 1451 'partselect' 'mult_5062' <Predicate = true> <Delay = 0.00>
ST_17 : Operation 1452 [1/1] (0.00ns)   --->   "%sext_ln17_5066 = sext i16 %mult_5062" [firmware/nnet_utils/nnet_dense_latency.h:17]   --->   Operation 1452 'sext' 'sext_ln17_5066' <Predicate = true> <Delay = 0.00>
ST_17 : Operation 1453 [1/1] (5.58ns)   --->   "%mul_ln73_4900 = mul i30 %sext_ln70_564, i30 1073737598" [firmware/nnet_utils/nnet_mult.h:73->firmware/nnet_utils/nnet_dense_latency.h:42]   --->   Operation 1453 'mul' 'mul_ln73_4900' <Predicate = true> <Delay = 5.58> <CoreInst = "Multiplier">   --->   Core 3 'Multiplier' <Latency = 0> <II = 1> <Delay = 5.58> <FuncUnit> <Opcode : 'mul'> <InPorts = 2> <OutPorts = 1>
ST_17 : Operation 1454 [1/1] (0.00ns)   --->   "%mult_5063 = partselect i20 @_ssdm_op_PartSelect.i20.i30.i32.i32, i30 %mul_ln73_4900, i32 10, i32 29" [firmware/nnet_utils/nnet_dense_latency.h:42]   --->   Operation 1454 'partselect' 'mult_5063' <Predicate = true> <Delay = 0.00>
ST_17 : Operation 1455 [1/1] (0.00ns)   --->   "%sext_ln17_5067 = sext i20 %mult_5063" [firmware/nnet_utils/nnet_dense_latency.h:17]   --->   Operation 1455 'sext' 'sext_ln17_5067' <Predicate = true> <Delay = 0.00>
ST_17 : Operation 1456 [1/1] (5.58ns)   --->   "%mul_ln73_4901 = mul i30 %sext_ln70_564, i30 1073737266" [firmware/nnet_utils/nnet_mult.h:73->firmware/nnet_utils/nnet_dense_latency.h:42]   --->   Operation 1456 'mul' 'mul_ln73_4901' <Predicate = true> <Delay = 5.58> <CoreInst = "Multiplier">   --->   Core 3 'Multiplier' <Latency = 0> <II = 1> <Delay = 5.58> <FuncUnit> <Opcode : 'mul'> <InPorts = 2> <OutPorts = 1>
ST_17 : Operation 1457 [1/1] (0.00ns)   --->   "%mult_5064 = partselect i20 @_ssdm_op_PartSelect.i20.i30.i32.i32, i30 %mul_ln73_4901, i32 10, i32 29" [firmware/nnet_utils/nnet_dense_latency.h:42]   --->   Operation 1457 'partselect' 'mult_5064' <Predicate = true> <Delay = 0.00>
ST_17 : Operation 1458 [1/1] (5.58ns)   --->   "%mul_ln73_4902 = mul i29 %sext_ln70_565, i29 2860" [firmware/nnet_utils/nnet_mult.h:73->firmware/nnet_utils/nnet_dense_latency.h:42]   --->   Operation 1458 'mul' 'mul_ln73_4902' <Predicate = true> <Delay = 5.58> <CoreInst = "Multiplier">   --->   Core 3 'Multiplier' <Latency = 0> <II = 1> <Delay = 5.58> <FuncUnit> <Opcode : 'mul'> <InPorts = 2> <OutPorts = 1>
ST_17 : Operation 1459 [1/1] (0.00ns)   --->   "%mult_5065 = partselect i19 @_ssdm_op_PartSelect.i19.i29.i32.i32, i29 %mul_ln73_4902, i32 10, i32 28" [firmware/nnet_utils/nnet_dense_latency.h:42]   --->   Operation 1459 'partselect' 'mult_5065' <Predicate = true> <Delay = 0.00>
ST_17 : Operation 1460 [1/1] (0.00ns)   --->   "%sext_ln17_5069 = sext i19 %mult_5065" [firmware/nnet_utils/nnet_dense_latency.h:17]   --->   Operation 1460 'sext' 'sext_ln17_5069' <Predicate = true> <Delay = 0.00>
ST_17 : Operation 1461 [1/1] (5.58ns)   --->   "%mul_ln73_4903 = mul i30 %sext_ln70_564, i30 5176" [firmware/nnet_utils/nnet_mult.h:73->firmware/nnet_utils/nnet_dense_latency.h:42]   --->   Operation 1461 'mul' 'mul_ln73_4903' <Predicate = true> <Delay = 5.58> <CoreInst = "Multiplier">   --->   Core 3 'Multiplier' <Latency = 0> <II = 1> <Delay = 5.58> <FuncUnit> <Opcode : 'mul'> <InPorts = 2> <OutPorts = 1>
ST_17 : Operation 1462 [1/1] (0.00ns)   --->   "%mult_5066 = partselect i20 @_ssdm_op_PartSelect.i20.i30.i32.i32, i30 %mul_ln73_4903, i32 10, i32 29" [firmware/nnet_utils/nnet_dense_latency.h:42]   --->   Operation 1462 'partselect' 'mult_5066' <Predicate = true> <Delay = 0.00>
ST_17 : Operation 1463 [1/1] (0.00ns)   --->   "%sext_ln17_5070 = sext i20 %mult_5066" [firmware/nnet_utils/nnet_dense_latency.h:17]   --->   Operation 1463 'sext' 'sext_ln17_5070' <Predicate = true> <Delay = 0.00>
ST_17 : Operation 1464 [1/1] (5.58ns)   --->   "%mul_ln73_4904 = mul i27 %sext_ln70_561, i27 134217174" [firmware/nnet_utils/nnet_mult.h:73->firmware/nnet_utils/nnet_dense_latency.h:42]   --->   Operation 1464 'mul' 'mul_ln73_4904' <Predicate = true> <Delay = 5.58> <CoreInst = "Multiplier">   --->   Core 3 'Multiplier' <Latency = 0> <II = 1> <Delay = 5.58> <FuncUnit> <Opcode : 'mul'> <InPorts = 2> <OutPorts = 1>
ST_17 : Operation 1465 [1/1] (0.00ns)   --->   "%mult_5067 = partselect i17 @_ssdm_op_PartSelect.i17.i27.i32.i32, i27 %mul_ln73_4904, i32 10, i32 26" [firmware/nnet_utils/nnet_dense_latency.h:42]   --->   Operation 1465 'partselect' 'mult_5067' <Predicate = true> <Delay = 0.00>
ST_17 : Operation 1466 [1/1] (0.00ns)   --->   "%sext_ln17_5071 = sext i17 %mult_5067" [firmware/nnet_utils/nnet_dense_latency.h:17]   --->   Operation 1466 'sext' 'sext_ln17_5071' <Predicate = true> <Delay = 0.00>
ST_17 : Operation 1467 [1/1] (5.58ns)   --->   "%mul_ln73_4905 = mul i28 %sext_ln70_563, i28 268433853" [firmware/nnet_utils/nnet_mult.h:73->firmware/nnet_utils/nnet_dense_latency.h:42]   --->   Operation 1467 'mul' 'mul_ln73_4905' <Predicate = true> <Delay = 5.58> <CoreInst = "Multiplier">   --->   Core 3 'Multiplier' <Latency = 0> <II = 1> <Delay = 5.58> <FuncUnit> <Opcode : 'mul'> <InPorts = 2> <OutPorts = 1>
ST_17 : Operation 1468 [1/1] (0.00ns)   --->   "%mult_5068 = partselect i18 @_ssdm_op_PartSelect.i18.i28.i32.i32, i28 %mul_ln73_4905, i32 10, i32 27" [firmware/nnet_utils/nnet_dense_latency.h:42]   --->   Operation 1468 'partselect' 'mult_5068' <Predicate = true> <Delay = 0.00>
ST_17 : Operation 1469 [1/1] (0.00ns)   --->   "%sext_ln17_5072 = sext i18 %mult_5068" [firmware/nnet_utils/nnet_dense_latency.h:17]   --->   Operation 1469 'sext' 'sext_ln17_5072' <Predicate = true> <Delay = 0.00>
ST_17 : Operation 1470 [1/1] (0.00ns)   --->   "%shl_ln73_259 = bitconcatenate i26 @_ssdm_op_BitConcatenate.i26.i16.i10, i16 %data_17_val_read, i10 0" [firmware/nnet_utils/nnet_mult.h:73->firmware/nnet_utils/nnet_dense_latency.h:42]   --->   Operation 1470 'bitconcatenate' 'shl_ln73_259' <Predicate = true> <Delay = 0.00>
ST_17 : Operation 1471 [1/1] (0.00ns)   --->   "%sext_ln73_292 = sext i26 %shl_ln73_259" [firmware/nnet_utils/nnet_mult.h:73->firmware/nnet_utils/nnet_dense_latency.h:42]   --->   Operation 1471 'sext' 'sext_ln73_292' <Predicate = true> <Delay = 0.00>
ST_17 : Operation 1472 [1/1] (0.00ns)   --->   "%shl_ln73_260 = bitconcatenate i22 @_ssdm_op_BitConcatenate.i22.i16.i6, i16 %data_17_val_read, i6 0" [firmware/nnet_utils/nnet_mult.h:73->firmware/nnet_utils/nnet_dense_latency.h:42]   --->   Operation 1472 'bitconcatenate' 'shl_ln73_260' <Predicate = true> <Delay = 0.00>
ST_17 : Operation 1473 [1/1] (0.00ns)   --->   "%sext_ln73_293 = sext i22 %shl_ln73_260" [firmware/nnet_utils/nnet_mult.h:73->firmware/nnet_utils/nnet_dense_latency.h:42]   --->   Operation 1473 'sext' 'sext_ln73_293' <Predicate = true> <Delay = 0.00>
ST_17 : Operation 1474 [1/1] (2.37ns)   --->   "%add_ln73_37 = add i27 %sext_ln73_292, i27 %sext_ln73_293" [firmware/nnet_utils/nnet_mult.h:73->firmware/nnet_utils/nnet_dense_latency.h:42]   --->   Operation 1474 'add' 'add_ln73_37' <Predicate = true> <Delay = 2.37> <CoreInst = "Adder">   --->   Core 1 'Adder' <Latency = 0> <II = 1> <Delay = 2.37> <FuncUnit> <Opcode : 'add' 'sub'> <InPorts = 2> <OutPorts = 1>
ST_17 : Operation 1475 [1/1] (0.00ns)   --->   "%mult_5069 = partselect i17 @_ssdm_op_PartSelect.i17.i27.i32.i32, i27 %add_ln73_37, i32 10, i32 26" [firmware/nnet_utils/nnet_dense_latency.h:42]   --->   Operation 1475 'partselect' 'mult_5069' <Predicate = true> <Delay = 0.00>
ST_17 : Operation 1476 [1/1] (0.00ns)   --->   "%sext_ln17_5073 = sext i17 %mult_5069" [firmware/nnet_utils/nnet_dense_latency.h:17]   --->   Operation 1476 'sext' 'sext_ln17_5073' <Predicate = true> <Delay = 0.00>
ST_17 : Operation 1477 [1/1] (0.00ns)   --->   "%shl_ln73_261 = bitconcatenate i23 @_ssdm_op_BitConcatenate.i23.i16.i7, i16 %data_17_val_read, i7 0" [firmware/nnet_utils/nnet_mult.h:73->firmware/nnet_utils/nnet_dense_latency.h:42]   --->   Operation 1477 'bitconcatenate' 'shl_ln73_261' <Predicate = true> <Delay = 0.00>
ST_17 : Operation 1478 [1/1] (0.00ns)   --->   "%sext_ln73_294 = sext i23 %shl_ln73_261" [firmware/nnet_utils/nnet_mult.h:73->firmware/nnet_utils/nnet_dense_latency.h:42]   --->   Operation 1478 'sext' 'sext_ln73_294' <Predicate = true> <Delay = 0.00>
ST_17 : Operation 1479 [1/1] (2.37ns)   --->   "%sub_ln73_173 = sub i27 %sext_ln73_294, i27 %sext_ln73_292" [firmware/nnet_utils/nnet_mult.h:73->firmware/nnet_utils/nnet_dense_latency.h:42]   --->   Operation 1479 'sub' 'sub_ln73_173' <Predicate = true> <Delay = 2.37> <CoreInst = "Adder">   --->   Core 1 'Adder' <Latency = 0> <II = 1> <Delay = 2.37> <FuncUnit> <Opcode : 'add' 'sub'> <InPorts = 2> <OutPorts = 1>
ST_17 : Operation 1480 [1/1] (0.00ns)   --->   "%mult_5070 = partselect i17 @_ssdm_op_PartSelect.i17.i27.i32.i32, i27 %sub_ln73_173, i32 10, i32 26" [firmware/nnet_utils/nnet_dense_latency.h:42]   --->   Operation 1480 'partselect' 'mult_5070' <Predicate = true> <Delay = 0.00>
ST_17 : Operation 1481 [1/1] (0.00ns)   --->   "%sext_ln17_5074 = sext i17 %mult_5070" [firmware/nnet_utils/nnet_dense_latency.h:17]   --->   Operation 1481 'sext' 'sext_ln17_5074' <Predicate = true> <Delay = 0.00>
ST_17 : Operation 1482 [1/1] (5.58ns)   --->   "%mul_ln73_4906 = mul i29 %sext_ln70_565, i29 2605" [firmware/nnet_utils/nnet_mult.h:73->firmware/nnet_utils/nnet_dense_latency.h:42]   --->   Operation 1482 'mul' 'mul_ln73_4906' <Predicate = true> <Delay = 5.58> <CoreInst = "Multiplier">   --->   Core 3 'Multiplier' <Latency = 0> <II = 1> <Delay = 5.58> <FuncUnit> <Opcode : 'mul'> <InPorts = 2> <OutPorts = 1>
ST_17 : Operation 1483 [1/1] (0.00ns)   --->   "%mult_5071 = partselect i19 @_ssdm_op_PartSelect.i19.i29.i32.i32, i29 %mul_ln73_4906, i32 10, i32 28" [firmware/nnet_utils/nnet_dense_latency.h:42]   --->   Operation 1483 'partselect' 'mult_5071' <Predicate = true> <Delay = 0.00>
ST_17 : Operation 1484 [1/1] (0.00ns)   --->   "%sext_ln17_5075 = sext i19 %mult_5071" [firmware/nnet_utils/nnet_dense_latency.h:17]   --->   Operation 1484 'sext' 'sext_ln17_5075' <Predicate = true> <Delay = 0.00>
ST_17 : Operation 1485 [1/1] (5.58ns)   --->   "%mul_ln73_4907 = mul i29 %sext_ln70_565, i29 2600" [firmware/nnet_utils/nnet_mult.h:73->firmware/nnet_utils/nnet_dense_latency.h:42]   --->   Operation 1485 'mul' 'mul_ln73_4907' <Predicate = true> <Delay = 5.58> <CoreInst = "Multiplier">   --->   Core 3 'Multiplier' <Latency = 0> <II = 1> <Delay = 5.58> <FuncUnit> <Opcode : 'mul'> <InPorts = 2> <OutPorts = 1>
ST_17 : Operation 1486 [1/1] (0.00ns)   --->   "%mult_5072 = partselect i19 @_ssdm_op_PartSelect.i19.i29.i32.i32, i29 %mul_ln73_4907, i32 10, i32 28" [firmware/nnet_utils/nnet_dense_latency.h:42]   --->   Operation 1486 'partselect' 'mult_5072' <Predicate = true> <Delay = 0.00>
ST_17 : Operation 1487 [1/1] (0.00ns)   --->   "%sext_ln17_5076 = sext i19 %mult_5072" [firmware/nnet_utils/nnet_dense_latency.h:17]   --->   Operation 1487 'sext' 'sext_ln17_5076' <Predicate = true> <Delay = 0.00>
ST_17 : Operation 1488 [1/1] (0.00ns)   --->   "%sext_ln70_569 = sext i16 %data_18_val_read" [firmware/nnet_utils/nnet_mult.h:70->firmware/nnet_utils/nnet_dense_latency.h:42]   --->   Operation 1488 'sext' 'sext_ln70_569' <Predicate = true> <Delay = 0.00>
ST_17 : Operation 1489 [1/1] (5.58ns)   --->   "%mul_ln73_4908 = mul i29 %sext_ln70_569, i29 2384" [firmware/nnet_utils/nnet_mult.h:73->firmware/nnet_utils/nnet_dense_latency.h:42]   --->   Operation 1489 'mul' 'mul_ln73_4908' <Predicate = true> <Delay = 5.58> <CoreInst = "Multiplier">   --->   Core 3 'Multiplier' <Latency = 0> <II = 1> <Delay = 5.58> <FuncUnit> <Opcode : 'mul'> <InPorts = 2> <OutPorts = 1>
ST_17 : Operation 1490 [1/1] (0.00ns)   --->   "%mult_5073 = partselect i19 @_ssdm_op_PartSelect.i19.i29.i32.i32, i29 %mul_ln73_4908, i32 10, i32 28" [firmware/nnet_utils/nnet_dense_latency.h:42]   --->   Operation 1490 'partselect' 'mult_5073' <Predicate = true> <Delay = 0.00>
ST_17 : Operation 1491 [1/1] (2.16ns)   --->   "%add_ln58_4829 = add i20 %sext_ln17_5045, i20 %sext_ln17_5061" [firmware/nnet_utils/nnet_dense_latency.h:58]   --->   Operation 1491 'add' 'add_ln58_4829' <Predicate = true> <Delay = 2.16> <CoreInst = "Adder">   --->   Core 1 'Adder' <Latency = 0> <II = 1> <Delay = 2.16> <FuncUnit> <Opcode : 'add' 'sub'> <InPorts = 2> <OutPorts = 1>
ST_17 : Operation 1492 [1/1] (2.19ns)   --->   "%add_ln58_4861 = add i21 %sext_ln17_5046, i21 %sext_ln17_5062" [firmware/nnet_utils/nnet_dense_latency.h:58]   --->   Operation 1492 'add' 'add_ln58_4861' <Predicate = true> <Delay = 2.19> <CoreInst = "Adder">   --->   Core 1 'Adder' <Latency = 0> <II = 1> <Delay = 2.19> <FuncUnit> <Opcode : 'add' 'sub'> <InPorts = 2> <OutPorts = 1>
ST_17 : Operation 1493 [1/1] (2.19ns)   --->   "%add_ln58_4893 = add i21 %sext_ln17_5047, i21 %sext_ln17_5063" [firmware/nnet_utils/nnet_dense_latency.h:58]   --->   Operation 1493 'add' 'add_ln58_4893' <Predicate = true> <Delay = 2.19> <CoreInst = "Adder">   --->   Core 1 'Adder' <Latency = 0> <II = 1> <Delay = 2.19> <FuncUnit> <Opcode : 'add' 'sub'> <InPorts = 2> <OutPorts = 1>
ST_17 : Operation 1494 [1/1] (2.16ns)   --->   "%add_ln58_4925 = add i20 %sext_ln17_5048, i20 %sext_ln17_5064" [firmware/nnet_utils/nnet_dense_latency.h:58]   --->   Operation 1494 'add' 'add_ln58_4925' <Predicate = true> <Delay = 2.16> <CoreInst = "Adder">   --->   Core 1 'Adder' <Latency = 0> <II = 1> <Delay = 2.16> <FuncUnit> <Opcode : 'add' 'sub'> <InPorts = 2> <OutPorts = 1>
ST_17 : Operation 1495 [1/1] (2.16ns)   --->   "%add_ln58_4989 = add i20 %sext_ln17_5050, i20 %sext_ln17_5066" [firmware/nnet_utils/nnet_dense_latency.h:58]   --->   Operation 1495 'add' 'add_ln58_4989' <Predicate = true> <Delay = 2.16> <CoreInst = "Adder">   --->   Core 1 'Adder' <Latency = 0> <II = 1> <Delay = 2.16> <FuncUnit> <Opcode : 'add' 'sub'> <InPorts = 2> <OutPorts = 1>
ST_17 : Operation 1496 [1/1] (2.19ns)   --->   "%add_ln58_5021 = add i21 %sext_ln17_5051, i21 %sext_ln17_5067" [firmware/nnet_utils/nnet_dense_latency.h:58]   --->   Operation 1496 'add' 'add_ln58_5021' <Predicate = true> <Delay = 2.19> <CoreInst = "Adder">   --->   Core 1 'Adder' <Latency = 0> <II = 1> <Delay = 2.19> <FuncUnit> <Opcode : 'add' 'sub'> <InPorts = 2> <OutPorts = 1>
ST_17 : Operation 1497 [1/1] (2.16ns)   --->   "%add_ln58_5085 = add i20 %sext_ln17_5053, i20 %sext_ln17_5069" [firmware/nnet_utils/nnet_dense_latency.h:58]   --->   Operation 1497 'add' 'add_ln58_5085' <Predicate = true> <Delay = 2.16> <CoreInst = "Adder">   --->   Core 1 'Adder' <Latency = 0> <II = 1> <Delay = 2.16> <FuncUnit> <Opcode : 'add' 'sub'> <InPorts = 2> <OutPorts = 1>
ST_17 : Operation 1498 [1/1] (2.19ns)   --->   "%add_ln58_5117 = add i21 %sext_ln17_5054, i21 %sext_ln17_5070" [firmware/nnet_utils/nnet_dense_latency.h:58]   --->   Operation 1498 'add' 'add_ln58_5117' <Predicate = true> <Delay = 2.19> <CoreInst = "Adder">   --->   Core 1 'Adder' <Latency = 0> <II = 1> <Delay = 2.19> <FuncUnit> <Opcode : 'add' 'sub'> <InPorts = 2> <OutPorts = 1>
ST_17 : Operation 1499 [1/1] (2.19ns)   --->   "%add_ln58_5149 = add i21 %sext_ln17_5055, i21 %sext_ln17_5071" [firmware/nnet_utils/nnet_dense_latency.h:58]   --->   Operation 1499 'add' 'add_ln58_5149' <Predicate = true> <Delay = 2.19> <CoreInst = "Adder">   --->   Core 1 'Adder' <Latency = 0> <II = 1> <Delay = 2.19> <FuncUnit> <Opcode : 'add' 'sub'> <InPorts = 2> <OutPorts = 1>
ST_17 : Operation 1500 [1/1] (2.16ns)   --->   "%add_ln58_5181 = add i20 %sext_ln17_5056, i20 %sext_ln17_5072" [firmware/nnet_utils/nnet_dense_latency.h:58]   --->   Operation 1500 'add' 'add_ln58_5181' <Predicate = true> <Delay = 2.16> <CoreInst = "Adder">   --->   Core 1 'Adder' <Latency = 0> <II = 1> <Delay = 2.16> <FuncUnit> <Opcode : 'add' 'sub'> <InPorts = 2> <OutPorts = 1>
ST_17 : Operation 1501 [1/1] (2.10ns)   --->   "%add_ln58_5213 = add i18 %sext_ln17_5057, i18 %sext_ln17_5073" [firmware/nnet_utils/nnet_dense_latency.h:58]   --->   Operation 1501 'add' 'add_ln58_5213' <Predicate = true> <Delay = 2.10> <CoreInst = "Adder">   --->   Core 1 'Adder' <Latency = 0> <II = 1> <Delay = 2.10> <FuncUnit> <Opcode : 'add' 'sub'> <InPorts = 2> <OutPorts = 1>
ST_17 : Operation 1502 [1/1] (2.16ns)   --->   "%add_ln58_5245 = add i20 %sext_ln17_5058, i20 %sext_ln17_5074" [firmware/nnet_utils/nnet_dense_latency.h:58]   --->   Operation 1502 'add' 'add_ln58_5245' <Predicate = true> <Delay = 2.16> <CoreInst = "Adder">   --->   Core 1 'Adder' <Latency = 0> <II = 1> <Delay = 2.16> <FuncUnit> <Opcode : 'add' 'sub'> <InPorts = 2> <OutPorts = 1>
ST_17 : Operation 1503 [1/1] (2.16ns)   --->   "%add_ln58_5277 = add i20 %sext_ln17_5059, i20 %sext_ln17_5075" [firmware/nnet_utils/nnet_dense_latency.h:58]   --->   Operation 1503 'add' 'add_ln58_5277' <Predicate = true> <Delay = 2.16> <CoreInst = "Adder">   --->   Core 1 'Adder' <Latency = 0> <II = 1> <Delay = 2.16> <FuncUnit> <Opcode : 'add' 'sub'> <InPorts = 2> <OutPorts = 1>
ST_17 : Operation 1504 [1/1] (2.16ns)   --->   "%add_ln58_5309 = add i20 %sext_ln17_5060, i20 %sext_ln17_5076" [firmware/nnet_utils/nnet_dense_latency.h:58]   --->   Operation 1504 'add' 'add_ln58_5309' <Predicate = true> <Delay = 2.16> <CoreInst = "Adder">   --->   Core 1 'Adder' <Latency = 0> <II = 1> <Delay = 2.16> <FuncUnit> <Opcode : 'add' 'sub'> <InPorts = 2> <OutPorts = 1>

State 18 <SV = 17> <Delay = 10.0>
ST_18 : Operation 1505 [1/1] (0.00ns)   --->   "%data_19_val_read = read i16 @_ssdm_op_Read.ap_auto.i16, i16 %data_19_val" [firmware/nnet_utils/nnet_mult.h:70->firmware/nnet_utils/nnet_dense_latency.h:42]   --->   Operation 1505 'read' 'data_19_val_read' <Predicate = true> <Delay = 0.00>
ST_18 : Operation 1506 [1/1] (0.00ns)   --->   "%sext_ln70_566 = sext i16 %data_18_val_read" [firmware/nnet_utils/nnet_mult.h:70->firmware/nnet_utils/nnet_dense_latency.h:42]   --->   Operation 1506 'sext' 'sext_ln70_566' <Predicate = true> <Delay = 0.00>
ST_18 : Operation 1507 [1/1] (0.00ns)   --->   "%sext_ln70_567 = sext i16 %data_18_val_read" [firmware/nnet_utils/nnet_mult.h:70->firmware/nnet_utils/nnet_dense_latency.h:42]   --->   Operation 1507 'sext' 'sext_ln70_567' <Predicate = true> <Delay = 0.00>
ST_18 : Operation 1508 [1/1] (0.00ns)   --->   "%sext_ln70_568 = sext i16 %data_18_val_read" [firmware/nnet_utils/nnet_mult.h:70->firmware/nnet_utils/nnet_dense_latency.h:42]   --->   Operation 1508 'sext' 'sext_ln70_568' <Predicate = true> <Delay = 0.00>
ST_18 : Operation 1509 [1/1] (0.00ns)   --->   "%sext_ln17_5077 = sext i19 %mult_5073" [firmware/nnet_utils/nnet_dense_latency.h:17]   --->   Operation 1509 'sext' 'sext_ln17_5077' <Predicate = true> <Delay = 0.00>
ST_18 : Operation 1510 [1/1] (5.58ns)   --->   "%mul_ln73_4909 = mul i30 %sext_ln70_568, i30 4200" [firmware/nnet_utils/nnet_mult.h:73->firmware/nnet_utils/nnet_dense_latency.h:42]   --->   Operation 1510 'mul' 'mul_ln73_4909' <Predicate = true> <Delay = 5.58> <CoreInst = "Multiplier">   --->   Core 3 'Multiplier' <Latency = 0> <II = 1> <Delay = 5.58> <FuncUnit> <Opcode : 'mul'> <InPorts = 2> <OutPorts = 1>
ST_18 : Operation 1511 [1/1] (0.00ns)   --->   "%mult_5074 = partselect i20 @_ssdm_op_PartSelect.i20.i30.i32.i32, i30 %mul_ln73_4909, i32 10, i32 29" [firmware/nnet_utils/nnet_dense_latency.h:42]   --->   Operation 1511 'partselect' 'mult_5074' <Predicate = true> <Delay = 0.00>
ST_18 : Operation 1512 [1/1] (0.00ns)   --->   "%sext_ln17_5078 = sext i20 %mult_5074" [firmware/nnet_utils/nnet_dense_latency.h:17]   --->   Operation 1512 'sext' 'sext_ln17_5078' <Predicate = true> <Delay = 0.00>
ST_18 : Operation 1513 [1/1] (5.58ns)   --->   "%mul_ln73_4910 = mul i30 %sext_ln70_568, i30 5399" [firmware/nnet_utils/nnet_mult.h:73->firmware/nnet_utils/nnet_dense_latency.h:42]   --->   Operation 1513 'mul' 'mul_ln73_4910' <Predicate = true> <Delay = 5.58> <CoreInst = "Multiplier">   --->   Core 3 'Multiplier' <Latency = 0> <II = 1> <Delay = 5.58> <FuncUnit> <Opcode : 'mul'> <InPorts = 2> <OutPorts = 1>
ST_18 : Operation 1514 [1/1] (0.00ns)   --->   "%mult_5075 = partselect i20 @_ssdm_op_PartSelect.i20.i30.i32.i32, i30 %mul_ln73_4910, i32 10, i32 29" [firmware/nnet_utils/nnet_dense_latency.h:42]   --->   Operation 1514 'partselect' 'mult_5075' <Predicate = true> <Delay = 0.00>
ST_18 : Operation 1515 [1/1] (0.00ns)   --->   "%shl_ln73_262 = bitconcatenate i23 @_ssdm_op_BitConcatenate.i23.i16.i7, i16 %data_18_val_read, i7 0" [firmware/nnet_utils/nnet_mult.h:73->firmware/nnet_utils/nnet_dense_latency.h:42]   --->   Operation 1515 'bitconcatenate' 'shl_ln73_262' <Predicate = true> <Delay = 0.00>
ST_18 : Operation 1516 [1/1] (0.00ns)   --->   "%sext_ln73_295 = sext i23 %shl_ln73_262" [firmware/nnet_utils/nnet_mult.h:73->firmware/nnet_utils/nnet_dense_latency.h:42]   --->   Operation 1516 'sext' 'sext_ln73_295' <Predicate = true> <Delay = 0.00>
ST_18 : Operation 1517 [1/1] (0.00ns) (grouped into TernaryAdder)   --->   "%sub_ln73_174 = sub i24 0, i24 %sext_ln73_295" [firmware/nnet_utils/nnet_mult.h:73->firmware/nnet_utils/nnet_dense_latency.h:42]   --->   Operation 1517 'sub' 'sub_ln73_174' <Predicate = true> <Delay = 0.00> <CoreInst = "TAddSub">   --->   Core 10 'TAddSub' <Latency = 0> <II = 1> <Delay = 2.03> <IPBlock> <Opcode : '<invalid operator> ' 'add' 'sub'> <InPorts = 3> <OutPorts = 1> <Sync> <CReg>
ST_18 : Operation 1518 [1/1] (0.00ns)   --->   "%shl_ln73_263 = bitconcatenate i21 @_ssdm_op_BitConcatenate.i21.i16.i5, i16 %data_18_val_read, i5 0" [firmware/nnet_utils/nnet_mult.h:73->firmware/nnet_utils/nnet_dense_latency.h:42]   --->   Operation 1518 'bitconcatenate' 'shl_ln73_263' <Predicate = true> <Delay = 0.00>
ST_18 : Operation 1519 [1/1] (0.00ns)   --->   "%sext_ln73_296 = sext i21 %shl_ln73_263" [firmware/nnet_utils/nnet_mult.h:73->firmware/nnet_utils/nnet_dense_latency.h:42]   --->   Operation 1519 'sext' 'sext_ln73_296' <Predicate = true> <Delay = 0.00>
ST_18 : Operation 1520 [1/1] (4.13ns) (root node of TernaryAdder)   --->   "%sub_ln73_175 = sub i24 %sub_ln73_174, i24 %sext_ln73_296" [firmware/nnet_utils/nnet_mult.h:73->firmware/nnet_utils/nnet_dense_latency.h:42]   --->   Operation 1520 'sub' 'sub_ln73_175' <Predicate = true> <Delay = 4.13> <CoreInst = "TAddSub">   --->   Core 10 'TAddSub' <Latency = 0> <II = 1> <Delay = 2.03> <IPBlock> <Opcode : '<invalid operator> ' 'add' 'sub'> <InPorts = 3> <OutPorts = 1> <Sync> <CReg>
ST_18 : Operation 1521 [1/1] (0.00ns)   --->   "%mult_5076 = partselect i14 @_ssdm_op_PartSelect.i14.i24.i32.i32, i24 %sub_ln73_175, i32 10, i32 23" [firmware/nnet_utils/nnet_dense_latency.h:42]   --->   Operation 1521 'partselect' 'mult_5076' <Predicate = true> <Delay = 0.00>
ST_18 : Operation 1522 [1/1] (5.58ns)   --->   "%mul_ln73_4911 = mul i29 %sext_ln70_569, i29 3409" [firmware/nnet_utils/nnet_mult.h:73->firmware/nnet_utils/nnet_dense_latency.h:42]   --->   Operation 1522 'mul' 'mul_ln73_4911' <Predicate = true> <Delay = 5.58> <CoreInst = "Multiplier">   --->   Core 3 'Multiplier' <Latency = 0> <II = 1> <Delay = 5.58> <FuncUnit> <Opcode : 'mul'> <InPorts = 2> <OutPorts = 1>
ST_18 : Operation 1523 [1/1] (0.00ns)   --->   "%mult_5077 = partselect i19 @_ssdm_op_PartSelect.i19.i29.i32.i32, i29 %mul_ln73_4911, i32 10, i32 28" [firmware/nnet_utils/nnet_dense_latency.h:42]   --->   Operation 1523 'partselect' 'mult_5077' <Predicate = true> <Delay = 0.00>
ST_18 : Operation 1524 [1/1] (5.58ns)   --->   "%mul_ln73_4912 = mul i29 %sext_ln70_569, i29 536867912" [firmware/nnet_utils/nnet_mult.h:73->firmware/nnet_utils/nnet_dense_latency.h:42]   --->   Operation 1524 'mul' 'mul_ln73_4912' <Predicate = true> <Delay = 5.58> <CoreInst = "Multiplier">   --->   Core 3 'Multiplier' <Latency = 0> <II = 1> <Delay = 5.58> <FuncUnit> <Opcode : 'mul'> <InPorts = 2> <OutPorts = 1>
ST_18 : Operation 1525 [1/1] (0.00ns)   --->   "%mult_5078 = partselect i19 @_ssdm_op_PartSelect.i19.i29.i32.i32, i29 %mul_ln73_4912, i32 10, i32 28" [firmware/nnet_utils/nnet_dense_latency.h:42]   --->   Operation 1525 'partselect' 'mult_5078' <Predicate = true> <Delay = 0.00>
ST_18 : Operation 1526 [1/1] (5.58ns)   --->   "%mul_ln73_4913 = mul i30 %sext_ln70_568, i30 5230" [firmware/nnet_utils/nnet_mult.h:73->firmware/nnet_utils/nnet_dense_latency.h:42]   --->   Operation 1526 'mul' 'mul_ln73_4913' <Predicate = true> <Delay = 5.58> <CoreInst = "Multiplier">   --->   Core 3 'Multiplier' <Latency = 0> <II = 1> <Delay = 5.58> <FuncUnit> <Opcode : 'mul'> <InPorts = 2> <OutPorts = 1>
ST_18 : Operation 1527 [1/1] (0.00ns)   --->   "%mult_5079 = partselect i20 @_ssdm_op_PartSelect.i20.i30.i32.i32, i30 %mul_ln73_4913, i32 10, i32 29" [firmware/nnet_utils/nnet_dense_latency.h:42]   --->   Operation 1527 'partselect' 'mult_5079' <Predicate = true> <Delay = 0.00>
ST_18 : Operation 1528 [1/1] (5.58ns)   --->   "%mul_ln73_4914 = mul i29 %sext_ln70_569, i29 536867345" [firmware/nnet_utils/nnet_mult.h:73->firmware/nnet_utils/nnet_dense_latency.h:42]   --->   Operation 1528 'mul' 'mul_ln73_4914' <Predicate = true> <Delay = 5.58> <CoreInst = "Multiplier">   --->   Core 3 'Multiplier' <Latency = 0> <II = 1> <Delay = 5.58> <FuncUnit> <Opcode : 'mul'> <InPorts = 2> <OutPorts = 1>
ST_18 : Operation 1529 [1/1] (0.00ns)   --->   "%mult_5080 = partselect i19 @_ssdm_op_PartSelect.i19.i29.i32.i32, i29 %mul_ln73_4914, i32 10, i32 28" [firmware/nnet_utils/nnet_dense_latency.h:42]   --->   Operation 1529 'partselect' 'mult_5080' <Predicate = true> <Delay = 0.00>
ST_18 : Operation 1530 [1/1] (5.58ns)   --->   "%mul_ln73_4915 = mul i27 %sext_ln70_567, i27 134217179" [firmware/nnet_utils/nnet_mult.h:73->firmware/nnet_utils/nnet_dense_latency.h:42]   --->   Operation 1530 'mul' 'mul_ln73_4915' <Predicate = true> <Delay = 5.58> <CoreInst = "Multiplier">   --->   Core 3 'Multiplier' <Latency = 0> <II = 1> <Delay = 5.58> <FuncUnit> <Opcode : 'mul'> <InPorts = 2> <OutPorts = 1>
ST_18 : Operation 1531 [1/1] (0.00ns)   --->   "%mult_5081 = partselect i17 @_ssdm_op_PartSelect.i17.i27.i32.i32, i27 %mul_ln73_4915, i32 10, i32 26" [firmware/nnet_utils/nnet_dense_latency.h:42]   --->   Operation 1531 'partselect' 'mult_5081' <Predicate = true> <Delay = 0.00>
ST_18 : Operation 1532 [1/1] (5.58ns)   --->   "%mul_ln73_4916 = mul i30 %sext_ln70_568, i30 5048" [firmware/nnet_utils/nnet_mult.h:73->firmware/nnet_utils/nnet_dense_latency.h:42]   --->   Operation 1532 'mul' 'mul_ln73_4916' <Predicate = true> <Delay = 5.58> <CoreInst = "Multiplier">   --->   Core 3 'Multiplier' <Latency = 0> <II = 1> <Delay = 5.58> <FuncUnit> <Opcode : 'mul'> <InPorts = 2> <OutPorts = 1>
ST_18 : Operation 1533 [1/1] (0.00ns)   --->   "%mult_5082 = partselect i20 @_ssdm_op_PartSelect.i20.i30.i32.i32, i30 %mul_ln73_4916, i32 10, i32 29" [firmware/nnet_utils/nnet_dense_latency.h:42]   --->   Operation 1533 'partselect' 'mult_5082' <Predicate = true> <Delay = 0.00>
ST_18 : Operation 1534 [1/1] (5.58ns)   --->   "%mul_ln73_4917 = mul i30 %sext_ln70_568, i30 4641" [firmware/nnet_utils/nnet_mult.h:73->firmware/nnet_utils/nnet_dense_latency.h:42]   --->   Operation 1534 'mul' 'mul_ln73_4917' <Predicate = true> <Delay = 5.58> <CoreInst = "Multiplier">   --->   Core 3 'Multiplier' <Latency = 0> <II = 1> <Delay = 5.58> <FuncUnit> <Opcode : 'mul'> <InPorts = 2> <OutPorts = 1>
ST_18 : Operation 1535 [1/1] (0.00ns)   --->   "%mult_5083 = partselect i20 @_ssdm_op_PartSelect.i20.i30.i32.i32, i30 %mul_ln73_4917, i32 10, i32 29" [firmware/nnet_utils/nnet_dense_latency.h:42]   --->   Operation 1535 'partselect' 'mult_5083' <Predicate = true> <Delay = 0.00>
ST_18 : Operation 1536 [1/1] (5.58ns)   --->   "%mul_ln73_4918 = mul i30 %sext_ln70_568, i30 4474" [firmware/nnet_utils/nnet_mult.h:73->firmware/nnet_utils/nnet_dense_latency.h:42]   --->   Operation 1536 'mul' 'mul_ln73_4918' <Predicate = true> <Delay = 5.58> <CoreInst = "Multiplier">   --->   Core 3 'Multiplier' <Latency = 0> <II = 1> <Delay = 5.58> <FuncUnit> <Opcode : 'mul'> <InPorts = 2> <OutPorts = 1>
ST_18 : Operation 1537 [1/1] (0.00ns)   --->   "%mult_5084 = partselect i20 @_ssdm_op_PartSelect.i20.i30.i32.i32, i30 %mul_ln73_4918, i32 10, i32 29" [firmware/nnet_utils/nnet_dense_latency.h:42]   --->   Operation 1537 'partselect' 'mult_5084' <Predicate = true> <Delay = 0.00>
ST_18 : Operation 1538 [1/1] (5.58ns)   --->   "%mul_ln73_4919 = mul i28 %sext_ln70_566, i28 1167" [firmware/nnet_utils/nnet_mult.h:73->firmware/nnet_utils/nnet_dense_latency.h:42]   --->   Operation 1538 'mul' 'mul_ln73_4919' <Predicate = true> <Delay = 5.58> <CoreInst = "Multiplier">   --->   Core 3 'Multiplier' <Latency = 0> <II = 1> <Delay = 5.58> <FuncUnit> <Opcode : 'mul'> <InPorts = 2> <OutPorts = 1>
ST_18 : Operation 1539 [1/1] (0.00ns)   --->   "%mult_5085 = partselect i18 @_ssdm_op_PartSelect.i18.i28.i32.i32, i28 %mul_ln73_4919, i32 10, i32 27" [firmware/nnet_utils/nnet_dense_latency.h:42]   --->   Operation 1539 'partselect' 'mult_5085' <Predicate = true> <Delay = 0.00>
ST_18 : Operation 1540 [1/1] (5.58ns)   --->   "%mul_ln73_4920 = mul i29 %sext_ln70_569, i29 2097" [firmware/nnet_utils/nnet_mult.h:73->firmware/nnet_utils/nnet_dense_latency.h:42]   --->   Operation 1540 'mul' 'mul_ln73_4920' <Predicate = true> <Delay = 5.58> <CoreInst = "Multiplier">   --->   Core 3 'Multiplier' <Latency = 0> <II = 1> <Delay = 5.58> <FuncUnit> <Opcode : 'mul'> <InPorts = 2> <OutPorts = 1>
ST_18 : Operation 1541 [1/1] (0.00ns)   --->   "%mult_5086 = partselect i19 @_ssdm_op_PartSelect.i19.i29.i32.i32, i29 %mul_ln73_4920, i32 10, i32 28" [firmware/nnet_utils/nnet_dense_latency.h:42]   --->   Operation 1541 'partselect' 'mult_5086' <Predicate = true> <Delay = 0.00>
ST_18 : Operation 1542 [1/1] (5.58ns)   --->   "%mul_ln73_4921 = mul i29 %sext_ln70_569, i29 2263" [firmware/nnet_utils/nnet_mult.h:73->firmware/nnet_utils/nnet_dense_latency.h:42]   --->   Operation 1542 'mul' 'mul_ln73_4921' <Predicate = true> <Delay = 5.58> <CoreInst = "Multiplier">   --->   Core 3 'Multiplier' <Latency = 0> <II = 1> <Delay = 5.58> <FuncUnit> <Opcode : 'mul'> <InPorts = 2> <OutPorts = 1>
ST_18 : Operation 1543 [1/1] (0.00ns)   --->   "%mult_5087 = partselect i19 @_ssdm_op_PartSelect.i19.i29.i32.i32, i29 %mul_ln73_4921, i32 10, i32 28" [firmware/nnet_utils/nnet_dense_latency.h:42]   --->   Operation 1543 'partselect' 'mult_5087' <Predicate = true> <Delay = 0.00>
ST_18 : Operation 1544 [1/1] (5.58ns)   --->   "%mul_ln73_4922 = mul i30 %sext_ln70_568, i30 1073736889" [firmware/nnet_utils/nnet_mult.h:73->firmware/nnet_utils/nnet_dense_latency.h:42]   --->   Operation 1544 'mul' 'mul_ln73_4922' <Predicate = true> <Delay = 5.58> <CoreInst = "Multiplier">   --->   Core 3 'Multiplier' <Latency = 0> <II = 1> <Delay = 5.58> <FuncUnit> <Opcode : 'mul'> <InPorts = 2> <OutPorts = 1>
ST_18 : Operation 1545 [1/1] (0.00ns)   --->   "%mult_5088 = partselect i20 @_ssdm_op_PartSelect.i20.i30.i32.i32, i30 %mul_ln73_4922, i32 10, i32 29" [firmware/nnet_utils/nnet_dense_latency.h:42]   --->   Operation 1545 'partselect' 'mult_5088' <Predicate = true> <Delay = 0.00>
ST_18 : Operation 1546 [1/1] (0.00ns)   --->   "%sext_ln70_575 = sext i16 %data_19_val_read" [firmware/nnet_utils/nnet_mult.h:70->firmware/nnet_utils/nnet_dense_latency.h:42]   --->   Operation 1546 'sext' 'sext_ln70_575' <Predicate = true> <Delay = 0.00>
ST_18 : Operation 1547 [1/1] (0.00ns)   --->   "%sext_ln70_576 = sext i16 %data_19_val_read" [firmware/nnet_utils/nnet_mult.h:70->firmware/nnet_utils/nnet_dense_latency.h:42]   --->   Operation 1547 'sext' 'sext_ln70_576' <Predicate = true> <Delay = 0.00>
ST_18 : Operation 1548 [1/1] (5.58ns)   --->   "%mul_ln73_4923 = mul i26 %sext_ln70_576, i26 67108494" [firmware/nnet_utils/nnet_mult.h:73->firmware/nnet_utils/nnet_dense_latency.h:42]   --->   Operation 1548 'mul' 'mul_ln73_4923' <Predicate = true> <Delay = 5.58> <CoreInst = "Multiplier">   --->   Core 3 'Multiplier' <Latency = 0> <II = 1> <Delay = 5.58> <FuncUnit> <Opcode : 'mul'> <InPorts = 2> <OutPorts = 1>
ST_18 : Operation 1549 [1/1] (0.00ns)   --->   "%mult_5089 = partselect i16 @_ssdm_op_PartSelect.i16.i26.i32.i32, i26 %mul_ln73_4923, i32 10, i32 25" [firmware/nnet_utils/nnet_dense_latency.h:42]   --->   Operation 1549 'partselect' 'mult_5089' <Predicate = true> <Delay = 0.00>
ST_18 : Operation 1550 [1/1] (0.00ns)   --->   "%sext_ln17_5093 = sext i16 %mult_5089" [firmware/nnet_utils/nnet_dense_latency.h:17]   --->   Operation 1550 'sext' 'sext_ln17_5093' <Predicate = true> <Delay = 0.00>
ST_18 : Operation 1551 [1/1] (5.58ns)   --->   "%mul_ln73_4924 = mul i30 %sext_ln70_575, i30 4245" [firmware/nnet_utils/nnet_mult.h:73->firmware/nnet_utils/nnet_dense_latency.h:42]   --->   Operation 1551 'mul' 'mul_ln73_4924' <Predicate = true> <Delay = 5.58> <CoreInst = "Multiplier">   --->   Core 3 'Multiplier' <Latency = 0> <II = 1> <Delay = 5.58> <FuncUnit> <Opcode : 'mul'> <InPorts = 2> <OutPorts = 1>
ST_18 : Operation 1552 [1/1] (0.00ns)   --->   "%mult_5090 = partselect i20 @_ssdm_op_PartSelect.i20.i30.i32.i32, i30 %mul_ln73_4924, i32 10, i32 29" [firmware/nnet_utils/nnet_dense_latency.h:42]   --->   Operation 1552 'partselect' 'mult_5090' <Predicate = true> <Delay = 0.00>
ST_18 : Operation 1553 [1/1] (0.00ns)   --->   "%sext_ln17_5094 = sext i20 %mult_5090" [firmware/nnet_utils/nnet_dense_latency.h:17]   --->   Operation 1553 'sext' 'sext_ln17_5094' <Predicate = true> <Delay = 0.00>
ST_18 : Operation 1554 [1/1] (0.00ns)   --->   "%sext_ln58_3241 = sext i20 %add_ln58_4829" [firmware/nnet_utils/nnet_dense_latency.h:58]   --->   Operation 1554 'sext' 'sext_ln58_3241' <Predicate = true> <Delay = 0.00>
ST_18 : Operation 1555 [1/1] (2.16ns)   --->   "%add_ln58_4830 = add i20 %sext_ln17_5077, i20 %sext_ln17_5093" [firmware/nnet_utils/nnet_dense_latency.h:58]   --->   Operation 1555 'add' 'add_ln58_4830' <Predicate = true> <Delay = 2.16> <CoreInst = "Adder">   --->   Core 1 'Adder' <Latency = 0> <II = 1> <Delay = 2.16> <FuncUnit> <Opcode : 'add' 'sub'> <InPorts = 2> <OutPorts = 1>
ST_18 : Operation 1556 [1/1] (0.00ns)   --->   "%sext_ln58_3242 = sext i20 %add_ln58_4830" [firmware/nnet_utils/nnet_dense_latency.h:58]   --->   Operation 1556 'sext' 'sext_ln58_3242' <Predicate = true> <Delay = 0.00>
ST_18 : Operation 1557 [1/1] (2.19ns)   --->   "%add_ln58_4831 = add i21 %sext_ln58_3242, i21 %sext_ln58_3241" [firmware/nnet_utils/nnet_dense_latency.h:58]   --->   Operation 1557 'add' 'add_ln58_4831' <Predicate = true> <Delay = 2.19> <CoreInst = "Adder">   --->   Core 1 'Adder' <Latency = 0> <II = 1> <Delay = 2.19> <FuncUnit> <Opcode : 'add' 'sub'> <InPorts = 2> <OutPorts = 1>
ST_18 : Operation 1558 [1/1] (0.00ns)   --->   "%sext_ln58_3269 = sext i21 %add_ln58_4861" [firmware/nnet_utils/nnet_dense_latency.h:58]   --->   Operation 1558 'sext' 'sext_ln58_3269' <Predicate = true> <Delay = 0.00>
ST_18 : Operation 1559 [1/1] (2.19ns)   --->   "%add_ln58_4862 = add i21 %sext_ln17_5078, i21 %sext_ln17_5094" [firmware/nnet_utils/nnet_dense_latency.h:58]   --->   Operation 1559 'add' 'add_ln58_4862' <Predicate = true> <Delay = 2.19> <CoreInst = "Adder">   --->   Core 1 'Adder' <Latency = 0> <II = 1> <Delay = 2.19> <FuncUnit> <Opcode : 'add' 'sub'> <InPorts = 2> <OutPorts = 1>
ST_18 : Operation 1560 [1/1] (0.00ns)   --->   "%sext_ln58_3270 = sext i21 %add_ln58_4862" [firmware/nnet_utils/nnet_dense_latency.h:58]   --->   Operation 1560 'sext' 'sext_ln58_3270' <Predicate = true> <Delay = 0.00>
ST_18 : Operation 1561 [1/1] (2.22ns)   --->   "%add_ln58_4863 = add i22 %sext_ln58_3270, i22 %sext_ln58_3269" [firmware/nnet_utils/nnet_dense_latency.h:58]   --->   Operation 1561 'add' 'add_ln58_4863' <Predicate = true> <Delay = 2.22> <CoreInst = "Adder">   --->   Core 1 'Adder' <Latency = 0> <II = 1> <Delay = 2.22> <FuncUnit> <Opcode : 'add' 'sub'> <InPorts = 2> <OutPorts = 1>

State 19 <SV = 18> <Delay = 11.7>
ST_19 : Operation 1562 [1/1] (0.00ns)   --->   "%data_20_val_read = read i16 @_ssdm_op_Read.ap_auto.i16, i16 %data_20_val" [firmware/nnet_utils/nnet_mult.h:70->firmware/nnet_utils/nnet_dense_latency.h:42]   --->   Operation 1562 'read' 'data_20_val_read' <Predicate = true> <Delay = 0.00>
ST_19 : Operation 1563 [1/1] (0.00ns)   --->   "%sext_ln17_5049 = sext i20 %mult_5045" [firmware/nnet_utils/nnet_dense_latency.h:17]   --->   Operation 1563 'sext' 'sext_ln17_5049' <Predicate = true> <Delay = 0.00>
ST_19 : Operation 1564 [1/1] (0.00ns)   --->   "%sext_ln17_5052 = sext i18 %mult_5048" [firmware/nnet_utils/nnet_dense_latency.h:17]   --->   Operation 1564 'sext' 'sext_ln17_5052' <Predicate = true> <Delay = 0.00>
ST_19 : Operation 1565 [1/1] (0.00ns)   --->   "%sext_ln17_5065 = sext i18 %mult_5061" [firmware/nnet_utils/nnet_dense_latency.h:17]   --->   Operation 1565 'sext' 'sext_ln17_5065' <Predicate = true> <Delay = 0.00>
ST_19 : Operation 1566 [1/1] (0.00ns)   --->   "%sext_ln17_5068 = sext i20 %mult_5064" [firmware/nnet_utils/nnet_dense_latency.h:17]   --->   Operation 1566 'sext' 'sext_ln17_5068' <Predicate = true> <Delay = 0.00>
ST_19 : Operation 1567 [1/1] (0.00ns)   --->   "%sext_ln17_5079 = sext i20 %mult_5075" [firmware/nnet_utils/nnet_dense_latency.h:17]   --->   Operation 1567 'sext' 'sext_ln17_5079' <Predicate = true> <Delay = 0.00>
ST_19 : Operation 1568 [1/1] (0.00ns)   --->   "%sext_ln17_5080 = sext i14 %mult_5076" [firmware/nnet_utils/nnet_dense_latency.h:17]   --->   Operation 1568 'sext' 'sext_ln17_5080' <Predicate = true> <Delay = 0.00>
ST_19 : Operation 1569 [1/1] (0.00ns)   --->   "%sext_ln17_5081 = sext i19 %mult_5077" [firmware/nnet_utils/nnet_dense_latency.h:17]   --->   Operation 1569 'sext' 'sext_ln17_5081' <Predicate = true> <Delay = 0.00>
ST_19 : Operation 1570 [1/1] (0.00ns)   --->   "%sext_ln17_5082 = sext i19 %mult_5078" [firmware/nnet_utils/nnet_dense_latency.h:17]   --->   Operation 1570 'sext' 'sext_ln17_5082' <Predicate = true> <Delay = 0.00>
ST_19 : Operation 1571 [1/1] (0.00ns)   --->   "%sext_ln17_5083 = sext i20 %mult_5079" [firmware/nnet_utils/nnet_dense_latency.h:17]   --->   Operation 1571 'sext' 'sext_ln17_5083' <Predicate = true> <Delay = 0.00>
ST_19 : Operation 1572 [1/1] (0.00ns)   --->   "%sext_ln17_5084 = sext i19 %mult_5080" [firmware/nnet_utils/nnet_dense_latency.h:17]   --->   Operation 1572 'sext' 'sext_ln17_5084' <Predicate = true> <Delay = 0.00>
ST_19 : Operation 1573 [1/1] (0.00ns)   --->   "%sext_ln17_5085 = sext i17 %mult_5081" [firmware/nnet_utils/nnet_dense_latency.h:17]   --->   Operation 1573 'sext' 'sext_ln17_5085' <Predicate = true> <Delay = 0.00>
ST_19 : Operation 1574 [1/1] (0.00ns)   --->   "%sext_ln17_5086 = sext i20 %mult_5082" [firmware/nnet_utils/nnet_dense_latency.h:17]   --->   Operation 1574 'sext' 'sext_ln17_5086' <Predicate = true> <Delay = 0.00>
ST_19 : Operation 1575 [1/1] (0.00ns)   --->   "%sext_ln17_5087 = sext i20 %mult_5083" [firmware/nnet_utils/nnet_dense_latency.h:17]   --->   Operation 1575 'sext' 'sext_ln17_5087' <Predicate = true> <Delay = 0.00>
ST_19 : Operation 1576 [1/1] (0.00ns)   --->   "%sext_ln17_5088 = sext i20 %mult_5084" [firmware/nnet_utils/nnet_dense_latency.h:17]   --->   Operation 1576 'sext' 'sext_ln17_5088' <Predicate = true> <Delay = 0.00>
ST_19 : Operation 1577 [1/1] (0.00ns)   --->   "%sext_ln17_5089 = sext i18 %mult_5085" [firmware/nnet_utils/nnet_dense_latency.h:17]   --->   Operation 1577 'sext' 'sext_ln17_5089' <Predicate = true> <Delay = 0.00>
ST_19 : Operation 1578 [1/1] (0.00ns)   --->   "%sext_ln17_5090 = sext i19 %mult_5086" [firmware/nnet_utils/nnet_dense_latency.h:17]   --->   Operation 1578 'sext' 'sext_ln17_5090' <Predicate = true> <Delay = 0.00>
ST_19 : Operation 1579 [1/1] (0.00ns)   --->   "%sext_ln17_5091 = sext i19 %mult_5087" [firmware/nnet_utils/nnet_dense_latency.h:17]   --->   Operation 1579 'sext' 'sext_ln17_5091' <Predicate = true> <Delay = 0.00>
ST_19 : Operation 1580 [1/1] (0.00ns)   --->   "%sext_ln17_5092 = sext i20 %mult_5088" [firmware/nnet_utils/nnet_dense_latency.h:17]   --->   Operation 1580 'sext' 'sext_ln17_5092' <Predicate = true> <Delay = 0.00>
ST_19 : Operation 1581 [1/1] (0.00ns)   --->   "%sext_ln70_570 = sext i16 %data_19_val_read" [firmware/nnet_utils/nnet_mult.h:70->firmware/nnet_utils/nnet_dense_latency.h:42]   --->   Operation 1581 'sext' 'sext_ln70_570' <Predicate = true> <Delay = 0.00>
ST_19 : Operation 1582 [1/1] (0.00ns)   --->   "%sext_ln70_571 = sext i16 %data_19_val_read" [firmware/nnet_utils/nnet_mult.h:70->firmware/nnet_utils/nnet_dense_latency.h:42]   --->   Operation 1582 'sext' 'sext_ln70_571' <Predicate = true> <Delay = 0.00>
ST_19 : Operation 1583 [1/1] (0.00ns)   --->   "%sext_ln70_572 = sext i16 %data_19_val_read" [firmware/nnet_utils/nnet_mult.h:70->firmware/nnet_utils/nnet_dense_latency.h:42]   --->   Operation 1583 'sext' 'sext_ln70_572' <Predicate = true> <Delay = 0.00>
ST_19 : Operation 1584 [1/1] (0.00ns)   --->   "%sext_ln70_573 = sext i16 %data_19_val_read" [firmware/nnet_utils/nnet_mult.h:70->firmware/nnet_utils/nnet_dense_latency.h:42]   --->   Operation 1584 'sext' 'sext_ln70_573' <Predicate = true> <Delay = 0.00>
ST_19 : Operation 1585 [1/1] (0.00ns)   --->   "%sext_ln70_574 = sext i16 %data_19_val_read" [firmware/nnet_utils/nnet_mult.h:70->firmware/nnet_utils/nnet_dense_latency.h:42]   --->   Operation 1585 'sext' 'sext_ln70_574' <Predicate = true> <Delay = 0.00>
ST_19 : Operation 1586 [1/1] (5.58ns)   --->   "%mul_ln73_4925 = mul i29 %sext_ln70_574, i29 536866990" [firmware/nnet_utils/nnet_mult.h:73->firmware/nnet_utils/nnet_dense_latency.h:42]   --->   Operation 1586 'mul' 'mul_ln73_4925' <Predicate = true> <Delay = 5.58> <CoreInst = "Multiplier">   --->   Core 3 'Multiplier' <Latency = 0> <II = 1> <Delay = 5.58> <FuncUnit> <Opcode : 'mul'> <InPorts = 2> <OutPorts = 1>
ST_19 : Operation 1587 [1/1] (0.00ns)   --->   "%mult_5091 = partselect i19 @_ssdm_op_PartSelect.i19.i29.i32.i32, i29 %mul_ln73_4925, i32 10, i32 28" [firmware/nnet_utils/nnet_dense_latency.h:42]   --->   Operation 1587 'partselect' 'mult_5091' <Predicate = true> <Delay = 0.00>
ST_19 : Operation 1588 [1/1] (0.00ns)   --->   "%sext_ln17_5095 = sext i19 %mult_5091" [firmware/nnet_utils/nnet_dense_latency.h:17]   --->   Operation 1588 'sext' 'sext_ln17_5095' <Predicate = true> <Delay = 0.00>
ST_19 : Operation 1589 [1/1] (5.58ns)   --->   "%mul_ln73_4926 = mul i30 %sext_ln70_575, i30 5196" [firmware/nnet_utils/nnet_mult.h:73->firmware/nnet_utils/nnet_dense_latency.h:42]   --->   Operation 1589 'mul' 'mul_ln73_4926' <Predicate = true> <Delay = 5.58> <CoreInst = "Multiplier">   --->   Core 3 'Multiplier' <Latency = 0> <II = 1> <Delay = 5.58> <FuncUnit> <Opcode : 'mul'> <InPorts = 2> <OutPorts = 1>
ST_19 : Operation 1590 [1/1] (0.00ns)   --->   "%mult_5092 = partselect i20 @_ssdm_op_PartSelect.i20.i30.i32.i32, i30 %mul_ln73_4926, i32 10, i32 29" [firmware/nnet_utils/nnet_dense_latency.h:42]   --->   Operation 1590 'partselect' 'mult_5092' <Predicate = true> <Delay = 0.00>
ST_19 : Operation 1591 [1/1] (0.00ns)   --->   "%sext_ln17_5096 = sext i20 %mult_5092" [firmware/nnet_utils/nnet_dense_latency.h:17]   --->   Operation 1591 'sext' 'sext_ln17_5096' <Predicate = true> <Delay = 0.00>
ST_19 : Operation 1592 [1/1] (5.58ns)   --->   "%mul_ln73_4927 = mul i24 %sext_ln70_573, i24 74" [firmware/nnet_utils/nnet_mult.h:73->firmware/nnet_utils/nnet_dense_latency.h:42]   --->   Operation 1592 'mul' 'mul_ln73_4927' <Predicate = true> <Delay = 5.58> <CoreInst = "Multiplier">   --->   Core 3 'Multiplier' <Latency = 0> <II = 1> <Delay = 5.58> <FuncUnit> <Opcode : 'mul'> <InPorts = 2> <OutPorts = 1>
ST_19 : Operation 1593 [1/1] (0.00ns)   --->   "%mult_5093 = partselect i14 @_ssdm_op_PartSelect.i14.i24.i32.i32, i24 %mul_ln73_4927, i32 10, i32 23" [firmware/nnet_utils/nnet_dense_latency.h:42]   --->   Operation 1593 'partselect' 'mult_5093' <Predicate = true> <Delay = 0.00>
ST_19 : Operation 1594 [1/1] (0.00ns)   --->   "%sext_ln17_5097 = sext i14 %mult_5093" [firmware/nnet_utils/nnet_dense_latency.h:17]   --->   Operation 1594 'sext' 'sext_ln17_5097' <Predicate = true> <Delay = 0.00>
ST_19 : Operation 1595 [1/1] (5.58ns)   --->   "%mul_ln73_4928 = mul i30 %sext_ln70_575, i30 4278" [firmware/nnet_utils/nnet_mult.h:73->firmware/nnet_utils/nnet_dense_latency.h:42]   --->   Operation 1595 'mul' 'mul_ln73_4928' <Predicate = true> <Delay = 5.58> <CoreInst = "Multiplier">   --->   Core 3 'Multiplier' <Latency = 0> <II = 1> <Delay = 5.58> <FuncUnit> <Opcode : 'mul'> <InPorts = 2> <OutPorts = 1>
ST_19 : Operation 1596 [1/1] (0.00ns)   --->   "%mult_5094 = partselect i20 @_ssdm_op_PartSelect.i20.i30.i32.i32, i30 %mul_ln73_4928, i32 10, i32 29" [firmware/nnet_utils/nnet_dense_latency.h:42]   --->   Operation 1596 'partselect' 'mult_5094' <Predicate = true> <Delay = 0.00>
ST_19 : Operation 1597 [1/1] (0.00ns)   --->   "%sext_ln17_5098 = sext i20 %mult_5094" [firmware/nnet_utils/nnet_dense_latency.h:17]   --->   Operation 1597 'sext' 'sext_ln17_5098' <Predicate = true> <Delay = 0.00>
ST_19 : Operation 1598 [1/1] (5.58ns)   --->   "%mul_ln73_4929 = mul i29 %sext_ln70_574, i29 536867074" [firmware/nnet_utils/nnet_mult.h:73->firmware/nnet_utils/nnet_dense_latency.h:42]   --->   Operation 1598 'mul' 'mul_ln73_4929' <Predicate = true> <Delay = 5.58> <CoreInst = "Multiplier">   --->   Core 3 'Multiplier' <Latency = 0> <II = 1> <Delay = 5.58> <FuncUnit> <Opcode : 'mul'> <InPorts = 2> <OutPorts = 1>
ST_19 : Operation 1599 [1/1] (0.00ns)   --->   "%mult_5095 = partselect i19 @_ssdm_op_PartSelect.i19.i29.i32.i32, i29 %mul_ln73_4929, i32 10, i32 28" [firmware/nnet_utils/nnet_dense_latency.h:42]   --->   Operation 1599 'partselect' 'mult_5095' <Predicate = true> <Delay = 0.00>
ST_19 : Operation 1600 [1/1] (0.00ns)   --->   "%sext_ln17_5099 = sext i19 %mult_5095" [firmware/nnet_utils/nnet_dense_latency.h:17]   --->   Operation 1600 'sext' 'sext_ln17_5099' <Predicate = true> <Delay = 0.00>
ST_19 : Operation 1601 [1/1] (5.58ns)   --->   "%mul_ln73_4930 = mul i28 %sext_ln70_572, i28 268434110" [firmware/nnet_utils/nnet_mult.h:73->firmware/nnet_utils/nnet_dense_latency.h:42]   --->   Operation 1601 'mul' 'mul_ln73_4930' <Predicate = true> <Delay = 5.58> <CoreInst = "Multiplier">   --->   Core 3 'Multiplier' <Latency = 0> <II = 1> <Delay = 5.58> <FuncUnit> <Opcode : 'mul'> <InPorts = 2> <OutPorts = 1>
ST_19 : Operation 1602 [1/1] (0.00ns)   --->   "%mult_5096 = partselect i18 @_ssdm_op_PartSelect.i18.i28.i32.i32, i28 %mul_ln73_4930, i32 10, i32 27" [firmware/nnet_utils/nnet_dense_latency.h:42]   --->   Operation 1602 'partselect' 'mult_5096' <Predicate = true> <Delay = 0.00>
ST_19 : Operation 1603 [1/1] (0.00ns)   --->   "%sext_ln17_5100 = sext i18 %mult_5096" [firmware/nnet_utils/nnet_dense_latency.h:17]   --->   Operation 1603 'sext' 'sext_ln17_5100' <Predicate = true> <Delay = 0.00>
ST_19 : Operation 1604 [1/1] (5.58ns)   --->   "%mul_ln73_4931 = mul i28 %sext_ln70_572, i28 268433444" [firmware/nnet_utils/nnet_mult.h:73->firmware/nnet_utils/nnet_dense_latency.h:42]   --->   Operation 1604 'mul' 'mul_ln73_4931' <Predicate = true> <Delay = 5.58> <CoreInst = "Multiplier">   --->   Core 3 'Multiplier' <Latency = 0> <II = 1> <Delay = 5.58> <FuncUnit> <Opcode : 'mul'> <InPorts = 2> <OutPorts = 1>
ST_19 : Operation 1605 [1/1] (0.00ns)   --->   "%mult_5097 = partselect i18 @_ssdm_op_PartSelect.i18.i28.i32.i32, i28 %mul_ln73_4931, i32 10, i32 27" [firmware/nnet_utils/nnet_dense_latency.h:42]   --->   Operation 1605 'partselect' 'mult_5097' <Predicate = true> <Delay = 0.00>
ST_19 : Operation 1606 [1/1] (0.00ns)   --->   "%sext_ln17_5101 = sext i18 %mult_5097" [firmware/nnet_utils/nnet_dense_latency.h:17]   --->   Operation 1606 'sext' 'sext_ln17_5101' <Predicate = true> <Delay = 0.00>
ST_19 : Operation 1607 [1/1] (5.58ns)   --->   "%mul_ln73_4932 = mul i26 %sext_ln70_576, i26 67108489" [firmware/nnet_utils/nnet_mult.h:73->firmware/nnet_utils/nnet_dense_latency.h:42]   --->   Operation 1607 'mul' 'mul_ln73_4932' <Predicate = true> <Delay = 5.58> <CoreInst = "Multiplier">   --->   Core 3 'Multiplier' <Latency = 0> <II = 1> <Delay = 5.58> <FuncUnit> <Opcode : 'mul'> <InPorts = 2> <OutPorts = 1>
ST_19 : Operation 1608 [1/1] (0.00ns)   --->   "%mult_5098 = partselect i16 @_ssdm_op_PartSelect.i16.i26.i32.i32, i26 %mul_ln73_4932, i32 10, i32 25" [firmware/nnet_utils/nnet_dense_latency.h:42]   --->   Operation 1608 'partselect' 'mult_5098' <Predicate = true> <Delay = 0.00>
ST_19 : Operation 1609 [1/1] (0.00ns)   --->   "%sext_ln17_5102 = sext i16 %mult_5098" [firmware/nnet_utils/nnet_dense_latency.h:17]   --->   Operation 1609 'sext' 'sext_ln17_5102' <Predicate = true> <Delay = 0.00>
ST_19 : Operation 1610 [1/1] (5.58ns)   --->   "%mul_ln73_4933 = mul i27 %sext_ln70_571, i27 134216983" [firmware/nnet_utils/nnet_mult.h:73->firmware/nnet_utils/nnet_dense_latency.h:42]   --->   Operation 1610 'mul' 'mul_ln73_4933' <Predicate = true> <Delay = 5.58> <CoreInst = "Multiplier">   --->   Core 3 'Multiplier' <Latency = 0> <II = 1> <Delay = 5.58> <FuncUnit> <Opcode : 'mul'> <InPorts = 2> <OutPorts = 1>
ST_19 : Operation 1611 [1/1] (0.00ns)   --->   "%mult_5099 = partselect i17 @_ssdm_op_PartSelect.i17.i27.i32.i32, i27 %mul_ln73_4933, i32 10, i32 26" [firmware/nnet_utils/nnet_dense_latency.h:42]   --->   Operation 1611 'partselect' 'mult_5099' <Predicate = true> <Delay = 0.00>
ST_19 : Operation 1612 [1/1] (0.00ns)   --->   "%sext_ln17_5103 = sext i17 %mult_5099" [firmware/nnet_utils/nnet_dense_latency.h:17]   --->   Operation 1612 'sext' 'sext_ln17_5103' <Predicate = true> <Delay = 0.00>
ST_19 : Operation 1613 [1/1] (5.58ns)   --->   "%mul_ln73_4934 = mul i28 %sext_ln70_572, i28 268434121" [firmware/nnet_utils/nnet_mult.h:73->firmware/nnet_utils/nnet_dense_latency.h:42]   --->   Operation 1613 'mul' 'mul_ln73_4934' <Predicate = true> <Delay = 5.58> <CoreInst = "Multiplier">   --->   Core 3 'Multiplier' <Latency = 0> <II = 1> <Delay = 5.58> <FuncUnit> <Opcode : 'mul'> <InPorts = 2> <OutPorts = 1>
ST_19 : Operation 1614 [1/1] (0.00ns)   --->   "%mult_5100 = partselect i18 @_ssdm_op_PartSelect.i18.i28.i32.i32, i28 %mul_ln73_4934, i32 10, i32 27" [firmware/nnet_utils/nnet_dense_latency.h:42]   --->   Operation 1614 'partselect' 'mult_5100' <Predicate = true> <Delay = 0.00>
ST_19 : Operation 1615 [1/1] (0.00ns)   --->   "%sext_ln17_5104 = sext i18 %mult_5100" [firmware/nnet_utils/nnet_dense_latency.h:17]   --->   Operation 1615 'sext' 'sext_ln17_5104' <Predicate = true> <Delay = 0.00>
ST_19 : Operation 1616 [1/1] (5.58ns)   --->   "%mul_ln73_4935 = mul i29 %sext_ln70_574, i29 536867699" [firmware/nnet_utils/nnet_mult.h:73->firmware/nnet_utils/nnet_dense_latency.h:42]   --->   Operation 1616 'mul' 'mul_ln73_4935' <Predicate = true> <Delay = 5.58> <CoreInst = "Multiplier">   --->   Core 3 'Multiplier' <Latency = 0> <II = 1> <Delay = 5.58> <FuncUnit> <Opcode : 'mul'> <InPorts = 2> <OutPorts = 1>
ST_19 : Operation 1617 [1/1] (0.00ns)   --->   "%mult_5101 = partselect i19 @_ssdm_op_PartSelect.i19.i29.i32.i32, i29 %mul_ln73_4935, i32 10, i32 28" [firmware/nnet_utils/nnet_dense_latency.h:42]   --->   Operation 1617 'partselect' 'mult_5101' <Predicate = true> <Delay = 0.00>
ST_19 : Operation 1618 [1/1] (0.00ns)   --->   "%sext_ln17_5105 = sext i19 %mult_5101" [firmware/nnet_utils/nnet_dense_latency.h:17]   --->   Operation 1618 'sext' 'sext_ln17_5105' <Predicate = true> <Delay = 0.00>
ST_19 : Operation 1619 [1/1] (5.58ns)   --->   "%mul_ln73_4936 = mul i25 %sext_ln70_570, i25 182" [firmware/nnet_utils/nnet_mult.h:73->firmware/nnet_utils/nnet_dense_latency.h:42]   --->   Operation 1619 'mul' 'mul_ln73_4936' <Predicate = true> <Delay = 5.58> <CoreInst = "Multiplier">   --->   Core 3 'Multiplier' <Latency = 0> <II = 1> <Delay = 5.58> <FuncUnit> <Opcode : 'mul'> <InPorts = 2> <OutPorts = 1>
ST_19 : Operation 1620 [1/1] (0.00ns)   --->   "%mult_5102 = partselect i15 @_ssdm_op_PartSelect.i15.i25.i32.i32, i25 %mul_ln73_4936, i32 10, i32 24" [firmware/nnet_utils/nnet_dense_latency.h:42]   --->   Operation 1620 'partselect' 'mult_5102' <Predicate = true> <Delay = 0.00>
ST_19 : Operation 1621 [1/1] (0.00ns)   --->   "%sext_ln17_5106 = sext i15 %mult_5102" [firmware/nnet_utils/nnet_dense_latency.h:17]   --->   Operation 1621 'sext' 'sext_ln17_5106' <Predicate = true> <Delay = 0.00>
ST_19 : Operation 1622 [1/1] (5.58ns)   --->   "%mul_ln73_4937 = mul i25 %sext_ln70_570, i25 238" [firmware/nnet_utils/nnet_mult.h:73->firmware/nnet_utils/nnet_dense_latency.h:42]   --->   Operation 1622 'mul' 'mul_ln73_4937' <Predicate = true> <Delay = 5.58> <CoreInst = "Multiplier">   --->   Core 3 'Multiplier' <Latency = 0> <II = 1> <Delay = 5.58> <FuncUnit> <Opcode : 'mul'> <InPorts = 2> <OutPorts = 1>
ST_19 : Operation 1623 [1/1] (0.00ns)   --->   "%mult_5103 = partselect i15 @_ssdm_op_PartSelect.i15.i25.i32.i32, i25 %mul_ln73_4937, i32 10, i32 24" [firmware/nnet_utils/nnet_dense_latency.h:42]   --->   Operation 1623 'partselect' 'mult_5103' <Predicate = true> <Delay = 0.00>
ST_19 : Operation 1624 [1/1] (0.00ns)   --->   "%sext_ln17_5107 = sext i15 %mult_5103" [firmware/nnet_utils/nnet_dense_latency.h:17]   --->   Operation 1624 'sext' 'sext_ln17_5107' <Predicate = true> <Delay = 0.00>
ST_19 : Operation 1625 [1/1] (5.58ns)   --->   "%mul_ln73_4938 = mul i30 %sext_ln70_575, i30 4230" [firmware/nnet_utils/nnet_mult.h:73->firmware/nnet_utils/nnet_dense_latency.h:42]   --->   Operation 1625 'mul' 'mul_ln73_4938' <Predicate = true> <Delay = 5.58> <CoreInst = "Multiplier">   --->   Core 3 'Multiplier' <Latency = 0> <II = 1> <Delay = 5.58> <FuncUnit> <Opcode : 'mul'> <InPorts = 2> <OutPorts = 1>
ST_19 : Operation 1626 [1/1] (0.00ns)   --->   "%mult_5104 = partselect i20 @_ssdm_op_PartSelect.i20.i30.i32.i32, i30 %mul_ln73_4938, i32 10, i32 29" [firmware/nnet_utils/nnet_dense_latency.h:42]   --->   Operation 1626 'partselect' 'mult_5104' <Predicate = true> <Delay = 0.00>
ST_19 : Operation 1627 [1/1] (0.00ns)   --->   "%sext_ln17_5108 = sext i20 %mult_5104" [firmware/nnet_utils/nnet_dense_latency.h:17]   --->   Operation 1627 'sext' 'sext_ln17_5108' <Predicate = true> <Delay = 0.00>
ST_19 : Operation 1628 [1/1] (0.00ns)   --->   "%sext_ln70_580 = sext i16 %data_20_val_read" [firmware/nnet_utils/nnet_mult.h:70->firmware/nnet_utils/nnet_dense_latency.h:42]   --->   Operation 1628 'sext' 'sext_ln70_580' <Predicate = true> <Delay = 0.00>
ST_19 : Operation 1629 [1/1] (5.58ns)   --->   "%mul_ln73_4939 = mul i28 %sext_ln70_580, i28 268434247" [firmware/nnet_utils/nnet_mult.h:73->firmware/nnet_utils/nnet_dense_latency.h:42]   --->   Operation 1629 'mul' 'mul_ln73_4939' <Predicate = true> <Delay = 5.58> <CoreInst = "Multiplier">   --->   Core 3 'Multiplier' <Latency = 0> <II = 1> <Delay = 5.58> <FuncUnit> <Opcode : 'mul'> <InPorts = 2> <OutPorts = 1>
ST_19 : Operation 1630 [1/1] (0.00ns)   --->   "%mult_5105 = partselect i18 @_ssdm_op_PartSelect.i18.i28.i32.i32, i28 %mul_ln73_4939, i32 10, i32 27" [firmware/nnet_utils/nnet_dense_latency.h:42]   --->   Operation 1630 'partselect' 'mult_5105' <Predicate = true> <Delay = 0.00>
ST_19 : Operation 1631 [1/1] (5.58ns)   --->   "%mul_ln73_4940 = mul i28 %sext_ln70_580, i28 1104" [firmware/nnet_utils/nnet_mult.h:73->firmware/nnet_utils/nnet_dense_latency.h:42]   --->   Operation 1631 'mul' 'mul_ln73_4940' <Predicate = true> <Delay = 5.58> <CoreInst = "Multiplier">   --->   Core 3 'Multiplier' <Latency = 0> <II = 1> <Delay = 5.58> <FuncUnit> <Opcode : 'mul'> <InPorts = 2> <OutPorts = 1>
ST_19 : Operation 1632 [1/1] (0.00ns)   --->   "%mult_5106 = partselect i18 @_ssdm_op_PartSelect.i18.i28.i32.i32, i28 %mul_ln73_4940, i32 10, i32 27" [firmware/nnet_utils/nnet_dense_latency.h:42]   --->   Operation 1632 'partselect' 'mult_5106' <Predicate = true> <Delay = 0.00>
ST_19 : Operation 1633 [1/1] (0.00ns)   --->   "%sext_ln58_3298 = sext i21 %add_ln58_4893" [firmware/nnet_utils/nnet_dense_latency.h:58]   --->   Operation 1633 'sext' 'sext_ln58_3298' <Predicate = true> <Delay = 0.00>
ST_19 : Operation 1634 [1/1] (2.19ns)   --->   "%add_ln58_4894 = add i21 %sext_ln17_5079, i21 %sext_ln17_5095" [firmware/nnet_utils/nnet_dense_latency.h:58]   --->   Operation 1634 'add' 'add_ln58_4894' <Predicate = true> <Delay = 2.19> <CoreInst = "Adder">   --->   Core 1 'Adder' <Latency = 0> <II = 1> <Delay = 2.19> <FuncUnit> <Opcode : 'add' 'sub'> <InPorts = 2> <OutPorts = 1>
ST_19 : Operation 1635 [1/1] (0.00ns)   --->   "%sext_ln58_3299 = sext i21 %add_ln58_4894" [firmware/nnet_utils/nnet_dense_latency.h:58]   --->   Operation 1635 'sext' 'sext_ln58_3299' <Predicate = true> <Delay = 0.00>
ST_19 : Operation 1636 [1/1] (2.22ns)   --->   "%add_ln58_4895 = add i22 %sext_ln58_3299, i22 %sext_ln58_3298" [firmware/nnet_utils/nnet_dense_latency.h:58]   --->   Operation 1636 'add' 'add_ln58_4895' <Predicate = true> <Delay = 2.22> <CoreInst = "Adder">   --->   Core 1 'Adder' <Latency = 0> <II = 1> <Delay = 2.22> <FuncUnit> <Opcode : 'add' 'sub'> <InPorts = 2> <OutPorts = 1>
ST_19 : Operation 1637 [1/1] (0.00ns)   --->   "%sext_ln58_3324 = sext i20 %add_ln58_4925" [firmware/nnet_utils/nnet_dense_latency.h:58]   --->   Operation 1637 'sext' 'sext_ln58_3324' <Predicate = true> <Delay = 0.00>
ST_19 : Operation 1638 [1/1] (0.00ns) (grouped into TernaryAdder)   --->   "%add_ln58_4926 = add i21 %sext_ln17_5080, i21 %sext_ln17_5096" [firmware/nnet_utils/nnet_dense_latency.h:58]   --->   Operation 1638 'add' 'add_ln58_4926' <Predicate = true> <Delay = 0.00> <CoreInst = "TAddSub">   --->   Core 10 'TAddSub' <Latency = 0> <II = 1> <Delay = 2.03> <IPBlock> <Opcode : '<invalid operator> ' 'add' 'sub'> <InPorts = 3> <OutPorts = 1> <Sync> <CReg>
ST_19 : Operation 1639 [1/1] (4.04ns) (root node of TernaryAdder)   --->   "%add_ln58_4927 = add i21 %add_ln58_4926, i21 %sext_ln58_3324" [firmware/nnet_utils/nnet_dense_latency.h:58]   --->   Operation 1639 'add' 'add_ln58_4927' <Predicate = true> <Delay = 4.04> <CoreInst = "TAddSub">   --->   Core 10 'TAddSub' <Latency = 0> <II = 1> <Delay = 2.03> <IPBlock> <Opcode : '<invalid operator> ' 'add' 'sub'> <InPorts = 3> <OutPorts = 1> <Sync> <CReg>
ST_19 : Operation 1640 [1/1] (0.00ns) (grouped into TernaryAdder)   --->   "%add_ln58_4957 = add i21 %sext_ln17_5049, i21 %sext_ln17_5065" [firmware/nnet_utils/nnet_dense_latency.h:58]   --->   Operation 1640 'add' 'add_ln58_4957' <Predicate = true> <Delay = 0.00> <CoreInst = "TAddSub">   --->   Core 10 'TAddSub' <Latency = 0> <II = 1> <Delay = 2.03> <IPBlock> <Opcode : '<invalid operator> ' 'add' 'sub'> <InPorts = 3> <OutPorts = 1> <Sync> <CReg>
ST_19 : Operation 1641 [1/1] (2.16ns)   --->   "%add_ln58_4958 = add i20 %sext_ln17_5081, i20 %sext_ln17_5097" [firmware/nnet_utils/nnet_dense_latency.h:58]   --->   Operation 1641 'add' 'add_ln58_4958' <Predicate = true> <Delay = 2.16> <CoreInst = "Adder">   --->   Core 1 'Adder' <Latency = 0> <II = 1> <Delay = 2.16> <FuncUnit> <Opcode : 'add' 'sub'> <InPorts = 2> <OutPorts = 1>
ST_19 : Operation 1642 [1/1] (0.00ns)   --->   "%sext_ln58_3352 = sext i20 %add_ln58_4958" [firmware/nnet_utils/nnet_dense_latency.h:58]   --->   Operation 1642 'sext' 'sext_ln58_3352' <Predicate = true> <Delay = 0.00>
ST_19 : Operation 1643 [1/1] (4.04ns) (root node of TernaryAdder)   --->   "%add_ln58_4959 = add i21 %sext_ln58_3352, i21 %add_ln58_4957" [firmware/nnet_utils/nnet_dense_latency.h:58]   --->   Operation 1643 'add' 'add_ln58_4959' <Predicate = true> <Delay = 4.04> <CoreInst = "TAddSub">   --->   Core 10 'TAddSub' <Latency = 0> <II = 1> <Delay = 2.03> <IPBlock> <Opcode : '<invalid operator> ' 'add' 'sub'> <InPorts = 3> <OutPorts = 1> <Sync> <CReg>
ST_19 : Operation 1644 [1/1] (0.00ns)   --->   "%sext_ln58_3379 = sext i20 %add_ln58_4989" [firmware/nnet_utils/nnet_dense_latency.h:58]   --->   Operation 1644 'sext' 'sext_ln58_3379' <Predicate = true> <Delay = 0.00>
ST_19 : Operation 1645 [1/1] (2.19ns)   --->   "%add_ln58_4990 = add i21 %sext_ln17_5082, i21 %sext_ln17_5098" [firmware/nnet_utils/nnet_dense_latency.h:58]   --->   Operation 1645 'add' 'add_ln58_4990' <Predicate = true> <Delay = 2.19> <CoreInst = "Adder">   --->   Core 1 'Adder' <Latency = 0> <II = 1> <Delay = 2.19> <FuncUnit> <Opcode : 'add' 'sub'> <InPorts = 2> <OutPorts = 1>
ST_19 : Operation 1646 [1/1] (0.00ns)   --->   "%sext_ln58_3380 = sext i21 %add_ln58_4990" [firmware/nnet_utils/nnet_dense_latency.h:58]   --->   Operation 1646 'sext' 'sext_ln58_3380' <Predicate = true> <Delay = 0.00>
ST_19 : Operation 1647 [1/1] (2.22ns)   --->   "%add_ln58_4991 = add i22 %sext_ln58_3380, i22 %sext_ln58_3379" [firmware/nnet_utils/nnet_dense_latency.h:58]   --->   Operation 1647 'add' 'add_ln58_4991' <Predicate = true> <Delay = 2.22> <CoreInst = "Adder">   --->   Core 1 'Adder' <Latency = 0> <II = 1> <Delay = 2.22> <FuncUnit> <Opcode : 'add' 'sub'> <InPorts = 2> <OutPorts = 1>
ST_19 : Operation 1648 [1/1] (0.00ns)   --->   "%sext_ln58_3407 = sext i21 %add_ln58_5021" [firmware/nnet_utils/nnet_dense_latency.h:58]   --->   Operation 1648 'sext' 'sext_ln58_3407' <Predicate = true> <Delay = 0.00>
ST_19 : Operation 1649 [1/1] (2.19ns)   --->   "%add_ln58_5022 = add i21 %sext_ln17_5083, i21 %sext_ln17_5099" [firmware/nnet_utils/nnet_dense_latency.h:58]   --->   Operation 1649 'add' 'add_ln58_5022' <Predicate = true> <Delay = 2.19> <CoreInst = "Adder">   --->   Core 1 'Adder' <Latency = 0> <II = 1> <Delay = 2.19> <FuncUnit> <Opcode : 'add' 'sub'> <InPorts = 2> <OutPorts = 1>
ST_19 : Operation 1650 [1/1] (0.00ns)   --->   "%sext_ln58_3408 = sext i21 %add_ln58_5022" [firmware/nnet_utils/nnet_dense_latency.h:58]   --->   Operation 1650 'sext' 'sext_ln58_3408' <Predicate = true> <Delay = 0.00>
ST_19 : Operation 1651 [1/1] (2.22ns)   --->   "%add_ln58_5023 = add i22 %sext_ln58_3408, i22 %sext_ln58_3407" [firmware/nnet_utils/nnet_dense_latency.h:58]   --->   Operation 1651 'add' 'add_ln58_5023' <Predicate = true> <Delay = 2.22> <CoreInst = "Adder">   --->   Core 1 'Adder' <Latency = 0> <II = 1> <Delay = 2.22> <FuncUnit> <Opcode : 'add' 'sub'> <InPorts = 2> <OutPorts = 1>
ST_19 : Operation 1652 [1/1] (0.00ns) (grouped into TernaryAdder)   --->   "%add_ln58_5053 = add i21 %sext_ln17_5052, i21 %sext_ln17_5068" [firmware/nnet_utils/nnet_dense_latency.h:58]   --->   Operation 1652 'add' 'add_ln58_5053' <Predicate = true> <Delay = 0.00> <CoreInst = "TAddSub">   --->   Core 10 'TAddSub' <Latency = 0> <II = 1> <Delay = 2.03> <IPBlock> <Opcode : '<invalid operator> ' 'add' 'sub'> <InPorts = 3> <OutPorts = 1> <Sync> <CReg>
ST_19 : Operation 1653 [1/1] (2.16ns)   --->   "%add_ln58_5054 = add i20 %sext_ln17_5084, i20 %sext_ln17_5100" [firmware/nnet_utils/nnet_dense_latency.h:58]   --->   Operation 1653 'add' 'add_ln58_5054' <Predicate = true> <Delay = 2.16> <CoreInst = "Adder">   --->   Core 1 'Adder' <Latency = 0> <II = 1> <Delay = 2.16> <FuncUnit> <Opcode : 'add' 'sub'> <InPorts = 2> <OutPorts = 1>
ST_19 : Operation 1654 [1/1] (0.00ns)   --->   "%sext_ln58_3434 = sext i20 %add_ln58_5054" [firmware/nnet_utils/nnet_dense_latency.h:58]   --->   Operation 1654 'sext' 'sext_ln58_3434' <Predicate = true> <Delay = 0.00>
ST_19 : Operation 1655 [1/1] (4.04ns) (root node of TernaryAdder)   --->   "%add_ln58_5055 = add i21 %sext_ln58_3434, i21 %add_ln58_5053" [firmware/nnet_utils/nnet_dense_latency.h:58]   --->   Operation 1655 'add' 'add_ln58_5055' <Predicate = true> <Delay = 4.04> <CoreInst = "TAddSub">   --->   Core 10 'TAddSub' <Latency = 0> <II = 1> <Delay = 2.03> <IPBlock> <Opcode : '<invalid operator> ' 'add' 'sub'> <InPorts = 3> <OutPorts = 1> <Sync> <CReg>
ST_19 : Operation 1656 [1/1] (0.00ns)   --->   "%sext_ln58_3464 = sext i20 %add_ln58_5085" [firmware/nnet_utils/nnet_dense_latency.h:58]   --->   Operation 1656 'sext' 'sext_ln58_3464' <Predicate = true> <Delay = 0.00>
ST_19 : Operation 1657 [1/1] (2.13ns)   --->   "%add_ln58_5086 = add i19 %sext_ln17_5085, i19 %sext_ln17_5101" [firmware/nnet_utils/nnet_dense_latency.h:58]   --->   Operation 1657 'add' 'add_ln58_5086' <Predicate = true> <Delay = 2.13> <CoreInst = "Adder">   --->   Core 1 'Adder' <Latency = 0> <II = 1> <Delay = 2.13> <FuncUnit> <Opcode : 'add' 'sub'> <InPorts = 2> <OutPorts = 1>
ST_19 : Operation 1658 [1/1] (0.00ns)   --->   "%sext_ln58_3465 = sext i19 %add_ln58_5086" [firmware/nnet_utils/nnet_dense_latency.h:58]   --->   Operation 1658 'sext' 'sext_ln58_3465' <Predicate = true> <Delay = 0.00>
ST_19 : Operation 1659 [1/1] (2.19ns)   --->   "%add_ln58_5087 = add i21 %sext_ln58_3465, i21 %sext_ln58_3464" [firmware/nnet_utils/nnet_dense_latency.h:58]   --->   Operation 1659 'add' 'add_ln58_5087' <Predicate = true> <Delay = 2.19> <CoreInst = "Adder">   --->   Core 1 'Adder' <Latency = 0> <II = 1> <Delay = 2.19> <FuncUnit> <Opcode : 'add' 'sub'> <InPorts = 2> <OutPorts = 1>
ST_19 : Operation 1660 [1/1] (0.00ns)   --->   "%sext_ln58_3493 = sext i21 %add_ln58_5117" [firmware/nnet_utils/nnet_dense_latency.h:58]   --->   Operation 1660 'sext' 'sext_ln58_3493' <Predicate = true> <Delay = 0.00>
ST_19 : Operation 1661 [1/1] (2.19ns)   --->   "%add_ln58_5118 = add i21 %sext_ln17_5086, i21 %sext_ln17_5102" [firmware/nnet_utils/nnet_dense_latency.h:58]   --->   Operation 1661 'add' 'add_ln58_5118' <Predicate = true> <Delay = 2.19> <CoreInst = "Adder">   --->   Core 1 'Adder' <Latency = 0> <II = 1> <Delay = 2.19> <FuncUnit> <Opcode : 'add' 'sub'> <InPorts = 2> <OutPorts = 1>
ST_19 : Operation 1662 [1/1] (0.00ns)   --->   "%sext_ln58_3494 = sext i21 %add_ln58_5118" [firmware/nnet_utils/nnet_dense_latency.h:58]   --->   Operation 1662 'sext' 'sext_ln58_3494' <Predicate = true> <Delay = 0.00>
ST_19 : Operation 1663 [1/1] (2.22ns)   --->   "%add_ln58_5119 = add i22 %sext_ln58_3494, i22 %sext_ln58_3493" [firmware/nnet_utils/nnet_dense_latency.h:58]   --->   Operation 1663 'add' 'add_ln58_5119' <Predicate = true> <Delay = 2.22> <CoreInst = "Adder">   --->   Core 1 'Adder' <Latency = 0> <II = 1> <Delay = 2.22> <FuncUnit> <Opcode : 'add' 'sub'> <InPorts = 2> <OutPorts = 1>
ST_19 : Operation 1664 [1/1] (0.00ns)   --->   "%sext_ln58_3520 = sext i21 %add_ln58_5149" [firmware/nnet_utils/nnet_dense_latency.h:58]   --->   Operation 1664 'sext' 'sext_ln58_3520' <Predicate = true> <Delay = 0.00>
ST_19 : Operation 1665 [1/1] (2.19ns)   --->   "%add_ln58_5150 = add i21 %sext_ln17_5087, i21 %sext_ln17_5103" [firmware/nnet_utils/nnet_dense_latency.h:58]   --->   Operation 1665 'add' 'add_ln58_5150' <Predicate = true> <Delay = 2.19> <CoreInst = "Adder">   --->   Core 1 'Adder' <Latency = 0> <II = 1> <Delay = 2.19> <FuncUnit> <Opcode : 'add' 'sub'> <InPorts = 2> <OutPorts = 1>
ST_19 : Operation 1666 [1/1] (0.00ns)   --->   "%sext_ln58_3521 = sext i21 %add_ln58_5150" [firmware/nnet_utils/nnet_dense_latency.h:58]   --->   Operation 1666 'sext' 'sext_ln58_3521' <Predicate = true> <Delay = 0.00>
ST_19 : Operation 1667 [1/1] (2.22ns)   --->   "%add_ln58_5151 = add i22 %sext_ln58_3521, i22 %sext_ln58_3520" [firmware/nnet_utils/nnet_dense_latency.h:58]   --->   Operation 1667 'add' 'add_ln58_5151' <Predicate = true> <Delay = 2.22> <CoreInst = "Adder">   --->   Core 1 'Adder' <Latency = 0> <II = 1> <Delay = 2.22> <FuncUnit> <Opcode : 'add' 'sub'> <InPorts = 2> <OutPorts = 1>
ST_19 : Operation 1668 [1/1] (0.00ns)   --->   "%sext_ln58_3547 = sext i20 %add_ln58_5181" [firmware/nnet_utils/nnet_dense_latency.h:58]   --->   Operation 1668 'sext' 'sext_ln58_3547' <Predicate = true> <Delay = 0.00>
ST_19 : Operation 1669 [1/1] (0.00ns) (grouped into TernaryAdder)   --->   "%add_ln58_5182 = add i21 %sext_ln17_5088, i21 %sext_ln17_5104" [firmware/nnet_utils/nnet_dense_latency.h:58]   --->   Operation 1669 'add' 'add_ln58_5182' <Predicate = true> <Delay = 0.00> <CoreInst = "TAddSub">   --->   Core 10 'TAddSub' <Latency = 0> <II = 1> <Delay = 2.03> <IPBlock> <Opcode : '<invalid operator> ' 'add' 'sub'> <InPorts = 3> <OutPorts = 1> <Sync> <CReg>
ST_19 : Operation 1670 [1/1] (4.04ns) (root node of TernaryAdder)   --->   "%add_ln58_5183 = add i21 %add_ln58_5182, i21 %sext_ln58_3547" [firmware/nnet_utils/nnet_dense_latency.h:58]   --->   Operation 1670 'add' 'add_ln58_5183' <Predicate = true> <Delay = 4.04> <CoreInst = "TAddSub">   --->   Core 10 'TAddSub' <Latency = 0> <II = 1> <Delay = 2.03> <IPBlock> <Opcode : '<invalid operator> ' 'add' 'sub'> <InPorts = 3> <OutPorts = 1> <Sync> <CReg>
ST_19 : Operation 1671 [1/1] (0.00ns)   --->   "%sext_ln58_3573 = sext i18 %add_ln58_5213" [firmware/nnet_utils/nnet_dense_latency.h:58]   --->   Operation 1671 'sext' 'sext_ln58_3573' <Predicate = true> <Delay = 0.00>
ST_19 : Operation 1672 [1/1] (0.00ns) (grouped into TernaryAdder)   --->   "%add_ln58_5214 = add i20 %sext_ln17_5089, i20 %sext_ln17_5105" [firmware/nnet_utils/nnet_dense_latency.h:58]   --->   Operation 1672 'add' 'add_ln58_5214' <Predicate = true> <Delay = 0.00> <CoreInst = "TAddSub">   --->   Core 10 'TAddSub' <Latency = 0> <II = 1> <Delay = 2.03> <IPBlock> <Opcode : '<invalid operator> ' 'add' 'sub'> <InPorts = 3> <OutPorts = 1> <Sync> <CReg>
ST_19 : Operation 1673 [1/1] (4.02ns) (root node of TernaryAdder)   --->   "%add_ln58_5215 = add i20 %add_ln58_5214, i20 %sext_ln58_3573" [firmware/nnet_utils/nnet_dense_latency.h:58]   --->   Operation 1673 'add' 'add_ln58_5215' <Predicate = true> <Delay = 4.02> <CoreInst = "TAddSub">   --->   Core 10 'TAddSub' <Latency = 0> <II = 1> <Delay = 2.03> <IPBlock> <Opcode : '<invalid operator> ' 'add' 'sub'> <InPorts = 3> <OutPorts = 1> <Sync> <CReg>
ST_19 : Operation 1674 [1/1] (0.00ns)   --->   "%sext_ln58_3601 = sext i20 %add_ln58_5245" [firmware/nnet_utils/nnet_dense_latency.h:58]   --->   Operation 1674 'sext' 'sext_ln58_3601' <Predicate = true> <Delay = 0.00>
ST_19 : Operation 1675 [1/1] (2.16ns)   --->   "%add_ln58_5246 = add i20 %sext_ln17_5090, i20 %sext_ln17_5106" [firmware/nnet_utils/nnet_dense_latency.h:58]   --->   Operation 1675 'add' 'add_ln58_5246' <Predicate = true> <Delay = 2.16> <CoreInst = "Adder">   --->   Core 1 'Adder' <Latency = 0> <II = 1> <Delay = 2.16> <FuncUnit> <Opcode : 'add' 'sub'> <InPorts = 2> <OutPorts = 1>
ST_19 : Operation 1676 [1/1] (0.00ns)   --->   "%sext_ln58_3602 = sext i20 %add_ln58_5246" [firmware/nnet_utils/nnet_dense_latency.h:58]   --->   Operation 1676 'sext' 'sext_ln58_3602' <Predicate = true> <Delay = 0.00>
ST_19 : Operation 1677 [1/1] (2.19ns)   --->   "%add_ln58_5247 = add i21 %sext_ln58_3602, i21 %sext_ln58_3601" [firmware/nnet_utils/nnet_dense_latency.h:58]   --->   Operation 1677 'add' 'add_ln58_5247' <Predicate = true> <Delay = 2.19> <CoreInst = "Adder">   --->   Core 1 'Adder' <Latency = 0> <II = 1> <Delay = 2.19> <FuncUnit> <Opcode : 'add' 'sub'> <InPorts = 2> <OutPorts = 1>
ST_19 : Operation 1678 [1/1] (0.00ns)   --->   "%sext_ln58_3631 = sext i20 %add_ln58_5277" [firmware/nnet_utils/nnet_dense_latency.h:58]   --->   Operation 1678 'sext' 'sext_ln58_3631' <Predicate = true> <Delay = 0.00>
ST_19 : Operation 1679 [1/1] (2.16ns)   --->   "%add_ln58_5278 = add i20 %sext_ln17_5091, i20 %sext_ln17_5107" [firmware/nnet_utils/nnet_dense_latency.h:58]   --->   Operation 1679 'add' 'add_ln58_5278' <Predicate = true> <Delay = 2.16> <CoreInst = "Adder">   --->   Core 1 'Adder' <Latency = 0> <II = 1> <Delay = 2.16> <FuncUnit> <Opcode : 'add' 'sub'> <InPorts = 2> <OutPorts = 1>
ST_19 : Operation 1680 [1/1] (0.00ns)   --->   "%sext_ln58_3632 = sext i20 %add_ln58_5278" [firmware/nnet_utils/nnet_dense_latency.h:58]   --->   Operation 1680 'sext' 'sext_ln58_3632' <Predicate = true> <Delay = 0.00>
ST_19 : Operation 1681 [1/1] (2.19ns)   --->   "%add_ln58_5279 = add i21 %sext_ln58_3632, i21 %sext_ln58_3631" [firmware/nnet_utils/nnet_dense_latency.h:58]   --->   Operation 1681 'add' 'add_ln58_5279' <Predicate = true> <Delay = 2.19> <CoreInst = "Adder">   --->   Core 1 'Adder' <Latency = 0> <II = 1> <Delay = 2.19> <FuncUnit> <Opcode : 'add' 'sub'> <InPorts = 2> <OutPorts = 1>
ST_19 : Operation 1682 [1/1] (0.00ns)   --->   "%sext_ln58_3660 = sext i20 %add_ln58_5309" [firmware/nnet_utils/nnet_dense_latency.h:58]   --->   Operation 1682 'sext' 'sext_ln58_3660' <Predicate = true> <Delay = 0.00>
ST_19 : Operation 1683 [1/1] (2.19ns)   --->   "%add_ln58_5310 = add i21 %sext_ln17_5092, i21 %sext_ln17_5108" [firmware/nnet_utils/nnet_dense_latency.h:58]   --->   Operation 1683 'add' 'add_ln58_5310' <Predicate = true> <Delay = 2.19> <CoreInst = "Adder">   --->   Core 1 'Adder' <Latency = 0> <II = 1> <Delay = 2.19> <FuncUnit> <Opcode : 'add' 'sub'> <InPorts = 2> <OutPorts = 1>
ST_19 : Operation 1684 [1/1] (0.00ns)   --->   "%sext_ln58_3661 = sext i21 %add_ln58_5310" [firmware/nnet_utils/nnet_dense_latency.h:58]   --->   Operation 1684 'sext' 'sext_ln58_3661' <Predicate = true> <Delay = 0.00>
ST_19 : Operation 1685 [1/1] (2.22ns)   --->   "%add_ln58_5311 = add i22 %sext_ln58_3661, i22 %sext_ln58_3660" [firmware/nnet_utils/nnet_dense_latency.h:58]   --->   Operation 1685 'add' 'add_ln58_5311' <Predicate = true> <Delay = 2.22> <CoreInst = "Adder">   --->   Core 1 'Adder' <Latency = 0> <II = 1> <Delay = 2.22> <FuncUnit> <Opcode : 'add' 'sub'> <InPorts = 2> <OutPorts = 1>

State 20 <SV = 19> <Delay = 7.74>
ST_20 : Operation 1686 [1/1] (0.00ns)   --->   "%data_21_val_read = read i16 @_ssdm_op_Read.ap_auto.i16, i16 %data_21_val" [firmware/nnet_utils/nnet_mult.h:70->firmware/nnet_utils/nnet_dense_latency.h:42]   --->   Operation 1686 'read' 'data_21_val_read' <Predicate = true> <Delay = 0.00>
ST_20 : Operation 1687 [1/1] (0.00ns)   --->   "%sext_ln70_577 = sext i16 %data_20_val_read" [firmware/nnet_utils/nnet_mult.h:70->firmware/nnet_utils/nnet_dense_latency.h:42]   --->   Operation 1687 'sext' 'sext_ln70_577' <Predicate = true> <Delay = 0.00>
ST_20 : Operation 1688 [1/1] (0.00ns)   --->   "%sext_ln70_578 = sext i16 %data_20_val_read" [firmware/nnet_utils/nnet_mult.h:70->firmware/nnet_utils/nnet_dense_latency.h:42]   --->   Operation 1688 'sext' 'sext_ln70_578' <Predicate = true> <Delay = 0.00>
ST_20 : Operation 1689 [1/1] (0.00ns)   --->   "%sext_ln70_579 = sext i16 %data_20_val_read" [firmware/nnet_utils/nnet_mult.h:70->firmware/nnet_utils/nnet_dense_latency.h:42]   --->   Operation 1689 'sext' 'sext_ln70_579' <Predicate = true> <Delay = 0.00>
ST_20 : Operation 1690 [1/1] (0.00ns)   --->   "%sext_ln17_5109 = sext i18 %mult_5105" [firmware/nnet_utils/nnet_dense_latency.h:17]   --->   Operation 1690 'sext' 'sext_ln17_5109' <Predicate = true> <Delay = 0.00>
ST_20 : Operation 1691 [1/1] (0.00ns)   --->   "%sext_ln17_5110 = sext i18 %mult_5106" [firmware/nnet_utils/nnet_dense_latency.h:17]   --->   Operation 1691 'sext' 'sext_ln17_5110' <Predicate = true> <Delay = 0.00>
ST_20 : Operation 1692 [1/1] (5.58ns)   --->   "%mul_ln73_4941 = mul i29 %sext_ln70_579, i29 4035" [firmware/nnet_utils/nnet_mult.h:73->firmware/nnet_utils/nnet_dense_latency.h:42]   --->   Operation 1692 'mul' 'mul_ln73_4941' <Predicate = true> <Delay = 5.58> <CoreInst = "Multiplier">   --->   Core 3 'Multiplier' <Latency = 0> <II = 1> <Delay = 5.58> <FuncUnit> <Opcode : 'mul'> <InPorts = 2> <OutPorts = 1>
ST_20 : Operation 1693 [1/1] (0.00ns)   --->   "%mult_5107 = partselect i19 @_ssdm_op_PartSelect.i19.i29.i32.i32, i29 %mul_ln73_4941, i32 10, i32 28" [firmware/nnet_utils/nnet_dense_latency.h:42]   --->   Operation 1693 'partselect' 'mult_5107' <Predicate = true> <Delay = 0.00>
ST_20 : Operation 1694 [1/1] (5.58ns)   --->   "%mul_ln73_4942 = mul i30 %sext_ln70_578, i30 1073735909" [firmware/nnet_utils/nnet_mult.h:73->firmware/nnet_utils/nnet_dense_latency.h:42]   --->   Operation 1694 'mul' 'mul_ln73_4942' <Predicate = true> <Delay = 5.58> <CoreInst = "Multiplier">   --->   Core 3 'Multiplier' <Latency = 0> <II = 1> <Delay = 5.58> <FuncUnit> <Opcode : 'mul'> <InPorts = 2> <OutPorts = 1>
ST_20 : Operation 1695 [1/1] (0.00ns)   --->   "%mult_5108 = partselect i20 @_ssdm_op_PartSelect.i20.i30.i32.i32, i30 %mul_ln73_4942, i32 10, i32 29" [firmware/nnet_utils/nnet_dense_latency.h:42]   --->   Operation 1695 'partselect' 'mult_5108' <Predicate = true> <Delay = 0.00>
ST_20 : Operation 1696 [1/1] (5.58ns)   --->   "%mul_ln73_4943 = mul i29 %sext_ln70_579, i29 2147" [firmware/nnet_utils/nnet_mult.h:73->firmware/nnet_utils/nnet_dense_latency.h:42]   --->   Operation 1696 'mul' 'mul_ln73_4943' <Predicate = true> <Delay = 5.58> <CoreInst = "Multiplier">   --->   Core 3 'Multiplier' <Latency = 0> <II = 1> <Delay = 5.58> <FuncUnit> <Opcode : 'mul'> <InPorts = 2> <OutPorts = 1>
ST_20 : Operation 1697 [1/1] (0.00ns)   --->   "%mult_5109 = partselect i19 @_ssdm_op_PartSelect.i19.i29.i32.i32, i29 %mul_ln73_4943, i32 10, i32 28" [firmware/nnet_utils/nnet_dense_latency.h:42]   --->   Operation 1697 'partselect' 'mult_5109' <Predicate = true> <Delay = 0.00>
ST_20 : Operation 1698 [1/1] (5.58ns)   --->   "%mul_ln73_4944 = mul i29 %sext_ln70_579, i29 2211" [firmware/nnet_utils/nnet_mult.h:73->firmware/nnet_utils/nnet_dense_latency.h:42]   --->   Operation 1698 'mul' 'mul_ln73_4944' <Predicate = true> <Delay = 5.58> <CoreInst = "Multiplier">   --->   Core 3 'Multiplier' <Latency = 0> <II = 1> <Delay = 5.58> <FuncUnit> <Opcode : 'mul'> <InPorts = 2> <OutPorts = 1>
ST_20 : Operation 1699 [1/1] (0.00ns)   --->   "%mult_5110 = partselect i19 @_ssdm_op_PartSelect.i19.i29.i32.i32, i29 %mul_ln73_4944, i32 10, i32 28" [firmware/nnet_utils/nnet_dense_latency.h:42]   --->   Operation 1699 'partselect' 'mult_5110' <Predicate = true> <Delay = 0.00>
ST_20 : Operation 1700 [1/1] (5.58ns)   --->   "%mul_ln73_4945 = mul i25 %sext_ln70_577, i25 33554291" [firmware/nnet_utils/nnet_mult.h:73->firmware/nnet_utils/nnet_dense_latency.h:42]   --->   Operation 1700 'mul' 'mul_ln73_4945' <Predicate = true> <Delay = 5.58> <CoreInst = "Multiplier">   --->   Core 3 'Multiplier' <Latency = 0> <II = 1> <Delay = 5.58> <FuncUnit> <Opcode : 'mul'> <InPorts = 2> <OutPorts = 1>
ST_20 : Operation 1701 [1/1] (0.00ns)   --->   "%mult_5111 = partselect i15 @_ssdm_op_PartSelect.i15.i25.i32.i32, i25 %mul_ln73_4945, i32 10, i32 24" [firmware/nnet_utils/nnet_dense_latency.h:42]   --->   Operation 1701 'partselect' 'mult_5111' <Predicate = true> <Delay = 0.00>
ST_20 : Operation 1702 [1/1] (5.58ns)   --->   "%mul_ln73_4946 = mul i30 %sext_ln70_578, i30 5236" [firmware/nnet_utils/nnet_mult.h:73->firmware/nnet_utils/nnet_dense_latency.h:42]   --->   Operation 1702 'mul' 'mul_ln73_4946' <Predicate = true> <Delay = 5.58> <CoreInst = "Multiplier">   --->   Core 3 'Multiplier' <Latency = 0> <II = 1> <Delay = 5.58> <FuncUnit> <Opcode : 'mul'> <InPorts = 2> <OutPorts = 1>
ST_20 : Operation 1703 [1/1] (0.00ns)   --->   "%mult_5112 = partselect i20 @_ssdm_op_PartSelect.i20.i30.i32.i32, i30 %mul_ln73_4946, i32 10, i32 29" [firmware/nnet_utils/nnet_dense_latency.h:42]   --->   Operation 1703 'partselect' 'mult_5112' <Predicate = true> <Delay = 0.00>
ST_20 : Operation 1704 [1/1] (5.58ns)   --->   "%mul_ln73_4947 = mul i30 %sext_ln70_578, i30 1073736091" [firmware/nnet_utils/nnet_mult.h:73->firmware/nnet_utils/nnet_dense_latency.h:42]   --->   Operation 1704 'mul' 'mul_ln73_4947' <Predicate = true> <Delay = 5.58> <CoreInst = "Multiplier">   --->   Core 3 'Multiplier' <Latency = 0> <II = 1> <Delay = 5.58> <FuncUnit> <Opcode : 'mul'> <InPorts = 2> <OutPorts = 1>
ST_20 : Operation 1705 [1/1] (0.00ns)   --->   "%mult_5113 = partselect i20 @_ssdm_op_PartSelect.i20.i30.i32.i32, i30 %mul_ln73_4947, i32 10, i32 29" [firmware/nnet_utils/nnet_dense_latency.h:42]   --->   Operation 1705 'partselect' 'mult_5113' <Predicate = true> <Delay = 0.00>
ST_20 : Operation 1706 [1/1] (5.58ns)   --->   "%mul_ln73_4948 = mul i28 %sext_ln70_580, i28 1617" [firmware/nnet_utils/nnet_mult.h:73->firmware/nnet_utils/nnet_dense_latency.h:42]   --->   Operation 1706 'mul' 'mul_ln73_4948' <Predicate = true> <Delay = 5.58> <CoreInst = "Multiplier">   --->   Core 3 'Multiplier' <Latency = 0> <II = 1> <Delay = 5.58> <FuncUnit> <Opcode : 'mul'> <InPorts = 2> <OutPorts = 1>
ST_20 : Operation 1707 [1/1] (0.00ns)   --->   "%mult_5114 = partselect i18 @_ssdm_op_PartSelect.i18.i28.i32.i32, i28 %mul_ln73_4948, i32 10, i32 27" [firmware/nnet_utils/nnet_dense_latency.h:42]   --->   Operation 1707 'partselect' 'mult_5114' <Predicate = true> <Delay = 0.00>
ST_20 : Operation 1708 [1/1] (5.58ns)   --->   "%mul_ln73_4949 = mul i30 %sext_ln70_578, i30 1073737014" [firmware/nnet_utils/nnet_mult.h:73->firmware/nnet_utils/nnet_dense_latency.h:42]   --->   Operation 1708 'mul' 'mul_ln73_4949' <Predicate = true> <Delay = 5.58> <CoreInst = "Multiplier">   --->   Core 3 'Multiplier' <Latency = 0> <II = 1> <Delay = 5.58> <FuncUnit> <Opcode : 'mul'> <InPorts = 2> <OutPorts = 1>
ST_20 : Operation 1709 [1/1] (0.00ns)   --->   "%mult_5115 = partselect i20 @_ssdm_op_PartSelect.i20.i30.i32.i32, i30 %mul_ln73_4949, i32 10, i32 29" [firmware/nnet_utils/nnet_dense_latency.h:42]   --->   Operation 1709 'partselect' 'mult_5115' <Predicate = true> <Delay = 0.00>
ST_20 : Operation 1710 [1/1] (5.58ns)   --->   "%mul_ln73_4950 = mul i29 %sext_ln70_579, i29 3752" [firmware/nnet_utils/nnet_mult.h:73->firmware/nnet_utils/nnet_dense_latency.h:42]   --->   Operation 1710 'mul' 'mul_ln73_4950' <Predicate = true> <Delay = 5.58> <CoreInst = "Multiplier">   --->   Core 3 'Multiplier' <Latency = 0> <II = 1> <Delay = 5.58> <FuncUnit> <Opcode : 'mul'> <InPorts = 2> <OutPorts = 1>
ST_20 : Operation 1711 [1/1] (0.00ns)   --->   "%mult_5116 = partselect i19 @_ssdm_op_PartSelect.i19.i29.i32.i32, i29 %mul_ln73_4950, i32 10, i32 28" [firmware/nnet_utils/nnet_dense_latency.h:42]   --->   Operation 1711 'partselect' 'mult_5116' <Predicate = true> <Delay = 0.00>
ST_20 : Operation 1712 [1/1] (5.58ns)   --->   "%mul_ln73_4951 = mul i30 %sext_ln70_578, i30 1073736122" [firmware/nnet_utils/nnet_mult.h:73->firmware/nnet_utils/nnet_dense_latency.h:42]   --->   Operation 1712 'mul' 'mul_ln73_4951' <Predicate = true> <Delay = 5.58> <CoreInst = "Multiplier">   --->   Core 3 'Multiplier' <Latency = 0> <II = 1> <Delay = 5.58> <FuncUnit> <Opcode : 'mul'> <InPorts = 2> <OutPorts = 1>
ST_20 : Operation 1713 [1/1] (0.00ns)   --->   "%mult_5117 = partselect i20 @_ssdm_op_PartSelect.i20.i30.i32.i32, i30 %mul_ln73_4951, i32 10, i32 29" [firmware/nnet_utils/nnet_dense_latency.h:42]   --->   Operation 1713 'partselect' 'mult_5117' <Predicate = true> <Delay = 0.00>
ST_20 : Operation 1714 [1/1] (5.58ns)   --->   "%mul_ln73_4952 = mul i28 %sext_ln70_580, i28 1146" [firmware/nnet_utils/nnet_mult.h:73->firmware/nnet_utils/nnet_dense_latency.h:42]   --->   Operation 1714 'mul' 'mul_ln73_4952' <Predicate = true> <Delay = 5.58> <CoreInst = "Multiplier">   --->   Core 3 'Multiplier' <Latency = 0> <II = 1> <Delay = 5.58> <FuncUnit> <Opcode : 'mul'> <InPorts = 2> <OutPorts = 1>
ST_20 : Operation 1715 [1/1] (0.00ns)   --->   "%mult_5118 = partselect i18 @_ssdm_op_PartSelect.i18.i28.i32.i32, i28 %mul_ln73_4952, i32 10, i32 27" [firmware/nnet_utils/nnet_dense_latency.h:42]   --->   Operation 1715 'partselect' 'mult_5118' <Predicate = true> <Delay = 0.00>
ST_20 : Operation 1716 [1/1] (5.58ns)   --->   "%mul_ln73_4953 = mul i28 %sext_ln70_580, i28 1583" [firmware/nnet_utils/nnet_mult.h:73->firmware/nnet_utils/nnet_dense_latency.h:42]   --->   Operation 1716 'mul' 'mul_ln73_4953' <Predicate = true> <Delay = 5.58> <CoreInst = "Multiplier">   --->   Core 3 'Multiplier' <Latency = 0> <II = 1> <Delay = 5.58> <FuncUnit> <Opcode : 'mul'> <InPorts = 2> <OutPorts = 1>
ST_20 : Operation 1717 [1/1] (0.00ns)   --->   "%mult_5119 = partselect i18 @_ssdm_op_PartSelect.i18.i28.i32.i32, i28 %mul_ln73_4953, i32 10, i32 27" [firmware/nnet_utils/nnet_dense_latency.h:42]   --->   Operation 1717 'partselect' 'mult_5119' <Predicate = true> <Delay = 0.00>
ST_20 : Operation 1718 [1/1] (5.58ns)   --->   "%mul_ln73_4954 = mul i30 %sext_ln70_578, i30 4651" [firmware/nnet_utils/nnet_mult.h:73->firmware/nnet_utils/nnet_dense_latency.h:42]   --->   Operation 1718 'mul' 'mul_ln73_4954' <Predicate = true> <Delay = 5.58> <CoreInst = "Multiplier">   --->   Core 3 'Multiplier' <Latency = 0> <II = 1> <Delay = 5.58> <FuncUnit> <Opcode : 'mul'> <InPorts = 2> <OutPorts = 1>
ST_20 : Operation 1719 [1/1] (0.00ns)   --->   "%mult_5120 = partselect i20 @_ssdm_op_PartSelect.i20.i30.i32.i32, i30 %mul_ln73_4954, i32 10, i32 29" [firmware/nnet_utils/nnet_dense_latency.h:42]   --->   Operation 1719 'partselect' 'mult_5120' <Predicate = true> <Delay = 0.00>
ST_20 : Operation 1720 [1/1] (0.00ns)   --->   "%sext_ln70_584 = sext i16 %data_21_val_read" [firmware/nnet_utils/nnet_mult.h:70->firmware/nnet_utils/nnet_dense_latency.h:42]   --->   Operation 1720 'sext' 'sext_ln70_584' <Predicate = true> <Delay = 0.00>
ST_20 : Operation 1721 [1/1] (5.58ns)   --->   "%mul_ln73_4955 = mul i29 %sext_ln70_584, i29 536868580" [firmware/nnet_utils/nnet_mult.h:73->firmware/nnet_utils/nnet_dense_latency.h:42]   --->   Operation 1721 'mul' 'mul_ln73_4955' <Predicate = true> <Delay = 5.58> <CoreInst = "Multiplier">   --->   Core 3 'Multiplier' <Latency = 0> <II = 1> <Delay = 5.58> <FuncUnit> <Opcode : 'mul'> <InPorts = 2> <OutPorts = 1>
ST_20 : Operation 1722 [1/1] (0.00ns)   --->   "%mult_5121 = partselect i19 @_ssdm_op_PartSelect.i19.i29.i32.i32, i29 %mul_ln73_4955, i32 10, i32 28" [firmware/nnet_utils/nnet_dense_latency.h:42]   --->   Operation 1722 'partselect' 'mult_5121' <Predicate = true> <Delay = 0.00>
ST_20 : Operation 1723 [1/1] (0.00ns)   --->   "%sext_ln17_5125 = sext i19 %mult_5121" [firmware/nnet_utils/nnet_dense_latency.h:17]   --->   Operation 1723 'sext' 'sext_ln17_5125' <Predicate = true> <Delay = 0.00>
ST_20 : Operation 1724 [1/1] (5.58ns)   --->   "%mul_ln73_4956 = mul i29 %sext_ln70_584, i29 536868508" [firmware/nnet_utils/nnet_mult.h:73->firmware/nnet_utils/nnet_dense_latency.h:42]   --->   Operation 1724 'mul' 'mul_ln73_4956' <Predicate = true> <Delay = 5.58> <CoreInst = "Multiplier">   --->   Core 3 'Multiplier' <Latency = 0> <II = 1> <Delay = 5.58> <FuncUnit> <Opcode : 'mul'> <InPorts = 2> <OutPorts = 1>
ST_20 : Operation 1725 [1/1] (0.00ns)   --->   "%mult_5122 = partselect i19 @_ssdm_op_PartSelect.i19.i29.i32.i32, i29 %mul_ln73_4956, i32 10, i32 28" [firmware/nnet_utils/nnet_dense_latency.h:42]   --->   Operation 1725 'partselect' 'mult_5122' <Predicate = true> <Delay = 0.00>
ST_20 : Operation 1726 [1/1] (0.00ns)   --->   "%sext_ln17_5126 = sext i19 %mult_5122" [firmware/nnet_utils/nnet_dense_latency.h:17]   --->   Operation 1726 'sext' 'sext_ln17_5126' <Predicate = true> <Delay = 0.00>
ST_20 : Operation 1727 [1/1] (2.16ns)   --->   "%add_ln58_4832 = add i20 %sext_ln17_5109, i20 %sext_ln17_5125" [firmware/nnet_utils/nnet_dense_latency.h:58]   --->   Operation 1727 'add' 'add_ln58_4832' <Predicate = true> <Delay = 2.16> <CoreInst = "Adder">   --->   Core 1 'Adder' <Latency = 0> <II = 1> <Delay = 2.16> <FuncUnit> <Opcode : 'add' 'sub'> <InPorts = 2> <OutPorts = 1>
ST_20 : Operation 1728 [1/1] (2.16ns)   --->   "%add_ln58_4864 = add i20 %sext_ln17_5110, i20 %sext_ln17_5126" [firmware/nnet_utils/nnet_dense_latency.h:58]   --->   Operation 1728 'add' 'add_ln58_4864' <Predicate = true> <Delay = 2.16> <CoreInst = "Adder">   --->   Core 1 'Adder' <Latency = 0> <II = 1> <Delay = 2.16> <FuncUnit> <Opcode : 'add' 'sub'> <InPorts = 2> <OutPorts = 1>

State 21 <SV = 20> <Delay = 12.1>
ST_21 : Operation 1729 [1/1] (0.00ns)   --->   "%data_23_val_read = read i16 @_ssdm_op_Read.ap_auto.i16, i16 %data_23_val" [firmware/nnet_utils/nnet_mult.h:70->firmware/nnet_utils/nnet_dense_latency.h:42]   --->   Operation 1729 'read' 'data_23_val_read' <Predicate = true> <Delay = 0.00>
ST_21 : Operation 1730 [1/1] (0.00ns)   --->   "%data_22_val_read = read i16 @_ssdm_op_Read.ap_auto.i16, i16 %data_22_val" [firmware/nnet_utils/nnet_mult.h:70->firmware/nnet_utils/nnet_dense_latency.h:42]   --->   Operation 1730 'read' 'data_22_val_read' <Predicate = true> <Delay = 0.00>
ST_21 : Operation 1731 [1/1] (0.00ns)   --->   "%sext_ln17_5111 = sext i19 %mult_5107" [firmware/nnet_utils/nnet_dense_latency.h:17]   --->   Operation 1731 'sext' 'sext_ln17_5111' <Predicate = true> <Delay = 0.00>
ST_21 : Operation 1732 [1/1] (0.00ns)   --->   "%sext_ln17_5112 = sext i20 %mult_5108" [firmware/nnet_utils/nnet_dense_latency.h:17]   --->   Operation 1732 'sext' 'sext_ln17_5112' <Predicate = true> <Delay = 0.00>
ST_21 : Operation 1733 [1/1] (0.00ns)   --->   "%sext_ln17_5113 = sext i19 %mult_5109" [firmware/nnet_utils/nnet_dense_latency.h:17]   --->   Operation 1733 'sext' 'sext_ln17_5113' <Predicate = true> <Delay = 0.00>
ST_21 : Operation 1734 [1/1] (0.00ns)   --->   "%sext_ln17_5114 = sext i19 %mult_5110" [firmware/nnet_utils/nnet_dense_latency.h:17]   --->   Operation 1734 'sext' 'sext_ln17_5114' <Predicate = true> <Delay = 0.00>
ST_21 : Operation 1735 [1/1] (0.00ns)   --->   "%sext_ln17_5115 = sext i15 %mult_5111" [firmware/nnet_utils/nnet_dense_latency.h:17]   --->   Operation 1735 'sext' 'sext_ln17_5115' <Predicate = true> <Delay = 0.00>
ST_21 : Operation 1736 [1/1] (0.00ns)   --->   "%sext_ln17_5116 = sext i20 %mult_5112" [firmware/nnet_utils/nnet_dense_latency.h:17]   --->   Operation 1736 'sext' 'sext_ln17_5116' <Predicate = true> <Delay = 0.00>
ST_21 : Operation 1737 [1/1] (0.00ns)   --->   "%sext_ln17_5117 = sext i20 %mult_5113" [firmware/nnet_utils/nnet_dense_latency.h:17]   --->   Operation 1737 'sext' 'sext_ln17_5117' <Predicate = true> <Delay = 0.00>
ST_21 : Operation 1738 [1/1] (0.00ns)   --->   "%sext_ln17_5118 = sext i18 %mult_5114" [firmware/nnet_utils/nnet_dense_latency.h:17]   --->   Operation 1738 'sext' 'sext_ln17_5118' <Predicate = true> <Delay = 0.00>
ST_21 : Operation 1739 [1/1] (0.00ns)   --->   "%sext_ln17_5119 = sext i20 %mult_5115" [firmware/nnet_utils/nnet_dense_latency.h:17]   --->   Operation 1739 'sext' 'sext_ln17_5119' <Predicate = true> <Delay = 0.00>
ST_21 : Operation 1740 [1/1] (0.00ns)   --->   "%sext_ln17_5120 = sext i19 %mult_5116" [firmware/nnet_utils/nnet_dense_latency.h:17]   --->   Operation 1740 'sext' 'sext_ln17_5120' <Predicate = true> <Delay = 0.00>
ST_21 : Operation 1741 [1/1] (0.00ns)   --->   "%sext_ln17_5121 = sext i20 %mult_5117" [firmware/nnet_utils/nnet_dense_latency.h:17]   --->   Operation 1741 'sext' 'sext_ln17_5121' <Predicate = true> <Delay = 0.00>
ST_21 : Operation 1742 [1/1] (0.00ns)   --->   "%sext_ln17_5122 = sext i18 %mult_5118" [firmware/nnet_utils/nnet_dense_latency.h:17]   --->   Operation 1742 'sext' 'sext_ln17_5122' <Predicate = true> <Delay = 0.00>
ST_21 : Operation 1743 [1/1] (0.00ns)   --->   "%sext_ln17_5123 = sext i18 %mult_5119" [firmware/nnet_utils/nnet_dense_latency.h:17]   --->   Operation 1743 'sext' 'sext_ln17_5123' <Predicate = true> <Delay = 0.00>
ST_21 : Operation 1744 [1/1] (0.00ns)   --->   "%sext_ln17_5124 = sext i20 %mult_5120" [firmware/nnet_utils/nnet_dense_latency.h:17]   --->   Operation 1744 'sext' 'sext_ln17_5124' <Predicate = true> <Delay = 0.00>
ST_21 : Operation 1745 [1/1] (0.00ns)   --->   "%sext_ln70_581 = sext i16 %data_21_val_read" [firmware/nnet_utils/nnet_mult.h:70->firmware/nnet_utils/nnet_dense_latency.h:42]   --->   Operation 1745 'sext' 'sext_ln70_581' <Predicate = true> <Delay = 0.00>
ST_21 : Operation 1746 [1/1] (0.00ns)   --->   "%sext_ln70_582 = sext i16 %data_21_val_read" [firmware/nnet_utils/nnet_mult.h:70->firmware/nnet_utils/nnet_dense_latency.h:42]   --->   Operation 1746 'sext' 'sext_ln70_582' <Predicate = true> <Delay = 0.00>
ST_21 : Operation 1747 [1/1] (0.00ns)   --->   "%sext_ln70_583 = sext i16 %data_21_val_read" [firmware/nnet_utils/nnet_mult.h:70->firmware/nnet_utils/nnet_dense_latency.h:42]   --->   Operation 1747 'sext' 'sext_ln70_583' <Predicate = true> <Delay = 0.00>
ST_21 : Operation 1748 [1/1] (5.58ns)   --->   "%mul_ln73_4957 = mul i29 %sext_ln70_584, i29 3274" [firmware/nnet_utils/nnet_mult.h:73->firmware/nnet_utils/nnet_dense_latency.h:42]   --->   Operation 1748 'mul' 'mul_ln73_4957' <Predicate = true> <Delay = 5.58> <CoreInst = "Multiplier">   --->   Core 3 'Multiplier' <Latency = 0> <II = 1> <Delay = 5.58> <FuncUnit> <Opcode : 'mul'> <InPorts = 2> <OutPorts = 1>
ST_21 : Operation 1749 [1/1] (0.00ns)   --->   "%mult_5123 = partselect i19 @_ssdm_op_PartSelect.i19.i29.i32.i32, i29 %mul_ln73_4957, i32 10, i32 28" [firmware/nnet_utils/nnet_dense_latency.h:42]   --->   Operation 1749 'partselect' 'mult_5123' <Predicate = true> <Delay = 0.00>
ST_21 : Operation 1750 [1/1] (0.00ns)   --->   "%sext_ln17_5127 = sext i19 %mult_5123" [firmware/nnet_utils/nnet_dense_latency.h:17]   --->   Operation 1750 'sext' 'sext_ln17_5127' <Predicate = true> <Delay = 0.00>
ST_21 : Operation 1751 [1/1] (5.58ns)   --->   "%mul_ln73_4958 = mul i30 %sext_ln70_583, i30 1073737640" [firmware/nnet_utils/nnet_mult.h:73->firmware/nnet_utils/nnet_dense_latency.h:42]   --->   Operation 1751 'mul' 'mul_ln73_4958' <Predicate = true> <Delay = 5.58> <CoreInst = "Multiplier">   --->   Core 3 'Multiplier' <Latency = 0> <II = 1> <Delay = 5.58> <FuncUnit> <Opcode : 'mul'> <InPorts = 2> <OutPorts = 1>
ST_21 : Operation 1752 [1/1] (0.00ns)   --->   "%mult_5124 = partselect i20 @_ssdm_op_PartSelect.i20.i30.i32.i32, i30 %mul_ln73_4958, i32 10, i32 29" [firmware/nnet_utils/nnet_dense_latency.h:42]   --->   Operation 1752 'partselect' 'mult_5124' <Predicate = true> <Delay = 0.00>
ST_21 : Operation 1753 [1/1] (0.00ns)   --->   "%sext_ln17_5128 = sext i20 %mult_5124" [firmware/nnet_utils/nnet_dense_latency.h:17]   --->   Operation 1753 'sext' 'sext_ln17_5128' <Predicate = true> <Delay = 0.00>
ST_21 : Operation 1754 [1/1] (5.58ns)   --->   "%mul_ln73_4959 = mul i28 %sext_ln70_582, i28 268434309" [firmware/nnet_utils/nnet_mult.h:73->firmware/nnet_utils/nnet_dense_latency.h:42]   --->   Operation 1754 'mul' 'mul_ln73_4959' <Predicate = true> <Delay = 5.58> <CoreInst = "Multiplier">   --->   Core 3 'Multiplier' <Latency = 0> <II = 1> <Delay = 5.58> <FuncUnit> <Opcode : 'mul'> <InPorts = 2> <OutPorts = 1>
ST_21 : Operation 1755 [1/1] (0.00ns)   --->   "%mult_5125 = partselect i18 @_ssdm_op_PartSelect.i18.i28.i32.i32, i28 %mul_ln73_4959, i32 10, i32 27" [firmware/nnet_utils/nnet_dense_latency.h:42]   --->   Operation 1755 'partselect' 'mult_5125' <Predicate = true> <Delay = 0.00>
ST_21 : Operation 1756 [1/1] (0.00ns)   --->   "%sext_ln17_5129 = sext i18 %mult_5125" [firmware/nnet_utils/nnet_dense_latency.h:17]   --->   Operation 1756 'sext' 'sext_ln17_5129' <Predicate = true> <Delay = 0.00>
ST_21 : Operation 1757 [1/1] (5.58ns)   --->   "%mul_ln73_4960 = mul i29 %sext_ln70_584, i29 536868771" [firmware/nnet_utils/nnet_mult.h:73->firmware/nnet_utils/nnet_dense_latency.h:42]   --->   Operation 1757 'mul' 'mul_ln73_4960' <Predicate = true> <Delay = 5.58> <CoreInst = "Multiplier">   --->   Core 3 'Multiplier' <Latency = 0> <II = 1> <Delay = 5.58> <FuncUnit> <Opcode : 'mul'> <InPorts = 2> <OutPorts = 1>
ST_21 : Operation 1758 [1/1] (0.00ns)   --->   "%mult_5126 = partselect i19 @_ssdm_op_PartSelect.i19.i29.i32.i32, i29 %mul_ln73_4960, i32 10, i32 28" [firmware/nnet_utils/nnet_dense_latency.h:42]   --->   Operation 1758 'partselect' 'mult_5126' <Predicate = true> <Delay = 0.00>
ST_21 : Operation 1759 [1/1] (0.00ns)   --->   "%sext_ln17_5130 = sext i19 %mult_5126" [firmware/nnet_utils/nnet_dense_latency.h:17]   --->   Operation 1759 'sext' 'sext_ln17_5130' <Predicate = true> <Delay = 0.00>
ST_21 : Operation 1760 [1/1] (5.58ns)   --->   "%mul_ln73_4961 = mul i29 %sext_ln70_584, i29 2315" [firmware/nnet_utils/nnet_mult.h:73->firmware/nnet_utils/nnet_dense_latency.h:42]   --->   Operation 1760 'mul' 'mul_ln73_4961' <Predicate = true> <Delay = 5.58> <CoreInst = "Multiplier">   --->   Core 3 'Multiplier' <Latency = 0> <II = 1> <Delay = 5.58> <FuncUnit> <Opcode : 'mul'> <InPorts = 2> <OutPorts = 1>
ST_21 : Operation 1761 [1/1] (0.00ns)   --->   "%mult_5127 = partselect i19 @_ssdm_op_PartSelect.i19.i29.i32.i32, i29 %mul_ln73_4961, i32 10, i32 28" [firmware/nnet_utils/nnet_dense_latency.h:42]   --->   Operation 1761 'partselect' 'mult_5127' <Predicate = true> <Delay = 0.00>
ST_21 : Operation 1762 [1/1] (0.00ns)   --->   "%sext_ln17_5131 = sext i19 %mult_5127" [firmware/nnet_utils/nnet_dense_latency.h:17]   --->   Operation 1762 'sext' 'sext_ln17_5131' <Predicate = true> <Delay = 0.00>
ST_21 : Operation 1763 [1/1] (5.58ns)   --->   "%mul_ln73_4962 = mul i28 %sext_ln70_582, i28 268434404" [firmware/nnet_utils/nnet_mult.h:73->firmware/nnet_utils/nnet_dense_latency.h:42]   --->   Operation 1763 'mul' 'mul_ln73_4962' <Predicate = true> <Delay = 5.58> <CoreInst = "Multiplier">   --->   Core 3 'Multiplier' <Latency = 0> <II = 1> <Delay = 5.58> <FuncUnit> <Opcode : 'mul'> <InPorts = 2> <OutPorts = 1>
ST_21 : Operation 1764 [1/1] (0.00ns)   --->   "%mult_5128 = partselect i18 @_ssdm_op_PartSelect.i18.i28.i32.i32, i28 %mul_ln73_4962, i32 10, i32 27" [firmware/nnet_utils/nnet_dense_latency.h:42]   --->   Operation 1764 'partselect' 'mult_5128' <Predicate = true> <Delay = 0.00>
ST_21 : Operation 1765 [1/1] (0.00ns)   --->   "%sext_ln17_5132 = sext i18 %mult_5128" [firmware/nnet_utils/nnet_dense_latency.h:17]   --->   Operation 1765 'sext' 'sext_ln17_5132' <Predicate = true> <Delay = 0.00>
ST_21 : Operation 1766 [1/1] (5.58ns)   --->   "%mul_ln73_4963 = mul i29 %sext_ln70_584, i29 536868776" [firmware/nnet_utils/nnet_mult.h:73->firmware/nnet_utils/nnet_dense_latency.h:42]   --->   Operation 1766 'mul' 'mul_ln73_4963' <Predicate = true> <Delay = 5.58> <CoreInst = "Multiplier">   --->   Core 3 'Multiplier' <Latency = 0> <II = 1> <Delay = 5.58> <FuncUnit> <Opcode : 'mul'> <InPorts = 2> <OutPorts = 1>
ST_21 : Operation 1767 [1/1] (0.00ns)   --->   "%mult_5129 = partselect i19 @_ssdm_op_PartSelect.i19.i29.i32.i32, i29 %mul_ln73_4963, i32 10, i32 28" [firmware/nnet_utils/nnet_dense_latency.h:42]   --->   Operation 1767 'partselect' 'mult_5129' <Predicate = true> <Delay = 0.00>
ST_21 : Operation 1768 [1/1] (0.00ns)   --->   "%sext_ln17_5133 = sext i19 %mult_5129" [firmware/nnet_utils/nnet_dense_latency.h:17]   --->   Operation 1768 'sext' 'sext_ln17_5133' <Predicate = true> <Delay = 0.00>
ST_21 : Operation 1769 [1/1] (5.58ns)   --->   "%mul_ln73_4964 = mul i28 %sext_ln70_582, i28 268433948" [firmware/nnet_utils/nnet_mult.h:73->firmware/nnet_utils/nnet_dense_latency.h:42]   --->   Operation 1769 'mul' 'mul_ln73_4964' <Predicate = true> <Delay = 5.58> <CoreInst = "Multiplier">   --->   Core 3 'Multiplier' <Latency = 0> <II = 1> <Delay = 5.58> <FuncUnit> <Opcode : 'mul'> <InPorts = 2> <OutPorts = 1>
ST_21 : Operation 1770 [1/1] (0.00ns)   --->   "%mult_5130 = partselect i18 @_ssdm_op_PartSelect.i18.i28.i32.i32, i28 %mul_ln73_4964, i32 10, i32 27" [firmware/nnet_utils/nnet_dense_latency.h:42]   --->   Operation 1770 'partselect' 'mult_5130' <Predicate = true> <Delay = 0.00>
ST_21 : Operation 1771 [1/1] (0.00ns)   --->   "%sext_ln17_5134 = sext i18 %mult_5130" [firmware/nnet_utils/nnet_dense_latency.h:17]   --->   Operation 1771 'sext' 'sext_ln17_5134' <Predicate = true> <Delay = 0.00>
ST_21 : Operation 1772 [1/1] (5.58ns)   --->   "%mul_ln73_4965 = mul i29 %sext_ln70_584, i29 536868079" [firmware/nnet_utils/nnet_mult.h:73->firmware/nnet_utils/nnet_dense_latency.h:42]   --->   Operation 1772 'mul' 'mul_ln73_4965' <Predicate = true> <Delay = 5.58> <CoreInst = "Multiplier">   --->   Core 3 'Multiplier' <Latency = 0> <II = 1> <Delay = 5.58> <FuncUnit> <Opcode : 'mul'> <InPorts = 2> <OutPorts = 1>
ST_21 : Operation 1773 [1/1] (0.00ns)   --->   "%mult_5131 = partselect i19 @_ssdm_op_PartSelect.i19.i29.i32.i32, i29 %mul_ln73_4965, i32 10, i32 28" [firmware/nnet_utils/nnet_dense_latency.h:42]   --->   Operation 1773 'partselect' 'mult_5131' <Predicate = true> <Delay = 0.00>
ST_21 : Operation 1774 [1/1] (0.00ns)   --->   "%sext_ln17_5135 = sext i19 %mult_5131" [firmware/nnet_utils/nnet_dense_latency.h:17]   --->   Operation 1774 'sext' 'sext_ln17_5135' <Predicate = true> <Delay = 0.00>
ST_21 : Operation 1775 [1/1] (5.58ns)   --->   "%mul_ln73_4966 = mul i28 %sext_ln70_582, i28 268433798" [firmware/nnet_utils/nnet_mult.h:73->firmware/nnet_utils/nnet_dense_latency.h:42]   --->   Operation 1775 'mul' 'mul_ln73_4966' <Predicate = true> <Delay = 5.58> <CoreInst = "Multiplier">   --->   Core 3 'Multiplier' <Latency = 0> <II = 1> <Delay = 5.58> <FuncUnit> <Opcode : 'mul'> <InPorts = 2> <OutPorts = 1>
ST_21 : Operation 1776 [1/1] (0.00ns)   --->   "%mult_5132 = partselect i18 @_ssdm_op_PartSelect.i18.i28.i32.i32, i28 %mul_ln73_4966, i32 10, i32 27" [firmware/nnet_utils/nnet_dense_latency.h:42]   --->   Operation 1776 'partselect' 'mult_5132' <Predicate = true> <Delay = 0.00>
ST_21 : Operation 1777 [1/1] (0.00ns)   --->   "%sext_ln17_5136 = sext i18 %mult_5132" [firmware/nnet_utils/nnet_dense_latency.h:17]   --->   Operation 1777 'sext' 'sext_ln17_5136' <Predicate = true> <Delay = 0.00>
ST_21 : Operation 1778 [1/1] (5.58ns)   --->   "%mul_ln73_4967 = mul i27 %sext_ln70_581, i27 988" [firmware/nnet_utils/nnet_mult.h:73->firmware/nnet_utils/nnet_dense_latency.h:42]   --->   Operation 1778 'mul' 'mul_ln73_4967' <Predicate = true> <Delay = 5.58> <CoreInst = "Multiplier">   --->   Core 3 'Multiplier' <Latency = 0> <II = 1> <Delay = 5.58> <FuncUnit> <Opcode : 'mul'> <InPorts = 2> <OutPorts = 1>
ST_21 : Operation 1779 [1/1] (0.00ns)   --->   "%mult_5133 = partselect i17 @_ssdm_op_PartSelect.i17.i27.i32.i32, i27 %mul_ln73_4967, i32 10, i32 26" [firmware/nnet_utils/nnet_dense_latency.h:42]   --->   Operation 1779 'partselect' 'mult_5133' <Predicate = true> <Delay = 0.00>
ST_21 : Operation 1780 [1/1] (0.00ns)   --->   "%sext_ln17_5137 = sext i17 %mult_5133" [firmware/nnet_utils/nnet_dense_latency.h:17]   --->   Operation 1780 'sext' 'sext_ln17_5137' <Predicate = true> <Delay = 0.00>
ST_21 : Operation 1781 [1/1] (5.58ns)   --->   "%mul_ln73_4968 = mul i29 %sext_ln70_584, i29 536867550" [firmware/nnet_utils/nnet_mult.h:73->firmware/nnet_utils/nnet_dense_latency.h:42]   --->   Operation 1781 'mul' 'mul_ln73_4968' <Predicate = true> <Delay = 5.58> <CoreInst = "Multiplier">   --->   Core 3 'Multiplier' <Latency = 0> <II = 1> <Delay = 5.58> <FuncUnit> <Opcode : 'mul'> <InPorts = 2> <OutPorts = 1>
ST_21 : Operation 1782 [1/1] (0.00ns)   --->   "%mult_5134 = partselect i19 @_ssdm_op_PartSelect.i19.i29.i32.i32, i29 %mul_ln73_4968, i32 10, i32 28" [firmware/nnet_utils/nnet_dense_latency.h:42]   --->   Operation 1782 'partselect' 'mult_5134' <Predicate = true> <Delay = 0.00>
ST_21 : Operation 1783 [1/1] (0.00ns)   --->   "%sext_ln17_5138 = sext i19 %mult_5134" [firmware/nnet_utils/nnet_dense_latency.h:17]   --->   Operation 1783 'sext' 'sext_ln17_5138' <Predicate = true> <Delay = 0.00>
ST_21 : Operation 1784 [1/1] (5.58ns)   --->   "%mul_ln73_4969 = mul i29 %sext_ln70_584, i29 3655" [firmware/nnet_utils/nnet_mult.h:73->firmware/nnet_utils/nnet_dense_latency.h:42]   --->   Operation 1784 'mul' 'mul_ln73_4969' <Predicate = true> <Delay = 5.58> <CoreInst = "Multiplier">   --->   Core 3 'Multiplier' <Latency = 0> <II = 1> <Delay = 5.58> <FuncUnit> <Opcode : 'mul'> <InPorts = 2> <OutPorts = 1>
ST_21 : Operation 1785 [1/1] (0.00ns)   --->   "%mult_5135 = partselect i19 @_ssdm_op_PartSelect.i19.i29.i32.i32, i29 %mul_ln73_4969, i32 10, i32 28" [firmware/nnet_utils/nnet_dense_latency.h:42]   --->   Operation 1785 'partselect' 'mult_5135' <Predicate = true> <Delay = 0.00>
ST_21 : Operation 1786 [1/1] (0.00ns)   --->   "%sext_ln17_5139 = sext i19 %mult_5135" [firmware/nnet_utils/nnet_dense_latency.h:17]   --->   Operation 1786 'sext' 'sext_ln17_5139' <Predicate = true> <Delay = 0.00>
ST_21 : Operation 1787 [1/1] (5.58ns)   --->   "%mul_ln73_4970 = mul i28 %sext_ln70_582, i28 268433779" [firmware/nnet_utils/nnet_mult.h:73->firmware/nnet_utils/nnet_dense_latency.h:42]   --->   Operation 1787 'mul' 'mul_ln73_4970' <Predicate = true> <Delay = 5.58> <CoreInst = "Multiplier">   --->   Core 3 'Multiplier' <Latency = 0> <II = 1> <Delay = 5.58> <FuncUnit> <Opcode : 'mul'> <InPorts = 2> <OutPorts = 1>
ST_21 : Operation 1788 [1/1] (0.00ns)   --->   "%mult_5136 = partselect i18 @_ssdm_op_PartSelect.i18.i28.i32.i32, i28 %mul_ln73_4970, i32 10, i32 27" [firmware/nnet_utils/nnet_dense_latency.h:42]   --->   Operation 1788 'partselect' 'mult_5136' <Predicate = true> <Delay = 0.00>
ST_21 : Operation 1789 [1/1] (0.00ns)   --->   "%sext_ln17_5140 = sext i18 %mult_5136" [firmware/nnet_utils/nnet_dense_latency.h:17]   --->   Operation 1789 'sext' 'sext_ln17_5140' <Predicate = true> <Delay = 0.00>
ST_21 : Operation 1790 [1/1] (0.00ns)   --->   "%sext_ln70_587 = sext i16 %data_22_val_read" [firmware/nnet_utils/nnet_mult.h:70->firmware/nnet_utils/nnet_dense_latency.h:42]   --->   Operation 1790 'sext' 'sext_ln70_587' <Predicate = true> <Delay = 0.00>
ST_21 : Operation 1791 [1/1] (0.00ns)   --->   "%sext_ln70_588 = sext i16 %data_22_val_read" [firmware/nnet_utils/nnet_mult.h:70->firmware/nnet_utils/nnet_dense_latency.h:42]   --->   Operation 1791 'sext' 'sext_ln70_588' <Predicate = true> <Delay = 0.00>
ST_21 : Operation 1792 [1/1] (5.58ns)   --->   "%mul_ln73_4971 = mul i28 %sext_ln70_588, i28 1483" [firmware/nnet_utils/nnet_mult.h:73->firmware/nnet_utils/nnet_dense_latency.h:42]   --->   Operation 1792 'mul' 'mul_ln73_4971' <Predicate = true> <Delay = 5.58> <CoreInst = "Multiplier">   --->   Core 3 'Multiplier' <Latency = 0> <II = 1> <Delay = 5.58> <FuncUnit> <Opcode : 'mul'> <InPorts = 2> <OutPorts = 1>
ST_21 : Operation 1793 [1/1] (0.00ns)   --->   "%mult_5137 = partselect i18 @_ssdm_op_PartSelect.i18.i28.i32.i32, i28 %mul_ln73_4971, i32 10, i32 27" [firmware/nnet_utils/nnet_dense_latency.h:42]   --->   Operation 1793 'partselect' 'mult_5137' <Predicate = true> <Delay = 0.00>
ST_21 : Operation 1794 [1/1] (0.00ns)   --->   "%sext_ln17_5141 = sext i18 %mult_5137" [firmware/nnet_utils/nnet_dense_latency.h:17]   --->   Operation 1794 'sext' 'sext_ln17_5141' <Predicate = true> <Delay = 0.00>
ST_21 : Operation 1795 [1/1] (5.58ns)   --->   "%mul_ln73_4972 = mul i29 %sext_ln70_587, i29 2215" [firmware/nnet_utils/nnet_mult.h:73->firmware/nnet_utils/nnet_dense_latency.h:42]   --->   Operation 1795 'mul' 'mul_ln73_4972' <Predicate = true> <Delay = 5.58> <CoreInst = "Multiplier">   --->   Core 3 'Multiplier' <Latency = 0> <II = 1> <Delay = 5.58> <FuncUnit> <Opcode : 'mul'> <InPorts = 2> <OutPorts = 1>
ST_21 : Operation 1796 [1/1] (0.00ns)   --->   "%mult_5138 = partselect i19 @_ssdm_op_PartSelect.i19.i29.i32.i32, i29 %mul_ln73_4972, i32 10, i32 28" [firmware/nnet_utils/nnet_dense_latency.h:42]   --->   Operation 1796 'partselect' 'mult_5138' <Predicate = true> <Delay = 0.00>
ST_21 : Operation 1797 [1/1] (0.00ns)   --->   "%shl_ln73_264 = bitconcatenate i24 @_ssdm_op_BitConcatenate.i24.i16.i8, i16 %data_23_val_read, i8 0" [firmware/nnet_utils/nnet_mult.h:73->firmware/nnet_utils/nnet_dense_latency.h:42]   --->   Operation 1797 'bitconcatenate' 'shl_ln73_264' <Predicate = true> <Delay = 0.00>
ST_21 : Operation 1798 [1/1] (0.00ns)   --->   "%sext_ln73_297 = sext i24 %shl_ln73_264" [firmware/nnet_utils/nnet_mult.h:73->firmware/nnet_utils/nnet_dense_latency.h:42]   --->   Operation 1798 'sext' 'sext_ln73_297' <Predicate = true> <Delay = 0.00>
ST_21 : Operation 1799 [1/1] (0.00ns)   --->   "%shl_ln73_265 = bitconcatenate i19 @_ssdm_op_BitConcatenate.i19.i16.i3, i16 %data_23_val_read, i3 0" [firmware/nnet_utils/nnet_mult.h:73->firmware/nnet_utils/nnet_dense_latency.h:42]   --->   Operation 1799 'bitconcatenate' 'shl_ln73_265' <Predicate = true> <Delay = 0.00>
ST_21 : Operation 1800 [1/1] (0.00ns)   --->   "%sext_ln73_298 = sext i19 %shl_ln73_265" [firmware/nnet_utils/nnet_mult.h:73->firmware/nnet_utils/nnet_dense_latency.h:42]   --->   Operation 1800 'sext' 'sext_ln73_298' <Predicate = true> <Delay = 0.00>
ST_21 : Operation 1801 [1/1] (2.31ns)   --->   "%sub_ln73_176 = sub i25 %sext_ln73_298, i25 %sext_ln73_297" [firmware/nnet_utils/nnet_mult.h:73->firmware/nnet_utils/nnet_dense_latency.h:42]   --->   Operation 1801 'sub' 'sub_ln73_176' <Predicate = true> <Delay = 2.31> <CoreInst = "Adder">   --->   Core 1 'Adder' <Latency = 0> <II = 1> <Delay = 2.31> <FuncUnit> <Opcode : 'add' 'sub'> <InPorts = 2> <OutPorts = 1>
ST_21 : Operation 1802 [1/1] (0.00ns)   --->   "%mult_5153 = partselect i15 @_ssdm_op_PartSelect.i15.i25.i32.i32, i25 %sub_ln73_176, i32 10, i32 24" [firmware/nnet_utils/nnet_dense_latency.h:42]   --->   Operation 1802 'partselect' 'mult_5153' <Predicate = true> <Delay = 0.00>
ST_21 : Operation 1803 [1/1] (0.00ns)   --->   "%sext_ln17_5157 = sext i15 %mult_5153" [firmware/nnet_utils/nnet_dense_latency.h:17]   --->   Operation 1803 'sext' 'sext_ln17_5157' <Predicate = true> <Delay = 0.00>
ST_21 : Operation 1804 [1/1] (0.00ns)   --->   "%sext_ln58_3243 = sext i21 %add_ln58_4831" [firmware/nnet_utils/nnet_dense_latency.h:58]   --->   Operation 1804 'sext' 'sext_ln58_3243' <Predicate = true> <Delay = 0.00>
ST_21 : Operation 1805 [1/1] (0.00ns)   --->   "%sext_ln58_3244 = sext i20 %add_ln58_4832" [firmware/nnet_utils/nnet_dense_latency.h:58]   --->   Operation 1805 'sext' 'sext_ln58_3244' <Predicate = true> <Delay = 0.00>
ST_21 : Operation 1806 [1/1] (2.13ns)   --->   "%add_ln58_4833 = add i19 %sext_ln17_5141, i19 %sext_ln17_5157" [firmware/nnet_utils/nnet_dense_latency.h:58]   --->   Operation 1806 'add' 'add_ln58_4833' <Predicate = true> <Delay = 2.13> <CoreInst = "Adder">   --->   Core 1 'Adder' <Latency = 0> <II = 1> <Delay = 2.13> <FuncUnit> <Opcode : 'add' 'sub'> <InPorts = 2> <OutPorts = 1>
ST_21 : Operation 1807 [1/1] (0.00ns)   --->   "%sext_ln58_3245 = sext i19 %add_ln58_4833" [firmware/nnet_utils/nnet_dense_latency.h:58]   --->   Operation 1807 'sext' 'sext_ln58_3245' <Predicate = true> <Delay = 0.00>
ST_21 : Operation 1808 [1/1] (2.19ns)   --->   "%add_ln58_4834 = add i21 %sext_ln58_3245, i21 %sext_ln58_3244" [firmware/nnet_utils/nnet_dense_latency.h:58]   --->   Operation 1808 'add' 'add_ln58_4834' <Predicate = true> <Delay = 2.19> <CoreInst = "Adder">   --->   Core 1 'Adder' <Latency = 0> <II = 1> <Delay = 2.19> <FuncUnit> <Opcode : 'add' 'sub'> <InPorts = 2> <OutPorts = 1>
ST_21 : Operation 1809 [1/1] (0.00ns)   --->   "%sext_ln58_3246 = sext i21 %add_ln58_4834" [firmware/nnet_utils/nnet_dense_latency.h:58]   --->   Operation 1809 'sext' 'sext_ln58_3246' <Predicate = true> <Delay = 0.00>
ST_21 : Operation 1810 [1/1] (2.22ns)   --->   "%add_ln58_4835 = add i22 %sext_ln58_3246, i22 %sext_ln58_3243" [firmware/nnet_utils/nnet_dense_latency.h:58]   --->   Operation 1810 'add' 'add_ln58_4835' <Predicate = true> <Delay = 2.22> <CoreInst = "Adder">   --->   Core 1 'Adder' <Latency = 0> <II = 1> <Delay = 2.22> <FuncUnit> <Opcode : 'add' 'sub'> <InPorts = 2> <OutPorts = 1>
ST_21 : Operation 1811 [1/1] (2.16ns)   --->   "%add_ln58_4896 = add i20 %sext_ln17_5111, i20 %sext_ln17_5127" [firmware/nnet_utils/nnet_dense_latency.h:58]   --->   Operation 1811 'add' 'add_ln58_4896' <Predicate = true> <Delay = 2.16> <CoreInst = "Adder">   --->   Core 1 'Adder' <Latency = 0> <II = 1> <Delay = 2.16> <FuncUnit> <Opcode : 'add' 'sub'> <InPorts = 2> <OutPorts = 1>
ST_21 : Operation 1812 [1/1] (2.19ns)   --->   "%add_ln58_4928 = add i21 %sext_ln17_5112, i21 %sext_ln17_5128" [firmware/nnet_utils/nnet_dense_latency.h:58]   --->   Operation 1812 'add' 'add_ln58_4928' <Predicate = true> <Delay = 2.19> <CoreInst = "Adder">   --->   Core 1 'Adder' <Latency = 0> <II = 1> <Delay = 2.19> <FuncUnit> <Opcode : 'add' 'sub'> <InPorts = 2> <OutPorts = 1>
ST_21 : Operation 1813 [1/1] (2.16ns)   --->   "%add_ln58_4960 = add i20 %sext_ln17_5113, i20 %sext_ln17_5129" [firmware/nnet_utils/nnet_dense_latency.h:58]   --->   Operation 1813 'add' 'add_ln58_4960' <Predicate = true> <Delay = 2.16> <CoreInst = "Adder">   --->   Core 1 'Adder' <Latency = 0> <II = 1> <Delay = 2.16> <FuncUnit> <Opcode : 'add' 'sub'> <InPorts = 2> <OutPorts = 1>
ST_21 : Operation 1814 [1/1] (2.16ns)   --->   "%add_ln58_4992 = add i20 %sext_ln17_5114, i20 %sext_ln17_5130" [firmware/nnet_utils/nnet_dense_latency.h:58]   --->   Operation 1814 'add' 'add_ln58_4992' <Predicate = true> <Delay = 2.16> <CoreInst = "Adder">   --->   Core 1 'Adder' <Latency = 0> <II = 1> <Delay = 2.16> <FuncUnit> <Opcode : 'add' 'sub'> <InPorts = 2> <OutPorts = 1>
ST_21 : Operation 1815 [1/1] (2.16ns)   --->   "%add_ln58_5024 = add i20 %sext_ln17_5115, i20 %sext_ln17_5131" [firmware/nnet_utils/nnet_dense_latency.h:58]   --->   Operation 1815 'add' 'add_ln58_5024' <Predicate = true> <Delay = 2.16> <CoreInst = "Adder">   --->   Core 1 'Adder' <Latency = 0> <II = 1> <Delay = 2.16> <FuncUnit> <Opcode : 'add' 'sub'> <InPorts = 2> <OutPorts = 1>
ST_21 : Operation 1816 [1/1] (2.19ns)   --->   "%add_ln58_5056 = add i21 %sext_ln17_5116, i21 %sext_ln17_5132" [firmware/nnet_utils/nnet_dense_latency.h:58]   --->   Operation 1816 'add' 'add_ln58_5056' <Predicate = true> <Delay = 2.19> <CoreInst = "Adder">   --->   Core 1 'Adder' <Latency = 0> <II = 1> <Delay = 2.19> <FuncUnit> <Opcode : 'add' 'sub'> <InPorts = 2> <OutPorts = 1>
ST_21 : Operation 1817 [1/1] (2.19ns)   --->   "%add_ln58_5088 = add i21 %sext_ln17_5117, i21 %sext_ln17_5133" [firmware/nnet_utils/nnet_dense_latency.h:58]   --->   Operation 1817 'add' 'add_ln58_5088' <Predicate = true> <Delay = 2.19> <CoreInst = "Adder">   --->   Core 1 'Adder' <Latency = 0> <II = 1> <Delay = 2.19> <FuncUnit> <Opcode : 'add' 'sub'> <InPorts = 2> <OutPorts = 1>
ST_21 : Operation 1818 [1/1] (2.13ns)   --->   "%add_ln58_5120 = add i19 %sext_ln17_5118, i19 %sext_ln17_5134" [firmware/nnet_utils/nnet_dense_latency.h:58]   --->   Operation 1818 'add' 'add_ln58_5120' <Predicate = true> <Delay = 2.13> <CoreInst = "Adder">   --->   Core 1 'Adder' <Latency = 0> <II = 1> <Delay = 2.13> <FuncUnit> <Opcode : 'add' 'sub'> <InPorts = 2> <OutPorts = 1>
ST_21 : Operation 1819 [1/1] (2.19ns)   --->   "%add_ln58_5152 = add i21 %sext_ln17_5119, i21 %sext_ln17_5135" [firmware/nnet_utils/nnet_dense_latency.h:58]   --->   Operation 1819 'add' 'add_ln58_5152' <Predicate = true> <Delay = 2.19> <CoreInst = "Adder">   --->   Core 1 'Adder' <Latency = 0> <II = 1> <Delay = 2.19> <FuncUnit> <Opcode : 'add' 'sub'> <InPorts = 2> <OutPorts = 1>
ST_21 : Operation 1820 [1/1] (2.16ns)   --->   "%add_ln58_5184 = add i20 %sext_ln17_5120, i20 %sext_ln17_5136" [firmware/nnet_utils/nnet_dense_latency.h:58]   --->   Operation 1820 'add' 'add_ln58_5184' <Predicate = true> <Delay = 2.16> <CoreInst = "Adder">   --->   Core 1 'Adder' <Latency = 0> <II = 1> <Delay = 2.16> <FuncUnit> <Opcode : 'add' 'sub'> <InPorts = 2> <OutPorts = 1>
ST_21 : Operation 1821 [1/1] (2.19ns)   --->   "%add_ln58_5216 = add i21 %sext_ln17_5121, i21 %sext_ln17_5137" [firmware/nnet_utils/nnet_dense_latency.h:58]   --->   Operation 1821 'add' 'add_ln58_5216' <Predicate = true> <Delay = 2.19> <CoreInst = "Adder">   --->   Core 1 'Adder' <Latency = 0> <II = 1> <Delay = 2.19> <FuncUnit> <Opcode : 'add' 'sub'> <InPorts = 2> <OutPorts = 1>
ST_21 : Operation 1822 [1/1] (2.16ns)   --->   "%add_ln58_5248 = add i20 %sext_ln17_5122, i20 %sext_ln17_5138" [firmware/nnet_utils/nnet_dense_latency.h:58]   --->   Operation 1822 'add' 'add_ln58_5248' <Predicate = true> <Delay = 2.16> <CoreInst = "Adder">   --->   Core 1 'Adder' <Latency = 0> <II = 1> <Delay = 2.16> <FuncUnit> <Opcode : 'add' 'sub'> <InPorts = 2> <OutPorts = 1>
ST_21 : Operation 1823 [1/1] (2.16ns)   --->   "%add_ln58_5280 = add i20 %sext_ln17_5123, i20 %sext_ln17_5139" [firmware/nnet_utils/nnet_dense_latency.h:58]   --->   Operation 1823 'add' 'add_ln58_5280' <Predicate = true> <Delay = 2.16> <CoreInst = "Adder">   --->   Core 1 'Adder' <Latency = 0> <II = 1> <Delay = 2.16> <FuncUnit> <Opcode : 'add' 'sub'> <InPorts = 2> <OutPorts = 1>
ST_21 : Operation 1824 [1/1] (2.19ns)   --->   "%add_ln58_5312 = add i21 %sext_ln17_5124, i21 %sext_ln17_5140" [firmware/nnet_utils/nnet_dense_latency.h:58]   --->   Operation 1824 'add' 'add_ln58_5312' <Predicate = true> <Delay = 2.19> <CoreInst = "Adder">   --->   Core 1 'Adder' <Latency = 0> <II = 1> <Delay = 2.19> <FuncUnit> <Opcode : 'add' 'sub'> <InPorts = 2> <OutPorts = 1>

State 22 <SV = 21> <Delay = 12.2>
ST_22 : Operation 1825 [1/1] (0.00ns)   --->   "%sext_ln70_585 = sext i16 %data_22_val_read" [firmware/nnet_utils/nnet_mult.h:70->firmware/nnet_utils/nnet_dense_latency.h:42]   --->   Operation 1825 'sext' 'sext_ln70_585' <Predicate = true> <Delay = 0.00>
ST_22 : Operation 1826 [1/1] (0.00ns)   --->   "%sext_ln70_586 = sext i16 %data_22_val_read" [firmware/nnet_utils/nnet_mult.h:70->firmware/nnet_utils/nnet_dense_latency.h:42]   --->   Operation 1826 'sext' 'sext_ln70_586' <Predicate = true> <Delay = 0.00>
ST_22 : Operation 1827 [1/1] (0.00ns)   --->   "%sext_ln17_5142 = sext i19 %mult_5138" [firmware/nnet_utils/nnet_dense_latency.h:17]   --->   Operation 1827 'sext' 'sext_ln17_5142' <Predicate = true> <Delay = 0.00>
ST_22 : Operation 1828 [1/1] (5.58ns)   --->   "%mul_ln73_4973 = mul i24 %sext_ln70_586, i24 16777140" [firmware/nnet_utils/nnet_mult.h:73->firmware/nnet_utils/nnet_dense_latency.h:42]   --->   Operation 1828 'mul' 'mul_ln73_4973' <Predicate = true> <Delay = 5.58> <CoreInst = "Multiplier">   --->   Core 3 'Multiplier' <Latency = 0> <II = 1> <Delay = 5.58> <FuncUnit> <Opcode : 'mul'> <InPorts = 2> <OutPorts = 1>
ST_22 : Operation 1829 [1/1] (0.00ns)   --->   "%mult_5139 = partselect i14 @_ssdm_op_PartSelect.i14.i24.i32.i32, i24 %mul_ln73_4973, i32 10, i32 23" [firmware/nnet_utils/nnet_dense_latency.h:42]   --->   Operation 1829 'partselect' 'mult_5139' <Predicate = true> <Delay = 0.00>
ST_22 : Operation 1830 [1/1] (0.00ns)   --->   "%sext_ln17_5143 = sext i14 %mult_5139" [firmware/nnet_utils/nnet_dense_latency.h:17]   --->   Operation 1830 'sext' 'sext_ln17_5143' <Predicate = true> <Delay = 0.00>
ST_22 : Operation 1831 [1/1] (5.58ns)   --->   "%mul_ln73_4974 = mul i28 %sext_ln70_588, i28 268434277" [firmware/nnet_utils/nnet_mult.h:73->firmware/nnet_utils/nnet_dense_latency.h:42]   --->   Operation 1831 'mul' 'mul_ln73_4974' <Predicate = true> <Delay = 5.58> <CoreInst = "Multiplier">   --->   Core 3 'Multiplier' <Latency = 0> <II = 1> <Delay = 5.58> <FuncUnit> <Opcode : 'mul'> <InPorts = 2> <OutPorts = 1>
ST_22 : Operation 1832 [1/1] (0.00ns)   --->   "%mult_5140 = partselect i18 @_ssdm_op_PartSelect.i18.i28.i32.i32, i28 %mul_ln73_4974, i32 10, i32 27" [firmware/nnet_utils/nnet_dense_latency.h:42]   --->   Operation 1832 'partselect' 'mult_5140' <Predicate = true> <Delay = 0.00>
ST_22 : Operation 1833 [1/1] (5.58ns)   --->   "%mul_ln73_4975 = mul i30 %sext_ln70_585, i30 1073737544" [firmware/nnet_utils/nnet_mult.h:73->firmware/nnet_utils/nnet_dense_latency.h:42]   --->   Operation 1833 'mul' 'mul_ln73_4975' <Predicate = true> <Delay = 5.58> <CoreInst = "Multiplier">   --->   Core 3 'Multiplier' <Latency = 0> <II = 1> <Delay = 5.58> <FuncUnit> <Opcode : 'mul'> <InPorts = 2> <OutPorts = 1>
ST_22 : Operation 1834 [1/1] (0.00ns)   --->   "%mult_5141 = partselect i20 @_ssdm_op_PartSelect.i20.i30.i32.i32, i30 %mul_ln73_4975, i32 10, i32 29" [firmware/nnet_utils/nnet_dense_latency.h:42]   --->   Operation 1834 'partselect' 'mult_5141' <Predicate = true> <Delay = 0.00>
ST_22 : Operation 1835 [1/1] (5.58ns)   --->   "%mul_ln73_4976 = mul i30 %sext_ln70_585, i30 1073736507" [firmware/nnet_utils/nnet_mult.h:73->firmware/nnet_utils/nnet_dense_latency.h:42]   --->   Operation 1835 'mul' 'mul_ln73_4976' <Predicate = true> <Delay = 5.58> <CoreInst = "Multiplier">   --->   Core 3 'Multiplier' <Latency = 0> <II = 1> <Delay = 5.58> <FuncUnit> <Opcode : 'mul'> <InPorts = 2> <OutPorts = 1>
ST_22 : Operation 1836 [1/1] (0.00ns)   --->   "%mult_5142 = partselect i20 @_ssdm_op_PartSelect.i20.i30.i32.i32, i30 %mul_ln73_4976, i32 10, i32 29" [firmware/nnet_utils/nnet_dense_latency.h:42]   --->   Operation 1836 'partselect' 'mult_5142' <Predicate = true> <Delay = 0.00>
ST_22 : Operation 1837 [1/1] (5.58ns)   --->   "%mul_ln73_4977 = mul i30 %sext_ln70_585, i30 4925" [firmware/nnet_utils/nnet_mult.h:73->firmware/nnet_utils/nnet_dense_latency.h:42]   --->   Operation 1837 'mul' 'mul_ln73_4977' <Predicate = true> <Delay = 5.58> <CoreInst = "Multiplier">   --->   Core 3 'Multiplier' <Latency = 0> <II = 1> <Delay = 5.58> <FuncUnit> <Opcode : 'mul'> <InPorts = 2> <OutPorts = 1>
ST_22 : Operation 1838 [1/1] (0.00ns)   --->   "%mult_5143 = partselect i20 @_ssdm_op_PartSelect.i20.i30.i32.i32, i30 %mul_ln73_4977, i32 10, i32 29" [firmware/nnet_utils/nnet_dense_latency.h:42]   --->   Operation 1838 'partselect' 'mult_5143' <Predicate = true> <Delay = 0.00>
ST_22 : Operation 1839 [1/1] (5.58ns)   --->   "%mul_ln73_4978 = mul i30 %sext_ln70_585, i30 4748" [firmware/nnet_utils/nnet_mult.h:73->firmware/nnet_utils/nnet_dense_latency.h:42]   --->   Operation 1839 'mul' 'mul_ln73_4978' <Predicate = true> <Delay = 5.58> <CoreInst = "Multiplier">   --->   Core 3 'Multiplier' <Latency = 0> <II = 1> <Delay = 5.58> <FuncUnit> <Opcode : 'mul'> <InPorts = 2> <OutPorts = 1>
ST_22 : Operation 1840 [1/1] (0.00ns)   --->   "%mult_5144 = partselect i20 @_ssdm_op_PartSelect.i20.i30.i32.i32, i30 %mul_ln73_4978, i32 10, i32 29" [firmware/nnet_utils/nnet_dense_latency.h:42]   --->   Operation 1840 'partselect' 'mult_5144' <Predicate = true> <Delay = 0.00>
ST_22 : Operation 1841 [1/1] (5.58ns)   --->   "%mul_ln73_4979 = mul i30 %sext_ln70_585, i30 1073737227" [firmware/nnet_utils/nnet_mult.h:73->firmware/nnet_utils/nnet_dense_latency.h:42]   --->   Operation 1841 'mul' 'mul_ln73_4979' <Predicate = true> <Delay = 5.58> <CoreInst = "Multiplier">   --->   Core 3 'Multiplier' <Latency = 0> <II = 1> <Delay = 5.58> <FuncUnit> <Opcode : 'mul'> <InPorts = 2> <OutPorts = 1>
ST_22 : Operation 1842 [1/1] (0.00ns)   --->   "%mult_5145 = partselect i20 @_ssdm_op_PartSelect.i20.i30.i32.i32, i30 %mul_ln73_4979, i32 10, i32 29" [firmware/nnet_utils/nnet_dense_latency.h:42]   --->   Operation 1842 'partselect' 'mult_5145' <Predicate = true> <Delay = 0.00>
ST_22 : Operation 1843 [1/1] (5.58ns)   --->   "%mul_ln73_4980 = mul i24 %sext_ln70_586, i24 16777125" [firmware/nnet_utils/nnet_mult.h:73->firmware/nnet_utils/nnet_dense_latency.h:42]   --->   Operation 1843 'mul' 'mul_ln73_4980' <Predicate = true> <Delay = 5.58> <CoreInst = "Multiplier">   --->   Core 3 'Multiplier' <Latency = 0> <II = 1> <Delay = 5.58> <FuncUnit> <Opcode : 'mul'> <InPorts = 2> <OutPorts = 1>
ST_22 : Operation 1844 [1/1] (0.00ns)   --->   "%mult_5146 = partselect i14 @_ssdm_op_PartSelect.i14.i24.i32.i32, i24 %mul_ln73_4980, i32 10, i32 23" [firmware/nnet_utils/nnet_dense_latency.h:42]   --->   Operation 1844 'partselect' 'mult_5146' <Predicate = true> <Delay = 0.00>
ST_22 : Operation 1845 [1/1] (5.58ns)   --->   "%mul_ln73_4981 = mul i29 %sext_ln70_587, i29 536868203" [firmware/nnet_utils/nnet_mult.h:73->firmware/nnet_utils/nnet_dense_latency.h:42]   --->   Operation 1845 'mul' 'mul_ln73_4981' <Predicate = true> <Delay = 5.58> <CoreInst = "Multiplier">   --->   Core 3 'Multiplier' <Latency = 0> <II = 1> <Delay = 5.58> <FuncUnit> <Opcode : 'mul'> <InPorts = 2> <OutPorts = 1>
ST_22 : Operation 1846 [1/1] (0.00ns)   --->   "%mult_5147 = partselect i19 @_ssdm_op_PartSelect.i19.i29.i32.i32, i29 %mul_ln73_4981, i32 10, i32 28" [firmware/nnet_utils/nnet_dense_latency.h:42]   --->   Operation 1846 'partselect' 'mult_5147' <Predicate = true> <Delay = 0.00>
ST_22 : Operation 1847 [1/1] (5.58ns)   --->   "%mul_ln73_4982 = mul i28 %sext_ln70_588, i28 268434232" [firmware/nnet_utils/nnet_mult.h:73->firmware/nnet_utils/nnet_dense_latency.h:42]   --->   Operation 1847 'mul' 'mul_ln73_4982' <Predicate = true> <Delay = 5.58> <CoreInst = "Multiplier">   --->   Core 3 'Multiplier' <Latency = 0> <II = 1> <Delay = 5.58> <FuncUnit> <Opcode : 'mul'> <InPorts = 2> <OutPorts = 1>
ST_22 : Operation 1848 [1/1] (0.00ns)   --->   "%mult_5148 = partselect i18 @_ssdm_op_PartSelect.i18.i28.i32.i32, i28 %mul_ln73_4982, i32 10, i32 27" [firmware/nnet_utils/nnet_dense_latency.h:42]   --->   Operation 1848 'partselect' 'mult_5148' <Predicate = true> <Delay = 0.00>
ST_22 : Operation 1849 [1/1] (5.58ns)   --->   "%mul_ln73_4983 = mul i30 %sext_ln70_585, i30 5536" [firmware/nnet_utils/nnet_mult.h:73->firmware/nnet_utils/nnet_dense_latency.h:42]   --->   Operation 1849 'mul' 'mul_ln73_4983' <Predicate = true> <Delay = 5.58> <CoreInst = "Multiplier">   --->   Core 3 'Multiplier' <Latency = 0> <II = 1> <Delay = 5.58> <FuncUnit> <Opcode : 'mul'> <InPorts = 2> <OutPorts = 1>
ST_22 : Operation 1850 [1/1] (0.00ns)   --->   "%mult_5149 = partselect i20 @_ssdm_op_PartSelect.i20.i30.i32.i32, i30 %mul_ln73_4983, i32 10, i32 29" [firmware/nnet_utils/nnet_dense_latency.h:42]   --->   Operation 1850 'partselect' 'mult_5149' <Predicate = true> <Delay = 0.00>
ST_22 : Operation 1851 [1/1] (0.00ns)   --->   "%sext_ln17_5153 = sext i20 %mult_5149" [firmware/nnet_utils/nnet_dense_latency.h:17]   --->   Operation 1851 'sext' 'sext_ln17_5153' <Predicate = true> <Delay = 0.00>
ST_22 : Operation 1852 [1/1] (5.58ns)   --->   "%mul_ln73_4984 = mul i29 %sext_ln70_587, i29 2711" [firmware/nnet_utils/nnet_mult.h:73->firmware/nnet_utils/nnet_dense_latency.h:42]   --->   Operation 1852 'mul' 'mul_ln73_4984' <Predicate = true> <Delay = 5.58> <CoreInst = "Multiplier">   --->   Core 3 'Multiplier' <Latency = 0> <II = 1> <Delay = 5.58> <FuncUnit> <Opcode : 'mul'> <InPorts = 2> <OutPorts = 1>
ST_22 : Operation 1853 [1/1] (0.00ns)   --->   "%mult_5150 = partselect i19 @_ssdm_op_PartSelect.i19.i29.i32.i32, i29 %mul_ln73_4984, i32 10, i32 28" [firmware/nnet_utils/nnet_dense_latency.h:42]   --->   Operation 1853 'partselect' 'mult_5150' <Predicate = true> <Delay = 0.00>
ST_22 : Operation 1854 [1/1] (5.58ns)   --->   "%mul_ln73_4985 = mul i30 %sext_ln70_585, i30 1073736542" [firmware/nnet_utils/nnet_mult.h:73->firmware/nnet_utils/nnet_dense_latency.h:42]   --->   Operation 1854 'mul' 'mul_ln73_4985' <Predicate = true> <Delay = 5.58> <CoreInst = "Multiplier">   --->   Core 3 'Multiplier' <Latency = 0> <II = 1> <Delay = 5.58> <FuncUnit> <Opcode : 'mul'> <InPorts = 2> <OutPorts = 1>
ST_22 : Operation 1855 [1/1] (0.00ns)   --->   "%mult_5151 = partselect i20 @_ssdm_op_PartSelect.i20.i30.i32.i32, i30 %mul_ln73_4985, i32 10, i32 29" [firmware/nnet_utils/nnet_dense_latency.h:42]   --->   Operation 1855 'partselect' 'mult_5151' <Predicate = true> <Delay = 0.00>
ST_22 : Operation 1856 [1/1] (5.58ns)   --->   "%mul_ln73_4986 = mul i29 %sext_ln70_587, i29 536867115" [firmware/nnet_utils/nnet_mult.h:73->firmware/nnet_utils/nnet_dense_latency.h:42]   --->   Operation 1856 'mul' 'mul_ln73_4986' <Predicate = true> <Delay = 5.58> <CoreInst = "Multiplier">   --->   Core 3 'Multiplier' <Latency = 0> <II = 1> <Delay = 5.58> <FuncUnit> <Opcode : 'mul'> <InPorts = 2> <OutPorts = 1>
ST_22 : Operation 1857 [1/1] (0.00ns)   --->   "%mult_5152 = partselect i19 @_ssdm_op_PartSelect.i19.i29.i32.i32, i29 %mul_ln73_4986, i32 10, i32 28" [firmware/nnet_utils/nnet_dense_latency.h:42]   --->   Operation 1857 'partselect' 'mult_5152' <Predicate = true> <Delay = 0.00>
ST_22 : Operation 1858 [1/1] (0.00ns)   --->   "%sext_ln70_591 = sext i16 %data_23_val_read" [firmware/nnet_utils/nnet_mult.h:70->firmware/nnet_utils/nnet_dense_latency.h:42]   --->   Operation 1858 'sext' 'sext_ln70_591' <Predicate = true> <Delay = 0.00>
ST_22 : Operation 1859 [1/1] (0.00ns)   --->   "%sext_ln70_592 = sext i16 %data_23_val_read" [firmware/nnet_utils/nnet_mult.h:70->firmware/nnet_utils/nnet_dense_latency.h:42]   --->   Operation 1859 'sext' 'sext_ln70_592' <Predicate = true> <Delay = 0.00>
ST_22 : Operation 1860 [1/1] (5.58ns)   --->   "%mul_ln73_4987 = mul i28 %sext_ln70_592, i28 268434405" [firmware/nnet_utils/nnet_mult.h:73->firmware/nnet_utils/nnet_dense_latency.h:42]   --->   Operation 1860 'mul' 'mul_ln73_4987' <Predicate = true> <Delay = 5.58> <CoreInst = "Multiplier">   --->   Core 3 'Multiplier' <Latency = 0> <II = 1> <Delay = 5.58> <FuncUnit> <Opcode : 'mul'> <InPorts = 2> <OutPorts = 1>
ST_22 : Operation 1861 [1/1] (0.00ns)   --->   "%mult_5154 = partselect i18 @_ssdm_op_PartSelect.i18.i28.i32.i32, i28 %mul_ln73_4987, i32 10, i32 27" [firmware/nnet_utils/nnet_dense_latency.h:42]   --->   Operation 1861 'partselect' 'mult_5154' <Predicate = true> <Delay = 0.00>
ST_22 : Operation 1862 [1/1] (0.00ns)   --->   "%sext_ln17_5158 = sext i18 %mult_5154" [firmware/nnet_utils/nnet_dense_latency.h:17]   --->   Operation 1862 'sext' 'sext_ln17_5158' <Predicate = true> <Delay = 0.00>
ST_22 : Operation 1863 [1/1] (5.58ns)   --->   "%mul_ln73_4988 = mul i30 %sext_ln70_591, i30 1073737405" [firmware/nnet_utils/nnet_mult.h:73->firmware/nnet_utils/nnet_dense_latency.h:42]   --->   Operation 1863 'mul' 'mul_ln73_4988' <Predicate = true> <Delay = 5.58> <CoreInst = "Multiplier">   --->   Core 3 'Multiplier' <Latency = 0> <II = 1> <Delay = 5.58> <FuncUnit> <Opcode : 'mul'> <InPorts = 2> <OutPorts = 1>
ST_22 : Operation 1864 [1/1] (0.00ns)   --->   "%mult_5155 = partselect i20 @_ssdm_op_PartSelect.i20.i30.i32.i32, i30 %mul_ln73_4988, i32 10, i32 29" [firmware/nnet_utils/nnet_dense_latency.h:42]   --->   Operation 1864 'partselect' 'mult_5155' <Predicate = true> <Delay = 0.00>
ST_22 : Operation 1865 [1/1] (0.00ns)   --->   "%sext_ln17_5159 = sext i20 %mult_5155" [firmware/nnet_utils/nnet_dense_latency.h:17]   --->   Operation 1865 'sext' 'sext_ln17_5159' <Predicate = true> <Delay = 0.00>
ST_22 : Operation 1866 [1/1] (0.00ns)   --->   "%shl_ln73_266 = bitconcatenate i25 @_ssdm_op_BitConcatenate.i25.i16.i9, i16 %data_23_val_read, i9 0" [firmware/nnet_utils/nnet_mult.h:73->firmware/nnet_utils/nnet_dense_latency.h:42]   --->   Operation 1866 'bitconcatenate' 'shl_ln73_266' <Predicate = true> <Delay = 0.00>
ST_22 : Operation 1867 [1/1] (0.00ns)   --->   "%sext_ln73_299 = sext i25 %shl_ln73_266" [firmware/nnet_utils/nnet_mult.h:73->firmware/nnet_utils/nnet_dense_latency.h:42]   --->   Operation 1867 'sext' 'sext_ln73_299' <Predicate = true> <Delay = 0.00>
ST_22 : Operation 1868 [1/1] (0.00ns) (grouped into TernaryAdder)   --->   "%sub_ln73_177 = sub i26 0, i26 %sext_ln73_299" [firmware/nnet_utils/nnet_mult.h:73->firmware/nnet_utils/nnet_dense_latency.h:42]   --->   Operation 1868 'sub' 'sub_ln73_177' <Predicate = true> <Delay = 0.00> <CoreInst = "TAddSub">   --->   Core 10 'TAddSub' <Latency = 0> <II = 1> <Delay = 2.03> <IPBlock> <Opcode : '<invalid operator> ' 'add' 'sub'> <InPorts = 3> <OutPorts = 1> <Sync> <CReg>
ST_22 : Operation 1869 [1/1] (0.00ns)   --->   "%shl_ln73_267 = bitconcatenate i18 @_ssdm_op_BitConcatenate.i18.i16.i2, i16 %data_23_val_read, i2 0" [firmware/nnet_utils/nnet_mult.h:73->firmware/nnet_utils/nnet_dense_latency.h:42]   --->   Operation 1869 'bitconcatenate' 'shl_ln73_267' <Predicate = true> <Delay = 0.00>
ST_22 : Operation 1870 [1/1] (0.00ns)   --->   "%sext_ln73_300 = sext i18 %shl_ln73_267" [firmware/nnet_utils/nnet_mult.h:73->firmware/nnet_utils/nnet_dense_latency.h:42]   --->   Operation 1870 'sext' 'sext_ln73_300' <Predicate = true> <Delay = 0.00>
ST_22 : Operation 1871 [1/1] (4.19ns) (root node of TernaryAdder)   --->   "%sub_ln73_178 = sub i26 %sub_ln73_177, i26 %sext_ln73_300" [firmware/nnet_utils/nnet_mult.h:73->firmware/nnet_utils/nnet_dense_latency.h:42]   --->   Operation 1871 'sub' 'sub_ln73_178' <Predicate = true> <Delay = 4.19> <CoreInst = "TAddSub">   --->   Core 10 'TAddSub' <Latency = 0> <II = 1> <Delay = 2.03> <IPBlock> <Opcode : '<invalid operator> ' 'add' 'sub'> <InPorts = 3> <OutPorts = 1> <Sync> <CReg>
ST_22 : Operation 1872 [1/1] (0.00ns)   --->   "%mult_5165 = partselect i16 @_ssdm_op_PartSelect.i16.i26.i32.i32, i26 %sub_ln73_178, i32 10, i32 25" [firmware/nnet_utils/nnet_dense_latency.h:42]   --->   Operation 1872 'partselect' 'mult_5165' <Predicate = true> <Delay = 0.00>
ST_22 : Operation 1873 [1/1] (0.00ns)   --->   "%sext_ln17_5169 = sext i16 %mult_5165" [firmware/nnet_utils/nnet_dense_latency.h:17]   --->   Operation 1873 'sext' 'sext_ln17_5169' <Predicate = true> <Delay = 0.00>
ST_22 : Operation 1874 [1/1] (0.00ns)   --->   "%sext_ln58_3271 = sext i22 %add_ln58_4863" [firmware/nnet_utils/nnet_dense_latency.h:58]   --->   Operation 1874 'sext' 'sext_ln58_3271' <Predicate = true> <Delay = 0.00>
ST_22 : Operation 1875 [1/1] (0.00ns)   --->   "%sext_ln58_3272 = sext i20 %add_ln58_4864" [firmware/nnet_utils/nnet_dense_latency.h:58]   --->   Operation 1875 'sext' 'sext_ln58_3272' <Predicate = true> <Delay = 0.00>
ST_22 : Operation 1876 [1/1] (2.16ns)   --->   "%add_ln58_4865 = add i20 %sext_ln17_5142, i20 %sext_ln17_5158" [firmware/nnet_utils/nnet_dense_latency.h:58]   --->   Operation 1876 'add' 'add_ln58_4865' <Predicate = true> <Delay = 2.16> <CoreInst = "Adder">   --->   Core 1 'Adder' <Latency = 0> <II = 1> <Delay = 2.16> <FuncUnit> <Opcode : 'add' 'sub'> <InPorts = 2> <OutPorts = 1>
ST_22 : Operation 1877 [1/1] (0.00ns)   --->   "%sext_ln58_3273 = sext i20 %add_ln58_4865" [firmware/nnet_utils/nnet_dense_latency.h:58]   --->   Operation 1877 'sext' 'sext_ln58_3273' <Predicate = true> <Delay = 0.00>
ST_22 : Operation 1878 [1/1] (2.19ns)   --->   "%add_ln58_4866 = add i21 %sext_ln58_3273, i21 %sext_ln58_3272" [firmware/nnet_utils/nnet_dense_latency.h:58]   --->   Operation 1878 'add' 'add_ln58_4866' <Predicate = true> <Delay = 2.19> <CoreInst = "Adder">   --->   Core 1 'Adder' <Latency = 0> <II = 1> <Delay = 2.19> <FuncUnit> <Opcode : 'add' 'sub'> <InPorts = 2> <OutPorts = 1>
ST_22 : Operation 1879 [1/1] (0.00ns)   --->   "%sext_ln58_3274 = sext i21 %add_ln58_4866" [firmware/nnet_utils/nnet_dense_latency.h:58]   --->   Operation 1879 'sext' 'sext_ln58_3274' <Predicate = true> <Delay = 0.00>
ST_22 : Operation 1880 [1/1] (2.25ns)   --->   "%add_ln58_4867 = add i23 %sext_ln58_3274, i23 %sext_ln58_3271" [firmware/nnet_utils/nnet_dense_latency.h:58]   --->   Operation 1880 'add' 'add_ln58_4867' <Predicate = true> <Delay = 2.25> <CoreInst = "Adder">   --->   Core 1 'Adder' <Latency = 0> <II = 1> <Delay = 2.25> <FuncUnit> <Opcode : 'add' 'sub'> <InPorts = 2> <OutPorts = 1>
ST_22 : Operation 1881 [1/1] (0.00ns)   --->   "%sext_ln58_3300 = sext i22 %add_ln58_4895" [firmware/nnet_utils/nnet_dense_latency.h:58]   --->   Operation 1881 'sext' 'sext_ln58_3300' <Predicate = true> <Delay = 0.00>
ST_22 : Operation 1882 [1/1] (0.00ns)   --->   "%sext_ln58_3301 = sext i20 %add_ln58_4896" [firmware/nnet_utils/nnet_dense_latency.h:58]   --->   Operation 1882 'sext' 'sext_ln58_3301' <Predicate = true> <Delay = 0.00>
ST_22 : Operation 1883 [1/1] (2.19ns)   --->   "%add_ln58_4897 = add i21 %sext_ln17_5143, i21 %sext_ln17_5159" [firmware/nnet_utils/nnet_dense_latency.h:58]   --->   Operation 1883 'add' 'add_ln58_4897' <Predicate = true> <Delay = 2.19> <CoreInst = "Adder">   --->   Core 1 'Adder' <Latency = 0> <II = 1> <Delay = 2.19> <FuncUnit> <Opcode : 'add' 'sub'> <InPorts = 2> <OutPorts = 1>
ST_22 : Operation 1884 [1/1] (0.00ns)   --->   "%sext_ln58_3302 = sext i21 %add_ln58_4897" [firmware/nnet_utils/nnet_dense_latency.h:58]   --->   Operation 1884 'sext' 'sext_ln58_3302' <Predicate = true> <Delay = 0.00>
ST_22 : Operation 1885 [1/1] (2.22ns)   --->   "%add_ln58_4898 = add i22 %sext_ln58_3302, i22 %sext_ln58_3301" [firmware/nnet_utils/nnet_dense_latency.h:58]   --->   Operation 1885 'add' 'add_ln58_4898' <Predicate = true> <Delay = 2.22> <CoreInst = "Adder">   --->   Core 1 'Adder' <Latency = 0> <II = 1> <Delay = 2.22> <FuncUnit> <Opcode : 'add' 'sub'> <InPorts = 2> <OutPorts = 1>
ST_22 : Operation 1886 [1/1] (0.00ns)   --->   "%sext_ln58_3303 = sext i22 %add_ln58_4898" [firmware/nnet_utils/nnet_dense_latency.h:58]   --->   Operation 1886 'sext' 'sext_ln58_3303' <Predicate = true> <Delay = 0.00>
ST_22 : Operation 1887 [1/1] (2.25ns)   --->   "%add_ln58_4899 = add i23 %sext_ln58_3303, i23 %sext_ln58_3300" [firmware/nnet_utils/nnet_dense_latency.h:58]   --->   Operation 1887 'add' 'add_ln58_4899' <Predicate = true> <Delay = 2.25> <CoreInst = "Adder">   --->   Core 1 'Adder' <Latency = 0> <II = 1> <Delay = 2.25> <FuncUnit> <Opcode : 'add' 'sub'> <InPorts = 2> <OutPorts = 1>
ST_22 : Operation 1888 [1/1] (0.00ns)   --->   "%sext_ln58_3574 = sext i20 %add_ln58_5215" [firmware/nnet_utils/nnet_dense_latency.h:58]   --->   Operation 1888 'sext' 'sext_ln58_3574' <Predicate = true> <Delay = 0.00>
ST_22 : Operation 1889 [1/1] (0.00ns)   --->   "%sext_ln58_3575 = sext i21 %add_ln58_5216" [firmware/nnet_utils/nnet_dense_latency.h:58]   --->   Operation 1889 'sext' 'sext_ln58_3575' <Predicate = true> <Delay = 0.00>
ST_22 : Operation 1890 [1/1] (2.19ns)   --->   "%add_ln58_5217 = add i21 %sext_ln17_5153, i21 %sext_ln17_5169" [firmware/nnet_utils/nnet_dense_latency.h:58]   --->   Operation 1890 'add' 'add_ln58_5217' <Predicate = true> <Delay = 2.19> <CoreInst = "Adder">   --->   Core 1 'Adder' <Latency = 0> <II = 1> <Delay = 2.19> <FuncUnit> <Opcode : 'add' 'sub'> <InPorts = 2> <OutPorts = 1>
ST_22 : Operation 1891 [1/1] (0.00ns)   --->   "%sext_ln58_3576 = sext i21 %add_ln58_5217" [firmware/nnet_utils/nnet_dense_latency.h:58]   --->   Operation 1891 'sext' 'sext_ln58_3576' <Predicate = true> <Delay = 0.00>
ST_22 : Operation 1892 [1/1] (0.00ns) (grouped into TernaryAdder)   --->   "%add_ln58_5218 = add i22 %sext_ln58_3576, i22 %sext_ln58_3575" [firmware/nnet_utils/nnet_dense_latency.h:58]   --->   Operation 1892 'add' 'add_ln58_5218' <Predicate = true> <Delay = 0.00> <CoreInst = "TAddSub">   --->   Core 10 'TAddSub' <Latency = 0> <II = 1> <Delay = 2.03> <IPBlock> <Opcode : '<invalid operator> ' 'add' 'sub'> <InPorts = 3> <OutPorts = 1> <Sync> <CReg>
ST_22 : Operation 1893 [1/1] (4.07ns) (root node of TernaryAdder)   --->   "%add_ln58_5219 = add i22 %add_ln58_5218, i22 %sext_ln58_3574" [firmware/nnet_utils/nnet_dense_latency.h:58]   --->   Operation 1893 'add' 'add_ln58_5219' <Predicate = true> <Delay = 4.07> <CoreInst = "TAddSub">   --->   Core 10 'TAddSub' <Latency = 0> <II = 1> <Delay = 2.03> <IPBlock> <Opcode : '<invalid operator> ' 'add' 'sub'> <InPorts = 3> <OutPorts = 1> <Sync> <CReg>

State 23 <SV = 22> <Delay = 12.2>
ST_23 : Operation 1894 [1/1] (0.00ns)   --->   "%data_24_val_read = read i16 @_ssdm_op_Read.ap_auto.i16, i16 %data_24_val" [firmware/nnet_utils/nnet_mult.h:70->firmware/nnet_utils/nnet_dense_latency.h:42]   --->   Operation 1894 'read' 'data_24_val_read' <Predicate = true> <Delay = 0.00>
ST_23 : Operation 1895 [1/1] (0.00ns)   --->   "%sext_ln17_5144 = sext i18 %mult_5140" [firmware/nnet_utils/nnet_dense_latency.h:17]   --->   Operation 1895 'sext' 'sext_ln17_5144' <Predicate = true> <Delay = 0.00>
ST_23 : Operation 1896 [1/1] (0.00ns)   --->   "%sext_ln17_5145 = sext i20 %mult_5141" [firmware/nnet_utils/nnet_dense_latency.h:17]   --->   Operation 1896 'sext' 'sext_ln17_5145' <Predicate = true> <Delay = 0.00>
ST_23 : Operation 1897 [1/1] (0.00ns)   --->   "%sext_ln17_5146 = sext i20 %mult_5142" [firmware/nnet_utils/nnet_dense_latency.h:17]   --->   Operation 1897 'sext' 'sext_ln17_5146' <Predicate = true> <Delay = 0.00>
ST_23 : Operation 1898 [1/1] (0.00ns)   --->   "%sext_ln17_5147 = sext i20 %mult_5143" [firmware/nnet_utils/nnet_dense_latency.h:17]   --->   Operation 1898 'sext' 'sext_ln17_5147' <Predicate = true> <Delay = 0.00>
ST_23 : Operation 1899 [1/1] (0.00ns)   --->   "%sext_ln17_5148 = sext i20 %mult_5144" [firmware/nnet_utils/nnet_dense_latency.h:17]   --->   Operation 1899 'sext' 'sext_ln17_5148' <Predicate = true> <Delay = 0.00>
ST_23 : Operation 1900 [1/1] (0.00ns)   --->   "%sext_ln17_5149 = sext i20 %mult_5145" [firmware/nnet_utils/nnet_dense_latency.h:17]   --->   Operation 1900 'sext' 'sext_ln17_5149' <Predicate = true> <Delay = 0.00>
ST_23 : Operation 1901 [1/1] (0.00ns)   --->   "%sext_ln17_5150 = sext i14 %mult_5146" [firmware/nnet_utils/nnet_dense_latency.h:17]   --->   Operation 1901 'sext' 'sext_ln17_5150' <Predicate = true> <Delay = 0.00>
ST_23 : Operation 1902 [1/1] (0.00ns)   --->   "%sext_ln17_5151 = sext i19 %mult_5147" [firmware/nnet_utils/nnet_dense_latency.h:17]   --->   Operation 1902 'sext' 'sext_ln17_5151' <Predicate = true> <Delay = 0.00>
ST_23 : Operation 1903 [1/1] (0.00ns)   --->   "%sext_ln17_5152 = sext i18 %mult_5148" [firmware/nnet_utils/nnet_dense_latency.h:17]   --->   Operation 1903 'sext' 'sext_ln17_5152' <Predicate = true> <Delay = 0.00>
ST_23 : Operation 1904 [1/1] (0.00ns)   --->   "%sext_ln17_5154 = sext i19 %mult_5150" [firmware/nnet_utils/nnet_dense_latency.h:17]   --->   Operation 1904 'sext' 'sext_ln17_5154' <Predicate = true> <Delay = 0.00>
ST_23 : Operation 1905 [1/1] (0.00ns)   --->   "%sext_ln17_5155 = sext i20 %mult_5151" [firmware/nnet_utils/nnet_dense_latency.h:17]   --->   Operation 1905 'sext' 'sext_ln17_5155' <Predicate = true> <Delay = 0.00>
ST_23 : Operation 1906 [1/1] (0.00ns)   --->   "%sext_ln17_5156 = sext i19 %mult_5152" [firmware/nnet_utils/nnet_dense_latency.h:17]   --->   Operation 1906 'sext' 'sext_ln17_5156' <Predicate = true> <Delay = 0.00>
ST_23 : Operation 1907 [1/1] (0.00ns)   --->   "%sext_ln70_589 = sext i16 %data_23_val_read" [firmware/nnet_utils/nnet_mult.h:70->firmware/nnet_utils/nnet_dense_latency.h:42]   --->   Operation 1907 'sext' 'sext_ln70_589' <Predicate = true> <Delay = 0.00>
ST_23 : Operation 1908 [1/1] (0.00ns)   --->   "%sext_ln70_590 = sext i16 %data_23_val_read" [firmware/nnet_utils/nnet_mult.h:70->firmware/nnet_utils/nnet_dense_latency.h:42]   --->   Operation 1908 'sext' 'sext_ln70_590' <Predicate = true> <Delay = 0.00>
ST_23 : Operation 1909 [1/1] (5.58ns)   --->   "%mul_ln73_4989 = mul i29 %sext_ln70_590, i29 3826" [firmware/nnet_utils/nnet_mult.h:73->firmware/nnet_utils/nnet_dense_latency.h:42]   --->   Operation 1909 'mul' 'mul_ln73_4989' <Predicate = true> <Delay = 5.58> <CoreInst = "Multiplier">   --->   Core 3 'Multiplier' <Latency = 0> <II = 1> <Delay = 5.58> <FuncUnit> <Opcode : 'mul'> <InPorts = 2> <OutPorts = 1>
ST_23 : Operation 1910 [1/1] (0.00ns)   --->   "%mult_5156 = partselect i19 @_ssdm_op_PartSelect.i19.i29.i32.i32, i29 %mul_ln73_4989, i32 10, i32 28" [firmware/nnet_utils/nnet_dense_latency.h:42]   --->   Operation 1910 'partselect' 'mult_5156' <Predicate = true> <Delay = 0.00>
ST_23 : Operation 1911 [1/1] (0.00ns)   --->   "%sext_ln17_5160 = sext i19 %mult_5156" [firmware/nnet_utils/nnet_dense_latency.h:17]   --->   Operation 1911 'sext' 'sext_ln17_5160' <Predicate = true> <Delay = 0.00>
ST_23 : Operation 1912 [1/1] (5.58ns)   --->   "%mul_ln73_4990 = mul i28 %sext_ln70_592, i28 268434207" [firmware/nnet_utils/nnet_mult.h:73->firmware/nnet_utils/nnet_dense_latency.h:42]   --->   Operation 1912 'mul' 'mul_ln73_4990' <Predicate = true> <Delay = 5.58> <CoreInst = "Multiplier">   --->   Core 3 'Multiplier' <Latency = 0> <II = 1> <Delay = 5.58> <FuncUnit> <Opcode : 'mul'> <InPorts = 2> <OutPorts = 1>
ST_23 : Operation 1913 [1/1] (0.00ns)   --->   "%mult_5157 = partselect i18 @_ssdm_op_PartSelect.i18.i28.i32.i32, i28 %mul_ln73_4990, i32 10, i32 27" [firmware/nnet_utils/nnet_dense_latency.h:42]   --->   Operation 1913 'partselect' 'mult_5157' <Predicate = true> <Delay = 0.00>
ST_23 : Operation 1914 [1/1] (0.00ns)   --->   "%sext_ln17_5161 = sext i18 %mult_5157" [firmware/nnet_utils/nnet_dense_latency.h:17]   --->   Operation 1914 'sext' 'sext_ln17_5161' <Predicate = true> <Delay = 0.00>
ST_23 : Operation 1915 [1/1] (5.58ns)   --->   "%mul_ln73_4991 = mul i29 %sext_ln70_590, i29 3225" [firmware/nnet_utils/nnet_mult.h:73->firmware/nnet_utils/nnet_dense_latency.h:42]   --->   Operation 1915 'mul' 'mul_ln73_4991' <Predicate = true> <Delay = 5.58> <CoreInst = "Multiplier">   --->   Core 3 'Multiplier' <Latency = 0> <II = 1> <Delay = 5.58> <FuncUnit> <Opcode : 'mul'> <InPorts = 2> <OutPorts = 1>
ST_23 : Operation 1916 [1/1] (0.00ns)   --->   "%mult_5158 = partselect i19 @_ssdm_op_PartSelect.i19.i29.i32.i32, i29 %mul_ln73_4991, i32 10, i32 28" [firmware/nnet_utils/nnet_dense_latency.h:42]   --->   Operation 1916 'partselect' 'mult_5158' <Predicate = true> <Delay = 0.00>
ST_23 : Operation 1917 [1/1] (0.00ns)   --->   "%sext_ln17_5162 = sext i19 %mult_5158" [firmware/nnet_utils/nnet_dense_latency.h:17]   --->   Operation 1917 'sext' 'sext_ln17_5162' <Predicate = true> <Delay = 0.00>
ST_23 : Operation 1918 [1/1] (5.58ns)   --->   "%mul_ln73_4992 = mul i27 %sext_ln70_589, i27 931" [firmware/nnet_utils/nnet_mult.h:73->firmware/nnet_utils/nnet_dense_latency.h:42]   --->   Operation 1918 'mul' 'mul_ln73_4992' <Predicate = true> <Delay = 5.58> <CoreInst = "Multiplier">   --->   Core 3 'Multiplier' <Latency = 0> <II = 1> <Delay = 5.58> <FuncUnit> <Opcode : 'mul'> <InPorts = 2> <OutPorts = 1>
ST_23 : Operation 1919 [1/1] (0.00ns)   --->   "%mult_5159 = partselect i17 @_ssdm_op_PartSelect.i17.i27.i32.i32, i27 %mul_ln73_4992, i32 10, i32 26" [firmware/nnet_utils/nnet_dense_latency.h:42]   --->   Operation 1919 'partselect' 'mult_5159' <Predicate = true> <Delay = 0.00>
ST_23 : Operation 1920 [1/1] (0.00ns)   --->   "%sext_ln17_5163 = sext i17 %mult_5159" [firmware/nnet_utils/nnet_dense_latency.h:17]   --->   Operation 1920 'sext' 'sext_ln17_5163' <Predicate = true> <Delay = 0.00>
ST_23 : Operation 1921 [1/1] (5.58ns)   --->   "%mul_ln73_4993 = mul i29 %sext_ln70_590, i29 536868553" [firmware/nnet_utils/nnet_mult.h:73->firmware/nnet_utils/nnet_dense_latency.h:42]   --->   Operation 1921 'mul' 'mul_ln73_4993' <Predicate = true> <Delay = 5.58> <CoreInst = "Multiplier">   --->   Core 3 'Multiplier' <Latency = 0> <II = 1> <Delay = 5.58> <FuncUnit> <Opcode : 'mul'> <InPorts = 2> <OutPorts = 1>
ST_23 : Operation 1922 [1/1] (0.00ns)   --->   "%mult_5160 = partselect i19 @_ssdm_op_PartSelect.i19.i29.i32.i32, i29 %mul_ln73_4993, i32 10, i32 28" [firmware/nnet_utils/nnet_dense_latency.h:42]   --->   Operation 1922 'partselect' 'mult_5160' <Predicate = true> <Delay = 0.00>
ST_23 : Operation 1923 [1/1] (0.00ns)   --->   "%sext_ln17_5164 = sext i19 %mult_5160" [firmware/nnet_utils/nnet_dense_latency.h:17]   --->   Operation 1923 'sext' 'sext_ln17_5164' <Predicate = true> <Delay = 0.00>
ST_23 : Operation 1924 [1/1] (5.58ns)   --->   "%mul_ln73_4994 = mul i28 %sext_ln70_592, i28 268433688" [firmware/nnet_utils/nnet_mult.h:73->firmware/nnet_utils/nnet_dense_latency.h:42]   --->   Operation 1924 'mul' 'mul_ln73_4994' <Predicate = true> <Delay = 5.58> <CoreInst = "Multiplier">   --->   Core 3 'Multiplier' <Latency = 0> <II = 1> <Delay = 5.58> <FuncUnit> <Opcode : 'mul'> <InPorts = 2> <OutPorts = 1>
ST_23 : Operation 1925 [1/1] (0.00ns)   --->   "%mult_5161 = partselect i18 @_ssdm_op_PartSelect.i18.i28.i32.i32, i28 %mul_ln73_4994, i32 10, i32 27" [firmware/nnet_utils/nnet_dense_latency.h:42]   --->   Operation 1925 'partselect' 'mult_5161' <Predicate = true> <Delay = 0.00>
ST_23 : Operation 1926 [1/1] (0.00ns)   --->   "%sext_ln17_5165 = sext i18 %mult_5161" [firmware/nnet_utils/nnet_dense_latency.h:17]   --->   Operation 1926 'sext' 'sext_ln17_5165' <Predicate = true> <Delay = 0.00>
ST_23 : Operation 1927 [1/1] (5.58ns)   --->   "%mul_ln73_4995 = mul i30 %sext_ln70_591, i30 1073737559" [firmware/nnet_utils/nnet_mult.h:73->firmware/nnet_utils/nnet_dense_latency.h:42]   --->   Operation 1927 'mul' 'mul_ln73_4995' <Predicate = true> <Delay = 5.58> <CoreInst = "Multiplier">   --->   Core 3 'Multiplier' <Latency = 0> <II = 1> <Delay = 5.58> <FuncUnit> <Opcode : 'mul'> <InPorts = 2> <OutPorts = 1>
ST_23 : Operation 1928 [1/1] (0.00ns)   --->   "%mult_5162 = partselect i20 @_ssdm_op_PartSelect.i20.i30.i32.i32, i30 %mul_ln73_4995, i32 10, i32 29" [firmware/nnet_utils/nnet_dense_latency.h:42]   --->   Operation 1928 'partselect' 'mult_5162' <Predicate = true> <Delay = 0.00>
ST_23 : Operation 1929 [1/1] (0.00ns)   --->   "%sext_ln17_5166 = sext i20 %mult_5162" [firmware/nnet_utils/nnet_dense_latency.h:17]   --->   Operation 1929 'sext' 'sext_ln17_5166' <Predicate = true> <Delay = 0.00>
ST_23 : Operation 1930 [1/1] (5.58ns)   --->   "%mul_ln73_4996 = mul i29 %sext_ln70_590, i29 3664" [firmware/nnet_utils/nnet_mult.h:73->firmware/nnet_utils/nnet_dense_latency.h:42]   --->   Operation 1930 'mul' 'mul_ln73_4996' <Predicate = true> <Delay = 5.58> <CoreInst = "Multiplier">   --->   Core 3 'Multiplier' <Latency = 0> <II = 1> <Delay = 5.58> <FuncUnit> <Opcode : 'mul'> <InPorts = 2> <OutPorts = 1>
ST_23 : Operation 1931 [1/1] (0.00ns)   --->   "%mult_5163 = partselect i19 @_ssdm_op_PartSelect.i19.i29.i32.i32, i29 %mul_ln73_4996, i32 10, i32 28" [firmware/nnet_utils/nnet_dense_latency.h:42]   --->   Operation 1931 'partselect' 'mult_5163' <Predicate = true> <Delay = 0.00>
ST_23 : Operation 1932 [1/1] (0.00ns)   --->   "%sext_ln17_5167 = sext i19 %mult_5163" [firmware/nnet_utils/nnet_dense_latency.h:17]   --->   Operation 1932 'sext' 'sext_ln17_5167' <Predicate = true> <Delay = 0.00>
ST_23 : Operation 1933 [1/1] (5.58ns)   --->   "%mul_ln73_4997 = mul i29 %sext_ln70_590, i29 3446" [firmware/nnet_utils/nnet_mult.h:73->firmware/nnet_utils/nnet_dense_latency.h:42]   --->   Operation 1933 'mul' 'mul_ln73_4997' <Predicate = true> <Delay = 5.58> <CoreInst = "Multiplier">   --->   Core 3 'Multiplier' <Latency = 0> <II = 1> <Delay = 5.58> <FuncUnit> <Opcode : 'mul'> <InPorts = 2> <OutPorts = 1>
ST_23 : Operation 1934 [1/1] (0.00ns)   --->   "%mult_5164 = partselect i19 @_ssdm_op_PartSelect.i19.i29.i32.i32, i29 %mul_ln73_4997, i32 10, i32 28" [firmware/nnet_utils/nnet_dense_latency.h:42]   --->   Operation 1934 'partselect' 'mult_5164' <Predicate = true> <Delay = 0.00>
ST_23 : Operation 1935 [1/1] (0.00ns)   --->   "%sext_ln17_5168 = sext i19 %mult_5164" [firmware/nnet_utils/nnet_dense_latency.h:17]   --->   Operation 1935 'sext' 'sext_ln17_5168' <Predicate = true> <Delay = 0.00>
ST_23 : Operation 1936 [1/1] (5.58ns)   --->   "%mul_ln73_4998 = mul i28 %sext_ln70_592, i28 268433933" [firmware/nnet_utils/nnet_mult.h:73->firmware/nnet_utils/nnet_dense_latency.h:42]   --->   Operation 1936 'mul' 'mul_ln73_4998' <Predicate = true> <Delay = 5.58> <CoreInst = "Multiplier">   --->   Core 3 'Multiplier' <Latency = 0> <II = 1> <Delay = 5.58> <FuncUnit> <Opcode : 'mul'> <InPorts = 2> <OutPorts = 1>
ST_23 : Operation 1937 [1/1] (0.00ns)   --->   "%mult_5166 = partselect i18 @_ssdm_op_PartSelect.i18.i28.i32.i32, i28 %mul_ln73_4998, i32 10, i32 27" [firmware/nnet_utils/nnet_dense_latency.h:42]   --->   Operation 1937 'partselect' 'mult_5166' <Predicate = true> <Delay = 0.00>
ST_23 : Operation 1938 [1/1] (0.00ns)   --->   "%sext_ln17_5170 = sext i18 %mult_5166" [firmware/nnet_utils/nnet_dense_latency.h:17]   --->   Operation 1938 'sext' 'sext_ln17_5170' <Predicate = true> <Delay = 0.00>
ST_23 : Operation 1939 [1/1] (5.58ns)   --->   "%mul_ln73_4999 = mul i28 %sext_ln70_592, i28 1810" [firmware/nnet_utils/nnet_mult.h:73->firmware/nnet_utils/nnet_dense_latency.h:42]   --->   Operation 1939 'mul' 'mul_ln73_4999' <Predicate = true> <Delay = 5.58> <CoreInst = "Multiplier">   --->   Core 3 'Multiplier' <Latency = 0> <II = 1> <Delay = 5.58> <FuncUnit> <Opcode : 'mul'> <InPorts = 2> <OutPorts = 1>
ST_23 : Operation 1940 [1/1] (0.00ns)   --->   "%mult_5167 = partselect i18 @_ssdm_op_PartSelect.i18.i28.i32.i32, i28 %mul_ln73_4999, i32 10, i32 27" [firmware/nnet_utils/nnet_dense_latency.h:42]   --->   Operation 1940 'partselect' 'mult_5167' <Predicate = true> <Delay = 0.00>
ST_23 : Operation 1941 [1/1] (0.00ns)   --->   "%sext_ln17_5171 = sext i18 %mult_5167" [firmware/nnet_utils/nnet_dense_latency.h:17]   --->   Operation 1941 'sext' 'sext_ln17_5171' <Predicate = true> <Delay = 0.00>
ST_23 : Operation 1942 [1/1] (5.58ns)   --->   "%mul_ln73_5000 = mul i29 %sext_ln70_590, i29 4073" [firmware/nnet_utils/nnet_mult.h:73->firmware/nnet_utils/nnet_dense_latency.h:42]   --->   Operation 1942 'mul' 'mul_ln73_5000' <Predicate = true> <Delay = 5.58> <CoreInst = "Multiplier">   --->   Core 3 'Multiplier' <Latency = 0> <II = 1> <Delay = 5.58> <FuncUnit> <Opcode : 'mul'> <InPorts = 2> <OutPorts = 1>
ST_23 : Operation 1943 [1/1] (0.00ns)   --->   "%mult_5168 = partselect i19 @_ssdm_op_PartSelect.i19.i29.i32.i32, i29 %mul_ln73_5000, i32 10, i32 28" [firmware/nnet_utils/nnet_dense_latency.h:42]   --->   Operation 1943 'partselect' 'mult_5168' <Predicate = true> <Delay = 0.00>
ST_23 : Operation 1944 [1/1] (0.00ns)   --->   "%sext_ln17_5172 = sext i19 %mult_5168" [firmware/nnet_utils/nnet_dense_latency.h:17]   --->   Operation 1944 'sext' 'sext_ln17_5172' <Predicate = true> <Delay = 0.00>
ST_23 : Operation 1945 [1/1] (0.00ns)   --->   "%sext_ln70_595 = sext i16 %data_24_val_read" [firmware/nnet_utils/nnet_mult.h:70->firmware/nnet_utils/nnet_dense_latency.h:42]   --->   Operation 1945 'sext' 'sext_ln70_595' <Predicate = true> <Delay = 0.00>
ST_23 : Operation 1946 [1/1] (0.00ns)   --->   "%sext_ln70_596 = sext i16 %data_24_val_read" [firmware/nnet_utils/nnet_mult.h:70->firmware/nnet_utils/nnet_dense_latency.h:42]   --->   Operation 1946 'sext' 'sext_ln70_596' <Predicate = true> <Delay = 0.00>
ST_23 : Operation 1947 [1/1] (0.00ns)   --->   "%sext_ln70_597 = sext i16 %data_24_val_read" [firmware/nnet_utils/nnet_mult.h:70->firmware/nnet_utils/nnet_dense_latency.h:42]   --->   Operation 1947 'sext' 'sext_ln70_597' <Predicate = true> <Delay = 0.00>
ST_23 : Operation 1948 [1/1] (0.00ns)   --->   "%sext_ln70_598 = sext i16 %data_24_val_read" [firmware/nnet_utils/nnet_mult.h:70->firmware/nnet_utils/nnet_dense_latency.h:42]   --->   Operation 1948 'sext' 'sext_ln70_598' <Predicate = true> <Delay = 0.00>
ST_23 : Operation 1949 [1/1] (5.58ns)   --->   "%mul_ln73_5001 = mul i28 %sext_ln70_598, i28 1596" [firmware/nnet_utils/nnet_mult.h:73->firmware/nnet_utils/nnet_dense_latency.h:42]   --->   Operation 1949 'mul' 'mul_ln73_5001' <Predicate = true> <Delay = 5.58> <CoreInst = "Multiplier">   --->   Core 3 'Multiplier' <Latency = 0> <II = 1> <Delay = 5.58> <FuncUnit> <Opcode : 'mul'> <InPorts = 2> <OutPorts = 1>
ST_23 : Operation 1950 [1/1] (0.00ns)   --->   "%mult_5169 = partselect i18 @_ssdm_op_PartSelect.i18.i28.i32.i32, i28 %mul_ln73_5001, i32 10, i32 27" [firmware/nnet_utils/nnet_dense_latency.h:42]   --->   Operation 1950 'partselect' 'mult_5169' <Predicate = true> <Delay = 0.00>
ST_23 : Operation 1951 [1/1] (5.58ns)   --->   "%mul_ln73_5002 = mul i27 %sext_ln70_597, i27 134216820" [firmware/nnet_utils/nnet_mult.h:73->firmware/nnet_utils/nnet_dense_latency.h:42]   --->   Operation 1951 'mul' 'mul_ln73_5002' <Predicate = true> <Delay = 5.58> <CoreInst = "Multiplier">   --->   Core 3 'Multiplier' <Latency = 0> <II = 1> <Delay = 5.58> <FuncUnit> <Opcode : 'mul'> <InPorts = 2> <OutPorts = 1>
ST_23 : Operation 1952 [1/1] (0.00ns)   --->   "%mult_5170 = partselect i17 @_ssdm_op_PartSelect.i17.i27.i32.i32, i27 %mul_ln73_5002, i32 10, i32 26" [firmware/nnet_utils/nnet_dense_latency.h:42]   --->   Operation 1952 'partselect' 'mult_5170' <Predicate = true> <Delay = 0.00>
ST_23 : Operation 1953 [1/1] (5.58ns)   --->   "%mul_ln73_5003 = mul i29 %sext_ln70_596, i29 536868135" [firmware/nnet_utils/nnet_mult.h:73->firmware/nnet_utils/nnet_dense_latency.h:42]   --->   Operation 1953 'mul' 'mul_ln73_5003' <Predicate = true> <Delay = 5.58> <CoreInst = "Multiplier">   --->   Core 3 'Multiplier' <Latency = 0> <II = 1> <Delay = 5.58> <FuncUnit> <Opcode : 'mul'> <InPorts = 2> <OutPorts = 1>
ST_23 : Operation 1954 [1/1] (0.00ns)   --->   "%mult_5171 = partselect i19 @_ssdm_op_PartSelect.i19.i29.i32.i32, i29 %mul_ln73_5003, i32 10, i32 28" [firmware/nnet_utils/nnet_dense_latency.h:42]   --->   Operation 1954 'partselect' 'mult_5171' <Predicate = true> <Delay = 0.00>
ST_23 : Operation 1955 [1/1] (5.58ns)   --->   "%mul_ln73_5004 = mul i30 %sext_ln70_595, i30 4399" [firmware/nnet_utils/nnet_mult.h:73->firmware/nnet_utils/nnet_dense_latency.h:42]   --->   Operation 1955 'mul' 'mul_ln73_5004' <Predicate = true> <Delay = 5.58> <CoreInst = "Multiplier">   --->   Core 3 'Multiplier' <Latency = 0> <II = 1> <Delay = 5.58> <FuncUnit> <Opcode : 'mul'> <InPorts = 2> <OutPorts = 1>
ST_23 : Operation 1956 [1/1] (0.00ns)   --->   "%mult_5172 = partselect i20 @_ssdm_op_PartSelect.i20.i30.i32.i32, i30 %mul_ln73_5004, i32 10, i32 29" [firmware/nnet_utils/nnet_dense_latency.h:42]   --->   Operation 1956 'partselect' 'mult_5172' <Predicate = true> <Delay = 0.00>
ST_23 : Operation 1957 [1/1] (0.00ns)   --->   "%sext_ln58_3325 = sext i21 %add_ln58_4927" [firmware/nnet_utils/nnet_dense_latency.h:58]   --->   Operation 1957 'sext' 'sext_ln58_3325' <Predicate = true> <Delay = 0.00>
ST_23 : Operation 1958 [1/1] (0.00ns)   --->   "%sext_ln58_3326 = sext i21 %add_ln58_4928" [firmware/nnet_utils/nnet_dense_latency.h:58]   --->   Operation 1958 'sext' 'sext_ln58_3326' <Predicate = true> <Delay = 0.00>
ST_23 : Operation 1959 [1/1] (2.16ns)   --->   "%add_ln58_4929 = add i20 %sext_ln17_5144, i20 %sext_ln17_5160" [firmware/nnet_utils/nnet_dense_latency.h:58]   --->   Operation 1959 'add' 'add_ln58_4929' <Predicate = true> <Delay = 2.16> <CoreInst = "Adder">   --->   Core 1 'Adder' <Latency = 0> <II = 1> <Delay = 2.16> <FuncUnit> <Opcode : 'add' 'sub'> <InPorts = 2> <OutPorts = 1>
ST_23 : Operation 1960 [1/1] (0.00ns)   --->   "%sext_ln58_3327 = sext i20 %add_ln58_4929" [firmware/nnet_utils/nnet_dense_latency.h:58]   --->   Operation 1960 'sext' 'sext_ln58_3327' <Predicate = true> <Delay = 0.00>
ST_23 : Operation 1961 [1/1] (2.22ns)   --->   "%add_ln58_4930 = add i22 %sext_ln58_3327, i22 %sext_ln58_3326" [firmware/nnet_utils/nnet_dense_latency.h:58]   --->   Operation 1961 'add' 'add_ln58_4930' <Predicate = true> <Delay = 2.22> <CoreInst = "Adder">   --->   Core 1 'Adder' <Latency = 0> <II = 1> <Delay = 2.22> <FuncUnit> <Opcode : 'add' 'sub'> <InPorts = 2> <OutPorts = 1>
ST_23 : Operation 1962 [1/1] (0.00ns)   --->   "%sext_ln58_3328 = sext i22 %add_ln58_4930" [firmware/nnet_utils/nnet_dense_latency.h:58]   --->   Operation 1962 'sext' 'sext_ln58_3328' <Predicate = true> <Delay = 0.00>
ST_23 : Operation 1963 [1/1] (2.25ns)   --->   "%add_ln58_4931 = add i23 %sext_ln58_3328, i23 %sext_ln58_3325" [firmware/nnet_utils/nnet_dense_latency.h:58]   --->   Operation 1963 'add' 'add_ln58_4931' <Predicate = true> <Delay = 2.25> <CoreInst = "Adder">   --->   Core 1 'Adder' <Latency = 0> <II = 1> <Delay = 2.25> <FuncUnit> <Opcode : 'add' 'sub'> <InPorts = 2> <OutPorts = 1>
ST_23 : Operation 1964 [1/1] (0.00ns)   --->   "%sext_ln58_3353 = sext i21 %add_ln58_4959" [firmware/nnet_utils/nnet_dense_latency.h:58]   --->   Operation 1964 'sext' 'sext_ln58_3353' <Predicate = true> <Delay = 0.00>
ST_23 : Operation 1965 [1/1] (0.00ns)   --->   "%sext_ln58_3354 = sext i20 %add_ln58_4960" [firmware/nnet_utils/nnet_dense_latency.h:58]   --->   Operation 1965 'sext' 'sext_ln58_3354' <Predicate = true> <Delay = 0.00>
ST_23 : Operation 1966 [1/1] (0.00ns) (grouped into TernaryAdder)   --->   "%add_ln58_4961 = add i21 %sext_ln17_5145, i21 %sext_ln17_5161" [firmware/nnet_utils/nnet_dense_latency.h:58]   --->   Operation 1966 'add' 'add_ln58_4961' <Predicate = true> <Delay = 0.00> <CoreInst = "TAddSub">   --->   Core 10 'TAddSub' <Latency = 0> <II = 1> <Delay = 2.03> <IPBlock> <Opcode : '<invalid operator> ' 'add' 'sub'> <InPorts = 3> <OutPorts = 1> <Sync> <CReg>
ST_23 : Operation 1967 [1/1] (4.04ns) (root node of TernaryAdder)   --->   "%add_ln58_4962 = add i21 %add_ln58_4961, i21 %sext_ln58_3354" [firmware/nnet_utils/nnet_dense_latency.h:58]   --->   Operation 1967 'add' 'add_ln58_4962' <Predicate = true> <Delay = 4.04> <CoreInst = "TAddSub">   --->   Core 10 'TAddSub' <Latency = 0> <II = 1> <Delay = 2.03> <IPBlock> <Opcode : '<invalid operator> ' 'add' 'sub'> <InPorts = 3> <OutPorts = 1> <Sync> <CReg>
ST_23 : Operation 1968 [1/1] (0.00ns)   --->   "%sext_ln58_3355 = sext i21 %add_ln58_4962" [firmware/nnet_utils/nnet_dense_latency.h:58]   --->   Operation 1968 'sext' 'sext_ln58_3355' <Predicate = true> <Delay = 0.00>
ST_23 : Operation 1969 [1/1] (2.22ns)   --->   "%add_ln58_4963 = add i22 %sext_ln58_3355, i22 %sext_ln58_3353" [firmware/nnet_utils/nnet_dense_latency.h:58]   --->   Operation 1969 'add' 'add_ln58_4963' <Predicate = true> <Delay = 2.22> <CoreInst = "Adder">   --->   Core 1 'Adder' <Latency = 0> <II = 1> <Delay = 2.22> <FuncUnit> <Opcode : 'add' 'sub'> <InPorts = 2> <OutPorts = 1>
ST_23 : Operation 1970 [1/1] (0.00ns)   --->   "%sext_ln58_3381 = sext i22 %add_ln58_4991" [firmware/nnet_utils/nnet_dense_latency.h:58]   --->   Operation 1970 'sext' 'sext_ln58_3381' <Predicate = true> <Delay = 0.00>
ST_23 : Operation 1971 [1/1] (0.00ns)   --->   "%sext_ln58_3382 = sext i20 %add_ln58_4992" [firmware/nnet_utils/nnet_dense_latency.h:58]   --->   Operation 1971 'sext' 'sext_ln58_3382' <Predicate = true> <Delay = 0.00>
ST_23 : Operation 1972 [1/1] (2.19ns)   --->   "%add_ln58_4993 = add i21 %sext_ln17_5146, i21 %sext_ln17_5162" [firmware/nnet_utils/nnet_dense_latency.h:58]   --->   Operation 1972 'add' 'add_ln58_4993' <Predicate = true> <Delay = 2.19> <CoreInst = "Adder">   --->   Core 1 'Adder' <Latency = 0> <II = 1> <Delay = 2.19> <FuncUnit> <Opcode : 'add' 'sub'> <InPorts = 2> <OutPorts = 1>
ST_23 : Operation 1973 [1/1] (0.00ns)   --->   "%sext_ln58_3383 = sext i21 %add_ln58_4993" [firmware/nnet_utils/nnet_dense_latency.h:58]   --->   Operation 1973 'sext' 'sext_ln58_3383' <Predicate = true> <Delay = 0.00>
ST_23 : Operation 1974 [1/1] (2.22ns)   --->   "%add_ln58_4994 = add i22 %sext_ln58_3383, i22 %sext_ln58_3382" [firmware/nnet_utils/nnet_dense_latency.h:58]   --->   Operation 1974 'add' 'add_ln58_4994' <Predicate = true> <Delay = 2.22> <CoreInst = "Adder">   --->   Core 1 'Adder' <Latency = 0> <II = 1> <Delay = 2.22> <FuncUnit> <Opcode : 'add' 'sub'> <InPorts = 2> <OutPorts = 1>
ST_23 : Operation 1975 [1/1] (0.00ns)   --->   "%sext_ln58_3384 = sext i22 %add_ln58_4994" [firmware/nnet_utils/nnet_dense_latency.h:58]   --->   Operation 1975 'sext' 'sext_ln58_3384' <Predicate = true> <Delay = 0.00>
ST_23 : Operation 1976 [1/1] (2.25ns)   --->   "%add_ln58_4995 = add i23 %sext_ln58_3384, i23 %sext_ln58_3381" [firmware/nnet_utils/nnet_dense_latency.h:58]   --->   Operation 1976 'add' 'add_ln58_4995' <Predicate = true> <Delay = 2.25> <CoreInst = "Adder">   --->   Core 1 'Adder' <Latency = 0> <II = 1> <Delay = 2.25> <FuncUnit> <Opcode : 'add' 'sub'> <InPorts = 2> <OutPorts = 1>
ST_23 : Operation 1977 [1/1] (0.00ns)   --->   "%sext_ln58_3409 = sext i22 %add_ln58_5023" [firmware/nnet_utils/nnet_dense_latency.h:58]   --->   Operation 1977 'sext' 'sext_ln58_3409' <Predicate = true> <Delay = 0.00>
ST_23 : Operation 1978 [1/1] (0.00ns)   --->   "%sext_ln58_3410 = sext i20 %add_ln58_5024" [firmware/nnet_utils/nnet_dense_latency.h:58]   --->   Operation 1978 'sext' 'sext_ln58_3410' <Predicate = true> <Delay = 0.00>
ST_23 : Operation 1979 [1/1] (0.00ns) (grouped into TernaryAdder)   --->   "%add_ln58_5025 = add i21 %sext_ln17_5147, i21 %sext_ln17_5163" [firmware/nnet_utils/nnet_dense_latency.h:58]   --->   Operation 1979 'add' 'add_ln58_5025' <Predicate = true> <Delay = 0.00> <CoreInst = "TAddSub">   --->   Core 10 'TAddSub' <Latency = 0> <II = 1> <Delay = 2.03> <IPBlock> <Opcode : '<invalid operator> ' 'add' 'sub'> <InPorts = 3> <OutPorts = 1> <Sync> <CReg>
ST_23 : Operation 1980 [1/1] (4.04ns) (root node of TernaryAdder)   --->   "%add_ln58_5026 = add i21 %add_ln58_5025, i21 %sext_ln58_3410" [firmware/nnet_utils/nnet_dense_latency.h:58]   --->   Operation 1980 'add' 'add_ln58_5026' <Predicate = true> <Delay = 4.04> <CoreInst = "TAddSub">   --->   Core 10 'TAddSub' <Latency = 0> <II = 1> <Delay = 2.03> <IPBlock> <Opcode : '<invalid operator> ' 'add' 'sub'> <InPorts = 3> <OutPorts = 1> <Sync> <CReg>
ST_23 : Operation 1981 [1/1] (0.00ns)   --->   "%sext_ln58_3411 = sext i21 %add_ln58_5026" [firmware/nnet_utils/nnet_dense_latency.h:58]   --->   Operation 1981 'sext' 'sext_ln58_3411' <Predicate = true> <Delay = 0.00>
ST_23 : Operation 1982 [1/1] (2.25ns)   --->   "%add_ln58_5027 = add i23 %sext_ln58_3411, i23 %sext_ln58_3409" [firmware/nnet_utils/nnet_dense_latency.h:58]   --->   Operation 1982 'add' 'add_ln58_5027' <Predicate = true> <Delay = 2.25> <CoreInst = "Adder">   --->   Core 1 'Adder' <Latency = 0> <II = 1> <Delay = 2.25> <FuncUnit> <Opcode : 'add' 'sub'> <InPorts = 2> <OutPorts = 1>
ST_23 : Operation 1983 [1/1] (0.00ns)   --->   "%sext_ln58_3435 = sext i21 %add_ln58_5055" [firmware/nnet_utils/nnet_dense_latency.h:58]   --->   Operation 1983 'sext' 'sext_ln58_3435' <Predicate = true> <Delay = 0.00>
ST_23 : Operation 1984 [1/1] (0.00ns)   --->   "%sext_ln58_3436 = sext i21 %add_ln58_5056" [firmware/nnet_utils/nnet_dense_latency.h:58]   --->   Operation 1984 'sext' 'sext_ln58_3436' <Predicate = true> <Delay = 0.00>
ST_23 : Operation 1985 [1/1] (2.19ns)   --->   "%add_ln58_5057 = add i21 %sext_ln17_5148, i21 %sext_ln17_5164" [firmware/nnet_utils/nnet_dense_latency.h:58]   --->   Operation 1985 'add' 'add_ln58_5057' <Predicate = true> <Delay = 2.19> <CoreInst = "Adder">   --->   Core 1 'Adder' <Latency = 0> <II = 1> <Delay = 2.19> <FuncUnit> <Opcode : 'add' 'sub'> <InPorts = 2> <OutPorts = 1>
ST_23 : Operation 1986 [1/1] (0.00ns)   --->   "%sext_ln58_3437 = sext i21 %add_ln58_5057" [firmware/nnet_utils/nnet_dense_latency.h:58]   --->   Operation 1986 'sext' 'sext_ln58_3437' <Predicate = true> <Delay = 0.00>
ST_23 : Operation 1987 [1/1] (2.22ns)   --->   "%add_ln58_5058 = add i22 %sext_ln58_3437, i22 %sext_ln58_3436" [firmware/nnet_utils/nnet_dense_latency.h:58]   --->   Operation 1987 'add' 'add_ln58_5058' <Predicate = true> <Delay = 2.22> <CoreInst = "Adder">   --->   Core 1 'Adder' <Latency = 0> <II = 1> <Delay = 2.22> <FuncUnit> <Opcode : 'add' 'sub'> <InPorts = 2> <OutPorts = 1>
ST_23 : Operation 1988 [1/1] (0.00ns)   --->   "%sext_ln58_3438 = sext i22 %add_ln58_5058" [firmware/nnet_utils/nnet_dense_latency.h:58]   --->   Operation 1988 'sext' 'sext_ln58_3438' <Predicate = true> <Delay = 0.00>
ST_23 : Operation 1989 [1/1] (2.25ns)   --->   "%add_ln58_5059 = add i23 %sext_ln58_3438, i23 %sext_ln58_3435" [firmware/nnet_utils/nnet_dense_latency.h:58]   --->   Operation 1989 'add' 'add_ln58_5059' <Predicate = true> <Delay = 2.25> <CoreInst = "Adder">   --->   Core 1 'Adder' <Latency = 0> <II = 1> <Delay = 2.25> <FuncUnit> <Opcode : 'add' 'sub'> <InPorts = 2> <OutPorts = 1>
ST_23 : Operation 1990 [1/1] (0.00ns)   --->   "%sext_ln58_3466 = sext i21 %add_ln58_5087" [firmware/nnet_utils/nnet_dense_latency.h:58]   --->   Operation 1990 'sext' 'sext_ln58_3466' <Predicate = true> <Delay = 0.00>
ST_23 : Operation 1991 [1/1] (0.00ns)   --->   "%sext_ln58_3467 = sext i21 %add_ln58_5088" [firmware/nnet_utils/nnet_dense_latency.h:58]   --->   Operation 1991 'sext' 'sext_ln58_3467' <Predicate = true> <Delay = 0.00>
ST_23 : Operation 1992 [1/1] (2.19ns)   --->   "%add_ln58_5089 = add i21 %sext_ln17_5149, i21 %sext_ln17_5165" [firmware/nnet_utils/nnet_dense_latency.h:58]   --->   Operation 1992 'add' 'add_ln58_5089' <Predicate = true> <Delay = 2.19> <CoreInst = "Adder">   --->   Core 1 'Adder' <Latency = 0> <II = 1> <Delay = 2.19> <FuncUnit> <Opcode : 'add' 'sub'> <InPorts = 2> <OutPorts = 1>
ST_23 : Operation 1993 [1/1] (0.00ns)   --->   "%sext_ln58_3468 = sext i21 %add_ln58_5089" [firmware/nnet_utils/nnet_dense_latency.h:58]   --->   Operation 1993 'sext' 'sext_ln58_3468' <Predicate = true> <Delay = 0.00>
ST_23 : Operation 1994 [1/1] (0.00ns) (grouped into TernaryAdder)   --->   "%add_ln58_5090 = add i22 %sext_ln58_3468, i22 %sext_ln58_3467" [firmware/nnet_utils/nnet_dense_latency.h:58]   --->   Operation 1994 'add' 'add_ln58_5090' <Predicate = true> <Delay = 0.00> <CoreInst = "TAddSub">   --->   Core 10 'TAddSub' <Latency = 0> <II = 1> <Delay = 2.03> <IPBlock> <Opcode : '<invalid operator> ' 'add' 'sub'> <InPorts = 3> <OutPorts = 1> <Sync> <CReg>
ST_23 : Operation 1995 [1/1] (4.07ns) (root node of TernaryAdder)   --->   "%add_ln58_5091 = add i22 %add_ln58_5090, i22 %sext_ln58_3466" [firmware/nnet_utils/nnet_dense_latency.h:58]   --->   Operation 1995 'add' 'add_ln58_5091' <Predicate = true> <Delay = 4.07> <CoreInst = "TAddSub">   --->   Core 10 'TAddSub' <Latency = 0> <II = 1> <Delay = 2.03> <IPBlock> <Opcode : '<invalid operator> ' 'add' 'sub'> <InPorts = 3> <OutPorts = 1> <Sync> <CReg>
ST_23 : Operation 1996 [1/1] (0.00ns)   --->   "%sext_ln58_3496 = sext i19 %add_ln58_5120" [firmware/nnet_utils/nnet_dense_latency.h:58]   --->   Operation 1996 'sext' 'sext_ln58_3496' <Predicate = true> <Delay = 0.00>
ST_23 : Operation 1997 [1/1] (0.00ns) (grouped into TernaryAdder)   --->   "%add_ln58_5121 = add i21 %sext_ln17_5150, i21 %sext_ln17_5166" [firmware/nnet_utils/nnet_dense_latency.h:58]   --->   Operation 1997 'add' 'add_ln58_5121' <Predicate = true> <Delay = 0.00> <CoreInst = "TAddSub">   --->   Core 10 'TAddSub' <Latency = 0> <II = 1> <Delay = 2.03> <IPBlock> <Opcode : '<invalid operator> ' 'add' 'sub'> <InPorts = 3> <OutPorts = 1> <Sync> <CReg>
ST_23 : Operation 1998 [1/1] (4.04ns) (root node of TernaryAdder)   --->   "%add_ln58_5122 = add i21 %add_ln58_5121, i21 %sext_ln58_3496" [firmware/nnet_utils/nnet_dense_latency.h:58]   --->   Operation 1998 'add' 'add_ln58_5122' <Predicate = true> <Delay = 4.04> <CoreInst = "TAddSub">   --->   Core 10 'TAddSub' <Latency = 0> <II = 1> <Delay = 2.03> <IPBlock> <Opcode : '<invalid operator> ' 'add' 'sub'> <InPorts = 3> <OutPorts = 1> <Sync> <CReg>
ST_23 : Operation 1999 [1/1] (0.00ns)   --->   "%sext_ln58_3523 = sext i21 %add_ln58_5152" [firmware/nnet_utils/nnet_dense_latency.h:58]   --->   Operation 1999 'sext' 'sext_ln58_3523' <Predicate = true> <Delay = 0.00>
ST_23 : Operation 2000 [1/1] (2.16ns)   --->   "%add_ln58_5153 = add i20 %sext_ln17_5151, i20 %sext_ln17_5167" [firmware/nnet_utils/nnet_dense_latency.h:58]   --->   Operation 2000 'add' 'add_ln58_5153' <Predicate = true> <Delay = 2.16> <CoreInst = "Adder">   --->   Core 1 'Adder' <Latency = 0> <II = 1> <Delay = 2.16> <FuncUnit> <Opcode : 'add' 'sub'> <InPorts = 2> <OutPorts = 1>
ST_23 : Operation 2001 [1/1] (0.00ns)   --->   "%sext_ln58_3524 = sext i20 %add_ln58_5153" [firmware/nnet_utils/nnet_dense_latency.h:58]   --->   Operation 2001 'sext' 'sext_ln58_3524' <Predicate = true> <Delay = 0.00>
ST_23 : Operation 2002 [1/1] (2.22ns)   --->   "%add_ln58_5154 = add i22 %sext_ln58_3524, i22 %sext_ln58_3523" [firmware/nnet_utils/nnet_dense_latency.h:58]   --->   Operation 2002 'add' 'add_ln58_5154' <Predicate = true> <Delay = 2.22> <CoreInst = "Adder">   --->   Core 1 'Adder' <Latency = 0> <II = 1> <Delay = 2.22> <FuncUnit> <Opcode : 'add' 'sub'> <InPorts = 2> <OutPorts = 1>
ST_23 : Operation 2003 [1/1] (0.00ns)   --->   "%sext_ln58_3548 = sext i21 %add_ln58_5183" [firmware/nnet_utils/nnet_dense_latency.h:58]   --->   Operation 2003 'sext' 'sext_ln58_3548' <Predicate = true> <Delay = 0.00>
ST_23 : Operation 2004 [1/1] (0.00ns)   --->   "%sext_ln58_3549 = sext i20 %add_ln58_5184" [firmware/nnet_utils/nnet_dense_latency.h:58]   --->   Operation 2004 'sext' 'sext_ln58_3549' <Predicate = true> <Delay = 0.00>
ST_23 : Operation 2005 [1/1] (2.16ns)   --->   "%add_ln58_5185 = add i20 %sext_ln17_5152, i20 %sext_ln17_5168" [firmware/nnet_utils/nnet_dense_latency.h:58]   --->   Operation 2005 'add' 'add_ln58_5185' <Predicate = true> <Delay = 2.16> <CoreInst = "Adder">   --->   Core 1 'Adder' <Latency = 0> <II = 1> <Delay = 2.16> <FuncUnit> <Opcode : 'add' 'sub'> <InPorts = 2> <OutPorts = 1>
ST_23 : Operation 2006 [1/1] (0.00ns)   --->   "%sext_ln58_3550 = sext i20 %add_ln58_5185" [firmware/nnet_utils/nnet_dense_latency.h:58]   --->   Operation 2006 'sext' 'sext_ln58_3550' <Predicate = true> <Delay = 0.00>
ST_23 : Operation 2007 [1/1] (2.19ns)   --->   "%add_ln58_5186 = add i21 %sext_ln58_3550, i21 %sext_ln58_3549" [firmware/nnet_utils/nnet_dense_latency.h:58]   --->   Operation 2007 'add' 'add_ln58_5186' <Predicate = true> <Delay = 2.19> <CoreInst = "Adder">   --->   Core 1 'Adder' <Latency = 0> <II = 1> <Delay = 2.19> <FuncUnit> <Opcode : 'add' 'sub'> <InPorts = 2> <OutPorts = 1>
ST_23 : Operation 2008 [1/1] (0.00ns)   --->   "%sext_ln58_3551 = sext i21 %add_ln58_5186" [firmware/nnet_utils/nnet_dense_latency.h:58]   --->   Operation 2008 'sext' 'sext_ln58_3551' <Predicate = true> <Delay = 0.00>
ST_23 : Operation 2009 [1/1] (2.22ns)   --->   "%add_ln58_5187 = add i22 %sext_ln58_3551, i22 %sext_ln58_3548" [firmware/nnet_utils/nnet_dense_latency.h:58]   --->   Operation 2009 'add' 'add_ln58_5187' <Predicate = true> <Delay = 2.22> <CoreInst = "Adder">   --->   Core 1 'Adder' <Latency = 0> <II = 1> <Delay = 2.22> <FuncUnit> <Opcode : 'add' 'sub'> <InPorts = 2> <OutPorts = 1>
ST_23 : Operation 2010 [1/1] (0.00ns)   --->   "%sext_ln58_3603 = sext i21 %add_ln58_5247" [firmware/nnet_utils/nnet_dense_latency.h:58]   --->   Operation 2010 'sext' 'sext_ln58_3603' <Predicate = true> <Delay = 0.00>
ST_23 : Operation 2011 [1/1] (0.00ns)   --->   "%sext_ln58_3604 = sext i20 %add_ln58_5248" [firmware/nnet_utils/nnet_dense_latency.h:58]   --->   Operation 2011 'sext' 'sext_ln58_3604' <Predicate = true> <Delay = 0.00>
ST_23 : Operation 2012 [1/1] (2.16ns)   --->   "%add_ln58_5249 = add i20 %sext_ln17_5154, i20 %sext_ln17_5170" [firmware/nnet_utils/nnet_dense_latency.h:58]   --->   Operation 2012 'add' 'add_ln58_5249' <Predicate = true> <Delay = 2.16> <CoreInst = "Adder">   --->   Core 1 'Adder' <Latency = 0> <II = 1> <Delay = 2.16> <FuncUnit> <Opcode : 'add' 'sub'> <InPorts = 2> <OutPorts = 1>
ST_23 : Operation 2013 [1/1] (0.00ns)   --->   "%sext_ln58_3605 = sext i20 %add_ln58_5249" [firmware/nnet_utils/nnet_dense_latency.h:58]   --->   Operation 2013 'sext' 'sext_ln58_3605' <Predicate = true> <Delay = 0.00>
ST_23 : Operation 2014 [1/1] (2.19ns)   --->   "%add_ln58_5250 = add i21 %sext_ln58_3605, i21 %sext_ln58_3604" [firmware/nnet_utils/nnet_dense_latency.h:58]   --->   Operation 2014 'add' 'add_ln58_5250' <Predicate = true> <Delay = 2.19> <CoreInst = "Adder">   --->   Core 1 'Adder' <Latency = 0> <II = 1> <Delay = 2.19> <FuncUnit> <Opcode : 'add' 'sub'> <InPorts = 2> <OutPorts = 1>
ST_23 : Operation 2015 [1/1] (0.00ns)   --->   "%sext_ln58_3606 = sext i21 %add_ln58_5250" [firmware/nnet_utils/nnet_dense_latency.h:58]   --->   Operation 2015 'sext' 'sext_ln58_3606' <Predicate = true> <Delay = 0.00>
ST_23 : Operation 2016 [1/1] (2.22ns)   --->   "%add_ln58_5251 = add i22 %sext_ln58_3606, i22 %sext_ln58_3603" [firmware/nnet_utils/nnet_dense_latency.h:58]   --->   Operation 2016 'add' 'add_ln58_5251' <Predicate = true> <Delay = 2.22> <CoreInst = "Adder">   --->   Core 1 'Adder' <Latency = 0> <II = 1> <Delay = 2.22> <FuncUnit> <Opcode : 'add' 'sub'> <InPorts = 2> <OutPorts = 1>
ST_23 : Operation 2017 [1/1] (0.00ns)   --->   "%sext_ln58_3633 = sext i21 %add_ln58_5279" [firmware/nnet_utils/nnet_dense_latency.h:58]   --->   Operation 2017 'sext' 'sext_ln58_3633' <Predicate = true> <Delay = 0.00>
ST_23 : Operation 2018 [1/1] (0.00ns)   --->   "%sext_ln58_3634 = sext i20 %add_ln58_5280" [firmware/nnet_utils/nnet_dense_latency.h:58]   --->   Operation 2018 'sext' 'sext_ln58_3634' <Predicate = true> <Delay = 0.00>
ST_23 : Operation 2019 [1/1] (0.00ns) (grouped into TernaryAdder)   --->   "%add_ln58_5281 = add i21 %sext_ln17_5155, i21 %sext_ln17_5171" [firmware/nnet_utils/nnet_dense_latency.h:58]   --->   Operation 2019 'add' 'add_ln58_5281' <Predicate = true> <Delay = 0.00> <CoreInst = "TAddSub">   --->   Core 10 'TAddSub' <Latency = 0> <II = 1> <Delay = 2.03> <IPBlock> <Opcode : '<invalid operator> ' 'add' 'sub'> <InPorts = 3> <OutPorts = 1> <Sync> <CReg>
ST_23 : Operation 2020 [1/1] (4.04ns) (root node of TernaryAdder)   --->   "%add_ln58_5282 = add i21 %add_ln58_5281, i21 %sext_ln58_3634" [firmware/nnet_utils/nnet_dense_latency.h:58]   --->   Operation 2020 'add' 'add_ln58_5282' <Predicate = true> <Delay = 4.04> <CoreInst = "TAddSub">   --->   Core 10 'TAddSub' <Latency = 0> <II = 1> <Delay = 2.03> <IPBlock> <Opcode : '<invalid operator> ' 'add' 'sub'> <InPorts = 3> <OutPorts = 1> <Sync> <CReg>
ST_23 : Operation 2021 [1/1] (0.00ns)   --->   "%sext_ln58_3635 = sext i21 %add_ln58_5282" [firmware/nnet_utils/nnet_dense_latency.h:58]   --->   Operation 2021 'sext' 'sext_ln58_3635' <Predicate = true> <Delay = 0.00>
ST_23 : Operation 2022 [1/1] (2.22ns)   --->   "%add_ln58_5283 = add i22 %sext_ln58_3635, i22 %sext_ln58_3633" [firmware/nnet_utils/nnet_dense_latency.h:58]   --->   Operation 2022 'add' 'add_ln58_5283' <Predicate = true> <Delay = 2.22> <CoreInst = "Adder">   --->   Core 1 'Adder' <Latency = 0> <II = 1> <Delay = 2.22> <FuncUnit> <Opcode : 'add' 'sub'> <InPorts = 2> <OutPorts = 1>
ST_23 : Operation 2023 [1/1] (0.00ns)   --->   "%sext_ln58_3662 = sext i22 %add_ln58_5311" [firmware/nnet_utils/nnet_dense_latency.h:58]   --->   Operation 2023 'sext' 'sext_ln58_3662' <Predicate = true> <Delay = 0.00>
ST_23 : Operation 2024 [1/1] (0.00ns)   --->   "%sext_ln58_3663 = sext i21 %add_ln58_5312" [firmware/nnet_utils/nnet_dense_latency.h:58]   --->   Operation 2024 'sext' 'sext_ln58_3663' <Predicate = true> <Delay = 0.00>
ST_23 : Operation 2025 [1/1] (2.16ns)   --->   "%add_ln58_5313 = add i20 %sext_ln17_5156, i20 %sext_ln17_5172" [firmware/nnet_utils/nnet_dense_latency.h:58]   --->   Operation 2025 'add' 'add_ln58_5313' <Predicate = true> <Delay = 2.16> <CoreInst = "Adder">   --->   Core 1 'Adder' <Latency = 0> <II = 1> <Delay = 2.16> <FuncUnit> <Opcode : 'add' 'sub'> <InPorts = 2> <OutPorts = 1>
ST_23 : Operation 2026 [1/1] (0.00ns)   --->   "%sext_ln58_3664 = sext i20 %add_ln58_5313" [firmware/nnet_utils/nnet_dense_latency.h:58]   --->   Operation 2026 'sext' 'sext_ln58_3664' <Predicate = true> <Delay = 0.00>
ST_23 : Operation 2027 [1/1] (2.22ns)   --->   "%add_ln58_5314 = add i22 %sext_ln58_3664, i22 %sext_ln58_3663" [firmware/nnet_utils/nnet_dense_latency.h:58]   --->   Operation 2027 'add' 'add_ln58_5314' <Predicate = true> <Delay = 2.22> <CoreInst = "Adder">   --->   Core 1 'Adder' <Latency = 0> <II = 1> <Delay = 2.22> <FuncUnit> <Opcode : 'add' 'sub'> <InPorts = 2> <OutPorts = 1>
ST_23 : Operation 2028 [1/1] (0.00ns)   --->   "%sext_ln58_3665 = sext i22 %add_ln58_5314" [firmware/nnet_utils/nnet_dense_latency.h:58]   --->   Operation 2028 'sext' 'sext_ln58_3665' <Predicate = true> <Delay = 0.00>
ST_23 : Operation 2029 [1/1] (2.25ns)   --->   "%add_ln58_5315 = add i23 %sext_ln58_3665, i23 %sext_ln58_3662" [firmware/nnet_utils/nnet_dense_latency.h:58]   --->   Operation 2029 'add' 'add_ln58_5315' <Predicate = true> <Delay = 2.25> <CoreInst = "Adder">   --->   Core 1 'Adder' <Latency = 0> <II = 1> <Delay = 2.25> <FuncUnit> <Opcode : 'add' 'sub'> <InPorts = 2> <OutPorts = 1>

State 24 <SV = 23> <Delay = 7.77>
ST_24 : Operation 2030 [1/1] (0.00ns)   --->   "%data_25_val_read = read i16 @_ssdm_op_Read.ap_auto.i16, i16 %data_25_val" [firmware/nnet_utils/nnet_mult.h:70->firmware/nnet_utils/nnet_dense_latency.h:42]   --->   Operation 2030 'read' 'data_25_val_read' <Predicate = true> <Delay = 0.00>
ST_24 : Operation 2031 [1/1] (0.00ns)   --->   "%sext_ln70_593 = sext i16 %data_24_val_read" [firmware/nnet_utils/nnet_mult.h:70->firmware/nnet_utils/nnet_dense_latency.h:42]   --->   Operation 2031 'sext' 'sext_ln70_593' <Predicate = true> <Delay = 0.00>
ST_24 : Operation 2032 [1/1] (0.00ns)   --->   "%sext_ln70_594 = sext i16 %data_24_val_read" [firmware/nnet_utils/nnet_mult.h:70->firmware/nnet_utils/nnet_dense_latency.h:42]   --->   Operation 2032 'sext' 'sext_ln70_594' <Predicate = true> <Delay = 0.00>
ST_24 : Operation 2033 [1/1] (0.00ns)   --->   "%sext_ln17_5173 = sext i18 %mult_5169" [firmware/nnet_utils/nnet_dense_latency.h:17]   --->   Operation 2033 'sext' 'sext_ln17_5173' <Predicate = true> <Delay = 0.00>
ST_24 : Operation 2034 [1/1] (0.00ns)   --->   "%sext_ln17_5174 = sext i17 %mult_5170" [firmware/nnet_utils/nnet_dense_latency.h:17]   --->   Operation 2034 'sext' 'sext_ln17_5174' <Predicate = true> <Delay = 0.00>
ST_24 : Operation 2035 [1/1] (0.00ns)   --->   "%sext_ln17_5175 = sext i19 %mult_5171" [firmware/nnet_utils/nnet_dense_latency.h:17]   --->   Operation 2035 'sext' 'sext_ln17_5175' <Predicate = true> <Delay = 0.00>
ST_24 : Operation 2036 [1/1] (0.00ns)   --->   "%sext_ln17_5176 = sext i20 %mult_5172" [firmware/nnet_utils/nnet_dense_latency.h:17]   --->   Operation 2036 'sext' 'sext_ln17_5176' <Predicate = true> <Delay = 0.00>
ST_24 : Operation 2037 [1/1] (5.58ns)   --->   "%mul_ln73_5005 = mul i29 %sext_ln70_596, i29 536867163" [firmware/nnet_utils/nnet_mult.h:73->firmware/nnet_utils/nnet_dense_latency.h:42]   --->   Operation 2037 'mul' 'mul_ln73_5005' <Predicate = true> <Delay = 5.58> <CoreInst = "Multiplier">   --->   Core 3 'Multiplier' <Latency = 0> <II = 1> <Delay = 5.58> <FuncUnit> <Opcode : 'mul'> <InPorts = 2> <OutPorts = 1>
ST_24 : Operation 2038 [1/1] (0.00ns)   --->   "%mult_5173 = partselect i19 @_ssdm_op_PartSelect.i19.i29.i32.i32, i29 %mul_ln73_5005, i32 10, i32 28" [firmware/nnet_utils/nnet_dense_latency.h:42]   --->   Operation 2038 'partselect' 'mult_5173' <Predicate = true> <Delay = 0.00>
ST_24 : Operation 2039 [1/1] (5.58ns)   --->   "%mul_ln73_5006 = mul i30 %sext_ln70_595, i30 5614" [firmware/nnet_utils/nnet_mult.h:73->firmware/nnet_utils/nnet_dense_latency.h:42]   --->   Operation 2039 'mul' 'mul_ln73_5006' <Predicate = true> <Delay = 5.58> <CoreInst = "Multiplier">   --->   Core 3 'Multiplier' <Latency = 0> <II = 1> <Delay = 5.58> <FuncUnit> <Opcode : 'mul'> <InPorts = 2> <OutPorts = 1>
ST_24 : Operation 2040 [1/1] (0.00ns)   --->   "%mult_5174 = partselect i20 @_ssdm_op_PartSelect.i20.i30.i32.i32, i30 %mul_ln73_5006, i32 10, i32 29" [firmware/nnet_utils/nnet_dense_latency.h:42]   --->   Operation 2040 'partselect' 'mult_5174' <Predicate = true> <Delay = 0.00>
ST_24 : Operation 2041 [1/1] (5.58ns)   --->   "%mul_ln73_5007 = mul i28 %sext_ln70_598, i28 268433501" [firmware/nnet_utils/nnet_mult.h:73->firmware/nnet_utils/nnet_dense_latency.h:42]   --->   Operation 2041 'mul' 'mul_ln73_5007' <Predicate = true> <Delay = 5.58> <CoreInst = "Multiplier">   --->   Core 3 'Multiplier' <Latency = 0> <II = 1> <Delay = 5.58> <FuncUnit> <Opcode : 'mul'> <InPorts = 2> <OutPorts = 1>
ST_24 : Operation 2042 [1/1] (0.00ns)   --->   "%mult_5175 = partselect i18 @_ssdm_op_PartSelect.i18.i28.i32.i32, i28 %mul_ln73_5007, i32 10, i32 27" [firmware/nnet_utils/nnet_dense_latency.h:42]   --->   Operation 2042 'partselect' 'mult_5175' <Predicate = true> <Delay = 0.00>
ST_24 : Operation 2043 [1/1] (5.58ns)   --->   "%mul_ln73_5008 = mul i29 %sext_ln70_596, i29 3582" [firmware/nnet_utils/nnet_mult.h:73->firmware/nnet_utils/nnet_dense_latency.h:42]   --->   Operation 2043 'mul' 'mul_ln73_5008' <Predicate = true> <Delay = 5.58> <CoreInst = "Multiplier">   --->   Core 3 'Multiplier' <Latency = 0> <II = 1> <Delay = 5.58> <FuncUnit> <Opcode : 'mul'> <InPorts = 2> <OutPorts = 1>
ST_24 : Operation 2044 [1/1] (0.00ns)   --->   "%mult_5176 = partselect i19 @_ssdm_op_PartSelect.i19.i29.i32.i32, i29 %mul_ln73_5008, i32 10, i32 28" [firmware/nnet_utils/nnet_dense_latency.h:42]   --->   Operation 2044 'partselect' 'mult_5176' <Predicate = true> <Delay = 0.00>
ST_24 : Operation 2045 [1/1] (5.58ns)   --->   "%mul_ln73_5009 = mul i26 %sext_ln70_594, i26 349" [firmware/nnet_utils/nnet_mult.h:73->firmware/nnet_utils/nnet_dense_latency.h:42]   --->   Operation 2045 'mul' 'mul_ln73_5009' <Predicate = true> <Delay = 5.58> <CoreInst = "Multiplier">   --->   Core 3 'Multiplier' <Latency = 0> <II = 1> <Delay = 5.58> <FuncUnit> <Opcode : 'mul'> <InPorts = 2> <OutPorts = 1>
ST_24 : Operation 2046 [1/1] (0.00ns)   --->   "%mult_5177 = partselect i16 @_ssdm_op_PartSelect.i16.i26.i32.i32, i26 %mul_ln73_5009, i32 10, i32 25" [firmware/nnet_utils/nnet_dense_latency.h:42]   --->   Operation 2046 'partselect' 'mult_5177' <Predicate = true> <Delay = 0.00>
ST_24 : Operation 2047 [1/1] (5.58ns)   --->   "%mul_ln73_5010 = mul i29 %sext_ln70_596, i29 3895" [firmware/nnet_utils/nnet_mult.h:73->firmware/nnet_utils/nnet_dense_latency.h:42]   --->   Operation 2047 'mul' 'mul_ln73_5010' <Predicate = true> <Delay = 5.58> <CoreInst = "Multiplier">   --->   Core 3 'Multiplier' <Latency = 0> <II = 1> <Delay = 5.58> <FuncUnit> <Opcode : 'mul'> <InPorts = 2> <OutPorts = 1>
ST_24 : Operation 2048 [1/1] (0.00ns)   --->   "%mult_5178 = partselect i19 @_ssdm_op_PartSelect.i19.i29.i32.i32, i29 %mul_ln73_5010, i32 10, i32 28" [firmware/nnet_utils/nnet_dense_latency.h:42]   --->   Operation 2048 'partselect' 'mult_5178' <Predicate = true> <Delay = 0.00>
ST_24 : Operation 2049 [1/1] (0.00ns)   --->   "%shl_ln73_268 = bitconcatenate i22 @_ssdm_op_BitConcatenate.i22.i16.i6, i16 %data_24_val_read, i6 0" [firmware/nnet_utils/nnet_mult.h:73->firmware/nnet_utils/nnet_dense_latency.h:42]   --->   Operation 2049 'bitconcatenate' 'shl_ln73_268' <Predicate = true> <Delay = 0.00>
ST_24 : Operation 2050 [1/1] (0.00ns)   --->   "%sext_ln73_301 = sext i22 %shl_ln73_268" [firmware/nnet_utils/nnet_mult.h:73->firmware/nnet_utils/nnet_dense_latency.h:42]   --->   Operation 2050 'sext' 'sext_ln73_301' <Predicate = true> <Delay = 0.00>
ST_24 : Operation 2051 [1/1] (0.00ns)   --->   "%shl_ln73_269 = bitconcatenate i18 @_ssdm_op_BitConcatenate.i18.i16.i2, i16 %data_24_val_read, i2 0" [firmware/nnet_utils/nnet_mult.h:73->firmware/nnet_utils/nnet_dense_latency.h:42]   --->   Operation 2051 'bitconcatenate' 'shl_ln73_269' <Predicate = true> <Delay = 0.00>
ST_24 : Operation 2052 [1/1] (0.00ns)   --->   "%sext_ln73_302 = sext i18 %shl_ln73_269" [firmware/nnet_utils/nnet_mult.h:73->firmware/nnet_utils/nnet_dense_latency.h:42]   --->   Operation 2052 'sext' 'sext_ln73_302' <Predicate = true> <Delay = 0.00>
ST_24 : Operation 2053 [1/1] (2.25ns)   --->   "%sub_ln73_179 = sub i23 %sext_ln73_302, i23 %sext_ln73_301" [firmware/nnet_utils/nnet_mult.h:73->firmware/nnet_utils/nnet_dense_latency.h:42]   --->   Operation 2053 'sub' 'sub_ln73_179' <Predicate = true> <Delay = 2.25> <CoreInst = "Adder">   --->   Core 1 'Adder' <Latency = 0> <II = 1> <Delay = 2.25> <FuncUnit> <Opcode : 'add' 'sub'> <InPorts = 2> <OutPorts = 1>
ST_24 : Operation 2054 [1/1] (0.00ns)   --->   "%mult_5179 = partselect i13 @_ssdm_op_PartSelect.i13.i23.i32.i32, i23 %sub_ln73_179, i32 10, i32 22" [firmware/nnet_utils/nnet_dense_latency.h:42]   --->   Operation 2054 'partselect' 'mult_5179' <Predicate = true> <Delay = 0.00>
ST_24 : Operation 2055 [1/1] (5.58ns)   --->   "%mul_ln73_5011 = mul i25 %sext_ln70_593, i25 253" [firmware/nnet_utils/nnet_mult.h:73->firmware/nnet_utils/nnet_dense_latency.h:42]   --->   Operation 2055 'mul' 'mul_ln73_5011' <Predicate = true> <Delay = 5.58> <CoreInst = "Multiplier">   --->   Core 3 'Multiplier' <Latency = 0> <II = 1> <Delay = 5.58> <FuncUnit> <Opcode : 'mul'> <InPorts = 2> <OutPorts = 1>
ST_24 : Operation 2056 [1/1] (0.00ns)   --->   "%mult_5180 = partselect i15 @_ssdm_op_PartSelect.i15.i25.i32.i32, i25 %mul_ln73_5011, i32 10, i32 24" [firmware/nnet_utils/nnet_dense_latency.h:42]   --->   Operation 2056 'partselect' 'mult_5180' <Predicate = true> <Delay = 0.00>
ST_24 : Operation 2057 [1/1] (5.58ns)   --->   "%mul_ln73_5012 = mul i29 %sext_ln70_596, i29 2220" [firmware/nnet_utils/nnet_mult.h:73->firmware/nnet_utils/nnet_dense_latency.h:42]   --->   Operation 2057 'mul' 'mul_ln73_5012' <Predicate = true> <Delay = 5.58> <CoreInst = "Multiplier">   --->   Core 3 'Multiplier' <Latency = 0> <II = 1> <Delay = 5.58> <FuncUnit> <Opcode : 'mul'> <InPorts = 2> <OutPorts = 1>
ST_24 : Operation 2058 [1/1] (0.00ns)   --->   "%mult_5181 = partselect i19 @_ssdm_op_PartSelect.i19.i29.i32.i32, i29 %mul_ln73_5012, i32 10, i32 28" [firmware/nnet_utils/nnet_dense_latency.h:42]   --->   Operation 2058 'partselect' 'mult_5181' <Predicate = true> <Delay = 0.00>
ST_24 : Operation 2059 [1/1] (5.58ns)   --->   "%mul_ln73_5013 = mul i30 %sext_ln70_595, i30 4575" [firmware/nnet_utils/nnet_mult.h:73->firmware/nnet_utils/nnet_dense_latency.h:42]   --->   Operation 2059 'mul' 'mul_ln73_5013' <Predicate = true> <Delay = 5.58> <CoreInst = "Multiplier">   --->   Core 3 'Multiplier' <Latency = 0> <II = 1> <Delay = 5.58> <FuncUnit> <Opcode : 'mul'> <InPorts = 2> <OutPorts = 1>
ST_24 : Operation 2060 [1/1] (0.00ns)   --->   "%mult_5182 = partselect i20 @_ssdm_op_PartSelect.i20.i30.i32.i32, i30 %mul_ln73_5013, i32 10, i32 29" [firmware/nnet_utils/nnet_dense_latency.h:42]   --->   Operation 2060 'partselect' 'mult_5182' <Predicate = true> <Delay = 0.00>
ST_24 : Operation 2061 [1/1] (5.58ns)   --->   "%mul_ln73_5014 = mul i30 %sext_ln70_595, i30 1073737237" [firmware/nnet_utils/nnet_mult.h:73->firmware/nnet_utils/nnet_dense_latency.h:42]   --->   Operation 2061 'mul' 'mul_ln73_5014' <Predicate = true> <Delay = 5.58> <CoreInst = "Multiplier">   --->   Core 3 'Multiplier' <Latency = 0> <II = 1> <Delay = 5.58> <FuncUnit> <Opcode : 'mul'> <InPorts = 2> <OutPorts = 1>
ST_24 : Operation 2062 [1/1] (0.00ns)   --->   "%mult_5183 = partselect i20 @_ssdm_op_PartSelect.i20.i30.i32.i32, i30 %mul_ln73_5014, i32 10, i32 29" [firmware/nnet_utils/nnet_dense_latency.h:42]   --->   Operation 2062 'partselect' 'mult_5183' <Predicate = true> <Delay = 0.00>
ST_24 : Operation 2063 [1/1] (5.58ns)   --->   "%mul_ln73_5015 = mul i28 %sext_ln70_598, i28 268434195" [firmware/nnet_utils/nnet_mult.h:73->firmware/nnet_utils/nnet_dense_latency.h:42]   --->   Operation 2063 'mul' 'mul_ln73_5015' <Predicate = true> <Delay = 5.58> <CoreInst = "Multiplier">   --->   Core 3 'Multiplier' <Latency = 0> <II = 1> <Delay = 5.58> <FuncUnit> <Opcode : 'mul'> <InPorts = 2> <OutPorts = 1>
ST_24 : Operation 2064 [1/1] (0.00ns)   --->   "%mult_5184 = partselect i18 @_ssdm_op_PartSelect.i18.i28.i32.i32, i28 %mul_ln73_5015, i32 10, i32 27" [firmware/nnet_utils/nnet_dense_latency.h:42]   --->   Operation 2064 'partselect' 'mult_5184' <Predicate = true> <Delay = 0.00>
ST_24 : Operation 2065 [1/1] (0.00ns)   --->   "%sext_ln70_603 = sext i16 %data_25_val_read" [firmware/nnet_utils/nnet_mult.h:70->firmware/nnet_utils/nnet_dense_latency.h:42]   --->   Operation 2065 'sext' 'sext_ln70_603' <Predicate = true> <Delay = 0.00>
ST_24 : Operation 2066 [1/1] (0.00ns)   --->   "%sext_ln70_604 = sext i16 %data_25_val_read" [firmware/nnet_utils/nnet_mult.h:70->firmware/nnet_utils/nnet_dense_latency.h:42]   --->   Operation 2066 'sext' 'sext_ln70_604' <Predicate = true> <Delay = 0.00>
ST_24 : Operation 2067 [1/1] (5.58ns)   --->   "%mul_ln73_5016 = mul i29 %sext_ln70_604, i29 536867766" [firmware/nnet_utils/nnet_mult.h:73->firmware/nnet_utils/nnet_dense_latency.h:42]   --->   Operation 2067 'mul' 'mul_ln73_5016' <Predicate = true> <Delay = 5.58> <CoreInst = "Multiplier">   --->   Core 3 'Multiplier' <Latency = 0> <II = 1> <Delay = 5.58> <FuncUnit> <Opcode : 'mul'> <InPorts = 2> <OutPorts = 1>
ST_24 : Operation 2068 [1/1] (0.00ns)   --->   "%mult_5185 = partselect i19 @_ssdm_op_PartSelect.i19.i29.i32.i32, i29 %mul_ln73_5016, i32 10, i32 28" [firmware/nnet_utils/nnet_dense_latency.h:42]   --->   Operation 2068 'partselect' 'mult_5185' <Predicate = true> <Delay = 0.00>
ST_24 : Operation 2069 [1/1] (0.00ns)   --->   "%sext_ln17_5189 = sext i19 %mult_5185" [firmware/nnet_utils/nnet_dense_latency.h:17]   --->   Operation 2069 'sext' 'sext_ln17_5189' <Predicate = true> <Delay = 0.00>
ST_24 : Operation 2070 [1/1] (5.58ns)   --->   "%mul_ln73_5017 = mul i29 %sext_ln70_604, i29 2672" [firmware/nnet_utils/nnet_mult.h:73->firmware/nnet_utils/nnet_dense_latency.h:42]   --->   Operation 2070 'mul' 'mul_ln73_5017' <Predicate = true> <Delay = 5.58> <CoreInst = "Multiplier">   --->   Core 3 'Multiplier' <Latency = 0> <II = 1> <Delay = 5.58> <FuncUnit> <Opcode : 'mul'> <InPorts = 2> <OutPorts = 1>
ST_24 : Operation 2071 [1/1] (0.00ns)   --->   "%mult_5186 = partselect i19 @_ssdm_op_PartSelect.i19.i29.i32.i32, i29 %mul_ln73_5017, i32 10, i32 28" [firmware/nnet_utils/nnet_dense_latency.h:42]   --->   Operation 2071 'partselect' 'mult_5186' <Predicate = true> <Delay = 0.00>
ST_24 : Operation 2072 [1/1] (0.00ns)   --->   "%sext_ln17_5190 = sext i19 %mult_5186" [firmware/nnet_utils/nnet_dense_latency.h:17]   --->   Operation 2072 'sext' 'sext_ln17_5190' <Predicate = true> <Delay = 0.00>
ST_24 : Operation 2073 [1/1] (5.58ns)   --->   "%mul_ln73_5018 = mul i29 %sext_ln70_604, i29 536867552" [firmware/nnet_utils/nnet_mult.h:73->firmware/nnet_utils/nnet_dense_latency.h:42]   --->   Operation 2073 'mul' 'mul_ln73_5018' <Predicate = true> <Delay = 5.58> <CoreInst = "Multiplier">   --->   Core 3 'Multiplier' <Latency = 0> <II = 1> <Delay = 5.58> <FuncUnit> <Opcode : 'mul'> <InPorts = 2> <OutPorts = 1>
ST_24 : Operation 2074 [1/1] (0.00ns)   --->   "%mult_5187 = partselect i19 @_ssdm_op_PartSelect.i19.i29.i32.i32, i29 %mul_ln73_5018, i32 10, i32 28" [firmware/nnet_utils/nnet_dense_latency.h:42]   --->   Operation 2074 'partselect' 'mult_5187' <Predicate = true> <Delay = 0.00>
ST_24 : Operation 2075 [1/1] (0.00ns)   --->   "%sext_ln17_5191 = sext i19 %mult_5187" [firmware/nnet_utils/nnet_dense_latency.h:17]   --->   Operation 2075 'sext' 'sext_ln17_5191' <Predicate = true> <Delay = 0.00>
ST_24 : Operation 2076 [1/1] (5.58ns)   --->   "%mul_ln73_5019 = mul i29 %sext_ln70_604, i29 536868215" [firmware/nnet_utils/nnet_mult.h:73->firmware/nnet_utils/nnet_dense_latency.h:42]   --->   Operation 2076 'mul' 'mul_ln73_5019' <Predicate = true> <Delay = 5.58> <CoreInst = "Multiplier">   --->   Core 3 'Multiplier' <Latency = 0> <II = 1> <Delay = 5.58> <FuncUnit> <Opcode : 'mul'> <InPorts = 2> <OutPorts = 1>
ST_24 : Operation 2077 [1/1] (0.00ns)   --->   "%mult_5188 = partselect i19 @_ssdm_op_PartSelect.i19.i29.i32.i32, i29 %mul_ln73_5019, i32 10, i32 28" [firmware/nnet_utils/nnet_dense_latency.h:42]   --->   Operation 2077 'partselect' 'mult_5188' <Predicate = true> <Delay = 0.00>
ST_24 : Operation 2078 [1/1] (0.00ns)   --->   "%sext_ln17_5192 = sext i19 %mult_5188" [firmware/nnet_utils/nnet_dense_latency.h:17]   --->   Operation 2078 'sext' 'sext_ln17_5192' <Predicate = true> <Delay = 0.00>
ST_24 : Operation 2079 [1/1] (5.58ns)   --->   "%mul_ln73_5020 = mul i30 %sext_ln70_603, i30 4582" [firmware/nnet_utils/nnet_mult.h:73->firmware/nnet_utils/nnet_dense_latency.h:42]   --->   Operation 2079 'mul' 'mul_ln73_5020' <Predicate = true> <Delay = 5.58> <CoreInst = "Multiplier">   --->   Core 3 'Multiplier' <Latency = 0> <II = 1> <Delay = 5.58> <FuncUnit> <Opcode : 'mul'> <InPorts = 2> <OutPorts = 1>
ST_24 : Operation 2080 [1/1] (0.00ns)   --->   "%mult_5189 = partselect i20 @_ssdm_op_PartSelect.i20.i30.i32.i32, i30 %mul_ln73_5020, i32 10, i32 29" [firmware/nnet_utils/nnet_dense_latency.h:42]   --->   Operation 2080 'partselect' 'mult_5189' <Predicate = true> <Delay = 0.00>
ST_24 : Operation 2081 [1/1] (2.16ns)   --->   "%add_ln58_4836 = add i20 %sext_ln17_5173, i20 %sext_ln17_5189" [firmware/nnet_utils/nnet_dense_latency.h:58]   --->   Operation 2081 'add' 'add_ln58_4836' <Predicate = true> <Delay = 2.16> <CoreInst = "Adder">   --->   Core 1 'Adder' <Latency = 0> <II = 1> <Delay = 2.16> <FuncUnit> <Opcode : 'add' 'sub'> <InPorts = 2> <OutPorts = 1>
ST_24 : Operation 2082 [1/1] (2.16ns)   --->   "%add_ln58_4868 = add i20 %sext_ln17_5174, i20 %sext_ln17_5190" [firmware/nnet_utils/nnet_dense_latency.h:58]   --->   Operation 2082 'add' 'add_ln58_4868' <Predicate = true> <Delay = 2.16> <CoreInst = "Adder">   --->   Core 1 'Adder' <Latency = 0> <II = 1> <Delay = 2.16> <FuncUnit> <Opcode : 'add' 'sub'> <InPorts = 2> <OutPorts = 1>
ST_24 : Operation 2083 [1/1] (2.16ns)   --->   "%add_ln58_4900 = add i20 %sext_ln17_5175, i20 %sext_ln17_5191" [firmware/nnet_utils/nnet_dense_latency.h:58]   --->   Operation 2083 'add' 'add_ln58_4900' <Predicate = true> <Delay = 2.16> <CoreInst = "Adder">   --->   Core 1 'Adder' <Latency = 0> <II = 1> <Delay = 2.16> <FuncUnit> <Opcode : 'add' 'sub'> <InPorts = 2> <OutPorts = 1>
ST_24 : Operation 2084 [1/1] (2.19ns)   --->   "%add_ln58_4932 = add i21 %sext_ln17_5176, i21 %sext_ln17_5192" [firmware/nnet_utils/nnet_dense_latency.h:58]   --->   Operation 2084 'add' 'add_ln58_4932' <Predicate = true> <Delay = 2.19> <CoreInst = "Adder">   --->   Core 1 'Adder' <Latency = 0> <II = 1> <Delay = 2.19> <FuncUnit> <Opcode : 'add' 'sub'> <InPorts = 2> <OutPorts = 1>

State 25 <SV = 24> <Delay = 7.77>
ST_25 : Operation 2085 [1/1] (0.00ns)   --->   "%data_26_val_read = read i16 @_ssdm_op_Read.ap_auto.i16, i16 %data_26_val" [firmware/nnet_utils/nnet_mult.h:70->firmware/nnet_utils/nnet_dense_latency.h:42]   --->   Operation 2085 'read' 'data_26_val_read' <Predicate = true> <Delay = 0.00>
ST_25 : Operation 2086 [1/1] (0.00ns)   --->   "%sext_ln17_5178 = sext i20 %mult_5174" [firmware/nnet_utils/nnet_dense_latency.h:17]   --->   Operation 2086 'sext' 'sext_ln17_5178' <Predicate = true> <Delay = 0.00>
ST_25 : Operation 2087 [1/1] (0.00ns)   --->   "%sext_ln17_5179 = sext i18 %mult_5175" [firmware/nnet_utils/nnet_dense_latency.h:17]   --->   Operation 2087 'sext' 'sext_ln17_5179' <Predicate = true> <Delay = 0.00>
ST_25 : Operation 2088 [1/1] (0.00ns)   --->   "%sext_ln17_5180 = sext i19 %mult_5176" [firmware/nnet_utils/nnet_dense_latency.h:17]   --->   Operation 2088 'sext' 'sext_ln17_5180' <Predicate = true> <Delay = 0.00>
ST_25 : Operation 2089 [1/1] (0.00ns)   --->   "%sext_ln17_5181 = sext i16 %mult_5177" [firmware/nnet_utils/nnet_dense_latency.h:17]   --->   Operation 2089 'sext' 'sext_ln17_5181' <Predicate = true> <Delay = 0.00>
ST_25 : Operation 2090 [1/1] (0.00ns)   --->   "%sext_ln17_5182 = sext i19 %mult_5178" [firmware/nnet_utils/nnet_dense_latency.h:17]   --->   Operation 2090 'sext' 'sext_ln17_5182' <Predicate = true> <Delay = 0.00>
ST_25 : Operation 2091 [1/1] (0.00ns)   --->   "%sext_ln17_5184 = sext i15 %mult_5180" [firmware/nnet_utils/nnet_dense_latency.h:17]   --->   Operation 2091 'sext' 'sext_ln17_5184' <Predicate = true> <Delay = 0.00>
ST_25 : Operation 2092 [1/1] (0.00ns)   --->   "%sext_ln17_5185 = sext i19 %mult_5181" [firmware/nnet_utils/nnet_dense_latency.h:17]   --->   Operation 2092 'sext' 'sext_ln17_5185' <Predicate = true> <Delay = 0.00>
ST_25 : Operation 2093 [1/1] (0.00ns)   --->   "%sext_ln17_5186 = sext i20 %mult_5182" [firmware/nnet_utils/nnet_dense_latency.h:17]   --->   Operation 2093 'sext' 'sext_ln17_5186' <Predicate = true> <Delay = 0.00>
ST_25 : Operation 2094 [1/1] (0.00ns)   --->   "%sext_ln17_5187 = sext i20 %mult_5183" [firmware/nnet_utils/nnet_dense_latency.h:17]   --->   Operation 2094 'sext' 'sext_ln17_5187' <Predicate = true> <Delay = 0.00>
ST_25 : Operation 2095 [1/1] (0.00ns)   --->   "%sext_ln17_5188 = sext i18 %mult_5184" [firmware/nnet_utils/nnet_dense_latency.h:17]   --->   Operation 2095 'sext' 'sext_ln17_5188' <Predicate = true> <Delay = 0.00>
ST_25 : Operation 2096 [1/1] (0.00ns)   --->   "%sext_ln70_599 = sext i16 %data_25_val_read" [firmware/nnet_utils/nnet_mult.h:70->firmware/nnet_utils/nnet_dense_latency.h:42]   --->   Operation 2096 'sext' 'sext_ln70_599' <Predicate = true> <Delay = 0.00>
ST_25 : Operation 2097 [1/1] (0.00ns)   --->   "%sext_ln70_600 = sext i16 %data_25_val_read" [firmware/nnet_utils/nnet_mult.h:70->firmware/nnet_utils/nnet_dense_latency.h:42]   --->   Operation 2097 'sext' 'sext_ln70_600' <Predicate = true> <Delay = 0.00>
ST_25 : Operation 2098 [1/1] (0.00ns)   --->   "%sext_ln70_601 = sext i16 %data_25_val_read" [firmware/nnet_utils/nnet_mult.h:70->firmware/nnet_utils/nnet_dense_latency.h:42]   --->   Operation 2098 'sext' 'sext_ln70_601' <Predicate = true> <Delay = 0.00>
ST_25 : Operation 2099 [1/1] (0.00ns)   --->   "%sext_ln70_602 = sext i16 %data_25_val_read" [firmware/nnet_utils/nnet_mult.h:70->firmware/nnet_utils/nnet_dense_latency.h:42]   --->   Operation 2099 'sext' 'sext_ln70_602' <Predicate = true> <Delay = 0.00>
ST_25 : Operation 2100 [1/1] (5.58ns)   --->   "%mul_ln73_5021 = mul i29 %sext_ln70_604, i29 2669" [firmware/nnet_utils/nnet_mult.h:73->firmware/nnet_utils/nnet_dense_latency.h:42]   --->   Operation 2100 'mul' 'mul_ln73_5021' <Predicate = true> <Delay = 5.58> <CoreInst = "Multiplier">   --->   Core 3 'Multiplier' <Latency = 0> <II = 1> <Delay = 5.58> <FuncUnit> <Opcode : 'mul'> <InPorts = 2> <OutPorts = 1>
ST_25 : Operation 2101 [1/1] (0.00ns)   --->   "%mult_5190 = partselect i19 @_ssdm_op_PartSelect.i19.i29.i32.i32, i29 %mul_ln73_5021, i32 10, i32 28" [firmware/nnet_utils/nnet_dense_latency.h:42]   --->   Operation 2101 'partselect' 'mult_5190' <Predicate = true> <Delay = 0.00>
ST_25 : Operation 2102 [1/1] (0.00ns)   --->   "%sext_ln17_5194 = sext i19 %mult_5190" [firmware/nnet_utils/nnet_dense_latency.h:17]   --->   Operation 2102 'sext' 'sext_ln17_5194' <Predicate = true> <Delay = 0.00>
ST_25 : Operation 2103 [1/1] (5.58ns)   --->   "%mul_ln73_5022 = mul i28 %sext_ln70_602, i28 1944" [firmware/nnet_utils/nnet_mult.h:73->firmware/nnet_utils/nnet_dense_latency.h:42]   --->   Operation 2103 'mul' 'mul_ln73_5022' <Predicate = true> <Delay = 5.58> <CoreInst = "Multiplier">   --->   Core 3 'Multiplier' <Latency = 0> <II = 1> <Delay = 5.58> <FuncUnit> <Opcode : 'mul'> <InPorts = 2> <OutPorts = 1>
ST_25 : Operation 2104 [1/1] (0.00ns)   --->   "%mult_5191 = partselect i18 @_ssdm_op_PartSelect.i18.i28.i32.i32, i28 %mul_ln73_5022, i32 10, i32 27" [firmware/nnet_utils/nnet_dense_latency.h:42]   --->   Operation 2104 'partselect' 'mult_5191' <Predicate = true> <Delay = 0.00>
ST_25 : Operation 2105 [1/1] (0.00ns)   --->   "%sext_ln17_5195 = sext i18 %mult_5191" [firmware/nnet_utils/nnet_dense_latency.h:17]   --->   Operation 2105 'sext' 'sext_ln17_5195' <Predicate = true> <Delay = 0.00>
ST_25 : Operation 2106 [1/1] (5.58ns)   --->   "%mul_ln73_5023 = mul i25 %sext_ln70_601, i25 33554262" [firmware/nnet_utils/nnet_mult.h:73->firmware/nnet_utils/nnet_dense_latency.h:42]   --->   Operation 2106 'mul' 'mul_ln73_5023' <Predicate = true> <Delay = 5.58> <CoreInst = "Multiplier">   --->   Core 3 'Multiplier' <Latency = 0> <II = 1> <Delay = 5.58> <FuncUnit> <Opcode : 'mul'> <InPorts = 2> <OutPorts = 1>
ST_25 : Operation 2107 [1/1] (0.00ns)   --->   "%mult_5192 = partselect i15 @_ssdm_op_PartSelect.i15.i25.i32.i32, i25 %mul_ln73_5023, i32 10, i32 24" [firmware/nnet_utils/nnet_dense_latency.h:42]   --->   Operation 2107 'partselect' 'mult_5192' <Predicate = true> <Delay = 0.00>
ST_25 : Operation 2108 [1/1] (0.00ns)   --->   "%sext_ln17_5196 = sext i15 %mult_5192" [firmware/nnet_utils/nnet_dense_latency.h:17]   --->   Operation 2108 'sext' 'sext_ln17_5196' <Predicate = true> <Delay = 0.00>
ST_25 : Operation 2109 [1/1] (5.58ns)   --->   "%mul_ln73_5024 = mul i29 %sext_ln70_604, i29 2401" [firmware/nnet_utils/nnet_mult.h:73->firmware/nnet_utils/nnet_dense_latency.h:42]   --->   Operation 2109 'mul' 'mul_ln73_5024' <Predicate = true> <Delay = 5.58> <CoreInst = "Multiplier">   --->   Core 3 'Multiplier' <Latency = 0> <II = 1> <Delay = 5.58> <FuncUnit> <Opcode : 'mul'> <InPorts = 2> <OutPorts = 1>
ST_25 : Operation 2110 [1/1] (0.00ns)   --->   "%mult_5193 = partselect i19 @_ssdm_op_PartSelect.i19.i29.i32.i32, i29 %mul_ln73_5024, i32 10, i32 28" [firmware/nnet_utils/nnet_dense_latency.h:42]   --->   Operation 2110 'partselect' 'mult_5193' <Predicate = true> <Delay = 0.00>
ST_25 : Operation 2111 [1/1] (0.00ns)   --->   "%sext_ln17_5197 = sext i19 %mult_5193" [firmware/nnet_utils/nnet_dense_latency.h:17]   --->   Operation 2111 'sext' 'sext_ln17_5197' <Predicate = true> <Delay = 0.00>
ST_25 : Operation 2112 [1/1] (5.58ns)   --->   "%mul_ln73_5025 = mul i26 %sext_ln70_600, i26 449" [firmware/nnet_utils/nnet_mult.h:73->firmware/nnet_utils/nnet_dense_latency.h:42]   --->   Operation 2112 'mul' 'mul_ln73_5025' <Predicate = true> <Delay = 5.58> <CoreInst = "Multiplier">   --->   Core 3 'Multiplier' <Latency = 0> <II = 1> <Delay = 5.58> <FuncUnit> <Opcode : 'mul'> <InPorts = 2> <OutPorts = 1>
ST_25 : Operation 2113 [1/1] (0.00ns)   --->   "%mult_5194 = partselect i16 @_ssdm_op_PartSelect.i16.i26.i32.i32, i26 %mul_ln73_5025, i32 10, i32 25" [firmware/nnet_utils/nnet_dense_latency.h:42]   --->   Operation 2113 'partselect' 'mult_5194' <Predicate = true> <Delay = 0.00>
ST_25 : Operation 2114 [1/1] (0.00ns)   --->   "%sext_ln17_5198 = sext i16 %mult_5194" [firmware/nnet_utils/nnet_dense_latency.h:17]   --->   Operation 2114 'sext' 'sext_ln17_5198' <Predicate = true> <Delay = 0.00>
ST_25 : Operation 2115 [1/1] (5.58ns)   --->   "%mul_ln73_5026 = mul i30 %sext_ln70_603, i30 1073736289" [firmware/nnet_utils/nnet_mult.h:73->firmware/nnet_utils/nnet_dense_latency.h:42]   --->   Operation 2115 'mul' 'mul_ln73_5026' <Predicate = true> <Delay = 5.58> <CoreInst = "Multiplier">   --->   Core 3 'Multiplier' <Latency = 0> <II = 1> <Delay = 5.58> <FuncUnit> <Opcode : 'mul'> <InPorts = 2> <OutPorts = 1>
ST_25 : Operation 2116 [1/1] (0.00ns)   --->   "%mult_5195 = partselect i20 @_ssdm_op_PartSelect.i20.i30.i32.i32, i30 %mul_ln73_5026, i32 10, i32 29" [firmware/nnet_utils/nnet_dense_latency.h:42]   --->   Operation 2116 'partselect' 'mult_5195' <Predicate = true> <Delay = 0.00>
ST_25 : Operation 2117 [1/1] (5.58ns)   --->   "%mul_ln73_5027 = mul i24 %sext_ln70_599, i24 16777135" [firmware/nnet_utils/nnet_mult.h:73->firmware/nnet_utils/nnet_dense_latency.h:42]   --->   Operation 2117 'mul' 'mul_ln73_5027' <Predicate = true> <Delay = 5.58> <CoreInst = "Multiplier">   --->   Core 3 'Multiplier' <Latency = 0> <II = 1> <Delay = 5.58> <FuncUnit> <Opcode : 'mul'> <InPorts = 2> <OutPorts = 1>
ST_25 : Operation 2118 [1/1] (0.00ns)   --->   "%mult_5196 = partselect i14 @_ssdm_op_PartSelect.i14.i24.i32.i32, i24 %mul_ln73_5027, i32 10, i32 23" [firmware/nnet_utils/nnet_dense_latency.h:42]   --->   Operation 2118 'partselect' 'mult_5196' <Predicate = true> <Delay = 0.00>
ST_25 : Operation 2119 [1/1] (0.00ns)   --->   "%sext_ln17_5200 = sext i14 %mult_5196" [firmware/nnet_utils/nnet_dense_latency.h:17]   --->   Operation 2119 'sext' 'sext_ln17_5200' <Predicate = true> <Delay = 0.00>
ST_25 : Operation 2120 [1/1] (0.00ns)   --->   "%shl_ln73_270 = bitconcatenate i20 @_ssdm_op_BitConcatenate.i20.i16.i4, i16 %data_25_val_read, i4 0" [firmware/nnet_utils/nnet_mult.h:73->firmware/nnet_utils/nnet_dense_latency.h:42]   --->   Operation 2120 'bitconcatenate' 'shl_ln73_270' <Predicate = true> <Delay = 0.00>
ST_25 : Operation 2121 [1/1] (0.00ns)   --->   "%sext_ln73_303 = sext i20 %shl_ln73_270" [firmware/nnet_utils/nnet_mult.h:73->firmware/nnet_utils/nnet_dense_latency.h:42]   --->   Operation 2121 'sext' 'sext_ln73_303' <Predicate = true> <Delay = 0.00>
ST_25 : Operation 2122 [1/1] (0.00ns)   --->   "%shl_ln73_271 = bitconcatenate i18 @_ssdm_op_BitConcatenate.i18.i16.i2, i16 %data_25_val_read, i2 0" [firmware/nnet_utils/nnet_mult.h:73->firmware/nnet_utils/nnet_dense_latency.h:42]   --->   Operation 2122 'bitconcatenate' 'shl_ln73_271' <Predicate = true> <Delay = 0.00>
ST_25 : Operation 2123 [1/1] (0.00ns)   --->   "%sext_ln73_304 = sext i18 %shl_ln73_271" [firmware/nnet_utils/nnet_mult.h:73->firmware/nnet_utils/nnet_dense_latency.h:42]   --->   Operation 2123 'sext' 'sext_ln73_304' <Predicate = true> <Delay = 0.00>
ST_25 : Operation 2124 [1/1] (2.19ns)   --->   "%sub_ln73_180 = sub i21 %sext_ln73_304, i21 %sext_ln73_303" [firmware/nnet_utils/nnet_mult.h:73->firmware/nnet_utils/nnet_dense_latency.h:42]   --->   Operation 2124 'sub' 'sub_ln73_180' <Predicate = true> <Delay = 2.19> <CoreInst = "Adder">   --->   Core 1 'Adder' <Latency = 0> <II = 1> <Delay = 2.19> <FuncUnit> <Opcode : 'add' 'sub'> <InPorts = 2> <OutPorts = 1>
ST_25 : Operation 2125 [1/1] (0.00ns)   --->   "%mult_5197 = partselect i11 @_ssdm_op_PartSelect.i11.i21.i32.i32, i21 %sub_ln73_180, i32 10, i32 20" [firmware/nnet_utils/nnet_dense_latency.h:42]   --->   Operation 2125 'partselect' 'mult_5197' <Predicate = true> <Delay = 0.00>
ST_25 : Operation 2126 [1/1] (0.00ns)   --->   "%sext_ln17_5201 = sext i11 %mult_5197" [firmware/nnet_utils/nnet_dense_latency.h:17]   --->   Operation 2126 'sext' 'sext_ln17_5201' <Predicate = true> <Delay = 0.00>
ST_25 : Operation 2127 [1/1] (5.58ns)   --->   "%mul_ln73_5028 = mul i30 %sext_ln70_603, i30 1073736420" [firmware/nnet_utils/nnet_mult.h:73->firmware/nnet_utils/nnet_dense_latency.h:42]   --->   Operation 2127 'mul' 'mul_ln73_5028' <Predicate = true> <Delay = 5.58> <CoreInst = "Multiplier">   --->   Core 3 'Multiplier' <Latency = 0> <II = 1> <Delay = 5.58> <FuncUnit> <Opcode : 'mul'> <InPorts = 2> <OutPorts = 1>
ST_25 : Operation 2128 [1/1] (0.00ns)   --->   "%mult_5198 = partselect i20 @_ssdm_op_PartSelect.i20.i30.i32.i32, i30 %mul_ln73_5028, i32 10, i32 29" [firmware/nnet_utils/nnet_dense_latency.h:42]   --->   Operation 2128 'partselect' 'mult_5198' <Predicate = true> <Delay = 0.00>
ST_25 : Operation 2129 [1/1] (0.00ns)   --->   "%sext_ln17_5202 = sext i20 %mult_5198" [firmware/nnet_utils/nnet_dense_latency.h:17]   --->   Operation 2129 'sext' 'sext_ln17_5202' <Predicate = true> <Delay = 0.00>
ST_25 : Operation 2130 [1/1] (5.58ns)   --->   "%mul_ln73_5029 = mul i30 %sext_ln70_603, i30 1073736897" [firmware/nnet_utils/nnet_mult.h:73->firmware/nnet_utils/nnet_dense_latency.h:42]   --->   Operation 2130 'mul' 'mul_ln73_5029' <Predicate = true> <Delay = 5.58> <CoreInst = "Multiplier">   --->   Core 3 'Multiplier' <Latency = 0> <II = 1> <Delay = 5.58> <FuncUnit> <Opcode : 'mul'> <InPorts = 2> <OutPorts = 1>
ST_25 : Operation 2131 [1/1] (0.00ns)   --->   "%mult_5199 = partselect i20 @_ssdm_op_PartSelect.i20.i30.i32.i32, i30 %mul_ln73_5029, i32 10, i32 29" [firmware/nnet_utils/nnet_dense_latency.h:42]   --->   Operation 2131 'partselect' 'mult_5199' <Predicate = true> <Delay = 0.00>
ST_25 : Operation 2132 [1/1] (0.00ns)   --->   "%sext_ln17_5203 = sext i20 %mult_5199" [firmware/nnet_utils/nnet_dense_latency.h:17]   --->   Operation 2132 'sext' 'sext_ln17_5203' <Predicate = true> <Delay = 0.00>
ST_25 : Operation 2133 [1/1] (5.58ns)   --->   "%mul_ln73_5030 = mul i29 %sext_ln70_604, i29 3602" [firmware/nnet_utils/nnet_mult.h:73->firmware/nnet_utils/nnet_dense_latency.h:42]   --->   Operation 2133 'mul' 'mul_ln73_5030' <Predicate = true> <Delay = 5.58> <CoreInst = "Multiplier">   --->   Core 3 'Multiplier' <Latency = 0> <II = 1> <Delay = 5.58> <FuncUnit> <Opcode : 'mul'> <InPorts = 2> <OutPorts = 1>
ST_25 : Operation 2134 [1/1] (0.00ns)   --->   "%mult_5200 = partselect i19 @_ssdm_op_PartSelect.i19.i29.i32.i32, i29 %mul_ln73_5030, i32 10, i32 28" [firmware/nnet_utils/nnet_dense_latency.h:42]   --->   Operation 2134 'partselect' 'mult_5200' <Predicate = true> <Delay = 0.00>
ST_25 : Operation 2135 [1/1] (0.00ns)   --->   "%sext_ln17_5204 = sext i19 %mult_5200" [firmware/nnet_utils/nnet_dense_latency.h:17]   --->   Operation 2135 'sext' 'sext_ln17_5204' <Predicate = true> <Delay = 0.00>
ST_25 : Operation 2136 [1/1] (0.00ns)   --->   "%sext_ln70_606 = sext i16 %data_26_val_read" [firmware/nnet_utils/nnet_mult.h:70->firmware/nnet_utils/nnet_dense_latency.h:42]   --->   Operation 2136 'sext' 'sext_ln70_606' <Predicate = true> <Delay = 0.00>
ST_25 : Operation 2137 [1/1] (0.00ns)   --->   "%sext_ln70_607 = sext i16 %data_26_val_read" [firmware/nnet_utils/nnet_mult.h:70->firmware/nnet_utils/nnet_dense_latency.h:42]   --->   Operation 2137 'sext' 'sext_ln70_607' <Predicate = true> <Delay = 0.00>
ST_25 : Operation 2138 [1/1] (0.00ns)   --->   "%sext_ln70_608 = sext i16 %data_26_val_read" [firmware/nnet_utils/nnet_mult.h:70->firmware/nnet_utils/nnet_dense_latency.h:42]   --->   Operation 2138 'sext' 'sext_ln70_608' <Predicate = true> <Delay = 0.00>
ST_25 : Operation 2139 [1/1] (5.58ns)   --->   "%mul_ln73_5031 = mul i29 %sext_ln70_608, i29 3692" [firmware/nnet_utils/nnet_mult.h:73->firmware/nnet_utils/nnet_dense_latency.h:42]   --->   Operation 2139 'mul' 'mul_ln73_5031' <Predicate = true> <Delay = 5.58> <CoreInst = "Multiplier">   --->   Core 3 'Multiplier' <Latency = 0> <II = 1> <Delay = 5.58> <FuncUnit> <Opcode : 'mul'> <InPorts = 2> <OutPorts = 1>
ST_25 : Operation 2140 [1/1] (0.00ns)   --->   "%mult_5201 = partselect i19 @_ssdm_op_PartSelect.i19.i29.i32.i32, i29 %mul_ln73_5031, i32 10, i32 28" [firmware/nnet_utils/nnet_dense_latency.h:42]   --->   Operation 2140 'partselect' 'mult_5201' <Predicate = true> <Delay = 0.00>
ST_25 : Operation 2141 [1/1] (5.58ns)   --->   "%mul_ln73_5032 = mul i29 %sext_ln70_608, i29 536868061" [firmware/nnet_utils/nnet_mult.h:73->firmware/nnet_utils/nnet_dense_latency.h:42]   --->   Operation 2141 'mul' 'mul_ln73_5032' <Predicate = true> <Delay = 5.58> <CoreInst = "Multiplier">   --->   Core 3 'Multiplier' <Latency = 0> <II = 1> <Delay = 5.58> <FuncUnit> <Opcode : 'mul'> <InPorts = 2> <OutPorts = 1>
ST_25 : Operation 2142 [1/1] (0.00ns)   --->   "%mult_5202 = partselect i19 @_ssdm_op_PartSelect.i19.i29.i32.i32, i29 %mul_ln73_5032, i32 10, i32 28" [firmware/nnet_utils/nnet_dense_latency.h:42]   --->   Operation 2142 'partselect' 'mult_5202' <Predicate = true> <Delay = 0.00>
ST_25 : Operation 2143 [1/1] (5.58ns)   --->   "%mul_ln73_5033 = mul i30 %sext_ln70_607, i30 4257" [firmware/nnet_utils/nnet_mult.h:73->firmware/nnet_utils/nnet_dense_latency.h:42]   --->   Operation 2143 'mul' 'mul_ln73_5033' <Predicate = true> <Delay = 5.58> <CoreInst = "Multiplier">   --->   Core 3 'Multiplier' <Latency = 0> <II = 1> <Delay = 5.58> <FuncUnit> <Opcode : 'mul'> <InPorts = 2> <OutPorts = 1>
ST_25 : Operation 2144 [1/1] (0.00ns)   --->   "%mult_5203 = partselect i20 @_ssdm_op_PartSelect.i20.i30.i32.i32, i30 %mul_ln73_5033, i32 10, i32 29" [firmware/nnet_utils/nnet_dense_latency.h:42]   --->   Operation 2144 'partselect' 'mult_5203' <Predicate = true> <Delay = 0.00>
ST_25 : Operation 2145 [1/1] (5.58ns)   --->   "%mul_ln73_5034 = mul i29 %sext_ln70_608, i29 536867835" [firmware/nnet_utils/nnet_mult.h:73->firmware/nnet_utils/nnet_dense_latency.h:42]   --->   Operation 2145 'mul' 'mul_ln73_5034' <Predicate = true> <Delay = 5.58> <CoreInst = "Multiplier">   --->   Core 3 'Multiplier' <Latency = 0> <II = 1> <Delay = 5.58> <FuncUnit> <Opcode : 'mul'> <InPorts = 2> <OutPorts = 1>
ST_25 : Operation 2146 [1/1] (0.00ns)   --->   "%mult_5204 = partselect i19 @_ssdm_op_PartSelect.i19.i29.i32.i32, i29 %mul_ln73_5034, i32 10, i32 28" [firmware/nnet_utils/nnet_dense_latency.h:42]   --->   Operation 2146 'partselect' 'mult_5204' <Predicate = true> <Delay = 0.00>
ST_25 : Operation 2147 [1/1] (5.58ns)   --->   "%mul_ln73_5035 = mul i28 %sext_ln70_606, i28 268434191" [firmware/nnet_utils/nnet_mult.h:73->firmware/nnet_utils/nnet_dense_latency.h:42]   --->   Operation 2147 'mul' 'mul_ln73_5035' <Predicate = true> <Delay = 5.58> <CoreInst = "Multiplier">   --->   Core 3 'Multiplier' <Latency = 0> <II = 1> <Delay = 5.58> <FuncUnit> <Opcode : 'mul'> <InPorts = 2> <OutPorts = 1>
ST_25 : Operation 2148 [1/1] (0.00ns)   --->   "%mult_5205 = partselect i18 @_ssdm_op_PartSelect.i18.i28.i32.i32, i28 %mul_ln73_5035, i32 10, i32 27" [firmware/nnet_utils/nnet_dense_latency.h:42]   --->   Operation 2148 'partselect' 'mult_5205' <Predicate = true> <Delay = 0.00>
ST_25 : Operation 2149 [1/1] (5.58ns)   --->   "%mul_ln73_5036 = mul i29 %sext_ln70_608, i29 3973" [firmware/nnet_utils/nnet_mult.h:73->firmware/nnet_utils/nnet_dense_latency.h:42]   --->   Operation 2149 'mul' 'mul_ln73_5036' <Predicate = true> <Delay = 5.58> <CoreInst = "Multiplier">   --->   Core 3 'Multiplier' <Latency = 0> <II = 1> <Delay = 5.58> <FuncUnit> <Opcode : 'mul'> <InPorts = 2> <OutPorts = 1>
ST_25 : Operation 2150 [1/1] (0.00ns)   --->   "%mult_5206 = partselect i19 @_ssdm_op_PartSelect.i19.i29.i32.i32, i29 %mul_ln73_5036, i32 10, i32 28" [firmware/nnet_utils/nnet_dense_latency.h:42]   --->   Operation 2150 'partselect' 'mult_5206' <Predicate = true> <Delay = 0.00>
ST_25 : Operation 2151 [1/1] (2.19ns)   --->   "%add_ln58_4996 = add i21 %sext_ln17_5178, i21 %sext_ln17_5194" [firmware/nnet_utils/nnet_dense_latency.h:58]   --->   Operation 2151 'add' 'add_ln58_4996' <Predicate = true> <Delay = 2.19> <CoreInst = "Adder">   --->   Core 1 'Adder' <Latency = 0> <II = 1> <Delay = 2.19> <FuncUnit> <Opcode : 'add' 'sub'> <InPorts = 2> <OutPorts = 1>
ST_25 : Operation 2152 [1/1] (2.13ns)   --->   "%add_ln58_5028 = add i19 %sext_ln17_5179, i19 %sext_ln17_5195" [firmware/nnet_utils/nnet_dense_latency.h:58]   --->   Operation 2152 'add' 'add_ln58_5028' <Predicate = true> <Delay = 2.13> <CoreInst = "Adder">   --->   Core 1 'Adder' <Latency = 0> <II = 1> <Delay = 2.13> <FuncUnit> <Opcode : 'add' 'sub'> <InPorts = 2> <OutPorts = 1>
ST_25 : Operation 2153 [1/1] (2.16ns)   --->   "%add_ln58_5060 = add i20 %sext_ln17_5180, i20 %sext_ln17_5196" [firmware/nnet_utils/nnet_dense_latency.h:58]   --->   Operation 2153 'add' 'add_ln58_5060' <Predicate = true> <Delay = 2.16> <CoreInst = "Adder">   --->   Core 1 'Adder' <Latency = 0> <II = 1> <Delay = 2.16> <FuncUnit> <Opcode : 'add' 'sub'> <InPorts = 2> <OutPorts = 1>
ST_25 : Operation 2154 [1/1] (2.16ns)   --->   "%add_ln58_5092 = add i20 %sext_ln17_5181, i20 %sext_ln17_5197" [firmware/nnet_utils/nnet_dense_latency.h:58]   --->   Operation 2154 'add' 'add_ln58_5092' <Predicate = true> <Delay = 2.16> <CoreInst = "Adder">   --->   Core 1 'Adder' <Latency = 0> <II = 1> <Delay = 2.16> <FuncUnit> <Opcode : 'add' 'sub'> <InPorts = 2> <OutPorts = 1>
ST_25 : Operation 2155 [1/1] (2.16ns)   --->   "%add_ln58_5124 = add i20 %sext_ln17_5182, i20 %sext_ln17_5198" [firmware/nnet_utils/nnet_dense_latency.h:58]   --->   Operation 2155 'add' 'add_ln58_5124' <Predicate = true> <Delay = 2.16> <CoreInst = "Adder">   --->   Core 1 'Adder' <Latency = 0> <II = 1> <Delay = 2.16> <FuncUnit> <Opcode : 'add' 'sub'> <InPorts = 2> <OutPorts = 1>
ST_25 : Operation 2156 [1/1] (1.94ns)   --->   "%add_ln58_5188 = add i16 %sext_ln17_5184, i16 %sext_ln17_5200" [firmware/nnet_utils/nnet_dense_latency.h:58]   --->   Operation 2156 'add' 'add_ln58_5188' <Predicate = true> <Delay = 1.94> <CoreInst = "Adder">   --->   Core 1 'Adder' <Latency = 0> <II = 1> <Delay = 1.94> <FuncUnit> <Opcode : 'add' 'sub'> <InPorts = 2> <OutPorts = 1>
ST_25 : Operation 2157 [1/1] (2.16ns)   --->   "%add_ln58_5220 = add i20 %sext_ln17_5185, i20 %sext_ln17_5201" [firmware/nnet_utils/nnet_dense_latency.h:58]   --->   Operation 2157 'add' 'add_ln58_5220' <Predicate = true> <Delay = 2.16> <CoreInst = "Adder">   --->   Core 1 'Adder' <Latency = 0> <II = 1> <Delay = 2.16> <FuncUnit> <Opcode : 'add' 'sub'> <InPorts = 2> <OutPorts = 1>
ST_25 : Operation 2158 [1/1] (2.19ns)   --->   "%add_ln58_5252 = add i21 %sext_ln17_5186, i21 %sext_ln17_5202" [firmware/nnet_utils/nnet_dense_latency.h:58]   --->   Operation 2158 'add' 'add_ln58_5252' <Predicate = true> <Delay = 2.19> <CoreInst = "Adder">   --->   Core 1 'Adder' <Latency = 0> <II = 1> <Delay = 2.19> <FuncUnit> <Opcode : 'add' 'sub'> <InPorts = 2> <OutPorts = 1>
ST_25 : Operation 2159 [1/1] (2.19ns)   --->   "%add_ln58_5284 = add i21 %sext_ln17_5187, i21 %sext_ln17_5203" [firmware/nnet_utils/nnet_dense_latency.h:58]   --->   Operation 2159 'add' 'add_ln58_5284' <Predicate = true> <Delay = 2.19> <CoreInst = "Adder">   --->   Core 1 'Adder' <Latency = 0> <II = 1> <Delay = 2.19> <FuncUnit> <Opcode : 'add' 'sub'> <InPorts = 2> <OutPorts = 1>
ST_25 : Operation 2160 [1/1] (2.16ns)   --->   "%add_ln58_5316 = add i20 %sext_ln17_5188, i20 %sext_ln17_5204" [firmware/nnet_utils/nnet_dense_latency.h:58]   --->   Operation 2160 'add' 'add_ln58_5316' <Predicate = true> <Delay = 2.16> <CoreInst = "Adder">   --->   Core 1 'Adder' <Latency = 0> <II = 1> <Delay = 2.16> <FuncUnit> <Opcode : 'add' 'sub'> <InPorts = 2> <OutPorts = 1>

State 26 <SV = 25> <Delay = 11.7>
ST_26 : Operation 2161 [1/1] (0.00ns)   --->   "%data_27_val_read = read i16 @_ssdm_op_Read.ap_auto.i16, i16 %data_27_val" [firmware/nnet_utils/nnet_mult.h:70->firmware/nnet_utils/nnet_dense_latency.h:42]   --->   Operation 2161 'read' 'data_27_val_read' <Predicate = true> <Delay = 0.00>
ST_26 : Operation 2162 [1/1] (0.00ns)   --->   "%sext_ln17_5177 = sext i19 %mult_5173" [firmware/nnet_utils/nnet_dense_latency.h:17]   --->   Operation 2162 'sext' 'sext_ln17_5177' <Predicate = true> <Delay = 0.00>
ST_26 : Operation 2163 [1/1] (0.00ns)   --->   "%sext_ln17_5193 = sext i20 %mult_5189" [firmware/nnet_utils/nnet_dense_latency.h:17]   --->   Operation 2163 'sext' 'sext_ln17_5193' <Predicate = true> <Delay = 0.00>
ST_26 : Operation 2164 [1/1] (0.00ns)   --->   "%sext_ln70_605 = sext i16 %data_26_val_read" [firmware/nnet_utils/nnet_mult.h:70->firmware/nnet_utils/nnet_dense_latency.h:42]   --->   Operation 2164 'sext' 'sext_ln70_605' <Predicate = true> <Delay = 0.00>
ST_26 : Operation 2165 [1/1] (0.00ns)   --->   "%sext_ln17_5205 = sext i19 %mult_5201" [firmware/nnet_utils/nnet_dense_latency.h:17]   --->   Operation 2165 'sext' 'sext_ln17_5205' <Predicate = true> <Delay = 0.00>
ST_26 : Operation 2166 [1/1] (0.00ns)   --->   "%sext_ln17_5206 = sext i19 %mult_5202" [firmware/nnet_utils/nnet_dense_latency.h:17]   --->   Operation 2166 'sext' 'sext_ln17_5206' <Predicate = true> <Delay = 0.00>
ST_26 : Operation 2167 [1/1] (0.00ns)   --->   "%sext_ln17_5208 = sext i19 %mult_5204" [firmware/nnet_utils/nnet_dense_latency.h:17]   --->   Operation 2167 'sext' 'sext_ln17_5208' <Predicate = true> <Delay = 0.00>
ST_26 : Operation 2168 [1/1] (0.00ns)   --->   "%sext_ln17_5209 = sext i18 %mult_5205" [firmware/nnet_utils/nnet_dense_latency.h:17]   --->   Operation 2168 'sext' 'sext_ln17_5209' <Predicate = true> <Delay = 0.00>
ST_26 : Operation 2169 [1/1] (0.00ns)   --->   "%sext_ln17_5210 = sext i19 %mult_5206" [firmware/nnet_utils/nnet_dense_latency.h:17]   --->   Operation 2169 'sext' 'sext_ln17_5210' <Predicate = true> <Delay = 0.00>
ST_26 : Operation 2170 [1/1] (5.58ns)   --->   "%mul_ln73_5037 = mul i30 %sext_ln70_607, i30 1073737101" [firmware/nnet_utils/nnet_mult.h:73->firmware/nnet_utils/nnet_dense_latency.h:42]   --->   Operation 2170 'mul' 'mul_ln73_5037' <Predicate = true> <Delay = 5.58> <CoreInst = "Multiplier">   --->   Core 3 'Multiplier' <Latency = 0> <II = 1> <Delay = 5.58> <FuncUnit> <Opcode : 'mul'> <InPorts = 2> <OutPorts = 1>
ST_26 : Operation 2171 [1/1] (0.00ns)   --->   "%mult_5207 = partselect i20 @_ssdm_op_PartSelect.i20.i30.i32.i32, i30 %mul_ln73_5037, i32 10, i32 29" [firmware/nnet_utils/nnet_dense_latency.h:42]   --->   Operation 2171 'partselect' 'mult_5207' <Predicate = true> <Delay = 0.00>
ST_26 : Operation 2172 [1/1] (0.00ns)   --->   "%sext_ln17_5211 = sext i20 %mult_5207" [firmware/nnet_utils/nnet_dense_latency.h:17]   --->   Operation 2172 'sext' 'sext_ln17_5211' <Predicate = true> <Delay = 0.00>
ST_26 : Operation 2173 [1/1] (5.58ns)   --->   "%mul_ln73_5038 = mul i29 %sext_ln70_608, i29 536867135" [firmware/nnet_utils/nnet_mult.h:73->firmware/nnet_utils/nnet_dense_latency.h:42]   --->   Operation 2173 'mul' 'mul_ln73_5038' <Predicate = true> <Delay = 5.58> <CoreInst = "Multiplier">   --->   Core 3 'Multiplier' <Latency = 0> <II = 1> <Delay = 5.58> <FuncUnit> <Opcode : 'mul'> <InPorts = 2> <OutPorts = 1>
ST_26 : Operation 2174 [1/1] (0.00ns)   --->   "%mult_5208 = partselect i19 @_ssdm_op_PartSelect.i19.i29.i32.i32, i29 %mul_ln73_5038, i32 10, i32 28" [firmware/nnet_utils/nnet_dense_latency.h:42]   --->   Operation 2174 'partselect' 'mult_5208' <Predicate = true> <Delay = 0.00>
ST_26 : Operation 2175 [1/1] (0.00ns)   --->   "%sext_ln17_5212 = sext i19 %mult_5208" [firmware/nnet_utils/nnet_dense_latency.h:17]   --->   Operation 2175 'sext' 'sext_ln17_5212' <Predicate = true> <Delay = 0.00>
ST_26 : Operation 2176 [1/1] (5.58ns)   --->   "%mul_ln73_5039 = mul i29 %sext_ln70_608, i29 3235" [firmware/nnet_utils/nnet_mult.h:73->firmware/nnet_utils/nnet_dense_latency.h:42]   --->   Operation 2176 'mul' 'mul_ln73_5039' <Predicate = true> <Delay = 5.58> <CoreInst = "Multiplier">   --->   Core 3 'Multiplier' <Latency = 0> <II = 1> <Delay = 5.58> <FuncUnit> <Opcode : 'mul'> <InPorts = 2> <OutPorts = 1>
ST_26 : Operation 2177 [1/1] (0.00ns)   --->   "%mult_5209 = partselect i19 @_ssdm_op_PartSelect.i19.i29.i32.i32, i29 %mul_ln73_5039, i32 10, i32 28" [firmware/nnet_utils/nnet_dense_latency.h:42]   --->   Operation 2177 'partselect' 'mult_5209' <Predicate = true> <Delay = 0.00>
ST_26 : Operation 2178 [1/1] (0.00ns)   --->   "%sext_ln17_5213 = sext i19 %mult_5209" [firmware/nnet_utils/nnet_dense_latency.h:17]   --->   Operation 2178 'sext' 'sext_ln17_5213' <Predicate = true> <Delay = 0.00>
ST_26 : Operation 2179 [1/1] (5.58ns)   --->   "%mul_ln73_5040 = mul i27 %sext_ln70_605, i27 862" [firmware/nnet_utils/nnet_mult.h:73->firmware/nnet_utils/nnet_dense_latency.h:42]   --->   Operation 2179 'mul' 'mul_ln73_5040' <Predicate = true> <Delay = 5.58> <CoreInst = "Multiplier">   --->   Core 3 'Multiplier' <Latency = 0> <II = 1> <Delay = 5.58> <FuncUnit> <Opcode : 'mul'> <InPorts = 2> <OutPorts = 1>
ST_26 : Operation 2180 [1/1] (0.00ns)   --->   "%mult_5210 = partselect i17 @_ssdm_op_PartSelect.i17.i27.i32.i32, i27 %mul_ln73_5040, i32 10, i32 26" [firmware/nnet_utils/nnet_dense_latency.h:42]   --->   Operation 2180 'partselect' 'mult_5210' <Predicate = true> <Delay = 0.00>
ST_26 : Operation 2181 [1/1] (5.58ns)   --->   "%mul_ln73_5041 = mul i28 %sext_ln70_606, i28 1520" [firmware/nnet_utils/nnet_mult.h:73->firmware/nnet_utils/nnet_dense_latency.h:42]   --->   Operation 2181 'mul' 'mul_ln73_5041' <Predicate = true> <Delay = 5.58> <CoreInst = "Multiplier">   --->   Core 3 'Multiplier' <Latency = 0> <II = 1> <Delay = 5.58> <FuncUnit> <Opcode : 'mul'> <InPorts = 2> <OutPorts = 1>
ST_26 : Operation 2182 [1/1] (0.00ns)   --->   "%mult_5212 = partselect i18 @_ssdm_op_PartSelect.i18.i28.i32.i32, i28 %mul_ln73_5041, i32 10, i32 27" [firmware/nnet_utils/nnet_dense_latency.h:42]   --->   Operation 2182 'partselect' 'mult_5212' <Predicate = true> <Delay = 0.00>
ST_26 : Operation 2183 [1/1] (5.58ns)   --->   "%mul_ln73_5042 = mul i29 %sext_ln70_608, i29 3755" [firmware/nnet_utils/nnet_mult.h:73->firmware/nnet_utils/nnet_dense_latency.h:42]   --->   Operation 2183 'mul' 'mul_ln73_5042' <Predicate = true> <Delay = 5.58> <CoreInst = "Multiplier">   --->   Core 3 'Multiplier' <Latency = 0> <II = 1> <Delay = 5.58> <FuncUnit> <Opcode : 'mul'> <InPorts = 2> <OutPorts = 1>
ST_26 : Operation 2184 [1/1] (0.00ns)   --->   "%mult_5213 = partselect i19 @_ssdm_op_PartSelect.i19.i29.i32.i32, i29 %mul_ln73_5042, i32 10, i32 28" [firmware/nnet_utils/nnet_dense_latency.h:42]   --->   Operation 2184 'partselect' 'mult_5213' <Predicate = true> <Delay = 0.00>
ST_26 : Operation 2185 [1/1] (5.58ns)   --->   "%mul_ln73_5043 = mul i29 %sext_ln70_608, i29 2886" [firmware/nnet_utils/nnet_mult.h:73->firmware/nnet_utils/nnet_dense_latency.h:42]   --->   Operation 2185 'mul' 'mul_ln73_5043' <Predicate = true> <Delay = 5.58> <CoreInst = "Multiplier">   --->   Core 3 'Multiplier' <Latency = 0> <II = 1> <Delay = 5.58> <FuncUnit> <Opcode : 'mul'> <InPorts = 2> <OutPorts = 1>
ST_26 : Operation 2186 [1/1] (0.00ns)   --->   "%mult_5214 = partselect i19 @_ssdm_op_PartSelect.i19.i29.i32.i32, i29 %mul_ln73_5043, i32 10, i32 28" [firmware/nnet_utils/nnet_dense_latency.h:42]   --->   Operation 2186 'partselect' 'mult_5214' <Predicate = true> <Delay = 0.00>
ST_26 : Operation 2187 [1/1] (5.58ns)   --->   "%mul_ln73_5044 = mul i30 %sext_ln70_607, i30 5491" [firmware/nnet_utils/nnet_mult.h:73->firmware/nnet_utils/nnet_dense_latency.h:42]   --->   Operation 2187 'mul' 'mul_ln73_5044' <Predicate = true> <Delay = 5.58> <CoreInst = "Multiplier">   --->   Core 3 'Multiplier' <Latency = 0> <II = 1> <Delay = 5.58> <FuncUnit> <Opcode : 'mul'> <InPorts = 2> <OutPorts = 1>
ST_26 : Operation 2188 [1/1] (0.00ns)   --->   "%mult_5216 = partselect i20 @_ssdm_op_PartSelect.i20.i30.i32.i32, i30 %mul_ln73_5044, i32 10, i32 29" [firmware/nnet_utils/nnet_dense_latency.h:42]   --->   Operation 2188 'partselect' 'mult_5216' <Predicate = true> <Delay = 0.00>
ST_26 : Operation 2189 [1/1] (0.00ns)   --->   "%sext_ln70_610 = sext i16 %data_27_val_read" [firmware/nnet_utils/nnet_mult.h:70->firmware/nnet_utils/nnet_dense_latency.h:42]   --->   Operation 2189 'sext' 'sext_ln70_610' <Predicate = true> <Delay = 0.00>
ST_26 : Operation 2190 [1/1] (0.00ns)   --->   "%sext_ln70_611 = sext i16 %data_27_val_read" [firmware/nnet_utils/nnet_mult.h:70->firmware/nnet_utils/nnet_dense_latency.h:42]   --->   Operation 2190 'sext' 'sext_ln70_611' <Predicate = true> <Delay = 0.00>
ST_26 : Operation 2191 [1/1] (0.00ns)   --->   "%sext_ln70_612 = sext i16 %data_27_val_read" [firmware/nnet_utils/nnet_mult.h:70->firmware/nnet_utils/nnet_dense_latency.h:42]   --->   Operation 2191 'sext' 'sext_ln70_612' <Predicate = true> <Delay = 0.00>
ST_26 : Operation 2192 [1/1] (0.00ns)   --->   "%sext_ln70_613 = sext i16 %data_27_val_read" [firmware/nnet_utils/nnet_mult.h:70->firmware/nnet_utils/nnet_dense_latency.h:42]   --->   Operation 2192 'sext' 'sext_ln70_613' <Predicate = true> <Delay = 0.00>
ST_26 : Operation 2193 [1/1] (0.00ns)   --->   "%sext_ln70_614 = sext i16 %data_27_val_read" [firmware/nnet_utils/nnet_mult.h:70->firmware/nnet_utils/nnet_dense_latency.h:42]   --->   Operation 2193 'sext' 'sext_ln70_614' <Predicate = true> <Delay = 0.00>
ST_26 : Operation 2194 [1/1] (5.58ns)   --->   "%mul_ln73_5045 = mul i26 %sext_ln70_614, i26 67108510" [firmware/nnet_utils/nnet_mult.h:73->firmware/nnet_utils/nnet_dense_latency.h:42]   --->   Operation 2194 'mul' 'mul_ln73_5045' <Predicate = true> <Delay = 5.58> <CoreInst = "Multiplier">   --->   Core 3 'Multiplier' <Latency = 0> <II = 1> <Delay = 5.58> <FuncUnit> <Opcode : 'mul'> <InPorts = 2> <OutPorts = 1>
ST_26 : Operation 2195 [1/1] (0.00ns)   --->   "%mult_5217 = partselect i16 @_ssdm_op_PartSelect.i16.i26.i32.i32, i26 %mul_ln73_5045, i32 10, i32 25" [firmware/nnet_utils/nnet_dense_latency.h:42]   --->   Operation 2195 'partselect' 'mult_5217' <Predicate = true> <Delay = 0.00>
ST_26 : Operation 2196 [1/1] (0.00ns)   --->   "%sext_ln17_5221 = sext i16 %mult_5217" [firmware/nnet_utils/nnet_dense_latency.h:17]   --->   Operation 2196 'sext' 'sext_ln17_5221' <Predicate = true> <Delay = 0.00>
ST_26 : Operation 2197 [1/1] (5.58ns)   --->   "%mul_ln73_5046 = mul i30 %sext_ln70_613, i30 5593" [firmware/nnet_utils/nnet_mult.h:73->firmware/nnet_utils/nnet_dense_latency.h:42]   --->   Operation 2197 'mul' 'mul_ln73_5046' <Predicate = true> <Delay = 5.58> <CoreInst = "Multiplier">   --->   Core 3 'Multiplier' <Latency = 0> <II = 1> <Delay = 5.58> <FuncUnit> <Opcode : 'mul'> <InPorts = 2> <OutPorts = 1>
ST_26 : Operation 2198 [1/1] (0.00ns)   --->   "%mult_5218 = partselect i20 @_ssdm_op_PartSelect.i20.i30.i32.i32, i30 %mul_ln73_5046, i32 10, i32 29" [firmware/nnet_utils/nnet_dense_latency.h:42]   --->   Operation 2198 'partselect' 'mult_5218' <Predicate = true> <Delay = 0.00>
ST_26 : Operation 2199 [1/1] (0.00ns)   --->   "%sext_ln17_5222 = sext i20 %mult_5218" [firmware/nnet_utils/nnet_dense_latency.h:17]   --->   Operation 2199 'sext' 'sext_ln17_5222' <Predicate = true> <Delay = 0.00>
ST_26 : Operation 2200 [1/1] (5.58ns)   --->   "%mul_ln73_5047 = mul i29 %sext_ln70_612, i29 536868561" [firmware/nnet_utils/nnet_mult.h:73->firmware/nnet_utils/nnet_dense_latency.h:42]   --->   Operation 2200 'mul' 'mul_ln73_5047' <Predicate = true> <Delay = 5.58> <CoreInst = "Multiplier">   --->   Core 3 'Multiplier' <Latency = 0> <II = 1> <Delay = 5.58> <FuncUnit> <Opcode : 'mul'> <InPorts = 2> <OutPorts = 1>
ST_26 : Operation 2201 [1/1] (0.00ns)   --->   "%mult_5220 = partselect i19 @_ssdm_op_PartSelect.i19.i29.i32.i32, i29 %mul_ln73_5047, i32 10, i32 28" [firmware/nnet_utils/nnet_dense_latency.h:42]   --->   Operation 2201 'partselect' 'mult_5220' <Predicate = true> <Delay = 0.00>
ST_26 : Operation 2202 [1/1] (0.00ns)   --->   "%sext_ln17_5224 = sext i19 %mult_5220" [firmware/nnet_utils/nnet_dense_latency.h:17]   --->   Operation 2202 'sext' 'sext_ln17_5224' <Predicate = true> <Delay = 0.00>
ST_26 : Operation 2203 [1/1] (5.58ns)   --->   "%mul_ln73_5048 = mul i27 %sext_ln70_611, i27 720" [firmware/nnet_utils/nnet_mult.h:73->firmware/nnet_utils/nnet_dense_latency.h:42]   --->   Operation 2203 'mul' 'mul_ln73_5048' <Predicate = true> <Delay = 5.58> <CoreInst = "Multiplier">   --->   Core 3 'Multiplier' <Latency = 0> <II = 1> <Delay = 5.58> <FuncUnit> <Opcode : 'mul'> <InPorts = 2> <OutPorts = 1>
ST_26 : Operation 2204 [1/1] (0.00ns)   --->   "%mult_5221 = partselect i17 @_ssdm_op_PartSelect.i17.i27.i32.i32, i27 %mul_ln73_5048, i32 10, i32 26" [firmware/nnet_utils/nnet_dense_latency.h:42]   --->   Operation 2204 'partselect' 'mult_5221' <Predicate = true> <Delay = 0.00>
ST_26 : Operation 2205 [1/1] (0.00ns)   --->   "%sext_ln17_5225 = sext i17 %mult_5221" [firmware/nnet_utils/nnet_dense_latency.h:17]   --->   Operation 2205 'sext' 'sext_ln17_5225' <Predicate = true> <Delay = 0.00>
ST_26 : Operation 2206 [1/1] (5.58ns)   --->   "%mul_ln73_5049 = mul i24 %sext_ln70_610, i24 92" [firmware/nnet_utils/nnet_mult.h:73->firmware/nnet_utils/nnet_dense_latency.h:42]   --->   Operation 2206 'mul' 'mul_ln73_5049' <Predicate = true> <Delay = 5.58> <CoreInst = "Multiplier">   --->   Core 3 'Multiplier' <Latency = 0> <II = 1> <Delay = 5.58> <FuncUnit> <Opcode : 'mul'> <InPorts = 2> <OutPorts = 1>
ST_26 : Operation 2207 [1/1] (0.00ns)   --->   "%mult_5222 = partselect i14 @_ssdm_op_PartSelect.i14.i24.i32.i32, i24 %mul_ln73_5049, i32 10, i32 23" [firmware/nnet_utils/nnet_dense_latency.h:42]   --->   Operation 2207 'partselect' 'mult_5222' <Predicate = true> <Delay = 0.00>
ST_26 : Operation 2208 [1/1] (0.00ns)   --->   "%sext_ln17_5226 = sext i14 %mult_5222" [firmware/nnet_utils/nnet_dense_latency.h:17]   --->   Operation 2208 'sext' 'sext_ln17_5226' <Predicate = true> <Delay = 0.00>
ST_26 : Operation 2209 [1/1] (5.58ns)   --->   "%mul_ln73_5050 = mul i26 %sext_ln70_614, i26 372" [firmware/nnet_utils/nnet_mult.h:73->firmware/nnet_utils/nnet_dense_latency.h:42]   --->   Operation 2209 'mul' 'mul_ln73_5050' <Predicate = true> <Delay = 5.58> <CoreInst = "Multiplier">   --->   Core 3 'Multiplier' <Latency = 0> <II = 1> <Delay = 5.58> <FuncUnit> <Opcode : 'mul'> <InPorts = 2> <OutPorts = 1>
ST_26 : Operation 2210 [1/1] (0.00ns)   --->   "%mult_5223 = partselect i16 @_ssdm_op_PartSelect.i16.i26.i32.i32, i26 %mul_ln73_5050, i32 10, i32 25" [firmware/nnet_utils/nnet_dense_latency.h:42]   --->   Operation 2210 'partselect' 'mult_5223' <Predicate = true> <Delay = 0.00>
ST_26 : Operation 2211 [1/1] (0.00ns)   --->   "%sext_ln17_5227 = sext i16 %mult_5223" [firmware/nnet_utils/nnet_dense_latency.h:17]   --->   Operation 2211 'sext' 'sext_ln17_5227' <Predicate = true> <Delay = 0.00>
ST_26 : Operation 2212 [1/1] (5.58ns)   --->   "%mul_ln73_5051 = mul i30 %sext_ln70_613, i30 5126" [firmware/nnet_utils/nnet_mult.h:73->firmware/nnet_utils/nnet_dense_latency.h:42]   --->   Operation 2212 'mul' 'mul_ln73_5051' <Predicate = true> <Delay = 5.58> <CoreInst = "Multiplier">   --->   Core 3 'Multiplier' <Latency = 0> <II = 1> <Delay = 5.58> <FuncUnit> <Opcode : 'mul'> <InPorts = 2> <OutPorts = 1>
ST_26 : Operation 2213 [1/1] (0.00ns)   --->   "%mult_5224 = partselect i20 @_ssdm_op_PartSelect.i20.i30.i32.i32, i30 %mul_ln73_5051, i32 10, i32 29" [firmware/nnet_utils/nnet_dense_latency.h:42]   --->   Operation 2213 'partselect' 'mult_5224' <Predicate = true> <Delay = 0.00>
ST_26 : Operation 2214 [1/1] (0.00ns)   --->   "%sext_ln17_5228 = sext i20 %mult_5224" [firmware/nnet_utils/nnet_dense_latency.h:17]   --->   Operation 2214 'sext' 'sext_ln17_5228' <Predicate = true> <Delay = 0.00>
ST_26 : Operation 2215 [1/1] (5.58ns)   --->   "%mul_ln73_5052 = mul i30 %sext_ln70_613, i30 5088" [firmware/nnet_utils/nnet_mult.h:73->firmware/nnet_utils/nnet_dense_latency.h:42]   --->   Operation 2215 'mul' 'mul_ln73_5052' <Predicate = true> <Delay = 5.58> <CoreInst = "Multiplier">   --->   Core 3 'Multiplier' <Latency = 0> <II = 1> <Delay = 5.58> <FuncUnit> <Opcode : 'mul'> <InPorts = 2> <OutPorts = 1>
ST_26 : Operation 2216 [1/1] (0.00ns)   --->   "%mult_5225 = partselect i20 @_ssdm_op_PartSelect.i20.i30.i32.i32, i30 %mul_ln73_5052, i32 10, i32 29" [firmware/nnet_utils/nnet_dense_latency.h:42]   --->   Operation 2216 'partselect' 'mult_5225' <Predicate = true> <Delay = 0.00>
ST_26 : Operation 2217 [1/1] (0.00ns)   --->   "%sext_ln17_5229 = sext i20 %mult_5225" [firmware/nnet_utils/nnet_dense_latency.h:17]   --->   Operation 2217 'sext' 'sext_ln17_5229' <Predicate = true> <Delay = 0.00>
ST_26 : Operation 2218 [1/1] (0.00ns)   --->   "%sext_ln58_3248 = sext i20 %add_ln58_4836" [firmware/nnet_utils/nnet_dense_latency.h:58]   --->   Operation 2218 'sext' 'sext_ln58_3248' <Predicate = true> <Delay = 0.00>
ST_26 : Operation 2219 [1/1] (2.16ns)   --->   "%add_ln58_4837 = add i20 %sext_ln17_5205, i20 %sext_ln17_5221" [firmware/nnet_utils/nnet_dense_latency.h:58]   --->   Operation 2219 'add' 'add_ln58_4837' <Predicate = true> <Delay = 2.16> <CoreInst = "Adder">   --->   Core 1 'Adder' <Latency = 0> <II = 1> <Delay = 2.16> <FuncUnit> <Opcode : 'add' 'sub'> <InPorts = 2> <OutPorts = 1>
ST_26 : Operation 2220 [1/1] (0.00ns)   --->   "%sext_ln58_3249 = sext i20 %add_ln58_4837" [firmware/nnet_utils/nnet_dense_latency.h:58]   --->   Operation 2220 'sext' 'sext_ln58_3249' <Predicate = true> <Delay = 0.00>
ST_26 : Operation 2221 [1/1] (2.19ns)   --->   "%add_ln58_4838 = add i21 %sext_ln58_3249, i21 %sext_ln58_3248" [firmware/nnet_utils/nnet_dense_latency.h:58]   --->   Operation 2221 'add' 'add_ln58_4838' <Predicate = true> <Delay = 2.19> <CoreInst = "Adder">   --->   Core 1 'Adder' <Latency = 0> <II = 1> <Delay = 2.19> <FuncUnit> <Opcode : 'add' 'sub'> <InPorts = 2> <OutPorts = 1>
ST_26 : Operation 2222 [1/1] (0.00ns)   --->   "%sext_ln58_3276 = sext i20 %add_ln58_4868" [firmware/nnet_utils/nnet_dense_latency.h:58]   --->   Operation 2222 'sext' 'sext_ln58_3276' <Predicate = true> <Delay = 0.00>
ST_26 : Operation 2223 [1/1] (2.19ns)   --->   "%add_ln58_4869 = add i21 %sext_ln17_5206, i21 %sext_ln17_5222" [firmware/nnet_utils/nnet_dense_latency.h:58]   --->   Operation 2223 'add' 'add_ln58_4869' <Predicate = true> <Delay = 2.19> <CoreInst = "Adder">   --->   Core 1 'Adder' <Latency = 0> <II = 1> <Delay = 2.19> <FuncUnit> <Opcode : 'add' 'sub'> <InPorts = 2> <OutPorts = 1>
ST_26 : Operation 2224 [1/1] (0.00ns)   --->   "%sext_ln58_3277 = sext i21 %add_ln58_4869" [firmware/nnet_utils/nnet_dense_latency.h:58]   --->   Operation 2224 'sext' 'sext_ln58_3277' <Predicate = true> <Delay = 0.00>
ST_26 : Operation 2225 [1/1] (2.22ns)   --->   "%add_ln58_4870 = add i22 %sext_ln58_3277, i22 %sext_ln58_3276" [firmware/nnet_utils/nnet_dense_latency.h:58]   --->   Operation 2225 'add' 'add_ln58_4870' <Predicate = true> <Delay = 2.22> <CoreInst = "Adder">   --->   Core 1 'Adder' <Latency = 0> <II = 1> <Delay = 2.22> <FuncUnit> <Opcode : 'add' 'sub'> <InPorts = 2> <OutPorts = 1>
ST_26 : Operation 2226 [1/1] (2.16ns)   --->   "%add_ln58_4933 = add i20 %sext_ln17_5208, i20 %sext_ln17_5224" [firmware/nnet_utils/nnet_dense_latency.h:58]   --->   Operation 2226 'add' 'add_ln58_4933' <Predicate = true> <Delay = 2.16> <CoreInst = "Adder">   --->   Core 1 'Adder' <Latency = 0> <II = 1> <Delay = 2.16> <FuncUnit> <Opcode : 'add' 'sub'> <InPorts = 2> <OutPorts = 1>
ST_26 : Operation 2227 [1/1] (0.00ns) (grouped into TernaryAdder)   --->   "%add_ln58_4964 = add i21 %sext_ln17_5177, i21 %sext_ln17_5193" [firmware/nnet_utils/nnet_dense_latency.h:58]   --->   Operation 2227 'add' 'add_ln58_4964' <Predicate = true> <Delay = 0.00> <CoreInst = "TAddSub">   --->   Core 10 'TAddSub' <Latency = 0> <II = 1> <Delay = 2.03> <IPBlock> <Opcode : '<invalid operator> ' 'add' 'sub'> <InPorts = 3> <OutPorts = 1> <Sync> <CReg>
ST_26 : Operation 2228 [1/1] (2.13ns)   --->   "%add_ln58_4965 = add i19 %sext_ln17_5209, i19 %sext_ln17_5225" [firmware/nnet_utils/nnet_dense_latency.h:58]   --->   Operation 2228 'add' 'add_ln58_4965' <Predicate = true> <Delay = 2.13> <CoreInst = "Adder">   --->   Core 1 'Adder' <Latency = 0> <II = 1> <Delay = 2.13> <FuncUnit> <Opcode : 'add' 'sub'> <InPorts = 2> <OutPorts = 1>
ST_26 : Operation 2229 [1/1] (0.00ns)   --->   "%sext_ln58_3357 = sext i19 %add_ln58_4965" [firmware/nnet_utils/nnet_dense_latency.h:58]   --->   Operation 2229 'sext' 'sext_ln58_3357' <Predicate = true> <Delay = 0.00>
ST_26 : Operation 2230 [1/1] (4.04ns) (root node of TernaryAdder)   --->   "%add_ln58_4966 = add i21 %sext_ln58_3357, i21 %add_ln58_4964" [firmware/nnet_utils/nnet_dense_latency.h:58]   --->   Operation 2230 'add' 'add_ln58_4966' <Predicate = true> <Delay = 4.04> <CoreInst = "TAddSub">   --->   Core 10 'TAddSub' <Latency = 0> <II = 1> <Delay = 2.03> <IPBlock> <Opcode : '<invalid operator> ' 'add' 'sub'> <InPorts = 3> <OutPorts = 1> <Sync> <CReg>
ST_26 : Operation 2231 [1/1] (0.00ns)   --->   "%sext_ln58_3386 = sext i21 %add_ln58_4996" [firmware/nnet_utils/nnet_dense_latency.h:58]   --->   Operation 2231 'sext' 'sext_ln58_3386' <Predicate = true> <Delay = 0.00>
ST_26 : Operation 2232 [1/1] (2.16ns)   --->   "%add_ln58_4997 = add i20 %sext_ln17_5210, i20 %sext_ln17_5226" [firmware/nnet_utils/nnet_dense_latency.h:58]   --->   Operation 2232 'add' 'add_ln58_4997' <Predicate = true> <Delay = 2.16> <CoreInst = "Adder">   --->   Core 1 'Adder' <Latency = 0> <II = 1> <Delay = 2.16> <FuncUnit> <Opcode : 'add' 'sub'> <InPorts = 2> <OutPorts = 1>
ST_26 : Operation 2233 [1/1] (0.00ns)   --->   "%sext_ln58_3387 = sext i20 %add_ln58_4997" [firmware/nnet_utils/nnet_dense_latency.h:58]   --->   Operation 2233 'sext' 'sext_ln58_3387' <Predicate = true> <Delay = 0.00>
ST_26 : Operation 2234 [1/1] (2.22ns)   --->   "%add_ln58_4998 = add i22 %sext_ln58_3387, i22 %sext_ln58_3386" [firmware/nnet_utils/nnet_dense_latency.h:58]   --->   Operation 2234 'add' 'add_ln58_4998' <Predicate = true> <Delay = 2.22> <CoreInst = "Adder">   --->   Core 1 'Adder' <Latency = 0> <II = 1> <Delay = 2.22> <FuncUnit> <Opcode : 'add' 'sub'> <InPorts = 2> <OutPorts = 1>
ST_26 : Operation 2235 [1/1] (0.00ns)   --->   "%sext_ln58_3413 = sext i19 %add_ln58_5028" [firmware/nnet_utils/nnet_dense_latency.h:58]   --->   Operation 2235 'sext' 'sext_ln58_3413' <Predicate = true> <Delay = 0.00>
ST_26 : Operation 2236 [1/1] (0.00ns) (grouped into TernaryAdder)   --->   "%add_ln58_5029 = add i21 %sext_ln17_5211, i21 %sext_ln17_5227" [firmware/nnet_utils/nnet_dense_latency.h:58]   --->   Operation 2236 'add' 'add_ln58_5029' <Predicate = true> <Delay = 0.00> <CoreInst = "TAddSub">   --->   Core 10 'TAddSub' <Latency = 0> <II = 1> <Delay = 2.03> <IPBlock> <Opcode : '<invalid operator> ' 'add' 'sub'> <InPorts = 3> <OutPorts = 1> <Sync> <CReg>
ST_26 : Operation 2237 [1/1] (4.04ns) (root node of TernaryAdder)   --->   "%add_ln58_5030 = add i21 %add_ln58_5029, i21 %sext_ln58_3413" [firmware/nnet_utils/nnet_dense_latency.h:58]   --->   Operation 2237 'add' 'add_ln58_5030' <Predicate = true> <Delay = 4.04> <CoreInst = "TAddSub">   --->   Core 10 'TAddSub' <Latency = 0> <II = 1> <Delay = 2.03> <IPBlock> <Opcode : '<invalid operator> ' 'add' 'sub'> <InPorts = 3> <OutPorts = 1> <Sync> <CReg>
ST_26 : Operation 2238 [1/1] (0.00ns)   --->   "%sext_ln58_3440 = sext i20 %add_ln58_5060" [firmware/nnet_utils/nnet_dense_latency.h:58]   --->   Operation 2238 'sext' 'sext_ln58_3440' <Predicate = true> <Delay = 0.00>
ST_26 : Operation 2239 [1/1] (2.19ns)   --->   "%add_ln58_5061 = add i21 %sext_ln17_5212, i21 %sext_ln17_5228" [firmware/nnet_utils/nnet_dense_latency.h:58]   --->   Operation 2239 'add' 'add_ln58_5061' <Predicate = true> <Delay = 2.19> <CoreInst = "Adder">   --->   Core 1 'Adder' <Latency = 0> <II = 1> <Delay = 2.19> <FuncUnit> <Opcode : 'add' 'sub'> <InPorts = 2> <OutPorts = 1>
ST_26 : Operation 2240 [1/1] (0.00ns)   --->   "%sext_ln58_3441 = sext i21 %add_ln58_5061" [firmware/nnet_utils/nnet_dense_latency.h:58]   --->   Operation 2240 'sext' 'sext_ln58_3441' <Predicate = true> <Delay = 0.00>
ST_26 : Operation 2241 [1/1] (2.22ns)   --->   "%add_ln58_5062 = add i22 %sext_ln58_3441, i22 %sext_ln58_3440" [firmware/nnet_utils/nnet_dense_latency.h:58]   --->   Operation 2241 'add' 'add_ln58_5062' <Predicate = true> <Delay = 2.22> <CoreInst = "Adder">   --->   Core 1 'Adder' <Latency = 0> <II = 1> <Delay = 2.22> <FuncUnit> <Opcode : 'add' 'sub'> <InPorts = 2> <OutPorts = 1>
ST_26 : Operation 2242 [1/1] (0.00ns)   --->   "%sext_ln58_3470 = sext i20 %add_ln58_5092" [firmware/nnet_utils/nnet_dense_latency.h:58]   --->   Operation 2242 'sext' 'sext_ln58_3470' <Predicate = true> <Delay = 0.00>
ST_26 : Operation 2243 [1/1] (2.19ns)   --->   "%add_ln58_5093 = add i21 %sext_ln17_5213, i21 %sext_ln17_5229" [firmware/nnet_utils/nnet_dense_latency.h:58]   --->   Operation 2243 'add' 'add_ln58_5093' <Predicate = true> <Delay = 2.19> <CoreInst = "Adder">   --->   Core 1 'Adder' <Latency = 0> <II = 1> <Delay = 2.19> <FuncUnit> <Opcode : 'add' 'sub'> <InPorts = 2> <OutPorts = 1>
ST_26 : Operation 2244 [1/1] (0.00ns)   --->   "%sext_ln58_3471 = sext i21 %add_ln58_5093" [firmware/nnet_utils/nnet_dense_latency.h:58]   --->   Operation 2244 'sext' 'sext_ln58_3471' <Predicate = true> <Delay = 0.00>
ST_26 : Operation 2245 [1/1] (2.22ns)   --->   "%add_ln58_5094 = add i22 %sext_ln58_3471, i22 %sext_ln58_3470" [firmware/nnet_utils/nnet_dense_latency.h:58]   --->   Operation 2245 'add' 'add_ln58_5094' <Predicate = true> <Delay = 2.22> <CoreInst = "Adder">   --->   Core 1 'Adder' <Latency = 0> <II = 1> <Delay = 2.22> <FuncUnit> <Opcode : 'add' 'sub'> <InPorts = 2> <OutPorts = 1>

State 27 <SV = 26> <Delay = 11.7>
ST_27 : Operation 2246 [1/1] (0.00ns)   --->   "%data_28_val_read = read i16 @_ssdm_op_Read.ap_auto.i16, i16 %data_28_val" [firmware/nnet_utils/nnet_mult.h:70->firmware/nnet_utils/nnet_dense_latency.h:42]   --->   Operation 2246 'read' 'data_28_val_read' <Predicate = true> <Delay = 0.00>
ST_27 : Operation 2247 [1/1] (0.00ns)   --->   "%sext_ln17_5183 = sext i13 %mult_5179" [firmware/nnet_utils/nnet_dense_latency.h:17]   --->   Operation 2247 'sext' 'sext_ln17_5183' <Predicate = true> <Delay = 0.00>
ST_27 : Operation 2248 [1/1] (0.00ns)   --->   "%sext_ln17_5199 = sext i20 %mult_5195" [firmware/nnet_utils/nnet_dense_latency.h:17]   --->   Operation 2248 'sext' 'sext_ln17_5199' <Predicate = true> <Delay = 0.00>
ST_27 : Operation 2249 [1/1] (0.00ns)   --->   "%sext_ln17_5207 = sext i20 %mult_5203" [firmware/nnet_utils/nnet_dense_latency.h:17]   --->   Operation 2249 'sext' 'sext_ln17_5207' <Predicate = true> <Delay = 0.00>
ST_27 : Operation 2250 [1/1] (0.00ns)   --->   "%sext_ln17_5214 = sext i17 %mult_5210" [firmware/nnet_utils/nnet_dense_latency.h:17]   --->   Operation 2250 'sext' 'sext_ln17_5214' <Predicate = true> <Delay = 0.00>
ST_27 : Operation 2251 [1/1] (0.00ns)   --->   "%shl_ln73_272 = bitconcatenate i26 @_ssdm_op_BitConcatenate.i26.i16.i10, i16 %data_26_val_read, i10 0" [firmware/nnet_utils/nnet_mult.h:73->firmware/nnet_utils/nnet_dense_latency.h:42]   --->   Operation 2251 'bitconcatenate' 'shl_ln73_272' <Predicate = true> <Delay = 0.00>
ST_27 : Operation 2252 [1/1] (0.00ns)   --->   "%sext_ln73_305 = sext i26 %shl_ln73_272" [firmware/nnet_utils/nnet_mult.h:73->firmware/nnet_utils/nnet_dense_latency.h:42]   --->   Operation 2252 'sext' 'sext_ln73_305' <Predicate = true> <Delay = 0.00>
ST_27 : Operation 2253 [1/1] (0.00ns)   --->   "%shl_ln73_273 = bitconcatenate i21 @_ssdm_op_BitConcatenate.i21.i16.i5, i16 %data_26_val_read, i5 0" [firmware/nnet_utils/nnet_mult.h:73->firmware/nnet_utils/nnet_dense_latency.h:42]   --->   Operation 2253 'bitconcatenate' 'shl_ln73_273' <Predicate = true> <Delay = 0.00>
ST_27 : Operation 2254 [1/1] (0.00ns)   --->   "%sext_ln73_306 = sext i21 %shl_ln73_273" [firmware/nnet_utils/nnet_mult.h:73->firmware/nnet_utils/nnet_dense_latency.h:42]   --->   Operation 2254 'sext' 'sext_ln73_306' <Predicate = true> <Delay = 0.00>
ST_27 : Operation 2255 [1/1] (2.37ns)   --->   "%sub_ln73_181 = sub i27 %sext_ln73_305, i27 %sext_ln73_306" [firmware/nnet_utils/nnet_mult.h:73->firmware/nnet_utils/nnet_dense_latency.h:42]   --->   Operation 2255 'sub' 'sub_ln73_181' <Predicate = true> <Delay = 2.37> <CoreInst = "Adder">   --->   Core 1 'Adder' <Latency = 0> <II = 1> <Delay = 2.37> <FuncUnit> <Opcode : 'add' 'sub'> <InPorts = 2> <OutPorts = 1>
ST_27 : Operation 2256 [1/1] (0.00ns)   --->   "%mult_5211 = partselect i17 @_ssdm_op_PartSelect.i17.i27.i32.i32, i27 %sub_ln73_181, i32 10, i32 26" [firmware/nnet_utils/nnet_dense_latency.h:42]   --->   Operation 2256 'partselect' 'mult_5211' <Predicate = true> <Delay = 0.00>
ST_27 : Operation 2257 [1/1] (0.00ns)   --->   "%sext_ln17_5215 = sext i17 %mult_5211" [firmware/nnet_utils/nnet_dense_latency.h:17]   --->   Operation 2257 'sext' 'sext_ln17_5215' <Predicate = true> <Delay = 0.00>
ST_27 : Operation 2258 [1/1] (0.00ns)   --->   "%sext_ln17_5216 = sext i18 %mult_5212" [firmware/nnet_utils/nnet_dense_latency.h:17]   --->   Operation 2258 'sext' 'sext_ln17_5216' <Predicate = true> <Delay = 0.00>
ST_27 : Operation 2259 [1/1] (0.00ns)   --->   "%sext_ln17_5217 = sext i19 %mult_5213" [firmware/nnet_utils/nnet_dense_latency.h:17]   --->   Operation 2259 'sext' 'sext_ln17_5217' <Predicate = true> <Delay = 0.00>
ST_27 : Operation 2260 [1/1] (0.00ns)   --->   "%sext_ln17_5218 = sext i19 %mult_5214" [firmware/nnet_utils/nnet_dense_latency.h:17]   --->   Operation 2260 'sext' 'sext_ln17_5218' <Predicate = true> <Delay = 0.00>
ST_27 : Operation 2261 [1/1] (0.00ns)   --->   "%shl_ln73_274 = bitconcatenate i23 @_ssdm_op_BitConcatenate.i23.i16.i7, i16 %data_26_val_read, i7 0" [firmware/nnet_utils/nnet_mult.h:73->firmware/nnet_utils/nnet_dense_latency.h:42]   --->   Operation 2261 'bitconcatenate' 'shl_ln73_274' <Predicate = true> <Delay = 0.00>
ST_27 : Operation 2262 [1/1] (0.00ns)   --->   "%sext_ln73_307 = sext i23 %shl_ln73_274" [firmware/nnet_utils/nnet_mult.h:73->firmware/nnet_utils/nnet_dense_latency.h:42]   --->   Operation 2262 'sext' 'sext_ln73_307' <Predicate = true> <Delay = 0.00>
ST_27 : Operation 2263 [1/1] (0.00ns)   --->   "%shl_ln73_275 = bitconcatenate i17 @_ssdm_op_BitConcatenate.i17.i16.i1, i16 %data_26_val_read, i1 0" [firmware/nnet_utils/nnet_mult.h:73->firmware/nnet_utils/nnet_dense_latency.h:42]   --->   Operation 2263 'bitconcatenate' 'shl_ln73_275' <Predicate = true> <Delay = 0.00>
ST_27 : Operation 2264 [1/1] (0.00ns)   --->   "%sext_ln73_308 = sext i17 %shl_ln73_275" [firmware/nnet_utils/nnet_mult.h:73->firmware/nnet_utils/nnet_dense_latency.h:42]   --->   Operation 2264 'sext' 'sext_ln73_308' <Predicate = true> <Delay = 0.00>
ST_27 : Operation 2265 [1/1] (2.28ns)   --->   "%add_ln73_38 = add i24 %sext_ln73_307, i24 %sext_ln73_308" [firmware/nnet_utils/nnet_mult.h:73->firmware/nnet_utils/nnet_dense_latency.h:42]   --->   Operation 2265 'add' 'add_ln73_38' <Predicate = true> <Delay = 2.28> <CoreInst = "Adder">   --->   Core 1 'Adder' <Latency = 0> <II = 1> <Delay = 2.28> <FuncUnit> <Opcode : 'add' 'sub'> <InPorts = 2> <OutPorts = 1>
ST_27 : Operation 2266 [1/1] (0.00ns)   --->   "%mult_5215 = partselect i14 @_ssdm_op_PartSelect.i14.i24.i32.i32, i24 %add_ln73_38, i32 10, i32 23" [firmware/nnet_utils/nnet_dense_latency.h:42]   --->   Operation 2266 'partselect' 'mult_5215' <Predicate = true> <Delay = 0.00>
ST_27 : Operation 2267 [1/1] (0.00ns)   --->   "%sext_ln17_5219 = sext i14 %mult_5215" [firmware/nnet_utils/nnet_dense_latency.h:17]   --->   Operation 2267 'sext' 'sext_ln17_5219' <Predicate = true> <Delay = 0.00>
ST_27 : Operation 2268 [1/1] (0.00ns)   --->   "%sext_ln17_5220 = sext i20 %mult_5216" [firmware/nnet_utils/nnet_dense_latency.h:17]   --->   Operation 2268 'sext' 'sext_ln17_5220' <Predicate = true> <Delay = 0.00>
ST_27 : Operation 2269 [1/1] (0.00ns)   --->   "%sext_ln70_609 = sext i16 %data_27_val_read" [firmware/nnet_utils/nnet_mult.h:70->firmware/nnet_utils/nnet_dense_latency.h:42]   --->   Operation 2269 'sext' 'sext_ln70_609' <Predicate = true> <Delay = 0.00>
ST_27 : Operation 2270 [1/1] (0.00ns)   --->   "%shl_ln73_276 = bitconcatenate i21 @_ssdm_op_BitConcatenate.i21.i16.i5, i16 %data_27_val_read, i5 0" [firmware/nnet_utils/nnet_mult.h:73->firmware/nnet_utils/nnet_dense_latency.h:42]   --->   Operation 2270 'bitconcatenate' 'shl_ln73_276' <Predicate = true> <Delay = 0.00>
ST_27 : Operation 2271 [1/1] (0.00ns)   --->   "%sext_ln73_309 = sext i21 %shl_ln73_276" [firmware/nnet_utils/nnet_mult.h:73->firmware/nnet_utils/nnet_dense_latency.h:42]   --->   Operation 2271 'sext' 'sext_ln73_309' <Predicate = true> <Delay = 0.00>
ST_27 : Operation 2272 [1/1] (0.00ns)   --->   "%shl_ln73_277 = bitconcatenate i18 @_ssdm_op_BitConcatenate.i18.i16.i2, i16 %data_27_val_read, i2 0" [firmware/nnet_utils/nnet_mult.h:73->firmware/nnet_utils/nnet_dense_latency.h:42]   --->   Operation 2272 'bitconcatenate' 'shl_ln73_277' <Predicate = true> <Delay = 0.00>
ST_27 : Operation 2273 [1/1] (0.00ns)   --->   "%sext_ln73_310 = sext i18 %shl_ln73_277" [firmware/nnet_utils/nnet_mult.h:73->firmware/nnet_utils/nnet_dense_latency.h:42]   --->   Operation 2273 'sext' 'sext_ln73_310' <Predicate = true> <Delay = 0.00>
ST_27 : Operation 2274 [1/1] (2.22ns)   --->   "%sub_ln73_182 = sub i22 %sext_ln73_310, i22 %sext_ln73_309" [firmware/nnet_utils/nnet_mult.h:73->firmware/nnet_utils/nnet_dense_latency.h:42]   --->   Operation 2274 'sub' 'sub_ln73_182' <Predicate = true> <Delay = 2.22> <CoreInst = "Adder">   --->   Core 1 'Adder' <Latency = 0> <II = 1> <Delay = 2.22> <FuncUnit> <Opcode : 'add' 'sub'> <InPorts = 2> <OutPorts = 1>
ST_27 : Operation 2275 [1/1] (0.00ns)   --->   "%mult_5219 = partselect i12 @_ssdm_op_PartSelect.i12.i22.i32.i32, i22 %sub_ln73_182, i32 10, i32 21" [firmware/nnet_utils/nnet_dense_latency.h:42]   --->   Operation 2275 'partselect' 'mult_5219' <Predicate = true> <Delay = 0.00>
ST_27 : Operation 2276 [1/1] (0.00ns)   --->   "%sext_ln17_5223 = sext i12 %mult_5219" [firmware/nnet_utils/nnet_dense_latency.h:17]   --->   Operation 2276 'sext' 'sext_ln17_5223' <Predicate = true> <Delay = 0.00>
ST_27 : Operation 2277 [1/1] (5.58ns)   --->   "%mul_ln73_5053 = mul i29 %sext_ln70_612, i29 536867507" [firmware/nnet_utils/nnet_mult.h:73->firmware/nnet_utils/nnet_dense_latency.h:42]   --->   Operation 2277 'mul' 'mul_ln73_5053' <Predicate = true> <Delay = 5.58> <CoreInst = "Multiplier">   --->   Core 3 'Multiplier' <Latency = 0> <II = 1> <Delay = 5.58> <FuncUnit> <Opcode : 'mul'> <InPorts = 2> <OutPorts = 1>
ST_27 : Operation 2278 [1/1] (0.00ns)   --->   "%mult_5226 = partselect i19 @_ssdm_op_PartSelect.i19.i29.i32.i32, i29 %mul_ln73_5053, i32 10, i32 28" [firmware/nnet_utils/nnet_dense_latency.h:42]   --->   Operation 2278 'partselect' 'mult_5226' <Predicate = true> <Delay = 0.00>
ST_27 : Operation 2279 [1/1] (0.00ns)   --->   "%sext_ln17_5230 = sext i19 %mult_5226" [firmware/nnet_utils/nnet_dense_latency.h:17]   --->   Operation 2279 'sext' 'sext_ln17_5230' <Predicate = true> <Delay = 0.00>
ST_27 : Operation 2280 [1/1] (5.58ns)   --->   "%mul_ln73_5054 = mul i28 %sext_ln70_609, i28 1310" [firmware/nnet_utils/nnet_mult.h:73->firmware/nnet_utils/nnet_dense_latency.h:42]   --->   Operation 2280 'mul' 'mul_ln73_5054' <Predicate = true> <Delay = 5.58> <CoreInst = "Multiplier">   --->   Core 3 'Multiplier' <Latency = 0> <II = 1> <Delay = 5.58> <FuncUnit> <Opcode : 'mul'> <InPorts = 2> <OutPorts = 1>
ST_27 : Operation 2281 [1/1] (0.00ns)   --->   "%mult_5227 = partselect i18 @_ssdm_op_PartSelect.i18.i28.i32.i32, i28 %mul_ln73_5054, i32 10, i32 27" [firmware/nnet_utils/nnet_dense_latency.h:42]   --->   Operation 2281 'partselect' 'mult_5227' <Predicate = true> <Delay = 0.00>
ST_27 : Operation 2282 [1/1] (0.00ns)   --->   "%sext_ln17_5231 = sext i18 %mult_5227" [firmware/nnet_utils/nnet_dense_latency.h:17]   --->   Operation 2282 'sext' 'sext_ln17_5231' <Predicate = true> <Delay = 0.00>
ST_27 : Operation 2283 [1/1] (5.58ns)   --->   "%mul_ln73_5055 = mul i29 %sext_ln70_612, i29 536867494" [firmware/nnet_utils/nnet_mult.h:73->firmware/nnet_utils/nnet_dense_latency.h:42]   --->   Operation 2283 'mul' 'mul_ln73_5055' <Predicate = true> <Delay = 5.58> <CoreInst = "Multiplier">   --->   Core 3 'Multiplier' <Latency = 0> <II = 1> <Delay = 5.58> <FuncUnit> <Opcode : 'mul'> <InPorts = 2> <OutPorts = 1>
ST_27 : Operation 2284 [1/1] (0.00ns)   --->   "%mult_5228 = partselect i19 @_ssdm_op_PartSelect.i19.i29.i32.i32, i29 %mul_ln73_5055, i32 10, i32 28" [firmware/nnet_utils/nnet_dense_latency.h:42]   --->   Operation 2284 'partselect' 'mult_5228' <Predicate = true> <Delay = 0.00>
ST_27 : Operation 2285 [1/1] (0.00ns)   --->   "%sext_ln17_5232 = sext i19 %mult_5228" [firmware/nnet_utils/nnet_dense_latency.h:17]   --->   Operation 2285 'sext' 'sext_ln17_5232' <Predicate = true> <Delay = 0.00>
ST_27 : Operation 2286 [1/1] (5.58ns)   --->   "%mul_ln73_5056 = mul i30 %sext_ln70_613, i30 1073736924" [firmware/nnet_utils/nnet_mult.h:73->firmware/nnet_utils/nnet_dense_latency.h:42]   --->   Operation 2286 'mul' 'mul_ln73_5056' <Predicate = true> <Delay = 5.58> <CoreInst = "Multiplier">   --->   Core 3 'Multiplier' <Latency = 0> <II = 1> <Delay = 5.58> <FuncUnit> <Opcode : 'mul'> <InPorts = 2> <OutPorts = 1>
ST_27 : Operation 2287 [1/1] (0.00ns)   --->   "%mult_5229 = partselect i20 @_ssdm_op_PartSelect.i20.i30.i32.i32, i30 %mul_ln73_5056, i32 10, i32 29" [firmware/nnet_utils/nnet_dense_latency.h:42]   --->   Operation 2287 'partselect' 'mult_5229' <Predicate = true> <Delay = 0.00>
ST_27 : Operation 2288 [1/1] (0.00ns)   --->   "%sext_ln17_5233 = sext i20 %mult_5229" [firmware/nnet_utils/nnet_dense_latency.h:17]   --->   Operation 2288 'sext' 'sext_ln17_5233' <Predicate = true> <Delay = 0.00>
ST_27 : Operation 2289 [1/1] (5.58ns)   --->   "%mul_ln73_5057 = mul i29 %sext_ln70_612, i29 3494" [firmware/nnet_utils/nnet_mult.h:73->firmware/nnet_utils/nnet_dense_latency.h:42]   --->   Operation 2289 'mul' 'mul_ln73_5057' <Predicate = true> <Delay = 5.58> <CoreInst = "Multiplier">   --->   Core 3 'Multiplier' <Latency = 0> <II = 1> <Delay = 5.58> <FuncUnit> <Opcode : 'mul'> <InPorts = 2> <OutPorts = 1>
ST_27 : Operation 2290 [1/1] (0.00ns)   --->   "%mult_5230 = partselect i19 @_ssdm_op_PartSelect.i19.i29.i32.i32, i29 %mul_ln73_5057, i32 10, i32 28" [firmware/nnet_utils/nnet_dense_latency.h:42]   --->   Operation 2290 'partselect' 'mult_5230' <Predicate = true> <Delay = 0.00>
ST_27 : Operation 2291 [1/1] (0.00ns)   --->   "%sext_ln17_5234 = sext i19 %mult_5230" [firmware/nnet_utils/nnet_dense_latency.h:17]   --->   Operation 2291 'sext' 'sext_ln17_5234' <Predicate = true> <Delay = 0.00>
ST_27 : Operation 2292 [1/1] (5.58ns)   --->   "%mul_ln73_5058 = mul i29 %sext_ln70_612, i29 536867401" [firmware/nnet_utils/nnet_mult.h:73->firmware/nnet_utils/nnet_dense_latency.h:42]   --->   Operation 2292 'mul' 'mul_ln73_5058' <Predicate = true> <Delay = 5.58> <CoreInst = "Multiplier">   --->   Core 3 'Multiplier' <Latency = 0> <II = 1> <Delay = 5.58> <FuncUnit> <Opcode : 'mul'> <InPorts = 2> <OutPorts = 1>
ST_27 : Operation 2293 [1/1] (0.00ns)   --->   "%mult_5231 = partselect i19 @_ssdm_op_PartSelect.i19.i29.i32.i32, i29 %mul_ln73_5058, i32 10, i32 28" [firmware/nnet_utils/nnet_dense_latency.h:42]   --->   Operation 2293 'partselect' 'mult_5231' <Predicate = true> <Delay = 0.00>
ST_27 : Operation 2294 [1/1] (0.00ns)   --->   "%sext_ln17_5235 = sext i19 %mult_5231" [firmware/nnet_utils/nnet_dense_latency.h:17]   --->   Operation 2294 'sext' 'sext_ln17_5235' <Predicate = true> <Delay = 0.00>
ST_27 : Operation 2295 [1/1] (5.58ns)   --->   "%mul_ln73_5059 = mul i29 %sext_ln70_612, i29 3738" [firmware/nnet_utils/nnet_mult.h:73->firmware/nnet_utils/nnet_dense_latency.h:42]   --->   Operation 2295 'mul' 'mul_ln73_5059' <Predicate = true> <Delay = 5.58> <CoreInst = "Multiplier">   --->   Core 3 'Multiplier' <Latency = 0> <II = 1> <Delay = 5.58> <FuncUnit> <Opcode : 'mul'> <InPorts = 2> <OutPorts = 1>
ST_27 : Operation 2296 [1/1] (0.00ns)   --->   "%mult_5232 = partselect i19 @_ssdm_op_PartSelect.i19.i29.i32.i32, i29 %mul_ln73_5059, i32 10, i32 28" [firmware/nnet_utils/nnet_dense_latency.h:42]   --->   Operation 2296 'partselect' 'mult_5232' <Predicate = true> <Delay = 0.00>
ST_27 : Operation 2297 [1/1] (0.00ns)   --->   "%sext_ln17_5236 = sext i19 %mult_5232" [firmware/nnet_utils/nnet_dense_latency.h:17]   --->   Operation 2297 'sext' 'sext_ln17_5236' <Predicate = true> <Delay = 0.00>
ST_27 : Operation 2298 [1/1] (0.00ns)   --->   "%sext_ln70_616 = sext i16 %data_28_val_read" [firmware/nnet_utils/nnet_mult.h:70->firmware/nnet_utils/nnet_dense_latency.h:42]   --->   Operation 2298 'sext' 'sext_ln70_616' <Predicate = true> <Delay = 0.00>
ST_27 : Operation 2299 [1/1] (0.00ns)   --->   "%sext_ln70_617 = sext i16 %data_28_val_read" [firmware/nnet_utils/nnet_mult.h:70->firmware/nnet_utils/nnet_dense_latency.h:42]   --->   Operation 2299 'sext' 'sext_ln70_617' <Predicate = true> <Delay = 0.00>
ST_27 : Operation 2300 [1/1] (0.00ns)   --->   "%sext_ln70_618 = sext i16 %data_28_val_read" [firmware/nnet_utils/nnet_mult.h:70->firmware/nnet_utils/nnet_dense_latency.h:42]   --->   Operation 2300 'sext' 'sext_ln70_618' <Predicate = true> <Delay = 0.00>
ST_27 : Operation 2301 [1/1] (5.58ns)   --->   "%mul_ln73_5060 = mul i30 %sext_ln70_618, i30 4739" [firmware/nnet_utils/nnet_mult.h:73->firmware/nnet_utils/nnet_dense_latency.h:42]   --->   Operation 2301 'mul' 'mul_ln73_5060' <Predicate = true> <Delay = 5.58> <CoreInst = "Multiplier">   --->   Core 3 'Multiplier' <Latency = 0> <II = 1> <Delay = 5.58> <FuncUnit> <Opcode : 'mul'> <InPorts = 2> <OutPorts = 1>
ST_27 : Operation 2302 [1/1] (0.00ns)   --->   "%mult_5233 = partselect i20 @_ssdm_op_PartSelect.i20.i30.i32.i32, i30 %mul_ln73_5060, i32 10, i32 29" [firmware/nnet_utils/nnet_dense_latency.h:42]   --->   Operation 2302 'partselect' 'mult_5233' <Predicate = true> <Delay = 0.00>
ST_27 : Operation 2303 [1/1] (5.58ns)   --->   "%mul_ln73_5061 = mul i30 %sext_ln70_618, i30 4735" [firmware/nnet_utils/nnet_mult.h:73->firmware/nnet_utils/nnet_dense_latency.h:42]   --->   Operation 2303 'mul' 'mul_ln73_5061' <Predicate = true> <Delay = 5.58> <CoreInst = "Multiplier">   --->   Core 3 'Multiplier' <Latency = 0> <II = 1> <Delay = 5.58> <FuncUnit> <Opcode : 'mul'> <InPorts = 2> <OutPorts = 1>
ST_27 : Operation 2304 [1/1] (0.00ns)   --->   "%mult_5234 = partselect i20 @_ssdm_op_PartSelect.i20.i30.i32.i32, i30 %mul_ln73_5061, i32 10, i32 29" [firmware/nnet_utils/nnet_dense_latency.h:42]   --->   Operation 2304 'partselect' 'mult_5234' <Predicate = true> <Delay = 0.00>
ST_27 : Operation 2305 [1/1] (5.58ns)   --->   "%mul_ln73_5062 = mul i28 %sext_ln70_617, i28 268433522" [firmware/nnet_utils/nnet_mult.h:73->firmware/nnet_utils/nnet_dense_latency.h:42]   --->   Operation 2305 'mul' 'mul_ln73_5062' <Predicate = true> <Delay = 5.58> <CoreInst = "Multiplier">   --->   Core 3 'Multiplier' <Latency = 0> <II = 1> <Delay = 5.58> <FuncUnit> <Opcode : 'mul'> <InPorts = 2> <OutPorts = 1>
ST_27 : Operation 2306 [1/1] (0.00ns)   --->   "%mult_5235 = partselect i18 @_ssdm_op_PartSelect.i18.i28.i32.i32, i28 %mul_ln73_5062, i32 10, i32 27" [firmware/nnet_utils/nnet_dense_latency.h:42]   --->   Operation 2306 'partselect' 'mult_5235' <Predicate = true> <Delay = 0.00>
ST_27 : Operation 2307 [1/1] (5.58ns)   --->   "%mul_ln73_5063 = mul i28 %sext_ln70_617, i28 1305" [firmware/nnet_utils/nnet_mult.h:73->firmware/nnet_utils/nnet_dense_latency.h:42]   --->   Operation 2307 'mul' 'mul_ln73_5063' <Predicate = true> <Delay = 5.58> <CoreInst = "Multiplier">   --->   Core 3 'Multiplier' <Latency = 0> <II = 1> <Delay = 5.58> <FuncUnit> <Opcode : 'mul'> <InPorts = 2> <OutPorts = 1>
ST_27 : Operation 2308 [1/1] (0.00ns)   --->   "%mult_5236 = partselect i18 @_ssdm_op_PartSelect.i18.i28.i32.i32, i28 %mul_ln73_5063, i32 10, i32 27" [firmware/nnet_utils/nnet_dense_latency.h:42]   --->   Operation 2308 'partselect' 'mult_5236' <Predicate = true> <Delay = 0.00>
ST_27 : Operation 2309 [1/1] (5.58ns)   --->   "%mul_ln73_5064 = mul i30 %sext_ln70_618, i30 1073736450" [firmware/nnet_utils/nnet_mult.h:73->firmware/nnet_utils/nnet_dense_latency.h:42]   --->   Operation 2309 'mul' 'mul_ln73_5064' <Predicate = true> <Delay = 5.58> <CoreInst = "Multiplier">   --->   Core 3 'Multiplier' <Latency = 0> <II = 1> <Delay = 5.58> <FuncUnit> <Opcode : 'mul'> <InPorts = 2> <OutPorts = 1>
ST_27 : Operation 2310 [1/1] (0.00ns)   --->   "%mult_5237 = partselect i20 @_ssdm_op_PartSelect.i20.i30.i32.i32, i30 %mul_ln73_5064, i32 10, i32 29" [firmware/nnet_utils/nnet_dense_latency.h:42]   --->   Operation 2310 'partselect' 'mult_5237' <Predicate = true> <Delay = 0.00>
ST_27 : Operation 2311 [1/1] (5.58ns)   --->   "%mul_ln73_5065 = mul i30 %sext_ln70_618, i30 1073736185" [firmware/nnet_utils/nnet_mult.h:73->firmware/nnet_utils/nnet_dense_latency.h:42]   --->   Operation 2311 'mul' 'mul_ln73_5065' <Predicate = true> <Delay = 5.58> <CoreInst = "Multiplier">   --->   Core 3 'Multiplier' <Latency = 0> <II = 1> <Delay = 5.58> <FuncUnit> <Opcode : 'mul'> <InPorts = 2> <OutPorts = 1>
ST_27 : Operation 2312 [1/1] (0.00ns)   --->   "%mult_5238 = partselect i20 @_ssdm_op_PartSelect.i20.i30.i32.i32, i30 %mul_ln73_5065, i32 10, i32 29" [firmware/nnet_utils/nnet_dense_latency.h:42]   --->   Operation 2312 'partselect' 'mult_5238' <Predicate = true> <Delay = 0.00>
ST_27 : Operation 2313 [1/1] (5.58ns)   --->   "%mul_ln73_5066 = mul i27 %sext_ln70_616, i27 134217172" [firmware/nnet_utils/nnet_mult.h:73->firmware/nnet_utils/nnet_dense_latency.h:42]   --->   Operation 2313 'mul' 'mul_ln73_5066' <Predicate = true> <Delay = 5.58> <CoreInst = "Multiplier">   --->   Core 3 'Multiplier' <Latency = 0> <II = 1> <Delay = 5.58> <FuncUnit> <Opcode : 'mul'> <InPorts = 2> <OutPorts = 1>
ST_27 : Operation 2314 [1/1] (0.00ns)   --->   "%mult_5239 = partselect i17 @_ssdm_op_PartSelect.i17.i27.i32.i32, i27 %mul_ln73_5066, i32 10, i32 26" [firmware/nnet_utils/nnet_dense_latency.h:42]   --->   Operation 2314 'partselect' 'mult_5239' <Predicate = true> <Delay = 0.00>
ST_27 : Operation 2315 [1/1] (5.58ns)   --->   "%mul_ln73_5067 = mul i28 %sext_ln70_617, i28 1473" [firmware/nnet_utils/nnet_mult.h:73->firmware/nnet_utils/nnet_dense_latency.h:42]   --->   Operation 2315 'mul' 'mul_ln73_5067' <Predicate = true> <Delay = 5.58> <CoreInst = "Multiplier">   --->   Core 3 'Multiplier' <Latency = 0> <II = 1> <Delay = 5.58> <FuncUnit> <Opcode : 'mul'> <InPorts = 2> <OutPorts = 1>
ST_27 : Operation 2316 [1/1] (0.00ns)   --->   "%mult_5240 = partselect i18 @_ssdm_op_PartSelect.i18.i28.i32.i32, i28 %mul_ln73_5067, i32 10, i32 27" [firmware/nnet_utils/nnet_dense_latency.h:42]   --->   Operation 2316 'partselect' 'mult_5240' <Predicate = true> <Delay = 0.00>
ST_27 : Operation 2317 [1/1] (5.58ns)   --->   "%mul_ln73_5068 = mul i30 %sext_ln70_618, i30 1073736015" [firmware/nnet_utils/nnet_mult.h:73->firmware/nnet_utils/nnet_dense_latency.h:42]   --->   Operation 2317 'mul' 'mul_ln73_5068' <Predicate = true> <Delay = 5.58> <CoreInst = "Multiplier">   --->   Core 3 'Multiplier' <Latency = 0> <II = 1> <Delay = 5.58> <FuncUnit> <Opcode : 'mul'> <InPorts = 2> <OutPorts = 1>
ST_27 : Operation 2318 [1/1] (0.00ns)   --->   "%mult_5241 = partselect i20 @_ssdm_op_PartSelect.i20.i30.i32.i32, i30 %mul_ln73_5068, i32 10, i32 29" [firmware/nnet_utils/nnet_dense_latency.h:42]   --->   Operation 2318 'partselect' 'mult_5241' <Predicate = true> <Delay = 0.00>
ST_27 : Operation 2319 [1/1] (2.19ns)   --->   "%add_ln58_4901 = add i21 %sext_ln17_5207, i21 %sext_ln17_5223" [firmware/nnet_utils/nnet_dense_latency.h:58]   --->   Operation 2319 'add' 'add_ln58_4901' <Predicate = true> <Delay = 2.19> <CoreInst = "Adder">   --->   Core 1 'Adder' <Latency = 0> <II = 1> <Delay = 2.19> <FuncUnit> <Opcode : 'add' 'sub'> <InPorts = 2> <OutPorts = 1>
ST_27 : Operation 2320 [1/1] (0.00ns)   --->   "%sext_ln58_3498 = sext i20 %add_ln58_5124" [firmware/nnet_utils/nnet_dense_latency.h:58]   --->   Operation 2320 'sext' 'sext_ln58_3498' <Predicate = true> <Delay = 0.00>
ST_27 : Operation 2321 [1/1] (2.16ns)   --->   "%add_ln58_5125 = add i20 %sext_ln17_5214, i20 %sext_ln17_5230" [firmware/nnet_utils/nnet_dense_latency.h:58]   --->   Operation 2321 'add' 'add_ln58_5125' <Predicate = true> <Delay = 2.16> <CoreInst = "Adder">   --->   Core 1 'Adder' <Latency = 0> <II = 1> <Delay = 2.16> <FuncUnit> <Opcode : 'add' 'sub'> <InPorts = 2> <OutPorts = 1>
ST_27 : Operation 2322 [1/1] (0.00ns)   --->   "%sext_ln58_3499 = sext i20 %add_ln58_5125" [firmware/nnet_utils/nnet_dense_latency.h:58]   --->   Operation 2322 'sext' 'sext_ln58_3499' <Predicate = true> <Delay = 0.00>
ST_27 : Operation 2323 [1/1] (2.19ns)   --->   "%add_ln58_5126 = add i21 %sext_ln58_3499, i21 %sext_ln58_3498" [firmware/nnet_utils/nnet_dense_latency.h:58]   --->   Operation 2323 'add' 'add_ln58_5126' <Predicate = true> <Delay = 2.19> <CoreInst = "Adder">   --->   Core 1 'Adder' <Latency = 0> <II = 1> <Delay = 2.19> <FuncUnit> <Opcode : 'add' 'sub'> <InPorts = 2> <OutPorts = 1>
ST_27 : Operation 2324 [1/1] (0.00ns) (grouped into TernaryAdder)   --->   "%add_ln58_5156 = add i21 %sext_ln17_5183, i21 %sext_ln17_5199" [firmware/nnet_utils/nnet_dense_latency.h:58]   --->   Operation 2324 'add' 'add_ln58_5156' <Predicate = true> <Delay = 0.00> <CoreInst = "TAddSub">   --->   Core 10 'TAddSub' <Latency = 0> <II = 1> <Delay = 2.03> <IPBlock> <Opcode : '<invalid operator> ' 'add' 'sub'> <InPorts = 3> <OutPorts = 1> <Sync> <CReg>
ST_27 : Operation 2325 [1/1] (2.13ns)   --->   "%add_ln58_5157 = add i19 %sext_ln17_5215, i19 %sext_ln17_5231" [firmware/nnet_utils/nnet_dense_latency.h:58]   --->   Operation 2325 'add' 'add_ln58_5157' <Predicate = true> <Delay = 2.13> <CoreInst = "Adder">   --->   Core 1 'Adder' <Latency = 0> <II = 1> <Delay = 2.13> <FuncUnit> <Opcode : 'add' 'sub'> <InPorts = 2> <OutPorts = 1>
ST_27 : Operation 2326 [1/1] (0.00ns)   --->   "%sext_ln58_3526 = sext i19 %add_ln58_5157" [firmware/nnet_utils/nnet_dense_latency.h:58]   --->   Operation 2326 'sext' 'sext_ln58_3526' <Predicate = true> <Delay = 0.00>
ST_27 : Operation 2327 [1/1] (4.04ns) (root node of TernaryAdder)   --->   "%add_ln58_5158 = add i21 %sext_ln58_3526, i21 %add_ln58_5156" [firmware/nnet_utils/nnet_dense_latency.h:58]   --->   Operation 2327 'add' 'add_ln58_5158' <Predicate = true> <Delay = 4.04> <CoreInst = "TAddSub">   --->   Core 10 'TAddSub' <Latency = 0> <II = 1> <Delay = 2.03> <IPBlock> <Opcode : '<invalid operator> ' 'add' 'sub'> <InPorts = 3> <OutPorts = 1> <Sync> <CReg>
ST_27 : Operation 2328 [1/1] (0.00ns)   --->   "%sext_ln58_3553 = sext i16 %add_ln58_5188" [firmware/nnet_utils/nnet_dense_latency.h:58]   --->   Operation 2328 'sext' 'sext_ln58_3553' <Predicate = true> <Delay = 0.00>
ST_27 : Operation 2329 [1/1] (0.00ns) (grouped into TernaryAdder)   --->   "%add_ln58_5189 = add i20 %sext_ln17_5216, i20 %sext_ln17_5232" [firmware/nnet_utils/nnet_dense_latency.h:58]   --->   Operation 2329 'add' 'add_ln58_5189' <Predicate = true> <Delay = 0.00> <CoreInst = "TAddSub">   --->   Core 10 'TAddSub' <Latency = 0> <II = 1> <Delay = 2.03> <IPBlock> <Opcode : '<invalid operator> ' 'add' 'sub'> <InPorts = 3> <OutPorts = 1> <Sync> <CReg>
ST_27 : Operation 2330 [1/1] (4.02ns) (root node of TernaryAdder)   --->   "%add_ln58_5190 = add i20 %add_ln58_5189, i20 %sext_ln58_3553" [firmware/nnet_utils/nnet_dense_latency.h:58]   --->   Operation 2330 'add' 'add_ln58_5190' <Predicate = true> <Delay = 4.02> <CoreInst = "TAddSub">   --->   Core 10 'TAddSub' <Latency = 0> <II = 1> <Delay = 2.03> <IPBlock> <Opcode : '<invalid operator> ' 'add' 'sub'> <InPorts = 3> <OutPorts = 1> <Sync> <CReg>
ST_27 : Operation 2331 [1/1] (2.19ns)   --->   "%add_ln58_5221 = add i21 %sext_ln17_5217, i21 %sext_ln17_5233" [firmware/nnet_utils/nnet_dense_latency.h:58]   --->   Operation 2331 'add' 'add_ln58_5221' <Predicate = true> <Delay = 2.19> <CoreInst = "Adder">   --->   Core 1 'Adder' <Latency = 0> <II = 1> <Delay = 2.19> <FuncUnit> <Opcode : 'add' 'sub'> <InPorts = 2> <OutPorts = 1>
ST_27 : Operation 2332 [1/1] (0.00ns)   --->   "%sext_ln58_3608 = sext i21 %add_ln58_5252" [firmware/nnet_utils/nnet_dense_latency.h:58]   --->   Operation 2332 'sext' 'sext_ln58_3608' <Predicate = true> <Delay = 0.00>
ST_27 : Operation 2333 [1/1] (2.16ns)   --->   "%add_ln58_5253 = add i20 %sext_ln17_5218, i20 %sext_ln17_5234" [firmware/nnet_utils/nnet_dense_latency.h:58]   --->   Operation 2333 'add' 'add_ln58_5253' <Predicate = true> <Delay = 2.16> <CoreInst = "Adder">   --->   Core 1 'Adder' <Latency = 0> <II = 1> <Delay = 2.16> <FuncUnit> <Opcode : 'add' 'sub'> <InPorts = 2> <OutPorts = 1>
ST_27 : Operation 2334 [1/1] (0.00ns)   --->   "%sext_ln58_3609 = sext i20 %add_ln58_5253" [firmware/nnet_utils/nnet_dense_latency.h:58]   --->   Operation 2334 'sext' 'sext_ln58_3609' <Predicate = true> <Delay = 0.00>
ST_27 : Operation 2335 [1/1] (2.22ns)   --->   "%add_ln58_5254 = add i22 %sext_ln58_3609, i22 %sext_ln58_3608" [firmware/nnet_utils/nnet_dense_latency.h:58]   --->   Operation 2335 'add' 'add_ln58_5254' <Predicate = true> <Delay = 2.22> <CoreInst = "Adder">   --->   Core 1 'Adder' <Latency = 0> <II = 1> <Delay = 2.22> <FuncUnit> <Opcode : 'add' 'sub'> <InPorts = 2> <OutPorts = 1>
ST_27 : Operation 2336 [1/1] (0.00ns)   --->   "%sext_ln58_3637 = sext i21 %add_ln58_5284" [firmware/nnet_utils/nnet_dense_latency.h:58]   --->   Operation 2336 'sext' 'sext_ln58_3637' <Predicate = true> <Delay = 0.00>
ST_27 : Operation 2337 [1/1] (2.16ns)   --->   "%add_ln58_5285 = add i20 %sext_ln17_5219, i20 %sext_ln17_5235" [firmware/nnet_utils/nnet_dense_latency.h:58]   --->   Operation 2337 'add' 'add_ln58_5285' <Predicate = true> <Delay = 2.16> <CoreInst = "Adder">   --->   Core 1 'Adder' <Latency = 0> <II = 1> <Delay = 2.16> <FuncUnit> <Opcode : 'add' 'sub'> <InPorts = 2> <OutPorts = 1>
ST_27 : Operation 2338 [1/1] (0.00ns)   --->   "%sext_ln58_3638 = sext i20 %add_ln58_5285" [firmware/nnet_utils/nnet_dense_latency.h:58]   --->   Operation 2338 'sext' 'sext_ln58_3638' <Predicate = true> <Delay = 0.00>
ST_27 : Operation 2339 [1/1] (2.22ns)   --->   "%add_ln58_5286 = add i22 %sext_ln58_3638, i22 %sext_ln58_3637" [firmware/nnet_utils/nnet_dense_latency.h:58]   --->   Operation 2339 'add' 'add_ln58_5286' <Predicate = true> <Delay = 2.22> <CoreInst = "Adder">   --->   Core 1 'Adder' <Latency = 0> <II = 1> <Delay = 2.22> <FuncUnit> <Opcode : 'add' 'sub'> <InPorts = 2> <OutPorts = 1>
ST_27 : Operation 2340 [1/1] (2.19ns)   --->   "%add_ln58_5317 = add i21 %sext_ln17_5220, i21 %sext_ln17_5236" [firmware/nnet_utils/nnet_dense_latency.h:58]   --->   Operation 2340 'add' 'add_ln58_5317' <Predicate = true> <Delay = 2.19> <CoreInst = "Adder">   --->   Core 1 'Adder' <Latency = 0> <II = 1> <Delay = 2.19> <FuncUnit> <Opcode : 'add' 'sub'> <InPorts = 2> <OutPorts = 1>

State 28 <SV = 27> <Delay = 7.77>
ST_28 : Operation 2341 [1/1] (0.00ns)   --->   "%data_29_val_read = read i16 @_ssdm_op_Read.ap_auto.i16, i16 %data_29_val" [firmware/nnet_utils/nnet_mult.h:70->firmware/nnet_utils/nnet_dense_latency.h:42]   --->   Operation 2341 'read' 'data_29_val_read' <Predicate = true> <Delay = 0.00>
ST_28 : Operation 2342 [1/1] (0.00ns)   --->   "%sext_ln70_615 = sext i16 %data_28_val_read" [firmware/nnet_utils/nnet_mult.h:70->firmware/nnet_utils/nnet_dense_latency.h:42]   --->   Operation 2342 'sext' 'sext_ln70_615' <Predicate = true> <Delay = 0.00>
ST_28 : Operation 2343 [1/1] (0.00ns)   --->   "%sext_ln17_5237 = sext i20 %mult_5233" [firmware/nnet_utils/nnet_dense_latency.h:17]   --->   Operation 2343 'sext' 'sext_ln17_5237' <Predicate = true> <Delay = 0.00>
ST_28 : Operation 2344 [1/1] (0.00ns)   --->   "%sext_ln17_5238 = sext i20 %mult_5234" [firmware/nnet_utils/nnet_dense_latency.h:17]   --->   Operation 2344 'sext' 'sext_ln17_5238' <Predicate = true> <Delay = 0.00>
ST_28 : Operation 2345 [1/1] (0.00ns)   --->   "%sext_ln17_5239 = sext i18 %mult_5235" [firmware/nnet_utils/nnet_dense_latency.h:17]   --->   Operation 2345 'sext' 'sext_ln17_5239' <Predicate = true> <Delay = 0.00>
ST_28 : Operation 2346 [1/1] (0.00ns)   --->   "%sext_ln17_5240 = sext i18 %mult_5236" [firmware/nnet_utils/nnet_dense_latency.h:17]   --->   Operation 2346 'sext' 'sext_ln17_5240' <Predicate = true> <Delay = 0.00>
ST_28 : Operation 2347 [1/1] (0.00ns)   --->   "%sext_ln17_5241 = sext i20 %mult_5237" [firmware/nnet_utils/nnet_dense_latency.h:17]   --->   Operation 2347 'sext' 'sext_ln17_5241' <Predicate = true> <Delay = 0.00>
ST_28 : Operation 2348 [1/1] (0.00ns)   --->   "%sext_ln17_5242 = sext i20 %mult_5238" [firmware/nnet_utils/nnet_dense_latency.h:17]   --->   Operation 2348 'sext' 'sext_ln17_5242' <Predicate = true> <Delay = 0.00>
ST_28 : Operation 2349 [1/1] (0.00ns)   --->   "%sext_ln17_5243 = sext i17 %mult_5239" [firmware/nnet_utils/nnet_dense_latency.h:17]   --->   Operation 2349 'sext' 'sext_ln17_5243' <Predicate = true> <Delay = 0.00>
ST_28 : Operation 2350 [1/1] (0.00ns)   --->   "%sext_ln17_5244 = sext i18 %mult_5240" [firmware/nnet_utils/nnet_dense_latency.h:17]   --->   Operation 2350 'sext' 'sext_ln17_5244' <Predicate = true> <Delay = 0.00>
ST_28 : Operation 2351 [1/1] (5.58ns)   --->   "%mul_ln73_5069 = mul i29 %sext_ln70_615, i29 536868218" [firmware/nnet_utils/nnet_mult.h:73->firmware/nnet_utils/nnet_dense_latency.h:42]   --->   Operation 2351 'mul' 'mul_ln73_5069' <Predicate = true> <Delay = 5.58> <CoreInst = "Multiplier">   --->   Core 3 'Multiplier' <Latency = 0> <II = 1> <Delay = 5.58> <FuncUnit> <Opcode : 'mul'> <InPorts = 2> <OutPorts = 1>
ST_28 : Operation 2352 [1/1] (0.00ns)   --->   "%mult_5242 = partselect i19 @_ssdm_op_PartSelect.i19.i29.i32.i32, i29 %mul_ln73_5069, i32 10, i32 28" [firmware/nnet_utils/nnet_dense_latency.h:42]   --->   Operation 2352 'partselect' 'mult_5242' <Predicate = true> <Delay = 0.00>
ST_28 : Operation 2353 [1/1] (0.00ns)   --->   "%sext_ln17_5246 = sext i19 %mult_5242" [firmware/nnet_utils/nnet_dense_latency.h:17]   --->   Operation 2353 'sext' 'sext_ln17_5246' <Predicate = true> <Delay = 0.00>
ST_28 : Operation 2354 [1/1] (5.58ns)   --->   "%mul_ln73_5070 = mul i28 %sext_ln70_617, i28 268434137" [firmware/nnet_utils/nnet_mult.h:73->firmware/nnet_utils/nnet_dense_latency.h:42]   --->   Operation 2354 'mul' 'mul_ln73_5070' <Predicate = true> <Delay = 5.58> <CoreInst = "Multiplier">   --->   Core 3 'Multiplier' <Latency = 0> <II = 1> <Delay = 5.58> <FuncUnit> <Opcode : 'mul'> <InPorts = 2> <OutPorts = 1>
ST_28 : Operation 2355 [1/1] (0.00ns)   --->   "%mult_5243 = partselect i18 @_ssdm_op_PartSelect.i18.i28.i32.i32, i28 %mul_ln73_5070, i32 10, i32 27" [firmware/nnet_utils/nnet_dense_latency.h:42]   --->   Operation 2355 'partselect' 'mult_5243' <Predicate = true> <Delay = 0.00>
ST_28 : Operation 2356 [1/1] (5.58ns)   --->   "%mul_ln73_5071 = mul i29 %sext_ln70_615, i29 3160" [firmware/nnet_utils/nnet_mult.h:73->firmware/nnet_utils/nnet_dense_latency.h:42]   --->   Operation 2356 'mul' 'mul_ln73_5071' <Predicate = true> <Delay = 5.58> <CoreInst = "Multiplier">   --->   Core 3 'Multiplier' <Latency = 0> <II = 1> <Delay = 5.58> <FuncUnit> <Opcode : 'mul'> <InPorts = 2> <OutPorts = 1>
ST_28 : Operation 2357 [1/1] (0.00ns)   --->   "%mult_5244 = partselect i19 @_ssdm_op_PartSelect.i19.i29.i32.i32, i29 %mul_ln73_5071, i32 10, i32 28" [firmware/nnet_utils/nnet_dense_latency.h:42]   --->   Operation 2357 'partselect' 'mult_5244' <Predicate = true> <Delay = 0.00>
ST_28 : Operation 2358 [1/1] (5.58ns)   --->   "%mul_ln73_5072 = mul i29 %sext_ln70_615, i29 3611" [firmware/nnet_utils/nnet_mult.h:73->firmware/nnet_utils/nnet_dense_latency.h:42]   --->   Operation 2358 'mul' 'mul_ln73_5072' <Predicate = true> <Delay = 5.58> <CoreInst = "Multiplier">   --->   Core 3 'Multiplier' <Latency = 0> <II = 1> <Delay = 5.58> <FuncUnit> <Opcode : 'mul'> <InPorts = 2> <OutPorts = 1>
ST_28 : Operation 2359 [1/1] (0.00ns)   --->   "%mult_5245 = partselect i19 @_ssdm_op_PartSelect.i19.i29.i32.i32, i29 %mul_ln73_5072, i32 10, i32 28" [firmware/nnet_utils/nnet_dense_latency.h:42]   --->   Operation 2359 'partselect' 'mult_5245' <Predicate = true> <Delay = 0.00>
ST_28 : Operation 2360 [1/1] (5.58ns)   --->   "%mul_ln73_5073 = mul i30 %sext_ln70_618, i30 4817" [firmware/nnet_utils/nnet_mult.h:73->firmware/nnet_utils/nnet_dense_latency.h:42]   --->   Operation 2360 'mul' 'mul_ln73_5073' <Predicate = true> <Delay = 5.58> <CoreInst = "Multiplier">   --->   Core 3 'Multiplier' <Latency = 0> <II = 1> <Delay = 5.58> <FuncUnit> <Opcode : 'mul'> <InPorts = 2> <OutPorts = 1>
ST_28 : Operation 2361 [1/1] (0.00ns)   --->   "%mult_5246 = partselect i20 @_ssdm_op_PartSelect.i20.i30.i32.i32, i30 %mul_ln73_5073, i32 10, i32 29" [firmware/nnet_utils/nnet_dense_latency.h:42]   --->   Operation 2361 'partselect' 'mult_5246' <Predicate = true> <Delay = 0.00>
ST_28 : Operation 2362 [1/1] (5.58ns)   --->   "%mul_ln73_5074 = mul i28 %sext_ln70_617, i28 1510" [firmware/nnet_utils/nnet_mult.h:73->firmware/nnet_utils/nnet_dense_latency.h:42]   --->   Operation 2362 'mul' 'mul_ln73_5074' <Predicate = true> <Delay = 5.58> <CoreInst = "Multiplier">   --->   Core 3 'Multiplier' <Latency = 0> <II = 1> <Delay = 5.58> <FuncUnit> <Opcode : 'mul'> <InPorts = 2> <OutPorts = 1>
ST_28 : Operation 2363 [1/1] (0.00ns)   --->   "%mult_5247 = partselect i18 @_ssdm_op_PartSelect.i18.i28.i32.i32, i28 %mul_ln73_5074, i32 10, i32 27" [firmware/nnet_utils/nnet_dense_latency.h:42]   --->   Operation 2363 'partselect' 'mult_5247' <Predicate = true> <Delay = 0.00>
ST_28 : Operation 2364 [1/1] (5.58ns)   --->   "%mul_ln73_5075 = mul i28 %sext_ln70_617, i28 1915" [firmware/nnet_utils/nnet_mult.h:73->firmware/nnet_utils/nnet_dense_latency.h:42]   --->   Operation 2364 'mul' 'mul_ln73_5075' <Predicate = true> <Delay = 5.58> <CoreInst = "Multiplier">   --->   Core 3 'Multiplier' <Latency = 0> <II = 1> <Delay = 5.58> <FuncUnit> <Opcode : 'mul'> <InPorts = 2> <OutPorts = 1>
ST_28 : Operation 2365 [1/1] (0.00ns)   --->   "%mult_5248 = partselect i18 @_ssdm_op_PartSelect.i18.i28.i32.i32, i28 %mul_ln73_5075, i32 10, i32 27" [firmware/nnet_utils/nnet_dense_latency.h:42]   --->   Operation 2365 'partselect' 'mult_5248' <Predicate = true> <Delay = 0.00>
ST_28 : Operation 2366 [1/1] (0.00ns)   --->   "%sext_ln70_621 = sext i16 %data_29_val_read" [firmware/nnet_utils/nnet_mult.h:70->firmware/nnet_utils/nnet_dense_latency.h:42]   --->   Operation 2366 'sext' 'sext_ln70_621' <Predicate = true> <Delay = 0.00>
ST_28 : Operation 2367 [1/1] (0.00ns)   --->   "%sext_ln70_622 = sext i16 %data_29_val_read" [firmware/nnet_utils/nnet_mult.h:70->firmware/nnet_utils/nnet_dense_latency.h:42]   --->   Operation 2367 'sext' 'sext_ln70_622' <Predicate = true> <Delay = 0.00>
ST_28 : Operation 2368 [1/1] (0.00ns)   --->   "%sext_ln70_623 = sext i16 %data_29_val_read" [firmware/nnet_utils/nnet_mult.h:70->firmware/nnet_utils/nnet_dense_latency.h:42]   --->   Operation 2368 'sext' 'sext_ln70_623' <Predicate = true> <Delay = 0.00>
ST_28 : Operation 2369 [1/1] (5.58ns)   --->   "%mul_ln73_5076 = mul i27 %sext_ln70_623, i27 902" [firmware/nnet_utils/nnet_mult.h:73->firmware/nnet_utils/nnet_dense_latency.h:42]   --->   Operation 2369 'mul' 'mul_ln73_5076' <Predicate = true> <Delay = 5.58> <CoreInst = "Multiplier">   --->   Core 3 'Multiplier' <Latency = 0> <II = 1> <Delay = 5.58> <FuncUnit> <Opcode : 'mul'> <InPorts = 2> <OutPorts = 1>
ST_28 : Operation 2370 [1/1] (0.00ns)   --->   "%mult_5249 = partselect i17 @_ssdm_op_PartSelect.i17.i27.i32.i32, i27 %mul_ln73_5076, i32 10, i32 26" [firmware/nnet_utils/nnet_dense_latency.h:42]   --->   Operation 2370 'partselect' 'mult_5249' <Predicate = true> <Delay = 0.00>
ST_28 : Operation 2371 [1/1] (0.00ns)   --->   "%sext_ln17_5253 = sext i17 %mult_5249" [firmware/nnet_utils/nnet_dense_latency.h:17]   --->   Operation 2371 'sext' 'sext_ln17_5253' <Predicate = true> <Delay = 0.00>
ST_28 : Operation 2372 [1/1] (5.58ns)   --->   "%mul_ln73_5077 = mul i30 %sext_ln70_622, i30 1073737314" [firmware/nnet_utils/nnet_mult.h:73->firmware/nnet_utils/nnet_dense_latency.h:42]   --->   Operation 2372 'mul' 'mul_ln73_5077' <Predicate = true> <Delay = 5.58> <CoreInst = "Multiplier">   --->   Core 3 'Multiplier' <Latency = 0> <II = 1> <Delay = 5.58> <FuncUnit> <Opcode : 'mul'> <InPorts = 2> <OutPorts = 1>
ST_28 : Operation 2373 [1/1] (0.00ns)   --->   "%mult_5250 = partselect i20 @_ssdm_op_PartSelect.i20.i30.i32.i32, i30 %mul_ln73_5077, i32 10, i32 29" [firmware/nnet_utils/nnet_dense_latency.h:42]   --->   Operation 2373 'partselect' 'mult_5250' <Predicate = true> <Delay = 0.00>
ST_28 : Operation 2374 [1/1] (0.00ns)   --->   "%sext_ln17_5254 = sext i20 %mult_5250" [firmware/nnet_utils/nnet_dense_latency.h:17]   --->   Operation 2374 'sext' 'sext_ln17_5254' <Predicate = true> <Delay = 0.00>
ST_28 : Operation 2375 [1/1] (5.58ns)   --->   "%mul_ln73_5078 = mul i29 %sext_ln70_621, i29 2811" [firmware/nnet_utils/nnet_mult.h:73->firmware/nnet_utils/nnet_dense_latency.h:42]   --->   Operation 2375 'mul' 'mul_ln73_5078' <Predicate = true> <Delay = 5.58> <CoreInst = "Multiplier">   --->   Core 3 'Multiplier' <Latency = 0> <II = 1> <Delay = 5.58> <FuncUnit> <Opcode : 'mul'> <InPorts = 2> <OutPorts = 1>
ST_28 : Operation 2376 [1/1] (0.00ns)   --->   "%mult_5251 = partselect i19 @_ssdm_op_PartSelect.i19.i29.i32.i32, i29 %mul_ln73_5078, i32 10, i32 28" [firmware/nnet_utils/nnet_dense_latency.h:42]   --->   Operation 2376 'partselect' 'mult_5251' <Predicate = true> <Delay = 0.00>
ST_28 : Operation 2377 [1/1] (0.00ns)   --->   "%sext_ln17_5255 = sext i19 %mult_5251" [firmware/nnet_utils/nnet_dense_latency.h:17]   --->   Operation 2377 'sext' 'sext_ln17_5255' <Predicate = true> <Delay = 0.00>
ST_28 : Operation 2378 [1/1] (5.58ns)   --->   "%mul_ln73_5079 = mul i29 %sext_ln70_621, i29 2328" [firmware/nnet_utils/nnet_mult.h:73->firmware/nnet_utils/nnet_dense_latency.h:42]   --->   Operation 2378 'mul' 'mul_ln73_5079' <Predicate = true> <Delay = 5.58> <CoreInst = "Multiplier">   --->   Core 3 'Multiplier' <Latency = 0> <II = 1> <Delay = 5.58> <FuncUnit> <Opcode : 'mul'> <InPorts = 2> <OutPorts = 1>
ST_28 : Operation 2379 [1/1] (0.00ns)   --->   "%mult_5252 = partselect i19 @_ssdm_op_PartSelect.i19.i29.i32.i32, i29 %mul_ln73_5079, i32 10, i32 28" [firmware/nnet_utils/nnet_dense_latency.h:42]   --->   Operation 2379 'partselect' 'mult_5252' <Predicate = true> <Delay = 0.00>
ST_28 : Operation 2380 [1/1] (0.00ns)   --->   "%sext_ln17_5256 = sext i19 %mult_5252" [firmware/nnet_utils/nnet_dense_latency.h:17]   --->   Operation 2380 'sext' 'sext_ln17_5256' <Predicate = true> <Delay = 0.00>
ST_28 : Operation 2381 [1/1] (5.58ns)   --->   "%mul_ln73_5080 = mul i29 %sext_ln70_621, i29 536867994" [firmware/nnet_utils/nnet_mult.h:73->firmware/nnet_utils/nnet_dense_latency.h:42]   --->   Operation 2381 'mul' 'mul_ln73_5080' <Predicate = true> <Delay = 5.58> <CoreInst = "Multiplier">   --->   Core 3 'Multiplier' <Latency = 0> <II = 1> <Delay = 5.58> <FuncUnit> <Opcode : 'mul'> <InPorts = 2> <OutPorts = 1>
ST_28 : Operation 2382 [1/1] (0.00ns)   --->   "%mult_5253 = partselect i19 @_ssdm_op_PartSelect.i19.i29.i32.i32, i29 %mul_ln73_5080, i32 10, i32 28" [firmware/nnet_utils/nnet_dense_latency.h:42]   --->   Operation 2382 'partselect' 'mult_5253' <Predicate = true> <Delay = 0.00>
ST_28 : Operation 2383 [1/1] (0.00ns)   --->   "%sext_ln17_5257 = sext i19 %mult_5253" [firmware/nnet_utils/nnet_dense_latency.h:17]   --->   Operation 2383 'sext' 'sext_ln17_5257' <Predicate = true> <Delay = 0.00>
ST_28 : Operation 2384 [1/1] (5.58ns)   --->   "%mul_ln73_5081 = mul i30 %sext_ln70_622, i30 1073737545" [firmware/nnet_utils/nnet_mult.h:73->firmware/nnet_utils/nnet_dense_latency.h:42]   --->   Operation 2384 'mul' 'mul_ln73_5081' <Predicate = true> <Delay = 5.58> <CoreInst = "Multiplier">   --->   Core 3 'Multiplier' <Latency = 0> <II = 1> <Delay = 5.58> <FuncUnit> <Opcode : 'mul'> <InPorts = 2> <OutPorts = 1>
ST_28 : Operation 2385 [1/1] (0.00ns)   --->   "%mult_5254 = partselect i20 @_ssdm_op_PartSelect.i20.i30.i32.i32, i30 %mul_ln73_5081, i32 10, i32 29" [firmware/nnet_utils/nnet_dense_latency.h:42]   --->   Operation 2385 'partselect' 'mult_5254' <Predicate = true> <Delay = 0.00>
ST_28 : Operation 2386 [1/1] (0.00ns)   --->   "%sext_ln17_5258 = sext i20 %mult_5254" [firmware/nnet_utils/nnet_dense_latency.h:17]   --->   Operation 2386 'sext' 'sext_ln17_5258' <Predicate = true> <Delay = 0.00>
ST_28 : Operation 2387 [1/1] (5.58ns)   --->   "%mul_ln73_5082 = mul i29 %sext_ln70_621, i29 2197" [firmware/nnet_utils/nnet_mult.h:73->firmware/nnet_utils/nnet_dense_latency.h:42]   --->   Operation 2387 'mul' 'mul_ln73_5082' <Predicate = true> <Delay = 5.58> <CoreInst = "Multiplier">   --->   Core 3 'Multiplier' <Latency = 0> <II = 1> <Delay = 5.58> <FuncUnit> <Opcode : 'mul'> <InPorts = 2> <OutPorts = 1>
ST_28 : Operation 2388 [1/1] (0.00ns)   --->   "%mult_5255 = partselect i19 @_ssdm_op_PartSelect.i19.i29.i32.i32, i29 %mul_ln73_5082, i32 10, i32 28" [firmware/nnet_utils/nnet_dense_latency.h:42]   --->   Operation 2388 'partselect' 'mult_5255' <Predicate = true> <Delay = 0.00>
ST_28 : Operation 2389 [1/1] (0.00ns)   --->   "%sext_ln17_5259 = sext i19 %mult_5255" [firmware/nnet_utils/nnet_dense_latency.h:17]   --->   Operation 2389 'sext' 'sext_ln17_5259' <Predicate = true> <Delay = 0.00>
ST_28 : Operation 2390 [1/1] (5.58ns)   --->   "%mul_ln73_5083 = mul i30 %sext_ln70_622, i30 1073736419" [firmware/nnet_utils/nnet_mult.h:73->firmware/nnet_utils/nnet_dense_latency.h:42]   --->   Operation 2390 'mul' 'mul_ln73_5083' <Predicate = true> <Delay = 5.58> <CoreInst = "Multiplier">   --->   Core 3 'Multiplier' <Latency = 0> <II = 1> <Delay = 5.58> <FuncUnit> <Opcode : 'mul'> <InPorts = 2> <OutPorts = 1>
ST_28 : Operation 2391 [1/1] (0.00ns)   --->   "%mult_5256 = partselect i20 @_ssdm_op_PartSelect.i20.i30.i32.i32, i30 %mul_ln73_5083, i32 10, i32 29" [firmware/nnet_utils/nnet_dense_latency.h:42]   --->   Operation 2391 'partselect' 'mult_5256' <Predicate = true> <Delay = 0.00>
ST_28 : Operation 2392 [1/1] (0.00ns)   --->   "%sext_ln17_5260 = sext i20 %mult_5256" [firmware/nnet_utils/nnet_dense_latency.h:17]   --->   Operation 2392 'sext' 'sext_ln17_5260' <Predicate = true> <Delay = 0.00>
ST_28 : Operation 2393 [1/1] (5.58ns)   --->   "%mul_ln73_5084 = mul i27 %sext_ln70_623, i27 593" [firmware/nnet_utils/nnet_mult.h:73->firmware/nnet_utils/nnet_dense_latency.h:42]   --->   Operation 2393 'mul' 'mul_ln73_5084' <Predicate = true> <Delay = 5.58> <CoreInst = "Multiplier">   --->   Core 3 'Multiplier' <Latency = 0> <II = 1> <Delay = 5.58> <FuncUnit> <Opcode : 'mul'> <InPorts = 2> <OutPorts = 1>
ST_28 : Operation 2394 [1/1] (0.00ns)   --->   "%mult_5258 = partselect i17 @_ssdm_op_PartSelect.i17.i27.i32.i32, i27 %mul_ln73_5084, i32 10, i32 26" [firmware/nnet_utils/nnet_dense_latency.h:42]   --->   Operation 2394 'partselect' 'mult_5258' <Predicate = true> <Delay = 0.00>
ST_28 : Operation 2395 [1/1] (0.00ns)   --->   "%sext_ln17_5262 = sext i17 %mult_5258" [firmware/nnet_utils/nnet_dense_latency.h:17]   --->   Operation 2395 'sext' 'sext_ln17_5262' <Predicate = true> <Delay = 0.00>
ST_28 : Operation 2396 [1/1] (2.19ns)   --->   "%add_ln58_4839 = add i21 %sext_ln17_5237, i21 %sext_ln17_5253" [firmware/nnet_utils/nnet_dense_latency.h:58]   --->   Operation 2396 'add' 'add_ln58_4839' <Predicate = true> <Delay = 2.19> <CoreInst = "Adder">   --->   Core 1 'Adder' <Latency = 0> <II = 1> <Delay = 2.19> <FuncUnit> <Opcode : 'add' 'sub'> <InPorts = 2> <OutPorts = 1>
ST_28 : Operation 2397 [1/1] (2.19ns)   --->   "%add_ln58_4871 = add i21 %sext_ln17_5238, i21 %sext_ln17_5254" [firmware/nnet_utils/nnet_dense_latency.h:58]   --->   Operation 2397 'add' 'add_ln58_4871' <Predicate = true> <Delay = 2.19> <CoreInst = "Adder">   --->   Core 1 'Adder' <Latency = 0> <II = 1> <Delay = 2.19> <FuncUnit> <Opcode : 'add' 'sub'> <InPorts = 2> <OutPorts = 1>
ST_28 : Operation 2398 [1/1] (2.16ns)   --->   "%add_ln58_4903 = add i20 %sext_ln17_5239, i20 %sext_ln17_5255" [firmware/nnet_utils/nnet_dense_latency.h:58]   --->   Operation 2398 'add' 'add_ln58_4903' <Predicate = true> <Delay = 2.16> <CoreInst = "Adder">   --->   Core 1 'Adder' <Latency = 0> <II = 1> <Delay = 2.16> <FuncUnit> <Opcode : 'add' 'sub'> <InPorts = 2> <OutPorts = 1>
ST_28 : Operation 2399 [1/1] (2.16ns)   --->   "%add_ln58_4935 = add i20 %sext_ln17_5240, i20 %sext_ln17_5256" [firmware/nnet_utils/nnet_dense_latency.h:58]   --->   Operation 2399 'add' 'add_ln58_4935' <Predicate = true> <Delay = 2.16> <CoreInst = "Adder">   --->   Core 1 'Adder' <Latency = 0> <II = 1> <Delay = 2.16> <FuncUnit> <Opcode : 'add' 'sub'> <InPorts = 2> <OutPorts = 1>
ST_28 : Operation 2400 [1/1] (2.19ns)   --->   "%add_ln58_4967 = add i21 %sext_ln17_5241, i21 %sext_ln17_5257" [firmware/nnet_utils/nnet_dense_latency.h:58]   --->   Operation 2400 'add' 'add_ln58_4967' <Predicate = true> <Delay = 2.19> <CoreInst = "Adder">   --->   Core 1 'Adder' <Latency = 0> <II = 1> <Delay = 2.19> <FuncUnit> <Opcode : 'add' 'sub'> <InPorts = 2> <OutPorts = 1>
ST_28 : Operation 2401 [1/1] (2.19ns)   --->   "%add_ln58_4999 = add i21 %sext_ln17_5242, i21 %sext_ln17_5258" [firmware/nnet_utils/nnet_dense_latency.h:58]   --->   Operation 2401 'add' 'add_ln58_4999' <Predicate = true> <Delay = 2.19> <CoreInst = "Adder">   --->   Core 1 'Adder' <Latency = 0> <II = 1> <Delay = 2.19> <FuncUnit> <Opcode : 'add' 'sub'> <InPorts = 2> <OutPorts = 1>
ST_28 : Operation 2402 [1/1] (2.16ns)   --->   "%add_ln58_5031 = add i20 %sext_ln17_5243, i20 %sext_ln17_5259" [firmware/nnet_utils/nnet_dense_latency.h:58]   --->   Operation 2402 'add' 'add_ln58_5031' <Predicate = true> <Delay = 2.16> <CoreInst = "Adder">   --->   Core 1 'Adder' <Latency = 0> <II = 1> <Delay = 2.16> <FuncUnit> <Opcode : 'add' 'sub'> <InPorts = 2> <OutPorts = 1>
ST_28 : Operation 2403 [1/1] (2.19ns)   --->   "%add_ln58_5063 = add i21 %sext_ln17_5244, i21 %sext_ln17_5260" [firmware/nnet_utils/nnet_dense_latency.h:58]   --->   Operation 2403 'add' 'add_ln58_5063' <Predicate = true> <Delay = 2.19> <CoreInst = "Adder">   --->   Core 1 'Adder' <Latency = 0> <II = 1> <Delay = 2.19> <FuncUnit> <Opcode : 'add' 'sub'> <InPorts = 2> <OutPorts = 1>
ST_28 : Operation 2404 [1/1] (2.16ns)   --->   "%add_ln58_5127 = add i20 %sext_ln17_5246, i20 %sext_ln17_5262" [firmware/nnet_utils/nnet_dense_latency.h:58]   --->   Operation 2404 'add' 'add_ln58_5127' <Predicate = true> <Delay = 2.16> <CoreInst = "Adder">   --->   Core 1 'Adder' <Latency = 0> <II = 1> <Delay = 2.16> <FuncUnit> <Opcode : 'add' 'sub'> <InPorts = 2> <OutPorts = 1>

State 29 <SV = 28> <Delay = 16.8>
ST_29 : Operation 2405 [1/1] (0.00ns)   --->   "%data_31_val_read = read i16 @_ssdm_op_Read.ap_auto.i16, i16 %data_31_val" [firmware/nnet_utils/nnet_mult.h:70->firmware/nnet_utils/nnet_dense_latency.h:42]   --->   Operation 2405 'read' 'data_31_val_read' <Predicate = true> <Delay = 0.00>
ST_29 : Operation 2406 [1/1] (0.00ns)   --->   "%data_30_val_read = read i16 @_ssdm_op_Read.ap_auto.i16, i16 %data_30_val" [firmware/nnet_utils/nnet_mult.h:70->firmware/nnet_utils/nnet_dense_latency.h:42]   --->   Operation 2406 'read' 'data_30_val_read' <Predicate = true> <Delay = 0.00>
ST_29 : Operation 2407 [1/1] (0.00ns)   --->   "%sext_ln17_5245 = sext i20 %mult_5241" [firmware/nnet_utils/nnet_dense_latency.h:17]   --->   Operation 2407 'sext' 'sext_ln17_5245' <Predicate = true> <Delay = 0.00>
ST_29 : Operation 2408 [1/1] (0.00ns)   --->   "%sext_ln17_5247 = sext i18 %mult_5243" [firmware/nnet_utils/nnet_dense_latency.h:17]   --->   Operation 2408 'sext' 'sext_ln17_5247' <Predicate = true> <Delay = 0.00>
ST_29 : Operation 2409 [1/1] (0.00ns)   --->   "%sext_ln17_5248 = sext i19 %mult_5244" [firmware/nnet_utils/nnet_dense_latency.h:17]   --->   Operation 2409 'sext' 'sext_ln17_5248' <Predicate = true> <Delay = 0.00>
ST_29 : Operation 2410 [1/1] (0.00ns)   --->   "%sext_ln17_5249 = sext i19 %mult_5245" [firmware/nnet_utils/nnet_dense_latency.h:17]   --->   Operation 2410 'sext' 'sext_ln17_5249' <Predicate = true> <Delay = 0.00>
ST_29 : Operation 2411 [1/1] (0.00ns)   --->   "%sext_ln17_5250 = sext i20 %mult_5246" [firmware/nnet_utils/nnet_dense_latency.h:17]   --->   Operation 2411 'sext' 'sext_ln17_5250' <Predicate = true> <Delay = 0.00>
ST_29 : Operation 2412 [1/1] (0.00ns)   --->   "%sext_ln17_5251 = sext i18 %mult_5247" [firmware/nnet_utils/nnet_dense_latency.h:17]   --->   Operation 2412 'sext' 'sext_ln17_5251' <Predicate = true> <Delay = 0.00>
ST_29 : Operation 2413 [1/1] (0.00ns)   --->   "%sext_ln17_5252 = sext i18 %mult_5248" [firmware/nnet_utils/nnet_dense_latency.h:17]   --->   Operation 2413 'sext' 'sext_ln17_5252' <Predicate = true> <Delay = 0.00>
ST_29 : Operation 2414 [1/1] (0.00ns)   --->   "%sext_ln70_619 = sext i16 %data_29_val_read" [firmware/nnet_utils/nnet_mult.h:70->firmware/nnet_utils/nnet_dense_latency.h:42]   --->   Operation 2414 'sext' 'sext_ln70_619' <Predicate = true> <Delay = 0.00>
ST_29 : Operation 2415 [1/1] (0.00ns)   --->   "%sext_ln70_620 = sext i16 %data_29_val_read" [firmware/nnet_utils/nnet_mult.h:70->firmware/nnet_utils/nnet_dense_latency.h:42]   --->   Operation 2415 'sext' 'sext_ln70_620' <Predicate = true> <Delay = 0.00>
ST_29 : Operation 2416 [1/1] (0.00ns)   --->   "%shl_ln73_278 = bitconcatenate i28 @_ssdm_op_BitConcatenate.i28.i16.i12, i16 %data_29_val_read, i12 0" [firmware/nnet_utils/nnet_mult.h:73->firmware/nnet_utils/nnet_dense_latency.h:42]   --->   Operation 2416 'bitconcatenate' 'shl_ln73_278' <Predicate = true> <Delay = 0.00>
ST_29 : Operation 2417 [1/1] (0.00ns)   --->   "%sext_ln73_311 = sext i28 %shl_ln73_278" [firmware/nnet_utils/nnet_mult.h:73->firmware/nnet_utils/nnet_dense_latency.h:42]   --->   Operation 2417 'sext' 'sext_ln73_311' <Predicate = true> <Delay = 0.00>
ST_29 : Operation 2418 [1/1] (2.43ns)   --->   "%sub_ln73_183 = sub i29 %sext_ln73_311, i29 %sext_ln70_621" [firmware/nnet_utils/nnet_mult.h:73->firmware/nnet_utils/nnet_dense_latency.h:42]   --->   Operation 2418 'sub' 'sub_ln73_183' <Predicate = true> <Delay = 2.43> <CoreInst = "Adder">   --->   Core 1 'Adder' <Latency = 0> <II = 1> <Delay = 2.43> <FuncUnit> <Opcode : 'add' 'sub'> <InPorts = 2> <OutPorts = 1>
ST_29 : Operation 2419 [1/1] (0.00ns)   --->   "%mult_5257 = partselect i19 @_ssdm_op_PartSelect.i19.i29.i32.i32, i29 %sub_ln73_183, i32 10, i32 28" [firmware/nnet_utils/nnet_dense_latency.h:42]   --->   Operation 2419 'partselect' 'mult_5257' <Predicate = true> <Delay = 0.00>
ST_29 : Operation 2420 [1/1] (0.00ns)   --->   "%sext_ln17_5261 = sext i19 %mult_5257" [firmware/nnet_utils/nnet_dense_latency.h:17]   --->   Operation 2420 'sext' 'sext_ln17_5261' <Predicate = true> <Delay = 0.00>
ST_29 : Operation 2421 [1/1] (5.58ns)   --->   "%mul_ln73_5085 = mul i29 %sext_ln70_621, i29 3418" [firmware/nnet_utils/nnet_mult.h:73->firmware/nnet_utils/nnet_dense_latency.h:42]   --->   Operation 2421 'mul' 'mul_ln73_5085' <Predicate = true> <Delay = 5.58> <CoreInst = "Multiplier">   --->   Core 3 'Multiplier' <Latency = 0> <II = 1> <Delay = 5.58> <FuncUnit> <Opcode : 'mul'> <InPorts = 2> <OutPorts = 1>
ST_29 : Operation 2422 [1/1] (0.00ns)   --->   "%mult_5259 = partselect i19 @_ssdm_op_PartSelect.i19.i29.i32.i32, i29 %mul_ln73_5085, i32 10, i32 28" [firmware/nnet_utils/nnet_dense_latency.h:42]   --->   Operation 2422 'partselect' 'mult_5259' <Predicate = true> <Delay = 0.00>
ST_29 : Operation 2423 [1/1] (0.00ns)   --->   "%sext_ln17_5263 = sext i19 %mult_5259" [firmware/nnet_utils/nnet_dense_latency.h:17]   --->   Operation 2423 'sext' 'sext_ln17_5263' <Predicate = true> <Delay = 0.00>
ST_29 : Operation 2424 [1/1] (5.58ns)   --->   "%mul_ln73_5086 = mul i28 %sext_ln70_620, i28 268433891" [firmware/nnet_utils/nnet_mult.h:73->firmware/nnet_utils/nnet_dense_latency.h:42]   --->   Operation 2424 'mul' 'mul_ln73_5086' <Predicate = true> <Delay = 5.58> <CoreInst = "Multiplier">   --->   Core 3 'Multiplier' <Latency = 0> <II = 1> <Delay = 5.58> <FuncUnit> <Opcode : 'mul'> <InPorts = 2> <OutPorts = 1>
ST_29 : Operation 2425 [1/1] (0.00ns)   --->   "%mult_5260 = partselect i18 @_ssdm_op_PartSelect.i18.i28.i32.i32, i28 %mul_ln73_5086, i32 10, i32 27" [firmware/nnet_utils/nnet_dense_latency.h:42]   --->   Operation 2425 'partselect' 'mult_5260' <Predicate = true> <Delay = 0.00>
ST_29 : Operation 2426 [1/1] (0.00ns)   --->   "%sext_ln17_5264 = sext i18 %mult_5260" [firmware/nnet_utils/nnet_dense_latency.h:17]   --->   Operation 2426 'sext' 'sext_ln17_5264' <Predicate = true> <Delay = 0.00>
ST_29 : Operation 2427 [1/1] (5.58ns)   --->   "%mul_ln73_5087 = mul i24 %sext_ln70_619, i24 121" [firmware/nnet_utils/nnet_mult.h:73->firmware/nnet_utils/nnet_dense_latency.h:42]   --->   Operation 2427 'mul' 'mul_ln73_5087' <Predicate = true> <Delay = 5.58> <CoreInst = "Multiplier">   --->   Core 3 'Multiplier' <Latency = 0> <II = 1> <Delay = 5.58> <FuncUnit> <Opcode : 'mul'> <InPorts = 2> <OutPorts = 1>
ST_29 : Operation 2428 [1/1] (0.00ns)   --->   "%mult_5261 = partselect i14 @_ssdm_op_PartSelect.i14.i24.i32.i32, i24 %mul_ln73_5087, i32 10, i32 23" [firmware/nnet_utils/nnet_dense_latency.h:42]   --->   Operation 2428 'partselect' 'mult_5261' <Predicate = true> <Delay = 0.00>
ST_29 : Operation 2429 [1/1] (0.00ns)   --->   "%sext_ln17_5265 = sext i14 %mult_5261" [firmware/nnet_utils/nnet_dense_latency.h:17]   --->   Operation 2429 'sext' 'sext_ln17_5265' <Predicate = true> <Delay = 0.00>
ST_29 : Operation 2430 [1/1] (5.58ns)   --->   "%mul_ln73_5088 = mul i30 %sext_ln70_622, i30 1073736669" [firmware/nnet_utils/nnet_mult.h:73->firmware/nnet_utils/nnet_dense_latency.h:42]   --->   Operation 2430 'mul' 'mul_ln73_5088' <Predicate = true> <Delay = 5.58> <CoreInst = "Multiplier">   --->   Core 3 'Multiplier' <Latency = 0> <II = 1> <Delay = 5.58> <FuncUnit> <Opcode : 'mul'> <InPorts = 2> <OutPorts = 1>
ST_29 : Operation 2431 [1/1] (0.00ns)   --->   "%mult_5262 = partselect i20 @_ssdm_op_PartSelect.i20.i30.i32.i32, i30 %mul_ln73_5088, i32 10, i32 29" [firmware/nnet_utils/nnet_dense_latency.h:42]   --->   Operation 2431 'partselect' 'mult_5262' <Predicate = true> <Delay = 0.00>
ST_29 : Operation 2432 [1/1] (0.00ns)   --->   "%sext_ln17_5266 = sext i20 %mult_5262" [firmware/nnet_utils/nnet_dense_latency.h:17]   --->   Operation 2432 'sext' 'sext_ln17_5266' <Predicate = true> <Delay = 0.00>
ST_29 : Operation 2433 [1/1] (5.58ns)   --->   "%mul_ln73_5089 = mul i28 %sext_ln70_620, i28 1927" [firmware/nnet_utils/nnet_mult.h:73->firmware/nnet_utils/nnet_dense_latency.h:42]   --->   Operation 2433 'mul' 'mul_ln73_5089' <Predicate = true> <Delay = 5.58> <CoreInst = "Multiplier">   --->   Core 3 'Multiplier' <Latency = 0> <II = 1> <Delay = 5.58> <FuncUnit> <Opcode : 'mul'> <InPorts = 2> <OutPorts = 1>
ST_29 : Operation 2434 [1/1] (0.00ns)   --->   "%mult_5263 = partselect i18 @_ssdm_op_PartSelect.i18.i28.i32.i32, i28 %mul_ln73_5089, i32 10, i32 27" [firmware/nnet_utils/nnet_dense_latency.h:42]   --->   Operation 2434 'partselect' 'mult_5263' <Predicate = true> <Delay = 0.00>
ST_29 : Operation 2435 [1/1] (0.00ns)   --->   "%sext_ln17_5267 = sext i18 %mult_5263" [firmware/nnet_utils/nnet_dense_latency.h:17]   --->   Operation 2435 'sext' 'sext_ln17_5267' <Predicate = true> <Delay = 0.00>
ST_29 : Operation 2436 [1/1] (5.58ns)   --->   "%mul_ln73_5090 = mul i27 %sext_ln70_623, i27 134216849" [firmware/nnet_utils/nnet_mult.h:73->firmware/nnet_utils/nnet_dense_latency.h:42]   --->   Operation 2436 'mul' 'mul_ln73_5090' <Predicate = true> <Delay = 5.58> <CoreInst = "Multiplier">   --->   Core 3 'Multiplier' <Latency = 0> <II = 1> <Delay = 5.58> <FuncUnit> <Opcode : 'mul'> <InPorts = 2> <OutPorts = 1>
ST_29 : Operation 2437 [1/1] (0.00ns)   --->   "%mult_5264 = partselect i17 @_ssdm_op_PartSelect.i17.i27.i32.i32, i27 %mul_ln73_5090, i32 10, i32 26" [firmware/nnet_utils/nnet_dense_latency.h:42]   --->   Operation 2437 'partselect' 'mult_5264' <Predicate = true> <Delay = 0.00>
ST_29 : Operation 2438 [1/1] (0.00ns)   --->   "%sext_ln17_5268 = sext i17 %mult_5264" [firmware/nnet_utils/nnet_dense_latency.h:17]   --->   Operation 2438 'sext' 'sext_ln17_5268' <Predicate = true> <Delay = 0.00>
ST_29 : Operation 2439 [1/1] (0.00ns)   --->   "%sext_ln70_624 = sext i16 %data_30_val_read" [firmware/nnet_utils/nnet_mult.h:70->firmware/nnet_utils/nnet_dense_latency.h:42]   --->   Operation 2439 'sext' 'sext_ln70_624' <Predicate = true> <Delay = 0.00>
ST_29 : Operation 2440 [1/1] (0.00ns)   --->   "%sext_ln70_625 = sext i16 %data_30_val_read" [firmware/nnet_utils/nnet_mult.h:70->firmware/nnet_utils/nnet_dense_latency.h:42]   --->   Operation 2440 'sext' 'sext_ln70_625' <Predicate = true> <Delay = 0.00>
ST_29 : Operation 2441 [1/1] (0.00ns)   --->   "%sext_ln70_626 = sext i16 %data_30_val_read" [firmware/nnet_utils/nnet_mult.h:70->firmware/nnet_utils/nnet_dense_latency.h:42]   --->   Operation 2441 'sext' 'sext_ln70_626' <Predicate = true> <Delay = 0.00>
ST_29 : Operation 2442 [1/1] (0.00ns)   --->   "%sext_ln70_627 = sext i16 %data_30_val_read" [firmware/nnet_utils/nnet_mult.h:70->firmware/nnet_utils/nnet_dense_latency.h:42]   --->   Operation 2442 'sext' 'sext_ln70_627' <Predicate = true> <Delay = 0.00>
ST_29 : Operation 2443 [1/1] (0.00ns)   --->   "%sext_ln70_628 = sext i16 %data_30_val_read" [firmware/nnet_utils/nnet_mult.h:70->firmware/nnet_utils/nnet_dense_latency.h:42]   --->   Operation 2443 'sext' 'sext_ln70_628' <Predicate = true> <Delay = 0.00>
ST_29 : Operation 2444 [1/1] (5.58ns)   --->   "%mul_ln73_5091 = mul i30 %sext_ln70_628, i30 1073736899" [firmware/nnet_utils/nnet_mult.h:73->firmware/nnet_utils/nnet_dense_latency.h:42]   --->   Operation 2444 'mul' 'mul_ln73_5091' <Predicate = true> <Delay = 5.58> <CoreInst = "Multiplier">   --->   Core 3 'Multiplier' <Latency = 0> <II = 1> <Delay = 5.58> <FuncUnit> <Opcode : 'mul'> <InPorts = 2> <OutPorts = 1>
ST_29 : Operation 2445 [1/1] (0.00ns)   --->   "%mult_5265 = partselect i20 @_ssdm_op_PartSelect.i20.i30.i32.i32, i30 %mul_ln73_5091, i32 10, i32 29" [firmware/nnet_utils/nnet_dense_latency.h:42]   --->   Operation 2445 'partselect' 'mult_5265' <Predicate = true> <Delay = 0.00>
ST_29 : Operation 2446 [1/1] (5.58ns)   --->   "%mul_ln73_5092 = mul i30 %sext_ln70_628, i30 1073737121" [firmware/nnet_utils/nnet_mult.h:73->firmware/nnet_utils/nnet_dense_latency.h:42]   --->   Operation 2446 'mul' 'mul_ln73_5092' <Predicate = true> <Delay = 5.58> <CoreInst = "Multiplier">   --->   Core 3 'Multiplier' <Latency = 0> <II = 1> <Delay = 5.58> <FuncUnit> <Opcode : 'mul'> <InPorts = 2> <OutPorts = 1>
ST_29 : Operation 2447 [1/1] (0.00ns)   --->   "%mult_5266 = partselect i20 @_ssdm_op_PartSelect.i20.i30.i32.i32, i30 %mul_ln73_5092, i32 10, i32 29" [firmware/nnet_utils/nnet_dense_latency.h:42]   --->   Operation 2447 'partselect' 'mult_5266' <Predicate = true> <Delay = 0.00>
ST_29 : Operation 2448 [1/1] (0.00ns)   --->   "%sext_ln17_5270 = sext i20 %mult_5266" [firmware/nnet_utils/nnet_dense_latency.h:17]   --->   Operation 2448 'sext' 'sext_ln17_5270' <Predicate = true> <Delay = 0.00>
ST_29 : Operation 2449 [1/1] (5.58ns)   --->   "%mul_ln73_5093 = mul i27 %sext_ln70_627, i27 134216743" [firmware/nnet_utils/nnet_mult.h:73->firmware/nnet_utils/nnet_dense_latency.h:42]   --->   Operation 2449 'mul' 'mul_ln73_5093' <Predicate = true> <Delay = 5.58> <CoreInst = "Multiplier">   --->   Core 3 'Multiplier' <Latency = 0> <II = 1> <Delay = 5.58> <FuncUnit> <Opcode : 'mul'> <InPorts = 2> <OutPorts = 1>
ST_29 : Operation 2450 [1/1] (0.00ns)   --->   "%mult_5267 = partselect i17 @_ssdm_op_PartSelect.i17.i27.i32.i32, i27 %mul_ln73_5093, i32 10, i32 26" [firmware/nnet_utils/nnet_dense_latency.h:42]   --->   Operation 2450 'partselect' 'mult_5267' <Predicate = true> <Delay = 0.00>
ST_29 : Operation 2451 [1/1] (5.58ns)   --->   "%mul_ln73_5094 = mul i26 %sext_ln70_626, i26 67108490" [firmware/nnet_utils/nnet_mult.h:73->firmware/nnet_utils/nnet_dense_latency.h:42]   --->   Operation 2451 'mul' 'mul_ln73_5094' <Predicate = true> <Delay = 5.58> <CoreInst = "Multiplier">   --->   Core 3 'Multiplier' <Latency = 0> <II = 1> <Delay = 5.58> <FuncUnit> <Opcode : 'mul'> <InPorts = 2> <OutPorts = 1>
ST_29 : Operation 2452 [1/1] (0.00ns)   --->   "%mult_5268 = partselect i16 @_ssdm_op_PartSelect.i16.i26.i32.i32, i26 %mul_ln73_5094, i32 10, i32 25" [firmware/nnet_utils/nnet_dense_latency.h:42]   --->   Operation 2452 'partselect' 'mult_5268' <Predicate = true> <Delay = 0.00>
ST_29 : Operation 2453 [1/1] (5.58ns)   --->   "%mul_ln73_5095 = mul i28 %sext_ln70_625, i28 1484" [firmware/nnet_utils/nnet_mult.h:73->firmware/nnet_utils/nnet_dense_latency.h:42]   --->   Operation 2453 'mul' 'mul_ln73_5095' <Predicate = true> <Delay = 5.58> <CoreInst = "Multiplier">   --->   Core 3 'Multiplier' <Latency = 0> <II = 1> <Delay = 5.58> <FuncUnit> <Opcode : 'mul'> <InPorts = 2> <OutPorts = 1>
ST_29 : Operation 2454 [1/1] (0.00ns)   --->   "%mult_5269 = partselect i18 @_ssdm_op_PartSelect.i18.i28.i32.i32, i28 %mul_ln73_5095, i32 10, i32 27" [firmware/nnet_utils/nnet_dense_latency.h:42]   --->   Operation 2454 'partselect' 'mult_5269' <Predicate = true> <Delay = 0.00>
ST_29 : Operation 2455 [1/1] (5.58ns)   --->   "%mul_ln73_5096 = mul i28 %sext_ln70_625, i28 1042" [firmware/nnet_utils/nnet_mult.h:73->firmware/nnet_utils/nnet_dense_latency.h:42]   --->   Operation 2455 'mul' 'mul_ln73_5096' <Predicate = true> <Delay = 5.58> <CoreInst = "Multiplier">   --->   Core 3 'Multiplier' <Latency = 0> <II = 1> <Delay = 5.58> <FuncUnit> <Opcode : 'mul'> <InPorts = 2> <OutPorts = 1>
ST_29 : Operation 2456 [1/1] (0.00ns)   --->   "%mult_5270 = partselect i18 @_ssdm_op_PartSelect.i18.i28.i32.i32, i28 %mul_ln73_5096, i32 10, i32 27" [firmware/nnet_utils/nnet_dense_latency.h:42]   --->   Operation 2456 'partselect' 'mult_5270' <Predicate = true> <Delay = 0.00>
ST_29 : Operation 2457 [1/1] (5.58ns)   --->   "%mul_ln73_5097 = mul i30 %sext_ln70_628, i30 1073735633" [firmware/nnet_utils/nnet_mult.h:73->firmware/nnet_utils/nnet_dense_latency.h:42]   --->   Operation 2457 'mul' 'mul_ln73_5097' <Predicate = true> <Delay = 5.58> <CoreInst = "Multiplier">   --->   Core 3 'Multiplier' <Latency = 0> <II = 1> <Delay = 5.58> <FuncUnit> <Opcode : 'mul'> <InPorts = 2> <OutPorts = 1>
ST_29 : Operation 2458 [1/1] (0.00ns)   --->   "%mult_5271 = partselect i20 @_ssdm_op_PartSelect.i20.i30.i32.i32, i30 %mul_ln73_5097, i32 10, i32 29" [firmware/nnet_utils/nnet_dense_latency.h:42]   --->   Operation 2458 'partselect' 'mult_5271' <Predicate = true> <Delay = 0.00>
ST_29 : Operation 2459 [1/1] (5.58ns)   --->   "%mul_ln73_5098 = mul i30 %sext_ln70_628, i30 1073737518" [firmware/nnet_utils/nnet_mult.h:73->firmware/nnet_utils/nnet_dense_latency.h:42]   --->   Operation 2459 'mul' 'mul_ln73_5098' <Predicate = true> <Delay = 5.58> <CoreInst = "Multiplier">   --->   Core 3 'Multiplier' <Latency = 0> <II = 1> <Delay = 5.58> <FuncUnit> <Opcode : 'mul'> <InPorts = 2> <OutPorts = 1>
ST_29 : Operation 2460 [1/1] (0.00ns)   --->   "%mult_5272 = partselect i20 @_ssdm_op_PartSelect.i20.i30.i32.i32, i30 %mul_ln73_5098, i32 10, i32 29" [firmware/nnet_utils/nnet_dense_latency.h:42]   --->   Operation 2460 'partselect' 'mult_5272' <Predicate = true> <Delay = 0.00>
ST_29 : Operation 2461 [1/1] (5.58ns)   --->   "%mul_ln73_5099 = mul i29 %sext_ln70_624, i29 2153" [firmware/nnet_utils/nnet_mult.h:73->firmware/nnet_utils/nnet_dense_latency.h:42]   --->   Operation 2461 'mul' 'mul_ln73_5099' <Predicate = true> <Delay = 5.58> <CoreInst = "Multiplier">   --->   Core 3 'Multiplier' <Latency = 0> <II = 1> <Delay = 5.58> <FuncUnit> <Opcode : 'mul'> <InPorts = 2> <OutPorts = 1>
ST_29 : Operation 2462 [1/1] (0.00ns)   --->   "%mult_5273 = partselect i19 @_ssdm_op_PartSelect.i19.i29.i32.i32, i29 %mul_ln73_5099, i32 10, i32 28" [firmware/nnet_utils/nnet_dense_latency.h:42]   --->   Operation 2462 'partselect' 'mult_5273' <Predicate = true> <Delay = 0.00>
ST_29 : Operation 2463 [1/1] (5.58ns)   --->   "%mul_ln73_5100 = mul i29 %sext_ln70_624, i29 3611" [firmware/nnet_utils/nnet_mult.h:73->firmware/nnet_utils/nnet_dense_latency.h:42]   --->   Operation 2463 'mul' 'mul_ln73_5100' <Predicate = true> <Delay = 5.58> <CoreInst = "Multiplier">   --->   Core 3 'Multiplier' <Latency = 0> <II = 1> <Delay = 5.58> <FuncUnit> <Opcode : 'mul'> <InPorts = 2> <OutPorts = 1>
ST_29 : Operation 2464 [1/1] (0.00ns)   --->   "%mult_5274 = partselect i19 @_ssdm_op_PartSelect.i19.i29.i32.i32, i29 %mul_ln73_5100, i32 10, i32 28" [firmware/nnet_utils/nnet_dense_latency.h:42]   --->   Operation 2464 'partselect' 'mult_5274' <Predicate = true> <Delay = 0.00>
ST_29 : Operation 2465 [1/1] (0.00ns)   --->   "%shl_ln73_279 = bitconcatenate i28 @_ssdm_op_BitConcatenate.i28.i16.i12, i16 %data_31_val_read, i12 0" [firmware/nnet_utils/nnet_mult.h:73->firmware/nnet_utils/nnet_dense_latency.h:42]   --->   Operation 2465 'bitconcatenate' 'shl_ln73_279' <Predicate = true> <Delay = 0.00>
ST_29 : Operation 2466 [1/1] (0.00ns)   --->   "%sext_ln73_312 = sext i28 %shl_ln73_279" [firmware/nnet_utils/nnet_mult.h:73->firmware/nnet_utils/nnet_dense_latency.h:42]   --->   Operation 2466 'sext' 'sext_ln73_312' <Predicate = true> <Delay = 0.00>
ST_29 : Operation 2467 [1/1] (0.00ns)   --->   "%shl_ln73_280 = bitconcatenate i25 @_ssdm_op_BitConcatenate.i25.i16.i9, i16 %data_31_val_read, i9 0" [firmware/nnet_utils/nnet_mult.h:73->firmware/nnet_utils/nnet_dense_latency.h:42]   --->   Operation 2467 'bitconcatenate' 'shl_ln73_280' <Predicate = true> <Delay = 0.00>
ST_29 : Operation 2468 [1/1] (0.00ns)   --->   "%sext_ln73_313 = sext i25 %shl_ln73_280" [firmware/nnet_utils/nnet_mult.h:73->firmware/nnet_utils/nnet_dense_latency.h:42]   --->   Operation 2468 'sext' 'sext_ln73_313' <Predicate = true> <Delay = 0.00>
ST_29 : Operation 2469 [1/1] (2.43ns)   --->   "%add_ln73_39 = add i29 %sext_ln73_312, i29 %sext_ln73_313" [firmware/nnet_utils/nnet_mult.h:73->firmware/nnet_utils/nnet_dense_latency.h:42]   --->   Operation 2469 'add' 'add_ln73_39' <Predicate = true> <Delay = 2.43> <CoreInst = "Adder">   --->   Core 1 'Adder' <Latency = 0> <II = 1> <Delay = 2.43> <FuncUnit> <Opcode : 'add' 'sub'> <InPorts = 2> <OutPorts = 1>
ST_29 : Operation 2470 [1/1] (0.00ns)   --->   "%mult_5282 = partselect i19 @_ssdm_op_PartSelect.i19.i29.i32.i32, i29 %add_ln73_39, i32 10, i32 28" [firmware/nnet_utils/nnet_dense_latency.h:42]   --->   Operation 2470 'partselect' 'mult_5282' <Predicate = true> <Delay = 0.00>
ST_29 : Operation 2471 [1/1] (0.00ns)   --->   "%sext_ln17_5286 = sext i19 %mult_5282" [firmware/nnet_utils/nnet_dense_latency.h:17]   --->   Operation 2471 'sext' 'sext_ln17_5286' <Predicate = true> <Delay = 0.00>
ST_29 : Operation 2472 [1/1] (0.00ns)   --->   "%sext_ln58_3268 = sext i23 %add_ln58_4860" [firmware/nnet_utils/nnet_dense_latency.h:58]   --->   Operation 2472 'sext' 'sext_ln58_3268' <Predicate = true> <Delay = 0.00>
ST_29 : Operation 2473 [1/1] (0.00ns)   --->   "%sext_ln58_3275 = sext i23 %add_ln58_4867" [firmware/nnet_utils/nnet_dense_latency.h:58]   --->   Operation 2473 'sext' 'sext_ln58_3275' <Predicate = true> <Delay = 0.00>
ST_29 : Operation 2474 [1/1] (0.00ns)   --->   "%sext_ln58_3278 = sext i22 %add_ln58_4870" [firmware/nnet_utils/nnet_dense_latency.h:58]   --->   Operation 2474 'sext' 'sext_ln58_3278' <Predicate = true> <Delay = 0.00>
ST_29 : Operation 2475 [1/1] (0.00ns)   --->   "%sext_ln58_3279 = sext i21 %add_ln58_4871" [firmware/nnet_utils/nnet_dense_latency.h:58]   --->   Operation 2475 'sext' 'sext_ln58_3279' <Predicate = true> <Delay = 0.00>
ST_29 : Operation 2476 [1/1] (2.16ns)   --->   "%add_ln58_4872 = add i20 %sext_ln17_5286, i20 1048457" [firmware/nnet_utils/nnet_dense_latency.h:58]   --->   Operation 2476 'add' 'add_ln58_4872' <Predicate = true> <Delay = 2.16> <CoreInst = "Adder">   --->   Core 1 'Adder' <Latency = 0> <II = 1> <Delay = 2.16> <FuncUnit> <Opcode : 'add' 'sub'> <InPorts = 2> <OutPorts = 1>
ST_29 : Operation 2477 [1/1] (0.00ns)   --->   "%sext_ln58_3280 = sext i20 %add_ln58_4872" [firmware/nnet_utils/nnet_dense_latency.h:58]   --->   Operation 2477 'sext' 'sext_ln58_3280' <Predicate = true> <Delay = 0.00>
ST_29 : Operation 2478 [1/1] (2.19ns)   --->   "%add_ln58_4873 = add i21 %sext_ln58_3280, i21 %sext_ln17_5270" [firmware/nnet_utils/nnet_dense_latency.h:58]   --->   Operation 2478 'add' 'add_ln58_4873' <Predicate = true> <Delay = 2.19> <CoreInst = "Adder">   --->   Core 1 'Adder' <Latency = 0> <II = 1> <Delay = 2.19> <FuncUnit> <Opcode : 'add' 'sub'> <InPorts = 2> <OutPorts = 1>
ST_29 : Operation 2479 [1/1] (0.00ns)   --->   "%sext_ln58_3281 = sext i21 %add_ln58_4873" [firmware/nnet_utils/nnet_dense_latency.h:58]   --->   Operation 2479 'sext' 'sext_ln58_3281' <Predicate = true> <Delay = 0.00>
ST_29 : Operation 2480 [1/1] (2.22ns)   --->   "%add_ln58_4874 = add i22 %sext_ln58_3281, i22 %sext_ln58_3279" [firmware/nnet_utils/nnet_dense_latency.h:58]   --->   Operation 2480 'add' 'add_ln58_4874' <Predicate = true> <Delay = 2.22> <CoreInst = "Adder">   --->   Core 1 'Adder' <Latency = 0> <II = 1> <Delay = 2.22> <FuncUnit> <Opcode : 'add' 'sub'> <InPorts = 2> <OutPorts = 1>
ST_29 : Operation 2481 [1/1] (0.00ns)   --->   "%sext_ln58_3282 = sext i22 %add_ln58_4874" [firmware/nnet_utils/nnet_dense_latency.h:58]   --->   Operation 2481 'sext' 'sext_ln58_3282' <Predicate = true> <Delay = 0.00>
ST_29 : Operation 2482 [1/1] (2.25ns)   --->   "%add_ln58_4875 = add i23 %sext_ln58_3282, i23 %sext_ln58_3278" [firmware/nnet_utils/nnet_dense_latency.h:58]   --->   Operation 2482 'add' 'add_ln58_4875' <Predicate = true> <Delay = 2.25> <CoreInst = "Adder">   --->   Core 1 'Adder' <Latency = 0> <II = 1> <Delay = 2.25> <FuncUnit> <Opcode : 'add' 'sub'> <InPorts = 2> <OutPorts = 1>
ST_29 : Operation 2483 [1/1] (0.00ns)   --->   "%sext_ln58_3283 = sext i23 %add_ln58_4875" [firmware/nnet_utils/nnet_dense_latency.h:58]   --->   Operation 2483 'sext' 'sext_ln58_3283' <Predicate = true> <Delay = 0.00>
ST_29 : Operation 2484 [1/1] (2.28ns)   --->   "%add_ln58_4876 = add i24 %sext_ln58_3283, i24 %sext_ln58_3275" [firmware/nnet_utils/nnet_dense_latency.h:58]   --->   Operation 2484 'add' 'add_ln58_4876' <Predicate = true> <Delay = 2.28> <CoreInst = "Adder">   --->   Core 1 'Adder' <Latency = 0> <II = 1> <Delay = 2.28> <FuncUnit> <Opcode : 'add' 'sub'> <InPorts = 2> <OutPorts = 1>
ST_29 : Operation 2485 [1/1] (0.00ns)   --->   "%sext_ln58_3284 = sext i24 %add_ln58_4876" [firmware/nnet_utils/nnet_dense_latency.h:58]   --->   Operation 2485 'sext' 'sext_ln58_3284' <Predicate = true> <Delay = 0.00>
ST_29 : Operation 2486 [1/1] (2.31ns)   --->   "%add_ln58_4877 = add i25 %sext_ln58_3284, i25 %sext_ln58_3268" [firmware/nnet_utils/nnet_dense_latency.h:58]   --->   Operation 2486 'add' 'add_ln58_4877' <Predicate = true> <Delay = 2.31> <CoreInst = "Adder">   --->   Core 1 'Adder' <Latency = 0> <II = 1> <Delay = 2.31> <FuncUnit> <Opcode : 'add' 'sub'> <InPorts = 2> <OutPorts = 1>
ST_29 : Operation 2487 [1/1] (2.19ns)   --->   "%add_ln58_5095 = add i21 %sext_ln17_5245, i21 %sext_ln17_5261" [firmware/nnet_utils/nnet_dense_latency.h:58]   --->   Operation 2487 'add' 'add_ln58_5095' <Predicate = true> <Delay = 2.19> <CoreInst = "Adder">   --->   Core 1 'Adder' <Latency = 0> <II = 1> <Delay = 2.19> <FuncUnit> <Opcode : 'add' 'sub'> <InPorts = 2> <OutPorts = 1>
ST_29 : Operation 2488 [1/1] (2.16ns)   --->   "%add_ln58_5159 = add i20 %sext_ln17_5247, i20 %sext_ln17_5263" [firmware/nnet_utils/nnet_dense_latency.h:58]   --->   Operation 2488 'add' 'add_ln58_5159' <Predicate = true> <Delay = 2.16> <CoreInst = "Adder">   --->   Core 1 'Adder' <Latency = 0> <II = 1> <Delay = 2.16> <FuncUnit> <Opcode : 'add' 'sub'> <InPorts = 2> <OutPorts = 1>
ST_29 : Operation 2489 [1/1] (2.16ns)   --->   "%add_ln58_5191 = add i20 %sext_ln17_5248, i20 %sext_ln17_5264" [firmware/nnet_utils/nnet_dense_latency.h:58]   --->   Operation 2489 'add' 'add_ln58_5191' <Predicate = true> <Delay = 2.16> <CoreInst = "Adder">   --->   Core 1 'Adder' <Latency = 0> <II = 1> <Delay = 2.16> <FuncUnit> <Opcode : 'add' 'sub'> <InPorts = 2> <OutPorts = 1>
ST_29 : Operation 2490 [1/1] (2.16ns)   --->   "%add_ln58_5223 = add i20 %sext_ln17_5249, i20 %sext_ln17_5265" [firmware/nnet_utils/nnet_dense_latency.h:58]   --->   Operation 2490 'add' 'add_ln58_5223' <Predicate = true> <Delay = 2.16> <CoreInst = "Adder">   --->   Core 1 'Adder' <Latency = 0> <II = 1> <Delay = 2.16> <FuncUnit> <Opcode : 'add' 'sub'> <InPorts = 2> <OutPorts = 1>
ST_29 : Operation 2491 [1/1] (2.19ns)   --->   "%add_ln58_5255 = add i21 %sext_ln17_5250, i21 %sext_ln17_5266" [firmware/nnet_utils/nnet_dense_latency.h:58]   --->   Operation 2491 'add' 'add_ln58_5255' <Predicate = true> <Delay = 2.19> <CoreInst = "Adder">   --->   Core 1 'Adder' <Latency = 0> <II = 1> <Delay = 2.19> <FuncUnit> <Opcode : 'add' 'sub'> <InPorts = 2> <OutPorts = 1>
ST_29 : Operation 2492 [1/1] (2.13ns)   --->   "%add_ln58_5287 = add i19 %sext_ln17_5251, i19 %sext_ln17_5267" [firmware/nnet_utils/nnet_dense_latency.h:58]   --->   Operation 2492 'add' 'add_ln58_5287' <Predicate = true> <Delay = 2.13> <CoreInst = "Adder">   --->   Core 1 'Adder' <Latency = 0> <II = 1> <Delay = 2.13> <FuncUnit> <Opcode : 'add' 'sub'> <InPorts = 2> <OutPorts = 1>
ST_29 : Operation 2493 [1/1] (2.13ns)   --->   "%add_ln58_5319 = add i19 %sext_ln17_5252, i19 %sext_ln17_5268" [firmware/nnet_utils/nnet_dense_latency.h:58]   --->   Operation 2493 'add' 'add_ln58_5319' <Predicate = true> <Delay = 2.13> <CoreInst = "Adder">   --->   Core 1 'Adder' <Latency = 0> <II = 1> <Delay = 2.13> <FuncUnit> <Opcode : 'add' 'sub'> <InPorts = 2> <OutPorts = 1>

State 30 <SV = 29> <Delay = 20.5>
ST_30 : Operation 2494 [1/1] (0.00ns)   --->   "%sext_ln17_5269 = sext i20 %mult_5265" [firmware/nnet_utils/nnet_dense_latency.h:17]   --->   Operation 2494 'sext' 'sext_ln17_5269' <Predicate = true> <Delay = 0.00>
ST_30 : Operation 2495 [1/1] (0.00ns)   --->   "%sext_ln17_5271 = sext i17 %mult_5267" [firmware/nnet_utils/nnet_dense_latency.h:17]   --->   Operation 2495 'sext' 'sext_ln17_5271' <Predicate = true> <Delay = 0.00>
ST_30 : Operation 2496 [1/1] (0.00ns)   --->   "%sext_ln17_5272 = sext i16 %mult_5268" [firmware/nnet_utils/nnet_dense_latency.h:17]   --->   Operation 2496 'sext' 'sext_ln17_5272' <Predicate = true> <Delay = 0.00>
ST_30 : Operation 2497 [1/1] (0.00ns)   --->   "%sext_ln17_5273 = sext i18 %mult_5269" [firmware/nnet_utils/nnet_dense_latency.h:17]   --->   Operation 2497 'sext' 'sext_ln17_5273' <Predicate = true> <Delay = 0.00>
ST_30 : Operation 2498 [1/1] (0.00ns)   --->   "%sext_ln17_5274 = sext i18 %mult_5270" [firmware/nnet_utils/nnet_dense_latency.h:17]   --->   Operation 2498 'sext' 'sext_ln17_5274' <Predicate = true> <Delay = 0.00>
ST_30 : Operation 2499 [1/1] (0.00ns)   --->   "%sext_ln17_5275 = sext i20 %mult_5271" [firmware/nnet_utils/nnet_dense_latency.h:17]   --->   Operation 2499 'sext' 'sext_ln17_5275' <Predicate = true> <Delay = 0.00>
ST_30 : Operation 2500 [1/1] (0.00ns)   --->   "%sext_ln17_5276 = sext i20 %mult_5272" [firmware/nnet_utils/nnet_dense_latency.h:17]   --->   Operation 2500 'sext' 'sext_ln17_5276' <Predicate = true> <Delay = 0.00>
ST_30 : Operation 2501 [1/1] (0.00ns)   --->   "%sext_ln17_5277 = sext i19 %mult_5273" [firmware/nnet_utils/nnet_dense_latency.h:17]   --->   Operation 2501 'sext' 'sext_ln17_5277' <Predicate = true> <Delay = 0.00>
ST_30 : Operation 2502 [1/1] (0.00ns)   --->   "%sext_ln17_5278 = sext i19 %mult_5274" [firmware/nnet_utils/nnet_dense_latency.h:17]   --->   Operation 2502 'sext' 'sext_ln17_5278' <Predicate = true> <Delay = 0.00>
ST_30 : Operation 2503 [1/1] (5.58ns)   --->   "%mul_ln73_5101 = mul i29 %sext_ln70_624, i29 2136" [firmware/nnet_utils/nnet_mult.h:73->firmware/nnet_utils/nnet_dense_latency.h:42]   --->   Operation 2503 'mul' 'mul_ln73_5101' <Predicate = true> <Delay = 5.58> <CoreInst = "Multiplier">   --->   Core 3 'Multiplier' <Latency = 0> <II = 1> <Delay = 5.58> <FuncUnit> <Opcode : 'mul'> <InPorts = 2> <OutPorts = 1>
ST_30 : Operation 2504 [1/1] (0.00ns)   --->   "%mult_5275 = partselect i19 @_ssdm_op_PartSelect.i19.i29.i32.i32, i29 %mul_ln73_5101, i32 10, i32 28" [firmware/nnet_utils/nnet_dense_latency.h:42]   --->   Operation 2504 'partselect' 'mult_5275' <Predicate = true> <Delay = 0.00>
ST_30 : Operation 2505 [1/1] (0.00ns)   --->   "%sext_ln17_5279 = sext i19 %mult_5275" [firmware/nnet_utils/nnet_dense_latency.h:17]   --->   Operation 2505 'sext' 'sext_ln17_5279' <Predicate = true> <Delay = 0.00>
ST_30 : Operation 2506 [1/1] (5.58ns)   --->   "%mul_ln73_5102 = mul i27 %sext_ln70_627, i27 134217127" [firmware/nnet_utils/nnet_mult.h:73->firmware/nnet_utils/nnet_dense_latency.h:42]   --->   Operation 2506 'mul' 'mul_ln73_5102' <Predicate = true> <Delay = 5.58> <CoreInst = "Multiplier">   --->   Core 3 'Multiplier' <Latency = 0> <II = 1> <Delay = 5.58> <FuncUnit> <Opcode : 'mul'> <InPorts = 2> <OutPorts = 1>
ST_30 : Operation 2507 [1/1] (0.00ns)   --->   "%mult_5276 = partselect i17 @_ssdm_op_PartSelect.i17.i27.i32.i32, i27 %mul_ln73_5102, i32 10, i32 26" [firmware/nnet_utils/nnet_dense_latency.h:42]   --->   Operation 2507 'partselect' 'mult_5276' <Predicate = true> <Delay = 0.00>
ST_30 : Operation 2508 [1/1] (5.58ns)   --->   "%mul_ln73_5103 = mul i30 %sext_ln70_628, i30 1073736820" [firmware/nnet_utils/nnet_mult.h:73->firmware/nnet_utils/nnet_dense_latency.h:42]   --->   Operation 2508 'mul' 'mul_ln73_5103' <Predicate = true> <Delay = 5.58> <CoreInst = "Multiplier">   --->   Core 3 'Multiplier' <Latency = 0> <II = 1> <Delay = 5.58> <FuncUnit> <Opcode : 'mul'> <InPorts = 2> <OutPorts = 1>
ST_30 : Operation 2509 [1/1] (0.00ns)   --->   "%mult_5277 = partselect i20 @_ssdm_op_PartSelect.i20.i30.i32.i32, i30 %mul_ln73_5103, i32 10, i32 29" [firmware/nnet_utils/nnet_dense_latency.h:42]   --->   Operation 2509 'partselect' 'mult_5277' <Predicate = true> <Delay = 0.00>
ST_30 : Operation 2510 [1/1] (5.58ns)   --->   "%mul_ln73_5104 = mul i28 %sext_ln70_625, i28 268434412" [firmware/nnet_utils/nnet_mult.h:73->firmware/nnet_utils/nnet_dense_latency.h:42]   --->   Operation 2510 'mul' 'mul_ln73_5104' <Predicate = true> <Delay = 5.58> <CoreInst = "Multiplier">   --->   Core 3 'Multiplier' <Latency = 0> <II = 1> <Delay = 5.58> <FuncUnit> <Opcode : 'mul'> <InPorts = 2> <OutPorts = 1>
ST_30 : Operation 2511 [1/1] (0.00ns)   --->   "%mult_5278 = partselect i18 @_ssdm_op_PartSelect.i18.i28.i32.i32, i28 %mul_ln73_5104, i32 10, i32 27" [firmware/nnet_utils/nnet_dense_latency.h:42]   --->   Operation 2511 'partselect' 'mult_5278' <Predicate = true> <Delay = 0.00>
ST_30 : Operation 2512 [1/1] (5.58ns)   --->   "%mul_ln73_5105 = mul i29 %sext_ln70_624, i29 536867061" [firmware/nnet_utils/nnet_mult.h:73->firmware/nnet_utils/nnet_dense_latency.h:42]   --->   Operation 2512 'mul' 'mul_ln73_5105' <Predicate = true> <Delay = 5.58> <CoreInst = "Multiplier">   --->   Core 3 'Multiplier' <Latency = 0> <II = 1> <Delay = 5.58> <FuncUnit> <Opcode : 'mul'> <InPorts = 2> <OutPorts = 1>
ST_30 : Operation 2513 [1/1] (0.00ns)   --->   "%mult_5279 = partselect i19 @_ssdm_op_PartSelect.i19.i29.i32.i32, i29 %mul_ln73_5105, i32 10, i32 28" [firmware/nnet_utils/nnet_dense_latency.h:42]   --->   Operation 2513 'partselect' 'mult_5279' <Predicate = true> <Delay = 0.00>
ST_30 : Operation 2514 [1/1] (5.58ns)   --->   "%mul_ln73_5106 = mul i30 %sext_ln70_628, i30 5730" [firmware/nnet_utils/nnet_mult.h:73->firmware/nnet_utils/nnet_dense_latency.h:42]   --->   Operation 2514 'mul' 'mul_ln73_5106' <Predicate = true> <Delay = 5.58> <CoreInst = "Multiplier">   --->   Core 3 'Multiplier' <Latency = 0> <II = 1> <Delay = 5.58> <FuncUnit> <Opcode : 'mul'> <InPorts = 2> <OutPorts = 1>
ST_30 : Operation 2515 [1/1] (0.00ns)   --->   "%mult_5280 = partselect i20 @_ssdm_op_PartSelect.i20.i30.i32.i32, i30 %mul_ln73_5106, i32 10, i32 29" [firmware/nnet_utils/nnet_dense_latency.h:42]   --->   Operation 2515 'partselect' 'mult_5280' <Predicate = true> <Delay = 0.00>
ST_30 : Operation 2516 [1/1] (0.00ns)   --->   "%sext_ln70_629 = sext i16 %data_31_val_read" [firmware/nnet_utils/nnet_mult.h:70->firmware/nnet_utils/nnet_dense_latency.h:42]   --->   Operation 2516 'sext' 'sext_ln70_629' <Predicate = true> <Delay = 0.00>
ST_30 : Operation 2517 [1/1] (0.00ns)   --->   "%sext_ln70_630 = sext i16 %data_31_val_read" [firmware/nnet_utils/nnet_mult.h:70->firmware/nnet_utils/nnet_dense_latency.h:42]   --->   Operation 2517 'sext' 'sext_ln70_630' <Predicate = true> <Delay = 0.00>
ST_30 : Operation 2518 [1/1] (0.00ns)   --->   "%sext_ln70_631 = sext i16 %data_31_val_read" [firmware/nnet_utils/nnet_mult.h:70->firmware/nnet_utils/nnet_dense_latency.h:42]   --->   Operation 2518 'sext' 'sext_ln70_631' <Predicate = true> <Delay = 0.00>
ST_30 : Operation 2519 [1/1] (5.58ns)   --->   "%mul_ln73_5107 = mul i29 %sext_ln70_631, i29 2696" [firmware/nnet_utils/nnet_mult.h:73->firmware/nnet_utils/nnet_dense_latency.h:42]   --->   Operation 2519 'mul' 'mul_ln73_5107' <Predicate = true> <Delay = 5.58> <CoreInst = "Multiplier">   --->   Core 3 'Multiplier' <Latency = 0> <II = 1> <Delay = 5.58> <FuncUnit> <Opcode : 'mul'> <InPorts = 2> <OutPorts = 1>
ST_30 : Operation 2520 [1/1] (0.00ns)   --->   "%mult_5281 = partselect i19 @_ssdm_op_PartSelect.i19.i29.i32.i32, i29 %mul_ln73_5107, i32 10, i32 28" [firmware/nnet_utils/nnet_dense_latency.h:42]   --->   Operation 2520 'partselect' 'mult_5281' <Predicate = true> <Delay = 0.00>
ST_30 : Operation 2521 [1/1] (0.00ns)   --->   "%sext_ln17_5285 = sext i19 %mult_5281" [firmware/nnet_utils/nnet_dense_latency.h:17]   --->   Operation 2521 'sext' 'sext_ln17_5285' <Predicate = true> <Delay = 0.00>
ST_30 : Operation 2522 [1/1] (5.58ns)   --->   "%mul_ln73_5108 = mul i30 %sext_ln70_629, i30 4851" [firmware/nnet_utils/nnet_mult.h:73->firmware/nnet_utils/nnet_dense_latency.h:42]   --->   Operation 2522 'mul' 'mul_ln73_5108' <Predicate = true> <Delay = 5.58> <CoreInst = "Multiplier">   --->   Core 3 'Multiplier' <Latency = 0> <II = 1> <Delay = 5.58> <FuncUnit> <Opcode : 'mul'> <InPorts = 2> <OutPorts = 1>
ST_30 : Operation 2523 [1/1] (0.00ns)   --->   "%mult_5283 = partselect i20 @_ssdm_op_PartSelect.i20.i30.i32.i32, i30 %mul_ln73_5108, i32 10, i32 29" [firmware/nnet_utils/nnet_dense_latency.h:42]   --->   Operation 2523 'partselect' 'mult_5283' <Predicate = true> <Delay = 0.00>
ST_30 : Operation 2524 [1/1] (0.00ns)   --->   "%sext_ln17_5287 = sext i20 %mult_5283" [firmware/nnet_utils/nnet_dense_latency.h:17]   --->   Operation 2524 'sext' 'sext_ln17_5287' <Predicate = true> <Delay = 0.00>
ST_30 : Operation 2525 [1/1] (5.58ns)   --->   "%mul_ln73_5109 = mul i28 %sext_ln70_630, i28 1674" [firmware/nnet_utils/nnet_mult.h:73->firmware/nnet_utils/nnet_dense_latency.h:42]   --->   Operation 2525 'mul' 'mul_ln73_5109' <Predicate = true> <Delay = 5.58> <CoreInst = "Multiplier">   --->   Core 3 'Multiplier' <Latency = 0> <II = 1> <Delay = 5.58> <FuncUnit> <Opcode : 'mul'> <InPorts = 2> <OutPorts = 1>
ST_30 : Operation 2526 [1/1] (0.00ns)   --->   "%mult_5284 = partselect i18 @_ssdm_op_PartSelect.i18.i28.i32.i32, i28 %mul_ln73_5109, i32 10, i32 27" [firmware/nnet_utils/nnet_dense_latency.h:42]   --->   Operation 2526 'partselect' 'mult_5284' <Predicate = true> <Delay = 0.00>
ST_30 : Operation 2527 [1/1] (0.00ns)   --->   "%sext_ln17_5288 = sext i18 %mult_5284" [firmware/nnet_utils/nnet_dense_latency.h:17]   --->   Operation 2527 'sext' 'sext_ln17_5288' <Predicate = true> <Delay = 0.00>
ST_30 : Operation 2528 [1/1] (5.58ns)   --->   "%mul_ln73_5110 = mul i30 %sext_ln70_629, i30 1073736877" [firmware/nnet_utils/nnet_mult.h:73->firmware/nnet_utils/nnet_dense_latency.h:42]   --->   Operation 2528 'mul' 'mul_ln73_5110' <Predicate = true> <Delay = 5.58> <CoreInst = "Multiplier">   --->   Core 3 'Multiplier' <Latency = 0> <II = 1> <Delay = 5.58> <FuncUnit> <Opcode : 'mul'> <InPorts = 2> <OutPorts = 1>
ST_30 : Operation 2529 [1/1] (0.00ns)   --->   "%mult_5285 = partselect i20 @_ssdm_op_PartSelect.i20.i30.i32.i32, i30 %mul_ln73_5110, i32 10, i32 29" [firmware/nnet_utils/nnet_dense_latency.h:42]   --->   Operation 2529 'partselect' 'mult_5285' <Predicate = true> <Delay = 0.00>
ST_30 : Operation 2530 [1/1] (0.00ns)   --->   "%sext_ln17_5289 = sext i20 %mult_5285" [firmware/nnet_utils/nnet_dense_latency.h:17]   --->   Operation 2530 'sext' 'sext_ln17_5289' <Predicate = true> <Delay = 0.00>
ST_30 : Operation 2531 [1/1] (5.58ns)   --->   "%mul_ln73_5111 = mul i30 %sext_ln70_629, i30 1073737128" [firmware/nnet_utils/nnet_mult.h:73->firmware/nnet_utils/nnet_dense_latency.h:42]   --->   Operation 2531 'mul' 'mul_ln73_5111' <Predicate = true> <Delay = 5.58> <CoreInst = "Multiplier">   --->   Core 3 'Multiplier' <Latency = 0> <II = 1> <Delay = 5.58> <FuncUnit> <Opcode : 'mul'> <InPorts = 2> <OutPorts = 1>
ST_30 : Operation 2532 [1/1] (0.00ns)   --->   "%mult_5286 = partselect i20 @_ssdm_op_PartSelect.i20.i30.i32.i32, i30 %mul_ln73_5111, i32 10, i32 29" [firmware/nnet_utils/nnet_dense_latency.h:42]   --->   Operation 2532 'partselect' 'mult_5286' <Predicate = true> <Delay = 0.00>
ST_30 : Operation 2533 [1/1] (0.00ns)   --->   "%sext_ln17_5290 = sext i20 %mult_5286" [firmware/nnet_utils/nnet_dense_latency.h:17]   --->   Operation 2533 'sext' 'sext_ln17_5290' <Predicate = true> <Delay = 0.00>
ST_30 : Operation 2534 [1/1] (5.58ns)   --->   "%mul_ln73_5112 = mul i30 %sext_ln70_629, i30 4635" [firmware/nnet_utils/nnet_mult.h:73->firmware/nnet_utils/nnet_dense_latency.h:42]   --->   Operation 2534 'mul' 'mul_ln73_5112' <Predicate = true> <Delay = 5.58> <CoreInst = "Multiplier">   --->   Core 3 'Multiplier' <Latency = 0> <II = 1> <Delay = 5.58> <FuncUnit> <Opcode : 'mul'> <InPorts = 2> <OutPorts = 1>
ST_30 : Operation 2535 [1/1] (0.00ns)   --->   "%mult_5287 = partselect i20 @_ssdm_op_PartSelect.i20.i30.i32.i32, i30 %mul_ln73_5112, i32 10, i32 29" [firmware/nnet_utils/nnet_dense_latency.h:42]   --->   Operation 2535 'partselect' 'mult_5287' <Predicate = true> <Delay = 0.00>
ST_30 : Operation 2536 [1/1] (0.00ns)   --->   "%sext_ln17_5291 = sext i20 %mult_5287" [firmware/nnet_utils/nnet_dense_latency.h:17]   --->   Operation 2536 'sext' 'sext_ln17_5291' <Predicate = true> <Delay = 0.00>
ST_30 : Operation 2537 [1/1] (5.58ns)   --->   "%mul_ln73_5113 = mul i28 %sext_ln70_630, i28 2045" [firmware/nnet_utils/nnet_mult.h:73->firmware/nnet_utils/nnet_dense_latency.h:42]   --->   Operation 2537 'mul' 'mul_ln73_5113' <Predicate = true> <Delay = 5.58> <CoreInst = "Multiplier">   --->   Core 3 'Multiplier' <Latency = 0> <II = 1> <Delay = 5.58> <FuncUnit> <Opcode : 'mul'> <InPorts = 2> <OutPorts = 1>
ST_30 : Operation 2538 [1/1] (0.00ns)   --->   "%mult_5288 = partselect i18 @_ssdm_op_PartSelect.i18.i28.i32.i32, i28 %mul_ln73_5113, i32 10, i32 27" [firmware/nnet_utils/nnet_dense_latency.h:42]   --->   Operation 2538 'partselect' 'mult_5288' <Predicate = true> <Delay = 0.00>
ST_30 : Operation 2539 [1/1] (0.00ns)   --->   "%sext_ln17_5292 = sext i18 %mult_5288" [firmware/nnet_utils/nnet_dense_latency.h:17]   --->   Operation 2539 'sext' 'sext_ln17_5292' <Predicate = true> <Delay = 0.00>
ST_30 : Operation 2540 [1/1] (5.58ns)   --->   "%mul_ln73_5114 = mul i30 %sext_ln70_629, i30 1073737685" [firmware/nnet_utils/nnet_mult.h:73->firmware/nnet_utils/nnet_dense_latency.h:42]   --->   Operation 2540 'mul' 'mul_ln73_5114' <Predicate = true> <Delay = 5.58> <CoreInst = "Multiplier">   --->   Core 3 'Multiplier' <Latency = 0> <II = 1> <Delay = 5.58> <FuncUnit> <Opcode : 'mul'> <InPorts = 2> <OutPorts = 1>
ST_30 : Operation 2541 [1/1] (0.00ns)   --->   "%mult_5289 = partselect i20 @_ssdm_op_PartSelect.i20.i30.i32.i32, i30 %mul_ln73_5114, i32 10, i32 29" [firmware/nnet_utils/nnet_dense_latency.h:42]   --->   Operation 2541 'partselect' 'mult_5289' <Predicate = true> <Delay = 0.00>
ST_30 : Operation 2542 [1/1] (0.00ns)   --->   "%sext_ln17_5293 = sext i20 %mult_5289" [firmware/nnet_utils/nnet_dense_latency.h:17]   --->   Operation 2542 'sext' 'sext_ln17_5293' <Predicate = true> <Delay = 0.00>
ST_30 : Operation 2543 [1/1] (5.58ns)   --->   "%mul_ln73_5115 = mul i29 %sext_ln70_631, i29 2974" [firmware/nnet_utils/nnet_mult.h:73->firmware/nnet_utils/nnet_dense_latency.h:42]   --->   Operation 2543 'mul' 'mul_ln73_5115' <Predicate = true> <Delay = 5.58> <CoreInst = "Multiplier">   --->   Core 3 'Multiplier' <Latency = 0> <II = 1> <Delay = 5.58> <FuncUnit> <Opcode : 'mul'> <InPorts = 2> <OutPorts = 1>
ST_30 : Operation 2544 [1/1] (0.00ns)   --->   "%mult_5290 = partselect i19 @_ssdm_op_PartSelect.i19.i29.i32.i32, i29 %mul_ln73_5115, i32 10, i32 28" [firmware/nnet_utils/nnet_dense_latency.h:42]   --->   Operation 2544 'partselect' 'mult_5290' <Predicate = true> <Delay = 0.00>
ST_30 : Operation 2545 [1/1] (0.00ns)   --->   "%sext_ln17_5294 = sext i19 %mult_5290" [firmware/nnet_utils/nnet_dense_latency.h:17]   --->   Operation 2545 'sext' 'sext_ln17_5294' <Predicate = true> <Delay = 0.00>
ST_30 : Operation 2546 [1/1] (5.58ns)   --->   "%mul_ln73_5116 = mul i29 %sext_ln70_631, i29 3540" [firmware/nnet_utils/nnet_mult.h:73->firmware/nnet_utils/nnet_dense_latency.h:42]   --->   Operation 2546 'mul' 'mul_ln73_5116' <Predicate = true> <Delay = 5.58> <CoreInst = "Multiplier">   --->   Core 3 'Multiplier' <Latency = 0> <II = 1> <Delay = 5.58> <FuncUnit> <Opcode : 'mul'> <InPorts = 2> <OutPorts = 1>
ST_30 : Operation 2547 [1/1] (0.00ns)   --->   "%mult_5291 = partselect i19 @_ssdm_op_PartSelect.i19.i29.i32.i32, i29 %mul_ln73_5116, i32 10, i32 28" [firmware/nnet_utils/nnet_dense_latency.h:42]   --->   Operation 2547 'partselect' 'mult_5291' <Predicate = true> <Delay = 0.00>
ST_30 : Operation 2548 [1/1] (0.00ns)   --->   "%sext_ln17_5295 = sext i19 %mult_5291" [firmware/nnet_utils/nnet_dense_latency.h:17]   --->   Operation 2548 'sext' 'sext_ln17_5295' <Predicate = true> <Delay = 0.00>
ST_30 : Operation 2549 [1/1] (0.00ns)   --->   "%sext_ln58_3240 = sext i23 %add_ln58_4828" [firmware/nnet_utils/nnet_dense_latency.h:58]   --->   Operation 2549 'sext' 'sext_ln58_3240' <Predicate = true> <Delay = 0.00>
ST_30 : Operation 2550 [1/1] (0.00ns)   --->   "%sext_ln58_3247 = sext i22 %add_ln58_4835" [firmware/nnet_utils/nnet_dense_latency.h:58]   --->   Operation 2550 'sext' 'sext_ln58_3247' <Predicate = true> <Delay = 0.00>
ST_30 : Operation 2551 [1/1] (0.00ns)   --->   "%sext_ln58_3250 = sext i21 %add_ln58_4838" [firmware/nnet_utils/nnet_dense_latency.h:58]   --->   Operation 2551 'sext' 'sext_ln58_3250' <Predicate = true> <Delay = 0.00>
ST_30 : Operation 2552 [1/1] (0.00ns)   --->   "%sext_ln58_3251 = sext i21 %add_ln58_4839" [firmware/nnet_utils/nnet_dense_latency.h:58]   --->   Operation 2552 'sext' 'sext_ln58_3251' <Predicate = true> <Delay = 0.00>
ST_30 : Operation 2553 [1/1] (2.16ns)   --->   "%add_ln58_4840 = add i20 %sext_ln17_5285, i20 1048482" [firmware/nnet_utils/nnet_dense_latency.h:58]   --->   Operation 2553 'add' 'add_ln58_4840' <Predicate = true> <Delay = 2.16> <CoreInst = "Adder">   --->   Core 1 'Adder' <Latency = 0> <II = 1> <Delay = 2.16> <FuncUnit> <Opcode : 'add' 'sub'> <InPorts = 2> <OutPorts = 1>
ST_30 : Operation 2554 [1/1] (0.00ns)   --->   "%sext_ln58_3252 = sext i20 %add_ln58_4840" [firmware/nnet_utils/nnet_dense_latency.h:58]   --->   Operation 2554 'sext' 'sext_ln58_3252' <Predicate = true> <Delay = 0.00>
ST_30 : Operation 2555 [1/1] (2.19ns)   --->   "%add_ln58_4841 = add i21 %sext_ln58_3252, i21 %sext_ln17_5269" [firmware/nnet_utils/nnet_dense_latency.h:58]   --->   Operation 2555 'add' 'add_ln58_4841' <Predicate = true> <Delay = 2.19> <CoreInst = "Adder">   --->   Core 1 'Adder' <Latency = 0> <II = 1> <Delay = 2.19> <FuncUnit> <Opcode : 'add' 'sub'> <InPorts = 2> <OutPorts = 1>
ST_30 : Operation 2556 [1/1] (0.00ns)   --->   "%sext_ln58_3253 = sext i21 %add_ln58_4841" [firmware/nnet_utils/nnet_dense_latency.h:58]   --->   Operation 2556 'sext' 'sext_ln58_3253' <Predicate = true> <Delay = 0.00>
ST_30 : Operation 2557 [1/1] (0.00ns) (grouped into TernaryAdder)   --->   "%add_ln58_4842 = add i22 %sext_ln58_3253, i22 %sext_ln58_3251" [firmware/nnet_utils/nnet_dense_latency.h:58]   --->   Operation 2557 'add' 'add_ln58_4842' <Predicate = true> <Delay = 0.00> <CoreInst = "TAddSub">   --->   Core 10 'TAddSub' <Latency = 0> <II = 1> <Delay = 2.03> <IPBlock> <Opcode : '<invalid operator> ' 'add' 'sub'> <InPorts = 3> <OutPorts = 1> <Sync> <CReg>
ST_30 : Operation 2558 [1/1] (4.07ns) (root node of TernaryAdder)   --->   "%add_ln58_4843 = add i22 %add_ln58_4842, i22 %sext_ln58_3250" [firmware/nnet_utils/nnet_dense_latency.h:58]   --->   Operation 2558 'add' 'add_ln58_4843' <Predicate = true> <Delay = 4.07> <CoreInst = "TAddSub">   --->   Core 10 'TAddSub' <Latency = 0> <II = 1> <Delay = 2.03> <IPBlock> <Opcode : '<invalid operator> ' 'add' 'sub'> <InPorts = 3> <OutPorts = 1> <Sync> <CReg>
ST_30 : Operation 2559 [1/1] (0.00ns)   --->   "%sext_ln58_3254 = sext i22 %add_ln58_4843" [firmware/nnet_utils/nnet_dense_latency.h:58]   --->   Operation 2559 'sext' 'sext_ln58_3254' <Predicate = true> <Delay = 0.00>
ST_30 : Operation 2560 [1/1] (2.25ns)   --->   "%add_ln58_4844 = add i23 %sext_ln58_3254, i23 %sext_ln58_3247" [firmware/nnet_utils/nnet_dense_latency.h:58]   --->   Operation 2560 'add' 'add_ln58_4844' <Predicate = true> <Delay = 2.25> <CoreInst = "Adder">   --->   Core 1 'Adder' <Latency = 0> <II = 1> <Delay = 2.25> <FuncUnit> <Opcode : 'add' 'sub'> <InPorts = 2> <OutPorts = 1>
ST_30 : Operation 2561 [1/1] (0.00ns)   --->   "%sext_ln58_3255 = sext i23 %add_ln58_4844" [firmware/nnet_utils/nnet_dense_latency.h:58]   --->   Operation 2561 'sext' 'sext_ln58_3255' <Predicate = true> <Delay = 0.00>
ST_30 : Operation 2562 [1/1] (2.28ns)   --->   "%add_ln58_4845 = add i24 %sext_ln58_3255, i24 %sext_ln58_3240" [firmware/nnet_utils/nnet_dense_latency.h:58]   --->   Operation 2562 'add' 'add_ln58_4845' <Predicate = true> <Delay = 2.28> <CoreInst = "Adder">   --->   Core 1 'Adder' <Latency = 0> <II = 1> <Delay = 2.28> <FuncUnit> <Opcode : 'add' 'sub'> <InPorts = 2> <OutPorts = 1>
ST_30 : Operation 2563 [1/1] (0.00ns)   --->   "%sext_ln58_3297 = sext i23 %add_ln58_4892" [firmware/nnet_utils/nnet_dense_latency.h:58]   --->   Operation 2563 'sext' 'sext_ln58_3297' <Predicate = true> <Delay = 0.00>
ST_30 : Operation 2564 [1/1] (0.00ns)   --->   "%sext_ln58_3304 = sext i23 %add_ln58_4899" [firmware/nnet_utils/nnet_dense_latency.h:58]   --->   Operation 2564 'sext' 'sext_ln58_3304' <Predicate = true> <Delay = 0.00>
ST_30 : Operation 2565 [1/1] (0.00ns)   --->   "%sext_ln58_3305 = sext i20 %add_ln58_4900" [firmware/nnet_utils/nnet_dense_latency.h:58]   --->   Operation 2565 'sext' 'sext_ln58_3305' <Predicate = true> <Delay = 0.00>
ST_30 : Operation 2566 [1/1] (0.00ns)   --->   "%sext_ln58_3306 = sext i21 %add_ln58_4901" [firmware/nnet_utils/nnet_dense_latency.h:58]   --->   Operation 2566 'sext' 'sext_ln58_3306' <Predicate = true> <Delay = 0.00>
ST_30 : Operation 2567 [1/1] (0.00ns) (grouped into TernaryAdder)   --->   "%add_ln58_4902 = add i22 %sext_ln58_3306, i22 %sext_ln58_3305" [firmware/nnet_utils/nnet_dense_latency.h:58]   --->   Operation 2567 'add' 'add_ln58_4902' <Predicate = true> <Delay = 0.00> <CoreInst = "TAddSub">   --->   Core 10 'TAddSub' <Latency = 0> <II = 1> <Delay = 2.03> <IPBlock> <Opcode : '<invalid operator> ' 'add' 'sub'> <InPorts = 3> <OutPorts = 1> <Sync> <CReg>
ST_30 : Operation 2568 [1/1] (0.00ns)   --->   "%sext_ln58_3307 = sext i20 %add_ln58_4903" [firmware/nnet_utils/nnet_dense_latency.h:58]   --->   Operation 2568 'sext' 'sext_ln58_3307' <Predicate = true> <Delay = 0.00>
ST_30 : Operation 2569 [1/1] (2.19ns)   --->   "%add_ln58_4904 = add i21 %sext_ln17_5287, i21 2096815" [firmware/nnet_utils/nnet_dense_latency.h:58]   --->   Operation 2569 'add' 'add_ln58_4904' <Predicate = true> <Delay = 2.19> <CoreInst = "Adder">   --->   Core 1 'Adder' <Latency = 0> <II = 1> <Delay = 2.19> <FuncUnit> <Opcode : 'add' 'sub'> <InPorts = 2> <OutPorts = 1>
ST_30 : Operation 2570 [1/1] (0.00ns) (grouped into TernaryAdder)   --->   "%add_ln58_4905 = add i21 %add_ln58_4904, i21 %sext_ln17_5271" [firmware/nnet_utils/nnet_dense_latency.h:58]   --->   Operation 2570 'add' 'add_ln58_4905' <Predicate = true> <Delay = 0.00> <CoreInst = "TAddSub">   --->   Core 10 'TAddSub' <Latency = 0> <II = 1> <Delay = 2.03> <IPBlock> <Opcode : '<invalid operator> ' 'add' 'sub'> <InPorts = 3> <OutPorts = 1> <Sync> <CReg>
ST_30 : Operation 2571 [1/1] (4.04ns) (root node of TernaryAdder)   --->   "%add_ln58_4906 = add i21 %add_ln58_4905, i21 %sext_ln58_3307" [firmware/nnet_utils/nnet_dense_latency.h:58]   --->   Operation 2571 'add' 'add_ln58_4906' <Predicate = true> <Delay = 4.04> <CoreInst = "TAddSub">   --->   Core 10 'TAddSub' <Latency = 0> <II = 1> <Delay = 2.03> <IPBlock> <Opcode : '<invalid operator> ' 'add' 'sub'> <InPorts = 3> <OutPorts = 1> <Sync> <CReg>
ST_30 : Operation 2572 [1/1] (0.00ns)   --->   "%sext_ln58_3308 = sext i21 %add_ln58_4906" [firmware/nnet_utils/nnet_dense_latency.h:58]   --->   Operation 2572 'sext' 'sext_ln58_3308' <Predicate = true> <Delay = 0.00>
ST_30 : Operation 2573 [1/1] (4.07ns) (root node of TernaryAdder)   --->   "%add_ln58_4907 = add i22 %sext_ln58_3308, i22 %add_ln58_4902" [firmware/nnet_utils/nnet_dense_latency.h:58]   --->   Operation 2573 'add' 'add_ln58_4907' <Predicate = true> <Delay = 4.07> <CoreInst = "TAddSub">   --->   Core 10 'TAddSub' <Latency = 0> <II = 1> <Delay = 2.03> <IPBlock> <Opcode : '<invalid operator> ' 'add' 'sub'> <InPorts = 3> <OutPorts = 1> <Sync> <CReg>
ST_30 : Operation 2574 [1/1] (0.00ns)   --->   "%sext_ln58_3309 = sext i22 %add_ln58_4907" [firmware/nnet_utils/nnet_dense_latency.h:58]   --->   Operation 2574 'sext' 'sext_ln58_3309' <Predicate = true> <Delay = 0.00>
ST_30 : Operation 2575 [1/1] (2.28ns)   --->   "%add_ln58_4908 = add i24 %sext_ln58_3309, i24 %sext_ln58_3304" [firmware/nnet_utils/nnet_dense_latency.h:58]   --->   Operation 2575 'add' 'add_ln58_4908' <Predicate = true> <Delay = 2.28> <CoreInst = "Adder">   --->   Core 1 'Adder' <Latency = 0> <II = 1> <Delay = 2.28> <FuncUnit> <Opcode : 'add' 'sub'> <InPorts = 2> <OutPorts = 1>
ST_30 : Operation 2576 [1/1] (0.00ns)   --->   "%sext_ln58_3310 = sext i24 %add_ln58_4908" [firmware/nnet_utils/nnet_dense_latency.h:58]   --->   Operation 2576 'sext' 'sext_ln58_3310' <Predicate = true> <Delay = 0.00>
ST_30 : Operation 2577 [1/1] (2.31ns)   --->   "%add_ln58_4909 = add i25 %sext_ln58_3310, i25 %sext_ln58_3297" [firmware/nnet_utils/nnet_dense_latency.h:58]   --->   Operation 2577 'add' 'add_ln58_4909' <Predicate = true> <Delay = 2.31> <CoreInst = "Adder">   --->   Core 1 'Adder' <Latency = 0> <II = 1> <Delay = 2.31> <FuncUnit> <Opcode : 'add' 'sub'> <InPorts = 2> <OutPorts = 1>
ST_30 : Operation 2578 [1/1] (0.00ns)   --->   "%sext_ln58_3323 = sext i24 %add_ln58_4924" [firmware/nnet_utils/nnet_dense_latency.h:58]   --->   Operation 2578 'sext' 'sext_ln58_3323' <Predicate = true> <Delay = 0.00>
ST_30 : Operation 2579 [1/1] (0.00ns)   --->   "%sext_ln58_3329 = sext i23 %add_ln58_4931" [firmware/nnet_utils/nnet_dense_latency.h:58]   --->   Operation 2579 'sext' 'sext_ln58_3329' <Predicate = true> <Delay = 0.00>
ST_30 : Operation 2580 [1/1] (0.00ns)   --->   "%sext_ln58_3330 = sext i21 %add_ln58_4932" [firmware/nnet_utils/nnet_dense_latency.h:58]   --->   Operation 2580 'sext' 'sext_ln58_3330' <Predicate = true> <Delay = 0.00>
ST_30 : Operation 2581 [1/1] (0.00ns)   --->   "%sext_ln58_3331 = sext i20 %add_ln58_4933" [firmware/nnet_utils/nnet_dense_latency.h:58]   --->   Operation 2581 'sext' 'sext_ln58_3331' <Predicate = true> <Delay = 0.00>
ST_30 : Operation 2582 [1/1] (0.00ns) (grouped into TernaryAdder)   --->   "%add_ln58_4934 = add i22 %sext_ln58_3331, i22 %sext_ln58_3330" [firmware/nnet_utils/nnet_dense_latency.h:58]   --->   Operation 2582 'add' 'add_ln58_4934' <Predicate = true> <Delay = 0.00> <CoreInst = "TAddSub">   --->   Core 10 'TAddSub' <Latency = 0> <II = 1> <Delay = 2.03> <IPBlock> <Opcode : '<invalid operator> ' 'add' 'sub'> <InPorts = 3> <OutPorts = 1> <Sync> <CReg>
ST_30 : Operation 2583 [1/1] (0.00ns)   --->   "%sext_ln58_3332 = sext i20 %add_ln58_4935" [firmware/nnet_utils/nnet_dense_latency.h:58]   --->   Operation 2583 'sext' 'sext_ln58_3332' <Predicate = true> <Delay = 0.00>
ST_30 : Operation 2584 [1/1] (0.00ns) (grouped into TernaryAdder)   --->   "%add_ln58_4936 = add i19 %sext_ln17_5288, i19 81" [firmware/nnet_utils/nnet_dense_latency.h:58]   --->   Operation 2584 'add' 'add_ln58_4936' <Predicate = true> <Delay = 0.00> <CoreInst = "TAddSub">   --->   Core 10 'TAddSub' <Latency = 0> <II = 1> <Delay = 2.03> <IPBlock> <Opcode : '<invalid operator> ' 'add' 'sub'> <InPorts = 3> <OutPorts = 1> <Sync> <CReg>
ST_30 : Operation 2585 [1/1] (3.99ns) (root node of TernaryAdder)   --->   "%add_ln58_4937 = add i19 %add_ln58_4936, i19 %sext_ln17_5272" [firmware/nnet_utils/nnet_dense_latency.h:58]   --->   Operation 2585 'add' 'add_ln58_4937' <Predicate = true> <Delay = 3.99> <CoreInst = "TAddSub">   --->   Core 10 'TAddSub' <Latency = 0> <II = 1> <Delay = 2.03> <IPBlock> <Opcode : '<invalid operator> ' 'add' 'sub'> <InPorts = 3> <OutPorts = 1> <Sync> <CReg>
ST_30 : Operation 2586 [1/1] (0.00ns)   --->   "%sext_ln58_3333 = sext i19 %add_ln58_4937" [firmware/nnet_utils/nnet_dense_latency.h:58]   --->   Operation 2586 'sext' 'sext_ln58_3333' <Predicate = true> <Delay = 0.00>
ST_30 : Operation 2587 [1/1] (2.19ns)   --->   "%add_ln58_4938 = add i21 %sext_ln58_3333, i21 %sext_ln58_3332" [firmware/nnet_utils/nnet_dense_latency.h:58]   --->   Operation 2587 'add' 'add_ln58_4938' <Predicate = true> <Delay = 2.19> <CoreInst = "Adder">   --->   Core 1 'Adder' <Latency = 0> <II = 1> <Delay = 2.19> <FuncUnit> <Opcode : 'add' 'sub'> <InPorts = 2> <OutPorts = 1>
ST_30 : Operation 2588 [1/1] (0.00ns)   --->   "%sext_ln58_3334 = sext i21 %add_ln58_4938" [firmware/nnet_utils/nnet_dense_latency.h:58]   --->   Operation 2588 'sext' 'sext_ln58_3334' <Predicate = true> <Delay = 0.00>
ST_30 : Operation 2589 [1/1] (4.07ns) (root node of TernaryAdder)   --->   "%add_ln58_4939 = add i22 %sext_ln58_3334, i22 %add_ln58_4934" [firmware/nnet_utils/nnet_dense_latency.h:58]   --->   Operation 2589 'add' 'add_ln58_4939' <Predicate = true> <Delay = 4.07> <CoreInst = "TAddSub">   --->   Core 10 'TAddSub' <Latency = 0> <II = 1> <Delay = 2.03> <IPBlock> <Opcode : '<invalid operator> ' 'add' 'sub'> <InPorts = 3> <OutPorts = 1> <Sync> <CReg>
ST_30 : Operation 2590 [1/1] (0.00ns)   --->   "%sext_ln58_3335 = sext i22 %add_ln58_4939" [firmware/nnet_utils/nnet_dense_latency.h:58]   --->   Operation 2590 'sext' 'sext_ln58_3335' <Predicate = true> <Delay = 0.00>
ST_30 : Operation 2591 [1/1] (2.28ns)   --->   "%add_ln58_4940 = add i24 %sext_ln58_3335, i24 %sext_ln58_3329" [firmware/nnet_utils/nnet_dense_latency.h:58]   --->   Operation 2591 'add' 'add_ln58_4940' <Predicate = true> <Delay = 2.28> <CoreInst = "Adder">   --->   Core 1 'Adder' <Latency = 0> <II = 1> <Delay = 2.28> <FuncUnit> <Opcode : 'add' 'sub'> <InPorts = 2> <OutPorts = 1>
ST_30 : Operation 2592 [1/1] (0.00ns)   --->   "%sext_ln58_3336 = sext i24 %add_ln58_4940" [firmware/nnet_utils/nnet_dense_latency.h:58]   --->   Operation 2592 'sext' 'sext_ln58_3336' <Predicate = true> <Delay = 0.00>
ST_30 : Operation 2593 [1/1] (2.31ns)   --->   "%add_ln58_4941 = add i25 %sext_ln58_3336, i25 %sext_ln58_3323" [firmware/nnet_utils/nnet_dense_latency.h:58]   --->   Operation 2593 'add' 'add_ln58_4941' <Predicate = true> <Delay = 2.31> <CoreInst = "Adder">   --->   Core 1 'Adder' <Latency = 0> <II = 1> <Delay = 2.31> <FuncUnit> <Opcode : 'add' 'sub'> <InPorts = 2> <OutPorts = 1>
ST_30 : Operation 2594 [1/1] (0.00ns)   --->   "%sext_ln58_3351 = sext i24 %add_ln58_4956" [firmware/nnet_utils/nnet_dense_latency.h:58]   --->   Operation 2594 'sext' 'sext_ln58_3351' <Predicate = true> <Delay = 0.00>
ST_30 : Operation 2595 [1/1] (0.00ns)   --->   "%sext_ln58_3356 = sext i22 %add_ln58_4963" [firmware/nnet_utils/nnet_dense_latency.h:58]   --->   Operation 2595 'sext' 'sext_ln58_3356' <Predicate = true> <Delay = 0.00>
ST_30 : Operation 2596 [1/1] (0.00ns)   --->   "%sext_ln58_3358 = sext i21 %add_ln58_4966" [firmware/nnet_utils/nnet_dense_latency.h:58]   --->   Operation 2596 'sext' 'sext_ln58_3358' <Predicate = true> <Delay = 0.00>
ST_30 : Operation 2597 [1/1] (0.00ns)   --->   "%sext_ln58_3359 = sext i21 %add_ln58_4967" [firmware/nnet_utils/nnet_dense_latency.h:58]   --->   Operation 2597 'sext' 'sext_ln58_3359' <Predicate = true> <Delay = 0.00>
ST_30 : Operation 2598 [1/1] (0.00ns) (grouped into TernaryAdder)   --->   "%add_ln58_4968 = add i21 %sext_ln17_5289, i21 2097035" [firmware/nnet_utils/nnet_dense_latency.h:58]   --->   Operation 2598 'add' 'add_ln58_4968' <Predicate = true> <Delay = 0.00> <CoreInst = "TAddSub">   --->   Core 10 'TAddSub' <Latency = 0> <II = 1> <Delay = 2.03> <IPBlock> <Opcode : '<invalid operator> ' 'add' 'sub'> <InPorts = 3> <OutPorts = 1> <Sync> <CReg>
ST_30 : Operation 2599 [1/1] (4.04ns) (root node of TernaryAdder)   --->   "%add_ln58_4969 = add i21 %add_ln58_4968, i21 %sext_ln17_5273" [firmware/nnet_utils/nnet_dense_latency.h:58]   --->   Operation 2599 'add' 'add_ln58_4969' <Predicate = true> <Delay = 4.04> <CoreInst = "TAddSub">   --->   Core 10 'TAddSub' <Latency = 0> <II = 1> <Delay = 2.03> <IPBlock> <Opcode : '<invalid operator> ' 'add' 'sub'> <InPorts = 3> <OutPorts = 1> <Sync> <CReg>
ST_30 : Operation 2600 [1/1] (0.00ns)   --->   "%sext_ln58_3360 = sext i21 %add_ln58_4969" [firmware/nnet_utils/nnet_dense_latency.h:58]   --->   Operation 2600 'sext' 'sext_ln58_3360' <Predicate = true> <Delay = 0.00>
ST_30 : Operation 2601 [1/1] (2.22ns)   --->   "%add_ln58_4970 = add i22 %sext_ln58_3360, i22 %sext_ln58_3359" [firmware/nnet_utils/nnet_dense_latency.h:58]   --->   Operation 2601 'add' 'add_ln58_4970' <Predicate = true> <Delay = 2.22> <CoreInst = "Adder">   --->   Core 1 'Adder' <Latency = 0> <II = 1> <Delay = 2.22> <FuncUnit> <Opcode : 'add' 'sub'> <InPorts = 2> <OutPorts = 1>
ST_30 : Operation 2602 [1/1] (0.00ns)   --->   "%sext_ln58_3361 = sext i22 %add_ln58_4970" [firmware/nnet_utils/nnet_dense_latency.h:58]   --->   Operation 2602 'sext' 'sext_ln58_3361' <Predicate = true> <Delay = 0.00>
ST_30 : Operation 2603 [1/1] (2.25ns)   --->   "%add_ln58_4971 = add i23 %sext_ln58_3361, i23 %sext_ln58_3358" [firmware/nnet_utils/nnet_dense_latency.h:58]   --->   Operation 2603 'add' 'add_ln58_4971' <Predicate = true> <Delay = 2.25> <CoreInst = "Adder">   --->   Core 1 'Adder' <Latency = 0> <II = 1> <Delay = 2.25> <FuncUnit> <Opcode : 'add' 'sub'> <InPorts = 2> <OutPorts = 1>
ST_30 : Operation 2604 [1/1] (0.00ns)   --->   "%sext_ln58_3362 = sext i23 %add_ln58_4971" [firmware/nnet_utils/nnet_dense_latency.h:58]   --->   Operation 2604 'sext' 'sext_ln58_3362' <Predicate = true> <Delay = 0.00>
ST_30 : Operation 2605 [1/1] (2.28ns)   --->   "%add_ln58_4972 = add i24 %sext_ln58_3362, i24 %sext_ln58_3356" [firmware/nnet_utils/nnet_dense_latency.h:58]   --->   Operation 2605 'add' 'add_ln58_4972' <Predicate = true> <Delay = 2.28> <CoreInst = "Adder">   --->   Core 1 'Adder' <Latency = 0> <II = 1> <Delay = 2.28> <FuncUnit> <Opcode : 'add' 'sub'> <InPorts = 2> <OutPorts = 1>
ST_30 : Operation 2606 [1/1] (0.00ns)   --->   "%sext_ln58_3363 = sext i24 %add_ln58_4972" [firmware/nnet_utils/nnet_dense_latency.h:58]   --->   Operation 2606 'sext' 'sext_ln58_3363' <Predicate = true> <Delay = 0.00>
ST_30 : Operation 2607 [1/1] (2.31ns)   --->   "%add_ln58_4973 = add i25 %sext_ln58_3363, i25 %sext_ln58_3351" [firmware/nnet_utils/nnet_dense_latency.h:58]   --->   Operation 2607 'add' 'add_ln58_4973' <Predicate = true> <Delay = 2.31> <CoreInst = "Adder">   --->   Core 1 'Adder' <Latency = 0> <II = 1> <Delay = 2.31> <FuncUnit> <Opcode : 'add' 'sub'> <InPorts = 2> <OutPorts = 1>
ST_30 : Operation 2608 [1/1] (0.00ns)   --->   "%sext_ln58_3378 = sext i24 %add_ln58_4988" [firmware/nnet_utils/nnet_dense_latency.h:58]   --->   Operation 2608 'sext' 'sext_ln58_3378' <Predicate = true> <Delay = 0.00>
ST_30 : Operation 2609 [1/1] (0.00ns)   --->   "%sext_ln58_3385 = sext i23 %add_ln58_4995" [firmware/nnet_utils/nnet_dense_latency.h:58]   --->   Operation 2609 'sext' 'sext_ln58_3385' <Predicate = true> <Delay = 0.00>
ST_30 : Operation 2610 [1/1] (0.00ns)   --->   "%sext_ln58_3388 = sext i22 %add_ln58_4998" [firmware/nnet_utils/nnet_dense_latency.h:58]   --->   Operation 2610 'sext' 'sext_ln58_3388' <Predicate = true> <Delay = 0.00>
ST_30 : Operation 2611 [1/1] (0.00ns)   --->   "%sext_ln58_3389 = sext i21 %add_ln58_4999" [firmware/nnet_utils/nnet_dense_latency.h:58]   --->   Operation 2611 'sext' 'sext_ln58_3389' <Predicate = true> <Delay = 0.00>
ST_30 : Operation 2612 [1/1] (0.00ns) (grouped into TernaryAdder)   --->   "%add_ln58_5000 = add i21 %sext_ln17_5290, i21 2097055" [firmware/nnet_utils/nnet_dense_latency.h:58]   --->   Operation 2612 'add' 'add_ln58_5000' <Predicate = true> <Delay = 0.00> <CoreInst = "TAddSub">   --->   Core 10 'TAddSub' <Latency = 0> <II = 1> <Delay = 2.03> <IPBlock> <Opcode : '<invalid operator> ' 'add' 'sub'> <InPorts = 3> <OutPorts = 1> <Sync> <CReg>
ST_30 : Operation 2613 [1/1] (4.04ns) (root node of TernaryAdder)   --->   "%add_ln58_5001 = add i21 %add_ln58_5000, i21 %sext_ln17_5274" [firmware/nnet_utils/nnet_dense_latency.h:58]   --->   Operation 2613 'add' 'add_ln58_5001' <Predicate = true> <Delay = 4.04> <CoreInst = "TAddSub">   --->   Core 10 'TAddSub' <Latency = 0> <II = 1> <Delay = 2.03> <IPBlock> <Opcode : '<invalid operator> ' 'add' 'sub'> <InPorts = 3> <OutPorts = 1> <Sync> <CReg>
ST_30 : Operation 2614 [1/1] (0.00ns)   --->   "%sext_ln58_3390 = sext i21 %add_ln58_5001" [firmware/nnet_utils/nnet_dense_latency.h:58]   --->   Operation 2614 'sext' 'sext_ln58_3390' <Predicate = true> <Delay = 0.00>
ST_30 : Operation 2615 [1/1] (2.22ns)   --->   "%add_ln58_5002 = add i22 %sext_ln58_3390, i22 %sext_ln58_3389" [firmware/nnet_utils/nnet_dense_latency.h:58]   --->   Operation 2615 'add' 'add_ln58_5002' <Predicate = true> <Delay = 2.22> <CoreInst = "Adder">   --->   Core 1 'Adder' <Latency = 0> <II = 1> <Delay = 2.22> <FuncUnit> <Opcode : 'add' 'sub'> <InPorts = 2> <OutPorts = 1>
ST_30 : Operation 2616 [1/1] (0.00ns)   --->   "%sext_ln58_3391 = sext i22 %add_ln58_5002" [firmware/nnet_utils/nnet_dense_latency.h:58]   --->   Operation 2616 'sext' 'sext_ln58_3391' <Predicate = true> <Delay = 0.00>
ST_30 : Operation 2617 [1/1] (2.25ns)   --->   "%add_ln58_5003 = add i23 %sext_ln58_3391, i23 %sext_ln58_3388" [firmware/nnet_utils/nnet_dense_latency.h:58]   --->   Operation 2617 'add' 'add_ln58_5003' <Predicate = true> <Delay = 2.25> <CoreInst = "Adder">   --->   Core 1 'Adder' <Latency = 0> <II = 1> <Delay = 2.25> <FuncUnit> <Opcode : 'add' 'sub'> <InPorts = 2> <OutPorts = 1>
ST_30 : Operation 2618 [1/1] (0.00ns)   --->   "%sext_ln58_3392 = sext i23 %add_ln58_5003" [firmware/nnet_utils/nnet_dense_latency.h:58]   --->   Operation 2618 'sext' 'sext_ln58_3392' <Predicate = true> <Delay = 0.00>
ST_30 : Operation 2619 [1/1] (2.28ns)   --->   "%add_ln58_5004 = add i24 %sext_ln58_3392, i24 %sext_ln58_3385" [firmware/nnet_utils/nnet_dense_latency.h:58]   --->   Operation 2619 'add' 'add_ln58_5004' <Predicate = true> <Delay = 2.28> <CoreInst = "Adder">   --->   Core 1 'Adder' <Latency = 0> <II = 1> <Delay = 2.28> <FuncUnit> <Opcode : 'add' 'sub'> <InPorts = 2> <OutPorts = 1>
ST_30 : Operation 2620 [1/1] (0.00ns)   --->   "%sext_ln58_3393 = sext i24 %add_ln58_5004" [firmware/nnet_utils/nnet_dense_latency.h:58]   --->   Operation 2620 'sext' 'sext_ln58_3393' <Predicate = true> <Delay = 0.00>
ST_30 : Operation 2621 [1/1] (2.31ns)   --->   "%add_ln58_5005 = add i25 %sext_ln58_3393, i25 %sext_ln58_3378" [firmware/nnet_utils/nnet_dense_latency.h:58]   --->   Operation 2621 'add' 'add_ln58_5005' <Predicate = true> <Delay = 2.31> <CoreInst = "Adder">   --->   Core 1 'Adder' <Latency = 0> <II = 1> <Delay = 2.31> <FuncUnit> <Opcode : 'add' 'sub'> <InPorts = 2> <OutPorts = 1>
ST_30 : Operation 2622 [1/1] (0.00ns)   --->   "%sext_ln58_3406 = sext i24 %add_ln58_5020" [firmware/nnet_utils/nnet_dense_latency.h:58]   --->   Operation 2622 'sext' 'sext_ln58_3406' <Predicate = true> <Delay = 0.00>
ST_30 : Operation 2623 [1/1] (0.00ns)   --->   "%sext_ln58_3412 = sext i23 %add_ln58_5027" [firmware/nnet_utils/nnet_dense_latency.h:58]   --->   Operation 2623 'sext' 'sext_ln58_3412' <Predicate = true> <Delay = 0.00>
ST_30 : Operation 2624 [1/1] (0.00ns)   --->   "%sext_ln58_3414 = sext i21 %add_ln58_5030" [firmware/nnet_utils/nnet_dense_latency.h:58]   --->   Operation 2624 'sext' 'sext_ln58_3414' <Predicate = true> <Delay = 0.00>
ST_30 : Operation 2625 [1/1] (0.00ns)   --->   "%sext_ln58_3415 = sext i20 %add_ln58_5031" [firmware/nnet_utils/nnet_dense_latency.h:58]   --->   Operation 2625 'sext' 'sext_ln58_3415' <Predicate = true> <Delay = 0.00>
ST_30 : Operation 2626 [1/1] (2.19ns)   --->   "%add_ln58_5032 = add i21 %sext_ln17_5291, i21 2096809" [firmware/nnet_utils/nnet_dense_latency.h:58]   --->   Operation 2626 'add' 'add_ln58_5032' <Predicate = true> <Delay = 2.19> <CoreInst = "Adder">   --->   Core 1 'Adder' <Latency = 0> <II = 1> <Delay = 2.19> <FuncUnit> <Opcode : 'add' 'sub'> <InPorts = 2> <OutPorts = 1>
ST_30 : Operation 2627 [1/1] (0.00ns)   --->   "%sext_ln58_3416 = sext i21 %add_ln58_5032" [firmware/nnet_utils/nnet_dense_latency.h:58]   --->   Operation 2627 'sext' 'sext_ln58_3416' <Predicate = true> <Delay = 0.00>
ST_30 : Operation 2628 [1/1] (0.00ns) (grouped into TernaryAdder)   --->   "%add_ln58_5033 = add i22 %sext_ln58_3416, i22 %sext_ln17_5275" [firmware/nnet_utils/nnet_dense_latency.h:58]   --->   Operation 2628 'add' 'add_ln58_5033' <Predicate = true> <Delay = 0.00> <CoreInst = "TAddSub">   --->   Core 10 'TAddSub' <Latency = 0> <II = 1> <Delay = 2.03> <IPBlock> <Opcode : '<invalid operator> ' 'add' 'sub'> <InPorts = 3> <OutPorts = 1> <Sync> <CReg>
ST_30 : Operation 2629 [1/1] (4.07ns) (root node of TernaryAdder)   --->   "%add_ln58_5034 = add i22 %add_ln58_5033, i22 %sext_ln58_3415" [firmware/nnet_utils/nnet_dense_latency.h:58]   --->   Operation 2629 'add' 'add_ln58_5034' <Predicate = true> <Delay = 4.07> <CoreInst = "TAddSub">   --->   Core 10 'TAddSub' <Latency = 0> <II = 1> <Delay = 2.03> <IPBlock> <Opcode : '<invalid operator> ' 'add' 'sub'> <InPorts = 3> <OutPorts = 1> <Sync> <CReg>
ST_30 : Operation 2630 [1/1] (0.00ns)   --->   "%sext_ln58_3417 = sext i22 %add_ln58_5034" [firmware/nnet_utils/nnet_dense_latency.h:58]   --->   Operation 2630 'sext' 'sext_ln58_3417' <Predicate = true> <Delay = 0.00>
ST_30 : Operation 2631 [1/1] (2.25ns)   --->   "%add_ln58_5035 = add i23 %sext_ln58_3417, i23 %sext_ln58_3414" [firmware/nnet_utils/nnet_dense_latency.h:58]   --->   Operation 2631 'add' 'add_ln58_5035' <Predicate = true> <Delay = 2.25> <CoreInst = "Adder">   --->   Core 1 'Adder' <Latency = 0> <II = 1> <Delay = 2.25> <FuncUnit> <Opcode : 'add' 'sub'> <InPorts = 2> <OutPorts = 1>
ST_30 : Operation 2632 [1/1] (0.00ns)   --->   "%sext_ln58_3418 = sext i23 %add_ln58_5035" [firmware/nnet_utils/nnet_dense_latency.h:58]   --->   Operation 2632 'sext' 'sext_ln58_3418' <Predicate = true> <Delay = 0.00>
ST_30 : Operation 2633 [1/1] (2.28ns)   --->   "%add_ln58_5036 = add i24 %sext_ln58_3418, i24 %sext_ln58_3412" [firmware/nnet_utils/nnet_dense_latency.h:58]   --->   Operation 2633 'add' 'add_ln58_5036' <Predicate = true> <Delay = 2.28> <CoreInst = "Adder">   --->   Core 1 'Adder' <Latency = 0> <II = 1> <Delay = 2.28> <FuncUnit> <Opcode : 'add' 'sub'> <InPorts = 2> <OutPorts = 1>
ST_30 : Operation 2634 [1/1] (0.00ns)   --->   "%sext_ln58_3419 = sext i24 %add_ln58_5036" [firmware/nnet_utils/nnet_dense_latency.h:58]   --->   Operation 2634 'sext' 'sext_ln58_3419' <Predicate = true> <Delay = 0.00>
ST_30 : Operation 2635 [1/1] (2.31ns)   --->   "%add_ln58_5037 = add i25 %sext_ln58_3419, i25 %sext_ln58_3406" [firmware/nnet_utils/nnet_dense_latency.h:58]   --->   Operation 2635 'add' 'add_ln58_5037' <Predicate = true> <Delay = 2.31> <CoreInst = "Adder">   --->   Core 1 'Adder' <Latency = 0> <II = 1> <Delay = 2.31> <FuncUnit> <Opcode : 'add' 'sub'> <InPorts = 2> <OutPorts = 1>
ST_30 : Operation 2636 [1/1] (0.00ns)   --->   "%sext_ln58_3433 = sext i24 %add_ln58_5052" [firmware/nnet_utils/nnet_dense_latency.h:58]   --->   Operation 2636 'sext' 'sext_ln58_3433' <Predicate = true> <Delay = 0.00>
ST_30 : Operation 2637 [1/1] (0.00ns)   --->   "%sext_ln58_3439 = sext i23 %add_ln58_5059" [firmware/nnet_utils/nnet_dense_latency.h:58]   --->   Operation 2637 'sext' 'sext_ln58_3439' <Predicate = true> <Delay = 0.00>
ST_30 : Operation 2638 [1/1] (0.00ns)   --->   "%sext_ln58_3442 = sext i22 %add_ln58_5062" [firmware/nnet_utils/nnet_dense_latency.h:58]   --->   Operation 2638 'sext' 'sext_ln58_3442' <Predicate = true> <Delay = 0.00>
ST_30 : Operation 2639 [1/1] (0.00ns)   --->   "%sext_ln58_3443 = sext i21 %add_ln58_5063" [firmware/nnet_utils/nnet_dense_latency.h:58]   --->   Operation 2639 'sext' 'sext_ln58_3443' <Predicate = true> <Delay = 0.00>
ST_30 : Operation 2640 [1/1] (2.13ns)   --->   "%add_ln58_5064 = add i19 %sext_ln17_5292, i19 524029" [firmware/nnet_utils/nnet_dense_latency.h:58]   --->   Operation 2640 'add' 'add_ln58_5064' <Predicate = true> <Delay = 2.13> <CoreInst = "Adder">   --->   Core 1 'Adder' <Latency = 0> <II = 1> <Delay = 2.13> <FuncUnit> <Opcode : 'add' 'sub'> <InPorts = 2> <OutPorts = 1>
ST_30 : Operation 2641 [1/1] (0.00ns)   --->   "%sext_ln58_3444 = sext i19 %add_ln58_5064" [firmware/nnet_utils/nnet_dense_latency.h:58]   --->   Operation 2641 'sext' 'sext_ln58_3444' <Predicate = true> <Delay = 0.00>
ST_30 : Operation 2642 [1/1] (2.19ns)   --->   "%add_ln58_5065 = add i21 %sext_ln58_3444, i21 %sext_ln17_5276" [firmware/nnet_utils/nnet_dense_latency.h:58]   --->   Operation 2642 'add' 'add_ln58_5065' <Predicate = true> <Delay = 2.19> <CoreInst = "Adder">   --->   Core 1 'Adder' <Latency = 0> <II = 1> <Delay = 2.19> <FuncUnit> <Opcode : 'add' 'sub'> <InPorts = 2> <OutPorts = 1>
ST_30 : Operation 2643 [1/1] (0.00ns)   --->   "%sext_ln58_3445 = sext i21 %add_ln58_5065" [firmware/nnet_utils/nnet_dense_latency.h:58]   --->   Operation 2643 'sext' 'sext_ln58_3445' <Predicate = true> <Delay = 0.00>
ST_30 : Operation 2644 [1/1] (2.22ns)   --->   "%add_ln58_5066 = add i22 %sext_ln58_3445, i22 %sext_ln58_3443" [firmware/nnet_utils/nnet_dense_latency.h:58]   --->   Operation 2644 'add' 'add_ln58_5066' <Predicate = true> <Delay = 2.22> <CoreInst = "Adder">   --->   Core 1 'Adder' <Latency = 0> <II = 1> <Delay = 2.22> <FuncUnit> <Opcode : 'add' 'sub'> <InPorts = 2> <OutPorts = 1>
ST_30 : Operation 2645 [1/1] (0.00ns)   --->   "%sext_ln58_3446 = sext i22 %add_ln58_5066" [firmware/nnet_utils/nnet_dense_latency.h:58]   --->   Operation 2645 'sext' 'sext_ln58_3446' <Predicate = true> <Delay = 0.00>
ST_30 : Operation 2646 [1/1] (2.25ns)   --->   "%add_ln58_5067 = add i23 %sext_ln58_3446, i23 %sext_ln58_3442" [firmware/nnet_utils/nnet_dense_latency.h:58]   --->   Operation 2646 'add' 'add_ln58_5067' <Predicate = true> <Delay = 2.25> <CoreInst = "Adder">   --->   Core 1 'Adder' <Latency = 0> <II = 1> <Delay = 2.25> <FuncUnit> <Opcode : 'add' 'sub'> <InPorts = 2> <OutPorts = 1>
ST_30 : Operation 2647 [1/1] (0.00ns)   --->   "%sext_ln58_3447 = sext i23 %add_ln58_5067" [firmware/nnet_utils/nnet_dense_latency.h:58]   --->   Operation 2647 'sext' 'sext_ln58_3447' <Predicate = true> <Delay = 0.00>
ST_30 : Operation 2648 [1/1] (2.28ns)   --->   "%add_ln58_5068 = add i24 %sext_ln58_3447, i24 %sext_ln58_3439" [firmware/nnet_utils/nnet_dense_latency.h:58]   --->   Operation 2648 'add' 'add_ln58_5068' <Predicate = true> <Delay = 2.28> <CoreInst = "Adder">   --->   Core 1 'Adder' <Latency = 0> <II = 1> <Delay = 2.28> <FuncUnit> <Opcode : 'add' 'sub'> <InPorts = 2> <OutPorts = 1>
ST_30 : Operation 2649 [1/1] (0.00ns)   --->   "%sext_ln58_3448 = sext i24 %add_ln58_5068" [firmware/nnet_utils/nnet_dense_latency.h:58]   --->   Operation 2649 'sext' 'sext_ln58_3448' <Predicate = true> <Delay = 0.00>
ST_30 : Operation 2650 [1/1] (2.31ns)   --->   "%add_ln58_5069 = add i25 %sext_ln58_3448, i25 %sext_ln58_3433" [firmware/nnet_utils/nnet_dense_latency.h:58]   --->   Operation 2650 'add' 'add_ln58_5069' <Predicate = true> <Delay = 2.31> <CoreInst = "Adder">   --->   Core 1 'Adder' <Latency = 0> <II = 1> <Delay = 2.31> <FuncUnit> <Opcode : 'add' 'sub'> <InPorts = 2> <OutPorts = 1>
ST_30 : Operation 2651 [1/1] (0.00ns)   --->   "%sext_ln58_3463 = sext i24 %add_ln58_5084" [firmware/nnet_utils/nnet_dense_latency.h:58]   --->   Operation 2651 'sext' 'sext_ln58_3463' <Predicate = true> <Delay = 0.00>
ST_30 : Operation 2652 [1/1] (0.00ns)   --->   "%sext_ln58_3469 = sext i22 %add_ln58_5091" [firmware/nnet_utils/nnet_dense_latency.h:58]   --->   Operation 2652 'sext' 'sext_ln58_3469' <Predicate = true> <Delay = 0.00>
ST_30 : Operation 2653 [1/1] (0.00ns)   --->   "%sext_ln58_3472 = sext i22 %add_ln58_5094" [firmware/nnet_utils/nnet_dense_latency.h:58]   --->   Operation 2653 'sext' 'sext_ln58_3472' <Predicate = true> <Delay = 0.00>
ST_30 : Operation 2654 [1/1] (0.00ns)   --->   "%sext_ln58_3473 = sext i21 %add_ln58_5095" [firmware/nnet_utils/nnet_dense_latency.h:58]   --->   Operation 2654 'sext' 'sext_ln58_3473' <Predicate = true> <Delay = 0.00>
ST_30 : Operation 2655 [1/1] (0.00ns) (grouped into TernaryAdder)   --->   "%add_ln58_5096 = add i21 %sext_ln17_5293, i21 2096990" [firmware/nnet_utils/nnet_dense_latency.h:58]   --->   Operation 2655 'add' 'add_ln58_5096' <Predicate = true> <Delay = 0.00> <CoreInst = "TAddSub">   --->   Core 10 'TAddSub' <Latency = 0> <II = 1> <Delay = 2.03> <IPBlock> <Opcode : '<invalid operator> ' 'add' 'sub'> <InPorts = 3> <OutPorts = 1> <Sync> <CReg>
ST_30 : Operation 2656 [1/1] (4.04ns) (root node of TernaryAdder)   --->   "%add_ln58_5097 = add i21 %add_ln58_5096, i21 %sext_ln17_5277" [firmware/nnet_utils/nnet_dense_latency.h:58]   --->   Operation 2656 'add' 'add_ln58_5097' <Predicate = true> <Delay = 4.04> <CoreInst = "TAddSub">   --->   Core 10 'TAddSub' <Latency = 0> <II = 1> <Delay = 2.03> <IPBlock> <Opcode : '<invalid operator> ' 'add' 'sub'> <InPorts = 3> <OutPorts = 1> <Sync> <CReg>
ST_30 : Operation 2657 [1/1] (0.00ns)   --->   "%sext_ln58_3474 = sext i21 %add_ln58_5097" [firmware/nnet_utils/nnet_dense_latency.h:58]   --->   Operation 2657 'sext' 'sext_ln58_3474' <Predicate = true> <Delay = 0.00>
ST_30 : Operation 2658 [1/1] (2.22ns)   --->   "%add_ln58_5098 = add i22 %sext_ln58_3474, i22 %sext_ln58_3473" [firmware/nnet_utils/nnet_dense_latency.h:58]   --->   Operation 2658 'add' 'add_ln58_5098' <Predicate = true> <Delay = 2.22> <CoreInst = "Adder">   --->   Core 1 'Adder' <Latency = 0> <II = 1> <Delay = 2.22> <FuncUnit> <Opcode : 'add' 'sub'> <InPorts = 2> <OutPorts = 1>
ST_30 : Operation 2659 [1/1] (0.00ns)   --->   "%sext_ln58_3475 = sext i22 %add_ln58_5098" [firmware/nnet_utils/nnet_dense_latency.h:58]   --->   Operation 2659 'sext' 'sext_ln58_3475' <Predicate = true> <Delay = 0.00>
ST_30 : Operation 2660 [1/1] (2.25ns)   --->   "%add_ln58_5099 = add i23 %sext_ln58_3475, i23 %sext_ln58_3472" [firmware/nnet_utils/nnet_dense_latency.h:58]   --->   Operation 2660 'add' 'add_ln58_5099' <Predicate = true> <Delay = 2.25> <CoreInst = "Adder">   --->   Core 1 'Adder' <Latency = 0> <II = 1> <Delay = 2.25> <FuncUnit> <Opcode : 'add' 'sub'> <InPorts = 2> <OutPorts = 1>
ST_30 : Operation 2661 [1/1] (0.00ns)   --->   "%sext_ln58_3476 = sext i23 %add_ln58_5099" [firmware/nnet_utils/nnet_dense_latency.h:58]   --->   Operation 2661 'sext' 'sext_ln58_3476' <Predicate = true> <Delay = 0.00>
ST_30 : Operation 2662 [1/1] (2.28ns)   --->   "%add_ln58_5100 = add i24 %sext_ln58_3476, i24 %sext_ln58_3469" [firmware/nnet_utils/nnet_dense_latency.h:58]   --->   Operation 2662 'add' 'add_ln58_5100' <Predicate = true> <Delay = 2.28> <CoreInst = "Adder">   --->   Core 1 'Adder' <Latency = 0> <II = 1> <Delay = 2.28> <FuncUnit> <Opcode : 'add' 'sub'> <InPorts = 2> <OutPorts = 1>
ST_30 : Operation 2663 [1/1] (0.00ns)   --->   "%sext_ln58_3477 = sext i24 %add_ln58_5100" [firmware/nnet_utils/nnet_dense_latency.h:58]   --->   Operation 2663 'sext' 'sext_ln58_3477' <Predicate = true> <Delay = 0.00>
ST_30 : Operation 2664 [1/1] (2.31ns)   --->   "%add_ln58_5101 = add i25 %sext_ln58_3477, i25 %sext_ln58_3463" [firmware/nnet_utils/nnet_dense_latency.h:58]   --->   Operation 2664 'add' 'add_ln58_5101' <Predicate = true> <Delay = 2.31> <CoreInst = "Adder">   --->   Core 1 'Adder' <Latency = 0> <II = 1> <Delay = 2.31> <FuncUnit> <Opcode : 'add' 'sub'> <InPorts = 2> <OutPorts = 1>
ST_30 : Operation 2665 [1/1] (0.00ns)   --->   "%sext_ln58_3492 = sext i24 %add_ln58_5116" [firmware/nnet_utils/nnet_dense_latency.h:58]   --->   Operation 2665 'sext' 'sext_ln58_3492' <Predicate = true> <Delay = 0.00>
ST_30 : Operation 2666 [1/1] (0.00ns)   --->   "%sext_ln58_3495 = sext i22 %add_ln58_5119" [firmware/nnet_utils/nnet_dense_latency.h:58]   --->   Operation 2666 'sext' 'sext_ln58_3495' <Predicate = true> <Delay = 0.00>
ST_30 : Operation 2667 [1/1] (0.00ns)   --->   "%sext_ln58_3497 = sext i21 %add_ln58_5122" [firmware/nnet_utils/nnet_dense_latency.h:58]   --->   Operation 2667 'sext' 'sext_ln58_3497' <Predicate = true> <Delay = 0.00>
ST_30 : Operation 2668 [1/1] (0.00ns) (grouped into TernaryAdder)   --->   "%add_ln58_5123 = add i23 %sext_ln58_3497, i23 %sext_ln58_3495" [firmware/nnet_utils/nnet_dense_latency.h:58]   --->   Operation 2668 'add' 'add_ln58_5123' <Predicate = true> <Delay = 0.00> <CoreInst = "TAddSub">   --->   Core 10 'TAddSub' <Latency = 0> <II = 1> <Delay = 2.03> <IPBlock> <Opcode : '<invalid operator> ' 'add' 'sub'> <InPorts = 3> <OutPorts = 1> <Sync> <CReg>
ST_30 : Operation 2669 [1/1] (0.00ns)   --->   "%sext_ln58_3500 = sext i21 %add_ln58_5126" [firmware/nnet_utils/nnet_dense_latency.h:58]   --->   Operation 2669 'sext' 'sext_ln58_3500' <Predicate = true> <Delay = 0.00>
ST_30 : Operation 2670 [1/1] (0.00ns)   --->   "%sext_ln58_3501 = sext i20 %add_ln58_5127" [firmware/nnet_utils/nnet_dense_latency.h:58]   --->   Operation 2670 'sext' 'sext_ln58_3501' <Predicate = true> <Delay = 0.00>
ST_30 : Operation 2671 [1/1] (2.16ns)   --->   "%add_ln58_5128 = add i20 %sext_ln17_5294, i20 1048566" [firmware/nnet_utils/nnet_dense_latency.h:58]   --->   Operation 2671 'add' 'add_ln58_5128' <Predicate = true> <Delay = 2.16> <CoreInst = "Adder">   --->   Core 1 'Adder' <Latency = 0> <II = 1> <Delay = 2.16> <FuncUnit> <Opcode : 'add' 'sub'> <InPorts = 2> <OutPorts = 1>
ST_30 : Operation 2672 [1/1] (0.00ns)   --->   "%sext_ln58_3502 = sext i20 %add_ln58_5128" [firmware/nnet_utils/nnet_dense_latency.h:58]   --->   Operation 2672 'sext' 'sext_ln58_3502' <Predicate = true> <Delay = 0.00>
ST_30 : Operation 2673 [1/1] (0.00ns) (grouped into TernaryAdder)   --->   "%add_ln58_5129 = add i21 %sext_ln58_3502, i21 %sext_ln17_5278" [firmware/nnet_utils/nnet_dense_latency.h:58]   --->   Operation 2673 'add' 'add_ln58_5129' <Predicate = true> <Delay = 0.00> <CoreInst = "TAddSub">   --->   Core 10 'TAddSub' <Latency = 0> <II = 1> <Delay = 2.03> <IPBlock> <Opcode : '<invalid operator> ' 'add' 'sub'> <InPorts = 3> <OutPorts = 1> <Sync> <CReg>
ST_30 : Operation 2674 [1/1] (4.04ns) (root node of TernaryAdder)   --->   "%add_ln58_5130 = add i21 %add_ln58_5129, i21 %sext_ln58_3501" [firmware/nnet_utils/nnet_dense_latency.h:58]   --->   Operation 2674 'add' 'add_ln58_5130' <Predicate = true> <Delay = 4.04> <CoreInst = "TAddSub">   --->   Core 10 'TAddSub' <Latency = 0> <II = 1> <Delay = 2.03> <IPBlock> <Opcode : '<invalid operator> ' 'add' 'sub'> <InPorts = 3> <OutPorts = 1> <Sync> <CReg>
ST_30 : Operation 2675 [1/1] (0.00ns)   --->   "%sext_ln58_3503 = sext i21 %add_ln58_5130" [firmware/nnet_utils/nnet_dense_latency.h:58]   --->   Operation 2675 'sext' 'sext_ln58_3503' <Predicate = true> <Delay = 0.00>
ST_30 : Operation 2676 [1/1] (2.22ns)   --->   "%add_ln58_5131 = add i22 %sext_ln58_3503, i22 %sext_ln58_3500" [firmware/nnet_utils/nnet_dense_latency.h:58]   --->   Operation 2676 'add' 'add_ln58_5131' <Predicate = true> <Delay = 2.22> <CoreInst = "Adder">   --->   Core 1 'Adder' <Latency = 0> <II = 1> <Delay = 2.22> <FuncUnit> <Opcode : 'add' 'sub'> <InPorts = 2> <OutPorts = 1>
ST_30 : Operation 2677 [1/1] (0.00ns)   --->   "%sext_ln58_3504 = sext i22 %add_ln58_5131" [firmware/nnet_utils/nnet_dense_latency.h:58]   --->   Operation 2677 'sext' 'sext_ln58_3504' <Predicate = true> <Delay = 0.00>
ST_30 : Operation 2678 [1/1] (4.10ns) (root node of TernaryAdder)   --->   "%add_ln58_5132 = add i23 %sext_ln58_3504, i23 %add_ln58_5123" [firmware/nnet_utils/nnet_dense_latency.h:58]   --->   Operation 2678 'add' 'add_ln58_5132' <Predicate = true> <Delay = 4.10> <CoreInst = "TAddSub">   --->   Core 10 'TAddSub' <Latency = 0> <II = 1> <Delay = 2.03> <IPBlock> <Opcode : '<invalid operator> ' 'add' 'sub'> <InPorts = 3> <OutPorts = 1> <Sync> <CReg>
ST_30 : Operation 2679 [1/1] (0.00ns)   --->   "%sext_ln58_3505 = sext i23 %add_ln58_5132" [firmware/nnet_utils/nnet_dense_latency.h:58]   --->   Operation 2679 'sext' 'sext_ln58_3505' <Predicate = true> <Delay = 0.00>
ST_30 : Operation 2680 [1/1] (2.31ns)   --->   "%add_ln58_5133 = add i25 %sext_ln58_3505, i25 %sext_ln58_3492" [firmware/nnet_utils/nnet_dense_latency.h:58]   --->   Operation 2680 'add' 'add_ln58_5133' <Predicate = true> <Delay = 2.31> <CoreInst = "Adder">   --->   Core 1 'Adder' <Latency = 0> <II = 1> <Delay = 2.31> <FuncUnit> <Opcode : 'add' 'sub'> <InPorts = 2> <OutPorts = 1>
ST_30 : Operation 2681 [1/1] (0.00ns)   --->   "%sext_ln58_3519 = sext i23 %add_ln58_5148" [firmware/nnet_utils/nnet_dense_latency.h:58]   --->   Operation 2681 'sext' 'sext_ln58_3519' <Predicate = true> <Delay = 0.00>
ST_30 : Operation 2682 [1/1] (0.00ns)   --->   "%sext_ln58_3522 = sext i22 %add_ln58_5151" [firmware/nnet_utils/nnet_dense_latency.h:58]   --->   Operation 2682 'sext' 'sext_ln58_3522' <Predicate = true> <Delay = 0.00>
ST_30 : Operation 2683 [1/1] (0.00ns)   --->   "%sext_ln58_3525 = sext i22 %add_ln58_5154" [firmware/nnet_utils/nnet_dense_latency.h:58]   --->   Operation 2683 'sext' 'sext_ln58_3525' <Predicate = true> <Delay = 0.00>
ST_30 : Operation 2684 [1/1] (0.00ns) (grouped into TernaryAdder)   --->   "%add_ln58_5155 = add i23 %sext_ln58_3525, i23 %sext_ln58_3522" [firmware/nnet_utils/nnet_dense_latency.h:58]   --->   Operation 2684 'add' 'add_ln58_5155' <Predicate = true> <Delay = 0.00> <CoreInst = "TAddSub">   --->   Core 10 'TAddSub' <Latency = 0> <II = 1> <Delay = 2.03> <IPBlock> <Opcode : '<invalid operator> ' 'add' 'sub'> <InPorts = 3> <OutPorts = 1> <Sync> <CReg>
ST_30 : Operation 2685 [1/1] (0.00ns)   --->   "%sext_ln58_3527 = sext i21 %add_ln58_5158" [firmware/nnet_utils/nnet_dense_latency.h:58]   --->   Operation 2685 'sext' 'sext_ln58_3527' <Predicate = true> <Delay = 0.00>
ST_30 : Operation 2686 [1/1] (0.00ns)   --->   "%sext_ln58_3528 = sext i20 %add_ln58_5159" [firmware/nnet_utils/nnet_dense_latency.h:58]   --->   Operation 2686 'sext' 'sext_ln58_3528' <Predicate = true> <Delay = 0.00>
ST_30 : Operation 2687 [1/1] (2.16ns)   --->   "%add_ln58_5160 = add i20 %sext_ln17_5295, i20 1048305" [firmware/nnet_utils/nnet_dense_latency.h:58]   --->   Operation 2687 'add' 'add_ln58_5160' <Predicate = true> <Delay = 2.16> <CoreInst = "Adder">   --->   Core 1 'Adder' <Latency = 0> <II = 1> <Delay = 2.16> <FuncUnit> <Opcode : 'add' 'sub'> <InPorts = 2> <OutPorts = 1>
ST_30 : Operation 2688 [1/1] (0.00ns)   --->   "%sext_ln58_3529 = sext i20 %add_ln58_5160" [firmware/nnet_utils/nnet_dense_latency.h:58]   --->   Operation 2688 'sext' 'sext_ln58_3529' <Predicate = true> <Delay = 0.00>
ST_30 : Operation 2689 [1/1] (0.00ns) (grouped into TernaryAdder)   --->   "%add_ln58_5161 = add i21 %sext_ln58_3529, i21 %sext_ln17_5279" [firmware/nnet_utils/nnet_dense_latency.h:58]   --->   Operation 2689 'add' 'add_ln58_5161' <Predicate = true> <Delay = 0.00> <CoreInst = "TAddSub">   --->   Core 10 'TAddSub' <Latency = 0> <II = 1> <Delay = 2.03> <IPBlock> <Opcode : '<invalid operator> ' 'add' 'sub'> <InPorts = 3> <OutPorts = 1> <Sync> <CReg>
ST_30 : Operation 2690 [1/1] (4.04ns) (root node of TernaryAdder)   --->   "%add_ln58_5162 = add i21 %add_ln58_5161, i21 %sext_ln58_3528" [firmware/nnet_utils/nnet_dense_latency.h:58]   --->   Operation 2690 'add' 'add_ln58_5162' <Predicate = true> <Delay = 4.04> <CoreInst = "TAddSub">   --->   Core 10 'TAddSub' <Latency = 0> <II = 1> <Delay = 2.03> <IPBlock> <Opcode : '<invalid operator> ' 'add' 'sub'> <InPorts = 3> <OutPorts = 1> <Sync> <CReg>
ST_30 : Operation 2691 [1/1] (0.00ns)   --->   "%sext_ln58_3530 = sext i21 %add_ln58_5162" [firmware/nnet_utils/nnet_dense_latency.h:58]   --->   Operation 2691 'sext' 'sext_ln58_3530' <Predicate = true> <Delay = 0.00>
ST_30 : Operation 2692 [1/1] (2.22ns)   --->   "%add_ln58_5163 = add i22 %sext_ln58_3530, i22 %sext_ln58_3527" [firmware/nnet_utils/nnet_dense_latency.h:58]   --->   Operation 2692 'add' 'add_ln58_5163' <Predicate = true> <Delay = 2.22> <CoreInst = "Adder">   --->   Core 1 'Adder' <Latency = 0> <II = 1> <Delay = 2.22> <FuncUnit> <Opcode : 'add' 'sub'> <InPorts = 2> <OutPorts = 1>
ST_30 : Operation 2693 [1/1] (0.00ns)   --->   "%sext_ln58_3531 = sext i22 %add_ln58_5163" [firmware/nnet_utils/nnet_dense_latency.h:58]   --->   Operation 2693 'sext' 'sext_ln58_3531' <Predicate = true> <Delay = 0.00>
ST_30 : Operation 2694 [1/1] (4.10ns) (root node of TernaryAdder)   --->   "%add_ln58_5164 = add i23 %sext_ln58_3531, i23 %add_ln58_5155" [firmware/nnet_utils/nnet_dense_latency.h:58]   --->   Operation 2694 'add' 'add_ln58_5164' <Predicate = true> <Delay = 4.10> <CoreInst = "TAddSub">   --->   Core 10 'TAddSub' <Latency = 0> <II = 1> <Delay = 2.03> <IPBlock> <Opcode : '<invalid operator> ' 'add' 'sub'> <InPorts = 3> <OutPorts = 1> <Sync> <CReg>
ST_30 : Operation 2695 [1/1] (0.00ns)   --->   "%sext_ln58_3532 = sext i23 %add_ln58_5164" [firmware/nnet_utils/nnet_dense_latency.h:58]   --->   Operation 2695 'sext' 'sext_ln58_3532' <Predicate = true> <Delay = 0.00>
ST_30 : Operation 2696 [1/1] (2.28ns)   --->   "%add_ln58_5165 = add i24 %sext_ln58_3532, i24 %sext_ln58_3519" [firmware/nnet_utils/nnet_dense_latency.h:58]   --->   Operation 2696 'add' 'add_ln58_5165' <Predicate = true> <Delay = 2.28> <CoreInst = "Adder">   --->   Core 1 'Adder' <Latency = 0> <II = 1> <Delay = 2.28> <FuncUnit> <Opcode : 'add' 'sub'> <InPorts = 2> <OutPorts = 1>

State 31 <SV = 30> <Delay = 20.4>
ST_31 : Operation 2697 [1/1] (0.00ns)   --->   "%specpipeline_ln33 = specpipeline void @_ssdm_op_SpecPipeline, i32 32, i32 0, i32 0, i32 0, void @empty_0" [firmware/nnet_utils/nnet_dense_latency.h:33]   --->   Operation 2697 'specpipeline' 'specpipeline_ln33' <Predicate = true> <Delay = 0.00>
ST_31 : Operation 2698 [1/1] (0.00ns)   --->   "%specresourcelimit_ln33 = specresourcelimit void @_ssdm_op_SpecResourceLimit, i64 16, void @empty_1, void @empty_0, void @empty_0, void @empty_0" [firmware/nnet_utils/nnet_dense_latency.h:33]   --->   Operation 2698 'specresourcelimit' 'specresourcelimit_ln33' <Predicate = true> <Delay = 0.00>
ST_31 : Operation 2699 [1/1] (0.00ns)   --->   "%sext_ln17_5280 = sext i17 %mult_5276" [firmware/nnet_utils/nnet_dense_latency.h:17]   --->   Operation 2699 'sext' 'sext_ln17_5280' <Predicate = true> <Delay = 0.00>
ST_31 : Operation 2700 [1/1] (0.00ns)   --->   "%sext_ln17_5281 = sext i20 %mult_5277" [firmware/nnet_utils/nnet_dense_latency.h:17]   --->   Operation 2700 'sext' 'sext_ln17_5281' <Predicate = true> <Delay = 0.00>
ST_31 : Operation 2701 [1/1] (0.00ns)   --->   "%sext_ln17_5282 = sext i18 %mult_5278" [firmware/nnet_utils/nnet_dense_latency.h:17]   --->   Operation 2701 'sext' 'sext_ln17_5282' <Predicate = true> <Delay = 0.00>
ST_31 : Operation 2702 [1/1] (0.00ns)   --->   "%sext_ln17_5283 = sext i19 %mult_5279" [firmware/nnet_utils/nnet_dense_latency.h:17]   --->   Operation 2702 'sext' 'sext_ln17_5283' <Predicate = true> <Delay = 0.00>
ST_31 : Operation 2703 [1/1] (0.00ns)   --->   "%sext_ln17_5284 = sext i20 %mult_5280" [firmware/nnet_utils/nnet_dense_latency.h:17]   --->   Operation 2703 'sext' 'sext_ln17_5284' <Predicate = true> <Delay = 0.00>
ST_31 : Operation 2704 [1/1] (5.58ns)   --->   "%mul_ln73_5117 = mul i30 %sext_ln70_629, i30 1073737677" [firmware/nnet_utils/nnet_mult.h:73->firmware/nnet_utils/nnet_dense_latency.h:42]   --->   Operation 2704 'mul' 'mul_ln73_5117' <Predicate = true> <Delay = 5.58> <CoreInst = "Multiplier">   --->   Core 3 'Multiplier' <Latency = 0> <II = 1> <Delay = 5.58> <FuncUnit> <Opcode : 'mul'> <InPorts = 2> <OutPorts = 1>
ST_31 : Operation 2705 [1/1] (0.00ns)   --->   "%mult_5292 = partselect i20 @_ssdm_op_PartSelect.i20.i30.i32.i32, i30 %mul_ln73_5117, i32 10, i32 29" [firmware/nnet_utils/nnet_dense_latency.h:42]   --->   Operation 2705 'partselect' 'mult_5292' <Predicate = true> <Delay = 0.00>
ST_31 : Operation 2706 [1/1] (0.00ns)   --->   "%sext_ln17_5296 = sext i20 %mult_5292" [firmware/nnet_utils/nnet_dense_latency.h:17]   --->   Operation 2706 'sext' 'sext_ln17_5296' <Predicate = true> <Delay = 0.00>
ST_31 : Operation 2707 [1/1] (5.58ns)   --->   "%mul_ln73_5118 = mul i28 %sext_ln70_630, i28 2037" [firmware/nnet_utils/nnet_mult.h:73->firmware/nnet_utils/nnet_dense_latency.h:42]   --->   Operation 2707 'mul' 'mul_ln73_5118' <Predicate = true> <Delay = 5.58> <CoreInst = "Multiplier">   --->   Core 3 'Multiplier' <Latency = 0> <II = 1> <Delay = 5.58> <FuncUnit> <Opcode : 'mul'> <InPorts = 2> <OutPorts = 1>
ST_31 : Operation 2708 [1/1] (0.00ns)   --->   "%mult_5293 = partselect i18 @_ssdm_op_PartSelect.i18.i28.i32.i32, i28 %mul_ln73_5118, i32 10, i32 27" [firmware/nnet_utils/nnet_dense_latency.h:42]   --->   Operation 2708 'partselect' 'mult_5293' <Predicate = true> <Delay = 0.00>
ST_31 : Operation 2709 [1/1] (0.00ns)   --->   "%sext_ln17_5297 = sext i18 %mult_5293" [firmware/nnet_utils/nnet_dense_latency.h:17]   --->   Operation 2709 'sext' 'sext_ln17_5297' <Predicate = true> <Delay = 0.00>
ST_31 : Operation 2710 [1/1] (5.58ns)   --->   "%mul_ln73_5119 = mul i29 %sext_ln70_631, i29 536868743" [firmware/nnet_utils/nnet_mult.h:73->firmware/nnet_utils/nnet_dense_latency.h:42]   --->   Operation 2710 'mul' 'mul_ln73_5119' <Predicate = true> <Delay = 5.58> <CoreInst = "Multiplier">   --->   Core 3 'Multiplier' <Latency = 0> <II = 1> <Delay = 5.58> <FuncUnit> <Opcode : 'mul'> <InPorts = 2> <OutPorts = 1>
ST_31 : Operation 2711 [1/1] (0.00ns)   --->   "%mult_5294 = partselect i19 @_ssdm_op_PartSelect.i19.i29.i32.i32, i29 %mul_ln73_5119, i32 10, i32 28" [firmware/nnet_utils/nnet_dense_latency.h:42]   --->   Operation 2711 'partselect' 'mult_5294' <Predicate = true> <Delay = 0.00>
ST_31 : Operation 2712 [1/1] (0.00ns)   --->   "%sext_ln17_5298 = sext i19 %mult_5294" [firmware/nnet_utils/nnet_dense_latency.h:17]   --->   Operation 2712 'sext' 'sext_ln17_5298' <Predicate = true> <Delay = 0.00>
ST_31 : Operation 2713 [1/1] (5.58ns)   --->   "%mul_ln73_5120 = mul i29 %sext_ln70_631, i29 3012" [firmware/nnet_utils/nnet_mult.h:73->firmware/nnet_utils/nnet_dense_latency.h:42]   --->   Operation 2713 'mul' 'mul_ln73_5120' <Predicate = true> <Delay = 5.58> <CoreInst = "Multiplier">   --->   Core 3 'Multiplier' <Latency = 0> <II = 1> <Delay = 5.58> <FuncUnit> <Opcode : 'mul'> <InPorts = 2> <OutPorts = 1>
ST_31 : Operation 2714 [1/1] (0.00ns)   --->   "%mult_5295 = partselect i19 @_ssdm_op_PartSelect.i19.i29.i32.i32, i29 %mul_ln73_5120, i32 10, i32 28" [firmware/nnet_utils/nnet_dense_latency.h:42]   --->   Operation 2714 'partselect' 'mult_5295' <Predicate = true> <Delay = 0.00>
ST_31 : Operation 2715 [1/1] (0.00ns)   --->   "%sext_ln17_5299 = sext i19 %mult_5295" [firmware/nnet_utils/nnet_dense_latency.h:17]   --->   Operation 2715 'sext' 'sext_ln17_5299' <Predicate = true> <Delay = 0.00>
ST_31 : Operation 2716 [1/1] (5.58ns)   --->   "%mul_ln73_5121 = mul i28 %sext_ln70_630, i28 1067" [firmware/nnet_utils/nnet_mult.h:73->firmware/nnet_utils/nnet_dense_latency.h:42]   --->   Operation 2716 'mul' 'mul_ln73_5121' <Predicate = true> <Delay = 5.58> <CoreInst = "Multiplier">   --->   Core 3 'Multiplier' <Latency = 0> <II = 1> <Delay = 5.58> <FuncUnit> <Opcode : 'mul'> <InPorts = 2> <OutPorts = 1>
ST_31 : Operation 2717 [1/1] (0.00ns)   --->   "%mult_5296 = partselect i18 @_ssdm_op_PartSelect.i18.i28.i32.i32, i28 %mul_ln73_5121, i32 10, i32 27" [firmware/nnet_utils/nnet_dense_latency.h:42]   --->   Operation 2717 'partselect' 'mult_5296' <Predicate = true> <Delay = 0.00>
ST_31 : Operation 2718 [1/1] (0.00ns)   --->   "%sext_ln17_5300 = sext i18 %mult_5296" [firmware/nnet_utils/nnet_dense_latency.h:17]   --->   Operation 2718 'sext' 'sext_ln17_5300' <Predicate = true> <Delay = 0.00>
ST_31 : Operation 2719 [1/1] (0.00ns)   --->   "%sext_ln58_3256 = sext i24 %add_ln58_4845" [firmware/nnet_utils/nnet_dense_latency.h:58]   --->   Operation 2719 'sext' 'sext_ln58_3256' <Predicate = true> <Delay = 0.00>
ST_31 : Operation 2720 [1/1] (0.00ns)   --->   "%sext_ln58_3285 = sext i25 %add_ln58_4877" [firmware/nnet_utils/nnet_dense_latency.h:58]   --->   Operation 2720 'sext' 'sext_ln58_3285' <Predicate = true> <Delay = 0.00>
ST_31 : Operation 2721 [1/1] (0.00ns)   --->   "%sext_ln58_3311 = sext i25 %add_ln58_4909" [firmware/nnet_utils/nnet_dense_latency.h:58]   --->   Operation 2721 'sext' 'sext_ln58_3311' <Predicate = true> <Delay = 0.00>
ST_31 : Operation 2722 [1/1] (0.00ns)   --->   "%sext_ln58_3337 = sext i25 %add_ln58_4941" [firmware/nnet_utils/nnet_dense_latency.h:58]   --->   Operation 2722 'sext' 'sext_ln58_3337' <Predicate = true> <Delay = 0.00>
ST_31 : Operation 2723 [1/1] (0.00ns)   --->   "%sext_ln58_3364 = sext i25 %add_ln58_4973" [firmware/nnet_utils/nnet_dense_latency.h:58]   --->   Operation 2723 'sext' 'sext_ln58_3364' <Predicate = true> <Delay = 0.00>
ST_31 : Operation 2724 [1/1] (0.00ns)   --->   "%sext_ln58_3394 = sext i25 %add_ln58_5005" [firmware/nnet_utils/nnet_dense_latency.h:58]   --->   Operation 2724 'sext' 'sext_ln58_3394' <Predicate = true> <Delay = 0.00>
ST_31 : Operation 2725 [1/1] (0.00ns)   --->   "%sext_ln58_3420 = sext i25 %add_ln58_5037" [firmware/nnet_utils/nnet_dense_latency.h:58]   --->   Operation 2725 'sext' 'sext_ln58_3420' <Predicate = true> <Delay = 0.00>
ST_31 : Operation 2726 [1/1] (0.00ns)   --->   "%sext_ln58_3449 = sext i25 %add_ln58_5069" [firmware/nnet_utils/nnet_dense_latency.h:58]   --->   Operation 2726 'sext' 'sext_ln58_3449' <Predicate = true> <Delay = 0.00>
ST_31 : Operation 2727 [1/1] (0.00ns)   --->   "%sext_ln58_3478 = sext i25 %add_ln58_5101" [firmware/nnet_utils/nnet_dense_latency.h:58]   --->   Operation 2727 'sext' 'sext_ln58_3478' <Predicate = true> <Delay = 0.00>
ST_31 : Operation 2728 [1/1] (0.00ns)   --->   "%sext_ln58_3506 = sext i25 %add_ln58_5133" [firmware/nnet_utils/nnet_dense_latency.h:58]   --->   Operation 2728 'sext' 'sext_ln58_3506' <Predicate = true> <Delay = 0.00>
ST_31 : Operation 2729 [1/1] (0.00ns)   --->   "%sext_ln58_3533 = sext i24 %add_ln58_5165" [firmware/nnet_utils/nnet_dense_latency.h:58]   --->   Operation 2729 'sext' 'sext_ln58_3533' <Predicate = true> <Delay = 0.00>
ST_31 : Operation 2730 [1/1] (0.00ns)   --->   "%sext_ln58_3539 = sext i23 %add_ln58_5172" [firmware/nnet_utils/nnet_dense_latency.h:58]   --->   Operation 2730 'sext' 'sext_ln58_3539' <Predicate = true> <Delay = 0.00>
ST_31 : Operation 2731 [1/1] (0.00ns)   --->   "%sext_ln58_3546 = sext i23 %add_ln58_5179" [firmware/nnet_utils/nnet_dense_latency.h:58]   --->   Operation 2731 'sext' 'sext_ln58_3546' <Predicate = true> <Delay = 0.00>
ST_31 : Operation 2732 [1/1] (0.00ns) (grouped into TernaryAdder)   --->   "%add_ln58_5180 = add i24 %sext_ln58_3546, i24 %sext_ln58_3539" [firmware/nnet_utils/nnet_dense_latency.h:58]   --->   Operation 2732 'add' 'add_ln58_5180' <Predicate = true> <Delay = 0.00> <CoreInst = "TAddSub">   --->   Core 10 'TAddSub' <Latency = 0> <II = 1> <Delay = 2.03> <IPBlock> <Opcode : '<invalid operator> ' 'add' 'sub'> <InPorts = 3> <OutPorts = 1> <Sync> <CReg>
ST_31 : Operation 2733 [1/1] (0.00ns)   --->   "%sext_ln58_3552 = sext i22 %add_ln58_5187" [firmware/nnet_utils/nnet_dense_latency.h:58]   --->   Operation 2733 'sext' 'sext_ln58_3552' <Predicate = true> <Delay = 0.00>
ST_31 : Operation 2734 [1/1] (0.00ns)   --->   "%sext_ln58_3554 = sext i20 %add_ln58_5190" [firmware/nnet_utils/nnet_dense_latency.h:58]   --->   Operation 2734 'sext' 'sext_ln58_3554' <Predicate = true> <Delay = 0.00>
ST_31 : Operation 2735 [1/1] (0.00ns)   --->   "%sext_ln58_3555 = sext i20 %add_ln58_5191" [firmware/nnet_utils/nnet_dense_latency.h:58]   --->   Operation 2735 'sext' 'sext_ln58_3555' <Predicate = true> <Delay = 0.00>
ST_31 : Operation 2736 [1/1] (2.19ns)   --->   "%add_ln58_5192 = add i21 %sext_ln17_5296, i21 2096795" [firmware/nnet_utils/nnet_dense_latency.h:58]   --->   Operation 2736 'add' 'add_ln58_5192' <Predicate = true> <Delay = 2.19> <CoreInst = "Adder">   --->   Core 1 'Adder' <Latency = 0> <II = 1> <Delay = 2.19> <FuncUnit> <Opcode : 'add' 'sub'> <InPorts = 2> <OutPorts = 1>
ST_31 : Operation 2737 [1/1] (0.00ns) (grouped into TernaryAdder)   --->   "%add_ln58_5193 = add i21 %add_ln58_5192, i21 %sext_ln17_5280" [firmware/nnet_utils/nnet_dense_latency.h:58]   --->   Operation 2737 'add' 'add_ln58_5193' <Predicate = true> <Delay = 0.00> <CoreInst = "TAddSub">   --->   Core 10 'TAddSub' <Latency = 0> <II = 1> <Delay = 2.03> <IPBlock> <Opcode : '<invalid operator> ' 'add' 'sub'> <InPorts = 3> <OutPorts = 1> <Sync> <CReg>
ST_31 : Operation 2738 [1/1] (4.04ns) (root node of TernaryAdder)   --->   "%add_ln58_5194 = add i21 %add_ln58_5193, i21 %sext_ln58_3555" [firmware/nnet_utils/nnet_dense_latency.h:58]   --->   Operation 2738 'add' 'add_ln58_5194' <Predicate = true> <Delay = 4.04> <CoreInst = "TAddSub">   --->   Core 10 'TAddSub' <Latency = 0> <II = 1> <Delay = 2.03> <IPBlock> <Opcode : '<invalid operator> ' 'add' 'sub'> <InPorts = 3> <OutPorts = 1> <Sync> <CReg>
ST_31 : Operation 2739 [1/1] (0.00ns)   --->   "%sext_ln58_3556 = sext i21 %add_ln58_5194" [firmware/nnet_utils/nnet_dense_latency.h:58]   --->   Operation 2739 'sext' 'sext_ln58_3556' <Predicate = true> <Delay = 0.00>
ST_31 : Operation 2740 [1/1] (2.22ns)   --->   "%add_ln58_5195 = add i22 %sext_ln58_3556, i22 %sext_ln58_3554" [firmware/nnet_utils/nnet_dense_latency.h:58]   --->   Operation 2740 'add' 'add_ln58_5195' <Predicate = true> <Delay = 2.22> <CoreInst = "Adder">   --->   Core 1 'Adder' <Latency = 0> <II = 1> <Delay = 2.22> <FuncUnit> <Opcode : 'add' 'sub'> <InPorts = 2> <OutPorts = 1>
ST_31 : Operation 2741 [1/1] (0.00ns)   --->   "%sext_ln58_3557 = sext i22 %add_ln58_5195" [firmware/nnet_utils/nnet_dense_latency.h:58]   --->   Operation 2741 'sext' 'sext_ln58_3557' <Predicate = true> <Delay = 0.00>
ST_31 : Operation 2742 [1/1] (2.25ns)   --->   "%add_ln58_5196 = add i23 %sext_ln58_3557, i23 %sext_ln58_3552" [firmware/nnet_utils/nnet_dense_latency.h:58]   --->   Operation 2742 'add' 'add_ln58_5196' <Predicate = true> <Delay = 2.25> <CoreInst = "Adder">   --->   Core 1 'Adder' <Latency = 0> <II = 1> <Delay = 2.25> <FuncUnit> <Opcode : 'add' 'sub'> <InPorts = 2> <OutPorts = 1>
ST_31 : Operation 2743 [1/1] (0.00ns)   --->   "%sext_ln58_3558 = sext i23 %add_ln58_5196" [firmware/nnet_utils/nnet_dense_latency.h:58]   --->   Operation 2743 'sext' 'sext_ln58_3558' <Predicate = true> <Delay = 0.00>
ST_31 : Operation 2744 [1/1] (4.13ns) (root node of TernaryAdder)   --->   "%add_ln58_5197 = add i24 %sext_ln58_3558, i24 %add_ln58_5180" [firmware/nnet_utils/nnet_dense_latency.h:58]   --->   Operation 2744 'add' 'add_ln58_5197' <Predicate = true> <Delay = 4.13> <CoreInst = "TAddSub">   --->   Core 10 'TAddSub' <Latency = 0> <II = 1> <Delay = 2.03> <IPBlock> <Opcode : '<invalid operator> ' 'add' 'sub'> <InPorts = 3> <OutPorts = 1> <Sync> <CReg>
ST_31 : Operation 2745 [1/1] (0.00ns)   --->   "%sext_ln58_3559 = sext i24 %add_ln58_5197" [firmware/nnet_utils/nnet_dense_latency.h:58]   --->   Operation 2745 'sext' 'sext_ln58_3559' <Predicate = true> <Delay = 0.00>
ST_31 : Operation 2746 [1/1] (0.00ns)   --->   "%sext_ln58_3572 = sext i23 %add_ln58_5212" [firmware/nnet_utils/nnet_dense_latency.h:58]   --->   Operation 2746 'sext' 'sext_ln58_3572' <Predicate = true> <Delay = 0.00>
ST_31 : Operation 2747 [1/1] (0.00ns)   --->   "%sext_ln58_3577 = sext i22 %add_ln58_5219" [firmware/nnet_utils/nnet_dense_latency.h:58]   --->   Operation 2747 'sext' 'sext_ln58_3577' <Predicate = true> <Delay = 0.00>
ST_31 : Operation 2748 [1/1] (0.00ns)   --->   "%sext_ln58_3578 = sext i20 %add_ln58_5220" [firmware/nnet_utils/nnet_dense_latency.h:58]   --->   Operation 2748 'sext' 'sext_ln58_3578' <Predicate = true> <Delay = 0.00>
ST_31 : Operation 2749 [1/1] (0.00ns)   --->   "%sext_ln58_3579 = sext i21 %add_ln58_5221" [firmware/nnet_utils/nnet_dense_latency.h:58]   --->   Operation 2749 'sext' 'sext_ln58_3579' <Predicate = true> <Delay = 0.00>
ST_31 : Operation 2750 [1/1] (0.00ns) (grouped into TernaryAdder)   --->   "%add_ln58_5222 = add i22 %sext_ln58_3579, i22 %sext_ln58_3578" [firmware/nnet_utils/nnet_dense_latency.h:58]   --->   Operation 2750 'add' 'add_ln58_5222' <Predicate = true> <Delay = 0.00> <CoreInst = "TAddSub">   --->   Core 10 'TAddSub' <Latency = 0> <II = 1> <Delay = 2.03> <IPBlock> <Opcode : '<invalid operator> ' 'add' 'sub'> <InPorts = 3> <OutPorts = 1> <Sync> <CReg>
ST_31 : Operation 2751 [1/1] (0.00ns)   --->   "%sext_ln58_3580 = sext i20 %add_ln58_5223" [firmware/nnet_utils/nnet_dense_latency.h:58]   --->   Operation 2751 'sext' 'sext_ln58_3580' <Predicate = true> <Delay = 0.00>
ST_31 : Operation 2752 [1/1] (2.13ns)   --->   "%add_ln58_5224 = add i19 %sext_ln17_5297, i19 524061" [firmware/nnet_utils/nnet_dense_latency.h:58]   --->   Operation 2752 'add' 'add_ln58_5224' <Predicate = true> <Delay = 2.13> <CoreInst = "Adder">   --->   Core 1 'Adder' <Latency = 0> <II = 1> <Delay = 2.13> <FuncUnit> <Opcode : 'add' 'sub'> <InPorts = 2> <OutPorts = 1>
ST_31 : Operation 2753 [1/1] (0.00ns)   --->   "%sext_ln58_3581 = sext i19 %add_ln58_5224" [firmware/nnet_utils/nnet_dense_latency.h:58]   --->   Operation 2753 'sext' 'sext_ln58_3581' <Predicate = true> <Delay = 0.00>
ST_31 : Operation 2754 [1/1] (0.00ns) (grouped into TernaryAdder)   --->   "%add_ln58_5225 = add i21 %sext_ln58_3581, i21 %sext_ln17_5281" [firmware/nnet_utils/nnet_dense_latency.h:58]   --->   Operation 2754 'add' 'add_ln58_5225' <Predicate = true> <Delay = 0.00> <CoreInst = "TAddSub">   --->   Core 10 'TAddSub' <Latency = 0> <II = 1> <Delay = 2.03> <IPBlock> <Opcode : '<invalid operator> ' 'add' 'sub'> <InPorts = 3> <OutPorts = 1> <Sync> <CReg>
ST_31 : Operation 2755 [1/1] (4.04ns) (root node of TernaryAdder)   --->   "%add_ln58_5226 = add i21 %add_ln58_5225, i21 %sext_ln58_3580" [firmware/nnet_utils/nnet_dense_latency.h:58]   --->   Operation 2755 'add' 'add_ln58_5226' <Predicate = true> <Delay = 4.04> <CoreInst = "TAddSub">   --->   Core 10 'TAddSub' <Latency = 0> <II = 1> <Delay = 2.03> <IPBlock> <Opcode : '<invalid operator> ' 'add' 'sub'> <InPorts = 3> <OutPorts = 1> <Sync> <CReg>
ST_31 : Operation 2756 [1/1] (0.00ns)   --->   "%sext_ln58_3582 = sext i21 %add_ln58_5226" [firmware/nnet_utils/nnet_dense_latency.h:58]   --->   Operation 2756 'sext' 'sext_ln58_3582' <Predicate = true> <Delay = 0.00>
ST_31 : Operation 2757 [1/1] (4.07ns) (root node of TernaryAdder)   --->   "%add_ln58_5227 = add i22 %sext_ln58_3582, i22 %add_ln58_5222" [firmware/nnet_utils/nnet_dense_latency.h:58]   --->   Operation 2757 'add' 'add_ln58_5227' <Predicate = true> <Delay = 4.07> <CoreInst = "TAddSub">   --->   Core 10 'TAddSub' <Latency = 0> <II = 1> <Delay = 2.03> <IPBlock> <Opcode : '<invalid operator> ' 'add' 'sub'> <InPorts = 3> <OutPorts = 1> <Sync> <CReg>
ST_31 : Operation 2758 [1/1] (0.00ns)   --->   "%sext_ln58_3583 = sext i22 %add_ln58_5227" [firmware/nnet_utils/nnet_dense_latency.h:58]   --->   Operation 2758 'sext' 'sext_ln58_3583' <Predicate = true> <Delay = 0.00>
ST_31 : Operation 2759 [1/1] (2.25ns)   --->   "%add_ln58_5228 = add i23 %sext_ln58_3583, i23 %sext_ln58_3577" [firmware/nnet_utils/nnet_dense_latency.h:58]   --->   Operation 2759 'add' 'add_ln58_5228' <Predicate = true> <Delay = 2.25> <CoreInst = "Adder">   --->   Core 1 'Adder' <Latency = 0> <II = 1> <Delay = 2.25> <FuncUnit> <Opcode : 'add' 'sub'> <InPorts = 2> <OutPorts = 1>
ST_31 : Operation 2760 [1/1] (0.00ns)   --->   "%sext_ln58_3584 = sext i23 %add_ln58_5228" [firmware/nnet_utils/nnet_dense_latency.h:58]   --->   Operation 2760 'sext' 'sext_ln58_3584' <Predicate = true> <Delay = 0.00>
ST_31 : Operation 2761 [1/1] (2.28ns)   --->   "%add_ln58_5229 = add i24 %sext_ln58_3584, i24 %sext_ln58_3572" [firmware/nnet_utils/nnet_dense_latency.h:58]   --->   Operation 2761 'add' 'add_ln58_5229' <Predicate = true> <Delay = 2.28> <CoreInst = "Adder">   --->   Core 1 'Adder' <Latency = 0> <II = 1> <Delay = 2.28> <FuncUnit> <Opcode : 'add' 'sub'> <InPorts = 2> <OutPorts = 1>
ST_31 : Operation 2762 [1/1] (0.00ns)   --->   "%sext_ln58_3585 = sext i24 %add_ln58_5229" [firmware/nnet_utils/nnet_dense_latency.h:58]   --->   Operation 2762 'sext' 'sext_ln58_3585' <Predicate = true> <Delay = 0.00>
ST_31 : Operation 2763 [1/1] (0.00ns)   --->   "%sext_ln58_3600 = sext i24 %add_ln58_5244" [firmware/nnet_utils/nnet_dense_latency.h:58]   --->   Operation 2763 'sext' 'sext_ln58_3600' <Predicate = true> <Delay = 0.00>
ST_31 : Operation 2764 [1/1] (0.00ns)   --->   "%sext_ln58_3607 = sext i22 %add_ln58_5251" [firmware/nnet_utils/nnet_dense_latency.h:58]   --->   Operation 2764 'sext' 'sext_ln58_3607' <Predicate = true> <Delay = 0.00>
ST_31 : Operation 2765 [1/1] (0.00ns)   --->   "%sext_ln58_3610 = sext i22 %add_ln58_5254" [firmware/nnet_utils/nnet_dense_latency.h:58]   --->   Operation 2765 'sext' 'sext_ln58_3610' <Predicate = true> <Delay = 0.00>
ST_31 : Operation 2766 [1/1] (0.00ns)   --->   "%sext_ln58_3611 = sext i21 %add_ln58_5255" [firmware/nnet_utils/nnet_dense_latency.h:58]   --->   Operation 2766 'sext' 'sext_ln58_3611' <Predicate = true> <Delay = 0.00>
ST_31 : Operation 2767 [1/1] (0.00ns) (grouped into TernaryAdder)   --->   "%add_ln58_5256 = add i20 %sext_ln17_5298, i20 1048372" [firmware/nnet_utils/nnet_dense_latency.h:58]   --->   Operation 2767 'add' 'add_ln58_5256' <Predicate = true> <Delay = 0.00> <CoreInst = "TAddSub">   --->   Core 10 'TAddSub' <Latency = 0> <II = 1> <Delay = 2.03> <IPBlock> <Opcode : '<invalid operator> ' 'add' 'sub'> <InPorts = 3> <OutPorts = 1> <Sync> <CReg>
ST_31 : Operation 2768 [1/1] (4.02ns) (root node of TernaryAdder)   --->   "%add_ln58_5257 = add i20 %add_ln58_5256, i20 %sext_ln17_5282" [firmware/nnet_utils/nnet_dense_latency.h:58]   --->   Operation 2768 'add' 'add_ln58_5257' <Predicate = true> <Delay = 4.02> <CoreInst = "TAddSub">   --->   Core 10 'TAddSub' <Latency = 0> <II = 1> <Delay = 2.03> <IPBlock> <Opcode : '<invalid operator> ' 'add' 'sub'> <InPorts = 3> <OutPorts = 1> <Sync> <CReg>
ST_31 : Operation 2769 [1/1] (0.00ns)   --->   "%sext_ln58_3612 = sext i20 %add_ln58_5257" [firmware/nnet_utils/nnet_dense_latency.h:58]   --->   Operation 2769 'sext' 'sext_ln58_3612' <Predicate = true> <Delay = 0.00>
ST_31 : Operation 2770 [1/1] (2.22ns)   --->   "%add_ln58_5258 = add i22 %sext_ln58_3612, i22 %sext_ln58_3611" [firmware/nnet_utils/nnet_dense_latency.h:58]   --->   Operation 2770 'add' 'add_ln58_5258' <Predicate = true> <Delay = 2.22> <CoreInst = "Adder">   --->   Core 1 'Adder' <Latency = 0> <II = 1> <Delay = 2.22> <FuncUnit> <Opcode : 'add' 'sub'> <InPorts = 2> <OutPorts = 1>
ST_31 : Operation 2771 [1/1] (0.00ns)   --->   "%sext_ln58_3613 = sext i22 %add_ln58_5258" [firmware/nnet_utils/nnet_dense_latency.h:58]   --->   Operation 2771 'sext' 'sext_ln58_3613' <Predicate = true> <Delay = 0.00>
ST_31 : Operation 2772 [1/1] (2.25ns)   --->   "%add_ln58_5259 = add i23 %sext_ln58_3613, i23 %sext_ln58_3610" [firmware/nnet_utils/nnet_dense_latency.h:58]   --->   Operation 2772 'add' 'add_ln58_5259' <Predicate = true> <Delay = 2.25> <CoreInst = "Adder">   --->   Core 1 'Adder' <Latency = 0> <II = 1> <Delay = 2.25> <FuncUnit> <Opcode : 'add' 'sub'> <InPorts = 2> <OutPorts = 1>
ST_31 : Operation 2773 [1/1] (0.00ns)   --->   "%sext_ln58_3614 = sext i23 %add_ln58_5259" [firmware/nnet_utils/nnet_dense_latency.h:58]   --->   Operation 2773 'sext' 'sext_ln58_3614' <Predicate = true> <Delay = 0.00>
ST_31 : Operation 2774 [1/1] (2.28ns)   --->   "%add_ln58_5260 = add i24 %sext_ln58_3614, i24 %sext_ln58_3607" [firmware/nnet_utils/nnet_dense_latency.h:58]   --->   Operation 2774 'add' 'add_ln58_5260' <Predicate = true> <Delay = 2.28> <CoreInst = "Adder">   --->   Core 1 'Adder' <Latency = 0> <II = 1> <Delay = 2.28> <FuncUnit> <Opcode : 'add' 'sub'> <InPorts = 2> <OutPorts = 1>
ST_31 : Operation 2775 [1/1] (0.00ns)   --->   "%sext_ln58_3615 = sext i24 %add_ln58_5260" [firmware/nnet_utils/nnet_dense_latency.h:58]   --->   Operation 2775 'sext' 'sext_ln58_3615' <Predicate = true> <Delay = 0.00>
ST_31 : Operation 2776 [1/1] (2.31ns)   --->   "%add_ln58_5261 = add i25 %sext_ln58_3615, i25 %sext_ln58_3600" [firmware/nnet_utils/nnet_dense_latency.h:58]   --->   Operation 2776 'add' 'add_ln58_5261' <Predicate = true> <Delay = 2.31> <CoreInst = "Adder">   --->   Core 1 'Adder' <Latency = 0> <II = 1> <Delay = 2.31> <FuncUnit> <Opcode : 'add' 'sub'> <InPorts = 2> <OutPorts = 1>
ST_31 : Operation 2777 [1/1] (0.00ns)   --->   "%sext_ln58_3616 = sext i25 %add_ln58_5261" [firmware/nnet_utils/nnet_dense_latency.h:58]   --->   Operation 2777 'sext' 'sext_ln58_3616' <Predicate = true> <Delay = 0.00>
ST_31 : Operation 2778 [1/1] (0.00ns)   --->   "%sext_ln58_3630 = sext i24 %add_ln58_5276" [firmware/nnet_utils/nnet_dense_latency.h:58]   --->   Operation 2778 'sext' 'sext_ln58_3630' <Predicate = true> <Delay = 0.00>
ST_31 : Operation 2779 [1/1] (0.00ns)   --->   "%sext_ln58_3636 = sext i22 %add_ln58_5283" [firmware/nnet_utils/nnet_dense_latency.h:58]   --->   Operation 2779 'sext' 'sext_ln58_3636' <Predicate = true> <Delay = 0.00>
ST_31 : Operation 2780 [1/1] (0.00ns)   --->   "%sext_ln58_3639 = sext i22 %add_ln58_5286" [firmware/nnet_utils/nnet_dense_latency.h:58]   --->   Operation 2780 'sext' 'sext_ln58_3639' <Predicate = true> <Delay = 0.00>
ST_31 : Operation 2781 [1/1] (0.00ns)   --->   "%sext_ln58_3640 = sext i19 %add_ln58_5287" [firmware/nnet_utils/nnet_dense_latency.h:58]   --->   Operation 2781 'sext' 'sext_ln58_3640' <Predicate = true> <Delay = 0.00>
ST_31 : Operation 2782 [1/1] (2.16ns)   --->   "%add_ln58_5288 = add i20 %sext_ln17_5299, i20 1048204" [firmware/nnet_utils/nnet_dense_latency.h:58]   --->   Operation 2782 'add' 'add_ln58_5288' <Predicate = true> <Delay = 2.16> <CoreInst = "Adder">   --->   Core 1 'Adder' <Latency = 0> <II = 1> <Delay = 2.16> <FuncUnit> <Opcode : 'add' 'sub'> <InPorts = 2> <OutPorts = 1>
ST_31 : Operation 2783 [1/1] (0.00ns)   --->   "%sext_ln58_3641 = sext i20 %add_ln58_5288" [firmware/nnet_utils/nnet_dense_latency.h:58]   --->   Operation 2783 'sext' 'sext_ln58_3641' <Predicate = true> <Delay = 0.00>
ST_31 : Operation 2784 [1/1] (0.00ns) (grouped into TernaryAdder)   --->   "%add_ln58_5289 = add i21 %sext_ln58_3641, i21 %sext_ln17_5283" [firmware/nnet_utils/nnet_dense_latency.h:58]   --->   Operation 2784 'add' 'add_ln58_5289' <Predicate = true> <Delay = 0.00> <CoreInst = "TAddSub">   --->   Core 10 'TAddSub' <Latency = 0> <II = 1> <Delay = 2.03> <IPBlock> <Opcode : '<invalid operator> ' 'add' 'sub'> <InPorts = 3> <OutPorts = 1> <Sync> <CReg>
ST_31 : Operation 2785 [1/1] (4.04ns) (root node of TernaryAdder)   --->   "%add_ln58_5290 = add i21 %add_ln58_5289, i21 %sext_ln58_3640" [firmware/nnet_utils/nnet_dense_latency.h:58]   --->   Operation 2785 'add' 'add_ln58_5290' <Predicate = true> <Delay = 4.04> <CoreInst = "TAddSub">   --->   Core 10 'TAddSub' <Latency = 0> <II = 1> <Delay = 2.03> <IPBlock> <Opcode : '<invalid operator> ' 'add' 'sub'> <InPorts = 3> <OutPorts = 1> <Sync> <CReg>
ST_31 : Operation 2786 [1/1] (0.00ns)   --->   "%sext_ln58_3642 = sext i21 %add_ln58_5290" [firmware/nnet_utils/nnet_dense_latency.h:58]   --->   Operation 2786 'sext' 'sext_ln58_3642' <Predicate = true> <Delay = 0.00>
ST_31 : Operation 2787 [1/1] (0.00ns) (grouped into TernaryAdder)   --->   "%add_ln58_5291 = add i23 %sext_ln58_3642, i23 %sext_ln58_3639" [firmware/nnet_utils/nnet_dense_latency.h:58]   --->   Operation 2787 'add' 'add_ln58_5291' <Predicate = true> <Delay = 0.00> <CoreInst = "TAddSub">   --->   Core 10 'TAddSub' <Latency = 0> <II = 1> <Delay = 2.03> <IPBlock> <Opcode : '<invalid operator> ' 'add' 'sub'> <InPorts = 3> <OutPorts = 1> <Sync> <CReg>
ST_31 : Operation 2788 [1/1] (4.10ns) (root node of TernaryAdder)   --->   "%add_ln58_5292 = add i23 %add_ln58_5291, i23 %sext_ln58_3636" [firmware/nnet_utils/nnet_dense_latency.h:58]   --->   Operation 2788 'add' 'add_ln58_5292' <Predicate = true> <Delay = 4.10> <CoreInst = "TAddSub">   --->   Core 10 'TAddSub' <Latency = 0> <II = 1> <Delay = 2.03> <IPBlock> <Opcode : '<invalid operator> ' 'add' 'sub'> <InPorts = 3> <OutPorts = 1> <Sync> <CReg>
ST_31 : Operation 2789 [1/1] (0.00ns)   --->   "%sext_ln58_3643 = sext i23 %add_ln58_5292" [firmware/nnet_utils/nnet_dense_latency.h:58]   --->   Operation 2789 'sext' 'sext_ln58_3643' <Predicate = true> <Delay = 0.00>
ST_31 : Operation 2790 [1/1] (2.31ns)   --->   "%add_ln58_5293 = add i25 %sext_ln58_3643, i25 %sext_ln58_3630" [firmware/nnet_utils/nnet_dense_latency.h:58]   --->   Operation 2790 'add' 'add_ln58_5293' <Predicate = true> <Delay = 2.31> <CoreInst = "Adder">   --->   Core 1 'Adder' <Latency = 0> <II = 1> <Delay = 2.31> <FuncUnit> <Opcode : 'add' 'sub'> <InPorts = 2> <OutPorts = 1>
ST_31 : Operation 2791 [1/1] (0.00ns)   --->   "%sext_ln58_3644 = sext i25 %add_ln58_5293" [firmware/nnet_utils/nnet_dense_latency.h:58]   --->   Operation 2791 'sext' 'sext_ln58_3644' <Predicate = true> <Delay = 0.00>
ST_31 : Operation 2792 [1/1] (0.00ns)   --->   "%sext_ln58_3659 = sext i24 %add_ln58_5308" [firmware/nnet_utils/nnet_dense_latency.h:58]   --->   Operation 2792 'sext' 'sext_ln58_3659' <Predicate = true> <Delay = 0.00>
ST_31 : Operation 2793 [1/1] (0.00ns)   --->   "%sext_ln58_3666 = sext i23 %add_ln58_5315" [firmware/nnet_utils/nnet_dense_latency.h:58]   --->   Operation 2793 'sext' 'sext_ln58_3666' <Predicate = true> <Delay = 0.00>
ST_31 : Operation 2794 [1/1] (0.00ns)   --->   "%sext_ln58_3667 = sext i20 %add_ln58_5316" [firmware/nnet_utils/nnet_dense_latency.h:58]   --->   Operation 2794 'sext' 'sext_ln58_3667' <Predicate = true> <Delay = 0.00>
ST_31 : Operation 2795 [1/1] (0.00ns)   --->   "%sext_ln58_3668 = sext i21 %add_ln58_5317" [firmware/nnet_utils/nnet_dense_latency.h:58]   --->   Operation 2795 'sext' 'sext_ln58_3668' <Predicate = true> <Delay = 0.00>
ST_31 : Operation 2796 [1/1] (0.00ns) (grouped into TernaryAdder)   --->   "%add_ln58_5318 = add i22 %sext_ln58_3668, i22 %sext_ln58_3667" [firmware/nnet_utils/nnet_dense_latency.h:58]   --->   Operation 2796 'add' 'add_ln58_5318' <Predicate = true> <Delay = 0.00> <CoreInst = "TAddSub">   --->   Core 10 'TAddSub' <Latency = 0> <II = 1> <Delay = 2.03> <IPBlock> <Opcode : '<invalid operator> ' 'add' 'sub'> <InPorts = 3> <OutPorts = 1> <Sync> <CReg>
ST_31 : Operation 2797 [1/1] (0.00ns)   --->   "%sext_ln58_3669 = sext i19 %add_ln58_5319" [firmware/nnet_utils/nnet_dense_latency.h:58]   --->   Operation 2797 'sext' 'sext_ln58_3669' <Predicate = true> <Delay = 0.00>
ST_31 : Operation 2798 [1/1] (2.13ns)   --->   "%add_ln58_5320 = add i19 %sext_ln17_5300, i19 9" [firmware/nnet_utils/nnet_dense_latency.h:58]   --->   Operation 2798 'add' 'add_ln58_5320' <Predicate = true> <Delay = 2.13> <CoreInst = "Adder">   --->   Core 1 'Adder' <Latency = 0> <II = 1> <Delay = 2.13> <FuncUnit> <Opcode : 'add' 'sub'> <InPorts = 2> <OutPorts = 1>
ST_31 : Operation 2799 [1/1] (0.00ns)   --->   "%sext_ln58_3670 = sext i19 %add_ln58_5320" [firmware/nnet_utils/nnet_dense_latency.h:58]   --->   Operation 2799 'sext' 'sext_ln58_3670' <Predicate = true> <Delay = 0.00>
ST_31 : Operation 2800 [1/1] (0.00ns) (grouped into TernaryAdder)   --->   "%add_ln58_5321 = add i21 %sext_ln58_3670, i21 %sext_ln17_5284" [firmware/nnet_utils/nnet_dense_latency.h:58]   --->   Operation 2800 'add' 'add_ln58_5321' <Predicate = true> <Delay = 0.00> <CoreInst = "TAddSub">   --->   Core 10 'TAddSub' <Latency = 0> <II = 1> <Delay = 2.03> <IPBlock> <Opcode : '<invalid operator> ' 'add' 'sub'> <InPorts = 3> <OutPorts = 1> <Sync> <CReg>
ST_31 : Operation 2801 [1/1] (4.04ns) (root node of TernaryAdder)   --->   "%add_ln58_5322 = add i21 %add_ln58_5321, i21 %sext_ln58_3669" [firmware/nnet_utils/nnet_dense_latency.h:58]   --->   Operation 2801 'add' 'add_ln58_5322' <Predicate = true> <Delay = 4.04> <CoreInst = "TAddSub">   --->   Core 10 'TAddSub' <Latency = 0> <II = 1> <Delay = 2.03> <IPBlock> <Opcode : '<invalid operator> ' 'add' 'sub'> <InPorts = 3> <OutPorts = 1> <Sync> <CReg>
ST_31 : Operation 2802 [1/1] (0.00ns)   --->   "%sext_ln58_3671 = sext i21 %add_ln58_5322" [firmware/nnet_utils/nnet_dense_latency.h:58]   --->   Operation 2802 'sext' 'sext_ln58_3671' <Predicate = true> <Delay = 0.00>
ST_31 : Operation 2803 [1/1] (4.07ns) (root node of TernaryAdder)   --->   "%add_ln58_5323 = add i22 %sext_ln58_3671, i22 %add_ln58_5318" [firmware/nnet_utils/nnet_dense_latency.h:58]   --->   Operation 2803 'add' 'add_ln58_5323' <Predicate = true> <Delay = 4.07> <CoreInst = "TAddSub">   --->   Core 10 'TAddSub' <Latency = 0> <II = 1> <Delay = 2.03> <IPBlock> <Opcode : '<invalid operator> ' 'add' 'sub'> <InPorts = 3> <OutPorts = 1> <Sync> <CReg>
ST_31 : Operation 2804 [1/1] (0.00ns)   --->   "%sext_ln58_3672 = sext i22 %add_ln58_5323" [firmware/nnet_utils/nnet_dense_latency.h:58]   --->   Operation 2804 'sext' 'sext_ln58_3672' <Predicate = true> <Delay = 0.00>
ST_31 : Operation 2805 [1/1] (2.28ns)   --->   "%add_ln58_5324 = add i24 %sext_ln58_3672, i24 %sext_ln58_3666" [firmware/nnet_utils/nnet_dense_latency.h:58]   --->   Operation 2805 'add' 'add_ln58_5324' <Predicate = true> <Delay = 2.28> <CoreInst = "Adder">   --->   Core 1 'Adder' <Latency = 0> <II = 1> <Delay = 2.28> <FuncUnit> <Opcode : 'add' 'sub'> <InPorts = 2> <OutPorts = 1>
ST_31 : Operation 2806 [1/1] (0.00ns)   --->   "%sext_ln58_3673 = sext i24 %add_ln58_5324" [firmware/nnet_utils/nnet_dense_latency.h:58]   --->   Operation 2806 'sext' 'sext_ln58_3673' <Predicate = true> <Delay = 0.00>
ST_31 : Operation 2807 [1/1] (2.31ns)   --->   "%add_ln58_5325 = add i25 %sext_ln58_3673, i25 %sext_ln58_3659" [firmware/nnet_utils/nnet_dense_latency.h:58]   --->   Operation 2807 'add' 'add_ln58_5325' <Predicate = true> <Delay = 2.31> <CoreInst = "Adder">   --->   Core 1 'Adder' <Latency = 0> <II = 1> <Delay = 2.31> <FuncUnit> <Opcode : 'add' 'sub'> <InPorts = 2> <OutPorts = 1>
ST_31 : Operation 2808 [1/1] (0.00ns)   --->   "%sext_ln68 = sext i25 %add_ln58_5325" [firmware/nnet_utils/nnet_dense_latency.h:68]   --->   Operation 2808 'sext' 'sext_ln68' <Predicate = true> <Delay = 0.00>
ST_31 : Operation 2809 [1/1] (0.00ns)   --->   "%mrv = insertvalue i512 <undef>, i32 %sext_ln58_3256" [firmware/nnet_utils/nnet_dense_latency.h:68]   --->   Operation 2809 'insertvalue' 'mrv' <Predicate = true> <Delay = 0.00>
ST_31 : Operation 2810 [1/1] (0.00ns)   --->   "%mrv_1 = insertvalue i512 %mrv, i32 %sext_ln58_3285" [firmware/nnet_utils/nnet_dense_latency.h:68]   --->   Operation 2810 'insertvalue' 'mrv_1' <Predicate = true> <Delay = 0.00>
ST_31 : Operation 2811 [1/1] (0.00ns)   --->   "%mrv_2 = insertvalue i512 %mrv_1, i32 %sext_ln58_3311" [firmware/nnet_utils/nnet_dense_latency.h:68]   --->   Operation 2811 'insertvalue' 'mrv_2' <Predicate = true> <Delay = 0.00>
ST_31 : Operation 2812 [1/1] (0.00ns)   --->   "%mrv_3 = insertvalue i512 %mrv_2, i32 %sext_ln58_3337" [firmware/nnet_utils/nnet_dense_latency.h:68]   --->   Operation 2812 'insertvalue' 'mrv_3' <Predicate = true> <Delay = 0.00>
ST_31 : Operation 2813 [1/1] (0.00ns)   --->   "%mrv_4 = insertvalue i512 %mrv_3, i32 %sext_ln58_3364" [firmware/nnet_utils/nnet_dense_latency.h:68]   --->   Operation 2813 'insertvalue' 'mrv_4' <Predicate = true> <Delay = 0.00>
ST_31 : Operation 2814 [1/1] (0.00ns)   --->   "%mrv_5 = insertvalue i512 %mrv_4, i32 %sext_ln58_3394" [firmware/nnet_utils/nnet_dense_latency.h:68]   --->   Operation 2814 'insertvalue' 'mrv_5' <Predicate = true> <Delay = 0.00>
ST_31 : Operation 2815 [1/1] (0.00ns)   --->   "%mrv_6 = insertvalue i512 %mrv_5, i32 %sext_ln58_3420" [firmware/nnet_utils/nnet_dense_latency.h:68]   --->   Operation 2815 'insertvalue' 'mrv_6' <Predicate = true> <Delay = 0.00>
ST_31 : Operation 2816 [1/1] (0.00ns)   --->   "%mrv_7 = insertvalue i512 %mrv_6, i32 %sext_ln58_3449" [firmware/nnet_utils/nnet_dense_latency.h:68]   --->   Operation 2816 'insertvalue' 'mrv_7' <Predicate = true> <Delay = 0.00>
ST_31 : Operation 2817 [1/1] (0.00ns)   --->   "%mrv_8 = insertvalue i512 %mrv_7, i32 %sext_ln58_3478" [firmware/nnet_utils/nnet_dense_latency.h:68]   --->   Operation 2817 'insertvalue' 'mrv_8' <Predicate = true> <Delay = 0.00>
ST_31 : Operation 2818 [1/1] (0.00ns)   --->   "%mrv_9 = insertvalue i512 %mrv_8, i32 %sext_ln58_3506" [firmware/nnet_utils/nnet_dense_latency.h:68]   --->   Operation 2818 'insertvalue' 'mrv_9' <Predicate = true> <Delay = 0.00>
ST_31 : Operation 2819 [1/1] (0.00ns)   --->   "%mrv_10 = insertvalue i512 %mrv_9, i32 %sext_ln58_3533" [firmware/nnet_utils/nnet_dense_latency.h:68]   --->   Operation 2819 'insertvalue' 'mrv_10' <Predicate = true> <Delay = 0.00>
ST_31 : Operation 2820 [1/1] (0.00ns)   --->   "%mrv_11 = insertvalue i512 %mrv_10, i32 %sext_ln58_3559" [firmware/nnet_utils/nnet_dense_latency.h:68]   --->   Operation 2820 'insertvalue' 'mrv_11' <Predicate = true> <Delay = 0.00>
ST_31 : Operation 2821 [1/1] (0.00ns)   --->   "%mrv_12 = insertvalue i512 %mrv_11, i32 %sext_ln58_3585" [firmware/nnet_utils/nnet_dense_latency.h:68]   --->   Operation 2821 'insertvalue' 'mrv_12' <Predicate = true> <Delay = 0.00>
ST_31 : Operation 2822 [1/1] (0.00ns)   --->   "%mrv_13 = insertvalue i512 %mrv_12, i32 %sext_ln58_3616" [firmware/nnet_utils/nnet_dense_latency.h:68]   --->   Operation 2822 'insertvalue' 'mrv_13' <Predicate = true> <Delay = 0.00>
ST_31 : Operation 2823 [1/1] (0.00ns)   --->   "%mrv_14 = insertvalue i512 %mrv_13, i32 %sext_ln58_3644" [firmware/nnet_utils/nnet_dense_latency.h:68]   --->   Operation 2823 'insertvalue' 'mrv_14' <Predicate = true> <Delay = 0.00>
ST_31 : Operation 2824 [1/1] (0.00ns)   --->   "%mrv_15 = insertvalue i512 %mrv_14, i32 %sext_ln68" [firmware/nnet_utils/nnet_dense_latency.h:68]   --->   Operation 2824 'insertvalue' 'mrv_15' <Predicate = true> <Delay = 0.00>
ST_31 : Operation 2825 [1/1] (0.00ns)   --->   "%ret_ln68 = ret i512 %mrv_15" [firmware/nnet_utils/nnet_dense_latency.h:68]   --->   Operation 2825 'ret' 'ret_ln68' <Predicate = true> <Delay = 0.00>


============================================================
+ Verbose Summary: Timing violations
============================================================
Target clock period: 100.000ns, clock uncertainty: 27.000ns.

 <State 1>: 5.580ns
The critical path consists of the following:
	wire read operation ('data_0_val_read', firmware/nnet_utils/nnet_mult.h:70->firmware/nnet_utils/nnet_dense_latency.h:42) on port 'data_0_val' (firmware/nnet_utils/nnet_mult.h:70->firmware/nnet_utils/nnet_dense_latency.h:42) [66]  (0.000 ns)
	'mul' operation ('mul_ln73', firmware/nnet_utils/nnet_mult.h:73->firmware/nnet_utils/nnet_dense_latency.h:42) [70]  (5.580 ns)

 <State 2>: 7.776ns
The critical path consists of the following:
	wire read operation ('data_1_val_read', firmware/nnet_utils/nnet_mult.h:70->firmware/nnet_utils/nnet_dense_latency.h:42) on port 'data_1_val' (firmware/nnet_utils/nnet_mult.h:70->firmware/nnet_utils/nnet_dense_latency.h:42) [65]  (0.000 ns)
	'mul' operation ('mul_ln73_4657', firmware/nnet_utils/nnet_mult.h:73->firmware/nnet_utils/nnet_dense_latency.h:42) [136]  (5.580 ns)
	'add' operation ('add_ln58_4942', firmware/nnet_utils/nnet_dense_latency.h:58) [2089]  (2.196 ns)

 <State 3>: 5.580ns
The critical path consists of the following:
	wire read operation ('data_2_val_read', firmware/nnet_utils/nnet_mult.h:70->firmware/nnet_utils/nnet_dense_latency.h:42) on port 'data_2_val' (firmware/nnet_utils/nnet_mult.h:70->firmware/nnet_utils/nnet_dense_latency.h:42) [64]  (0.000 ns)
	'mul' operation ('mul_ln73_4669', firmware/nnet_utils/nnet_mult.h:73->firmware/nnet_utils/nnet_dense_latency.h:42) [177]  (5.580 ns)

 <State 4>: 11.795ns
The critical path consists of the following:
	wire read operation ('data_3_val_read', firmware/nnet_utils/nnet_mult.h:70->firmware/nnet_utils/nnet_dense_latency.h:42) on port 'data_3_val' (firmware/nnet_utils/nnet_mult.h:70->firmware/nnet_utils/nnet_dense_latency.h:42) [63]  (0.000 ns)
	'mul' operation ('mul_ln73_4686', firmware/nnet_utils/nnet_mult.h:73->firmware/nnet_utils/nnet_dense_latency.h:42) [234]  (5.580 ns)
	'add' operation ('add_ln58_4847', firmware/nnet_utils/nnet_dense_latency.h:58) [1913]  (2.166 ns)
	'add' operation ('add_ln58_4848', firmware/nnet_utils/nnet_dense_latency.h:58) [1915]  (4.049 ns)

 <State 5>: 7.776ns
The critical path consists of the following:
	wire read operation ('data_5_val_read', firmware/nnet_utils/nnet_mult.h:70->firmware/nnet_utils/nnet_dense_latency.h:42) on port 'data_5_val' (firmware/nnet_utils/nnet_mult.h:70->firmware/nnet_utils/nnet_dense_latency.h:42) [61]  (0.000 ns)
	'mul' operation ('mul_ln73_4715', firmware/nnet_utils/nnet_mult.h:73->firmware/nnet_utils/nnet_dense_latency.h:42) [341]  (5.580 ns)
	'add' operation ('add_ln58_4817', firmware/nnet_utils/nnet_dense_latency.h:58) [1858]  (2.196 ns)

 <State 6>: 7.776ns
The critical path consists of the following:
	'mul' operation ('mul_ln73_4717', firmware/nnet_utils/nnet_mult.h:73->firmware/nnet_utils/nnet_dense_latency.h:42) [347]  (5.580 ns)
	'add' operation ('add_ln58_4881', firmware/nnet_utils/nnet_dense_latency.h:58) [1978]  (2.196 ns)

 <State 7>: 14.021ns
The critical path consists of the following:
	wire read operation ('data_7_val_read', firmware/nnet_utils/nnet_mult.h:70->firmware/nnet_utils/nnet_dense_latency.h:42) on port 'data_7_val' (firmware/nnet_utils/nnet_mult.h:70->firmware/nnet_utils/nnet_dense_latency.h:42) [59]  (0.000 ns)
	'mul' operation ('mul_ln73_4744', firmware/nnet_utils/nnet_mult.h:73->firmware/nnet_utils/nnet_dense_latency.h:42) [462]  (5.580 ns)
	'add' operation ('add_ln58_4850', firmware/nnet_utils/nnet_dense_latency.h:58) [1918]  (2.166 ns)
	'add' operation ('add_ln58_4851', firmware/nnet_utils/nnet_dense_latency.h:58) [1920]  (4.049 ns)
	'add' operation ('add_ln58_4852', firmware/nnet_utils/nnet_dense_latency.h:58) [1922]  (2.225 ns)

 <State 8>: 13.932ns
The critical path consists of the following:
	'mul' operation ('mul_ln73_4752', firmware/nnet_utils/nnet_mult.h:73->firmware/nnet_utils/nnet_dense_latency.h:42) [491]  (5.580 ns)
	'add' operation ('add_ln58_5138', firmware/nnet_utils/nnet_dense_latency.h:58) [2456]  (2.107 ns)
	'add' operation ('add_ln58_5139', firmware/nnet_utils/nnet_dense_latency.h:58) [2458]  (4.020 ns)
	'add' operation ('add_ln58_5140', firmware/nnet_utils/nnet_dense_latency.h:58) [2460]  (2.225 ns)

 <State 9>: 7.776ns
The critical path consists of the following:
	wire read operation ('data_9_val_read', firmware/nnet_utils/nnet_mult.h:70->firmware/nnet_utils/nnet_dense_latency.h:42) on port 'data_9_val' (firmware/nnet_utils/nnet_mult.h:70->firmware/nnet_utils/nnet_dense_latency.h:42) [57]  (0.000 ns)
	'mul' operation ('mul_ln73_4773', firmware/nnet_utils/nnet_mult.h:73->firmware/nnet_utils/nnet_dense_latency.h:42) [571]  (5.580 ns)
	'add' operation ('add_ln58_4821', firmware/nnet_utils/nnet_dense_latency.h:58) [1865]  (2.196 ns)

 <State 10>: 7.776ns
The critical path consists of the following:
	'mul' operation ('mul_ln73_4782', firmware/nnet_utils/nnet_mult.h:73->firmware/nnet_utils/nnet_dense_latency.h:42) [598]  (5.580 ns)
	'add' operation ('add_ln58_5109', firmware/nnet_utils/nnet_dense_latency.h:58) [2404]  (2.196 ns)

 <State 11>: 10.001ns
The critical path consists of the following:
	wire read operation ('data_11_val_read', firmware/nnet_utils/nnet_mult.h:70->firmware/nnet_utils/nnet_dense_latency.h:42) on port 'data_11_val' (firmware/nnet_utils/nnet_mult.h:70->firmware/nnet_utils/nnet_dense_latency.h:42) [55]  (0.000 ns)
	'mul' operation ('mul_ln73_4809', firmware/nnet_utils/nnet_mult.h:73->firmware/nnet_utils/nnet_dense_latency.h:42) [702]  (5.580 ns)
	'add' operation ('add_ln58_5014', firmware/nnet_utils/nnet_dense_latency.h:58) [2224]  (2.196 ns)
	'add' operation ('add_ln58_5015', firmware/nnet_utils/nnet_dense_latency.h:58) [2226]  (2.225 ns)

 <State 12>: 11.795ns
The critical path consists of the following:
	'mul' operation ('mul_ln73_4817', firmware/nnet_utils/nnet_mult.h:73->firmware/nnet_utils/nnet_dense_latency.h:42) [726]  (5.580 ns)
	'add' operation ('add_ln58_5270', firmware/nnet_utils/nnet_dense_latency.h:58) [2703]  (2.166 ns)
	'add' operation ('add_ln58_5271', firmware/nnet_utils/nnet_dense_latency.h:58) [2705]  (4.049 ns)

 <State 13>: 7.776ns
The critical path consists of the following:
	wire read operation ('data_13_val_read', firmware/nnet_utils/nnet_mult.h:70->firmware/nnet_utils/nnet_dense_latency.h:42) on port 'data_13_val' (firmware/nnet_utils/nnet_mult.h:70->firmware/nnet_utils/nnet_dense_latency.h:42) [53]  (0.000 ns)
	'mul' operation ('mul_ln73_4839', firmware/nnet_utils/nnet_mult.h:73->firmware/nnet_utils/nnet_dense_latency.h:42) [808]  (5.580 ns)
	'add' operation ('add_ln58_4984', firmware/nnet_utils/nnet_dense_latency.h:58) [2167]  (2.196 ns)

 <State 14>: 18.040ns
The critical path consists of the following:
	wire read operation ('data_14_val_read', firmware/nnet_utils/nnet_mult.h:70->firmware/nnet_utils/nnet_dense_latency.h:42) on port 'data_14_val' (firmware/nnet_utils/nnet_mult.h:70->firmware/nnet_utils/nnet_dense_latency.h:42) [52]  (0.000 ns)
	'mul' operation ('mul_ln73_4853', firmware/nnet_utils/nnet_mult.h:73->firmware/nnet_utils/nnet_dense_latency.h:42) [856]  (5.580 ns)
	'add' operation ('add_ln58_4921', firmware/nnet_utils/nnet_dense_latency.h:58) [2050]  (2.077 ns)
	'add' operation ('add_ln58_4922', firmware/nnet_utils/nnet_dense_latency.h:58) [2052]  (4.020 ns)
	'add' operation ('add_ln58_4923', firmware/nnet_utils/nnet_dense_latency.h:58) [2054]  (4.079 ns)
	'add' operation ('add_ln58_4924', firmware/nnet_utils/nnet_dense_latency.h:58) [2056]  (2.285 ns)

 <State 15>: 18.159ns
The critical path consists of the following:
	'mul' operation ('mul_ln73_4871', firmware/nnet_utils/nnet_mult.h:73->firmware/nnet_utils/nnet_dense_latency.h:42) [926]  (5.580 ns)
	'add' operation ('add_ln58_5049', firmware/nnet_utils/nnet_dense_latency.h:58) [2288]  (2.166 ns)
	'add' operation ('add_ln58_5050', firmware/nnet_utils/nnet_dense_latency.h:58) [2290]  (4.049 ns)
	'add' operation ('add_ln58_5051', firmware/nnet_utils/nnet_dense_latency.h:58) [2292]  (4.079 ns)
	'add' operation ('add_ln58_5052', firmware/nnet_utils/nnet_dense_latency.h:58) [2294]  (2.285 ns)

 <State 16>: 14.541ns
The critical path consists of the following:
	'mul' operation ('mul_ln73_4877', firmware/nnet_utils/nnet_mult.h:73->firmware/nnet_utils/nnet_dense_latency.h:42) [944]  (5.580 ns)
	'add' operation ('add_ln58_5241', firmware/nnet_utils/nnet_dense_latency.h:58) [2647]  (2.196 ns)
	'add' operation ('add_ln58_5242', firmware/nnet_utils/nnet_dense_latency.h:58) [2649]  (2.225 ns)
	'add' operation ('add_ln58_5243', firmware/nnet_utils/nnet_dense_latency.h:58) [2651]  (2.255 ns)
	'add' operation ('add_ln58_5244', firmware/nnet_utils/nnet_dense_latency.h:58) [2653]  (2.285 ns)

 <State 17>: 7.776ns
The critical path consists of the following:
	wire read operation ('data_17_val_read', firmware/nnet_utils/nnet_mult.h:70->firmware/nnet_utils/nnet_dense_latency.h:42) on port 'data_17_val' (firmware/nnet_utils/nnet_mult.h:70->firmware/nnet_utils/nnet_dense_latency.h:42) [49]  (0.000 ns)
	'mul' operation ('mul_ln73_4895', firmware/nnet_utils/nnet_mult.h:73->firmware/nnet_utils/nnet_dense_latency.h:42) [1023]  (5.580 ns)
	'add' operation ('add_ln58_4861', firmware/nnet_utils/nnet_dense_latency.h:58) [1939]  (2.196 ns)

 <State 18>: 10.001ns
The critical path consists of the following:
	wire read operation ('data_19_val_read', firmware/nnet_utils/nnet_mult.h:70->firmware/nnet_utils/nnet_dense_latency.h:42) on port 'data_19_val' (firmware/nnet_utils/nnet_mult.h:70->firmware/nnet_utils/nnet_dense_latency.h:42) [47]  (0.000 ns)
	'mul' operation ('mul_ln73_4924', firmware/nnet_utils/nnet_mult.h:73->firmware/nnet_utils/nnet_dense_latency.h:42) [1141]  (5.580 ns)
	'add' operation ('add_ln58_4862', firmware/nnet_utils/nnet_dense_latency.h:58) [1941]  (2.196 ns)
	'add' operation ('add_ln58_4863', firmware/nnet_utils/nnet_dense_latency.h:58) [1943]  (2.225 ns)

 <State 19>: 11.795ns
The critical path consists of the following:
	'mul' operation ('mul_ln73_4927', firmware/nnet_utils/nnet_mult.h:73->firmware/nnet_utils/nnet_dense_latency.h:42) [1150]  (5.580 ns)
	'add' operation ('add_ln58_4958', firmware/nnet_utils/nnet_dense_latency.h:58) [2119]  (2.166 ns)
	'add' operation ('add_ln58_4959', firmware/nnet_utils/nnet_dense_latency.h:58) [2121]  (4.049 ns)

 <State 20>: 7.746ns
The critical path consists of the following:
	wire read operation ('data_21_val_read', firmware/nnet_utils/nnet_mult.h:70->firmware/nnet_utils/nnet_dense_latency.h:42) on port 'data_21_val' (firmware/nnet_utils/nnet_mult.h:70->firmware/nnet_utils/nnet_dense_latency.h:42) [45]  (0.000 ns)
	'mul' operation ('mul_ln73_4955', firmware/nnet_utils/nnet_mult.h:73->firmware/nnet_utils/nnet_dense_latency.h:42) [1242]  (5.580 ns)
	'add' operation ('add_ln58_4832', firmware/nnet_utils/nnet_dense_latency.h:58) [1885]  (2.166 ns)

 <State 21>: 12.138ns
The critical path consists of the following:
	wire read operation ('data_22_val_read', firmware/nnet_utils/nnet_mult.h:70->firmware/nnet_utils/nnet_dense_latency.h:42) on port 'data_22_val' (firmware/nnet_utils/nnet_mult.h:70->firmware/nnet_utils/nnet_dense_latency.h:42) [44]  (0.000 ns)
	'mul' operation ('mul_ln73_4971', firmware/nnet_utils/nnet_mult.h:73->firmware/nnet_utils/nnet_dense_latency.h:42) [1294]  (5.580 ns)
	'add' operation ('add_ln58_4833', firmware/nnet_utils/nnet_dense_latency.h:58) [1887]  (2.136 ns)
	'add' operation ('add_ln58_4834', firmware/nnet_utils/nnet_dense_latency.h:58) [1889]  (2.196 ns)
	'add' operation ('add_ln58_4835', firmware/nnet_utils/nnet_dense_latency.h:58) [1891]  (2.225 ns)

 <State 22>: 12.256ns
The critical path consists of the following:
	'mul' operation ('mul_ln73_4973', firmware/nnet_utils/nnet_mult.h:73->firmware/nnet_utils/nnet_dense_latency.h:42) [1300]  (5.580 ns)
	'add' operation ('add_ln58_4897', firmware/nnet_utils/nnet_dense_latency.h:58) [2008]  (2.196 ns)
	'add' operation ('add_ln58_4898', firmware/nnet_utils/nnet_dense_latency.h:58) [2010]  (2.225 ns)
	'add' operation ('add_ln58_4899', firmware/nnet_utils/nnet_dense_latency.h:58) [2012]  (2.255 ns)

 <State 23>: 12.256ns
The critical path consists of the following:
	'mul' operation ('mul_ln73_4991', firmware/nnet_utils/nnet_mult.h:73->firmware/nnet_utils/nnet_dense_latency.h:42) [1365]  (5.580 ns)
	'add' operation ('add_ln58_4993', firmware/nnet_utils/nnet_dense_latency.h:58) [2185]  (2.196 ns)
	'add' operation ('add_ln58_4994', firmware/nnet_utils/nnet_dense_latency.h:58) [2187]  (2.225 ns)
	'add' operation ('add_ln58_4995', firmware/nnet_utils/nnet_dense_latency.h:58) [2189]  (2.255 ns)

 <State 24>: 7.776ns
The critical path consists of the following:
	wire read operation ('data_25_val_read', firmware/nnet_utils/nnet_mult.h:70->firmware/nnet_utils/nnet_dense_latency.h:42) on port 'data_25_val' (firmware/nnet_utils/nnet_mult.h:70->firmware/nnet_utils/nnet_dense_latency.h:42) [41]  (0.000 ns)
	'mul' operation ('mul_ln73_5019', firmware/nnet_utils/nnet_mult.h:73->firmware/nnet_utils/nnet_dense_latency.h:42) [1476]  (5.580 ns)
	'add' operation ('add_ln58_4932', firmware/nnet_utils/nnet_dense_latency.h:58) [2071]  (2.196 ns)

 <State 25>: 7.776ns
The critical path consists of the following:
	'mul' operation ('mul_ln73_5021', firmware/nnet_utils/nnet_mult.h:73->firmware/nnet_utils/nnet_dense_latency.h:42) [1482]  (5.580 ns)
	'add' operation ('add_ln58_4996', firmware/nnet_utils/nnet_dense_latency.h:58) [2191]  (2.196 ns)

 <State 26>: 11.766ns
The critical path consists of the following:
	wire read operation ('data_27_val_read', firmware/nnet_utils/nnet_mult.h:70->firmware/nnet_utils/nnet_dense_latency.h:42) on port 'data_27_val' (firmware/nnet_utils/nnet_mult.h:70->firmware/nnet_utils/nnet_dense_latency.h:42) [39]  (0.000 ns)
	'mul' operation ('mul_ln73_5048', firmware/nnet_utils/nnet_mult.h:73->firmware/nnet_utils/nnet_dense_latency.h:42) [1601]  (5.580 ns)
	'add' operation ('add_ln58_4965', firmware/nnet_utils/nnet_dense_latency.h:58) [2131]  (2.136 ns)
	'add' operation ('add_ln58_4966', firmware/nnet_utils/nnet_dense_latency.h:58) [2133]  (4.049 ns)

 <State 27>: 11.766ns
The critical path consists of the following:
	'mul' operation ('mul_ln73_5054', firmware/nnet_utils/nnet_mult.h:73->firmware/nnet_utils/nnet_dense_latency.h:42) [1619]  (5.580 ns)
	'add' operation ('add_ln58_5157', firmware/nnet_utils/nnet_dense_latency.h:58) [2492]  (2.136 ns)
	'add' operation ('add_ln58_5158', firmware/nnet_utils/nnet_dense_latency.h:58) [2494]  (4.049 ns)

 <State 28>: 7.776ns
The critical path consists of the following:
	wire read operation ('data_29_val_read', firmware/nnet_utils/nnet_mult.h:70->firmware/nnet_utils/nnet_dense_latency.h:42) on port 'data_29_val' (firmware/nnet_utils/nnet_mult.h:70->firmware/nnet_utils/nnet_dense_latency.h:42) [37]  (0.000 ns)
	'mul' operation ('mul_ln73_5076', firmware/nnet_utils/nnet_mult.h:73->firmware/nnet_utils/nnet_dense_latency.h:42) [1694]  (5.580 ns)
	'add' operation ('add_ln58_4839', firmware/nnet_utils/nnet_dense_latency.h:58) [1899]  (2.196 ns)

 <State 29>: 16.856ns
The critical path consists of the following:
	wire read operation ('data_30_val_read', firmware/nnet_utils/nnet_mult.h:70->firmware/nnet_utils/nnet_dense_latency.h:42) on port 'data_30_val' (firmware/nnet_utils/nnet_mult.h:70->firmware/nnet_utils/nnet_dense_latency.h:42) [36]  (0.000 ns)
	'mul' operation ('mul_ln73_5092', firmware/nnet_utils/nnet_mult.h:73->firmware/nnet_utils/nnet_dense_latency.h:42) [1752]  (5.580 ns)
	'add' operation ('add_ln58_4873', firmware/nnet_utils/nnet_dense_latency.h:58) [1963]  (2.196 ns)
	'add' operation ('add_ln58_4874', firmware/nnet_utils/nnet_dense_latency.h:58) [1965]  (2.225 ns)
	'add' operation ('add_ln58_4875', firmware/nnet_utils/nnet_dense_latency.h:58) [1967]  (2.255 ns)
	'add' operation ('add_ln58_4876', firmware/nnet_utils/nnet_dense_latency.h:58) [1969]  (2.285 ns)
	'add' operation ('add_ln58_4877', firmware/nnet_utils/nnet_dense_latency.h:58) [1971]  (2.314 ns)

 <State 30>: 20.503ns
The critical path consists of the following:
	'mul' operation ('mul_ln73_5108', firmware/nnet_utils/nnet_mult.h:73->firmware/nnet_utils/nnet_dense_latency.h:42) [1810]  (5.580 ns)
	'add' operation ('add_ln58_4904', firmware/nnet_utils/nnet_dense_latency.h:58) [2021]  (2.196 ns)
	'add' operation ('add_ln58_4905', firmware/nnet_utils/nnet_dense_latency.h:58) [2022]  (0.000 ns)
	'add' operation ('add_ln58_4906', firmware/nnet_utils/nnet_dense_latency.h:58) [2023]  (4.049 ns)
	'add' operation ('add_ln58_4907', firmware/nnet_utils/nnet_dense_latency.h:58) [2025]  (4.079 ns)
	'add' operation ('add_ln58_4908', firmware/nnet_utils/nnet_dense_latency.h:58) [2027]  (2.285 ns)
	'add' operation ('add_ln58_4909', firmware/nnet_utils/nnet_dense_latency.h:58) [2029]  (2.314 ns)

 <State 31>: 20.443ns
The critical path consists of the following:
	'mul' operation ('mul_ln73_5121', firmware/nnet_utils/nnet_mult.h:73->firmware/nnet_utils/nnet_dense_latency.h:42) [1849]  (5.580 ns)
	'add' operation ('add_ln58_5320', firmware/nnet_utils/nnet_dense_latency.h:58) [2799]  (2.136 ns)
	'add' operation ('add_ln58_5321', firmware/nnet_utils/nnet_dense_latency.h:58) [2801]  (0.000 ns)
	'add' operation ('add_ln58_5322', firmware/nnet_utils/nnet_dense_latency.h:58) [2802]  (4.049 ns)
	'add' operation ('add_ln58_5323', firmware/nnet_utils/nnet_dense_latency.h:58) [2804]  (4.079 ns)
	'add' operation ('add_ln58_5324', firmware/nnet_utils/nnet_dense_latency.h:58) [2806]  (2.285 ns)
	'add' operation ('add_ln58_5325', firmware/nnet_utils/nnet_dense_latency.h:58) [2808]  (2.314 ns)


============================================================
+ Verbose Summary: Binding
============================================================
N/A
* FSMD analyzer results:
  - Output states:
 - Input state : 
  - Chain level:
	State 1
	State 2
	State 3
	State 4
	State 5
	State 6
	State 7
	State 8
	State 9
	State 10
	State 11
	State 12
	State 13
	State 14
	State 15
	State 16
	State 17
	State 18
	State 19
	State 20
	State 21
	State 22
	State 23
	State 24
	State 25
	State 26
	State 27
	State 28
	State 29
	State 30
	State 31


============================================================
+ Verbose Summary: Datapath Resource usage 
============================================================
N/A
