

================================================================
== Vitis HLS Report for 'myproject'
================================================================
* Date:           Sat Nov 15 22:41:53 2025

* Version:        2023.1 (Build 3854077 on May  4 2023)
* Project:        myproject_prj
* Solution:       solution1 (Vivado IP Flow Target)
* Product family: zynq
* Target device:  xc7z020-clg400-1


================================================================
== Performance Estimates
================================================================
+ Timing: 
    * Summary: 
    +--------+---------+-----------+------------+
    |  Clock |  Target | Estimated | Uncertainty|
    +--------+---------+-----------+------------+
    |ap_clk  |  0.10 us|  66.944 ns|    27.00 ns|
    +--------+---------+-----------+------------+

+ Latency: 
    * Summary: 
    +---------+---------+-----------+-----------+-----+-----+---------+
    |  Latency (cycles) |   Latency (absolute)  |  Interval | Pipeline|
    |   min   |   max   |    min    |    max    | min | max |   Type  |
    +---------+---------+-----------+-----------+-----+-----+---------+
    |      105|      105|  10.500 us|  10.500 us|   31|   31|      yes|
    +---------+---------+-----------+-----------+-----+-----+---------+

    + Detail: 
        * Instance: 
        +-------------------------------------------------------------------------------+--------------------------------------------------------------------+---------+---------+----------+----------+-----+-----+---------+
        |                                                                               |                                                                    |  Latency (cycles) |  Latency (absolute) |  Interval | Pipeline|
        |                                    Instance                                   |                               Module                               |   min   |   max   |    min   |    max   | min | max |   Type  |
        +-------------------------------------------------------------------------------+--------------------------------------------------------------------+---------+---------+----------+----------+-----+-----+---------+
        |grp_dense_latency_ap_fixed_32_16_5_3_0_ap_fixed_32_18_5_3_0_config2_s_fu_57    |dense_latency_ap_fixed_32_16_5_3_0_ap_fixed_32_18_5_3_0_config2_s   |       30|       30|  3.000 us|  3.000 us|   31|   31|      yes|
        |call_ret2_relu_ap_fixed_32_18_5_3_0_ap_fixed_16_6_5_3_0_relu_config3_s_fu_63   |relu_ap_fixed_32_18_5_3_0_ap_fixed_16_6_5_3_0_relu_config3_s        |        0|        0|      0 ns|      0 ns|    1|    1|      yes|
        |grp_dense_latency_ap_fixed_16_6_5_3_0_ap_fixed_32_18_5_3_0_config4_s_fu_131    |dense_latency_ap_fixed_16_6_5_3_0_ap_fixed_32_18_5_3_0_config4_s    |       30|       30|  3.000 us|  3.000 us|   31|   31|      yes|
        |call_ret4_relu_ap_fixed_32_18_5_3_0_ap_fixed_16_6_5_3_0_relu_config5_s_fu_199  |relu_ap_fixed_32_18_5_3_0_ap_fixed_16_6_5_3_0_relu_config5_s        |        0|        0|      0 ns|      0 ns|    1|    1|      yes|
        |grp_dense_latency_ap_fixed_16_6_5_3_0_ap_fixed_32_18_5_3_0_config6_s_fu_235    |dense_latency_ap_fixed_16_6_5_3_0_ap_fixed_32_18_5_3_0_config6_s    |       30|       30|  3.000 us|  3.000 us|   31|   31|      yes|
        |call_ret6_relu_ap_fixed_32_18_5_3_0_ap_fixed_16_6_5_3_0_relu_config7_s_fu_271  |relu_ap_fixed_32_18_5_3_0_ap_fixed_16_6_5_3_0_relu_config7_s        |        0|        0|      0 ns|      0 ns|    1|    1|      yes|
        |grp_dense_latency_ap_fixed_16_6_5_3_0_ap_fixed_32_18_5_3_0_config8_s_fu_291    |dense_latency_ap_fixed_16_6_5_3_0_ap_fixed_32_18_5_3_0_config8_s    |       14|       14|  1.400 us|  1.400 us|   15|   15|      yes|
        |grp_sigmoid_ap_fixed_32_18_5_3_0_ap_fixed_16_6_5_3_0_sigmoid_config9_s_fu_311  |sigmoid_ap_fixed_32_18_5_3_0_ap_fixed_16_6_5_3_0_sigmoid_config9_s  |        1|        1|  0.100 us|  0.100 us|    1|    1|      yes|
        +-------------------------------------------------------------------------------+--------------------------------------------------------------------+---------+---------+----------+----------+-----+-----+---------+

        * Loop: 
        N/A



================================================================
== Utilization Estimates
================================================================
* Summary: 
+-----------------+---------+-----+--------+--------+-----+
|       Name      | BRAM_18K| DSP |   FF   |   LUT  | URAM|
+-----------------+---------+-----+--------+--------+-----+
|DSP              |        -|    -|       -|       -|    -|
|Expression       |        -|    -|       0|       6|    -|
|FIFO             |        -|    -|       -|       -|    -|
|Instance         |        1|  381|  118058|  318956|    -|
|Memory           |        -|    -|       -|       -|    -|
|Multiplexer      |        -|    -|       -|     196|    -|
|Register         |        -|    -|    2441|       -|    -|
+-----------------+---------+-----+--------+--------+-----+
|Total            |        1|  381|  120499|  319158|    0|
+-----------------+---------+-----+--------+--------+-----+
|Available        |      280|  220|  106400|   53200|    0|
+-----------------+---------+-----+--------+--------+-----+
|Utilization (%)  |       ~0|  173|     113|     599|    0|
+-----------------+---------+-----+--------+--------+-----+

+ Detail: 
    * Instance: 
    +-------------------------------------------------------------------------------+--------------------------------------------------------------------+---------+-----+-------+--------+-----+
    |                                    Instance                                   |                               Module                               | BRAM_18K| DSP |   FF  |   LUT  | URAM|
    +-------------------------------------------------------------------------------+--------------------------------------------------------------------+---------+-----+-------+--------+-----+
    |grp_dense_latency_ap_fixed_16_6_5_3_0_ap_fixed_32_18_5_3_0_config4_s_fu_131    |dense_latency_ap_fixed_16_6_5_3_0_ap_fixed_32_18_5_3_0_config4_s    |        0|   64|  26600|   75134|    0|
    |grp_dense_latency_ap_fixed_16_6_5_3_0_ap_fixed_32_18_5_3_0_config6_s_fu_235    |dense_latency_ap_fixed_16_6_5_3_0_ap_fixed_32_18_5_3_0_config6_s    |        0|   16|   9030|   19154|    0|
    |grp_dense_latency_ap_fixed_16_6_5_3_0_ap_fixed_32_18_5_3_0_config8_s_fu_291    |dense_latency_ap_fixed_16_6_5_3_0_ap_fixed_32_18_5_3_0_config8_s    |        0|    1|    439|     660|    0|
    |grp_dense_latency_ap_fixed_32_16_5_3_0_ap_fixed_32_18_5_3_0_config2_s_fu_57    |dense_latency_ap_fixed_32_16_5_3_0_ap_fixed_32_18_5_3_0_config2_s   |        0|  300|  81987|  217592|    0|
    |call_ret2_relu_ap_fixed_32_18_5_3_0_ap_fixed_16_6_5_3_0_relu_config3_s_fu_63   |relu_ap_fixed_32_18_5_3_0_ap_fixed_16_6_5_3_0_relu_config3_s        |        0|    0|      0|    3520|    0|
    |call_ret4_relu_ap_fixed_32_18_5_3_0_ap_fixed_16_6_5_3_0_relu_config5_s_fu_199  |relu_ap_fixed_32_18_5_3_0_ap_fixed_16_6_5_3_0_relu_config5_s        |        0|    0|      0|    1760|    0|
    |call_ret6_relu_ap_fixed_32_18_5_3_0_ap_fixed_16_6_5_3_0_relu_config7_s_fu_271  |relu_ap_fixed_32_18_5_3_0_ap_fixed_16_6_5_3_0_relu_config7_s        |        0|    0|      0|     880|    0|
    |grp_sigmoid_ap_fixed_32_18_5_3_0_ap_fixed_16_6_5_3_0_sigmoid_config9_s_fu_311  |sigmoid_ap_fixed_32_18_5_3_0_ap_fixed_16_6_5_3_0_sigmoid_config9_s  |        1|    0|      2|     256|    0|
    +-------------------------------------------------------------------------------+--------------------------------------------------------------------+---------+-----+-------+--------+-----+
    |Total                                                                          |                                                                    |        1|  381| 118058|  318956|    0|
    +-------------------------------------------------------------------------------+--------------------------------------------------------------------+---------+-----+-------+--------+-----+

    * DSP: 
    N/A

    * Memory: 
    N/A

    * FIFO: 
    N/A

    * Expression: 
    +--------------------------------------------------------------------------------------+----------+----+---+----+------------+------------+
    |                                     Variable Name                                    | Operation| DSP| FF| LUT| Bitwidth P0| Bitwidth P1|
    +--------------------------------------------------------------------------------------+----------+----+---+----+------------+------------+
    |ap_block_pp0_stage0_11001                                                             |       and|   0|  0|   2|           1|           1|
    |grp_dense_latency_ap_fixed_32_16_5_3_0_ap_fixed_32_18_5_3_0_config2_s_fu_57_ap_start  |        or|   0|  0|   2|           1|           1|
    |ap_enable_pp0                                                                         |       xor|   0|  0|   2|           1|           2|
    +--------------------------------------------------------------------------------------+----------+----+---+----+------------+------------+
    |Total                                                                                 |          |   0|  0|   6|           3|           4|
    +--------------------------------------------------------------------------------------+----------+----+---+----+------------+------------+

    * Multiplexer: 
    +------------------------------+-----+-----------+------+-----------+
    |             Name             | LUT | Input Size| Bits | Total Bits|
    +------------------------------+-----+-----------+------+-----------+
    |ap_NS_fsm                     |  142|         32|     1|         32|
    |ap_enable_reg_pp0_iter0       |    9|          2|     1|          2|
    |ap_enable_reg_pp0_iter3       |    9|          2|     1|          2|
    |hidden_1_input_ap_vld_in_sig  |    9|          2|     1|          2|
    |hidden_1_input_ap_vld_preg    |    9|          2|     1|          2|
    |hidden_1_input_blk_n          |    9|          2|     1|          2|
    |hidden_1_input_in_sig         |    9|          2|  2400|       4800|
    +------------------------------+-----+-----------+------+-----------+
    |Total                         |  196|         44|  2406|       4842|
    +------------------------------+-----+-----------+------+-----------+

    * Register: 
    +--------------------------------------------------------------------------------------------+------+----+------+-----------+
    |                                            Name                                            |  FF  | LUT| Bits | Const Bits|
    +--------------------------------------------------------------------------------------------+------+----+------+-----------+
    |ap_CS_fsm                                                                                   |    31|   0|    31|          0|
    |ap_enable_reg_pp0_iter0_reg                                                                 |     1|   0|     1|          0|
    |ap_enable_reg_pp0_iter1                                                                     |     1|   0|     1|          0|
    |ap_enable_reg_pp0_iter2                                                                     |     1|   0|     1|          0|
    |ap_enable_reg_pp0_iter3                                                                     |     1|   0|     1|          0|
    |grp_dense_latency_ap_fixed_16_6_5_3_0_ap_fixed_32_18_5_3_0_config4_s_fu_131_ap_start_reg    |     1|   0|     1|          0|
    |grp_dense_latency_ap_fixed_16_6_5_3_0_ap_fixed_32_18_5_3_0_config6_s_fu_235_ap_start_reg    |     1|   0|     1|          0|
    |grp_dense_latency_ap_fixed_16_6_5_3_0_ap_fixed_32_18_5_3_0_config8_s_fu_291_ap_start_reg    |     1|   0|     1|          0|
    |grp_dense_latency_ap_fixed_32_16_5_3_0_ap_fixed_32_18_5_3_0_config2_s_fu_57_ap_start_reg    |     1|   0|     1|          0|
    |grp_sigmoid_ap_fixed_32_18_5_3_0_ap_fixed_16_6_5_3_0_sigmoid_config9_s_fu_311_ap_start_reg  |     1|   0|     1|          0|
    |hidden_1_input_ap_vld_preg                                                                  |     1|   0|     1|          0|
    |hidden_1_input_preg                                                                         |  2400|   0|  2400|          0|
    +--------------------------------------------------------------------------------------------+------+----+------+-----------+
    |Total                                                                                       |  2441|   0|  2441|          0|
    +--------------------------------------------------------------------------------------------+------+----+------+-----------+



================================================================
== Interface
================================================================
* Summary: 
+-----------------------+-----+------+------------+----------------+--------------+
|       RTL Ports       | Dir | Bits |  Protocol  |  Source Object |    C Type    |
+-----------------------+-----+------+------------+----------------+--------------+
|ap_clk                 |   in|     1|  ap_ctrl_hs|       myproject|  return value|
|ap_rst                 |   in|     1|  ap_ctrl_hs|       myproject|  return value|
|ap_start               |   in|     1|  ap_ctrl_hs|       myproject|  return value|
|ap_done                |  out|     1|  ap_ctrl_hs|       myproject|  return value|
|ap_idle                |  out|     1|  ap_ctrl_hs|       myproject|  return value|
|ap_ready               |  out|     1|  ap_ctrl_hs|       myproject|  return value|
|hidden_1_input         |   in|  2400|      ap_vld|  hidden_1_input|       pointer|
|hidden_1_input_ap_vld  |   in|     1|      ap_vld|  hidden_1_input|       pointer|
|layer9_out             |  out|    16|      ap_vld|      layer9_out|       pointer|
|layer9_out_ap_vld      |  out|     1|      ap_vld|      layer9_out|       pointer|
+-----------------------+-----+------+------------+----------------+--------------+

============================================================
+ Verbose Summary: Synthesis Manager
============================================================
InlineROM: 1
ExposeGlobal: 0
============================================================
+ Verbose Summary: CDFG Model
============================================================
IsTopModel: 1
ResetActiveHigh: 1
IsCombinational: 2
IsDatapathOnly: 2
HasWiredReturn: 1
HasMFsm: 2
HasVarLatency: 0
IsPipeline: 1
IsRtlPipelined: 1
IsInstanceOverlapped: 0
IsDontTouch: 0
HasImplIP: 0
IsGatedGlobalClock: 0

+ Individual pipeline summary: 
  * Pipeline-0: initiation interval (II) = 31, depth = 106


============================================================
+ Verbose Summary: Schedule
============================================================
* Number of FSM states : 106
* Pipeline : 1
  Pipeline-0 : II = 31, D = 106, States = { 1 2 3 4 5 6 7 8 9 10 11 12 13 14 15 16 17 18 19 20 21 22 23 24 25 26 27 28 29 30 31 32 33 34 35 36 37 38 39 40 41 42 43 44 45 46 47 48 49 50 51 52 53 54 55 56 57 58 59 60 61 62 63 64 65 66 67 68 69 70 71 72 73 74 75 76 77 78 79 80 81 82 83 84 85 86 87 88 89 90 91 92 93 94 95 96 97 98 99 100 101 102 103 104 105 106 }
* Dataflow Pipeline: 0

* FSM state transitions: 
1 --> 2 
2 --> 3 
3 --> 4 
4 --> 5 
5 --> 6 
6 --> 7 
7 --> 8 
8 --> 9 
9 --> 10 
10 --> 11 
11 --> 12 
12 --> 13 
13 --> 14 
14 --> 15 
15 --> 16 
16 --> 17 
17 --> 18 
18 --> 19 
19 --> 20 
20 --> 21 
21 --> 22 
22 --> 23 
23 --> 24 
24 --> 25 
25 --> 26 
26 --> 27 
27 --> 28 
28 --> 29 
29 --> 30 
30 --> 31 
31 --> 32 
32 --> 33 
33 --> 34 
34 --> 35 
35 --> 36 
36 --> 37 
37 --> 38 
38 --> 39 
39 --> 40 
40 --> 41 
41 --> 42 
42 --> 43 
43 --> 44 
44 --> 45 
45 --> 46 
46 --> 47 
47 --> 48 
48 --> 49 
49 --> 50 
50 --> 51 
51 --> 52 
52 --> 53 
53 --> 54 
54 --> 55 
55 --> 56 
56 --> 57 
57 --> 58 
58 --> 59 
59 --> 60 
60 --> 61 
61 --> 62 
62 --> 63 
63 --> 64 
64 --> 65 
65 --> 66 
66 --> 67 
67 --> 68 
68 --> 69 
69 --> 70 
70 --> 71 
71 --> 72 
72 --> 73 
73 --> 74 
74 --> 75 
75 --> 76 
76 --> 77 
77 --> 78 
78 --> 79 
79 --> 80 
80 --> 81 
81 --> 82 
82 --> 83 
83 --> 84 
84 --> 85 
85 --> 86 
86 --> 87 
87 --> 88 
88 --> 89 
89 --> 90 
90 --> 91 
91 --> 92 
92 --> 93 
93 --> 94 
94 --> 95 
95 --> 96 
96 --> 97 
97 --> 98 
98 --> 99 
99 --> 100 
100 --> 101 
101 --> 102 
102 --> 103 
103 --> 104 
104 --> 105 
105 --> 106 
106 --> 

* FSM state operations: 

State 1 <SV = 0> <Delay = 16.3>
ST_1 : Operation 107 [1/1] (0.00ns)   --->   "%hidden_1_input_read = read i2400 @_ssdm_op_Read.ap_vld.i2400P0A, i2400 %hidden_1_input"   --->   Operation 107 'read' 'hidden_1_input_read' <Predicate = true> <Delay = 0.00>
ST_1 : Operation 108 [31/31] (16.3ns)   --->   "%call_ret1 = call i2048 @dense_latency<ap_fixed<32, 16, 5, 3, 0>, ap_fixed<32, 18, 5, 3, 0>, config2>, i2400 %hidden_1_input_read" [firmware/nnet_utils/nnet_dense.h:54->firmware/nnet_utils/nnet_dense.h:45->firmware/myproject.cpp:40]   --->   Operation 108 'call' 'call_ret1' <Predicate = true> <Delay = 16.3> <CoreType = "Generic">   --->   Core 0 '' <Latency = 0> <II = 1> <Delay = 1.00> <Generic> <Opcode : >

State 2 <SV = 1> <Delay = 35.0>
ST_2 : Operation 109 [30/31] (35.0ns)   --->   "%call_ret1 = call i2048 @dense_latency<ap_fixed<32, 16, 5, 3, 0>, ap_fixed<32, 18, 5, 3, 0>, config2>, i2400 %hidden_1_input_read" [firmware/nnet_utils/nnet_dense.h:54->firmware/nnet_utils/nnet_dense.h:45->firmware/myproject.cpp:40]   --->   Operation 109 'call' 'call_ret1' <Predicate = true> <Delay = 35.0> <CoreType = "Generic">   --->   Core 0 '' <Latency = 0> <II = 1> <Delay = 1.00> <Generic> <Opcode : >

State 3 <SV = 2> <Delay = 35.0>
ST_3 : Operation 110 [29/31] (35.0ns)   --->   "%call_ret1 = call i2048 @dense_latency<ap_fixed<32, 16, 5, 3, 0>, ap_fixed<32, 18, 5, 3, 0>, config2>, i2400 %hidden_1_input_read" [firmware/nnet_utils/nnet_dense.h:54->firmware/nnet_utils/nnet_dense.h:45->firmware/myproject.cpp:40]   --->   Operation 110 'call' 'call_ret1' <Predicate = true> <Delay = 35.0> <CoreType = "Generic">   --->   Core 0 '' <Latency = 0> <II = 1> <Delay = 1.00> <Generic> <Opcode : >

State 4 <SV = 3> <Delay = 35.0>
ST_4 : Operation 111 [28/31] (35.0ns)   --->   "%call_ret1 = call i2048 @dense_latency<ap_fixed<32, 16, 5, 3, 0>, ap_fixed<32, 18, 5, 3, 0>, config2>, i2400 %hidden_1_input_read" [firmware/nnet_utils/nnet_dense.h:54->firmware/nnet_utils/nnet_dense.h:45->firmware/myproject.cpp:40]   --->   Operation 111 'call' 'call_ret1' <Predicate = true> <Delay = 35.0> <CoreType = "Generic">   --->   Core 0 '' <Latency = 0> <II = 1> <Delay = 1.00> <Generic> <Opcode : >

State 5 <SV = 4> <Delay = 35.0>
ST_5 : Operation 112 [27/31] (35.0ns)   --->   "%call_ret1 = call i2048 @dense_latency<ap_fixed<32, 16, 5, 3, 0>, ap_fixed<32, 18, 5, 3, 0>, config2>, i2400 %hidden_1_input_read" [firmware/nnet_utils/nnet_dense.h:54->firmware/nnet_utils/nnet_dense.h:45->firmware/myproject.cpp:40]   --->   Operation 112 'call' 'call_ret1' <Predicate = true> <Delay = 35.0> <CoreType = "Generic">   --->   Core 0 '' <Latency = 0> <II = 1> <Delay = 1.00> <Generic> <Opcode : >

State 6 <SV = 5> <Delay = 35.0>
ST_6 : Operation 113 [26/31] (35.0ns)   --->   "%call_ret1 = call i2048 @dense_latency<ap_fixed<32, 16, 5, 3, 0>, ap_fixed<32, 18, 5, 3, 0>, config2>, i2400 %hidden_1_input_read" [firmware/nnet_utils/nnet_dense.h:54->firmware/nnet_utils/nnet_dense.h:45->firmware/myproject.cpp:40]   --->   Operation 113 'call' 'call_ret1' <Predicate = true> <Delay = 35.0> <CoreType = "Generic">   --->   Core 0 '' <Latency = 0> <II = 1> <Delay = 1.00> <Generic> <Opcode : >

State 7 <SV = 6> <Delay = 35.0>
ST_7 : Operation 114 [25/31] (35.0ns)   --->   "%call_ret1 = call i2048 @dense_latency<ap_fixed<32, 16, 5, 3, 0>, ap_fixed<32, 18, 5, 3, 0>, config2>, i2400 %hidden_1_input_read" [firmware/nnet_utils/nnet_dense.h:54->firmware/nnet_utils/nnet_dense.h:45->firmware/myproject.cpp:40]   --->   Operation 114 'call' 'call_ret1' <Predicate = true> <Delay = 35.0> <CoreType = "Generic">   --->   Core 0 '' <Latency = 0> <II = 1> <Delay = 1.00> <Generic> <Opcode : >

State 8 <SV = 7> <Delay = 35.0>
ST_8 : Operation 115 [24/31] (35.0ns)   --->   "%call_ret1 = call i2048 @dense_latency<ap_fixed<32, 16, 5, 3, 0>, ap_fixed<32, 18, 5, 3, 0>, config2>, i2400 %hidden_1_input_read" [firmware/nnet_utils/nnet_dense.h:54->firmware/nnet_utils/nnet_dense.h:45->firmware/myproject.cpp:40]   --->   Operation 115 'call' 'call_ret1' <Predicate = true> <Delay = 35.0> <CoreType = "Generic">   --->   Core 0 '' <Latency = 0> <II = 1> <Delay = 1.00> <Generic> <Opcode : >

State 9 <SV = 8> <Delay = 35.0>
ST_9 : Operation 116 [23/31] (35.0ns)   --->   "%call_ret1 = call i2048 @dense_latency<ap_fixed<32, 16, 5, 3, 0>, ap_fixed<32, 18, 5, 3, 0>, config2>, i2400 %hidden_1_input_read" [firmware/nnet_utils/nnet_dense.h:54->firmware/nnet_utils/nnet_dense.h:45->firmware/myproject.cpp:40]   --->   Operation 116 'call' 'call_ret1' <Predicate = true> <Delay = 35.0> <CoreType = "Generic">   --->   Core 0 '' <Latency = 0> <II = 1> <Delay = 1.00> <Generic> <Opcode : >

State 10 <SV = 9> <Delay = 35.0>
ST_10 : Operation 117 [22/31] (35.0ns)   --->   "%call_ret1 = call i2048 @dense_latency<ap_fixed<32, 16, 5, 3, 0>, ap_fixed<32, 18, 5, 3, 0>, config2>, i2400 %hidden_1_input_read" [firmware/nnet_utils/nnet_dense.h:54->firmware/nnet_utils/nnet_dense.h:45->firmware/myproject.cpp:40]   --->   Operation 117 'call' 'call_ret1' <Predicate = true> <Delay = 35.0> <CoreType = "Generic">   --->   Core 0 '' <Latency = 0> <II = 1> <Delay = 1.00> <Generic> <Opcode : >

State 11 <SV = 10> <Delay = 35.0>
ST_11 : Operation 118 [21/31] (35.0ns)   --->   "%call_ret1 = call i2048 @dense_latency<ap_fixed<32, 16, 5, 3, 0>, ap_fixed<32, 18, 5, 3, 0>, config2>, i2400 %hidden_1_input_read" [firmware/nnet_utils/nnet_dense.h:54->firmware/nnet_utils/nnet_dense.h:45->firmware/myproject.cpp:40]   --->   Operation 118 'call' 'call_ret1' <Predicate = true> <Delay = 35.0> <CoreType = "Generic">   --->   Core 0 '' <Latency = 0> <II = 1> <Delay = 1.00> <Generic> <Opcode : >

State 12 <SV = 11> <Delay = 35.0>
ST_12 : Operation 119 [20/31] (35.0ns)   --->   "%call_ret1 = call i2048 @dense_latency<ap_fixed<32, 16, 5, 3, 0>, ap_fixed<32, 18, 5, 3, 0>, config2>, i2400 %hidden_1_input_read" [firmware/nnet_utils/nnet_dense.h:54->firmware/nnet_utils/nnet_dense.h:45->firmware/myproject.cpp:40]   --->   Operation 119 'call' 'call_ret1' <Predicate = true> <Delay = 35.0> <CoreType = "Generic">   --->   Core 0 '' <Latency = 0> <II = 1> <Delay = 1.00> <Generic> <Opcode : >

State 13 <SV = 12> <Delay = 35.0>
ST_13 : Operation 120 [19/31] (35.0ns)   --->   "%call_ret1 = call i2048 @dense_latency<ap_fixed<32, 16, 5, 3, 0>, ap_fixed<32, 18, 5, 3, 0>, config2>, i2400 %hidden_1_input_read" [firmware/nnet_utils/nnet_dense.h:54->firmware/nnet_utils/nnet_dense.h:45->firmware/myproject.cpp:40]   --->   Operation 120 'call' 'call_ret1' <Predicate = true> <Delay = 35.0> <CoreType = "Generic">   --->   Core 0 '' <Latency = 0> <II = 1> <Delay = 1.00> <Generic> <Opcode : >

State 14 <SV = 13> <Delay = 35.0>
ST_14 : Operation 121 [18/31] (35.0ns)   --->   "%call_ret1 = call i2048 @dense_latency<ap_fixed<32, 16, 5, 3, 0>, ap_fixed<32, 18, 5, 3, 0>, config2>, i2400 %hidden_1_input_read" [firmware/nnet_utils/nnet_dense.h:54->firmware/nnet_utils/nnet_dense.h:45->firmware/myproject.cpp:40]   --->   Operation 121 'call' 'call_ret1' <Predicate = true> <Delay = 35.0> <CoreType = "Generic">   --->   Core 0 '' <Latency = 0> <II = 1> <Delay = 1.00> <Generic> <Opcode : >

State 15 <SV = 14> <Delay = 35.0>
ST_15 : Operation 122 [17/31] (35.0ns)   --->   "%call_ret1 = call i2048 @dense_latency<ap_fixed<32, 16, 5, 3, 0>, ap_fixed<32, 18, 5, 3, 0>, config2>, i2400 %hidden_1_input_read" [firmware/nnet_utils/nnet_dense.h:54->firmware/nnet_utils/nnet_dense.h:45->firmware/myproject.cpp:40]   --->   Operation 122 'call' 'call_ret1' <Predicate = true> <Delay = 35.0> <CoreType = "Generic">   --->   Core 0 '' <Latency = 0> <II = 1> <Delay = 1.00> <Generic> <Opcode : >

State 16 <SV = 15> <Delay = 35.0>
ST_16 : Operation 123 [16/31] (35.0ns)   --->   "%call_ret1 = call i2048 @dense_latency<ap_fixed<32, 16, 5, 3, 0>, ap_fixed<32, 18, 5, 3, 0>, config2>, i2400 %hidden_1_input_read" [firmware/nnet_utils/nnet_dense.h:54->firmware/nnet_utils/nnet_dense.h:45->firmware/myproject.cpp:40]   --->   Operation 123 'call' 'call_ret1' <Predicate = true> <Delay = 35.0> <CoreType = "Generic">   --->   Core 0 '' <Latency = 0> <II = 1> <Delay = 1.00> <Generic> <Opcode : >

State 17 <SV = 16> <Delay = 35.0>
ST_17 : Operation 124 [15/31] (35.0ns)   --->   "%call_ret1 = call i2048 @dense_latency<ap_fixed<32, 16, 5, 3, 0>, ap_fixed<32, 18, 5, 3, 0>, config2>, i2400 %hidden_1_input_read" [firmware/nnet_utils/nnet_dense.h:54->firmware/nnet_utils/nnet_dense.h:45->firmware/myproject.cpp:40]   --->   Operation 124 'call' 'call_ret1' <Predicate = true> <Delay = 35.0> <CoreType = "Generic">   --->   Core 0 '' <Latency = 0> <II = 1> <Delay = 1.00> <Generic> <Opcode : >

State 18 <SV = 17> <Delay = 35.0>
ST_18 : Operation 125 [14/31] (35.0ns)   --->   "%call_ret1 = call i2048 @dense_latency<ap_fixed<32, 16, 5, 3, 0>, ap_fixed<32, 18, 5, 3, 0>, config2>, i2400 %hidden_1_input_read" [firmware/nnet_utils/nnet_dense.h:54->firmware/nnet_utils/nnet_dense.h:45->firmware/myproject.cpp:40]   --->   Operation 125 'call' 'call_ret1' <Predicate = true> <Delay = 35.0> <CoreType = "Generic">   --->   Core 0 '' <Latency = 0> <II = 1> <Delay = 1.00> <Generic> <Opcode : >

State 19 <SV = 18> <Delay = 35.0>
ST_19 : Operation 126 [13/31] (35.0ns)   --->   "%call_ret1 = call i2048 @dense_latency<ap_fixed<32, 16, 5, 3, 0>, ap_fixed<32, 18, 5, 3, 0>, config2>, i2400 %hidden_1_input_read" [firmware/nnet_utils/nnet_dense.h:54->firmware/nnet_utils/nnet_dense.h:45->firmware/myproject.cpp:40]   --->   Operation 126 'call' 'call_ret1' <Predicate = true> <Delay = 35.0> <CoreType = "Generic">   --->   Core 0 '' <Latency = 0> <II = 1> <Delay = 1.00> <Generic> <Opcode : >

State 20 <SV = 19> <Delay = 35.0>
ST_20 : Operation 127 [12/31] (35.0ns)   --->   "%call_ret1 = call i2048 @dense_latency<ap_fixed<32, 16, 5, 3, 0>, ap_fixed<32, 18, 5, 3, 0>, config2>, i2400 %hidden_1_input_read" [firmware/nnet_utils/nnet_dense.h:54->firmware/nnet_utils/nnet_dense.h:45->firmware/myproject.cpp:40]   --->   Operation 127 'call' 'call_ret1' <Predicate = true> <Delay = 35.0> <CoreType = "Generic">   --->   Core 0 '' <Latency = 0> <II = 1> <Delay = 1.00> <Generic> <Opcode : >

State 21 <SV = 20> <Delay = 35.0>
ST_21 : Operation 128 [11/31] (35.0ns)   --->   "%call_ret1 = call i2048 @dense_latency<ap_fixed<32, 16, 5, 3, 0>, ap_fixed<32, 18, 5, 3, 0>, config2>, i2400 %hidden_1_input_read" [firmware/nnet_utils/nnet_dense.h:54->firmware/nnet_utils/nnet_dense.h:45->firmware/myproject.cpp:40]   --->   Operation 128 'call' 'call_ret1' <Predicate = true> <Delay = 35.0> <CoreType = "Generic">   --->   Core 0 '' <Latency = 0> <II = 1> <Delay = 1.00> <Generic> <Opcode : >

State 22 <SV = 21> <Delay = 35.0>
ST_22 : Operation 129 [10/31] (35.0ns)   --->   "%call_ret1 = call i2048 @dense_latency<ap_fixed<32, 16, 5, 3, 0>, ap_fixed<32, 18, 5, 3, 0>, config2>, i2400 %hidden_1_input_read" [firmware/nnet_utils/nnet_dense.h:54->firmware/nnet_utils/nnet_dense.h:45->firmware/myproject.cpp:40]   --->   Operation 129 'call' 'call_ret1' <Predicate = true> <Delay = 35.0> <CoreType = "Generic">   --->   Core 0 '' <Latency = 0> <II = 1> <Delay = 1.00> <Generic> <Opcode : >

State 23 <SV = 22> <Delay = 35.0>
ST_23 : Operation 130 [9/31] (35.0ns)   --->   "%call_ret1 = call i2048 @dense_latency<ap_fixed<32, 16, 5, 3, 0>, ap_fixed<32, 18, 5, 3, 0>, config2>, i2400 %hidden_1_input_read" [firmware/nnet_utils/nnet_dense.h:54->firmware/nnet_utils/nnet_dense.h:45->firmware/myproject.cpp:40]   --->   Operation 130 'call' 'call_ret1' <Predicate = true> <Delay = 35.0> <CoreType = "Generic">   --->   Core 0 '' <Latency = 0> <II = 1> <Delay = 1.00> <Generic> <Opcode : >

State 24 <SV = 23> <Delay = 35.0>
ST_24 : Operation 131 [8/31] (35.0ns)   --->   "%call_ret1 = call i2048 @dense_latency<ap_fixed<32, 16, 5, 3, 0>, ap_fixed<32, 18, 5, 3, 0>, config2>, i2400 %hidden_1_input_read" [firmware/nnet_utils/nnet_dense.h:54->firmware/nnet_utils/nnet_dense.h:45->firmware/myproject.cpp:40]   --->   Operation 131 'call' 'call_ret1' <Predicate = true> <Delay = 35.0> <CoreType = "Generic">   --->   Core 0 '' <Latency = 0> <II = 1> <Delay = 1.00> <Generic> <Opcode : >

State 25 <SV = 24> <Delay = 35.0>
ST_25 : Operation 132 [7/31] (35.0ns)   --->   "%call_ret1 = call i2048 @dense_latency<ap_fixed<32, 16, 5, 3, 0>, ap_fixed<32, 18, 5, 3, 0>, config2>, i2400 %hidden_1_input_read" [firmware/nnet_utils/nnet_dense.h:54->firmware/nnet_utils/nnet_dense.h:45->firmware/myproject.cpp:40]   --->   Operation 132 'call' 'call_ret1' <Predicate = true> <Delay = 35.0> <CoreType = "Generic">   --->   Core 0 '' <Latency = 0> <II = 1> <Delay = 1.00> <Generic> <Opcode : >

State 26 <SV = 25> <Delay = 35.0>
ST_26 : Operation 133 [6/31] (35.0ns)   --->   "%call_ret1 = call i2048 @dense_latency<ap_fixed<32, 16, 5, 3, 0>, ap_fixed<32, 18, 5, 3, 0>, config2>, i2400 %hidden_1_input_read" [firmware/nnet_utils/nnet_dense.h:54->firmware/nnet_utils/nnet_dense.h:45->firmware/myproject.cpp:40]   --->   Operation 133 'call' 'call_ret1' <Predicate = true> <Delay = 35.0> <CoreType = "Generic">   --->   Core 0 '' <Latency = 0> <II = 1> <Delay = 1.00> <Generic> <Opcode : >

State 27 <SV = 26> <Delay = 35.0>
ST_27 : Operation 134 [5/31] (35.0ns)   --->   "%call_ret1 = call i2048 @dense_latency<ap_fixed<32, 16, 5, 3, 0>, ap_fixed<32, 18, 5, 3, 0>, config2>, i2400 %hidden_1_input_read" [firmware/nnet_utils/nnet_dense.h:54->firmware/nnet_utils/nnet_dense.h:45->firmware/myproject.cpp:40]   --->   Operation 134 'call' 'call_ret1' <Predicate = true> <Delay = 35.0> <CoreType = "Generic">   --->   Core 0 '' <Latency = 0> <II = 1> <Delay = 1.00> <Generic> <Opcode : >

State 28 <SV = 27> <Delay = 35.0>
ST_28 : Operation 135 [4/31] (35.0ns)   --->   "%call_ret1 = call i2048 @dense_latency<ap_fixed<32, 16, 5, 3, 0>, ap_fixed<32, 18, 5, 3, 0>, config2>, i2400 %hidden_1_input_read" [firmware/nnet_utils/nnet_dense.h:54->firmware/nnet_utils/nnet_dense.h:45->firmware/myproject.cpp:40]   --->   Operation 135 'call' 'call_ret1' <Predicate = true> <Delay = 35.0> <CoreType = "Generic">   --->   Core 0 '' <Latency = 0> <II = 1> <Delay = 1.00> <Generic> <Opcode : >

State 29 <SV = 28> <Delay = 35.0>
ST_29 : Operation 136 [3/31] (35.0ns)   --->   "%call_ret1 = call i2048 @dense_latency<ap_fixed<32, 16, 5, 3, 0>, ap_fixed<32, 18, 5, 3, 0>, config2>, i2400 %hidden_1_input_read" [firmware/nnet_utils/nnet_dense.h:54->firmware/nnet_utils/nnet_dense.h:45->firmware/myproject.cpp:40]   --->   Operation 136 'call' 'call_ret1' <Predicate = true> <Delay = 35.0> <CoreType = "Generic">   --->   Core 0 '' <Latency = 0> <II = 1> <Delay = 1.00> <Generic> <Opcode : >

State 30 <SV = 29> <Delay = 35.0>
ST_30 : Operation 137 [2/31] (35.0ns)   --->   "%call_ret1 = call i2048 @dense_latency<ap_fixed<32, 16, 5, 3, 0>, ap_fixed<32, 18, 5, 3, 0>, config2>, i2400 %hidden_1_input_read" [firmware/nnet_utils/nnet_dense.h:54->firmware/nnet_utils/nnet_dense.h:45->firmware/myproject.cpp:40]   --->   Operation 137 'call' 'call_ret1' <Predicate = true> <Delay = 35.0> <CoreType = "Generic">   --->   Core 0 '' <Latency = 0> <II = 1> <Delay = 1.00> <Generic> <Opcode : >

State 31 <SV = 30> <Delay = 66.9>
ST_31 : Operation 138 [1/31] (38.9ns)   --->   "%call_ret1 = call i2048 @dense_latency<ap_fixed<32, 16, 5, 3, 0>, ap_fixed<32, 18, 5, 3, 0>, config2>, i2400 %hidden_1_input_read" [firmware/nnet_utils/nnet_dense.h:54->firmware/nnet_utils/nnet_dense.h:45->firmware/myproject.cpp:40]   --->   Operation 138 'call' 'call_ret1' <Predicate = true> <Delay = 38.9> <CoreType = "Generic">   --->   Core 0 '' <Latency = 0> <II = 1> <Delay = 1.00> <Generic> <Opcode : >
ST_31 : Operation 139 [1/1] (0.00ns)   --->   "%layer2_out = extractvalue i2048 %call_ret1" [firmware/nnet_utils/nnet_dense.h:54->firmware/nnet_utils/nnet_dense.h:45->firmware/myproject.cpp:40]   --->   Operation 139 'extractvalue' 'layer2_out' <Predicate = true> <Delay = 0.00>
ST_31 : Operation 140 [1/1] (0.00ns)   --->   "%layer2_out_1 = extractvalue i2048 %call_ret1" [firmware/nnet_utils/nnet_dense.h:54->firmware/nnet_utils/nnet_dense.h:45->firmware/myproject.cpp:40]   --->   Operation 140 'extractvalue' 'layer2_out_1' <Predicate = true> <Delay = 0.00>
ST_31 : Operation 141 [1/1] (0.00ns)   --->   "%layer2_out_2 = extractvalue i2048 %call_ret1" [firmware/nnet_utils/nnet_dense.h:54->firmware/nnet_utils/nnet_dense.h:45->firmware/myproject.cpp:40]   --->   Operation 141 'extractvalue' 'layer2_out_2' <Predicate = true> <Delay = 0.00>
ST_31 : Operation 142 [1/1] (0.00ns)   --->   "%layer2_out_3 = extractvalue i2048 %call_ret1" [firmware/nnet_utils/nnet_dense.h:54->firmware/nnet_utils/nnet_dense.h:45->firmware/myproject.cpp:40]   --->   Operation 142 'extractvalue' 'layer2_out_3' <Predicate = true> <Delay = 0.00>
ST_31 : Operation 143 [1/1] (0.00ns)   --->   "%layer2_out_4 = extractvalue i2048 %call_ret1" [firmware/nnet_utils/nnet_dense.h:54->firmware/nnet_utils/nnet_dense.h:45->firmware/myproject.cpp:40]   --->   Operation 143 'extractvalue' 'layer2_out_4' <Predicate = true> <Delay = 0.00>
ST_31 : Operation 144 [1/1] (0.00ns)   --->   "%layer2_out_5 = extractvalue i2048 %call_ret1" [firmware/nnet_utils/nnet_dense.h:54->firmware/nnet_utils/nnet_dense.h:45->firmware/myproject.cpp:40]   --->   Operation 144 'extractvalue' 'layer2_out_5' <Predicate = true> <Delay = 0.00>
ST_31 : Operation 145 [1/1] (0.00ns)   --->   "%layer2_out_6 = extractvalue i2048 %call_ret1" [firmware/nnet_utils/nnet_dense.h:54->firmware/nnet_utils/nnet_dense.h:45->firmware/myproject.cpp:40]   --->   Operation 145 'extractvalue' 'layer2_out_6' <Predicate = true> <Delay = 0.00>
ST_31 : Operation 146 [1/1] (0.00ns)   --->   "%layer2_out_7 = extractvalue i2048 %call_ret1" [firmware/nnet_utils/nnet_dense.h:54->firmware/nnet_utils/nnet_dense.h:45->firmware/myproject.cpp:40]   --->   Operation 146 'extractvalue' 'layer2_out_7' <Predicate = true> <Delay = 0.00>
ST_31 : Operation 147 [1/1] (0.00ns)   --->   "%layer2_out_8 = extractvalue i2048 %call_ret1" [firmware/nnet_utils/nnet_dense.h:54->firmware/nnet_utils/nnet_dense.h:45->firmware/myproject.cpp:40]   --->   Operation 147 'extractvalue' 'layer2_out_8' <Predicate = true> <Delay = 0.00>
ST_31 : Operation 148 [1/1] (0.00ns)   --->   "%layer2_out_9 = extractvalue i2048 %call_ret1" [firmware/nnet_utils/nnet_dense.h:54->firmware/nnet_utils/nnet_dense.h:45->firmware/myproject.cpp:40]   --->   Operation 148 'extractvalue' 'layer2_out_9' <Predicate = true> <Delay = 0.00>
ST_31 : Operation 149 [1/1] (0.00ns)   --->   "%layer2_out_10 = extractvalue i2048 %call_ret1" [firmware/nnet_utils/nnet_dense.h:54->firmware/nnet_utils/nnet_dense.h:45->firmware/myproject.cpp:40]   --->   Operation 149 'extractvalue' 'layer2_out_10' <Predicate = true> <Delay = 0.00>
ST_31 : Operation 150 [1/1] (0.00ns)   --->   "%layer2_out_11 = extractvalue i2048 %call_ret1" [firmware/nnet_utils/nnet_dense.h:54->firmware/nnet_utils/nnet_dense.h:45->firmware/myproject.cpp:40]   --->   Operation 150 'extractvalue' 'layer2_out_11' <Predicate = true> <Delay = 0.00>
ST_31 : Operation 151 [1/1] (0.00ns)   --->   "%layer2_out_12 = extractvalue i2048 %call_ret1" [firmware/nnet_utils/nnet_dense.h:54->firmware/nnet_utils/nnet_dense.h:45->firmware/myproject.cpp:40]   --->   Operation 151 'extractvalue' 'layer2_out_12' <Predicate = true> <Delay = 0.00>
ST_31 : Operation 152 [1/1] (0.00ns)   --->   "%layer2_out_13 = extractvalue i2048 %call_ret1" [firmware/nnet_utils/nnet_dense.h:54->firmware/nnet_utils/nnet_dense.h:45->firmware/myproject.cpp:40]   --->   Operation 152 'extractvalue' 'layer2_out_13' <Predicate = true> <Delay = 0.00>
ST_31 : Operation 153 [1/1] (0.00ns)   --->   "%layer2_out_14 = extractvalue i2048 %call_ret1" [firmware/nnet_utils/nnet_dense.h:54->firmware/nnet_utils/nnet_dense.h:45->firmware/myproject.cpp:40]   --->   Operation 153 'extractvalue' 'layer2_out_14' <Predicate = true> <Delay = 0.00>
ST_31 : Operation 154 [1/1] (0.00ns)   --->   "%layer2_out_15 = extractvalue i2048 %call_ret1" [firmware/nnet_utils/nnet_dense.h:54->firmware/nnet_utils/nnet_dense.h:45->firmware/myproject.cpp:40]   --->   Operation 154 'extractvalue' 'layer2_out_15' <Predicate = true> <Delay = 0.00>
ST_31 : Operation 155 [1/1] (0.00ns)   --->   "%layer2_out_16 = extractvalue i2048 %call_ret1" [firmware/nnet_utils/nnet_dense.h:54->firmware/nnet_utils/nnet_dense.h:45->firmware/myproject.cpp:40]   --->   Operation 155 'extractvalue' 'layer2_out_16' <Predicate = true> <Delay = 0.00>
ST_31 : Operation 156 [1/1] (0.00ns)   --->   "%layer2_out_17 = extractvalue i2048 %call_ret1" [firmware/nnet_utils/nnet_dense.h:54->firmware/nnet_utils/nnet_dense.h:45->firmware/myproject.cpp:40]   --->   Operation 156 'extractvalue' 'layer2_out_17' <Predicate = true> <Delay = 0.00>
ST_31 : Operation 157 [1/1] (0.00ns)   --->   "%layer2_out_18 = extractvalue i2048 %call_ret1" [firmware/nnet_utils/nnet_dense.h:54->firmware/nnet_utils/nnet_dense.h:45->firmware/myproject.cpp:40]   --->   Operation 157 'extractvalue' 'layer2_out_18' <Predicate = true> <Delay = 0.00>
ST_31 : Operation 158 [1/1] (0.00ns)   --->   "%layer2_out_19 = extractvalue i2048 %call_ret1" [firmware/nnet_utils/nnet_dense.h:54->firmware/nnet_utils/nnet_dense.h:45->firmware/myproject.cpp:40]   --->   Operation 158 'extractvalue' 'layer2_out_19' <Predicate = true> <Delay = 0.00>
ST_31 : Operation 159 [1/1] (0.00ns)   --->   "%layer2_out_20 = extractvalue i2048 %call_ret1" [firmware/nnet_utils/nnet_dense.h:54->firmware/nnet_utils/nnet_dense.h:45->firmware/myproject.cpp:40]   --->   Operation 159 'extractvalue' 'layer2_out_20' <Predicate = true> <Delay = 0.00>
ST_31 : Operation 160 [1/1] (0.00ns)   --->   "%layer2_out_21 = extractvalue i2048 %call_ret1" [firmware/nnet_utils/nnet_dense.h:54->firmware/nnet_utils/nnet_dense.h:45->firmware/myproject.cpp:40]   --->   Operation 160 'extractvalue' 'layer2_out_21' <Predicate = true> <Delay = 0.00>
ST_31 : Operation 161 [1/1] (0.00ns)   --->   "%layer2_out_22 = extractvalue i2048 %call_ret1" [firmware/nnet_utils/nnet_dense.h:54->firmware/nnet_utils/nnet_dense.h:45->firmware/myproject.cpp:40]   --->   Operation 161 'extractvalue' 'layer2_out_22' <Predicate = true> <Delay = 0.00>
ST_31 : Operation 162 [1/1] (0.00ns)   --->   "%layer2_out_23 = extractvalue i2048 %call_ret1" [firmware/nnet_utils/nnet_dense.h:54->firmware/nnet_utils/nnet_dense.h:45->firmware/myproject.cpp:40]   --->   Operation 162 'extractvalue' 'layer2_out_23' <Predicate = true> <Delay = 0.00>
ST_31 : Operation 163 [1/1] (0.00ns)   --->   "%layer2_out_24 = extractvalue i2048 %call_ret1" [firmware/nnet_utils/nnet_dense.h:54->firmware/nnet_utils/nnet_dense.h:45->firmware/myproject.cpp:40]   --->   Operation 163 'extractvalue' 'layer2_out_24' <Predicate = true> <Delay = 0.00>
ST_31 : Operation 164 [1/1] (0.00ns)   --->   "%layer2_out_25 = extractvalue i2048 %call_ret1" [firmware/nnet_utils/nnet_dense.h:54->firmware/nnet_utils/nnet_dense.h:45->firmware/myproject.cpp:40]   --->   Operation 164 'extractvalue' 'layer2_out_25' <Predicate = true> <Delay = 0.00>
ST_31 : Operation 165 [1/1] (0.00ns)   --->   "%layer2_out_26 = extractvalue i2048 %call_ret1" [firmware/nnet_utils/nnet_dense.h:54->firmware/nnet_utils/nnet_dense.h:45->firmware/myproject.cpp:40]   --->   Operation 165 'extractvalue' 'layer2_out_26' <Predicate = true> <Delay = 0.00>
ST_31 : Operation 166 [1/1] (0.00ns)   --->   "%layer2_out_27 = extractvalue i2048 %call_ret1" [firmware/nnet_utils/nnet_dense.h:54->firmware/nnet_utils/nnet_dense.h:45->firmware/myproject.cpp:40]   --->   Operation 166 'extractvalue' 'layer2_out_27' <Predicate = true> <Delay = 0.00>
ST_31 : Operation 167 [1/1] (0.00ns)   --->   "%layer2_out_28 = extractvalue i2048 %call_ret1" [firmware/nnet_utils/nnet_dense.h:54->firmware/nnet_utils/nnet_dense.h:45->firmware/myproject.cpp:40]   --->   Operation 167 'extractvalue' 'layer2_out_28' <Predicate = true> <Delay = 0.00>
ST_31 : Operation 168 [1/1] (0.00ns)   --->   "%layer2_out_29 = extractvalue i2048 %call_ret1" [firmware/nnet_utils/nnet_dense.h:54->firmware/nnet_utils/nnet_dense.h:45->firmware/myproject.cpp:40]   --->   Operation 168 'extractvalue' 'layer2_out_29' <Predicate = true> <Delay = 0.00>
ST_31 : Operation 169 [1/1] (0.00ns)   --->   "%layer2_out_30 = extractvalue i2048 %call_ret1" [firmware/nnet_utils/nnet_dense.h:54->firmware/nnet_utils/nnet_dense.h:45->firmware/myproject.cpp:40]   --->   Operation 169 'extractvalue' 'layer2_out_30' <Predicate = true> <Delay = 0.00>
ST_31 : Operation 170 [1/1] (0.00ns)   --->   "%layer2_out_31 = extractvalue i2048 %call_ret1" [firmware/nnet_utils/nnet_dense.h:54->firmware/nnet_utils/nnet_dense.h:45->firmware/myproject.cpp:40]   --->   Operation 170 'extractvalue' 'layer2_out_31' <Predicate = true> <Delay = 0.00>
ST_31 : Operation 171 [1/1] (0.00ns)   --->   "%layer2_out_32 = extractvalue i2048 %call_ret1" [firmware/nnet_utils/nnet_dense.h:54->firmware/nnet_utils/nnet_dense.h:45->firmware/myproject.cpp:40]   --->   Operation 171 'extractvalue' 'layer2_out_32' <Predicate = true> <Delay = 0.00>
ST_31 : Operation 172 [1/1] (0.00ns)   --->   "%layer2_out_33 = extractvalue i2048 %call_ret1" [firmware/nnet_utils/nnet_dense.h:54->firmware/nnet_utils/nnet_dense.h:45->firmware/myproject.cpp:40]   --->   Operation 172 'extractvalue' 'layer2_out_33' <Predicate = true> <Delay = 0.00>
ST_31 : Operation 173 [1/1] (0.00ns)   --->   "%layer2_out_34 = extractvalue i2048 %call_ret1" [firmware/nnet_utils/nnet_dense.h:54->firmware/nnet_utils/nnet_dense.h:45->firmware/myproject.cpp:40]   --->   Operation 173 'extractvalue' 'layer2_out_34' <Predicate = true> <Delay = 0.00>
ST_31 : Operation 174 [1/1] (0.00ns)   --->   "%layer2_out_35 = extractvalue i2048 %call_ret1" [firmware/nnet_utils/nnet_dense.h:54->firmware/nnet_utils/nnet_dense.h:45->firmware/myproject.cpp:40]   --->   Operation 174 'extractvalue' 'layer2_out_35' <Predicate = true> <Delay = 0.00>
ST_31 : Operation 175 [1/1] (0.00ns)   --->   "%layer2_out_36 = extractvalue i2048 %call_ret1" [firmware/nnet_utils/nnet_dense.h:54->firmware/nnet_utils/nnet_dense.h:45->firmware/myproject.cpp:40]   --->   Operation 175 'extractvalue' 'layer2_out_36' <Predicate = true> <Delay = 0.00>
ST_31 : Operation 176 [1/1] (0.00ns)   --->   "%layer2_out_37 = extractvalue i2048 %call_ret1" [firmware/nnet_utils/nnet_dense.h:54->firmware/nnet_utils/nnet_dense.h:45->firmware/myproject.cpp:40]   --->   Operation 176 'extractvalue' 'layer2_out_37' <Predicate = true> <Delay = 0.00>
ST_31 : Operation 177 [1/1] (0.00ns)   --->   "%layer2_out_38 = extractvalue i2048 %call_ret1" [firmware/nnet_utils/nnet_dense.h:54->firmware/nnet_utils/nnet_dense.h:45->firmware/myproject.cpp:40]   --->   Operation 177 'extractvalue' 'layer2_out_38' <Predicate = true> <Delay = 0.00>
ST_31 : Operation 178 [1/1] (0.00ns)   --->   "%layer2_out_39 = extractvalue i2048 %call_ret1" [firmware/nnet_utils/nnet_dense.h:54->firmware/nnet_utils/nnet_dense.h:45->firmware/myproject.cpp:40]   --->   Operation 178 'extractvalue' 'layer2_out_39' <Predicate = true> <Delay = 0.00>
ST_31 : Operation 179 [1/1] (0.00ns)   --->   "%layer2_out_40 = extractvalue i2048 %call_ret1" [firmware/nnet_utils/nnet_dense.h:54->firmware/nnet_utils/nnet_dense.h:45->firmware/myproject.cpp:40]   --->   Operation 179 'extractvalue' 'layer2_out_40' <Predicate = true> <Delay = 0.00>
ST_31 : Operation 180 [1/1] (0.00ns)   --->   "%layer2_out_41 = extractvalue i2048 %call_ret1" [firmware/nnet_utils/nnet_dense.h:54->firmware/nnet_utils/nnet_dense.h:45->firmware/myproject.cpp:40]   --->   Operation 180 'extractvalue' 'layer2_out_41' <Predicate = true> <Delay = 0.00>
ST_31 : Operation 181 [1/1] (0.00ns)   --->   "%layer2_out_42 = extractvalue i2048 %call_ret1" [firmware/nnet_utils/nnet_dense.h:54->firmware/nnet_utils/nnet_dense.h:45->firmware/myproject.cpp:40]   --->   Operation 181 'extractvalue' 'layer2_out_42' <Predicate = true> <Delay = 0.00>
ST_31 : Operation 182 [1/1] (0.00ns)   --->   "%layer2_out_43 = extractvalue i2048 %call_ret1" [firmware/nnet_utils/nnet_dense.h:54->firmware/nnet_utils/nnet_dense.h:45->firmware/myproject.cpp:40]   --->   Operation 182 'extractvalue' 'layer2_out_43' <Predicate = true> <Delay = 0.00>
ST_31 : Operation 183 [1/1] (0.00ns)   --->   "%layer2_out_44 = extractvalue i2048 %call_ret1" [firmware/nnet_utils/nnet_dense.h:54->firmware/nnet_utils/nnet_dense.h:45->firmware/myproject.cpp:40]   --->   Operation 183 'extractvalue' 'layer2_out_44' <Predicate = true> <Delay = 0.00>
ST_31 : Operation 184 [1/1] (0.00ns)   --->   "%layer2_out_45 = extractvalue i2048 %call_ret1" [firmware/nnet_utils/nnet_dense.h:54->firmware/nnet_utils/nnet_dense.h:45->firmware/myproject.cpp:40]   --->   Operation 184 'extractvalue' 'layer2_out_45' <Predicate = true> <Delay = 0.00>
ST_31 : Operation 185 [1/1] (0.00ns)   --->   "%layer2_out_46 = extractvalue i2048 %call_ret1" [firmware/nnet_utils/nnet_dense.h:54->firmware/nnet_utils/nnet_dense.h:45->firmware/myproject.cpp:40]   --->   Operation 185 'extractvalue' 'layer2_out_46' <Predicate = true> <Delay = 0.00>
ST_31 : Operation 186 [1/1] (0.00ns)   --->   "%layer2_out_47 = extractvalue i2048 %call_ret1" [firmware/nnet_utils/nnet_dense.h:54->firmware/nnet_utils/nnet_dense.h:45->firmware/myproject.cpp:40]   --->   Operation 186 'extractvalue' 'layer2_out_47' <Predicate = true> <Delay = 0.00>
ST_31 : Operation 187 [1/1] (0.00ns)   --->   "%layer2_out_48 = extractvalue i2048 %call_ret1" [firmware/nnet_utils/nnet_dense.h:54->firmware/nnet_utils/nnet_dense.h:45->firmware/myproject.cpp:40]   --->   Operation 187 'extractvalue' 'layer2_out_48' <Predicate = true> <Delay = 0.00>
ST_31 : Operation 188 [1/1] (0.00ns)   --->   "%layer2_out_49 = extractvalue i2048 %call_ret1" [firmware/nnet_utils/nnet_dense.h:54->firmware/nnet_utils/nnet_dense.h:45->firmware/myproject.cpp:40]   --->   Operation 188 'extractvalue' 'layer2_out_49' <Predicate = true> <Delay = 0.00>
ST_31 : Operation 189 [1/1] (0.00ns)   --->   "%layer2_out_50 = extractvalue i2048 %call_ret1" [firmware/nnet_utils/nnet_dense.h:54->firmware/nnet_utils/nnet_dense.h:45->firmware/myproject.cpp:40]   --->   Operation 189 'extractvalue' 'layer2_out_50' <Predicate = true> <Delay = 0.00>
ST_31 : Operation 190 [1/1] (0.00ns)   --->   "%layer2_out_51 = extractvalue i2048 %call_ret1" [firmware/nnet_utils/nnet_dense.h:54->firmware/nnet_utils/nnet_dense.h:45->firmware/myproject.cpp:40]   --->   Operation 190 'extractvalue' 'layer2_out_51' <Predicate = true> <Delay = 0.00>
ST_31 : Operation 191 [1/1] (0.00ns)   --->   "%layer2_out_52 = extractvalue i2048 %call_ret1" [firmware/nnet_utils/nnet_dense.h:54->firmware/nnet_utils/nnet_dense.h:45->firmware/myproject.cpp:40]   --->   Operation 191 'extractvalue' 'layer2_out_52' <Predicate = true> <Delay = 0.00>
ST_31 : Operation 192 [1/1] (0.00ns)   --->   "%layer2_out_53 = extractvalue i2048 %call_ret1" [firmware/nnet_utils/nnet_dense.h:54->firmware/nnet_utils/nnet_dense.h:45->firmware/myproject.cpp:40]   --->   Operation 192 'extractvalue' 'layer2_out_53' <Predicate = true> <Delay = 0.00>
ST_31 : Operation 193 [1/1] (0.00ns)   --->   "%layer2_out_54 = extractvalue i2048 %call_ret1" [firmware/nnet_utils/nnet_dense.h:54->firmware/nnet_utils/nnet_dense.h:45->firmware/myproject.cpp:40]   --->   Operation 193 'extractvalue' 'layer2_out_54' <Predicate = true> <Delay = 0.00>
ST_31 : Operation 194 [1/1] (0.00ns)   --->   "%layer2_out_55 = extractvalue i2048 %call_ret1" [firmware/nnet_utils/nnet_dense.h:54->firmware/nnet_utils/nnet_dense.h:45->firmware/myproject.cpp:40]   --->   Operation 194 'extractvalue' 'layer2_out_55' <Predicate = true> <Delay = 0.00>
ST_31 : Operation 195 [1/1] (0.00ns)   --->   "%layer2_out_56 = extractvalue i2048 %call_ret1" [firmware/nnet_utils/nnet_dense.h:54->firmware/nnet_utils/nnet_dense.h:45->firmware/myproject.cpp:40]   --->   Operation 195 'extractvalue' 'layer2_out_56' <Predicate = true> <Delay = 0.00>
ST_31 : Operation 196 [1/1] (0.00ns)   --->   "%layer2_out_57 = extractvalue i2048 %call_ret1" [firmware/nnet_utils/nnet_dense.h:54->firmware/nnet_utils/nnet_dense.h:45->firmware/myproject.cpp:40]   --->   Operation 196 'extractvalue' 'layer2_out_57' <Predicate = true> <Delay = 0.00>
ST_31 : Operation 197 [1/1] (0.00ns)   --->   "%layer2_out_58 = extractvalue i2048 %call_ret1" [firmware/nnet_utils/nnet_dense.h:54->firmware/nnet_utils/nnet_dense.h:45->firmware/myproject.cpp:40]   --->   Operation 197 'extractvalue' 'layer2_out_58' <Predicate = true> <Delay = 0.00>
ST_31 : Operation 198 [1/1] (0.00ns)   --->   "%layer2_out_59 = extractvalue i2048 %call_ret1" [firmware/nnet_utils/nnet_dense.h:54->firmware/nnet_utils/nnet_dense.h:45->firmware/myproject.cpp:40]   --->   Operation 198 'extractvalue' 'layer2_out_59' <Predicate = true> <Delay = 0.00>
ST_31 : Operation 199 [1/1] (0.00ns)   --->   "%layer2_out_60 = extractvalue i2048 %call_ret1" [firmware/nnet_utils/nnet_dense.h:54->firmware/nnet_utils/nnet_dense.h:45->firmware/myproject.cpp:40]   --->   Operation 199 'extractvalue' 'layer2_out_60' <Predicate = true> <Delay = 0.00>
ST_31 : Operation 200 [1/1] (0.00ns)   --->   "%layer2_out_61 = extractvalue i2048 %call_ret1" [firmware/nnet_utils/nnet_dense.h:54->firmware/nnet_utils/nnet_dense.h:45->firmware/myproject.cpp:40]   --->   Operation 200 'extractvalue' 'layer2_out_61' <Predicate = true> <Delay = 0.00>
ST_31 : Operation 201 [1/1] (0.00ns)   --->   "%layer2_out_62 = extractvalue i2048 %call_ret1" [firmware/nnet_utils/nnet_dense.h:54->firmware/nnet_utils/nnet_dense.h:45->firmware/myproject.cpp:40]   --->   Operation 201 'extractvalue' 'layer2_out_62' <Predicate = true> <Delay = 0.00>
ST_31 : Operation 202 [1/1] (0.00ns)   --->   "%layer2_out_63 = extractvalue i2048 %call_ret1" [firmware/nnet_utils/nnet_dense.h:54->firmware/nnet_utils/nnet_dense.h:45->firmware/myproject.cpp:40]   --->   Operation 202 'extractvalue' 'layer2_out_63' <Predicate = true> <Delay = 0.00>
ST_31 : Operation 203 [1/1] (3.35ns)   --->   "%call_ret2 = call i1024 @relu<ap_fixed<32, 18, 5, 3, 0>, ap_fixed<16, 6, 5, 3, 0>, relu_config3>, i32 %layer2_out, i32 %layer2_out_1, i32 %layer2_out_2, i32 %layer2_out_3, i32 %layer2_out_4, i32 %layer2_out_5, i32 %layer2_out_6, i32 %layer2_out_7, i32 %layer2_out_8, i32 %layer2_out_9, i32 %layer2_out_10, i32 %layer2_out_11, i32 %layer2_out_12, i32 %layer2_out_13, i32 %layer2_out_14, i32 %layer2_out_15, i32 %layer2_out_16, i32 %layer2_out_17, i32 %layer2_out_18, i32 %layer2_out_19, i32 %layer2_out_20, i32 %layer2_out_21, i32 %layer2_out_22, i32 %layer2_out_23, i32 %layer2_out_24, i32 %layer2_out_25, i32 %layer2_out_26, i32 %layer2_out_27, i32 %layer2_out_28, i32 %layer2_out_29, i32 %layer2_out_30, i32 %layer2_out_31, i32 %layer2_out_32, i32 %layer2_out_33, i32 %layer2_out_34, i32 %layer2_out_35, i32 %layer2_out_36, i32 %layer2_out_37, i32 %layer2_out_38, i32 %layer2_out_39, i32 %layer2_out_40, i32 %layer2_out_41, i32 %layer2_out_42, i32 %layer2_out_43, i32 %layer2_out_44, i32 %layer2_out_45, i32 %layer2_out_46, i32 %layer2_out_47, i32 %layer2_out_48, i32 %layer2_out_49, i32 %layer2_out_50, i32 %layer2_out_51, i32 %layer2_out_52, i32 %layer2_out_53, i32 %layer2_out_54, i32 %layer2_out_55, i32 %layer2_out_56, i32 %layer2_out_57, i32 %layer2_out_58, i32 %layer2_out_59, i32 %layer2_out_60, i32 %layer2_out_61, i32 %layer2_out_62, i32 %layer2_out_63" [firmware/myproject.cpp:44]   --->   Operation 203 'call' 'call_ret2' <Predicate = true> <Delay = 3.35> <CoreType = "Generic">   --->   Core 0 '' <Latency = 0> <II = 1> <Delay = 1.00> <Generic> <Opcode : >
ST_31 : Operation 204 [1/1] (0.00ns)   --->   "%layer3_out = extractvalue i1024 %call_ret2" [firmware/myproject.cpp:44]   --->   Operation 204 'extractvalue' 'layer3_out' <Predicate = true> <Delay = 0.00>
ST_31 : Operation 205 [1/1] (0.00ns)   --->   "%layer3_out_1 = extractvalue i1024 %call_ret2" [firmware/myproject.cpp:44]   --->   Operation 205 'extractvalue' 'layer3_out_1' <Predicate = true> <Delay = 0.00>
ST_31 : Operation 206 [1/1] (0.00ns)   --->   "%layer3_out_2 = extractvalue i1024 %call_ret2" [firmware/myproject.cpp:44]   --->   Operation 206 'extractvalue' 'layer3_out_2' <Predicate = true> <Delay = 0.00>
ST_31 : Operation 207 [1/1] (0.00ns)   --->   "%layer3_out_3 = extractvalue i1024 %call_ret2" [firmware/myproject.cpp:44]   --->   Operation 207 'extractvalue' 'layer3_out_3' <Predicate = true> <Delay = 0.00>
ST_31 : Operation 208 [1/1] (0.00ns)   --->   "%layer3_out_4 = extractvalue i1024 %call_ret2" [firmware/myproject.cpp:44]   --->   Operation 208 'extractvalue' 'layer3_out_4' <Predicate = true> <Delay = 0.00>
ST_31 : Operation 209 [1/1] (0.00ns)   --->   "%layer3_out_5 = extractvalue i1024 %call_ret2" [firmware/myproject.cpp:44]   --->   Operation 209 'extractvalue' 'layer3_out_5' <Predicate = true> <Delay = 0.00>
ST_31 : Operation 210 [1/1] (0.00ns)   --->   "%layer3_out_6 = extractvalue i1024 %call_ret2" [firmware/myproject.cpp:44]   --->   Operation 210 'extractvalue' 'layer3_out_6' <Predicate = true> <Delay = 0.00>
ST_31 : Operation 211 [1/1] (0.00ns)   --->   "%layer3_out_7 = extractvalue i1024 %call_ret2" [firmware/myproject.cpp:44]   --->   Operation 211 'extractvalue' 'layer3_out_7' <Predicate = true> <Delay = 0.00>
ST_31 : Operation 212 [1/1] (0.00ns)   --->   "%layer3_out_8 = extractvalue i1024 %call_ret2" [firmware/myproject.cpp:44]   --->   Operation 212 'extractvalue' 'layer3_out_8' <Predicate = true> <Delay = 0.00>
ST_31 : Operation 213 [1/1] (0.00ns)   --->   "%layer3_out_9 = extractvalue i1024 %call_ret2" [firmware/myproject.cpp:44]   --->   Operation 213 'extractvalue' 'layer3_out_9' <Predicate = true> <Delay = 0.00>
ST_31 : Operation 214 [1/1] (0.00ns)   --->   "%layer3_out_10 = extractvalue i1024 %call_ret2" [firmware/myproject.cpp:44]   --->   Operation 214 'extractvalue' 'layer3_out_10' <Predicate = true> <Delay = 0.00>
ST_31 : Operation 215 [1/1] (0.00ns)   --->   "%layer3_out_11 = extractvalue i1024 %call_ret2" [firmware/myproject.cpp:44]   --->   Operation 215 'extractvalue' 'layer3_out_11' <Predicate = true> <Delay = 0.00>
ST_31 : Operation 216 [1/1] (0.00ns)   --->   "%layer3_out_12 = extractvalue i1024 %call_ret2" [firmware/myproject.cpp:44]   --->   Operation 216 'extractvalue' 'layer3_out_12' <Predicate = true> <Delay = 0.00>
ST_31 : Operation 217 [1/1] (0.00ns)   --->   "%layer3_out_13 = extractvalue i1024 %call_ret2" [firmware/myproject.cpp:44]   --->   Operation 217 'extractvalue' 'layer3_out_13' <Predicate = true> <Delay = 0.00>
ST_31 : Operation 218 [1/1] (0.00ns)   --->   "%layer3_out_14 = extractvalue i1024 %call_ret2" [firmware/myproject.cpp:44]   --->   Operation 218 'extractvalue' 'layer3_out_14' <Predicate = true> <Delay = 0.00>
ST_31 : Operation 219 [1/1] (0.00ns)   --->   "%layer3_out_15 = extractvalue i1024 %call_ret2" [firmware/myproject.cpp:44]   --->   Operation 219 'extractvalue' 'layer3_out_15' <Predicate = true> <Delay = 0.00>
ST_31 : Operation 220 [1/1] (0.00ns)   --->   "%layer3_out_16 = extractvalue i1024 %call_ret2" [firmware/myproject.cpp:44]   --->   Operation 220 'extractvalue' 'layer3_out_16' <Predicate = true> <Delay = 0.00>
ST_31 : Operation 221 [1/1] (0.00ns)   --->   "%layer3_out_17 = extractvalue i1024 %call_ret2" [firmware/myproject.cpp:44]   --->   Operation 221 'extractvalue' 'layer3_out_17' <Predicate = true> <Delay = 0.00>
ST_31 : Operation 222 [1/1] (0.00ns)   --->   "%layer3_out_18 = extractvalue i1024 %call_ret2" [firmware/myproject.cpp:44]   --->   Operation 222 'extractvalue' 'layer3_out_18' <Predicate = true> <Delay = 0.00>
ST_31 : Operation 223 [1/1] (0.00ns)   --->   "%layer3_out_19 = extractvalue i1024 %call_ret2" [firmware/myproject.cpp:44]   --->   Operation 223 'extractvalue' 'layer3_out_19' <Predicate = true> <Delay = 0.00>
ST_31 : Operation 224 [1/1] (0.00ns)   --->   "%layer3_out_20 = extractvalue i1024 %call_ret2" [firmware/myproject.cpp:44]   --->   Operation 224 'extractvalue' 'layer3_out_20' <Predicate = true> <Delay = 0.00>
ST_31 : Operation 225 [1/1] (0.00ns)   --->   "%layer3_out_21 = extractvalue i1024 %call_ret2" [firmware/myproject.cpp:44]   --->   Operation 225 'extractvalue' 'layer3_out_21' <Predicate = true> <Delay = 0.00>
ST_31 : Operation 226 [1/1] (0.00ns)   --->   "%layer3_out_22 = extractvalue i1024 %call_ret2" [firmware/myproject.cpp:44]   --->   Operation 226 'extractvalue' 'layer3_out_22' <Predicate = true> <Delay = 0.00>
ST_31 : Operation 227 [1/1] (0.00ns)   --->   "%layer3_out_23 = extractvalue i1024 %call_ret2" [firmware/myproject.cpp:44]   --->   Operation 227 'extractvalue' 'layer3_out_23' <Predicate = true> <Delay = 0.00>
ST_31 : Operation 228 [1/1] (0.00ns)   --->   "%layer3_out_24 = extractvalue i1024 %call_ret2" [firmware/myproject.cpp:44]   --->   Operation 228 'extractvalue' 'layer3_out_24' <Predicate = true> <Delay = 0.00>
ST_31 : Operation 229 [1/1] (0.00ns)   --->   "%layer3_out_25 = extractvalue i1024 %call_ret2" [firmware/myproject.cpp:44]   --->   Operation 229 'extractvalue' 'layer3_out_25' <Predicate = true> <Delay = 0.00>
ST_31 : Operation 230 [1/1] (0.00ns)   --->   "%layer3_out_26 = extractvalue i1024 %call_ret2" [firmware/myproject.cpp:44]   --->   Operation 230 'extractvalue' 'layer3_out_26' <Predicate = true> <Delay = 0.00>
ST_31 : Operation 231 [1/1] (0.00ns)   --->   "%layer3_out_27 = extractvalue i1024 %call_ret2" [firmware/myproject.cpp:44]   --->   Operation 231 'extractvalue' 'layer3_out_27' <Predicate = true> <Delay = 0.00>
ST_31 : Operation 232 [1/1] (0.00ns)   --->   "%layer3_out_28 = extractvalue i1024 %call_ret2" [firmware/myproject.cpp:44]   --->   Operation 232 'extractvalue' 'layer3_out_28' <Predicate = true> <Delay = 0.00>
ST_31 : Operation 233 [1/1] (0.00ns)   --->   "%layer3_out_29 = extractvalue i1024 %call_ret2" [firmware/myproject.cpp:44]   --->   Operation 233 'extractvalue' 'layer3_out_29' <Predicate = true> <Delay = 0.00>
ST_31 : Operation 234 [1/1] (0.00ns)   --->   "%layer3_out_30 = extractvalue i1024 %call_ret2" [firmware/myproject.cpp:44]   --->   Operation 234 'extractvalue' 'layer3_out_30' <Predicate = true> <Delay = 0.00>
ST_31 : Operation 235 [1/1] (0.00ns)   --->   "%layer3_out_31 = extractvalue i1024 %call_ret2" [firmware/myproject.cpp:44]   --->   Operation 235 'extractvalue' 'layer3_out_31' <Predicate = true> <Delay = 0.00>
ST_31 : Operation 236 [1/1] (0.00ns)   --->   "%layer3_out_32 = extractvalue i1024 %call_ret2" [firmware/myproject.cpp:44]   --->   Operation 236 'extractvalue' 'layer3_out_32' <Predicate = true> <Delay = 0.00>
ST_31 : Operation 237 [1/1] (0.00ns)   --->   "%layer3_out_33 = extractvalue i1024 %call_ret2" [firmware/myproject.cpp:44]   --->   Operation 237 'extractvalue' 'layer3_out_33' <Predicate = true> <Delay = 0.00>
ST_31 : Operation 238 [1/1] (0.00ns)   --->   "%layer3_out_34 = extractvalue i1024 %call_ret2" [firmware/myproject.cpp:44]   --->   Operation 238 'extractvalue' 'layer3_out_34' <Predicate = true> <Delay = 0.00>
ST_31 : Operation 239 [1/1] (0.00ns)   --->   "%layer3_out_35 = extractvalue i1024 %call_ret2" [firmware/myproject.cpp:44]   --->   Operation 239 'extractvalue' 'layer3_out_35' <Predicate = true> <Delay = 0.00>
ST_31 : Operation 240 [1/1] (0.00ns)   --->   "%layer3_out_36 = extractvalue i1024 %call_ret2" [firmware/myproject.cpp:44]   --->   Operation 240 'extractvalue' 'layer3_out_36' <Predicate = true> <Delay = 0.00>
ST_31 : Operation 241 [1/1] (0.00ns)   --->   "%layer3_out_37 = extractvalue i1024 %call_ret2" [firmware/myproject.cpp:44]   --->   Operation 241 'extractvalue' 'layer3_out_37' <Predicate = true> <Delay = 0.00>
ST_31 : Operation 242 [1/1] (0.00ns)   --->   "%layer3_out_38 = extractvalue i1024 %call_ret2" [firmware/myproject.cpp:44]   --->   Operation 242 'extractvalue' 'layer3_out_38' <Predicate = true> <Delay = 0.00>
ST_31 : Operation 243 [1/1] (0.00ns)   --->   "%layer3_out_39 = extractvalue i1024 %call_ret2" [firmware/myproject.cpp:44]   --->   Operation 243 'extractvalue' 'layer3_out_39' <Predicate = true> <Delay = 0.00>
ST_31 : Operation 244 [1/1] (0.00ns)   --->   "%layer3_out_40 = extractvalue i1024 %call_ret2" [firmware/myproject.cpp:44]   --->   Operation 244 'extractvalue' 'layer3_out_40' <Predicate = true> <Delay = 0.00>
ST_31 : Operation 245 [1/1] (0.00ns)   --->   "%layer3_out_41 = extractvalue i1024 %call_ret2" [firmware/myproject.cpp:44]   --->   Operation 245 'extractvalue' 'layer3_out_41' <Predicate = true> <Delay = 0.00>
ST_31 : Operation 246 [1/1] (0.00ns)   --->   "%layer3_out_42 = extractvalue i1024 %call_ret2" [firmware/myproject.cpp:44]   --->   Operation 246 'extractvalue' 'layer3_out_42' <Predicate = true> <Delay = 0.00>
ST_31 : Operation 247 [1/1] (0.00ns)   --->   "%layer3_out_43 = extractvalue i1024 %call_ret2" [firmware/myproject.cpp:44]   --->   Operation 247 'extractvalue' 'layer3_out_43' <Predicate = true> <Delay = 0.00>
ST_31 : Operation 248 [1/1] (0.00ns)   --->   "%layer3_out_44 = extractvalue i1024 %call_ret2" [firmware/myproject.cpp:44]   --->   Operation 248 'extractvalue' 'layer3_out_44' <Predicate = true> <Delay = 0.00>
ST_31 : Operation 249 [1/1] (0.00ns)   --->   "%layer3_out_45 = extractvalue i1024 %call_ret2" [firmware/myproject.cpp:44]   --->   Operation 249 'extractvalue' 'layer3_out_45' <Predicate = true> <Delay = 0.00>
ST_31 : Operation 250 [1/1] (0.00ns)   --->   "%layer3_out_46 = extractvalue i1024 %call_ret2" [firmware/myproject.cpp:44]   --->   Operation 250 'extractvalue' 'layer3_out_46' <Predicate = true> <Delay = 0.00>
ST_31 : Operation 251 [1/1] (0.00ns)   --->   "%layer3_out_47 = extractvalue i1024 %call_ret2" [firmware/myproject.cpp:44]   --->   Operation 251 'extractvalue' 'layer3_out_47' <Predicate = true> <Delay = 0.00>
ST_31 : Operation 252 [1/1] (0.00ns)   --->   "%layer3_out_48 = extractvalue i1024 %call_ret2" [firmware/myproject.cpp:44]   --->   Operation 252 'extractvalue' 'layer3_out_48' <Predicate = true> <Delay = 0.00>
ST_31 : Operation 253 [1/1] (0.00ns)   --->   "%layer3_out_49 = extractvalue i1024 %call_ret2" [firmware/myproject.cpp:44]   --->   Operation 253 'extractvalue' 'layer3_out_49' <Predicate = true> <Delay = 0.00>
ST_31 : Operation 254 [1/1] (0.00ns)   --->   "%layer3_out_50 = extractvalue i1024 %call_ret2" [firmware/myproject.cpp:44]   --->   Operation 254 'extractvalue' 'layer3_out_50' <Predicate = true> <Delay = 0.00>
ST_31 : Operation 255 [1/1] (0.00ns)   --->   "%layer3_out_51 = extractvalue i1024 %call_ret2" [firmware/myproject.cpp:44]   --->   Operation 255 'extractvalue' 'layer3_out_51' <Predicate = true> <Delay = 0.00>
ST_31 : Operation 256 [1/1] (0.00ns)   --->   "%layer3_out_52 = extractvalue i1024 %call_ret2" [firmware/myproject.cpp:44]   --->   Operation 256 'extractvalue' 'layer3_out_52' <Predicate = true> <Delay = 0.00>
ST_31 : Operation 257 [1/1] (0.00ns)   --->   "%layer3_out_53 = extractvalue i1024 %call_ret2" [firmware/myproject.cpp:44]   --->   Operation 257 'extractvalue' 'layer3_out_53' <Predicate = true> <Delay = 0.00>
ST_31 : Operation 258 [1/1] (0.00ns)   --->   "%layer3_out_54 = extractvalue i1024 %call_ret2" [firmware/myproject.cpp:44]   --->   Operation 258 'extractvalue' 'layer3_out_54' <Predicate = true> <Delay = 0.00>
ST_31 : Operation 259 [1/1] (0.00ns)   --->   "%layer3_out_55 = extractvalue i1024 %call_ret2" [firmware/myproject.cpp:44]   --->   Operation 259 'extractvalue' 'layer3_out_55' <Predicate = true> <Delay = 0.00>
ST_31 : Operation 260 [1/1] (0.00ns)   --->   "%layer3_out_56 = extractvalue i1024 %call_ret2" [firmware/myproject.cpp:44]   --->   Operation 260 'extractvalue' 'layer3_out_56' <Predicate = true> <Delay = 0.00>
ST_31 : Operation 261 [1/1] (0.00ns)   --->   "%layer3_out_57 = extractvalue i1024 %call_ret2" [firmware/myproject.cpp:44]   --->   Operation 261 'extractvalue' 'layer3_out_57' <Predicate = true> <Delay = 0.00>
ST_31 : Operation 262 [1/1] (0.00ns)   --->   "%layer3_out_58 = extractvalue i1024 %call_ret2" [firmware/myproject.cpp:44]   --->   Operation 262 'extractvalue' 'layer3_out_58' <Predicate = true> <Delay = 0.00>
ST_31 : Operation 263 [1/1] (0.00ns)   --->   "%layer3_out_59 = extractvalue i1024 %call_ret2" [firmware/myproject.cpp:44]   --->   Operation 263 'extractvalue' 'layer3_out_59' <Predicate = true> <Delay = 0.00>
ST_31 : Operation 264 [1/1] (0.00ns)   --->   "%layer3_out_60 = extractvalue i1024 %call_ret2" [firmware/myproject.cpp:44]   --->   Operation 264 'extractvalue' 'layer3_out_60' <Predicate = true> <Delay = 0.00>
ST_31 : Operation 265 [1/1] (0.00ns)   --->   "%layer3_out_61 = extractvalue i1024 %call_ret2" [firmware/myproject.cpp:44]   --->   Operation 265 'extractvalue' 'layer3_out_61' <Predicate = true> <Delay = 0.00>
ST_31 : Operation 266 [1/1] (0.00ns)   --->   "%layer3_out_62 = extractvalue i1024 %call_ret2" [firmware/myproject.cpp:44]   --->   Operation 266 'extractvalue' 'layer3_out_62' <Predicate = true> <Delay = 0.00>
ST_31 : Operation 267 [1/1] (0.00ns)   --->   "%layer3_out_63 = extractvalue i1024 %call_ret2" [firmware/myproject.cpp:44]   --->   Operation 267 'extractvalue' 'layer3_out_63' <Predicate = true> <Delay = 0.00>
ST_31 : Operation 268 [31/31] (24.6ns)   --->   "%call_ret3 = call i1024 @dense_latency<ap_fixed<16, 6, 5, 3, 0>, ap_fixed<32, 18, 5, 3, 0>, config4>, i16 %layer3_out, i16 %layer3_out_1, i16 %layer3_out_2, i16 %layer3_out_3, i16 %layer3_out_4, i16 %layer3_out_5, i16 %layer3_out_6, i16 %layer3_out_7, i16 %layer3_out_8, i16 %layer3_out_9, i16 %layer3_out_10, i16 %layer3_out_11, i16 %layer3_out_12, i16 %layer3_out_13, i16 %layer3_out_14, i16 %layer3_out_15, i16 %layer3_out_16, i16 %layer3_out_17, i16 %layer3_out_18, i16 %layer3_out_19, i16 %layer3_out_20, i16 %layer3_out_21, i16 %layer3_out_22, i16 %layer3_out_23, i16 %layer3_out_24, i16 %layer3_out_25, i16 %layer3_out_26, i16 %layer3_out_27, i16 %layer3_out_28, i16 %layer3_out_29, i16 %layer3_out_30, i16 %layer3_out_31, i16 %layer3_out_32, i16 %layer3_out_33, i16 %layer3_out_34, i16 %layer3_out_35, i16 %layer3_out_36, i16 %layer3_out_37, i16 %layer3_out_38, i16 %layer3_out_39, i16 %layer3_out_40, i16 %layer3_out_41, i16 %layer3_out_42, i16 %layer3_out_43, i16 %layer3_out_44, i16 %layer3_out_45, i16 %layer3_out_46, i16 %layer3_out_47, i16 %layer3_out_48, i16 %layer3_out_49, i16 %layer3_out_50, i16 %layer3_out_51, i16 %layer3_out_52, i16 %layer3_out_53, i16 %layer3_out_54, i16 %layer3_out_55, i16 %layer3_out_56, i16 %layer3_out_57, i16 %layer3_out_58, i16 %layer3_out_59, i16 %layer3_out_60, i16 %layer3_out_61, i16 %layer3_out_62, i16 %layer3_out_63" [firmware/nnet_utils/nnet_dense.h:54->firmware/nnet_utils/nnet_dense.h:45->firmware/myproject.cpp:48]   --->   Operation 268 'call' 'call_ret3' <Predicate = true> <Delay = 24.6> <CoreType = "Generic">   --->   Core 0 '' <Latency = 0> <II = 1> <Delay = 1.00> <Generic> <Opcode : >

State 32 <SV = 31> <Delay = 24.6>
ST_32 : Operation 269 [30/31] (24.6ns)   --->   "%call_ret3 = call i1024 @dense_latency<ap_fixed<16, 6, 5, 3, 0>, ap_fixed<32, 18, 5, 3, 0>, config4>, i16 %layer3_out, i16 %layer3_out_1, i16 %layer3_out_2, i16 %layer3_out_3, i16 %layer3_out_4, i16 %layer3_out_5, i16 %layer3_out_6, i16 %layer3_out_7, i16 %layer3_out_8, i16 %layer3_out_9, i16 %layer3_out_10, i16 %layer3_out_11, i16 %layer3_out_12, i16 %layer3_out_13, i16 %layer3_out_14, i16 %layer3_out_15, i16 %layer3_out_16, i16 %layer3_out_17, i16 %layer3_out_18, i16 %layer3_out_19, i16 %layer3_out_20, i16 %layer3_out_21, i16 %layer3_out_22, i16 %layer3_out_23, i16 %layer3_out_24, i16 %layer3_out_25, i16 %layer3_out_26, i16 %layer3_out_27, i16 %layer3_out_28, i16 %layer3_out_29, i16 %layer3_out_30, i16 %layer3_out_31, i16 %layer3_out_32, i16 %layer3_out_33, i16 %layer3_out_34, i16 %layer3_out_35, i16 %layer3_out_36, i16 %layer3_out_37, i16 %layer3_out_38, i16 %layer3_out_39, i16 %layer3_out_40, i16 %layer3_out_41, i16 %layer3_out_42, i16 %layer3_out_43, i16 %layer3_out_44, i16 %layer3_out_45, i16 %layer3_out_46, i16 %layer3_out_47, i16 %layer3_out_48, i16 %layer3_out_49, i16 %layer3_out_50, i16 %layer3_out_51, i16 %layer3_out_52, i16 %layer3_out_53, i16 %layer3_out_54, i16 %layer3_out_55, i16 %layer3_out_56, i16 %layer3_out_57, i16 %layer3_out_58, i16 %layer3_out_59, i16 %layer3_out_60, i16 %layer3_out_61, i16 %layer3_out_62, i16 %layer3_out_63" [firmware/nnet_utils/nnet_dense.h:54->firmware/nnet_utils/nnet_dense.h:45->firmware/myproject.cpp:48]   --->   Operation 269 'call' 'call_ret3' <Predicate = true> <Delay = 24.6> <CoreType = "Generic">   --->   Core 0 '' <Latency = 0> <II = 1> <Delay = 1.00> <Generic> <Opcode : >

State 33 <SV = 32> <Delay = 24.6>
ST_33 : Operation 270 [29/31] (24.6ns)   --->   "%call_ret3 = call i1024 @dense_latency<ap_fixed<16, 6, 5, 3, 0>, ap_fixed<32, 18, 5, 3, 0>, config4>, i16 %layer3_out, i16 %layer3_out_1, i16 %layer3_out_2, i16 %layer3_out_3, i16 %layer3_out_4, i16 %layer3_out_5, i16 %layer3_out_6, i16 %layer3_out_7, i16 %layer3_out_8, i16 %layer3_out_9, i16 %layer3_out_10, i16 %layer3_out_11, i16 %layer3_out_12, i16 %layer3_out_13, i16 %layer3_out_14, i16 %layer3_out_15, i16 %layer3_out_16, i16 %layer3_out_17, i16 %layer3_out_18, i16 %layer3_out_19, i16 %layer3_out_20, i16 %layer3_out_21, i16 %layer3_out_22, i16 %layer3_out_23, i16 %layer3_out_24, i16 %layer3_out_25, i16 %layer3_out_26, i16 %layer3_out_27, i16 %layer3_out_28, i16 %layer3_out_29, i16 %layer3_out_30, i16 %layer3_out_31, i16 %layer3_out_32, i16 %layer3_out_33, i16 %layer3_out_34, i16 %layer3_out_35, i16 %layer3_out_36, i16 %layer3_out_37, i16 %layer3_out_38, i16 %layer3_out_39, i16 %layer3_out_40, i16 %layer3_out_41, i16 %layer3_out_42, i16 %layer3_out_43, i16 %layer3_out_44, i16 %layer3_out_45, i16 %layer3_out_46, i16 %layer3_out_47, i16 %layer3_out_48, i16 %layer3_out_49, i16 %layer3_out_50, i16 %layer3_out_51, i16 %layer3_out_52, i16 %layer3_out_53, i16 %layer3_out_54, i16 %layer3_out_55, i16 %layer3_out_56, i16 %layer3_out_57, i16 %layer3_out_58, i16 %layer3_out_59, i16 %layer3_out_60, i16 %layer3_out_61, i16 %layer3_out_62, i16 %layer3_out_63" [firmware/nnet_utils/nnet_dense.h:54->firmware/nnet_utils/nnet_dense.h:45->firmware/myproject.cpp:48]   --->   Operation 270 'call' 'call_ret3' <Predicate = true> <Delay = 24.6> <CoreType = "Generic">   --->   Core 0 '' <Latency = 0> <II = 1> <Delay = 1.00> <Generic> <Opcode : >

State 34 <SV = 33> <Delay = 24.6>
ST_34 : Operation 271 [28/31] (24.6ns)   --->   "%call_ret3 = call i1024 @dense_latency<ap_fixed<16, 6, 5, 3, 0>, ap_fixed<32, 18, 5, 3, 0>, config4>, i16 %layer3_out, i16 %layer3_out_1, i16 %layer3_out_2, i16 %layer3_out_3, i16 %layer3_out_4, i16 %layer3_out_5, i16 %layer3_out_6, i16 %layer3_out_7, i16 %layer3_out_8, i16 %layer3_out_9, i16 %layer3_out_10, i16 %layer3_out_11, i16 %layer3_out_12, i16 %layer3_out_13, i16 %layer3_out_14, i16 %layer3_out_15, i16 %layer3_out_16, i16 %layer3_out_17, i16 %layer3_out_18, i16 %layer3_out_19, i16 %layer3_out_20, i16 %layer3_out_21, i16 %layer3_out_22, i16 %layer3_out_23, i16 %layer3_out_24, i16 %layer3_out_25, i16 %layer3_out_26, i16 %layer3_out_27, i16 %layer3_out_28, i16 %layer3_out_29, i16 %layer3_out_30, i16 %layer3_out_31, i16 %layer3_out_32, i16 %layer3_out_33, i16 %layer3_out_34, i16 %layer3_out_35, i16 %layer3_out_36, i16 %layer3_out_37, i16 %layer3_out_38, i16 %layer3_out_39, i16 %layer3_out_40, i16 %layer3_out_41, i16 %layer3_out_42, i16 %layer3_out_43, i16 %layer3_out_44, i16 %layer3_out_45, i16 %layer3_out_46, i16 %layer3_out_47, i16 %layer3_out_48, i16 %layer3_out_49, i16 %layer3_out_50, i16 %layer3_out_51, i16 %layer3_out_52, i16 %layer3_out_53, i16 %layer3_out_54, i16 %layer3_out_55, i16 %layer3_out_56, i16 %layer3_out_57, i16 %layer3_out_58, i16 %layer3_out_59, i16 %layer3_out_60, i16 %layer3_out_61, i16 %layer3_out_62, i16 %layer3_out_63" [firmware/nnet_utils/nnet_dense.h:54->firmware/nnet_utils/nnet_dense.h:45->firmware/myproject.cpp:48]   --->   Operation 271 'call' 'call_ret3' <Predicate = true> <Delay = 24.6> <CoreType = "Generic">   --->   Core 0 '' <Latency = 0> <II = 1> <Delay = 1.00> <Generic> <Opcode : >

State 35 <SV = 34> <Delay = 24.6>
ST_35 : Operation 272 [27/31] (24.6ns)   --->   "%call_ret3 = call i1024 @dense_latency<ap_fixed<16, 6, 5, 3, 0>, ap_fixed<32, 18, 5, 3, 0>, config4>, i16 %layer3_out, i16 %layer3_out_1, i16 %layer3_out_2, i16 %layer3_out_3, i16 %layer3_out_4, i16 %layer3_out_5, i16 %layer3_out_6, i16 %layer3_out_7, i16 %layer3_out_8, i16 %layer3_out_9, i16 %layer3_out_10, i16 %layer3_out_11, i16 %layer3_out_12, i16 %layer3_out_13, i16 %layer3_out_14, i16 %layer3_out_15, i16 %layer3_out_16, i16 %layer3_out_17, i16 %layer3_out_18, i16 %layer3_out_19, i16 %layer3_out_20, i16 %layer3_out_21, i16 %layer3_out_22, i16 %layer3_out_23, i16 %layer3_out_24, i16 %layer3_out_25, i16 %layer3_out_26, i16 %layer3_out_27, i16 %layer3_out_28, i16 %layer3_out_29, i16 %layer3_out_30, i16 %layer3_out_31, i16 %layer3_out_32, i16 %layer3_out_33, i16 %layer3_out_34, i16 %layer3_out_35, i16 %layer3_out_36, i16 %layer3_out_37, i16 %layer3_out_38, i16 %layer3_out_39, i16 %layer3_out_40, i16 %layer3_out_41, i16 %layer3_out_42, i16 %layer3_out_43, i16 %layer3_out_44, i16 %layer3_out_45, i16 %layer3_out_46, i16 %layer3_out_47, i16 %layer3_out_48, i16 %layer3_out_49, i16 %layer3_out_50, i16 %layer3_out_51, i16 %layer3_out_52, i16 %layer3_out_53, i16 %layer3_out_54, i16 %layer3_out_55, i16 %layer3_out_56, i16 %layer3_out_57, i16 %layer3_out_58, i16 %layer3_out_59, i16 %layer3_out_60, i16 %layer3_out_61, i16 %layer3_out_62, i16 %layer3_out_63" [firmware/nnet_utils/nnet_dense.h:54->firmware/nnet_utils/nnet_dense.h:45->firmware/myproject.cpp:48]   --->   Operation 272 'call' 'call_ret3' <Predicate = true> <Delay = 24.6> <CoreType = "Generic">   --->   Core 0 '' <Latency = 0> <II = 1> <Delay = 1.00> <Generic> <Opcode : >

State 36 <SV = 35> <Delay = 24.6>
ST_36 : Operation 273 [26/31] (24.6ns)   --->   "%call_ret3 = call i1024 @dense_latency<ap_fixed<16, 6, 5, 3, 0>, ap_fixed<32, 18, 5, 3, 0>, config4>, i16 %layer3_out, i16 %layer3_out_1, i16 %layer3_out_2, i16 %layer3_out_3, i16 %layer3_out_4, i16 %layer3_out_5, i16 %layer3_out_6, i16 %layer3_out_7, i16 %layer3_out_8, i16 %layer3_out_9, i16 %layer3_out_10, i16 %layer3_out_11, i16 %layer3_out_12, i16 %layer3_out_13, i16 %layer3_out_14, i16 %layer3_out_15, i16 %layer3_out_16, i16 %layer3_out_17, i16 %layer3_out_18, i16 %layer3_out_19, i16 %layer3_out_20, i16 %layer3_out_21, i16 %layer3_out_22, i16 %layer3_out_23, i16 %layer3_out_24, i16 %layer3_out_25, i16 %layer3_out_26, i16 %layer3_out_27, i16 %layer3_out_28, i16 %layer3_out_29, i16 %layer3_out_30, i16 %layer3_out_31, i16 %layer3_out_32, i16 %layer3_out_33, i16 %layer3_out_34, i16 %layer3_out_35, i16 %layer3_out_36, i16 %layer3_out_37, i16 %layer3_out_38, i16 %layer3_out_39, i16 %layer3_out_40, i16 %layer3_out_41, i16 %layer3_out_42, i16 %layer3_out_43, i16 %layer3_out_44, i16 %layer3_out_45, i16 %layer3_out_46, i16 %layer3_out_47, i16 %layer3_out_48, i16 %layer3_out_49, i16 %layer3_out_50, i16 %layer3_out_51, i16 %layer3_out_52, i16 %layer3_out_53, i16 %layer3_out_54, i16 %layer3_out_55, i16 %layer3_out_56, i16 %layer3_out_57, i16 %layer3_out_58, i16 %layer3_out_59, i16 %layer3_out_60, i16 %layer3_out_61, i16 %layer3_out_62, i16 %layer3_out_63" [firmware/nnet_utils/nnet_dense.h:54->firmware/nnet_utils/nnet_dense.h:45->firmware/myproject.cpp:48]   --->   Operation 273 'call' 'call_ret3' <Predicate = true> <Delay = 24.6> <CoreType = "Generic">   --->   Core 0 '' <Latency = 0> <II = 1> <Delay = 1.00> <Generic> <Opcode : >

State 37 <SV = 36> <Delay = 24.6>
ST_37 : Operation 274 [25/31] (24.6ns)   --->   "%call_ret3 = call i1024 @dense_latency<ap_fixed<16, 6, 5, 3, 0>, ap_fixed<32, 18, 5, 3, 0>, config4>, i16 %layer3_out, i16 %layer3_out_1, i16 %layer3_out_2, i16 %layer3_out_3, i16 %layer3_out_4, i16 %layer3_out_5, i16 %layer3_out_6, i16 %layer3_out_7, i16 %layer3_out_8, i16 %layer3_out_9, i16 %layer3_out_10, i16 %layer3_out_11, i16 %layer3_out_12, i16 %layer3_out_13, i16 %layer3_out_14, i16 %layer3_out_15, i16 %layer3_out_16, i16 %layer3_out_17, i16 %layer3_out_18, i16 %layer3_out_19, i16 %layer3_out_20, i16 %layer3_out_21, i16 %layer3_out_22, i16 %layer3_out_23, i16 %layer3_out_24, i16 %layer3_out_25, i16 %layer3_out_26, i16 %layer3_out_27, i16 %layer3_out_28, i16 %layer3_out_29, i16 %layer3_out_30, i16 %layer3_out_31, i16 %layer3_out_32, i16 %layer3_out_33, i16 %layer3_out_34, i16 %layer3_out_35, i16 %layer3_out_36, i16 %layer3_out_37, i16 %layer3_out_38, i16 %layer3_out_39, i16 %layer3_out_40, i16 %layer3_out_41, i16 %layer3_out_42, i16 %layer3_out_43, i16 %layer3_out_44, i16 %layer3_out_45, i16 %layer3_out_46, i16 %layer3_out_47, i16 %layer3_out_48, i16 %layer3_out_49, i16 %layer3_out_50, i16 %layer3_out_51, i16 %layer3_out_52, i16 %layer3_out_53, i16 %layer3_out_54, i16 %layer3_out_55, i16 %layer3_out_56, i16 %layer3_out_57, i16 %layer3_out_58, i16 %layer3_out_59, i16 %layer3_out_60, i16 %layer3_out_61, i16 %layer3_out_62, i16 %layer3_out_63" [firmware/nnet_utils/nnet_dense.h:54->firmware/nnet_utils/nnet_dense.h:45->firmware/myproject.cpp:48]   --->   Operation 274 'call' 'call_ret3' <Predicate = true> <Delay = 24.6> <CoreType = "Generic">   --->   Core 0 '' <Latency = 0> <II = 1> <Delay = 1.00> <Generic> <Opcode : >

State 38 <SV = 37> <Delay = 24.6>
ST_38 : Operation 275 [24/31] (24.6ns)   --->   "%call_ret3 = call i1024 @dense_latency<ap_fixed<16, 6, 5, 3, 0>, ap_fixed<32, 18, 5, 3, 0>, config4>, i16 %layer3_out, i16 %layer3_out_1, i16 %layer3_out_2, i16 %layer3_out_3, i16 %layer3_out_4, i16 %layer3_out_5, i16 %layer3_out_6, i16 %layer3_out_7, i16 %layer3_out_8, i16 %layer3_out_9, i16 %layer3_out_10, i16 %layer3_out_11, i16 %layer3_out_12, i16 %layer3_out_13, i16 %layer3_out_14, i16 %layer3_out_15, i16 %layer3_out_16, i16 %layer3_out_17, i16 %layer3_out_18, i16 %layer3_out_19, i16 %layer3_out_20, i16 %layer3_out_21, i16 %layer3_out_22, i16 %layer3_out_23, i16 %layer3_out_24, i16 %layer3_out_25, i16 %layer3_out_26, i16 %layer3_out_27, i16 %layer3_out_28, i16 %layer3_out_29, i16 %layer3_out_30, i16 %layer3_out_31, i16 %layer3_out_32, i16 %layer3_out_33, i16 %layer3_out_34, i16 %layer3_out_35, i16 %layer3_out_36, i16 %layer3_out_37, i16 %layer3_out_38, i16 %layer3_out_39, i16 %layer3_out_40, i16 %layer3_out_41, i16 %layer3_out_42, i16 %layer3_out_43, i16 %layer3_out_44, i16 %layer3_out_45, i16 %layer3_out_46, i16 %layer3_out_47, i16 %layer3_out_48, i16 %layer3_out_49, i16 %layer3_out_50, i16 %layer3_out_51, i16 %layer3_out_52, i16 %layer3_out_53, i16 %layer3_out_54, i16 %layer3_out_55, i16 %layer3_out_56, i16 %layer3_out_57, i16 %layer3_out_58, i16 %layer3_out_59, i16 %layer3_out_60, i16 %layer3_out_61, i16 %layer3_out_62, i16 %layer3_out_63" [firmware/nnet_utils/nnet_dense.h:54->firmware/nnet_utils/nnet_dense.h:45->firmware/myproject.cpp:48]   --->   Operation 275 'call' 'call_ret3' <Predicate = true> <Delay = 24.6> <CoreType = "Generic">   --->   Core 0 '' <Latency = 0> <II = 1> <Delay = 1.00> <Generic> <Opcode : >

State 39 <SV = 38> <Delay = 24.6>
ST_39 : Operation 276 [23/31] (24.6ns)   --->   "%call_ret3 = call i1024 @dense_latency<ap_fixed<16, 6, 5, 3, 0>, ap_fixed<32, 18, 5, 3, 0>, config4>, i16 %layer3_out, i16 %layer3_out_1, i16 %layer3_out_2, i16 %layer3_out_3, i16 %layer3_out_4, i16 %layer3_out_5, i16 %layer3_out_6, i16 %layer3_out_7, i16 %layer3_out_8, i16 %layer3_out_9, i16 %layer3_out_10, i16 %layer3_out_11, i16 %layer3_out_12, i16 %layer3_out_13, i16 %layer3_out_14, i16 %layer3_out_15, i16 %layer3_out_16, i16 %layer3_out_17, i16 %layer3_out_18, i16 %layer3_out_19, i16 %layer3_out_20, i16 %layer3_out_21, i16 %layer3_out_22, i16 %layer3_out_23, i16 %layer3_out_24, i16 %layer3_out_25, i16 %layer3_out_26, i16 %layer3_out_27, i16 %layer3_out_28, i16 %layer3_out_29, i16 %layer3_out_30, i16 %layer3_out_31, i16 %layer3_out_32, i16 %layer3_out_33, i16 %layer3_out_34, i16 %layer3_out_35, i16 %layer3_out_36, i16 %layer3_out_37, i16 %layer3_out_38, i16 %layer3_out_39, i16 %layer3_out_40, i16 %layer3_out_41, i16 %layer3_out_42, i16 %layer3_out_43, i16 %layer3_out_44, i16 %layer3_out_45, i16 %layer3_out_46, i16 %layer3_out_47, i16 %layer3_out_48, i16 %layer3_out_49, i16 %layer3_out_50, i16 %layer3_out_51, i16 %layer3_out_52, i16 %layer3_out_53, i16 %layer3_out_54, i16 %layer3_out_55, i16 %layer3_out_56, i16 %layer3_out_57, i16 %layer3_out_58, i16 %layer3_out_59, i16 %layer3_out_60, i16 %layer3_out_61, i16 %layer3_out_62, i16 %layer3_out_63" [firmware/nnet_utils/nnet_dense.h:54->firmware/nnet_utils/nnet_dense.h:45->firmware/myproject.cpp:48]   --->   Operation 276 'call' 'call_ret3' <Predicate = true> <Delay = 24.6> <CoreType = "Generic">   --->   Core 0 '' <Latency = 0> <II = 1> <Delay = 1.00> <Generic> <Opcode : >

State 40 <SV = 39> <Delay = 24.6>
ST_40 : Operation 277 [22/31] (24.6ns)   --->   "%call_ret3 = call i1024 @dense_latency<ap_fixed<16, 6, 5, 3, 0>, ap_fixed<32, 18, 5, 3, 0>, config4>, i16 %layer3_out, i16 %layer3_out_1, i16 %layer3_out_2, i16 %layer3_out_3, i16 %layer3_out_4, i16 %layer3_out_5, i16 %layer3_out_6, i16 %layer3_out_7, i16 %layer3_out_8, i16 %layer3_out_9, i16 %layer3_out_10, i16 %layer3_out_11, i16 %layer3_out_12, i16 %layer3_out_13, i16 %layer3_out_14, i16 %layer3_out_15, i16 %layer3_out_16, i16 %layer3_out_17, i16 %layer3_out_18, i16 %layer3_out_19, i16 %layer3_out_20, i16 %layer3_out_21, i16 %layer3_out_22, i16 %layer3_out_23, i16 %layer3_out_24, i16 %layer3_out_25, i16 %layer3_out_26, i16 %layer3_out_27, i16 %layer3_out_28, i16 %layer3_out_29, i16 %layer3_out_30, i16 %layer3_out_31, i16 %layer3_out_32, i16 %layer3_out_33, i16 %layer3_out_34, i16 %layer3_out_35, i16 %layer3_out_36, i16 %layer3_out_37, i16 %layer3_out_38, i16 %layer3_out_39, i16 %layer3_out_40, i16 %layer3_out_41, i16 %layer3_out_42, i16 %layer3_out_43, i16 %layer3_out_44, i16 %layer3_out_45, i16 %layer3_out_46, i16 %layer3_out_47, i16 %layer3_out_48, i16 %layer3_out_49, i16 %layer3_out_50, i16 %layer3_out_51, i16 %layer3_out_52, i16 %layer3_out_53, i16 %layer3_out_54, i16 %layer3_out_55, i16 %layer3_out_56, i16 %layer3_out_57, i16 %layer3_out_58, i16 %layer3_out_59, i16 %layer3_out_60, i16 %layer3_out_61, i16 %layer3_out_62, i16 %layer3_out_63" [firmware/nnet_utils/nnet_dense.h:54->firmware/nnet_utils/nnet_dense.h:45->firmware/myproject.cpp:48]   --->   Operation 277 'call' 'call_ret3' <Predicate = true> <Delay = 24.6> <CoreType = "Generic">   --->   Core 0 '' <Latency = 0> <II = 1> <Delay = 1.00> <Generic> <Opcode : >

State 41 <SV = 40> <Delay = 24.6>
ST_41 : Operation 278 [21/31] (24.6ns)   --->   "%call_ret3 = call i1024 @dense_latency<ap_fixed<16, 6, 5, 3, 0>, ap_fixed<32, 18, 5, 3, 0>, config4>, i16 %layer3_out, i16 %layer3_out_1, i16 %layer3_out_2, i16 %layer3_out_3, i16 %layer3_out_4, i16 %layer3_out_5, i16 %layer3_out_6, i16 %layer3_out_7, i16 %layer3_out_8, i16 %layer3_out_9, i16 %layer3_out_10, i16 %layer3_out_11, i16 %layer3_out_12, i16 %layer3_out_13, i16 %layer3_out_14, i16 %layer3_out_15, i16 %layer3_out_16, i16 %layer3_out_17, i16 %layer3_out_18, i16 %layer3_out_19, i16 %layer3_out_20, i16 %layer3_out_21, i16 %layer3_out_22, i16 %layer3_out_23, i16 %layer3_out_24, i16 %layer3_out_25, i16 %layer3_out_26, i16 %layer3_out_27, i16 %layer3_out_28, i16 %layer3_out_29, i16 %layer3_out_30, i16 %layer3_out_31, i16 %layer3_out_32, i16 %layer3_out_33, i16 %layer3_out_34, i16 %layer3_out_35, i16 %layer3_out_36, i16 %layer3_out_37, i16 %layer3_out_38, i16 %layer3_out_39, i16 %layer3_out_40, i16 %layer3_out_41, i16 %layer3_out_42, i16 %layer3_out_43, i16 %layer3_out_44, i16 %layer3_out_45, i16 %layer3_out_46, i16 %layer3_out_47, i16 %layer3_out_48, i16 %layer3_out_49, i16 %layer3_out_50, i16 %layer3_out_51, i16 %layer3_out_52, i16 %layer3_out_53, i16 %layer3_out_54, i16 %layer3_out_55, i16 %layer3_out_56, i16 %layer3_out_57, i16 %layer3_out_58, i16 %layer3_out_59, i16 %layer3_out_60, i16 %layer3_out_61, i16 %layer3_out_62, i16 %layer3_out_63" [firmware/nnet_utils/nnet_dense.h:54->firmware/nnet_utils/nnet_dense.h:45->firmware/myproject.cpp:48]   --->   Operation 278 'call' 'call_ret3' <Predicate = true> <Delay = 24.6> <CoreType = "Generic">   --->   Core 0 '' <Latency = 0> <II = 1> <Delay = 1.00> <Generic> <Opcode : >

State 42 <SV = 41> <Delay = 24.6>
ST_42 : Operation 279 [20/31] (24.6ns)   --->   "%call_ret3 = call i1024 @dense_latency<ap_fixed<16, 6, 5, 3, 0>, ap_fixed<32, 18, 5, 3, 0>, config4>, i16 %layer3_out, i16 %layer3_out_1, i16 %layer3_out_2, i16 %layer3_out_3, i16 %layer3_out_4, i16 %layer3_out_5, i16 %layer3_out_6, i16 %layer3_out_7, i16 %layer3_out_8, i16 %layer3_out_9, i16 %layer3_out_10, i16 %layer3_out_11, i16 %layer3_out_12, i16 %layer3_out_13, i16 %layer3_out_14, i16 %layer3_out_15, i16 %layer3_out_16, i16 %layer3_out_17, i16 %layer3_out_18, i16 %layer3_out_19, i16 %layer3_out_20, i16 %layer3_out_21, i16 %layer3_out_22, i16 %layer3_out_23, i16 %layer3_out_24, i16 %layer3_out_25, i16 %layer3_out_26, i16 %layer3_out_27, i16 %layer3_out_28, i16 %layer3_out_29, i16 %layer3_out_30, i16 %layer3_out_31, i16 %layer3_out_32, i16 %layer3_out_33, i16 %layer3_out_34, i16 %layer3_out_35, i16 %layer3_out_36, i16 %layer3_out_37, i16 %layer3_out_38, i16 %layer3_out_39, i16 %layer3_out_40, i16 %layer3_out_41, i16 %layer3_out_42, i16 %layer3_out_43, i16 %layer3_out_44, i16 %layer3_out_45, i16 %layer3_out_46, i16 %layer3_out_47, i16 %layer3_out_48, i16 %layer3_out_49, i16 %layer3_out_50, i16 %layer3_out_51, i16 %layer3_out_52, i16 %layer3_out_53, i16 %layer3_out_54, i16 %layer3_out_55, i16 %layer3_out_56, i16 %layer3_out_57, i16 %layer3_out_58, i16 %layer3_out_59, i16 %layer3_out_60, i16 %layer3_out_61, i16 %layer3_out_62, i16 %layer3_out_63" [firmware/nnet_utils/nnet_dense.h:54->firmware/nnet_utils/nnet_dense.h:45->firmware/myproject.cpp:48]   --->   Operation 279 'call' 'call_ret3' <Predicate = true> <Delay = 24.6> <CoreType = "Generic">   --->   Core 0 '' <Latency = 0> <II = 1> <Delay = 1.00> <Generic> <Opcode : >

State 43 <SV = 42> <Delay = 24.6>
ST_43 : Operation 280 [19/31] (24.6ns)   --->   "%call_ret3 = call i1024 @dense_latency<ap_fixed<16, 6, 5, 3, 0>, ap_fixed<32, 18, 5, 3, 0>, config4>, i16 %layer3_out, i16 %layer3_out_1, i16 %layer3_out_2, i16 %layer3_out_3, i16 %layer3_out_4, i16 %layer3_out_5, i16 %layer3_out_6, i16 %layer3_out_7, i16 %layer3_out_8, i16 %layer3_out_9, i16 %layer3_out_10, i16 %layer3_out_11, i16 %layer3_out_12, i16 %layer3_out_13, i16 %layer3_out_14, i16 %layer3_out_15, i16 %layer3_out_16, i16 %layer3_out_17, i16 %layer3_out_18, i16 %layer3_out_19, i16 %layer3_out_20, i16 %layer3_out_21, i16 %layer3_out_22, i16 %layer3_out_23, i16 %layer3_out_24, i16 %layer3_out_25, i16 %layer3_out_26, i16 %layer3_out_27, i16 %layer3_out_28, i16 %layer3_out_29, i16 %layer3_out_30, i16 %layer3_out_31, i16 %layer3_out_32, i16 %layer3_out_33, i16 %layer3_out_34, i16 %layer3_out_35, i16 %layer3_out_36, i16 %layer3_out_37, i16 %layer3_out_38, i16 %layer3_out_39, i16 %layer3_out_40, i16 %layer3_out_41, i16 %layer3_out_42, i16 %layer3_out_43, i16 %layer3_out_44, i16 %layer3_out_45, i16 %layer3_out_46, i16 %layer3_out_47, i16 %layer3_out_48, i16 %layer3_out_49, i16 %layer3_out_50, i16 %layer3_out_51, i16 %layer3_out_52, i16 %layer3_out_53, i16 %layer3_out_54, i16 %layer3_out_55, i16 %layer3_out_56, i16 %layer3_out_57, i16 %layer3_out_58, i16 %layer3_out_59, i16 %layer3_out_60, i16 %layer3_out_61, i16 %layer3_out_62, i16 %layer3_out_63" [firmware/nnet_utils/nnet_dense.h:54->firmware/nnet_utils/nnet_dense.h:45->firmware/myproject.cpp:48]   --->   Operation 280 'call' 'call_ret3' <Predicate = true> <Delay = 24.6> <CoreType = "Generic">   --->   Core 0 '' <Latency = 0> <II = 1> <Delay = 1.00> <Generic> <Opcode : >

State 44 <SV = 43> <Delay = 24.6>
ST_44 : Operation 281 [18/31] (24.6ns)   --->   "%call_ret3 = call i1024 @dense_latency<ap_fixed<16, 6, 5, 3, 0>, ap_fixed<32, 18, 5, 3, 0>, config4>, i16 %layer3_out, i16 %layer3_out_1, i16 %layer3_out_2, i16 %layer3_out_3, i16 %layer3_out_4, i16 %layer3_out_5, i16 %layer3_out_6, i16 %layer3_out_7, i16 %layer3_out_8, i16 %layer3_out_9, i16 %layer3_out_10, i16 %layer3_out_11, i16 %layer3_out_12, i16 %layer3_out_13, i16 %layer3_out_14, i16 %layer3_out_15, i16 %layer3_out_16, i16 %layer3_out_17, i16 %layer3_out_18, i16 %layer3_out_19, i16 %layer3_out_20, i16 %layer3_out_21, i16 %layer3_out_22, i16 %layer3_out_23, i16 %layer3_out_24, i16 %layer3_out_25, i16 %layer3_out_26, i16 %layer3_out_27, i16 %layer3_out_28, i16 %layer3_out_29, i16 %layer3_out_30, i16 %layer3_out_31, i16 %layer3_out_32, i16 %layer3_out_33, i16 %layer3_out_34, i16 %layer3_out_35, i16 %layer3_out_36, i16 %layer3_out_37, i16 %layer3_out_38, i16 %layer3_out_39, i16 %layer3_out_40, i16 %layer3_out_41, i16 %layer3_out_42, i16 %layer3_out_43, i16 %layer3_out_44, i16 %layer3_out_45, i16 %layer3_out_46, i16 %layer3_out_47, i16 %layer3_out_48, i16 %layer3_out_49, i16 %layer3_out_50, i16 %layer3_out_51, i16 %layer3_out_52, i16 %layer3_out_53, i16 %layer3_out_54, i16 %layer3_out_55, i16 %layer3_out_56, i16 %layer3_out_57, i16 %layer3_out_58, i16 %layer3_out_59, i16 %layer3_out_60, i16 %layer3_out_61, i16 %layer3_out_62, i16 %layer3_out_63" [firmware/nnet_utils/nnet_dense.h:54->firmware/nnet_utils/nnet_dense.h:45->firmware/myproject.cpp:48]   --->   Operation 281 'call' 'call_ret3' <Predicate = true> <Delay = 24.6> <CoreType = "Generic">   --->   Core 0 '' <Latency = 0> <II = 1> <Delay = 1.00> <Generic> <Opcode : >

State 45 <SV = 44> <Delay = 24.6>
ST_45 : Operation 282 [17/31] (24.6ns)   --->   "%call_ret3 = call i1024 @dense_latency<ap_fixed<16, 6, 5, 3, 0>, ap_fixed<32, 18, 5, 3, 0>, config4>, i16 %layer3_out, i16 %layer3_out_1, i16 %layer3_out_2, i16 %layer3_out_3, i16 %layer3_out_4, i16 %layer3_out_5, i16 %layer3_out_6, i16 %layer3_out_7, i16 %layer3_out_8, i16 %layer3_out_9, i16 %layer3_out_10, i16 %layer3_out_11, i16 %layer3_out_12, i16 %layer3_out_13, i16 %layer3_out_14, i16 %layer3_out_15, i16 %layer3_out_16, i16 %layer3_out_17, i16 %layer3_out_18, i16 %layer3_out_19, i16 %layer3_out_20, i16 %layer3_out_21, i16 %layer3_out_22, i16 %layer3_out_23, i16 %layer3_out_24, i16 %layer3_out_25, i16 %layer3_out_26, i16 %layer3_out_27, i16 %layer3_out_28, i16 %layer3_out_29, i16 %layer3_out_30, i16 %layer3_out_31, i16 %layer3_out_32, i16 %layer3_out_33, i16 %layer3_out_34, i16 %layer3_out_35, i16 %layer3_out_36, i16 %layer3_out_37, i16 %layer3_out_38, i16 %layer3_out_39, i16 %layer3_out_40, i16 %layer3_out_41, i16 %layer3_out_42, i16 %layer3_out_43, i16 %layer3_out_44, i16 %layer3_out_45, i16 %layer3_out_46, i16 %layer3_out_47, i16 %layer3_out_48, i16 %layer3_out_49, i16 %layer3_out_50, i16 %layer3_out_51, i16 %layer3_out_52, i16 %layer3_out_53, i16 %layer3_out_54, i16 %layer3_out_55, i16 %layer3_out_56, i16 %layer3_out_57, i16 %layer3_out_58, i16 %layer3_out_59, i16 %layer3_out_60, i16 %layer3_out_61, i16 %layer3_out_62, i16 %layer3_out_63" [firmware/nnet_utils/nnet_dense.h:54->firmware/nnet_utils/nnet_dense.h:45->firmware/myproject.cpp:48]   --->   Operation 282 'call' 'call_ret3' <Predicate = true> <Delay = 24.6> <CoreType = "Generic">   --->   Core 0 '' <Latency = 0> <II = 1> <Delay = 1.00> <Generic> <Opcode : >

State 46 <SV = 45> <Delay = 24.6>
ST_46 : Operation 283 [16/31] (24.6ns)   --->   "%call_ret3 = call i1024 @dense_latency<ap_fixed<16, 6, 5, 3, 0>, ap_fixed<32, 18, 5, 3, 0>, config4>, i16 %layer3_out, i16 %layer3_out_1, i16 %layer3_out_2, i16 %layer3_out_3, i16 %layer3_out_4, i16 %layer3_out_5, i16 %layer3_out_6, i16 %layer3_out_7, i16 %layer3_out_8, i16 %layer3_out_9, i16 %layer3_out_10, i16 %layer3_out_11, i16 %layer3_out_12, i16 %layer3_out_13, i16 %layer3_out_14, i16 %layer3_out_15, i16 %layer3_out_16, i16 %layer3_out_17, i16 %layer3_out_18, i16 %layer3_out_19, i16 %layer3_out_20, i16 %layer3_out_21, i16 %layer3_out_22, i16 %layer3_out_23, i16 %layer3_out_24, i16 %layer3_out_25, i16 %layer3_out_26, i16 %layer3_out_27, i16 %layer3_out_28, i16 %layer3_out_29, i16 %layer3_out_30, i16 %layer3_out_31, i16 %layer3_out_32, i16 %layer3_out_33, i16 %layer3_out_34, i16 %layer3_out_35, i16 %layer3_out_36, i16 %layer3_out_37, i16 %layer3_out_38, i16 %layer3_out_39, i16 %layer3_out_40, i16 %layer3_out_41, i16 %layer3_out_42, i16 %layer3_out_43, i16 %layer3_out_44, i16 %layer3_out_45, i16 %layer3_out_46, i16 %layer3_out_47, i16 %layer3_out_48, i16 %layer3_out_49, i16 %layer3_out_50, i16 %layer3_out_51, i16 %layer3_out_52, i16 %layer3_out_53, i16 %layer3_out_54, i16 %layer3_out_55, i16 %layer3_out_56, i16 %layer3_out_57, i16 %layer3_out_58, i16 %layer3_out_59, i16 %layer3_out_60, i16 %layer3_out_61, i16 %layer3_out_62, i16 %layer3_out_63" [firmware/nnet_utils/nnet_dense.h:54->firmware/nnet_utils/nnet_dense.h:45->firmware/myproject.cpp:48]   --->   Operation 283 'call' 'call_ret3' <Predicate = true> <Delay = 24.6> <CoreType = "Generic">   --->   Core 0 '' <Latency = 0> <II = 1> <Delay = 1.00> <Generic> <Opcode : >

State 47 <SV = 46> <Delay = 24.6>
ST_47 : Operation 284 [15/31] (24.6ns)   --->   "%call_ret3 = call i1024 @dense_latency<ap_fixed<16, 6, 5, 3, 0>, ap_fixed<32, 18, 5, 3, 0>, config4>, i16 %layer3_out, i16 %layer3_out_1, i16 %layer3_out_2, i16 %layer3_out_3, i16 %layer3_out_4, i16 %layer3_out_5, i16 %layer3_out_6, i16 %layer3_out_7, i16 %layer3_out_8, i16 %layer3_out_9, i16 %layer3_out_10, i16 %layer3_out_11, i16 %layer3_out_12, i16 %layer3_out_13, i16 %layer3_out_14, i16 %layer3_out_15, i16 %layer3_out_16, i16 %layer3_out_17, i16 %layer3_out_18, i16 %layer3_out_19, i16 %layer3_out_20, i16 %layer3_out_21, i16 %layer3_out_22, i16 %layer3_out_23, i16 %layer3_out_24, i16 %layer3_out_25, i16 %layer3_out_26, i16 %layer3_out_27, i16 %layer3_out_28, i16 %layer3_out_29, i16 %layer3_out_30, i16 %layer3_out_31, i16 %layer3_out_32, i16 %layer3_out_33, i16 %layer3_out_34, i16 %layer3_out_35, i16 %layer3_out_36, i16 %layer3_out_37, i16 %layer3_out_38, i16 %layer3_out_39, i16 %layer3_out_40, i16 %layer3_out_41, i16 %layer3_out_42, i16 %layer3_out_43, i16 %layer3_out_44, i16 %layer3_out_45, i16 %layer3_out_46, i16 %layer3_out_47, i16 %layer3_out_48, i16 %layer3_out_49, i16 %layer3_out_50, i16 %layer3_out_51, i16 %layer3_out_52, i16 %layer3_out_53, i16 %layer3_out_54, i16 %layer3_out_55, i16 %layer3_out_56, i16 %layer3_out_57, i16 %layer3_out_58, i16 %layer3_out_59, i16 %layer3_out_60, i16 %layer3_out_61, i16 %layer3_out_62, i16 %layer3_out_63" [firmware/nnet_utils/nnet_dense.h:54->firmware/nnet_utils/nnet_dense.h:45->firmware/myproject.cpp:48]   --->   Operation 284 'call' 'call_ret3' <Predicate = true> <Delay = 24.6> <CoreType = "Generic">   --->   Core 0 '' <Latency = 0> <II = 1> <Delay = 1.00> <Generic> <Opcode : >

State 48 <SV = 47> <Delay = 24.6>
ST_48 : Operation 285 [14/31] (24.6ns)   --->   "%call_ret3 = call i1024 @dense_latency<ap_fixed<16, 6, 5, 3, 0>, ap_fixed<32, 18, 5, 3, 0>, config4>, i16 %layer3_out, i16 %layer3_out_1, i16 %layer3_out_2, i16 %layer3_out_3, i16 %layer3_out_4, i16 %layer3_out_5, i16 %layer3_out_6, i16 %layer3_out_7, i16 %layer3_out_8, i16 %layer3_out_9, i16 %layer3_out_10, i16 %layer3_out_11, i16 %layer3_out_12, i16 %layer3_out_13, i16 %layer3_out_14, i16 %layer3_out_15, i16 %layer3_out_16, i16 %layer3_out_17, i16 %layer3_out_18, i16 %layer3_out_19, i16 %layer3_out_20, i16 %layer3_out_21, i16 %layer3_out_22, i16 %layer3_out_23, i16 %layer3_out_24, i16 %layer3_out_25, i16 %layer3_out_26, i16 %layer3_out_27, i16 %layer3_out_28, i16 %layer3_out_29, i16 %layer3_out_30, i16 %layer3_out_31, i16 %layer3_out_32, i16 %layer3_out_33, i16 %layer3_out_34, i16 %layer3_out_35, i16 %layer3_out_36, i16 %layer3_out_37, i16 %layer3_out_38, i16 %layer3_out_39, i16 %layer3_out_40, i16 %layer3_out_41, i16 %layer3_out_42, i16 %layer3_out_43, i16 %layer3_out_44, i16 %layer3_out_45, i16 %layer3_out_46, i16 %layer3_out_47, i16 %layer3_out_48, i16 %layer3_out_49, i16 %layer3_out_50, i16 %layer3_out_51, i16 %layer3_out_52, i16 %layer3_out_53, i16 %layer3_out_54, i16 %layer3_out_55, i16 %layer3_out_56, i16 %layer3_out_57, i16 %layer3_out_58, i16 %layer3_out_59, i16 %layer3_out_60, i16 %layer3_out_61, i16 %layer3_out_62, i16 %layer3_out_63" [firmware/nnet_utils/nnet_dense.h:54->firmware/nnet_utils/nnet_dense.h:45->firmware/myproject.cpp:48]   --->   Operation 285 'call' 'call_ret3' <Predicate = true> <Delay = 24.6> <CoreType = "Generic">   --->   Core 0 '' <Latency = 0> <II = 1> <Delay = 1.00> <Generic> <Opcode : >

State 49 <SV = 48> <Delay = 24.6>
ST_49 : Operation 286 [13/31] (24.6ns)   --->   "%call_ret3 = call i1024 @dense_latency<ap_fixed<16, 6, 5, 3, 0>, ap_fixed<32, 18, 5, 3, 0>, config4>, i16 %layer3_out, i16 %layer3_out_1, i16 %layer3_out_2, i16 %layer3_out_3, i16 %layer3_out_4, i16 %layer3_out_5, i16 %layer3_out_6, i16 %layer3_out_7, i16 %layer3_out_8, i16 %layer3_out_9, i16 %layer3_out_10, i16 %layer3_out_11, i16 %layer3_out_12, i16 %layer3_out_13, i16 %layer3_out_14, i16 %layer3_out_15, i16 %layer3_out_16, i16 %layer3_out_17, i16 %layer3_out_18, i16 %layer3_out_19, i16 %layer3_out_20, i16 %layer3_out_21, i16 %layer3_out_22, i16 %layer3_out_23, i16 %layer3_out_24, i16 %layer3_out_25, i16 %layer3_out_26, i16 %layer3_out_27, i16 %layer3_out_28, i16 %layer3_out_29, i16 %layer3_out_30, i16 %layer3_out_31, i16 %layer3_out_32, i16 %layer3_out_33, i16 %layer3_out_34, i16 %layer3_out_35, i16 %layer3_out_36, i16 %layer3_out_37, i16 %layer3_out_38, i16 %layer3_out_39, i16 %layer3_out_40, i16 %layer3_out_41, i16 %layer3_out_42, i16 %layer3_out_43, i16 %layer3_out_44, i16 %layer3_out_45, i16 %layer3_out_46, i16 %layer3_out_47, i16 %layer3_out_48, i16 %layer3_out_49, i16 %layer3_out_50, i16 %layer3_out_51, i16 %layer3_out_52, i16 %layer3_out_53, i16 %layer3_out_54, i16 %layer3_out_55, i16 %layer3_out_56, i16 %layer3_out_57, i16 %layer3_out_58, i16 %layer3_out_59, i16 %layer3_out_60, i16 %layer3_out_61, i16 %layer3_out_62, i16 %layer3_out_63" [firmware/nnet_utils/nnet_dense.h:54->firmware/nnet_utils/nnet_dense.h:45->firmware/myproject.cpp:48]   --->   Operation 286 'call' 'call_ret3' <Predicate = true> <Delay = 24.6> <CoreType = "Generic">   --->   Core 0 '' <Latency = 0> <II = 1> <Delay = 1.00> <Generic> <Opcode : >

State 50 <SV = 49> <Delay = 24.6>
ST_50 : Operation 287 [12/31] (24.6ns)   --->   "%call_ret3 = call i1024 @dense_latency<ap_fixed<16, 6, 5, 3, 0>, ap_fixed<32, 18, 5, 3, 0>, config4>, i16 %layer3_out, i16 %layer3_out_1, i16 %layer3_out_2, i16 %layer3_out_3, i16 %layer3_out_4, i16 %layer3_out_5, i16 %layer3_out_6, i16 %layer3_out_7, i16 %layer3_out_8, i16 %layer3_out_9, i16 %layer3_out_10, i16 %layer3_out_11, i16 %layer3_out_12, i16 %layer3_out_13, i16 %layer3_out_14, i16 %layer3_out_15, i16 %layer3_out_16, i16 %layer3_out_17, i16 %layer3_out_18, i16 %layer3_out_19, i16 %layer3_out_20, i16 %layer3_out_21, i16 %layer3_out_22, i16 %layer3_out_23, i16 %layer3_out_24, i16 %layer3_out_25, i16 %layer3_out_26, i16 %layer3_out_27, i16 %layer3_out_28, i16 %layer3_out_29, i16 %layer3_out_30, i16 %layer3_out_31, i16 %layer3_out_32, i16 %layer3_out_33, i16 %layer3_out_34, i16 %layer3_out_35, i16 %layer3_out_36, i16 %layer3_out_37, i16 %layer3_out_38, i16 %layer3_out_39, i16 %layer3_out_40, i16 %layer3_out_41, i16 %layer3_out_42, i16 %layer3_out_43, i16 %layer3_out_44, i16 %layer3_out_45, i16 %layer3_out_46, i16 %layer3_out_47, i16 %layer3_out_48, i16 %layer3_out_49, i16 %layer3_out_50, i16 %layer3_out_51, i16 %layer3_out_52, i16 %layer3_out_53, i16 %layer3_out_54, i16 %layer3_out_55, i16 %layer3_out_56, i16 %layer3_out_57, i16 %layer3_out_58, i16 %layer3_out_59, i16 %layer3_out_60, i16 %layer3_out_61, i16 %layer3_out_62, i16 %layer3_out_63" [firmware/nnet_utils/nnet_dense.h:54->firmware/nnet_utils/nnet_dense.h:45->firmware/myproject.cpp:48]   --->   Operation 287 'call' 'call_ret3' <Predicate = true> <Delay = 24.6> <CoreType = "Generic">   --->   Core 0 '' <Latency = 0> <II = 1> <Delay = 1.00> <Generic> <Opcode : >

State 51 <SV = 50> <Delay = 24.6>
ST_51 : Operation 288 [11/31] (24.6ns)   --->   "%call_ret3 = call i1024 @dense_latency<ap_fixed<16, 6, 5, 3, 0>, ap_fixed<32, 18, 5, 3, 0>, config4>, i16 %layer3_out, i16 %layer3_out_1, i16 %layer3_out_2, i16 %layer3_out_3, i16 %layer3_out_4, i16 %layer3_out_5, i16 %layer3_out_6, i16 %layer3_out_7, i16 %layer3_out_8, i16 %layer3_out_9, i16 %layer3_out_10, i16 %layer3_out_11, i16 %layer3_out_12, i16 %layer3_out_13, i16 %layer3_out_14, i16 %layer3_out_15, i16 %layer3_out_16, i16 %layer3_out_17, i16 %layer3_out_18, i16 %layer3_out_19, i16 %layer3_out_20, i16 %layer3_out_21, i16 %layer3_out_22, i16 %layer3_out_23, i16 %layer3_out_24, i16 %layer3_out_25, i16 %layer3_out_26, i16 %layer3_out_27, i16 %layer3_out_28, i16 %layer3_out_29, i16 %layer3_out_30, i16 %layer3_out_31, i16 %layer3_out_32, i16 %layer3_out_33, i16 %layer3_out_34, i16 %layer3_out_35, i16 %layer3_out_36, i16 %layer3_out_37, i16 %layer3_out_38, i16 %layer3_out_39, i16 %layer3_out_40, i16 %layer3_out_41, i16 %layer3_out_42, i16 %layer3_out_43, i16 %layer3_out_44, i16 %layer3_out_45, i16 %layer3_out_46, i16 %layer3_out_47, i16 %layer3_out_48, i16 %layer3_out_49, i16 %layer3_out_50, i16 %layer3_out_51, i16 %layer3_out_52, i16 %layer3_out_53, i16 %layer3_out_54, i16 %layer3_out_55, i16 %layer3_out_56, i16 %layer3_out_57, i16 %layer3_out_58, i16 %layer3_out_59, i16 %layer3_out_60, i16 %layer3_out_61, i16 %layer3_out_62, i16 %layer3_out_63" [firmware/nnet_utils/nnet_dense.h:54->firmware/nnet_utils/nnet_dense.h:45->firmware/myproject.cpp:48]   --->   Operation 288 'call' 'call_ret3' <Predicate = true> <Delay = 24.6> <CoreType = "Generic">   --->   Core 0 '' <Latency = 0> <II = 1> <Delay = 1.00> <Generic> <Opcode : >

State 52 <SV = 51> <Delay = 24.6>
ST_52 : Operation 289 [10/31] (24.6ns)   --->   "%call_ret3 = call i1024 @dense_latency<ap_fixed<16, 6, 5, 3, 0>, ap_fixed<32, 18, 5, 3, 0>, config4>, i16 %layer3_out, i16 %layer3_out_1, i16 %layer3_out_2, i16 %layer3_out_3, i16 %layer3_out_4, i16 %layer3_out_5, i16 %layer3_out_6, i16 %layer3_out_7, i16 %layer3_out_8, i16 %layer3_out_9, i16 %layer3_out_10, i16 %layer3_out_11, i16 %layer3_out_12, i16 %layer3_out_13, i16 %layer3_out_14, i16 %layer3_out_15, i16 %layer3_out_16, i16 %layer3_out_17, i16 %layer3_out_18, i16 %layer3_out_19, i16 %layer3_out_20, i16 %layer3_out_21, i16 %layer3_out_22, i16 %layer3_out_23, i16 %layer3_out_24, i16 %layer3_out_25, i16 %layer3_out_26, i16 %layer3_out_27, i16 %layer3_out_28, i16 %layer3_out_29, i16 %layer3_out_30, i16 %layer3_out_31, i16 %layer3_out_32, i16 %layer3_out_33, i16 %layer3_out_34, i16 %layer3_out_35, i16 %layer3_out_36, i16 %layer3_out_37, i16 %layer3_out_38, i16 %layer3_out_39, i16 %layer3_out_40, i16 %layer3_out_41, i16 %layer3_out_42, i16 %layer3_out_43, i16 %layer3_out_44, i16 %layer3_out_45, i16 %layer3_out_46, i16 %layer3_out_47, i16 %layer3_out_48, i16 %layer3_out_49, i16 %layer3_out_50, i16 %layer3_out_51, i16 %layer3_out_52, i16 %layer3_out_53, i16 %layer3_out_54, i16 %layer3_out_55, i16 %layer3_out_56, i16 %layer3_out_57, i16 %layer3_out_58, i16 %layer3_out_59, i16 %layer3_out_60, i16 %layer3_out_61, i16 %layer3_out_62, i16 %layer3_out_63" [firmware/nnet_utils/nnet_dense.h:54->firmware/nnet_utils/nnet_dense.h:45->firmware/myproject.cpp:48]   --->   Operation 289 'call' 'call_ret3' <Predicate = true> <Delay = 24.6> <CoreType = "Generic">   --->   Core 0 '' <Latency = 0> <II = 1> <Delay = 1.00> <Generic> <Opcode : >

State 53 <SV = 52> <Delay = 24.6>
ST_53 : Operation 290 [9/31] (24.6ns)   --->   "%call_ret3 = call i1024 @dense_latency<ap_fixed<16, 6, 5, 3, 0>, ap_fixed<32, 18, 5, 3, 0>, config4>, i16 %layer3_out, i16 %layer3_out_1, i16 %layer3_out_2, i16 %layer3_out_3, i16 %layer3_out_4, i16 %layer3_out_5, i16 %layer3_out_6, i16 %layer3_out_7, i16 %layer3_out_8, i16 %layer3_out_9, i16 %layer3_out_10, i16 %layer3_out_11, i16 %layer3_out_12, i16 %layer3_out_13, i16 %layer3_out_14, i16 %layer3_out_15, i16 %layer3_out_16, i16 %layer3_out_17, i16 %layer3_out_18, i16 %layer3_out_19, i16 %layer3_out_20, i16 %layer3_out_21, i16 %layer3_out_22, i16 %layer3_out_23, i16 %layer3_out_24, i16 %layer3_out_25, i16 %layer3_out_26, i16 %layer3_out_27, i16 %layer3_out_28, i16 %layer3_out_29, i16 %layer3_out_30, i16 %layer3_out_31, i16 %layer3_out_32, i16 %layer3_out_33, i16 %layer3_out_34, i16 %layer3_out_35, i16 %layer3_out_36, i16 %layer3_out_37, i16 %layer3_out_38, i16 %layer3_out_39, i16 %layer3_out_40, i16 %layer3_out_41, i16 %layer3_out_42, i16 %layer3_out_43, i16 %layer3_out_44, i16 %layer3_out_45, i16 %layer3_out_46, i16 %layer3_out_47, i16 %layer3_out_48, i16 %layer3_out_49, i16 %layer3_out_50, i16 %layer3_out_51, i16 %layer3_out_52, i16 %layer3_out_53, i16 %layer3_out_54, i16 %layer3_out_55, i16 %layer3_out_56, i16 %layer3_out_57, i16 %layer3_out_58, i16 %layer3_out_59, i16 %layer3_out_60, i16 %layer3_out_61, i16 %layer3_out_62, i16 %layer3_out_63" [firmware/nnet_utils/nnet_dense.h:54->firmware/nnet_utils/nnet_dense.h:45->firmware/myproject.cpp:48]   --->   Operation 290 'call' 'call_ret3' <Predicate = true> <Delay = 24.6> <CoreType = "Generic">   --->   Core 0 '' <Latency = 0> <II = 1> <Delay = 1.00> <Generic> <Opcode : >

State 54 <SV = 53> <Delay = 24.6>
ST_54 : Operation 291 [8/31] (24.6ns)   --->   "%call_ret3 = call i1024 @dense_latency<ap_fixed<16, 6, 5, 3, 0>, ap_fixed<32, 18, 5, 3, 0>, config4>, i16 %layer3_out, i16 %layer3_out_1, i16 %layer3_out_2, i16 %layer3_out_3, i16 %layer3_out_4, i16 %layer3_out_5, i16 %layer3_out_6, i16 %layer3_out_7, i16 %layer3_out_8, i16 %layer3_out_9, i16 %layer3_out_10, i16 %layer3_out_11, i16 %layer3_out_12, i16 %layer3_out_13, i16 %layer3_out_14, i16 %layer3_out_15, i16 %layer3_out_16, i16 %layer3_out_17, i16 %layer3_out_18, i16 %layer3_out_19, i16 %layer3_out_20, i16 %layer3_out_21, i16 %layer3_out_22, i16 %layer3_out_23, i16 %layer3_out_24, i16 %layer3_out_25, i16 %layer3_out_26, i16 %layer3_out_27, i16 %layer3_out_28, i16 %layer3_out_29, i16 %layer3_out_30, i16 %layer3_out_31, i16 %layer3_out_32, i16 %layer3_out_33, i16 %layer3_out_34, i16 %layer3_out_35, i16 %layer3_out_36, i16 %layer3_out_37, i16 %layer3_out_38, i16 %layer3_out_39, i16 %layer3_out_40, i16 %layer3_out_41, i16 %layer3_out_42, i16 %layer3_out_43, i16 %layer3_out_44, i16 %layer3_out_45, i16 %layer3_out_46, i16 %layer3_out_47, i16 %layer3_out_48, i16 %layer3_out_49, i16 %layer3_out_50, i16 %layer3_out_51, i16 %layer3_out_52, i16 %layer3_out_53, i16 %layer3_out_54, i16 %layer3_out_55, i16 %layer3_out_56, i16 %layer3_out_57, i16 %layer3_out_58, i16 %layer3_out_59, i16 %layer3_out_60, i16 %layer3_out_61, i16 %layer3_out_62, i16 %layer3_out_63" [firmware/nnet_utils/nnet_dense.h:54->firmware/nnet_utils/nnet_dense.h:45->firmware/myproject.cpp:48]   --->   Operation 291 'call' 'call_ret3' <Predicate = true> <Delay = 24.6> <CoreType = "Generic">   --->   Core 0 '' <Latency = 0> <II = 1> <Delay = 1.00> <Generic> <Opcode : >

State 55 <SV = 54> <Delay = 24.6>
ST_55 : Operation 292 [7/31] (24.6ns)   --->   "%call_ret3 = call i1024 @dense_latency<ap_fixed<16, 6, 5, 3, 0>, ap_fixed<32, 18, 5, 3, 0>, config4>, i16 %layer3_out, i16 %layer3_out_1, i16 %layer3_out_2, i16 %layer3_out_3, i16 %layer3_out_4, i16 %layer3_out_5, i16 %layer3_out_6, i16 %layer3_out_7, i16 %layer3_out_8, i16 %layer3_out_9, i16 %layer3_out_10, i16 %layer3_out_11, i16 %layer3_out_12, i16 %layer3_out_13, i16 %layer3_out_14, i16 %layer3_out_15, i16 %layer3_out_16, i16 %layer3_out_17, i16 %layer3_out_18, i16 %layer3_out_19, i16 %layer3_out_20, i16 %layer3_out_21, i16 %layer3_out_22, i16 %layer3_out_23, i16 %layer3_out_24, i16 %layer3_out_25, i16 %layer3_out_26, i16 %layer3_out_27, i16 %layer3_out_28, i16 %layer3_out_29, i16 %layer3_out_30, i16 %layer3_out_31, i16 %layer3_out_32, i16 %layer3_out_33, i16 %layer3_out_34, i16 %layer3_out_35, i16 %layer3_out_36, i16 %layer3_out_37, i16 %layer3_out_38, i16 %layer3_out_39, i16 %layer3_out_40, i16 %layer3_out_41, i16 %layer3_out_42, i16 %layer3_out_43, i16 %layer3_out_44, i16 %layer3_out_45, i16 %layer3_out_46, i16 %layer3_out_47, i16 %layer3_out_48, i16 %layer3_out_49, i16 %layer3_out_50, i16 %layer3_out_51, i16 %layer3_out_52, i16 %layer3_out_53, i16 %layer3_out_54, i16 %layer3_out_55, i16 %layer3_out_56, i16 %layer3_out_57, i16 %layer3_out_58, i16 %layer3_out_59, i16 %layer3_out_60, i16 %layer3_out_61, i16 %layer3_out_62, i16 %layer3_out_63" [firmware/nnet_utils/nnet_dense.h:54->firmware/nnet_utils/nnet_dense.h:45->firmware/myproject.cpp:48]   --->   Operation 292 'call' 'call_ret3' <Predicate = true> <Delay = 24.6> <CoreType = "Generic">   --->   Core 0 '' <Latency = 0> <II = 1> <Delay = 1.00> <Generic> <Opcode : >

State 56 <SV = 55> <Delay = 24.6>
ST_56 : Operation 293 [6/31] (24.6ns)   --->   "%call_ret3 = call i1024 @dense_latency<ap_fixed<16, 6, 5, 3, 0>, ap_fixed<32, 18, 5, 3, 0>, config4>, i16 %layer3_out, i16 %layer3_out_1, i16 %layer3_out_2, i16 %layer3_out_3, i16 %layer3_out_4, i16 %layer3_out_5, i16 %layer3_out_6, i16 %layer3_out_7, i16 %layer3_out_8, i16 %layer3_out_9, i16 %layer3_out_10, i16 %layer3_out_11, i16 %layer3_out_12, i16 %layer3_out_13, i16 %layer3_out_14, i16 %layer3_out_15, i16 %layer3_out_16, i16 %layer3_out_17, i16 %layer3_out_18, i16 %layer3_out_19, i16 %layer3_out_20, i16 %layer3_out_21, i16 %layer3_out_22, i16 %layer3_out_23, i16 %layer3_out_24, i16 %layer3_out_25, i16 %layer3_out_26, i16 %layer3_out_27, i16 %layer3_out_28, i16 %layer3_out_29, i16 %layer3_out_30, i16 %layer3_out_31, i16 %layer3_out_32, i16 %layer3_out_33, i16 %layer3_out_34, i16 %layer3_out_35, i16 %layer3_out_36, i16 %layer3_out_37, i16 %layer3_out_38, i16 %layer3_out_39, i16 %layer3_out_40, i16 %layer3_out_41, i16 %layer3_out_42, i16 %layer3_out_43, i16 %layer3_out_44, i16 %layer3_out_45, i16 %layer3_out_46, i16 %layer3_out_47, i16 %layer3_out_48, i16 %layer3_out_49, i16 %layer3_out_50, i16 %layer3_out_51, i16 %layer3_out_52, i16 %layer3_out_53, i16 %layer3_out_54, i16 %layer3_out_55, i16 %layer3_out_56, i16 %layer3_out_57, i16 %layer3_out_58, i16 %layer3_out_59, i16 %layer3_out_60, i16 %layer3_out_61, i16 %layer3_out_62, i16 %layer3_out_63" [firmware/nnet_utils/nnet_dense.h:54->firmware/nnet_utils/nnet_dense.h:45->firmware/myproject.cpp:48]   --->   Operation 293 'call' 'call_ret3' <Predicate = true> <Delay = 24.6> <CoreType = "Generic">   --->   Core 0 '' <Latency = 0> <II = 1> <Delay = 1.00> <Generic> <Opcode : >

State 57 <SV = 56> <Delay = 24.6>
ST_57 : Operation 294 [5/31] (24.6ns)   --->   "%call_ret3 = call i1024 @dense_latency<ap_fixed<16, 6, 5, 3, 0>, ap_fixed<32, 18, 5, 3, 0>, config4>, i16 %layer3_out, i16 %layer3_out_1, i16 %layer3_out_2, i16 %layer3_out_3, i16 %layer3_out_4, i16 %layer3_out_5, i16 %layer3_out_6, i16 %layer3_out_7, i16 %layer3_out_8, i16 %layer3_out_9, i16 %layer3_out_10, i16 %layer3_out_11, i16 %layer3_out_12, i16 %layer3_out_13, i16 %layer3_out_14, i16 %layer3_out_15, i16 %layer3_out_16, i16 %layer3_out_17, i16 %layer3_out_18, i16 %layer3_out_19, i16 %layer3_out_20, i16 %layer3_out_21, i16 %layer3_out_22, i16 %layer3_out_23, i16 %layer3_out_24, i16 %layer3_out_25, i16 %layer3_out_26, i16 %layer3_out_27, i16 %layer3_out_28, i16 %layer3_out_29, i16 %layer3_out_30, i16 %layer3_out_31, i16 %layer3_out_32, i16 %layer3_out_33, i16 %layer3_out_34, i16 %layer3_out_35, i16 %layer3_out_36, i16 %layer3_out_37, i16 %layer3_out_38, i16 %layer3_out_39, i16 %layer3_out_40, i16 %layer3_out_41, i16 %layer3_out_42, i16 %layer3_out_43, i16 %layer3_out_44, i16 %layer3_out_45, i16 %layer3_out_46, i16 %layer3_out_47, i16 %layer3_out_48, i16 %layer3_out_49, i16 %layer3_out_50, i16 %layer3_out_51, i16 %layer3_out_52, i16 %layer3_out_53, i16 %layer3_out_54, i16 %layer3_out_55, i16 %layer3_out_56, i16 %layer3_out_57, i16 %layer3_out_58, i16 %layer3_out_59, i16 %layer3_out_60, i16 %layer3_out_61, i16 %layer3_out_62, i16 %layer3_out_63" [firmware/nnet_utils/nnet_dense.h:54->firmware/nnet_utils/nnet_dense.h:45->firmware/myproject.cpp:48]   --->   Operation 294 'call' 'call_ret3' <Predicate = true> <Delay = 24.6> <CoreType = "Generic">   --->   Core 0 '' <Latency = 0> <II = 1> <Delay = 1.00> <Generic> <Opcode : >

State 58 <SV = 57> <Delay = 24.6>
ST_58 : Operation 295 [4/31] (24.6ns)   --->   "%call_ret3 = call i1024 @dense_latency<ap_fixed<16, 6, 5, 3, 0>, ap_fixed<32, 18, 5, 3, 0>, config4>, i16 %layer3_out, i16 %layer3_out_1, i16 %layer3_out_2, i16 %layer3_out_3, i16 %layer3_out_4, i16 %layer3_out_5, i16 %layer3_out_6, i16 %layer3_out_7, i16 %layer3_out_8, i16 %layer3_out_9, i16 %layer3_out_10, i16 %layer3_out_11, i16 %layer3_out_12, i16 %layer3_out_13, i16 %layer3_out_14, i16 %layer3_out_15, i16 %layer3_out_16, i16 %layer3_out_17, i16 %layer3_out_18, i16 %layer3_out_19, i16 %layer3_out_20, i16 %layer3_out_21, i16 %layer3_out_22, i16 %layer3_out_23, i16 %layer3_out_24, i16 %layer3_out_25, i16 %layer3_out_26, i16 %layer3_out_27, i16 %layer3_out_28, i16 %layer3_out_29, i16 %layer3_out_30, i16 %layer3_out_31, i16 %layer3_out_32, i16 %layer3_out_33, i16 %layer3_out_34, i16 %layer3_out_35, i16 %layer3_out_36, i16 %layer3_out_37, i16 %layer3_out_38, i16 %layer3_out_39, i16 %layer3_out_40, i16 %layer3_out_41, i16 %layer3_out_42, i16 %layer3_out_43, i16 %layer3_out_44, i16 %layer3_out_45, i16 %layer3_out_46, i16 %layer3_out_47, i16 %layer3_out_48, i16 %layer3_out_49, i16 %layer3_out_50, i16 %layer3_out_51, i16 %layer3_out_52, i16 %layer3_out_53, i16 %layer3_out_54, i16 %layer3_out_55, i16 %layer3_out_56, i16 %layer3_out_57, i16 %layer3_out_58, i16 %layer3_out_59, i16 %layer3_out_60, i16 %layer3_out_61, i16 %layer3_out_62, i16 %layer3_out_63" [firmware/nnet_utils/nnet_dense.h:54->firmware/nnet_utils/nnet_dense.h:45->firmware/myproject.cpp:48]   --->   Operation 295 'call' 'call_ret3' <Predicate = true> <Delay = 24.6> <CoreType = "Generic">   --->   Core 0 '' <Latency = 0> <II = 1> <Delay = 1.00> <Generic> <Opcode : >

State 59 <SV = 58> <Delay = 24.6>
ST_59 : Operation 296 [3/31] (24.6ns)   --->   "%call_ret3 = call i1024 @dense_latency<ap_fixed<16, 6, 5, 3, 0>, ap_fixed<32, 18, 5, 3, 0>, config4>, i16 %layer3_out, i16 %layer3_out_1, i16 %layer3_out_2, i16 %layer3_out_3, i16 %layer3_out_4, i16 %layer3_out_5, i16 %layer3_out_6, i16 %layer3_out_7, i16 %layer3_out_8, i16 %layer3_out_9, i16 %layer3_out_10, i16 %layer3_out_11, i16 %layer3_out_12, i16 %layer3_out_13, i16 %layer3_out_14, i16 %layer3_out_15, i16 %layer3_out_16, i16 %layer3_out_17, i16 %layer3_out_18, i16 %layer3_out_19, i16 %layer3_out_20, i16 %layer3_out_21, i16 %layer3_out_22, i16 %layer3_out_23, i16 %layer3_out_24, i16 %layer3_out_25, i16 %layer3_out_26, i16 %layer3_out_27, i16 %layer3_out_28, i16 %layer3_out_29, i16 %layer3_out_30, i16 %layer3_out_31, i16 %layer3_out_32, i16 %layer3_out_33, i16 %layer3_out_34, i16 %layer3_out_35, i16 %layer3_out_36, i16 %layer3_out_37, i16 %layer3_out_38, i16 %layer3_out_39, i16 %layer3_out_40, i16 %layer3_out_41, i16 %layer3_out_42, i16 %layer3_out_43, i16 %layer3_out_44, i16 %layer3_out_45, i16 %layer3_out_46, i16 %layer3_out_47, i16 %layer3_out_48, i16 %layer3_out_49, i16 %layer3_out_50, i16 %layer3_out_51, i16 %layer3_out_52, i16 %layer3_out_53, i16 %layer3_out_54, i16 %layer3_out_55, i16 %layer3_out_56, i16 %layer3_out_57, i16 %layer3_out_58, i16 %layer3_out_59, i16 %layer3_out_60, i16 %layer3_out_61, i16 %layer3_out_62, i16 %layer3_out_63" [firmware/nnet_utils/nnet_dense.h:54->firmware/nnet_utils/nnet_dense.h:45->firmware/myproject.cpp:48]   --->   Operation 296 'call' 'call_ret3' <Predicate = true> <Delay = 24.6> <CoreType = "Generic">   --->   Core 0 '' <Latency = 0> <II = 1> <Delay = 1.00> <Generic> <Opcode : >

State 60 <SV = 59> <Delay = 24.6>
ST_60 : Operation 297 [2/31] (24.6ns)   --->   "%call_ret3 = call i1024 @dense_latency<ap_fixed<16, 6, 5, 3, 0>, ap_fixed<32, 18, 5, 3, 0>, config4>, i16 %layer3_out, i16 %layer3_out_1, i16 %layer3_out_2, i16 %layer3_out_3, i16 %layer3_out_4, i16 %layer3_out_5, i16 %layer3_out_6, i16 %layer3_out_7, i16 %layer3_out_8, i16 %layer3_out_9, i16 %layer3_out_10, i16 %layer3_out_11, i16 %layer3_out_12, i16 %layer3_out_13, i16 %layer3_out_14, i16 %layer3_out_15, i16 %layer3_out_16, i16 %layer3_out_17, i16 %layer3_out_18, i16 %layer3_out_19, i16 %layer3_out_20, i16 %layer3_out_21, i16 %layer3_out_22, i16 %layer3_out_23, i16 %layer3_out_24, i16 %layer3_out_25, i16 %layer3_out_26, i16 %layer3_out_27, i16 %layer3_out_28, i16 %layer3_out_29, i16 %layer3_out_30, i16 %layer3_out_31, i16 %layer3_out_32, i16 %layer3_out_33, i16 %layer3_out_34, i16 %layer3_out_35, i16 %layer3_out_36, i16 %layer3_out_37, i16 %layer3_out_38, i16 %layer3_out_39, i16 %layer3_out_40, i16 %layer3_out_41, i16 %layer3_out_42, i16 %layer3_out_43, i16 %layer3_out_44, i16 %layer3_out_45, i16 %layer3_out_46, i16 %layer3_out_47, i16 %layer3_out_48, i16 %layer3_out_49, i16 %layer3_out_50, i16 %layer3_out_51, i16 %layer3_out_52, i16 %layer3_out_53, i16 %layer3_out_54, i16 %layer3_out_55, i16 %layer3_out_56, i16 %layer3_out_57, i16 %layer3_out_58, i16 %layer3_out_59, i16 %layer3_out_60, i16 %layer3_out_61, i16 %layer3_out_62, i16 %layer3_out_63" [firmware/nnet_utils/nnet_dense.h:54->firmware/nnet_utils/nnet_dense.h:45->firmware/myproject.cpp:48]   --->   Operation 297 'call' 'call_ret3' <Predicate = true> <Delay = 24.6> <CoreType = "Generic">   --->   Core 0 '' <Latency = 0> <II = 1> <Delay = 1.00> <Generic> <Opcode : >

State 61 <SV = 60> <Delay = 46.0>
ST_61 : Operation 298 [1/31] (24.6ns)   --->   "%call_ret3 = call i1024 @dense_latency<ap_fixed<16, 6, 5, 3, 0>, ap_fixed<32, 18, 5, 3, 0>, config4>, i16 %layer3_out, i16 %layer3_out_1, i16 %layer3_out_2, i16 %layer3_out_3, i16 %layer3_out_4, i16 %layer3_out_5, i16 %layer3_out_6, i16 %layer3_out_7, i16 %layer3_out_8, i16 %layer3_out_9, i16 %layer3_out_10, i16 %layer3_out_11, i16 %layer3_out_12, i16 %layer3_out_13, i16 %layer3_out_14, i16 %layer3_out_15, i16 %layer3_out_16, i16 %layer3_out_17, i16 %layer3_out_18, i16 %layer3_out_19, i16 %layer3_out_20, i16 %layer3_out_21, i16 %layer3_out_22, i16 %layer3_out_23, i16 %layer3_out_24, i16 %layer3_out_25, i16 %layer3_out_26, i16 %layer3_out_27, i16 %layer3_out_28, i16 %layer3_out_29, i16 %layer3_out_30, i16 %layer3_out_31, i16 %layer3_out_32, i16 %layer3_out_33, i16 %layer3_out_34, i16 %layer3_out_35, i16 %layer3_out_36, i16 %layer3_out_37, i16 %layer3_out_38, i16 %layer3_out_39, i16 %layer3_out_40, i16 %layer3_out_41, i16 %layer3_out_42, i16 %layer3_out_43, i16 %layer3_out_44, i16 %layer3_out_45, i16 %layer3_out_46, i16 %layer3_out_47, i16 %layer3_out_48, i16 %layer3_out_49, i16 %layer3_out_50, i16 %layer3_out_51, i16 %layer3_out_52, i16 %layer3_out_53, i16 %layer3_out_54, i16 %layer3_out_55, i16 %layer3_out_56, i16 %layer3_out_57, i16 %layer3_out_58, i16 %layer3_out_59, i16 %layer3_out_60, i16 %layer3_out_61, i16 %layer3_out_62, i16 %layer3_out_63" [firmware/nnet_utils/nnet_dense.h:54->firmware/nnet_utils/nnet_dense.h:45->firmware/myproject.cpp:48]   --->   Operation 298 'call' 'call_ret3' <Predicate = true> <Delay = 24.6> <CoreType = "Generic">   --->   Core 0 '' <Latency = 0> <II = 1> <Delay = 1.00> <Generic> <Opcode : >
ST_61 : Operation 299 [1/1] (0.00ns)   --->   "%layer4_out = extractvalue i1024 %call_ret3" [firmware/nnet_utils/nnet_dense.h:54->firmware/nnet_utils/nnet_dense.h:45->firmware/myproject.cpp:48]   --->   Operation 299 'extractvalue' 'layer4_out' <Predicate = true> <Delay = 0.00>
ST_61 : Operation 300 [1/1] (0.00ns)   --->   "%layer4_out_1 = extractvalue i1024 %call_ret3" [firmware/nnet_utils/nnet_dense.h:54->firmware/nnet_utils/nnet_dense.h:45->firmware/myproject.cpp:48]   --->   Operation 300 'extractvalue' 'layer4_out_1' <Predicate = true> <Delay = 0.00>
ST_61 : Operation 301 [1/1] (0.00ns)   --->   "%layer4_out_2 = extractvalue i1024 %call_ret3" [firmware/nnet_utils/nnet_dense.h:54->firmware/nnet_utils/nnet_dense.h:45->firmware/myproject.cpp:48]   --->   Operation 301 'extractvalue' 'layer4_out_2' <Predicate = true> <Delay = 0.00>
ST_61 : Operation 302 [1/1] (0.00ns)   --->   "%layer4_out_3 = extractvalue i1024 %call_ret3" [firmware/nnet_utils/nnet_dense.h:54->firmware/nnet_utils/nnet_dense.h:45->firmware/myproject.cpp:48]   --->   Operation 302 'extractvalue' 'layer4_out_3' <Predicate = true> <Delay = 0.00>
ST_61 : Operation 303 [1/1] (0.00ns)   --->   "%layer4_out_4 = extractvalue i1024 %call_ret3" [firmware/nnet_utils/nnet_dense.h:54->firmware/nnet_utils/nnet_dense.h:45->firmware/myproject.cpp:48]   --->   Operation 303 'extractvalue' 'layer4_out_4' <Predicate = true> <Delay = 0.00>
ST_61 : Operation 304 [1/1] (0.00ns)   --->   "%layer4_out_5 = extractvalue i1024 %call_ret3" [firmware/nnet_utils/nnet_dense.h:54->firmware/nnet_utils/nnet_dense.h:45->firmware/myproject.cpp:48]   --->   Operation 304 'extractvalue' 'layer4_out_5' <Predicate = true> <Delay = 0.00>
ST_61 : Operation 305 [1/1] (0.00ns)   --->   "%layer4_out_6 = extractvalue i1024 %call_ret3" [firmware/nnet_utils/nnet_dense.h:54->firmware/nnet_utils/nnet_dense.h:45->firmware/myproject.cpp:48]   --->   Operation 305 'extractvalue' 'layer4_out_6' <Predicate = true> <Delay = 0.00>
ST_61 : Operation 306 [1/1] (0.00ns)   --->   "%layer4_out_7 = extractvalue i1024 %call_ret3" [firmware/nnet_utils/nnet_dense.h:54->firmware/nnet_utils/nnet_dense.h:45->firmware/myproject.cpp:48]   --->   Operation 306 'extractvalue' 'layer4_out_7' <Predicate = true> <Delay = 0.00>
ST_61 : Operation 307 [1/1] (0.00ns)   --->   "%layer4_out_8 = extractvalue i1024 %call_ret3" [firmware/nnet_utils/nnet_dense.h:54->firmware/nnet_utils/nnet_dense.h:45->firmware/myproject.cpp:48]   --->   Operation 307 'extractvalue' 'layer4_out_8' <Predicate = true> <Delay = 0.00>
ST_61 : Operation 308 [1/1] (0.00ns)   --->   "%layer4_out_9 = extractvalue i1024 %call_ret3" [firmware/nnet_utils/nnet_dense.h:54->firmware/nnet_utils/nnet_dense.h:45->firmware/myproject.cpp:48]   --->   Operation 308 'extractvalue' 'layer4_out_9' <Predicate = true> <Delay = 0.00>
ST_61 : Operation 309 [1/1] (0.00ns)   --->   "%layer4_out_10 = extractvalue i1024 %call_ret3" [firmware/nnet_utils/nnet_dense.h:54->firmware/nnet_utils/nnet_dense.h:45->firmware/myproject.cpp:48]   --->   Operation 309 'extractvalue' 'layer4_out_10' <Predicate = true> <Delay = 0.00>
ST_61 : Operation 310 [1/1] (0.00ns)   --->   "%layer4_out_11 = extractvalue i1024 %call_ret3" [firmware/nnet_utils/nnet_dense.h:54->firmware/nnet_utils/nnet_dense.h:45->firmware/myproject.cpp:48]   --->   Operation 310 'extractvalue' 'layer4_out_11' <Predicate = true> <Delay = 0.00>
ST_61 : Operation 311 [1/1] (0.00ns)   --->   "%layer4_out_12 = extractvalue i1024 %call_ret3" [firmware/nnet_utils/nnet_dense.h:54->firmware/nnet_utils/nnet_dense.h:45->firmware/myproject.cpp:48]   --->   Operation 311 'extractvalue' 'layer4_out_12' <Predicate = true> <Delay = 0.00>
ST_61 : Operation 312 [1/1] (0.00ns)   --->   "%layer4_out_13 = extractvalue i1024 %call_ret3" [firmware/nnet_utils/nnet_dense.h:54->firmware/nnet_utils/nnet_dense.h:45->firmware/myproject.cpp:48]   --->   Operation 312 'extractvalue' 'layer4_out_13' <Predicate = true> <Delay = 0.00>
ST_61 : Operation 313 [1/1] (0.00ns)   --->   "%layer4_out_14 = extractvalue i1024 %call_ret3" [firmware/nnet_utils/nnet_dense.h:54->firmware/nnet_utils/nnet_dense.h:45->firmware/myproject.cpp:48]   --->   Operation 313 'extractvalue' 'layer4_out_14' <Predicate = true> <Delay = 0.00>
ST_61 : Operation 314 [1/1] (0.00ns)   --->   "%layer4_out_15 = extractvalue i1024 %call_ret3" [firmware/nnet_utils/nnet_dense.h:54->firmware/nnet_utils/nnet_dense.h:45->firmware/myproject.cpp:48]   --->   Operation 314 'extractvalue' 'layer4_out_15' <Predicate = true> <Delay = 0.00>
ST_61 : Operation 315 [1/1] (0.00ns)   --->   "%layer4_out_16 = extractvalue i1024 %call_ret3" [firmware/nnet_utils/nnet_dense.h:54->firmware/nnet_utils/nnet_dense.h:45->firmware/myproject.cpp:48]   --->   Operation 315 'extractvalue' 'layer4_out_16' <Predicate = true> <Delay = 0.00>
ST_61 : Operation 316 [1/1] (0.00ns)   --->   "%layer4_out_17 = extractvalue i1024 %call_ret3" [firmware/nnet_utils/nnet_dense.h:54->firmware/nnet_utils/nnet_dense.h:45->firmware/myproject.cpp:48]   --->   Operation 316 'extractvalue' 'layer4_out_17' <Predicate = true> <Delay = 0.00>
ST_61 : Operation 317 [1/1] (0.00ns)   --->   "%layer4_out_18 = extractvalue i1024 %call_ret3" [firmware/nnet_utils/nnet_dense.h:54->firmware/nnet_utils/nnet_dense.h:45->firmware/myproject.cpp:48]   --->   Operation 317 'extractvalue' 'layer4_out_18' <Predicate = true> <Delay = 0.00>
ST_61 : Operation 318 [1/1] (0.00ns)   --->   "%layer4_out_19 = extractvalue i1024 %call_ret3" [firmware/nnet_utils/nnet_dense.h:54->firmware/nnet_utils/nnet_dense.h:45->firmware/myproject.cpp:48]   --->   Operation 318 'extractvalue' 'layer4_out_19' <Predicate = true> <Delay = 0.00>
ST_61 : Operation 319 [1/1] (0.00ns)   --->   "%layer4_out_20 = extractvalue i1024 %call_ret3" [firmware/nnet_utils/nnet_dense.h:54->firmware/nnet_utils/nnet_dense.h:45->firmware/myproject.cpp:48]   --->   Operation 319 'extractvalue' 'layer4_out_20' <Predicate = true> <Delay = 0.00>
ST_61 : Operation 320 [1/1] (0.00ns)   --->   "%layer4_out_21 = extractvalue i1024 %call_ret3" [firmware/nnet_utils/nnet_dense.h:54->firmware/nnet_utils/nnet_dense.h:45->firmware/myproject.cpp:48]   --->   Operation 320 'extractvalue' 'layer4_out_21' <Predicate = true> <Delay = 0.00>
ST_61 : Operation 321 [1/1] (0.00ns)   --->   "%layer4_out_22 = extractvalue i1024 %call_ret3" [firmware/nnet_utils/nnet_dense.h:54->firmware/nnet_utils/nnet_dense.h:45->firmware/myproject.cpp:48]   --->   Operation 321 'extractvalue' 'layer4_out_22' <Predicate = true> <Delay = 0.00>
ST_61 : Operation 322 [1/1] (0.00ns)   --->   "%layer4_out_23 = extractvalue i1024 %call_ret3" [firmware/nnet_utils/nnet_dense.h:54->firmware/nnet_utils/nnet_dense.h:45->firmware/myproject.cpp:48]   --->   Operation 322 'extractvalue' 'layer4_out_23' <Predicate = true> <Delay = 0.00>
ST_61 : Operation 323 [1/1] (0.00ns)   --->   "%layer4_out_24 = extractvalue i1024 %call_ret3" [firmware/nnet_utils/nnet_dense.h:54->firmware/nnet_utils/nnet_dense.h:45->firmware/myproject.cpp:48]   --->   Operation 323 'extractvalue' 'layer4_out_24' <Predicate = true> <Delay = 0.00>
ST_61 : Operation 324 [1/1] (0.00ns)   --->   "%layer4_out_25 = extractvalue i1024 %call_ret3" [firmware/nnet_utils/nnet_dense.h:54->firmware/nnet_utils/nnet_dense.h:45->firmware/myproject.cpp:48]   --->   Operation 324 'extractvalue' 'layer4_out_25' <Predicate = true> <Delay = 0.00>
ST_61 : Operation 325 [1/1] (0.00ns)   --->   "%layer4_out_26 = extractvalue i1024 %call_ret3" [firmware/nnet_utils/nnet_dense.h:54->firmware/nnet_utils/nnet_dense.h:45->firmware/myproject.cpp:48]   --->   Operation 325 'extractvalue' 'layer4_out_26' <Predicate = true> <Delay = 0.00>
ST_61 : Operation 326 [1/1] (0.00ns)   --->   "%layer4_out_27 = extractvalue i1024 %call_ret3" [firmware/nnet_utils/nnet_dense.h:54->firmware/nnet_utils/nnet_dense.h:45->firmware/myproject.cpp:48]   --->   Operation 326 'extractvalue' 'layer4_out_27' <Predicate = true> <Delay = 0.00>
ST_61 : Operation 327 [1/1] (0.00ns)   --->   "%layer4_out_28 = extractvalue i1024 %call_ret3" [firmware/nnet_utils/nnet_dense.h:54->firmware/nnet_utils/nnet_dense.h:45->firmware/myproject.cpp:48]   --->   Operation 327 'extractvalue' 'layer4_out_28' <Predicate = true> <Delay = 0.00>
ST_61 : Operation 328 [1/1] (0.00ns)   --->   "%layer4_out_29 = extractvalue i1024 %call_ret3" [firmware/nnet_utils/nnet_dense.h:54->firmware/nnet_utils/nnet_dense.h:45->firmware/myproject.cpp:48]   --->   Operation 328 'extractvalue' 'layer4_out_29' <Predicate = true> <Delay = 0.00>
ST_61 : Operation 329 [1/1] (0.00ns)   --->   "%layer4_out_30 = extractvalue i1024 %call_ret3" [firmware/nnet_utils/nnet_dense.h:54->firmware/nnet_utils/nnet_dense.h:45->firmware/myproject.cpp:48]   --->   Operation 329 'extractvalue' 'layer4_out_30' <Predicate = true> <Delay = 0.00>
ST_61 : Operation 330 [1/1] (0.00ns)   --->   "%layer4_out_31 = extractvalue i1024 %call_ret3" [firmware/nnet_utils/nnet_dense.h:54->firmware/nnet_utils/nnet_dense.h:45->firmware/myproject.cpp:48]   --->   Operation 330 'extractvalue' 'layer4_out_31' <Predicate = true> <Delay = 0.00>
ST_61 : Operation 331 [1/1] (3.35ns)   --->   "%call_ret4 = call i512 @relu<ap_fixed<32, 18, 5, 3, 0>, ap_fixed<16, 6, 5, 3, 0>, relu_config5>, i32 %layer4_out, i32 %layer4_out_1, i32 %layer4_out_2, i32 %layer4_out_3, i32 %layer4_out_4, i32 %layer4_out_5, i32 %layer4_out_6, i32 %layer4_out_7, i32 %layer4_out_8, i32 %layer4_out_9, i32 %layer4_out_10, i32 %layer4_out_11, i32 %layer4_out_12, i32 %layer4_out_13, i32 %layer4_out_14, i32 %layer4_out_15, i32 %layer4_out_16, i32 %layer4_out_17, i32 %layer4_out_18, i32 %layer4_out_19, i32 %layer4_out_20, i32 %layer4_out_21, i32 %layer4_out_22, i32 %layer4_out_23, i32 %layer4_out_24, i32 %layer4_out_25, i32 %layer4_out_26, i32 %layer4_out_27, i32 %layer4_out_28, i32 %layer4_out_29, i32 %layer4_out_30, i32 %layer4_out_31" [firmware/myproject.cpp:52]   --->   Operation 331 'call' 'call_ret4' <Predicate = true> <Delay = 3.35> <CoreType = "Generic">   --->   Core 0 '' <Latency = 0> <II = 1> <Delay = 1.00> <Generic> <Opcode : >
ST_61 : Operation 332 [1/1] (0.00ns)   --->   "%layer5_out = extractvalue i512 %call_ret4" [firmware/myproject.cpp:52]   --->   Operation 332 'extractvalue' 'layer5_out' <Predicate = true> <Delay = 0.00>
ST_61 : Operation 333 [1/1] (0.00ns)   --->   "%layer5_out_1 = extractvalue i512 %call_ret4" [firmware/myproject.cpp:52]   --->   Operation 333 'extractvalue' 'layer5_out_1' <Predicate = true> <Delay = 0.00>
ST_61 : Operation 334 [1/1] (0.00ns)   --->   "%layer5_out_2 = extractvalue i512 %call_ret4" [firmware/myproject.cpp:52]   --->   Operation 334 'extractvalue' 'layer5_out_2' <Predicate = true> <Delay = 0.00>
ST_61 : Operation 335 [1/1] (0.00ns)   --->   "%layer5_out_3 = extractvalue i512 %call_ret4" [firmware/myproject.cpp:52]   --->   Operation 335 'extractvalue' 'layer5_out_3' <Predicate = true> <Delay = 0.00>
ST_61 : Operation 336 [1/1] (0.00ns)   --->   "%layer5_out_4 = extractvalue i512 %call_ret4" [firmware/myproject.cpp:52]   --->   Operation 336 'extractvalue' 'layer5_out_4' <Predicate = true> <Delay = 0.00>
ST_61 : Operation 337 [1/1] (0.00ns)   --->   "%layer5_out_5 = extractvalue i512 %call_ret4" [firmware/myproject.cpp:52]   --->   Operation 337 'extractvalue' 'layer5_out_5' <Predicate = true> <Delay = 0.00>
ST_61 : Operation 338 [1/1] (0.00ns)   --->   "%layer5_out_6 = extractvalue i512 %call_ret4" [firmware/myproject.cpp:52]   --->   Operation 338 'extractvalue' 'layer5_out_6' <Predicate = true> <Delay = 0.00>
ST_61 : Operation 339 [1/1] (0.00ns)   --->   "%layer5_out_7 = extractvalue i512 %call_ret4" [firmware/myproject.cpp:52]   --->   Operation 339 'extractvalue' 'layer5_out_7' <Predicate = true> <Delay = 0.00>
ST_61 : Operation 340 [1/1] (0.00ns)   --->   "%layer5_out_8 = extractvalue i512 %call_ret4" [firmware/myproject.cpp:52]   --->   Operation 340 'extractvalue' 'layer5_out_8' <Predicate = true> <Delay = 0.00>
ST_61 : Operation 341 [1/1] (0.00ns)   --->   "%layer5_out_9 = extractvalue i512 %call_ret4" [firmware/myproject.cpp:52]   --->   Operation 341 'extractvalue' 'layer5_out_9' <Predicate = true> <Delay = 0.00>
ST_61 : Operation 342 [1/1] (0.00ns)   --->   "%layer5_out_10 = extractvalue i512 %call_ret4" [firmware/myproject.cpp:52]   --->   Operation 342 'extractvalue' 'layer5_out_10' <Predicate = true> <Delay = 0.00>
ST_61 : Operation 343 [1/1] (0.00ns)   --->   "%layer5_out_11 = extractvalue i512 %call_ret4" [firmware/myproject.cpp:52]   --->   Operation 343 'extractvalue' 'layer5_out_11' <Predicate = true> <Delay = 0.00>
ST_61 : Operation 344 [1/1] (0.00ns)   --->   "%layer5_out_12 = extractvalue i512 %call_ret4" [firmware/myproject.cpp:52]   --->   Operation 344 'extractvalue' 'layer5_out_12' <Predicate = true> <Delay = 0.00>
ST_61 : Operation 345 [1/1] (0.00ns)   --->   "%layer5_out_13 = extractvalue i512 %call_ret4" [firmware/myproject.cpp:52]   --->   Operation 345 'extractvalue' 'layer5_out_13' <Predicate = true> <Delay = 0.00>
ST_61 : Operation 346 [1/1] (0.00ns)   --->   "%layer5_out_14 = extractvalue i512 %call_ret4" [firmware/myproject.cpp:52]   --->   Operation 346 'extractvalue' 'layer5_out_14' <Predicate = true> <Delay = 0.00>
ST_61 : Operation 347 [1/1] (0.00ns)   --->   "%layer5_out_15 = extractvalue i512 %call_ret4" [firmware/myproject.cpp:52]   --->   Operation 347 'extractvalue' 'layer5_out_15' <Predicate = true> <Delay = 0.00>
ST_61 : Operation 348 [1/1] (0.00ns)   --->   "%layer5_out_16 = extractvalue i512 %call_ret4" [firmware/myproject.cpp:52]   --->   Operation 348 'extractvalue' 'layer5_out_16' <Predicate = true> <Delay = 0.00>
ST_61 : Operation 349 [1/1] (0.00ns)   --->   "%layer5_out_17 = extractvalue i512 %call_ret4" [firmware/myproject.cpp:52]   --->   Operation 349 'extractvalue' 'layer5_out_17' <Predicate = true> <Delay = 0.00>
ST_61 : Operation 350 [1/1] (0.00ns)   --->   "%layer5_out_18 = extractvalue i512 %call_ret4" [firmware/myproject.cpp:52]   --->   Operation 350 'extractvalue' 'layer5_out_18' <Predicate = true> <Delay = 0.00>
ST_61 : Operation 351 [1/1] (0.00ns)   --->   "%layer5_out_19 = extractvalue i512 %call_ret4" [firmware/myproject.cpp:52]   --->   Operation 351 'extractvalue' 'layer5_out_19' <Predicate = true> <Delay = 0.00>
ST_61 : Operation 352 [1/1] (0.00ns)   --->   "%layer5_out_20 = extractvalue i512 %call_ret4" [firmware/myproject.cpp:52]   --->   Operation 352 'extractvalue' 'layer5_out_20' <Predicate = true> <Delay = 0.00>
ST_61 : Operation 353 [1/1] (0.00ns)   --->   "%layer5_out_21 = extractvalue i512 %call_ret4" [firmware/myproject.cpp:52]   --->   Operation 353 'extractvalue' 'layer5_out_21' <Predicate = true> <Delay = 0.00>
ST_61 : Operation 354 [1/1] (0.00ns)   --->   "%layer5_out_22 = extractvalue i512 %call_ret4" [firmware/myproject.cpp:52]   --->   Operation 354 'extractvalue' 'layer5_out_22' <Predicate = true> <Delay = 0.00>
ST_61 : Operation 355 [1/1] (0.00ns)   --->   "%layer5_out_23 = extractvalue i512 %call_ret4" [firmware/myproject.cpp:52]   --->   Operation 355 'extractvalue' 'layer5_out_23' <Predicate = true> <Delay = 0.00>
ST_61 : Operation 356 [1/1] (0.00ns)   --->   "%layer5_out_24 = extractvalue i512 %call_ret4" [firmware/myproject.cpp:52]   --->   Operation 356 'extractvalue' 'layer5_out_24' <Predicate = true> <Delay = 0.00>
ST_61 : Operation 357 [1/1] (0.00ns)   --->   "%layer5_out_25 = extractvalue i512 %call_ret4" [firmware/myproject.cpp:52]   --->   Operation 357 'extractvalue' 'layer5_out_25' <Predicate = true> <Delay = 0.00>
ST_61 : Operation 358 [1/1] (0.00ns)   --->   "%layer5_out_26 = extractvalue i512 %call_ret4" [firmware/myproject.cpp:52]   --->   Operation 358 'extractvalue' 'layer5_out_26' <Predicate = true> <Delay = 0.00>
ST_61 : Operation 359 [1/1] (0.00ns)   --->   "%layer5_out_27 = extractvalue i512 %call_ret4" [firmware/myproject.cpp:52]   --->   Operation 359 'extractvalue' 'layer5_out_27' <Predicate = true> <Delay = 0.00>
ST_61 : Operation 360 [1/1] (0.00ns)   --->   "%layer5_out_28 = extractvalue i512 %call_ret4" [firmware/myproject.cpp:52]   --->   Operation 360 'extractvalue' 'layer5_out_28' <Predicate = true> <Delay = 0.00>
ST_61 : Operation 361 [1/1] (0.00ns)   --->   "%layer5_out_29 = extractvalue i512 %call_ret4" [firmware/myproject.cpp:52]   --->   Operation 361 'extractvalue' 'layer5_out_29' <Predicate = true> <Delay = 0.00>
ST_61 : Operation 362 [1/1] (0.00ns)   --->   "%layer5_out_30 = extractvalue i512 %call_ret4" [firmware/myproject.cpp:52]   --->   Operation 362 'extractvalue' 'layer5_out_30' <Predicate = true> <Delay = 0.00>
ST_61 : Operation 363 [1/1] (0.00ns)   --->   "%layer5_out_31 = extractvalue i512 %call_ret4" [firmware/myproject.cpp:52]   --->   Operation 363 'extractvalue' 'layer5_out_31' <Predicate = true> <Delay = 0.00>
ST_61 : Operation 364 [31/31] (18.0ns)   --->   "%call_ret5 = call i512 @dense_latency<ap_fixed<16, 6, 5, 3, 0>, ap_fixed<32, 18, 5, 3, 0>, config6>, i16 %layer5_out, i16 %layer5_out_1, i16 %layer5_out_2, i16 %layer5_out_3, i16 %layer5_out_4, i16 %layer5_out_5, i16 %layer5_out_6, i16 %layer5_out_7, i16 %layer5_out_8, i16 %layer5_out_9, i16 %layer5_out_10, i16 %layer5_out_11, i16 %layer5_out_12, i16 %layer5_out_13, i16 %layer5_out_14, i16 %layer5_out_15, i16 %layer5_out_16, i16 %layer5_out_17, i16 %layer5_out_18, i16 %layer5_out_19, i16 %layer5_out_20, i16 %layer5_out_21, i16 %layer5_out_22, i16 %layer5_out_23, i16 %layer5_out_24, i16 %layer5_out_25, i16 %layer5_out_26, i16 %layer5_out_27, i16 %layer5_out_28, i16 %layer5_out_29, i16 %layer5_out_30, i16 %layer5_out_31" [firmware/nnet_utils/nnet_dense.h:54->firmware/nnet_utils/nnet_dense.h:45->firmware/myproject.cpp:56]   --->   Operation 364 'call' 'call_ret5' <Predicate = true> <Delay = 18.0> <CoreType = "Generic">   --->   Core 0 '' <Latency = 0> <II = 1> <Delay = 1.00> <Generic> <Opcode : >

State 62 <SV = 61> <Delay = 20.5>
ST_62 : Operation 365 [30/31] (20.5ns)   --->   "%call_ret5 = call i512 @dense_latency<ap_fixed<16, 6, 5, 3, 0>, ap_fixed<32, 18, 5, 3, 0>, config6>, i16 %layer5_out, i16 %layer5_out_1, i16 %layer5_out_2, i16 %layer5_out_3, i16 %layer5_out_4, i16 %layer5_out_5, i16 %layer5_out_6, i16 %layer5_out_7, i16 %layer5_out_8, i16 %layer5_out_9, i16 %layer5_out_10, i16 %layer5_out_11, i16 %layer5_out_12, i16 %layer5_out_13, i16 %layer5_out_14, i16 %layer5_out_15, i16 %layer5_out_16, i16 %layer5_out_17, i16 %layer5_out_18, i16 %layer5_out_19, i16 %layer5_out_20, i16 %layer5_out_21, i16 %layer5_out_22, i16 %layer5_out_23, i16 %layer5_out_24, i16 %layer5_out_25, i16 %layer5_out_26, i16 %layer5_out_27, i16 %layer5_out_28, i16 %layer5_out_29, i16 %layer5_out_30, i16 %layer5_out_31" [firmware/nnet_utils/nnet_dense.h:54->firmware/nnet_utils/nnet_dense.h:45->firmware/myproject.cpp:56]   --->   Operation 365 'call' 'call_ret5' <Predicate = true> <Delay = 20.5> <CoreType = "Generic">   --->   Core 0 '' <Latency = 0> <II = 1> <Delay = 1.00> <Generic> <Opcode : >

State 63 <SV = 62> <Delay = 20.5>
ST_63 : Operation 366 [29/31] (20.5ns)   --->   "%call_ret5 = call i512 @dense_latency<ap_fixed<16, 6, 5, 3, 0>, ap_fixed<32, 18, 5, 3, 0>, config6>, i16 %layer5_out, i16 %layer5_out_1, i16 %layer5_out_2, i16 %layer5_out_3, i16 %layer5_out_4, i16 %layer5_out_5, i16 %layer5_out_6, i16 %layer5_out_7, i16 %layer5_out_8, i16 %layer5_out_9, i16 %layer5_out_10, i16 %layer5_out_11, i16 %layer5_out_12, i16 %layer5_out_13, i16 %layer5_out_14, i16 %layer5_out_15, i16 %layer5_out_16, i16 %layer5_out_17, i16 %layer5_out_18, i16 %layer5_out_19, i16 %layer5_out_20, i16 %layer5_out_21, i16 %layer5_out_22, i16 %layer5_out_23, i16 %layer5_out_24, i16 %layer5_out_25, i16 %layer5_out_26, i16 %layer5_out_27, i16 %layer5_out_28, i16 %layer5_out_29, i16 %layer5_out_30, i16 %layer5_out_31" [firmware/nnet_utils/nnet_dense.h:54->firmware/nnet_utils/nnet_dense.h:45->firmware/myproject.cpp:56]   --->   Operation 366 'call' 'call_ret5' <Predicate = true> <Delay = 20.5> <CoreType = "Generic">   --->   Core 0 '' <Latency = 0> <II = 1> <Delay = 1.00> <Generic> <Opcode : >

State 64 <SV = 63> <Delay = 20.5>
ST_64 : Operation 367 [28/31] (20.5ns)   --->   "%call_ret5 = call i512 @dense_latency<ap_fixed<16, 6, 5, 3, 0>, ap_fixed<32, 18, 5, 3, 0>, config6>, i16 %layer5_out, i16 %layer5_out_1, i16 %layer5_out_2, i16 %layer5_out_3, i16 %layer5_out_4, i16 %layer5_out_5, i16 %layer5_out_6, i16 %layer5_out_7, i16 %layer5_out_8, i16 %layer5_out_9, i16 %layer5_out_10, i16 %layer5_out_11, i16 %layer5_out_12, i16 %layer5_out_13, i16 %layer5_out_14, i16 %layer5_out_15, i16 %layer5_out_16, i16 %layer5_out_17, i16 %layer5_out_18, i16 %layer5_out_19, i16 %layer5_out_20, i16 %layer5_out_21, i16 %layer5_out_22, i16 %layer5_out_23, i16 %layer5_out_24, i16 %layer5_out_25, i16 %layer5_out_26, i16 %layer5_out_27, i16 %layer5_out_28, i16 %layer5_out_29, i16 %layer5_out_30, i16 %layer5_out_31" [firmware/nnet_utils/nnet_dense.h:54->firmware/nnet_utils/nnet_dense.h:45->firmware/myproject.cpp:56]   --->   Operation 367 'call' 'call_ret5' <Predicate = true> <Delay = 20.5> <CoreType = "Generic">   --->   Core 0 '' <Latency = 0> <II = 1> <Delay = 1.00> <Generic> <Opcode : >

State 65 <SV = 64> <Delay = 20.5>
ST_65 : Operation 368 [27/31] (20.5ns)   --->   "%call_ret5 = call i512 @dense_latency<ap_fixed<16, 6, 5, 3, 0>, ap_fixed<32, 18, 5, 3, 0>, config6>, i16 %layer5_out, i16 %layer5_out_1, i16 %layer5_out_2, i16 %layer5_out_3, i16 %layer5_out_4, i16 %layer5_out_5, i16 %layer5_out_6, i16 %layer5_out_7, i16 %layer5_out_8, i16 %layer5_out_9, i16 %layer5_out_10, i16 %layer5_out_11, i16 %layer5_out_12, i16 %layer5_out_13, i16 %layer5_out_14, i16 %layer5_out_15, i16 %layer5_out_16, i16 %layer5_out_17, i16 %layer5_out_18, i16 %layer5_out_19, i16 %layer5_out_20, i16 %layer5_out_21, i16 %layer5_out_22, i16 %layer5_out_23, i16 %layer5_out_24, i16 %layer5_out_25, i16 %layer5_out_26, i16 %layer5_out_27, i16 %layer5_out_28, i16 %layer5_out_29, i16 %layer5_out_30, i16 %layer5_out_31" [firmware/nnet_utils/nnet_dense.h:54->firmware/nnet_utils/nnet_dense.h:45->firmware/myproject.cpp:56]   --->   Operation 368 'call' 'call_ret5' <Predicate = true> <Delay = 20.5> <CoreType = "Generic">   --->   Core 0 '' <Latency = 0> <II = 1> <Delay = 1.00> <Generic> <Opcode : >

State 66 <SV = 65> <Delay = 20.5>
ST_66 : Operation 369 [26/31] (20.5ns)   --->   "%call_ret5 = call i512 @dense_latency<ap_fixed<16, 6, 5, 3, 0>, ap_fixed<32, 18, 5, 3, 0>, config6>, i16 %layer5_out, i16 %layer5_out_1, i16 %layer5_out_2, i16 %layer5_out_3, i16 %layer5_out_4, i16 %layer5_out_5, i16 %layer5_out_6, i16 %layer5_out_7, i16 %layer5_out_8, i16 %layer5_out_9, i16 %layer5_out_10, i16 %layer5_out_11, i16 %layer5_out_12, i16 %layer5_out_13, i16 %layer5_out_14, i16 %layer5_out_15, i16 %layer5_out_16, i16 %layer5_out_17, i16 %layer5_out_18, i16 %layer5_out_19, i16 %layer5_out_20, i16 %layer5_out_21, i16 %layer5_out_22, i16 %layer5_out_23, i16 %layer5_out_24, i16 %layer5_out_25, i16 %layer5_out_26, i16 %layer5_out_27, i16 %layer5_out_28, i16 %layer5_out_29, i16 %layer5_out_30, i16 %layer5_out_31" [firmware/nnet_utils/nnet_dense.h:54->firmware/nnet_utils/nnet_dense.h:45->firmware/myproject.cpp:56]   --->   Operation 369 'call' 'call_ret5' <Predicate = true> <Delay = 20.5> <CoreType = "Generic">   --->   Core 0 '' <Latency = 0> <II = 1> <Delay = 1.00> <Generic> <Opcode : >

State 67 <SV = 66> <Delay = 20.5>
ST_67 : Operation 370 [25/31] (20.5ns)   --->   "%call_ret5 = call i512 @dense_latency<ap_fixed<16, 6, 5, 3, 0>, ap_fixed<32, 18, 5, 3, 0>, config6>, i16 %layer5_out, i16 %layer5_out_1, i16 %layer5_out_2, i16 %layer5_out_3, i16 %layer5_out_4, i16 %layer5_out_5, i16 %layer5_out_6, i16 %layer5_out_7, i16 %layer5_out_8, i16 %layer5_out_9, i16 %layer5_out_10, i16 %layer5_out_11, i16 %layer5_out_12, i16 %layer5_out_13, i16 %layer5_out_14, i16 %layer5_out_15, i16 %layer5_out_16, i16 %layer5_out_17, i16 %layer5_out_18, i16 %layer5_out_19, i16 %layer5_out_20, i16 %layer5_out_21, i16 %layer5_out_22, i16 %layer5_out_23, i16 %layer5_out_24, i16 %layer5_out_25, i16 %layer5_out_26, i16 %layer5_out_27, i16 %layer5_out_28, i16 %layer5_out_29, i16 %layer5_out_30, i16 %layer5_out_31" [firmware/nnet_utils/nnet_dense.h:54->firmware/nnet_utils/nnet_dense.h:45->firmware/myproject.cpp:56]   --->   Operation 370 'call' 'call_ret5' <Predicate = true> <Delay = 20.5> <CoreType = "Generic">   --->   Core 0 '' <Latency = 0> <II = 1> <Delay = 1.00> <Generic> <Opcode : >

State 68 <SV = 67> <Delay = 20.5>
ST_68 : Operation 371 [24/31] (20.5ns)   --->   "%call_ret5 = call i512 @dense_latency<ap_fixed<16, 6, 5, 3, 0>, ap_fixed<32, 18, 5, 3, 0>, config6>, i16 %layer5_out, i16 %layer5_out_1, i16 %layer5_out_2, i16 %layer5_out_3, i16 %layer5_out_4, i16 %layer5_out_5, i16 %layer5_out_6, i16 %layer5_out_7, i16 %layer5_out_8, i16 %layer5_out_9, i16 %layer5_out_10, i16 %layer5_out_11, i16 %layer5_out_12, i16 %layer5_out_13, i16 %layer5_out_14, i16 %layer5_out_15, i16 %layer5_out_16, i16 %layer5_out_17, i16 %layer5_out_18, i16 %layer5_out_19, i16 %layer5_out_20, i16 %layer5_out_21, i16 %layer5_out_22, i16 %layer5_out_23, i16 %layer5_out_24, i16 %layer5_out_25, i16 %layer5_out_26, i16 %layer5_out_27, i16 %layer5_out_28, i16 %layer5_out_29, i16 %layer5_out_30, i16 %layer5_out_31" [firmware/nnet_utils/nnet_dense.h:54->firmware/nnet_utils/nnet_dense.h:45->firmware/myproject.cpp:56]   --->   Operation 371 'call' 'call_ret5' <Predicate = true> <Delay = 20.5> <CoreType = "Generic">   --->   Core 0 '' <Latency = 0> <II = 1> <Delay = 1.00> <Generic> <Opcode : >

State 69 <SV = 68> <Delay = 20.5>
ST_69 : Operation 372 [23/31] (20.5ns)   --->   "%call_ret5 = call i512 @dense_latency<ap_fixed<16, 6, 5, 3, 0>, ap_fixed<32, 18, 5, 3, 0>, config6>, i16 %layer5_out, i16 %layer5_out_1, i16 %layer5_out_2, i16 %layer5_out_3, i16 %layer5_out_4, i16 %layer5_out_5, i16 %layer5_out_6, i16 %layer5_out_7, i16 %layer5_out_8, i16 %layer5_out_9, i16 %layer5_out_10, i16 %layer5_out_11, i16 %layer5_out_12, i16 %layer5_out_13, i16 %layer5_out_14, i16 %layer5_out_15, i16 %layer5_out_16, i16 %layer5_out_17, i16 %layer5_out_18, i16 %layer5_out_19, i16 %layer5_out_20, i16 %layer5_out_21, i16 %layer5_out_22, i16 %layer5_out_23, i16 %layer5_out_24, i16 %layer5_out_25, i16 %layer5_out_26, i16 %layer5_out_27, i16 %layer5_out_28, i16 %layer5_out_29, i16 %layer5_out_30, i16 %layer5_out_31" [firmware/nnet_utils/nnet_dense.h:54->firmware/nnet_utils/nnet_dense.h:45->firmware/myproject.cpp:56]   --->   Operation 372 'call' 'call_ret5' <Predicate = true> <Delay = 20.5> <CoreType = "Generic">   --->   Core 0 '' <Latency = 0> <II = 1> <Delay = 1.00> <Generic> <Opcode : >

State 70 <SV = 69> <Delay = 20.5>
ST_70 : Operation 373 [22/31] (20.5ns)   --->   "%call_ret5 = call i512 @dense_latency<ap_fixed<16, 6, 5, 3, 0>, ap_fixed<32, 18, 5, 3, 0>, config6>, i16 %layer5_out, i16 %layer5_out_1, i16 %layer5_out_2, i16 %layer5_out_3, i16 %layer5_out_4, i16 %layer5_out_5, i16 %layer5_out_6, i16 %layer5_out_7, i16 %layer5_out_8, i16 %layer5_out_9, i16 %layer5_out_10, i16 %layer5_out_11, i16 %layer5_out_12, i16 %layer5_out_13, i16 %layer5_out_14, i16 %layer5_out_15, i16 %layer5_out_16, i16 %layer5_out_17, i16 %layer5_out_18, i16 %layer5_out_19, i16 %layer5_out_20, i16 %layer5_out_21, i16 %layer5_out_22, i16 %layer5_out_23, i16 %layer5_out_24, i16 %layer5_out_25, i16 %layer5_out_26, i16 %layer5_out_27, i16 %layer5_out_28, i16 %layer5_out_29, i16 %layer5_out_30, i16 %layer5_out_31" [firmware/nnet_utils/nnet_dense.h:54->firmware/nnet_utils/nnet_dense.h:45->firmware/myproject.cpp:56]   --->   Operation 373 'call' 'call_ret5' <Predicate = true> <Delay = 20.5> <CoreType = "Generic">   --->   Core 0 '' <Latency = 0> <II = 1> <Delay = 1.00> <Generic> <Opcode : >

State 71 <SV = 70> <Delay = 20.5>
ST_71 : Operation 374 [21/31] (20.5ns)   --->   "%call_ret5 = call i512 @dense_latency<ap_fixed<16, 6, 5, 3, 0>, ap_fixed<32, 18, 5, 3, 0>, config6>, i16 %layer5_out, i16 %layer5_out_1, i16 %layer5_out_2, i16 %layer5_out_3, i16 %layer5_out_4, i16 %layer5_out_5, i16 %layer5_out_6, i16 %layer5_out_7, i16 %layer5_out_8, i16 %layer5_out_9, i16 %layer5_out_10, i16 %layer5_out_11, i16 %layer5_out_12, i16 %layer5_out_13, i16 %layer5_out_14, i16 %layer5_out_15, i16 %layer5_out_16, i16 %layer5_out_17, i16 %layer5_out_18, i16 %layer5_out_19, i16 %layer5_out_20, i16 %layer5_out_21, i16 %layer5_out_22, i16 %layer5_out_23, i16 %layer5_out_24, i16 %layer5_out_25, i16 %layer5_out_26, i16 %layer5_out_27, i16 %layer5_out_28, i16 %layer5_out_29, i16 %layer5_out_30, i16 %layer5_out_31" [firmware/nnet_utils/nnet_dense.h:54->firmware/nnet_utils/nnet_dense.h:45->firmware/myproject.cpp:56]   --->   Operation 374 'call' 'call_ret5' <Predicate = true> <Delay = 20.5> <CoreType = "Generic">   --->   Core 0 '' <Latency = 0> <II = 1> <Delay = 1.00> <Generic> <Opcode : >

State 72 <SV = 71> <Delay = 20.5>
ST_72 : Operation 375 [20/31] (20.5ns)   --->   "%call_ret5 = call i512 @dense_latency<ap_fixed<16, 6, 5, 3, 0>, ap_fixed<32, 18, 5, 3, 0>, config6>, i16 %layer5_out, i16 %layer5_out_1, i16 %layer5_out_2, i16 %layer5_out_3, i16 %layer5_out_4, i16 %layer5_out_5, i16 %layer5_out_6, i16 %layer5_out_7, i16 %layer5_out_8, i16 %layer5_out_9, i16 %layer5_out_10, i16 %layer5_out_11, i16 %layer5_out_12, i16 %layer5_out_13, i16 %layer5_out_14, i16 %layer5_out_15, i16 %layer5_out_16, i16 %layer5_out_17, i16 %layer5_out_18, i16 %layer5_out_19, i16 %layer5_out_20, i16 %layer5_out_21, i16 %layer5_out_22, i16 %layer5_out_23, i16 %layer5_out_24, i16 %layer5_out_25, i16 %layer5_out_26, i16 %layer5_out_27, i16 %layer5_out_28, i16 %layer5_out_29, i16 %layer5_out_30, i16 %layer5_out_31" [firmware/nnet_utils/nnet_dense.h:54->firmware/nnet_utils/nnet_dense.h:45->firmware/myproject.cpp:56]   --->   Operation 375 'call' 'call_ret5' <Predicate = true> <Delay = 20.5> <CoreType = "Generic">   --->   Core 0 '' <Latency = 0> <II = 1> <Delay = 1.00> <Generic> <Opcode : >

State 73 <SV = 72> <Delay = 20.5>
ST_73 : Operation 376 [19/31] (20.5ns)   --->   "%call_ret5 = call i512 @dense_latency<ap_fixed<16, 6, 5, 3, 0>, ap_fixed<32, 18, 5, 3, 0>, config6>, i16 %layer5_out, i16 %layer5_out_1, i16 %layer5_out_2, i16 %layer5_out_3, i16 %layer5_out_4, i16 %layer5_out_5, i16 %layer5_out_6, i16 %layer5_out_7, i16 %layer5_out_8, i16 %layer5_out_9, i16 %layer5_out_10, i16 %layer5_out_11, i16 %layer5_out_12, i16 %layer5_out_13, i16 %layer5_out_14, i16 %layer5_out_15, i16 %layer5_out_16, i16 %layer5_out_17, i16 %layer5_out_18, i16 %layer5_out_19, i16 %layer5_out_20, i16 %layer5_out_21, i16 %layer5_out_22, i16 %layer5_out_23, i16 %layer5_out_24, i16 %layer5_out_25, i16 %layer5_out_26, i16 %layer5_out_27, i16 %layer5_out_28, i16 %layer5_out_29, i16 %layer5_out_30, i16 %layer5_out_31" [firmware/nnet_utils/nnet_dense.h:54->firmware/nnet_utils/nnet_dense.h:45->firmware/myproject.cpp:56]   --->   Operation 376 'call' 'call_ret5' <Predicate = true> <Delay = 20.5> <CoreType = "Generic">   --->   Core 0 '' <Latency = 0> <II = 1> <Delay = 1.00> <Generic> <Opcode : >

State 74 <SV = 73> <Delay = 20.5>
ST_74 : Operation 377 [18/31] (20.5ns)   --->   "%call_ret5 = call i512 @dense_latency<ap_fixed<16, 6, 5, 3, 0>, ap_fixed<32, 18, 5, 3, 0>, config6>, i16 %layer5_out, i16 %layer5_out_1, i16 %layer5_out_2, i16 %layer5_out_3, i16 %layer5_out_4, i16 %layer5_out_5, i16 %layer5_out_6, i16 %layer5_out_7, i16 %layer5_out_8, i16 %layer5_out_9, i16 %layer5_out_10, i16 %layer5_out_11, i16 %layer5_out_12, i16 %layer5_out_13, i16 %layer5_out_14, i16 %layer5_out_15, i16 %layer5_out_16, i16 %layer5_out_17, i16 %layer5_out_18, i16 %layer5_out_19, i16 %layer5_out_20, i16 %layer5_out_21, i16 %layer5_out_22, i16 %layer5_out_23, i16 %layer5_out_24, i16 %layer5_out_25, i16 %layer5_out_26, i16 %layer5_out_27, i16 %layer5_out_28, i16 %layer5_out_29, i16 %layer5_out_30, i16 %layer5_out_31" [firmware/nnet_utils/nnet_dense.h:54->firmware/nnet_utils/nnet_dense.h:45->firmware/myproject.cpp:56]   --->   Operation 377 'call' 'call_ret5' <Predicate = true> <Delay = 20.5> <CoreType = "Generic">   --->   Core 0 '' <Latency = 0> <II = 1> <Delay = 1.00> <Generic> <Opcode : >

State 75 <SV = 74> <Delay = 20.5>
ST_75 : Operation 378 [17/31] (20.5ns)   --->   "%call_ret5 = call i512 @dense_latency<ap_fixed<16, 6, 5, 3, 0>, ap_fixed<32, 18, 5, 3, 0>, config6>, i16 %layer5_out, i16 %layer5_out_1, i16 %layer5_out_2, i16 %layer5_out_3, i16 %layer5_out_4, i16 %layer5_out_5, i16 %layer5_out_6, i16 %layer5_out_7, i16 %layer5_out_8, i16 %layer5_out_9, i16 %layer5_out_10, i16 %layer5_out_11, i16 %layer5_out_12, i16 %layer5_out_13, i16 %layer5_out_14, i16 %layer5_out_15, i16 %layer5_out_16, i16 %layer5_out_17, i16 %layer5_out_18, i16 %layer5_out_19, i16 %layer5_out_20, i16 %layer5_out_21, i16 %layer5_out_22, i16 %layer5_out_23, i16 %layer5_out_24, i16 %layer5_out_25, i16 %layer5_out_26, i16 %layer5_out_27, i16 %layer5_out_28, i16 %layer5_out_29, i16 %layer5_out_30, i16 %layer5_out_31" [firmware/nnet_utils/nnet_dense.h:54->firmware/nnet_utils/nnet_dense.h:45->firmware/myproject.cpp:56]   --->   Operation 378 'call' 'call_ret5' <Predicate = true> <Delay = 20.5> <CoreType = "Generic">   --->   Core 0 '' <Latency = 0> <II = 1> <Delay = 1.00> <Generic> <Opcode : >

State 76 <SV = 75> <Delay = 20.5>
ST_76 : Operation 379 [16/31] (20.5ns)   --->   "%call_ret5 = call i512 @dense_latency<ap_fixed<16, 6, 5, 3, 0>, ap_fixed<32, 18, 5, 3, 0>, config6>, i16 %layer5_out, i16 %layer5_out_1, i16 %layer5_out_2, i16 %layer5_out_3, i16 %layer5_out_4, i16 %layer5_out_5, i16 %layer5_out_6, i16 %layer5_out_7, i16 %layer5_out_8, i16 %layer5_out_9, i16 %layer5_out_10, i16 %layer5_out_11, i16 %layer5_out_12, i16 %layer5_out_13, i16 %layer5_out_14, i16 %layer5_out_15, i16 %layer5_out_16, i16 %layer5_out_17, i16 %layer5_out_18, i16 %layer5_out_19, i16 %layer5_out_20, i16 %layer5_out_21, i16 %layer5_out_22, i16 %layer5_out_23, i16 %layer5_out_24, i16 %layer5_out_25, i16 %layer5_out_26, i16 %layer5_out_27, i16 %layer5_out_28, i16 %layer5_out_29, i16 %layer5_out_30, i16 %layer5_out_31" [firmware/nnet_utils/nnet_dense.h:54->firmware/nnet_utils/nnet_dense.h:45->firmware/myproject.cpp:56]   --->   Operation 379 'call' 'call_ret5' <Predicate = true> <Delay = 20.5> <CoreType = "Generic">   --->   Core 0 '' <Latency = 0> <II = 1> <Delay = 1.00> <Generic> <Opcode : >

State 77 <SV = 76> <Delay = 20.5>
ST_77 : Operation 380 [15/31] (20.5ns)   --->   "%call_ret5 = call i512 @dense_latency<ap_fixed<16, 6, 5, 3, 0>, ap_fixed<32, 18, 5, 3, 0>, config6>, i16 %layer5_out, i16 %layer5_out_1, i16 %layer5_out_2, i16 %layer5_out_3, i16 %layer5_out_4, i16 %layer5_out_5, i16 %layer5_out_6, i16 %layer5_out_7, i16 %layer5_out_8, i16 %layer5_out_9, i16 %layer5_out_10, i16 %layer5_out_11, i16 %layer5_out_12, i16 %layer5_out_13, i16 %layer5_out_14, i16 %layer5_out_15, i16 %layer5_out_16, i16 %layer5_out_17, i16 %layer5_out_18, i16 %layer5_out_19, i16 %layer5_out_20, i16 %layer5_out_21, i16 %layer5_out_22, i16 %layer5_out_23, i16 %layer5_out_24, i16 %layer5_out_25, i16 %layer5_out_26, i16 %layer5_out_27, i16 %layer5_out_28, i16 %layer5_out_29, i16 %layer5_out_30, i16 %layer5_out_31" [firmware/nnet_utils/nnet_dense.h:54->firmware/nnet_utils/nnet_dense.h:45->firmware/myproject.cpp:56]   --->   Operation 380 'call' 'call_ret5' <Predicate = true> <Delay = 20.5> <CoreType = "Generic">   --->   Core 0 '' <Latency = 0> <II = 1> <Delay = 1.00> <Generic> <Opcode : >

State 78 <SV = 77> <Delay = 20.5>
ST_78 : Operation 381 [14/31] (20.5ns)   --->   "%call_ret5 = call i512 @dense_latency<ap_fixed<16, 6, 5, 3, 0>, ap_fixed<32, 18, 5, 3, 0>, config6>, i16 %layer5_out, i16 %layer5_out_1, i16 %layer5_out_2, i16 %layer5_out_3, i16 %layer5_out_4, i16 %layer5_out_5, i16 %layer5_out_6, i16 %layer5_out_7, i16 %layer5_out_8, i16 %layer5_out_9, i16 %layer5_out_10, i16 %layer5_out_11, i16 %layer5_out_12, i16 %layer5_out_13, i16 %layer5_out_14, i16 %layer5_out_15, i16 %layer5_out_16, i16 %layer5_out_17, i16 %layer5_out_18, i16 %layer5_out_19, i16 %layer5_out_20, i16 %layer5_out_21, i16 %layer5_out_22, i16 %layer5_out_23, i16 %layer5_out_24, i16 %layer5_out_25, i16 %layer5_out_26, i16 %layer5_out_27, i16 %layer5_out_28, i16 %layer5_out_29, i16 %layer5_out_30, i16 %layer5_out_31" [firmware/nnet_utils/nnet_dense.h:54->firmware/nnet_utils/nnet_dense.h:45->firmware/myproject.cpp:56]   --->   Operation 381 'call' 'call_ret5' <Predicate = true> <Delay = 20.5> <CoreType = "Generic">   --->   Core 0 '' <Latency = 0> <II = 1> <Delay = 1.00> <Generic> <Opcode : >

State 79 <SV = 78> <Delay = 20.5>
ST_79 : Operation 382 [13/31] (20.5ns)   --->   "%call_ret5 = call i512 @dense_latency<ap_fixed<16, 6, 5, 3, 0>, ap_fixed<32, 18, 5, 3, 0>, config6>, i16 %layer5_out, i16 %layer5_out_1, i16 %layer5_out_2, i16 %layer5_out_3, i16 %layer5_out_4, i16 %layer5_out_5, i16 %layer5_out_6, i16 %layer5_out_7, i16 %layer5_out_8, i16 %layer5_out_9, i16 %layer5_out_10, i16 %layer5_out_11, i16 %layer5_out_12, i16 %layer5_out_13, i16 %layer5_out_14, i16 %layer5_out_15, i16 %layer5_out_16, i16 %layer5_out_17, i16 %layer5_out_18, i16 %layer5_out_19, i16 %layer5_out_20, i16 %layer5_out_21, i16 %layer5_out_22, i16 %layer5_out_23, i16 %layer5_out_24, i16 %layer5_out_25, i16 %layer5_out_26, i16 %layer5_out_27, i16 %layer5_out_28, i16 %layer5_out_29, i16 %layer5_out_30, i16 %layer5_out_31" [firmware/nnet_utils/nnet_dense.h:54->firmware/nnet_utils/nnet_dense.h:45->firmware/myproject.cpp:56]   --->   Operation 382 'call' 'call_ret5' <Predicate = true> <Delay = 20.5> <CoreType = "Generic">   --->   Core 0 '' <Latency = 0> <II = 1> <Delay = 1.00> <Generic> <Opcode : >

State 80 <SV = 79> <Delay = 20.5>
ST_80 : Operation 383 [12/31] (20.5ns)   --->   "%call_ret5 = call i512 @dense_latency<ap_fixed<16, 6, 5, 3, 0>, ap_fixed<32, 18, 5, 3, 0>, config6>, i16 %layer5_out, i16 %layer5_out_1, i16 %layer5_out_2, i16 %layer5_out_3, i16 %layer5_out_4, i16 %layer5_out_5, i16 %layer5_out_6, i16 %layer5_out_7, i16 %layer5_out_8, i16 %layer5_out_9, i16 %layer5_out_10, i16 %layer5_out_11, i16 %layer5_out_12, i16 %layer5_out_13, i16 %layer5_out_14, i16 %layer5_out_15, i16 %layer5_out_16, i16 %layer5_out_17, i16 %layer5_out_18, i16 %layer5_out_19, i16 %layer5_out_20, i16 %layer5_out_21, i16 %layer5_out_22, i16 %layer5_out_23, i16 %layer5_out_24, i16 %layer5_out_25, i16 %layer5_out_26, i16 %layer5_out_27, i16 %layer5_out_28, i16 %layer5_out_29, i16 %layer5_out_30, i16 %layer5_out_31" [firmware/nnet_utils/nnet_dense.h:54->firmware/nnet_utils/nnet_dense.h:45->firmware/myproject.cpp:56]   --->   Operation 383 'call' 'call_ret5' <Predicate = true> <Delay = 20.5> <CoreType = "Generic">   --->   Core 0 '' <Latency = 0> <II = 1> <Delay = 1.00> <Generic> <Opcode : >

State 81 <SV = 80> <Delay = 20.5>
ST_81 : Operation 384 [11/31] (20.5ns)   --->   "%call_ret5 = call i512 @dense_latency<ap_fixed<16, 6, 5, 3, 0>, ap_fixed<32, 18, 5, 3, 0>, config6>, i16 %layer5_out, i16 %layer5_out_1, i16 %layer5_out_2, i16 %layer5_out_3, i16 %layer5_out_4, i16 %layer5_out_5, i16 %layer5_out_6, i16 %layer5_out_7, i16 %layer5_out_8, i16 %layer5_out_9, i16 %layer5_out_10, i16 %layer5_out_11, i16 %layer5_out_12, i16 %layer5_out_13, i16 %layer5_out_14, i16 %layer5_out_15, i16 %layer5_out_16, i16 %layer5_out_17, i16 %layer5_out_18, i16 %layer5_out_19, i16 %layer5_out_20, i16 %layer5_out_21, i16 %layer5_out_22, i16 %layer5_out_23, i16 %layer5_out_24, i16 %layer5_out_25, i16 %layer5_out_26, i16 %layer5_out_27, i16 %layer5_out_28, i16 %layer5_out_29, i16 %layer5_out_30, i16 %layer5_out_31" [firmware/nnet_utils/nnet_dense.h:54->firmware/nnet_utils/nnet_dense.h:45->firmware/myproject.cpp:56]   --->   Operation 384 'call' 'call_ret5' <Predicate = true> <Delay = 20.5> <CoreType = "Generic">   --->   Core 0 '' <Latency = 0> <II = 1> <Delay = 1.00> <Generic> <Opcode : >

State 82 <SV = 81> <Delay = 20.5>
ST_82 : Operation 385 [10/31] (20.5ns)   --->   "%call_ret5 = call i512 @dense_latency<ap_fixed<16, 6, 5, 3, 0>, ap_fixed<32, 18, 5, 3, 0>, config6>, i16 %layer5_out, i16 %layer5_out_1, i16 %layer5_out_2, i16 %layer5_out_3, i16 %layer5_out_4, i16 %layer5_out_5, i16 %layer5_out_6, i16 %layer5_out_7, i16 %layer5_out_8, i16 %layer5_out_9, i16 %layer5_out_10, i16 %layer5_out_11, i16 %layer5_out_12, i16 %layer5_out_13, i16 %layer5_out_14, i16 %layer5_out_15, i16 %layer5_out_16, i16 %layer5_out_17, i16 %layer5_out_18, i16 %layer5_out_19, i16 %layer5_out_20, i16 %layer5_out_21, i16 %layer5_out_22, i16 %layer5_out_23, i16 %layer5_out_24, i16 %layer5_out_25, i16 %layer5_out_26, i16 %layer5_out_27, i16 %layer5_out_28, i16 %layer5_out_29, i16 %layer5_out_30, i16 %layer5_out_31" [firmware/nnet_utils/nnet_dense.h:54->firmware/nnet_utils/nnet_dense.h:45->firmware/myproject.cpp:56]   --->   Operation 385 'call' 'call_ret5' <Predicate = true> <Delay = 20.5> <CoreType = "Generic">   --->   Core 0 '' <Latency = 0> <II = 1> <Delay = 1.00> <Generic> <Opcode : >

State 83 <SV = 82> <Delay = 20.5>
ST_83 : Operation 386 [9/31] (20.5ns)   --->   "%call_ret5 = call i512 @dense_latency<ap_fixed<16, 6, 5, 3, 0>, ap_fixed<32, 18, 5, 3, 0>, config6>, i16 %layer5_out, i16 %layer5_out_1, i16 %layer5_out_2, i16 %layer5_out_3, i16 %layer5_out_4, i16 %layer5_out_5, i16 %layer5_out_6, i16 %layer5_out_7, i16 %layer5_out_8, i16 %layer5_out_9, i16 %layer5_out_10, i16 %layer5_out_11, i16 %layer5_out_12, i16 %layer5_out_13, i16 %layer5_out_14, i16 %layer5_out_15, i16 %layer5_out_16, i16 %layer5_out_17, i16 %layer5_out_18, i16 %layer5_out_19, i16 %layer5_out_20, i16 %layer5_out_21, i16 %layer5_out_22, i16 %layer5_out_23, i16 %layer5_out_24, i16 %layer5_out_25, i16 %layer5_out_26, i16 %layer5_out_27, i16 %layer5_out_28, i16 %layer5_out_29, i16 %layer5_out_30, i16 %layer5_out_31" [firmware/nnet_utils/nnet_dense.h:54->firmware/nnet_utils/nnet_dense.h:45->firmware/myproject.cpp:56]   --->   Operation 386 'call' 'call_ret5' <Predicate = true> <Delay = 20.5> <CoreType = "Generic">   --->   Core 0 '' <Latency = 0> <II = 1> <Delay = 1.00> <Generic> <Opcode : >

State 84 <SV = 83> <Delay = 20.5>
ST_84 : Operation 387 [8/31] (20.5ns)   --->   "%call_ret5 = call i512 @dense_latency<ap_fixed<16, 6, 5, 3, 0>, ap_fixed<32, 18, 5, 3, 0>, config6>, i16 %layer5_out, i16 %layer5_out_1, i16 %layer5_out_2, i16 %layer5_out_3, i16 %layer5_out_4, i16 %layer5_out_5, i16 %layer5_out_6, i16 %layer5_out_7, i16 %layer5_out_8, i16 %layer5_out_9, i16 %layer5_out_10, i16 %layer5_out_11, i16 %layer5_out_12, i16 %layer5_out_13, i16 %layer5_out_14, i16 %layer5_out_15, i16 %layer5_out_16, i16 %layer5_out_17, i16 %layer5_out_18, i16 %layer5_out_19, i16 %layer5_out_20, i16 %layer5_out_21, i16 %layer5_out_22, i16 %layer5_out_23, i16 %layer5_out_24, i16 %layer5_out_25, i16 %layer5_out_26, i16 %layer5_out_27, i16 %layer5_out_28, i16 %layer5_out_29, i16 %layer5_out_30, i16 %layer5_out_31" [firmware/nnet_utils/nnet_dense.h:54->firmware/nnet_utils/nnet_dense.h:45->firmware/myproject.cpp:56]   --->   Operation 387 'call' 'call_ret5' <Predicate = true> <Delay = 20.5> <CoreType = "Generic">   --->   Core 0 '' <Latency = 0> <II = 1> <Delay = 1.00> <Generic> <Opcode : >

State 85 <SV = 84> <Delay = 20.5>
ST_85 : Operation 388 [7/31] (20.5ns)   --->   "%call_ret5 = call i512 @dense_latency<ap_fixed<16, 6, 5, 3, 0>, ap_fixed<32, 18, 5, 3, 0>, config6>, i16 %layer5_out, i16 %layer5_out_1, i16 %layer5_out_2, i16 %layer5_out_3, i16 %layer5_out_4, i16 %layer5_out_5, i16 %layer5_out_6, i16 %layer5_out_7, i16 %layer5_out_8, i16 %layer5_out_9, i16 %layer5_out_10, i16 %layer5_out_11, i16 %layer5_out_12, i16 %layer5_out_13, i16 %layer5_out_14, i16 %layer5_out_15, i16 %layer5_out_16, i16 %layer5_out_17, i16 %layer5_out_18, i16 %layer5_out_19, i16 %layer5_out_20, i16 %layer5_out_21, i16 %layer5_out_22, i16 %layer5_out_23, i16 %layer5_out_24, i16 %layer5_out_25, i16 %layer5_out_26, i16 %layer5_out_27, i16 %layer5_out_28, i16 %layer5_out_29, i16 %layer5_out_30, i16 %layer5_out_31" [firmware/nnet_utils/nnet_dense.h:54->firmware/nnet_utils/nnet_dense.h:45->firmware/myproject.cpp:56]   --->   Operation 388 'call' 'call_ret5' <Predicate = true> <Delay = 20.5> <CoreType = "Generic">   --->   Core 0 '' <Latency = 0> <II = 1> <Delay = 1.00> <Generic> <Opcode : >

State 86 <SV = 85> <Delay = 20.5>
ST_86 : Operation 389 [6/31] (20.5ns)   --->   "%call_ret5 = call i512 @dense_latency<ap_fixed<16, 6, 5, 3, 0>, ap_fixed<32, 18, 5, 3, 0>, config6>, i16 %layer5_out, i16 %layer5_out_1, i16 %layer5_out_2, i16 %layer5_out_3, i16 %layer5_out_4, i16 %layer5_out_5, i16 %layer5_out_6, i16 %layer5_out_7, i16 %layer5_out_8, i16 %layer5_out_9, i16 %layer5_out_10, i16 %layer5_out_11, i16 %layer5_out_12, i16 %layer5_out_13, i16 %layer5_out_14, i16 %layer5_out_15, i16 %layer5_out_16, i16 %layer5_out_17, i16 %layer5_out_18, i16 %layer5_out_19, i16 %layer5_out_20, i16 %layer5_out_21, i16 %layer5_out_22, i16 %layer5_out_23, i16 %layer5_out_24, i16 %layer5_out_25, i16 %layer5_out_26, i16 %layer5_out_27, i16 %layer5_out_28, i16 %layer5_out_29, i16 %layer5_out_30, i16 %layer5_out_31" [firmware/nnet_utils/nnet_dense.h:54->firmware/nnet_utils/nnet_dense.h:45->firmware/myproject.cpp:56]   --->   Operation 389 'call' 'call_ret5' <Predicate = true> <Delay = 20.5> <CoreType = "Generic">   --->   Core 0 '' <Latency = 0> <II = 1> <Delay = 1.00> <Generic> <Opcode : >

State 87 <SV = 86> <Delay = 20.5>
ST_87 : Operation 390 [5/31] (20.5ns)   --->   "%call_ret5 = call i512 @dense_latency<ap_fixed<16, 6, 5, 3, 0>, ap_fixed<32, 18, 5, 3, 0>, config6>, i16 %layer5_out, i16 %layer5_out_1, i16 %layer5_out_2, i16 %layer5_out_3, i16 %layer5_out_4, i16 %layer5_out_5, i16 %layer5_out_6, i16 %layer5_out_7, i16 %layer5_out_8, i16 %layer5_out_9, i16 %layer5_out_10, i16 %layer5_out_11, i16 %layer5_out_12, i16 %layer5_out_13, i16 %layer5_out_14, i16 %layer5_out_15, i16 %layer5_out_16, i16 %layer5_out_17, i16 %layer5_out_18, i16 %layer5_out_19, i16 %layer5_out_20, i16 %layer5_out_21, i16 %layer5_out_22, i16 %layer5_out_23, i16 %layer5_out_24, i16 %layer5_out_25, i16 %layer5_out_26, i16 %layer5_out_27, i16 %layer5_out_28, i16 %layer5_out_29, i16 %layer5_out_30, i16 %layer5_out_31" [firmware/nnet_utils/nnet_dense.h:54->firmware/nnet_utils/nnet_dense.h:45->firmware/myproject.cpp:56]   --->   Operation 390 'call' 'call_ret5' <Predicate = true> <Delay = 20.5> <CoreType = "Generic">   --->   Core 0 '' <Latency = 0> <II = 1> <Delay = 1.00> <Generic> <Opcode : >

State 88 <SV = 87> <Delay = 20.5>
ST_88 : Operation 391 [4/31] (20.5ns)   --->   "%call_ret5 = call i512 @dense_latency<ap_fixed<16, 6, 5, 3, 0>, ap_fixed<32, 18, 5, 3, 0>, config6>, i16 %layer5_out, i16 %layer5_out_1, i16 %layer5_out_2, i16 %layer5_out_3, i16 %layer5_out_4, i16 %layer5_out_5, i16 %layer5_out_6, i16 %layer5_out_7, i16 %layer5_out_8, i16 %layer5_out_9, i16 %layer5_out_10, i16 %layer5_out_11, i16 %layer5_out_12, i16 %layer5_out_13, i16 %layer5_out_14, i16 %layer5_out_15, i16 %layer5_out_16, i16 %layer5_out_17, i16 %layer5_out_18, i16 %layer5_out_19, i16 %layer5_out_20, i16 %layer5_out_21, i16 %layer5_out_22, i16 %layer5_out_23, i16 %layer5_out_24, i16 %layer5_out_25, i16 %layer5_out_26, i16 %layer5_out_27, i16 %layer5_out_28, i16 %layer5_out_29, i16 %layer5_out_30, i16 %layer5_out_31" [firmware/nnet_utils/nnet_dense.h:54->firmware/nnet_utils/nnet_dense.h:45->firmware/myproject.cpp:56]   --->   Operation 391 'call' 'call_ret5' <Predicate = true> <Delay = 20.5> <CoreType = "Generic">   --->   Core 0 '' <Latency = 0> <II = 1> <Delay = 1.00> <Generic> <Opcode : >

State 89 <SV = 88> <Delay = 20.5>
ST_89 : Operation 392 [3/31] (20.5ns)   --->   "%call_ret5 = call i512 @dense_latency<ap_fixed<16, 6, 5, 3, 0>, ap_fixed<32, 18, 5, 3, 0>, config6>, i16 %layer5_out, i16 %layer5_out_1, i16 %layer5_out_2, i16 %layer5_out_3, i16 %layer5_out_4, i16 %layer5_out_5, i16 %layer5_out_6, i16 %layer5_out_7, i16 %layer5_out_8, i16 %layer5_out_9, i16 %layer5_out_10, i16 %layer5_out_11, i16 %layer5_out_12, i16 %layer5_out_13, i16 %layer5_out_14, i16 %layer5_out_15, i16 %layer5_out_16, i16 %layer5_out_17, i16 %layer5_out_18, i16 %layer5_out_19, i16 %layer5_out_20, i16 %layer5_out_21, i16 %layer5_out_22, i16 %layer5_out_23, i16 %layer5_out_24, i16 %layer5_out_25, i16 %layer5_out_26, i16 %layer5_out_27, i16 %layer5_out_28, i16 %layer5_out_29, i16 %layer5_out_30, i16 %layer5_out_31" [firmware/nnet_utils/nnet_dense.h:54->firmware/nnet_utils/nnet_dense.h:45->firmware/myproject.cpp:56]   --->   Operation 392 'call' 'call_ret5' <Predicate = true> <Delay = 20.5> <CoreType = "Generic">   --->   Core 0 '' <Latency = 0> <II = 1> <Delay = 1.00> <Generic> <Opcode : >

State 90 <SV = 89> <Delay = 20.5>
ST_90 : Operation 393 [2/31] (20.5ns)   --->   "%call_ret5 = call i512 @dense_latency<ap_fixed<16, 6, 5, 3, 0>, ap_fixed<32, 18, 5, 3, 0>, config6>, i16 %layer5_out, i16 %layer5_out_1, i16 %layer5_out_2, i16 %layer5_out_3, i16 %layer5_out_4, i16 %layer5_out_5, i16 %layer5_out_6, i16 %layer5_out_7, i16 %layer5_out_8, i16 %layer5_out_9, i16 %layer5_out_10, i16 %layer5_out_11, i16 %layer5_out_12, i16 %layer5_out_13, i16 %layer5_out_14, i16 %layer5_out_15, i16 %layer5_out_16, i16 %layer5_out_17, i16 %layer5_out_18, i16 %layer5_out_19, i16 %layer5_out_20, i16 %layer5_out_21, i16 %layer5_out_22, i16 %layer5_out_23, i16 %layer5_out_24, i16 %layer5_out_25, i16 %layer5_out_26, i16 %layer5_out_27, i16 %layer5_out_28, i16 %layer5_out_29, i16 %layer5_out_30, i16 %layer5_out_31" [firmware/nnet_utils/nnet_dense.h:54->firmware/nnet_utils/nnet_dense.h:45->firmware/myproject.cpp:56]   --->   Operation 393 'call' 'call_ret5' <Predicate = true> <Delay = 20.5> <CoreType = "Generic">   --->   Core 0 '' <Latency = 0> <II = 1> <Delay = 1.00> <Generic> <Opcode : >

State 91 <SV = 90> <Delay = 41.8>
ST_91 : Operation 394 [1/31] (20.4ns)   --->   "%call_ret5 = call i512 @dense_latency<ap_fixed<16, 6, 5, 3, 0>, ap_fixed<32, 18, 5, 3, 0>, config6>, i16 %layer5_out, i16 %layer5_out_1, i16 %layer5_out_2, i16 %layer5_out_3, i16 %layer5_out_4, i16 %layer5_out_5, i16 %layer5_out_6, i16 %layer5_out_7, i16 %layer5_out_8, i16 %layer5_out_9, i16 %layer5_out_10, i16 %layer5_out_11, i16 %layer5_out_12, i16 %layer5_out_13, i16 %layer5_out_14, i16 %layer5_out_15, i16 %layer5_out_16, i16 %layer5_out_17, i16 %layer5_out_18, i16 %layer5_out_19, i16 %layer5_out_20, i16 %layer5_out_21, i16 %layer5_out_22, i16 %layer5_out_23, i16 %layer5_out_24, i16 %layer5_out_25, i16 %layer5_out_26, i16 %layer5_out_27, i16 %layer5_out_28, i16 %layer5_out_29, i16 %layer5_out_30, i16 %layer5_out_31" [firmware/nnet_utils/nnet_dense.h:54->firmware/nnet_utils/nnet_dense.h:45->firmware/myproject.cpp:56]   --->   Operation 394 'call' 'call_ret5' <Predicate = true> <Delay = 20.4> <CoreType = "Generic">   --->   Core 0 '' <Latency = 0> <II = 1> <Delay = 1.00> <Generic> <Opcode : >
ST_91 : Operation 395 [1/1] (0.00ns)   --->   "%layer6_out = extractvalue i512 %call_ret5" [firmware/nnet_utils/nnet_dense.h:54->firmware/nnet_utils/nnet_dense.h:45->firmware/myproject.cpp:56]   --->   Operation 395 'extractvalue' 'layer6_out' <Predicate = true> <Delay = 0.00>
ST_91 : Operation 396 [1/1] (0.00ns)   --->   "%layer6_out_1 = extractvalue i512 %call_ret5" [firmware/nnet_utils/nnet_dense.h:54->firmware/nnet_utils/nnet_dense.h:45->firmware/myproject.cpp:56]   --->   Operation 396 'extractvalue' 'layer6_out_1' <Predicate = true> <Delay = 0.00>
ST_91 : Operation 397 [1/1] (0.00ns)   --->   "%layer6_out_2 = extractvalue i512 %call_ret5" [firmware/nnet_utils/nnet_dense.h:54->firmware/nnet_utils/nnet_dense.h:45->firmware/myproject.cpp:56]   --->   Operation 397 'extractvalue' 'layer6_out_2' <Predicate = true> <Delay = 0.00>
ST_91 : Operation 398 [1/1] (0.00ns)   --->   "%layer6_out_3 = extractvalue i512 %call_ret5" [firmware/nnet_utils/nnet_dense.h:54->firmware/nnet_utils/nnet_dense.h:45->firmware/myproject.cpp:56]   --->   Operation 398 'extractvalue' 'layer6_out_3' <Predicate = true> <Delay = 0.00>
ST_91 : Operation 399 [1/1] (0.00ns)   --->   "%layer6_out_4 = extractvalue i512 %call_ret5" [firmware/nnet_utils/nnet_dense.h:54->firmware/nnet_utils/nnet_dense.h:45->firmware/myproject.cpp:56]   --->   Operation 399 'extractvalue' 'layer6_out_4' <Predicate = true> <Delay = 0.00>
ST_91 : Operation 400 [1/1] (0.00ns)   --->   "%layer6_out_5 = extractvalue i512 %call_ret5" [firmware/nnet_utils/nnet_dense.h:54->firmware/nnet_utils/nnet_dense.h:45->firmware/myproject.cpp:56]   --->   Operation 400 'extractvalue' 'layer6_out_5' <Predicate = true> <Delay = 0.00>
ST_91 : Operation 401 [1/1] (0.00ns)   --->   "%layer6_out_6 = extractvalue i512 %call_ret5" [firmware/nnet_utils/nnet_dense.h:54->firmware/nnet_utils/nnet_dense.h:45->firmware/myproject.cpp:56]   --->   Operation 401 'extractvalue' 'layer6_out_6' <Predicate = true> <Delay = 0.00>
ST_91 : Operation 402 [1/1] (0.00ns)   --->   "%layer6_out_7 = extractvalue i512 %call_ret5" [firmware/nnet_utils/nnet_dense.h:54->firmware/nnet_utils/nnet_dense.h:45->firmware/myproject.cpp:56]   --->   Operation 402 'extractvalue' 'layer6_out_7' <Predicate = true> <Delay = 0.00>
ST_91 : Operation 403 [1/1] (0.00ns)   --->   "%layer6_out_8 = extractvalue i512 %call_ret5" [firmware/nnet_utils/nnet_dense.h:54->firmware/nnet_utils/nnet_dense.h:45->firmware/myproject.cpp:56]   --->   Operation 403 'extractvalue' 'layer6_out_8' <Predicate = true> <Delay = 0.00>
ST_91 : Operation 404 [1/1] (0.00ns)   --->   "%layer6_out_9 = extractvalue i512 %call_ret5" [firmware/nnet_utils/nnet_dense.h:54->firmware/nnet_utils/nnet_dense.h:45->firmware/myproject.cpp:56]   --->   Operation 404 'extractvalue' 'layer6_out_9' <Predicate = true> <Delay = 0.00>
ST_91 : Operation 405 [1/1] (0.00ns)   --->   "%layer6_out_10 = extractvalue i512 %call_ret5" [firmware/nnet_utils/nnet_dense.h:54->firmware/nnet_utils/nnet_dense.h:45->firmware/myproject.cpp:56]   --->   Operation 405 'extractvalue' 'layer6_out_10' <Predicate = true> <Delay = 0.00>
ST_91 : Operation 406 [1/1] (0.00ns)   --->   "%layer6_out_11 = extractvalue i512 %call_ret5" [firmware/nnet_utils/nnet_dense.h:54->firmware/nnet_utils/nnet_dense.h:45->firmware/myproject.cpp:56]   --->   Operation 406 'extractvalue' 'layer6_out_11' <Predicate = true> <Delay = 0.00>
ST_91 : Operation 407 [1/1] (0.00ns)   --->   "%layer6_out_12 = extractvalue i512 %call_ret5" [firmware/nnet_utils/nnet_dense.h:54->firmware/nnet_utils/nnet_dense.h:45->firmware/myproject.cpp:56]   --->   Operation 407 'extractvalue' 'layer6_out_12' <Predicate = true> <Delay = 0.00>
ST_91 : Operation 408 [1/1] (0.00ns)   --->   "%layer6_out_13 = extractvalue i512 %call_ret5" [firmware/nnet_utils/nnet_dense.h:54->firmware/nnet_utils/nnet_dense.h:45->firmware/myproject.cpp:56]   --->   Operation 408 'extractvalue' 'layer6_out_13' <Predicate = true> <Delay = 0.00>
ST_91 : Operation 409 [1/1] (0.00ns)   --->   "%layer6_out_14 = extractvalue i512 %call_ret5" [firmware/nnet_utils/nnet_dense.h:54->firmware/nnet_utils/nnet_dense.h:45->firmware/myproject.cpp:56]   --->   Operation 409 'extractvalue' 'layer6_out_14' <Predicate = true> <Delay = 0.00>
ST_91 : Operation 410 [1/1] (0.00ns)   --->   "%layer6_out_15 = extractvalue i512 %call_ret5" [firmware/nnet_utils/nnet_dense.h:54->firmware/nnet_utils/nnet_dense.h:45->firmware/myproject.cpp:56]   --->   Operation 410 'extractvalue' 'layer6_out_15' <Predicate = true> <Delay = 0.00>
ST_91 : Operation 411 [1/1] (3.35ns)   --->   "%call_ret6 = call i256 @relu<ap_fixed<32, 18, 5, 3, 0>, ap_fixed<16, 6, 5, 3, 0>, relu_config7>, i32 %layer6_out, i32 %layer6_out_1, i32 %layer6_out_2, i32 %layer6_out_3, i32 %layer6_out_4, i32 %layer6_out_5, i32 %layer6_out_6, i32 %layer6_out_7, i32 %layer6_out_8, i32 %layer6_out_9, i32 %layer6_out_10, i32 %layer6_out_11, i32 %layer6_out_12, i32 %layer6_out_13, i32 %layer6_out_14, i32 %layer6_out_15" [firmware/myproject.cpp:60]   --->   Operation 411 'call' 'call_ret6' <Predicate = true> <Delay = 3.35> <CoreType = "Generic">   --->   Core 0 '' <Latency = 0> <II = 1> <Delay = 1.00> <Generic> <Opcode : >
ST_91 : Operation 412 [1/1] (0.00ns)   --->   "%layer7_out = extractvalue i256 %call_ret6" [firmware/myproject.cpp:60]   --->   Operation 412 'extractvalue' 'layer7_out' <Predicate = true> <Delay = 0.00>
ST_91 : Operation 413 [1/1] (0.00ns)   --->   "%layer7_out_1 = extractvalue i256 %call_ret6" [firmware/myproject.cpp:60]   --->   Operation 413 'extractvalue' 'layer7_out_1' <Predicate = true> <Delay = 0.00>
ST_91 : Operation 414 [1/1] (0.00ns)   --->   "%layer7_out_2 = extractvalue i256 %call_ret6" [firmware/myproject.cpp:60]   --->   Operation 414 'extractvalue' 'layer7_out_2' <Predicate = true> <Delay = 0.00>
ST_91 : Operation 415 [1/1] (0.00ns)   --->   "%layer7_out_3 = extractvalue i256 %call_ret6" [firmware/myproject.cpp:60]   --->   Operation 415 'extractvalue' 'layer7_out_3' <Predicate = true> <Delay = 0.00>
ST_91 : Operation 416 [1/1] (0.00ns)   --->   "%layer7_out_4 = extractvalue i256 %call_ret6" [firmware/myproject.cpp:60]   --->   Operation 416 'extractvalue' 'layer7_out_4' <Predicate = true> <Delay = 0.00>
ST_91 : Operation 417 [1/1] (0.00ns)   --->   "%layer7_out_5 = extractvalue i256 %call_ret6" [firmware/myproject.cpp:60]   --->   Operation 417 'extractvalue' 'layer7_out_5' <Predicate = true> <Delay = 0.00>
ST_91 : Operation 418 [1/1] (0.00ns)   --->   "%layer7_out_6 = extractvalue i256 %call_ret6" [firmware/myproject.cpp:60]   --->   Operation 418 'extractvalue' 'layer7_out_6' <Predicate = true> <Delay = 0.00>
ST_91 : Operation 419 [1/1] (0.00ns)   --->   "%layer7_out_7 = extractvalue i256 %call_ret6" [firmware/myproject.cpp:60]   --->   Operation 419 'extractvalue' 'layer7_out_7' <Predicate = true> <Delay = 0.00>
ST_91 : Operation 420 [1/1] (0.00ns)   --->   "%layer7_out_8 = extractvalue i256 %call_ret6" [firmware/myproject.cpp:60]   --->   Operation 420 'extractvalue' 'layer7_out_8' <Predicate = true> <Delay = 0.00>
ST_91 : Operation 421 [1/1] (0.00ns)   --->   "%layer7_out_9 = extractvalue i256 %call_ret6" [firmware/myproject.cpp:60]   --->   Operation 421 'extractvalue' 'layer7_out_9' <Predicate = true> <Delay = 0.00>
ST_91 : Operation 422 [1/1] (0.00ns)   --->   "%layer7_out_10 = extractvalue i256 %call_ret6" [firmware/myproject.cpp:60]   --->   Operation 422 'extractvalue' 'layer7_out_10' <Predicate = true> <Delay = 0.00>
ST_91 : Operation 423 [1/1] (0.00ns)   --->   "%layer7_out_11 = extractvalue i256 %call_ret6" [firmware/myproject.cpp:60]   --->   Operation 423 'extractvalue' 'layer7_out_11' <Predicate = true> <Delay = 0.00>
ST_91 : Operation 424 [1/1] (0.00ns)   --->   "%layer7_out_12 = extractvalue i256 %call_ret6" [firmware/myproject.cpp:60]   --->   Operation 424 'extractvalue' 'layer7_out_12' <Predicate = true> <Delay = 0.00>
ST_91 : Operation 425 [1/1] (0.00ns)   --->   "%layer7_out_13 = extractvalue i256 %call_ret6" [firmware/myproject.cpp:60]   --->   Operation 425 'extractvalue' 'layer7_out_13' <Predicate = true> <Delay = 0.00>
ST_91 : Operation 426 [1/1] (0.00ns)   --->   "%layer7_out_14 = extractvalue i256 %call_ret6" [firmware/myproject.cpp:60]   --->   Operation 426 'extractvalue' 'layer7_out_14' <Predicate = true> <Delay = 0.00>
ST_91 : Operation 427 [1/1] (0.00ns)   --->   "%layer7_out_15 = extractvalue i256 %call_ret6" [firmware/myproject.cpp:60]   --->   Operation 427 'extractvalue' 'layer7_out_15' <Predicate = true> <Delay = 0.00>
ST_91 : Operation 428 [15/15] (18.0ns)   --->   "%layer8_out = call i24 @dense_latency<ap_fixed<16, 6, 5, 3, 0>, ap_fixed<32, 18, 5, 3, 0>, config8>, i16 %layer7_out, i16 %layer7_out_1, i16 %layer7_out_2, i16 %layer7_out_3, i16 %layer7_out_4, i16 %layer7_out_5, i16 %layer7_out_6, i16 %layer7_out_7, i16 %layer7_out_8, i16 %layer7_out_9, i16 %layer7_out_10, i16 %layer7_out_11, i16 %layer7_out_12, i16 %layer7_out_13, i16 %layer7_out_14, i16 %layer7_out_15" [firmware/nnet_utils/nnet_dense.h:54->firmware/nnet_utils/nnet_dense.h:45->firmware/myproject.cpp:64]   --->   Operation 428 'call' 'layer8_out' <Predicate = true> <Delay = 18.0> <CoreType = "Generic">   --->   Core 0 '' <Latency = 0> <II = 1> <Delay = 1.00> <Generic> <Opcode : >

State 92 <SV = 91> <Delay = 18.0>
ST_92 : Operation 429 [14/15] (18.0ns)   --->   "%layer8_out = call i24 @dense_latency<ap_fixed<16, 6, 5, 3, 0>, ap_fixed<32, 18, 5, 3, 0>, config8>, i16 %layer7_out, i16 %layer7_out_1, i16 %layer7_out_2, i16 %layer7_out_3, i16 %layer7_out_4, i16 %layer7_out_5, i16 %layer7_out_6, i16 %layer7_out_7, i16 %layer7_out_8, i16 %layer7_out_9, i16 %layer7_out_10, i16 %layer7_out_11, i16 %layer7_out_12, i16 %layer7_out_13, i16 %layer7_out_14, i16 %layer7_out_15" [firmware/nnet_utils/nnet_dense.h:54->firmware/nnet_utils/nnet_dense.h:45->firmware/myproject.cpp:64]   --->   Operation 429 'call' 'layer8_out' <Predicate = true> <Delay = 18.0> <CoreType = "Generic">   --->   Core 0 '' <Latency = 0> <II = 1> <Delay = 1.00> <Generic> <Opcode : >

State 93 <SV = 92> <Delay = 18.0>
ST_93 : Operation 430 [13/15] (18.0ns)   --->   "%layer8_out = call i24 @dense_latency<ap_fixed<16, 6, 5, 3, 0>, ap_fixed<32, 18, 5, 3, 0>, config8>, i16 %layer7_out, i16 %layer7_out_1, i16 %layer7_out_2, i16 %layer7_out_3, i16 %layer7_out_4, i16 %layer7_out_5, i16 %layer7_out_6, i16 %layer7_out_7, i16 %layer7_out_8, i16 %layer7_out_9, i16 %layer7_out_10, i16 %layer7_out_11, i16 %layer7_out_12, i16 %layer7_out_13, i16 %layer7_out_14, i16 %layer7_out_15" [firmware/nnet_utils/nnet_dense.h:54->firmware/nnet_utils/nnet_dense.h:45->firmware/myproject.cpp:64]   --->   Operation 430 'call' 'layer8_out' <Predicate = true> <Delay = 18.0> <CoreType = "Generic">   --->   Core 0 '' <Latency = 0> <II = 1> <Delay = 1.00> <Generic> <Opcode : >

State 94 <SV = 93> <Delay = 18.0>
ST_94 : Operation 431 [12/15] (18.0ns)   --->   "%layer8_out = call i24 @dense_latency<ap_fixed<16, 6, 5, 3, 0>, ap_fixed<32, 18, 5, 3, 0>, config8>, i16 %layer7_out, i16 %layer7_out_1, i16 %layer7_out_2, i16 %layer7_out_3, i16 %layer7_out_4, i16 %layer7_out_5, i16 %layer7_out_6, i16 %layer7_out_7, i16 %layer7_out_8, i16 %layer7_out_9, i16 %layer7_out_10, i16 %layer7_out_11, i16 %layer7_out_12, i16 %layer7_out_13, i16 %layer7_out_14, i16 %layer7_out_15" [firmware/nnet_utils/nnet_dense.h:54->firmware/nnet_utils/nnet_dense.h:45->firmware/myproject.cpp:64]   --->   Operation 431 'call' 'layer8_out' <Predicate = true> <Delay = 18.0> <CoreType = "Generic">   --->   Core 0 '' <Latency = 0> <II = 1> <Delay = 1.00> <Generic> <Opcode : >

State 95 <SV = 94> <Delay = 18.0>
ST_95 : Operation 432 [11/15] (18.0ns)   --->   "%layer8_out = call i24 @dense_latency<ap_fixed<16, 6, 5, 3, 0>, ap_fixed<32, 18, 5, 3, 0>, config8>, i16 %layer7_out, i16 %layer7_out_1, i16 %layer7_out_2, i16 %layer7_out_3, i16 %layer7_out_4, i16 %layer7_out_5, i16 %layer7_out_6, i16 %layer7_out_7, i16 %layer7_out_8, i16 %layer7_out_9, i16 %layer7_out_10, i16 %layer7_out_11, i16 %layer7_out_12, i16 %layer7_out_13, i16 %layer7_out_14, i16 %layer7_out_15" [firmware/nnet_utils/nnet_dense.h:54->firmware/nnet_utils/nnet_dense.h:45->firmware/myproject.cpp:64]   --->   Operation 432 'call' 'layer8_out' <Predicate = true> <Delay = 18.0> <CoreType = "Generic">   --->   Core 0 '' <Latency = 0> <II = 1> <Delay = 1.00> <Generic> <Opcode : >

State 96 <SV = 95> <Delay = 18.0>
ST_96 : Operation 433 [10/15] (18.0ns)   --->   "%layer8_out = call i24 @dense_latency<ap_fixed<16, 6, 5, 3, 0>, ap_fixed<32, 18, 5, 3, 0>, config8>, i16 %layer7_out, i16 %layer7_out_1, i16 %layer7_out_2, i16 %layer7_out_3, i16 %layer7_out_4, i16 %layer7_out_5, i16 %layer7_out_6, i16 %layer7_out_7, i16 %layer7_out_8, i16 %layer7_out_9, i16 %layer7_out_10, i16 %layer7_out_11, i16 %layer7_out_12, i16 %layer7_out_13, i16 %layer7_out_14, i16 %layer7_out_15" [firmware/nnet_utils/nnet_dense.h:54->firmware/nnet_utils/nnet_dense.h:45->firmware/myproject.cpp:64]   --->   Operation 433 'call' 'layer8_out' <Predicate = true> <Delay = 18.0> <CoreType = "Generic">   --->   Core 0 '' <Latency = 0> <II = 1> <Delay = 1.00> <Generic> <Opcode : >

State 97 <SV = 96> <Delay = 18.0>
ST_97 : Operation 434 [9/15] (18.0ns)   --->   "%layer8_out = call i24 @dense_latency<ap_fixed<16, 6, 5, 3, 0>, ap_fixed<32, 18, 5, 3, 0>, config8>, i16 %layer7_out, i16 %layer7_out_1, i16 %layer7_out_2, i16 %layer7_out_3, i16 %layer7_out_4, i16 %layer7_out_5, i16 %layer7_out_6, i16 %layer7_out_7, i16 %layer7_out_8, i16 %layer7_out_9, i16 %layer7_out_10, i16 %layer7_out_11, i16 %layer7_out_12, i16 %layer7_out_13, i16 %layer7_out_14, i16 %layer7_out_15" [firmware/nnet_utils/nnet_dense.h:54->firmware/nnet_utils/nnet_dense.h:45->firmware/myproject.cpp:64]   --->   Operation 434 'call' 'layer8_out' <Predicate = true> <Delay = 18.0> <CoreType = "Generic">   --->   Core 0 '' <Latency = 0> <II = 1> <Delay = 1.00> <Generic> <Opcode : >

State 98 <SV = 97> <Delay = 18.0>
ST_98 : Operation 435 [8/15] (18.0ns)   --->   "%layer8_out = call i24 @dense_latency<ap_fixed<16, 6, 5, 3, 0>, ap_fixed<32, 18, 5, 3, 0>, config8>, i16 %layer7_out, i16 %layer7_out_1, i16 %layer7_out_2, i16 %layer7_out_3, i16 %layer7_out_4, i16 %layer7_out_5, i16 %layer7_out_6, i16 %layer7_out_7, i16 %layer7_out_8, i16 %layer7_out_9, i16 %layer7_out_10, i16 %layer7_out_11, i16 %layer7_out_12, i16 %layer7_out_13, i16 %layer7_out_14, i16 %layer7_out_15" [firmware/nnet_utils/nnet_dense.h:54->firmware/nnet_utils/nnet_dense.h:45->firmware/myproject.cpp:64]   --->   Operation 435 'call' 'layer8_out' <Predicate = true> <Delay = 18.0> <CoreType = "Generic">   --->   Core 0 '' <Latency = 0> <II = 1> <Delay = 1.00> <Generic> <Opcode : >

State 99 <SV = 98> <Delay = 18.0>
ST_99 : Operation 436 [7/15] (18.0ns)   --->   "%layer8_out = call i24 @dense_latency<ap_fixed<16, 6, 5, 3, 0>, ap_fixed<32, 18, 5, 3, 0>, config8>, i16 %layer7_out, i16 %layer7_out_1, i16 %layer7_out_2, i16 %layer7_out_3, i16 %layer7_out_4, i16 %layer7_out_5, i16 %layer7_out_6, i16 %layer7_out_7, i16 %layer7_out_8, i16 %layer7_out_9, i16 %layer7_out_10, i16 %layer7_out_11, i16 %layer7_out_12, i16 %layer7_out_13, i16 %layer7_out_14, i16 %layer7_out_15" [firmware/nnet_utils/nnet_dense.h:54->firmware/nnet_utils/nnet_dense.h:45->firmware/myproject.cpp:64]   --->   Operation 436 'call' 'layer8_out' <Predicate = true> <Delay = 18.0> <CoreType = "Generic">   --->   Core 0 '' <Latency = 0> <II = 1> <Delay = 1.00> <Generic> <Opcode : >

State 100 <SV = 99> <Delay = 18.0>
ST_100 : Operation 437 [6/15] (18.0ns)   --->   "%layer8_out = call i24 @dense_latency<ap_fixed<16, 6, 5, 3, 0>, ap_fixed<32, 18, 5, 3, 0>, config8>, i16 %layer7_out, i16 %layer7_out_1, i16 %layer7_out_2, i16 %layer7_out_3, i16 %layer7_out_4, i16 %layer7_out_5, i16 %layer7_out_6, i16 %layer7_out_7, i16 %layer7_out_8, i16 %layer7_out_9, i16 %layer7_out_10, i16 %layer7_out_11, i16 %layer7_out_12, i16 %layer7_out_13, i16 %layer7_out_14, i16 %layer7_out_15" [firmware/nnet_utils/nnet_dense.h:54->firmware/nnet_utils/nnet_dense.h:45->firmware/myproject.cpp:64]   --->   Operation 437 'call' 'layer8_out' <Predicate = true> <Delay = 18.0> <CoreType = "Generic">   --->   Core 0 '' <Latency = 0> <II = 1> <Delay = 1.00> <Generic> <Opcode : >

State 101 <SV = 100> <Delay = 18.0>
ST_101 : Operation 438 [5/15] (18.0ns)   --->   "%layer8_out = call i24 @dense_latency<ap_fixed<16, 6, 5, 3, 0>, ap_fixed<32, 18, 5, 3, 0>, config8>, i16 %layer7_out, i16 %layer7_out_1, i16 %layer7_out_2, i16 %layer7_out_3, i16 %layer7_out_4, i16 %layer7_out_5, i16 %layer7_out_6, i16 %layer7_out_7, i16 %layer7_out_8, i16 %layer7_out_9, i16 %layer7_out_10, i16 %layer7_out_11, i16 %layer7_out_12, i16 %layer7_out_13, i16 %layer7_out_14, i16 %layer7_out_15" [firmware/nnet_utils/nnet_dense.h:54->firmware/nnet_utils/nnet_dense.h:45->firmware/myproject.cpp:64]   --->   Operation 438 'call' 'layer8_out' <Predicate = true> <Delay = 18.0> <CoreType = "Generic">   --->   Core 0 '' <Latency = 0> <II = 1> <Delay = 1.00> <Generic> <Opcode : >

State 102 <SV = 101> <Delay = 18.0>
ST_102 : Operation 439 [4/15] (18.0ns)   --->   "%layer8_out = call i24 @dense_latency<ap_fixed<16, 6, 5, 3, 0>, ap_fixed<32, 18, 5, 3, 0>, config8>, i16 %layer7_out, i16 %layer7_out_1, i16 %layer7_out_2, i16 %layer7_out_3, i16 %layer7_out_4, i16 %layer7_out_5, i16 %layer7_out_6, i16 %layer7_out_7, i16 %layer7_out_8, i16 %layer7_out_9, i16 %layer7_out_10, i16 %layer7_out_11, i16 %layer7_out_12, i16 %layer7_out_13, i16 %layer7_out_14, i16 %layer7_out_15" [firmware/nnet_utils/nnet_dense.h:54->firmware/nnet_utils/nnet_dense.h:45->firmware/myproject.cpp:64]   --->   Operation 439 'call' 'layer8_out' <Predicate = true> <Delay = 18.0> <CoreType = "Generic">   --->   Core 0 '' <Latency = 0> <II = 1> <Delay = 1.00> <Generic> <Opcode : >

State 103 <SV = 102> <Delay = 18.0>
ST_103 : Operation 440 [3/15] (18.0ns)   --->   "%layer8_out = call i24 @dense_latency<ap_fixed<16, 6, 5, 3, 0>, ap_fixed<32, 18, 5, 3, 0>, config8>, i16 %layer7_out, i16 %layer7_out_1, i16 %layer7_out_2, i16 %layer7_out_3, i16 %layer7_out_4, i16 %layer7_out_5, i16 %layer7_out_6, i16 %layer7_out_7, i16 %layer7_out_8, i16 %layer7_out_9, i16 %layer7_out_10, i16 %layer7_out_11, i16 %layer7_out_12, i16 %layer7_out_13, i16 %layer7_out_14, i16 %layer7_out_15" [firmware/nnet_utils/nnet_dense.h:54->firmware/nnet_utils/nnet_dense.h:45->firmware/myproject.cpp:64]   --->   Operation 440 'call' 'layer8_out' <Predicate = true> <Delay = 18.0> <CoreType = "Generic">   --->   Core 0 '' <Latency = 0> <II = 1> <Delay = 1.00> <Generic> <Opcode : >

State 104 <SV = 103> <Delay = 18.0>
ST_104 : Operation 441 [2/15] (18.0ns)   --->   "%layer8_out = call i24 @dense_latency<ap_fixed<16, 6, 5, 3, 0>, ap_fixed<32, 18, 5, 3, 0>, config8>, i16 %layer7_out, i16 %layer7_out_1, i16 %layer7_out_2, i16 %layer7_out_3, i16 %layer7_out_4, i16 %layer7_out_5, i16 %layer7_out_6, i16 %layer7_out_7, i16 %layer7_out_8, i16 %layer7_out_9, i16 %layer7_out_10, i16 %layer7_out_11, i16 %layer7_out_12, i16 %layer7_out_13, i16 %layer7_out_14, i16 %layer7_out_15" [firmware/nnet_utils/nnet_dense.h:54->firmware/nnet_utils/nnet_dense.h:45->firmware/myproject.cpp:64]   --->   Operation 441 'call' 'layer8_out' <Predicate = true> <Delay = 18.0> <CoreType = "Generic">   --->   Core 0 '' <Latency = 0> <II = 1> <Delay = 1.00> <Generic> <Opcode : >

State 105 <SV = 104> <Delay = 30.2>
ST_105 : Operation 442 [1/15] (18.0ns)   --->   "%layer8_out = call i24 @dense_latency<ap_fixed<16, 6, 5, 3, 0>, ap_fixed<32, 18, 5, 3, 0>, config8>, i16 %layer7_out, i16 %layer7_out_1, i16 %layer7_out_2, i16 %layer7_out_3, i16 %layer7_out_4, i16 %layer7_out_5, i16 %layer7_out_6, i16 %layer7_out_7, i16 %layer7_out_8, i16 %layer7_out_9, i16 %layer7_out_10, i16 %layer7_out_11, i16 %layer7_out_12, i16 %layer7_out_13, i16 %layer7_out_14, i16 %layer7_out_15" [firmware/nnet_utils/nnet_dense.h:54->firmware/nnet_utils/nnet_dense.h:45->firmware/myproject.cpp:64]   --->   Operation 442 'call' 'layer8_out' <Predicate = true> <Delay = 18.0> <CoreType = "Generic">   --->   Core 0 '' <Latency = 0> <II = 1> <Delay = 1.00> <Generic> <Opcode : >
ST_105 : Operation 443 [2/2] (12.1ns)   --->   "%call_ret = call i10 @sigmoid<ap_fixed<32, 18, 5, 3, 0>, ap_fixed<16, 6, 5, 3, 0>, sigmoid_config9>, i24 %layer8_out, i10 %sigmoid_table" [firmware/myproject.cpp:66]   --->   Operation 443 'call' 'call_ret' <Predicate = true> <Delay = 12.1> <CoreType = "Generic">   --->   Core 0 '' <Latency = 0> <II = 1> <Delay = 1.00> <Generic> <Opcode : >

State 106 <SV = 105> <Delay = 3.25>
ST_106 : Operation 444 [1/1] (0.00ns)   --->   "%specpipeline_ln0 = specpipeline void @_ssdm_op_SpecPipeline, i32 4294967295, i32 0, i32 0, i32 0, void @empty_0"   --->   Operation 444 'specpipeline' 'specpipeline_ln0' <Predicate = true> <Delay = 0.00>
ST_106 : Operation 445 [1/1] (0.00ns)   --->   "%spectopmodule_ln0 = spectopmodule void @_ssdm_op_SpecTopModule, void @empty_2"   --->   Operation 445 'spectopmodule' 'spectopmodule_ln0' <Predicate = true> <Delay = 0.00>
ST_106 : Operation 446 [1/1] (0.00ns)   --->   "%specbitsmap_ln0 = specbitsmap void @_ssdm_op_SpecBitsMap, i2400 %hidden_1_input"   --->   Operation 446 'specbitsmap' 'specbitsmap_ln0' <Predicate = true> <Delay = 0.00>
ST_106 : Operation 447 [1/1] (0.00ns)   --->   "%specinterface_ln0 = specinterface void @_ssdm_op_SpecInterface, i2400 %hidden_1_input, void @empty, i32 0, i32 0, void @empty_0, i32 0, i32 0, void @empty_0, void @empty_0, void @empty_0, i32 0, i32 0, i32 0, i32 0, void @empty_0, void @empty_0, i32 4294967295, i32 0"   --->   Operation 447 'specinterface' 'specinterface_ln0' <Predicate = true> <Delay = 0.00>
ST_106 : Operation 448 [1/1] (0.00ns)   --->   "%specbitsmap_ln0 = specbitsmap void @_ssdm_op_SpecBitsMap, i16 %layer9_out"   --->   Operation 448 'specbitsmap' 'specbitsmap_ln0' <Predicate = true> <Delay = 0.00>
ST_106 : Operation 449 [1/1] (0.00ns)   --->   "%specinterface_ln0 = specinterface void @_ssdm_op_SpecInterface, i16 %layer9_out, void @empty, i32 0, i32 0, void @empty_0, i32 0, i32 0, void @empty_0, void @empty_0, void @empty_0, i32 0, i32 0, i32 0, i32 0, void @empty_0, void @empty_0, i32 4294967295, i32 0"   --->   Operation 449 'specinterface' 'specinterface_ln0' <Predicate = true> <Delay = 0.00>
ST_106 : Operation 450 [1/2] (3.25ns)   --->   "%call_ret = call i10 @sigmoid<ap_fixed<32, 18, 5, 3, 0>, ap_fixed<16, 6, 5, 3, 0>, sigmoid_config9>, i24 %layer8_out, i10 %sigmoid_table" [firmware/myproject.cpp:66]   --->   Operation 450 'call' 'call_ret' <Predicate = true> <Delay = 3.25> <CoreType = "Generic">   --->   Core 0 '' <Latency = 0> <II = 1> <Delay = 1.00> <Generic> <Opcode : >
ST_106 : Operation 451 [1/1] (0.00ns)   --->   "%zext_ln66 = zext i10 %call_ret" [firmware/myproject.cpp:66]   --->   Operation 451 'zext' 'zext_ln66' <Predicate = true> <Delay = 0.00>
ST_106 : Operation 452 [1/1] (0.00ns)   --->   "%write_ln66 = write void @_ssdm_op_Write.ap_vld.i16P0A, i16 %layer9_out, i16 %zext_ln66" [firmware/myproject.cpp:66]   --->   Operation 452 'write' 'write_ln66' <Predicate = true> <Delay = 0.00>
ST_106 : Operation 453 [1/1] (0.00ns)   --->   "%ret_ln68 = ret" [firmware/myproject.cpp:68]   --->   Operation 453 'ret' 'ret_ln68' <Predicate = true> <Delay = 0.00>


============================================================
+ Verbose Summary: Binding
============================================================
STG Binding: 
---------------- STG Properties BEGIN ----------------
- Is combinational: 0
- Is one-state seq: 0
- Is datapath-only: 0
- Is pipelined: 1
- Is top level: 1
Port [ Return ] is wired: 1; IO mode=ap_ctrl_hs:ce=0
Port [ hidden_1_input]:  wired=1; compound=0; hidden=0; nouse=0; global=0; static=0; extern=0; dir=0; type=0; pingpong=0; private_global=0; IO mode=ap_vld:ce=0
Port [ layer9_out]:  wired=1; compound=0; hidden=0; nouse=0; global=0; static=0; extern=0; dir=1; type=0; pingpong=0; private_global=0; IO mode=ap_vld:ce=0
Port [ sigmoid_table]:  wired=0; compound=1; hidden=1; nouse=1; global=1; static=1; extern=0; dir=0; type=1; pingpong=0; private_global=0; MemPort=[1]; IO mode=ap_memory:ce=0
---------------- STG Properties END ------------------

---------------- Datapath Model BEGIN ----------------

<LifeTime>
<method=bitvector/>
hidden_1_input_read (read         ) [ 00000000000000000000000000000000000000000000000000000000000000000000000000000000000000000000000000000000000]
call_ret1           (call         ) [ 00000000000000000000000000000000000000000000000000000000000000000000000000000000000000000000000000000000000]
layer2_out          (extractvalue ) [ 00000000000000000000000000000000000000000000000000000000000000000000000000000000000000000000000000000000000]
layer2_out_1        (extractvalue ) [ 00000000000000000000000000000000000000000000000000000000000000000000000000000000000000000000000000000000000]
layer2_out_2        (extractvalue ) [ 00000000000000000000000000000000000000000000000000000000000000000000000000000000000000000000000000000000000]
layer2_out_3        (extractvalue ) [ 00000000000000000000000000000000000000000000000000000000000000000000000000000000000000000000000000000000000]
layer2_out_4        (extractvalue ) [ 00000000000000000000000000000000000000000000000000000000000000000000000000000000000000000000000000000000000]
layer2_out_5        (extractvalue ) [ 00000000000000000000000000000000000000000000000000000000000000000000000000000000000000000000000000000000000]
layer2_out_6        (extractvalue ) [ 00000000000000000000000000000000000000000000000000000000000000000000000000000000000000000000000000000000000]
layer2_out_7        (extractvalue ) [ 00000000000000000000000000000000000000000000000000000000000000000000000000000000000000000000000000000000000]
layer2_out_8        (extractvalue ) [ 00000000000000000000000000000000000000000000000000000000000000000000000000000000000000000000000000000000000]
layer2_out_9        (extractvalue ) [ 00000000000000000000000000000000000000000000000000000000000000000000000000000000000000000000000000000000000]
layer2_out_10       (extractvalue ) [ 00000000000000000000000000000000000000000000000000000000000000000000000000000000000000000000000000000000000]
layer2_out_11       (extractvalue ) [ 00000000000000000000000000000000000000000000000000000000000000000000000000000000000000000000000000000000000]
layer2_out_12       (extractvalue ) [ 00000000000000000000000000000000000000000000000000000000000000000000000000000000000000000000000000000000000]
layer2_out_13       (extractvalue ) [ 00000000000000000000000000000000000000000000000000000000000000000000000000000000000000000000000000000000000]
layer2_out_14       (extractvalue ) [ 00000000000000000000000000000000000000000000000000000000000000000000000000000000000000000000000000000000000]
layer2_out_15       (extractvalue ) [ 00000000000000000000000000000000000000000000000000000000000000000000000000000000000000000000000000000000000]
layer2_out_16       (extractvalue ) [ 00000000000000000000000000000000000000000000000000000000000000000000000000000000000000000000000000000000000]
layer2_out_17       (extractvalue ) [ 00000000000000000000000000000000000000000000000000000000000000000000000000000000000000000000000000000000000]
layer2_out_18       (extractvalue ) [ 00000000000000000000000000000000000000000000000000000000000000000000000000000000000000000000000000000000000]
layer2_out_19       (extractvalue ) [ 00000000000000000000000000000000000000000000000000000000000000000000000000000000000000000000000000000000000]
layer2_out_20       (extractvalue ) [ 00000000000000000000000000000000000000000000000000000000000000000000000000000000000000000000000000000000000]
layer2_out_21       (extractvalue ) [ 00000000000000000000000000000000000000000000000000000000000000000000000000000000000000000000000000000000000]
layer2_out_22       (extractvalue ) [ 00000000000000000000000000000000000000000000000000000000000000000000000000000000000000000000000000000000000]
layer2_out_23       (extractvalue ) [ 00000000000000000000000000000000000000000000000000000000000000000000000000000000000000000000000000000000000]
layer2_out_24       (extractvalue ) [ 00000000000000000000000000000000000000000000000000000000000000000000000000000000000000000000000000000000000]
layer2_out_25       (extractvalue ) [ 00000000000000000000000000000000000000000000000000000000000000000000000000000000000000000000000000000000000]
layer2_out_26       (extractvalue ) [ 00000000000000000000000000000000000000000000000000000000000000000000000000000000000000000000000000000000000]
layer2_out_27       (extractvalue ) [ 00000000000000000000000000000000000000000000000000000000000000000000000000000000000000000000000000000000000]
layer2_out_28       (extractvalue ) [ 00000000000000000000000000000000000000000000000000000000000000000000000000000000000000000000000000000000000]
layer2_out_29       (extractvalue ) [ 00000000000000000000000000000000000000000000000000000000000000000000000000000000000000000000000000000000000]
layer2_out_30       (extractvalue ) [ 00000000000000000000000000000000000000000000000000000000000000000000000000000000000000000000000000000000000]
layer2_out_31       (extractvalue ) [ 00000000000000000000000000000000000000000000000000000000000000000000000000000000000000000000000000000000000]
layer2_out_32       (extractvalue ) [ 00000000000000000000000000000000000000000000000000000000000000000000000000000000000000000000000000000000000]
layer2_out_33       (extractvalue ) [ 00000000000000000000000000000000000000000000000000000000000000000000000000000000000000000000000000000000000]
layer2_out_34       (extractvalue ) [ 00000000000000000000000000000000000000000000000000000000000000000000000000000000000000000000000000000000000]
layer2_out_35       (extractvalue ) [ 00000000000000000000000000000000000000000000000000000000000000000000000000000000000000000000000000000000000]
layer2_out_36       (extractvalue ) [ 00000000000000000000000000000000000000000000000000000000000000000000000000000000000000000000000000000000000]
layer2_out_37       (extractvalue ) [ 00000000000000000000000000000000000000000000000000000000000000000000000000000000000000000000000000000000000]
layer2_out_38       (extractvalue ) [ 00000000000000000000000000000000000000000000000000000000000000000000000000000000000000000000000000000000000]
layer2_out_39       (extractvalue ) [ 00000000000000000000000000000000000000000000000000000000000000000000000000000000000000000000000000000000000]
layer2_out_40       (extractvalue ) [ 00000000000000000000000000000000000000000000000000000000000000000000000000000000000000000000000000000000000]
layer2_out_41       (extractvalue ) [ 00000000000000000000000000000000000000000000000000000000000000000000000000000000000000000000000000000000000]
layer2_out_42       (extractvalue ) [ 00000000000000000000000000000000000000000000000000000000000000000000000000000000000000000000000000000000000]
layer2_out_43       (extractvalue ) [ 00000000000000000000000000000000000000000000000000000000000000000000000000000000000000000000000000000000000]
layer2_out_44       (extractvalue ) [ 00000000000000000000000000000000000000000000000000000000000000000000000000000000000000000000000000000000000]
layer2_out_45       (extractvalue ) [ 00000000000000000000000000000000000000000000000000000000000000000000000000000000000000000000000000000000000]
layer2_out_46       (extractvalue ) [ 00000000000000000000000000000000000000000000000000000000000000000000000000000000000000000000000000000000000]
layer2_out_47       (extractvalue ) [ 00000000000000000000000000000000000000000000000000000000000000000000000000000000000000000000000000000000000]
layer2_out_48       (extractvalue ) [ 00000000000000000000000000000000000000000000000000000000000000000000000000000000000000000000000000000000000]
layer2_out_49       (extractvalue ) [ 00000000000000000000000000000000000000000000000000000000000000000000000000000000000000000000000000000000000]
layer2_out_50       (extractvalue ) [ 00000000000000000000000000000000000000000000000000000000000000000000000000000000000000000000000000000000000]
layer2_out_51       (extractvalue ) [ 00000000000000000000000000000000000000000000000000000000000000000000000000000000000000000000000000000000000]
layer2_out_52       (extractvalue ) [ 00000000000000000000000000000000000000000000000000000000000000000000000000000000000000000000000000000000000]
layer2_out_53       (extractvalue ) [ 00000000000000000000000000000000000000000000000000000000000000000000000000000000000000000000000000000000000]
layer2_out_54       (extractvalue ) [ 00000000000000000000000000000000000000000000000000000000000000000000000000000000000000000000000000000000000]
layer2_out_55       (extractvalue ) [ 00000000000000000000000000000000000000000000000000000000000000000000000000000000000000000000000000000000000]
layer2_out_56       (extractvalue ) [ 00000000000000000000000000000000000000000000000000000000000000000000000000000000000000000000000000000000000]
layer2_out_57       (extractvalue ) [ 00000000000000000000000000000000000000000000000000000000000000000000000000000000000000000000000000000000000]
layer2_out_58       (extractvalue ) [ 00000000000000000000000000000000000000000000000000000000000000000000000000000000000000000000000000000000000]
layer2_out_59       (extractvalue ) [ 00000000000000000000000000000000000000000000000000000000000000000000000000000000000000000000000000000000000]
layer2_out_60       (extractvalue ) [ 00000000000000000000000000000000000000000000000000000000000000000000000000000000000000000000000000000000000]
layer2_out_61       (extractvalue ) [ 00000000000000000000000000000000000000000000000000000000000000000000000000000000000000000000000000000000000]
layer2_out_62       (extractvalue ) [ 00000000000000000000000000000000000000000000000000000000000000000000000000000000000000000000000000000000000]
layer2_out_63       (extractvalue ) [ 00000000000000000000000000000000000000000000000000000000000000000000000000000000000000000000000000000000000]
call_ret2           (call         ) [ 00000000000000000000000000000000000000000000000000000000000000000000000000000000000000000000000000000000000]
layer3_out          (extractvalue ) [ 00000000000000000000000000000000000000000000000000000000000000000000000000000000000000000000000000000000000]
layer3_out_1        (extractvalue ) [ 00000000000000000000000000000000000000000000000000000000000000000000000000000000000000000000000000000000000]
layer3_out_2        (extractvalue ) [ 00000000000000000000000000000000000000000000000000000000000000000000000000000000000000000000000000000000000]
layer3_out_3        (extractvalue ) [ 01000000000000000000000000000000100000000000000000000000000000000000000000000000000000000000000000000000000]
layer3_out_4        (extractvalue ) [ 01000000000000000000000000000000100000000000000000000000000000000000000000000000000000000000000000000000000]
layer3_out_5        (extractvalue ) [ 01100000000000000000000000000000110000000000000000000000000000000000000000000000000000000000000000000000000]
layer3_out_6        (extractvalue ) [ 01100000000000000000000000000000110000000000000000000000000000000000000000000000000000000000000000000000000]
layer3_out_7        (extractvalue ) [ 01110000000000000000000000000000111000000000000000000000000000000000000000000000000000000000000000000000000]
layer3_out_8        (extractvalue ) [ 01110000000000000000000000000000111000000000000000000000000000000000000000000000000000000000000000000000000]
layer3_out_9        (extractvalue ) [ 01111000000000000000000000000000111100000000000000000000000000000000000000000000000000000000000000000000000]
layer3_out_10       (extractvalue ) [ 01111000000000000000000000000000111100000000000000000000000000000000000000000000000000000000000000000000000]
layer3_out_11       (extractvalue ) [ 01111100000000000000000000000000111110000000000000000000000000000000000000000000000000000000000000000000000]
layer3_out_12       (extractvalue ) [ 01111100000000000000000000000000111110000000000000000000000000000000000000000000000000000000000000000000000]
layer3_out_13       (extractvalue ) [ 01111110000000000000000000000000111111000000000000000000000000000000000000000000000000000000000000000000000]
layer3_out_14       (extractvalue ) [ 01111110000000000000000000000000111111000000000000000000000000000000000000000000000000000000000000000000000]
layer3_out_15       (extractvalue ) [ 01111111000000000000000000000000111111100000000000000000000000000000000000000000000000000000000000000000000]
layer3_out_16       (extractvalue ) [ 01111111000000000000000000000000111111100000000000000000000000000000000000000000000000000000000000000000000]
layer3_out_17       (extractvalue ) [ 01111111100000000000000000000000111111110000000000000000000000000000000000000000000000000000000000000000000]
layer3_out_18       (extractvalue ) [ 01111111100000000000000000000000111111110000000000000000000000000000000000000000000000000000000000000000000]
layer3_out_19       (extractvalue ) [ 01111111110000000000000000000000111111111000000000000000000000000000000000000000000000000000000000000000000]
layer3_out_20       (extractvalue ) [ 01111111110000000000000000000000111111111000000000000000000000000000000000000000000000000000000000000000000]
layer3_out_21       (extractvalue ) [ 01111111111000000000000000000000111111111100000000000000000000000000000000000000000000000000000000000000000]
layer3_out_22       (extractvalue ) [ 01111111111000000000000000000000111111111100000000000000000000000000000000000000000000000000000000000000000]
layer3_out_23       (extractvalue ) [ 01111111111100000000000000000000111111111110000000000000000000000000000000000000000000000000000000000000000]
layer3_out_24       (extractvalue ) [ 01111111111100000000000000000000111111111110000000000000000000000000000000000000000000000000000000000000000]
layer3_out_25       (extractvalue ) [ 01111111111110000000000000000000111111111111000000000000000000000000000000000000000000000000000000000000000]
layer3_out_26       (extractvalue ) [ 01111111111110000000000000000000111111111111000000000000000000000000000000000000000000000000000000000000000]
layer3_out_27       (extractvalue ) [ 01111111111110000000000000000000111111111111000000000000000000000000000000000000000000000000000000000000000]
layer3_out_28       (extractvalue ) [ 01111111111111000000000000000000111111111111100000000000000000000000000000000000000000000000000000000000000]
layer3_out_29       (extractvalue ) [ 01111111111111100000000000000000111111111111110000000000000000000000000000000000000000000000000000000000000]
layer3_out_30       (extractvalue ) [ 01111111111111100000000000000000111111111111110000000000000000000000000000000000000000000000000000000000000]
layer3_out_31       (extractvalue ) [ 01111111111111100000000000000000111111111111110000000000000000000000000000000000000000000000000000000000000]
layer3_out_32       (extractvalue ) [ 01111111111111110000000000000000111111111111111000000000000000000000000000000000000000000000000000000000000]
layer3_out_33       (extractvalue ) [ 01111111111111110000000000000000111111111111111000000000000000000000000000000000000000000000000000000000000]
layer3_out_34       (extractvalue ) [ 01111111111111111000000000000000111111111111111100000000000000000000000000000000000000000000000000000000000]
layer3_out_35       (extractvalue ) [ 01111111111111111000000000000000111111111111111100000000000000000000000000000000000000000000000000000000000]
layer3_out_36       (extractvalue ) [ 01111111111111111100000000000000111111111111111110000000000000000000000000000000000000000000000000000000000]
layer3_out_37       (extractvalue ) [ 01111111111111111100000000000000111111111111111110000000000000000000000000000000000000000000000000000000000]
layer3_out_38       (extractvalue ) [ 01111111111111111110000000000000111111111111111111000000000000000000000000000000000000000000000000000000000]
layer3_out_39       (extractvalue ) [ 01111111111111111110000000000000111111111111111111000000000000000000000000000000000000000000000000000000000]
layer3_out_40       (extractvalue ) [ 01111111111111111111000000000000111111111111111111100000000000000000000000000000000000000000000000000000000]
layer3_out_41       (extractvalue ) [ 01111111111111111111000000000000111111111111111111100000000000000000000000000000000000000000000000000000000]
layer3_out_42       (extractvalue ) [ 01111111111111111111100000000000111111111111111111110000000000000000000000000000000000000000000000000000000]
layer3_out_43       (extractvalue ) [ 01111111111111111111100000000000111111111111111111110000000000000000000000000000000000000000000000000000000]
layer3_out_44       (extractvalue ) [ 01111111111111111111110000000000111111111111111111111000000000000000000000000000000000000000000000000000000]
layer3_out_45       (extractvalue ) [ 01111111111111111111110000000000111111111111111111111000000000000000000000000000000000000000000000000000000]
layer3_out_46       (extractvalue ) [ 01111111111111111111111000000000111111111111111111111100000000000000000000000000000000000000000000000000000]
layer3_out_47       (extractvalue ) [ 01111111111111111111111000000000111111111111111111111100000000000000000000000000000000000000000000000000000]
layer3_out_48       (extractvalue ) [ 01111111111111111111111100000000111111111111111111111110000000000000000000000000000000000000000000000000000]
layer3_out_49       (extractvalue ) [ 01111111111111111111111100000000111111111111111111111110000000000000000000000000000000000000000000000000000]
layer3_out_50       (extractvalue ) [ 01111111111111111111111110000000111111111111111111111111000000000000000000000000000000000000000000000000000]
layer3_out_51       (extractvalue ) [ 01111111111111111111111110000000111111111111111111111111000000000000000000000000000000000000000000000000000]
layer3_out_52       (extractvalue ) [ 01111111111111111111111111000000111111111111111111111111100000000000000000000000000000000000000000000000000]
layer3_out_53       (extractvalue ) [ 01111111111111111111111111000000111111111111111111111111100000000000000000000000000000000000000000000000000]
layer3_out_54       (extractvalue ) [ 01111111111111111111111111100000111111111111111111111111110000000000000000000000000000000000000000000000000]
layer3_out_55       (extractvalue ) [ 01111111111111111111111111100000111111111111111111111111110000000000000000000000000000000000000000000000000]
layer3_out_56       (extractvalue ) [ 01111111111111111111111111110000111111111111111111111111111000000000000000000000000000000000000000000000000]
layer3_out_57       (extractvalue ) [ 01111111111111111111111111110000111111111111111111111111111000000000000000000000000000000000000000000000000]
layer3_out_58       (extractvalue ) [ 01111111111111111111111111111000111111111111111111111111111100000000000000000000000000000000000000000000000]
layer3_out_59       (extractvalue ) [ 01111111111111111111111111111000111111111111111111111111111100000000000000000000000000000000000000000000000]
layer3_out_60       (extractvalue ) [ 01111111111111111111111111111000111111111111111111111111111100000000000000000000000000000000000000000000000]
layer3_out_61       (extractvalue ) [ 01111111111111111111111111111100111111111111111111111111111110000000000000000000000000000000000000000000000]
layer3_out_62       (extractvalue ) [ 01111111111111111111111111111100111111111111111111111111111110000000000000000000000000000000000000000000000]
layer3_out_63       (extractvalue ) [ 01111111111111111111111111111110111111111111111111111111111111000000000000000000000000000000000000000000000]
call_ret3           (call         ) [ 00000000000000000000000000000000000000000000000000000000000000000000000000000000000000000000000000000000000]
layer4_out          (extractvalue ) [ 00000000000000000000000000000000000000000000000000000000000000000000000000000000000000000000000000000000000]
layer4_out_1        (extractvalue ) [ 00000000000000000000000000000000000000000000000000000000000000000000000000000000000000000000000000000000000]
layer4_out_2        (extractvalue ) [ 00000000000000000000000000000000000000000000000000000000000000000000000000000000000000000000000000000000000]
layer4_out_3        (extractvalue ) [ 00000000000000000000000000000000000000000000000000000000000000000000000000000000000000000000000000000000000]
layer4_out_4        (extractvalue ) [ 00000000000000000000000000000000000000000000000000000000000000000000000000000000000000000000000000000000000]
layer4_out_5        (extractvalue ) [ 00000000000000000000000000000000000000000000000000000000000000000000000000000000000000000000000000000000000]
layer4_out_6        (extractvalue ) [ 00000000000000000000000000000000000000000000000000000000000000000000000000000000000000000000000000000000000]
layer4_out_7        (extractvalue ) [ 00000000000000000000000000000000000000000000000000000000000000000000000000000000000000000000000000000000000]
layer4_out_8        (extractvalue ) [ 00000000000000000000000000000000000000000000000000000000000000000000000000000000000000000000000000000000000]
layer4_out_9        (extractvalue ) [ 00000000000000000000000000000000000000000000000000000000000000000000000000000000000000000000000000000000000]
layer4_out_10       (extractvalue ) [ 00000000000000000000000000000000000000000000000000000000000000000000000000000000000000000000000000000000000]
layer4_out_11       (extractvalue ) [ 00000000000000000000000000000000000000000000000000000000000000000000000000000000000000000000000000000000000]
layer4_out_12       (extractvalue ) [ 00000000000000000000000000000000000000000000000000000000000000000000000000000000000000000000000000000000000]
layer4_out_13       (extractvalue ) [ 00000000000000000000000000000000000000000000000000000000000000000000000000000000000000000000000000000000000]
layer4_out_14       (extractvalue ) [ 00000000000000000000000000000000000000000000000000000000000000000000000000000000000000000000000000000000000]
layer4_out_15       (extractvalue ) [ 00000000000000000000000000000000000000000000000000000000000000000000000000000000000000000000000000000000000]
layer4_out_16       (extractvalue ) [ 00000000000000000000000000000000000000000000000000000000000000000000000000000000000000000000000000000000000]
layer4_out_17       (extractvalue ) [ 00000000000000000000000000000000000000000000000000000000000000000000000000000000000000000000000000000000000]
layer4_out_18       (extractvalue ) [ 00000000000000000000000000000000000000000000000000000000000000000000000000000000000000000000000000000000000]
layer4_out_19       (extractvalue ) [ 00000000000000000000000000000000000000000000000000000000000000000000000000000000000000000000000000000000000]
layer4_out_20       (extractvalue ) [ 00000000000000000000000000000000000000000000000000000000000000000000000000000000000000000000000000000000000]
layer4_out_21       (extractvalue ) [ 00000000000000000000000000000000000000000000000000000000000000000000000000000000000000000000000000000000000]
layer4_out_22       (extractvalue ) [ 00000000000000000000000000000000000000000000000000000000000000000000000000000000000000000000000000000000000]
layer4_out_23       (extractvalue ) [ 00000000000000000000000000000000000000000000000000000000000000000000000000000000000000000000000000000000000]
layer4_out_24       (extractvalue ) [ 00000000000000000000000000000000000000000000000000000000000000000000000000000000000000000000000000000000000]
layer4_out_25       (extractvalue ) [ 00000000000000000000000000000000000000000000000000000000000000000000000000000000000000000000000000000000000]
layer4_out_26       (extractvalue ) [ 00000000000000000000000000000000000000000000000000000000000000000000000000000000000000000000000000000000000]
layer4_out_27       (extractvalue ) [ 00000000000000000000000000000000000000000000000000000000000000000000000000000000000000000000000000000000000]
layer4_out_28       (extractvalue ) [ 00000000000000000000000000000000000000000000000000000000000000000000000000000000000000000000000000000000000]
layer4_out_29       (extractvalue ) [ 00000000000000000000000000000000000000000000000000000000000000000000000000000000000000000000000000000000000]
layer4_out_30       (extractvalue ) [ 00000000000000000000000000000000000000000000000000000000000000000000000000000000000000000000000000000000000]
layer4_out_31       (extractvalue ) [ 00000000000000000000000000000000000000000000000000000000000000000000000000000000000000000000000000000000000]
call_ret4           (call         ) [ 00000000000000000000000000000000000000000000000000000000000000000000000000000000000000000000000000000000000]
layer5_out          (extractvalue ) [ 00000000000000000000000000000000000000000000000000000000000000000000000000000000000000000000000000000000000]
layer5_out_1        (extractvalue ) [ 00000000000000000000000000000001000000000000000000000000000000100000000000000000000000000000000000000000000]
layer5_out_2        (extractvalue ) [ 01000000000000000000000000000001000000000000000000000000000000110000000000000000000000000000000000000000000]
layer5_out_3        (extractvalue ) [ 01100000000000000000000000000001000000000000000000000000000000111000000000000000000000000000000000000000000]
layer5_out_4        (extractvalue ) [ 01110000000000000000000000000001000000000000000000000000000000111100000000000000000000000000000000000000000]
layer5_out_5        (extractvalue ) [ 01110000000000000000000000000001000000000000000000000000000000111100000000000000000000000000000000000000000]
layer5_out_6        (extractvalue ) [ 01111000000000000000000000000001000000000000000000000000000000111110000000000000000000000000000000000000000]
layer5_out_7        (extractvalue ) [ 01111100000000000000000000000001000000000000000000000000000000111111000000000000000000000000000000000000000]
layer5_out_8        (extractvalue ) [ 01111110000000000000000000000001000000000000000000000000000000111111100000000000000000000000000000000000000]
layer5_out_9        (extractvalue ) [ 01111111000000000000000000000001000000000000000000000000000000111111110000000000000000000000000000000000000]
layer5_out_10       (extractvalue ) [ 01111111100000000000000000000001000000000000000000000000000000111111111000000000000000000000000000000000000]
layer5_out_11       (extractvalue ) [ 01111111110000000000000000000001000000000000000000000000000000111111111100000000000000000000000000000000000]
layer5_out_12       (extractvalue ) [ 01111111111000000000000000000001000000000000000000000000000000111111111110000000000000000000000000000000000]
layer5_out_13       (extractvalue ) [ 01111111111100000000000000000001000000000000000000000000000000111111111111000000000000000000000000000000000]
layer5_out_14       (extractvalue ) [ 01111111111110000000000000000001000000000000000000000000000000111111111111100000000000000000000000000000000]
layer5_out_15       (extractvalue ) [ 01111111111110000000000000000001000000000000000000000000000000111111111111100000000000000000000000000000000]
layer5_out_16       (extractvalue ) [ 01111111111111100000000000000001000000000000000000000000000000111111111111111000000000000000000000000000000]
layer5_out_17       (extractvalue ) [ 01111111111111110000000000000001000000000000000000000000000000111111111111111100000000000000000000000000000]
layer5_out_18       (extractvalue ) [ 01111111111111110000000000000001000000000000000000000000000000111111111111111100000000000000000000000000000]
layer5_out_19       (extractvalue ) [ 01111111111111111000000000000001000000000000000000000000000000111111111111111110000000000000000000000000000]
layer5_out_20       (extractvalue ) [ 01111111111111111100000000000001000000000000000000000000000000111111111111111111000000000000000000000000000]
layer5_out_21       (extractvalue ) [ 01111111111111111110000000000001000000000000000000000000000000111111111111111111100000000000000000000000000]
layer5_out_22       (extractvalue ) [ 01111111111111111111000000000001000000000000000000000000000000111111111111111111110000000000000000000000000]
layer5_out_23       (extractvalue ) [ 01111111111111111111000000000001000000000000000000000000000000111111111111111111110000000000000000000000000]
layer5_out_24       (extractvalue ) [ 01111111111111111111110000000001000000000000000000000000000000111111111111111111111100000000000000000000000]
layer5_out_25       (extractvalue ) [ 01111111111111111111111000000001000000000000000000000000000000111111111111111111111110000000000000000000000]
layer5_out_26       (extractvalue ) [ 01111111111111111111111100000001000000000000000000000000000000111111111111111111111111000000000000000000000]
layer5_out_27       (extractvalue ) [ 01111111111111111111111110000001000000000000000000000000000000111111111111111111111111100000000000000000000]
layer5_out_28       (extractvalue ) [ 01111111111111111111111111000001000000000000000000000000000000111111111111111111111111110000000000000000000]
layer5_out_29       (extractvalue ) [ 01111111111111111111111111100001000000000000000000000000000000111111111111111111111111111000000000000000000]
layer5_out_30       (extractvalue ) [ 01111111111111111111111111110001000000000000000000000000000000111111111111111111111111111100000000000000000]
layer5_out_31       (extractvalue ) [ 01111111111111111111111111110001000000000000000000000000000000111111111111111111111111111100000000000000000]
call_ret5           (call         ) [ 00000000000000000000000000000000000000000000000000000000000000000000000000000000000000000000000000000000000]
layer6_out          (extractvalue ) [ 00000000000000000000000000000000000000000000000000000000000000000000000000000000000000000000000000000000000]
layer6_out_1        (extractvalue ) [ 00000000000000000000000000000000000000000000000000000000000000000000000000000000000000000000000000000000000]
layer6_out_2        (extractvalue ) [ 00000000000000000000000000000000000000000000000000000000000000000000000000000000000000000000000000000000000]
layer6_out_3        (extractvalue ) [ 00000000000000000000000000000000000000000000000000000000000000000000000000000000000000000000000000000000000]
layer6_out_4        (extractvalue ) [ 00000000000000000000000000000000000000000000000000000000000000000000000000000000000000000000000000000000000]
layer6_out_5        (extractvalue ) [ 00000000000000000000000000000000000000000000000000000000000000000000000000000000000000000000000000000000000]
layer6_out_6        (extractvalue ) [ 00000000000000000000000000000000000000000000000000000000000000000000000000000000000000000000000000000000000]
layer6_out_7        (extractvalue ) [ 00000000000000000000000000000000000000000000000000000000000000000000000000000000000000000000000000000000000]
layer6_out_8        (extractvalue ) [ 00000000000000000000000000000000000000000000000000000000000000000000000000000000000000000000000000000000000]
layer6_out_9        (extractvalue ) [ 00000000000000000000000000000000000000000000000000000000000000000000000000000000000000000000000000000000000]
layer6_out_10       (extractvalue ) [ 00000000000000000000000000000000000000000000000000000000000000000000000000000000000000000000000000000000000]
layer6_out_11       (extractvalue ) [ 00000000000000000000000000000000000000000000000000000000000000000000000000000000000000000000000000000000000]
layer6_out_12       (extractvalue ) [ 00000000000000000000000000000000000000000000000000000000000000000000000000000000000000000000000000000000000]
layer6_out_13       (extractvalue ) [ 00000000000000000000000000000000000000000000000000000000000000000000000000000000000000000000000000000000000]
layer6_out_14       (extractvalue ) [ 00000000000000000000000000000000000000000000000000000000000000000000000000000000000000000000000000000000000]
layer6_out_15       (extractvalue ) [ 00000000000000000000000000000000000000000000000000000000000000000000000000000000000000000000000000000000000]
call_ret6           (call         ) [ 00000000000000000000000000000000000000000000000000000000000000000000000000000000000000000000000000000000000]
layer7_out          (extractvalue ) [ 00000000000000000000000000000000000000000000000000000000000000000000000000000000000000000000000000000000000]
layer7_out_1        (extractvalue ) [ 00000000000000000000000000000010000000000000000000000000000000000000000000000000000000000000100000000000000]
layer7_out_2        (extractvalue ) [ 00000000000000000000000000000011000000000000000000000000000000000000000000000000000000000000110000000000000]
layer7_out_3        (extractvalue ) [ 01000000000000000000000000000011000000000000000000000000000000000000000000000000000000000000111000000000000]
layer7_out_4        (extractvalue ) [ 01100000000000000000000000000011000000000000000000000000000000000000000000000000000000000000111100000000000]
layer7_out_5        (extractvalue ) [ 01110000000000000000000000000011000000000000000000000000000000000000000000000000000000000000111110000000000]
layer7_out_6        (extractvalue ) [ 01111000000000000000000000000011000000000000000000000000000000000000000000000000000000000000111111000000000]
layer7_out_7        (extractvalue ) [ 01111100000000000000000000000011000000000000000000000000000000000000000000000000000000000000111111100000000]
layer7_out_8        (extractvalue ) [ 01111111111110000000000000000011000000000000000000000000000000000000000000000000000000000000111111111111110]
layer7_out_9        (extractvalue ) [ 01111110000000000000000000000011000000000000000000000000000000000000000000000000000000000000111111110000000]
layer7_out_10       (extractvalue ) [ 01111111000000000000000000000011000000000000000000000000000000000000000000000000000000000000111111111000000]
layer7_out_11       (extractvalue ) [ 01111111100000000000000000000011000000000000000000000000000000000000000000000000000000000000111111111100000]
layer7_out_12       (extractvalue ) [ 01111111110000000000000000000011000000000000000000000000000000000000000000000000000000000000111111111110000]
layer7_out_13       (extractvalue ) [ 01111111111000000000000000000011000000000000000000000000000000000000000000000000000000000000111111111111000]
layer7_out_14       (extractvalue ) [ 01111111111100000000000000000011000000000000000000000000000000000000000000000000000000000000111111111111100]
layer7_out_15       (extractvalue ) [ 01111111111110000000000000000011000000000000000000000000000000000000000000000000000000000000111111111111110]
layer8_out          (call         ) [ 00000000000000000000000000000000000000000000000000000000000000000000000000000000000000000000000000000000000]
specpipeline_ln0    (specpipeline ) [ 00000000000000000000000000000000000000000000000000000000000000000000000000000000000000000000000000000000000]
spectopmodule_ln0   (spectopmodule) [ 00000000000000000000000000000000000000000000000000000000000000000000000000000000000000000000000000000000000]
specbitsmap_ln0     (specbitsmap  ) [ 00000000000000000000000000000000000000000000000000000000000000000000000000000000000000000000000000000000000]
specinterface_ln0   (specinterface) [ 00000000000000000000000000000000000000000000000000000000000000000000000000000000000000000000000000000000000]
specbitsmap_ln0     (specbitsmap  ) [ 00000000000000000000000000000000000000000000000000000000000000000000000000000000000000000000000000000000000]
specinterface_ln0   (specinterface) [ 00000000000000000000000000000000000000000000000000000000000000000000000000000000000000000000000000000000000]
call_ret            (call         ) [ 00000000000000000000000000000000000000000000000000000000000000000000000000000000000000000000000000000000000]
zext_ln66           (zext         ) [ 00000000000000000000000000000000000000000000000000000000000000000000000000000000000000000000000000000000000]
write_ln66          (write        ) [ 00000000000000000000000000000000000000000000000000000000000000000000000000000000000000000000000000000000000]
ret_ln68            (ret          ) [ 00000000000000000000000000000000000000000000000000000000000000000000000000000000000000000000000000000000000]
</LifeTime>

<model>

<comp_list>
<comp id="0" class="1000" name="hidden_1_input">
<pin_list>
<pin id="1" dir="1" index="0" bw="1" slack="0"/>
</pin_list>
<bind>
<StgValue><ssdm name="hidden_1_input"/></StgValue>
</bind>
</comp>

<comp id="2" class="1000" name="layer9_out">
<pin_list>
<pin id="3" dir="1" index="0" bw="1" slack="0"/>
</pin_list>
<bind>
<StgValue><ssdm name="layer9_out"/></StgValue>
</bind>
</comp>

<comp id="4" class="1000" name="sigmoid_table">
<pin_list>
<pin id="5" dir="1" index="0" bw="1" slack="0"/>
</pin_list>
<bind>
<StgValue><ssdm name="sigmoid_table"/><MemPortTyVec>1 </MemPortTyVec>
</StgValue>
</bind>
</comp>

<comp id="6" class="1001" name="const_6">
<pin_list>
<pin id="7" dir="1" index="0" bw="1" slack="0"/>
</pin_list>
<bind>
<StgValue><ssdm name="_ssdm_op_Read.ap_vld.i2400P0A"/></StgValue>
</bind>
</comp>

<comp id="8" class="1001" name="const_8">
<pin_list>
<pin id="9" dir="1" index="0" bw="1" slack="0"/>
</pin_list>
<bind>
<StgValue><ssdm name="dense_latency<ap_fixed<32, 16, 5, 3, 0>, ap_fixed<32, 18, 5, 3, 0>, config2>"/></StgValue>
</bind>
</comp>

<comp id="10" class="1001" name="const_10">
<pin_list>
<pin id="11" dir="1" index="0" bw="1" slack="0"/>
</pin_list>
<bind>
<StgValue><ssdm name="relu<ap_fixed<32, 18, 5, 3, 0>, ap_fixed<16, 6, 5, 3, 0>, relu_config3>"/></StgValue>
</bind>
</comp>

<comp id="12" class="1001" name="const_12">
<pin_list>
<pin id="13" dir="1" index="0" bw="1" slack="0"/>
</pin_list>
<bind>
<StgValue><ssdm name="dense_latency<ap_fixed<16, 6, 5, 3, 0>, ap_fixed<32, 18, 5, 3, 0>, config4>"/></StgValue>
</bind>
</comp>

<comp id="14" class="1001" name="const_14">
<pin_list>
<pin id="15" dir="1" index="0" bw="1" slack="0"/>
</pin_list>
<bind>
<StgValue><ssdm name="relu<ap_fixed<32, 18, 5, 3, 0>, ap_fixed<16, 6, 5, 3, 0>, relu_config5>"/></StgValue>
</bind>
</comp>

<comp id="16" class="1001" name="const_16">
<pin_list>
<pin id="17" dir="1" index="0" bw="1" slack="0"/>
</pin_list>
<bind>
<StgValue><ssdm name="dense_latency<ap_fixed<16, 6, 5, 3, 0>, ap_fixed<32, 18, 5, 3, 0>, config6>"/></StgValue>
</bind>
</comp>

<comp id="18" class="1001" name="const_18">
<pin_list>
<pin id="19" dir="1" index="0" bw="1" slack="0"/>
</pin_list>
<bind>
<StgValue><ssdm name="relu<ap_fixed<32, 18, 5, 3, 0>, ap_fixed<16, 6, 5, 3, 0>, relu_config7>"/></StgValue>
</bind>
</comp>

<comp id="20" class="1001" name="const_20">
<pin_list>
<pin id="21" dir="1" index="0" bw="1" slack="0"/>
</pin_list>
<bind>
<StgValue><ssdm name="dense_latency<ap_fixed<16, 6, 5, 3, 0>, ap_fixed<32, 18, 5, 3, 0>, config8>"/></StgValue>
</bind>
</comp>

<comp id="22" class="1001" name="const_22">
<pin_list>
<pin id="23" dir="1" index="0" bw="1" slack="0"/>
</pin_list>
<bind>
<StgValue><ssdm name="sigmoid<ap_fixed<32, 18, 5, 3, 0>, ap_fixed<16, 6, 5, 3, 0>, sigmoid_config9>"/></StgValue>
</bind>
</comp>

<comp id="24" class="1001" name="const_24">
<pin_list>
<pin id="25" dir="1" index="0" bw="1" slack="2147483647"/>
</pin_list>
<bind>
<StgValue><ssdm name="_ssdm_op_SpecPipeline"/></StgValue>
</bind>
</comp>

<comp id="26" class="1001" name="const_26">
<pin_list>
<pin id="27" dir="1" index="0" bw="1" slack="2147483647"/>
</pin_list>
<bind>
<StgValue><ssdm name=""/></StgValue>
</bind>
</comp>

<comp id="28" class="1001" name="const_28">
<pin_list>
<pin id="29" dir="1" index="0" bw="1" slack="2147483647"/>
</pin_list>
<bind>
<StgValue><ssdm name=""/></StgValue>
</bind>
</comp>

<comp id="30" class="1001" name="const_30">
<pin_list>
<pin id="31" dir="1" index="0" bw="1" slack="2147483647"/>
</pin_list>
<bind>
<StgValue><ssdm name="empty_0"/></StgValue>
</bind>
</comp>

<comp id="32" class="1001" name="const_32">
<pin_list>
<pin id="33" dir="1" index="0" bw="1" slack="2147483647"/>
</pin_list>
<bind>
<StgValue><ssdm name="_ssdm_op_SpecTopModule"/></StgValue>
</bind>
</comp>

<comp id="34" class="1001" name="const_34">
<pin_list>
<pin id="35" dir="1" index="0" bw="1" slack="2147483647"/>
</pin_list>
<bind>
<StgValue><ssdm name="empty_2"/></StgValue>
</bind>
</comp>

<comp id="36" class="1001" name="const_36">
<pin_list>
<pin id="37" dir="1" index="0" bw="1" slack="2147483647"/>
</pin_list>
<bind>
<StgValue><ssdm name="_ssdm_op_SpecBitsMap"/></StgValue>
</bind>
</comp>

<comp id="38" class="1001" name="const_38">
<pin_list>
<pin id="39" dir="1" index="0" bw="1" slack="2147483647"/>
</pin_list>
<bind>
<StgValue><ssdm name="_ssdm_op_SpecInterface"/></StgValue>
</bind>
</comp>

<comp id="40" class="1001" name="const_40">
<pin_list>
<pin id="41" dir="1" index="0" bw="1" slack="2147483647"/>
</pin_list>
<bind>
<StgValue><ssdm name="empty"/></StgValue>
</bind>
</comp>

<comp id="42" class="1001" name="const_42">
<pin_list>
<pin id="43" dir="1" index="0" bw="1" slack="0"/>
</pin_list>
<bind>
<StgValue><ssdm name="_ssdm_op_Write.ap_vld.i16P0A"/></StgValue>
</bind>
</comp>

<comp id="44" class="1004" name="hidden_1_input_read_read_fu_44">
<pin_list>
<pin id="45" dir="0" index="0" bw="2400" slack="0"/>
<pin id="46" dir="0" index="1" bw="2400" slack="0"/>
<pin id="47" dir="1" index="2" bw="2400" slack="0"/>
</pin_list>
<bind>
<opcode="read(1150) " fcode="read"/>
<opset="hidden_1_input_read/1 "/>
</bind>
</comp>

<comp id="50" class="1004" name="write_ln66_write_fu_50">
<pin_list>
<pin id="51" dir="0" index="0" bw="0" slack="0"/>
<pin id="52" dir="0" index="1" bw="16" slack="0"/>
<pin id="53" dir="0" index="2" bw="10" slack="0"/>
<pin id="54" dir="1" index="3" bw="0" slack="2147483647"/>
</pin_list>
<bind>
<opcode="write(1151) " fcode="write"/>
<opset="write_ln66/106 "/>
</bind>
</comp>

<comp id="57" class="1004" name="grp_dense_latency_ap_fixed_32_16_5_3_0_ap_fixed_32_18_5_3_0_config2_s_fu_57">
<pin_list>
<pin id="58" dir="0" index="0" bw="2048" slack="0"/>
<pin id="59" dir="0" index="1" bw="2400" slack="0"/>
<pin id="60" dir="1" index="2" bw="2048" slack="0"/>
</pin_list>
<bind>
<opcode="call(48) " fcode="call"/>
<opset="call_ret1/1 "/>
</bind>
</comp>

<comp id="63" class="1004" name="call_ret2_relu_ap_fixed_32_18_5_3_0_ap_fixed_16_6_5_3_0_relu_config3_s_fu_63">
<pin_list>
<pin id="64" dir="0" index="0" bw="1024" slack="0"/>
<pin id="65" dir="0" index="1" bw="32" slack="0"/>
<pin id="66" dir="0" index="2" bw="32" slack="0"/>
<pin id="67" dir="0" index="3" bw="32" slack="0"/>
<pin id="68" dir="0" index="4" bw="32" slack="0"/>
<pin id="69" dir="0" index="5" bw="32" slack="0"/>
<pin id="70" dir="0" index="6" bw="32" slack="0"/>
<pin id="71" dir="0" index="7" bw="32" slack="0"/>
<pin id="72" dir="0" index="8" bw="32" slack="0"/>
<pin id="73" dir="0" index="9" bw="32" slack="0"/>
<pin id="74" dir="0" index="10" bw="32" slack="0"/>
<pin id="75" dir="0" index="11" bw="32" slack="0"/>
<pin id="76" dir="0" index="12" bw="32" slack="0"/>
<pin id="77" dir="0" index="13" bw="32" slack="0"/>
<pin id="78" dir="0" index="14" bw="32" slack="0"/>
<pin id="79" dir="0" index="15" bw="32" slack="0"/>
<pin id="80" dir="0" index="16" bw="32" slack="0"/>
<pin id="81" dir="0" index="17" bw="32" slack="0"/>
<pin id="82" dir="0" index="18" bw="32" slack="0"/>
<pin id="83" dir="0" index="19" bw="32" slack="0"/>
<pin id="84" dir="0" index="20" bw="32" slack="0"/>
<pin id="85" dir="0" index="21" bw="32" slack="0"/>
<pin id="86" dir="0" index="22" bw="32" slack="0"/>
<pin id="87" dir="0" index="23" bw="32" slack="0"/>
<pin id="88" dir="0" index="24" bw="32" slack="0"/>
<pin id="89" dir="0" index="25" bw="32" slack="0"/>
<pin id="90" dir="0" index="26" bw="32" slack="0"/>
<pin id="91" dir="0" index="27" bw="32" slack="0"/>
<pin id="92" dir="0" index="28" bw="32" slack="0"/>
<pin id="93" dir="0" index="29" bw="32" slack="0"/>
<pin id="94" dir="0" index="30" bw="32" slack="0"/>
<pin id="95" dir="0" index="31" bw="32" slack="0"/>
<pin id="96" dir="0" index="32" bw="32" slack="0"/>
<pin id="97" dir="0" index="33" bw="32" slack="0"/>
<pin id="98" dir="0" index="34" bw="32" slack="0"/>
<pin id="99" dir="0" index="35" bw="32" slack="0"/>
<pin id="100" dir="0" index="36" bw="32" slack="0"/>
<pin id="101" dir="0" index="37" bw="32" slack="0"/>
<pin id="102" dir="0" index="38" bw="32" slack="0"/>
<pin id="103" dir="0" index="39" bw="32" slack="0"/>
<pin id="104" dir="0" index="40" bw="32" slack="0"/>
<pin id="105" dir="0" index="41" bw="32" slack="0"/>
<pin id="106" dir="0" index="42" bw="32" slack="0"/>
<pin id="107" dir="0" index="43" bw="32" slack="0"/>
<pin id="108" dir="0" index="44" bw="32" slack="0"/>
<pin id="109" dir="0" index="45" bw="32" slack="0"/>
<pin id="110" dir="0" index="46" bw="32" slack="0"/>
<pin id="111" dir="0" index="47" bw="32" slack="0"/>
<pin id="112" dir="0" index="48" bw="32" slack="0"/>
<pin id="113" dir="0" index="49" bw="32" slack="0"/>
<pin id="114" dir="0" index="50" bw="32" slack="0"/>
<pin id="115" dir="0" index="51" bw="32" slack="0"/>
<pin id="116" dir="0" index="52" bw="32" slack="0"/>
<pin id="117" dir="0" index="53" bw="32" slack="0"/>
<pin id="118" dir="0" index="54" bw="32" slack="0"/>
<pin id="119" dir="0" index="55" bw="32" slack="0"/>
<pin id="120" dir="0" index="56" bw="32" slack="0"/>
<pin id="121" dir="0" index="57" bw="32" slack="0"/>
<pin id="122" dir="0" index="58" bw="32" slack="0"/>
<pin id="123" dir="0" index="59" bw="32" slack="0"/>
<pin id="124" dir="0" index="60" bw="32" slack="0"/>
<pin id="125" dir="0" index="61" bw="32" slack="0"/>
<pin id="126" dir="0" index="62" bw="32" slack="0"/>
<pin id="127" dir="0" index="63" bw="32" slack="0"/>
<pin id="128" dir="0" index="64" bw="32" slack="0"/>
<pin id="129" dir="1" index="65" bw="1024" slack="0"/>
</pin_list>
<bind>
<opcode="call(48) " fcode="call"/>
<opset="call_ret2/31 "/>
</bind>
</comp>

<comp id="131" class="1004" name="grp_dense_latency_ap_fixed_16_6_5_3_0_ap_fixed_32_18_5_3_0_config4_s_fu_131">
<pin_list>
<pin id="132" dir="0" index="0" bw="1024" slack="0"/>
<pin id="133" dir="0" index="1" bw="16" slack="0"/>
<pin id="134" dir="0" index="2" bw="16" slack="0"/>
<pin id="135" dir="0" index="3" bw="16" slack="0"/>
<pin id="136" dir="0" index="4" bw="16" slack="0"/>
<pin id="137" dir="0" index="5" bw="16" slack="0"/>
<pin id="138" dir="0" index="6" bw="16" slack="0"/>
<pin id="139" dir="0" index="7" bw="16" slack="0"/>
<pin id="140" dir="0" index="8" bw="16" slack="0"/>
<pin id="141" dir="0" index="9" bw="16" slack="0"/>
<pin id="142" dir="0" index="10" bw="16" slack="0"/>
<pin id="143" dir="0" index="11" bw="16" slack="0"/>
<pin id="144" dir="0" index="12" bw="16" slack="0"/>
<pin id="145" dir="0" index="13" bw="16" slack="0"/>
<pin id="146" dir="0" index="14" bw="16" slack="0"/>
<pin id="147" dir="0" index="15" bw="16" slack="0"/>
<pin id="148" dir="0" index="16" bw="16" slack="0"/>
<pin id="149" dir="0" index="17" bw="16" slack="0"/>
<pin id="150" dir="0" index="18" bw="16" slack="0"/>
<pin id="151" dir="0" index="19" bw="16" slack="0"/>
<pin id="152" dir="0" index="20" bw="16" slack="0"/>
<pin id="153" dir="0" index="21" bw="16" slack="0"/>
<pin id="154" dir="0" index="22" bw="16" slack="0"/>
<pin id="155" dir="0" index="23" bw="16" slack="0"/>
<pin id="156" dir="0" index="24" bw="16" slack="0"/>
<pin id="157" dir="0" index="25" bw="16" slack="0"/>
<pin id="158" dir="0" index="26" bw="16" slack="0"/>
<pin id="159" dir="0" index="27" bw="16" slack="0"/>
<pin id="160" dir="0" index="28" bw="16" slack="0"/>
<pin id="161" dir="0" index="29" bw="16" slack="0"/>
<pin id="162" dir="0" index="30" bw="16" slack="0"/>
<pin id="163" dir="0" index="31" bw="16" slack="0"/>
<pin id="164" dir="0" index="32" bw="16" slack="0"/>
<pin id="165" dir="0" index="33" bw="16" slack="0"/>
<pin id="166" dir="0" index="34" bw="16" slack="0"/>
<pin id="167" dir="0" index="35" bw="16" slack="0"/>
<pin id="168" dir="0" index="36" bw="16" slack="0"/>
<pin id="169" dir="0" index="37" bw="16" slack="0"/>
<pin id="170" dir="0" index="38" bw="16" slack="0"/>
<pin id="171" dir="0" index="39" bw="16" slack="0"/>
<pin id="172" dir="0" index="40" bw="16" slack="0"/>
<pin id="173" dir="0" index="41" bw="16" slack="0"/>
<pin id="174" dir="0" index="42" bw="16" slack="0"/>
<pin id="175" dir="0" index="43" bw="16" slack="0"/>
<pin id="176" dir="0" index="44" bw="16" slack="0"/>
<pin id="177" dir="0" index="45" bw="16" slack="0"/>
<pin id="178" dir="0" index="46" bw="16" slack="0"/>
<pin id="179" dir="0" index="47" bw="16" slack="0"/>
<pin id="180" dir="0" index="48" bw="16" slack="0"/>
<pin id="181" dir="0" index="49" bw="16" slack="0"/>
<pin id="182" dir="0" index="50" bw="16" slack="0"/>
<pin id="183" dir="0" index="51" bw="16" slack="0"/>
<pin id="184" dir="0" index="52" bw="16" slack="0"/>
<pin id="185" dir="0" index="53" bw="16" slack="0"/>
<pin id="186" dir="0" index="54" bw="16" slack="0"/>
<pin id="187" dir="0" index="55" bw="16" slack="0"/>
<pin id="188" dir="0" index="56" bw="16" slack="0"/>
<pin id="189" dir="0" index="57" bw="16" slack="0"/>
<pin id="190" dir="0" index="58" bw="16" slack="0"/>
<pin id="191" dir="0" index="59" bw="16" slack="0"/>
<pin id="192" dir="0" index="60" bw="16" slack="0"/>
<pin id="193" dir="0" index="61" bw="16" slack="0"/>
<pin id="194" dir="0" index="62" bw="16" slack="0"/>
<pin id="195" dir="0" index="63" bw="16" slack="0"/>
<pin id="196" dir="0" index="64" bw="16" slack="0"/>
<pin id="197" dir="1" index="65" bw="1024" slack="0"/>
</pin_list>
<bind>
<opcode="call(48) " fcode="call"/>
<opset="call_ret3/31 "/>
</bind>
</comp>

<comp id="199" class="1004" name="call_ret4_relu_ap_fixed_32_18_5_3_0_ap_fixed_16_6_5_3_0_relu_config5_s_fu_199">
<pin_list>
<pin id="200" dir="0" index="0" bw="512" slack="0"/>
<pin id="201" dir="0" index="1" bw="32" slack="0"/>
<pin id="202" dir="0" index="2" bw="32" slack="0"/>
<pin id="203" dir="0" index="3" bw="32" slack="0"/>
<pin id="204" dir="0" index="4" bw="32" slack="0"/>
<pin id="205" dir="0" index="5" bw="32" slack="0"/>
<pin id="206" dir="0" index="6" bw="32" slack="0"/>
<pin id="207" dir="0" index="7" bw="32" slack="0"/>
<pin id="208" dir="0" index="8" bw="32" slack="0"/>
<pin id="209" dir="0" index="9" bw="32" slack="0"/>
<pin id="210" dir="0" index="10" bw="32" slack="0"/>
<pin id="211" dir="0" index="11" bw="32" slack="0"/>
<pin id="212" dir="0" index="12" bw="32" slack="0"/>
<pin id="213" dir="0" index="13" bw="32" slack="0"/>
<pin id="214" dir="0" index="14" bw="32" slack="0"/>
<pin id="215" dir="0" index="15" bw="32" slack="0"/>
<pin id="216" dir="0" index="16" bw="32" slack="0"/>
<pin id="217" dir="0" index="17" bw="32" slack="0"/>
<pin id="218" dir="0" index="18" bw="32" slack="0"/>
<pin id="219" dir="0" index="19" bw="32" slack="0"/>
<pin id="220" dir="0" index="20" bw="32" slack="0"/>
<pin id="221" dir="0" index="21" bw="32" slack="0"/>
<pin id="222" dir="0" index="22" bw="32" slack="0"/>
<pin id="223" dir="0" index="23" bw="32" slack="0"/>
<pin id="224" dir="0" index="24" bw="32" slack="0"/>
<pin id="225" dir="0" index="25" bw="32" slack="0"/>
<pin id="226" dir="0" index="26" bw="32" slack="0"/>
<pin id="227" dir="0" index="27" bw="32" slack="0"/>
<pin id="228" dir="0" index="28" bw="32" slack="0"/>
<pin id="229" dir="0" index="29" bw="32" slack="0"/>
<pin id="230" dir="0" index="30" bw="32" slack="0"/>
<pin id="231" dir="0" index="31" bw="32" slack="0"/>
<pin id="232" dir="0" index="32" bw="32" slack="0"/>
<pin id="233" dir="1" index="33" bw="512" slack="0"/>
</pin_list>
<bind>
<opcode="call(48) " fcode="call"/>
<opset="call_ret4/61 "/>
</bind>
</comp>

<comp id="235" class="1004" name="grp_dense_latency_ap_fixed_16_6_5_3_0_ap_fixed_32_18_5_3_0_config6_s_fu_235">
<pin_list>
<pin id="236" dir="0" index="0" bw="512" slack="0"/>
<pin id="237" dir="0" index="1" bw="16" slack="0"/>
<pin id="238" dir="0" index="2" bw="16" slack="0"/>
<pin id="239" dir="0" index="3" bw="16" slack="0"/>
<pin id="240" dir="0" index="4" bw="16" slack="0"/>
<pin id="241" dir="0" index="5" bw="16" slack="0"/>
<pin id="242" dir="0" index="6" bw="16" slack="0"/>
<pin id="243" dir="0" index="7" bw="16" slack="0"/>
<pin id="244" dir="0" index="8" bw="16" slack="0"/>
<pin id="245" dir="0" index="9" bw="16" slack="0"/>
<pin id="246" dir="0" index="10" bw="16" slack="0"/>
<pin id="247" dir="0" index="11" bw="16" slack="0"/>
<pin id="248" dir="0" index="12" bw="16" slack="0"/>
<pin id="249" dir="0" index="13" bw="16" slack="0"/>
<pin id="250" dir="0" index="14" bw="16" slack="0"/>
<pin id="251" dir="0" index="15" bw="16" slack="0"/>
<pin id="252" dir="0" index="16" bw="16" slack="0"/>
<pin id="253" dir="0" index="17" bw="16" slack="0"/>
<pin id="254" dir="0" index="18" bw="16" slack="0"/>
<pin id="255" dir="0" index="19" bw="16" slack="0"/>
<pin id="256" dir="0" index="20" bw="16" slack="0"/>
<pin id="257" dir="0" index="21" bw="16" slack="0"/>
<pin id="258" dir="0" index="22" bw="16" slack="0"/>
<pin id="259" dir="0" index="23" bw="16" slack="0"/>
<pin id="260" dir="0" index="24" bw="16" slack="0"/>
<pin id="261" dir="0" index="25" bw="16" slack="0"/>
<pin id="262" dir="0" index="26" bw="16" slack="0"/>
<pin id="263" dir="0" index="27" bw="16" slack="0"/>
<pin id="264" dir="0" index="28" bw="16" slack="0"/>
<pin id="265" dir="0" index="29" bw="16" slack="0"/>
<pin id="266" dir="0" index="30" bw="16" slack="0"/>
<pin id="267" dir="0" index="31" bw="16" slack="0"/>
<pin id="268" dir="0" index="32" bw="16" slack="0"/>
<pin id="269" dir="1" index="33" bw="512" slack="0"/>
</pin_list>
<bind>
<opcode="call(48) " fcode="call"/>
<opset="call_ret5/61 "/>
</bind>
</comp>

<comp id="271" class="1004" name="call_ret6_relu_ap_fixed_32_18_5_3_0_ap_fixed_16_6_5_3_0_relu_config7_s_fu_271">
<pin_list>
<pin id="272" dir="0" index="0" bw="256" slack="0"/>
<pin id="273" dir="0" index="1" bw="32" slack="0"/>
<pin id="274" dir="0" index="2" bw="32" slack="0"/>
<pin id="275" dir="0" index="3" bw="32" slack="0"/>
<pin id="276" dir="0" index="4" bw="32" slack="0"/>
<pin id="277" dir="0" index="5" bw="32" slack="0"/>
<pin id="278" dir="0" index="6" bw="32" slack="0"/>
<pin id="279" dir="0" index="7" bw="32" slack="0"/>
<pin id="280" dir="0" index="8" bw="32" slack="0"/>
<pin id="281" dir="0" index="9" bw="32" slack="0"/>
<pin id="282" dir="0" index="10" bw="32" slack="0"/>
<pin id="283" dir="0" index="11" bw="32" slack="0"/>
<pin id="284" dir="0" index="12" bw="32" slack="0"/>
<pin id="285" dir="0" index="13" bw="32" slack="0"/>
<pin id="286" dir="0" index="14" bw="32" slack="0"/>
<pin id="287" dir="0" index="15" bw="32" slack="0"/>
<pin id="288" dir="0" index="16" bw="32" slack="0"/>
<pin id="289" dir="1" index="17" bw="256" slack="0"/>
</pin_list>
<bind>
<opcode="call(48) " fcode="call"/>
<opset="call_ret6/91 "/>
</bind>
</comp>

<comp id="291" class="1004" name="grp_dense_latency_ap_fixed_16_6_5_3_0_ap_fixed_32_18_5_3_0_config8_s_fu_291">
<pin_list>
<pin id="292" dir="0" index="0" bw="24" slack="0"/>
<pin id="293" dir="0" index="1" bw="16" slack="0"/>
<pin id="294" dir="0" index="2" bw="16" slack="0"/>
<pin id="295" dir="0" index="3" bw="16" slack="0"/>
<pin id="296" dir="0" index="4" bw="16" slack="0"/>
<pin id="297" dir="0" index="5" bw="16" slack="0"/>
<pin id="298" dir="0" index="6" bw="16" slack="0"/>
<pin id="299" dir="0" index="7" bw="16" slack="0"/>
<pin id="300" dir="0" index="8" bw="16" slack="0"/>
<pin id="301" dir="0" index="9" bw="16" slack="0"/>
<pin id="302" dir="0" index="10" bw="16" slack="0"/>
<pin id="303" dir="0" index="11" bw="16" slack="0"/>
<pin id="304" dir="0" index="12" bw="16" slack="0"/>
<pin id="305" dir="0" index="13" bw="16" slack="0"/>
<pin id="306" dir="0" index="14" bw="16" slack="0"/>
<pin id="307" dir="0" index="15" bw="16" slack="0"/>
<pin id="308" dir="0" index="16" bw="16" slack="0"/>
<pin id="309" dir="1" index="17" bw="24" slack="0"/>
</pin_list>
<bind>
<opcode="call(48) " fcode="call"/>
<opset="layer8_out/91 "/>
</bind>
</comp>

<comp id="311" class="1004" name="grp_sigmoid_ap_fixed_32_18_5_3_0_ap_fixed_16_6_5_3_0_sigmoid_config9_s_fu_311">
<pin_list>
<pin id="312" dir="0" index="0" bw="10" slack="0"/>
<pin id="313" dir="0" index="1" bw="24" slack="0"/>
<pin id="314" dir="0" index="2" bw="10" slack="0"/>
<pin id="315" dir="1" index="3" bw="10" slack="0"/>
</pin_list>
<bind>
<opcode="call(48) " fcode="call"/>
<opset="call_ret/105 "/>
</bind>
</comp>

<comp id="319" class="1004" name="layer2_out_fu_319">
<pin_list>
<pin id="320" dir="0" index="0" bw="2048" slack="0"/>
<pin id="321" dir="1" index="1" bw="32" slack="0"/>
</pin_list>
<bind>
<opcode="extractvalue(56) " fcode="extractvalue"/>
<opset="layer2_out/31 "/>
</bind>
</comp>

<comp id="324" class="1004" name="layer2_out_1_fu_324">
<pin_list>
<pin id="325" dir="0" index="0" bw="2048" slack="0"/>
<pin id="326" dir="1" index="1" bw="32" slack="0"/>
</pin_list>
<bind>
<opcode="extractvalue(56) " fcode="extractvalue"/>
<opset="layer2_out_1/31 "/>
</bind>
</comp>

<comp id="329" class="1004" name="layer2_out_2_fu_329">
<pin_list>
<pin id="330" dir="0" index="0" bw="2048" slack="0"/>
<pin id="331" dir="1" index="1" bw="32" slack="0"/>
</pin_list>
<bind>
<opcode="extractvalue(56) " fcode="extractvalue"/>
<opset="layer2_out_2/31 "/>
</bind>
</comp>

<comp id="334" class="1004" name="layer2_out_3_fu_334">
<pin_list>
<pin id="335" dir="0" index="0" bw="2048" slack="0"/>
<pin id="336" dir="1" index="1" bw="32" slack="0"/>
</pin_list>
<bind>
<opcode="extractvalue(56) " fcode="extractvalue"/>
<opset="layer2_out_3/31 "/>
</bind>
</comp>

<comp id="339" class="1004" name="layer2_out_4_fu_339">
<pin_list>
<pin id="340" dir="0" index="0" bw="2048" slack="0"/>
<pin id="341" dir="1" index="1" bw="32" slack="0"/>
</pin_list>
<bind>
<opcode="extractvalue(56) " fcode="extractvalue"/>
<opset="layer2_out_4/31 "/>
</bind>
</comp>

<comp id="344" class="1004" name="layer2_out_5_fu_344">
<pin_list>
<pin id="345" dir="0" index="0" bw="2048" slack="0"/>
<pin id="346" dir="1" index="1" bw="32" slack="0"/>
</pin_list>
<bind>
<opcode="extractvalue(56) " fcode="extractvalue"/>
<opset="layer2_out_5/31 "/>
</bind>
</comp>

<comp id="349" class="1004" name="layer2_out_6_fu_349">
<pin_list>
<pin id="350" dir="0" index="0" bw="2048" slack="0"/>
<pin id="351" dir="1" index="1" bw="32" slack="0"/>
</pin_list>
<bind>
<opcode="extractvalue(56) " fcode="extractvalue"/>
<opset="layer2_out_6/31 "/>
</bind>
</comp>

<comp id="354" class="1004" name="layer2_out_7_fu_354">
<pin_list>
<pin id="355" dir="0" index="0" bw="2048" slack="0"/>
<pin id="356" dir="1" index="1" bw="32" slack="0"/>
</pin_list>
<bind>
<opcode="extractvalue(56) " fcode="extractvalue"/>
<opset="layer2_out_7/31 "/>
</bind>
</comp>

<comp id="359" class="1004" name="layer2_out_8_fu_359">
<pin_list>
<pin id="360" dir="0" index="0" bw="2048" slack="0"/>
<pin id="361" dir="1" index="1" bw="32" slack="0"/>
</pin_list>
<bind>
<opcode="extractvalue(56) " fcode="extractvalue"/>
<opset="layer2_out_8/31 "/>
</bind>
</comp>

<comp id="364" class="1004" name="layer2_out_9_fu_364">
<pin_list>
<pin id="365" dir="0" index="0" bw="2048" slack="0"/>
<pin id="366" dir="1" index="1" bw="32" slack="0"/>
</pin_list>
<bind>
<opcode="extractvalue(56) " fcode="extractvalue"/>
<opset="layer2_out_9/31 "/>
</bind>
</comp>

<comp id="369" class="1004" name="layer2_out_10_fu_369">
<pin_list>
<pin id="370" dir="0" index="0" bw="2048" slack="0"/>
<pin id="371" dir="1" index="1" bw="32" slack="0"/>
</pin_list>
<bind>
<opcode="extractvalue(56) " fcode="extractvalue"/>
<opset="layer2_out_10/31 "/>
</bind>
</comp>

<comp id="374" class="1004" name="layer2_out_11_fu_374">
<pin_list>
<pin id="375" dir="0" index="0" bw="2048" slack="0"/>
<pin id="376" dir="1" index="1" bw="32" slack="0"/>
</pin_list>
<bind>
<opcode="extractvalue(56) " fcode="extractvalue"/>
<opset="layer2_out_11/31 "/>
</bind>
</comp>

<comp id="379" class="1004" name="layer2_out_12_fu_379">
<pin_list>
<pin id="380" dir="0" index="0" bw="2048" slack="0"/>
<pin id="381" dir="1" index="1" bw="32" slack="0"/>
</pin_list>
<bind>
<opcode="extractvalue(56) " fcode="extractvalue"/>
<opset="layer2_out_12/31 "/>
</bind>
</comp>

<comp id="384" class="1004" name="layer2_out_13_fu_384">
<pin_list>
<pin id="385" dir="0" index="0" bw="2048" slack="0"/>
<pin id="386" dir="1" index="1" bw="32" slack="0"/>
</pin_list>
<bind>
<opcode="extractvalue(56) " fcode="extractvalue"/>
<opset="layer2_out_13/31 "/>
</bind>
</comp>

<comp id="389" class="1004" name="layer2_out_14_fu_389">
<pin_list>
<pin id="390" dir="0" index="0" bw="2048" slack="0"/>
<pin id="391" dir="1" index="1" bw="32" slack="0"/>
</pin_list>
<bind>
<opcode="extractvalue(56) " fcode="extractvalue"/>
<opset="layer2_out_14/31 "/>
</bind>
</comp>

<comp id="394" class="1004" name="layer2_out_15_fu_394">
<pin_list>
<pin id="395" dir="0" index="0" bw="2048" slack="0"/>
<pin id="396" dir="1" index="1" bw="32" slack="0"/>
</pin_list>
<bind>
<opcode="extractvalue(56) " fcode="extractvalue"/>
<opset="layer2_out_15/31 "/>
</bind>
</comp>

<comp id="399" class="1004" name="layer2_out_16_fu_399">
<pin_list>
<pin id="400" dir="0" index="0" bw="2048" slack="0"/>
<pin id="401" dir="1" index="1" bw="32" slack="0"/>
</pin_list>
<bind>
<opcode="extractvalue(56) " fcode="extractvalue"/>
<opset="layer2_out_16/31 "/>
</bind>
</comp>

<comp id="404" class="1004" name="layer2_out_17_fu_404">
<pin_list>
<pin id="405" dir="0" index="0" bw="2048" slack="0"/>
<pin id="406" dir="1" index="1" bw="32" slack="0"/>
</pin_list>
<bind>
<opcode="extractvalue(56) " fcode="extractvalue"/>
<opset="layer2_out_17/31 "/>
</bind>
</comp>

<comp id="409" class="1004" name="layer2_out_18_fu_409">
<pin_list>
<pin id="410" dir="0" index="0" bw="2048" slack="0"/>
<pin id="411" dir="1" index="1" bw="32" slack="0"/>
</pin_list>
<bind>
<opcode="extractvalue(56) " fcode="extractvalue"/>
<opset="layer2_out_18/31 "/>
</bind>
</comp>

<comp id="414" class="1004" name="layer2_out_19_fu_414">
<pin_list>
<pin id="415" dir="0" index="0" bw="2048" slack="0"/>
<pin id="416" dir="1" index="1" bw="32" slack="0"/>
</pin_list>
<bind>
<opcode="extractvalue(56) " fcode="extractvalue"/>
<opset="layer2_out_19/31 "/>
</bind>
</comp>

<comp id="419" class="1004" name="layer2_out_20_fu_419">
<pin_list>
<pin id="420" dir="0" index="0" bw="2048" slack="0"/>
<pin id="421" dir="1" index="1" bw="32" slack="0"/>
</pin_list>
<bind>
<opcode="extractvalue(56) " fcode="extractvalue"/>
<opset="layer2_out_20/31 "/>
</bind>
</comp>

<comp id="424" class="1004" name="layer2_out_21_fu_424">
<pin_list>
<pin id="425" dir="0" index="0" bw="2048" slack="0"/>
<pin id="426" dir="1" index="1" bw="32" slack="0"/>
</pin_list>
<bind>
<opcode="extractvalue(56) " fcode="extractvalue"/>
<opset="layer2_out_21/31 "/>
</bind>
</comp>

<comp id="429" class="1004" name="layer2_out_22_fu_429">
<pin_list>
<pin id="430" dir="0" index="0" bw="2048" slack="0"/>
<pin id="431" dir="1" index="1" bw="32" slack="0"/>
</pin_list>
<bind>
<opcode="extractvalue(56) " fcode="extractvalue"/>
<opset="layer2_out_22/31 "/>
</bind>
</comp>

<comp id="434" class="1004" name="layer2_out_23_fu_434">
<pin_list>
<pin id="435" dir="0" index="0" bw="2048" slack="0"/>
<pin id="436" dir="1" index="1" bw="32" slack="0"/>
</pin_list>
<bind>
<opcode="extractvalue(56) " fcode="extractvalue"/>
<opset="layer2_out_23/31 "/>
</bind>
</comp>

<comp id="439" class="1004" name="layer2_out_24_fu_439">
<pin_list>
<pin id="440" dir="0" index="0" bw="2048" slack="0"/>
<pin id="441" dir="1" index="1" bw="32" slack="0"/>
</pin_list>
<bind>
<opcode="extractvalue(56) " fcode="extractvalue"/>
<opset="layer2_out_24/31 "/>
</bind>
</comp>

<comp id="444" class="1004" name="layer2_out_25_fu_444">
<pin_list>
<pin id="445" dir="0" index="0" bw="2048" slack="0"/>
<pin id="446" dir="1" index="1" bw="32" slack="0"/>
</pin_list>
<bind>
<opcode="extractvalue(56) " fcode="extractvalue"/>
<opset="layer2_out_25/31 "/>
</bind>
</comp>

<comp id="449" class="1004" name="layer2_out_26_fu_449">
<pin_list>
<pin id="450" dir="0" index="0" bw="2048" slack="0"/>
<pin id="451" dir="1" index="1" bw="32" slack="0"/>
</pin_list>
<bind>
<opcode="extractvalue(56) " fcode="extractvalue"/>
<opset="layer2_out_26/31 "/>
</bind>
</comp>

<comp id="454" class="1004" name="layer2_out_27_fu_454">
<pin_list>
<pin id="455" dir="0" index="0" bw="2048" slack="0"/>
<pin id="456" dir="1" index="1" bw="32" slack="0"/>
</pin_list>
<bind>
<opcode="extractvalue(56) " fcode="extractvalue"/>
<opset="layer2_out_27/31 "/>
</bind>
</comp>

<comp id="459" class="1004" name="layer2_out_28_fu_459">
<pin_list>
<pin id="460" dir="0" index="0" bw="2048" slack="0"/>
<pin id="461" dir="1" index="1" bw="32" slack="0"/>
</pin_list>
<bind>
<opcode="extractvalue(56) " fcode="extractvalue"/>
<opset="layer2_out_28/31 "/>
</bind>
</comp>

<comp id="464" class="1004" name="layer2_out_29_fu_464">
<pin_list>
<pin id="465" dir="0" index="0" bw="2048" slack="0"/>
<pin id="466" dir="1" index="1" bw="32" slack="0"/>
</pin_list>
<bind>
<opcode="extractvalue(56) " fcode="extractvalue"/>
<opset="layer2_out_29/31 "/>
</bind>
</comp>

<comp id="469" class="1004" name="layer2_out_30_fu_469">
<pin_list>
<pin id="470" dir="0" index="0" bw="2048" slack="0"/>
<pin id="471" dir="1" index="1" bw="32" slack="0"/>
</pin_list>
<bind>
<opcode="extractvalue(56) " fcode="extractvalue"/>
<opset="layer2_out_30/31 "/>
</bind>
</comp>

<comp id="474" class="1004" name="layer2_out_31_fu_474">
<pin_list>
<pin id="475" dir="0" index="0" bw="2048" slack="0"/>
<pin id="476" dir="1" index="1" bw="32" slack="0"/>
</pin_list>
<bind>
<opcode="extractvalue(56) " fcode="extractvalue"/>
<opset="layer2_out_31/31 "/>
</bind>
</comp>

<comp id="479" class="1004" name="layer2_out_32_fu_479">
<pin_list>
<pin id="480" dir="0" index="0" bw="2048" slack="0"/>
<pin id="481" dir="1" index="1" bw="32" slack="0"/>
</pin_list>
<bind>
<opcode="extractvalue(56) " fcode="extractvalue"/>
<opset="layer2_out_32/31 "/>
</bind>
</comp>

<comp id="484" class="1004" name="layer2_out_33_fu_484">
<pin_list>
<pin id="485" dir="0" index="0" bw="2048" slack="0"/>
<pin id="486" dir="1" index="1" bw="32" slack="0"/>
</pin_list>
<bind>
<opcode="extractvalue(56) " fcode="extractvalue"/>
<opset="layer2_out_33/31 "/>
</bind>
</comp>

<comp id="489" class="1004" name="layer2_out_34_fu_489">
<pin_list>
<pin id="490" dir="0" index="0" bw="2048" slack="0"/>
<pin id="491" dir="1" index="1" bw="32" slack="0"/>
</pin_list>
<bind>
<opcode="extractvalue(56) " fcode="extractvalue"/>
<opset="layer2_out_34/31 "/>
</bind>
</comp>

<comp id="494" class="1004" name="layer2_out_35_fu_494">
<pin_list>
<pin id="495" dir="0" index="0" bw="2048" slack="0"/>
<pin id="496" dir="1" index="1" bw="32" slack="0"/>
</pin_list>
<bind>
<opcode="extractvalue(56) " fcode="extractvalue"/>
<opset="layer2_out_35/31 "/>
</bind>
</comp>

<comp id="499" class="1004" name="layer2_out_36_fu_499">
<pin_list>
<pin id="500" dir="0" index="0" bw="2048" slack="0"/>
<pin id="501" dir="1" index="1" bw="32" slack="0"/>
</pin_list>
<bind>
<opcode="extractvalue(56) " fcode="extractvalue"/>
<opset="layer2_out_36/31 "/>
</bind>
</comp>

<comp id="504" class="1004" name="layer2_out_37_fu_504">
<pin_list>
<pin id="505" dir="0" index="0" bw="2048" slack="0"/>
<pin id="506" dir="1" index="1" bw="32" slack="0"/>
</pin_list>
<bind>
<opcode="extractvalue(56) " fcode="extractvalue"/>
<opset="layer2_out_37/31 "/>
</bind>
</comp>

<comp id="509" class="1004" name="layer2_out_38_fu_509">
<pin_list>
<pin id="510" dir="0" index="0" bw="2048" slack="0"/>
<pin id="511" dir="1" index="1" bw="32" slack="0"/>
</pin_list>
<bind>
<opcode="extractvalue(56) " fcode="extractvalue"/>
<opset="layer2_out_38/31 "/>
</bind>
</comp>

<comp id="514" class="1004" name="layer2_out_39_fu_514">
<pin_list>
<pin id="515" dir="0" index="0" bw="2048" slack="0"/>
<pin id="516" dir="1" index="1" bw="32" slack="0"/>
</pin_list>
<bind>
<opcode="extractvalue(56) " fcode="extractvalue"/>
<opset="layer2_out_39/31 "/>
</bind>
</comp>

<comp id="519" class="1004" name="layer2_out_40_fu_519">
<pin_list>
<pin id="520" dir="0" index="0" bw="2048" slack="0"/>
<pin id="521" dir="1" index="1" bw="32" slack="0"/>
</pin_list>
<bind>
<opcode="extractvalue(56) " fcode="extractvalue"/>
<opset="layer2_out_40/31 "/>
</bind>
</comp>

<comp id="524" class="1004" name="layer2_out_41_fu_524">
<pin_list>
<pin id="525" dir="0" index="0" bw="2048" slack="0"/>
<pin id="526" dir="1" index="1" bw="32" slack="0"/>
</pin_list>
<bind>
<opcode="extractvalue(56) " fcode="extractvalue"/>
<opset="layer2_out_41/31 "/>
</bind>
</comp>

<comp id="529" class="1004" name="layer2_out_42_fu_529">
<pin_list>
<pin id="530" dir="0" index="0" bw="2048" slack="0"/>
<pin id="531" dir="1" index="1" bw="32" slack="0"/>
</pin_list>
<bind>
<opcode="extractvalue(56) " fcode="extractvalue"/>
<opset="layer2_out_42/31 "/>
</bind>
</comp>

<comp id="534" class="1004" name="layer2_out_43_fu_534">
<pin_list>
<pin id="535" dir="0" index="0" bw="2048" slack="0"/>
<pin id="536" dir="1" index="1" bw="32" slack="0"/>
</pin_list>
<bind>
<opcode="extractvalue(56) " fcode="extractvalue"/>
<opset="layer2_out_43/31 "/>
</bind>
</comp>

<comp id="539" class="1004" name="layer2_out_44_fu_539">
<pin_list>
<pin id="540" dir="0" index="0" bw="2048" slack="0"/>
<pin id="541" dir="1" index="1" bw="32" slack="0"/>
</pin_list>
<bind>
<opcode="extractvalue(56) " fcode="extractvalue"/>
<opset="layer2_out_44/31 "/>
</bind>
</comp>

<comp id="544" class="1004" name="layer2_out_45_fu_544">
<pin_list>
<pin id="545" dir="0" index="0" bw="2048" slack="0"/>
<pin id="546" dir="1" index="1" bw="32" slack="0"/>
</pin_list>
<bind>
<opcode="extractvalue(56) " fcode="extractvalue"/>
<opset="layer2_out_45/31 "/>
</bind>
</comp>

<comp id="549" class="1004" name="layer2_out_46_fu_549">
<pin_list>
<pin id="550" dir="0" index="0" bw="2048" slack="0"/>
<pin id="551" dir="1" index="1" bw="32" slack="0"/>
</pin_list>
<bind>
<opcode="extractvalue(56) " fcode="extractvalue"/>
<opset="layer2_out_46/31 "/>
</bind>
</comp>

<comp id="554" class="1004" name="layer2_out_47_fu_554">
<pin_list>
<pin id="555" dir="0" index="0" bw="2048" slack="0"/>
<pin id="556" dir="1" index="1" bw="32" slack="0"/>
</pin_list>
<bind>
<opcode="extractvalue(56) " fcode="extractvalue"/>
<opset="layer2_out_47/31 "/>
</bind>
</comp>

<comp id="559" class="1004" name="layer2_out_48_fu_559">
<pin_list>
<pin id="560" dir="0" index="0" bw="2048" slack="0"/>
<pin id="561" dir="1" index="1" bw="32" slack="0"/>
</pin_list>
<bind>
<opcode="extractvalue(56) " fcode="extractvalue"/>
<opset="layer2_out_48/31 "/>
</bind>
</comp>

<comp id="564" class="1004" name="layer2_out_49_fu_564">
<pin_list>
<pin id="565" dir="0" index="0" bw="2048" slack="0"/>
<pin id="566" dir="1" index="1" bw="32" slack="0"/>
</pin_list>
<bind>
<opcode="extractvalue(56) " fcode="extractvalue"/>
<opset="layer2_out_49/31 "/>
</bind>
</comp>

<comp id="569" class="1004" name="layer2_out_50_fu_569">
<pin_list>
<pin id="570" dir="0" index="0" bw="2048" slack="0"/>
<pin id="571" dir="1" index="1" bw="32" slack="0"/>
</pin_list>
<bind>
<opcode="extractvalue(56) " fcode="extractvalue"/>
<opset="layer2_out_50/31 "/>
</bind>
</comp>

<comp id="574" class="1004" name="layer2_out_51_fu_574">
<pin_list>
<pin id="575" dir="0" index="0" bw="2048" slack="0"/>
<pin id="576" dir="1" index="1" bw="32" slack="0"/>
</pin_list>
<bind>
<opcode="extractvalue(56) " fcode="extractvalue"/>
<opset="layer2_out_51/31 "/>
</bind>
</comp>

<comp id="579" class="1004" name="layer2_out_52_fu_579">
<pin_list>
<pin id="580" dir="0" index="0" bw="2048" slack="0"/>
<pin id="581" dir="1" index="1" bw="32" slack="0"/>
</pin_list>
<bind>
<opcode="extractvalue(56) " fcode="extractvalue"/>
<opset="layer2_out_52/31 "/>
</bind>
</comp>

<comp id="584" class="1004" name="layer2_out_53_fu_584">
<pin_list>
<pin id="585" dir="0" index="0" bw="2048" slack="0"/>
<pin id="586" dir="1" index="1" bw="32" slack="0"/>
</pin_list>
<bind>
<opcode="extractvalue(56) " fcode="extractvalue"/>
<opset="layer2_out_53/31 "/>
</bind>
</comp>

<comp id="589" class="1004" name="layer2_out_54_fu_589">
<pin_list>
<pin id="590" dir="0" index="0" bw="2048" slack="0"/>
<pin id="591" dir="1" index="1" bw="32" slack="0"/>
</pin_list>
<bind>
<opcode="extractvalue(56) " fcode="extractvalue"/>
<opset="layer2_out_54/31 "/>
</bind>
</comp>

<comp id="594" class="1004" name="layer2_out_55_fu_594">
<pin_list>
<pin id="595" dir="0" index="0" bw="2048" slack="0"/>
<pin id="596" dir="1" index="1" bw="32" slack="0"/>
</pin_list>
<bind>
<opcode="extractvalue(56) " fcode="extractvalue"/>
<opset="layer2_out_55/31 "/>
</bind>
</comp>

<comp id="599" class="1004" name="layer2_out_56_fu_599">
<pin_list>
<pin id="600" dir="0" index="0" bw="2048" slack="0"/>
<pin id="601" dir="1" index="1" bw="32" slack="0"/>
</pin_list>
<bind>
<opcode="extractvalue(56) " fcode="extractvalue"/>
<opset="layer2_out_56/31 "/>
</bind>
</comp>

<comp id="604" class="1004" name="layer2_out_57_fu_604">
<pin_list>
<pin id="605" dir="0" index="0" bw="2048" slack="0"/>
<pin id="606" dir="1" index="1" bw="32" slack="0"/>
</pin_list>
<bind>
<opcode="extractvalue(56) " fcode="extractvalue"/>
<opset="layer2_out_57/31 "/>
</bind>
</comp>

<comp id="609" class="1004" name="layer2_out_58_fu_609">
<pin_list>
<pin id="610" dir="0" index="0" bw="2048" slack="0"/>
<pin id="611" dir="1" index="1" bw="32" slack="0"/>
</pin_list>
<bind>
<opcode="extractvalue(56) " fcode="extractvalue"/>
<opset="layer2_out_58/31 "/>
</bind>
</comp>

<comp id="614" class="1004" name="layer2_out_59_fu_614">
<pin_list>
<pin id="615" dir="0" index="0" bw="2048" slack="0"/>
<pin id="616" dir="1" index="1" bw="32" slack="0"/>
</pin_list>
<bind>
<opcode="extractvalue(56) " fcode="extractvalue"/>
<opset="layer2_out_59/31 "/>
</bind>
</comp>

<comp id="619" class="1004" name="layer2_out_60_fu_619">
<pin_list>
<pin id="620" dir="0" index="0" bw="2048" slack="0"/>
<pin id="621" dir="1" index="1" bw="32" slack="0"/>
</pin_list>
<bind>
<opcode="extractvalue(56) " fcode="extractvalue"/>
<opset="layer2_out_60/31 "/>
</bind>
</comp>

<comp id="624" class="1004" name="layer2_out_61_fu_624">
<pin_list>
<pin id="625" dir="0" index="0" bw="2048" slack="0"/>
<pin id="626" dir="1" index="1" bw="32" slack="0"/>
</pin_list>
<bind>
<opcode="extractvalue(56) " fcode="extractvalue"/>
<opset="layer2_out_61/31 "/>
</bind>
</comp>

<comp id="629" class="1004" name="layer2_out_62_fu_629">
<pin_list>
<pin id="630" dir="0" index="0" bw="2048" slack="0"/>
<pin id="631" dir="1" index="1" bw="32" slack="0"/>
</pin_list>
<bind>
<opcode="extractvalue(56) " fcode="extractvalue"/>
<opset="layer2_out_62/31 "/>
</bind>
</comp>

<comp id="634" class="1004" name="layer2_out_63_fu_634">
<pin_list>
<pin id="635" dir="0" index="0" bw="2048" slack="0"/>
<pin id="636" dir="1" index="1" bw="32" slack="0"/>
</pin_list>
<bind>
<opcode="extractvalue(56) " fcode="extractvalue"/>
<opset="layer2_out_63/31 "/>
</bind>
</comp>

<comp id="639" class="1004" name="layer3_out_fu_639">
<pin_list>
<pin id="640" dir="0" index="0" bw="1024" slack="0"/>
<pin id="641" dir="1" index="1" bw="16" slack="0"/>
</pin_list>
<bind>
<opcode="extractvalue(56) " fcode="extractvalue"/>
<opset="layer3_out/31 "/>
</bind>
</comp>

<comp id="644" class="1004" name="layer3_out_1_fu_644">
<pin_list>
<pin id="645" dir="0" index="0" bw="1024" slack="0"/>
<pin id="646" dir="1" index="1" bw="16" slack="0"/>
</pin_list>
<bind>
<opcode="extractvalue(56) " fcode="extractvalue"/>
<opset="layer3_out_1/31 "/>
</bind>
</comp>

<comp id="649" class="1004" name="layer3_out_2_fu_649">
<pin_list>
<pin id="650" dir="0" index="0" bw="1024" slack="0"/>
<pin id="651" dir="1" index="1" bw="16" slack="0"/>
</pin_list>
<bind>
<opcode="extractvalue(56) " fcode="extractvalue"/>
<opset="layer3_out_2/31 "/>
</bind>
</comp>

<comp id="654" class="1004" name="layer3_out_3_fu_654">
<pin_list>
<pin id="655" dir="0" index="0" bw="1024" slack="0"/>
<pin id="656" dir="1" index="1" bw="16" slack="0"/>
</pin_list>
<bind>
<opcode="extractvalue(56) " fcode="extractvalue"/>
<opset="layer3_out_3/31 "/>
</bind>
</comp>

<comp id="659" class="1004" name="layer3_out_4_fu_659">
<pin_list>
<pin id="660" dir="0" index="0" bw="1024" slack="0"/>
<pin id="661" dir="1" index="1" bw="16" slack="0"/>
</pin_list>
<bind>
<opcode="extractvalue(56) " fcode="extractvalue"/>
<opset="layer3_out_4/31 "/>
</bind>
</comp>

<comp id="664" class="1004" name="layer3_out_5_fu_664">
<pin_list>
<pin id="665" dir="0" index="0" bw="1024" slack="0"/>
<pin id="666" dir="1" index="1" bw="16" slack="0"/>
</pin_list>
<bind>
<opcode="extractvalue(56) " fcode="extractvalue"/>
<opset="layer3_out_5/31 "/>
</bind>
</comp>

<comp id="669" class="1004" name="layer3_out_6_fu_669">
<pin_list>
<pin id="670" dir="0" index="0" bw="1024" slack="0"/>
<pin id="671" dir="1" index="1" bw="16" slack="0"/>
</pin_list>
<bind>
<opcode="extractvalue(56) " fcode="extractvalue"/>
<opset="layer3_out_6/31 "/>
</bind>
</comp>

<comp id="674" class="1004" name="layer3_out_7_fu_674">
<pin_list>
<pin id="675" dir="0" index="0" bw="1024" slack="0"/>
<pin id="676" dir="1" index="1" bw="16" slack="0"/>
</pin_list>
<bind>
<opcode="extractvalue(56) " fcode="extractvalue"/>
<opset="layer3_out_7/31 "/>
</bind>
</comp>

<comp id="679" class="1004" name="layer3_out_8_fu_679">
<pin_list>
<pin id="680" dir="0" index="0" bw="1024" slack="0"/>
<pin id="681" dir="1" index="1" bw="16" slack="0"/>
</pin_list>
<bind>
<opcode="extractvalue(56) " fcode="extractvalue"/>
<opset="layer3_out_8/31 "/>
</bind>
</comp>

<comp id="684" class="1004" name="layer3_out_9_fu_684">
<pin_list>
<pin id="685" dir="0" index="0" bw="1024" slack="0"/>
<pin id="686" dir="1" index="1" bw="16" slack="0"/>
</pin_list>
<bind>
<opcode="extractvalue(56) " fcode="extractvalue"/>
<opset="layer3_out_9/31 "/>
</bind>
</comp>

<comp id="689" class="1004" name="layer3_out_10_fu_689">
<pin_list>
<pin id="690" dir="0" index="0" bw="1024" slack="0"/>
<pin id="691" dir="1" index="1" bw="16" slack="0"/>
</pin_list>
<bind>
<opcode="extractvalue(56) " fcode="extractvalue"/>
<opset="layer3_out_10/31 "/>
</bind>
</comp>

<comp id="694" class="1004" name="layer3_out_11_fu_694">
<pin_list>
<pin id="695" dir="0" index="0" bw="1024" slack="0"/>
<pin id="696" dir="1" index="1" bw="16" slack="0"/>
</pin_list>
<bind>
<opcode="extractvalue(56) " fcode="extractvalue"/>
<opset="layer3_out_11/31 "/>
</bind>
</comp>

<comp id="699" class="1004" name="layer3_out_12_fu_699">
<pin_list>
<pin id="700" dir="0" index="0" bw="1024" slack="0"/>
<pin id="701" dir="1" index="1" bw="16" slack="0"/>
</pin_list>
<bind>
<opcode="extractvalue(56) " fcode="extractvalue"/>
<opset="layer3_out_12/31 "/>
</bind>
</comp>

<comp id="704" class="1004" name="layer3_out_13_fu_704">
<pin_list>
<pin id="705" dir="0" index="0" bw="1024" slack="0"/>
<pin id="706" dir="1" index="1" bw="16" slack="0"/>
</pin_list>
<bind>
<opcode="extractvalue(56) " fcode="extractvalue"/>
<opset="layer3_out_13/31 "/>
</bind>
</comp>

<comp id="709" class="1004" name="layer3_out_14_fu_709">
<pin_list>
<pin id="710" dir="0" index="0" bw="1024" slack="0"/>
<pin id="711" dir="1" index="1" bw="16" slack="0"/>
</pin_list>
<bind>
<opcode="extractvalue(56) " fcode="extractvalue"/>
<opset="layer3_out_14/31 "/>
</bind>
</comp>

<comp id="714" class="1004" name="layer3_out_15_fu_714">
<pin_list>
<pin id="715" dir="0" index="0" bw="1024" slack="0"/>
<pin id="716" dir="1" index="1" bw="16" slack="0"/>
</pin_list>
<bind>
<opcode="extractvalue(56) " fcode="extractvalue"/>
<opset="layer3_out_15/31 "/>
</bind>
</comp>

<comp id="719" class="1004" name="layer3_out_16_fu_719">
<pin_list>
<pin id="720" dir="0" index="0" bw="1024" slack="0"/>
<pin id="721" dir="1" index="1" bw="16" slack="0"/>
</pin_list>
<bind>
<opcode="extractvalue(56) " fcode="extractvalue"/>
<opset="layer3_out_16/31 "/>
</bind>
</comp>

<comp id="724" class="1004" name="layer3_out_17_fu_724">
<pin_list>
<pin id="725" dir="0" index="0" bw="1024" slack="0"/>
<pin id="726" dir="1" index="1" bw="16" slack="0"/>
</pin_list>
<bind>
<opcode="extractvalue(56) " fcode="extractvalue"/>
<opset="layer3_out_17/31 "/>
</bind>
</comp>

<comp id="729" class="1004" name="layer3_out_18_fu_729">
<pin_list>
<pin id="730" dir="0" index="0" bw="1024" slack="0"/>
<pin id="731" dir="1" index="1" bw="16" slack="0"/>
</pin_list>
<bind>
<opcode="extractvalue(56) " fcode="extractvalue"/>
<opset="layer3_out_18/31 "/>
</bind>
</comp>

<comp id="734" class="1004" name="layer3_out_19_fu_734">
<pin_list>
<pin id="735" dir="0" index="0" bw="1024" slack="0"/>
<pin id="736" dir="1" index="1" bw="16" slack="0"/>
</pin_list>
<bind>
<opcode="extractvalue(56) " fcode="extractvalue"/>
<opset="layer3_out_19/31 "/>
</bind>
</comp>

<comp id="739" class="1004" name="layer3_out_20_fu_739">
<pin_list>
<pin id="740" dir="0" index="0" bw="1024" slack="0"/>
<pin id="741" dir="1" index="1" bw="16" slack="0"/>
</pin_list>
<bind>
<opcode="extractvalue(56) " fcode="extractvalue"/>
<opset="layer3_out_20/31 "/>
</bind>
</comp>

<comp id="744" class="1004" name="layer3_out_21_fu_744">
<pin_list>
<pin id="745" dir="0" index="0" bw="1024" slack="0"/>
<pin id="746" dir="1" index="1" bw="16" slack="0"/>
</pin_list>
<bind>
<opcode="extractvalue(56) " fcode="extractvalue"/>
<opset="layer3_out_21/31 "/>
</bind>
</comp>

<comp id="749" class="1004" name="layer3_out_22_fu_749">
<pin_list>
<pin id="750" dir="0" index="0" bw="1024" slack="0"/>
<pin id="751" dir="1" index="1" bw="16" slack="0"/>
</pin_list>
<bind>
<opcode="extractvalue(56) " fcode="extractvalue"/>
<opset="layer3_out_22/31 "/>
</bind>
</comp>

<comp id="754" class="1004" name="layer3_out_23_fu_754">
<pin_list>
<pin id="755" dir="0" index="0" bw="1024" slack="0"/>
<pin id="756" dir="1" index="1" bw="16" slack="0"/>
</pin_list>
<bind>
<opcode="extractvalue(56) " fcode="extractvalue"/>
<opset="layer3_out_23/31 "/>
</bind>
</comp>

<comp id="759" class="1004" name="layer3_out_24_fu_759">
<pin_list>
<pin id="760" dir="0" index="0" bw="1024" slack="0"/>
<pin id="761" dir="1" index="1" bw="16" slack="0"/>
</pin_list>
<bind>
<opcode="extractvalue(56) " fcode="extractvalue"/>
<opset="layer3_out_24/31 "/>
</bind>
</comp>

<comp id="764" class="1004" name="layer3_out_25_fu_764">
<pin_list>
<pin id="765" dir="0" index="0" bw="1024" slack="0"/>
<pin id="766" dir="1" index="1" bw="16" slack="0"/>
</pin_list>
<bind>
<opcode="extractvalue(56) " fcode="extractvalue"/>
<opset="layer3_out_25/31 "/>
</bind>
</comp>

<comp id="769" class="1004" name="layer3_out_26_fu_769">
<pin_list>
<pin id="770" dir="0" index="0" bw="1024" slack="0"/>
<pin id="771" dir="1" index="1" bw="16" slack="0"/>
</pin_list>
<bind>
<opcode="extractvalue(56) " fcode="extractvalue"/>
<opset="layer3_out_26/31 "/>
</bind>
</comp>

<comp id="774" class="1004" name="layer3_out_27_fu_774">
<pin_list>
<pin id="775" dir="0" index="0" bw="1024" slack="0"/>
<pin id="776" dir="1" index="1" bw="16" slack="0"/>
</pin_list>
<bind>
<opcode="extractvalue(56) " fcode="extractvalue"/>
<opset="layer3_out_27/31 "/>
</bind>
</comp>

<comp id="779" class="1004" name="layer3_out_28_fu_779">
<pin_list>
<pin id="780" dir="0" index="0" bw="1024" slack="0"/>
<pin id="781" dir="1" index="1" bw="16" slack="0"/>
</pin_list>
<bind>
<opcode="extractvalue(56) " fcode="extractvalue"/>
<opset="layer3_out_28/31 "/>
</bind>
</comp>

<comp id="784" class="1004" name="layer3_out_29_fu_784">
<pin_list>
<pin id="785" dir="0" index="0" bw="1024" slack="0"/>
<pin id="786" dir="1" index="1" bw="16" slack="0"/>
</pin_list>
<bind>
<opcode="extractvalue(56) " fcode="extractvalue"/>
<opset="layer3_out_29/31 "/>
</bind>
</comp>

<comp id="789" class="1004" name="layer3_out_30_fu_789">
<pin_list>
<pin id="790" dir="0" index="0" bw="1024" slack="0"/>
<pin id="791" dir="1" index="1" bw="16" slack="0"/>
</pin_list>
<bind>
<opcode="extractvalue(56) " fcode="extractvalue"/>
<opset="layer3_out_30/31 "/>
</bind>
</comp>

<comp id="794" class="1004" name="layer3_out_31_fu_794">
<pin_list>
<pin id="795" dir="0" index="0" bw="1024" slack="0"/>
<pin id="796" dir="1" index="1" bw="16" slack="0"/>
</pin_list>
<bind>
<opcode="extractvalue(56) " fcode="extractvalue"/>
<opset="layer3_out_31/31 "/>
</bind>
</comp>

<comp id="799" class="1004" name="layer3_out_32_fu_799">
<pin_list>
<pin id="800" dir="0" index="0" bw="1024" slack="0"/>
<pin id="801" dir="1" index="1" bw="16" slack="0"/>
</pin_list>
<bind>
<opcode="extractvalue(56) " fcode="extractvalue"/>
<opset="layer3_out_32/31 "/>
</bind>
</comp>

<comp id="804" class="1004" name="layer3_out_33_fu_804">
<pin_list>
<pin id="805" dir="0" index="0" bw="1024" slack="0"/>
<pin id="806" dir="1" index="1" bw="16" slack="0"/>
</pin_list>
<bind>
<opcode="extractvalue(56) " fcode="extractvalue"/>
<opset="layer3_out_33/31 "/>
</bind>
</comp>

<comp id="809" class="1004" name="layer3_out_34_fu_809">
<pin_list>
<pin id="810" dir="0" index="0" bw="1024" slack="0"/>
<pin id="811" dir="1" index="1" bw="16" slack="0"/>
</pin_list>
<bind>
<opcode="extractvalue(56) " fcode="extractvalue"/>
<opset="layer3_out_34/31 "/>
</bind>
</comp>

<comp id="814" class="1004" name="layer3_out_35_fu_814">
<pin_list>
<pin id="815" dir="0" index="0" bw="1024" slack="0"/>
<pin id="816" dir="1" index="1" bw="16" slack="0"/>
</pin_list>
<bind>
<opcode="extractvalue(56) " fcode="extractvalue"/>
<opset="layer3_out_35/31 "/>
</bind>
</comp>

<comp id="819" class="1004" name="layer3_out_36_fu_819">
<pin_list>
<pin id="820" dir="0" index="0" bw="1024" slack="0"/>
<pin id="821" dir="1" index="1" bw="16" slack="0"/>
</pin_list>
<bind>
<opcode="extractvalue(56) " fcode="extractvalue"/>
<opset="layer3_out_36/31 "/>
</bind>
</comp>

<comp id="824" class="1004" name="layer3_out_37_fu_824">
<pin_list>
<pin id="825" dir="0" index="0" bw="1024" slack="0"/>
<pin id="826" dir="1" index="1" bw="16" slack="0"/>
</pin_list>
<bind>
<opcode="extractvalue(56) " fcode="extractvalue"/>
<opset="layer3_out_37/31 "/>
</bind>
</comp>

<comp id="829" class="1004" name="layer3_out_38_fu_829">
<pin_list>
<pin id="830" dir="0" index="0" bw="1024" slack="0"/>
<pin id="831" dir="1" index="1" bw="16" slack="0"/>
</pin_list>
<bind>
<opcode="extractvalue(56) " fcode="extractvalue"/>
<opset="layer3_out_38/31 "/>
</bind>
</comp>

<comp id="834" class="1004" name="layer3_out_39_fu_834">
<pin_list>
<pin id="835" dir="0" index="0" bw="1024" slack="0"/>
<pin id="836" dir="1" index="1" bw="16" slack="0"/>
</pin_list>
<bind>
<opcode="extractvalue(56) " fcode="extractvalue"/>
<opset="layer3_out_39/31 "/>
</bind>
</comp>

<comp id="839" class="1004" name="layer3_out_40_fu_839">
<pin_list>
<pin id="840" dir="0" index="0" bw="1024" slack="0"/>
<pin id="841" dir="1" index="1" bw="16" slack="0"/>
</pin_list>
<bind>
<opcode="extractvalue(56) " fcode="extractvalue"/>
<opset="layer3_out_40/31 "/>
</bind>
</comp>

<comp id="844" class="1004" name="layer3_out_41_fu_844">
<pin_list>
<pin id="845" dir="0" index="0" bw="1024" slack="0"/>
<pin id="846" dir="1" index="1" bw="16" slack="0"/>
</pin_list>
<bind>
<opcode="extractvalue(56) " fcode="extractvalue"/>
<opset="layer3_out_41/31 "/>
</bind>
</comp>

<comp id="849" class="1004" name="layer3_out_42_fu_849">
<pin_list>
<pin id="850" dir="0" index="0" bw="1024" slack="0"/>
<pin id="851" dir="1" index="1" bw="16" slack="0"/>
</pin_list>
<bind>
<opcode="extractvalue(56) " fcode="extractvalue"/>
<opset="layer3_out_42/31 "/>
</bind>
</comp>

<comp id="854" class="1004" name="layer3_out_43_fu_854">
<pin_list>
<pin id="855" dir="0" index="0" bw="1024" slack="0"/>
<pin id="856" dir="1" index="1" bw="16" slack="0"/>
</pin_list>
<bind>
<opcode="extractvalue(56) " fcode="extractvalue"/>
<opset="layer3_out_43/31 "/>
</bind>
</comp>

<comp id="859" class="1004" name="layer3_out_44_fu_859">
<pin_list>
<pin id="860" dir="0" index="0" bw="1024" slack="0"/>
<pin id="861" dir="1" index="1" bw="16" slack="0"/>
</pin_list>
<bind>
<opcode="extractvalue(56) " fcode="extractvalue"/>
<opset="layer3_out_44/31 "/>
</bind>
</comp>

<comp id="864" class="1004" name="layer3_out_45_fu_864">
<pin_list>
<pin id="865" dir="0" index="0" bw="1024" slack="0"/>
<pin id="866" dir="1" index="1" bw="16" slack="0"/>
</pin_list>
<bind>
<opcode="extractvalue(56) " fcode="extractvalue"/>
<opset="layer3_out_45/31 "/>
</bind>
</comp>

<comp id="869" class="1004" name="layer3_out_46_fu_869">
<pin_list>
<pin id="870" dir="0" index="0" bw="1024" slack="0"/>
<pin id="871" dir="1" index="1" bw="16" slack="0"/>
</pin_list>
<bind>
<opcode="extractvalue(56) " fcode="extractvalue"/>
<opset="layer3_out_46/31 "/>
</bind>
</comp>

<comp id="874" class="1004" name="layer3_out_47_fu_874">
<pin_list>
<pin id="875" dir="0" index="0" bw="1024" slack="0"/>
<pin id="876" dir="1" index="1" bw="16" slack="0"/>
</pin_list>
<bind>
<opcode="extractvalue(56) " fcode="extractvalue"/>
<opset="layer3_out_47/31 "/>
</bind>
</comp>

<comp id="879" class="1004" name="layer3_out_48_fu_879">
<pin_list>
<pin id="880" dir="0" index="0" bw="1024" slack="0"/>
<pin id="881" dir="1" index="1" bw="16" slack="0"/>
</pin_list>
<bind>
<opcode="extractvalue(56) " fcode="extractvalue"/>
<opset="layer3_out_48/31 "/>
</bind>
</comp>

<comp id="884" class="1004" name="layer3_out_49_fu_884">
<pin_list>
<pin id="885" dir="0" index="0" bw="1024" slack="0"/>
<pin id="886" dir="1" index="1" bw="16" slack="0"/>
</pin_list>
<bind>
<opcode="extractvalue(56) " fcode="extractvalue"/>
<opset="layer3_out_49/31 "/>
</bind>
</comp>

<comp id="889" class="1004" name="layer3_out_50_fu_889">
<pin_list>
<pin id="890" dir="0" index="0" bw="1024" slack="0"/>
<pin id="891" dir="1" index="1" bw="16" slack="0"/>
</pin_list>
<bind>
<opcode="extractvalue(56) " fcode="extractvalue"/>
<opset="layer3_out_50/31 "/>
</bind>
</comp>

<comp id="894" class="1004" name="layer3_out_51_fu_894">
<pin_list>
<pin id="895" dir="0" index="0" bw="1024" slack="0"/>
<pin id="896" dir="1" index="1" bw="16" slack="0"/>
</pin_list>
<bind>
<opcode="extractvalue(56) " fcode="extractvalue"/>
<opset="layer3_out_51/31 "/>
</bind>
</comp>

<comp id="899" class="1004" name="layer3_out_52_fu_899">
<pin_list>
<pin id="900" dir="0" index="0" bw="1024" slack="0"/>
<pin id="901" dir="1" index="1" bw="16" slack="0"/>
</pin_list>
<bind>
<opcode="extractvalue(56) " fcode="extractvalue"/>
<opset="layer3_out_52/31 "/>
</bind>
</comp>

<comp id="904" class="1004" name="layer3_out_53_fu_904">
<pin_list>
<pin id="905" dir="0" index="0" bw="1024" slack="0"/>
<pin id="906" dir="1" index="1" bw="16" slack="0"/>
</pin_list>
<bind>
<opcode="extractvalue(56) " fcode="extractvalue"/>
<opset="layer3_out_53/31 "/>
</bind>
</comp>

<comp id="909" class="1004" name="layer3_out_54_fu_909">
<pin_list>
<pin id="910" dir="0" index="0" bw="1024" slack="0"/>
<pin id="911" dir="1" index="1" bw="16" slack="0"/>
</pin_list>
<bind>
<opcode="extractvalue(56) " fcode="extractvalue"/>
<opset="layer3_out_54/31 "/>
</bind>
</comp>

<comp id="914" class="1004" name="layer3_out_55_fu_914">
<pin_list>
<pin id="915" dir="0" index="0" bw="1024" slack="0"/>
<pin id="916" dir="1" index="1" bw="16" slack="0"/>
</pin_list>
<bind>
<opcode="extractvalue(56) " fcode="extractvalue"/>
<opset="layer3_out_55/31 "/>
</bind>
</comp>

<comp id="919" class="1004" name="layer3_out_56_fu_919">
<pin_list>
<pin id="920" dir="0" index="0" bw="1024" slack="0"/>
<pin id="921" dir="1" index="1" bw="16" slack="0"/>
</pin_list>
<bind>
<opcode="extractvalue(56) " fcode="extractvalue"/>
<opset="layer3_out_56/31 "/>
</bind>
</comp>

<comp id="924" class="1004" name="layer3_out_57_fu_924">
<pin_list>
<pin id="925" dir="0" index="0" bw="1024" slack="0"/>
<pin id="926" dir="1" index="1" bw="16" slack="0"/>
</pin_list>
<bind>
<opcode="extractvalue(56) " fcode="extractvalue"/>
<opset="layer3_out_57/31 "/>
</bind>
</comp>

<comp id="929" class="1004" name="layer3_out_58_fu_929">
<pin_list>
<pin id="930" dir="0" index="0" bw="1024" slack="0"/>
<pin id="931" dir="1" index="1" bw="16" slack="0"/>
</pin_list>
<bind>
<opcode="extractvalue(56) " fcode="extractvalue"/>
<opset="layer3_out_58/31 "/>
</bind>
</comp>

<comp id="934" class="1004" name="layer3_out_59_fu_934">
<pin_list>
<pin id="935" dir="0" index="0" bw="1024" slack="0"/>
<pin id="936" dir="1" index="1" bw="16" slack="0"/>
</pin_list>
<bind>
<opcode="extractvalue(56) " fcode="extractvalue"/>
<opset="layer3_out_59/31 "/>
</bind>
</comp>

<comp id="939" class="1004" name="layer3_out_60_fu_939">
<pin_list>
<pin id="940" dir="0" index="0" bw="1024" slack="0"/>
<pin id="941" dir="1" index="1" bw="16" slack="0"/>
</pin_list>
<bind>
<opcode="extractvalue(56) " fcode="extractvalue"/>
<opset="layer3_out_60/31 "/>
</bind>
</comp>

<comp id="944" class="1004" name="layer3_out_61_fu_944">
<pin_list>
<pin id="945" dir="0" index="0" bw="1024" slack="0"/>
<pin id="946" dir="1" index="1" bw="16" slack="0"/>
</pin_list>
<bind>
<opcode="extractvalue(56) " fcode="extractvalue"/>
<opset="layer3_out_61/31 "/>
</bind>
</comp>

<comp id="949" class="1004" name="layer3_out_62_fu_949">
<pin_list>
<pin id="950" dir="0" index="0" bw="1024" slack="0"/>
<pin id="951" dir="1" index="1" bw="16" slack="0"/>
</pin_list>
<bind>
<opcode="extractvalue(56) " fcode="extractvalue"/>
<opset="layer3_out_62/31 "/>
</bind>
</comp>

<comp id="954" class="1004" name="layer3_out_63_fu_954">
<pin_list>
<pin id="955" dir="0" index="0" bw="1024" slack="0"/>
<pin id="956" dir="1" index="1" bw="16" slack="0"/>
</pin_list>
<bind>
<opcode="extractvalue(56) " fcode="extractvalue"/>
<opset="layer3_out_63/31 "/>
</bind>
</comp>

<comp id="959" class="1004" name="layer4_out_fu_959">
<pin_list>
<pin id="960" dir="0" index="0" bw="1024" slack="0"/>
<pin id="961" dir="1" index="1" bw="32" slack="0"/>
</pin_list>
<bind>
<opcode="extractvalue(56) " fcode="extractvalue"/>
<opset="layer4_out/61 "/>
</bind>
</comp>

<comp id="964" class="1004" name="layer4_out_1_fu_964">
<pin_list>
<pin id="965" dir="0" index="0" bw="1024" slack="0"/>
<pin id="966" dir="1" index="1" bw="32" slack="0"/>
</pin_list>
<bind>
<opcode="extractvalue(56) " fcode="extractvalue"/>
<opset="layer4_out_1/61 "/>
</bind>
</comp>

<comp id="969" class="1004" name="layer4_out_2_fu_969">
<pin_list>
<pin id="970" dir="0" index="0" bw="1024" slack="0"/>
<pin id="971" dir="1" index="1" bw="32" slack="0"/>
</pin_list>
<bind>
<opcode="extractvalue(56) " fcode="extractvalue"/>
<opset="layer4_out_2/61 "/>
</bind>
</comp>

<comp id="974" class="1004" name="layer4_out_3_fu_974">
<pin_list>
<pin id="975" dir="0" index="0" bw="1024" slack="0"/>
<pin id="976" dir="1" index="1" bw="32" slack="0"/>
</pin_list>
<bind>
<opcode="extractvalue(56) " fcode="extractvalue"/>
<opset="layer4_out_3/61 "/>
</bind>
</comp>

<comp id="979" class="1004" name="layer4_out_4_fu_979">
<pin_list>
<pin id="980" dir="0" index="0" bw="1024" slack="0"/>
<pin id="981" dir="1" index="1" bw="32" slack="0"/>
</pin_list>
<bind>
<opcode="extractvalue(56) " fcode="extractvalue"/>
<opset="layer4_out_4/61 "/>
</bind>
</comp>

<comp id="984" class="1004" name="layer4_out_5_fu_984">
<pin_list>
<pin id="985" dir="0" index="0" bw="1024" slack="0"/>
<pin id="986" dir="1" index="1" bw="32" slack="0"/>
</pin_list>
<bind>
<opcode="extractvalue(56) " fcode="extractvalue"/>
<opset="layer4_out_5/61 "/>
</bind>
</comp>

<comp id="989" class="1004" name="layer4_out_6_fu_989">
<pin_list>
<pin id="990" dir="0" index="0" bw="1024" slack="0"/>
<pin id="991" dir="1" index="1" bw="32" slack="0"/>
</pin_list>
<bind>
<opcode="extractvalue(56) " fcode="extractvalue"/>
<opset="layer4_out_6/61 "/>
</bind>
</comp>

<comp id="994" class="1004" name="layer4_out_7_fu_994">
<pin_list>
<pin id="995" dir="0" index="0" bw="1024" slack="0"/>
<pin id="996" dir="1" index="1" bw="32" slack="0"/>
</pin_list>
<bind>
<opcode="extractvalue(56) " fcode="extractvalue"/>
<opset="layer4_out_7/61 "/>
</bind>
</comp>

<comp id="999" class="1004" name="layer4_out_8_fu_999">
<pin_list>
<pin id="1000" dir="0" index="0" bw="1024" slack="0"/>
<pin id="1001" dir="1" index="1" bw="32" slack="0"/>
</pin_list>
<bind>
<opcode="extractvalue(56) " fcode="extractvalue"/>
<opset="layer4_out_8/61 "/>
</bind>
</comp>

<comp id="1004" class="1004" name="layer4_out_9_fu_1004">
<pin_list>
<pin id="1005" dir="0" index="0" bw="1024" slack="0"/>
<pin id="1006" dir="1" index="1" bw="32" slack="0"/>
</pin_list>
<bind>
<opcode="extractvalue(56) " fcode="extractvalue"/>
<opset="layer4_out_9/61 "/>
</bind>
</comp>

<comp id="1009" class="1004" name="layer4_out_10_fu_1009">
<pin_list>
<pin id="1010" dir="0" index="0" bw="1024" slack="0"/>
<pin id="1011" dir="1" index="1" bw="32" slack="0"/>
</pin_list>
<bind>
<opcode="extractvalue(56) " fcode="extractvalue"/>
<opset="layer4_out_10/61 "/>
</bind>
</comp>

<comp id="1014" class="1004" name="layer4_out_11_fu_1014">
<pin_list>
<pin id="1015" dir="0" index="0" bw="1024" slack="0"/>
<pin id="1016" dir="1" index="1" bw="32" slack="0"/>
</pin_list>
<bind>
<opcode="extractvalue(56) " fcode="extractvalue"/>
<opset="layer4_out_11/61 "/>
</bind>
</comp>

<comp id="1019" class="1004" name="layer4_out_12_fu_1019">
<pin_list>
<pin id="1020" dir="0" index="0" bw="1024" slack="0"/>
<pin id="1021" dir="1" index="1" bw="32" slack="0"/>
</pin_list>
<bind>
<opcode="extractvalue(56) " fcode="extractvalue"/>
<opset="layer4_out_12/61 "/>
</bind>
</comp>

<comp id="1024" class="1004" name="layer4_out_13_fu_1024">
<pin_list>
<pin id="1025" dir="0" index="0" bw="1024" slack="0"/>
<pin id="1026" dir="1" index="1" bw="32" slack="0"/>
</pin_list>
<bind>
<opcode="extractvalue(56) " fcode="extractvalue"/>
<opset="layer4_out_13/61 "/>
</bind>
</comp>

<comp id="1029" class="1004" name="layer4_out_14_fu_1029">
<pin_list>
<pin id="1030" dir="0" index="0" bw="1024" slack="0"/>
<pin id="1031" dir="1" index="1" bw="32" slack="0"/>
</pin_list>
<bind>
<opcode="extractvalue(56) " fcode="extractvalue"/>
<opset="layer4_out_14/61 "/>
</bind>
</comp>

<comp id="1034" class="1004" name="layer4_out_15_fu_1034">
<pin_list>
<pin id="1035" dir="0" index="0" bw="1024" slack="0"/>
<pin id="1036" dir="1" index="1" bw="32" slack="0"/>
</pin_list>
<bind>
<opcode="extractvalue(56) " fcode="extractvalue"/>
<opset="layer4_out_15/61 "/>
</bind>
</comp>

<comp id="1039" class="1004" name="layer4_out_16_fu_1039">
<pin_list>
<pin id="1040" dir="0" index="0" bw="1024" slack="0"/>
<pin id="1041" dir="1" index="1" bw="32" slack="0"/>
</pin_list>
<bind>
<opcode="extractvalue(56) " fcode="extractvalue"/>
<opset="layer4_out_16/61 "/>
</bind>
</comp>

<comp id="1044" class="1004" name="layer4_out_17_fu_1044">
<pin_list>
<pin id="1045" dir="0" index="0" bw="1024" slack="0"/>
<pin id="1046" dir="1" index="1" bw="32" slack="0"/>
</pin_list>
<bind>
<opcode="extractvalue(56) " fcode="extractvalue"/>
<opset="layer4_out_17/61 "/>
</bind>
</comp>

<comp id="1049" class="1004" name="layer4_out_18_fu_1049">
<pin_list>
<pin id="1050" dir="0" index="0" bw="1024" slack="0"/>
<pin id="1051" dir="1" index="1" bw="32" slack="0"/>
</pin_list>
<bind>
<opcode="extractvalue(56) " fcode="extractvalue"/>
<opset="layer4_out_18/61 "/>
</bind>
</comp>

<comp id="1054" class="1004" name="layer4_out_19_fu_1054">
<pin_list>
<pin id="1055" dir="0" index="0" bw="1024" slack="0"/>
<pin id="1056" dir="1" index="1" bw="32" slack="0"/>
</pin_list>
<bind>
<opcode="extractvalue(56) " fcode="extractvalue"/>
<opset="layer4_out_19/61 "/>
</bind>
</comp>

<comp id="1059" class="1004" name="layer4_out_20_fu_1059">
<pin_list>
<pin id="1060" dir="0" index="0" bw="1024" slack="0"/>
<pin id="1061" dir="1" index="1" bw="32" slack="0"/>
</pin_list>
<bind>
<opcode="extractvalue(56) " fcode="extractvalue"/>
<opset="layer4_out_20/61 "/>
</bind>
</comp>

<comp id="1064" class="1004" name="layer4_out_21_fu_1064">
<pin_list>
<pin id="1065" dir="0" index="0" bw="1024" slack="0"/>
<pin id="1066" dir="1" index="1" bw="32" slack="0"/>
</pin_list>
<bind>
<opcode="extractvalue(56) " fcode="extractvalue"/>
<opset="layer4_out_21/61 "/>
</bind>
</comp>

<comp id="1069" class="1004" name="layer4_out_22_fu_1069">
<pin_list>
<pin id="1070" dir="0" index="0" bw="1024" slack="0"/>
<pin id="1071" dir="1" index="1" bw="32" slack="0"/>
</pin_list>
<bind>
<opcode="extractvalue(56) " fcode="extractvalue"/>
<opset="layer4_out_22/61 "/>
</bind>
</comp>

<comp id="1074" class="1004" name="layer4_out_23_fu_1074">
<pin_list>
<pin id="1075" dir="0" index="0" bw="1024" slack="0"/>
<pin id="1076" dir="1" index="1" bw="32" slack="0"/>
</pin_list>
<bind>
<opcode="extractvalue(56) " fcode="extractvalue"/>
<opset="layer4_out_23/61 "/>
</bind>
</comp>

<comp id="1079" class="1004" name="layer4_out_24_fu_1079">
<pin_list>
<pin id="1080" dir="0" index="0" bw="1024" slack="0"/>
<pin id="1081" dir="1" index="1" bw="32" slack="0"/>
</pin_list>
<bind>
<opcode="extractvalue(56) " fcode="extractvalue"/>
<opset="layer4_out_24/61 "/>
</bind>
</comp>

<comp id="1084" class="1004" name="layer4_out_25_fu_1084">
<pin_list>
<pin id="1085" dir="0" index="0" bw="1024" slack="0"/>
<pin id="1086" dir="1" index="1" bw="32" slack="0"/>
</pin_list>
<bind>
<opcode="extractvalue(56) " fcode="extractvalue"/>
<opset="layer4_out_25/61 "/>
</bind>
</comp>

<comp id="1089" class="1004" name="layer4_out_26_fu_1089">
<pin_list>
<pin id="1090" dir="0" index="0" bw="1024" slack="0"/>
<pin id="1091" dir="1" index="1" bw="32" slack="0"/>
</pin_list>
<bind>
<opcode="extractvalue(56) " fcode="extractvalue"/>
<opset="layer4_out_26/61 "/>
</bind>
</comp>

<comp id="1094" class="1004" name="layer4_out_27_fu_1094">
<pin_list>
<pin id="1095" dir="0" index="0" bw="1024" slack="0"/>
<pin id="1096" dir="1" index="1" bw="32" slack="0"/>
</pin_list>
<bind>
<opcode="extractvalue(56) " fcode="extractvalue"/>
<opset="layer4_out_27/61 "/>
</bind>
</comp>

<comp id="1099" class="1004" name="layer4_out_28_fu_1099">
<pin_list>
<pin id="1100" dir="0" index="0" bw="1024" slack="0"/>
<pin id="1101" dir="1" index="1" bw="32" slack="0"/>
</pin_list>
<bind>
<opcode="extractvalue(56) " fcode="extractvalue"/>
<opset="layer4_out_28/61 "/>
</bind>
</comp>

<comp id="1104" class="1004" name="layer4_out_29_fu_1104">
<pin_list>
<pin id="1105" dir="0" index="0" bw="1024" slack="0"/>
<pin id="1106" dir="1" index="1" bw="32" slack="0"/>
</pin_list>
<bind>
<opcode="extractvalue(56) " fcode="extractvalue"/>
<opset="layer4_out_29/61 "/>
</bind>
</comp>

<comp id="1109" class="1004" name="layer4_out_30_fu_1109">
<pin_list>
<pin id="1110" dir="0" index="0" bw="1024" slack="0"/>
<pin id="1111" dir="1" index="1" bw="32" slack="0"/>
</pin_list>
<bind>
<opcode="extractvalue(56) " fcode="extractvalue"/>
<opset="layer4_out_30/61 "/>
</bind>
</comp>

<comp id="1114" class="1004" name="layer4_out_31_fu_1114">
<pin_list>
<pin id="1115" dir="0" index="0" bw="1024" slack="0"/>
<pin id="1116" dir="1" index="1" bw="32" slack="0"/>
</pin_list>
<bind>
<opcode="extractvalue(56) " fcode="extractvalue"/>
<opset="layer4_out_31/61 "/>
</bind>
</comp>

<comp id="1119" class="1004" name="layer5_out_fu_1119">
<pin_list>
<pin id="1120" dir="0" index="0" bw="512" slack="0"/>
<pin id="1121" dir="1" index="1" bw="16" slack="0"/>
</pin_list>
<bind>
<opcode="extractvalue(56) " fcode="extractvalue"/>
<opset="layer5_out/61 "/>
</bind>
</comp>

<comp id="1124" class="1004" name="layer5_out_1_fu_1124">
<pin_list>
<pin id="1125" dir="0" index="0" bw="512" slack="0"/>
<pin id="1126" dir="1" index="1" bw="16" slack="0"/>
</pin_list>
<bind>
<opcode="extractvalue(56) " fcode="extractvalue"/>
<opset="layer5_out_1/61 "/>
</bind>
</comp>

<comp id="1129" class="1004" name="layer5_out_2_fu_1129">
<pin_list>
<pin id="1130" dir="0" index="0" bw="512" slack="0"/>
<pin id="1131" dir="1" index="1" bw="16" slack="0"/>
</pin_list>
<bind>
<opcode="extractvalue(56) " fcode="extractvalue"/>
<opset="layer5_out_2/61 "/>
</bind>
</comp>

<comp id="1134" class="1004" name="layer5_out_3_fu_1134">
<pin_list>
<pin id="1135" dir="0" index="0" bw="512" slack="0"/>
<pin id="1136" dir="1" index="1" bw="16" slack="0"/>
</pin_list>
<bind>
<opcode="extractvalue(56) " fcode="extractvalue"/>
<opset="layer5_out_3/61 "/>
</bind>
</comp>

<comp id="1139" class="1004" name="layer5_out_4_fu_1139">
<pin_list>
<pin id="1140" dir="0" index="0" bw="512" slack="0"/>
<pin id="1141" dir="1" index="1" bw="16" slack="0"/>
</pin_list>
<bind>
<opcode="extractvalue(56) " fcode="extractvalue"/>
<opset="layer5_out_4/61 "/>
</bind>
</comp>

<comp id="1144" class="1004" name="layer5_out_5_fu_1144">
<pin_list>
<pin id="1145" dir="0" index="0" bw="512" slack="0"/>
<pin id="1146" dir="1" index="1" bw="16" slack="0"/>
</pin_list>
<bind>
<opcode="extractvalue(56) " fcode="extractvalue"/>
<opset="layer5_out_5/61 "/>
</bind>
</comp>

<comp id="1149" class="1004" name="layer5_out_6_fu_1149">
<pin_list>
<pin id="1150" dir="0" index="0" bw="512" slack="0"/>
<pin id="1151" dir="1" index="1" bw="16" slack="0"/>
</pin_list>
<bind>
<opcode="extractvalue(56) " fcode="extractvalue"/>
<opset="layer5_out_6/61 "/>
</bind>
</comp>

<comp id="1154" class="1004" name="layer5_out_7_fu_1154">
<pin_list>
<pin id="1155" dir="0" index="0" bw="512" slack="0"/>
<pin id="1156" dir="1" index="1" bw="16" slack="0"/>
</pin_list>
<bind>
<opcode="extractvalue(56) " fcode="extractvalue"/>
<opset="layer5_out_7/61 "/>
</bind>
</comp>

<comp id="1159" class="1004" name="layer5_out_8_fu_1159">
<pin_list>
<pin id="1160" dir="0" index="0" bw="512" slack="0"/>
<pin id="1161" dir="1" index="1" bw="16" slack="0"/>
</pin_list>
<bind>
<opcode="extractvalue(56) " fcode="extractvalue"/>
<opset="layer5_out_8/61 "/>
</bind>
</comp>

<comp id="1164" class="1004" name="layer5_out_9_fu_1164">
<pin_list>
<pin id="1165" dir="0" index="0" bw="512" slack="0"/>
<pin id="1166" dir="1" index="1" bw="16" slack="0"/>
</pin_list>
<bind>
<opcode="extractvalue(56) " fcode="extractvalue"/>
<opset="layer5_out_9/61 "/>
</bind>
</comp>

<comp id="1169" class="1004" name="layer5_out_10_fu_1169">
<pin_list>
<pin id="1170" dir="0" index="0" bw="512" slack="0"/>
<pin id="1171" dir="1" index="1" bw="16" slack="0"/>
</pin_list>
<bind>
<opcode="extractvalue(56) " fcode="extractvalue"/>
<opset="layer5_out_10/61 "/>
</bind>
</comp>

<comp id="1174" class="1004" name="layer5_out_11_fu_1174">
<pin_list>
<pin id="1175" dir="0" index="0" bw="512" slack="0"/>
<pin id="1176" dir="1" index="1" bw="16" slack="0"/>
</pin_list>
<bind>
<opcode="extractvalue(56) " fcode="extractvalue"/>
<opset="layer5_out_11/61 "/>
</bind>
</comp>

<comp id="1179" class="1004" name="layer5_out_12_fu_1179">
<pin_list>
<pin id="1180" dir="0" index="0" bw="512" slack="0"/>
<pin id="1181" dir="1" index="1" bw="16" slack="0"/>
</pin_list>
<bind>
<opcode="extractvalue(56) " fcode="extractvalue"/>
<opset="layer5_out_12/61 "/>
</bind>
</comp>

<comp id="1184" class="1004" name="layer5_out_13_fu_1184">
<pin_list>
<pin id="1185" dir="0" index="0" bw="512" slack="0"/>
<pin id="1186" dir="1" index="1" bw="16" slack="0"/>
</pin_list>
<bind>
<opcode="extractvalue(56) " fcode="extractvalue"/>
<opset="layer5_out_13/61 "/>
</bind>
</comp>

<comp id="1189" class="1004" name="layer5_out_14_fu_1189">
<pin_list>
<pin id="1190" dir="0" index="0" bw="512" slack="0"/>
<pin id="1191" dir="1" index="1" bw="16" slack="0"/>
</pin_list>
<bind>
<opcode="extractvalue(56) " fcode="extractvalue"/>
<opset="layer5_out_14/61 "/>
</bind>
</comp>

<comp id="1194" class="1004" name="layer5_out_15_fu_1194">
<pin_list>
<pin id="1195" dir="0" index="0" bw="512" slack="0"/>
<pin id="1196" dir="1" index="1" bw="16" slack="0"/>
</pin_list>
<bind>
<opcode="extractvalue(56) " fcode="extractvalue"/>
<opset="layer5_out_15/61 "/>
</bind>
</comp>

<comp id="1199" class="1004" name="layer5_out_16_fu_1199">
<pin_list>
<pin id="1200" dir="0" index="0" bw="512" slack="0"/>
<pin id="1201" dir="1" index="1" bw="16" slack="0"/>
</pin_list>
<bind>
<opcode="extractvalue(56) " fcode="extractvalue"/>
<opset="layer5_out_16/61 "/>
</bind>
</comp>

<comp id="1204" class="1004" name="layer5_out_17_fu_1204">
<pin_list>
<pin id="1205" dir="0" index="0" bw="512" slack="0"/>
<pin id="1206" dir="1" index="1" bw="16" slack="0"/>
</pin_list>
<bind>
<opcode="extractvalue(56) " fcode="extractvalue"/>
<opset="layer5_out_17/61 "/>
</bind>
</comp>

<comp id="1209" class="1004" name="layer5_out_18_fu_1209">
<pin_list>
<pin id="1210" dir="0" index="0" bw="512" slack="0"/>
<pin id="1211" dir="1" index="1" bw="16" slack="0"/>
</pin_list>
<bind>
<opcode="extractvalue(56) " fcode="extractvalue"/>
<opset="layer5_out_18/61 "/>
</bind>
</comp>

<comp id="1214" class="1004" name="layer5_out_19_fu_1214">
<pin_list>
<pin id="1215" dir="0" index="0" bw="512" slack="0"/>
<pin id="1216" dir="1" index="1" bw="16" slack="0"/>
</pin_list>
<bind>
<opcode="extractvalue(56) " fcode="extractvalue"/>
<opset="layer5_out_19/61 "/>
</bind>
</comp>

<comp id="1219" class="1004" name="layer5_out_20_fu_1219">
<pin_list>
<pin id="1220" dir="0" index="0" bw="512" slack="0"/>
<pin id="1221" dir="1" index="1" bw="16" slack="0"/>
</pin_list>
<bind>
<opcode="extractvalue(56) " fcode="extractvalue"/>
<opset="layer5_out_20/61 "/>
</bind>
</comp>

<comp id="1224" class="1004" name="layer5_out_21_fu_1224">
<pin_list>
<pin id="1225" dir="0" index="0" bw="512" slack="0"/>
<pin id="1226" dir="1" index="1" bw="16" slack="0"/>
</pin_list>
<bind>
<opcode="extractvalue(56) " fcode="extractvalue"/>
<opset="layer5_out_21/61 "/>
</bind>
</comp>

<comp id="1229" class="1004" name="layer5_out_22_fu_1229">
<pin_list>
<pin id="1230" dir="0" index="0" bw="512" slack="0"/>
<pin id="1231" dir="1" index="1" bw="16" slack="0"/>
</pin_list>
<bind>
<opcode="extractvalue(56) " fcode="extractvalue"/>
<opset="layer5_out_22/61 "/>
</bind>
</comp>

<comp id="1234" class="1004" name="layer5_out_23_fu_1234">
<pin_list>
<pin id="1235" dir="0" index="0" bw="512" slack="0"/>
<pin id="1236" dir="1" index="1" bw="16" slack="0"/>
</pin_list>
<bind>
<opcode="extractvalue(56) " fcode="extractvalue"/>
<opset="layer5_out_23/61 "/>
</bind>
</comp>

<comp id="1239" class="1004" name="layer5_out_24_fu_1239">
<pin_list>
<pin id="1240" dir="0" index="0" bw="512" slack="0"/>
<pin id="1241" dir="1" index="1" bw="16" slack="0"/>
</pin_list>
<bind>
<opcode="extractvalue(56) " fcode="extractvalue"/>
<opset="layer5_out_24/61 "/>
</bind>
</comp>

<comp id="1244" class="1004" name="layer5_out_25_fu_1244">
<pin_list>
<pin id="1245" dir="0" index="0" bw="512" slack="0"/>
<pin id="1246" dir="1" index="1" bw="16" slack="0"/>
</pin_list>
<bind>
<opcode="extractvalue(56) " fcode="extractvalue"/>
<opset="layer5_out_25/61 "/>
</bind>
</comp>

<comp id="1249" class="1004" name="layer5_out_26_fu_1249">
<pin_list>
<pin id="1250" dir="0" index="0" bw="512" slack="0"/>
<pin id="1251" dir="1" index="1" bw="16" slack="0"/>
</pin_list>
<bind>
<opcode="extractvalue(56) " fcode="extractvalue"/>
<opset="layer5_out_26/61 "/>
</bind>
</comp>

<comp id="1254" class="1004" name="layer5_out_27_fu_1254">
<pin_list>
<pin id="1255" dir="0" index="0" bw="512" slack="0"/>
<pin id="1256" dir="1" index="1" bw="16" slack="0"/>
</pin_list>
<bind>
<opcode="extractvalue(56) " fcode="extractvalue"/>
<opset="layer5_out_27/61 "/>
</bind>
</comp>

<comp id="1259" class="1004" name="layer5_out_28_fu_1259">
<pin_list>
<pin id="1260" dir="0" index="0" bw="512" slack="0"/>
<pin id="1261" dir="1" index="1" bw="16" slack="0"/>
</pin_list>
<bind>
<opcode="extractvalue(56) " fcode="extractvalue"/>
<opset="layer5_out_28/61 "/>
</bind>
</comp>

<comp id="1264" class="1004" name="layer5_out_29_fu_1264">
<pin_list>
<pin id="1265" dir="0" index="0" bw="512" slack="0"/>
<pin id="1266" dir="1" index="1" bw="16" slack="0"/>
</pin_list>
<bind>
<opcode="extractvalue(56) " fcode="extractvalue"/>
<opset="layer5_out_29/61 "/>
</bind>
</comp>

<comp id="1269" class="1004" name="layer5_out_30_fu_1269">
<pin_list>
<pin id="1270" dir="0" index="0" bw="512" slack="0"/>
<pin id="1271" dir="1" index="1" bw="16" slack="0"/>
</pin_list>
<bind>
<opcode="extractvalue(56) " fcode="extractvalue"/>
<opset="layer5_out_30/61 "/>
</bind>
</comp>

<comp id="1274" class="1004" name="layer5_out_31_fu_1274">
<pin_list>
<pin id="1275" dir="0" index="0" bw="512" slack="0"/>
<pin id="1276" dir="1" index="1" bw="16" slack="0"/>
</pin_list>
<bind>
<opcode="extractvalue(56) " fcode="extractvalue"/>
<opset="layer5_out_31/61 "/>
</bind>
</comp>

<comp id="1279" class="1004" name="layer6_out_fu_1279">
<pin_list>
<pin id="1280" dir="0" index="0" bw="512" slack="0"/>
<pin id="1281" dir="1" index="1" bw="32" slack="0"/>
</pin_list>
<bind>
<opcode="extractvalue(56) " fcode="extractvalue"/>
<opset="layer6_out/91 "/>
</bind>
</comp>

<comp id="1284" class="1004" name="layer6_out_1_fu_1284">
<pin_list>
<pin id="1285" dir="0" index="0" bw="512" slack="0"/>
<pin id="1286" dir="1" index="1" bw="32" slack="0"/>
</pin_list>
<bind>
<opcode="extractvalue(56) " fcode="extractvalue"/>
<opset="layer6_out_1/91 "/>
</bind>
</comp>

<comp id="1289" class="1004" name="layer6_out_2_fu_1289">
<pin_list>
<pin id="1290" dir="0" index="0" bw="512" slack="0"/>
<pin id="1291" dir="1" index="1" bw="32" slack="0"/>
</pin_list>
<bind>
<opcode="extractvalue(56) " fcode="extractvalue"/>
<opset="layer6_out_2/91 "/>
</bind>
</comp>

<comp id="1294" class="1004" name="layer6_out_3_fu_1294">
<pin_list>
<pin id="1295" dir="0" index="0" bw="512" slack="0"/>
<pin id="1296" dir="1" index="1" bw="32" slack="0"/>
</pin_list>
<bind>
<opcode="extractvalue(56) " fcode="extractvalue"/>
<opset="layer6_out_3/91 "/>
</bind>
</comp>

<comp id="1299" class="1004" name="layer6_out_4_fu_1299">
<pin_list>
<pin id="1300" dir="0" index="0" bw="512" slack="0"/>
<pin id="1301" dir="1" index="1" bw="32" slack="0"/>
</pin_list>
<bind>
<opcode="extractvalue(56) " fcode="extractvalue"/>
<opset="layer6_out_4/91 "/>
</bind>
</comp>

<comp id="1304" class="1004" name="layer6_out_5_fu_1304">
<pin_list>
<pin id="1305" dir="0" index="0" bw="512" slack="0"/>
<pin id="1306" dir="1" index="1" bw="32" slack="0"/>
</pin_list>
<bind>
<opcode="extractvalue(56) " fcode="extractvalue"/>
<opset="layer6_out_5/91 "/>
</bind>
</comp>

<comp id="1309" class="1004" name="layer6_out_6_fu_1309">
<pin_list>
<pin id="1310" dir="0" index="0" bw="512" slack="0"/>
<pin id="1311" dir="1" index="1" bw="32" slack="0"/>
</pin_list>
<bind>
<opcode="extractvalue(56) " fcode="extractvalue"/>
<opset="layer6_out_6/91 "/>
</bind>
</comp>

<comp id="1314" class="1004" name="layer6_out_7_fu_1314">
<pin_list>
<pin id="1315" dir="0" index="0" bw="512" slack="0"/>
<pin id="1316" dir="1" index="1" bw="32" slack="0"/>
</pin_list>
<bind>
<opcode="extractvalue(56) " fcode="extractvalue"/>
<opset="layer6_out_7/91 "/>
</bind>
</comp>

<comp id="1319" class="1004" name="layer6_out_8_fu_1319">
<pin_list>
<pin id="1320" dir="0" index="0" bw="512" slack="0"/>
<pin id="1321" dir="1" index="1" bw="32" slack="0"/>
</pin_list>
<bind>
<opcode="extractvalue(56) " fcode="extractvalue"/>
<opset="layer6_out_8/91 "/>
</bind>
</comp>

<comp id="1324" class="1004" name="layer6_out_9_fu_1324">
<pin_list>
<pin id="1325" dir="0" index="0" bw="512" slack="0"/>
<pin id="1326" dir="1" index="1" bw="32" slack="0"/>
</pin_list>
<bind>
<opcode="extractvalue(56) " fcode="extractvalue"/>
<opset="layer6_out_9/91 "/>
</bind>
</comp>

<comp id="1329" class="1004" name="layer6_out_10_fu_1329">
<pin_list>
<pin id="1330" dir="0" index="0" bw="512" slack="0"/>
<pin id="1331" dir="1" index="1" bw="32" slack="0"/>
</pin_list>
<bind>
<opcode="extractvalue(56) " fcode="extractvalue"/>
<opset="layer6_out_10/91 "/>
</bind>
</comp>

<comp id="1334" class="1004" name="layer6_out_11_fu_1334">
<pin_list>
<pin id="1335" dir="0" index="0" bw="512" slack="0"/>
<pin id="1336" dir="1" index="1" bw="32" slack="0"/>
</pin_list>
<bind>
<opcode="extractvalue(56) " fcode="extractvalue"/>
<opset="layer6_out_11/91 "/>
</bind>
</comp>

<comp id="1339" class="1004" name="layer6_out_12_fu_1339">
<pin_list>
<pin id="1340" dir="0" index="0" bw="512" slack="0"/>
<pin id="1341" dir="1" index="1" bw="32" slack="0"/>
</pin_list>
<bind>
<opcode="extractvalue(56) " fcode="extractvalue"/>
<opset="layer6_out_12/91 "/>
</bind>
</comp>

<comp id="1344" class="1004" name="layer6_out_13_fu_1344">
<pin_list>
<pin id="1345" dir="0" index="0" bw="512" slack="0"/>
<pin id="1346" dir="1" index="1" bw="32" slack="0"/>
</pin_list>
<bind>
<opcode="extractvalue(56) " fcode="extractvalue"/>
<opset="layer6_out_13/91 "/>
</bind>
</comp>

<comp id="1349" class="1004" name="layer6_out_14_fu_1349">
<pin_list>
<pin id="1350" dir="0" index="0" bw="512" slack="0"/>
<pin id="1351" dir="1" index="1" bw="32" slack="0"/>
</pin_list>
<bind>
<opcode="extractvalue(56) " fcode="extractvalue"/>
<opset="layer6_out_14/91 "/>
</bind>
</comp>

<comp id="1354" class="1004" name="layer6_out_15_fu_1354">
<pin_list>
<pin id="1355" dir="0" index="0" bw="512" slack="0"/>
<pin id="1356" dir="1" index="1" bw="32" slack="0"/>
</pin_list>
<bind>
<opcode="extractvalue(56) " fcode="extractvalue"/>
<opset="layer6_out_15/91 "/>
</bind>
</comp>

<comp id="1359" class="1004" name="layer7_out_fu_1359">
<pin_list>
<pin id="1360" dir="0" index="0" bw="256" slack="0"/>
<pin id="1361" dir="1" index="1" bw="16" slack="0"/>
</pin_list>
<bind>
<opcode="extractvalue(56) " fcode="extractvalue"/>
<opset="layer7_out/91 "/>
</bind>
</comp>

<comp id="1364" class="1004" name="layer7_out_1_fu_1364">
<pin_list>
<pin id="1365" dir="0" index="0" bw="256" slack="0"/>
<pin id="1366" dir="1" index="1" bw="16" slack="0"/>
</pin_list>
<bind>
<opcode="extractvalue(56) " fcode="extractvalue"/>
<opset="layer7_out_1/91 "/>
</bind>
</comp>

<comp id="1369" class="1004" name="layer7_out_2_fu_1369">
<pin_list>
<pin id="1370" dir="0" index="0" bw="256" slack="0"/>
<pin id="1371" dir="1" index="1" bw="16" slack="0"/>
</pin_list>
<bind>
<opcode="extractvalue(56) " fcode="extractvalue"/>
<opset="layer7_out_2/91 "/>
</bind>
</comp>

<comp id="1374" class="1004" name="layer7_out_3_fu_1374">
<pin_list>
<pin id="1375" dir="0" index="0" bw="256" slack="0"/>
<pin id="1376" dir="1" index="1" bw="16" slack="0"/>
</pin_list>
<bind>
<opcode="extractvalue(56) " fcode="extractvalue"/>
<opset="layer7_out_3/91 "/>
</bind>
</comp>

<comp id="1379" class="1004" name="layer7_out_4_fu_1379">
<pin_list>
<pin id="1380" dir="0" index="0" bw="256" slack="0"/>
<pin id="1381" dir="1" index="1" bw="16" slack="0"/>
</pin_list>
<bind>
<opcode="extractvalue(56) " fcode="extractvalue"/>
<opset="layer7_out_4/91 "/>
</bind>
</comp>

<comp id="1384" class="1004" name="layer7_out_5_fu_1384">
<pin_list>
<pin id="1385" dir="0" index="0" bw="256" slack="0"/>
<pin id="1386" dir="1" index="1" bw="16" slack="0"/>
</pin_list>
<bind>
<opcode="extractvalue(56) " fcode="extractvalue"/>
<opset="layer7_out_5/91 "/>
</bind>
</comp>

<comp id="1389" class="1004" name="layer7_out_6_fu_1389">
<pin_list>
<pin id="1390" dir="0" index="0" bw="256" slack="0"/>
<pin id="1391" dir="1" index="1" bw="16" slack="0"/>
</pin_list>
<bind>
<opcode="extractvalue(56) " fcode="extractvalue"/>
<opset="layer7_out_6/91 "/>
</bind>
</comp>

<comp id="1394" class="1004" name="layer7_out_7_fu_1394">
<pin_list>
<pin id="1395" dir="0" index="0" bw="256" slack="0"/>
<pin id="1396" dir="1" index="1" bw="16" slack="0"/>
</pin_list>
<bind>
<opcode="extractvalue(56) " fcode="extractvalue"/>
<opset="layer7_out_7/91 "/>
</bind>
</comp>

<comp id="1399" class="1004" name="layer7_out_8_fu_1399">
<pin_list>
<pin id="1400" dir="0" index="0" bw="256" slack="0"/>
<pin id="1401" dir="1" index="1" bw="16" slack="0"/>
</pin_list>
<bind>
<opcode="extractvalue(56) " fcode="extractvalue"/>
<opset="layer7_out_8/91 "/>
</bind>
</comp>

<comp id="1404" class="1004" name="layer7_out_9_fu_1404">
<pin_list>
<pin id="1405" dir="0" index="0" bw="256" slack="0"/>
<pin id="1406" dir="1" index="1" bw="16" slack="0"/>
</pin_list>
<bind>
<opcode="extractvalue(56) " fcode="extractvalue"/>
<opset="layer7_out_9/91 "/>
</bind>
</comp>

<comp id="1409" class="1004" name="layer7_out_10_fu_1409">
<pin_list>
<pin id="1410" dir="0" index="0" bw="256" slack="0"/>
<pin id="1411" dir="1" index="1" bw="16" slack="0"/>
</pin_list>
<bind>
<opcode="extractvalue(56) " fcode="extractvalue"/>
<opset="layer7_out_10/91 "/>
</bind>
</comp>

<comp id="1414" class="1004" name="layer7_out_11_fu_1414">
<pin_list>
<pin id="1415" dir="0" index="0" bw="256" slack="0"/>
<pin id="1416" dir="1" index="1" bw="16" slack="0"/>
</pin_list>
<bind>
<opcode="extractvalue(56) " fcode="extractvalue"/>
<opset="layer7_out_11/91 "/>
</bind>
</comp>

<comp id="1419" class="1004" name="layer7_out_12_fu_1419">
<pin_list>
<pin id="1420" dir="0" index="0" bw="256" slack="0"/>
<pin id="1421" dir="1" index="1" bw="16" slack="0"/>
</pin_list>
<bind>
<opcode="extractvalue(56) " fcode="extractvalue"/>
<opset="layer7_out_12/91 "/>
</bind>
</comp>

<comp id="1424" class="1004" name="layer7_out_13_fu_1424">
<pin_list>
<pin id="1425" dir="0" index="0" bw="256" slack="0"/>
<pin id="1426" dir="1" index="1" bw="16" slack="0"/>
</pin_list>
<bind>
<opcode="extractvalue(56) " fcode="extractvalue"/>
<opset="layer7_out_13/91 "/>
</bind>
</comp>

<comp id="1429" class="1004" name="layer7_out_14_fu_1429">
<pin_list>
<pin id="1430" dir="0" index="0" bw="256" slack="0"/>
<pin id="1431" dir="1" index="1" bw="16" slack="0"/>
</pin_list>
<bind>
<opcode="extractvalue(56) " fcode="extractvalue"/>
<opset="layer7_out_14/91 "/>
</bind>
</comp>

<comp id="1434" class="1004" name="layer7_out_15_fu_1434">
<pin_list>
<pin id="1435" dir="0" index="0" bw="256" slack="0"/>
<pin id="1436" dir="1" index="1" bw="16" slack="0"/>
</pin_list>
<bind>
<opcode="extractvalue(56) " fcode="extractvalue"/>
<opset="layer7_out_15/91 "/>
</bind>
</comp>

<comp id="1439" class="1004" name="zext_ln66_fu_1439">
<pin_list>
<pin id="1440" dir="0" index="0" bw="10" slack="0"/>
<pin id="1441" dir="1" index="1" bw="16" slack="0"/>
</pin_list>
<bind>
<opcode="zext(34) " fcode="zext"/>
<opset="zext_ln66/106 "/>
</bind>
</comp>

<comp id="1444" class="1005" name="layer3_out_3_reg_1444">
<pin_list>
<pin id="1445" dir="0" index="0" bw="16" slack="1"/>
<pin id="1446" dir="1" index="1" bw="16" slack="1"/>
</pin_list>
<bind>
<opset="layer3_out_3 "/>
</bind>
</comp>

<comp id="1449" class="1005" name="layer3_out_4_reg_1449">
<pin_list>
<pin id="1450" dir="0" index="0" bw="16" slack="1"/>
<pin id="1451" dir="1" index="1" bw="16" slack="1"/>
</pin_list>
<bind>
<opset="layer3_out_4 "/>
</bind>
</comp>

<comp id="1454" class="1005" name="layer3_out_5_reg_1454">
<pin_list>
<pin id="1455" dir="0" index="0" bw="16" slack="1"/>
<pin id="1456" dir="1" index="1" bw="16" slack="1"/>
</pin_list>
<bind>
<opset="layer3_out_5 "/>
</bind>
</comp>

<comp id="1459" class="1005" name="layer3_out_6_reg_1459">
<pin_list>
<pin id="1460" dir="0" index="0" bw="16" slack="1"/>
<pin id="1461" dir="1" index="1" bw="16" slack="1"/>
</pin_list>
<bind>
<opset="layer3_out_6 "/>
</bind>
</comp>

<comp id="1464" class="1005" name="layer3_out_7_reg_1464">
<pin_list>
<pin id="1465" dir="0" index="0" bw="16" slack="1"/>
<pin id="1466" dir="1" index="1" bw="16" slack="1"/>
</pin_list>
<bind>
<opset="layer3_out_7 "/>
</bind>
</comp>

<comp id="1469" class="1005" name="layer3_out_8_reg_1469">
<pin_list>
<pin id="1470" dir="0" index="0" bw="16" slack="1"/>
<pin id="1471" dir="1" index="1" bw="16" slack="1"/>
</pin_list>
<bind>
<opset="layer3_out_8 "/>
</bind>
</comp>

<comp id="1474" class="1005" name="layer3_out_9_reg_1474">
<pin_list>
<pin id="1475" dir="0" index="0" bw="16" slack="1"/>
<pin id="1476" dir="1" index="1" bw="16" slack="1"/>
</pin_list>
<bind>
<opset="layer3_out_9 "/>
</bind>
</comp>

<comp id="1479" class="1005" name="layer3_out_10_reg_1479">
<pin_list>
<pin id="1480" dir="0" index="0" bw="16" slack="1"/>
<pin id="1481" dir="1" index="1" bw="16" slack="1"/>
</pin_list>
<bind>
<opset="layer3_out_10 "/>
</bind>
</comp>

<comp id="1484" class="1005" name="layer3_out_11_reg_1484">
<pin_list>
<pin id="1485" dir="0" index="0" bw="16" slack="1"/>
<pin id="1486" dir="1" index="1" bw="16" slack="1"/>
</pin_list>
<bind>
<opset="layer3_out_11 "/>
</bind>
</comp>

<comp id="1489" class="1005" name="layer3_out_12_reg_1489">
<pin_list>
<pin id="1490" dir="0" index="0" bw="16" slack="1"/>
<pin id="1491" dir="1" index="1" bw="16" slack="1"/>
</pin_list>
<bind>
<opset="layer3_out_12 "/>
</bind>
</comp>

<comp id="1494" class="1005" name="layer3_out_13_reg_1494">
<pin_list>
<pin id="1495" dir="0" index="0" bw="16" slack="1"/>
<pin id="1496" dir="1" index="1" bw="16" slack="1"/>
</pin_list>
<bind>
<opset="layer3_out_13 "/>
</bind>
</comp>

<comp id="1499" class="1005" name="layer3_out_14_reg_1499">
<pin_list>
<pin id="1500" dir="0" index="0" bw="16" slack="1"/>
<pin id="1501" dir="1" index="1" bw="16" slack="1"/>
</pin_list>
<bind>
<opset="layer3_out_14 "/>
</bind>
</comp>

<comp id="1504" class="1005" name="layer3_out_15_reg_1504">
<pin_list>
<pin id="1505" dir="0" index="0" bw="16" slack="1"/>
<pin id="1506" dir="1" index="1" bw="16" slack="1"/>
</pin_list>
<bind>
<opset="layer3_out_15 "/>
</bind>
</comp>

<comp id="1509" class="1005" name="layer3_out_16_reg_1509">
<pin_list>
<pin id="1510" dir="0" index="0" bw="16" slack="1"/>
<pin id="1511" dir="1" index="1" bw="16" slack="1"/>
</pin_list>
<bind>
<opset="layer3_out_16 "/>
</bind>
</comp>

<comp id="1514" class="1005" name="layer3_out_17_reg_1514">
<pin_list>
<pin id="1515" dir="0" index="0" bw="16" slack="1"/>
<pin id="1516" dir="1" index="1" bw="16" slack="1"/>
</pin_list>
<bind>
<opset="layer3_out_17 "/>
</bind>
</comp>

<comp id="1519" class="1005" name="layer3_out_18_reg_1519">
<pin_list>
<pin id="1520" dir="0" index="0" bw="16" slack="1"/>
<pin id="1521" dir="1" index="1" bw="16" slack="1"/>
</pin_list>
<bind>
<opset="layer3_out_18 "/>
</bind>
</comp>

<comp id="1524" class="1005" name="layer3_out_19_reg_1524">
<pin_list>
<pin id="1525" dir="0" index="0" bw="16" slack="1"/>
<pin id="1526" dir="1" index="1" bw="16" slack="1"/>
</pin_list>
<bind>
<opset="layer3_out_19 "/>
</bind>
</comp>

<comp id="1529" class="1005" name="layer3_out_20_reg_1529">
<pin_list>
<pin id="1530" dir="0" index="0" bw="16" slack="1"/>
<pin id="1531" dir="1" index="1" bw="16" slack="1"/>
</pin_list>
<bind>
<opset="layer3_out_20 "/>
</bind>
</comp>

<comp id="1534" class="1005" name="layer3_out_21_reg_1534">
<pin_list>
<pin id="1535" dir="0" index="0" bw="16" slack="1"/>
<pin id="1536" dir="1" index="1" bw="16" slack="1"/>
</pin_list>
<bind>
<opset="layer3_out_21 "/>
</bind>
</comp>

<comp id="1539" class="1005" name="layer3_out_22_reg_1539">
<pin_list>
<pin id="1540" dir="0" index="0" bw="16" slack="1"/>
<pin id="1541" dir="1" index="1" bw="16" slack="1"/>
</pin_list>
<bind>
<opset="layer3_out_22 "/>
</bind>
</comp>

<comp id="1544" class="1005" name="layer3_out_23_reg_1544">
<pin_list>
<pin id="1545" dir="0" index="0" bw="16" slack="1"/>
<pin id="1546" dir="1" index="1" bw="16" slack="1"/>
</pin_list>
<bind>
<opset="layer3_out_23 "/>
</bind>
</comp>

<comp id="1549" class="1005" name="layer3_out_24_reg_1549">
<pin_list>
<pin id="1550" dir="0" index="0" bw="16" slack="1"/>
<pin id="1551" dir="1" index="1" bw="16" slack="1"/>
</pin_list>
<bind>
<opset="layer3_out_24 "/>
</bind>
</comp>

<comp id="1554" class="1005" name="layer3_out_25_reg_1554">
<pin_list>
<pin id="1555" dir="0" index="0" bw="16" slack="1"/>
<pin id="1556" dir="1" index="1" bw="16" slack="1"/>
</pin_list>
<bind>
<opset="layer3_out_25 "/>
</bind>
</comp>

<comp id="1559" class="1005" name="layer3_out_26_reg_1559">
<pin_list>
<pin id="1560" dir="0" index="0" bw="16" slack="1"/>
<pin id="1561" dir="1" index="1" bw="16" slack="1"/>
</pin_list>
<bind>
<opset="layer3_out_26 "/>
</bind>
</comp>

<comp id="1564" class="1005" name="layer3_out_27_reg_1564">
<pin_list>
<pin id="1565" dir="0" index="0" bw="16" slack="1"/>
<pin id="1566" dir="1" index="1" bw="16" slack="1"/>
</pin_list>
<bind>
<opset="layer3_out_27 "/>
</bind>
</comp>

<comp id="1569" class="1005" name="layer3_out_28_reg_1569">
<pin_list>
<pin id="1570" dir="0" index="0" bw="16" slack="1"/>
<pin id="1571" dir="1" index="1" bw="16" slack="1"/>
</pin_list>
<bind>
<opset="layer3_out_28 "/>
</bind>
</comp>

<comp id="1574" class="1005" name="layer3_out_29_reg_1574">
<pin_list>
<pin id="1575" dir="0" index="0" bw="16" slack="1"/>
<pin id="1576" dir="1" index="1" bw="16" slack="1"/>
</pin_list>
<bind>
<opset="layer3_out_29 "/>
</bind>
</comp>

<comp id="1579" class="1005" name="layer3_out_30_reg_1579">
<pin_list>
<pin id="1580" dir="0" index="0" bw="16" slack="1"/>
<pin id="1581" dir="1" index="1" bw="16" slack="1"/>
</pin_list>
<bind>
<opset="layer3_out_30 "/>
</bind>
</comp>

<comp id="1584" class="1005" name="layer3_out_31_reg_1584">
<pin_list>
<pin id="1585" dir="0" index="0" bw="16" slack="1"/>
<pin id="1586" dir="1" index="1" bw="16" slack="1"/>
</pin_list>
<bind>
<opset="layer3_out_31 "/>
</bind>
</comp>

<comp id="1589" class="1005" name="layer3_out_32_reg_1589">
<pin_list>
<pin id="1590" dir="0" index="0" bw="16" slack="1"/>
<pin id="1591" dir="1" index="1" bw="16" slack="1"/>
</pin_list>
<bind>
<opset="layer3_out_32 "/>
</bind>
</comp>

<comp id="1594" class="1005" name="layer3_out_33_reg_1594">
<pin_list>
<pin id="1595" dir="0" index="0" bw="16" slack="1"/>
<pin id="1596" dir="1" index="1" bw="16" slack="1"/>
</pin_list>
<bind>
<opset="layer3_out_33 "/>
</bind>
</comp>

<comp id="1599" class="1005" name="layer3_out_34_reg_1599">
<pin_list>
<pin id="1600" dir="0" index="0" bw="16" slack="1"/>
<pin id="1601" dir="1" index="1" bw="16" slack="1"/>
</pin_list>
<bind>
<opset="layer3_out_34 "/>
</bind>
</comp>

<comp id="1604" class="1005" name="layer3_out_35_reg_1604">
<pin_list>
<pin id="1605" dir="0" index="0" bw="16" slack="1"/>
<pin id="1606" dir="1" index="1" bw="16" slack="1"/>
</pin_list>
<bind>
<opset="layer3_out_35 "/>
</bind>
</comp>

<comp id="1609" class="1005" name="layer3_out_36_reg_1609">
<pin_list>
<pin id="1610" dir="0" index="0" bw="16" slack="1"/>
<pin id="1611" dir="1" index="1" bw="16" slack="1"/>
</pin_list>
<bind>
<opset="layer3_out_36 "/>
</bind>
</comp>

<comp id="1614" class="1005" name="layer3_out_37_reg_1614">
<pin_list>
<pin id="1615" dir="0" index="0" bw="16" slack="1"/>
<pin id="1616" dir="1" index="1" bw="16" slack="1"/>
</pin_list>
<bind>
<opset="layer3_out_37 "/>
</bind>
</comp>

<comp id="1619" class="1005" name="layer3_out_38_reg_1619">
<pin_list>
<pin id="1620" dir="0" index="0" bw="16" slack="1"/>
<pin id="1621" dir="1" index="1" bw="16" slack="1"/>
</pin_list>
<bind>
<opset="layer3_out_38 "/>
</bind>
</comp>

<comp id="1624" class="1005" name="layer3_out_39_reg_1624">
<pin_list>
<pin id="1625" dir="0" index="0" bw="16" slack="1"/>
<pin id="1626" dir="1" index="1" bw="16" slack="1"/>
</pin_list>
<bind>
<opset="layer3_out_39 "/>
</bind>
</comp>

<comp id="1629" class="1005" name="layer3_out_40_reg_1629">
<pin_list>
<pin id="1630" dir="0" index="0" bw="16" slack="1"/>
<pin id="1631" dir="1" index="1" bw="16" slack="1"/>
</pin_list>
<bind>
<opset="layer3_out_40 "/>
</bind>
</comp>

<comp id="1634" class="1005" name="layer3_out_41_reg_1634">
<pin_list>
<pin id="1635" dir="0" index="0" bw="16" slack="1"/>
<pin id="1636" dir="1" index="1" bw="16" slack="1"/>
</pin_list>
<bind>
<opset="layer3_out_41 "/>
</bind>
</comp>

<comp id="1639" class="1005" name="layer3_out_42_reg_1639">
<pin_list>
<pin id="1640" dir="0" index="0" bw="16" slack="1"/>
<pin id="1641" dir="1" index="1" bw="16" slack="1"/>
</pin_list>
<bind>
<opset="layer3_out_42 "/>
</bind>
</comp>

<comp id="1644" class="1005" name="layer3_out_43_reg_1644">
<pin_list>
<pin id="1645" dir="0" index="0" bw="16" slack="1"/>
<pin id="1646" dir="1" index="1" bw="16" slack="1"/>
</pin_list>
<bind>
<opset="layer3_out_43 "/>
</bind>
</comp>

<comp id="1649" class="1005" name="layer3_out_44_reg_1649">
<pin_list>
<pin id="1650" dir="0" index="0" bw="16" slack="1"/>
<pin id="1651" dir="1" index="1" bw="16" slack="1"/>
</pin_list>
<bind>
<opset="layer3_out_44 "/>
</bind>
</comp>

<comp id="1654" class="1005" name="layer3_out_45_reg_1654">
<pin_list>
<pin id="1655" dir="0" index="0" bw="16" slack="1"/>
<pin id="1656" dir="1" index="1" bw="16" slack="1"/>
</pin_list>
<bind>
<opset="layer3_out_45 "/>
</bind>
</comp>

<comp id="1659" class="1005" name="layer3_out_46_reg_1659">
<pin_list>
<pin id="1660" dir="0" index="0" bw="16" slack="1"/>
<pin id="1661" dir="1" index="1" bw="16" slack="1"/>
</pin_list>
<bind>
<opset="layer3_out_46 "/>
</bind>
</comp>

<comp id="1664" class="1005" name="layer3_out_47_reg_1664">
<pin_list>
<pin id="1665" dir="0" index="0" bw="16" slack="1"/>
<pin id="1666" dir="1" index="1" bw="16" slack="1"/>
</pin_list>
<bind>
<opset="layer3_out_47 "/>
</bind>
</comp>

<comp id="1669" class="1005" name="layer3_out_48_reg_1669">
<pin_list>
<pin id="1670" dir="0" index="0" bw="16" slack="1"/>
<pin id="1671" dir="1" index="1" bw="16" slack="1"/>
</pin_list>
<bind>
<opset="layer3_out_48 "/>
</bind>
</comp>

<comp id="1674" class="1005" name="layer3_out_49_reg_1674">
<pin_list>
<pin id="1675" dir="0" index="0" bw="16" slack="1"/>
<pin id="1676" dir="1" index="1" bw="16" slack="1"/>
</pin_list>
<bind>
<opset="layer3_out_49 "/>
</bind>
</comp>

<comp id="1679" class="1005" name="layer3_out_50_reg_1679">
<pin_list>
<pin id="1680" dir="0" index="0" bw="16" slack="1"/>
<pin id="1681" dir="1" index="1" bw="16" slack="1"/>
</pin_list>
<bind>
<opset="layer3_out_50 "/>
</bind>
</comp>

<comp id="1684" class="1005" name="layer3_out_51_reg_1684">
<pin_list>
<pin id="1685" dir="0" index="0" bw="16" slack="1"/>
<pin id="1686" dir="1" index="1" bw="16" slack="1"/>
</pin_list>
<bind>
<opset="layer3_out_51 "/>
</bind>
</comp>

<comp id="1689" class="1005" name="layer3_out_52_reg_1689">
<pin_list>
<pin id="1690" dir="0" index="0" bw="16" slack="1"/>
<pin id="1691" dir="1" index="1" bw="16" slack="1"/>
</pin_list>
<bind>
<opset="layer3_out_52 "/>
</bind>
</comp>

<comp id="1694" class="1005" name="layer3_out_53_reg_1694">
<pin_list>
<pin id="1695" dir="0" index="0" bw="16" slack="1"/>
<pin id="1696" dir="1" index="1" bw="16" slack="1"/>
</pin_list>
<bind>
<opset="layer3_out_53 "/>
</bind>
</comp>

<comp id="1699" class="1005" name="layer3_out_54_reg_1699">
<pin_list>
<pin id="1700" dir="0" index="0" bw="16" slack="1"/>
<pin id="1701" dir="1" index="1" bw="16" slack="1"/>
</pin_list>
<bind>
<opset="layer3_out_54 "/>
</bind>
</comp>

<comp id="1704" class="1005" name="layer3_out_55_reg_1704">
<pin_list>
<pin id="1705" dir="0" index="0" bw="16" slack="1"/>
<pin id="1706" dir="1" index="1" bw="16" slack="1"/>
</pin_list>
<bind>
<opset="layer3_out_55 "/>
</bind>
</comp>

<comp id="1709" class="1005" name="layer3_out_56_reg_1709">
<pin_list>
<pin id="1710" dir="0" index="0" bw="16" slack="1"/>
<pin id="1711" dir="1" index="1" bw="16" slack="1"/>
</pin_list>
<bind>
<opset="layer3_out_56 "/>
</bind>
</comp>

<comp id="1714" class="1005" name="layer3_out_57_reg_1714">
<pin_list>
<pin id="1715" dir="0" index="0" bw="16" slack="1"/>
<pin id="1716" dir="1" index="1" bw="16" slack="1"/>
</pin_list>
<bind>
<opset="layer3_out_57 "/>
</bind>
</comp>

<comp id="1719" class="1005" name="layer3_out_58_reg_1719">
<pin_list>
<pin id="1720" dir="0" index="0" bw="16" slack="1"/>
<pin id="1721" dir="1" index="1" bw="16" slack="1"/>
</pin_list>
<bind>
<opset="layer3_out_58 "/>
</bind>
</comp>

<comp id="1724" class="1005" name="layer3_out_59_reg_1724">
<pin_list>
<pin id="1725" dir="0" index="0" bw="16" slack="1"/>
<pin id="1726" dir="1" index="1" bw="16" slack="1"/>
</pin_list>
<bind>
<opset="layer3_out_59 "/>
</bind>
</comp>

<comp id="1729" class="1005" name="layer3_out_60_reg_1729">
<pin_list>
<pin id="1730" dir="0" index="0" bw="16" slack="1"/>
<pin id="1731" dir="1" index="1" bw="16" slack="1"/>
</pin_list>
<bind>
<opset="layer3_out_60 "/>
</bind>
</comp>

<comp id="1734" class="1005" name="layer3_out_61_reg_1734">
<pin_list>
<pin id="1735" dir="0" index="0" bw="16" slack="1"/>
<pin id="1736" dir="1" index="1" bw="16" slack="1"/>
</pin_list>
<bind>
<opset="layer3_out_61 "/>
</bind>
</comp>

<comp id="1739" class="1005" name="layer3_out_62_reg_1739">
<pin_list>
<pin id="1740" dir="0" index="0" bw="16" slack="1"/>
<pin id="1741" dir="1" index="1" bw="16" slack="1"/>
</pin_list>
<bind>
<opset="layer3_out_62 "/>
</bind>
</comp>

<comp id="1744" class="1005" name="layer3_out_63_reg_1744">
<pin_list>
<pin id="1745" dir="0" index="0" bw="16" slack="1"/>
<pin id="1746" dir="1" index="1" bw="16" slack="1"/>
</pin_list>
<bind>
<opset="layer3_out_63 "/>
</bind>
</comp>

<comp id="1749" class="1005" name="layer5_out_1_reg_1749">
<pin_list>
<pin id="1750" dir="0" index="0" bw="16" slack="1"/>
<pin id="1751" dir="1" index="1" bw="16" slack="1"/>
</pin_list>
<bind>
<opset="layer5_out_1 "/>
</bind>
</comp>

<comp id="1754" class="1005" name="layer5_out_2_reg_1754">
<pin_list>
<pin id="1755" dir="0" index="0" bw="16" slack="1"/>
<pin id="1756" dir="1" index="1" bw="16" slack="1"/>
</pin_list>
<bind>
<opset="layer5_out_2 "/>
</bind>
</comp>

<comp id="1759" class="1005" name="layer5_out_3_reg_1759">
<pin_list>
<pin id="1760" dir="0" index="0" bw="16" slack="1"/>
<pin id="1761" dir="1" index="1" bw="16" slack="1"/>
</pin_list>
<bind>
<opset="layer5_out_3 "/>
</bind>
</comp>

<comp id="1764" class="1005" name="layer5_out_4_reg_1764">
<pin_list>
<pin id="1765" dir="0" index="0" bw="16" slack="1"/>
<pin id="1766" dir="1" index="1" bw="16" slack="1"/>
</pin_list>
<bind>
<opset="layer5_out_4 "/>
</bind>
</comp>

<comp id="1769" class="1005" name="layer5_out_5_reg_1769">
<pin_list>
<pin id="1770" dir="0" index="0" bw="16" slack="1"/>
<pin id="1771" dir="1" index="1" bw="16" slack="1"/>
</pin_list>
<bind>
<opset="layer5_out_5 "/>
</bind>
</comp>

<comp id="1774" class="1005" name="layer5_out_6_reg_1774">
<pin_list>
<pin id="1775" dir="0" index="0" bw="16" slack="1"/>
<pin id="1776" dir="1" index="1" bw="16" slack="1"/>
</pin_list>
<bind>
<opset="layer5_out_6 "/>
</bind>
</comp>

<comp id="1779" class="1005" name="layer5_out_7_reg_1779">
<pin_list>
<pin id="1780" dir="0" index="0" bw="16" slack="1"/>
<pin id="1781" dir="1" index="1" bw="16" slack="1"/>
</pin_list>
<bind>
<opset="layer5_out_7 "/>
</bind>
</comp>

<comp id="1784" class="1005" name="layer5_out_8_reg_1784">
<pin_list>
<pin id="1785" dir="0" index="0" bw="16" slack="1"/>
<pin id="1786" dir="1" index="1" bw="16" slack="1"/>
</pin_list>
<bind>
<opset="layer5_out_8 "/>
</bind>
</comp>

<comp id="1789" class="1005" name="layer5_out_9_reg_1789">
<pin_list>
<pin id="1790" dir="0" index="0" bw="16" slack="1"/>
<pin id="1791" dir="1" index="1" bw="16" slack="1"/>
</pin_list>
<bind>
<opset="layer5_out_9 "/>
</bind>
</comp>

<comp id="1794" class="1005" name="layer5_out_10_reg_1794">
<pin_list>
<pin id="1795" dir="0" index="0" bw="16" slack="1"/>
<pin id="1796" dir="1" index="1" bw="16" slack="1"/>
</pin_list>
<bind>
<opset="layer5_out_10 "/>
</bind>
</comp>

<comp id="1799" class="1005" name="layer5_out_11_reg_1799">
<pin_list>
<pin id="1800" dir="0" index="0" bw="16" slack="1"/>
<pin id="1801" dir="1" index="1" bw="16" slack="1"/>
</pin_list>
<bind>
<opset="layer5_out_11 "/>
</bind>
</comp>

<comp id="1804" class="1005" name="layer5_out_12_reg_1804">
<pin_list>
<pin id="1805" dir="0" index="0" bw="16" slack="1"/>
<pin id="1806" dir="1" index="1" bw="16" slack="1"/>
</pin_list>
<bind>
<opset="layer5_out_12 "/>
</bind>
</comp>

<comp id="1809" class="1005" name="layer5_out_13_reg_1809">
<pin_list>
<pin id="1810" dir="0" index="0" bw="16" slack="1"/>
<pin id="1811" dir="1" index="1" bw="16" slack="1"/>
</pin_list>
<bind>
<opset="layer5_out_13 "/>
</bind>
</comp>

<comp id="1814" class="1005" name="layer5_out_14_reg_1814">
<pin_list>
<pin id="1815" dir="0" index="0" bw="16" slack="1"/>
<pin id="1816" dir="1" index="1" bw="16" slack="1"/>
</pin_list>
<bind>
<opset="layer5_out_14 "/>
</bind>
</comp>

<comp id="1819" class="1005" name="layer5_out_15_reg_1819">
<pin_list>
<pin id="1820" dir="0" index="0" bw="16" slack="1"/>
<pin id="1821" dir="1" index="1" bw="16" slack="1"/>
</pin_list>
<bind>
<opset="layer5_out_15 "/>
</bind>
</comp>

<comp id="1824" class="1005" name="layer5_out_16_reg_1824">
<pin_list>
<pin id="1825" dir="0" index="0" bw="16" slack="1"/>
<pin id="1826" dir="1" index="1" bw="16" slack="1"/>
</pin_list>
<bind>
<opset="layer5_out_16 "/>
</bind>
</comp>

<comp id="1829" class="1005" name="layer5_out_17_reg_1829">
<pin_list>
<pin id="1830" dir="0" index="0" bw="16" slack="1"/>
<pin id="1831" dir="1" index="1" bw="16" slack="1"/>
</pin_list>
<bind>
<opset="layer5_out_17 "/>
</bind>
</comp>

<comp id="1834" class="1005" name="layer5_out_18_reg_1834">
<pin_list>
<pin id="1835" dir="0" index="0" bw="16" slack="1"/>
<pin id="1836" dir="1" index="1" bw="16" slack="1"/>
</pin_list>
<bind>
<opset="layer5_out_18 "/>
</bind>
</comp>

<comp id="1839" class="1005" name="layer5_out_19_reg_1839">
<pin_list>
<pin id="1840" dir="0" index="0" bw="16" slack="1"/>
<pin id="1841" dir="1" index="1" bw="16" slack="1"/>
</pin_list>
<bind>
<opset="layer5_out_19 "/>
</bind>
</comp>

<comp id="1844" class="1005" name="layer5_out_20_reg_1844">
<pin_list>
<pin id="1845" dir="0" index="0" bw="16" slack="1"/>
<pin id="1846" dir="1" index="1" bw="16" slack="1"/>
</pin_list>
<bind>
<opset="layer5_out_20 "/>
</bind>
</comp>

<comp id="1849" class="1005" name="layer5_out_21_reg_1849">
<pin_list>
<pin id="1850" dir="0" index="0" bw="16" slack="1"/>
<pin id="1851" dir="1" index="1" bw="16" slack="1"/>
</pin_list>
<bind>
<opset="layer5_out_21 "/>
</bind>
</comp>

<comp id="1854" class="1005" name="layer5_out_22_reg_1854">
<pin_list>
<pin id="1855" dir="0" index="0" bw="16" slack="1"/>
<pin id="1856" dir="1" index="1" bw="16" slack="1"/>
</pin_list>
<bind>
<opset="layer5_out_22 "/>
</bind>
</comp>

<comp id="1859" class="1005" name="layer5_out_23_reg_1859">
<pin_list>
<pin id="1860" dir="0" index="0" bw="16" slack="1"/>
<pin id="1861" dir="1" index="1" bw="16" slack="1"/>
</pin_list>
<bind>
<opset="layer5_out_23 "/>
</bind>
</comp>

<comp id="1864" class="1005" name="layer5_out_24_reg_1864">
<pin_list>
<pin id="1865" dir="0" index="0" bw="16" slack="1"/>
<pin id="1866" dir="1" index="1" bw="16" slack="1"/>
</pin_list>
<bind>
<opset="layer5_out_24 "/>
</bind>
</comp>

<comp id="1869" class="1005" name="layer5_out_25_reg_1869">
<pin_list>
<pin id="1870" dir="0" index="0" bw="16" slack="1"/>
<pin id="1871" dir="1" index="1" bw="16" slack="1"/>
</pin_list>
<bind>
<opset="layer5_out_25 "/>
</bind>
</comp>

<comp id="1874" class="1005" name="layer5_out_26_reg_1874">
<pin_list>
<pin id="1875" dir="0" index="0" bw="16" slack="1"/>
<pin id="1876" dir="1" index="1" bw="16" slack="1"/>
</pin_list>
<bind>
<opset="layer5_out_26 "/>
</bind>
</comp>

<comp id="1879" class="1005" name="layer5_out_27_reg_1879">
<pin_list>
<pin id="1880" dir="0" index="0" bw="16" slack="1"/>
<pin id="1881" dir="1" index="1" bw="16" slack="1"/>
</pin_list>
<bind>
<opset="layer5_out_27 "/>
</bind>
</comp>

<comp id="1884" class="1005" name="layer5_out_28_reg_1884">
<pin_list>
<pin id="1885" dir="0" index="0" bw="16" slack="1"/>
<pin id="1886" dir="1" index="1" bw="16" slack="1"/>
</pin_list>
<bind>
<opset="layer5_out_28 "/>
</bind>
</comp>

<comp id="1889" class="1005" name="layer5_out_29_reg_1889">
<pin_list>
<pin id="1890" dir="0" index="0" bw="16" slack="1"/>
<pin id="1891" dir="1" index="1" bw="16" slack="1"/>
</pin_list>
<bind>
<opset="layer5_out_29 "/>
</bind>
</comp>

<comp id="1894" class="1005" name="layer5_out_30_reg_1894">
<pin_list>
<pin id="1895" dir="0" index="0" bw="16" slack="1"/>
<pin id="1896" dir="1" index="1" bw="16" slack="1"/>
</pin_list>
<bind>
<opset="layer5_out_30 "/>
</bind>
</comp>

<comp id="1899" class="1005" name="layer5_out_31_reg_1899">
<pin_list>
<pin id="1900" dir="0" index="0" bw="16" slack="1"/>
<pin id="1901" dir="1" index="1" bw="16" slack="1"/>
</pin_list>
<bind>
<opset="layer5_out_31 "/>
</bind>
</comp>

<comp id="1904" class="1005" name="layer7_out_1_reg_1904">
<pin_list>
<pin id="1905" dir="0" index="0" bw="16" slack="1"/>
<pin id="1906" dir="1" index="1" bw="16" slack="1"/>
</pin_list>
<bind>
<opset="layer7_out_1 "/>
</bind>
</comp>

<comp id="1909" class="1005" name="layer7_out_2_reg_1909">
<pin_list>
<pin id="1910" dir="0" index="0" bw="16" slack="1"/>
<pin id="1911" dir="1" index="1" bw="16" slack="1"/>
</pin_list>
<bind>
<opset="layer7_out_2 "/>
</bind>
</comp>

<comp id="1914" class="1005" name="layer7_out_3_reg_1914">
<pin_list>
<pin id="1915" dir="0" index="0" bw="16" slack="1"/>
<pin id="1916" dir="1" index="1" bw="16" slack="1"/>
</pin_list>
<bind>
<opset="layer7_out_3 "/>
</bind>
</comp>

<comp id="1919" class="1005" name="layer7_out_4_reg_1919">
<pin_list>
<pin id="1920" dir="0" index="0" bw="16" slack="1"/>
<pin id="1921" dir="1" index="1" bw="16" slack="1"/>
</pin_list>
<bind>
<opset="layer7_out_4 "/>
</bind>
</comp>

<comp id="1924" class="1005" name="layer7_out_5_reg_1924">
<pin_list>
<pin id="1925" dir="0" index="0" bw="16" slack="1"/>
<pin id="1926" dir="1" index="1" bw="16" slack="1"/>
</pin_list>
<bind>
<opset="layer7_out_5 "/>
</bind>
</comp>

<comp id="1929" class="1005" name="layer7_out_6_reg_1929">
<pin_list>
<pin id="1930" dir="0" index="0" bw="16" slack="1"/>
<pin id="1931" dir="1" index="1" bw="16" slack="1"/>
</pin_list>
<bind>
<opset="layer7_out_6 "/>
</bind>
</comp>

<comp id="1934" class="1005" name="layer7_out_7_reg_1934">
<pin_list>
<pin id="1935" dir="0" index="0" bw="16" slack="1"/>
<pin id="1936" dir="1" index="1" bw="16" slack="1"/>
</pin_list>
<bind>
<opset="layer7_out_7 "/>
</bind>
</comp>

<comp id="1939" class="1005" name="layer7_out_8_reg_1939">
<pin_list>
<pin id="1940" dir="0" index="0" bw="16" slack="1"/>
<pin id="1941" dir="1" index="1" bw="16" slack="1"/>
</pin_list>
<bind>
<opset="layer7_out_8 "/>
</bind>
</comp>

<comp id="1944" class="1005" name="layer7_out_9_reg_1944">
<pin_list>
<pin id="1945" dir="0" index="0" bw="16" slack="1"/>
<pin id="1946" dir="1" index="1" bw="16" slack="1"/>
</pin_list>
<bind>
<opset="layer7_out_9 "/>
</bind>
</comp>

<comp id="1949" class="1005" name="layer7_out_10_reg_1949">
<pin_list>
<pin id="1950" dir="0" index="0" bw="16" slack="1"/>
<pin id="1951" dir="1" index="1" bw="16" slack="1"/>
</pin_list>
<bind>
<opset="layer7_out_10 "/>
</bind>
</comp>

<comp id="1954" class="1005" name="layer7_out_11_reg_1954">
<pin_list>
<pin id="1955" dir="0" index="0" bw="16" slack="1"/>
<pin id="1956" dir="1" index="1" bw="16" slack="1"/>
</pin_list>
<bind>
<opset="layer7_out_11 "/>
</bind>
</comp>

<comp id="1959" class="1005" name="layer7_out_12_reg_1959">
<pin_list>
<pin id="1960" dir="0" index="0" bw="16" slack="1"/>
<pin id="1961" dir="1" index="1" bw="16" slack="1"/>
</pin_list>
<bind>
<opset="layer7_out_12 "/>
</bind>
</comp>

<comp id="1964" class="1005" name="layer7_out_13_reg_1964">
<pin_list>
<pin id="1965" dir="0" index="0" bw="16" slack="1"/>
<pin id="1966" dir="1" index="1" bw="16" slack="1"/>
</pin_list>
<bind>
<opset="layer7_out_13 "/>
</bind>
</comp>

<comp id="1969" class="1005" name="layer7_out_14_reg_1969">
<pin_list>
<pin id="1970" dir="0" index="0" bw="16" slack="1"/>
<pin id="1971" dir="1" index="1" bw="16" slack="1"/>
</pin_list>
<bind>
<opset="layer7_out_14 "/>
</bind>
</comp>

<comp id="1974" class="1005" name="layer7_out_15_reg_1974">
<pin_list>
<pin id="1975" dir="0" index="0" bw="16" slack="1"/>
<pin id="1976" dir="1" index="1" bw="16" slack="1"/>
</pin_list>
<bind>
<opset="layer7_out_15 "/>
</bind>
</comp>

</comp_list>

<net_list>
<net id="48"><net_src comp="6" pin="0"/><net_sink comp="44" pin=0"/></net>

<net id="49"><net_src comp="0" pin="0"/><net_sink comp="44" pin=1"/></net>

<net id="55"><net_src comp="42" pin="0"/><net_sink comp="50" pin=0"/></net>

<net id="56"><net_src comp="2" pin="0"/><net_sink comp="50" pin=1"/></net>

<net id="61"><net_src comp="8" pin="0"/><net_sink comp="57" pin=0"/></net>

<net id="62"><net_src comp="44" pin="2"/><net_sink comp="57" pin=1"/></net>

<net id="130"><net_src comp="10" pin="0"/><net_sink comp="63" pin=0"/></net>

<net id="198"><net_src comp="12" pin="0"/><net_sink comp="131" pin=0"/></net>

<net id="234"><net_src comp="14" pin="0"/><net_sink comp="199" pin=0"/></net>

<net id="270"><net_src comp="16" pin="0"/><net_sink comp="235" pin=0"/></net>

<net id="290"><net_src comp="18" pin="0"/><net_sink comp="271" pin=0"/></net>

<net id="310"><net_src comp="20" pin="0"/><net_sink comp="291" pin=0"/></net>

<net id="316"><net_src comp="22" pin="0"/><net_sink comp="311" pin=0"/></net>

<net id="317"><net_src comp="291" pin="17"/><net_sink comp="311" pin=1"/></net>

<net id="318"><net_src comp="4" pin="0"/><net_sink comp="311" pin=2"/></net>

<net id="322"><net_src comp="57" pin="2"/><net_sink comp="319" pin=0"/></net>

<net id="323"><net_src comp="319" pin="1"/><net_sink comp="63" pin=1"/></net>

<net id="327"><net_src comp="57" pin="2"/><net_sink comp="324" pin=0"/></net>

<net id="328"><net_src comp="324" pin="1"/><net_sink comp="63" pin=2"/></net>

<net id="332"><net_src comp="57" pin="2"/><net_sink comp="329" pin=0"/></net>

<net id="333"><net_src comp="329" pin="1"/><net_sink comp="63" pin=3"/></net>

<net id="337"><net_src comp="57" pin="2"/><net_sink comp="334" pin=0"/></net>

<net id="338"><net_src comp="334" pin="1"/><net_sink comp="63" pin=4"/></net>

<net id="342"><net_src comp="57" pin="2"/><net_sink comp="339" pin=0"/></net>

<net id="343"><net_src comp="339" pin="1"/><net_sink comp="63" pin=5"/></net>

<net id="347"><net_src comp="57" pin="2"/><net_sink comp="344" pin=0"/></net>

<net id="348"><net_src comp="344" pin="1"/><net_sink comp="63" pin=6"/></net>

<net id="352"><net_src comp="57" pin="2"/><net_sink comp="349" pin=0"/></net>

<net id="353"><net_src comp="349" pin="1"/><net_sink comp="63" pin=7"/></net>

<net id="357"><net_src comp="57" pin="2"/><net_sink comp="354" pin=0"/></net>

<net id="358"><net_src comp="354" pin="1"/><net_sink comp="63" pin=8"/></net>

<net id="362"><net_src comp="57" pin="2"/><net_sink comp="359" pin=0"/></net>

<net id="363"><net_src comp="359" pin="1"/><net_sink comp="63" pin=9"/></net>

<net id="367"><net_src comp="57" pin="2"/><net_sink comp="364" pin=0"/></net>

<net id="368"><net_src comp="364" pin="1"/><net_sink comp="63" pin=10"/></net>

<net id="372"><net_src comp="57" pin="2"/><net_sink comp="369" pin=0"/></net>

<net id="373"><net_src comp="369" pin="1"/><net_sink comp="63" pin=11"/></net>

<net id="377"><net_src comp="57" pin="2"/><net_sink comp="374" pin=0"/></net>

<net id="378"><net_src comp="374" pin="1"/><net_sink comp="63" pin=12"/></net>

<net id="382"><net_src comp="57" pin="2"/><net_sink comp="379" pin=0"/></net>

<net id="383"><net_src comp="379" pin="1"/><net_sink comp="63" pin=13"/></net>

<net id="387"><net_src comp="57" pin="2"/><net_sink comp="384" pin=0"/></net>

<net id="388"><net_src comp="384" pin="1"/><net_sink comp="63" pin=14"/></net>

<net id="392"><net_src comp="57" pin="2"/><net_sink comp="389" pin=0"/></net>

<net id="393"><net_src comp="389" pin="1"/><net_sink comp="63" pin=15"/></net>

<net id="397"><net_src comp="57" pin="2"/><net_sink comp="394" pin=0"/></net>

<net id="398"><net_src comp="394" pin="1"/><net_sink comp="63" pin=16"/></net>

<net id="402"><net_src comp="57" pin="2"/><net_sink comp="399" pin=0"/></net>

<net id="403"><net_src comp="399" pin="1"/><net_sink comp="63" pin=17"/></net>

<net id="407"><net_src comp="57" pin="2"/><net_sink comp="404" pin=0"/></net>

<net id="408"><net_src comp="404" pin="1"/><net_sink comp="63" pin=18"/></net>

<net id="412"><net_src comp="57" pin="2"/><net_sink comp="409" pin=0"/></net>

<net id="413"><net_src comp="409" pin="1"/><net_sink comp="63" pin=19"/></net>

<net id="417"><net_src comp="57" pin="2"/><net_sink comp="414" pin=0"/></net>

<net id="418"><net_src comp="414" pin="1"/><net_sink comp="63" pin=20"/></net>

<net id="422"><net_src comp="57" pin="2"/><net_sink comp="419" pin=0"/></net>

<net id="423"><net_src comp="419" pin="1"/><net_sink comp="63" pin=21"/></net>

<net id="427"><net_src comp="57" pin="2"/><net_sink comp="424" pin=0"/></net>

<net id="428"><net_src comp="424" pin="1"/><net_sink comp="63" pin=22"/></net>

<net id="432"><net_src comp="57" pin="2"/><net_sink comp="429" pin=0"/></net>

<net id="433"><net_src comp="429" pin="1"/><net_sink comp="63" pin=23"/></net>

<net id="437"><net_src comp="57" pin="2"/><net_sink comp="434" pin=0"/></net>

<net id="438"><net_src comp="434" pin="1"/><net_sink comp="63" pin=24"/></net>

<net id="442"><net_src comp="57" pin="2"/><net_sink comp="439" pin=0"/></net>

<net id="443"><net_src comp="439" pin="1"/><net_sink comp="63" pin=25"/></net>

<net id="447"><net_src comp="57" pin="2"/><net_sink comp="444" pin=0"/></net>

<net id="448"><net_src comp="444" pin="1"/><net_sink comp="63" pin=26"/></net>

<net id="452"><net_src comp="57" pin="2"/><net_sink comp="449" pin=0"/></net>

<net id="453"><net_src comp="449" pin="1"/><net_sink comp="63" pin=27"/></net>

<net id="457"><net_src comp="57" pin="2"/><net_sink comp="454" pin=0"/></net>

<net id="458"><net_src comp="454" pin="1"/><net_sink comp="63" pin=28"/></net>

<net id="462"><net_src comp="57" pin="2"/><net_sink comp="459" pin=0"/></net>

<net id="463"><net_src comp="459" pin="1"/><net_sink comp="63" pin=29"/></net>

<net id="467"><net_src comp="57" pin="2"/><net_sink comp="464" pin=0"/></net>

<net id="468"><net_src comp="464" pin="1"/><net_sink comp="63" pin=30"/></net>

<net id="472"><net_src comp="57" pin="2"/><net_sink comp="469" pin=0"/></net>

<net id="473"><net_src comp="469" pin="1"/><net_sink comp="63" pin=31"/></net>

<net id="477"><net_src comp="57" pin="2"/><net_sink comp="474" pin=0"/></net>

<net id="478"><net_src comp="474" pin="1"/><net_sink comp="63" pin=32"/></net>

<net id="482"><net_src comp="57" pin="2"/><net_sink comp="479" pin=0"/></net>

<net id="483"><net_src comp="479" pin="1"/><net_sink comp="63" pin=33"/></net>

<net id="487"><net_src comp="57" pin="2"/><net_sink comp="484" pin=0"/></net>

<net id="488"><net_src comp="484" pin="1"/><net_sink comp="63" pin=34"/></net>

<net id="492"><net_src comp="57" pin="2"/><net_sink comp="489" pin=0"/></net>

<net id="493"><net_src comp="489" pin="1"/><net_sink comp="63" pin=35"/></net>

<net id="497"><net_src comp="57" pin="2"/><net_sink comp="494" pin=0"/></net>

<net id="498"><net_src comp="494" pin="1"/><net_sink comp="63" pin=36"/></net>

<net id="502"><net_src comp="57" pin="2"/><net_sink comp="499" pin=0"/></net>

<net id="503"><net_src comp="499" pin="1"/><net_sink comp="63" pin=37"/></net>

<net id="507"><net_src comp="57" pin="2"/><net_sink comp="504" pin=0"/></net>

<net id="508"><net_src comp="504" pin="1"/><net_sink comp="63" pin=38"/></net>

<net id="512"><net_src comp="57" pin="2"/><net_sink comp="509" pin=0"/></net>

<net id="513"><net_src comp="509" pin="1"/><net_sink comp="63" pin=39"/></net>

<net id="517"><net_src comp="57" pin="2"/><net_sink comp="514" pin=0"/></net>

<net id="518"><net_src comp="514" pin="1"/><net_sink comp="63" pin=40"/></net>

<net id="522"><net_src comp="57" pin="2"/><net_sink comp="519" pin=0"/></net>

<net id="523"><net_src comp="519" pin="1"/><net_sink comp="63" pin=41"/></net>

<net id="527"><net_src comp="57" pin="2"/><net_sink comp="524" pin=0"/></net>

<net id="528"><net_src comp="524" pin="1"/><net_sink comp="63" pin=42"/></net>

<net id="532"><net_src comp="57" pin="2"/><net_sink comp="529" pin=0"/></net>

<net id="533"><net_src comp="529" pin="1"/><net_sink comp="63" pin=43"/></net>

<net id="537"><net_src comp="57" pin="2"/><net_sink comp="534" pin=0"/></net>

<net id="538"><net_src comp="534" pin="1"/><net_sink comp="63" pin=44"/></net>

<net id="542"><net_src comp="57" pin="2"/><net_sink comp="539" pin=0"/></net>

<net id="543"><net_src comp="539" pin="1"/><net_sink comp="63" pin=45"/></net>

<net id="547"><net_src comp="57" pin="2"/><net_sink comp="544" pin=0"/></net>

<net id="548"><net_src comp="544" pin="1"/><net_sink comp="63" pin=46"/></net>

<net id="552"><net_src comp="57" pin="2"/><net_sink comp="549" pin=0"/></net>

<net id="553"><net_src comp="549" pin="1"/><net_sink comp="63" pin=47"/></net>

<net id="557"><net_src comp="57" pin="2"/><net_sink comp="554" pin=0"/></net>

<net id="558"><net_src comp="554" pin="1"/><net_sink comp="63" pin=48"/></net>

<net id="562"><net_src comp="57" pin="2"/><net_sink comp="559" pin=0"/></net>

<net id="563"><net_src comp="559" pin="1"/><net_sink comp="63" pin=49"/></net>

<net id="567"><net_src comp="57" pin="2"/><net_sink comp="564" pin=0"/></net>

<net id="568"><net_src comp="564" pin="1"/><net_sink comp="63" pin=50"/></net>

<net id="572"><net_src comp="57" pin="2"/><net_sink comp="569" pin=0"/></net>

<net id="573"><net_src comp="569" pin="1"/><net_sink comp="63" pin=51"/></net>

<net id="577"><net_src comp="57" pin="2"/><net_sink comp="574" pin=0"/></net>

<net id="578"><net_src comp="574" pin="1"/><net_sink comp="63" pin=52"/></net>

<net id="582"><net_src comp="57" pin="2"/><net_sink comp="579" pin=0"/></net>

<net id="583"><net_src comp="579" pin="1"/><net_sink comp="63" pin=53"/></net>

<net id="587"><net_src comp="57" pin="2"/><net_sink comp="584" pin=0"/></net>

<net id="588"><net_src comp="584" pin="1"/><net_sink comp="63" pin=54"/></net>

<net id="592"><net_src comp="57" pin="2"/><net_sink comp="589" pin=0"/></net>

<net id="593"><net_src comp="589" pin="1"/><net_sink comp="63" pin=55"/></net>

<net id="597"><net_src comp="57" pin="2"/><net_sink comp="594" pin=0"/></net>

<net id="598"><net_src comp="594" pin="1"/><net_sink comp="63" pin=56"/></net>

<net id="602"><net_src comp="57" pin="2"/><net_sink comp="599" pin=0"/></net>

<net id="603"><net_src comp="599" pin="1"/><net_sink comp="63" pin=57"/></net>

<net id="607"><net_src comp="57" pin="2"/><net_sink comp="604" pin=0"/></net>

<net id="608"><net_src comp="604" pin="1"/><net_sink comp="63" pin=58"/></net>

<net id="612"><net_src comp="57" pin="2"/><net_sink comp="609" pin=0"/></net>

<net id="613"><net_src comp="609" pin="1"/><net_sink comp="63" pin=59"/></net>

<net id="617"><net_src comp="57" pin="2"/><net_sink comp="614" pin=0"/></net>

<net id="618"><net_src comp="614" pin="1"/><net_sink comp="63" pin=60"/></net>

<net id="622"><net_src comp="57" pin="2"/><net_sink comp="619" pin=0"/></net>

<net id="623"><net_src comp="619" pin="1"/><net_sink comp="63" pin=61"/></net>

<net id="627"><net_src comp="57" pin="2"/><net_sink comp="624" pin=0"/></net>

<net id="628"><net_src comp="624" pin="1"/><net_sink comp="63" pin=62"/></net>

<net id="632"><net_src comp="57" pin="2"/><net_sink comp="629" pin=0"/></net>

<net id="633"><net_src comp="629" pin="1"/><net_sink comp="63" pin=63"/></net>

<net id="637"><net_src comp="57" pin="2"/><net_sink comp="634" pin=0"/></net>

<net id="638"><net_src comp="634" pin="1"/><net_sink comp="63" pin=64"/></net>

<net id="642"><net_src comp="63" pin="65"/><net_sink comp="639" pin=0"/></net>

<net id="643"><net_src comp="639" pin="1"/><net_sink comp="131" pin=1"/></net>

<net id="647"><net_src comp="63" pin="65"/><net_sink comp="644" pin=0"/></net>

<net id="648"><net_src comp="644" pin="1"/><net_sink comp="131" pin=2"/></net>

<net id="652"><net_src comp="63" pin="65"/><net_sink comp="649" pin=0"/></net>

<net id="653"><net_src comp="649" pin="1"/><net_sink comp="131" pin=3"/></net>

<net id="657"><net_src comp="63" pin="65"/><net_sink comp="654" pin=0"/></net>

<net id="658"><net_src comp="654" pin="1"/><net_sink comp="131" pin=4"/></net>

<net id="662"><net_src comp="63" pin="65"/><net_sink comp="659" pin=0"/></net>

<net id="663"><net_src comp="659" pin="1"/><net_sink comp="131" pin=5"/></net>

<net id="667"><net_src comp="63" pin="65"/><net_sink comp="664" pin=0"/></net>

<net id="668"><net_src comp="664" pin="1"/><net_sink comp="131" pin=6"/></net>

<net id="672"><net_src comp="63" pin="65"/><net_sink comp="669" pin=0"/></net>

<net id="673"><net_src comp="669" pin="1"/><net_sink comp="131" pin=7"/></net>

<net id="677"><net_src comp="63" pin="65"/><net_sink comp="674" pin=0"/></net>

<net id="678"><net_src comp="674" pin="1"/><net_sink comp="131" pin=8"/></net>

<net id="682"><net_src comp="63" pin="65"/><net_sink comp="679" pin=0"/></net>

<net id="683"><net_src comp="679" pin="1"/><net_sink comp="131" pin=9"/></net>

<net id="687"><net_src comp="63" pin="65"/><net_sink comp="684" pin=0"/></net>

<net id="688"><net_src comp="684" pin="1"/><net_sink comp="131" pin=10"/></net>

<net id="692"><net_src comp="63" pin="65"/><net_sink comp="689" pin=0"/></net>

<net id="693"><net_src comp="689" pin="1"/><net_sink comp="131" pin=11"/></net>

<net id="697"><net_src comp="63" pin="65"/><net_sink comp="694" pin=0"/></net>

<net id="698"><net_src comp="694" pin="1"/><net_sink comp="131" pin=12"/></net>

<net id="702"><net_src comp="63" pin="65"/><net_sink comp="699" pin=0"/></net>

<net id="703"><net_src comp="699" pin="1"/><net_sink comp="131" pin=13"/></net>

<net id="707"><net_src comp="63" pin="65"/><net_sink comp="704" pin=0"/></net>

<net id="708"><net_src comp="704" pin="1"/><net_sink comp="131" pin=14"/></net>

<net id="712"><net_src comp="63" pin="65"/><net_sink comp="709" pin=0"/></net>

<net id="713"><net_src comp="709" pin="1"/><net_sink comp="131" pin=15"/></net>

<net id="717"><net_src comp="63" pin="65"/><net_sink comp="714" pin=0"/></net>

<net id="718"><net_src comp="714" pin="1"/><net_sink comp="131" pin=16"/></net>

<net id="722"><net_src comp="63" pin="65"/><net_sink comp="719" pin=0"/></net>

<net id="723"><net_src comp="719" pin="1"/><net_sink comp="131" pin=17"/></net>

<net id="727"><net_src comp="63" pin="65"/><net_sink comp="724" pin=0"/></net>

<net id="728"><net_src comp="724" pin="1"/><net_sink comp="131" pin=18"/></net>

<net id="732"><net_src comp="63" pin="65"/><net_sink comp="729" pin=0"/></net>

<net id="733"><net_src comp="729" pin="1"/><net_sink comp="131" pin=19"/></net>

<net id="737"><net_src comp="63" pin="65"/><net_sink comp="734" pin=0"/></net>

<net id="738"><net_src comp="734" pin="1"/><net_sink comp="131" pin=20"/></net>

<net id="742"><net_src comp="63" pin="65"/><net_sink comp="739" pin=0"/></net>

<net id="743"><net_src comp="739" pin="1"/><net_sink comp="131" pin=21"/></net>

<net id="747"><net_src comp="63" pin="65"/><net_sink comp="744" pin=0"/></net>

<net id="748"><net_src comp="744" pin="1"/><net_sink comp="131" pin=22"/></net>

<net id="752"><net_src comp="63" pin="65"/><net_sink comp="749" pin=0"/></net>

<net id="753"><net_src comp="749" pin="1"/><net_sink comp="131" pin=23"/></net>

<net id="757"><net_src comp="63" pin="65"/><net_sink comp="754" pin=0"/></net>

<net id="758"><net_src comp="754" pin="1"/><net_sink comp="131" pin=24"/></net>

<net id="762"><net_src comp="63" pin="65"/><net_sink comp="759" pin=0"/></net>

<net id="763"><net_src comp="759" pin="1"/><net_sink comp="131" pin=25"/></net>

<net id="767"><net_src comp="63" pin="65"/><net_sink comp="764" pin=0"/></net>

<net id="768"><net_src comp="764" pin="1"/><net_sink comp="131" pin=26"/></net>

<net id="772"><net_src comp="63" pin="65"/><net_sink comp="769" pin=0"/></net>

<net id="773"><net_src comp="769" pin="1"/><net_sink comp="131" pin=27"/></net>

<net id="777"><net_src comp="63" pin="65"/><net_sink comp="774" pin=0"/></net>

<net id="778"><net_src comp="774" pin="1"/><net_sink comp="131" pin=28"/></net>

<net id="782"><net_src comp="63" pin="65"/><net_sink comp="779" pin=0"/></net>

<net id="783"><net_src comp="779" pin="1"/><net_sink comp="131" pin=29"/></net>

<net id="787"><net_src comp="63" pin="65"/><net_sink comp="784" pin=0"/></net>

<net id="788"><net_src comp="784" pin="1"/><net_sink comp="131" pin=30"/></net>

<net id="792"><net_src comp="63" pin="65"/><net_sink comp="789" pin=0"/></net>

<net id="793"><net_src comp="789" pin="1"/><net_sink comp="131" pin=31"/></net>

<net id="797"><net_src comp="63" pin="65"/><net_sink comp="794" pin=0"/></net>

<net id="798"><net_src comp="794" pin="1"/><net_sink comp="131" pin=32"/></net>

<net id="802"><net_src comp="63" pin="65"/><net_sink comp="799" pin=0"/></net>

<net id="803"><net_src comp="799" pin="1"/><net_sink comp="131" pin=33"/></net>

<net id="807"><net_src comp="63" pin="65"/><net_sink comp="804" pin=0"/></net>

<net id="808"><net_src comp="804" pin="1"/><net_sink comp="131" pin=34"/></net>

<net id="812"><net_src comp="63" pin="65"/><net_sink comp="809" pin=0"/></net>

<net id="813"><net_src comp="809" pin="1"/><net_sink comp="131" pin=35"/></net>

<net id="817"><net_src comp="63" pin="65"/><net_sink comp="814" pin=0"/></net>

<net id="818"><net_src comp="814" pin="1"/><net_sink comp="131" pin=36"/></net>

<net id="822"><net_src comp="63" pin="65"/><net_sink comp="819" pin=0"/></net>

<net id="823"><net_src comp="819" pin="1"/><net_sink comp="131" pin=37"/></net>

<net id="827"><net_src comp="63" pin="65"/><net_sink comp="824" pin=0"/></net>

<net id="828"><net_src comp="824" pin="1"/><net_sink comp="131" pin=38"/></net>

<net id="832"><net_src comp="63" pin="65"/><net_sink comp="829" pin=0"/></net>

<net id="833"><net_src comp="829" pin="1"/><net_sink comp="131" pin=39"/></net>

<net id="837"><net_src comp="63" pin="65"/><net_sink comp="834" pin=0"/></net>

<net id="838"><net_src comp="834" pin="1"/><net_sink comp="131" pin=40"/></net>

<net id="842"><net_src comp="63" pin="65"/><net_sink comp="839" pin=0"/></net>

<net id="843"><net_src comp="839" pin="1"/><net_sink comp="131" pin=41"/></net>

<net id="847"><net_src comp="63" pin="65"/><net_sink comp="844" pin=0"/></net>

<net id="848"><net_src comp="844" pin="1"/><net_sink comp="131" pin=42"/></net>

<net id="852"><net_src comp="63" pin="65"/><net_sink comp="849" pin=0"/></net>

<net id="853"><net_src comp="849" pin="1"/><net_sink comp="131" pin=43"/></net>

<net id="857"><net_src comp="63" pin="65"/><net_sink comp="854" pin=0"/></net>

<net id="858"><net_src comp="854" pin="1"/><net_sink comp="131" pin=44"/></net>

<net id="862"><net_src comp="63" pin="65"/><net_sink comp="859" pin=0"/></net>

<net id="863"><net_src comp="859" pin="1"/><net_sink comp="131" pin=45"/></net>

<net id="867"><net_src comp="63" pin="65"/><net_sink comp="864" pin=0"/></net>

<net id="868"><net_src comp="864" pin="1"/><net_sink comp="131" pin=46"/></net>

<net id="872"><net_src comp="63" pin="65"/><net_sink comp="869" pin=0"/></net>

<net id="873"><net_src comp="869" pin="1"/><net_sink comp="131" pin=47"/></net>

<net id="877"><net_src comp="63" pin="65"/><net_sink comp="874" pin=0"/></net>

<net id="878"><net_src comp="874" pin="1"/><net_sink comp="131" pin=48"/></net>

<net id="882"><net_src comp="63" pin="65"/><net_sink comp="879" pin=0"/></net>

<net id="883"><net_src comp="879" pin="1"/><net_sink comp="131" pin=49"/></net>

<net id="887"><net_src comp="63" pin="65"/><net_sink comp="884" pin=0"/></net>

<net id="888"><net_src comp="884" pin="1"/><net_sink comp="131" pin=50"/></net>

<net id="892"><net_src comp="63" pin="65"/><net_sink comp="889" pin=0"/></net>

<net id="893"><net_src comp="889" pin="1"/><net_sink comp="131" pin=51"/></net>

<net id="897"><net_src comp="63" pin="65"/><net_sink comp="894" pin=0"/></net>

<net id="898"><net_src comp="894" pin="1"/><net_sink comp="131" pin=52"/></net>

<net id="902"><net_src comp="63" pin="65"/><net_sink comp="899" pin=0"/></net>

<net id="903"><net_src comp="899" pin="1"/><net_sink comp="131" pin=53"/></net>

<net id="907"><net_src comp="63" pin="65"/><net_sink comp="904" pin=0"/></net>

<net id="908"><net_src comp="904" pin="1"/><net_sink comp="131" pin=54"/></net>

<net id="912"><net_src comp="63" pin="65"/><net_sink comp="909" pin=0"/></net>

<net id="913"><net_src comp="909" pin="1"/><net_sink comp="131" pin=55"/></net>

<net id="917"><net_src comp="63" pin="65"/><net_sink comp="914" pin=0"/></net>

<net id="918"><net_src comp="914" pin="1"/><net_sink comp="131" pin=56"/></net>

<net id="922"><net_src comp="63" pin="65"/><net_sink comp="919" pin=0"/></net>

<net id="923"><net_src comp="919" pin="1"/><net_sink comp="131" pin=57"/></net>

<net id="927"><net_src comp="63" pin="65"/><net_sink comp="924" pin=0"/></net>

<net id="928"><net_src comp="924" pin="1"/><net_sink comp="131" pin=58"/></net>

<net id="932"><net_src comp="63" pin="65"/><net_sink comp="929" pin=0"/></net>

<net id="933"><net_src comp="929" pin="1"/><net_sink comp="131" pin=59"/></net>

<net id="937"><net_src comp="63" pin="65"/><net_sink comp="934" pin=0"/></net>

<net id="938"><net_src comp="934" pin="1"/><net_sink comp="131" pin=60"/></net>

<net id="942"><net_src comp="63" pin="65"/><net_sink comp="939" pin=0"/></net>

<net id="943"><net_src comp="939" pin="1"/><net_sink comp="131" pin=61"/></net>

<net id="947"><net_src comp="63" pin="65"/><net_sink comp="944" pin=0"/></net>

<net id="948"><net_src comp="944" pin="1"/><net_sink comp="131" pin=62"/></net>

<net id="952"><net_src comp="63" pin="65"/><net_sink comp="949" pin=0"/></net>

<net id="953"><net_src comp="949" pin="1"/><net_sink comp="131" pin=63"/></net>

<net id="957"><net_src comp="63" pin="65"/><net_sink comp="954" pin=0"/></net>

<net id="958"><net_src comp="954" pin="1"/><net_sink comp="131" pin=64"/></net>

<net id="962"><net_src comp="131" pin="65"/><net_sink comp="959" pin=0"/></net>

<net id="963"><net_src comp="959" pin="1"/><net_sink comp="199" pin=1"/></net>

<net id="967"><net_src comp="131" pin="65"/><net_sink comp="964" pin=0"/></net>

<net id="968"><net_src comp="964" pin="1"/><net_sink comp="199" pin=2"/></net>

<net id="972"><net_src comp="131" pin="65"/><net_sink comp="969" pin=0"/></net>

<net id="973"><net_src comp="969" pin="1"/><net_sink comp="199" pin=3"/></net>

<net id="977"><net_src comp="131" pin="65"/><net_sink comp="974" pin=0"/></net>

<net id="978"><net_src comp="974" pin="1"/><net_sink comp="199" pin=4"/></net>

<net id="982"><net_src comp="131" pin="65"/><net_sink comp="979" pin=0"/></net>

<net id="983"><net_src comp="979" pin="1"/><net_sink comp="199" pin=5"/></net>

<net id="987"><net_src comp="131" pin="65"/><net_sink comp="984" pin=0"/></net>

<net id="988"><net_src comp="984" pin="1"/><net_sink comp="199" pin=6"/></net>

<net id="992"><net_src comp="131" pin="65"/><net_sink comp="989" pin=0"/></net>

<net id="993"><net_src comp="989" pin="1"/><net_sink comp="199" pin=7"/></net>

<net id="997"><net_src comp="131" pin="65"/><net_sink comp="994" pin=0"/></net>

<net id="998"><net_src comp="994" pin="1"/><net_sink comp="199" pin=8"/></net>

<net id="1002"><net_src comp="131" pin="65"/><net_sink comp="999" pin=0"/></net>

<net id="1003"><net_src comp="999" pin="1"/><net_sink comp="199" pin=9"/></net>

<net id="1007"><net_src comp="131" pin="65"/><net_sink comp="1004" pin=0"/></net>

<net id="1008"><net_src comp="1004" pin="1"/><net_sink comp="199" pin=10"/></net>

<net id="1012"><net_src comp="131" pin="65"/><net_sink comp="1009" pin=0"/></net>

<net id="1013"><net_src comp="1009" pin="1"/><net_sink comp="199" pin=11"/></net>

<net id="1017"><net_src comp="131" pin="65"/><net_sink comp="1014" pin=0"/></net>

<net id="1018"><net_src comp="1014" pin="1"/><net_sink comp="199" pin=12"/></net>

<net id="1022"><net_src comp="131" pin="65"/><net_sink comp="1019" pin=0"/></net>

<net id="1023"><net_src comp="1019" pin="1"/><net_sink comp="199" pin=13"/></net>

<net id="1027"><net_src comp="131" pin="65"/><net_sink comp="1024" pin=0"/></net>

<net id="1028"><net_src comp="1024" pin="1"/><net_sink comp="199" pin=14"/></net>

<net id="1032"><net_src comp="131" pin="65"/><net_sink comp="1029" pin=0"/></net>

<net id="1033"><net_src comp="1029" pin="1"/><net_sink comp="199" pin=15"/></net>

<net id="1037"><net_src comp="131" pin="65"/><net_sink comp="1034" pin=0"/></net>

<net id="1038"><net_src comp="1034" pin="1"/><net_sink comp="199" pin=16"/></net>

<net id="1042"><net_src comp="131" pin="65"/><net_sink comp="1039" pin=0"/></net>

<net id="1043"><net_src comp="1039" pin="1"/><net_sink comp="199" pin=17"/></net>

<net id="1047"><net_src comp="131" pin="65"/><net_sink comp="1044" pin=0"/></net>

<net id="1048"><net_src comp="1044" pin="1"/><net_sink comp="199" pin=18"/></net>

<net id="1052"><net_src comp="131" pin="65"/><net_sink comp="1049" pin=0"/></net>

<net id="1053"><net_src comp="1049" pin="1"/><net_sink comp="199" pin=19"/></net>

<net id="1057"><net_src comp="131" pin="65"/><net_sink comp="1054" pin=0"/></net>

<net id="1058"><net_src comp="1054" pin="1"/><net_sink comp="199" pin=20"/></net>

<net id="1062"><net_src comp="131" pin="65"/><net_sink comp="1059" pin=0"/></net>

<net id="1063"><net_src comp="1059" pin="1"/><net_sink comp="199" pin=21"/></net>

<net id="1067"><net_src comp="131" pin="65"/><net_sink comp="1064" pin=0"/></net>

<net id="1068"><net_src comp="1064" pin="1"/><net_sink comp="199" pin=22"/></net>

<net id="1072"><net_src comp="131" pin="65"/><net_sink comp="1069" pin=0"/></net>

<net id="1073"><net_src comp="1069" pin="1"/><net_sink comp="199" pin=23"/></net>

<net id="1077"><net_src comp="131" pin="65"/><net_sink comp="1074" pin=0"/></net>

<net id="1078"><net_src comp="1074" pin="1"/><net_sink comp="199" pin=24"/></net>

<net id="1082"><net_src comp="131" pin="65"/><net_sink comp="1079" pin=0"/></net>

<net id="1083"><net_src comp="1079" pin="1"/><net_sink comp="199" pin=25"/></net>

<net id="1087"><net_src comp="131" pin="65"/><net_sink comp="1084" pin=0"/></net>

<net id="1088"><net_src comp="1084" pin="1"/><net_sink comp="199" pin=26"/></net>

<net id="1092"><net_src comp="131" pin="65"/><net_sink comp="1089" pin=0"/></net>

<net id="1093"><net_src comp="1089" pin="1"/><net_sink comp="199" pin=27"/></net>

<net id="1097"><net_src comp="131" pin="65"/><net_sink comp="1094" pin=0"/></net>

<net id="1098"><net_src comp="1094" pin="1"/><net_sink comp="199" pin=28"/></net>

<net id="1102"><net_src comp="131" pin="65"/><net_sink comp="1099" pin=0"/></net>

<net id="1103"><net_src comp="1099" pin="1"/><net_sink comp="199" pin=29"/></net>

<net id="1107"><net_src comp="131" pin="65"/><net_sink comp="1104" pin=0"/></net>

<net id="1108"><net_src comp="1104" pin="1"/><net_sink comp="199" pin=30"/></net>

<net id="1112"><net_src comp="131" pin="65"/><net_sink comp="1109" pin=0"/></net>

<net id="1113"><net_src comp="1109" pin="1"/><net_sink comp="199" pin=31"/></net>

<net id="1117"><net_src comp="131" pin="65"/><net_sink comp="1114" pin=0"/></net>

<net id="1118"><net_src comp="1114" pin="1"/><net_sink comp="199" pin=32"/></net>

<net id="1122"><net_src comp="199" pin="33"/><net_sink comp="1119" pin=0"/></net>

<net id="1123"><net_src comp="1119" pin="1"/><net_sink comp="235" pin=1"/></net>

<net id="1127"><net_src comp="199" pin="33"/><net_sink comp="1124" pin=0"/></net>

<net id="1128"><net_src comp="1124" pin="1"/><net_sink comp="235" pin=2"/></net>

<net id="1132"><net_src comp="199" pin="33"/><net_sink comp="1129" pin=0"/></net>

<net id="1133"><net_src comp="1129" pin="1"/><net_sink comp="235" pin=3"/></net>

<net id="1137"><net_src comp="199" pin="33"/><net_sink comp="1134" pin=0"/></net>

<net id="1138"><net_src comp="1134" pin="1"/><net_sink comp="235" pin=4"/></net>

<net id="1142"><net_src comp="199" pin="33"/><net_sink comp="1139" pin=0"/></net>

<net id="1143"><net_src comp="1139" pin="1"/><net_sink comp="235" pin=5"/></net>

<net id="1147"><net_src comp="199" pin="33"/><net_sink comp="1144" pin=0"/></net>

<net id="1148"><net_src comp="1144" pin="1"/><net_sink comp="235" pin=6"/></net>

<net id="1152"><net_src comp="199" pin="33"/><net_sink comp="1149" pin=0"/></net>

<net id="1153"><net_src comp="1149" pin="1"/><net_sink comp="235" pin=7"/></net>

<net id="1157"><net_src comp="199" pin="33"/><net_sink comp="1154" pin=0"/></net>

<net id="1158"><net_src comp="1154" pin="1"/><net_sink comp="235" pin=8"/></net>

<net id="1162"><net_src comp="199" pin="33"/><net_sink comp="1159" pin=0"/></net>

<net id="1163"><net_src comp="1159" pin="1"/><net_sink comp="235" pin=9"/></net>

<net id="1167"><net_src comp="199" pin="33"/><net_sink comp="1164" pin=0"/></net>

<net id="1168"><net_src comp="1164" pin="1"/><net_sink comp="235" pin=10"/></net>

<net id="1172"><net_src comp="199" pin="33"/><net_sink comp="1169" pin=0"/></net>

<net id="1173"><net_src comp="1169" pin="1"/><net_sink comp="235" pin=11"/></net>

<net id="1177"><net_src comp="199" pin="33"/><net_sink comp="1174" pin=0"/></net>

<net id="1178"><net_src comp="1174" pin="1"/><net_sink comp="235" pin=12"/></net>

<net id="1182"><net_src comp="199" pin="33"/><net_sink comp="1179" pin=0"/></net>

<net id="1183"><net_src comp="1179" pin="1"/><net_sink comp="235" pin=13"/></net>

<net id="1187"><net_src comp="199" pin="33"/><net_sink comp="1184" pin=0"/></net>

<net id="1188"><net_src comp="1184" pin="1"/><net_sink comp="235" pin=14"/></net>

<net id="1192"><net_src comp="199" pin="33"/><net_sink comp="1189" pin=0"/></net>

<net id="1193"><net_src comp="1189" pin="1"/><net_sink comp="235" pin=15"/></net>

<net id="1197"><net_src comp="199" pin="33"/><net_sink comp="1194" pin=0"/></net>

<net id="1198"><net_src comp="1194" pin="1"/><net_sink comp="235" pin=16"/></net>

<net id="1202"><net_src comp="199" pin="33"/><net_sink comp="1199" pin=0"/></net>

<net id="1203"><net_src comp="1199" pin="1"/><net_sink comp="235" pin=17"/></net>

<net id="1207"><net_src comp="199" pin="33"/><net_sink comp="1204" pin=0"/></net>

<net id="1208"><net_src comp="1204" pin="1"/><net_sink comp="235" pin=18"/></net>

<net id="1212"><net_src comp="199" pin="33"/><net_sink comp="1209" pin=0"/></net>

<net id="1213"><net_src comp="1209" pin="1"/><net_sink comp="235" pin=19"/></net>

<net id="1217"><net_src comp="199" pin="33"/><net_sink comp="1214" pin=0"/></net>

<net id="1218"><net_src comp="1214" pin="1"/><net_sink comp="235" pin=20"/></net>

<net id="1222"><net_src comp="199" pin="33"/><net_sink comp="1219" pin=0"/></net>

<net id="1223"><net_src comp="1219" pin="1"/><net_sink comp="235" pin=21"/></net>

<net id="1227"><net_src comp="199" pin="33"/><net_sink comp="1224" pin=0"/></net>

<net id="1228"><net_src comp="1224" pin="1"/><net_sink comp="235" pin=22"/></net>

<net id="1232"><net_src comp="199" pin="33"/><net_sink comp="1229" pin=0"/></net>

<net id="1233"><net_src comp="1229" pin="1"/><net_sink comp="235" pin=23"/></net>

<net id="1237"><net_src comp="199" pin="33"/><net_sink comp="1234" pin=0"/></net>

<net id="1238"><net_src comp="1234" pin="1"/><net_sink comp="235" pin=24"/></net>

<net id="1242"><net_src comp="199" pin="33"/><net_sink comp="1239" pin=0"/></net>

<net id="1243"><net_src comp="1239" pin="1"/><net_sink comp="235" pin=25"/></net>

<net id="1247"><net_src comp="199" pin="33"/><net_sink comp="1244" pin=0"/></net>

<net id="1248"><net_src comp="1244" pin="1"/><net_sink comp="235" pin=26"/></net>

<net id="1252"><net_src comp="199" pin="33"/><net_sink comp="1249" pin=0"/></net>

<net id="1253"><net_src comp="1249" pin="1"/><net_sink comp="235" pin=27"/></net>

<net id="1257"><net_src comp="199" pin="33"/><net_sink comp="1254" pin=0"/></net>

<net id="1258"><net_src comp="1254" pin="1"/><net_sink comp="235" pin=28"/></net>

<net id="1262"><net_src comp="199" pin="33"/><net_sink comp="1259" pin=0"/></net>

<net id="1263"><net_src comp="1259" pin="1"/><net_sink comp="235" pin=29"/></net>

<net id="1267"><net_src comp="199" pin="33"/><net_sink comp="1264" pin=0"/></net>

<net id="1268"><net_src comp="1264" pin="1"/><net_sink comp="235" pin=30"/></net>

<net id="1272"><net_src comp="199" pin="33"/><net_sink comp="1269" pin=0"/></net>

<net id="1273"><net_src comp="1269" pin="1"/><net_sink comp="235" pin=31"/></net>

<net id="1277"><net_src comp="199" pin="33"/><net_sink comp="1274" pin=0"/></net>

<net id="1278"><net_src comp="1274" pin="1"/><net_sink comp="235" pin=32"/></net>

<net id="1282"><net_src comp="235" pin="33"/><net_sink comp="1279" pin=0"/></net>

<net id="1283"><net_src comp="1279" pin="1"/><net_sink comp="271" pin=1"/></net>

<net id="1287"><net_src comp="235" pin="33"/><net_sink comp="1284" pin=0"/></net>

<net id="1288"><net_src comp="1284" pin="1"/><net_sink comp="271" pin=2"/></net>

<net id="1292"><net_src comp="235" pin="33"/><net_sink comp="1289" pin=0"/></net>

<net id="1293"><net_src comp="1289" pin="1"/><net_sink comp="271" pin=3"/></net>

<net id="1297"><net_src comp="235" pin="33"/><net_sink comp="1294" pin=0"/></net>

<net id="1298"><net_src comp="1294" pin="1"/><net_sink comp="271" pin=4"/></net>

<net id="1302"><net_src comp="235" pin="33"/><net_sink comp="1299" pin=0"/></net>

<net id="1303"><net_src comp="1299" pin="1"/><net_sink comp="271" pin=5"/></net>

<net id="1307"><net_src comp="235" pin="33"/><net_sink comp="1304" pin=0"/></net>

<net id="1308"><net_src comp="1304" pin="1"/><net_sink comp="271" pin=6"/></net>

<net id="1312"><net_src comp="235" pin="33"/><net_sink comp="1309" pin=0"/></net>

<net id="1313"><net_src comp="1309" pin="1"/><net_sink comp="271" pin=7"/></net>

<net id="1317"><net_src comp="235" pin="33"/><net_sink comp="1314" pin=0"/></net>

<net id="1318"><net_src comp="1314" pin="1"/><net_sink comp="271" pin=8"/></net>

<net id="1322"><net_src comp="235" pin="33"/><net_sink comp="1319" pin=0"/></net>

<net id="1323"><net_src comp="1319" pin="1"/><net_sink comp="271" pin=9"/></net>

<net id="1327"><net_src comp="235" pin="33"/><net_sink comp="1324" pin=0"/></net>

<net id="1328"><net_src comp="1324" pin="1"/><net_sink comp="271" pin=10"/></net>

<net id="1332"><net_src comp="235" pin="33"/><net_sink comp="1329" pin=0"/></net>

<net id="1333"><net_src comp="1329" pin="1"/><net_sink comp="271" pin=11"/></net>

<net id="1337"><net_src comp="235" pin="33"/><net_sink comp="1334" pin=0"/></net>

<net id="1338"><net_src comp="1334" pin="1"/><net_sink comp="271" pin=12"/></net>

<net id="1342"><net_src comp="235" pin="33"/><net_sink comp="1339" pin=0"/></net>

<net id="1343"><net_src comp="1339" pin="1"/><net_sink comp="271" pin=13"/></net>

<net id="1347"><net_src comp="235" pin="33"/><net_sink comp="1344" pin=0"/></net>

<net id="1348"><net_src comp="1344" pin="1"/><net_sink comp="271" pin=14"/></net>

<net id="1352"><net_src comp="235" pin="33"/><net_sink comp="1349" pin=0"/></net>

<net id="1353"><net_src comp="1349" pin="1"/><net_sink comp="271" pin=15"/></net>

<net id="1357"><net_src comp="235" pin="33"/><net_sink comp="1354" pin=0"/></net>

<net id="1358"><net_src comp="1354" pin="1"/><net_sink comp="271" pin=16"/></net>

<net id="1362"><net_src comp="271" pin="17"/><net_sink comp="1359" pin=0"/></net>

<net id="1363"><net_src comp="1359" pin="1"/><net_sink comp="291" pin=1"/></net>

<net id="1367"><net_src comp="271" pin="17"/><net_sink comp="1364" pin=0"/></net>

<net id="1368"><net_src comp="1364" pin="1"/><net_sink comp="291" pin=2"/></net>

<net id="1372"><net_src comp="271" pin="17"/><net_sink comp="1369" pin=0"/></net>

<net id="1373"><net_src comp="1369" pin="1"/><net_sink comp="291" pin=3"/></net>

<net id="1377"><net_src comp="271" pin="17"/><net_sink comp="1374" pin=0"/></net>

<net id="1378"><net_src comp="1374" pin="1"/><net_sink comp="291" pin=4"/></net>

<net id="1382"><net_src comp="271" pin="17"/><net_sink comp="1379" pin=0"/></net>

<net id="1383"><net_src comp="1379" pin="1"/><net_sink comp="291" pin=5"/></net>

<net id="1387"><net_src comp="271" pin="17"/><net_sink comp="1384" pin=0"/></net>

<net id="1388"><net_src comp="1384" pin="1"/><net_sink comp="291" pin=6"/></net>

<net id="1392"><net_src comp="271" pin="17"/><net_sink comp="1389" pin=0"/></net>

<net id="1393"><net_src comp="1389" pin="1"/><net_sink comp="291" pin=7"/></net>

<net id="1397"><net_src comp="271" pin="17"/><net_sink comp="1394" pin=0"/></net>

<net id="1398"><net_src comp="1394" pin="1"/><net_sink comp="291" pin=8"/></net>

<net id="1402"><net_src comp="271" pin="17"/><net_sink comp="1399" pin=0"/></net>

<net id="1403"><net_src comp="1399" pin="1"/><net_sink comp="291" pin=9"/></net>

<net id="1407"><net_src comp="271" pin="17"/><net_sink comp="1404" pin=0"/></net>

<net id="1408"><net_src comp="1404" pin="1"/><net_sink comp="291" pin=10"/></net>

<net id="1412"><net_src comp="271" pin="17"/><net_sink comp="1409" pin=0"/></net>

<net id="1413"><net_src comp="1409" pin="1"/><net_sink comp="291" pin=11"/></net>

<net id="1417"><net_src comp="271" pin="17"/><net_sink comp="1414" pin=0"/></net>

<net id="1418"><net_src comp="1414" pin="1"/><net_sink comp="291" pin=12"/></net>

<net id="1422"><net_src comp="271" pin="17"/><net_sink comp="1419" pin=0"/></net>

<net id="1423"><net_src comp="1419" pin="1"/><net_sink comp="291" pin=13"/></net>

<net id="1427"><net_src comp="271" pin="17"/><net_sink comp="1424" pin=0"/></net>

<net id="1428"><net_src comp="1424" pin="1"/><net_sink comp="291" pin=14"/></net>

<net id="1432"><net_src comp="271" pin="17"/><net_sink comp="1429" pin=0"/></net>

<net id="1433"><net_src comp="1429" pin="1"/><net_sink comp="291" pin=15"/></net>

<net id="1437"><net_src comp="271" pin="17"/><net_sink comp="1434" pin=0"/></net>

<net id="1438"><net_src comp="1434" pin="1"/><net_sink comp="291" pin=16"/></net>

<net id="1442"><net_src comp="311" pin="3"/><net_sink comp="1439" pin=0"/></net>

<net id="1443"><net_src comp="1439" pin="1"/><net_sink comp="50" pin=2"/></net>

<net id="1447"><net_src comp="654" pin="1"/><net_sink comp="1444" pin=0"/></net>

<net id="1448"><net_src comp="1444" pin="1"/><net_sink comp="131" pin=4"/></net>

<net id="1452"><net_src comp="659" pin="1"/><net_sink comp="1449" pin=0"/></net>

<net id="1453"><net_src comp="1449" pin="1"/><net_sink comp="131" pin=5"/></net>

<net id="1457"><net_src comp="664" pin="1"/><net_sink comp="1454" pin=0"/></net>

<net id="1458"><net_src comp="1454" pin="1"/><net_sink comp="131" pin=6"/></net>

<net id="1462"><net_src comp="669" pin="1"/><net_sink comp="1459" pin=0"/></net>

<net id="1463"><net_src comp="1459" pin="1"/><net_sink comp="131" pin=7"/></net>

<net id="1467"><net_src comp="674" pin="1"/><net_sink comp="1464" pin=0"/></net>

<net id="1468"><net_src comp="1464" pin="1"/><net_sink comp="131" pin=8"/></net>

<net id="1472"><net_src comp="679" pin="1"/><net_sink comp="1469" pin=0"/></net>

<net id="1473"><net_src comp="1469" pin="1"/><net_sink comp="131" pin=9"/></net>

<net id="1477"><net_src comp="684" pin="1"/><net_sink comp="1474" pin=0"/></net>

<net id="1478"><net_src comp="1474" pin="1"/><net_sink comp="131" pin=10"/></net>

<net id="1482"><net_src comp="689" pin="1"/><net_sink comp="1479" pin=0"/></net>

<net id="1483"><net_src comp="1479" pin="1"/><net_sink comp="131" pin=11"/></net>

<net id="1487"><net_src comp="694" pin="1"/><net_sink comp="1484" pin=0"/></net>

<net id="1488"><net_src comp="1484" pin="1"/><net_sink comp="131" pin=12"/></net>

<net id="1492"><net_src comp="699" pin="1"/><net_sink comp="1489" pin=0"/></net>

<net id="1493"><net_src comp="1489" pin="1"/><net_sink comp="131" pin=13"/></net>

<net id="1497"><net_src comp="704" pin="1"/><net_sink comp="1494" pin=0"/></net>

<net id="1498"><net_src comp="1494" pin="1"/><net_sink comp="131" pin=14"/></net>

<net id="1502"><net_src comp="709" pin="1"/><net_sink comp="1499" pin=0"/></net>

<net id="1503"><net_src comp="1499" pin="1"/><net_sink comp="131" pin=15"/></net>

<net id="1507"><net_src comp="714" pin="1"/><net_sink comp="1504" pin=0"/></net>

<net id="1508"><net_src comp="1504" pin="1"/><net_sink comp="131" pin=16"/></net>

<net id="1512"><net_src comp="719" pin="1"/><net_sink comp="1509" pin=0"/></net>

<net id="1513"><net_src comp="1509" pin="1"/><net_sink comp="131" pin=17"/></net>

<net id="1517"><net_src comp="724" pin="1"/><net_sink comp="1514" pin=0"/></net>

<net id="1518"><net_src comp="1514" pin="1"/><net_sink comp="131" pin=18"/></net>

<net id="1522"><net_src comp="729" pin="1"/><net_sink comp="1519" pin=0"/></net>

<net id="1523"><net_src comp="1519" pin="1"/><net_sink comp="131" pin=19"/></net>

<net id="1527"><net_src comp="734" pin="1"/><net_sink comp="1524" pin=0"/></net>

<net id="1528"><net_src comp="1524" pin="1"/><net_sink comp="131" pin=20"/></net>

<net id="1532"><net_src comp="739" pin="1"/><net_sink comp="1529" pin=0"/></net>

<net id="1533"><net_src comp="1529" pin="1"/><net_sink comp="131" pin=21"/></net>

<net id="1537"><net_src comp="744" pin="1"/><net_sink comp="1534" pin=0"/></net>

<net id="1538"><net_src comp="1534" pin="1"/><net_sink comp="131" pin=22"/></net>

<net id="1542"><net_src comp="749" pin="1"/><net_sink comp="1539" pin=0"/></net>

<net id="1543"><net_src comp="1539" pin="1"/><net_sink comp="131" pin=23"/></net>

<net id="1547"><net_src comp="754" pin="1"/><net_sink comp="1544" pin=0"/></net>

<net id="1548"><net_src comp="1544" pin="1"/><net_sink comp="131" pin=24"/></net>

<net id="1552"><net_src comp="759" pin="1"/><net_sink comp="1549" pin=0"/></net>

<net id="1553"><net_src comp="1549" pin="1"/><net_sink comp="131" pin=25"/></net>

<net id="1557"><net_src comp="764" pin="1"/><net_sink comp="1554" pin=0"/></net>

<net id="1558"><net_src comp="1554" pin="1"/><net_sink comp="131" pin=26"/></net>

<net id="1562"><net_src comp="769" pin="1"/><net_sink comp="1559" pin=0"/></net>

<net id="1563"><net_src comp="1559" pin="1"/><net_sink comp="131" pin=27"/></net>

<net id="1567"><net_src comp="774" pin="1"/><net_sink comp="1564" pin=0"/></net>

<net id="1568"><net_src comp="1564" pin="1"/><net_sink comp="131" pin=28"/></net>

<net id="1572"><net_src comp="779" pin="1"/><net_sink comp="1569" pin=0"/></net>

<net id="1573"><net_src comp="1569" pin="1"/><net_sink comp="131" pin=29"/></net>

<net id="1577"><net_src comp="784" pin="1"/><net_sink comp="1574" pin=0"/></net>

<net id="1578"><net_src comp="1574" pin="1"/><net_sink comp="131" pin=30"/></net>

<net id="1582"><net_src comp="789" pin="1"/><net_sink comp="1579" pin=0"/></net>

<net id="1583"><net_src comp="1579" pin="1"/><net_sink comp="131" pin=31"/></net>

<net id="1587"><net_src comp="794" pin="1"/><net_sink comp="1584" pin=0"/></net>

<net id="1588"><net_src comp="1584" pin="1"/><net_sink comp="131" pin=32"/></net>

<net id="1592"><net_src comp="799" pin="1"/><net_sink comp="1589" pin=0"/></net>

<net id="1593"><net_src comp="1589" pin="1"/><net_sink comp="131" pin=33"/></net>

<net id="1597"><net_src comp="804" pin="1"/><net_sink comp="1594" pin=0"/></net>

<net id="1598"><net_src comp="1594" pin="1"/><net_sink comp="131" pin=34"/></net>

<net id="1602"><net_src comp="809" pin="1"/><net_sink comp="1599" pin=0"/></net>

<net id="1603"><net_src comp="1599" pin="1"/><net_sink comp="131" pin=35"/></net>

<net id="1607"><net_src comp="814" pin="1"/><net_sink comp="1604" pin=0"/></net>

<net id="1608"><net_src comp="1604" pin="1"/><net_sink comp="131" pin=36"/></net>

<net id="1612"><net_src comp="819" pin="1"/><net_sink comp="1609" pin=0"/></net>

<net id="1613"><net_src comp="1609" pin="1"/><net_sink comp="131" pin=37"/></net>

<net id="1617"><net_src comp="824" pin="1"/><net_sink comp="1614" pin=0"/></net>

<net id="1618"><net_src comp="1614" pin="1"/><net_sink comp="131" pin=38"/></net>

<net id="1622"><net_src comp="829" pin="1"/><net_sink comp="1619" pin=0"/></net>

<net id="1623"><net_src comp="1619" pin="1"/><net_sink comp="131" pin=39"/></net>

<net id="1627"><net_src comp="834" pin="1"/><net_sink comp="1624" pin=0"/></net>

<net id="1628"><net_src comp="1624" pin="1"/><net_sink comp="131" pin=40"/></net>

<net id="1632"><net_src comp="839" pin="1"/><net_sink comp="1629" pin=0"/></net>

<net id="1633"><net_src comp="1629" pin="1"/><net_sink comp="131" pin=41"/></net>

<net id="1637"><net_src comp="844" pin="1"/><net_sink comp="1634" pin=0"/></net>

<net id="1638"><net_src comp="1634" pin="1"/><net_sink comp="131" pin=42"/></net>

<net id="1642"><net_src comp="849" pin="1"/><net_sink comp="1639" pin=0"/></net>

<net id="1643"><net_src comp="1639" pin="1"/><net_sink comp="131" pin=43"/></net>

<net id="1647"><net_src comp="854" pin="1"/><net_sink comp="1644" pin=0"/></net>

<net id="1648"><net_src comp="1644" pin="1"/><net_sink comp="131" pin=44"/></net>

<net id="1652"><net_src comp="859" pin="1"/><net_sink comp="1649" pin=0"/></net>

<net id="1653"><net_src comp="1649" pin="1"/><net_sink comp="131" pin=45"/></net>

<net id="1657"><net_src comp="864" pin="1"/><net_sink comp="1654" pin=0"/></net>

<net id="1658"><net_src comp="1654" pin="1"/><net_sink comp="131" pin=46"/></net>

<net id="1662"><net_src comp="869" pin="1"/><net_sink comp="1659" pin=0"/></net>

<net id="1663"><net_src comp="1659" pin="1"/><net_sink comp="131" pin=47"/></net>

<net id="1667"><net_src comp="874" pin="1"/><net_sink comp="1664" pin=0"/></net>

<net id="1668"><net_src comp="1664" pin="1"/><net_sink comp="131" pin=48"/></net>

<net id="1672"><net_src comp="879" pin="1"/><net_sink comp="1669" pin=0"/></net>

<net id="1673"><net_src comp="1669" pin="1"/><net_sink comp="131" pin=49"/></net>

<net id="1677"><net_src comp="884" pin="1"/><net_sink comp="1674" pin=0"/></net>

<net id="1678"><net_src comp="1674" pin="1"/><net_sink comp="131" pin=50"/></net>

<net id="1682"><net_src comp="889" pin="1"/><net_sink comp="1679" pin=0"/></net>

<net id="1683"><net_src comp="1679" pin="1"/><net_sink comp="131" pin=51"/></net>

<net id="1687"><net_src comp="894" pin="1"/><net_sink comp="1684" pin=0"/></net>

<net id="1688"><net_src comp="1684" pin="1"/><net_sink comp="131" pin=52"/></net>

<net id="1692"><net_src comp="899" pin="1"/><net_sink comp="1689" pin=0"/></net>

<net id="1693"><net_src comp="1689" pin="1"/><net_sink comp="131" pin=53"/></net>

<net id="1697"><net_src comp="904" pin="1"/><net_sink comp="1694" pin=0"/></net>

<net id="1698"><net_src comp="1694" pin="1"/><net_sink comp="131" pin=54"/></net>

<net id="1702"><net_src comp="909" pin="1"/><net_sink comp="1699" pin=0"/></net>

<net id="1703"><net_src comp="1699" pin="1"/><net_sink comp="131" pin=55"/></net>

<net id="1707"><net_src comp="914" pin="1"/><net_sink comp="1704" pin=0"/></net>

<net id="1708"><net_src comp="1704" pin="1"/><net_sink comp="131" pin=56"/></net>

<net id="1712"><net_src comp="919" pin="1"/><net_sink comp="1709" pin=0"/></net>

<net id="1713"><net_src comp="1709" pin="1"/><net_sink comp="131" pin=57"/></net>

<net id="1717"><net_src comp="924" pin="1"/><net_sink comp="1714" pin=0"/></net>

<net id="1718"><net_src comp="1714" pin="1"/><net_sink comp="131" pin=58"/></net>

<net id="1722"><net_src comp="929" pin="1"/><net_sink comp="1719" pin=0"/></net>

<net id="1723"><net_src comp="1719" pin="1"/><net_sink comp="131" pin=59"/></net>

<net id="1727"><net_src comp="934" pin="1"/><net_sink comp="1724" pin=0"/></net>

<net id="1728"><net_src comp="1724" pin="1"/><net_sink comp="131" pin=60"/></net>

<net id="1732"><net_src comp="939" pin="1"/><net_sink comp="1729" pin=0"/></net>

<net id="1733"><net_src comp="1729" pin="1"/><net_sink comp="131" pin=61"/></net>

<net id="1737"><net_src comp="944" pin="1"/><net_sink comp="1734" pin=0"/></net>

<net id="1738"><net_src comp="1734" pin="1"/><net_sink comp="131" pin=62"/></net>

<net id="1742"><net_src comp="949" pin="1"/><net_sink comp="1739" pin=0"/></net>

<net id="1743"><net_src comp="1739" pin="1"/><net_sink comp="131" pin=63"/></net>

<net id="1747"><net_src comp="954" pin="1"/><net_sink comp="1744" pin=0"/></net>

<net id="1748"><net_src comp="1744" pin="1"/><net_sink comp="131" pin=64"/></net>

<net id="1752"><net_src comp="1124" pin="1"/><net_sink comp="1749" pin=0"/></net>

<net id="1753"><net_src comp="1749" pin="1"/><net_sink comp="235" pin=2"/></net>

<net id="1757"><net_src comp="1129" pin="1"/><net_sink comp="1754" pin=0"/></net>

<net id="1758"><net_src comp="1754" pin="1"/><net_sink comp="235" pin=3"/></net>

<net id="1762"><net_src comp="1134" pin="1"/><net_sink comp="1759" pin=0"/></net>

<net id="1763"><net_src comp="1759" pin="1"/><net_sink comp="235" pin=4"/></net>

<net id="1767"><net_src comp="1139" pin="1"/><net_sink comp="1764" pin=0"/></net>

<net id="1768"><net_src comp="1764" pin="1"/><net_sink comp="235" pin=5"/></net>

<net id="1772"><net_src comp="1144" pin="1"/><net_sink comp="1769" pin=0"/></net>

<net id="1773"><net_src comp="1769" pin="1"/><net_sink comp="235" pin=6"/></net>

<net id="1777"><net_src comp="1149" pin="1"/><net_sink comp="1774" pin=0"/></net>

<net id="1778"><net_src comp="1774" pin="1"/><net_sink comp="235" pin=7"/></net>

<net id="1782"><net_src comp="1154" pin="1"/><net_sink comp="1779" pin=0"/></net>

<net id="1783"><net_src comp="1779" pin="1"/><net_sink comp="235" pin=8"/></net>

<net id="1787"><net_src comp="1159" pin="1"/><net_sink comp="1784" pin=0"/></net>

<net id="1788"><net_src comp="1784" pin="1"/><net_sink comp="235" pin=9"/></net>

<net id="1792"><net_src comp="1164" pin="1"/><net_sink comp="1789" pin=0"/></net>

<net id="1793"><net_src comp="1789" pin="1"/><net_sink comp="235" pin=10"/></net>

<net id="1797"><net_src comp="1169" pin="1"/><net_sink comp="1794" pin=0"/></net>

<net id="1798"><net_src comp="1794" pin="1"/><net_sink comp="235" pin=11"/></net>

<net id="1802"><net_src comp="1174" pin="1"/><net_sink comp="1799" pin=0"/></net>

<net id="1803"><net_src comp="1799" pin="1"/><net_sink comp="235" pin=12"/></net>

<net id="1807"><net_src comp="1179" pin="1"/><net_sink comp="1804" pin=0"/></net>

<net id="1808"><net_src comp="1804" pin="1"/><net_sink comp="235" pin=13"/></net>

<net id="1812"><net_src comp="1184" pin="1"/><net_sink comp="1809" pin=0"/></net>

<net id="1813"><net_src comp="1809" pin="1"/><net_sink comp="235" pin=14"/></net>

<net id="1817"><net_src comp="1189" pin="1"/><net_sink comp="1814" pin=0"/></net>

<net id="1818"><net_src comp="1814" pin="1"/><net_sink comp="235" pin=15"/></net>

<net id="1822"><net_src comp="1194" pin="1"/><net_sink comp="1819" pin=0"/></net>

<net id="1823"><net_src comp="1819" pin="1"/><net_sink comp="235" pin=16"/></net>

<net id="1827"><net_src comp="1199" pin="1"/><net_sink comp="1824" pin=0"/></net>

<net id="1828"><net_src comp="1824" pin="1"/><net_sink comp="235" pin=17"/></net>

<net id="1832"><net_src comp="1204" pin="1"/><net_sink comp="1829" pin=0"/></net>

<net id="1833"><net_src comp="1829" pin="1"/><net_sink comp="235" pin=18"/></net>

<net id="1837"><net_src comp="1209" pin="1"/><net_sink comp="1834" pin=0"/></net>

<net id="1838"><net_src comp="1834" pin="1"/><net_sink comp="235" pin=19"/></net>

<net id="1842"><net_src comp="1214" pin="1"/><net_sink comp="1839" pin=0"/></net>

<net id="1843"><net_src comp="1839" pin="1"/><net_sink comp="235" pin=20"/></net>

<net id="1847"><net_src comp="1219" pin="1"/><net_sink comp="1844" pin=0"/></net>

<net id="1848"><net_src comp="1844" pin="1"/><net_sink comp="235" pin=21"/></net>

<net id="1852"><net_src comp="1224" pin="1"/><net_sink comp="1849" pin=0"/></net>

<net id="1853"><net_src comp="1849" pin="1"/><net_sink comp="235" pin=22"/></net>

<net id="1857"><net_src comp="1229" pin="1"/><net_sink comp="1854" pin=0"/></net>

<net id="1858"><net_src comp="1854" pin="1"/><net_sink comp="235" pin=23"/></net>

<net id="1862"><net_src comp="1234" pin="1"/><net_sink comp="1859" pin=0"/></net>

<net id="1863"><net_src comp="1859" pin="1"/><net_sink comp="235" pin=24"/></net>

<net id="1867"><net_src comp="1239" pin="1"/><net_sink comp="1864" pin=0"/></net>

<net id="1868"><net_src comp="1864" pin="1"/><net_sink comp="235" pin=25"/></net>

<net id="1872"><net_src comp="1244" pin="1"/><net_sink comp="1869" pin=0"/></net>

<net id="1873"><net_src comp="1869" pin="1"/><net_sink comp="235" pin=26"/></net>

<net id="1877"><net_src comp="1249" pin="1"/><net_sink comp="1874" pin=0"/></net>

<net id="1878"><net_src comp="1874" pin="1"/><net_sink comp="235" pin=27"/></net>

<net id="1882"><net_src comp="1254" pin="1"/><net_sink comp="1879" pin=0"/></net>

<net id="1883"><net_src comp="1879" pin="1"/><net_sink comp="235" pin=28"/></net>

<net id="1887"><net_src comp="1259" pin="1"/><net_sink comp="1884" pin=0"/></net>

<net id="1888"><net_src comp="1884" pin="1"/><net_sink comp="235" pin=29"/></net>

<net id="1892"><net_src comp="1264" pin="1"/><net_sink comp="1889" pin=0"/></net>

<net id="1893"><net_src comp="1889" pin="1"/><net_sink comp="235" pin=30"/></net>

<net id="1897"><net_src comp="1269" pin="1"/><net_sink comp="1894" pin=0"/></net>

<net id="1898"><net_src comp="1894" pin="1"/><net_sink comp="235" pin=31"/></net>

<net id="1902"><net_src comp="1274" pin="1"/><net_sink comp="1899" pin=0"/></net>

<net id="1903"><net_src comp="1899" pin="1"/><net_sink comp="235" pin=32"/></net>

<net id="1907"><net_src comp="1364" pin="1"/><net_sink comp="1904" pin=0"/></net>

<net id="1908"><net_src comp="1904" pin="1"/><net_sink comp="291" pin=2"/></net>

<net id="1912"><net_src comp="1369" pin="1"/><net_sink comp="1909" pin=0"/></net>

<net id="1913"><net_src comp="1909" pin="1"/><net_sink comp="291" pin=3"/></net>

<net id="1917"><net_src comp="1374" pin="1"/><net_sink comp="1914" pin=0"/></net>

<net id="1918"><net_src comp="1914" pin="1"/><net_sink comp="291" pin=4"/></net>

<net id="1922"><net_src comp="1379" pin="1"/><net_sink comp="1919" pin=0"/></net>

<net id="1923"><net_src comp="1919" pin="1"/><net_sink comp="291" pin=5"/></net>

<net id="1927"><net_src comp="1384" pin="1"/><net_sink comp="1924" pin=0"/></net>

<net id="1928"><net_src comp="1924" pin="1"/><net_sink comp="291" pin=6"/></net>

<net id="1932"><net_src comp="1389" pin="1"/><net_sink comp="1929" pin=0"/></net>

<net id="1933"><net_src comp="1929" pin="1"/><net_sink comp="291" pin=7"/></net>

<net id="1937"><net_src comp="1394" pin="1"/><net_sink comp="1934" pin=0"/></net>

<net id="1938"><net_src comp="1934" pin="1"/><net_sink comp="291" pin=8"/></net>

<net id="1942"><net_src comp="1399" pin="1"/><net_sink comp="1939" pin=0"/></net>

<net id="1943"><net_src comp="1939" pin="1"/><net_sink comp="291" pin=9"/></net>

<net id="1947"><net_src comp="1404" pin="1"/><net_sink comp="1944" pin=0"/></net>

<net id="1948"><net_src comp="1944" pin="1"/><net_sink comp="291" pin=10"/></net>

<net id="1952"><net_src comp="1409" pin="1"/><net_sink comp="1949" pin=0"/></net>

<net id="1953"><net_src comp="1949" pin="1"/><net_sink comp="291" pin=11"/></net>

<net id="1957"><net_src comp="1414" pin="1"/><net_sink comp="1954" pin=0"/></net>

<net id="1958"><net_src comp="1954" pin="1"/><net_sink comp="291" pin=12"/></net>

<net id="1962"><net_src comp="1419" pin="1"/><net_sink comp="1959" pin=0"/></net>

<net id="1963"><net_src comp="1959" pin="1"/><net_sink comp="291" pin=13"/></net>

<net id="1967"><net_src comp="1424" pin="1"/><net_sink comp="1964" pin=0"/></net>

<net id="1968"><net_src comp="1964" pin="1"/><net_sink comp="291" pin=14"/></net>

<net id="1972"><net_src comp="1429" pin="1"/><net_sink comp="1969" pin=0"/></net>

<net id="1973"><net_src comp="1969" pin="1"/><net_sink comp="291" pin=15"/></net>

<net id="1977"><net_src comp="1434" pin="1"/><net_sink comp="1974" pin=0"/></net>

<net id="1978"><net_src comp="1974" pin="1"/><net_sink comp="291" pin=16"/></net>

</net_list>

</model> 
---------------- Datapath Model END ------------------

* FSMD analyzer results:
  - Output states:
	Port: layer9_out | {106 }
 - Input state : 
	Port: myproject : hidden_1_input | {1 }
	Port: myproject : sigmoid_table | {105 106 }
  - Chain level:
	State 1
	State 2
	State 3
	State 4
	State 5
	State 6
	State 7
	State 8
	State 9
	State 10
	State 11
	State 12
	State 13
	State 14
	State 15
	State 16
	State 17
	State 18
	State 19
	State 20
	State 21
	State 22
	State 23
	State 24
	State 25
	State 26
	State 27
	State 28
	State 29
	State 30
	State 31
		layer2_out : 1
		layer2_out_1 : 1
		layer2_out_2 : 1
		layer2_out_3 : 1
		layer2_out_4 : 1
		layer2_out_5 : 1
		layer2_out_6 : 1
		layer2_out_7 : 1
		layer2_out_8 : 1
		layer2_out_9 : 1
		layer2_out_10 : 1
		layer2_out_11 : 1
		layer2_out_12 : 1
		layer2_out_13 : 1
		layer2_out_14 : 1
		layer2_out_15 : 1
		layer2_out_16 : 1
		layer2_out_17 : 1
		layer2_out_18 : 1
		layer2_out_19 : 1
		layer2_out_20 : 1
		layer2_out_21 : 1
		layer2_out_22 : 1
		layer2_out_23 : 1
		layer2_out_24 : 1
		layer2_out_25 : 1
		layer2_out_26 : 1
		layer2_out_27 : 1
		layer2_out_28 : 1
		layer2_out_29 : 1
		layer2_out_30 : 1
		layer2_out_31 : 1
		layer2_out_32 : 1
		layer2_out_33 : 1
		layer2_out_34 : 1
		layer2_out_35 : 1
		layer2_out_36 : 1
		layer2_out_37 : 1
		layer2_out_38 : 1
		layer2_out_39 : 1
		layer2_out_40 : 1
		layer2_out_41 : 1
		layer2_out_42 : 1
		layer2_out_43 : 1
		layer2_out_44 : 1
		layer2_out_45 : 1
		layer2_out_46 : 1
		layer2_out_47 : 1
		layer2_out_48 : 1
		layer2_out_49 : 1
		layer2_out_50 : 1
		layer2_out_51 : 1
		layer2_out_52 : 1
		layer2_out_53 : 1
		layer2_out_54 : 1
		layer2_out_55 : 1
		layer2_out_56 : 1
		layer2_out_57 : 1
		layer2_out_58 : 1
		layer2_out_59 : 1
		layer2_out_60 : 1
		layer2_out_61 : 1
		layer2_out_62 : 1
		layer2_out_63 : 1
		call_ret2 : 2
		layer3_out : 3
		layer3_out_1 : 3
		layer3_out_2 : 3
		layer3_out_3 : 3
		layer3_out_4 : 3
		layer3_out_5 : 3
		layer3_out_6 : 3
		layer3_out_7 : 3
		layer3_out_8 : 3
		layer3_out_9 : 3
		layer3_out_10 : 3
		layer3_out_11 : 3
		layer3_out_12 : 3
		layer3_out_13 : 3
		layer3_out_14 : 3
		layer3_out_15 : 3
		layer3_out_16 : 3
		layer3_out_17 : 3
		layer3_out_18 : 3
		layer3_out_19 : 3
		layer3_out_20 : 3
		layer3_out_21 : 3
		layer3_out_22 : 3
		layer3_out_23 : 3
		layer3_out_24 : 3
		layer3_out_25 : 3
		layer3_out_26 : 3
		layer3_out_27 : 3
		layer3_out_28 : 3
		layer3_out_29 : 3
		layer3_out_30 : 3
		layer3_out_31 : 3
		layer3_out_32 : 3
		layer3_out_33 : 3
		layer3_out_34 : 3
		layer3_out_35 : 3
		layer3_out_36 : 3
		layer3_out_37 : 3
		layer3_out_38 : 3
		layer3_out_39 : 3
		layer3_out_40 : 3
		layer3_out_41 : 3
		layer3_out_42 : 3
		layer3_out_43 : 3
		layer3_out_44 : 3
		layer3_out_45 : 3
		layer3_out_46 : 3
		layer3_out_47 : 3
		layer3_out_48 : 3
		layer3_out_49 : 3
		layer3_out_50 : 3
		layer3_out_51 : 3
		layer3_out_52 : 3
		layer3_out_53 : 3
		layer3_out_54 : 3
		layer3_out_55 : 3
		layer3_out_56 : 3
		layer3_out_57 : 3
		layer3_out_58 : 3
		layer3_out_59 : 3
		layer3_out_60 : 3
		layer3_out_61 : 3
		layer3_out_62 : 3
		layer3_out_63 : 3
		call_ret3 : 4
	State 32
	State 33
	State 34
	State 35
	State 36
	State 37
	State 38
	State 39
	State 40
	State 41
	State 42
	State 43
	State 44
	State 45
	State 46
	State 47
	State 48
	State 49
	State 50
	State 51
	State 52
	State 53
	State 54
	State 55
	State 56
	State 57
	State 58
	State 59
	State 60
	State 61
		layer4_out : 1
		layer4_out_1 : 1
		layer4_out_2 : 1
		layer4_out_3 : 1
		layer4_out_4 : 1
		layer4_out_5 : 1
		layer4_out_6 : 1
		layer4_out_7 : 1
		layer4_out_8 : 1
		layer4_out_9 : 1
		layer4_out_10 : 1
		layer4_out_11 : 1
		layer4_out_12 : 1
		layer4_out_13 : 1
		layer4_out_14 : 1
		layer4_out_15 : 1
		layer4_out_16 : 1
		layer4_out_17 : 1
		layer4_out_18 : 1
		layer4_out_19 : 1
		layer4_out_20 : 1
		layer4_out_21 : 1
		layer4_out_22 : 1
		layer4_out_23 : 1
		layer4_out_24 : 1
		layer4_out_25 : 1
		layer4_out_26 : 1
		layer4_out_27 : 1
		layer4_out_28 : 1
		layer4_out_29 : 1
		layer4_out_30 : 1
		layer4_out_31 : 1
		call_ret4 : 2
		layer5_out : 3
		layer5_out_1 : 3
		layer5_out_2 : 3
		layer5_out_3 : 3
		layer5_out_4 : 3
		layer5_out_5 : 3
		layer5_out_6 : 3
		layer5_out_7 : 3
		layer5_out_8 : 3
		layer5_out_9 : 3
		layer5_out_10 : 3
		layer5_out_11 : 3
		layer5_out_12 : 3
		layer5_out_13 : 3
		layer5_out_14 : 3
		layer5_out_15 : 3
		layer5_out_16 : 3
		layer5_out_17 : 3
		layer5_out_18 : 3
		layer5_out_19 : 3
		layer5_out_20 : 3
		layer5_out_21 : 3
		layer5_out_22 : 3
		layer5_out_23 : 3
		layer5_out_24 : 3
		layer5_out_25 : 3
		layer5_out_26 : 3
		layer5_out_27 : 3
		layer5_out_28 : 3
		layer5_out_29 : 3
		layer5_out_30 : 3
		layer5_out_31 : 3
		call_ret5 : 4
	State 62
	State 63
	State 64
	State 65
	State 66
	State 67
	State 68
	State 69
	State 70
	State 71
	State 72
	State 73
	State 74
	State 75
	State 76
	State 77
	State 78
	State 79
	State 80
	State 81
	State 82
	State 83
	State 84
	State 85
	State 86
	State 87
	State 88
	State 89
	State 90
	State 91
		layer6_out : 1
		layer6_out_1 : 1
		layer6_out_2 : 1
		layer6_out_3 : 1
		layer6_out_4 : 1
		layer6_out_5 : 1
		layer6_out_6 : 1
		layer6_out_7 : 1
		layer6_out_8 : 1
		layer6_out_9 : 1
		layer6_out_10 : 1
		layer6_out_11 : 1
		layer6_out_12 : 1
		layer6_out_13 : 1
		layer6_out_14 : 1
		layer6_out_15 : 1
		call_ret6 : 2
		layer7_out : 3
		layer7_out_1 : 3
		layer7_out_2 : 3
		layer7_out_3 : 3
		layer7_out_4 : 3
		layer7_out_5 : 3
		layer7_out_6 : 3
		layer7_out_7 : 3
		layer7_out_8 : 3
		layer7_out_9 : 3
		layer7_out_10 : 3
		layer7_out_11 : 3
		layer7_out_12 : 3
		layer7_out_13 : 3
		layer7_out_14 : 3
		layer7_out_15 : 3
		layer8_out : 4
	State 92
	State 93
	State 94
	State 95
	State 96
	State 97
	State 98
	State 99
	State 100
	State 101
	State 102
	State 103
	State 104
	State 105
		call_ret : 1
	State 106
		zext_ln66 : 1
		write_ln66 : 2


============================================================
+ Verbose Summary: Datapath Resource usage 
============================================================

* Functional unit list:
|----------|-------------------------------------------------------------------------------|---------|---------|---------|---------|
| Operation|                                Functional Unit                                |   DSP   |  Delay  |    FF   |   LUT   |
|----------|-------------------------------------------------------------------------------|---------|---------|---------|---------|
|          |  grp_dense_latency_ap_fixed_32_16_5_3_0_ap_fixed_32_18_5_3_0_config2_s_fu_57  |   300   | 959.653 |  81956  |  202063 |
|          |  call_ret2_relu_ap_fixed_32_18_5_3_0_ap_fixed_16_6_5_3_0_relu_config3_s_fu_63 |    0    |    0    |    0    |   3520  |
|          |  grp_dense_latency_ap_fixed_16_6_5_3_0_ap_fixed_32_18_5_3_0_config4_s_fu_131  |    64   | 410.236 |  25593  |  67635  |
|   call   | call_ret4_relu_ap_fixed_32_18_5_3_0_ap_fixed_16_6_5_3_0_relu_config5_s_fu_199 |    0    |    0    |    0    |   1760  |
|          |  grp_dense_latency_ap_fixed_16_6_5_3_0_ap_fixed_32_18_5_3_0_config6_s_fu_235  |    16   |  102.56 |   8503  |  17123  |
|          | call_ret6_relu_ap_fixed_32_18_5_3_0_ap_fixed_16_6_5_3_0_relu_config7_s_fu_271 |    0    |    0    |    0    |   880   |
|          |  grp_dense_latency_ap_fixed_16_6_5_3_0_ap_fixed_32_18_5_3_0_config8_s_fu_291  |    1    |  4.4865 |   184   |   540   |
|          | grp_sigmoid_ap_fixed_32_18_5_3_0_ap_fixed_16_6_5_3_0_sigmoid_config9_s_fu_311 |    0    |  1.588  |    10   |   247   |
|----------|-------------------------------------------------------------------------------|---------|---------|---------|---------|
|   read   |                         hidden_1_input_read_read_fu_44                        |    0    |    0    |    0    |    0    |
|----------|-------------------------------------------------------------------------------|---------|---------|---------|---------|
|   write  |                             write_ln66_write_fu_50                            |    0    |    0    |    0    |    0    |
|----------|-------------------------------------------------------------------------------|---------|---------|---------|---------|
|          |                               layer2_out_fu_319                               |    0    |    0    |    0    |    0    |
|          |                              layer2_out_1_fu_324                              |    0    |    0    |    0    |    0    |
|          |                              layer2_out_2_fu_329                              |    0    |    0    |    0    |    0    |
|          |                              layer2_out_3_fu_334                              |    0    |    0    |    0    |    0    |
|          |                              layer2_out_4_fu_339                              |    0    |    0    |    0    |    0    |
|          |                              layer2_out_5_fu_344                              |    0    |    0    |    0    |    0    |
|          |                              layer2_out_6_fu_349                              |    0    |    0    |    0    |    0    |
|          |                              layer2_out_7_fu_354                              |    0    |    0    |    0    |    0    |
|          |                              layer2_out_8_fu_359                              |    0    |    0    |    0    |    0    |
|          |                              layer2_out_9_fu_364                              |    0    |    0    |    0    |    0    |
|          |                              layer2_out_10_fu_369                             |    0    |    0    |    0    |    0    |
|          |                              layer2_out_11_fu_374                             |    0    |    0    |    0    |    0    |
|          |                              layer2_out_12_fu_379                             |    0    |    0    |    0    |    0    |
|          |                              layer2_out_13_fu_384                             |    0    |    0    |    0    |    0    |
|          |                              layer2_out_14_fu_389                             |    0    |    0    |    0    |    0    |
|          |                              layer2_out_15_fu_394                             |    0    |    0    |    0    |    0    |
|          |                              layer2_out_16_fu_399                             |    0    |    0    |    0    |    0    |
|          |                              layer2_out_17_fu_404                             |    0    |    0    |    0    |    0    |
|          |                              layer2_out_18_fu_409                             |    0    |    0    |    0    |    0    |
|          |                              layer2_out_19_fu_414                             |    0    |    0    |    0    |    0    |
|          |                              layer2_out_20_fu_419                             |    0    |    0    |    0    |    0    |
|          |                              layer2_out_21_fu_424                             |    0    |    0    |    0    |    0    |
|          |                              layer2_out_22_fu_429                             |    0    |    0    |    0    |    0    |
|          |                              layer2_out_23_fu_434                             |    0    |    0    |    0    |    0    |
|          |                              layer2_out_24_fu_439                             |    0    |    0    |    0    |    0    |
|          |                              layer2_out_25_fu_444                             |    0    |    0    |    0    |    0    |
|          |                              layer2_out_26_fu_449                             |    0    |    0    |    0    |    0    |
|          |                              layer2_out_27_fu_454                             |    0    |    0    |    0    |    0    |
|          |                              layer2_out_28_fu_459                             |    0    |    0    |    0    |    0    |
|          |                              layer2_out_29_fu_464                             |    0    |    0    |    0    |    0    |
|          |                              layer2_out_30_fu_469                             |    0    |    0    |    0    |    0    |
|          |                              layer2_out_31_fu_474                             |    0    |    0    |    0    |    0    |
|          |                              layer2_out_32_fu_479                             |    0    |    0    |    0    |    0    |
|          |                              layer2_out_33_fu_484                             |    0    |    0    |    0    |    0    |
|          |                              layer2_out_34_fu_489                             |    0    |    0    |    0    |    0    |
|          |                              layer2_out_35_fu_494                             |    0    |    0    |    0    |    0    |
|          |                              layer2_out_36_fu_499                             |    0    |    0    |    0    |    0    |
|          |                              layer2_out_37_fu_504                             |    0    |    0    |    0    |    0    |
|          |                              layer2_out_38_fu_509                             |    0    |    0    |    0    |    0    |
|          |                              layer2_out_39_fu_514                             |    0    |    0    |    0    |    0    |
|          |                              layer2_out_40_fu_519                             |    0    |    0    |    0    |    0    |
|          |                              layer2_out_41_fu_524                             |    0    |    0    |    0    |    0    |
|          |                              layer2_out_42_fu_529                             |    0    |    0    |    0    |    0    |
|          |                              layer2_out_43_fu_534                             |    0    |    0    |    0    |    0    |
|          |                              layer2_out_44_fu_539                             |    0    |    0    |    0    |    0    |
|          |                              layer2_out_45_fu_544                             |    0    |    0    |    0    |    0    |
|          |                              layer2_out_46_fu_549                             |    0    |    0    |    0    |    0    |
|          |                              layer2_out_47_fu_554                             |    0    |    0    |    0    |    0    |
|          |                              layer2_out_48_fu_559                             |    0    |    0    |    0    |    0    |
|          |                              layer2_out_49_fu_564                             |    0    |    0    |    0    |    0    |
|          |                              layer2_out_50_fu_569                             |    0    |    0    |    0    |    0    |
|          |                              layer2_out_51_fu_574                             |    0    |    0    |    0    |    0    |
|          |                              layer2_out_52_fu_579                             |    0    |    0    |    0    |    0    |
|          |                              layer2_out_53_fu_584                             |    0    |    0    |    0    |    0    |
|          |                              layer2_out_54_fu_589                             |    0    |    0    |    0    |    0    |
|          |                              layer2_out_55_fu_594                             |    0    |    0    |    0    |    0    |
|          |                              layer2_out_56_fu_599                             |    0    |    0    |    0    |    0    |
|          |                              layer2_out_57_fu_604                             |    0    |    0    |    0    |    0    |
|          |                              layer2_out_58_fu_609                             |    0    |    0    |    0    |    0    |
|          |                              layer2_out_59_fu_614                             |    0    |    0    |    0    |    0    |
|          |                              layer2_out_60_fu_619                             |    0    |    0    |    0    |    0    |
|          |                              layer2_out_61_fu_624                             |    0    |    0    |    0    |    0    |
|          |                              layer2_out_62_fu_629                             |    0    |    0    |    0    |    0    |
|          |                              layer2_out_63_fu_634                             |    0    |    0    |    0    |    0    |
|          |                               layer3_out_fu_639                               |    0    |    0    |    0    |    0    |
|          |                              layer3_out_1_fu_644                              |    0    |    0    |    0    |    0    |
|          |                              layer3_out_2_fu_649                              |    0    |    0    |    0    |    0    |
|          |                              layer3_out_3_fu_654                              |    0    |    0    |    0    |    0    |
|          |                              layer3_out_4_fu_659                              |    0    |    0    |    0    |    0    |
|          |                              layer3_out_5_fu_664                              |    0    |    0    |    0    |    0    |
|          |                              layer3_out_6_fu_669                              |    0    |    0    |    0    |    0    |
|          |                              layer3_out_7_fu_674                              |    0    |    0    |    0    |    0    |
|          |                              layer3_out_8_fu_679                              |    0    |    0    |    0    |    0    |
|          |                              layer3_out_9_fu_684                              |    0    |    0    |    0    |    0    |
|          |                              layer3_out_10_fu_689                             |    0    |    0    |    0    |    0    |
|          |                              layer3_out_11_fu_694                             |    0    |    0    |    0    |    0    |
|          |                              layer3_out_12_fu_699                             |    0    |    0    |    0    |    0    |
|          |                              layer3_out_13_fu_704                             |    0    |    0    |    0    |    0    |
|          |                              layer3_out_14_fu_709                             |    0    |    0    |    0    |    0    |
|          |                              layer3_out_15_fu_714                             |    0    |    0    |    0    |    0    |
|          |                              layer3_out_16_fu_719                             |    0    |    0    |    0    |    0    |
|          |                              layer3_out_17_fu_724                             |    0    |    0    |    0    |    0    |
|          |                              layer3_out_18_fu_729                             |    0    |    0    |    0    |    0    |
|          |                              layer3_out_19_fu_734                             |    0    |    0    |    0    |    0    |
|          |                              layer3_out_20_fu_739                             |    0    |    0    |    0    |    0    |
|          |                              layer3_out_21_fu_744                             |    0    |    0    |    0    |    0    |
|          |                              layer3_out_22_fu_749                             |    0    |    0    |    0    |    0    |
|          |                              layer3_out_23_fu_754                             |    0    |    0    |    0    |    0    |
|          |                              layer3_out_24_fu_759                             |    0    |    0    |    0    |    0    |
|          |                              layer3_out_25_fu_764                             |    0    |    0    |    0    |    0    |
|          |                              layer3_out_26_fu_769                             |    0    |    0    |    0    |    0    |
|          |                              layer3_out_27_fu_774                             |    0    |    0    |    0    |    0    |
|          |                              layer3_out_28_fu_779                             |    0    |    0    |    0    |    0    |
|          |                              layer3_out_29_fu_784                             |    0    |    0    |    0    |    0    |
|          |                              layer3_out_30_fu_789                             |    0    |    0    |    0    |    0    |
|          |                              layer3_out_31_fu_794                             |    0    |    0    |    0    |    0    |
|          |                              layer3_out_32_fu_799                             |    0    |    0    |    0    |    0    |
|          |                              layer3_out_33_fu_804                             |    0    |    0    |    0    |    0    |
|          |                              layer3_out_34_fu_809                             |    0    |    0    |    0    |    0    |
|          |                              layer3_out_35_fu_814                             |    0    |    0    |    0    |    0    |
|          |                              layer3_out_36_fu_819                             |    0    |    0    |    0    |    0    |
|          |                              layer3_out_37_fu_824                             |    0    |    0    |    0    |    0    |
|          |                              layer3_out_38_fu_829                             |    0    |    0    |    0    |    0    |
|          |                              layer3_out_39_fu_834                             |    0    |    0    |    0    |    0    |
|          |                              layer3_out_40_fu_839                             |    0    |    0    |    0    |    0    |
|          |                              layer3_out_41_fu_844                             |    0    |    0    |    0    |    0    |
|          |                              layer3_out_42_fu_849                             |    0    |    0    |    0    |    0    |
|          |                              layer3_out_43_fu_854                             |    0    |    0    |    0    |    0    |
|          |                              layer3_out_44_fu_859                             |    0    |    0    |    0    |    0    |
|          |                              layer3_out_45_fu_864                             |    0    |    0    |    0    |    0    |
|          |                              layer3_out_46_fu_869                             |    0    |    0    |    0    |    0    |
|extractvalue|                              layer3_out_47_fu_874                             |    0    |    0    |    0    |    0    |
|          |                              layer3_out_48_fu_879                             |    0    |    0    |    0    |    0    |
|          |                              layer3_out_49_fu_884                             |    0    |    0    |    0    |    0    |
|          |                              layer3_out_50_fu_889                             |    0    |    0    |    0    |    0    |
|          |                              layer3_out_51_fu_894                             |    0    |    0    |    0    |    0    |
|          |                              layer3_out_52_fu_899                             |    0    |    0    |    0    |    0    |
|          |                              layer3_out_53_fu_904                             |    0    |    0    |    0    |    0    |
|          |                              layer3_out_54_fu_909                             |    0    |    0    |    0    |    0    |
|          |                              layer3_out_55_fu_914                             |    0    |    0    |    0    |    0    |
|          |                              layer3_out_56_fu_919                             |    0    |    0    |    0    |    0    |
|          |                              layer3_out_57_fu_924                             |    0    |    0    |    0    |    0    |
|          |                              layer3_out_58_fu_929                             |    0    |    0    |    0    |    0    |
|          |                              layer3_out_59_fu_934                             |    0    |    0    |    0    |    0    |
|          |                              layer3_out_60_fu_939                             |    0    |    0    |    0    |    0    |
|          |                              layer3_out_61_fu_944                             |    0    |    0    |    0    |    0    |
|          |                              layer3_out_62_fu_949                             |    0    |    0    |    0    |    0    |
|          |                              layer3_out_63_fu_954                             |    0    |    0    |    0    |    0    |
|          |                               layer4_out_fu_959                               |    0    |    0    |    0    |    0    |
|          |                              layer4_out_1_fu_964                              |    0    |    0    |    0    |    0    |
|          |                              layer4_out_2_fu_969                              |    0    |    0    |    0    |    0    |
|          |                              layer4_out_3_fu_974                              |    0    |    0    |    0    |    0    |
|          |                              layer4_out_4_fu_979                              |    0    |    0    |    0    |    0    |
|          |                              layer4_out_5_fu_984                              |    0    |    0    |    0    |    0    |
|          |                              layer4_out_6_fu_989                              |    0    |    0    |    0    |    0    |
|          |                              layer4_out_7_fu_994                              |    0    |    0    |    0    |    0    |
|          |                              layer4_out_8_fu_999                              |    0    |    0    |    0    |    0    |
|          |                              layer4_out_9_fu_1004                             |    0    |    0    |    0    |    0    |
|          |                             layer4_out_10_fu_1009                             |    0    |    0    |    0    |    0    |
|          |                             layer4_out_11_fu_1014                             |    0    |    0    |    0    |    0    |
|          |                             layer4_out_12_fu_1019                             |    0    |    0    |    0    |    0    |
|          |                             layer4_out_13_fu_1024                             |    0    |    0    |    0    |    0    |
|          |                             layer4_out_14_fu_1029                             |    0    |    0    |    0    |    0    |
|          |                             layer4_out_15_fu_1034                             |    0    |    0    |    0    |    0    |
|          |                             layer4_out_16_fu_1039                             |    0    |    0    |    0    |    0    |
|          |                             layer4_out_17_fu_1044                             |    0    |    0    |    0    |    0    |
|          |                             layer4_out_18_fu_1049                             |    0    |    0    |    0    |    0    |
|          |                             layer4_out_19_fu_1054                             |    0    |    0    |    0    |    0    |
|          |                             layer4_out_20_fu_1059                             |    0    |    0    |    0    |    0    |
|          |                             layer4_out_21_fu_1064                             |    0    |    0    |    0    |    0    |
|          |                             layer4_out_22_fu_1069                             |    0    |    0    |    0    |    0    |
|          |                             layer4_out_23_fu_1074                             |    0    |    0    |    0    |    0    |
|          |                             layer4_out_24_fu_1079                             |    0    |    0    |    0    |    0    |
|          |                             layer4_out_25_fu_1084                             |    0    |    0    |    0    |    0    |
|          |                             layer4_out_26_fu_1089                             |    0    |    0    |    0    |    0    |
|          |                             layer4_out_27_fu_1094                             |    0    |    0    |    0    |    0    |
|          |                             layer4_out_28_fu_1099                             |    0    |    0    |    0    |    0    |
|          |                             layer4_out_29_fu_1104                             |    0    |    0    |    0    |    0    |
|          |                             layer4_out_30_fu_1109                             |    0    |    0    |    0    |    0    |
|          |                             layer4_out_31_fu_1114                             |    0    |    0    |    0    |    0    |
|          |                               layer5_out_fu_1119                              |    0    |    0    |    0    |    0    |
|          |                              layer5_out_1_fu_1124                             |    0    |    0    |    0    |    0    |
|          |                              layer5_out_2_fu_1129                             |    0    |    0    |    0    |    0    |
|          |                              layer5_out_3_fu_1134                             |    0    |    0    |    0    |    0    |
|          |                              layer5_out_4_fu_1139                             |    0    |    0    |    0    |    0    |
|          |                              layer5_out_5_fu_1144                             |    0    |    0    |    0    |    0    |
|          |                              layer5_out_6_fu_1149                             |    0    |    0    |    0    |    0    |
|          |                              layer5_out_7_fu_1154                             |    0    |    0    |    0    |    0    |
|          |                              layer5_out_8_fu_1159                             |    0    |    0    |    0    |    0    |
|          |                              layer5_out_9_fu_1164                             |    0    |    0    |    0    |    0    |
|          |                             layer5_out_10_fu_1169                             |    0    |    0    |    0    |    0    |
|          |                             layer5_out_11_fu_1174                             |    0    |    0    |    0    |    0    |
|          |                             layer5_out_12_fu_1179                             |    0    |    0    |    0    |    0    |
|          |                             layer5_out_13_fu_1184                             |    0    |    0    |    0    |    0    |
|          |                             layer5_out_14_fu_1189                             |    0    |    0    |    0    |    0    |
|          |                             layer5_out_15_fu_1194                             |    0    |    0    |    0    |    0    |
|          |                             layer5_out_16_fu_1199                             |    0    |    0    |    0    |    0    |
|          |                             layer5_out_17_fu_1204                             |    0    |    0    |    0    |    0    |
|          |                             layer5_out_18_fu_1209                             |    0    |    0    |    0    |    0    |
|          |                             layer5_out_19_fu_1214                             |    0    |    0    |    0    |    0    |
|          |                             layer5_out_20_fu_1219                             |    0    |    0    |    0    |    0    |
|          |                             layer5_out_21_fu_1224                             |    0    |    0    |    0    |    0    |
|          |                             layer5_out_22_fu_1229                             |    0    |    0    |    0    |    0    |
|          |                             layer5_out_23_fu_1234                             |    0    |    0    |    0    |    0    |
|          |                             layer5_out_24_fu_1239                             |    0    |    0    |    0    |    0    |
|          |                             layer5_out_25_fu_1244                             |    0    |    0    |    0    |    0    |
|          |                             layer5_out_26_fu_1249                             |    0    |    0    |    0    |    0    |
|          |                             layer5_out_27_fu_1254                             |    0    |    0    |    0    |    0    |
|          |                             layer5_out_28_fu_1259                             |    0    |    0    |    0    |    0    |
|          |                             layer5_out_29_fu_1264                             |    0    |    0    |    0    |    0    |
|          |                             layer5_out_30_fu_1269                             |    0    |    0    |    0    |    0    |
|          |                             layer5_out_31_fu_1274                             |    0    |    0    |    0    |    0    |
|          |                               layer6_out_fu_1279                              |    0    |    0    |    0    |    0    |
|          |                              layer6_out_1_fu_1284                             |    0    |    0    |    0    |    0    |
|          |                              layer6_out_2_fu_1289                             |    0    |    0    |    0    |    0    |
|          |                              layer6_out_3_fu_1294                             |    0    |    0    |    0    |    0    |
|          |                              layer6_out_4_fu_1299                             |    0    |    0    |    0    |    0    |
|          |                              layer6_out_5_fu_1304                             |    0    |    0    |    0    |    0    |
|          |                              layer6_out_6_fu_1309                             |    0    |    0    |    0    |    0    |
|          |                              layer6_out_7_fu_1314                             |    0    |    0    |    0    |    0    |
|          |                              layer6_out_8_fu_1319                             |    0    |    0    |    0    |    0    |
|          |                              layer6_out_9_fu_1324                             |    0    |    0    |    0    |    0    |
|          |                             layer6_out_10_fu_1329                             |    0    |    0    |    0    |    0    |
|          |                             layer6_out_11_fu_1334                             |    0    |    0    |    0    |    0    |
|          |                             layer6_out_12_fu_1339                             |    0    |    0    |    0    |    0    |
|          |                             layer6_out_13_fu_1344                             |    0    |    0    |    0    |    0    |
|          |                             layer6_out_14_fu_1349                             |    0    |    0    |    0    |    0    |
|          |                             layer6_out_15_fu_1354                             |    0    |    0    |    0    |    0    |
|          |                               layer7_out_fu_1359                              |    0    |    0    |    0    |    0    |
|          |                              layer7_out_1_fu_1364                             |    0    |    0    |    0    |    0    |
|          |                              layer7_out_2_fu_1369                             |    0    |    0    |    0    |    0    |
|          |                              layer7_out_3_fu_1374                             |    0    |    0    |    0    |    0    |
|          |                              layer7_out_4_fu_1379                             |    0    |    0    |    0    |    0    |
|          |                              layer7_out_5_fu_1384                             |    0    |    0    |    0    |    0    |
|          |                              layer7_out_6_fu_1389                             |    0    |    0    |    0    |    0    |
|          |                              layer7_out_7_fu_1394                             |    0    |    0    |    0    |    0    |
|          |                              layer7_out_8_fu_1399                             |    0    |    0    |    0    |    0    |
|          |                              layer7_out_9_fu_1404                             |    0    |    0    |    0    |    0    |
|          |                             layer7_out_10_fu_1409                             |    0    |    0    |    0    |    0    |
|          |                             layer7_out_11_fu_1414                             |    0    |    0    |    0    |    0    |
|          |                             layer7_out_12_fu_1419                             |    0    |    0    |    0    |    0    |
|          |                             layer7_out_13_fu_1424                             |    0    |    0    |    0    |    0    |
|          |                             layer7_out_14_fu_1429                             |    0    |    0    |    0    |    0    |
|          |                             layer7_out_15_fu_1434                             |    0    |    0    |    0    |    0    |
|----------|-------------------------------------------------------------------------------|---------|---------|---------|---------|
|   zext   |                               zext_ln66_fu_1439                               |    0    |    0    |    0    |    0    |
|----------|-------------------------------------------------------------------------------|---------|---------|---------|---------|
|   Total  |                                                                               |   381   | 1478.52 |  116246 |  293768 |
|----------|-------------------------------------------------------------------------------|---------|---------|---------|---------|

Memories:
+-------------+--------+--------+--------+
|             |  BRAM  |   FF   |   LUT  |
+-------------+--------+--------+--------+
|sigmoid_table|    1   |    0   |    0   |
+-------------+--------+--------+--------+
|    Total    |    1   |    0   |    0   |
+-------------+--------+--------+--------+

* Register list:
+----------------------+--------+
|                      |   FF   |
+----------------------+--------+
|layer3_out_10_reg_1479|   16   |
|layer3_out_11_reg_1484|   16   |
|layer3_out_12_reg_1489|   16   |
|layer3_out_13_reg_1494|   16   |
|layer3_out_14_reg_1499|   16   |
|layer3_out_15_reg_1504|   16   |
|layer3_out_16_reg_1509|   16   |
|layer3_out_17_reg_1514|   16   |
|layer3_out_18_reg_1519|   16   |
|layer3_out_19_reg_1524|   16   |
|layer3_out_20_reg_1529|   16   |
|layer3_out_21_reg_1534|   16   |
|layer3_out_22_reg_1539|   16   |
|layer3_out_23_reg_1544|   16   |
|layer3_out_24_reg_1549|   16   |
|layer3_out_25_reg_1554|   16   |
|layer3_out_26_reg_1559|   16   |
|layer3_out_27_reg_1564|   16   |
|layer3_out_28_reg_1569|   16   |
|layer3_out_29_reg_1574|   16   |
|layer3_out_30_reg_1579|   16   |
|layer3_out_31_reg_1584|   16   |
|layer3_out_32_reg_1589|   16   |
|layer3_out_33_reg_1594|   16   |
|layer3_out_34_reg_1599|   16   |
|layer3_out_35_reg_1604|   16   |
|layer3_out_36_reg_1609|   16   |
|layer3_out_37_reg_1614|   16   |
|layer3_out_38_reg_1619|   16   |
|layer3_out_39_reg_1624|   16   |
| layer3_out_3_reg_1444|   16   |
|layer3_out_40_reg_1629|   16   |
|layer3_out_41_reg_1634|   16   |
|layer3_out_42_reg_1639|   16   |
|layer3_out_43_reg_1644|   16   |
|layer3_out_44_reg_1649|   16   |
|layer3_out_45_reg_1654|   16   |
|layer3_out_46_reg_1659|   16   |
|layer3_out_47_reg_1664|   16   |
|layer3_out_48_reg_1669|   16   |
|layer3_out_49_reg_1674|   16   |
| layer3_out_4_reg_1449|   16   |
|layer3_out_50_reg_1679|   16   |
|layer3_out_51_reg_1684|   16   |
|layer3_out_52_reg_1689|   16   |
|layer3_out_53_reg_1694|   16   |
|layer3_out_54_reg_1699|   16   |
|layer3_out_55_reg_1704|   16   |
|layer3_out_56_reg_1709|   16   |
|layer3_out_57_reg_1714|   16   |
|layer3_out_58_reg_1719|   16   |
|layer3_out_59_reg_1724|   16   |
| layer3_out_5_reg_1454|   16   |
|layer3_out_60_reg_1729|   16   |
|layer3_out_61_reg_1734|   16   |
|layer3_out_62_reg_1739|   16   |
|layer3_out_63_reg_1744|   16   |
| layer3_out_6_reg_1459|   16   |
| layer3_out_7_reg_1464|   16   |
| layer3_out_8_reg_1469|   16   |
| layer3_out_9_reg_1474|   16   |
|layer5_out_10_reg_1794|   16   |
|layer5_out_11_reg_1799|   16   |
|layer5_out_12_reg_1804|   16   |
|layer5_out_13_reg_1809|   16   |
|layer5_out_14_reg_1814|   16   |
|layer5_out_15_reg_1819|   16   |
|layer5_out_16_reg_1824|   16   |
|layer5_out_17_reg_1829|   16   |
|layer5_out_18_reg_1834|   16   |
|layer5_out_19_reg_1839|   16   |
| layer5_out_1_reg_1749|   16   |
|layer5_out_20_reg_1844|   16   |
|layer5_out_21_reg_1849|   16   |
|layer5_out_22_reg_1854|   16   |
|layer5_out_23_reg_1859|   16   |
|layer5_out_24_reg_1864|   16   |
|layer5_out_25_reg_1869|   16   |
|layer5_out_26_reg_1874|   16   |
|layer5_out_27_reg_1879|   16   |
|layer5_out_28_reg_1884|   16   |
|layer5_out_29_reg_1889|   16   |
| layer5_out_2_reg_1754|   16   |
|layer5_out_30_reg_1894|   16   |
|layer5_out_31_reg_1899|   16   |
| layer5_out_3_reg_1759|   16   |
| layer5_out_4_reg_1764|   16   |
| layer5_out_5_reg_1769|   16   |
| layer5_out_6_reg_1774|   16   |
| layer5_out_7_reg_1779|   16   |
| layer5_out_8_reg_1784|   16   |
| layer5_out_9_reg_1789|   16   |
|layer7_out_10_reg_1949|   16   |
|layer7_out_11_reg_1954|   16   |
|layer7_out_12_reg_1959|   16   |
|layer7_out_13_reg_1964|   16   |
|layer7_out_14_reg_1969|   16   |
|layer7_out_15_reg_1974|   16   |
| layer7_out_1_reg_1904|   16   |
| layer7_out_2_reg_1909|   16   |
| layer7_out_3_reg_1914|   16   |
| layer7_out_4_reg_1919|   16   |
| layer7_out_5_reg_1924|   16   |
| layer7_out_6_reg_1929|   16   |
| layer7_out_7_reg_1934|   16   |
| layer7_out_8_reg_1939|   16   |
| layer7_out_9_reg_1944|   16   |
+----------------------+--------+
|         Total        |  1712  |
+----------------------+--------+

* Multiplexer (MUX) list: 
|-----------------------------------------------------------------------------|------|------|------|--------||---------||---------|
|                                     Comp                                    |  Pin | Size |  BW  | S x BW ||  Delay  ||   LUT   |
|-----------------------------------------------------------------------------|------|------|------|--------||---------||---------|
| grp_dense_latency_ap_fixed_16_6_5_3_0_ap_fixed_32_18_5_3_0_config4_s_fu_131 |  p4  |   2  |  16  |   32   ||    9    |
| grp_dense_latency_ap_fixed_16_6_5_3_0_ap_fixed_32_18_5_3_0_config4_s_fu_131 |  p5  |   2  |  16  |   32   ||    9    |
| grp_dense_latency_ap_fixed_16_6_5_3_0_ap_fixed_32_18_5_3_0_config4_s_fu_131 |  p6  |   2  |  16  |   32   ||    9    |
| grp_dense_latency_ap_fixed_16_6_5_3_0_ap_fixed_32_18_5_3_0_config4_s_fu_131 |  p7  |   2  |  16  |   32   ||    9    |
| grp_dense_latency_ap_fixed_16_6_5_3_0_ap_fixed_32_18_5_3_0_config4_s_fu_131 |  p8  |   2  |  16  |   32   ||    9    |
| grp_dense_latency_ap_fixed_16_6_5_3_0_ap_fixed_32_18_5_3_0_config4_s_fu_131 |  p9  |   2  |  16  |   32   ||    9    |
| grp_dense_latency_ap_fixed_16_6_5_3_0_ap_fixed_32_18_5_3_0_config4_s_fu_131 |  p10 |   2  |  16  |   32   ||    9    |
| grp_dense_latency_ap_fixed_16_6_5_3_0_ap_fixed_32_18_5_3_0_config4_s_fu_131 |  p11 |   2  |  16  |   32   ||    9    |
| grp_dense_latency_ap_fixed_16_6_5_3_0_ap_fixed_32_18_5_3_0_config4_s_fu_131 |  p12 |   2  |  16  |   32   ||    9    |
| grp_dense_latency_ap_fixed_16_6_5_3_0_ap_fixed_32_18_5_3_0_config4_s_fu_131 |  p13 |   2  |  16  |   32   ||    9    |
| grp_dense_latency_ap_fixed_16_6_5_3_0_ap_fixed_32_18_5_3_0_config4_s_fu_131 |  p14 |   2  |  16  |   32   ||    9    |
| grp_dense_latency_ap_fixed_16_6_5_3_0_ap_fixed_32_18_5_3_0_config4_s_fu_131 |  p15 |   2  |  16  |   32   ||    9    |
| grp_dense_latency_ap_fixed_16_6_5_3_0_ap_fixed_32_18_5_3_0_config4_s_fu_131 |  p16 |   2  |  16  |   32   ||    9    |
| grp_dense_latency_ap_fixed_16_6_5_3_0_ap_fixed_32_18_5_3_0_config4_s_fu_131 |  p17 |   2  |  16  |   32   ||    9    |
| grp_dense_latency_ap_fixed_16_6_5_3_0_ap_fixed_32_18_5_3_0_config4_s_fu_131 |  p18 |   2  |  16  |   32   ||    9    |
| grp_dense_latency_ap_fixed_16_6_5_3_0_ap_fixed_32_18_5_3_0_config4_s_fu_131 |  p19 |   2  |  16  |   32   ||    9    |
| grp_dense_latency_ap_fixed_16_6_5_3_0_ap_fixed_32_18_5_3_0_config4_s_fu_131 |  p20 |   2  |  16  |   32   ||    9    |
| grp_dense_latency_ap_fixed_16_6_5_3_0_ap_fixed_32_18_5_3_0_config4_s_fu_131 |  p21 |   2  |  16  |   32   ||    9    |
| grp_dense_latency_ap_fixed_16_6_5_3_0_ap_fixed_32_18_5_3_0_config4_s_fu_131 |  p22 |   2  |  16  |   32   ||    9    |
| grp_dense_latency_ap_fixed_16_6_5_3_0_ap_fixed_32_18_5_3_0_config4_s_fu_131 |  p23 |   2  |  16  |   32   ||    9    |
| grp_dense_latency_ap_fixed_16_6_5_3_0_ap_fixed_32_18_5_3_0_config4_s_fu_131 |  p24 |   2  |  16  |   32   ||    9    |
| grp_dense_latency_ap_fixed_16_6_5_3_0_ap_fixed_32_18_5_3_0_config4_s_fu_131 |  p25 |   2  |  16  |   32   ||    9    |
| grp_dense_latency_ap_fixed_16_6_5_3_0_ap_fixed_32_18_5_3_0_config4_s_fu_131 |  p26 |   2  |  16  |   32   ||    9    |
| grp_dense_latency_ap_fixed_16_6_5_3_0_ap_fixed_32_18_5_3_0_config4_s_fu_131 |  p27 |   2  |  16  |   32   ||    9    |
| grp_dense_latency_ap_fixed_16_6_5_3_0_ap_fixed_32_18_5_3_0_config4_s_fu_131 |  p28 |   2  |  16  |   32   ||    9    |
| grp_dense_latency_ap_fixed_16_6_5_3_0_ap_fixed_32_18_5_3_0_config4_s_fu_131 |  p29 |   2  |  16  |   32   ||    9    |
| grp_dense_latency_ap_fixed_16_6_5_3_0_ap_fixed_32_18_5_3_0_config4_s_fu_131 |  p30 |   2  |  16  |   32   ||    9    |
| grp_dense_latency_ap_fixed_16_6_5_3_0_ap_fixed_32_18_5_3_0_config4_s_fu_131 |  p31 |   2  |  16  |   32   ||    9    |
| grp_dense_latency_ap_fixed_16_6_5_3_0_ap_fixed_32_18_5_3_0_config4_s_fu_131 |  p32 |   2  |  16  |   32   ||    9    |
| grp_dense_latency_ap_fixed_16_6_5_3_0_ap_fixed_32_18_5_3_0_config4_s_fu_131 |  p33 |   2  |  16  |   32   ||    9    |
| grp_dense_latency_ap_fixed_16_6_5_3_0_ap_fixed_32_18_5_3_0_config4_s_fu_131 |  p34 |   2  |  16  |   32   ||    9    |
| grp_dense_latency_ap_fixed_16_6_5_3_0_ap_fixed_32_18_5_3_0_config4_s_fu_131 |  p35 |   2  |  16  |   32   ||    9    |
| grp_dense_latency_ap_fixed_16_6_5_3_0_ap_fixed_32_18_5_3_0_config4_s_fu_131 |  p36 |   2  |  16  |   32   ||    9    |
| grp_dense_latency_ap_fixed_16_6_5_3_0_ap_fixed_32_18_5_3_0_config4_s_fu_131 |  p37 |   2  |  16  |   32   ||    9    |
| grp_dense_latency_ap_fixed_16_6_5_3_0_ap_fixed_32_18_5_3_0_config4_s_fu_131 |  p38 |   2  |  16  |   32   ||    9    |
| grp_dense_latency_ap_fixed_16_6_5_3_0_ap_fixed_32_18_5_3_0_config4_s_fu_131 |  p39 |   2  |  16  |   32   ||    9    |
| grp_dense_latency_ap_fixed_16_6_5_3_0_ap_fixed_32_18_5_3_0_config4_s_fu_131 |  p40 |   2  |  16  |   32   ||    9    |
| grp_dense_latency_ap_fixed_16_6_5_3_0_ap_fixed_32_18_5_3_0_config4_s_fu_131 |  p41 |   2  |  16  |   32   ||    9    |
| grp_dense_latency_ap_fixed_16_6_5_3_0_ap_fixed_32_18_5_3_0_config4_s_fu_131 |  p42 |   2  |  16  |   32   ||    9    |
| grp_dense_latency_ap_fixed_16_6_5_3_0_ap_fixed_32_18_5_3_0_config4_s_fu_131 |  p43 |   2  |  16  |   32   ||    9    |
| grp_dense_latency_ap_fixed_16_6_5_3_0_ap_fixed_32_18_5_3_0_config4_s_fu_131 |  p44 |   2  |  16  |   32   ||    9    |
| grp_dense_latency_ap_fixed_16_6_5_3_0_ap_fixed_32_18_5_3_0_config4_s_fu_131 |  p45 |   2  |  16  |   32   ||    9    |
| grp_dense_latency_ap_fixed_16_6_5_3_0_ap_fixed_32_18_5_3_0_config4_s_fu_131 |  p46 |   2  |  16  |   32   ||    9    |
| grp_dense_latency_ap_fixed_16_6_5_3_0_ap_fixed_32_18_5_3_0_config4_s_fu_131 |  p47 |   2  |  16  |   32   ||    9    |
| grp_dense_latency_ap_fixed_16_6_5_3_0_ap_fixed_32_18_5_3_0_config4_s_fu_131 |  p48 |   2  |  16  |   32   ||    9    |
| grp_dense_latency_ap_fixed_16_6_5_3_0_ap_fixed_32_18_5_3_0_config4_s_fu_131 |  p49 |   2  |  16  |   32   ||    9    |
| grp_dense_latency_ap_fixed_16_6_5_3_0_ap_fixed_32_18_5_3_0_config4_s_fu_131 |  p50 |   2  |  16  |   32   ||    9    |
| grp_dense_latency_ap_fixed_16_6_5_3_0_ap_fixed_32_18_5_3_0_config4_s_fu_131 |  p51 |   2  |  16  |   32   ||    9    |
| grp_dense_latency_ap_fixed_16_6_5_3_0_ap_fixed_32_18_5_3_0_config4_s_fu_131 |  p52 |   2  |  16  |   32   ||    9    |
| grp_dense_latency_ap_fixed_16_6_5_3_0_ap_fixed_32_18_5_3_0_config4_s_fu_131 |  p53 |   2  |  16  |   32   ||    9    |
| grp_dense_latency_ap_fixed_16_6_5_3_0_ap_fixed_32_18_5_3_0_config4_s_fu_131 |  p54 |   2  |  16  |   32   ||    9    |
| grp_dense_latency_ap_fixed_16_6_5_3_0_ap_fixed_32_18_5_3_0_config4_s_fu_131 |  p55 |   2  |  16  |   32   ||    9    |
| grp_dense_latency_ap_fixed_16_6_5_3_0_ap_fixed_32_18_5_3_0_config4_s_fu_131 |  p56 |   2  |  16  |   32   ||    9    |
| grp_dense_latency_ap_fixed_16_6_5_3_0_ap_fixed_32_18_5_3_0_config4_s_fu_131 |  p57 |   2  |  16  |   32   ||    9    |
| grp_dense_latency_ap_fixed_16_6_5_3_0_ap_fixed_32_18_5_3_0_config4_s_fu_131 |  p58 |   2  |  16  |   32   ||    9    |
| grp_dense_latency_ap_fixed_16_6_5_3_0_ap_fixed_32_18_5_3_0_config4_s_fu_131 |  p59 |   2  |  16  |   32   ||    9    |
| grp_dense_latency_ap_fixed_16_6_5_3_0_ap_fixed_32_18_5_3_0_config4_s_fu_131 |  p60 |   2  |  16  |   32   ||    9    |
| grp_dense_latency_ap_fixed_16_6_5_3_0_ap_fixed_32_18_5_3_0_config4_s_fu_131 |  p61 |   2  |  16  |   32   ||    9    |
| grp_dense_latency_ap_fixed_16_6_5_3_0_ap_fixed_32_18_5_3_0_config4_s_fu_131 |  p62 |   2  |  16  |   32   ||    9    |
| grp_dense_latency_ap_fixed_16_6_5_3_0_ap_fixed_32_18_5_3_0_config4_s_fu_131 |  p63 |   2  |  16  |   32   ||    9    |
| grp_dense_latency_ap_fixed_16_6_5_3_0_ap_fixed_32_18_5_3_0_config4_s_fu_131 |  p64 |   2  |  16  |   32   ||    9    |
| grp_dense_latency_ap_fixed_16_6_5_3_0_ap_fixed_32_18_5_3_0_config6_s_fu_235 |  p2  |   2  |  16  |   32   ||    9    |
| grp_dense_latency_ap_fixed_16_6_5_3_0_ap_fixed_32_18_5_3_0_config6_s_fu_235 |  p3  |   2  |  16  |   32   ||    9    |
| grp_dense_latency_ap_fixed_16_6_5_3_0_ap_fixed_32_18_5_3_0_config6_s_fu_235 |  p4  |   2  |  16  |   32   ||    9    |
| grp_dense_latency_ap_fixed_16_6_5_3_0_ap_fixed_32_18_5_3_0_config6_s_fu_235 |  p5  |   2  |  16  |   32   ||    9    |
| grp_dense_latency_ap_fixed_16_6_5_3_0_ap_fixed_32_18_5_3_0_config6_s_fu_235 |  p6  |   2  |  16  |   32   ||    9    |
| grp_dense_latency_ap_fixed_16_6_5_3_0_ap_fixed_32_18_5_3_0_config6_s_fu_235 |  p7  |   2  |  16  |   32   ||    9    |
| grp_dense_latency_ap_fixed_16_6_5_3_0_ap_fixed_32_18_5_3_0_config6_s_fu_235 |  p8  |   2  |  16  |   32   ||    9    |
| grp_dense_latency_ap_fixed_16_6_5_3_0_ap_fixed_32_18_5_3_0_config6_s_fu_235 |  p9  |   2  |  16  |   32   ||    9    |
| grp_dense_latency_ap_fixed_16_6_5_3_0_ap_fixed_32_18_5_3_0_config6_s_fu_235 |  p10 |   2  |  16  |   32   ||    9    |
| grp_dense_latency_ap_fixed_16_6_5_3_0_ap_fixed_32_18_5_3_0_config6_s_fu_235 |  p11 |   2  |  16  |   32   ||    9    |
| grp_dense_latency_ap_fixed_16_6_5_3_0_ap_fixed_32_18_5_3_0_config6_s_fu_235 |  p12 |   2  |  16  |   32   ||    9    |
| grp_dense_latency_ap_fixed_16_6_5_3_0_ap_fixed_32_18_5_3_0_config6_s_fu_235 |  p13 |   2  |  16  |   32   ||    9    |
| grp_dense_latency_ap_fixed_16_6_5_3_0_ap_fixed_32_18_5_3_0_config6_s_fu_235 |  p14 |   2  |  16  |   32   ||    9    |
| grp_dense_latency_ap_fixed_16_6_5_3_0_ap_fixed_32_18_5_3_0_config6_s_fu_235 |  p15 |   2  |  16  |   32   ||    9    |
| grp_dense_latency_ap_fixed_16_6_5_3_0_ap_fixed_32_18_5_3_0_config6_s_fu_235 |  p16 |   2  |  16  |   32   ||    9    |
| grp_dense_latency_ap_fixed_16_6_5_3_0_ap_fixed_32_18_5_3_0_config6_s_fu_235 |  p17 |   2  |  16  |   32   ||    9    |
| grp_dense_latency_ap_fixed_16_6_5_3_0_ap_fixed_32_18_5_3_0_config6_s_fu_235 |  p18 |   2  |  16  |   32   ||    9    |
| grp_dense_latency_ap_fixed_16_6_5_3_0_ap_fixed_32_18_5_3_0_config6_s_fu_235 |  p19 |   2  |  16  |   32   ||    9    |
| grp_dense_latency_ap_fixed_16_6_5_3_0_ap_fixed_32_18_5_3_0_config6_s_fu_235 |  p20 |   2  |  16  |   32   ||    9    |
| grp_dense_latency_ap_fixed_16_6_5_3_0_ap_fixed_32_18_5_3_0_config6_s_fu_235 |  p21 |   2  |  16  |   32   ||    9    |
| grp_dense_latency_ap_fixed_16_6_5_3_0_ap_fixed_32_18_5_3_0_config6_s_fu_235 |  p22 |   2  |  16  |   32   ||    9    |
| grp_dense_latency_ap_fixed_16_6_5_3_0_ap_fixed_32_18_5_3_0_config6_s_fu_235 |  p23 |   2  |  16  |   32   ||    9    |
| grp_dense_latency_ap_fixed_16_6_5_3_0_ap_fixed_32_18_5_3_0_config6_s_fu_235 |  p24 |   2  |  16  |   32   ||    9    |
| grp_dense_latency_ap_fixed_16_6_5_3_0_ap_fixed_32_18_5_3_0_config6_s_fu_235 |  p25 |   2  |  16  |   32   ||    9    |
| grp_dense_latency_ap_fixed_16_6_5_3_0_ap_fixed_32_18_5_3_0_config6_s_fu_235 |  p26 |   2  |  16  |   32   ||    9    |
| grp_dense_latency_ap_fixed_16_6_5_3_0_ap_fixed_32_18_5_3_0_config6_s_fu_235 |  p27 |   2  |  16  |   32   ||    9    |
| grp_dense_latency_ap_fixed_16_6_5_3_0_ap_fixed_32_18_5_3_0_config6_s_fu_235 |  p28 |   2  |  16  |   32   ||    9    |
| grp_dense_latency_ap_fixed_16_6_5_3_0_ap_fixed_32_18_5_3_0_config6_s_fu_235 |  p29 |   2  |  16  |   32   ||    9    |
| grp_dense_latency_ap_fixed_16_6_5_3_0_ap_fixed_32_18_5_3_0_config6_s_fu_235 |  p30 |   2  |  16  |   32   ||    9    |
| grp_dense_latency_ap_fixed_16_6_5_3_0_ap_fixed_32_18_5_3_0_config6_s_fu_235 |  p31 |   2  |  16  |   32   ||    9    |
| grp_dense_latency_ap_fixed_16_6_5_3_0_ap_fixed_32_18_5_3_0_config6_s_fu_235 |  p32 |   2  |  16  |   32   ||    9    |
| grp_dense_latency_ap_fixed_16_6_5_3_0_ap_fixed_32_18_5_3_0_config8_s_fu_291 |  p2  |   2  |  16  |   32   ||    9    |
| grp_dense_latency_ap_fixed_16_6_5_3_0_ap_fixed_32_18_5_3_0_config8_s_fu_291 |  p3  |   2  |  16  |   32   ||    9    |
| grp_dense_latency_ap_fixed_16_6_5_3_0_ap_fixed_32_18_5_3_0_config8_s_fu_291 |  p4  |   2  |  16  |   32   ||    9    |
| grp_dense_latency_ap_fixed_16_6_5_3_0_ap_fixed_32_18_5_3_0_config8_s_fu_291 |  p5  |   2  |  16  |   32   ||    9    |
| grp_dense_latency_ap_fixed_16_6_5_3_0_ap_fixed_32_18_5_3_0_config8_s_fu_291 |  p6  |   2  |  16  |   32   ||    9    |
| grp_dense_latency_ap_fixed_16_6_5_3_0_ap_fixed_32_18_5_3_0_config8_s_fu_291 |  p7  |   2  |  16  |   32   ||    9    |
| grp_dense_latency_ap_fixed_16_6_5_3_0_ap_fixed_32_18_5_3_0_config8_s_fu_291 |  p8  |   2  |  16  |   32   ||    9    |
| grp_dense_latency_ap_fixed_16_6_5_3_0_ap_fixed_32_18_5_3_0_config8_s_fu_291 |  p9  |   2  |  16  |   32   ||    9    |
| grp_dense_latency_ap_fixed_16_6_5_3_0_ap_fixed_32_18_5_3_0_config8_s_fu_291 |  p10 |   2  |  16  |   32   ||    9    |
| grp_dense_latency_ap_fixed_16_6_5_3_0_ap_fixed_32_18_5_3_0_config8_s_fu_291 |  p11 |   2  |  16  |   32   ||    9    |
| grp_dense_latency_ap_fixed_16_6_5_3_0_ap_fixed_32_18_5_3_0_config8_s_fu_291 |  p12 |   2  |  16  |   32   ||    9    |
| grp_dense_latency_ap_fixed_16_6_5_3_0_ap_fixed_32_18_5_3_0_config8_s_fu_291 |  p13 |   2  |  16  |   32   ||    9    |
| grp_dense_latency_ap_fixed_16_6_5_3_0_ap_fixed_32_18_5_3_0_config8_s_fu_291 |  p14 |   2  |  16  |   32   ||    9    |
| grp_dense_latency_ap_fixed_16_6_5_3_0_ap_fixed_32_18_5_3_0_config8_s_fu_291 |  p15 |   2  |  16  |   32   ||    9    |
| grp_dense_latency_ap_fixed_16_6_5_3_0_ap_fixed_32_18_5_3_0_config8_s_fu_291 |  p16 |   2  |  16  |   32   ||    9    |
|-----------------------------------------------------------------------------|------|------|------|--------||---------||---------|
|                                    Total                                    |      |      |      |  3424  || 169.916 ||   963   |
|-----------------------------------------------------------------------------|------|------|------|--------||---------||---------|



* Summary:
+-----------+--------+--------+--------+--------+--------+
|           |  BRAM  |   DSP  |  Delay |   FF   |   LUT  |
+-----------+--------+--------+--------+--------+--------+
|  Function |    -   |   381  |  1478  | 116246 | 293768 |
|   Memory  |    1   |    -   |    -   |    0   |    0   |
|Multiplexer|    -   |    -   |   169  |    -   |   963  |
|  Register |    -   |    -   |    -   |  1712  |    -   |
+-----------+--------+--------+--------+--------+--------+
|   Total   |    1   |   381  |  1648  | 117958 | 294731 |
+-----------+--------+--------+--------+--------+--------+
