

================================================================
== Vitis HLS Report for 'relu_ap_fixed_32_18_5_3_0_ap_fixed_16_6_5_3_0_relu_config5_s'
================================================================
* Date:           Sat Nov 15 21:47:23 2025

* Version:        2023.1 (Build 3854077 on May  4 2023)
* Project:        myproject_prj
* Solution:       solution1 (Vivado IP Flow Target)
* Product family: zynq
* Target device:  xc7z020-clg400-1


================================================================
== Performance Estimates
================================================================
+ Timing: 
    * Summary: 
    +--------+---------+----------+------------+
    |  Clock |  Target | Estimated| Uncertainty|
    +--------+---------+----------+------------+
    |ap_clk  |  0.10 us|  3.357 ns|    27.00 ns|
    +--------+---------+----------+------------+

+ Latency: 
    * Summary: 
    +---------+---------+----------+----------+-----+-----+---------+
    |  Latency (cycles) |  Latency (absolute) |  Interval | Pipeline|
    |   min   |   max   |    min   |    max   | min | max |   Type  |
    +---------+---------+----------+----------+-----+-----+---------+
    |        0|        0|      0 ns|      0 ns|    1|    1|      yes|
    +---------+---------+----------+----------+-----+-----+---------+

    + Detail: 
        * Instance: 
        N/A

        * Loop: 
        N/A

============================================================
+ Verbose Summary: Synthesis Manager
============================================================
InlineROM: 1
ExposeGlobal: 0
============================================================
+ Verbose Summary: CDFG Model
============================================================
IsTopModel: 0
ResetActiveHigh: 1
IsCombinational: 0
IsDatapathOnly: 0
HasWiredReturn: 1
HasMFsm: 2
HasVarLatency: 0
IsPipeline: 1
IsRtlPipelined: 0
IsInstanceOverlapped: 0
IsDontTouch: 0
HasImplIP: 0
IsGatedGlobalClock: 0

+ Individual pipeline summary: 
  * Pipeline-0: initiation interval (II) = 1, depth = 1


============================================================
+ Verbose Summary: Schedule
============================================================
* Number of FSM states : 1
* Pipeline : 1
  Pipeline-0 : II = 1, D = 1, States = { 1 }
* Dataflow Pipeline: 0

* FSM state transitions: 
1 --> 

* FSM state operations: 

State 1 <SV = 0> <Delay = 3.35>
ST_1 : Operation 2 [1/1] (0.00ns)   --->   "%specpipeline_ln43 = specpipeline void @_ssdm_op_SpecPipeline, i32 4294967295, i32 0, i32 0, i32 0, void @empty_0" [firmware/nnet_utils/nnet_activation.h:43]   --->   Operation 2 'specpipeline' 'specpipeline_ln43' <Predicate = true> <Delay = 0.00>
ST_1 : Operation 3 [1/1] (0.00ns)   --->   "%data_31_val_read = read i32 @_ssdm_op_Read.ap_auto.i32, i32 %data_31_val" [firmware/nnet_utils/nnet_activation.h:42]   --->   Operation 3 'read' 'data_31_val_read' <Predicate = true> <Delay = 0.00>
ST_1 : Operation 4 [1/1] (0.00ns)   --->   "%data_30_val_read = read i32 @_ssdm_op_Read.ap_auto.i32, i32 %data_30_val" [firmware/nnet_utils/nnet_activation.h:42]   --->   Operation 4 'read' 'data_30_val_read' <Predicate = true> <Delay = 0.00>
ST_1 : Operation 5 [1/1] (0.00ns)   --->   "%data_29_val_read = read i32 @_ssdm_op_Read.ap_auto.i32, i32 %data_29_val" [firmware/nnet_utils/nnet_activation.h:42]   --->   Operation 5 'read' 'data_29_val_read' <Predicate = true> <Delay = 0.00>
ST_1 : Operation 6 [1/1] (0.00ns)   --->   "%data_28_val_read = read i32 @_ssdm_op_Read.ap_auto.i32, i32 %data_28_val" [firmware/nnet_utils/nnet_activation.h:42]   --->   Operation 6 'read' 'data_28_val_read' <Predicate = true> <Delay = 0.00>
ST_1 : Operation 7 [1/1] (0.00ns)   --->   "%data_27_val_read = read i32 @_ssdm_op_Read.ap_auto.i32, i32 %data_27_val" [firmware/nnet_utils/nnet_activation.h:42]   --->   Operation 7 'read' 'data_27_val_read' <Predicate = true> <Delay = 0.00>
ST_1 : Operation 8 [1/1] (0.00ns)   --->   "%data_26_val_read = read i32 @_ssdm_op_Read.ap_auto.i32, i32 %data_26_val" [firmware/nnet_utils/nnet_activation.h:42]   --->   Operation 8 'read' 'data_26_val_read' <Predicate = true> <Delay = 0.00>
ST_1 : Operation 9 [1/1] (0.00ns)   --->   "%data_25_val_read = read i32 @_ssdm_op_Read.ap_auto.i32, i32 %data_25_val" [firmware/nnet_utils/nnet_activation.h:42]   --->   Operation 9 'read' 'data_25_val_read' <Predicate = true> <Delay = 0.00>
ST_1 : Operation 10 [1/1] (0.00ns)   --->   "%data_24_val_read = read i32 @_ssdm_op_Read.ap_auto.i32, i32 %data_24_val" [firmware/nnet_utils/nnet_activation.h:42]   --->   Operation 10 'read' 'data_24_val_read' <Predicate = true> <Delay = 0.00>
ST_1 : Operation 11 [1/1] (0.00ns)   --->   "%data_23_val_read = read i32 @_ssdm_op_Read.ap_auto.i32, i32 %data_23_val" [firmware/nnet_utils/nnet_activation.h:42]   --->   Operation 11 'read' 'data_23_val_read' <Predicate = true> <Delay = 0.00>
ST_1 : Operation 12 [1/1] (0.00ns)   --->   "%data_22_val_read = read i32 @_ssdm_op_Read.ap_auto.i32, i32 %data_22_val" [firmware/nnet_utils/nnet_activation.h:42]   --->   Operation 12 'read' 'data_22_val_read' <Predicate = true> <Delay = 0.00>
ST_1 : Operation 13 [1/1] (0.00ns)   --->   "%data_21_val_read = read i32 @_ssdm_op_Read.ap_auto.i32, i32 %data_21_val" [firmware/nnet_utils/nnet_activation.h:42]   --->   Operation 13 'read' 'data_21_val_read' <Predicate = true> <Delay = 0.00>
ST_1 : Operation 14 [1/1] (0.00ns)   --->   "%data_20_val_read = read i32 @_ssdm_op_Read.ap_auto.i32, i32 %data_20_val" [firmware/nnet_utils/nnet_activation.h:42]   --->   Operation 14 'read' 'data_20_val_read' <Predicate = true> <Delay = 0.00>
ST_1 : Operation 15 [1/1] (0.00ns)   --->   "%data_19_val_read = read i32 @_ssdm_op_Read.ap_auto.i32, i32 %data_19_val" [firmware/nnet_utils/nnet_activation.h:42]   --->   Operation 15 'read' 'data_19_val_read' <Predicate = true> <Delay = 0.00>
ST_1 : Operation 16 [1/1] (0.00ns)   --->   "%data_18_val_read = read i32 @_ssdm_op_Read.ap_auto.i32, i32 %data_18_val" [firmware/nnet_utils/nnet_activation.h:42]   --->   Operation 16 'read' 'data_18_val_read' <Predicate = true> <Delay = 0.00>
ST_1 : Operation 17 [1/1] (0.00ns)   --->   "%data_17_val_read = read i32 @_ssdm_op_Read.ap_auto.i32, i32 %data_17_val" [firmware/nnet_utils/nnet_activation.h:42]   --->   Operation 17 'read' 'data_17_val_read' <Predicate = true> <Delay = 0.00>
ST_1 : Operation 18 [1/1] (0.00ns)   --->   "%data_16_val_read = read i32 @_ssdm_op_Read.ap_auto.i32, i32 %data_16_val" [firmware/nnet_utils/nnet_activation.h:42]   --->   Operation 18 'read' 'data_16_val_read' <Predicate = true> <Delay = 0.00>
ST_1 : Operation 19 [1/1] (0.00ns)   --->   "%data_15_val_read = read i32 @_ssdm_op_Read.ap_auto.i32, i32 %data_15_val" [firmware/nnet_utils/nnet_activation.h:42]   --->   Operation 19 'read' 'data_15_val_read' <Predicate = true> <Delay = 0.00>
ST_1 : Operation 20 [1/1] (0.00ns)   --->   "%data_14_val_read = read i32 @_ssdm_op_Read.ap_auto.i32, i32 %data_14_val" [firmware/nnet_utils/nnet_activation.h:42]   --->   Operation 20 'read' 'data_14_val_read' <Predicate = true> <Delay = 0.00>
ST_1 : Operation 21 [1/1] (0.00ns)   --->   "%data_13_val_read = read i32 @_ssdm_op_Read.ap_auto.i32, i32 %data_13_val" [firmware/nnet_utils/nnet_activation.h:42]   --->   Operation 21 'read' 'data_13_val_read' <Predicate = true> <Delay = 0.00>
ST_1 : Operation 22 [1/1] (0.00ns)   --->   "%data_12_val_read = read i32 @_ssdm_op_Read.ap_auto.i32, i32 %data_12_val" [firmware/nnet_utils/nnet_activation.h:42]   --->   Operation 22 'read' 'data_12_val_read' <Predicate = true> <Delay = 0.00>
ST_1 : Operation 23 [1/1] (0.00ns)   --->   "%data_11_val_read = read i32 @_ssdm_op_Read.ap_auto.i32, i32 %data_11_val" [firmware/nnet_utils/nnet_activation.h:42]   --->   Operation 23 'read' 'data_11_val_read' <Predicate = true> <Delay = 0.00>
ST_1 : Operation 24 [1/1] (0.00ns)   --->   "%data_10_val_read = read i32 @_ssdm_op_Read.ap_auto.i32, i32 %data_10_val" [firmware/nnet_utils/nnet_activation.h:42]   --->   Operation 24 'read' 'data_10_val_read' <Predicate = true> <Delay = 0.00>
ST_1 : Operation 25 [1/1] (0.00ns)   --->   "%data_9_val_read = read i32 @_ssdm_op_Read.ap_auto.i32, i32 %data_9_val" [firmware/nnet_utils/nnet_activation.h:42]   --->   Operation 25 'read' 'data_9_val_read' <Predicate = true> <Delay = 0.00>
ST_1 : Operation 26 [1/1] (0.00ns)   --->   "%data_8_val_read = read i32 @_ssdm_op_Read.ap_auto.i32, i32 %data_8_val" [firmware/nnet_utils/nnet_activation.h:42]   --->   Operation 26 'read' 'data_8_val_read' <Predicate = true> <Delay = 0.00>
ST_1 : Operation 27 [1/1] (0.00ns)   --->   "%data_7_val_read = read i32 @_ssdm_op_Read.ap_auto.i32, i32 %data_7_val" [firmware/nnet_utils/nnet_activation.h:42]   --->   Operation 27 'read' 'data_7_val_read' <Predicate = true> <Delay = 0.00>
ST_1 : Operation 28 [1/1] (0.00ns)   --->   "%data_6_val_read = read i32 @_ssdm_op_Read.ap_auto.i32, i32 %data_6_val" [firmware/nnet_utils/nnet_activation.h:42]   --->   Operation 28 'read' 'data_6_val_read' <Predicate = true> <Delay = 0.00>
ST_1 : Operation 29 [1/1] (0.00ns)   --->   "%data_5_val_read = read i32 @_ssdm_op_Read.ap_auto.i32, i32 %data_5_val" [firmware/nnet_utils/nnet_activation.h:42]   --->   Operation 29 'read' 'data_5_val_read' <Predicate = true> <Delay = 0.00>
ST_1 : Operation 30 [1/1] (0.00ns)   --->   "%data_4_val_read = read i32 @_ssdm_op_Read.ap_auto.i32, i32 %data_4_val" [firmware/nnet_utils/nnet_activation.h:42]   --->   Operation 30 'read' 'data_4_val_read' <Predicate = true> <Delay = 0.00>
ST_1 : Operation 31 [1/1] (0.00ns)   --->   "%data_3_val_read = read i32 @_ssdm_op_Read.ap_auto.i32, i32 %data_3_val" [firmware/nnet_utils/nnet_activation.h:42]   --->   Operation 31 'read' 'data_3_val_read' <Predicate = true> <Delay = 0.00>
ST_1 : Operation 32 [1/1] (0.00ns)   --->   "%data_2_val_read = read i32 @_ssdm_op_Read.ap_auto.i32, i32 %data_2_val" [firmware/nnet_utils/nnet_activation.h:42]   --->   Operation 32 'read' 'data_2_val_read' <Predicate = true> <Delay = 0.00>
ST_1 : Operation 33 [1/1] (0.00ns)   --->   "%data_1_val_read = read i32 @_ssdm_op_Read.ap_auto.i32, i32 %data_1_val" [firmware/nnet_utils/nnet_activation.h:42]   --->   Operation 33 'read' 'data_1_val_read' <Predicate = true> <Delay = 0.00>
ST_1 : Operation 34 [1/1] (0.00ns)   --->   "%data_0_val_read = read i32 @_ssdm_op_Read.ap_auto.i32, i32 %data_0_val" [firmware/nnet_utils/nnet_activation.h:42]   --->   Operation 34 'read' 'data_0_val_read' <Predicate = true> <Delay = 0.00>
ST_1 : Operation 35 [1/1] (2.55ns)   --->   "%icmp_ln45 = icmp_sgt  i32 %data_0_val_read, i32 0" [firmware/nnet_utils/nnet_activation.h:45]   --->   Operation 35 'icmp' 'icmp_ln45' <Predicate = true> <Delay = 2.55> <CoreInst = "Cmp">   --->   Core 9 'Cmp' <Latency = 0> <II = 1> <Delay = 2.55> <FuncUnit> <Opcode : 'icmp'> <InPorts = 2> <OutPorts = 1>
ST_1 : Operation 36 [1/1] (0.00ns)   --->   "%trunc_ln = partselect i16 @_ssdm_op_PartSelect.i16.i32.i32.i32, i32 %data_0_val_read, i32 4, i32 19" [firmware/nnet_utils/nnet_activation.h:46]   --->   Operation 36 'partselect' 'trunc_ln' <Predicate = (icmp_ln45)> <Delay = 0.00>
ST_1 : Operation 37 [1/1] (0.80ns)   --->   "%select_ln45 = select i1 %icmp_ln45, i16 %trunc_ln, i16 0" [firmware/nnet_utils/nnet_activation.h:45]   --->   Operation 37 'select' 'select_ln45' <Predicate = true> <Delay = 0.80> <CoreInst = "Sel">   --->   Core 73 'Sel' <Latency = 0> <II = 1> <Delay = 0.80> <FuncUnit> <Opcode : 'select'> <InPorts = 3> <OutPorts = 1>
ST_1 : Operation 38 [1/1] (2.55ns)   --->   "%icmp_ln45_16 = icmp_sgt  i32 %data_1_val_read, i32 0" [firmware/nnet_utils/nnet_activation.h:45]   --->   Operation 38 'icmp' 'icmp_ln45_16' <Predicate = true> <Delay = 2.55> <CoreInst = "Cmp">   --->   Core 9 'Cmp' <Latency = 0> <II = 1> <Delay = 2.55> <FuncUnit> <Opcode : 'icmp'> <InPorts = 2> <OutPorts = 1>
ST_1 : Operation 39 [1/1] (0.00ns)   --->   "%trunc_ln46_s = partselect i16 @_ssdm_op_PartSelect.i16.i32.i32.i32, i32 %data_1_val_read, i32 4, i32 19" [firmware/nnet_utils/nnet_activation.h:46]   --->   Operation 39 'partselect' 'trunc_ln46_s' <Predicate = (icmp_ln45_16)> <Delay = 0.00>
ST_1 : Operation 40 [1/1] (0.80ns)   --->   "%select_ln45_16 = select i1 %icmp_ln45_16, i16 %trunc_ln46_s, i16 0" [firmware/nnet_utils/nnet_activation.h:45]   --->   Operation 40 'select' 'select_ln45_16' <Predicate = true> <Delay = 0.80> <CoreInst = "Sel">   --->   Core 73 'Sel' <Latency = 0> <II = 1> <Delay = 0.80> <FuncUnit> <Opcode : 'select'> <InPorts = 3> <OutPorts = 1>
ST_1 : Operation 41 [1/1] (2.55ns)   --->   "%icmp_ln45_17 = icmp_sgt  i32 %data_2_val_read, i32 0" [firmware/nnet_utils/nnet_activation.h:45]   --->   Operation 41 'icmp' 'icmp_ln45_17' <Predicate = true> <Delay = 2.55> <CoreInst = "Cmp">   --->   Core 9 'Cmp' <Latency = 0> <II = 1> <Delay = 2.55> <FuncUnit> <Opcode : 'icmp'> <InPorts = 2> <OutPorts = 1>
ST_1 : Operation 42 [1/1] (0.00ns)   --->   "%trunc_ln46_15 = partselect i16 @_ssdm_op_PartSelect.i16.i32.i32.i32, i32 %data_2_val_read, i32 4, i32 19" [firmware/nnet_utils/nnet_activation.h:46]   --->   Operation 42 'partselect' 'trunc_ln46_15' <Predicate = (icmp_ln45_17)> <Delay = 0.00>
ST_1 : Operation 43 [1/1] (0.80ns)   --->   "%select_ln45_17 = select i1 %icmp_ln45_17, i16 %trunc_ln46_15, i16 0" [firmware/nnet_utils/nnet_activation.h:45]   --->   Operation 43 'select' 'select_ln45_17' <Predicate = true> <Delay = 0.80> <CoreInst = "Sel">   --->   Core 73 'Sel' <Latency = 0> <II = 1> <Delay = 0.80> <FuncUnit> <Opcode : 'select'> <InPorts = 3> <OutPorts = 1>
ST_1 : Operation 44 [1/1] (2.55ns)   --->   "%icmp_ln45_18 = icmp_sgt  i32 %data_3_val_read, i32 0" [firmware/nnet_utils/nnet_activation.h:45]   --->   Operation 44 'icmp' 'icmp_ln45_18' <Predicate = true> <Delay = 2.55> <CoreInst = "Cmp">   --->   Core 9 'Cmp' <Latency = 0> <II = 1> <Delay = 2.55> <FuncUnit> <Opcode : 'icmp'> <InPorts = 2> <OutPorts = 1>
ST_1 : Operation 45 [1/1] (0.00ns)   --->   "%trunc_ln46_16 = partselect i16 @_ssdm_op_PartSelect.i16.i32.i32.i32, i32 %data_3_val_read, i32 4, i32 19" [firmware/nnet_utils/nnet_activation.h:46]   --->   Operation 45 'partselect' 'trunc_ln46_16' <Predicate = (icmp_ln45_18)> <Delay = 0.00>
ST_1 : Operation 46 [1/1] (0.80ns)   --->   "%select_ln45_18 = select i1 %icmp_ln45_18, i16 %trunc_ln46_16, i16 0" [firmware/nnet_utils/nnet_activation.h:45]   --->   Operation 46 'select' 'select_ln45_18' <Predicate = true> <Delay = 0.80> <CoreInst = "Sel">   --->   Core 73 'Sel' <Latency = 0> <II = 1> <Delay = 0.80> <FuncUnit> <Opcode : 'select'> <InPorts = 3> <OutPorts = 1>
ST_1 : Operation 47 [1/1] (2.55ns)   --->   "%icmp_ln45_19 = icmp_sgt  i32 %data_4_val_read, i32 0" [firmware/nnet_utils/nnet_activation.h:45]   --->   Operation 47 'icmp' 'icmp_ln45_19' <Predicate = true> <Delay = 2.55> <CoreInst = "Cmp">   --->   Core 9 'Cmp' <Latency = 0> <II = 1> <Delay = 2.55> <FuncUnit> <Opcode : 'icmp'> <InPorts = 2> <OutPorts = 1>
ST_1 : Operation 48 [1/1] (0.00ns)   --->   "%trunc_ln46_17 = partselect i16 @_ssdm_op_PartSelect.i16.i32.i32.i32, i32 %data_4_val_read, i32 4, i32 19" [firmware/nnet_utils/nnet_activation.h:46]   --->   Operation 48 'partselect' 'trunc_ln46_17' <Predicate = (icmp_ln45_19)> <Delay = 0.00>
ST_1 : Operation 49 [1/1] (0.80ns)   --->   "%select_ln45_19 = select i1 %icmp_ln45_19, i16 %trunc_ln46_17, i16 0" [firmware/nnet_utils/nnet_activation.h:45]   --->   Operation 49 'select' 'select_ln45_19' <Predicate = true> <Delay = 0.80> <CoreInst = "Sel">   --->   Core 73 'Sel' <Latency = 0> <II = 1> <Delay = 0.80> <FuncUnit> <Opcode : 'select'> <InPorts = 3> <OutPorts = 1>
ST_1 : Operation 50 [1/1] (2.55ns)   --->   "%icmp_ln45_20 = icmp_sgt  i32 %data_5_val_read, i32 0" [firmware/nnet_utils/nnet_activation.h:45]   --->   Operation 50 'icmp' 'icmp_ln45_20' <Predicate = true> <Delay = 2.55> <CoreInst = "Cmp">   --->   Core 9 'Cmp' <Latency = 0> <II = 1> <Delay = 2.55> <FuncUnit> <Opcode : 'icmp'> <InPorts = 2> <OutPorts = 1>
ST_1 : Operation 51 [1/1] (0.00ns)   --->   "%trunc_ln46_18 = partselect i16 @_ssdm_op_PartSelect.i16.i32.i32.i32, i32 %data_5_val_read, i32 4, i32 19" [firmware/nnet_utils/nnet_activation.h:46]   --->   Operation 51 'partselect' 'trunc_ln46_18' <Predicate = (icmp_ln45_20)> <Delay = 0.00>
ST_1 : Operation 52 [1/1] (0.80ns)   --->   "%select_ln45_20 = select i1 %icmp_ln45_20, i16 %trunc_ln46_18, i16 0" [firmware/nnet_utils/nnet_activation.h:45]   --->   Operation 52 'select' 'select_ln45_20' <Predicate = true> <Delay = 0.80> <CoreInst = "Sel">   --->   Core 73 'Sel' <Latency = 0> <II = 1> <Delay = 0.80> <FuncUnit> <Opcode : 'select'> <InPorts = 3> <OutPorts = 1>
ST_1 : Operation 53 [1/1] (2.55ns)   --->   "%icmp_ln45_21 = icmp_sgt  i32 %data_6_val_read, i32 0" [firmware/nnet_utils/nnet_activation.h:45]   --->   Operation 53 'icmp' 'icmp_ln45_21' <Predicate = true> <Delay = 2.55> <CoreInst = "Cmp">   --->   Core 9 'Cmp' <Latency = 0> <II = 1> <Delay = 2.55> <FuncUnit> <Opcode : 'icmp'> <InPorts = 2> <OutPorts = 1>
ST_1 : Operation 54 [1/1] (0.00ns)   --->   "%trunc_ln46_19 = partselect i16 @_ssdm_op_PartSelect.i16.i32.i32.i32, i32 %data_6_val_read, i32 4, i32 19" [firmware/nnet_utils/nnet_activation.h:46]   --->   Operation 54 'partselect' 'trunc_ln46_19' <Predicate = (icmp_ln45_21)> <Delay = 0.00>
ST_1 : Operation 55 [1/1] (0.80ns)   --->   "%select_ln45_21 = select i1 %icmp_ln45_21, i16 %trunc_ln46_19, i16 0" [firmware/nnet_utils/nnet_activation.h:45]   --->   Operation 55 'select' 'select_ln45_21' <Predicate = true> <Delay = 0.80> <CoreInst = "Sel">   --->   Core 73 'Sel' <Latency = 0> <II = 1> <Delay = 0.80> <FuncUnit> <Opcode : 'select'> <InPorts = 3> <OutPorts = 1>
ST_1 : Operation 56 [1/1] (2.55ns)   --->   "%icmp_ln45_22 = icmp_sgt  i32 %data_7_val_read, i32 0" [firmware/nnet_utils/nnet_activation.h:45]   --->   Operation 56 'icmp' 'icmp_ln45_22' <Predicate = true> <Delay = 2.55> <CoreInst = "Cmp">   --->   Core 9 'Cmp' <Latency = 0> <II = 1> <Delay = 2.55> <FuncUnit> <Opcode : 'icmp'> <InPorts = 2> <OutPorts = 1>
ST_1 : Operation 57 [1/1] (0.00ns)   --->   "%trunc_ln46_20 = partselect i16 @_ssdm_op_PartSelect.i16.i32.i32.i32, i32 %data_7_val_read, i32 4, i32 19" [firmware/nnet_utils/nnet_activation.h:46]   --->   Operation 57 'partselect' 'trunc_ln46_20' <Predicate = (icmp_ln45_22)> <Delay = 0.00>
ST_1 : Operation 58 [1/1] (0.80ns)   --->   "%select_ln45_22 = select i1 %icmp_ln45_22, i16 %trunc_ln46_20, i16 0" [firmware/nnet_utils/nnet_activation.h:45]   --->   Operation 58 'select' 'select_ln45_22' <Predicate = true> <Delay = 0.80> <CoreInst = "Sel">   --->   Core 73 'Sel' <Latency = 0> <II = 1> <Delay = 0.80> <FuncUnit> <Opcode : 'select'> <InPorts = 3> <OutPorts = 1>
ST_1 : Operation 59 [1/1] (2.55ns)   --->   "%icmp_ln45_23 = icmp_sgt  i32 %data_8_val_read, i32 0" [firmware/nnet_utils/nnet_activation.h:45]   --->   Operation 59 'icmp' 'icmp_ln45_23' <Predicate = true> <Delay = 2.55> <CoreInst = "Cmp">   --->   Core 9 'Cmp' <Latency = 0> <II = 1> <Delay = 2.55> <FuncUnit> <Opcode : 'icmp'> <InPorts = 2> <OutPorts = 1>
ST_1 : Operation 60 [1/1] (0.00ns)   --->   "%trunc_ln46_21 = partselect i16 @_ssdm_op_PartSelect.i16.i32.i32.i32, i32 %data_8_val_read, i32 4, i32 19" [firmware/nnet_utils/nnet_activation.h:46]   --->   Operation 60 'partselect' 'trunc_ln46_21' <Predicate = (icmp_ln45_23)> <Delay = 0.00>
ST_1 : Operation 61 [1/1] (0.80ns)   --->   "%select_ln45_23 = select i1 %icmp_ln45_23, i16 %trunc_ln46_21, i16 0" [firmware/nnet_utils/nnet_activation.h:45]   --->   Operation 61 'select' 'select_ln45_23' <Predicate = true> <Delay = 0.80> <CoreInst = "Sel">   --->   Core 73 'Sel' <Latency = 0> <II = 1> <Delay = 0.80> <FuncUnit> <Opcode : 'select'> <InPorts = 3> <OutPorts = 1>
ST_1 : Operation 62 [1/1] (2.55ns)   --->   "%icmp_ln45_24 = icmp_sgt  i32 %data_9_val_read, i32 0" [firmware/nnet_utils/nnet_activation.h:45]   --->   Operation 62 'icmp' 'icmp_ln45_24' <Predicate = true> <Delay = 2.55> <CoreInst = "Cmp">   --->   Core 9 'Cmp' <Latency = 0> <II = 1> <Delay = 2.55> <FuncUnit> <Opcode : 'icmp'> <InPorts = 2> <OutPorts = 1>
ST_1 : Operation 63 [1/1] (0.00ns)   --->   "%trunc_ln46_22 = partselect i16 @_ssdm_op_PartSelect.i16.i32.i32.i32, i32 %data_9_val_read, i32 4, i32 19" [firmware/nnet_utils/nnet_activation.h:46]   --->   Operation 63 'partselect' 'trunc_ln46_22' <Predicate = (icmp_ln45_24)> <Delay = 0.00>
ST_1 : Operation 64 [1/1] (0.80ns)   --->   "%select_ln45_24 = select i1 %icmp_ln45_24, i16 %trunc_ln46_22, i16 0" [firmware/nnet_utils/nnet_activation.h:45]   --->   Operation 64 'select' 'select_ln45_24' <Predicate = true> <Delay = 0.80> <CoreInst = "Sel">   --->   Core 73 'Sel' <Latency = 0> <II = 1> <Delay = 0.80> <FuncUnit> <Opcode : 'select'> <InPorts = 3> <OutPorts = 1>
ST_1 : Operation 65 [1/1] (2.55ns)   --->   "%icmp_ln45_25 = icmp_sgt  i32 %data_10_val_read, i32 0" [firmware/nnet_utils/nnet_activation.h:45]   --->   Operation 65 'icmp' 'icmp_ln45_25' <Predicate = true> <Delay = 2.55> <CoreInst = "Cmp">   --->   Core 9 'Cmp' <Latency = 0> <II = 1> <Delay = 2.55> <FuncUnit> <Opcode : 'icmp'> <InPorts = 2> <OutPorts = 1>
ST_1 : Operation 66 [1/1] (0.00ns)   --->   "%trunc_ln46_23 = partselect i16 @_ssdm_op_PartSelect.i16.i32.i32.i32, i32 %data_10_val_read, i32 4, i32 19" [firmware/nnet_utils/nnet_activation.h:46]   --->   Operation 66 'partselect' 'trunc_ln46_23' <Predicate = (icmp_ln45_25)> <Delay = 0.00>
ST_1 : Operation 67 [1/1] (0.80ns)   --->   "%select_ln45_25 = select i1 %icmp_ln45_25, i16 %trunc_ln46_23, i16 0" [firmware/nnet_utils/nnet_activation.h:45]   --->   Operation 67 'select' 'select_ln45_25' <Predicate = true> <Delay = 0.80> <CoreInst = "Sel">   --->   Core 73 'Sel' <Latency = 0> <II = 1> <Delay = 0.80> <FuncUnit> <Opcode : 'select'> <InPorts = 3> <OutPorts = 1>
ST_1 : Operation 68 [1/1] (2.55ns)   --->   "%icmp_ln45_26 = icmp_sgt  i32 %data_11_val_read, i32 0" [firmware/nnet_utils/nnet_activation.h:45]   --->   Operation 68 'icmp' 'icmp_ln45_26' <Predicate = true> <Delay = 2.55> <CoreInst = "Cmp">   --->   Core 9 'Cmp' <Latency = 0> <II = 1> <Delay = 2.55> <FuncUnit> <Opcode : 'icmp'> <InPorts = 2> <OutPorts = 1>
ST_1 : Operation 69 [1/1] (0.00ns)   --->   "%trunc_ln46_24 = partselect i16 @_ssdm_op_PartSelect.i16.i32.i32.i32, i32 %data_11_val_read, i32 4, i32 19" [firmware/nnet_utils/nnet_activation.h:46]   --->   Operation 69 'partselect' 'trunc_ln46_24' <Predicate = (icmp_ln45_26)> <Delay = 0.00>
ST_1 : Operation 70 [1/1] (0.80ns)   --->   "%select_ln45_26 = select i1 %icmp_ln45_26, i16 %trunc_ln46_24, i16 0" [firmware/nnet_utils/nnet_activation.h:45]   --->   Operation 70 'select' 'select_ln45_26' <Predicate = true> <Delay = 0.80> <CoreInst = "Sel">   --->   Core 73 'Sel' <Latency = 0> <II = 1> <Delay = 0.80> <FuncUnit> <Opcode : 'select'> <InPorts = 3> <OutPorts = 1>
ST_1 : Operation 71 [1/1] (2.55ns)   --->   "%icmp_ln45_27 = icmp_sgt  i32 %data_12_val_read, i32 0" [firmware/nnet_utils/nnet_activation.h:45]   --->   Operation 71 'icmp' 'icmp_ln45_27' <Predicate = true> <Delay = 2.55> <CoreInst = "Cmp">   --->   Core 9 'Cmp' <Latency = 0> <II = 1> <Delay = 2.55> <FuncUnit> <Opcode : 'icmp'> <InPorts = 2> <OutPorts = 1>
ST_1 : Operation 72 [1/1] (0.00ns)   --->   "%trunc_ln46_25 = partselect i16 @_ssdm_op_PartSelect.i16.i32.i32.i32, i32 %data_12_val_read, i32 4, i32 19" [firmware/nnet_utils/nnet_activation.h:46]   --->   Operation 72 'partselect' 'trunc_ln46_25' <Predicate = (icmp_ln45_27)> <Delay = 0.00>
ST_1 : Operation 73 [1/1] (0.80ns)   --->   "%select_ln45_27 = select i1 %icmp_ln45_27, i16 %trunc_ln46_25, i16 0" [firmware/nnet_utils/nnet_activation.h:45]   --->   Operation 73 'select' 'select_ln45_27' <Predicate = true> <Delay = 0.80> <CoreInst = "Sel">   --->   Core 73 'Sel' <Latency = 0> <II = 1> <Delay = 0.80> <FuncUnit> <Opcode : 'select'> <InPorts = 3> <OutPorts = 1>
ST_1 : Operation 74 [1/1] (2.55ns)   --->   "%icmp_ln45_28 = icmp_sgt  i32 %data_13_val_read, i32 0" [firmware/nnet_utils/nnet_activation.h:45]   --->   Operation 74 'icmp' 'icmp_ln45_28' <Predicate = true> <Delay = 2.55> <CoreInst = "Cmp">   --->   Core 9 'Cmp' <Latency = 0> <II = 1> <Delay = 2.55> <FuncUnit> <Opcode : 'icmp'> <InPorts = 2> <OutPorts = 1>
ST_1 : Operation 75 [1/1] (0.00ns)   --->   "%trunc_ln46_26 = partselect i16 @_ssdm_op_PartSelect.i16.i32.i32.i32, i32 %data_13_val_read, i32 4, i32 19" [firmware/nnet_utils/nnet_activation.h:46]   --->   Operation 75 'partselect' 'trunc_ln46_26' <Predicate = (icmp_ln45_28)> <Delay = 0.00>
ST_1 : Operation 76 [1/1] (0.80ns)   --->   "%select_ln45_28 = select i1 %icmp_ln45_28, i16 %trunc_ln46_26, i16 0" [firmware/nnet_utils/nnet_activation.h:45]   --->   Operation 76 'select' 'select_ln45_28' <Predicate = true> <Delay = 0.80> <CoreInst = "Sel">   --->   Core 73 'Sel' <Latency = 0> <II = 1> <Delay = 0.80> <FuncUnit> <Opcode : 'select'> <InPorts = 3> <OutPorts = 1>
ST_1 : Operation 77 [1/1] (2.55ns)   --->   "%icmp_ln45_29 = icmp_sgt  i32 %data_14_val_read, i32 0" [firmware/nnet_utils/nnet_activation.h:45]   --->   Operation 77 'icmp' 'icmp_ln45_29' <Predicate = true> <Delay = 2.55> <CoreInst = "Cmp">   --->   Core 9 'Cmp' <Latency = 0> <II = 1> <Delay = 2.55> <FuncUnit> <Opcode : 'icmp'> <InPorts = 2> <OutPorts = 1>
ST_1 : Operation 78 [1/1] (0.00ns)   --->   "%trunc_ln46_27 = partselect i16 @_ssdm_op_PartSelect.i16.i32.i32.i32, i32 %data_14_val_read, i32 4, i32 19" [firmware/nnet_utils/nnet_activation.h:46]   --->   Operation 78 'partselect' 'trunc_ln46_27' <Predicate = (icmp_ln45_29)> <Delay = 0.00>
ST_1 : Operation 79 [1/1] (0.80ns)   --->   "%select_ln45_29 = select i1 %icmp_ln45_29, i16 %trunc_ln46_27, i16 0" [firmware/nnet_utils/nnet_activation.h:45]   --->   Operation 79 'select' 'select_ln45_29' <Predicate = true> <Delay = 0.80> <CoreInst = "Sel">   --->   Core 73 'Sel' <Latency = 0> <II = 1> <Delay = 0.80> <FuncUnit> <Opcode : 'select'> <InPorts = 3> <OutPorts = 1>
ST_1 : Operation 80 [1/1] (2.55ns)   --->   "%icmp_ln45_30 = icmp_sgt  i32 %data_15_val_read, i32 0" [firmware/nnet_utils/nnet_activation.h:45]   --->   Operation 80 'icmp' 'icmp_ln45_30' <Predicate = true> <Delay = 2.55> <CoreInst = "Cmp">   --->   Core 9 'Cmp' <Latency = 0> <II = 1> <Delay = 2.55> <FuncUnit> <Opcode : 'icmp'> <InPorts = 2> <OutPorts = 1>
ST_1 : Operation 81 [1/1] (0.00ns)   --->   "%trunc_ln46_28 = partselect i16 @_ssdm_op_PartSelect.i16.i32.i32.i32, i32 %data_15_val_read, i32 4, i32 19" [firmware/nnet_utils/nnet_activation.h:46]   --->   Operation 81 'partselect' 'trunc_ln46_28' <Predicate = (icmp_ln45_30)> <Delay = 0.00>
ST_1 : Operation 82 [1/1] (0.80ns)   --->   "%select_ln45_30 = select i1 %icmp_ln45_30, i16 %trunc_ln46_28, i16 0" [firmware/nnet_utils/nnet_activation.h:45]   --->   Operation 82 'select' 'select_ln45_30' <Predicate = true> <Delay = 0.80> <CoreInst = "Sel">   --->   Core 73 'Sel' <Latency = 0> <II = 1> <Delay = 0.80> <FuncUnit> <Opcode : 'select'> <InPorts = 3> <OutPorts = 1>
ST_1 : Operation 83 [1/1] (2.55ns)   --->   "%icmp_ln45_31 = icmp_sgt  i32 %data_16_val_read, i32 0" [firmware/nnet_utils/nnet_activation.h:45]   --->   Operation 83 'icmp' 'icmp_ln45_31' <Predicate = true> <Delay = 2.55> <CoreInst = "Cmp">   --->   Core 9 'Cmp' <Latency = 0> <II = 1> <Delay = 2.55> <FuncUnit> <Opcode : 'icmp'> <InPorts = 2> <OutPorts = 1>
ST_1 : Operation 84 [1/1] (0.00ns)   --->   "%trunc_ln46_29 = partselect i16 @_ssdm_op_PartSelect.i16.i32.i32.i32, i32 %data_16_val_read, i32 4, i32 19" [firmware/nnet_utils/nnet_activation.h:46]   --->   Operation 84 'partselect' 'trunc_ln46_29' <Predicate = (icmp_ln45_31)> <Delay = 0.00>
ST_1 : Operation 85 [1/1] (0.80ns)   --->   "%select_ln45_31 = select i1 %icmp_ln45_31, i16 %trunc_ln46_29, i16 0" [firmware/nnet_utils/nnet_activation.h:45]   --->   Operation 85 'select' 'select_ln45_31' <Predicate = true> <Delay = 0.80> <CoreInst = "Sel">   --->   Core 73 'Sel' <Latency = 0> <II = 1> <Delay = 0.80> <FuncUnit> <Opcode : 'select'> <InPorts = 3> <OutPorts = 1>
ST_1 : Operation 86 [1/1] (2.55ns)   --->   "%icmp_ln45_32 = icmp_sgt  i32 %data_17_val_read, i32 0" [firmware/nnet_utils/nnet_activation.h:45]   --->   Operation 86 'icmp' 'icmp_ln45_32' <Predicate = true> <Delay = 2.55> <CoreInst = "Cmp">   --->   Core 9 'Cmp' <Latency = 0> <II = 1> <Delay = 2.55> <FuncUnit> <Opcode : 'icmp'> <InPorts = 2> <OutPorts = 1>
ST_1 : Operation 87 [1/1] (0.00ns)   --->   "%trunc_ln46_30 = partselect i16 @_ssdm_op_PartSelect.i16.i32.i32.i32, i32 %data_17_val_read, i32 4, i32 19" [firmware/nnet_utils/nnet_activation.h:46]   --->   Operation 87 'partselect' 'trunc_ln46_30' <Predicate = (icmp_ln45_32)> <Delay = 0.00>
ST_1 : Operation 88 [1/1] (0.80ns)   --->   "%select_ln45_32 = select i1 %icmp_ln45_32, i16 %trunc_ln46_30, i16 0" [firmware/nnet_utils/nnet_activation.h:45]   --->   Operation 88 'select' 'select_ln45_32' <Predicate = true> <Delay = 0.80> <CoreInst = "Sel">   --->   Core 73 'Sel' <Latency = 0> <II = 1> <Delay = 0.80> <FuncUnit> <Opcode : 'select'> <InPorts = 3> <OutPorts = 1>
ST_1 : Operation 89 [1/1] (2.55ns)   --->   "%icmp_ln45_33 = icmp_sgt  i32 %data_18_val_read, i32 0" [firmware/nnet_utils/nnet_activation.h:45]   --->   Operation 89 'icmp' 'icmp_ln45_33' <Predicate = true> <Delay = 2.55> <CoreInst = "Cmp">   --->   Core 9 'Cmp' <Latency = 0> <II = 1> <Delay = 2.55> <FuncUnit> <Opcode : 'icmp'> <InPorts = 2> <OutPorts = 1>
ST_1 : Operation 90 [1/1] (0.00ns)   --->   "%trunc_ln46_31 = partselect i16 @_ssdm_op_PartSelect.i16.i32.i32.i32, i32 %data_18_val_read, i32 4, i32 19" [firmware/nnet_utils/nnet_activation.h:46]   --->   Operation 90 'partselect' 'trunc_ln46_31' <Predicate = (icmp_ln45_33)> <Delay = 0.00>
ST_1 : Operation 91 [1/1] (0.80ns)   --->   "%select_ln45_33 = select i1 %icmp_ln45_33, i16 %trunc_ln46_31, i16 0" [firmware/nnet_utils/nnet_activation.h:45]   --->   Operation 91 'select' 'select_ln45_33' <Predicate = true> <Delay = 0.80> <CoreInst = "Sel">   --->   Core 73 'Sel' <Latency = 0> <II = 1> <Delay = 0.80> <FuncUnit> <Opcode : 'select'> <InPorts = 3> <OutPorts = 1>
ST_1 : Operation 92 [1/1] (2.55ns)   --->   "%icmp_ln45_34 = icmp_sgt  i32 %data_19_val_read, i32 0" [firmware/nnet_utils/nnet_activation.h:45]   --->   Operation 92 'icmp' 'icmp_ln45_34' <Predicate = true> <Delay = 2.55> <CoreInst = "Cmp">   --->   Core 9 'Cmp' <Latency = 0> <II = 1> <Delay = 2.55> <FuncUnit> <Opcode : 'icmp'> <InPorts = 2> <OutPorts = 1>
ST_1 : Operation 93 [1/1] (0.00ns)   --->   "%trunc_ln46_32 = partselect i16 @_ssdm_op_PartSelect.i16.i32.i32.i32, i32 %data_19_val_read, i32 4, i32 19" [firmware/nnet_utils/nnet_activation.h:46]   --->   Operation 93 'partselect' 'trunc_ln46_32' <Predicate = (icmp_ln45_34)> <Delay = 0.00>
ST_1 : Operation 94 [1/1] (0.80ns)   --->   "%select_ln45_34 = select i1 %icmp_ln45_34, i16 %trunc_ln46_32, i16 0" [firmware/nnet_utils/nnet_activation.h:45]   --->   Operation 94 'select' 'select_ln45_34' <Predicate = true> <Delay = 0.80> <CoreInst = "Sel">   --->   Core 73 'Sel' <Latency = 0> <II = 1> <Delay = 0.80> <FuncUnit> <Opcode : 'select'> <InPorts = 3> <OutPorts = 1>
ST_1 : Operation 95 [1/1] (2.55ns)   --->   "%icmp_ln45_35 = icmp_sgt  i32 %data_20_val_read, i32 0" [firmware/nnet_utils/nnet_activation.h:45]   --->   Operation 95 'icmp' 'icmp_ln45_35' <Predicate = true> <Delay = 2.55> <CoreInst = "Cmp">   --->   Core 9 'Cmp' <Latency = 0> <II = 1> <Delay = 2.55> <FuncUnit> <Opcode : 'icmp'> <InPorts = 2> <OutPorts = 1>
ST_1 : Operation 96 [1/1] (0.00ns)   --->   "%trunc_ln46_33 = partselect i16 @_ssdm_op_PartSelect.i16.i32.i32.i32, i32 %data_20_val_read, i32 4, i32 19" [firmware/nnet_utils/nnet_activation.h:46]   --->   Operation 96 'partselect' 'trunc_ln46_33' <Predicate = (icmp_ln45_35)> <Delay = 0.00>
ST_1 : Operation 97 [1/1] (0.80ns)   --->   "%select_ln45_35 = select i1 %icmp_ln45_35, i16 %trunc_ln46_33, i16 0" [firmware/nnet_utils/nnet_activation.h:45]   --->   Operation 97 'select' 'select_ln45_35' <Predicate = true> <Delay = 0.80> <CoreInst = "Sel">   --->   Core 73 'Sel' <Latency = 0> <II = 1> <Delay = 0.80> <FuncUnit> <Opcode : 'select'> <InPorts = 3> <OutPorts = 1>
ST_1 : Operation 98 [1/1] (2.55ns)   --->   "%icmp_ln45_36 = icmp_sgt  i32 %data_21_val_read, i32 0" [firmware/nnet_utils/nnet_activation.h:45]   --->   Operation 98 'icmp' 'icmp_ln45_36' <Predicate = true> <Delay = 2.55> <CoreInst = "Cmp">   --->   Core 9 'Cmp' <Latency = 0> <II = 1> <Delay = 2.55> <FuncUnit> <Opcode : 'icmp'> <InPorts = 2> <OutPorts = 1>
ST_1 : Operation 99 [1/1] (0.00ns)   --->   "%trunc_ln46_34 = partselect i16 @_ssdm_op_PartSelect.i16.i32.i32.i32, i32 %data_21_val_read, i32 4, i32 19" [firmware/nnet_utils/nnet_activation.h:46]   --->   Operation 99 'partselect' 'trunc_ln46_34' <Predicate = (icmp_ln45_36)> <Delay = 0.00>
ST_1 : Operation 100 [1/1] (0.80ns)   --->   "%select_ln45_36 = select i1 %icmp_ln45_36, i16 %trunc_ln46_34, i16 0" [firmware/nnet_utils/nnet_activation.h:45]   --->   Operation 100 'select' 'select_ln45_36' <Predicate = true> <Delay = 0.80> <CoreInst = "Sel">   --->   Core 73 'Sel' <Latency = 0> <II = 1> <Delay = 0.80> <FuncUnit> <Opcode : 'select'> <InPorts = 3> <OutPorts = 1>
ST_1 : Operation 101 [1/1] (2.55ns)   --->   "%icmp_ln45_37 = icmp_sgt  i32 %data_22_val_read, i32 0" [firmware/nnet_utils/nnet_activation.h:45]   --->   Operation 101 'icmp' 'icmp_ln45_37' <Predicate = true> <Delay = 2.55> <CoreInst = "Cmp">   --->   Core 9 'Cmp' <Latency = 0> <II = 1> <Delay = 2.55> <FuncUnit> <Opcode : 'icmp'> <InPorts = 2> <OutPorts = 1>
ST_1 : Operation 102 [1/1] (0.00ns)   --->   "%trunc_ln46_35 = partselect i16 @_ssdm_op_PartSelect.i16.i32.i32.i32, i32 %data_22_val_read, i32 4, i32 19" [firmware/nnet_utils/nnet_activation.h:46]   --->   Operation 102 'partselect' 'trunc_ln46_35' <Predicate = (icmp_ln45_37)> <Delay = 0.00>
ST_1 : Operation 103 [1/1] (0.80ns)   --->   "%select_ln45_37 = select i1 %icmp_ln45_37, i16 %trunc_ln46_35, i16 0" [firmware/nnet_utils/nnet_activation.h:45]   --->   Operation 103 'select' 'select_ln45_37' <Predicate = true> <Delay = 0.80> <CoreInst = "Sel">   --->   Core 73 'Sel' <Latency = 0> <II = 1> <Delay = 0.80> <FuncUnit> <Opcode : 'select'> <InPorts = 3> <OutPorts = 1>
ST_1 : Operation 104 [1/1] (2.55ns)   --->   "%icmp_ln45_38 = icmp_sgt  i32 %data_23_val_read, i32 0" [firmware/nnet_utils/nnet_activation.h:45]   --->   Operation 104 'icmp' 'icmp_ln45_38' <Predicate = true> <Delay = 2.55> <CoreInst = "Cmp">   --->   Core 9 'Cmp' <Latency = 0> <II = 1> <Delay = 2.55> <FuncUnit> <Opcode : 'icmp'> <InPorts = 2> <OutPorts = 1>
ST_1 : Operation 105 [1/1] (0.00ns)   --->   "%trunc_ln46_36 = partselect i16 @_ssdm_op_PartSelect.i16.i32.i32.i32, i32 %data_23_val_read, i32 4, i32 19" [firmware/nnet_utils/nnet_activation.h:46]   --->   Operation 105 'partselect' 'trunc_ln46_36' <Predicate = (icmp_ln45_38)> <Delay = 0.00>
ST_1 : Operation 106 [1/1] (0.80ns)   --->   "%select_ln45_38 = select i1 %icmp_ln45_38, i16 %trunc_ln46_36, i16 0" [firmware/nnet_utils/nnet_activation.h:45]   --->   Operation 106 'select' 'select_ln45_38' <Predicate = true> <Delay = 0.80> <CoreInst = "Sel">   --->   Core 73 'Sel' <Latency = 0> <II = 1> <Delay = 0.80> <FuncUnit> <Opcode : 'select'> <InPorts = 3> <OutPorts = 1>
ST_1 : Operation 107 [1/1] (2.55ns)   --->   "%icmp_ln45_39 = icmp_sgt  i32 %data_24_val_read, i32 0" [firmware/nnet_utils/nnet_activation.h:45]   --->   Operation 107 'icmp' 'icmp_ln45_39' <Predicate = true> <Delay = 2.55> <CoreInst = "Cmp">   --->   Core 9 'Cmp' <Latency = 0> <II = 1> <Delay = 2.55> <FuncUnit> <Opcode : 'icmp'> <InPorts = 2> <OutPorts = 1>
ST_1 : Operation 108 [1/1] (0.00ns)   --->   "%trunc_ln46_37 = partselect i16 @_ssdm_op_PartSelect.i16.i32.i32.i32, i32 %data_24_val_read, i32 4, i32 19" [firmware/nnet_utils/nnet_activation.h:46]   --->   Operation 108 'partselect' 'trunc_ln46_37' <Predicate = (icmp_ln45_39)> <Delay = 0.00>
ST_1 : Operation 109 [1/1] (0.80ns)   --->   "%select_ln45_39 = select i1 %icmp_ln45_39, i16 %trunc_ln46_37, i16 0" [firmware/nnet_utils/nnet_activation.h:45]   --->   Operation 109 'select' 'select_ln45_39' <Predicate = true> <Delay = 0.80> <CoreInst = "Sel">   --->   Core 73 'Sel' <Latency = 0> <II = 1> <Delay = 0.80> <FuncUnit> <Opcode : 'select'> <InPorts = 3> <OutPorts = 1>
ST_1 : Operation 110 [1/1] (2.55ns)   --->   "%icmp_ln45_40 = icmp_sgt  i32 %data_25_val_read, i32 0" [firmware/nnet_utils/nnet_activation.h:45]   --->   Operation 110 'icmp' 'icmp_ln45_40' <Predicate = true> <Delay = 2.55> <CoreInst = "Cmp">   --->   Core 9 'Cmp' <Latency = 0> <II = 1> <Delay = 2.55> <FuncUnit> <Opcode : 'icmp'> <InPorts = 2> <OutPorts = 1>
ST_1 : Operation 111 [1/1] (0.00ns)   --->   "%trunc_ln46_38 = partselect i16 @_ssdm_op_PartSelect.i16.i32.i32.i32, i32 %data_25_val_read, i32 4, i32 19" [firmware/nnet_utils/nnet_activation.h:46]   --->   Operation 111 'partselect' 'trunc_ln46_38' <Predicate = (icmp_ln45_40)> <Delay = 0.00>
ST_1 : Operation 112 [1/1] (0.80ns)   --->   "%select_ln45_40 = select i1 %icmp_ln45_40, i16 %trunc_ln46_38, i16 0" [firmware/nnet_utils/nnet_activation.h:45]   --->   Operation 112 'select' 'select_ln45_40' <Predicate = true> <Delay = 0.80> <CoreInst = "Sel">   --->   Core 73 'Sel' <Latency = 0> <II = 1> <Delay = 0.80> <FuncUnit> <Opcode : 'select'> <InPorts = 3> <OutPorts = 1>
ST_1 : Operation 113 [1/1] (2.55ns)   --->   "%icmp_ln45_41 = icmp_sgt  i32 %data_26_val_read, i32 0" [firmware/nnet_utils/nnet_activation.h:45]   --->   Operation 113 'icmp' 'icmp_ln45_41' <Predicate = true> <Delay = 2.55> <CoreInst = "Cmp">   --->   Core 9 'Cmp' <Latency = 0> <II = 1> <Delay = 2.55> <FuncUnit> <Opcode : 'icmp'> <InPorts = 2> <OutPorts = 1>
ST_1 : Operation 114 [1/1] (0.00ns)   --->   "%trunc_ln46_39 = partselect i16 @_ssdm_op_PartSelect.i16.i32.i32.i32, i32 %data_26_val_read, i32 4, i32 19" [firmware/nnet_utils/nnet_activation.h:46]   --->   Operation 114 'partselect' 'trunc_ln46_39' <Predicate = (icmp_ln45_41)> <Delay = 0.00>
ST_1 : Operation 115 [1/1] (0.80ns)   --->   "%select_ln45_41 = select i1 %icmp_ln45_41, i16 %trunc_ln46_39, i16 0" [firmware/nnet_utils/nnet_activation.h:45]   --->   Operation 115 'select' 'select_ln45_41' <Predicate = true> <Delay = 0.80> <CoreInst = "Sel">   --->   Core 73 'Sel' <Latency = 0> <II = 1> <Delay = 0.80> <FuncUnit> <Opcode : 'select'> <InPorts = 3> <OutPorts = 1>
ST_1 : Operation 116 [1/1] (2.55ns)   --->   "%icmp_ln45_42 = icmp_sgt  i32 %data_27_val_read, i32 0" [firmware/nnet_utils/nnet_activation.h:45]   --->   Operation 116 'icmp' 'icmp_ln45_42' <Predicate = true> <Delay = 2.55> <CoreInst = "Cmp">   --->   Core 9 'Cmp' <Latency = 0> <II = 1> <Delay = 2.55> <FuncUnit> <Opcode : 'icmp'> <InPorts = 2> <OutPorts = 1>
ST_1 : Operation 117 [1/1] (0.00ns)   --->   "%trunc_ln46_40 = partselect i16 @_ssdm_op_PartSelect.i16.i32.i32.i32, i32 %data_27_val_read, i32 4, i32 19" [firmware/nnet_utils/nnet_activation.h:46]   --->   Operation 117 'partselect' 'trunc_ln46_40' <Predicate = (icmp_ln45_42)> <Delay = 0.00>
ST_1 : Operation 118 [1/1] (0.80ns)   --->   "%select_ln45_42 = select i1 %icmp_ln45_42, i16 %trunc_ln46_40, i16 0" [firmware/nnet_utils/nnet_activation.h:45]   --->   Operation 118 'select' 'select_ln45_42' <Predicate = true> <Delay = 0.80> <CoreInst = "Sel">   --->   Core 73 'Sel' <Latency = 0> <II = 1> <Delay = 0.80> <FuncUnit> <Opcode : 'select'> <InPorts = 3> <OutPorts = 1>
ST_1 : Operation 119 [1/1] (2.55ns)   --->   "%icmp_ln45_43 = icmp_sgt  i32 %data_28_val_read, i32 0" [firmware/nnet_utils/nnet_activation.h:45]   --->   Operation 119 'icmp' 'icmp_ln45_43' <Predicate = true> <Delay = 2.55> <CoreInst = "Cmp">   --->   Core 9 'Cmp' <Latency = 0> <II = 1> <Delay = 2.55> <FuncUnit> <Opcode : 'icmp'> <InPorts = 2> <OutPorts = 1>
ST_1 : Operation 120 [1/1] (0.00ns)   --->   "%trunc_ln46_41 = partselect i16 @_ssdm_op_PartSelect.i16.i32.i32.i32, i32 %data_28_val_read, i32 4, i32 19" [firmware/nnet_utils/nnet_activation.h:46]   --->   Operation 120 'partselect' 'trunc_ln46_41' <Predicate = (icmp_ln45_43)> <Delay = 0.00>
ST_1 : Operation 121 [1/1] (0.80ns)   --->   "%select_ln45_43 = select i1 %icmp_ln45_43, i16 %trunc_ln46_41, i16 0" [firmware/nnet_utils/nnet_activation.h:45]   --->   Operation 121 'select' 'select_ln45_43' <Predicate = true> <Delay = 0.80> <CoreInst = "Sel">   --->   Core 73 'Sel' <Latency = 0> <II = 1> <Delay = 0.80> <FuncUnit> <Opcode : 'select'> <InPorts = 3> <OutPorts = 1>
ST_1 : Operation 122 [1/1] (2.55ns)   --->   "%icmp_ln45_44 = icmp_sgt  i32 %data_29_val_read, i32 0" [firmware/nnet_utils/nnet_activation.h:45]   --->   Operation 122 'icmp' 'icmp_ln45_44' <Predicate = true> <Delay = 2.55> <CoreInst = "Cmp">   --->   Core 9 'Cmp' <Latency = 0> <II = 1> <Delay = 2.55> <FuncUnit> <Opcode : 'icmp'> <InPorts = 2> <OutPorts = 1>
ST_1 : Operation 123 [1/1] (0.00ns)   --->   "%trunc_ln46_42 = partselect i16 @_ssdm_op_PartSelect.i16.i32.i32.i32, i32 %data_29_val_read, i32 4, i32 19" [firmware/nnet_utils/nnet_activation.h:46]   --->   Operation 123 'partselect' 'trunc_ln46_42' <Predicate = (icmp_ln45_44)> <Delay = 0.00>
ST_1 : Operation 124 [1/1] (0.80ns)   --->   "%select_ln45_44 = select i1 %icmp_ln45_44, i16 %trunc_ln46_42, i16 0" [firmware/nnet_utils/nnet_activation.h:45]   --->   Operation 124 'select' 'select_ln45_44' <Predicate = true> <Delay = 0.80> <CoreInst = "Sel">   --->   Core 73 'Sel' <Latency = 0> <II = 1> <Delay = 0.80> <FuncUnit> <Opcode : 'select'> <InPorts = 3> <OutPorts = 1>
ST_1 : Operation 125 [1/1] (2.55ns)   --->   "%icmp_ln45_45 = icmp_sgt  i32 %data_30_val_read, i32 0" [firmware/nnet_utils/nnet_activation.h:45]   --->   Operation 125 'icmp' 'icmp_ln45_45' <Predicate = true> <Delay = 2.55> <CoreInst = "Cmp">   --->   Core 9 'Cmp' <Latency = 0> <II = 1> <Delay = 2.55> <FuncUnit> <Opcode : 'icmp'> <InPorts = 2> <OutPorts = 1>
ST_1 : Operation 126 [1/1] (0.00ns)   --->   "%trunc_ln46_43 = partselect i16 @_ssdm_op_PartSelect.i16.i32.i32.i32, i32 %data_30_val_read, i32 4, i32 19" [firmware/nnet_utils/nnet_activation.h:46]   --->   Operation 126 'partselect' 'trunc_ln46_43' <Predicate = (icmp_ln45_45)> <Delay = 0.00>
ST_1 : Operation 127 [1/1] (0.80ns)   --->   "%select_ln45_45 = select i1 %icmp_ln45_45, i16 %trunc_ln46_43, i16 0" [firmware/nnet_utils/nnet_activation.h:45]   --->   Operation 127 'select' 'select_ln45_45' <Predicate = true> <Delay = 0.80> <CoreInst = "Sel">   --->   Core 73 'Sel' <Latency = 0> <II = 1> <Delay = 0.80> <FuncUnit> <Opcode : 'select'> <InPorts = 3> <OutPorts = 1>
ST_1 : Operation 128 [1/1] (2.55ns)   --->   "%icmp_ln45_46 = icmp_sgt  i32 %data_31_val_read, i32 0" [firmware/nnet_utils/nnet_activation.h:45]   --->   Operation 128 'icmp' 'icmp_ln45_46' <Predicate = true> <Delay = 2.55> <CoreInst = "Cmp">   --->   Core 9 'Cmp' <Latency = 0> <II = 1> <Delay = 2.55> <FuncUnit> <Opcode : 'icmp'> <InPorts = 2> <OutPorts = 1>
ST_1 : Operation 129 [1/1] (0.00ns)   --->   "%trunc_ln46_44 = partselect i16 @_ssdm_op_PartSelect.i16.i32.i32.i32, i32 %data_31_val_read, i32 4, i32 19" [firmware/nnet_utils/nnet_activation.h:46]   --->   Operation 129 'partselect' 'trunc_ln46_44' <Predicate = (icmp_ln45_46)> <Delay = 0.00>
ST_1 : Operation 130 [1/1] (0.80ns)   --->   "%select_ln45_46 = select i1 %icmp_ln45_46, i16 %trunc_ln46_44, i16 0" [firmware/nnet_utils/nnet_activation.h:45]   --->   Operation 130 'select' 'select_ln45_46' <Predicate = true> <Delay = 0.80> <CoreInst = "Sel">   --->   Core 73 'Sel' <Latency = 0> <II = 1> <Delay = 0.80> <FuncUnit> <Opcode : 'select'> <InPorts = 3> <OutPorts = 1>
ST_1 : Operation 131 [1/1] (0.00ns)   --->   "%mrv = insertvalue i512 <undef>, i16 %select_ln45" [firmware/nnet_utils/nnet_activation.h:50]   --->   Operation 131 'insertvalue' 'mrv' <Predicate = true> <Delay = 0.00>
ST_1 : Operation 132 [1/1] (0.00ns)   --->   "%mrv_1 = insertvalue i512 %mrv, i16 %select_ln45_16" [firmware/nnet_utils/nnet_activation.h:50]   --->   Operation 132 'insertvalue' 'mrv_1' <Predicate = true> <Delay = 0.00>
ST_1 : Operation 133 [1/1] (0.00ns)   --->   "%mrv_2 = insertvalue i512 %mrv_1, i16 %select_ln45_17" [firmware/nnet_utils/nnet_activation.h:50]   --->   Operation 133 'insertvalue' 'mrv_2' <Predicate = true> <Delay = 0.00>
ST_1 : Operation 134 [1/1] (0.00ns)   --->   "%mrv_3 = insertvalue i512 %mrv_2, i16 %select_ln45_18" [firmware/nnet_utils/nnet_activation.h:50]   --->   Operation 134 'insertvalue' 'mrv_3' <Predicate = true> <Delay = 0.00>
ST_1 : Operation 135 [1/1] (0.00ns)   --->   "%mrv_4 = insertvalue i512 %mrv_3, i16 %select_ln45_19" [firmware/nnet_utils/nnet_activation.h:50]   --->   Operation 135 'insertvalue' 'mrv_4' <Predicate = true> <Delay = 0.00>
ST_1 : Operation 136 [1/1] (0.00ns)   --->   "%mrv_5 = insertvalue i512 %mrv_4, i16 %select_ln45_20" [firmware/nnet_utils/nnet_activation.h:50]   --->   Operation 136 'insertvalue' 'mrv_5' <Predicate = true> <Delay = 0.00>
ST_1 : Operation 137 [1/1] (0.00ns)   --->   "%mrv_6 = insertvalue i512 %mrv_5, i16 %select_ln45_21" [firmware/nnet_utils/nnet_activation.h:50]   --->   Operation 137 'insertvalue' 'mrv_6' <Predicate = true> <Delay = 0.00>
ST_1 : Operation 138 [1/1] (0.00ns)   --->   "%mrv_7 = insertvalue i512 %mrv_6, i16 %select_ln45_22" [firmware/nnet_utils/nnet_activation.h:50]   --->   Operation 138 'insertvalue' 'mrv_7' <Predicate = true> <Delay = 0.00>
ST_1 : Operation 139 [1/1] (0.00ns)   --->   "%mrv_8 = insertvalue i512 %mrv_7, i16 %select_ln45_23" [firmware/nnet_utils/nnet_activation.h:50]   --->   Operation 139 'insertvalue' 'mrv_8' <Predicate = true> <Delay = 0.00>
ST_1 : Operation 140 [1/1] (0.00ns)   --->   "%mrv_9 = insertvalue i512 %mrv_8, i16 %select_ln45_24" [firmware/nnet_utils/nnet_activation.h:50]   --->   Operation 140 'insertvalue' 'mrv_9' <Predicate = true> <Delay = 0.00>
ST_1 : Operation 141 [1/1] (0.00ns)   --->   "%mrv_10 = insertvalue i512 %mrv_9, i16 %select_ln45_25" [firmware/nnet_utils/nnet_activation.h:50]   --->   Operation 141 'insertvalue' 'mrv_10' <Predicate = true> <Delay = 0.00>
ST_1 : Operation 142 [1/1] (0.00ns)   --->   "%mrv_11 = insertvalue i512 %mrv_10, i16 %select_ln45_26" [firmware/nnet_utils/nnet_activation.h:50]   --->   Operation 142 'insertvalue' 'mrv_11' <Predicate = true> <Delay = 0.00>
ST_1 : Operation 143 [1/1] (0.00ns)   --->   "%mrv_12 = insertvalue i512 %mrv_11, i16 %select_ln45_27" [firmware/nnet_utils/nnet_activation.h:50]   --->   Operation 143 'insertvalue' 'mrv_12' <Predicate = true> <Delay = 0.00>
ST_1 : Operation 144 [1/1] (0.00ns)   --->   "%mrv_13 = insertvalue i512 %mrv_12, i16 %select_ln45_28" [firmware/nnet_utils/nnet_activation.h:50]   --->   Operation 144 'insertvalue' 'mrv_13' <Predicate = true> <Delay = 0.00>
ST_1 : Operation 145 [1/1] (0.00ns)   --->   "%mrv_14 = insertvalue i512 %mrv_13, i16 %select_ln45_29" [firmware/nnet_utils/nnet_activation.h:50]   --->   Operation 145 'insertvalue' 'mrv_14' <Predicate = true> <Delay = 0.00>
ST_1 : Operation 146 [1/1] (0.00ns)   --->   "%mrv_s = insertvalue i512 %mrv_14, i16 %select_ln45_30" [firmware/nnet_utils/nnet_activation.h:50]   --->   Operation 146 'insertvalue' 'mrv_s' <Predicate = true> <Delay = 0.00>
ST_1 : Operation 147 [1/1] (0.00ns)   --->   "%mrv_15 = insertvalue i512 %mrv_s, i16 %select_ln45_31" [firmware/nnet_utils/nnet_activation.h:50]   --->   Operation 147 'insertvalue' 'mrv_15' <Predicate = true> <Delay = 0.00>
ST_1 : Operation 148 [1/1] (0.00ns)   --->   "%mrv_16 = insertvalue i512 %mrv_15, i16 %select_ln45_32" [firmware/nnet_utils/nnet_activation.h:50]   --->   Operation 148 'insertvalue' 'mrv_16' <Predicate = true> <Delay = 0.00>
ST_1 : Operation 149 [1/1] (0.00ns)   --->   "%mrv_17 = insertvalue i512 %mrv_16, i16 %select_ln45_33" [firmware/nnet_utils/nnet_activation.h:50]   --->   Operation 149 'insertvalue' 'mrv_17' <Predicate = true> <Delay = 0.00>
ST_1 : Operation 150 [1/1] (0.00ns)   --->   "%mrv_18 = insertvalue i512 %mrv_17, i16 %select_ln45_34" [firmware/nnet_utils/nnet_activation.h:50]   --->   Operation 150 'insertvalue' 'mrv_18' <Predicate = true> <Delay = 0.00>
ST_1 : Operation 151 [1/1] (0.00ns)   --->   "%mrv_19 = insertvalue i512 %mrv_18, i16 %select_ln45_35" [firmware/nnet_utils/nnet_activation.h:50]   --->   Operation 151 'insertvalue' 'mrv_19' <Predicate = true> <Delay = 0.00>
ST_1 : Operation 152 [1/1] (0.00ns)   --->   "%mrv_20 = insertvalue i512 %mrv_19, i16 %select_ln45_36" [firmware/nnet_utils/nnet_activation.h:50]   --->   Operation 152 'insertvalue' 'mrv_20' <Predicate = true> <Delay = 0.00>
ST_1 : Operation 153 [1/1] (0.00ns)   --->   "%mrv_21 = insertvalue i512 %mrv_20, i16 %select_ln45_37" [firmware/nnet_utils/nnet_activation.h:50]   --->   Operation 153 'insertvalue' 'mrv_21' <Predicate = true> <Delay = 0.00>
ST_1 : Operation 154 [1/1] (0.00ns)   --->   "%mrv_22 = insertvalue i512 %mrv_21, i16 %select_ln45_38" [firmware/nnet_utils/nnet_activation.h:50]   --->   Operation 154 'insertvalue' 'mrv_22' <Predicate = true> <Delay = 0.00>
ST_1 : Operation 155 [1/1] (0.00ns)   --->   "%mrv_23 = insertvalue i512 %mrv_22, i16 %select_ln45_39" [firmware/nnet_utils/nnet_activation.h:50]   --->   Operation 155 'insertvalue' 'mrv_23' <Predicate = true> <Delay = 0.00>
ST_1 : Operation 156 [1/1] (0.00ns)   --->   "%mrv_24 = insertvalue i512 %mrv_23, i16 %select_ln45_40" [firmware/nnet_utils/nnet_activation.h:50]   --->   Operation 156 'insertvalue' 'mrv_24' <Predicate = true> <Delay = 0.00>
ST_1 : Operation 157 [1/1] (0.00ns)   --->   "%mrv_25 = insertvalue i512 %mrv_24, i16 %select_ln45_41" [firmware/nnet_utils/nnet_activation.h:50]   --->   Operation 157 'insertvalue' 'mrv_25' <Predicate = true> <Delay = 0.00>
ST_1 : Operation 158 [1/1] (0.00ns)   --->   "%mrv_26 = insertvalue i512 %mrv_25, i16 %select_ln45_42" [firmware/nnet_utils/nnet_activation.h:50]   --->   Operation 158 'insertvalue' 'mrv_26' <Predicate = true> <Delay = 0.00>
ST_1 : Operation 159 [1/1] (0.00ns)   --->   "%mrv_27 = insertvalue i512 %mrv_26, i16 %select_ln45_43" [firmware/nnet_utils/nnet_activation.h:50]   --->   Operation 159 'insertvalue' 'mrv_27' <Predicate = true> <Delay = 0.00>
ST_1 : Operation 160 [1/1] (0.00ns)   --->   "%mrv_28 = insertvalue i512 %mrv_27, i16 %select_ln45_44" [firmware/nnet_utils/nnet_activation.h:50]   --->   Operation 160 'insertvalue' 'mrv_28' <Predicate = true> <Delay = 0.00>
ST_1 : Operation 161 [1/1] (0.00ns)   --->   "%mrv_29 = insertvalue i512 %mrv_28, i16 %select_ln45_45" [firmware/nnet_utils/nnet_activation.h:50]   --->   Operation 161 'insertvalue' 'mrv_29' <Predicate = true> <Delay = 0.00>
ST_1 : Operation 162 [1/1] (0.00ns)   --->   "%mrv_30 = insertvalue i512 %mrv_29, i16 %select_ln45_46" [firmware/nnet_utils/nnet_activation.h:50]   --->   Operation 162 'insertvalue' 'mrv_30' <Predicate = true> <Delay = 0.00>
ST_1 : Operation 163 [1/1] (0.00ns)   --->   "%ret_ln50 = ret i512 %mrv_30" [firmware/nnet_utils/nnet_activation.h:50]   --->   Operation 163 'ret' 'ret_ln50' <Predicate = true> <Delay = 0.00>


============================================================
+ Verbose Summary: Binding
============================================================
STG Binding: 
---------------- STG Properties BEGIN ----------------
- Is combinational: 1
- Is one-state seq: 0
- Is datapath-only: 0
- Is pipelined: 1
- Is top level: 0
Port [ Return ] is wired: 1; IO mode=ap_ctrl_hs:ce=0
Port [ data_0_val]:  wired=1; compound=0; hidden=0; nouse=0; global=0; static=0; extern=0; dir=0; type=0; pingpong=0; private_global=0; IO mode=ap_none:ce=0
Port [ data_1_val]:  wired=1; compound=0; hidden=0; nouse=0; global=0; static=0; extern=0; dir=0; type=0; pingpong=0; private_global=0; IO mode=ap_none:ce=0
Port [ data_2_val]:  wired=1; compound=0; hidden=0; nouse=0; global=0; static=0; extern=0; dir=0; type=0; pingpong=0; private_global=0; IO mode=ap_none:ce=0
Port [ data_3_val]:  wired=1; compound=0; hidden=0; nouse=0; global=0; static=0; extern=0; dir=0; type=0; pingpong=0; private_global=0; IO mode=ap_none:ce=0
Port [ data_4_val]:  wired=1; compound=0; hidden=0; nouse=0; global=0; static=0; extern=0; dir=0; type=0; pingpong=0; private_global=0; IO mode=ap_none:ce=0
Port [ data_5_val]:  wired=1; compound=0; hidden=0; nouse=0; global=0; static=0; extern=0; dir=0; type=0; pingpong=0; private_global=0; IO mode=ap_none:ce=0
Port [ data_6_val]:  wired=1; compound=0; hidden=0; nouse=0; global=0; static=0; extern=0; dir=0; type=0; pingpong=0; private_global=0; IO mode=ap_none:ce=0
Port [ data_7_val]:  wired=1; compound=0; hidden=0; nouse=0; global=0; static=0; extern=0; dir=0; type=0; pingpong=0; private_global=0; IO mode=ap_none:ce=0
Port [ data_8_val]:  wired=1; compound=0; hidden=0; nouse=0; global=0; static=0; extern=0; dir=0; type=0; pingpong=0; private_global=0; IO mode=ap_none:ce=0
Port [ data_9_val]:  wired=1; compound=0; hidden=0; nouse=0; global=0; static=0; extern=0; dir=0; type=0; pingpong=0; private_global=0; IO mode=ap_none:ce=0
Port [ data_10_val]:  wired=1; compound=0; hidden=0; nouse=0; global=0; static=0; extern=0; dir=0; type=0; pingpong=0; private_global=0; IO mode=ap_none:ce=0
Port [ data_11_val]:  wired=1; compound=0; hidden=0; nouse=0; global=0; static=0; extern=0; dir=0; type=0; pingpong=0; private_global=0; IO mode=ap_none:ce=0
Port [ data_12_val]:  wired=1; compound=0; hidden=0; nouse=0; global=0; static=0; extern=0; dir=0; type=0; pingpong=0; private_global=0; IO mode=ap_none:ce=0
Port [ data_13_val]:  wired=1; compound=0; hidden=0; nouse=0; global=0; static=0; extern=0; dir=0; type=0; pingpong=0; private_global=0; IO mode=ap_none:ce=0
Port [ data_14_val]:  wired=1; compound=0; hidden=0; nouse=0; global=0; static=0; extern=0; dir=0; type=0; pingpong=0; private_global=0; IO mode=ap_none:ce=0
Port [ data_15_val]:  wired=1; compound=0; hidden=0; nouse=0; global=0; static=0; extern=0; dir=0; type=0; pingpong=0; private_global=0; IO mode=ap_none:ce=0
Port [ data_16_val]:  wired=1; compound=0; hidden=0; nouse=0; global=0; static=0; extern=0; dir=0; type=0; pingpong=0; private_global=0; IO mode=ap_none:ce=0
Port [ data_17_val]:  wired=1; compound=0; hidden=0; nouse=0; global=0; static=0; extern=0; dir=0; type=0; pingpong=0; private_global=0; IO mode=ap_none:ce=0
Port [ data_18_val]:  wired=1; compound=0; hidden=0; nouse=0; global=0; static=0; extern=0; dir=0; type=0; pingpong=0; private_global=0; IO mode=ap_none:ce=0
Port [ data_19_val]:  wired=1; compound=0; hidden=0; nouse=0; global=0; static=0; extern=0; dir=0; type=0; pingpong=0; private_global=0; IO mode=ap_none:ce=0
Port [ data_20_val]:  wired=1; compound=0; hidden=0; nouse=0; global=0; static=0; extern=0; dir=0; type=0; pingpong=0; private_global=0; IO mode=ap_none:ce=0
Port [ data_21_val]:  wired=1; compound=0; hidden=0; nouse=0; global=0; static=0; extern=0; dir=0; type=0; pingpong=0; private_global=0; IO mode=ap_none:ce=0
Port [ data_22_val]:  wired=1; compound=0; hidden=0; nouse=0; global=0; static=0; extern=0; dir=0; type=0; pingpong=0; private_global=0; IO mode=ap_none:ce=0
Port [ data_23_val]:  wired=1; compound=0; hidden=0; nouse=0; global=0; static=0; extern=0; dir=0; type=0; pingpong=0; private_global=0; IO mode=ap_none:ce=0
Port [ data_24_val]:  wired=1; compound=0; hidden=0; nouse=0; global=0; static=0; extern=0; dir=0; type=0; pingpong=0; private_global=0; IO mode=ap_none:ce=0
Port [ data_25_val]:  wired=1; compound=0; hidden=0; nouse=0; global=0; static=0; extern=0; dir=0; type=0; pingpong=0; private_global=0; IO mode=ap_none:ce=0
Port [ data_26_val]:  wired=1; compound=0; hidden=0; nouse=0; global=0; static=0; extern=0; dir=0; type=0; pingpong=0; private_global=0; IO mode=ap_none:ce=0
Port [ data_27_val]:  wired=1; compound=0; hidden=0; nouse=0; global=0; static=0; extern=0; dir=0; type=0; pingpong=0; private_global=0; IO mode=ap_none:ce=0
Port [ data_28_val]:  wired=1; compound=0; hidden=0; nouse=0; global=0; static=0; extern=0; dir=0; type=0; pingpong=0; private_global=0; IO mode=ap_none:ce=0
Port [ data_29_val]:  wired=1; compound=0; hidden=0; nouse=0; global=0; static=0; extern=0; dir=0; type=0; pingpong=0; private_global=0; IO mode=ap_none:ce=0
Port [ data_30_val]:  wired=1; compound=0; hidden=0; nouse=0; global=0; static=0; extern=0; dir=0; type=0; pingpong=0; private_global=0; IO mode=ap_none:ce=0
Port [ data_31_val]:  wired=1; compound=0; hidden=0; nouse=0; global=0; static=0; extern=0; dir=0; type=0; pingpong=0; private_global=0; IO mode=ap_none:ce=0
---------------- STG Properties END ------------------

---------------- Datapath Model BEGIN ----------------

<LifeTime>
<method=bitvector/>
specpipeline_ln43 (specpipeline) [ 00]
data_31_val_read  (read        ) [ 00]
data_30_val_read  (read        ) [ 00]
data_29_val_read  (read        ) [ 00]
data_28_val_read  (read        ) [ 00]
data_27_val_read  (read        ) [ 00]
data_26_val_read  (read        ) [ 00]
data_25_val_read  (read        ) [ 00]
data_24_val_read  (read        ) [ 00]
data_23_val_read  (read        ) [ 00]
data_22_val_read  (read        ) [ 00]
data_21_val_read  (read        ) [ 00]
data_20_val_read  (read        ) [ 00]
data_19_val_read  (read        ) [ 00]
data_18_val_read  (read        ) [ 00]
data_17_val_read  (read        ) [ 00]
data_16_val_read  (read        ) [ 00]
data_15_val_read  (read        ) [ 00]
data_14_val_read  (read        ) [ 00]
data_13_val_read  (read        ) [ 00]
data_12_val_read  (read        ) [ 00]
data_11_val_read  (read        ) [ 00]
data_10_val_read  (read        ) [ 00]
data_9_val_read   (read        ) [ 00]
data_8_val_read   (read        ) [ 00]
data_7_val_read   (read        ) [ 00]
data_6_val_read   (read        ) [ 00]
data_5_val_read   (read        ) [ 00]
data_4_val_read   (read        ) [ 00]
data_3_val_read   (read        ) [ 00]
data_2_val_read   (read        ) [ 00]
data_1_val_read   (read        ) [ 00]
data_0_val_read   (read        ) [ 00]
icmp_ln45         (icmp        ) [ 01]
trunc_ln          (partselect  ) [ 00]
select_ln45       (select      ) [ 00]
icmp_ln45_16      (icmp        ) [ 01]
trunc_ln46_s      (partselect  ) [ 00]
select_ln45_16    (select      ) [ 00]
icmp_ln45_17      (icmp        ) [ 01]
trunc_ln46_15     (partselect  ) [ 00]
select_ln45_17    (select      ) [ 00]
icmp_ln45_18      (icmp        ) [ 01]
trunc_ln46_16     (partselect  ) [ 00]
select_ln45_18    (select      ) [ 00]
icmp_ln45_19      (icmp        ) [ 01]
trunc_ln46_17     (partselect  ) [ 00]
select_ln45_19    (select      ) [ 00]
icmp_ln45_20      (icmp        ) [ 01]
trunc_ln46_18     (partselect  ) [ 00]
select_ln45_20    (select      ) [ 00]
icmp_ln45_21      (icmp        ) [ 01]
trunc_ln46_19     (partselect  ) [ 00]
select_ln45_21    (select      ) [ 00]
icmp_ln45_22      (icmp        ) [ 01]
trunc_ln46_20     (partselect  ) [ 00]
select_ln45_22    (select      ) [ 00]
icmp_ln45_23      (icmp        ) [ 01]
trunc_ln46_21     (partselect  ) [ 00]
select_ln45_23    (select      ) [ 00]
icmp_ln45_24      (icmp        ) [ 01]
trunc_ln46_22     (partselect  ) [ 00]
select_ln45_24    (select      ) [ 00]
icmp_ln45_25      (icmp        ) [ 01]
trunc_ln46_23     (partselect  ) [ 00]
select_ln45_25    (select      ) [ 00]
icmp_ln45_26      (icmp        ) [ 01]
trunc_ln46_24     (partselect  ) [ 00]
select_ln45_26    (select      ) [ 00]
icmp_ln45_27      (icmp        ) [ 01]
trunc_ln46_25     (partselect  ) [ 00]
select_ln45_27    (select      ) [ 00]
icmp_ln45_28      (icmp        ) [ 01]
trunc_ln46_26     (partselect  ) [ 00]
select_ln45_28    (select      ) [ 00]
icmp_ln45_29      (icmp        ) [ 01]
trunc_ln46_27     (partselect  ) [ 00]
select_ln45_29    (select      ) [ 00]
icmp_ln45_30      (icmp        ) [ 01]
trunc_ln46_28     (partselect  ) [ 00]
select_ln45_30    (select      ) [ 00]
icmp_ln45_31      (icmp        ) [ 01]
trunc_ln46_29     (partselect  ) [ 00]
select_ln45_31    (select      ) [ 00]
icmp_ln45_32      (icmp        ) [ 01]
trunc_ln46_30     (partselect  ) [ 00]
select_ln45_32    (select      ) [ 00]
icmp_ln45_33      (icmp        ) [ 01]
trunc_ln46_31     (partselect  ) [ 00]
select_ln45_33    (select      ) [ 00]
icmp_ln45_34      (icmp        ) [ 01]
trunc_ln46_32     (partselect  ) [ 00]
select_ln45_34    (select      ) [ 00]
icmp_ln45_35      (icmp        ) [ 01]
trunc_ln46_33     (partselect  ) [ 00]
select_ln45_35    (select      ) [ 00]
icmp_ln45_36      (icmp        ) [ 01]
trunc_ln46_34     (partselect  ) [ 00]
select_ln45_36    (select      ) [ 00]
icmp_ln45_37      (icmp        ) [ 01]
trunc_ln46_35     (partselect  ) [ 00]
select_ln45_37    (select      ) [ 00]
icmp_ln45_38      (icmp        ) [ 01]
trunc_ln46_36     (partselect  ) [ 00]
select_ln45_38    (select      ) [ 00]
icmp_ln45_39      (icmp        ) [ 01]
trunc_ln46_37     (partselect  ) [ 00]
select_ln45_39    (select      ) [ 00]
icmp_ln45_40      (icmp        ) [ 01]
trunc_ln46_38     (partselect  ) [ 00]
select_ln45_40    (select      ) [ 00]
icmp_ln45_41      (icmp        ) [ 01]
trunc_ln46_39     (partselect  ) [ 00]
select_ln45_41    (select      ) [ 00]
icmp_ln45_42      (icmp        ) [ 01]
trunc_ln46_40     (partselect  ) [ 00]
select_ln45_42    (select      ) [ 00]
icmp_ln45_43      (icmp        ) [ 01]
trunc_ln46_41     (partselect  ) [ 00]
select_ln45_43    (select      ) [ 00]
icmp_ln45_44      (icmp        ) [ 01]
trunc_ln46_42     (partselect  ) [ 00]
select_ln45_44    (select      ) [ 00]
icmp_ln45_45      (icmp        ) [ 01]
trunc_ln46_43     (partselect  ) [ 00]
select_ln45_45    (select      ) [ 00]
icmp_ln45_46      (icmp        ) [ 01]
trunc_ln46_44     (partselect  ) [ 00]
select_ln45_46    (select      ) [ 00]
mrv               (insertvalue ) [ 00]
mrv_1             (insertvalue ) [ 00]
mrv_2             (insertvalue ) [ 00]
mrv_3             (insertvalue ) [ 00]
mrv_4             (insertvalue ) [ 00]
mrv_5             (insertvalue ) [ 00]
mrv_6             (insertvalue ) [ 00]
mrv_7             (insertvalue ) [ 00]
mrv_8             (insertvalue ) [ 00]
mrv_9             (insertvalue ) [ 00]
mrv_10            (insertvalue ) [ 00]
mrv_11            (insertvalue ) [ 00]
mrv_12            (insertvalue ) [ 00]
mrv_13            (insertvalue ) [ 00]
mrv_14            (insertvalue ) [ 00]
mrv_s             (insertvalue ) [ 00]
mrv_15            (insertvalue ) [ 00]
mrv_16            (insertvalue ) [ 00]
mrv_17            (insertvalue ) [ 00]
mrv_18            (insertvalue ) [ 00]
mrv_19            (insertvalue ) [ 00]
mrv_20            (insertvalue ) [ 00]
mrv_21            (insertvalue ) [ 00]
mrv_22            (insertvalue ) [ 00]
mrv_23            (insertvalue ) [ 00]
mrv_24            (insertvalue ) [ 00]
mrv_25            (insertvalue ) [ 00]
mrv_26            (insertvalue ) [ 00]
mrv_27            (insertvalue ) [ 00]
mrv_28            (insertvalue ) [ 00]
mrv_29            (insertvalue ) [ 00]
mrv_30            (insertvalue ) [ 00]
ret_ln50          (ret         ) [ 00]
</LifeTime>

<model>

<comp_list>
<comp id="0" class="1000" name="data_0_val">
<pin_list>
<pin id="1" dir="1" index="0" bw="1" slack="0"/>
</pin_list>
<bind>
<StgValue><ssdm name="data_0_val"/></StgValue>
</bind>
</comp>

<comp id="2" class="1000" name="data_1_val">
<pin_list>
<pin id="3" dir="1" index="0" bw="1" slack="0"/>
</pin_list>
<bind>
<StgValue><ssdm name="data_1_val"/></StgValue>
</bind>
</comp>

<comp id="4" class="1000" name="data_2_val">
<pin_list>
<pin id="5" dir="1" index="0" bw="1" slack="0"/>
</pin_list>
<bind>
<StgValue><ssdm name="data_2_val"/></StgValue>
</bind>
</comp>

<comp id="6" class="1000" name="data_3_val">
<pin_list>
<pin id="7" dir="1" index="0" bw="1" slack="0"/>
</pin_list>
<bind>
<StgValue><ssdm name="data_3_val"/></StgValue>
</bind>
</comp>

<comp id="8" class="1000" name="data_4_val">
<pin_list>
<pin id="9" dir="1" index="0" bw="1" slack="0"/>
</pin_list>
<bind>
<StgValue><ssdm name="data_4_val"/></StgValue>
</bind>
</comp>

<comp id="10" class="1000" name="data_5_val">
<pin_list>
<pin id="11" dir="1" index="0" bw="1" slack="0"/>
</pin_list>
<bind>
<StgValue><ssdm name="data_5_val"/></StgValue>
</bind>
</comp>

<comp id="12" class="1000" name="data_6_val">
<pin_list>
<pin id="13" dir="1" index="0" bw="1" slack="0"/>
</pin_list>
<bind>
<StgValue><ssdm name="data_6_val"/></StgValue>
</bind>
</comp>

<comp id="14" class="1000" name="data_7_val">
<pin_list>
<pin id="15" dir="1" index="0" bw="1" slack="0"/>
</pin_list>
<bind>
<StgValue><ssdm name="data_7_val"/></StgValue>
</bind>
</comp>

<comp id="16" class="1000" name="data_8_val">
<pin_list>
<pin id="17" dir="1" index="0" bw="1" slack="0"/>
</pin_list>
<bind>
<StgValue><ssdm name="data_8_val"/></StgValue>
</bind>
</comp>

<comp id="18" class="1000" name="data_9_val">
<pin_list>
<pin id="19" dir="1" index="0" bw="1" slack="0"/>
</pin_list>
<bind>
<StgValue><ssdm name="data_9_val"/></StgValue>
</bind>
</comp>

<comp id="20" class="1000" name="data_10_val">
<pin_list>
<pin id="21" dir="1" index="0" bw="1" slack="0"/>
</pin_list>
<bind>
<StgValue><ssdm name="data_10_val"/></StgValue>
</bind>
</comp>

<comp id="22" class="1000" name="data_11_val">
<pin_list>
<pin id="23" dir="1" index="0" bw="1" slack="0"/>
</pin_list>
<bind>
<StgValue><ssdm name="data_11_val"/></StgValue>
</bind>
</comp>

<comp id="24" class="1000" name="data_12_val">
<pin_list>
<pin id="25" dir="1" index="0" bw="1" slack="0"/>
</pin_list>
<bind>
<StgValue><ssdm name="data_12_val"/></StgValue>
</bind>
</comp>

<comp id="26" class="1000" name="data_13_val">
<pin_list>
<pin id="27" dir="1" index="0" bw="1" slack="0"/>
</pin_list>
<bind>
<StgValue><ssdm name="data_13_val"/></StgValue>
</bind>
</comp>

<comp id="28" class="1000" name="data_14_val">
<pin_list>
<pin id="29" dir="1" index="0" bw="1" slack="0"/>
</pin_list>
<bind>
<StgValue><ssdm name="data_14_val"/></StgValue>
</bind>
</comp>

<comp id="30" class="1000" name="data_15_val">
<pin_list>
<pin id="31" dir="1" index="0" bw="1" slack="0"/>
</pin_list>
<bind>
<StgValue><ssdm name="data_15_val"/></StgValue>
</bind>
</comp>

<comp id="32" class="1000" name="data_16_val">
<pin_list>
<pin id="33" dir="1" index="0" bw="1" slack="0"/>
</pin_list>
<bind>
<StgValue><ssdm name="data_16_val"/></StgValue>
</bind>
</comp>

<comp id="34" class="1000" name="data_17_val">
<pin_list>
<pin id="35" dir="1" index="0" bw="1" slack="0"/>
</pin_list>
<bind>
<StgValue><ssdm name="data_17_val"/></StgValue>
</bind>
</comp>

<comp id="36" class="1000" name="data_18_val">
<pin_list>
<pin id="37" dir="1" index="0" bw="1" slack="0"/>
</pin_list>
<bind>
<StgValue><ssdm name="data_18_val"/></StgValue>
</bind>
</comp>

<comp id="38" class="1000" name="data_19_val">
<pin_list>
<pin id="39" dir="1" index="0" bw="1" slack="0"/>
</pin_list>
<bind>
<StgValue><ssdm name="data_19_val"/></StgValue>
</bind>
</comp>

<comp id="40" class="1000" name="data_20_val">
<pin_list>
<pin id="41" dir="1" index="0" bw="1" slack="0"/>
</pin_list>
<bind>
<StgValue><ssdm name="data_20_val"/></StgValue>
</bind>
</comp>

<comp id="42" class="1000" name="data_21_val">
<pin_list>
<pin id="43" dir="1" index="0" bw="1" slack="0"/>
</pin_list>
<bind>
<StgValue><ssdm name="data_21_val"/></StgValue>
</bind>
</comp>

<comp id="44" class="1000" name="data_22_val">
<pin_list>
<pin id="45" dir="1" index="0" bw="1" slack="0"/>
</pin_list>
<bind>
<StgValue><ssdm name="data_22_val"/></StgValue>
</bind>
</comp>

<comp id="46" class="1000" name="data_23_val">
<pin_list>
<pin id="47" dir="1" index="0" bw="1" slack="0"/>
</pin_list>
<bind>
<StgValue><ssdm name="data_23_val"/></StgValue>
</bind>
</comp>

<comp id="48" class="1000" name="data_24_val">
<pin_list>
<pin id="49" dir="1" index="0" bw="1" slack="0"/>
</pin_list>
<bind>
<StgValue><ssdm name="data_24_val"/></StgValue>
</bind>
</comp>

<comp id="50" class="1000" name="data_25_val">
<pin_list>
<pin id="51" dir="1" index="0" bw="1" slack="0"/>
</pin_list>
<bind>
<StgValue><ssdm name="data_25_val"/></StgValue>
</bind>
</comp>

<comp id="52" class="1000" name="data_26_val">
<pin_list>
<pin id="53" dir="1" index="0" bw="1" slack="0"/>
</pin_list>
<bind>
<StgValue><ssdm name="data_26_val"/></StgValue>
</bind>
</comp>

<comp id="54" class="1000" name="data_27_val">
<pin_list>
<pin id="55" dir="1" index="0" bw="1" slack="0"/>
</pin_list>
<bind>
<StgValue><ssdm name="data_27_val"/></StgValue>
</bind>
</comp>

<comp id="56" class="1000" name="data_28_val">
<pin_list>
<pin id="57" dir="1" index="0" bw="1" slack="0"/>
</pin_list>
<bind>
<StgValue><ssdm name="data_28_val"/></StgValue>
</bind>
</comp>

<comp id="58" class="1000" name="data_29_val">
<pin_list>
<pin id="59" dir="1" index="0" bw="1" slack="0"/>
</pin_list>
<bind>
<StgValue><ssdm name="data_29_val"/></StgValue>
</bind>
</comp>

<comp id="60" class="1000" name="data_30_val">
<pin_list>
<pin id="61" dir="1" index="0" bw="1" slack="0"/>
</pin_list>
<bind>
<StgValue><ssdm name="data_30_val"/></StgValue>
</bind>
</comp>

<comp id="62" class="1000" name="data_31_val">
<pin_list>
<pin id="63" dir="1" index="0" bw="1" slack="0"/>
</pin_list>
<bind>
<StgValue><ssdm name="data_31_val"/></StgValue>
</bind>
</comp>

<comp id="64" class="1001" name="const_64">
<pin_list>
<pin id="65" dir="1" index="0" bw="1" slack="2147483647"/>
</pin_list>
<bind>
<StgValue><ssdm name="_ssdm_op_SpecPipeline"/></StgValue>
</bind>
</comp>

<comp id="66" class="1001" name="const_66">
<pin_list>
<pin id="67" dir="1" index="0" bw="1" slack="2147483647"/>
</pin_list>
<bind>
<StgValue><ssdm name=""/></StgValue>
</bind>
</comp>

<comp id="68" class="1001" name="const_68">
<pin_list>
<pin id="69" dir="1" index="0" bw="1" slack="0"/>
</pin_list>
<bind>
<StgValue><ssdm name=""/></StgValue>
</bind>
</comp>

<comp id="70" class="1001" name="const_70">
<pin_list>
<pin id="71" dir="1" index="0" bw="1" slack="2147483647"/>
</pin_list>
<bind>
<StgValue><ssdm name="empty_0"/></StgValue>
</bind>
</comp>

<comp id="72" class="1001" name="const_72">
<pin_list>
<pin id="73" dir="1" index="0" bw="1" slack="0"/>
</pin_list>
<bind>
<StgValue><ssdm name="_ssdm_op_Read.ap_auto.i32"/></StgValue>
</bind>
</comp>

<comp id="74" class="1001" name="const_74">
<pin_list>
<pin id="75" dir="1" index="0" bw="1" slack="0"/>
</pin_list>
<bind>
<StgValue><ssdm name="_ssdm_op_PartSelect.i16.i32.i32.i32"/></StgValue>
</bind>
</comp>

<comp id="76" class="1001" name="const_76">
<pin_list>
<pin id="77" dir="1" index="0" bw="1" slack="0"/>
</pin_list>
<bind>
<StgValue><ssdm name=""/></StgValue>
</bind>
</comp>

<comp id="78" class="1001" name="const_78">
<pin_list>
<pin id="79" dir="1" index="0" bw="1" slack="0"/>
</pin_list>
<bind>
<StgValue><ssdm name=""/></StgValue>
</bind>
</comp>

<comp id="80" class="1001" name="const_80">
<pin_list>
<pin id="81" dir="1" index="0" bw="1" slack="0"/>
</pin_list>
<bind>
<StgValue><ssdm name=""/></StgValue>
</bind>
</comp>

<comp id="82" class="1001" name="const_82">
<pin_list>
<pin id="83" dir="1" index="0" bw="1" slack="0"/>
</pin_list>
<bind>
<StgValue><ssdm name=""/></StgValue>
</bind>
</comp>

<comp id="84" class="1004" name="data_31_val_read_read_fu_84">
<pin_list>
<pin id="85" dir="0" index="0" bw="32" slack="0"/>
<pin id="86" dir="0" index="1" bw="32" slack="0"/>
<pin id="87" dir="1" index="2" bw="32" slack="0"/>
</pin_list>
<bind>
<opcode="read(1150) " fcode="read"/>
<opset="data_31_val_read/1 "/>
</bind>
</comp>

<comp id="90" class="1004" name="data_30_val_read_read_fu_90">
<pin_list>
<pin id="91" dir="0" index="0" bw="32" slack="0"/>
<pin id="92" dir="0" index="1" bw="32" slack="0"/>
<pin id="93" dir="1" index="2" bw="32" slack="0"/>
</pin_list>
<bind>
<opcode="read(1150) " fcode="read"/>
<opset="data_30_val_read/1 "/>
</bind>
</comp>

<comp id="96" class="1004" name="data_29_val_read_read_fu_96">
<pin_list>
<pin id="97" dir="0" index="0" bw="32" slack="0"/>
<pin id="98" dir="0" index="1" bw="32" slack="0"/>
<pin id="99" dir="1" index="2" bw="32" slack="0"/>
</pin_list>
<bind>
<opcode="read(1150) " fcode="read"/>
<opset="data_29_val_read/1 "/>
</bind>
</comp>

<comp id="102" class="1004" name="data_28_val_read_read_fu_102">
<pin_list>
<pin id="103" dir="0" index="0" bw="32" slack="0"/>
<pin id="104" dir="0" index="1" bw="32" slack="0"/>
<pin id="105" dir="1" index="2" bw="32" slack="0"/>
</pin_list>
<bind>
<opcode="read(1150) " fcode="read"/>
<opset="data_28_val_read/1 "/>
</bind>
</comp>

<comp id="108" class="1004" name="data_27_val_read_read_fu_108">
<pin_list>
<pin id="109" dir="0" index="0" bw="32" slack="0"/>
<pin id="110" dir="0" index="1" bw="32" slack="0"/>
<pin id="111" dir="1" index="2" bw="32" slack="0"/>
</pin_list>
<bind>
<opcode="read(1150) " fcode="read"/>
<opset="data_27_val_read/1 "/>
</bind>
</comp>

<comp id="114" class="1004" name="data_26_val_read_read_fu_114">
<pin_list>
<pin id="115" dir="0" index="0" bw="32" slack="0"/>
<pin id="116" dir="0" index="1" bw="32" slack="0"/>
<pin id="117" dir="1" index="2" bw="32" slack="0"/>
</pin_list>
<bind>
<opcode="read(1150) " fcode="read"/>
<opset="data_26_val_read/1 "/>
</bind>
</comp>

<comp id="120" class="1004" name="data_25_val_read_read_fu_120">
<pin_list>
<pin id="121" dir="0" index="0" bw="32" slack="0"/>
<pin id="122" dir="0" index="1" bw="32" slack="0"/>
<pin id="123" dir="1" index="2" bw="32" slack="0"/>
</pin_list>
<bind>
<opcode="read(1150) " fcode="read"/>
<opset="data_25_val_read/1 "/>
</bind>
</comp>

<comp id="126" class="1004" name="data_24_val_read_read_fu_126">
<pin_list>
<pin id="127" dir="0" index="0" bw="32" slack="0"/>
<pin id="128" dir="0" index="1" bw="32" slack="0"/>
<pin id="129" dir="1" index="2" bw="32" slack="0"/>
</pin_list>
<bind>
<opcode="read(1150) " fcode="read"/>
<opset="data_24_val_read/1 "/>
</bind>
</comp>

<comp id="132" class="1004" name="data_23_val_read_read_fu_132">
<pin_list>
<pin id="133" dir="0" index="0" bw="32" slack="0"/>
<pin id="134" dir="0" index="1" bw="32" slack="0"/>
<pin id="135" dir="1" index="2" bw="32" slack="0"/>
</pin_list>
<bind>
<opcode="read(1150) " fcode="read"/>
<opset="data_23_val_read/1 "/>
</bind>
</comp>

<comp id="138" class="1004" name="data_22_val_read_read_fu_138">
<pin_list>
<pin id="139" dir="0" index="0" bw="32" slack="0"/>
<pin id="140" dir="0" index="1" bw="32" slack="0"/>
<pin id="141" dir="1" index="2" bw="32" slack="0"/>
</pin_list>
<bind>
<opcode="read(1150) " fcode="read"/>
<opset="data_22_val_read/1 "/>
</bind>
</comp>

<comp id="144" class="1004" name="data_21_val_read_read_fu_144">
<pin_list>
<pin id="145" dir="0" index="0" bw="32" slack="0"/>
<pin id="146" dir="0" index="1" bw="32" slack="0"/>
<pin id="147" dir="1" index="2" bw="32" slack="0"/>
</pin_list>
<bind>
<opcode="read(1150) " fcode="read"/>
<opset="data_21_val_read/1 "/>
</bind>
</comp>

<comp id="150" class="1004" name="data_20_val_read_read_fu_150">
<pin_list>
<pin id="151" dir="0" index="0" bw="32" slack="0"/>
<pin id="152" dir="0" index="1" bw="32" slack="0"/>
<pin id="153" dir="1" index="2" bw="32" slack="0"/>
</pin_list>
<bind>
<opcode="read(1150) " fcode="read"/>
<opset="data_20_val_read/1 "/>
</bind>
</comp>

<comp id="156" class="1004" name="data_19_val_read_read_fu_156">
<pin_list>
<pin id="157" dir="0" index="0" bw="32" slack="0"/>
<pin id="158" dir="0" index="1" bw="32" slack="0"/>
<pin id="159" dir="1" index="2" bw="32" slack="0"/>
</pin_list>
<bind>
<opcode="read(1150) " fcode="read"/>
<opset="data_19_val_read/1 "/>
</bind>
</comp>

<comp id="162" class="1004" name="data_18_val_read_read_fu_162">
<pin_list>
<pin id="163" dir="0" index="0" bw="32" slack="0"/>
<pin id="164" dir="0" index="1" bw="32" slack="0"/>
<pin id="165" dir="1" index="2" bw="32" slack="0"/>
</pin_list>
<bind>
<opcode="read(1150) " fcode="read"/>
<opset="data_18_val_read/1 "/>
</bind>
</comp>

<comp id="168" class="1004" name="data_17_val_read_read_fu_168">
<pin_list>
<pin id="169" dir="0" index="0" bw="32" slack="0"/>
<pin id="170" dir="0" index="1" bw="32" slack="0"/>
<pin id="171" dir="1" index="2" bw="32" slack="0"/>
</pin_list>
<bind>
<opcode="read(1150) " fcode="read"/>
<opset="data_17_val_read/1 "/>
</bind>
</comp>

<comp id="174" class="1004" name="data_16_val_read_read_fu_174">
<pin_list>
<pin id="175" dir="0" index="0" bw="32" slack="0"/>
<pin id="176" dir="0" index="1" bw="32" slack="0"/>
<pin id="177" dir="1" index="2" bw="32" slack="0"/>
</pin_list>
<bind>
<opcode="read(1150) " fcode="read"/>
<opset="data_16_val_read/1 "/>
</bind>
</comp>

<comp id="180" class="1004" name="data_15_val_read_read_fu_180">
<pin_list>
<pin id="181" dir="0" index="0" bw="32" slack="0"/>
<pin id="182" dir="0" index="1" bw="32" slack="0"/>
<pin id="183" dir="1" index="2" bw="32" slack="0"/>
</pin_list>
<bind>
<opcode="read(1150) " fcode="read"/>
<opset="data_15_val_read/1 "/>
</bind>
</comp>

<comp id="186" class="1004" name="data_14_val_read_read_fu_186">
<pin_list>
<pin id="187" dir="0" index="0" bw="32" slack="0"/>
<pin id="188" dir="0" index="1" bw="32" slack="0"/>
<pin id="189" dir="1" index="2" bw="32" slack="0"/>
</pin_list>
<bind>
<opcode="read(1150) " fcode="read"/>
<opset="data_14_val_read/1 "/>
</bind>
</comp>

<comp id="192" class="1004" name="data_13_val_read_read_fu_192">
<pin_list>
<pin id="193" dir="0" index="0" bw="32" slack="0"/>
<pin id="194" dir="0" index="1" bw="32" slack="0"/>
<pin id="195" dir="1" index="2" bw="32" slack="0"/>
</pin_list>
<bind>
<opcode="read(1150) " fcode="read"/>
<opset="data_13_val_read/1 "/>
</bind>
</comp>

<comp id="198" class="1004" name="data_12_val_read_read_fu_198">
<pin_list>
<pin id="199" dir="0" index="0" bw="32" slack="0"/>
<pin id="200" dir="0" index="1" bw="32" slack="0"/>
<pin id="201" dir="1" index="2" bw="32" slack="0"/>
</pin_list>
<bind>
<opcode="read(1150) " fcode="read"/>
<opset="data_12_val_read/1 "/>
</bind>
</comp>

<comp id="204" class="1004" name="data_11_val_read_read_fu_204">
<pin_list>
<pin id="205" dir="0" index="0" bw="32" slack="0"/>
<pin id="206" dir="0" index="1" bw="32" slack="0"/>
<pin id="207" dir="1" index="2" bw="32" slack="0"/>
</pin_list>
<bind>
<opcode="read(1150) " fcode="read"/>
<opset="data_11_val_read/1 "/>
</bind>
</comp>

<comp id="210" class="1004" name="data_10_val_read_read_fu_210">
<pin_list>
<pin id="211" dir="0" index="0" bw="32" slack="0"/>
<pin id="212" dir="0" index="1" bw="32" slack="0"/>
<pin id="213" dir="1" index="2" bw="32" slack="0"/>
</pin_list>
<bind>
<opcode="read(1150) " fcode="read"/>
<opset="data_10_val_read/1 "/>
</bind>
</comp>

<comp id="216" class="1004" name="data_9_val_read_read_fu_216">
<pin_list>
<pin id="217" dir="0" index="0" bw="32" slack="0"/>
<pin id="218" dir="0" index="1" bw="32" slack="0"/>
<pin id="219" dir="1" index="2" bw="32" slack="0"/>
</pin_list>
<bind>
<opcode="read(1150) " fcode="read"/>
<opset="data_9_val_read/1 "/>
</bind>
</comp>

<comp id="222" class="1004" name="data_8_val_read_read_fu_222">
<pin_list>
<pin id="223" dir="0" index="0" bw="32" slack="0"/>
<pin id="224" dir="0" index="1" bw="32" slack="0"/>
<pin id="225" dir="1" index="2" bw="32" slack="0"/>
</pin_list>
<bind>
<opcode="read(1150) " fcode="read"/>
<opset="data_8_val_read/1 "/>
</bind>
</comp>

<comp id="228" class="1004" name="data_7_val_read_read_fu_228">
<pin_list>
<pin id="229" dir="0" index="0" bw="32" slack="0"/>
<pin id="230" dir="0" index="1" bw="32" slack="0"/>
<pin id="231" dir="1" index="2" bw="32" slack="0"/>
</pin_list>
<bind>
<opcode="read(1150) " fcode="read"/>
<opset="data_7_val_read/1 "/>
</bind>
</comp>

<comp id="234" class="1004" name="data_6_val_read_read_fu_234">
<pin_list>
<pin id="235" dir="0" index="0" bw="32" slack="0"/>
<pin id="236" dir="0" index="1" bw="32" slack="0"/>
<pin id="237" dir="1" index="2" bw="32" slack="0"/>
</pin_list>
<bind>
<opcode="read(1150) " fcode="read"/>
<opset="data_6_val_read/1 "/>
</bind>
</comp>

<comp id="240" class="1004" name="data_5_val_read_read_fu_240">
<pin_list>
<pin id="241" dir="0" index="0" bw="32" slack="0"/>
<pin id="242" dir="0" index="1" bw="32" slack="0"/>
<pin id="243" dir="1" index="2" bw="32" slack="0"/>
</pin_list>
<bind>
<opcode="read(1150) " fcode="read"/>
<opset="data_5_val_read/1 "/>
</bind>
</comp>

<comp id="246" class="1004" name="data_4_val_read_read_fu_246">
<pin_list>
<pin id="247" dir="0" index="0" bw="32" slack="0"/>
<pin id="248" dir="0" index="1" bw="32" slack="0"/>
<pin id="249" dir="1" index="2" bw="32" slack="0"/>
</pin_list>
<bind>
<opcode="read(1150) " fcode="read"/>
<opset="data_4_val_read/1 "/>
</bind>
</comp>

<comp id="252" class="1004" name="data_3_val_read_read_fu_252">
<pin_list>
<pin id="253" dir="0" index="0" bw="32" slack="0"/>
<pin id="254" dir="0" index="1" bw="32" slack="0"/>
<pin id="255" dir="1" index="2" bw="32" slack="0"/>
</pin_list>
<bind>
<opcode="read(1150) " fcode="read"/>
<opset="data_3_val_read/1 "/>
</bind>
</comp>

<comp id="258" class="1004" name="data_2_val_read_read_fu_258">
<pin_list>
<pin id="259" dir="0" index="0" bw="32" slack="0"/>
<pin id="260" dir="0" index="1" bw="32" slack="0"/>
<pin id="261" dir="1" index="2" bw="32" slack="0"/>
</pin_list>
<bind>
<opcode="read(1150) " fcode="read"/>
<opset="data_2_val_read/1 "/>
</bind>
</comp>

<comp id="264" class="1004" name="data_1_val_read_read_fu_264">
<pin_list>
<pin id="265" dir="0" index="0" bw="32" slack="0"/>
<pin id="266" dir="0" index="1" bw="32" slack="0"/>
<pin id="267" dir="1" index="2" bw="32" slack="0"/>
</pin_list>
<bind>
<opcode="read(1150) " fcode="read"/>
<opset="data_1_val_read/1 "/>
</bind>
</comp>

<comp id="270" class="1004" name="data_0_val_read_read_fu_270">
<pin_list>
<pin id="271" dir="0" index="0" bw="32" slack="0"/>
<pin id="272" dir="0" index="1" bw="32" slack="0"/>
<pin id="273" dir="1" index="2" bw="32" slack="0"/>
</pin_list>
<bind>
<opcode="read(1150) " fcode="read"/>
<opset="data_0_val_read/1 "/>
</bind>
</comp>

<comp id="276" class="1004" name="icmp_ln45_fu_276">
<pin_list>
<pin id="277" dir="0" index="0" bw="32" slack="0"/>
<pin id="278" dir="0" index="1" bw="1" slack="0"/>
<pin id="279" dir="1" index="2" bw="1" slack="0"/>
</pin_list>
<bind>
<opcode="icmp(45) " fcode="icmp"/>
<opset="icmp_ln45/1 "/>
</bind>
</comp>

<comp id="282" class="1004" name="trunc_ln_fu_282">
<pin_list>
<pin id="283" dir="0" index="0" bw="16" slack="0"/>
<pin id="284" dir="0" index="1" bw="32" slack="0"/>
<pin id="285" dir="0" index="2" bw="4" slack="0"/>
<pin id="286" dir="0" index="3" bw="6" slack="0"/>
<pin id="287" dir="1" index="4" bw="16" slack="0"/>
</pin_list>
<bind>
<opcode="partselect(1002) " fcode="partselect"/>
<opset="trunc_ln/1 "/>
</bind>
</comp>

<comp id="292" class="1004" name="select_ln45_fu_292">
<pin_list>
<pin id="293" dir="0" index="0" bw="1" slack="0"/>
<pin id="294" dir="0" index="1" bw="16" slack="0"/>
<pin id="295" dir="0" index="2" bw="1" slack="0"/>
<pin id="296" dir="1" index="3" bw="16" slack="0"/>
</pin_list>
<bind>
<opcode="select(49) " fcode="select"/>
<opset="select_ln45/1 "/>
</bind>
</comp>

<comp id="300" class="1004" name="icmp_ln45_16_fu_300">
<pin_list>
<pin id="301" dir="0" index="0" bw="32" slack="0"/>
<pin id="302" dir="0" index="1" bw="1" slack="0"/>
<pin id="303" dir="1" index="2" bw="1" slack="0"/>
</pin_list>
<bind>
<opcode="icmp(45) " fcode="icmp"/>
<opset="icmp_ln45_16/1 "/>
</bind>
</comp>

<comp id="306" class="1004" name="trunc_ln46_s_fu_306">
<pin_list>
<pin id="307" dir="0" index="0" bw="16" slack="0"/>
<pin id="308" dir="0" index="1" bw="32" slack="0"/>
<pin id="309" dir="0" index="2" bw="4" slack="0"/>
<pin id="310" dir="0" index="3" bw="6" slack="0"/>
<pin id="311" dir="1" index="4" bw="16" slack="0"/>
</pin_list>
<bind>
<opcode="partselect(1002) " fcode="partselect"/>
<opset="trunc_ln46_s/1 "/>
</bind>
</comp>

<comp id="316" class="1004" name="select_ln45_16_fu_316">
<pin_list>
<pin id="317" dir="0" index="0" bw="1" slack="0"/>
<pin id="318" dir="0" index="1" bw="16" slack="0"/>
<pin id="319" dir="0" index="2" bw="1" slack="0"/>
<pin id="320" dir="1" index="3" bw="16" slack="0"/>
</pin_list>
<bind>
<opcode="select(49) " fcode="select"/>
<opset="select_ln45_16/1 "/>
</bind>
</comp>

<comp id="324" class="1004" name="icmp_ln45_17_fu_324">
<pin_list>
<pin id="325" dir="0" index="0" bw="32" slack="0"/>
<pin id="326" dir="0" index="1" bw="1" slack="0"/>
<pin id="327" dir="1" index="2" bw="1" slack="0"/>
</pin_list>
<bind>
<opcode="icmp(45) " fcode="icmp"/>
<opset="icmp_ln45_17/1 "/>
</bind>
</comp>

<comp id="330" class="1004" name="trunc_ln46_15_fu_330">
<pin_list>
<pin id="331" dir="0" index="0" bw="16" slack="0"/>
<pin id="332" dir="0" index="1" bw="32" slack="0"/>
<pin id="333" dir="0" index="2" bw="4" slack="0"/>
<pin id="334" dir="0" index="3" bw="6" slack="0"/>
<pin id="335" dir="1" index="4" bw="16" slack="0"/>
</pin_list>
<bind>
<opcode="partselect(1002) " fcode="partselect"/>
<opset="trunc_ln46_15/1 "/>
</bind>
</comp>

<comp id="340" class="1004" name="select_ln45_17_fu_340">
<pin_list>
<pin id="341" dir="0" index="0" bw="1" slack="0"/>
<pin id="342" dir="0" index="1" bw="16" slack="0"/>
<pin id="343" dir="0" index="2" bw="1" slack="0"/>
<pin id="344" dir="1" index="3" bw="16" slack="0"/>
</pin_list>
<bind>
<opcode="select(49) " fcode="select"/>
<opset="select_ln45_17/1 "/>
</bind>
</comp>

<comp id="348" class="1004" name="icmp_ln45_18_fu_348">
<pin_list>
<pin id="349" dir="0" index="0" bw="32" slack="0"/>
<pin id="350" dir="0" index="1" bw="1" slack="0"/>
<pin id="351" dir="1" index="2" bw="1" slack="0"/>
</pin_list>
<bind>
<opcode="icmp(45) " fcode="icmp"/>
<opset="icmp_ln45_18/1 "/>
</bind>
</comp>

<comp id="354" class="1004" name="trunc_ln46_16_fu_354">
<pin_list>
<pin id="355" dir="0" index="0" bw="16" slack="0"/>
<pin id="356" dir="0" index="1" bw="32" slack="0"/>
<pin id="357" dir="0" index="2" bw="4" slack="0"/>
<pin id="358" dir="0" index="3" bw="6" slack="0"/>
<pin id="359" dir="1" index="4" bw="16" slack="0"/>
</pin_list>
<bind>
<opcode="partselect(1002) " fcode="partselect"/>
<opset="trunc_ln46_16/1 "/>
</bind>
</comp>

<comp id="364" class="1004" name="select_ln45_18_fu_364">
<pin_list>
<pin id="365" dir="0" index="0" bw="1" slack="0"/>
<pin id="366" dir="0" index="1" bw="16" slack="0"/>
<pin id="367" dir="0" index="2" bw="1" slack="0"/>
<pin id="368" dir="1" index="3" bw="16" slack="0"/>
</pin_list>
<bind>
<opcode="select(49) " fcode="select"/>
<opset="select_ln45_18/1 "/>
</bind>
</comp>

<comp id="372" class="1004" name="icmp_ln45_19_fu_372">
<pin_list>
<pin id="373" dir="0" index="0" bw="32" slack="0"/>
<pin id="374" dir="0" index="1" bw="1" slack="0"/>
<pin id="375" dir="1" index="2" bw="1" slack="0"/>
</pin_list>
<bind>
<opcode="icmp(45) " fcode="icmp"/>
<opset="icmp_ln45_19/1 "/>
</bind>
</comp>

<comp id="378" class="1004" name="trunc_ln46_17_fu_378">
<pin_list>
<pin id="379" dir="0" index="0" bw="16" slack="0"/>
<pin id="380" dir="0" index="1" bw="32" slack="0"/>
<pin id="381" dir="0" index="2" bw="4" slack="0"/>
<pin id="382" dir="0" index="3" bw="6" slack="0"/>
<pin id="383" dir="1" index="4" bw="16" slack="0"/>
</pin_list>
<bind>
<opcode="partselect(1002) " fcode="partselect"/>
<opset="trunc_ln46_17/1 "/>
</bind>
</comp>

<comp id="388" class="1004" name="select_ln45_19_fu_388">
<pin_list>
<pin id="389" dir="0" index="0" bw="1" slack="0"/>
<pin id="390" dir="0" index="1" bw="16" slack="0"/>
<pin id="391" dir="0" index="2" bw="1" slack="0"/>
<pin id="392" dir="1" index="3" bw="16" slack="0"/>
</pin_list>
<bind>
<opcode="select(49) " fcode="select"/>
<opset="select_ln45_19/1 "/>
</bind>
</comp>

<comp id="396" class="1004" name="icmp_ln45_20_fu_396">
<pin_list>
<pin id="397" dir="0" index="0" bw="32" slack="0"/>
<pin id="398" dir="0" index="1" bw="1" slack="0"/>
<pin id="399" dir="1" index="2" bw="1" slack="0"/>
</pin_list>
<bind>
<opcode="icmp(45) " fcode="icmp"/>
<opset="icmp_ln45_20/1 "/>
</bind>
</comp>

<comp id="402" class="1004" name="trunc_ln46_18_fu_402">
<pin_list>
<pin id="403" dir="0" index="0" bw="16" slack="0"/>
<pin id="404" dir="0" index="1" bw="32" slack="0"/>
<pin id="405" dir="0" index="2" bw="4" slack="0"/>
<pin id="406" dir="0" index="3" bw="6" slack="0"/>
<pin id="407" dir="1" index="4" bw="16" slack="0"/>
</pin_list>
<bind>
<opcode="partselect(1002) " fcode="partselect"/>
<opset="trunc_ln46_18/1 "/>
</bind>
</comp>

<comp id="412" class="1004" name="select_ln45_20_fu_412">
<pin_list>
<pin id="413" dir="0" index="0" bw="1" slack="0"/>
<pin id="414" dir="0" index="1" bw="16" slack="0"/>
<pin id="415" dir="0" index="2" bw="1" slack="0"/>
<pin id="416" dir="1" index="3" bw="16" slack="0"/>
</pin_list>
<bind>
<opcode="select(49) " fcode="select"/>
<opset="select_ln45_20/1 "/>
</bind>
</comp>

<comp id="420" class="1004" name="icmp_ln45_21_fu_420">
<pin_list>
<pin id="421" dir="0" index="0" bw="32" slack="0"/>
<pin id="422" dir="0" index="1" bw="1" slack="0"/>
<pin id="423" dir="1" index="2" bw="1" slack="0"/>
</pin_list>
<bind>
<opcode="icmp(45) " fcode="icmp"/>
<opset="icmp_ln45_21/1 "/>
</bind>
</comp>

<comp id="426" class="1004" name="trunc_ln46_19_fu_426">
<pin_list>
<pin id="427" dir="0" index="0" bw="16" slack="0"/>
<pin id="428" dir="0" index="1" bw="32" slack="0"/>
<pin id="429" dir="0" index="2" bw="4" slack="0"/>
<pin id="430" dir="0" index="3" bw="6" slack="0"/>
<pin id="431" dir="1" index="4" bw="16" slack="0"/>
</pin_list>
<bind>
<opcode="partselect(1002) " fcode="partselect"/>
<opset="trunc_ln46_19/1 "/>
</bind>
</comp>

<comp id="436" class="1004" name="select_ln45_21_fu_436">
<pin_list>
<pin id="437" dir="0" index="0" bw="1" slack="0"/>
<pin id="438" dir="0" index="1" bw="16" slack="0"/>
<pin id="439" dir="0" index="2" bw="1" slack="0"/>
<pin id="440" dir="1" index="3" bw="16" slack="0"/>
</pin_list>
<bind>
<opcode="select(49) " fcode="select"/>
<opset="select_ln45_21/1 "/>
</bind>
</comp>

<comp id="444" class="1004" name="icmp_ln45_22_fu_444">
<pin_list>
<pin id="445" dir="0" index="0" bw="32" slack="0"/>
<pin id="446" dir="0" index="1" bw="1" slack="0"/>
<pin id="447" dir="1" index="2" bw="1" slack="0"/>
</pin_list>
<bind>
<opcode="icmp(45) " fcode="icmp"/>
<opset="icmp_ln45_22/1 "/>
</bind>
</comp>

<comp id="450" class="1004" name="trunc_ln46_20_fu_450">
<pin_list>
<pin id="451" dir="0" index="0" bw="16" slack="0"/>
<pin id="452" dir="0" index="1" bw="32" slack="0"/>
<pin id="453" dir="0" index="2" bw="4" slack="0"/>
<pin id="454" dir="0" index="3" bw="6" slack="0"/>
<pin id="455" dir="1" index="4" bw="16" slack="0"/>
</pin_list>
<bind>
<opcode="partselect(1002) " fcode="partselect"/>
<opset="trunc_ln46_20/1 "/>
</bind>
</comp>

<comp id="460" class="1004" name="select_ln45_22_fu_460">
<pin_list>
<pin id="461" dir="0" index="0" bw="1" slack="0"/>
<pin id="462" dir="0" index="1" bw="16" slack="0"/>
<pin id="463" dir="0" index="2" bw="1" slack="0"/>
<pin id="464" dir="1" index="3" bw="16" slack="0"/>
</pin_list>
<bind>
<opcode="select(49) " fcode="select"/>
<opset="select_ln45_22/1 "/>
</bind>
</comp>

<comp id="468" class="1004" name="icmp_ln45_23_fu_468">
<pin_list>
<pin id="469" dir="0" index="0" bw="32" slack="0"/>
<pin id="470" dir="0" index="1" bw="1" slack="0"/>
<pin id="471" dir="1" index="2" bw="1" slack="0"/>
</pin_list>
<bind>
<opcode="icmp(45) " fcode="icmp"/>
<opset="icmp_ln45_23/1 "/>
</bind>
</comp>

<comp id="474" class="1004" name="trunc_ln46_21_fu_474">
<pin_list>
<pin id="475" dir="0" index="0" bw="16" slack="0"/>
<pin id="476" dir="0" index="1" bw="32" slack="0"/>
<pin id="477" dir="0" index="2" bw="4" slack="0"/>
<pin id="478" dir="0" index="3" bw="6" slack="0"/>
<pin id="479" dir="1" index="4" bw="16" slack="0"/>
</pin_list>
<bind>
<opcode="partselect(1002) " fcode="partselect"/>
<opset="trunc_ln46_21/1 "/>
</bind>
</comp>

<comp id="484" class="1004" name="select_ln45_23_fu_484">
<pin_list>
<pin id="485" dir="0" index="0" bw="1" slack="0"/>
<pin id="486" dir="0" index="1" bw="16" slack="0"/>
<pin id="487" dir="0" index="2" bw="1" slack="0"/>
<pin id="488" dir="1" index="3" bw="16" slack="0"/>
</pin_list>
<bind>
<opcode="select(49) " fcode="select"/>
<opset="select_ln45_23/1 "/>
</bind>
</comp>

<comp id="492" class="1004" name="icmp_ln45_24_fu_492">
<pin_list>
<pin id="493" dir="0" index="0" bw="32" slack="0"/>
<pin id="494" dir="0" index="1" bw="1" slack="0"/>
<pin id="495" dir="1" index="2" bw="1" slack="0"/>
</pin_list>
<bind>
<opcode="icmp(45) " fcode="icmp"/>
<opset="icmp_ln45_24/1 "/>
</bind>
</comp>

<comp id="498" class="1004" name="trunc_ln46_22_fu_498">
<pin_list>
<pin id="499" dir="0" index="0" bw="16" slack="0"/>
<pin id="500" dir="0" index="1" bw="32" slack="0"/>
<pin id="501" dir="0" index="2" bw="4" slack="0"/>
<pin id="502" dir="0" index="3" bw="6" slack="0"/>
<pin id="503" dir="1" index="4" bw="16" slack="0"/>
</pin_list>
<bind>
<opcode="partselect(1002) " fcode="partselect"/>
<opset="trunc_ln46_22/1 "/>
</bind>
</comp>

<comp id="508" class="1004" name="select_ln45_24_fu_508">
<pin_list>
<pin id="509" dir="0" index="0" bw="1" slack="0"/>
<pin id="510" dir="0" index="1" bw="16" slack="0"/>
<pin id="511" dir="0" index="2" bw="1" slack="0"/>
<pin id="512" dir="1" index="3" bw="16" slack="0"/>
</pin_list>
<bind>
<opcode="select(49) " fcode="select"/>
<opset="select_ln45_24/1 "/>
</bind>
</comp>

<comp id="516" class="1004" name="icmp_ln45_25_fu_516">
<pin_list>
<pin id="517" dir="0" index="0" bw="32" slack="0"/>
<pin id="518" dir="0" index="1" bw="1" slack="0"/>
<pin id="519" dir="1" index="2" bw="1" slack="0"/>
</pin_list>
<bind>
<opcode="icmp(45) " fcode="icmp"/>
<opset="icmp_ln45_25/1 "/>
</bind>
</comp>

<comp id="522" class="1004" name="trunc_ln46_23_fu_522">
<pin_list>
<pin id="523" dir="0" index="0" bw="16" slack="0"/>
<pin id="524" dir="0" index="1" bw="32" slack="0"/>
<pin id="525" dir="0" index="2" bw="4" slack="0"/>
<pin id="526" dir="0" index="3" bw="6" slack="0"/>
<pin id="527" dir="1" index="4" bw="16" slack="0"/>
</pin_list>
<bind>
<opcode="partselect(1002) " fcode="partselect"/>
<opset="trunc_ln46_23/1 "/>
</bind>
</comp>

<comp id="532" class="1004" name="select_ln45_25_fu_532">
<pin_list>
<pin id="533" dir="0" index="0" bw="1" slack="0"/>
<pin id="534" dir="0" index="1" bw="16" slack="0"/>
<pin id="535" dir="0" index="2" bw="1" slack="0"/>
<pin id="536" dir="1" index="3" bw="16" slack="0"/>
</pin_list>
<bind>
<opcode="select(49) " fcode="select"/>
<opset="select_ln45_25/1 "/>
</bind>
</comp>

<comp id="540" class="1004" name="icmp_ln45_26_fu_540">
<pin_list>
<pin id="541" dir="0" index="0" bw="32" slack="0"/>
<pin id="542" dir="0" index="1" bw="1" slack="0"/>
<pin id="543" dir="1" index="2" bw="1" slack="0"/>
</pin_list>
<bind>
<opcode="icmp(45) " fcode="icmp"/>
<opset="icmp_ln45_26/1 "/>
</bind>
</comp>

<comp id="546" class="1004" name="trunc_ln46_24_fu_546">
<pin_list>
<pin id="547" dir="0" index="0" bw="16" slack="0"/>
<pin id="548" dir="0" index="1" bw="32" slack="0"/>
<pin id="549" dir="0" index="2" bw="4" slack="0"/>
<pin id="550" dir="0" index="3" bw="6" slack="0"/>
<pin id="551" dir="1" index="4" bw="16" slack="0"/>
</pin_list>
<bind>
<opcode="partselect(1002) " fcode="partselect"/>
<opset="trunc_ln46_24/1 "/>
</bind>
</comp>

<comp id="556" class="1004" name="select_ln45_26_fu_556">
<pin_list>
<pin id="557" dir="0" index="0" bw="1" slack="0"/>
<pin id="558" dir="0" index="1" bw="16" slack="0"/>
<pin id="559" dir="0" index="2" bw="1" slack="0"/>
<pin id="560" dir="1" index="3" bw="16" slack="0"/>
</pin_list>
<bind>
<opcode="select(49) " fcode="select"/>
<opset="select_ln45_26/1 "/>
</bind>
</comp>

<comp id="564" class="1004" name="icmp_ln45_27_fu_564">
<pin_list>
<pin id="565" dir="0" index="0" bw="32" slack="0"/>
<pin id="566" dir="0" index="1" bw="1" slack="0"/>
<pin id="567" dir="1" index="2" bw="1" slack="0"/>
</pin_list>
<bind>
<opcode="icmp(45) " fcode="icmp"/>
<opset="icmp_ln45_27/1 "/>
</bind>
</comp>

<comp id="570" class="1004" name="trunc_ln46_25_fu_570">
<pin_list>
<pin id="571" dir="0" index="0" bw="16" slack="0"/>
<pin id="572" dir="0" index="1" bw="32" slack="0"/>
<pin id="573" dir="0" index="2" bw="4" slack="0"/>
<pin id="574" dir="0" index="3" bw="6" slack="0"/>
<pin id="575" dir="1" index="4" bw="16" slack="0"/>
</pin_list>
<bind>
<opcode="partselect(1002) " fcode="partselect"/>
<opset="trunc_ln46_25/1 "/>
</bind>
</comp>

<comp id="580" class="1004" name="select_ln45_27_fu_580">
<pin_list>
<pin id="581" dir="0" index="0" bw="1" slack="0"/>
<pin id="582" dir="0" index="1" bw="16" slack="0"/>
<pin id="583" dir="0" index="2" bw="1" slack="0"/>
<pin id="584" dir="1" index="3" bw="16" slack="0"/>
</pin_list>
<bind>
<opcode="select(49) " fcode="select"/>
<opset="select_ln45_27/1 "/>
</bind>
</comp>

<comp id="588" class="1004" name="icmp_ln45_28_fu_588">
<pin_list>
<pin id="589" dir="0" index="0" bw="32" slack="0"/>
<pin id="590" dir="0" index="1" bw="1" slack="0"/>
<pin id="591" dir="1" index="2" bw="1" slack="0"/>
</pin_list>
<bind>
<opcode="icmp(45) " fcode="icmp"/>
<opset="icmp_ln45_28/1 "/>
</bind>
</comp>

<comp id="594" class="1004" name="trunc_ln46_26_fu_594">
<pin_list>
<pin id="595" dir="0" index="0" bw="16" slack="0"/>
<pin id="596" dir="0" index="1" bw="32" slack="0"/>
<pin id="597" dir="0" index="2" bw="4" slack="0"/>
<pin id="598" dir="0" index="3" bw="6" slack="0"/>
<pin id="599" dir="1" index="4" bw="16" slack="0"/>
</pin_list>
<bind>
<opcode="partselect(1002) " fcode="partselect"/>
<opset="trunc_ln46_26/1 "/>
</bind>
</comp>

<comp id="604" class="1004" name="select_ln45_28_fu_604">
<pin_list>
<pin id="605" dir="0" index="0" bw="1" slack="0"/>
<pin id="606" dir="0" index="1" bw="16" slack="0"/>
<pin id="607" dir="0" index="2" bw="1" slack="0"/>
<pin id="608" dir="1" index="3" bw="16" slack="0"/>
</pin_list>
<bind>
<opcode="select(49) " fcode="select"/>
<opset="select_ln45_28/1 "/>
</bind>
</comp>

<comp id="612" class="1004" name="icmp_ln45_29_fu_612">
<pin_list>
<pin id="613" dir="0" index="0" bw="32" slack="0"/>
<pin id="614" dir="0" index="1" bw="1" slack="0"/>
<pin id="615" dir="1" index="2" bw="1" slack="0"/>
</pin_list>
<bind>
<opcode="icmp(45) " fcode="icmp"/>
<opset="icmp_ln45_29/1 "/>
</bind>
</comp>

<comp id="618" class="1004" name="trunc_ln46_27_fu_618">
<pin_list>
<pin id="619" dir="0" index="0" bw="16" slack="0"/>
<pin id="620" dir="0" index="1" bw="32" slack="0"/>
<pin id="621" dir="0" index="2" bw="4" slack="0"/>
<pin id="622" dir="0" index="3" bw="6" slack="0"/>
<pin id="623" dir="1" index="4" bw="16" slack="0"/>
</pin_list>
<bind>
<opcode="partselect(1002) " fcode="partselect"/>
<opset="trunc_ln46_27/1 "/>
</bind>
</comp>

<comp id="628" class="1004" name="select_ln45_29_fu_628">
<pin_list>
<pin id="629" dir="0" index="0" bw="1" slack="0"/>
<pin id="630" dir="0" index="1" bw="16" slack="0"/>
<pin id="631" dir="0" index="2" bw="1" slack="0"/>
<pin id="632" dir="1" index="3" bw="16" slack="0"/>
</pin_list>
<bind>
<opcode="select(49) " fcode="select"/>
<opset="select_ln45_29/1 "/>
</bind>
</comp>

<comp id="636" class="1004" name="icmp_ln45_30_fu_636">
<pin_list>
<pin id="637" dir="0" index="0" bw="32" slack="0"/>
<pin id="638" dir="0" index="1" bw="1" slack="0"/>
<pin id="639" dir="1" index="2" bw="1" slack="0"/>
</pin_list>
<bind>
<opcode="icmp(45) " fcode="icmp"/>
<opset="icmp_ln45_30/1 "/>
</bind>
</comp>

<comp id="642" class="1004" name="trunc_ln46_28_fu_642">
<pin_list>
<pin id="643" dir="0" index="0" bw="16" slack="0"/>
<pin id="644" dir="0" index="1" bw="32" slack="0"/>
<pin id="645" dir="0" index="2" bw="4" slack="0"/>
<pin id="646" dir="0" index="3" bw="6" slack="0"/>
<pin id="647" dir="1" index="4" bw="16" slack="0"/>
</pin_list>
<bind>
<opcode="partselect(1002) " fcode="partselect"/>
<opset="trunc_ln46_28/1 "/>
</bind>
</comp>

<comp id="652" class="1004" name="select_ln45_30_fu_652">
<pin_list>
<pin id="653" dir="0" index="0" bw="1" slack="0"/>
<pin id="654" dir="0" index="1" bw="16" slack="0"/>
<pin id="655" dir="0" index="2" bw="1" slack="0"/>
<pin id="656" dir="1" index="3" bw="16" slack="0"/>
</pin_list>
<bind>
<opcode="select(49) " fcode="select"/>
<opset="select_ln45_30/1 "/>
</bind>
</comp>

<comp id="660" class="1004" name="icmp_ln45_31_fu_660">
<pin_list>
<pin id="661" dir="0" index="0" bw="32" slack="0"/>
<pin id="662" dir="0" index="1" bw="1" slack="0"/>
<pin id="663" dir="1" index="2" bw="1" slack="0"/>
</pin_list>
<bind>
<opcode="icmp(45) " fcode="icmp"/>
<opset="icmp_ln45_31/1 "/>
</bind>
</comp>

<comp id="666" class="1004" name="trunc_ln46_29_fu_666">
<pin_list>
<pin id="667" dir="0" index="0" bw="16" slack="0"/>
<pin id="668" dir="0" index="1" bw="32" slack="0"/>
<pin id="669" dir="0" index="2" bw="4" slack="0"/>
<pin id="670" dir="0" index="3" bw="6" slack="0"/>
<pin id="671" dir="1" index="4" bw="16" slack="0"/>
</pin_list>
<bind>
<opcode="partselect(1002) " fcode="partselect"/>
<opset="trunc_ln46_29/1 "/>
</bind>
</comp>

<comp id="676" class="1004" name="select_ln45_31_fu_676">
<pin_list>
<pin id="677" dir="0" index="0" bw="1" slack="0"/>
<pin id="678" dir="0" index="1" bw="16" slack="0"/>
<pin id="679" dir="0" index="2" bw="1" slack="0"/>
<pin id="680" dir="1" index="3" bw="16" slack="0"/>
</pin_list>
<bind>
<opcode="select(49) " fcode="select"/>
<opset="select_ln45_31/1 "/>
</bind>
</comp>

<comp id="684" class="1004" name="icmp_ln45_32_fu_684">
<pin_list>
<pin id="685" dir="0" index="0" bw="32" slack="0"/>
<pin id="686" dir="0" index="1" bw="1" slack="0"/>
<pin id="687" dir="1" index="2" bw="1" slack="0"/>
</pin_list>
<bind>
<opcode="icmp(45) " fcode="icmp"/>
<opset="icmp_ln45_32/1 "/>
</bind>
</comp>

<comp id="690" class="1004" name="trunc_ln46_30_fu_690">
<pin_list>
<pin id="691" dir="0" index="0" bw="16" slack="0"/>
<pin id="692" dir="0" index="1" bw="32" slack="0"/>
<pin id="693" dir="0" index="2" bw="4" slack="0"/>
<pin id="694" dir="0" index="3" bw="6" slack="0"/>
<pin id="695" dir="1" index="4" bw="16" slack="0"/>
</pin_list>
<bind>
<opcode="partselect(1002) " fcode="partselect"/>
<opset="trunc_ln46_30/1 "/>
</bind>
</comp>

<comp id="700" class="1004" name="select_ln45_32_fu_700">
<pin_list>
<pin id="701" dir="0" index="0" bw="1" slack="0"/>
<pin id="702" dir="0" index="1" bw="16" slack="0"/>
<pin id="703" dir="0" index="2" bw="1" slack="0"/>
<pin id="704" dir="1" index="3" bw="16" slack="0"/>
</pin_list>
<bind>
<opcode="select(49) " fcode="select"/>
<opset="select_ln45_32/1 "/>
</bind>
</comp>

<comp id="708" class="1004" name="icmp_ln45_33_fu_708">
<pin_list>
<pin id="709" dir="0" index="0" bw="32" slack="0"/>
<pin id="710" dir="0" index="1" bw="1" slack="0"/>
<pin id="711" dir="1" index="2" bw="1" slack="0"/>
</pin_list>
<bind>
<opcode="icmp(45) " fcode="icmp"/>
<opset="icmp_ln45_33/1 "/>
</bind>
</comp>

<comp id="714" class="1004" name="trunc_ln46_31_fu_714">
<pin_list>
<pin id="715" dir="0" index="0" bw="16" slack="0"/>
<pin id="716" dir="0" index="1" bw="32" slack="0"/>
<pin id="717" dir="0" index="2" bw="4" slack="0"/>
<pin id="718" dir="0" index="3" bw="6" slack="0"/>
<pin id="719" dir="1" index="4" bw="16" slack="0"/>
</pin_list>
<bind>
<opcode="partselect(1002) " fcode="partselect"/>
<opset="trunc_ln46_31/1 "/>
</bind>
</comp>

<comp id="724" class="1004" name="select_ln45_33_fu_724">
<pin_list>
<pin id="725" dir="0" index="0" bw="1" slack="0"/>
<pin id="726" dir="0" index="1" bw="16" slack="0"/>
<pin id="727" dir="0" index="2" bw="1" slack="0"/>
<pin id="728" dir="1" index="3" bw="16" slack="0"/>
</pin_list>
<bind>
<opcode="select(49) " fcode="select"/>
<opset="select_ln45_33/1 "/>
</bind>
</comp>

<comp id="732" class="1004" name="icmp_ln45_34_fu_732">
<pin_list>
<pin id="733" dir="0" index="0" bw="32" slack="0"/>
<pin id="734" dir="0" index="1" bw="1" slack="0"/>
<pin id="735" dir="1" index="2" bw="1" slack="0"/>
</pin_list>
<bind>
<opcode="icmp(45) " fcode="icmp"/>
<opset="icmp_ln45_34/1 "/>
</bind>
</comp>

<comp id="738" class="1004" name="trunc_ln46_32_fu_738">
<pin_list>
<pin id="739" dir="0" index="0" bw="16" slack="0"/>
<pin id="740" dir="0" index="1" bw="32" slack="0"/>
<pin id="741" dir="0" index="2" bw="4" slack="0"/>
<pin id="742" dir="0" index="3" bw="6" slack="0"/>
<pin id="743" dir="1" index="4" bw="16" slack="0"/>
</pin_list>
<bind>
<opcode="partselect(1002) " fcode="partselect"/>
<opset="trunc_ln46_32/1 "/>
</bind>
</comp>

<comp id="748" class="1004" name="select_ln45_34_fu_748">
<pin_list>
<pin id="749" dir="0" index="0" bw="1" slack="0"/>
<pin id="750" dir="0" index="1" bw="16" slack="0"/>
<pin id="751" dir="0" index="2" bw="1" slack="0"/>
<pin id="752" dir="1" index="3" bw="16" slack="0"/>
</pin_list>
<bind>
<opcode="select(49) " fcode="select"/>
<opset="select_ln45_34/1 "/>
</bind>
</comp>

<comp id="756" class="1004" name="icmp_ln45_35_fu_756">
<pin_list>
<pin id="757" dir="0" index="0" bw="32" slack="0"/>
<pin id="758" dir="0" index="1" bw="1" slack="0"/>
<pin id="759" dir="1" index="2" bw="1" slack="0"/>
</pin_list>
<bind>
<opcode="icmp(45) " fcode="icmp"/>
<opset="icmp_ln45_35/1 "/>
</bind>
</comp>

<comp id="762" class="1004" name="trunc_ln46_33_fu_762">
<pin_list>
<pin id="763" dir="0" index="0" bw="16" slack="0"/>
<pin id="764" dir="0" index="1" bw="32" slack="0"/>
<pin id="765" dir="0" index="2" bw="4" slack="0"/>
<pin id="766" dir="0" index="3" bw="6" slack="0"/>
<pin id="767" dir="1" index="4" bw="16" slack="0"/>
</pin_list>
<bind>
<opcode="partselect(1002) " fcode="partselect"/>
<opset="trunc_ln46_33/1 "/>
</bind>
</comp>

<comp id="772" class="1004" name="select_ln45_35_fu_772">
<pin_list>
<pin id="773" dir="0" index="0" bw="1" slack="0"/>
<pin id="774" dir="0" index="1" bw="16" slack="0"/>
<pin id="775" dir="0" index="2" bw="1" slack="0"/>
<pin id="776" dir="1" index="3" bw="16" slack="0"/>
</pin_list>
<bind>
<opcode="select(49) " fcode="select"/>
<opset="select_ln45_35/1 "/>
</bind>
</comp>

<comp id="780" class="1004" name="icmp_ln45_36_fu_780">
<pin_list>
<pin id="781" dir="0" index="0" bw="32" slack="0"/>
<pin id="782" dir="0" index="1" bw="1" slack="0"/>
<pin id="783" dir="1" index="2" bw="1" slack="0"/>
</pin_list>
<bind>
<opcode="icmp(45) " fcode="icmp"/>
<opset="icmp_ln45_36/1 "/>
</bind>
</comp>

<comp id="786" class="1004" name="trunc_ln46_34_fu_786">
<pin_list>
<pin id="787" dir="0" index="0" bw="16" slack="0"/>
<pin id="788" dir="0" index="1" bw="32" slack="0"/>
<pin id="789" dir="0" index="2" bw="4" slack="0"/>
<pin id="790" dir="0" index="3" bw="6" slack="0"/>
<pin id="791" dir="1" index="4" bw="16" slack="0"/>
</pin_list>
<bind>
<opcode="partselect(1002) " fcode="partselect"/>
<opset="trunc_ln46_34/1 "/>
</bind>
</comp>

<comp id="796" class="1004" name="select_ln45_36_fu_796">
<pin_list>
<pin id="797" dir="0" index="0" bw="1" slack="0"/>
<pin id="798" dir="0" index="1" bw="16" slack="0"/>
<pin id="799" dir="0" index="2" bw="1" slack="0"/>
<pin id="800" dir="1" index="3" bw="16" slack="0"/>
</pin_list>
<bind>
<opcode="select(49) " fcode="select"/>
<opset="select_ln45_36/1 "/>
</bind>
</comp>

<comp id="804" class="1004" name="icmp_ln45_37_fu_804">
<pin_list>
<pin id="805" dir="0" index="0" bw="32" slack="0"/>
<pin id="806" dir="0" index="1" bw="1" slack="0"/>
<pin id="807" dir="1" index="2" bw="1" slack="0"/>
</pin_list>
<bind>
<opcode="icmp(45) " fcode="icmp"/>
<opset="icmp_ln45_37/1 "/>
</bind>
</comp>

<comp id="810" class="1004" name="trunc_ln46_35_fu_810">
<pin_list>
<pin id="811" dir="0" index="0" bw="16" slack="0"/>
<pin id="812" dir="0" index="1" bw="32" slack="0"/>
<pin id="813" dir="0" index="2" bw="4" slack="0"/>
<pin id="814" dir="0" index="3" bw="6" slack="0"/>
<pin id="815" dir="1" index="4" bw="16" slack="0"/>
</pin_list>
<bind>
<opcode="partselect(1002) " fcode="partselect"/>
<opset="trunc_ln46_35/1 "/>
</bind>
</comp>

<comp id="820" class="1004" name="select_ln45_37_fu_820">
<pin_list>
<pin id="821" dir="0" index="0" bw="1" slack="0"/>
<pin id="822" dir="0" index="1" bw="16" slack="0"/>
<pin id="823" dir="0" index="2" bw="1" slack="0"/>
<pin id="824" dir="1" index="3" bw="16" slack="0"/>
</pin_list>
<bind>
<opcode="select(49) " fcode="select"/>
<opset="select_ln45_37/1 "/>
</bind>
</comp>

<comp id="828" class="1004" name="icmp_ln45_38_fu_828">
<pin_list>
<pin id="829" dir="0" index="0" bw="32" slack="0"/>
<pin id="830" dir="0" index="1" bw="1" slack="0"/>
<pin id="831" dir="1" index="2" bw="1" slack="0"/>
</pin_list>
<bind>
<opcode="icmp(45) " fcode="icmp"/>
<opset="icmp_ln45_38/1 "/>
</bind>
</comp>

<comp id="834" class="1004" name="trunc_ln46_36_fu_834">
<pin_list>
<pin id="835" dir="0" index="0" bw="16" slack="0"/>
<pin id="836" dir="0" index="1" bw="32" slack="0"/>
<pin id="837" dir="0" index="2" bw="4" slack="0"/>
<pin id="838" dir="0" index="3" bw="6" slack="0"/>
<pin id="839" dir="1" index="4" bw="16" slack="0"/>
</pin_list>
<bind>
<opcode="partselect(1002) " fcode="partselect"/>
<opset="trunc_ln46_36/1 "/>
</bind>
</comp>

<comp id="844" class="1004" name="select_ln45_38_fu_844">
<pin_list>
<pin id="845" dir="0" index="0" bw="1" slack="0"/>
<pin id="846" dir="0" index="1" bw="16" slack="0"/>
<pin id="847" dir="0" index="2" bw="1" slack="0"/>
<pin id="848" dir="1" index="3" bw="16" slack="0"/>
</pin_list>
<bind>
<opcode="select(49) " fcode="select"/>
<opset="select_ln45_38/1 "/>
</bind>
</comp>

<comp id="852" class="1004" name="icmp_ln45_39_fu_852">
<pin_list>
<pin id="853" dir="0" index="0" bw="32" slack="0"/>
<pin id="854" dir="0" index="1" bw="1" slack="0"/>
<pin id="855" dir="1" index="2" bw="1" slack="0"/>
</pin_list>
<bind>
<opcode="icmp(45) " fcode="icmp"/>
<opset="icmp_ln45_39/1 "/>
</bind>
</comp>

<comp id="858" class="1004" name="trunc_ln46_37_fu_858">
<pin_list>
<pin id="859" dir="0" index="0" bw="16" slack="0"/>
<pin id="860" dir="0" index="1" bw="32" slack="0"/>
<pin id="861" dir="0" index="2" bw="4" slack="0"/>
<pin id="862" dir="0" index="3" bw="6" slack="0"/>
<pin id="863" dir="1" index="4" bw="16" slack="0"/>
</pin_list>
<bind>
<opcode="partselect(1002) " fcode="partselect"/>
<opset="trunc_ln46_37/1 "/>
</bind>
</comp>

<comp id="868" class="1004" name="select_ln45_39_fu_868">
<pin_list>
<pin id="869" dir="0" index="0" bw="1" slack="0"/>
<pin id="870" dir="0" index="1" bw="16" slack="0"/>
<pin id="871" dir="0" index="2" bw="1" slack="0"/>
<pin id="872" dir="1" index="3" bw="16" slack="0"/>
</pin_list>
<bind>
<opcode="select(49) " fcode="select"/>
<opset="select_ln45_39/1 "/>
</bind>
</comp>

<comp id="876" class="1004" name="icmp_ln45_40_fu_876">
<pin_list>
<pin id="877" dir="0" index="0" bw="32" slack="0"/>
<pin id="878" dir="0" index="1" bw="1" slack="0"/>
<pin id="879" dir="1" index="2" bw="1" slack="0"/>
</pin_list>
<bind>
<opcode="icmp(45) " fcode="icmp"/>
<opset="icmp_ln45_40/1 "/>
</bind>
</comp>

<comp id="882" class="1004" name="trunc_ln46_38_fu_882">
<pin_list>
<pin id="883" dir="0" index="0" bw="16" slack="0"/>
<pin id="884" dir="0" index="1" bw="32" slack="0"/>
<pin id="885" dir="0" index="2" bw="4" slack="0"/>
<pin id="886" dir="0" index="3" bw="6" slack="0"/>
<pin id="887" dir="1" index="4" bw="16" slack="0"/>
</pin_list>
<bind>
<opcode="partselect(1002) " fcode="partselect"/>
<opset="trunc_ln46_38/1 "/>
</bind>
</comp>

<comp id="892" class="1004" name="select_ln45_40_fu_892">
<pin_list>
<pin id="893" dir="0" index="0" bw="1" slack="0"/>
<pin id="894" dir="0" index="1" bw="16" slack="0"/>
<pin id="895" dir="0" index="2" bw="1" slack="0"/>
<pin id="896" dir="1" index="3" bw="16" slack="0"/>
</pin_list>
<bind>
<opcode="select(49) " fcode="select"/>
<opset="select_ln45_40/1 "/>
</bind>
</comp>

<comp id="900" class="1004" name="icmp_ln45_41_fu_900">
<pin_list>
<pin id="901" dir="0" index="0" bw="32" slack="0"/>
<pin id="902" dir="0" index="1" bw="1" slack="0"/>
<pin id="903" dir="1" index="2" bw="1" slack="0"/>
</pin_list>
<bind>
<opcode="icmp(45) " fcode="icmp"/>
<opset="icmp_ln45_41/1 "/>
</bind>
</comp>

<comp id="906" class="1004" name="trunc_ln46_39_fu_906">
<pin_list>
<pin id="907" dir="0" index="0" bw="16" slack="0"/>
<pin id="908" dir="0" index="1" bw="32" slack="0"/>
<pin id="909" dir="0" index="2" bw="4" slack="0"/>
<pin id="910" dir="0" index="3" bw="6" slack="0"/>
<pin id="911" dir="1" index="4" bw="16" slack="0"/>
</pin_list>
<bind>
<opcode="partselect(1002) " fcode="partselect"/>
<opset="trunc_ln46_39/1 "/>
</bind>
</comp>

<comp id="916" class="1004" name="select_ln45_41_fu_916">
<pin_list>
<pin id="917" dir="0" index="0" bw="1" slack="0"/>
<pin id="918" dir="0" index="1" bw="16" slack="0"/>
<pin id="919" dir="0" index="2" bw="1" slack="0"/>
<pin id="920" dir="1" index="3" bw="16" slack="0"/>
</pin_list>
<bind>
<opcode="select(49) " fcode="select"/>
<opset="select_ln45_41/1 "/>
</bind>
</comp>

<comp id="924" class="1004" name="icmp_ln45_42_fu_924">
<pin_list>
<pin id="925" dir="0" index="0" bw="32" slack="0"/>
<pin id="926" dir="0" index="1" bw="1" slack="0"/>
<pin id="927" dir="1" index="2" bw="1" slack="0"/>
</pin_list>
<bind>
<opcode="icmp(45) " fcode="icmp"/>
<opset="icmp_ln45_42/1 "/>
</bind>
</comp>

<comp id="930" class="1004" name="trunc_ln46_40_fu_930">
<pin_list>
<pin id="931" dir="0" index="0" bw="16" slack="0"/>
<pin id="932" dir="0" index="1" bw="32" slack="0"/>
<pin id="933" dir="0" index="2" bw="4" slack="0"/>
<pin id="934" dir="0" index="3" bw="6" slack="0"/>
<pin id="935" dir="1" index="4" bw="16" slack="0"/>
</pin_list>
<bind>
<opcode="partselect(1002) " fcode="partselect"/>
<opset="trunc_ln46_40/1 "/>
</bind>
</comp>

<comp id="940" class="1004" name="select_ln45_42_fu_940">
<pin_list>
<pin id="941" dir="0" index="0" bw="1" slack="0"/>
<pin id="942" dir="0" index="1" bw="16" slack="0"/>
<pin id="943" dir="0" index="2" bw="1" slack="0"/>
<pin id="944" dir="1" index="3" bw="16" slack="0"/>
</pin_list>
<bind>
<opcode="select(49) " fcode="select"/>
<opset="select_ln45_42/1 "/>
</bind>
</comp>

<comp id="948" class="1004" name="icmp_ln45_43_fu_948">
<pin_list>
<pin id="949" dir="0" index="0" bw="32" slack="0"/>
<pin id="950" dir="0" index="1" bw="1" slack="0"/>
<pin id="951" dir="1" index="2" bw="1" slack="0"/>
</pin_list>
<bind>
<opcode="icmp(45) " fcode="icmp"/>
<opset="icmp_ln45_43/1 "/>
</bind>
</comp>

<comp id="954" class="1004" name="trunc_ln46_41_fu_954">
<pin_list>
<pin id="955" dir="0" index="0" bw="16" slack="0"/>
<pin id="956" dir="0" index="1" bw="32" slack="0"/>
<pin id="957" dir="0" index="2" bw="4" slack="0"/>
<pin id="958" dir="0" index="3" bw="6" slack="0"/>
<pin id="959" dir="1" index="4" bw="16" slack="0"/>
</pin_list>
<bind>
<opcode="partselect(1002) " fcode="partselect"/>
<opset="trunc_ln46_41/1 "/>
</bind>
</comp>

<comp id="964" class="1004" name="select_ln45_43_fu_964">
<pin_list>
<pin id="965" dir="0" index="0" bw="1" slack="0"/>
<pin id="966" dir="0" index="1" bw="16" slack="0"/>
<pin id="967" dir="0" index="2" bw="1" slack="0"/>
<pin id="968" dir="1" index="3" bw="16" slack="0"/>
</pin_list>
<bind>
<opcode="select(49) " fcode="select"/>
<opset="select_ln45_43/1 "/>
</bind>
</comp>

<comp id="972" class="1004" name="icmp_ln45_44_fu_972">
<pin_list>
<pin id="973" dir="0" index="0" bw="32" slack="0"/>
<pin id="974" dir="0" index="1" bw="1" slack="0"/>
<pin id="975" dir="1" index="2" bw="1" slack="0"/>
</pin_list>
<bind>
<opcode="icmp(45) " fcode="icmp"/>
<opset="icmp_ln45_44/1 "/>
</bind>
</comp>

<comp id="978" class="1004" name="trunc_ln46_42_fu_978">
<pin_list>
<pin id="979" dir="0" index="0" bw="16" slack="0"/>
<pin id="980" dir="0" index="1" bw="32" slack="0"/>
<pin id="981" dir="0" index="2" bw="4" slack="0"/>
<pin id="982" dir="0" index="3" bw="6" slack="0"/>
<pin id="983" dir="1" index="4" bw="16" slack="0"/>
</pin_list>
<bind>
<opcode="partselect(1002) " fcode="partselect"/>
<opset="trunc_ln46_42/1 "/>
</bind>
</comp>

<comp id="988" class="1004" name="select_ln45_44_fu_988">
<pin_list>
<pin id="989" dir="0" index="0" bw="1" slack="0"/>
<pin id="990" dir="0" index="1" bw="16" slack="0"/>
<pin id="991" dir="0" index="2" bw="1" slack="0"/>
<pin id="992" dir="1" index="3" bw="16" slack="0"/>
</pin_list>
<bind>
<opcode="select(49) " fcode="select"/>
<opset="select_ln45_44/1 "/>
</bind>
</comp>

<comp id="996" class="1004" name="icmp_ln45_45_fu_996">
<pin_list>
<pin id="997" dir="0" index="0" bw="32" slack="0"/>
<pin id="998" dir="0" index="1" bw="1" slack="0"/>
<pin id="999" dir="1" index="2" bw="1" slack="0"/>
</pin_list>
<bind>
<opcode="icmp(45) " fcode="icmp"/>
<opset="icmp_ln45_45/1 "/>
</bind>
</comp>

<comp id="1002" class="1004" name="trunc_ln46_43_fu_1002">
<pin_list>
<pin id="1003" dir="0" index="0" bw="16" slack="0"/>
<pin id="1004" dir="0" index="1" bw="32" slack="0"/>
<pin id="1005" dir="0" index="2" bw="4" slack="0"/>
<pin id="1006" dir="0" index="3" bw="6" slack="0"/>
<pin id="1007" dir="1" index="4" bw="16" slack="0"/>
</pin_list>
<bind>
<opcode="partselect(1002) " fcode="partselect"/>
<opset="trunc_ln46_43/1 "/>
</bind>
</comp>

<comp id="1012" class="1004" name="select_ln45_45_fu_1012">
<pin_list>
<pin id="1013" dir="0" index="0" bw="1" slack="0"/>
<pin id="1014" dir="0" index="1" bw="16" slack="0"/>
<pin id="1015" dir="0" index="2" bw="1" slack="0"/>
<pin id="1016" dir="1" index="3" bw="16" slack="0"/>
</pin_list>
<bind>
<opcode="select(49) " fcode="select"/>
<opset="select_ln45_45/1 "/>
</bind>
</comp>

<comp id="1020" class="1004" name="icmp_ln45_46_fu_1020">
<pin_list>
<pin id="1021" dir="0" index="0" bw="32" slack="0"/>
<pin id="1022" dir="0" index="1" bw="1" slack="0"/>
<pin id="1023" dir="1" index="2" bw="1" slack="0"/>
</pin_list>
<bind>
<opcode="icmp(45) " fcode="icmp"/>
<opset="icmp_ln45_46/1 "/>
</bind>
</comp>

<comp id="1026" class="1004" name="trunc_ln46_44_fu_1026">
<pin_list>
<pin id="1027" dir="0" index="0" bw="16" slack="0"/>
<pin id="1028" dir="0" index="1" bw="32" slack="0"/>
<pin id="1029" dir="0" index="2" bw="4" slack="0"/>
<pin id="1030" dir="0" index="3" bw="6" slack="0"/>
<pin id="1031" dir="1" index="4" bw="16" slack="0"/>
</pin_list>
<bind>
<opcode="partselect(1002) " fcode="partselect"/>
<opset="trunc_ln46_44/1 "/>
</bind>
</comp>

<comp id="1036" class="1004" name="select_ln45_46_fu_1036">
<pin_list>
<pin id="1037" dir="0" index="0" bw="1" slack="0"/>
<pin id="1038" dir="0" index="1" bw="16" slack="0"/>
<pin id="1039" dir="0" index="2" bw="1" slack="0"/>
<pin id="1040" dir="1" index="3" bw="16" slack="0"/>
</pin_list>
<bind>
<opcode="select(49) " fcode="select"/>
<opset="select_ln45_46/1 "/>
</bind>
</comp>

<comp id="1044" class="1004" name="mrv_fu_1044">
<pin_list>
<pin id="1045" dir="0" index="0" bw="512" slack="0"/>
<pin id="1046" dir="0" index="1" bw="16" slack="0"/>
<pin id="1047" dir="1" index="2" bw="512" slack="0"/>
</pin_list>
<bind>
<opcode="insertvalue(57) " fcode="insertvalue"/>
<opset="mrv/1 "/>
</bind>
</comp>

<comp id="1050" class="1004" name="mrv_1_fu_1050">
<pin_list>
<pin id="1051" dir="0" index="0" bw="512" slack="0"/>
<pin id="1052" dir="0" index="1" bw="16" slack="0"/>
<pin id="1053" dir="1" index="2" bw="512" slack="0"/>
</pin_list>
<bind>
<opcode="insertvalue(57) " fcode="insertvalue"/>
<opset="mrv_1/1 "/>
</bind>
</comp>

<comp id="1056" class="1004" name="mrv_2_fu_1056">
<pin_list>
<pin id="1057" dir="0" index="0" bw="512" slack="0"/>
<pin id="1058" dir="0" index="1" bw="16" slack="0"/>
<pin id="1059" dir="1" index="2" bw="512" slack="0"/>
</pin_list>
<bind>
<opcode="insertvalue(57) " fcode="insertvalue"/>
<opset="mrv_2/1 "/>
</bind>
</comp>

<comp id="1062" class="1004" name="mrv_3_fu_1062">
<pin_list>
<pin id="1063" dir="0" index="0" bw="512" slack="0"/>
<pin id="1064" dir="0" index="1" bw="16" slack="0"/>
<pin id="1065" dir="1" index="2" bw="512" slack="0"/>
</pin_list>
<bind>
<opcode="insertvalue(57) " fcode="insertvalue"/>
<opset="mrv_3/1 "/>
</bind>
</comp>

<comp id="1068" class="1004" name="mrv_4_fu_1068">
<pin_list>
<pin id="1069" dir="0" index="0" bw="512" slack="0"/>
<pin id="1070" dir="0" index="1" bw="16" slack="0"/>
<pin id="1071" dir="1" index="2" bw="512" slack="0"/>
</pin_list>
<bind>
<opcode="insertvalue(57) " fcode="insertvalue"/>
<opset="mrv_4/1 "/>
</bind>
</comp>

<comp id="1074" class="1004" name="mrv_5_fu_1074">
<pin_list>
<pin id="1075" dir="0" index="0" bw="512" slack="0"/>
<pin id="1076" dir="0" index="1" bw="16" slack="0"/>
<pin id="1077" dir="1" index="2" bw="512" slack="0"/>
</pin_list>
<bind>
<opcode="insertvalue(57) " fcode="insertvalue"/>
<opset="mrv_5/1 "/>
</bind>
</comp>

<comp id="1080" class="1004" name="mrv_6_fu_1080">
<pin_list>
<pin id="1081" dir="0" index="0" bw="512" slack="0"/>
<pin id="1082" dir="0" index="1" bw="16" slack="0"/>
<pin id="1083" dir="1" index="2" bw="512" slack="0"/>
</pin_list>
<bind>
<opcode="insertvalue(57) " fcode="insertvalue"/>
<opset="mrv_6/1 "/>
</bind>
</comp>

<comp id="1086" class="1004" name="mrv_7_fu_1086">
<pin_list>
<pin id="1087" dir="0" index="0" bw="512" slack="0"/>
<pin id="1088" dir="0" index="1" bw="16" slack="0"/>
<pin id="1089" dir="1" index="2" bw="512" slack="0"/>
</pin_list>
<bind>
<opcode="insertvalue(57) " fcode="insertvalue"/>
<opset="mrv_7/1 "/>
</bind>
</comp>

<comp id="1092" class="1004" name="mrv_8_fu_1092">
<pin_list>
<pin id="1093" dir="0" index="0" bw="512" slack="0"/>
<pin id="1094" dir="0" index="1" bw="16" slack="0"/>
<pin id="1095" dir="1" index="2" bw="512" slack="0"/>
</pin_list>
<bind>
<opcode="insertvalue(57) " fcode="insertvalue"/>
<opset="mrv_8/1 "/>
</bind>
</comp>

<comp id="1098" class="1004" name="mrv_9_fu_1098">
<pin_list>
<pin id="1099" dir="0" index="0" bw="512" slack="0"/>
<pin id="1100" dir="0" index="1" bw="16" slack="0"/>
<pin id="1101" dir="1" index="2" bw="512" slack="0"/>
</pin_list>
<bind>
<opcode="insertvalue(57) " fcode="insertvalue"/>
<opset="mrv_9/1 "/>
</bind>
</comp>

<comp id="1104" class="1004" name="mrv_10_fu_1104">
<pin_list>
<pin id="1105" dir="0" index="0" bw="512" slack="0"/>
<pin id="1106" dir="0" index="1" bw="16" slack="0"/>
<pin id="1107" dir="1" index="2" bw="512" slack="0"/>
</pin_list>
<bind>
<opcode="insertvalue(57) " fcode="insertvalue"/>
<opset="mrv_10/1 "/>
</bind>
</comp>

<comp id="1110" class="1004" name="mrv_11_fu_1110">
<pin_list>
<pin id="1111" dir="0" index="0" bw="512" slack="0"/>
<pin id="1112" dir="0" index="1" bw="16" slack="0"/>
<pin id="1113" dir="1" index="2" bw="512" slack="0"/>
</pin_list>
<bind>
<opcode="insertvalue(57) " fcode="insertvalue"/>
<opset="mrv_11/1 "/>
</bind>
</comp>

<comp id="1116" class="1004" name="mrv_12_fu_1116">
<pin_list>
<pin id="1117" dir="0" index="0" bw="512" slack="0"/>
<pin id="1118" dir="0" index="1" bw="16" slack="0"/>
<pin id="1119" dir="1" index="2" bw="512" slack="0"/>
</pin_list>
<bind>
<opcode="insertvalue(57) " fcode="insertvalue"/>
<opset="mrv_12/1 "/>
</bind>
</comp>

<comp id="1122" class="1004" name="mrv_13_fu_1122">
<pin_list>
<pin id="1123" dir="0" index="0" bw="512" slack="0"/>
<pin id="1124" dir="0" index="1" bw="16" slack="0"/>
<pin id="1125" dir="1" index="2" bw="512" slack="0"/>
</pin_list>
<bind>
<opcode="insertvalue(57) " fcode="insertvalue"/>
<opset="mrv_13/1 "/>
</bind>
</comp>

<comp id="1128" class="1004" name="mrv_14_fu_1128">
<pin_list>
<pin id="1129" dir="0" index="0" bw="512" slack="0"/>
<pin id="1130" dir="0" index="1" bw="16" slack="0"/>
<pin id="1131" dir="1" index="2" bw="512" slack="0"/>
</pin_list>
<bind>
<opcode="insertvalue(57) " fcode="insertvalue"/>
<opset="mrv_14/1 "/>
</bind>
</comp>

<comp id="1134" class="1004" name="mrv_s_fu_1134">
<pin_list>
<pin id="1135" dir="0" index="0" bw="512" slack="0"/>
<pin id="1136" dir="0" index="1" bw="16" slack="0"/>
<pin id="1137" dir="1" index="2" bw="512" slack="0"/>
</pin_list>
<bind>
<opcode="insertvalue(57) " fcode="insertvalue"/>
<opset="mrv_s/1 "/>
</bind>
</comp>

<comp id="1140" class="1004" name="mrv_15_fu_1140">
<pin_list>
<pin id="1141" dir="0" index="0" bw="512" slack="0"/>
<pin id="1142" dir="0" index="1" bw="16" slack="0"/>
<pin id="1143" dir="1" index="2" bw="512" slack="0"/>
</pin_list>
<bind>
<opcode="insertvalue(57) " fcode="insertvalue"/>
<opset="mrv_15/1 "/>
</bind>
</comp>

<comp id="1146" class="1004" name="mrv_16_fu_1146">
<pin_list>
<pin id="1147" dir="0" index="0" bw="512" slack="0"/>
<pin id="1148" dir="0" index="1" bw="16" slack="0"/>
<pin id="1149" dir="1" index="2" bw="512" slack="0"/>
</pin_list>
<bind>
<opcode="insertvalue(57) " fcode="insertvalue"/>
<opset="mrv_16/1 "/>
</bind>
</comp>

<comp id="1152" class="1004" name="mrv_17_fu_1152">
<pin_list>
<pin id="1153" dir="0" index="0" bw="512" slack="0"/>
<pin id="1154" dir="0" index="1" bw="16" slack="0"/>
<pin id="1155" dir="1" index="2" bw="512" slack="0"/>
</pin_list>
<bind>
<opcode="insertvalue(57) " fcode="insertvalue"/>
<opset="mrv_17/1 "/>
</bind>
</comp>

<comp id="1158" class="1004" name="mrv_18_fu_1158">
<pin_list>
<pin id="1159" dir="0" index="0" bw="512" slack="0"/>
<pin id="1160" dir="0" index="1" bw="16" slack="0"/>
<pin id="1161" dir="1" index="2" bw="512" slack="0"/>
</pin_list>
<bind>
<opcode="insertvalue(57) " fcode="insertvalue"/>
<opset="mrv_18/1 "/>
</bind>
</comp>

<comp id="1164" class="1004" name="mrv_19_fu_1164">
<pin_list>
<pin id="1165" dir="0" index="0" bw="512" slack="0"/>
<pin id="1166" dir="0" index="1" bw="16" slack="0"/>
<pin id="1167" dir="1" index="2" bw="512" slack="0"/>
</pin_list>
<bind>
<opcode="insertvalue(57) " fcode="insertvalue"/>
<opset="mrv_19/1 "/>
</bind>
</comp>

<comp id="1170" class="1004" name="mrv_20_fu_1170">
<pin_list>
<pin id="1171" dir="0" index="0" bw="512" slack="0"/>
<pin id="1172" dir="0" index="1" bw="16" slack="0"/>
<pin id="1173" dir="1" index="2" bw="512" slack="0"/>
</pin_list>
<bind>
<opcode="insertvalue(57) " fcode="insertvalue"/>
<opset="mrv_20/1 "/>
</bind>
</comp>

<comp id="1176" class="1004" name="mrv_21_fu_1176">
<pin_list>
<pin id="1177" dir="0" index="0" bw="512" slack="0"/>
<pin id="1178" dir="0" index="1" bw="16" slack="0"/>
<pin id="1179" dir="1" index="2" bw="512" slack="0"/>
</pin_list>
<bind>
<opcode="insertvalue(57) " fcode="insertvalue"/>
<opset="mrv_21/1 "/>
</bind>
</comp>

<comp id="1182" class="1004" name="mrv_22_fu_1182">
<pin_list>
<pin id="1183" dir="0" index="0" bw="512" slack="0"/>
<pin id="1184" dir="0" index="1" bw="16" slack="0"/>
<pin id="1185" dir="1" index="2" bw="512" slack="0"/>
</pin_list>
<bind>
<opcode="insertvalue(57) " fcode="insertvalue"/>
<opset="mrv_22/1 "/>
</bind>
</comp>

<comp id="1188" class="1004" name="mrv_23_fu_1188">
<pin_list>
<pin id="1189" dir="0" index="0" bw="512" slack="0"/>
<pin id="1190" dir="0" index="1" bw="16" slack="0"/>
<pin id="1191" dir="1" index="2" bw="512" slack="0"/>
</pin_list>
<bind>
<opcode="insertvalue(57) " fcode="insertvalue"/>
<opset="mrv_23/1 "/>
</bind>
</comp>

<comp id="1194" class="1004" name="mrv_24_fu_1194">
<pin_list>
<pin id="1195" dir="0" index="0" bw="512" slack="0"/>
<pin id="1196" dir="0" index="1" bw="16" slack="0"/>
<pin id="1197" dir="1" index="2" bw="512" slack="0"/>
</pin_list>
<bind>
<opcode="insertvalue(57) " fcode="insertvalue"/>
<opset="mrv_24/1 "/>
</bind>
</comp>

<comp id="1200" class="1004" name="mrv_25_fu_1200">
<pin_list>
<pin id="1201" dir="0" index="0" bw="512" slack="0"/>
<pin id="1202" dir="0" index="1" bw="16" slack="0"/>
<pin id="1203" dir="1" index="2" bw="512" slack="0"/>
</pin_list>
<bind>
<opcode="insertvalue(57) " fcode="insertvalue"/>
<opset="mrv_25/1 "/>
</bind>
</comp>

<comp id="1206" class="1004" name="mrv_26_fu_1206">
<pin_list>
<pin id="1207" dir="0" index="0" bw="512" slack="0"/>
<pin id="1208" dir="0" index="1" bw="16" slack="0"/>
<pin id="1209" dir="1" index="2" bw="512" slack="0"/>
</pin_list>
<bind>
<opcode="insertvalue(57) " fcode="insertvalue"/>
<opset="mrv_26/1 "/>
</bind>
</comp>

<comp id="1212" class="1004" name="mrv_27_fu_1212">
<pin_list>
<pin id="1213" dir="0" index="0" bw="512" slack="0"/>
<pin id="1214" dir="0" index="1" bw="16" slack="0"/>
<pin id="1215" dir="1" index="2" bw="512" slack="0"/>
</pin_list>
<bind>
<opcode="insertvalue(57) " fcode="insertvalue"/>
<opset="mrv_27/1 "/>
</bind>
</comp>

<comp id="1218" class="1004" name="mrv_28_fu_1218">
<pin_list>
<pin id="1219" dir="0" index="0" bw="512" slack="0"/>
<pin id="1220" dir="0" index="1" bw="16" slack="0"/>
<pin id="1221" dir="1" index="2" bw="512" slack="0"/>
</pin_list>
<bind>
<opcode="insertvalue(57) " fcode="insertvalue"/>
<opset="mrv_28/1 "/>
</bind>
</comp>

<comp id="1224" class="1004" name="mrv_29_fu_1224">
<pin_list>
<pin id="1225" dir="0" index="0" bw="512" slack="0"/>
<pin id="1226" dir="0" index="1" bw="16" slack="0"/>
<pin id="1227" dir="1" index="2" bw="512" slack="0"/>
</pin_list>
<bind>
<opcode="insertvalue(57) " fcode="insertvalue"/>
<opset="mrv_29/1 "/>
</bind>
</comp>

<comp id="1230" class="1004" name="mrv_30_fu_1230">
<pin_list>
<pin id="1231" dir="0" index="0" bw="512" slack="0"/>
<pin id="1232" dir="0" index="1" bw="16" slack="0"/>
<pin id="1233" dir="1" index="2" bw="512" slack="2147483647"/>
</pin_list>
<bind>
<opcode="insertvalue(57) " fcode="insertvalue"/>
<opset="mrv_30/1 "/>
</bind>
</comp>

</comp_list>

<net_list>
<net id="88"><net_src comp="72" pin="0"/><net_sink comp="84" pin=0"/></net>

<net id="89"><net_src comp="62" pin="0"/><net_sink comp="84" pin=1"/></net>

<net id="94"><net_src comp="72" pin="0"/><net_sink comp="90" pin=0"/></net>

<net id="95"><net_src comp="60" pin="0"/><net_sink comp="90" pin=1"/></net>

<net id="100"><net_src comp="72" pin="0"/><net_sink comp="96" pin=0"/></net>

<net id="101"><net_src comp="58" pin="0"/><net_sink comp="96" pin=1"/></net>

<net id="106"><net_src comp="72" pin="0"/><net_sink comp="102" pin=0"/></net>

<net id="107"><net_src comp="56" pin="0"/><net_sink comp="102" pin=1"/></net>

<net id="112"><net_src comp="72" pin="0"/><net_sink comp="108" pin=0"/></net>

<net id="113"><net_src comp="54" pin="0"/><net_sink comp="108" pin=1"/></net>

<net id="118"><net_src comp="72" pin="0"/><net_sink comp="114" pin=0"/></net>

<net id="119"><net_src comp="52" pin="0"/><net_sink comp="114" pin=1"/></net>

<net id="124"><net_src comp="72" pin="0"/><net_sink comp="120" pin=0"/></net>

<net id="125"><net_src comp="50" pin="0"/><net_sink comp="120" pin=1"/></net>

<net id="130"><net_src comp="72" pin="0"/><net_sink comp="126" pin=0"/></net>

<net id="131"><net_src comp="48" pin="0"/><net_sink comp="126" pin=1"/></net>

<net id="136"><net_src comp="72" pin="0"/><net_sink comp="132" pin=0"/></net>

<net id="137"><net_src comp="46" pin="0"/><net_sink comp="132" pin=1"/></net>

<net id="142"><net_src comp="72" pin="0"/><net_sink comp="138" pin=0"/></net>

<net id="143"><net_src comp="44" pin="0"/><net_sink comp="138" pin=1"/></net>

<net id="148"><net_src comp="72" pin="0"/><net_sink comp="144" pin=0"/></net>

<net id="149"><net_src comp="42" pin="0"/><net_sink comp="144" pin=1"/></net>

<net id="154"><net_src comp="72" pin="0"/><net_sink comp="150" pin=0"/></net>

<net id="155"><net_src comp="40" pin="0"/><net_sink comp="150" pin=1"/></net>

<net id="160"><net_src comp="72" pin="0"/><net_sink comp="156" pin=0"/></net>

<net id="161"><net_src comp="38" pin="0"/><net_sink comp="156" pin=1"/></net>

<net id="166"><net_src comp="72" pin="0"/><net_sink comp="162" pin=0"/></net>

<net id="167"><net_src comp="36" pin="0"/><net_sink comp="162" pin=1"/></net>

<net id="172"><net_src comp="72" pin="0"/><net_sink comp="168" pin=0"/></net>

<net id="173"><net_src comp="34" pin="0"/><net_sink comp="168" pin=1"/></net>

<net id="178"><net_src comp="72" pin="0"/><net_sink comp="174" pin=0"/></net>

<net id="179"><net_src comp="32" pin="0"/><net_sink comp="174" pin=1"/></net>

<net id="184"><net_src comp="72" pin="0"/><net_sink comp="180" pin=0"/></net>

<net id="185"><net_src comp="30" pin="0"/><net_sink comp="180" pin=1"/></net>

<net id="190"><net_src comp="72" pin="0"/><net_sink comp="186" pin=0"/></net>

<net id="191"><net_src comp="28" pin="0"/><net_sink comp="186" pin=1"/></net>

<net id="196"><net_src comp="72" pin="0"/><net_sink comp="192" pin=0"/></net>

<net id="197"><net_src comp="26" pin="0"/><net_sink comp="192" pin=1"/></net>

<net id="202"><net_src comp="72" pin="0"/><net_sink comp="198" pin=0"/></net>

<net id="203"><net_src comp="24" pin="0"/><net_sink comp="198" pin=1"/></net>

<net id="208"><net_src comp="72" pin="0"/><net_sink comp="204" pin=0"/></net>

<net id="209"><net_src comp="22" pin="0"/><net_sink comp="204" pin=1"/></net>

<net id="214"><net_src comp="72" pin="0"/><net_sink comp="210" pin=0"/></net>

<net id="215"><net_src comp="20" pin="0"/><net_sink comp="210" pin=1"/></net>

<net id="220"><net_src comp="72" pin="0"/><net_sink comp="216" pin=0"/></net>

<net id="221"><net_src comp="18" pin="0"/><net_sink comp="216" pin=1"/></net>

<net id="226"><net_src comp="72" pin="0"/><net_sink comp="222" pin=0"/></net>

<net id="227"><net_src comp="16" pin="0"/><net_sink comp="222" pin=1"/></net>

<net id="232"><net_src comp="72" pin="0"/><net_sink comp="228" pin=0"/></net>

<net id="233"><net_src comp="14" pin="0"/><net_sink comp="228" pin=1"/></net>

<net id="238"><net_src comp="72" pin="0"/><net_sink comp="234" pin=0"/></net>

<net id="239"><net_src comp="12" pin="0"/><net_sink comp="234" pin=1"/></net>

<net id="244"><net_src comp="72" pin="0"/><net_sink comp="240" pin=0"/></net>

<net id="245"><net_src comp="10" pin="0"/><net_sink comp="240" pin=1"/></net>

<net id="250"><net_src comp="72" pin="0"/><net_sink comp="246" pin=0"/></net>

<net id="251"><net_src comp="8" pin="0"/><net_sink comp="246" pin=1"/></net>

<net id="256"><net_src comp="72" pin="0"/><net_sink comp="252" pin=0"/></net>

<net id="257"><net_src comp="6" pin="0"/><net_sink comp="252" pin=1"/></net>

<net id="262"><net_src comp="72" pin="0"/><net_sink comp="258" pin=0"/></net>

<net id="263"><net_src comp="4" pin="0"/><net_sink comp="258" pin=1"/></net>

<net id="268"><net_src comp="72" pin="0"/><net_sink comp="264" pin=0"/></net>

<net id="269"><net_src comp="2" pin="0"/><net_sink comp="264" pin=1"/></net>

<net id="274"><net_src comp="72" pin="0"/><net_sink comp="270" pin=0"/></net>

<net id="275"><net_src comp="0" pin="0"/><net_sink comp="270" pin=1"/></net>

<net id="280"><net_src comp="270" pin="2"/><net_sink comp="276" pin=0"/></net>

<net id="281"><net_src comp="68" pin="0"/><net_sink comp="276" pin=1"/></net>

<net id="288"><net_src comp="74" pin="0"/><net_sink comp="282" pin=0"/></net>

<net id="289"><net_src comp="270" pin="2"/><net_sink comp="282" pin=1"/></net>

<net id="290"><net_src comp="76" pin="0"/><net_sink comp="282" pin=2"/></net>

<net id="291"><net_src comp="78" pin="0"/><net_sink comp="282" pin=3"/></net>

<net id="297"><net_src comp="276" pin="2"/><net_sink comp="292" pin=0"/></net>

<net id="298"><net_src comp="282" pin="4"/><net_sink comp="292" pin=1"/></net>

<net id="299"><net_src comp="80" pin="0"/><net_sink comp="292" pin=2"/></net>

<net id="304"><net_src comp="264" pin="2"/><net_sink comp="300" pin=0"/></net>

<net id="305"><net_src comp="68" pin="0"/><net_sink comp="300" pin=1"/></net>

<net id="312"><net_src comp="74" pin="0"/><net_sink comp="306" pin=0"/></net>

<net id="313"><net_src comp="264" pin="2"/><net_sink comp="306" pin=1"/></net>

<net id="314"><net_src comp="76" pin="0"/><net_sink comp="306" pin=2"/></net>

<net id="315"><net_src comp="78" pin="0"/><net_sink comp="306" pin=3"/></net>

<net id="321"><net_src comp="300" pin="2"/><net_sink comp="316" pin=0"/></net>

<net id="322"><net_src comp="306" pin="4"/><net_sink comp="316" pin=1"/></net>

<net id="323"><net_src comp="80" pin="0"/><net_sink comp="316" pin=2"/></net>

<net id="328"><net_src comp="258" pin="2"/><net_sink comp="324" pin=0"/></net>

<net id="329"><net_src comp="68" pin="0"/><net_sink comp="324" pin=1"/></net>

<net id="336"><net_src comp="74" pin="0"/><net_sink comp="330" pin=0"/></net>

<net id="337"><net_src comp="258" pin="2"/><net_sink comp="330" pin=1"/></net>

<net id="338"><net_src comp="76" pin="0"/><net_sink comp="330" pin=2"/></net>

<net id="339"><net_src comp="78" pin="0"/><net_sink comp="330" pin=3"/></net>

<net id="345"><net_src comp="324" pin="2"/><net_sink comp="340" pin=0"/></net>

<net id="346"><net_src comp="330" pin="4"/><net_sink comp="340" pin=1"/></net>

<net id="347"><net_src comp="80" pin="0"/><net_sink comp="340" pin=2"/></net>

<net id="352"><net_src comp="252" pin="2"/><net_sink comp="348" pin=0"/></net>

<net id="353"><net_src comp="68" pin="0"/><net_sink comp="348" pin=1"/></net>

<net id="360"><net_src comp="74" pin="0"/><net_sink comp="354" pin=0"/></net>

<net id="361"><net_src comp="252" pin="2"/><net_sink comp="354" pin=1"/></net>

<net id="362"><net_src comp="76" pin="0"/><net_sink comp="354" pin=2"/></net>

<net id="363"><net_src comp="78" pin="0"/><net_sink comp="354" pin=3"/></net>

<net id="369"><net_src comp="348" pin="2"/><net_sink comp="364" pin=0"/></net>

<net id="370"><net_src comp="354" pin="4"/><net_sink comp="364" pin=1"/></net>

<net id="371"><net_src comp="80" pin="0"/><net_sink comp="364" pin=2"/></net>

<net id="376"><net_src comp="246" pin="2"/><net_sink comp="372" pin=0"/></net>

<net id="377"><net_src comp="68" pin="0"/><net_sink comp="372" pin=1"/></net>

<net id="384"><net_src comp="74" pin="0"/><net_sink comp="378" pin=0"/></net>

<net id="385"><net_src comp="246" pin="2"/><net_sink comp="378" pin=1"/></net>

<net id="386"><net_src comp="76" pin="0"/><net_sink comp="378" pin=2"/></net>

<net id="387"><net_src comp="78" pin="0"/><net_sink comp="378" pin=3"/></net>

<net id="393"><net_src comp="372" pin="2"/><net_sink comp="388" pin=0"/></net>

<net id="394"><net_src comp="378" pin="4"/><net_sink comp="388" pin=1"/></net>

<net id="395"><net_src comp="80" pin="0"/><net_sink comp="388" pin=2"/></net>

<net id="400"><net_src comp="240" pin="2"/><net_sink comp="396" pin=0"/></net>

<net id="401"><net_src comp="68" pin="0"/><net_sink comp="396" pin=1"/></net>

<net id="408"><net_src comp="74" pin="0"/><net_sink comp="402" pin=0"/></net>

<net id="409"><net_src comp="240" pin="2"/><net_sink comp="402" pin=1"/></net>

<net id="410"><net_src comp="76" pin="0"/><net_sink comp="402" pin=2"/></net>

<net id="411"><net_src comp="78" pin="0"/><net_sink comp="402" pin=3"/></net>

<net id="417"><net_src comp="396" pin="2"/><net_sink comp="412" pin=0"/></net>

<net id="418"><net_src comp="402" pin="4"/><net_sink comp="412" pin=1"/></net>

<net id="419"><net_src comp="80" pin="0"/><net_sink comp="412" pin=2"/></net>

<net id="424"><net_src comp="234" pin="2"/><net_sink comp="420" pin=0"/></net>

<net id="425"><net_src comp="68" pin="0"/><net_sink comp="420" pin=1"/></net>

<net id="432"><net_src comp="74" pin="0"/><net_sink comp="426" pin=0"/></net>

<net id="433"><net_src comp="234" pin="2"/><net_sink comp="426" pin=1"/></net>

<net id="434"><net_src comp="76" pin="0"/><net_sink comp="426" pin=2"/></net>

<net id="435"><net_src comp="78" pin="0"/><net_sink comp="426" pin=3"/></net>

<net id="441"><net_src comp="420" pin="2"/><net_sink comp="436" pin=0"/></net>

<net id="442"><net_src comp="426" pin="4"/><net_sink comp="436" pin=1"/></net>

<net id="443"><net_src comp="80" pin="0"/><net_sink comp="436" pin=2"/></net>

<net id="448"><net_src comp="228" pin="2"/><net_sink comp="444" pin=0"/></net>

<net id="449"><net_src comp="68" pin="0"/><net_sink comp="444" pin=1"/></net>

<net id="456"><net_src comp="74" pin="0"/><net_sink comp="450" pin=0"/></net>

<net id="457"><net_src comp="228" pin="2"/><net_sink comp="450" pin=1"/></net>

<net id="458"><net_src comp="76" pin="0"/><net_sink comp="450" pin=2"/></net>

<net id="459"><net_src comp="78" pin="0"/><net_sink comp="450" pin=3"/></net>

<net id="465"><net_src comp="444" pin="2"/><net_sink comp="460" pin=0"/></net>

<net id="466"><net_src comp="450" pin="4"/><net_sink comp="460" pin=1"/></net>

<net id="467"><net_src comp="80" pin="0"/><net_sink comp="460" pin=2"/></net>

<net id="472"><net_src comp="222" pin="2"/><net_sink comp="468" pin=0"/></net>

<net id="473"><net_src comp="68" pin="0"/><net_sink comp="468" pin=1"/></net>

<net id="480"><net_src comp="74" pin="0"/><net_sink comp="474" pin=0"/></net>

<net id="481"><net_src comp="222" pin="2"/><net_sink comp="474" pin=1"/></net>

<net id="482"><net_src comp="76" pin="0"/><net_sink comp="474" pin=2"/></net>

<net id="483"><net_src comp="78" pin="0"/><net_sink comp="474" pin=3"/></net>

<net id="489"><net_src comp="468" pin="2"/><net_sink comp="484" pin=0"/></net>

<net id="490"><net_src comp="474" pin="4"/><net_sink comp="484" pin=1"/></net>

<net id="491"><net_src comp="80" pin="0"/><net_sink comp="484" pin=2"/></net>

<net id="496"><net_src comp="216" pin="2"/><net_sink comp="492" pin=0"/></net>

<net id="497"><net_src comp="68" pin="0"/><net_sink comp="492" pin=1"/></net>

<net id="504"><net_src comp="74" pin="0"/><net_sink comp="498" pin=0"/></net>

<net id="505"><net_src comp="216" pin="2"/><net_sink comp="498" pin=1"/></net>

<net id="506"><net_src comp="76" pin="0"/><net_sink comp="498" pin=2"/></net>

<net id="507"><net_src comp="78" pin="0"/><net_sink comp="498" pin=3"/></net>

<net id="513"><net_src comp="492" pin="2"/><net_sink comp="508" pin=0"/></net>

<net id="514"><net_src comp="498" pin="4"/><net_sink comp="508" pin=1"/></net>

<net id="515"><net_src comp="80" pin="0"/><net_sink comp="508" pin=2"/></net>

<net id="520"><net_src comp="210" pin="2"/><net_sink comp="516" pin=0"/></net>

<net id="521"><net_src comp="68" pin="0"/><net_sink comp="516" pin=1"/></net>

<net id="528"><net_src comp="74" pin="0"/><net_sink comp="522" pin=0"/></net>

<net id="529"><net_src comp="210" pin="2"/><net_sink comp="522" pin=1"/></net>

<net id="530"><net_src comp="76" pin="0"/><net_sink comp="522" pin=2"/></net>

<net id="531"><net_src comp="78" pin="0"/><net_sink comp="522" pin=3"/></net>

<net id="537"><net_src comp="516" pin="2"/><net_sink comp="532" pin=0"/></net>

<net id="538"><net_src comp="522" pin="4"/><net_sink comp="532" pin=1"/></net>

<net id="539"><net_src comp="80" pin="0"/><net_sink comp="532" pin=2"/></net>

<net id="544"><net_src comp="204" pin="2"/><net_sink comp="540" pin=0"/></net>

<net id="545"><net_src comp="68" pin="0"/><net_sink comp="540" pin=1"/></net>

<net id="552"><net_src comp="74" pin="0"/><net_sink comp="546" pin=0"/></net>

<net id="553"><net_src comp="204" pin="2"/><net_sink comp="546" pin=1"/></net>

<net id="554"><net_src comp="76" pin="0"/><net_sink comp="546" pin=2"/></net>

<net id="555"><net_src comp="78" pin="0"/><net_sink comp="546" pin=3"/></net>

<net id="561"><net_src comp="540" pin="2"/><net_sink comp="556" pin=0"/></net>

<net id="562"><net_src comp="546" pin="4"/><net_sink comp="556" pin=1"/></net>

<net id="563"><net_src comp="80" pin="0"/><net_sink comp="556" pin=2"/></net>

<net id="568"><net_src comp="198" pin="2"/><net_sink comp="564" pin=0"/></net>

<net id="569"><net_src comp="68" pin="0"/><net_sink comp="564" pin=1"/></net>

<net id="576"><net_src comp="74" pin="0"/><net_sink comp="570" pin=0"/></net>

<net id="577"><net_src comp="198" pin="2"/><net_sink comp="570" pin=1"/></net>

<net id="578"><net_src comp="76" pin="0"/><net_sink comp="570" pin=2"/></net>

<net id="579"><net_src comp="78" pin="0"/><net_sink comp="570" pin=3"/></net>

<net id="585"><net_src comp="564" pin="2"/><net_sink comp="580" pin=0"/></net>

<net id="586"><net_src comp="570" pin="4"/><net_sink comp="580" pin=1"/></net>

<net id="587"><net_src comp="80" pin="0"/><net_sink comp="580" pin=2"/></net>

<net id="592"><net_src comp="192" pin="2"/><net_sink comp="588" pin=0"/></net>

<net id="593"><net_src comp="68" pin="0"/><net_sink comp="588" pin=1"/></net>

<net id="600"><net_src comp="74" pin="0"/><net_sink comp="594" pin=0"/></net>

<net id="601"><net_src comp="192" pin="2"/><net_sink comp="594" pin=1"/></net>

<net id="602"><net_src comp="76" pin="0"/><net_sink comp="594" pin=2"/></net>

<net id="603"><net_src comp="78" pin="0"/><net_sink comp="594" pin=3"/></net>

<net id="609"><net_src comp="588" pin="2"/><net_sink comp="604" pin=0"/></net>

<net id="610"><net_src comp="594" pin="4"/><net_sink comp="604" pin=1"/></net>

<net id="611"><net_src comp="80" pin="0"/><net_sink comp="604" pin=2"/></net>

<net id="616"><net_src comp="186" pin="2"/><net_sink comp="612" pin=0"/></net>

<net id="617"><net_src comp="68" pin="0"/><net_sink comp="612" pin=1"/></net>

<net id="624"><net_src comp="74" pin="0"/><net_sink comp="618" pin=0"/></net>

<net id="625"><net_src comp="186" pin="2"/><net_sink comp="618" pin=1"/></net>

<net id="626"><net_src comp="76" pin="0"/><net_sink comp="618" pin=2"/></net>

<net id="627"><net_src comp="78" pin="0"/><net_sink comp="618" pin=3"/></net>

<net id="633"><net_src comp="612" pin="2"/><net_sink comp="628" pin=0"/></net>

<net id="634"><net_src comp="618" pin="4"/><net_sink comp="628" pin=1"/></net>

<net id="635"><net_src comp="80" pin="0"/><net_sink comp="628" pin=2"/></net>

<net id="640"><net_src comp="180" pin="2"/><net_sink comp="636" pin=0"/></net>

<net id="641"><net_src comp="68" pin="0"/><net_sink comp="636" pin=1"/></net>

<net id="648"><net_src comp="74" pin="0"/><net_sink comp="642" pin=0"/></net>

<net id="649"><net_src comp="180" pin="2"/><net_sink comp="642" pin=1"/></net>

<net id="650"><net_src comp="76" pin="0"/><net_sink comp="642" pin=2"/></net>

<net id="651"><net_src comp="78" pin="0"/><net_sink comp="642" pin=3"/></net>

<net id="657"><net_src comp="636" pin="2"/><net_sink comp="652" pin=0"/></net>

<net id="658"><net_src comp="642" pin="4"/><net_sink comp="652" pin=1"/></net>

<net id="659"><net_src comp="80" pin="0"/><net_sink comp="652" pin=2"/></net>

<net id="664"><net_src comp="174" pin="2"/><net_sink comp="660" pin=0"/></net>

<net id="665"><net_src comp="68" pin="0"/><net_sink comp="660" pin=1"/></net>

<net id="672"><net_src comp="74" pin="0"/><net_sink comp="666" pin=0"/></net>

<net id="673"><net_src comp="174" pin="2"/><net_sink comp="666" pin=1"/></net>

<net id="674"><net_src comp="76" pin="0"/><net_sink comp="666" pin=2"/></net>

<net id="675"><net_src comp="78" pin="0"/><net_sink comp="666" pin=3"/></net>

<net id="681"><net_src comp="660" pin="2"/><net_sink comp="676" pin=0"/></net>

<net id="682"><net_src comp="666" pin="4"/><net_sink comp="676" pin=1"/></net>

<net id="683"><net_src comp="80" pin="0"/><net_sink comp="676" pin=2"/></net>

<net id="688"><net_src comp="168" pin="2"/><net_sink comp="684" pin=0"/></net>

<net id="689"><net_src comp="68" pin="0"/><net_sink comp="684" pin=1"/></net>

<net id="696"><net_src comp="74" pin="0"/><net_sink comp="690" pin=0"/></net>

<net id="697"><net_src comp="168" pin="2"/><net_sink comp="690" pin=1"/></net>

<net id="698"><net_src comp="76" pin="0"/><net_sink comp="690" pin=2"/></net>

<net id="699"><net_src comp="78" pin="0"/><net_sink comp="690" pin=3"/></net>

<net id="705"><net_src comp="684" pin="2"/><net_sink comp="700" pin=0"/></net>

<net id="706"><net_src comp="690" pin="4"/><net_sink comp="700" pin=1"/></net>

<net id="707"><net_src comp="80" pin="0"/><net_sink comp="700" pin=2"/></net>

<net id="712"><net_src comp="162" pin="2"/><net_sink comp="708" pin=0"/></net>

<net id="713"><net_src comp="68" pin="0"/><net_sink comp="708" pin=1"/></net>

<net id="720"><net_src comp="74" pin="0"/><net_sink comp="714" pin=0"/></net>

<net id="721"><net_src comp="162" pin="2"/><net_sink comp="714" pin=1"/></net>

<net id="722"><net_src comp="76" pin="0"/><net_sink comp="714" pin=2"/></net>

<net id="723"><net_src comp="78" pin="0"/><net_sink comp="714" pin=3"/></net>

<net id="729"><net_src comp="708" pin="2"/><net_sink comp="724" pin=0"/></net>

<net id="730"><net_src comp="714" pin="4"/><net_sink comp="724" pin=1"/></net>

<net id="731"><net_src comp="80" pin="0"/><net_sink comp="724" pin=2"/></net>

<net id="736"><net_src comp="156" pin="2"/><net_sink comp="732" pin=0"/></net>

<net id="737"><net_src comp="68" pin="0"/><net_sink comp="732" pin=1"/></net>

<net id="744"><net_src comp="74" pin="0"/><net_sink comp="738" pin=0"/></net>

<net id="745"><net_src comp="156" pin="2"/><net_sink comp="738" pin=1"/></net>

<net id="746"><net_src comp="76" pin="0"/><net_sink comp="738" pin=2"/></net>

<net id="747"><net_src comp="78" pin="0"/><net_sink comp="738" pin=3"/></net>

<net id="753"><net_src comp="732" pin="2"/><net_sink comp="748" pin=0"/></net>

<net id="754"><net_src comp="738" pin="4"/><net_sink comp="748" pin=1"/></net>

<net id="755"><net_src comp="80" pin="0"/><net_sink comp="748" pin=2"/></net>

<net id="760"><net_src comp="150" pin="2"/><net_sink comp="756" pin=0"/></net>

<net id="761"><net_src comp="68" pin="0"/><net_sink comp="756" pin=1"/></net>

<net id="768"><net_src comp="74" pin="0"/><net_sink comp="762" pin=0"/></net>

<net id="769"><net_src comp="150" pin="2"/><net_sink comp="762" pin=1"/></net>

<net id="770"><net_src comp="76" pin="0"/><net_sink comp="762" pin=2"/></net>

<net id="771"><net_src comp="78" pin="0"/><net_sink comp="762" pin=3"/></net>

<net id="777"><net_src comp="756" pin="2"/><net_sink comp="772" pin=0"/></net>

<net id="778"><net_src comp="762" pin="4"/><net_sink comp="772" pin=1"/></net>

<net id="779"><net_src comp="80" pin="0"/><net_sink comp="772" pin=2"/></net>

<net id="784"><net_src comp="144" pin="2"/><net_sink comp="780" pin=0"/></net>

<net id="785"><net_src comp="68" pin="0"/><net_sink comp="780" pin=1"/></net>

<net id="792"><net_src comp="74" pin="0"/><net_sink comp="786" pin=0"/></net>

<net id="793"><net_src comp="144" pin="2"/><net_sink comp="786" pin=1"/></net>

<net id="794"><net_src comp="76" pin="0"/><net_sink comp="786" pin=2"/></net>

<net id="795"><net_src comp="78" pin="0"/><net_sink comp="786" pin=3"/></net>

<net id="801"><net_src comp="780" pin="2"/><net_sink comp="796" pin=0"/></net>

<net id="802"><net_src comp="786" pin="4"/><net_sink comp="796" pin=1"/></net>

<net id="803"><net_src comp="80" pin="0"/><net_sink comp="796" pin=2"/></net>

<net id="808"><net_src comp="138" pin="2"/><net_sink comp="804" pin=0"/></net>

<net id="809"><net_src comp="68" pin="0"/><net_sink comp="804" pin=1"/></net>

<net id="816"><net_src comp="74" pin="0"/><net_sink comp="810" pin=0"/></net>

<net id="817"><net_src comp="138" pin="2"/><net_sink comp="810" pin=1"/></net>

<net id="818"><net_src comp="76" pin="0"/><net_sink comp="810" pin=2"/></net>

<net id="819"><net_src comp="78" pin="0"/><net_sink comp="810" pin=3"/></net>

<net id="825"><net_src comp="804" pin="2"/><net_sink comp="820" pin=0"/></net>

<net id="826"><net_src comp="810" pin="4"/><net_sink comp="820" pin=1"/></net>

<net id="827"><net_src comp="80" pin="0"/><net_sink comp="820" pin=2"/></net>

<net id="832"><net_src comp="132" pin="2"/><net_sink comp="828" pin=0"/></net>

<net id="833"><net_src comp="68" pin="0"/><net_sink comp="828" pin=1"/></net>

<net id="840"><net_src comp="74" pin="0"/><net_sink comp="834" pin=0"/></net>

<net id="841"><net_src comp="132" pin="2"/><net_sink comp="834" pin=1"/></net>

<net id="842"><net_src comp="76" pin="0"/><net_sink comp="834" pin=2"/></net>

<net id="843"><net_src comp="78" pin="0"/><net_sink comp="834" pin=3"/></net>

<net id="849"><net_src comp="828" pin="2"/><net_sink comp="844" pin=0"/></net>

<net id="850"><net_src comp="834" pin="4"/><net_sink comp="844" pin=1"/></net>

<net id="851"><net_src comp="80" pin="0"/><net_sink comp="844" pin=2"/></net>

<net id="856"><net_src comp="126" pin="2"/><net_sink comp="852" pin=0"/></net>

<net id="857"><net_src comp="68" pin="0"/><net_sink comp="852" pin=1"/></net>

<net id="864"><net_src comp="74" pin="0"/><net_sink comp="858" pin=0"/></net>

<net id="865"><net_src comp="126" pin="2"/><net_sink comp="858" pin=1"/></net>

<net id="866"><net_src comp="76" pin="0"/><net_sink comp="858" pin=2"/></net>

<net id="867"><net_src comp="78" pin="0"/><net_sink comp="858" pin=3"/></net>

<net id="873"><net_src comp="852" pin="2"/><net_sink comp="868" pin=0"/></net>

<net id="874"><net_src comp="858" pin="4"/><net_sink comp="868" pin=1"/></net>

<net id="875"><net_src comp="80" pin="0"/><net_sink comp="868" pin=2"/></net>

<net id="880"><net_src comp="120" pin="2"/><net_sink comp="876" pin=0"/></net>

<net id="881"><net_src comp="68" pin="0"/><net_sink comp="876" pin=1"/></net>

<net id="888"><net_src comp="74" pin="0"/><net_sink comp="882" pin=0"/></net>

<net id="889"><net_src comp="120" pin="2"/><net_sink comp="882" pin=1"/></net>

<net id="890"><net_src comp="76" pin="0"/><net_sink comp="882" pin=2"/></net>

<net id="891"><net_src comp="78" pin="0"/><net_sink comp="882" pin=3"/></net>

<net id="897"><net_src comp="876" pin="2"/><net_sink comp="892" pin=0"/></net>

<net id="898"><net_src comp="882" pin="4"/><net_sink comp="892" pin=1"/></net>

<net id="899"><net_src comp="80" pin="0"/><net_sink comp="892" pin=2"/></net>

<net id="904"><net_src comp="114" pin="2"/><net_sink comp="900" pin=0"/></net>

<net id="905"><net_src comp="68" pin="0"/><net_sink comp="900" pin=1"/></net>

<net id="912"><net_src comp="74" pin="0"/><net_sink comp="906" pin=0"/></net>

<net id="913"><net_src comp="114" pin="2"/><net_sink comp="906" pin=1"/></net>

<net id="914"><net_src comp="76" pin="0"/><net_sink comp="906" pin=2"/></net>

<net id="915"><net_src comp="78" pin="0"/><net_sink comp="906" pin=3"/></net>

<net id="921"><net_src comp="900" pin="2"/><net_sink comp="916" pin=0"/></net>

<net id="922"><net_src comp="906" pin="4"/><net_sink comp="916" pin=1"/></net>

<net id="923"><net_src comp="80" pin="0"/><net_sink comp="916" pin=2"/></net>

<net id="928"><net_src comp="108" pin="2"/><net_sink comp="924" pin=0"/></net>

<net id="929"><net_src comp="68" pin="0"/><net_sink comp="924" pin=1"/></net>

<net id="936"><net_src comp="74" pin="0"/><net_sink comp="930" pin=0"/></net>

<net id="937"><net_src comp="108" pin="2"/><net_sink comp="930" pin=1"/></net>

<net id="938"><net_src comp="76" pin="0"/><net_sink comp="930" pin=2"/></net>

<net id="939"><net_src comp="78" pin="0"/><net_sink comp="930" pin=3"/></net>

<net id="945"><net_src comp="924" pin="2"/><net_sink comp="940" pin=0"/></net>

<net id="946"><net_src comp="930" pin="4"/><net_sink comp="940" pin=1"/></net>

<net id="947"><net_src comp="80" pin="0"/><net_sink comp="940" pin=2"/></net>

<net id="952"><net_src comp="102" pin="2"/><net_sink comp="948" pin=0"/></net>

<net id="953"><net_src comp="68" pin="0"/><net_sink comp="948" pin=1"/></net>

<net id="960"><net_src comp="74" pin="0"/><net_sink comp="954" pin=0"/></net>

<net id="961"><net_src comp="102" pin="2"/><net_sink comp="954" pin=1"/></net>

<net id="962"><net_src comp="76" pin="0"/><net_sink comp="954" pin=2"/></net>

<net id="963"><net_src comp="78" pin="0"/><net_sink comp="954" pin=3"/></net>

<net id="969"><net_src comp="948" pin="2"/><net_sink comp="964" pin=0"/></net>

<net id="970"><net_src comp="954" pin="4"/><net_sink comp="964" pin=1"/></net>

<net id="971"><net_src comp="80" pin="0"/><net_sink comp="964" pin=2"/></net>

<net id="976"><net_src comp="96" pin="2"/><net_sink comp="972" pin=0"/></net>

<net id="977"><net_src comp="68" pin="0"/><net_sink comp="972" pin=1"/></net>

<net id="984"><net_src comp="74" pin="0"/><net_sink comp="978" pin=0"/></net>

<net id="985"><net_src comp="96" pin="2"/><net_sink comp="978" pin=1"/></net>

<net id="986"><net_src comp="76" pin="0"/><net_sink comp="978" pin=2"/></net>

<net id="987"><net_src comp="78" pin="0"/><net_sink comp="978" pin=3"/></net>

<net id="993"><net_src comp="972" pin="2"/><net_sink comp="988" pin=0"/></net>

<net id="994"><net_src comp="978" pin="4"/><net_sink comp="988" pin=1"/></net>

<net id="995"><net_src comp="80" pin="0"/><net_sink comp="988" pin=2"/></net>

<net id="1000"><net_src comp="90" pin="2"/><net_sink comp="996" pin=0"/></net>

<net id="1001"><net_src comp="68" pin="0"/><net_sink comp="996" pin=1"/></net>

<net id="1008"><net_src comp="74" pin="0"/><net_sink comp="1002" pin=0"/></net>

<net id="1009"><net_src comp="90" pin="2"/><net_sink comp="1002" pin=1"/></net>

<net id="1010"><net_src comp="76" pin="0"/><net_sink comp="1002" pin=2"/></net>

<net id="1011"><net_src comp="78" pin="0"/><net_sink comp="1002" pin=3"/></net>

<net id="1017"><net_src comp="996" pin="2"/><net_sink comp="1012" pin=0"/></net>

<net id="1018"><net_src comp="1002" pin="4"/><net_sink comp="1012" pin=1"/></net>

<net id="1019"><net_src comp="80" pin="0"/><net_sink comp="1012" pin=2"/></net>

<net id="1024"><net_src comp="84" pin="2"/><net_sink comp="1020" pin=0"/></net>

<net id="1025"><net_src comp="68" pin="0"/><net_sink comp="1020" pin=1"/></net>

<net id="1032"><net_src comp="74" pin="0"/><net_sink comp="1026" pin=0"/></net>

<net id="1033"><net_src comp="84" pin="2"/><net_sink comp="1026" pin=1"/></net>

<net id="1034"><net_src comp="76" pin="0"/><net_sink comp="1026" pin=2"/></net>

<net id="1035"><net_src comp="78" pin="0"/><net_sink comp="1026" pin=3"/></net>

<net id="1041"><net_src comp="1020" pin="2"/><net_sink comp="1036" pin=0"/></net>

<net id="1042"><net_src comp="1026" pin="4"/><net_sink comp="1036" pin=1"/></net>

<net id="1043"><net_src comp="80" pin="0"/><net_sink comp="1036" pin=2"/></net>

<net id="1048"><net_src comp="82" pin="0"/><net_sink comp="1044" pin=0"/></net>

<net id="1049"><net_src comp="292" pin="3"/><net_sink comp="1044" pin=1"/></net>

<net id="1054"><net_src comp="1044" pin="2"/><net_sink comp="1050" pin=0"/></net>

<net id="1055"><net_src comp="316" pin="3"/><net_sink comp="1050" pin=1"/></net>

<net id="1060"><net_src comp="1050" pin="2"/><net_sink comp="1056" pin=0"/></net>

<net id="1061"><net_src comp="340" pin="3"/><net_sink comp="1056" pin=1"/></net>

<net id="1066"><net_src comp="1056" pin="2"/><net_sink comp="1062" pin=0"/></net>

<net id="1067"><net_src comp="364" pin="3"/><net_sink comp="1062" pin=1"/></net>

<net id="1072"><net_src comp="1062" pin="2"/><net_sink comp="1068" pin=0"/></net>

<net id="1073"><net_src comp="388" pin="3"/><net_sink comp="1068" pin=1"/></net>

<net id="1078"><net_src comp="1068" pin="2"/><net_sink comp="1074" pin=0"/></net>

<net id="1079"><net_src comp="412" pin="3"/><net_sink comp="1074" pin=1"/></net>

<net id="1084"><net_src comp="1074" pin="2"/><net_sink comp="1080" pin=0"/></net>

<net id="1085"><net_src comp="436" pin="3"/><net_sink comp="1080" pin=1"/></net>

<net id="1090"><net_src comp="1080" pin="2"/><net_sink comp="1086" pin=0"/></net>

<net id="1091"><net_src comp="460" pin="3"/><net_sink comp="1086" pin=1"/></net>

<net id="1096"><net_src comp="1086" pin="2"/><net_sink comp="1092" pin=0"/></net>

<net id="1097"><net_src comp="484" pin="3"/><net_sink comp="1092" pin=1"/></net>

<net id="1102"><net_src comp="1092" pin="2"/><net_sink comp="1098" pin=0"/></net>

<net id="1103"><net_src comp="508" pin="3"/><net_sink comp="1098" pin=1"/></net>

<net id="1108"><net_src comp="1098" pin="2"/><net_sink comp="1104" pin=0"/></net>

<net id="1109"><net_src comp="532" pin="3"/><net_sink comp="1104" pin=1"/></net>

<net id="1114"><net_src comp="1104" pin="2"/><net_sink comp="1110" pin=0"/></net>

<net id="1115"><net_src comp="556" pin="3"/><net_sink comp="1110" pin=1"/></net>

<net id="1120"><net_src comp="1110" pin="2"/><net_sink comp="1116" pin=0"/></net>

<net id="1121"><net_src comp="580" pin="3"/><net_sink comp="1116" pin=1"/></net>

<net id="1126"><net_src comp="1116" pin="2"/><net_sink comp="1122" pin=0"/></net>

<net id="1127"><net_src comp="604" pin="3"/><net_sink comp="1122" pin=1"/></net>

<net id="1132"><net_src comp="1122" pin="2"/><net_sink comp="1128" pin=0"/></net>

<net id="1133"><net_src comp="628" pin="3"/><net_sink comp="1128" pin=1"/></net>

<net id="1138"><net_src comp="1128" pin="2"/><net_sink comp="1134" pin=0"/></net>

<net id="1139"><net_src comp="652" pin="3"/><net_sink comp="1134" pin=1"/></net>

<net id="1144"><net_src comp="1134" pin="2"/><net_sink comp="1140" pin=0"/></net>

<net id="1145"><net_src comp="676" pin="3"/><net_sink comp="1140" pin=1"/></net>

<net id="1150"><net_src comp="1140" pin="2"/><net_sink comp="1146" pin=0"/></net>

<net id="1151"><net_src comp="700" pin="3"/><net_sink comp="1146" pin=1"/></net>

<net id="1156"><net_src comp="1146" pin="2"/><net_sink comp="1152" pin=0"/></net>

<net id="1157"><net_src comp="724" pin="3"/><net_sink comp="1152" pin=1"/></net>

<net id="1162"><net_src comp="1152" pin="2"/><net_sink comp="1158" pin=0"/></net>

<net id="1163"><net_src comp="748" pin="3"/><net_sink comp="1158" pin=1"/></net>

<net id="1168"><net_src comp="1158" pin="2"/><net_sink comp="1164" pin=0"/></net>

<net id="1169"><net_src comp="772" pin="3"/><net_sink comp="1164" pin=1"/></net>

<net id="1174"><net_src comp="1164" pin="2"/><net_sink comp="1170" pin=0"/></net>

<net id="1175"><net_src comp="796" pin="3"/><net_sink comp="1170" pin=1"/></net>

<net id="1180"><net_src comp="1170" pin="2"/><net_sink comp="1176" pin=0"/></net>

<net id="1181"><net_src comp="820" pin="3"/><net_sink comp="1176" pin=1"/></net>

<net id="1186"><net_src comp="1176" pin="2"/><net_sink comp="1182" pin=0"/></net>

<net id="1187"><net_src comp="844" pin="3"/><net_sink comp="1182" pin=1"/></net>

<net id="1192"><net_src comp="1182" pin="2"/><net_sink comp="1188" pin=0"/></net>

<net id="1193"><net_src comp="868" pin="3"/><net_sink comp="1188" pin=1"/></net>

<net id="1198"><net_src comp="1188" pin="2"/><net_sink comp="1194" pin=0"/></net>

<net id="1199"><net_src comp="892" pin="3"/><net_sink comp="1194" pin=1"/></net>

<net id="1204"><net_src comp="1194" pin="2"/><net_sink comp="1200" pin=0"/></net>

<net id="1205"><net_src comp="916" pin="3"/><net_sink comp="1200" pin=1"/></net>

<net id="1210"><net_src comp="1200" pin="2"/><net_sink comp="1206" pin=0"/></net>

<net id="1211"><net_src comp="940" pin="3"/><net_sink comp="1206" pin=1"/></net>

<net id="1216"><net_src comp="1206" pin="2"/><net_sink comp="1212" pin=0"/></net>

<net id="1217"><net_src comp="964" pin="3"/><net_sink comp="1212" pin=1"/></net>

<net id="1222"><net_src comp="1212" pin="2"/><net_sink comp="1218" pin=0"/></net>

<net id="1223"><net_src comp="988" pin="3"/><net_sink comp="1218" pin=1"/></net>

<net id="1228"><net_src comp="1218" pin="2"/><net_sink comp="1224" pin=0"/></net>

<net id="1229"><net_src comp="1012" pin="3"/><net_sink comp="1224" pin=1"/></net>

<net id="1234"><net_src comp="1224" pin="2"/><net_sink comp="1230" pin=0"/></net>

<net id="1235"><net_src comp="1036" pin="3"/><net_sink comp="1230" pin=1"/></net>

</net_list>

</model> 
---------------- Datapath Model END ------------------

* FSMD analyzer results:
  - Output states:
 - Input state : 
	Port: relu<ap_fixed<32, 18, 5, 3, 0>, ap_fixed<16, 6, 5, 3, 0>, relu_config5> : data_0_val | {1 }
	Port: relu<ap_fixed<32, 18, 5, 3, 0>, ap_fixed<16, 6, 5, 3, 0>, relu_config5> : data_1_val | {1 }
	Port: relu<ap_fixed<32, 18, 5, 3, 0>, ap_fixed<16, 6, 5, 3, 0>, relu_config5> : data_2_val | {1 }
	Port: relu<ap_fixed<32, 18, 5, 3, 0>, ap_fixed<16, 6, 5, 3, 0>, relu_config5> : data_3_val | {1 }
	Port: relu<ap_fixed<32, 18, 5, 3, 0>, ap_fixed<16, 6, 5, 3, 0>, relu_config5> : data_4_val | {1 }
	Port: relu<ap_fixed<32, 18, 5, 3, 0>, ap_fixed<16, 6, 5, 3, 0>, relu_config5> : data_5_val | {1 }
	Port: relu<ap_fixed<32, 18, 5, 3, 0>, ap_fixed<16, 6, 5, 3, 0>, relu_config5> : data_6_val | {1 }
	Port: relu<ap_fixed<32, 18, 5, 3, 0>, ap_fixed<16, 6, 5, 3, 0>, relu_config5> : data_7_val | {1 }
	Port: relu<ap_fixed<32, 18, 5, 3, 0>, ap_fixed<16, 6, 5, 3, 0>, relu_config5> : data_8_val | {1 }
	Port: relu<ap_fixed<32, 18, 5, 3, 0>, ap_fixed<16, 6, 5, 3, 0>, relu_config5> : data_9_val | {1 }
	Port: relu<ap_fixed<32, 18, 5, 3, 0>, ap_fixed<16, 6, 5, 3, 0>, relu_config5> : data_10_val | {1 }
	Port: relu<ap_fixed<32, 18, 5, 3, 0>, ap_fixed<16, 6, 5, 3, 0>, relu_config5> : data_11_val | {1 }
	Port: relu<ap_fixed<32, 18, 5, 3, 0>, ap_fixed<16, 6, 5, 3, 0>, relu_config5> : data_12_val | {1 }
	Port: relu<ap_fixed<32, 18, 5, 3, 0>, ap_fixed<16, 6, 5, 3, 0>, relu_config5> : data_13_val | {1 }
	Port: relu<ap_fixed<32, 18, 5, 3, 0>, ap_fixed<16, 6, 5, 3, 0>, relu_config5> : data_14_val | {1 }
	Port: relu<ap_fixed<32, 18, 5, 3, 0>, ap_fixed<16, 6, 5, 3, 0>, relu_config5> : data_15_val | {1 }
	Port: relu<ap_fixed<32, 18, 5, 3, 0>, ap_fixed<16, 6, 5, 3, 0>, relu_config5> : data_16_val | {1 }
	Port: relu<ap_fixed<32, 18, 5, 3, 0>, ap_fixed<16, 6, 5, 3, 0>, relu_config5> : data_17_val | {1 }
	Port: relu<ap_fixed<32, 18, 5, 3, 0>, ap_fixed<16, 6, 5, 3, 0>, relu_config5> : data_18_val | {1 }
	Port: relu<ap_fixed<32, 18, 5, 3, 0>, ap_fixed<16, 6, 5, 3, 0>, relu_config5> : data_19_val | {1 }
	Port: relu<ap_fixed<32, 18, 5, 3, 0>, ap_fixed<16, 6, 5, 3, 0>, relu_config5> : data_20_val | {1 }
	Port: relu<ap_fixed<32, 18, 5, 3, 0>, ap_fixed<16, 6, 5, 3, 0>, relu_config5> : data_21_val | {1 }
	Port: relu<ap_fixed<32, 18, 5, 3, 0>, ap_fixed<16, 6, 5, 3, 0>, relu_config5> : data_22_val | {1 }
	Port: relu<ap_fixed<32, 18, 5, 3, 0>, ap_fixed<16, 6, 5, 3, 0>, relu_config5> : data_23_val | {1 }
	Port: relu<ap_fixed<32, 18, 5, 3, 0>, ap_fixed<16, 6, 5, 3, 0>, relu_config5> : data_24_val | {1 }
	Port: relu<ap_fixed<32, 18, 5, 3, 0>, ap_fixed<16, 6, 5, 3, 0>, relu_config5> : data_25_val | {1 }
	Port: relu<ap_fixed<32, 18, 5, 3, 0>, ap_fixed<16, 6, 5, 3, 0>, relu_config5> : data_26_val | {1 }
	Port: relu<ap_fixed<32, 18, 5, 3, 0>, ap_fixed<16, 6, 5, 3, 0>, relu_config5> : data_27_val | {1 }
	Port: relu<ap_fixed<32, 18, 5, 3, 0>, ap_fixed<16, 6, 5, 3, 0>, relu_config5> : data_28_val | {1 }
	Port: relu<ap_fixed<32, 18, 5, 3, 0>, ap_fixed<16, 6, 5, 3, 0>, relu_config5> : data_29_val | {1 }
	Port: relu<ap_fixed<32, 18, 5, 3, 0>, ap_fixed<16, 6, 5, 3, 0>, relu_config5> : data_30_val | {1 }
	Port: relu<ap_fixed<32, 18, 5, 3, 0>, ap_fixed<16, 6, 5, 3, 0>, relu_config5> : data_31_val | {1 }
  - Chain level:
	State 1
		select_ln45 : 1
		select_ln45_16 : 1
		select_ln45_17 : 1
		select_ln45_18 : 1
		select_ln45_19 : 1
		select_ln45_20 : 1
		select_ln45_21 : 1
		select_ln45_22 : 1
		select_ln45_23 : 1
		select_ln45_24 : 1
		select_ln45_25 : 1
		select_ln45_26 : 1
		select_ln45_27 : 1
		select_ln45_28 : 1
		select_ln45_29 : 1
		select_ln45_30 : 1
		select_ln45_31 : 1
		select_ln45_32 : 1
		select_ln45_33 : 1
		select_ln45_34 : 1
		select_ln45_35 : 1
		select_ln45_36 : 1
		select_ln45_37 : 1
		select_ln45_38 : 1
		select_ln45_39 : 1
		select_ln45_40 : 1
		select_ln45_41 : 1
		select_ln45_42 : 1
		select_ln45_43 : 1
		select_ln45_44 : 1
		select_ln45_45 : 1
		select_ln45_46 : 1
		mrv : 2
		mrv_1 : 3
		mrv_2 : 4
		mrv_3 : 5
		mrv_4 : 6
		mrv_5 : 7
		mrv_6 : 8
		mrv_7 : 9
		mrv_8 : 10
		mrv_9 : 11
		mrv_10 : 12
		mrv_11 : 13
		mrv_12 : 14
		mrv_13 : 15
		mrv_14 : 16
		mrv_s : 17
		mrv_15 : 18
		mrv_16 : 19
		mrv_17 : 20
		mrv_18 : 21
		mrv_19 : 22
		mrv_20 : 23
		mrv_21 : 24
		mrv_22 : 25
		mrv_23 : 26
		mrv_24 : 27
		mrv_25 : 28
		mrv_26 : 29
		mrv_27 : 30
		mrv_28 : 31
		mrv_29 : 32
		mrv_30 : 33
		ret_ln50 : 34


============================================================
+ Verbose Summary: Datapath Resource usage 
============================================================

* Functional unit list:
|----------|------------------------------|---------|---------|
| Operation|        Functional Unit       |    FF   |   LUT   |
|----------|------------------------------|---------|---------|
|          |       icmp_ln45_fu_276       |    0    |    39   |
|          |      icmp_ln45_16_fu_300     |    0    |    39   |
|          |      icmp_ln45_17_fu_324     |    0    |    39   |
|          |      icmp_ln45_18_fu_348     |    0    |    39   |
|          |      icmp_ln45_19_fu_372     |    0    |    39   |
|          |      icmp_ln45_20_fu_396     |    0    |    39   |
|          |      icmp_ln45_21_fu_420     |    0    |    39   |
|          |      icmp_ln45_22_fu_444     |    0    |    39   |
|          |      icmp_ln45_23_fu_468     |    0    |    39   |
|          |      icmp_ln45_24_fu_492     |    0    |    39   |
|          |      icmp_ln45_25_fu_516     |    0    |    39   |
|          |      icmp_ln45_26_fu_540     |    0    |    39   |
|          |      icmp_ln45_27_fu_564     |    0    |    39   |
|          |      icmp_ln45_28_fu_588     |    0    |    39   |
|          |      icmp_ln45_29_fu_612     |    0    |    39   |
|   icmp   |      icmp_ln45_30_fu_636     |    0    |    39   |
|          |      icmp_ln45_31_fu_660     |    0    |    39   |
|          |      icmp_ln45_32_fu_684     |    0    |    39   |
|          |      icmp_ln45_33_fu_708     |    0    |    39   |
|          |      icmp_ln45_34_fu_732     |    0    |    39   |
|          |      icmp_ln45_35_fu_756     |    0    |    39   |
|          |      icmp_ln45_36_fu_780     |    0    |    39   |
|          |      icmp_ln45_37_fu_804     |    0    |    39   |
|          |      icmp_ln45_38_fu_828     |    0    |    39   |
|          |      icmp_ln45_39_fu_852     |    0    |    39   |
|          |      icmp_ln45_40_fu_876     |    0    |    39   |
|          |      icmp_ln45_41_fu_900     |    0    |    39   |
|          |      icmp_ln45_42_fu_924     |    0    |    39   |
|          |      icmp_ln45_43_fu_948     |    0    |    39   |
|          |      icmp_ln45_44_fu_972     |    0    |    39   |
|          |      icmp_ln45_45_fu_996     |    0    |    39   |
|          |     icmp_ln45_46_fu_1020     |    0    |    39   |
|----------|------------------------------|---------|---------|
|          |      select_ln45_fu_292      |    0    |    16   |
|          |     select_ln45_16_fu_316    |    0    |    16   |
|          |     select_ln45_17_fu_340    |    0    |    16   |
|          |     select_ln45_18_fu_364    |    0    |    16   |
|          |     select_ln45_19_fu_388    |    0    |    16   |
|          |     select_ln45_20_fu_412    |    0    |    16   |
|          |     select_ln45_21_fu_436    |    0    |    16   |
|          |     select_ln45_22_fu_460    |    0    |    16   |
|          |     select_ln45_23_fu_484    |    0    |    16   |
|          |     select_ln45_24_fu_508    |    0    |    16   |
|          |     select_ln45_25_fu_532    |    0    |    16   |
|          |     select_ln45_26_fu_556    |    0    |    16   |
|          |     select_ln45_27_fu_580    |    0    |    16   |
|          |     select_ln45_28_fu_604    |    0    |    16   |
|          |     select_ln45_29_fu_628    |    0    |    16   |
|  select  |     select_ln45_30_fu_652    |    0    |    16   |
|          |     select_ln45_31_fu_676    |    0    |    16   |
|          |     select_ln45_32_fu_700    |    0    |    16   |
|          |     select_ln45_33_fu_724    |    0    |    16   |
|          |     select_ln45_34_fu_748    |    0    |    16   |
|          |     select_ln45_35_fu_772    |    0    |    16   |
|          |     select_ln45_36_fu_796    |    0    |    16   |
|          |     select_ln45_37_fu_820    |    0    |    16   |
|          |     select_ln45_38_fu_844    |    0    |    16   |
|          |     select_ln45_39_fu_868    |    0    |    16   |
|          |     select_ln45_40_fu_892    |    0    |    16   |
|          |     select_ln45_41_fu_916    |    0    |    16   |
|          |     select_ln45_42_fu_940    |    0    |    16   |
|          |     select_ln45_43_fu_964    |    0    |    16   |
|          |     select_ln45_44_fu_988    |    0    |    16   |
|          |    select_ln45_45_fu_1012    |    0    |    16   |
|          |    select_ln45_46_fu_1036    |    0    |    16   |
|----------|------------------------------|---------|---------|
|          |  data_31_val_read_read_fu_84 |    0    |    0    |
|          |  data_30_val_read_read_fu_90 |    0    |    0    |
|          |  data_29_val_read_read_fu_96 |    0    |    0    |
|          | data_28_val_read_read_fu_102 |    0    |    0    |
|          | data_27_val_read_read_fu_108 |    0    |    0    |
|          | data_26_val_read_read_fu_114 |    0    |    0    |
|          | data_25_val_read_read_fu_120 |    0    |    0    |
|          | data_24_val_read_read_fu_126 |    0    |    0    |
|          | data_23_val_read_read_fu_132 |    0    |    0    |
|          | data_22_val_read_read_fu_138 |    0    |    0    |
|          | data_21_val_read_read_fu_144 |    0    |    0    |
|          | data_20_val_read_read_fu_150 |    0    |    0    |
|          | data_19_val_read_read_fu_156 |    0    |    0    |
|          | data_18_val_read_read_fu_162 |    0    |    0    |
|          | data_17_val_read_read_fu_168 |    0    |    0    |
|   read   | data_16_val_read_read_fu_174 |    0    |    0    |
|          | data_15_val_read_read_fu_180 |    0    |    0    |
|          | data_14_val_read_read_fu_186 |    0    |    0    |
|          | data_13_val_read_read_fu_192 |    0    |    0    |
|          | data_12_val_read_read_fu_198 |    0    |    0    |
|          | data_11_val_read_read_fu_204 |    0    |    0    |
|          | data_10_val_read_read_fu_210 |    0    |    0    |
|          |  data_9_val_read_read_fu_216 |    0    |    0    |
|          |  data_8_val_read_read_fu_222 |    0    |    0    |
|          |  data_7_val_read_read_fu_228 |    0    |    0    |
|          |  data_6_val_read_read_fu_234 |    0    |    0    |
|          |  data_5_val_read_read_fu_240 |    0    |    0    |
|          |  data_4_val_read_read_fu_246 |    0    |    0    |
|          |  data_3_val_read_read_fu_252 |    0    |    0    |
|          |  data_2_val_read_read_fu_258 |    0    |    0    |
|          |  data_1_val_read_read_fu_264 |    0    |    0    |
|          |  data_0_val_read_read_fu_270 |    0    |    0    |
|----------|------------------------------|---------|---------|
|          |        trunc_ln_fu_282       |    0    |    0    |
|          |      trunc_ln46_s_fu_306     |    0    |    0    |
|          |     trunc_ln46_15_fu_330     |    0    |    0    |
|          |     trunc_ln46_16_fu_354     |    0    |    0    |
|          |     trunc_ln46_17_fu_378     |    0    |    0    |
|          |     trunc_ln46_18_fu_402     |    0    |    0    |
|          |     trunc_ln46_19_fu_426     |    0    |    0    |
|          |     trunc_ln46_20_fu_450     |    0    |    0    |
|          |     trunc_ln46_21_fu_474     |    0    |    0    |
|          |     trunc_ln46_22_fu_498     |    0    |    0    |
|          |     trunc_ln46_23_fu_522     |    0    |    0    |
|          |     trunc_ln46_24_fu_546     |    0    |    0    |
|          |     trunc_ln46_25_fu_570     |    0    |    0    |
|          |     trunc_ln46_26_fu_594     |    0    |    0    |
|          |     trunc_ln46_27_fu_618     |    0    |    0    |
|partselect|     trunc_ln46_28_fu_642     |    0    |    0    |
|          |     trunc_ln46_29_fu_666     |    0    |    0    |
|          |     trunc_ln46_30_fu_690     |    0    |    0    |
|          |     trunc_ln46_31_fu_714     |    0    |    0    |
|          |     trunc_ln46_32_fu_738     |    0    |    0    |
|          |     trunc_ln46_33_fu_762     |    0    |    0    |
|          |     trunc_ln46_34_fu_786     |    0    |    0    |
|          |     trunc_ln46_35_fu_810     |    0    |    0    |
|          |     trunc_ln46_36_fu_834     |    0    |    0    |
|          |     trunc_ln46_37_fu_858     |    0    |    0    |
|          |     trunc_ln46_38_fu_882     |    0    |    0    |
|          |     trunc_ln46_39_fu_906     |    0    |    0    |
|          |     trunc_ln46_40_fu_930     |    0    |    0    |
|          |     trunc_ln46_41_fu_954     |    0    |    0    |
|          |     trunc_ln46_42_fu_978     |    0    |    0    |
|          |     trunc_ln46_43_fu_1002    |    0    |    0    |
|          |     trunc_ln46_44_fu_1026    |    0    |    0    |
|----------|------------------------------|---------|---------|
|          |          mrv_fu_1044         |    0    |    0    |
|          |         mrv_1_fu_1050        |    0    |    0    |
|          |         mrv_2_fu_1056        |    0    |    0    |
|          |         mrv_3_fu_1062        |    0    |    0    |
|          |         mrv_4_fu_1068        |    0    |    0    |
|          |         mrv_5_fu_1074        |    0    |    0    |
|          |         mrv_6_fu_1080        |    0    |    0    |
|          |         mrv_7_fu_1086        |    0    |    0    |
|          |         mrv_8_fu_1092        |    0    |    0    |
|          |         mrv_9_fu_1098        |    0    |    0    |
|          |        mrv_10_fu_1104        |    0    |    0    |
|          |        mrv_11_fu_1110        |    0    |    0    |
|          |        mrv_12_fu_1116        |    0    |    0    |
|          |        mrv_13_fu_1122        |    0    |    0    |
|          |        mrv_14_fu_1128        |    0    |    0    |
|insertvalue|         mrv_s_fu_1134        |    0    |    0    |
|          |        mrv_15_fu_1140        |    0    |    0    |
|          |        mrv_16_fu_1146        |    0    |    0    |
|          |        mrv_17_fu_1152        |    0    |    0    |
|          |        mrv_18_fu_1158        |    0    |    0    |
|          |        mrv_19_fu_1164        |    0    |    0    |
|          |        mrv_20_fu_1170        |    0    |    0    |
|          |        mrv_21_fu_1176        |    0    |    0    |
|          |        mrv_22_fu_1182        |    0    |    0    |
|          |        mrv_23_fu_1188        |    0    |    0    |
|          |        mrv_24_fu_1194        |    0    |    0    |
|          |        mrv_25_fu_1200        |    0    |    0    |
|          |        mrv_26_fu_1206        |    0    |    0    |
|          |        mrv_27_fu_1212        |    0    |    0    |
|          |        mrv_28_fu_1218        |    0    |    0    |
|          |        mrv_29_fu_1224        |    0    |    0    |
|          |        mrv_30_fu_1230        |    0    |    0    |
|----------|------------------------------|---------|---------|
|   Total  |                              |    0    |   1760  |
|----------|------------------------------|---------|---------|

Memories:
N/A

* Register list:
N/A

* Multiplexer (MUX) list: 
|--------|------|------|------|--------|
|  Comp  |  Pin | Size |  BW  | S x BW |
|--------|------|------|------|--------|
|  Total |      |      |      |    0   |
|--------|------|------|------|--------|



* Summary:
+-----------+--------+--------+
|           |   FF   |   LUT  |
+-----------+--------+--------+
|  Function |    0   |  1760  |
|   Memory  |    -   |    -   |
|Multiplexer|    -   |    -   |
|  Register |    -   |    -   |
+-----------+--------+--------+
|   Total   |    0   |  1760  |
+-----------+--------+--------+
