

================================================================
== Vitis HLS Report for 'relu_ap_fixed_32_18_5_3_0_ap_fixed_16_6_5_3_0_relu_config7_s'
================================================================
* Date:           Sat Nov 15 22:41:48 2025

* Version:        2023.1 (Build 3854077 on May  4 2023)
* Project:        myproject_prj
* Solution:       solution1 (Vivado IP Flow Target)
* Product family: zynq
* Target device:  xc7z020-clg400-1


================================================================
== Performance Estimates
================================================================
+ Timing: 
    * Summary: 
    +--------+---------+----------+------------+
    |  Clock |  Target | Estimated| Uncertainty|
    +--------+---------+----------+------------+
    |ap_clk  |  0.10 us|  3.357 ns|    27.00 ns|
    +--------+---------+----------+------------+

+ Latency: 
    * Summary: 
    +---------+---------+----------+----------+-----+-----+---------+
    |  Latency (cycles) |  Latency (absolute) |  Interval | Pipeline|
    |   min   |   max   |    min   |    max   | min | max |   Type  |
    +---------+---------+----------+----------+-----+-----+---------+
    |        0|        0|      0 ns|      0 ns|    1|    1|      yes|
    +---------+---------+----------+----------+-----+-----+---------+

    + Detail: 
        * Instance: 
        N/A

        * Loop: 
        N/A



================================================================
== Utilization Estimates
================================================================
* Summary: 
+-----------------+---------+-----+--------+-------+-----+
|       Name      | BRAM_18K| DSP |   FF   |  LUT  | URAM|
+-----------------+---------+-----+--------+-------+-----+
|DSP              |        -|    -|       -|      -|    -|
|Expression       |        -|    -|       0|    880|    -|
|FIFO             |        -|    -|       -|      -|    -|
|Instance         |        -|    -|       -|      -|    -|
|Memory           |        -|    -|       -|      -|    -|
|Multiplexer      |        -|    -|       -|      -|    -|
|Register         |        -|    -|       -|      -|    -|
+-----------------+---------+-----+--------+-------+-----+
|Total            |        0|    0|       0|    880|    0|
+-----------------+---------+-----+--------+-------+-----+
|Available        |      280|  220|  106400|  53200|    0|
+-----------------+---------+-----+--------+-------+-----+
|Utilization (%)  |        0|    0|       0|      1|    0|
+-----------------+---------+-----+--------+-------+-----+

+ Detail: 
    * Instance: 
    N/A

    * DSP: 
    N/A

    * Memory: 
    N/A

    * FIFO: 
    N/A

    * Expression: 
    +--------------------------+----------+----+---+----+------------+------------+
    |       Variable Name      | Operation| DSP| FF| LUT| Bitwidth P0| Bitwidth P1|
    +--------------------------+----------+----+---+----+------------+------------+
    |icmp_ln45_10_fu_388_p2    |      icmp|   0|  0|  39|          32|           1|
    |icmp_ln45_11_fu_412_p2    |      icmp|   0|  0|  39|          32|           1|
    |icmp_ln45_12_fu_436_p2    |      icmp|   0|  0|  39|          32|           1|
    |icmp_ln45_13_fu_460_p2    |      icmp|   0|  0|  39|          32|           1|
    |icmp_ln45_14_fu_484_p2    |      icmp|   0|  0|  39|          32|           1|
    |icmp_ln45_15_fu_508_p2    |      icmp|   0|  0|  39|          32|           1|
    |icmp_ln45_1_fu_172_p2     |      icmp|   0|  0|  39|          32|           1|
    |icmp_ln45_2_fu_196_p2     |      icmp|   0|  0|  39|          32|           1|
    |icmp_ln45_3_fu_220_p2     |      icmp|   0|  0|  39|          32|           1|
    |icmp_ln45_4_fu_244_p2     |      icmp|   0|  0|  39|          32|           1|
    |icmp_ln45_5_fu_268_p2     |      icmp|   0|  0|  39|          32|           1|
    |icmp_ln45_6_fu_292_p2     |      icmp|   0|  0|  39|          32|           1|
    |icmp_ln45_7_fu_316_p2     |      icmp|   0|  0|  39|          32|           1|
    |icmp_ln45_8_fu_340_p2     |      icmp|   0|  0|  39|          32|           1|
    |icmp_ln45_9_fu_364_p2     |      icmp|   0|  0|  39|          32|           1|
    |icmp_ln45_fu_148_p2       |      icmp|   0|  0|  39|          32|           1|
    |select_ln45_10_fu_404_p3  |    select|   0|  0|  16|           1|          16|
    |select_ln45_11_fu_428_p3  |    select|   0|  0|  16|           1|          16|
    |select_ln45_12_fu_452_p3  |    select|   0|  0|  16|           1|          16|
    |select_ln45_13_fu_476_p3  |    select|   0|  0|  16|           1|          16|
    |select_ln45_14_fu_500_p3  |    select|   0|  0|  16|           1|          16|
    |select_ln45_15_fu_524_p3  |    select|   0|  0|  16|           1|          16|
    |select_ln45_1_fu_188_p3   |    select|   0|  0|  16|           1|          16|
    |select_ln45_2_fu_212_p3   |    select|   0|  0|  16|           1|          16|
    |select_ln45_3_fu_236_p3   |    select|   0|  0|  16|           1|          16|
    |select_ln45_4_fu_260_p3   |    select|   0|  0|  16|           1|          16|
    |select_ln45_5_fu_284_p3   |    select|   0|  0|  16|           1|          16|
    |select_ln45_6_fu_308_p3   |    select|   0|  0|  16|           1|          16|
    |select_ln45_7_fu_332_p3   |    select|   0|  0|  16|           1|          16|
    |select_ln45_8_fu_356_p3   |    select|   0|  0|  16|           1|          16|
    |select_ln45_9_fu_380_p3   |    select|   0|  0|  16|           1|          16|
    |select_ln45_fu_164_p3     |    select|   0|  0|  16|           1|          16|
    +--------------------------+----------+----+---+----+------------+------------+
    |Total                     |          |   0|  0| 880|         528|         272|
    +--------------------------+----------+----+---+----+------------+------------+

    * Multiplexer: 
    N/A

    * Register: 
    N/A



================================================================
== Interface
================================================================
* Summary: 
+--------------+-----+-----+------------+-------------------------------------------------------------------------+--------------+
|   RTL Ports  | Dir | Bits|  Protocol  |                              Source Object                              |    C Type    |
+--------------+-----+-----+------------+-------------------------------------------------------------------------+--------------+
|ap_ready      |  out|    1|  ap_ctrl_hs|  relu<ap_fixed<32, 18, 5, 3, 0>, ap_fixed<16, 6, 5, 3, 0>, relu_config7>|  return value|
|ap_return_0   |  out|   16|  ap_ctrl_hs|  relu<ap_fixed<32, 18, 5, 3, 0>, ap_fixed<16, 6, 5, 3, 0>, relu_config7>|  return value|
|ap_return_1   |  out|   16|  ap_ctrl_hs|  relu<ap_fixed<32, 18, 5, 3, 0>, ap_fixed<16, 6, 5, 3, 0>, relu_config7>|  return value|
|ap_return_2   |  out|   16|  ap_ctrl_hs|  relu<ap_fixed<32, 18, 5, 3, 0>, ap_fixed<16, 6, 5, 3, 0>, relu_config7>|  return value|
|ap_return_3   |  out|   16|  ap_ctrl_hs|  relu<ap_fixed<32, 18, 5, 3, 0>, ap_fixed<16, 6, 5, 3, 0>, relu_config7>|  return value|
|ap_return_4   |  out|   16|  ap_ctrl_hs|  relu<ap_fixed<32, 18, 5, 3, 0>, ap_fixed<16, 6, 5, 3, 0>, relu_config7>|  return value|
|ap_return_5   |  out|   16|  ap_ctrl_hs|  relu<ap_fixed<32, 18, 5, 3, 0>, ap_fixed<16, 6, 5, 3, 0>, relu_config7>|  return value|
|ap_return_6   |  out|   16|  ap_ctrl_hs|  relu<ap_fixed<32, 18, 5, 3, 0>, ap_fixed<16, 6, 5, 3, 0>, relu_config7>|  return value|
|ap_return_7   |  out|   16|  ap_ctrl_hs|  relu<ap_fixed<32, 18, 5, 3, 0>, ap_fixed<16, 6, 5, 3, 0>, relu_config7>|  return value|
|ap_return_8   |  out|   16|  ap_ctrl_hs|  relu<ap_fixed<32, 18, 5, 3, 0>, ap_fixed<16, 6, 5, 3, 0>, relu_config7>|  return value|
|ap_return_9   |  out|   16|  ap_ctrl_hs|  relu<ap_fixed<32, 18, 5, 3, 0>, ap_fixed<16, 6, 5, 3, 0>, relu_config7>|  return value|
|ap_return_10  |  out|   16|  ap_ctrl_hs|  relu<ap_fixed<32, 18, 5, 3, 0>, ap_fixed<16, 6, 5, 3, 0>, relu_config7>|  return value|
|ap_return_11  |  out|   16|  ap_ctrl_hs|  relu<ap_fixed<32, 18, 5, 3, 0>, ap_fixed<16, 6, 5, 3, 0>, relu_config7>|  return value|
|ap_return_12  |  out|   16|  ap_ctrl_hs|  relu<ap_fixed<32, 18, 5, 3, 0>, ap_fixed<16, 6, 5, 3, 0>, relu_config7>|  return value|
|ap_return_13  |  out|   16|  ap_ctrl_hs|  relu<ap_fixed<32, 18, 5, 3, 0>, ap_fixed<16, 6, 5, 3, 0>, relu_config7>|  return value|
|ap_return_14  |  out|   16|  ap_ctrl_hs|  relu<ap_fixed<32, 18, 5, 3, 0>, ap_fixed<16, 6, 5, 3, 0>, relu_config7>|  return value|
|ap_return_15  |  out|   16|  ap_ctrl_hs|  relu<ap_fixed<32, 18, 5, 3, 0>, ap_fixed<16, 6, 5, 3, 0>, relu_config7>|  return value|
|data_0_val    |   in|   32|     ap_none|                                                               data_0_val|        scalar|
|data_1_val    |   in|   32|     ap_none|                                                               data_1_val|        scalar|
|data_2_val    |   in|   32|     ap_none|                                                               data_2_val|        scalar|
|data_3_val    |   in|   32|     ap_none|                                                               data_3_val|        scalar|
|data_4_val    |   in|   32|     ap_none|                                                               data_4_val|        scalar|
|data_5_val    |   in|   32|     ap_none|                                                               data_5_val|        scalar|
|data_6_val    |   in|   32|     ap_none|                                                               data_6_val|        scalar|
|data_7_val    |   in|   32|     ap_none|                                                               data_7_val|        scalar|
|data_8_val    |   in|   32|     ap_none|                                                               data_8_val|        scalar|
|data_9_val    |   in|   32|     ap_none|                                                               data_9_val|        scalar|
|data_10_val   |   in|   32|     ap_none|                                                              data_10_val|        scalar|
|data_11_val   |   in|   32|     ap_none|                                                              data_11_val|        scalar|
|data_12_val   |   in|   32|     ap_none|                                                              data_12_val|        scalar|
|data_13_val   |   in|   32|     ap_none|                                                              data_13_val|        scalar|
|data_14_val   |   in|   32|     ap_none|                                                              data_14_val|        scalar|
|data_15_val   |   in|   32|     ap_none|                                                              data_15_val|        scalar|
+--------------+-----+-----+------------+-------------------------------------------------------------------------+--------------+

============================================================
+ Verbose Summary: Synthesis Manager
============================================================
InlineROM: 1
ExposeGlobal: 0
============================================================
+ Verbose Summary: CDFG Model
============================================================
IsTopModel: 0
ResetActiveHigh: 1
IsCombinational: 1
IsDatapathOnly: 2
HasWiredReturn: 1
HasMFsm: 2
HasVarLatency: 0
IsPipeline: 1
IsRtlPipelined: 0
IsInstanceOverlapped: 0
IsDontTouch: 0
HasImplIP: 0
IsGatedGlobalClock: 0

+ Individual pipeline summary: 
  * Pipeline-0: initiation interval (II) = 1, depth = 1


============================================================
+ Verbose Summary: Schedule
============================================================
* Number of FSM states : 1
* Pipeline : 1
  Pipeline-0 : II = 1, D = 1, States = { 1 }
* Dataflow Pipeline: 0

* FSM state transitions: 
1 --> 

* FSM state operations: 

State 1 <SV = 0> <Delay = 3.35>
ST_1 : Operation 2 [1/1] (0.00ns)   --->   "%specpipeline_ln43 = specpipeline void @_ssdm_op_SpecPipeline, i32 4294967295, i32 0, i32 0, i32 0, void @empty_0" [firmware/nnet_utils/nnet_activation.h:43]   --->   Operation 2 'specpipeline' 'specpipeline_ln43' <Predicate = true> <Delay = 0.00>
ST_1 : Operation 3 [1/1] (0.00ns)   --->   "%data_15_val_read = read i32 @_ssdm_op_Read.ap_auto.i32, i32 %data_15_val" [firmware/nnet_utils/nnet_activation.h:42]   --->   Operation 3 'read' 'data_15_val_read' <Predicate = true> <Delay = 0.00>
ST_1 : Operation 4 [1/1] (0.00ns)   --->   "%data_14_val_read = read i32 @_ssdm_op_Read.ap_auto.i32, i32 %data_14_val" [firmware/nnet_utils/nnet_activation.h:42]   --->   Operation 4 'read' 'data_14_val_read' <Predicate = true> <Delay = 0.00>
ST_1 : Operation 5 [1/1] (0.00ns)   --->   "%data_13_val_read = read i32 @_ssdm_op_Read.ap_auto.i32, i32 %data_13_val" [firmware/nnet_utils/nnet_activation.h:42]   --->   Operation 5 'read' 'data_13_val_read' <Predicate = true> <Delay = 0.00>
ST_1 : Operation 6 [1/1] (0.00ns)   --->   "%data_12_val_read = read i32 @_ssdm_op_Read.ap_auto.i32, i32 %data_12_val" [firmware/nnet_utils/nnet_activation.h:42]   --->   Operation 6 'read' 'data_12_val_read' <Predicate = true> <Delay = 0.00>
ST_1 : Operation 7 [1/1] (0.00ns)   --->   "%data_11_val_read = read i32 @_ssdm_op_Read.ap_auto.i32, i32 %data_11_val" [firmware/nnet_utils/nnet_activation.h:42]   --->   Operation 7 'read' 'data_11_val_read' <Predicate = true> <Delay = 0.00>
ST_1 : Operation 8 [1/1] (0.00ns)   --->   "%data_10_val_read = read i32 @_ssdm_op_Read.ap_auto.i32, i32 %data_10_val" [firmware/nnet_utils/nnet_activation.h:42]   --->   Operation 8 'read' 'data_10_val_read' <Predicate = true> <Delay = 0.00>
ST_1 : Operation 9 [1/1] (0.00ns)   --->   "%data_9_val_read = read i32 @_ssdm_op_Read.ap_auto.i32, i32 %data_9_val" [firmware/nnet_utils/nnet_activation.h:42]   --->   Operation 9 'read' 'data_9_val_read' <Predicate = true> <Delay = 0.00>
ST_1 : Operation 10 [1/1] (0.00ns)   --->   "%data_8_val_read = read i32 @_ssdm_op_Read.ap_auto.i32, i32 %data_8_val" [firmware/nnet_utils/nnet_activation.h:42]   --->   Operation 10 'read' 'data_8_val_read' <Predicate = true> <Delay = 0.00>
ST_1 : Operation 11 [1/1] (0.00ns)   --->   "%data_7_val_read = read i32 @_ssdm_op_Read.ap_auto.i32, i32 %data_7_val" [firmware/nnet_utils/nnet_activation.h:42]   --->   Operation 11 'read' 'data_7_val_read' <Predicate = true> <Delay = 0.00>
ST_1 : Operation 12 [1/1] (0.00ns)   --->   "%data_6_val_read = read i32 @_ssdm_op_Read.ap_auto.i32, i32 %data_6_val" [firmware/nnet_utils/nnet_activation.h:42]   --->   Operation 12 'read' 'data_6_val_read' <Predicate = true> <Delay = 0.00>
ST_1 : Operation 13 [1/1] (0.00ns)   --->   "%data_5_val_read = read i32 @_ssdm_op_Read.ap_auto.i32, i32 %data_5_val" [firmware/nnet_utils/nnet_activation.h:42]   --->   Operation 13 'read' 'data_5_val_read' <Predicate = true> <Delay = 0.00>
ST_1 : Operation 14 [1/1] (0.00ns)   --->   "%data_4_val_read = read i32 @_ssdm_op_Read.ap_auto.i32, i32 %data_4_val" [firmware/nnet_utils/nnet_activation.h:42]   --->   Operation 14 'read' 'data_4_val_read' <Predicate = true> <Delay = 0.00>
ST_1 : Operation 15 [1/1] (0.00ns)   --->   "%data_3_val_read = read i32 @_ssdm_op_Read.ap_auto.i32, i32 %data_3_val" [firmware/nnet_utils/nnet_activation.h:42]   --->   Operation 15 'read' 'data_3_val_read' <Predicate = true> <Delay = 0.00>
ST_1 : Operation 16 [1/1] (0.00ns)   --->   "%data_2_val_read = read i32 @_ssdm_op_Read.ap_auto.i32, i32 %data_2_val" [firmware/nnet_utils/nnet_activation.h:42]   --->   Operation 16 'read' 'data_2_val_read' <Predicate = true> <Delay = 0.00>
ST_1 : Operation 17 [1/1] (0.00ns)   --->   "%data_1_val_read = read i32 @_ssdm_op_Read.ap_auto.i32, i32 %data_1_val" [firmware/nnet_utils/nnet_activation.h:42]   --->   Operation 17 'read' 'data_1_val_read' <Predicate = true> <Delay = 0.00>
ST_1 : Operation 18 [1/1] (0.00ns)   --->   "%data_0_val_read = read i32 @_ssdm_op_Read.ap_auto.i32, i32 %data_0_val" [firmware/nnet_utils/nnet_activation.h:42]   --->   Operation 18 'read' 'data_0_val_read' <Predicate = true> <Delay = 0.00>
ST_1 : Operation 19 [1/1] (2.55ns)   --->   "%icmp_ln45 = icmp_sgt  i32 %data_0_val_read, i32 0" [firmware/nnet_utils/nnet_activation.h:45]   --->   Operation 19 'icmp' 'icmp_ln45' <Predicate = true> <Delay = 2.55> <CoreInst = "Cmp">   --->   Core 9 'Cmp' <Latency = 0> <II = 1> <Delay = 2.55> <FuncUnit> <Opcode : 'icmp'> <InPorts = 2> <OutPorts = 1>
ST_1 : Operation 20 [1/1] (0.00ns)   --->   "%trunc_ln = partselect i16 @_ssdm_op_PartSelect.i16.i32.i32.i32, i32 %data_0_val_read, i32 4, i32 19" [firmware/nnet_utils/nnet_activation.h:46]   --->   Operation 20 'partselect' 'trunc_ln' <Predicate = (icmp_ln45)> <Delay = 0.00>
ST_1 : Operation 21 [1/1] (0.80ns)   --->   "%select_ln45 = select i1 %icmp_ln45, i16 %trunc_ln, i16 0" [firmware/nnet_utils/nnet_activation.h:45]   --->   Operation 21 'select' 'select_ln45' <Predicate = true> <Delay = 0.80> <CoreInst = "Sel">   --->   Core 73 'Sel' <Latency = 0> <II = 1> <Delay = 0.80> <FuncUnit> <Opcode : 'select'> <InPorts = 3> <OutPorts = 1>
ST_1 : Operation 22 [1/1] (2.55ns)   --->   "%icmp_ln45_1 = icmp_sgt  i32 %data_1_val_read, i32 0" [firmware/nnet_utils/nnet_activation.h:45]   --->   Operation 22 'icmp' 'icmp_ln45_1' <Predicate = true> <Delay = 2.55> <CoreInst = "Cmp">   --->   Core 9 'Cmp' <Latency = 0> <II = 1> <Delay = 2.55> <FuncUnit> <Opcode : 'icmp'> <InPorts = 2> <OutPorts = 1>
ST_1 : Operation 23 [1/1] (0.00ns)   --->   "%trunc_ln46_1 = partselect i16 @_ssdm_op_PartSelect.i16.i32.i32.i32, i32 %data_1_val_read, i32 4, i32 19" [firmware/nnet_utils/nnet_activation.h:46]   --->   Operation 23 'partselect' 'trunc_ln46_1' <Predicate = (icmp_ln45_1)> <Delay = 0.00>
ST_1 : Operation 24 [1/1] (0.80ns)   --->   "%select_ln45_1 = select i1 %icmp_ln45_1, i16 %trunc_ln46_1, i16 0" [firmware/nnet_utils/nnet_activation.h:45]   --->   Operation 24 'select' 'select_ln45_1' <Predicate = true> <Delay = 0.80> <CoreInst = "Sel">   --->   Core 73 'Sel' <Latency = 0> <II = 1> <Delay = 0.80> <FuncUnit> <Opcode : 'select'> <InPorts = 3> <OutPorts = 1>
ST_1 : Operation 25 [1/1] (2.55ns)   --->   "%icmp_ln45_2 = icmp_sgt  i32 %data_2_val_read, i32 0" [firmware/nnet_utils/nnet_activation.h:45]   --->   Operation 25 'icmp' 'icmp_ln45_2' <Predicate = true> <Delay = 2.55> <CoreInst = "Cmp">   --->   Core 9 'Cmp' <Latency = 0> <II = 1> <Delay = 2.55> <FuncUnit> <Opcode : 'icmp'> <InPorts = 2> <OutPorts = 1>
ST_1 : Operation 26 [1/1] (0.00ns)   --->   "%trunc_ln46_2 = partselect i16 @_ssdm_op_PartSelect.i16.i32.i32.i32, i32 %data_2_val_read, i32 4, i32 19" [firmware/nnet_utils/nnet_activation.h:46]   --->   Operation 26 'partselect' 'trunc_ln46_2' <Predicate = (icmp_ln45_2)> <Delay = 0.00>
ST_1 : Operation 27 [1/1] (0.80ns)   --->   "%select_ln45_2 = select i1 %icmp_ln45_2, i16 %trunc_ln46_2, i16 0" [firmware/nnet_utils/nnet_activation.h:45]   --->   Operation 27 'select' 'select_ln45_2' <Predicate = true> <Delay = 0.80> <CoreInst = "Sel">   --->   Core 73 'Sel' <Latency = 0> <II = 1> <Delay = 0.80> <FuncUnit> <Opcode : 'select'> <InPorts = 3> <OutPorts = 1>
ST_1 : Operation 28 [1/1] (2.55ns)   --->   "%icmp_ln45_3 = icmp_sgt  i32 %data_3_val_read, i32 0" [firmware/nnet_utils/nnet_activation.h:45]   --->   Operation 28 'icmp' 'icmp_ln45_3' <Predicate = true> <Delay = 2.55> <CoreInst = "Cmp">   --->   Core 9 'Cmp' <Latency = 0> <II = 1> <Delay = 2.55> <FuncUnit> <Opcode : 'icmp'> <InPorts = 2> <OutPorts = 1>
ST_1 : Operation 29 [1/1] (0.00ns)   --->   "%trunc_ln46_3 = partselect i16 @_ssdm_op_PartSelect.i16.i32.i32.i32, i32 %data_3_val_read, i32 4, i32 19" [firmware/nnet_utils/nnet_activation.h:46]   --->   Operation 29 'partselect' 'trunc_ln46_3' <Predicate = (icmp_ln45_3)> <Delay = 0.00>
ST_1 : Operation 30 [1/1] (0.80ns)   --->   "%select_ln45_3 = select i1 %icmp_ln45_3, i16 %trunc_ln46_3, i16 0" [firmware/nnet_utils/nnet_activation.h:45]   --->   Operation 30 'select' 'select_ln45_3' <Predicate = true> <Delay = 0.80> <CoreInst = "Sel">   --->   Core 73 'Sel' <Latency = 0> <II = 1> <Delay = 0.80> <FuncUnit> <Opcode : 'select'> <InPorts = 3> <OutPorts = 1>
ST_1 : Operation 31 [1/1] (2.55ns)   --->   "%icmp_ln45_4 = icmp_sgt  i32 %data_4_val_read, i32 0" [firmware/nnet_utils/nnet_activation.h:45]   --->   Operation 31 'icmp' 'icmp_ln45_4' <Predicate = true> <Delay = 2.55> <CoreInst = "Cmp">   --->   Core 9 'Cmp' <Latency = 0> <II = 1> <Delay = 2.55> <FuncUnit> <Opcode : 'icmp'> <InPorts = 2> <OutPorts = 1>
ST_1 : Operation 32 [1/1] (0.00ns)   --->   "%trunc_ln46_4 = partselect i16 @_ssdm_op_PartSelect.i16.i32.i32.i32, i32 %data_4_val_read, i32 4, i32 19" [firmware/nnet_utils/nnet_activation.h:46]   --->   Operation 32 'partselect' 'trunc_ln46_4' <Predicate = (icmp_ln45_4)> <Delay = 0.00>
ST_1 : Operation 33 [1/1] (0.80ns)   --->   "%select_ln45_4 = select i1 %icmp_ln45_4, i16 %trunc_ln46_4, i16 0" [firmware/nnet_utils/nnet_activation.h:45]   --->   Operation 33 'select' 'select_ln45_4' <Predicate = true> <Delay = 0.80> <CoreInst = "Sel">   --->   Core 73 'Sel' <Latency = 0> <II = 1> <Delay = 0.80> <FuncUnit> <Opcode : 'select'> <InPorts = 3> <OutPorts = 1>
ST_1 : Operation 34 [1/1] (2.55ns)   --->   "%icmp_ln45_5 = icmp_sgt  i32 %data_5_val_read, i32 0" [firmware/nnet_utils/nnet_activation.h:45]   --->   Operation 34 'icmp' 'icmp_ln45_5' <Predicate = true> <Delay = 2.55> <CoreInst = "Cmp">   --->   Core 9 'Cmp' <Latency = 0> <II = 1> <Delay = 2.55> <FuncUnit> <Opcode : 'icmp'> <InPorts = 2> <OutPorts = 1>
ST_1 : Operation 35 [1/1] (0.00ns)   --->   "%trunc_ln46_5 = partselect i16 @_ssdm_op_PartSelect.i16.i32.i32.i32, i32 %data_5_val_read, i32 4, i32 19" [firmware/nnet_utils/nnet_activation.h:46]   --->   Operation 35 'partselect' 'trunc_ln46_5' <Predicate = (icmp_ln45_5)> <Delay = 0.00>
ST_1 : Operation 36 [1/1] (0.80ns)   --->   "%select_ln45_5 = select i1 %icmp_ln45_5, i16 %trunc_ln46_5, i16 0" [firmware/nnet_utils/nnet_activation.h:45]   --->   Operation 36 'select' 'select_ln45_5' <Predicate = true> <Delay = 0.80> <CoreInst = "Sel">   --->   Core 73 'Sel' <Latency = 0> <II = 1> <Delay = 0.80> <FuncUnit> <Opcode : 'select'> <InPorts = 3> <OutPorts = 1>
ST_1 : Operation 37 [1/1] (2.55ns)   --->   "%icmp_ln45_6 = icmp_sgt  i32 %data_6_val_read, i32 0" [firmware/nnet_utils/nnet_activation.h:45]   --->   Operation 37 'icmp' 'icmp_ln45_6' <Predicate = true> <Delay = 2.55> <CoreInst = "Cmp">   --->   Core 9 'Cmp' <Latency = 0> <II = 1> <Delay = 2.55> <FuncUnit> <Opcode : 'icmp'> <InPorts = 2> <OutPorts = 1>
ST_1 : Operation 38 [1/1] (0.00ns)   --->   "%trunc_ln46_6 = partselect i16 @_ssdm_op_PartSelect.i16.i32.i32.i32, i32 %data_6_val_read, i32 4, i32 19" [firmware/nnet_utils/nnet_activation.h:46]   --->   Operation 38 'partselect' 'trunc_ln46_6' <Predicate = (icmp_ln45_6)> <Delay = 0.00>
ST_1 : Operation 39 [1/1] (0.80ns)   --->   "%select_ln45_6 = select i1 %icmp_ln45_6, i16 %trunc_ln46_6, i16 0" [firmware/nnet_utils/nnet_activation.h:45]   --->   Operation 39 'select' 'select_ln45_6' <Predicate = true> <Delay = 0.80> <CoreInst = "Sel">   --->   Core 73 'Sel' <Latency = 0> <II = 1> <Delay = 0.80> <FuncUnit> <Opcode : 'select'> <InPorts = 3> <OutPorts = 1>
ST_1 : Operation 40 [1/1] (2.55ns)   --->   "%icmp_ln45_7 = icmp_sgt  i32 %data_7_val_read, i32 0" [firmware/nnet_utils/nnet_activation.h:45]   --->   Operation 40 'icmp' 'icmp_ln45_7' <Predicate = true> <Delay = 2.55> <CoreInst = "Cmp">   --->   Core 9 'Cmp' <Latency = 0> <II = 1> <Delay = 2.55> <FuncUnit> <Opcode : 'icmp'> <InPorts = 2> <OutPorts = 1>
ST_1 : Operation 41 [1/1] (0.00ns)   --->   "%trunc_ln46_7 = partselect i16 @_ssdm_op_PartSelect.i16.i32.i32.i32, i32 %data_7_val_read, i32 4, i32 19" [firmware/nnet_utils/nnet_activation.h:46]   --->   Operation 41 'partselect' 'trunc_ln46_7' <Predicate = (icmp_ln45_7)> <Delay = 0.00>
ST_1 : Operation 42 [1/1] (0.80ns)   --->   "%select_ln45_7 = select i1 %icmp_ln45_7, i16 %trunc_ln46_7, i16 0" [firmware/nnet_utils/nnet_activation.h:45]   --->   Operation 42 'select' 'select_ln45_7' <Predicate = true> <Delay = 0.80> <CoreInst = "Sel">   --->   Core 73 'Sel' <Latency = 0> <II = 1> <Delay = 0.80> <FuncUnit> <Opcode : 'select'> <InPorts = 3> <OutPorts = 1>
ST_1 : Operation 43 [1/1] (2.55ns)   --->   "%icmp_ln45_8 = icmp_sgt  i32 %data_8_val_read, i32 0" [firmware/nnet_utils/nnet_activation.h:45]   --->   Operation 43 'icmp' 'icmp_ln45_8' <Predicate = true> <Delay = 2.55> <CoreInst = "Cmp">   --->   Core 9 'Cmp' <Latency = 0> <II = 1> <Delay = 2.55> <FuncUnit> <Opcode : 'icmp'> <InPorts = 2> <OutPorts = 1>
ST_1 : Operation 44 [1/1] (0.00ns)   --->   "%trunc_ln46_8 = partselect i16 @_ssdm_op_PartSelect.i16.i32.i32.i32, i32 %data_8_val_read, i32 4, i32 19" [firmware/nnet_utils/nnet_activation.h:46]   --->   Operation 44 'partselect' 'trunc_ln46_8' <Predicate = (icmp_ln45_8)> <Delay = 0.00>
ST_1 : Operation 45 [1/1] (0.80ns)   --->   "%select_ln45_8 = select i1 %icmp_ln45_8, i16 %trunc_ln46_8, i16 0" [firmware/nnet_utils/nnet_activation.h:45]   --->   Operation 45 'select' 'select_ln45_8' <Predicate = true> <Delay = 0.80> <CoreInst = "Sel">   --->   Core 73 'Sel' <Latency = 0> <II = 1> <Delay = 0.80> <FuncUnit> <Opcode : 'select'> <InPorts = 3> <OutPorts = 1>
ST_1 : Operation 46 [1/1] (2.55ns)   --->   "%icmp_ln45_9 = icmp_sgt  i32 %data_9_val_read, i32 0" [firmware/nnet_utils/nnet_activation.h:45]   --->   Operation 46 'icmp' 'icmp_ln45_9' <Predicate = true> <Delay = 2.55> <CoreInst = "Cmp">   --->   Core 9 'Cmp' <Latency = 0> <II = 1> <Delay = 2.55> <FuncUnit> <Opcode : 'icmp'> <InPorts = 2> <OutPorts = 1>
ST_1 : Operation 47 [1/1] (0.00ns)   --->   "%trunc_ln46_9 = partselect i16 @_ssdm_op_PartSelect.i16.i32.i32.i32, i32 %data_9_val_read, i32 4, i32 19" [firmware/nnet_utils/nnet_activation.h:46]   --->   Operation 47 'partselect' 'trunc_ln46_9' <Predicate = (icmp_ln45_9)> <Delay = 0.00>
ST_1 : Operation 48 [1/1] (0.80ns)   --->   "%select_ln45_9 = select i1 %icmp_ln45_9, i16 %trunc_ln46_9, i16 0" [firmware/nnet_utils/nnet_activation.h:45]   --->   Operation 48 'select' 'select_ln45_9' <Predicate = true> <Delay = 0.80> <CoreInst = "Sel">   --->   Core 73 'Sel' <Latency = 0> <II = 1> <Delay = 0.80> <FuncUnit> <Opcode : 'select'> <InPorts = 3> <OutPorts = 1>
ST_1 : Operation 49 [1/1] (2.55ns)   --->   "%icmp_ln45_10 = icmp_sgt  i32 %data_10_val_read, i32 0" [firmware/nnet_utils/nnet_activation.h:45]   --->   Operation 49 'icmp' 'icmp_ln45_10' <Predicate = true> <Delay = 2.55> <CoreInst = "Cmp">   --->   Core 9 'Cmp' <Latency = 0> <II = 1> <Delay = 2.55> <FuncUnit> <Opcode : 'icmp'> <InPorts = 2> <OutPorts = 1>
ST_1 : Operation 50 [1/1] (0.00ns)   --->   "%trunc_ln46_s = partselect i16 @_ssdm_op_PartSelect.i16.i32.i32.i32, i32 %data_10_val_read, i32 4, i32 19" [firmware/nnet_utils/nnet_activation.h:46]   --->   Operation 50 'partselect' 'trunc_ln46_s' <Predicate = (icmp_ln45_10)> <Delay = 0.00>
ST_1 : Operation 51 [1/1] (0.80ns)   --->   "%select_ln45_10 = select i1 %icmp_ln45_10, i16 %trunc_ln46_s, i16 0" [firmware/nnet_utils/nnet_activation.h:45]   --->   Operation 51 'select' 'select_ln45_10' <Predicate = true> <Delay = 0.80> <CoreInst = "Sel">   --->   Core 73 'Sel' <Latency = 0> <II = 1> <Delay = 0.80> <FuncUnit> <Opcode : 'select'> <InPorts = 3> <OutPorts = 1>
ST_1 : Operation 52 [1/1] (2.55ns)   --->   "%icmp_ln45_11 = icmp_sgt  i32 %data_11_val_read, i32 0" [firmware/nnet_utils/nnet_activation.h:45]   --->   Operation 52 'icmp' 'icmp_ln45_11' <Predicate = true> <Delay = 2.55> <CoreInst = "Cmp">   --->   Core 9 'Cmp' <Latency = 0> <II = 1> <Delay = 2.55> <FuncUnit> <Opcode : 'icmp'> <InPorts = 2> <OutPorts = 1>
ST_1 : Operation 53 [1/1] (0.00ns)   --->   "%trunc_ln46_10 = partselect i16 @_ssdm_op_PartSelect.i16.i32.i32.i32, i32 %data_11_val_read, i32 4, i32 19" [firmware/nnet_utils/nnet_activation.h:46]   --->   Operation 53 'partselect' 'trunc_ln46_10' <Predicate = (icmp_ln45_11)> <Delay = 0.00>
ST_1 : Operation 54 [1/1] (0.80ns)   --->   "%select_ln45_11 = select i1 %icmp_ln45_11, i16 %trunc_ln46_10, i16 0" [firmware/nnet_utils/nnet_activation.h:45]   --->   Operation 54 'select' 'select_ln45_11' <Predicate = true> <Delay = 0.80> <CoreInst = "Sel">   --->   Core 73 'Sel' <Latency = 0> <II = 1> <Delay = 0.80> <FuncUnit> <Opcode : 'select'> <InPorts = 3> <OutPorts = 1>
ST_1 : Operation 55 [1/1] (2.55ns)   --->   "%icmp_ln45_12 = icmp_sgt  i32 %data_12_val_read, i32 0" [firmware/nnet_utils/nnet_activation.h:45]   --->   Operation 55 'icmp' 'icmp_ln45_12' <Predicate = true> <Delay = 2.55> <CoreInst = "Cmp">   --->   Core 9 'Cmp' <Latency = 0> <II = 1> <Delay = 2.55> <FuncUnit> <Opcode : 'icmp'> <InPorts = 2> <OutPorts = 1>
ST_1 : Operation 56 [1/1] (0.00ns)   --->   "%trunc_ln46_11 = partselect i16 @_ssdm_op_PartSelect.i16.i32.i32.i32, i32 %data_12_val_read, i32 4, i32 19" [firmware/nnet_utils/nnet_activation.h:46]   --->   Operation 56 'partselect' 'trunc_ln46_11' <Predicate = (icmp_ln45_12)> <Delay = 0.00>
ST_1 : Operation 57 [1/1] (0.80ns)   --->   "%select_ln45_12 = select i1 %icmp_ln45_12, i16 %trunc_ln46_11, i16 0" [firmware/nnet_utils/nnet_activation.h:45]   --->   Operation 57 'select' 'select_ln45_12' <Predicate = true> <Delay = 0.80> <CoreInst = "Sel">   --->   Core 73 'Sel' <Latency = 0> <II = 1> <Delay = 0.80> <FuncUnit> <Opcode : 'select'> <InPorts = 3> <OutPorts = 1>
ST_1 : Operation 58 [1/1] (2.55ns)   --->   "%icmp_ln45_13 = icmp_sgt  i32 %data_13_val_read, i32 0" [firmware/nnet_utils/nnet_activation.h:45]   --->   Operation 58 'icmp' 'icmp_ln45_13' <Predicate = true> <Delay = 2.55> <CoreInst = "Cmp">   --->   Core 9 'Cmp' <Latency = 0> <II = 1> <Delay = 2.55> <FuncUnit> <Opcode : 'icmp'> <InPorts = 2> <OutPorts = 1>
ST_1 : Operation 59 [1/1] (0.00ns)   --->   "%trunc_ln46_12 = partselect i16 @_ssdm_op_PartSelect.i16.i32.i32.i32, i32 %data_13_val_read, i32 4, i32 19" [firmware/nnet_utils/nnet_activation.h:46]   --->   Operation 59 'partselect' 'trunc_ln46_12' <Predicate = (icmp_ln45_13)> <Delay = 0.00>
ST_1 : Operation 60 [1/1] (0.80ns)   --->   "%select_ln45_13 = select i1 %icmp_ln45_13, i16 %trunc_ln46_12, i16 0" [firmware/nnet_utils/nnet_activation.h:45]   --->   Operation 60 'select' 'select_ln45_13' <Predicate = true> <Delay = 0.80> <CoreInst = "Sel">   --->   Core 73 'Sel' <Latency = 0> <II = 1> <Delay = 0.80> <FuncUnit> <Opcode : 'select'> <InPorts = 3> <OutPorts = 1>
ST_1 : Operation 61 [1/1] (2.55ns)   --->   "%icmp_ln45_14 = icmp_sgt  i32 %data_14_val_read, i32 0" [firmware/nnet_utils/nnet_activation.h:45]   --->   Operation 61 'icmp' 'icmp_ln45_14' <Predicate = true> <Delay = 2.55> <CoreInst = "Cmp">   --->   Core 9 'Cmp' <Latency = 0> <II = 1> <Delay = 2.55> <FuncUnit> <Opcode : 'icmp'> <InPorts = 2> <OutPorts = 1>
ST_1 : Operation 62 [1/1] (0.00ns)   --->   "%trunc_ln46_13 = partselect i16 @_ssdm_op_PartSelect.i16.i32.i32.i32, i32 %data_14_val_read, i32 4, i32 19" [firmware/nnet_utils/nnet_activation.h:46]   --->   Operation 62 'partselect' 'trunc_ln46_13' <Predicate = (icmp_ln45_14)> <Delay = 0.00>
ST_1 : Operation 63 [1/1] (0.80ns)   --->   "%select_ln45_14 = select i1 %icmp_ln45_14, i16 %trunc_ln46_13, i16 0" [firmware/nnet_utils/nnet_activation.h:45]   --->   Operation 63 'select' 'select_ln45_14' <Predicate = true> <Delay = 0.80> <CoreInst = "Sel">   --->   Core 73 'Sel' <Latency = 0> <II = 1> <Delay = 0.80> <FuncUnit> <Opcode : 'select'> <InPorts = 3> <OutPorts = 1>
ST_1 : Operation 64 [1/1] (2.55ns)   --->   "%icmp_ln45_15 = icmp_sgt  i32 %data_15_val_read, i32 0" [firmware/nnet_utils/nnet_activation.h:45]   --->   Operation 64 'icmp' 'icmp_ln45_15' <Predicate = true> <Delay = 2.55> <CoreInst = "Cmp">   --->   Core 9 'Cmp' <Latency = 0> <II = 1> <Delay = 2.55> <FuncUnit> <Opcode : 'icmp'> <InPorts = 2> <OutPorts = 1>
ST_1 : Operation 65 [1/1] (0.00ns)   --->   "%trunc_ln46_14 = partselect i16 @_ssdm_op_PartSelect.i16.i32.i32.i32, i32 %data_15_val_read, i32 4, i32 19" [firmware/nnet_utils/nnet_activation.h:46]   --->   Operation 65 'partselect' 'trunc_ln46_14' <Predicate = (icmp_ln45_15)> <Delay = 0.00>
ST_1 : Operation 66 [1/1] (0.80ns)   --->   "%select_ln45_15 = select i1 %icmp_ln45_15, i16 %trunc_ln46_14, i16 0" [firmware/nnet_utils/nnet_activation.h:45]   --->   Operation 66 'select' 'select_ln45_15' <Predicate = true> <Delay = 0.80> <CoreInst = "Sel">   --->   Core 73 'Sel' <Latency = 0> <II = 1> <Delay = 0.80> <FuncUnit> <Opcode : 'select'> <InPorts = 3> <OutPorts = 1>
ST_1 : Operation 67 [1/1] (0.00ns)   --->   "%mrv = insertvalue i256 <undef>, i16 %select_ln45" [firmware/nnet_utils/nnet_activation.h:50]   --->   Operation 67 'insertvalue' 'mrv' <Predicate = true> <Delay = 0.00>
ST_1 : Operation 68 [1/1] (0.00ns)   --->   "%mrv_1 = insertvalue i256 %mrv, i16 %select_ln45_1" [firmware/nnet_utils/nnet_activation.h:50]   --->   Operation 68 'insertvalue' 'mrv_1' <Predicate = true> <Delay = 0.00>
ST_1 : Operation 69 [1/1] (0.00ns)   --->   "%mrv_2 = insertvalue i256 %mrv_1, i16 %select_ln45_2" [firmware/nnet_utils/nnet_activation.h:50]   --->   Operation 69 'insertvalue' 'mrv_2' <Predicate = true> <Delay = 0.00>
ST_1 : Operation 70 [1/1] (0.00ns)   --->   "%mrv_3 = insertvalue i256 %mrv_2, i16 %select_ln45_3" [firmware/nnet_utils/nnet_activation.h:50]   --->   Operation 70 'insertvalue' 'mrv_3' <Predicate = true> <Delay = 0.00>
ST_1 : Operation 71 [1/1] (0.00ns)   --->   "%mrv_4 = insertvalue i256 %mrv_3, i16 %select_ln45_4" [firmware/nnet_utils/nnet_activation.h:50]   --->   Operation 71 'insertvalue' 'mrv_4' <Predicate = true> <Delay = 0.00>
ST_1 : Operation 72 [1/1] (0.00ns)   --->   "%mrv_5 = insertvalue i256 %mrv_4, i16 %select_ln45_5" [firmware/nnet_utils/nnet_activation.h:50]   --->   Operation 72 'insertvalue' 'mrv_5' <Predicate = true> <Delay = 0.00>
ST_1 : Operation 73 [1/1] (0.00ns)   --->   "%mrv_6 = insertvalue i256 %mrv_5, i16 %select_ln45_6" [firmware/nnet_utils/nnet_activation.h:50]   --->   Operation 73 'insertvalue' 'mrv_6' <Predicate = true> <Delay = 0.00>
ST_1 : Operation 74 [1/1] (0.00ns)   --->   "%mrv_7 = insertvalue i256 %mrv_6, i16 %select_ln45_7" [firmware/nnet_utils/nnet_activation.h:50]   --->   Operation 74 'insertvalue' 'mrv_7' <Predicate = true> <Delay = 0.00>
ST_1 : Operation 75 [1/1] (0.00ns)   --->   "%mrv_8 = insertvalue i256 %mrv_7, i16 %select_ln45_8" [firmware/nnet_utils/nnet_activation.h:50]   --->   Operation 75 'insertvalue' 'mrv_8' <Predicate = true> <Delay = 0.00>
ST_1 : Operation 76 [1/1] (0.00ns)   --->   "%mrv_9 = insertvalue i256 %mrv_8, i16 %select_ln45_9" [firmware/nnet_utils/nnet_activation.h:50]   --->   Operation 76 'insertvalue' 'mrv_9' <Predicate = true> <Delay = 0.00>
ST_1 : Operation 77 [1/1] (0.00ns)   --->   "%mrv_s = insertvalue i256 %mrv_9, i16 %select_ln45_10" [firmware/nnet_utils/nnet_activation.h:50]   --->   Operation 77 'insertvalue' 'mrv_s' <Predicate = true> <Delay = 0.00>
ST_1 : Operation 78 [1/1] (0.00ns)   --->   "%mrv_10 = insertvalue i256 %mrv_s, i16 %select_ln45_11" [firmware/nnet_utils/nnet_activation.h:50]   --->   Operation 78 'insertvalue' 'mrv_10' <Predicate = true> <Delay = 0.00>
ST_1 : Operation 79 [1/1] (0.00ns)   --->   "%mrv_11 = insertvalue i256 %mrv_10, i16 %select_ln45_12" [firmware/nnet_utils/nnet_activation.h:50]   --->   Operation 79 'insertvalue' 'mrv_11' <Predicate = true> <Delay = 0.00>
ST_1 : Operation 80 [1/1] (0.00ns)   --->   "%mrv_12 = insertvalue i256 %mrv_11, i16 %select_ln45_13" [firmware/nnet_utils/nnet_activation.h:50]   --->   Operation 80 'insertvalue' 'mrv_12' <Predicate = true> <Delay = 0.00>
ST_1 : Operation 81 [1/1] (0.00ns)   --->   "%mrv_13 = insertvalue i256 %mrv_12, i16 %select_ln45_14" [firmware/nnet_utils/nnet_activation.h:50]   --->   Operation 81 'insertvalue' 'mrv_13' <Predicate = true> <Delay = 0.00>
ST_1 : Operation 82 [1/1] (0.00ns)   --->   "%mrv_14 = insertvalue i256 %mrv_13, i16 %select_ln45_15" [firmware/nnet_utils/nnet_activation.h:50]   --->   Operation 82 'insertvalue' 'mrv_14' <Predicate = true> <Delay = 0.00>
ST_1 : Operation 83 [1/1] (0.00ns)   --->   "%ret_ln50 = ret i256 %mrv_14" [firmware/nnet_utils/nnet_activation.h:50]   --->   Operation 83 'ret' 'ret_ln50' <Predicate = true> <Delay = 0.00>


============================================================
+ Verbose Summary: Binding
============================================================
STG Binding: 
---------------- STG Properties BEGIN ----------------
- Is combinational: 1
- Is one-state seq: 0
- Is datapath-only: 0
- Is pipelined: 1
- Is top level: 0
Port [ Return ] is wired: 1; IO mode=ap_ctrl_hs:ce=0
Port [ data_0_val]:  wired=1; compound=0; hidden=0; nouse=0; global=0; static=0; extern=0; dir=0; type=0; pingpong=0; private_global=0; IO mode=ap_none:ce=0
Port [ data_1_val]:  wired=1; compound=0; hidden=0; nouse=0; global=0; static=0; extern=0; dir=0; type=0; pingpong=0; private_global=0; IO mode=ap_none:ce=0
Port [ data_2_val]:  wired=1; compound=0; hidden=0; nouse=0; global=0; static=0; extern=0; dir=0; type=0; pingpong=0; private_global=0; IO mode=ap_none:ce=0
Port [ data_3_val]:  wired=1; compound=0; hidden=0; nouse=0; global=0; static=0; extern=0; dir=0; type=0; pingpong=0; private_global=0; IO mode=ap_none:ce=0
Port [ data_4_val]:  wired=1; compound=0; hidden=0; nouse=0; global=0; static=0; extern=0; dir=0; type=0; pingpong=0; private_global=0; IO mode=ap_none:ce=0
Port [ data_5_val]:  wired=1; compound=0; hidden=0; nouse=0; global=0; static=0; extern=0; dir=0; type=0; pingpong=0; private_global=0; IO mode=ap_none:ce=0
Port [ data_6_val]:  wired=1; compound=0; hidden=0; nouse=0; global=0; static=0; extern=0; dir=0; type=0; pingpong=0; private_global=0; IO mode=ap_none:ce=0
Port [ data_7_val]:  wired=1; compound=0; hidden=0; nouse=0; global=0; static=0; extern=0; dir=0; type=0; pingpong=0; private_global=0; IO mode=ap_none:ce=0
Port [ data_8_val]:  wired=1; compound=0; hidden=0; nouse=0; global=0; static=0; extern=0; dir=0; type=0; pingpong=0; private_global=0; IO mode=ap_none:ce=0
Port [ data_9_val]:  wired=1; compound=0; hidden=0; nouse=0; global=0; static=0; extern=0; dir=0; type=0; pingpong=0; private_global=0; IO mode=ap_none:ce=0
Port [ data_10_val]:  wired=1; compound=0; hidden=0; nouse=0; global=0; static=0; extern=0; dir=0; type=0; pingpong=0; private_global=0; IO mode=ap_none:ce=0
Port [ data_11_val]:  wired=1; compound=0; hidden=0; nouse=0; global=0; static=0; extern=0; dir=0; type=0; pingpong=0; private_global=0; IO mode=ap_none:ce=0
Port [ data_12_val]:  wired=1; compound=0; hidden=0; nouse=0; global=0; static=0; extern=0; dir=0; type=0; pingpong=0; private_global=0; IO mode=ap_none:ce=0
Port [ data_13_val]:  wired=1; compound=0; hidden=0; nouse=0; global=0; static=0; extern=0; dir=0; type=0; pingpong=0; private_global=0; IO mode=ap_none:ce=0
Port [ data_14_val]:  wired=1; compound=0; hidden=0; nouse=0; global=0; static=0; extern=0; dir=0; type=0; pingpong=0; private_global=0; IO mode=ap_none:ce=0
Port [ data_15_val]:  wired=1; compound=0; hidden=0; nouse=0; global=0; static=0; extern=0; dir=0; type=0; pingpong=0; private_global=0; IO mode=ap_none:ce=0
---------------- STG Properties END ------------------

---------------- Datapath Model BEGIN ----------------

<LifeTime>
<method=bitvector/>
specpipeline_ln43 (specpipeline) [ 00]
data_15_val_read  (read        ) [ 00]
data_14_val_read  (read        ) [ 00]
data_13_val_read  (read        ) [ 00]
data_12_val_read  (read        ) [ 00]
data_11_val_read  (read        ) [ 00]
data_10_val_read  (read        ) [ 00]
data_9_val_read   (read        ) [ 00]
data_8_val_read   (read        ) [ 00]
data_7_val_read   (read        ) [ 00]
data_6_val_read   (read        ) [ 00]
data_5_val_read   (read        ) [ 00]
data_4_val_read   (read        ) [ 00]
data_3_val_read   (read        ) [ 00]
data_2_val_read   (read        ) [ 00]
data_1_val_read   (read        ) [ 00]
data_0_val_read   (read        ) [ 00]
icmp_ln45         (icmp        ) [ 01]
trunc_ln          (partselect  ) [ 00]
select_ln45       (select      ) [ 00]
icmp_ln45_1       (icmp        ) [ 01]
trunc_ln46_1      (partselect  ) [ 00]
select_ln45_1     (select      ) [ 00]
icmp_ln45_2       (icmp        ) [ 01]
trunc_ln46_2      (partselect  ) [ 00]
select_ln45_2     (select      ) [ 00]
icmp_ln45_3       (icmp        ) [ 01]
trunc_ln46_3      (partselect  ) [ 00]
select_ln45_3     (select      ) [ 00]
icmp_ln45_4       (icmp        ) [ 01]
trunc_ln46_4      (partselect  ) [ 00]
select_ln45_4     (select      ) [ 00]
icmp_ln45_5       (icmp        ) [ 01]
trunc_ln46_5      (partselect  ) [ 00]
select_ln45_5     (select      ) [ 00]
icmp_ln45_6       (icmp        ) [ 01]
trunc_ln46_6      (partselect  ) [ 00]
select_ln45_6     (select      ) [ 00]
icmp_ln45_7       (icmp        ) [ 01]
trunc_ln46_7      (partselect  ) [ 00]
select_ln45_7     (select      ) [ 00]
icmp_ln45_8       (icmp        ) [ 01]
trunc_ln46_8      (partselect  ) [ 00]
select_ln45_8     (select      ) [ 00]
icmp_ln45_9       (icmp        ) [ 01]
trunc_ln46_9      (partselect  ) [ 00]
select_ln45_9     (select      ) [ 00]
icmp_ln45_10      (icmp        ) [ 01]
trunc_ln46_s      (partselect  ) [ 00]
select_ln45_10    (select      ) [ 00]
icmp_ln45_11      (icmp        ) [ 01]
trunc_ln46_10     (partselect  ) [ 00]
select_ln45_11    (select      ) [ 00]
icmp_ln45_12      (icmp        ) [ 01]
trunc_ln46_11     (partselect  ) [ 00]
select_ln45_12    (select      ) [ 00]
icmp_ln45_13      (icmp        ) [ 01]
trunc_ln46_12     (partselect  ) [ 00]
select_ln45_13    (select      ) [ 00]
icmp_ln45_14      (icmp        ) [ 01]
trunc_ln46_13     (partselect  ) [ 00]
select_ln45_14    (select      ) [ 00]
icmp_ln45_15      (icmp        ) [ 01]
trunc_ln46_14     (partselect  ) [ 00]
select_ln45_15    (select      ) [ 00]
mrv               (insertvalue ) [ 00]
mrv_1             (insertvalue ) [ 00]
mrv_2             (insertvalue ) [ 00]
mrv_3             (insertvalue ) [ 00]
mrv_4             (insertvalue ) [ 00]
mrv_5             (insertvalue ) [ 00]
mrv_6             (insertvalue ) [ 00]
mrv_7             (insertvalue ) [ 00]
mrv_8             (insertvalue ) [ 00]
mrv_9             (insertvalue ) [ 00]
mrv_s             (insertvalue ) [ 00]
mrv_10            (insertvalue ) [ 00]
mrv_11            (insertvalue ) [ 00]
mrv_12            (insertvalue ) [ 00]
mrv_13            (insertvalue ) [ 00]
mrv_14            (insertvalue ) [ 00]
ret_ln50          (ret         ) [ 00]
</LifeTime>

<model>

<comp_list>
<comp id="0" class="1000" name="data_0_val">
<pin_list>
<pin id="1" dir="1" index="0" bw="1" slack="0"/>
</pin_list>
<bind>
<StgValue><ssdm name="data_0_val"/></StgValue>
</bind>
</comp>

<comp id="2" class="1000" name="data_1_val">
<pin_list>
<pin id="3" dir="1" index="0" bw="1" slack="0"/>
</pin_list>
<bind>
<StgValue><ssdm name="data_1_val"/></StgValue>
</bind>
</comp>

<comp id="4" class="1000" name="data_2_val">
<pin_list>
<pin id="5" dir="1" index="0" bw="1" slack="0"/>
</pin_list>
<bind>
<StgValue><ssdm name="data_2_val"/></StgValue>
</bind>
</comp>

<comp id="6" class="1000" name="data_3_val">
<pin_list>
<pin id="7" dir="1" index="0" bw="1" slack="0"/>
</pin_list>
<bind>
<StgValue><ssdm name="data_3_val"/></StgValue>
</bind>
</comp>

<comp id="8" class="1000" name="data_4_val">
<pin_list>
<pin id="9" dir="1" index="0" bw="1" slack="0"/>
</pin_list>
<bind>
<StgValue><ssdm name="data_4_val"/></StgValue>
</bind>
</comp>

<comp id="10" class="1000" name="data_5_val">
<pin_list>
<pin id="11" dir="1" index="0" bw="1" slack="0"/>
</pin_list>
<bind>
<StgValue><ssdm name="data_5_val"/></StgValue>
</bind>
</comp>

<comp id="12" class="1000" name="data_6_val">
<pin_list>
<pin id="13" dir="1" index="0" bw="1" slack="0"/>
</pin_list>
<bind>
<StgValue><ssdm name="data_6_val"/></StgValue>
</bind>
</comp>

<comp id="14" class="1000" name="data_7_val">
<pin_list>
<pin id="15" dir="1" index="0" bw="1" slack="0"/>
</pin_list>
<bind>
<StgValue><ssdm name="data_7_val"/></StgValue>
</bind>
</comp>

<comp id="16" class="1000" name="data_8_val">
<pin_list>
<pin id="17" dir="1" index="0" bw="1" slack="0"/>
</pin_list>
<bind>
<StgValue><ssdm name="data_8_val"/></StgValue>
</bind>
</comp>

<comp id="18" class="1000" name="data_9_val">
<pin_list>
<pin id="19" dir="1" index="0" bw="1" slack="0"/>
</pin_list>
<bind>
<StgValue><ssdm name="data_9_val"/></StgValue>
</bind>
</comp>

<comp id="20" class="1000" name="data_10_val">
<pin_list>
<pin id="21" dir="1" index="0" bw="1" slack="0"/>
</pin_list>
<bind>
<StgValue><ssdm name="data_10_val"/></StgValue>
</bind>
</comp>

<comp id="22" class="1000" name="data_11_val">
<pin_list>
<pin id="23" dir="1" index="0" bw="1" slack="0"/>
</pin_list>
<bind>
<StgValue><ssdm name="data_11_val"/></StgValue>
</bind>
</comp>

<comp id="24" class="1000" name="data_12_val">
<pin_list>
<pin id="25" dir="1" index="0" bw="1" slack="0"/>
</pin_list>
<bind>
<StgValue><ssdm name="data_12_val"/></StgValue>
</bind>
</comp>

<comp id="26" class="1000" name="data_13_val">
<pin_list>
<pin id="27" dir="1" index="0" bw="1" slack="0"/>
</pin_list>
<bind>
<StgValue><ssdm name="data_13_val"/></StgValue>
</bind>
</comp>

<comp id="28" class="1000" name="data_14_val">
<pin_list>
<pin id="29" dir="1" index="0" bw="1" slack="0"/>
</pin_list>
<bind>
<StgValue><ssdm name="data_14_val"/></StgValue>
</bind>
</comp>

<comp id="30" class="1000" name="data_15_val">
<pin_list>
<pin id="31" dir="1" index="0" bw="1" slack="0"/>
</pin_list>
<bind>
<StgValue><ssdm name="data_15_val"/></StgValue>
</bind>
</comp>

<comp id="32" class="1001" name="const_32">
<pin_list>
<pin id="33" dir="1" index="0" bw="1" slack="2147483647"/>
</pin_list>
<bind>
<StgValue><ssdm name="_ssdm_op_SpecPipeline"/></StgValue>
</bind>
</comp>

<comp id="34" class="1001" name="const_34">
<pin_list>
<pin id="35" dir="1" index="0" bw="1" slack="2147483647"/>
</pin_list>
<bind>
<StgValue><ssdm name=""/></StgValue>
</bind>
</comp>

<comp id="36" class="1001" name="const_36">
<pin_list>
<pin id="37" dir="1" index="0" bw="1" slack="0"/>
</pin_list>
<bind>
<StgValue><ssdm name=""/></StgValue>
</bind>
</comp>

<comp id="38" class="1001" name="const_38">
<pin_list>
<pin id="39" dir="1" index="0" bw="1" slack="2147483647"/>
</pin_list>
<bind>
<StgValue><ssdm name="empty_0"/></StgValue>
</bind>
</comp>

<comp id="40" class="1001" name="const_40">
<pin_list>
<pin id="41" dir="1" index="0" bw="1" slack="0"/>
</pin_list>
<bind>
<StgValue><ssdm name="_ssdm_op_Read.ap_auto.i32"/></StgValue>
</bind>
</comp>

<comp id="42" class="1001" name="const_42">
<pin_list>
<pin id="43" dir="1" index="0" bw="1" slack="0"/>
</pin_list>
<bind>
<StgValue><ssdm name="_ssdm_op_PartSelect.i16.i32.i32.i32"/></StgValue>
</bind>
</comp>

<comp id="44" class="1001" name="const_44">
<pin_list>
<pin id="45" dir="1" index="0" bw="1" slack="0"/>
</pin_list>
<bind>
<StgValue><ssdm name=""/></StgValue>
</bind>
</comp>

<comp id="46" class="1001" name="const_46">
<pin_list>
<pin id="47" dir="1" index="0" bw="1" slack="0"/>
</pin_list>
<bind>
<StgValue><ssdm name=""/></StgValue>
</bind>
</comp>

<comp id="48" class="1001" name="const_48">
<pin_list>
<pin id="49" dir="1" index="0" bw="1" slack="0"/>
</pin_list>
<bind>
<StgValue><ssdm name=""/></StgValue>
</bind>
</comp>

<comp id="50" class="1001" name="const_50">
<pin_list>
<pin id="51" dir="1" index="0" bw="1" slack="0"/>
</pin_list>
<bind>
<StgValue><ssdm name=""/></StgValue>
</bind>
</comp>

<comp id="52" class="1004" name="data_15_val_read_read_fu_52">
<pin_list>
<pin id="53" dir="0" index="0" bw="32" slack="0"/>
<pin id="54" dir="0" index="1" bw="32" slack="0"/>
<pin id="55" dir="1" index="2" bw="32" slack="0"/>
</pin_list>
<bind>
<opcode="read(1150) " fcode="read"/>
<opset="data_15_val_read/1 "/>
</bind>
</comp>

<comp id="58" class="1004" name="data_14_val_read_read_fu_58">
<pin_list>
<pin id="59" dir="0" index="0" bw="32" slack="0"/>
<pin id="60" dir="0" index="1" bw="32" slack="0"/>
<pin id="61" dir="1" index="2" bw="32" slack="0"/>
</pin_list>
<bind>
<opcode="read(1150) " fcode="read"/>
<opset="data_14_val_read/1 "/>
</bind>
</comp>

<comp id="64" class="1004" name="data_13_val_read_read_fu_64">
<pin_list>
<pin id="65" dir="0" index="0" bw="32" slack="0"/>
<pin id="66" dir="0" index="1" bw="32" slack="0"/>
<pin id="67" dir="1" index="2" bw="32" slack="0"/>
</pin_list>
<bind>
<opcode="read(1150) " fcode="read"/>
<opset="data_13_val_read/1 "/>
</bind>
</comp>

<comp id="70" class="1004" name="data_12_val_read_read_fu_70">
<pin_list>
<pin id="71" dir="0" index="0" bw="32" slack="0"/>
<pin id="72" dir="0" index="1" bw="32" slack="0"/>
<pin id="73" dir="1" index="2" bw="32" slack="0"/>
</pin_list>
<bind>
<opcode="read(1150) " fcode="read"/>
<opset="data_12_val_read/1 "/>
</bind>
</comp>

<comp id="76" class="1004" name="data_11_val_read_read_fu_76">
<pin_list>
<pin id="77" dir="0" index="0" bw="32" slack="0"/>
<pin id="78" dir="0" index="1" bw="32" slack="0"/>
<pin id="79" dir="1" index="2" bw="32" slack="0"/>
</pin_list>
<bind>
<opcode="read(1150) " fcode="read"/>
<opset="data_11_val_read/1 "/>
</bind>
</comp>

<comp id="82" class="1004" name="data_10_val_read_read_fu_82">
<pin_list>
<pin id="83" dir="0" index="0" bw="32" slack="0"/>
<pin id="84" dir="0" index="1" bw="32" slack="0"/>
<pin id="85" dir="1" index="2" bw="32" slack="0"/>
</pin_list>
<bind>
<opcode="read(1150) " fcode="read"/>
<opset="data_10_val_read/1 "/>
</bind>
</comp>

<comp id="88" class="1004" name="data_9_val_read_read_fu_88">
<pin_list>
<pin id="89" dir="0" index="0" bw="32" slack="0"/>
<pin id="90" dir="0" index="1" bw="32" slack="0"/>
<pin id="91" dir="1" index="2" bw="32" slack="0"/>
</pin_list>
<bind>
<opcode="read(1150) " fcode="read"/>
<opset="data_9_val_read/1 "/>
</bind>
</comp>

<comp id="94" class="1004" name="data_8_val_read_read_fu_94">
<pin_list>
<pin id="95" dir="0" index="0" bw="32" slack="0"/>
<pin id="96" dir="0" index="1" bw="32" slack="0"/>
<pin id="97" dir="1" index="2" bw="32" slack="0"/>
</pin_list>
<bind>
<opcode="read(1150) " fcode="read"/>
<opset="data_8_val_read/1 "/>
</bind>
</comp>

<comp id="100" class="1004" name="data_7_val_read_read_fu_100">
<pin_list>
<pin id="101" dir="0" index="0" bw="32" slack="0"/>
<pin id="102" dir="0" index="1" bw="32" slack="0"/>
<pin id="103" dir="1" index="2" bw="32" slack="0"/>
</pin_list>
<bind>
<opcode="read(1150) " fcode="read"/>
<opset="data_7_val_read/1 "/>
</bind>
</comp>

<comp id="106" class="1004" name="data_6_val_read_read_fu_106">
<pin_list>
<pin id="107" dir="0" index="0" bw="32" slack="0"/>
<pin id="108" dir="0" index="1" bw="32" slack="0"/>
<pin id="109" dir="1" index="2" bw="32" slack="0"/>
</pin_list>
<bind>
<opcode="read(1150) " fcode="read"/>
<opset="data_6_val_read/1 "/>
</bind>
</comp>

<comp id="112" class="1004" name="data_5_val_read_read_fu_112">
<pin_list>
<pin id="113" dir="0" index="0" bw="32" slack="0"/>
<pin id="114" dir="0" index="1" bw="32" slack="0"/>
<pin id="115" dir="1" index="2" bw="32" slack="0"/>
</pin_list>
<bind>
<opcode="read(1150) " fcode="read"/>
<opset="data_5_val_read/1 "/>
</bind>
</comp>

<comp id="118" class="1004" name="data_4_val_read_read_fu_118">
<pin_list>
<pin id="119" dir="0" index="0" bw="32" slack="0"/>
<pin id="120" dir="0" index="1" bw="32" slack="0"/>
<pin id="121" dir="1" index="2" bw="32" slack="0"/>
</pin_list>
<bind>
<opcode="read(1150) " fcode="read"/>
<opset="data_4_val_read/1 "/>
</bind>
</comp>

<comp id="124" class="1004" name="data_3_val_read_read_fu_124">
<pin_list>
<pin id="125" dir="0" index="0" bw="32" slack="0"/>
<pin id="126" dir="0" index="1" bw="32" slack="0"/>
<pin id="127" dir="1" index="2" bw="32" slack="0"/>
</pin_list>
<bind>
<opcode="read(1150) " fcode="read"/>
<opset="data_3_val_read/1 "/>
</bind>
</comp>

<comp id="130" class="1004" name="data_2_val_read_read_fu_130">
<pin_list>
<pin id="131" dir="0" index="0" bw="32" slack="0"/>
<pin id="132" dir="0" index="1" bw="32" slack="0"/>
<pin id="133" dir="1" index="2" bw="32" slack="0"/>
</pin_list>
<bind>
<opcode="read(1150) " fcode="read"/>
<opset="data_2_val_read/1 "/>
</bind>
</comp>

<comp id="136" class="1004" name="data_1_val_read_read_fu_136">
<pin_list>
<pin id="137" dir="0" index="0" bw="32" slack="0"/>
<pin id="138" dir="0" index="1" bw="32" slack="0"/>
<pin id="139" dir="1" index="2" bw="32" slack="0"/>
</pin_list>
<bind>
<opcode="read(1150) " fcode="read"/>
<opset="data_1_val_read/1 "/>
</bind>
</comp>

<comp id="142" class="1004" name="data_0_val_read_read_fu_142">
<pin_list>
<pin id="143" dir="0" index="0" bw="32" slack="0"/>
<pin id="144" dir="0" index="1" bw="32" slack="0"/>
<pin id="145" dir="1" index="2" bw="32" slack="0"/>
</pin_list>
<bind>
<opcode="read(1150) " fcode="read"/>
<opset="data_0_val_read/1 "/>
</bind>
</comp>

<comp id="148" class="1004" name="icmp_ln45_fu_148">
<pin_list>
<pin id="149" dir="0" index="0" bw="32" slack="0"/>
<pin id="150" dir="0" index="1" bw="32" slack="0"/>
<pin id="151" dir="1" index="2" bw="1" slack="0"/>
</pin_list>
<bind>
<opcode="icmp(45) " fcode="icmp"/>
<opset="icmp_ln45/1 "/>
</bind>
</comp>

<comp id="154" class="1004" name="trunc_ln_fu_154">
<pin_list>
<pin id="155" dir="0" index="0" bw="16" slack="0"/>
<pin id="156" dir="0" index="1" bw="32" slack="0"/>
<pin id="157" dir="0" index="2" bw="4" slack="0"/>
<pin id="158" dir="0" index="3" bw="6" slack="0"/>
<pin id="159" dir="1" index="4" bw="16" slack="0"/>
</pin_list>
<bind>
<opcode="partselect(1002) " fcode="partselect"/>
<opset="trunc_ln/1 "/>
</bind>
</comp>

<comp id="164" class="1004" name="select_ln45_fu_164">
<pin_list>
<pin id="165" dir="0" index="0" bw="1" slack="0"/>
<pin id="166" dir="0" index="1" bw="16" slack="0"/>
<pin id="167" dir="0" index="2" bw="16" slack="0"/>
<pin id="168" dir="1" index="3" bw="16" slack="0"/>
</pin_list>
<bind>
<opcode="select(49) " fcode="select"/>
<opset="select_ln45/1 "/>
</bind>
</comp>

<comp id="172" class="1004" name="icmp_ln45_1_fu_172">
<pin_list>
<pin id="173" dir="0" index="0" bw="32" slack="0"/>
<pin id="174" dir="0" index="1" bw="32" slack="0"/>
<pin id="175" dir="1" index="2" bw="1" slack="0"/>
</pin_list>
<bind>
<opcode="icmp(45) " fcode="icmp"/>
<opset="icmp_ln45_1/1 "/>
</bind>
</comp>

<comp id="178" class="1004" name="trunc_ln46_1_fu_178">
<pin_list>
<pin id="179" dir="0" index="0" bw="16" slack="0"/>
<pin id="180" dir="0" index="1" bw="32" slack="0"/>
<pin id="181" dir="0" index="2" bw="4" slack="0"/>
<pin id="182" dir="0" index="3" bw="6" slack="0"/>
<pin id="183" dir="1" index="4" bw="16" slack="0"/>
</pin_list>
<bind>
<opcode="partselect(1002) " fcode="partselect"/>
<opset="trunc_ln46_1/1 "/>
</bind>
</comp>

<comp id="188" class="1004" name="select_ln45_1_fu_188">
<pin_list>
<pin id="189" dir="0" index="0" bw="1" slack="0"/>
<pin id="190" dir="0" index="1" bw="16" slack="0"/>
<pin id="191" dir="0" index="2" bw="16" slack="0"/>
<pin id="192" dir="1" index="3" bw="16" slack="0"/>
</pin_list>
<bind>
<opcode="select(49) " fcode="select"/>
<opset="select_ln45_1/1 "/>
</bind>
</comp>

<comp id="196" class="1004" name="icmp_ln45_2_fu_196">
<pin_list>
<pin id="197" dir="0" index="0" bw="32" slack="0"/>
<pin id="198" dir="0" index="1" bw="32" slack="0"/>
<pin id="199" dir="1" index="2" bw="1" slack="0"/>
</pin_list>
<bind>
<opcode="icmp(45) " fcode="icmp"/>
<opset="icmp_ln45_2/1 "/>
</bind>
</comp>

<comp id="202" class="1004" name="trunc_ln46_2_fu_202">
<pin_list>
<pin id="203" dir="0" index="0" bw="16" slack="0"/>
<pin id="204" dir="0" index="1" bw="32" slack="0"/>
<pin id="205" dir="0" index="2" bw="4" slack="0"/>
<pin id="206" dir="0" index="3" bw="6" slack="0"/>
<pin id="207" dir="1" index="4" bw="16" slack="0"/>
</pin_list>
<bind>
<opcode="partselect(1002) " fcode="partselect"/>
<opset="trunc_ln46_2/1 "/>
</bind>
</comp>

<comp id="212" class="1004" name="select_ln45_2_fu_212">
<pin_list>
<pin id="213" dir="0" index="0" bw="1" slack="0"/>
<pin id="214" dir="0" index="1" bw="16" slack="0"/>
<pin id="215" dir="0" index="2" bw="16" slack="0"/>
<pin id="216" dir="1" index="3" bw="16" slack="0"/>
</pin_list>
<bind>
<opcode="select(49) " fcode="select"/>
<opset="select_ln45_2/1 "/>
</bind>
</comp>

<comp id="220" class="1004" name="icmp_ln45_3_fu_220">
<pin_list>
<pin id="221" dir="0" index="0" bw="32" slack="0"/>
<pin id="222" dir="0" index="1" bw="32" slack="0"/>
<pin id="223" dir="1" index="2" bw="1" slack="0"/>
</pin_list>
<bind>
<opcode="icmp(45) " fcode="icmp"/>
<opset="icmp_ln45_3/1 "/>
</bind>
</comp>

<comp id="226" class="1004" name="trunc_ln46_3_fu_226">
<pin_list>
<pin id="227" dir="0" index="0" bw="16" slack="0"/>
<pin id="228" dir="0" index="1" bw="32" slack="0"/>
<pin id="229" dir="0" index="2" bw="4" slack="0"/>
<pin id="230" dir="0" index="3" bw="6" slack="0"/>
<pin id="231" dir="1" index="4" bw="16" slack="0"/>
</pin_list>
<bind>
<opcode="partselect(1002) " fcode="partselect"/>
<opset="trunc_ln46_3/1 "/>
</bind>
</comp>

<comp id="236" class="1004" name="select_ln45_3_fu_236">
<pin_list>
<pin id="237" dir="0" index="0" bw="1" slack="0"/>
<pin id="238" dir="0" index="1" bw="16" slack="0"/>
<pin id="239" dir="0" index="2" bw="16" slack="0"/>
<pin id="240" dir="1" index="3" bw="16" slack="0"/>
</pin_list>
<bind>
<opcode="select(49) " fcode="select"/>
<opset="select_ln45_3/1 "/>
</bind>
</comp>

<comp id="244" class="1004" name="icmp_ln45_4_fu_244">
<pin_list>
<pin id="245" dir="0" index="0" bw="32" slack="0"/>
<pin id="246" dir="0" index="1" bw="32" slack="0"/>
<pin id="247" dir="1" index="2" bw="1" slack="0"/>
</pin_list>
<bind>
<opcode="icmp(45) " fcode="icmp"/>
<opset="icmp_ln45_4/1 "/>
</bind>
</comp>

<comp id="250" class="1004" name="trunc_ln46_4_fu_250">
<pin_list>
<pin id="251" dir="0" index="0" bw="16" slack="0"/>
<pin id="252" dir="0" index="1" bw="32" slack="0"/>
<pin id="253" dir="0" index="2" bw="4" slack="0"/>
<pin id="254" dir="0" index="3" bw="6" slack="0"/>
<pin id="255" dir="1" index="4" bw="16" slack="0"/>
</pin_list>
<bind>
<opcode="partselect(1002) " fcode="partselect"/>
<opset="trunc_ln46_4/1 "/>
</bind>
</comp>

<comp id="260" class="1004" name="select_ln45_4_fu_260">
<pin_list>
<pin id="261" dir="0" index="0" bw="1" slack="0"/>
<pin id="262" dir="0" index="1" bw="16" slack="0"/>
<pin id="263" dir="0" index="2" bw="16" slack="0"/>
<pin id="264" dir="1" index="3" bw="16" slack="0"/>
</pin_list>
<bind>
<opcode="select(49) " fcode="select"/>
<opset="select_ln45_4/1 "/>
</bind>
</comp>

<comp id="268" class="1004" name="icmp_ln45_5_fu_268">
<pin_list>
<pin id="269" dir="0" index="0" bw="32" slack="0"/>
<pin id="270" dir="0" index="1" bw="32" slack="0"/>
<pin id="271" dir="1" index="2" bw="1" slack="0"/>
</pin_list>
<bind>
<opcode="icmp(45) " fcode="icmp"/>
<opset="icmp_ln45_5/1 "/>
</bind>
</comp>

<comp id="274" class="1004" name="trunc_ln46_5_fu_274">
<pin_list>
<pin id="275" dir="0" index="0" bw="16" slack="0"/>
<pin id="276" dir="0" index="1" bw="32" slack="0"/>
<pin id="277" dir="0" index="2" bw="4" slack="0"/>
<pin id="278" dir="0" index="3" bw="6" slack="0"/>
<pin id="279" dir="1" index="4" bw="16" slack="0"/>
</pin_list>
<bind>
<opcode="partselect(1002) " fcode="partselect"/>
<opset="trunc_ln46_5/1 "/>
</bind>
</comp>

<comp id="284" class="1004" name="select_ln45_5_fu_284">
<pin_list>
<pin id="285" dir="0" index="0" bw="1" slack="0"/>
<pin id="286" dir="0" index="1" bw="16" slack="0"/>
<pin id="287" dir="0" index="2" bw="16" slack="0"/>
<pin id="288" dir="1" index="3" bw="16" slack="0"/>
</pin_list>
<bind>
<opcode="select(49) " fcode="select"/>
<opset="select_ln45_5/1 "/>
</bind>
</comp>

<comp id="292" class="1004" name="icmp_ln45_6_fu_292">
<pin_list>
<pin id="293" dir="0" index="0" bw="32" slack="0"/>
<pin id="294" dir="0" index="1" bw="32" slack="0"/>
<pin id="295" dir="1" index="2" bw="1" slack="0"/>
</pin_list>
<bind>
<opcode="icmp(45) " fcode="icmp"/>
<opset="icmp_ln45_6/1 "/>
</bind>
</comp>

<comp id="298" class="1004" name="trunc_ln46_6_fu_298">
<pin_list>
<pin id="299" dir="0" index="0" bw="16" slack="0"/>
<pin id="300" dir="0" index="1" bw="32" slack="0"/>
<pin id="301" dir="0" index="2" bw="4" slack="0"/>
<pin id="302" dir="0" index="3" bw="6" slack="0"/>
<pin id="303" dir="1" index="4" bw="16" slack="0"/>
</pin_list>
<bind>
<opcode="partselect(1002) " fcode="partselect"/>
<opset="trunc_ln46_6/1 "/>
</bind>
</comp>

<comp id="308" class="1004" name="select_ln45_6_fu_308">
<pin_list>
<pin id="309" dir="0" index="0" bw="1" slack="0"/>
<pin id="310" dir="0" index="1" bw="16" slack="0"/>
<pin id="311" dir="0" index="2" bw="16" slack="0"/>
<pin id="312" dir="1" index="3" bw="16" slack="0"/>
</pin_list>
<bind>
<opcode="select(49) " fcode="select"/>
<opset="select_ln45_6/1 "/>
</bind>
</comp>

<comp id="316" class="1004" name="icmp_ln45_7_fu_316">
<pin_list>
<pin id="317" dir="0" index="0" bw="32" slack="0"/>
<pin id="318" dir="0" index="1" bw="32" slack="0"/>
<pin id="319" dir="1" index="2" bw="1" slack="0"/>
</pin_list>
<bind>
<opcode="icmp(45) " fcode="icmp"/>
<opset="icmp_ln45_7/1 "/>
</bind>
</comp>

<comp id="322" class="1004" name="trunc_ln46_7_fu_322">
<pin_list>
<pin id="323" dir="0" index="0" bw="16" slack="0"/>
<pin id="324" dir="0" index="1" bw="32" slack="0"/>
<pin id="325" dir="0" index="2" bw="4" slack="0"/>
<pin id="326" dir="0" index="3" bw="6" slack="0"/>
<pin id="327" dir="1" index="4" bw="16" slack="0"/>
</pin_list>
<bind>
<opcode="partselect(1002) " fcode="partselect"/>
<opset="trunc_ln46_7/1 "/>
</bind>
</comp>

<comp id="332" class="1004" name="select_ln45_7_fu_332">
<pin_list>
<pin id="333" dir="0" index="0" bw="1" slack="0"/>
<pin id="334" dir="0" index="1" bw="16" slack="0"/>
<pin id="335" dir="0" index="2" bw="16" slack="0"/>
<pin id="336" dir="1" index="3" bw="16" slack="0"/>
</pin_list>
<bind>
<opcode="select(49) " fcode="select"/>
<opset="select_ln45_7/1 "/>
</bind>
</comp>

<comp id="340" class="1004" name="icmp_ln45_8_fu_340">
<pin_list>
<pin id="341" dir="0" index="0" bw="32" slack="0"/>
<pin id="342" dir="0" index="1" bw="32" slack="0"/>
<pin id="343" dir="1" index="2" bw="1" slack="0"/>
</pin_list>
<bind>
<opcode="icmp(45) " fcode="icmp"/>
<opset="icmp_ln45_8/1 "/>
</bind>
</comp>

<comp id="346" class="1004" name="trunc_ln46_8_fu_346">
<pin_list>
<pin id="347" dir="0" index="0" bw="16" slack="0"/>
<pin id="348" dir="0" index="1" bw="32" slack="0"/>
<pin id="349" dir="0" index="2" bw="4" slack="0"/>
<pin id="350" dir="0" index="3" bw="6" slack="0"/>
<pin id="351" dir="1" index="4" bw="16" slack="0"/>
</pin_list>
<bind>
<opcode="partselect(1002) " fcode="partselect"/>
<opset="trunc_ln46_8/1 "/>
</bind>
</comp>

<comp id="356" class="1004" name="select_ln45_8_fu_356">
<pin_list>
<pin id="357" dir="0" index="0" bw="1" slack="0"/>
<pin id="358" dir="0" index="1" bw="16" slack="0"/>
<pin id="359" dir="0" index="2" bw="16" slack="0"/>
<pin id="360" dir="1" index="3" bw="16" slack="0"/>
</pin_list>
<bind>
<opcode="select(49) " fcode="select"/>
<opset="select_ln45_8/1 "/>
</bind>
</comp>

<comp id="364" class="1004" name="icmp_ln45_9_fu_364">
<pin_list>
<pin id="365" dir="0" index="0" bw="32" slack="0"/>
<pin id="366" dir="0" index="1" bw="32" slack="0"/>
<pin id="367" dir="1" index="2" bw="1" slack="0"/>
</pin_list>
<bind>
<opcode="icmp(45) " fcode="icmp"/>
<opset="icmp_ln45_9/1 "/>
</bind>
</comp>

<comp id="370" class="1004" name="trunc_ln46_9_fu_370">
<pin_list>
<pin id="371" dir="0" index="0" bw="16" slack="0"/>
<pin id="372" dir="0" index="1" bw="32" slack="0"/>
<pin id="373" dir="0" index="2" bw="4" slack="0"/>
<pin id="374" dir="0" index="3" bw="6" slack="0"/>
<pin id="375" dir="1" index="4" bw="16" slack="0"/>
</pin_list>
<bind>
<opcode="partselect(1002) " fcode="partselect"/>
<opset="trunc_ln46_9/1 "/>
</bind>
</comp>

<comp id="380" class="1004" name="select_ln45_9_fu_380">
<pin_list>
<pin id="381" dir="0" index="0" bw="1" slack="0"/>
<pin id="382" dir="0" index="1" bw="16" slack="0"/>
<pin id="383" dir="0" index="2" bw="16" slack="0"/>
<pin id="384" dir="1" index="3" bw="16" slack="0"/>
</pin_list>
<bind>
<opcode="select(49) " fcode="select"/>
<opset="select_ln45_9/1 "/>
</bind>
</comp>

<comp id="388" class="1004" name="icmp_ln45_10_fu_388">
<pin_list>
<pin id="389" dir="0" index="0" bw="32" slack="0"/>
<pin id="390" dir="0" index="1" bw="32" slack="0"/>
<pin id="391" dir="1" index="2" bw="1" slack="0"/>
</pin_list>
<bind>
<opcode="icmp(45) " fcode="icmp"/>
<opset="icmp_ln45_10/1 "/>
</bind>
</comp>

<comp id="394" class="1004" name="trunc_ln46_s_fu_394">
<pin_list>
<pin id="395" dir="0" index="0" bw="16" slack="0"/>
<pin id="396" dir="0" index="1" bw="32" slack="0"/>
<pin id="397" dir="0" index="2" bw="4" slack="0"/>
<pin id="398" dir="0" index="3" bw="6" slack="0"/>
<pin id="399" dir="1" index="4" bw="16" slack="0"/>
</pin_list>
<bind>
<opcode="partselect(1002) " fcode="partselect"/>
<opset="trunc_ln46_s/1 "/>
</bind>
</comp>

<comp id="404" class="1004" name="select_ln45_10_fu_404">
<pin_list>
<pin id="405" dir="0" index="0" bw="1" slack="0"/>
<pin id="406" dir="0" index="1" bw="16" slack="0"/>
<pin id="407" dir="0" index="2" bw="16" slack="0"/>
<pin id="408" dir="1" index="3" bw="16" slack="0"/>
</pin_list>
<bind>
<opcode="select(49) " fcode="select"/>
<opset="select_ln45_10/1 "/>
</bind>
</comp>

<comp id="412" class="1004" name="icmp_ln45_11_fu_412">
<pin_list>
<pin id="413" dir="0" index="0" bw="32" slack="0"/>
<pin id="414" dir="0" index="1" bw="32" slack="0"/>
<pin id="415" dir="1" index="2" bw="1" slack="0"/>
</pin_list>
<bind>
<opcode="icmp(45) " fcode="icmp"/>
<opset="icmp_ln45_11/1 "/>
</bind>
</comp>

<comp id="418" class="1004" name="trunc_ln46_10_fu_418">
<pin_list>
<pin id="419" dir="0" index="0" bw="16" slack="0"/>
<pin id="420" dir="0" index="1" bw="32" slack="0"/>
<pin id="421" dir="0" index="2" bw="4" slack="0"/>
<pin id="422" dir="0" index="3" bw="6" slack="0"/>
<pin id="423" dir="1" index="4" bw="16" slack="0"/>
</pin_list>
<bind>
<opcode="partselect(1002) " fcode="partselect"/>
<opset="trunc_ln46_10/1 "/>
</bind>
</comp>

<comp id="428" class="1004" name="select_ln45_11_fu_428">
<pin_list>
<pin id="429" dir="0" index="0" bw="1" slack="0"/>
<pin id="430" dir="0" index="1" bw="16" slack="0"/>
<pin id="431" dir="0" index="2" bw="16" slack="0"/>
<pin id="432" dir="1" index="3" bw="16" slack="0"/>
</pin_list>
<bind>
<opcode="select(49) " fcode="select"/>
<opset="select_ln45_11/1 "/>
</bind>
</comp>

<comp id="436" class="1004" name="icmp_ln45_12_fu_436">
<pin_list>
<pin id="437" dir="0" index="0" bw="32" slack="0"/>
<pin id="438" dir="0" index="1" bw="32" slack="0"/>
<pin id="439" dir="1" index="2" bw="1" slack="0"/>
</pin_list>
<bind>
<opcode="icmp(45) " fcode="icmp"/>
<opset="icmp_ln45_12/1 "/>
</bind>
</comp>

<comp id="442" class="1004" name="trunc_ln46_11_fu_442">
<pin_list>
<pin id="443" dir="0" index="0" bw="16" slack="0"/>
<pin id="444" dir="0" index="1" bw="32" slack="0"/>
<pin id="445" dir="0" index="2" bw="4" slack="0"/>
<pin id="446" dir="0" index="3" bw="6" slack="0"/>
<pin id="447" dir="1" index="4" bw="16" slack="0"/>
</pin_list>
<bind>
<opcode="partselect(1002) " fcode="partselect"/>
<opset="trunc_ln46_11/1 "/>
</bind>
</comp>

<comp id="452" class="1004" name="select_ln45_12_fu_452">
<pin_list>
<pin id="453" dir="0" index="0" bw="1" slack="0"/>
<pin id="454" dir="0" index="1" bw="16" slack="0"/>
<pin id="455" dir="0" index="2" bw="16" slack="0"/>
<pin id="456" dir="1" index="3" bw="16" slack="0"/>
</pin_list>
<bind>
<opcode="select(49) " fcode="select"/>
<opset="select_ln45_12/1 "/>
</bind>
</comp>

<comp id="460" class="1004" name="icmp_ln45_13_fu_460">
<pin_list>
<pin id="461" dir="0" index="0" bw="32" slack="0"/>
<pin id="462" dir="0" index="1" bw="32" slack="0"/>
<pin id="463" dir="1" index="2" bw="1" slack="0"/>
</pin_list>
<bind>
<opcode="icmp(45) " fcode="icmp"/>
<opset="icmp_ln45_13/1 "/>
</bind>
</comp>

<comp id="466" class="1004" name="trunc_ln46_12_fu_466">
<pin_list>
<pin id="467" dir="0" index="0" bw="16" slack="0"/>
<pin id="468" dir="0" index="1" bw="32" slack="0"/>
<pin id="469" dir="0" index="2" bw="4" slack="0"/>
<pin id="470" dir="0" index="3" bw="6" slack="0"/>
<pin id="471" dir="1" index="4" bw="16" slack="0"/>
</pin_list>
<bind>
<opcode="partselect(1002) " fcode="partselect"/>
<opset="trunc_ln46_12/1 "/>
</bind>
</comp>

<comp id="476" class="1004" name="select_ln45_13_fu_476">
<pin_list>
<pin id="477" dir="0" index="0" bw="1" slack="0"/>
<pin id="478" dir="0" index="1" bw="16" slack="0"/>
<pin id="479" dir="0" index="2" bw="16" slack="0"/>
<pin id="480" dir="1" index="3" bw="16" slack="0"/>
</pin_list>
<bind>
<opcode="select(49) " fcode="select"/>
<opset="select_ln45_13/1 "/>
</bind>
</comp>

<comp id="484" class="1004" name="icmp_ln45_14_fu_484">
<pin_list>
<pin id="485" dir="0" index="0" bw="32" slack="0"/>
<pin id="486" dir="0" index="1" bw="32" slack="0"/>
<pin id="487" dir="1" index="2" bw="1" slack="0"/>
</pin_list>
<bind>
<opcode="icmp(45) " fcode="icmp"/>
<opset="icmp_ln45_14/1 "/>
</bind>
</comp>

<comp id="490" class="1004" name="trunc_ln46_13_fu_490">
<pin_list>
<pin id="491" dir="0" index="0" bw="16" slack="0"/>
<pin id="492" dir="0" index="1" bw="32" slack="0"/>
<pin id="493" dir="0" index="2" bw="4" slack="0"/>
<pin id="494" dir="0" index="3" bw="6" slack="0"/>
<pin id="495" dir="1" index="4" bw="16" slack="0"/>
</pin_list>
<bind>
<opcode="partselect(1002) " fcode="partselect"/>
<opset="trunc_ln46_13/1 "/>
</bind>
</comp>

<comp id="500" class="1004" name="select_ln45_14_fu_500">
<pin_list>
<pin id="501" dir="0" index="0" bw="1" slack="0"/>
<pin id="502" dir="0" index="1" bw="16" slack="0"/>
<pin id="503" dir="0" index="2" bw="16" slack="0"/>
<pin id="504" dir="1" index="3" bw="16" slack="0"/>
</pin_list>
<bind>
<opcode="select(49) " fcode="select"/>
<opset="select_ln45_14/1 "/>
</bind>
</comp>

<comp id="508" class="1004" name="icmp_ln45_15_fu_508">
<pin_list>
<pin id="509" dir="0" index="0" bw="32" slack="0"/>
<pin id="510" dir="0" index="1" bw="32" slack="0"/>
<pin id="511" dir="1" index="2" bw="1" slack="0"/>
</pin_list>
<bind>
<opcode="icmp(45) " fcode="icmp"/>
<opset="icmp_ln45_15/1 "/>
</bind>
</comp>

<comp id="514" class="1004" name="trunc_ln46_14_fu_514">
<pin_list>
<pin id="515" dir="0" index="0" bw="16" slack="0"/>
<pin id="516" dir="0" index="1" bw="32" slack="0"/>
<pin id="517" dir="0" index="2" bw="4" slack="0"/>
<pin id="518" dir="0" index="3" bw="6" slack="0"/>
<pin id="519" dir="1" index="4" bw="16" slack="0"/>
</pin_list>
<bind>
<opcode="partselect(1002) " fcode="partselect"/>
<opset="trunc_ln46_14/1 "/>
</bind>
</comp>

<comp id="524" class="1004" name="select_ln45_15_fu_524">
<pin_list>
<pin id="525" dir="0" index="0" bw="1" slack="0"/>
<pin id="526" dir="0" index="1" bw="16" slack="0"/>
<pin id="527" dir="0" index="2" bw="16" slack="0"/>
<pin id="528" dir="1" index="3" bw="16" slack="0"/>
</pin_list>
<bind>
<opcode="select(49) " fcode="select"/>
<opset="select_ln45_15/1 "/>
</bind>
</comp>

<comp id="532" class="1004" name="mrv_fu_532">
<pin_list>
<pin id="533" dir="0" index="0" bw="256" slack="0"/>
<pin id="534" dir="0" index="1" bw="16" slack="0"/>
<pin id="535" dir="1" index="2" bw="256" slack="0"/>
</pin_list>
<bind>
<opcode="insertvalue(57) " fcode="insertvalue"/>
<opset="mrv/1 "/>
</bind>
</comp>

<comp id="538" class="1004" name="mrv_1_fu_538">
<pin_list>
<pin id="539" dir="0" index="0" bw="256" slack="0"/>
<pin id="540" dir="0" index="1" bw="16" slack="0"/>
<pin id="541" dir="1" index="2" bw="256" slack="0"/>
</pin_list>
<bind>
<opcode="insertvalue(57) " fcode="insertvalue"/>
<opset="mrv_1/1 "/>
</bind>
</comp>

<comp id="544" class="1004" name="mrv_2_fu_544">
<pin_list>
<pin id="545" dir="0" index="0" bw="256" slack="0"/>
<pin id="546" dir="0" index="1" bw="16" slack="0"/>
<pin id="547" dir="1" index="2" bw="256" slack="0"/>
</pin_list>
<bind>
<opcode="insertvalue(57) " fcode="insertvalue"/>
<opset="mrv_2/1 "/>
</bind>
</comp>

<comp id="550" class="1004" name="mrv_3_fu_550">
<pin_list>
<pin id="551" dir="0" index="0" bw="256" slack="0"/>
<pin id="552" dir="0" index="1" bw="16" slack="0"/>
<pin id="553" dir="1" index="2" bw="256" slack="0"/>
</pin_list>
<bind>
<opcode="insertvalue(57) " fcode="insertvalue"/>
<opset="mrv_3/1 "/>
</bind>
</comp>

<comp id="556" class="1004" name="mrv_4_fu_556">
<pin_list>
<pin id="557" dir="0" index="0" bw="256" slack="0"/>
<pin id="558" dir="0" index="1" bw="16" slack="0"/>
<pin id="559" dir="1" index="2" bw="256" slack="0"/>
</pin_list>
<bind>
<opcode="insertvalue(57) " fcode="insertvalue"/>
<opset="mrv_4/1 "/>
</bind>
</comp>

<comp id="562" class="1004" name="mrv_5_fu_562">
<pin_list>
<pin id="563" dir="0" index="0" bw="256" slack="0"/>
<pin id="564" dir="0" index="1" bw="16" slack="0"/>
<pin id="565" dir="1" index="2" bw="256" slack="0"/>
</pin_list>
<bind>
<opcode="insertvalue(57) " fcode="insertvalue"/>
<opset="mrv_5/1 "/>
</bind>
</comp>

<comp id="568" class="1004" name="mrv_6_fu_568">
<pin_list>
<pin id="569" dir="0" index="0" bw="256" slack="0"/>
<pin id="570" dir="0" index="1" bw="16" slack="0"/>
<pin id="571" dir="1" index="2" bw="256" slack="0"/>
</pin_list>
<bind>
<opcode="insertvalue(57) " fcode="insertvalue"/>
<opset="mrv_6/1 "/>
</bind>
</comp>

<comp id="574" class="1004" name="mrv_7_fu_574">
<pin_list>
<pin id="575" dir="0" index="0" bw="256" slack="0"/>
<pin id="576" dir="0" index="1" bw="16" slack="0"/>
<pin id="577" dir="1" index="2" bw="256" slack="0"/>
</pin_list>
<bind>
<opcode="insertvalue(57) " fcode="insertvalue"/>
<opset="mrv_7/1 "/>
</bind>
</comp>

<comp id="580" class="1004" name="mrv_8_fu_580">
<pin_list>
<pin id="581" dir="0" index="0" bw="256" slack="0"/>
<pin id="582" dir="0" index="1" bw="16" slack="0"/>
<pin id="583" dir="1" index="2" bw="256" slack="0"/>
</pin_list>
<bind>
<opcode="insertvalue(57) " fcode="insertvalue"/>
<opset="mrv_8/1 "/>
</bind>
</comp>

<comp id="586" class="1004" name="mrv_9_fu_586">
<pin_list>
<pin id="587" dir="0" index="0" bw="256" slack="0"/>
<pin id="588" dir="0" index="1" bw="16" slack="0"/>
<pin id="589" dir="1" index="2" bw="256" slack="0"/>
</pin_list>
<bind>
<opcode="insertvalue(57) " fcode="insertvalue"/>
<opset="mrv_9/1 "/>
</bind>
</comp>

<comp id="592" class="1004" name="mrv_s_fu_592">
<pin_list>
<pin id="593" dir="0" index="0" bw="256" slack="0"/>
<pin id="594" dir="0" index="1" bw="16" slack="0"/>
<pin id="595" dir="1" index="2" bw="256" slack="0"/>
</pin_list>
<bind>
<opcode="insertvalue(57) " fcode="insertvalue"/>
<opset="mrv_s/1 "/>
</bind>
</comp>

<comp id="598" class="1004" name="mrv_10_fu_598">
<pin_list>
<pin id="599" dir="0" index="0" bw="256" slack="0"/>
<pin id="600" dir="0" index="1" bw="16" slack="0"/>
<pin id="601" dir="1" index="2" bw="256" slack="0"/>
</pin_list>
<bind>
<opcode="insertvalue(57) " fcode="insertvalue"/>
<opset="mrv_10/1 "/>
</bind>
</comp>

<comp id="604" class="1004" name="mrv_11_fu_604">
<pin_list>
<pin id="605" dir="0" index="0" bw="256" slack="0"/>
<pin id="606" dir="0" index="1" bw="16" slack="0"/>
<pin id="607" dir="1" index="2" bw="256" slack="0"/>
</pin_list>
<bind>
<opcode="insertvalue(57) " fcode="insertvalue"/>
<opset="mrv_11/1 "/>
</bind>
</comp>

<comp id="610" class="1004" name="mrv_12_fu_610">
<pin_list>
<pin id="611" dir="0" index="0" bw="256" slack="0"/>
<pin id="612" dir="0" index="1" bw="16" slack="0"/>
<pin id="613" dir="1" index="2" bw="256" slack="0"/>
</pin_list>
<bind>
<opcode="insertvalue(57) " fcode="insertvalue"/>
<opset="mrv_12/1 "/>
</bind>
</comp>

<comp id="616" class="1004" name="mrv_13_fu_616">
<pin_list>
<pin id="617" dir="0" index="0" bw="256" slack="0"/>
<pin id="618" dir="0" index="1" bw="16" slack="0"/>
<pin id="619" dir="1" index="2" bw="256" slack="0"/>
</pin_list>
<bind>
<opcode="insertvalue(57) " fcode="insertvalue"/>
<opset="mrv_13/1 "/>
</bind>
</comp>

<comp id="622" class="1004" name="mrv_14_fu_622">
<pin_list>
<pin id="623" dir="0" index="0" bw="256" slack="0"/>
<pin id="624" dir="0" index="1" bw="16" slack="0"/>
<pin id="625" dir="1" index="2" bw="256" slack="2147483647"/>
</pin_list>
<bind>
<opcode="insertvalue(57) " fcode="insertvalue"/>
<opset="mrv_14/1 "/>
</bind>
</comp>

</comp_list>

<net_list>
<net id="56"><net_src comp="40" pin="0"/><net_sink comp="52" pin=0"/></net>

<net id="57"><net_src comp="30" pin="0"/><net_sink comp="52" pin=1"/></net>

<net id="62"><net_src comp="40" pin="0"/><net_sink comp="58" pin=0"/></net>

<net id="63"><net_src comp="28" pin="0"/><net_sink comp="58" pin=1"/></net>

<net id="68"><net_src comp="40" pin="0"/><net_sink comp="64" pin=0"/></net>

<net id="69"><net_src comp="26" pin="0"/><net_sink comp="64" pin=1"/></net>

<net id="74"><net_src comp="40" pin="0"/><net_sink comp="70" pin=0"/></net>

<net id="75"><net_src comp="24" pin="0"/><net_sink comp="70" pin=1"/></net>

<net id="80"><net_src comp="40" pin="0"/><net_sink comp="76" pin=0"/></net>

<net id="81"><net_src comp="22" pin="0"/><net_sink comp="76" pin=1"/></net>

<net id="86"><net_src comp="40" pin="0"/><net_sink comp="82" pin=0"/></net>

<net id="87"><net_src comp="20" pin="0"/><net_sink comp="82" pin=1"/></net>

<net id="92"><net_src comp="40" pin="0"/><net_sink comp="88" pin=0"/></net>

<net id="93"><net_src comp="18" pin="0"/><net_sink comp="88" pin=1"/></net>

<net id="98"><net_src comp="40" pin="0"/><net_sink comp="94" pin=0"/></net>

<net id="99"><net_src comp="16" pin="0"/><net_sink comp="94" pin=1"/></net>

<net id="104"><net_src comp="40" pin="0"/><net_sink comp="100" pin=0"/></net>

<net id="105"><net_src comp="14" pin="0"/><net_sink comp="100" pin=1"/></net>

<net id="110"><net_src comp="40" pin="0"/><net_sink comp="106" pin=0"/></net>

<net id="111"><net_src comp="12" pin="0"/><net_sink comp="106" pin=1"/></net>

<net id="116"><net_src comp="40" pin="0"/><net_sink comp="112" pin=0"/></net>

<net id="117"><net_src comp="10" pin="0"/><net_sink comp="112" pin=1"/></net>

<net id="122"><net_src comp="40" pin="0"/><net_sink comp="118" pin=0"/></net>

<net id="123"><net_src comp="8" pin="0"/><net_sink comp="118" pin=1"/></net>

<net id="128"><net_src comp="40" pin="0"/><net_sink comp="124" pin=0"/></net>

<net id="129"><net_src comp="6" pin="0"/><net_sink comp="124" pin=1"/></net>

<net id="134"><net_src comp="40" pin="0"/><net_sink comp="130" pin=0"/></net>

<net id="135"><net_src comp="4" pin="0"/><net_sink comp="130" pin=1"/></net>

<net id="140"><net_src comp="40" pin="0"/><net_sink comp="136" pin=0"/></net>

<net id="141"><net_src comp="2" pin="0"/><net_sink comp="136" pin=1"/></net>

<net id="146"><net_src comp="40" pin="0"/><net_sink comp="142" pin=0"/></net>

<net id="147"><net_src comp="0" pin="0"/><net_sink comp="142" pin=1"/></net>

<net id="152"><net_src comp="142" pin="2"/><net_sink comp="148" pin=0"/></net>

<net id="153"><net_src comp="36" pin="0"/><net_sink comp="148" pin=1"/></net>

<net id="160"><net_src comp="42" pin="0"/><net_sink comp="154" pin=0"/></net>

<net id="161"><net_src comp="142" pin="2"/><net_sink comp="154" pin=1"/></net>

<net id="162"><net_src comp="44" pin="0"/><net_sink comp="154" pin=2"/></net>

<net id="163"><net_src comp="46" pin="0"/><net_sink comp="154" pin=3"/></net>

<net id="169"><net_src comp="148" pin="2"/><net_sink comp="164" pin=0"/></net>

<net id="170"><net_src comp="154" pin="4"/><net_sink comp="164" pin=1"/></net>

<net id="171"><net_src comp="48" pin="0"/><net_sink comp="164" pin=2"/></net>

<net id="176"><net_src comp="136" pin="2"/><net_sink comp="172" pin=0"/></net>

<net id="177"><net_src comp="36" pin="0"/><net_sink comp="172" pin=1"/></net>

<net id="184"><net_src comp="42" pin="0"/><net_sink comp="178" pin=0"/></net>

<net id="185"><net_src comp="136" pin="2"/><net_sink comp="178" pin=1"/></net>

<net id="186"><net_src comp="44" pin="0"/><net_sink comp="178" pin=2"/></net>

<net id="187"><net_src comp="46" pin="0"/><net_sink comp="178" pin=3"/></net>

<net id="193"><net_src comp="172" pin="2"/><net_sink comp="188" pin=0"/></net>

<net id="194"><net_src comp="178" pin="4"/><net_sink comp="188" pin=1"/></net>

<net id="195"><net_src comp="48" pin="0"/><net_sink comp="188" pin=2"/></net>

<net id="200"><net_src comp="130" pin="2"/><net_sink comp="196" pin=0"/></net>

<net id="201"><net_src comp="36" pin="0"/><net_sink comp="196" pin=1"/></net>

<net id="208"><net_src comp="42" pin="0"/><net_sink comp="202" pin=0"/></net>

<net id="209"><net_src comp="130" pin="2"/><net_sink comp="202" pin=1"/></net>

<net id="210"><net_src comp="44" pin="0"/><net_sink comp="202" pin=2"/></net>

<net id="211"><net_src comp="46" pin="0"/><net_sink comp="202" pin=3"/></net>

<net id="217"><net_src comp="196" pin="2"/><net_sink comp="212" pin=0"/></net>

<net id="218"><net_src comp="202" pin="4"/><net_sink comp="212" pin=1"/></net>

<net id="219"><net_src comp="48" pin="0"/><net_sink comp="212" pin=2"/></net>

<net id="224"><net_src comp="124" pin="2"/><net_sink comp="220" pin=0"/></net>

<net id="225"><net_src comp="36" pin="0"/><net_sink comp="220" pin=1"/></net>

<net id="232"><net_src comp="42" pin="0"/><net_sink comp="226" pin=0"/></net>

<net id="233"><net_src comp="124" pin="2"/><net_sink comp="226" pin=1"/></net>

<net id="234"><net_src comp="44" pin="0"/><net_sink comp="226" pin=2"/></net>

<net id="235"><net_src comp="46" pin="0"/><net_sink comp="226" pin=3"/></net>

<net id="241"><net_src comp="220" pin="2"/><net_sink comp="236" pin=0"/></net>

<net id="242"><net_src comp="226" pin="4"/><net_sink comp="236" pin=1"/></net>

<net id="243"><net_src comp="48" pin="0"/><net_sink comp="236" pin=2"/></net>

<net id="248"><net_src comp="118" pin="2"/><net_sink comp="244" pin=0"/></net>

<net id="249"><net_src comp="36" pin="0"/><net_sink comp="244" pin=1"/></net>

<net id="256"><net_src comp="42" pin="0"/><net_sink comp="250" pin=0"/></net>

<net id="257"><net_src comp="118" pin="2"/><net_sink comp="250" pin=1"/></net>

<net id="258"><net_src comp="44" pin="0"/><net_sink comp="250" pin=2"/></net>

<net id="259"><net_src comp="46" pin="0"/><net_sink comp="250" pin=3"/></net>

<net id="265"><net_src comp="244" pin="2"/><net_sink comp="260" pin=0"/></net>

<net id="266"><net_src comp="250" pin="4"/><net_sink comp="260" pin=1"/></net>

<net id="267"><net_src comp="48" pin="0"/><net_sink comp="260" pin=2"/></net>

<net id="272"><net_src comp="112" pin="2"/><net_sink comp="268" pin=0"/></net>

<net id="273"><net_src comp="36" pin="0"/><net_sink comp="268" pin=1"/></net>

<net id="280"><net_src comp="42" pin="0"/><net_sink comp="274" pin=0"/></net>

<net id="281"><net_src comp="112" pin="2"/><net_sink comp="274" pin=1"/></net>

<net id="282"><net_src comp="44" pin="0"/><net_sink comp="274" pin=2"/></net>

<net id="283"><net_src comp="46" pin="0"/><net_sink comp="274" pin=3"/></net>

<net id="289"><net_src comp="268" pin="2"/><net_sink comp="284" pin=0"/></net>

<net id="290"><net_src comp="274" pin="4"/><net_sink comp="284" pin=1"/></net>

<net id="291"><net_src comp="48" pin="0"/><net_sink comp="284" pin=2"/></net>

<net id="296"><net_src comp="106" pin="2"/><net_sink comp="292" pin=0"/></net>

<net id="297"><net_src comp="36" pin="0"/><net_sink comp="292" pin=1"/></net>

<net id="304"><net_src comp="42" pin="0"/><net_sink comp="298" pin=0"/></net>

<net id="305"><net_src comp="106" pin="2"/><net_sink comp="298" pin=1"/></net>

<net id="306"><net_src comp="44" pin="0"/><net_sink comp="298" pin=2"/></net>

<net id="307"><net_src comp="46" pin="0"/><net_sink comp="298" pin=3"/></net>

<net id="313"><net_src comp="292" pin="2"/><net_sink comp="308" pin=0"/></net>

<net id="314"><net_src comp="298" pin="4"/><net_sink comp="308" pin=1"/></net>

<net id="315"><net_src comp="48" pin="0"/><net_sink comp="308" pin=2"/></net>

<net id="320"><net_src comp="100" pin="2"/><net_sink comp="316" pin=0"/></net>

<net id="321"><net_src comp="36" pin="0"/><net_sink comp="316" pin=1"/></net>

<net id="328"><net_src comp="42" pin="0"/><net_sink comp="322" pin=0"/></net>

<net id="329"><net_src comp="100" pin="2"/><net_sink comp="322" pin=1"/></net>

<net id="330"><net_src comp="44" pin="0"/><net_sink comp="322" pin=2"/></net>

<net id="331"><net_src comp="46" pin="0"/><net_sink comp="322" pin=3"/></net>

<net id="337"><net_src comp="316" pin="2"/><net_sink comp="332" pin=0"/></net>

<net id="338"><net_src comp="322" pin="4"/><net_sink comp="332" pin=1"/></net>

<net id="339"><net_src comp="48" pin="0"/><net_sink comp="332" pin=2"/></net>

<net id="344"><net_src comp="94" pin="2"/><net_sink comp="340" pin=0"/></net>

<net id="345"><net_src comp="36" pin="0"/><net_sink comp="340" pin=1"/></net>

<net id="352"><net_src comp="42" pin="0"/><net_sink comp="346" pin=0"/></net>

<net id="353"><net_src comp="94" pin="2"/><net_sink comp="346" pin=1"/></net>

<net id="354"><net_src comp="44" pin="0"/><net_sink comp="346" pin=2"/></net>

<net id="355"><net_src comp="46" pin="0"/><net_sink comp="346" pin=3"/></net>

<net id="361"><net_src comp="340" pin="2"/><net_sink comp="356" pin=0"/></net>

<net id="362"><net_src comp="346" pin="4"/><net_sink comp="356" pin=1"/></net>

<net id="363"><net_src comp="48" pin="0"/><net_sink comp="356" pin=2"/></net>

<net id="368"><net_src comp="88" pin="2"/><net_sink comp="364" pin=0"/></net>

<net id="369"><net_src comp="36" pin="0"/><net_sink comp="364" pin=1"/></net>

<net id="376"><net_src comp="42" pin="0"/><net_sink comp="370" pin=0"/></net>

<net id="377"><net_src comp="88" pin="2"/><net_sink comp="370" pin=1"/></net>

<net id="378"><net_src comp="44" pin="0"/><net_sink comp="370" pin=2"/></net>

<net id="379"><net_src comp="46" pin="0"/><net_sink comp="370" pin=3"/></net>

<net id="385"><net_src comp="364" pin="2"/><net_sink comp="380" pin=0"/></net>

<net id="386"><net_src comp="370" pin="4"/><net_sink comp="380" pin=1"/></net>

<net id="387"><net_src comp="48" pin="0"/><net_sink comp="380" pin=2"/></net>

<net id="392"><net_src comp="82" pin="2"/><net_sink comp="388" pin=0"/></net>

<net id="393"><net_src comp="36" pin="0"/><net_sink comp="388" pin=1"/></net>

<net id="400"><net_src comp="42" pin="0"/><net_sink comp="394" pin=0"/></net>

<net id="401"><net_src comp="82" pin="2"/><net_sink comp="394" pin=1"/></net>

<net id="402"><net_src comp="44" pin="0"/><net_sink comp="394" pin=2"/></net>

<net id="403"><net_src comp="46" pin="0"/><net_sink comp="394" pin=3"/></net>

<net id="409"><net_src comp="388" pin="2"/><net_sink comp="404" pin=0"/></net>

<net id="410"><net_src comp="394" pin="4"/><net_sink comp="404" pin=1"/></net>

<net id="411"><net_src comp="48" pin="0"/><net_sink comp="404" pin=2"/></net>

<net id="416"><net_src comp="76" pin="2"/><net_sink comp="412" pin=0"/></net>

<net id="417"><net_src comp="36" pin="0"/><net_sink comp="412" pin=1"/></net>

<net id="424"><net_src comp="42" pin="0"/><net_sink comp="418" pin=0"/></net>

<net id="425"><net_src comp="76" pin="2"/><net_sink comp="418" pin=1"/></net>

<net id="426"><net_src comp="44" pin="0"/><net_sink comp="418" pin=2"/></net>

<net id="427"><net_src comp="46" pin="0"/><net_sink comp="418" pin=3"/></net>

<net id="433"><net_src comp="412" pin="2"/><net_sink comp="428" pin=0"/></net>

<net id="434"><net_src comp="418" pin="4"/><net_sink comp="428" pin=1"/></net>

<net id="435"><net_src comp="48" pin="0"/><net_sink comp="428" pin=2"/></net>

<net id="440"><net_src comp="70" pin="2"/><net_sink comp="436" pin=0"/></net>

<net id="441"><net_src comp="36" pin="0"/><net_sink comp="436" pin=1"/></net>

<net id="448"><net_src comp="42" pin="0"/><net_sink comp="442" pin=0"/></net>

<net id="449"><net_src comp="70" pin="2"/><net_sink comp="442" pin=1"/></net>

<net id="450"><net_src comp="44" pin="0"/><net_sink comp="442" pin=2"/></net>

<net id="451"><net_src comp="46" pin="0"/><net_sink comp="442" pin=3"/></net>

<net id="457"><net_src comp="436" pin="2"/><net_sink comp="452" pin=0"/></net>

<net id="458"><net_src comp="442" pin="4"/><net_sink comp="452" pin=1"/></net>

<net id="459"><net_src comp="48" pin="0"/><net_sink comp="452" pin=2"/></net>

<net id="464"><net_src comp="64" pin="2"/><net_sink comp="460" pin=0"/></net>

<net id="465"><net_src comp="36" pin="0"/><net_sink comp="460" pin=1"/></net>

<net id="472"><net_src comp="42" pin="0"/><net_sink comp="466" pin=0"/></net>

<net id="473"><net_src comp="64" pin="2"/><net_sink comp="466" pin=1"/></net>

<net id="474"><net_src comp="44" pin="0"/><net_sink comp="466" pin=2"/></net>

<net id="475"><net_src comp="46" pin="0"/><net_sink comp="466" pin=3"/></net>

<net id="481"><net_src comp="460" pin="2"/><net_sink comp="476" pin=0"/></net>

<net id="482"><net_src comp="466" pin="4"/><net_sink comp="476" pin=1"/></net>

<net id="483"><net_src comp="48" pin="0"/><net_sink comp="476" pin=2"/></net>

<net id="488"><net_src comp="58" pin="2"/><net_sink comp="484" pin=0"/></net>

<net id="489"><net_src comp="36" pin="0"/><net_sink comp="484" pin=1"/></net>

<net id="496"><net_src comp="42" pin="0"/><net_sink comp="490" pin=0"/></net>

<net id="497"><net_src comp="58" pin="2"/><net_sink comp="490" pin=1"/></net>

<net id="498"><net_src comp="44" pin="0"/><net_sink comp="490" pin=2"/></net>

<net id="499"><net_src comp="46" pin="0"/><net_sink comp="490" pin=3"/></net>

<net id="505"><net_src comp="484" pin="2"/><net_sink comp="500" pin=0"/></net>

<net id="506"><net_src comp="490" pin="4"/><net_sink comp="500" pin=1"/></net>

<net id="507"><net_src comp="48" pin="0"/><net_sink comp="500" pin=2"/></net>

<net id="512"><net_src comp="52" pin="2"/><net_sink comp="508" pin=0"/></net>

<net id="513"><net_src comp="36" pin="0"/><net_sink comp="508" pin=1"/></net>

<net id="520"><net_src comp="42" pin="0"/><net_sink comp="514" pin=0"/></net>

<net id="521"><net_src comp="52" pin="2"/><net_sink comp="514" pin=1"/></net>

<net id="522"><net_src comp="44" pin="0"/><net_sink comp="514" pin=2"/></net>

<net id="523"><net_src comp="46" pin="0"/><net_sink comp="514" pin=3"/></net>

<net id="529"><net_src comp="508" pin="2"/><net_sink comp="524" pin=0"/></net>

<net id="530"><net_src comp="514" pin="4"/><net_sink comp="524" pin=1"/></net>

<net id="531"><net_src comp="48" pin="0"/><net_sink comp="524" pin=2"/></net>

<net id="536"><net_src comp="50" pin="0"/><net_sink comp="532" pin=0"/></net>

<net id="537"><net_src comp="164" pin="3"/><net_sink comp="532" pin=1"/></net>

<net id="542"><net_src comp="532" pin="2"/><net_sink comp="538" pin=0"/></net>

<net id="543"><net_src comp="188" pin="3"/><net_sink comp="538" pin=1"/></net>

<net id="548"><net_src comp="538" pin="2"/><net_sink comp="544" pin=0"/></net>

<net id="549"><net_src comp="212" pin="3"/><net_sink comp="544" pin=1"/></net>

<net id="554"><net_src comp="544" pin="2"/><net_sink comp="550" pin=0"/></net>

<net id="555"><net_src comp="236" pin="3"/><net_sink comp="550" pin=1"/></net>

<net id="560"><net_src comp="550" pin="2"/><net_sink comp="556" pin=0"/></net>

<net id="561"><net_src comp="260" pin="3"/><net_sink comp="556" pin=1"/></net>

<net id="566"><net_src comp="556" pin="2"/><net_sink comp="562" pin=0"/></net>

<net id="567"><net_src comp="284" pin="3"/><net_sink comp="562" pin=1"/></net>

<net id="572"><net_src comp="562" pin="2"/><net_sink comp="568" pin=0"/></net>

<net id="573"><net_src comp="308" pin="3"/><net_sink comp="568" pin=1"/></net>

<net id="578"><net_src comp="568" pin="2"/><net_sink comp="574" pin=0"/></net>

<net id="579"><net_src comp="332" pin="3"/><net_sink comp="574" pin=1"/></net>

<net id="584"><net_src comp="574" pin="2"/><net_sink comp="580" pin=0"/></net>

<net id="585"><net_src comp="356" pin="3"/><net_sink comp="580" pin=1"/></net>

<net id="590"><net_src comp="580" pin="2"/><net_sink comp="586" pin=0"/></net>

<net id="591"><net_src comp="380" pin="3"/><net_sink comp="586" pin=1"/></net>

<net id="596"><net_src comp="586" pin="2"/><net_sink comp="592" pin=0"/></net>

<net id="597"><net_src comp="404" pin="3"/><net_sink comp="592" pin=1"/></net>

<net id="602"><net_src comp="592" pin="2"/><net_sink comp="598" pin=0"/></net>

<net id="603"><net_src comp="428" pin="3"/><net_sink comp="598" pin=1"/></net>

<net id="608"><net_src comp="598" pin="2"/><net_sink comp="604" pin=0"/></net>

<net id="609"><net_src comp="452" pin="3"/><net_sink comp="604" pin=1"/></net>

<net id="614"><net_src comp="604" pin="2"/><net_sink comp="610" pin=0"/></net>

<net id="615"><net_src comp="476" pin="3"/><net_sink comp="610" pin=1"/></net>

<net id="620"><net_src comp="610" pin="2"/><net_sink comp="616" pin=0"/></net>

<net id="621"><net_src comp="500" pin="3"/><net_sink comp="616" pin=1"/></net>

<net id="626"><net_src comp="616" pin="2"/><net_sink comp="622" pin=0"/></net>

<net id="627"><net_src comp="524" pin="3"/><net_sink comp="622" pin=1"/></net>

</net_list>

</model> 
---------------- Datapath Model END ------------------

* FSMD analyzer results:
  - Output states:
 - Input state : 
	Port: relu<ap_fixed<32, 18, 5, 3, 0>, ap_fixed<16, 6, 5, 3, 0>, relu_config7> : data_0_val | {1 }
	Port: relu<ap_fixed<32, 18, 5, 3, 0>, ap_fixed<16, 6, 5, 3, 0>, relu_config7> : data_1_val | {1 }
	Port: relu<ap_fixed<32, 18, 5, 3, 0>, ap_fixed<16, 6, 5, 3, 0>, relu_config7> : data_2_val | {1 }
	Port: relu<ap_fixed<32, 18, 5, 3, 0>, ap_fixed<16, 6, 5, 3, 0>, relu_config7> : data_3_val | {1 }
	Port: relu<ap_fixed<32, 18, 5, 3, 0>, ap_fixed<16, 6, 5, 3, 0>, relu_config7> : data_4_val | {1 }
	Port: relu<ap_fixed<32, 18, 5, 3, 0>, ap_fixed<16, 6, 5, 3, 0>, relu_config7> : data_5_val | {1 }
	Port: relu<ap_fixed<32, 18, 5, 3, 0>, ap_fixed<16, 6, 5, 3, 0>, relu_config7> : data_6_val | {1 }
	Port: relu<ap_fixed<32, 18, 5, 3, 0>, ap_fixed<16, 6, 5, 3, 0>, relu_config7> : data_7_val | {1 }
	Port: relu<ap_fixed<32, 18, 5, 3, 0>, ap_fixed<16, 6, 5, 3, 0>, relu_config7> : data_8_val | {1 }
	Port: relu<ap_fixed<32, 18, 5, 3, 0>, ap_fixed<16, 6, 5, 3, 0>, relu_config7> : data_9_val | {1 }
	Port: relu<ap_fixed<32, 18, 5, 3, 0>, ap_fixed<16, 6, 5, 3, 0>, relu_config7> : data_10_val | {1 }
	Port: relu<ap_fixed<32, 18, 5, 3, 0>, ap_fixed<16, 6, 5, 3, 0>, relu_config7> : data_11_val | {1 }
	Port: relu<ap_fixed<32, 18, 5, 3, 0>, ap_fixed<16, 6, 5, 3, 0>, relu_config7> : data_12_val | {1 }
	Port: relu<ap_fixed<32, 18, 5, 3, 0>, ap_fixed<16, 6, 5, 3, 0>, relu_config7> : data_13_val | {1 }
	Port: relu<ap_fixed<32, 18, 5, 3, 0>, ap_fixed<16, 6, 5, 3, 0>, relu_config7> : data_14_val | {1 }
	Port: relu<ap_fixed<32, 18, 5, 3, 0>, ap_fixed<16, 6, 5, 3, 0>, relu_config7> : data_15_val | {1 }
  - Chain level:
	State 1
		select_ln45 : 1
		select_ln45_1 : 1
		select_ln45_2 : 1
		select_ln45_3 : 1
		select_ln45_4 : 1
		select_ln45_5 : 1
		select_ln45_6 : 1
		select_ln45_7 : 1
		select_ln45_8 : 1
		select_ln45_9 : 1
		select_ln45_10 : 1
		select_ln45_11 : 1
		select_ln45_12 : 1
		select_ln45_13 : 1
		select_ln45_14 : 1
		select_ln45_15 : 1
		mrv : 2
		mrv_1 : 3
		mrv_2 : 4
		mrv_3 : 5
		mrv_4 : 6
		mrv_5 : 7
		mrv_6 : 8
		mrv_7 : 9
		mrv_8 : 10
		mrv_9 : 11
		mrv_s : 12
		mrv_10 : 13
		mrv_11 : 14
		mrv_12 : 15
		mrv_13 : 16
		mrv_14 : 17
		ret_ln50 : 18


============================================================
+ Verbose Summary: Datapath Resource usage 
============================================================

* Functional unit list:
|----------|-----------------------------|---------|---------|
| Operation|       Functional Unit       |    FF   |   LUT   |
|----------|-----------------------------|---------|---------|
|          |       icmp_ln45_fu_148      |    0    |    39   |
|          |      icmp_ln45_1_fu_172     |    0    |    39   |
|          |      icmp_ln45_2_fu_196     |    0    |    39   |
|          |      icmp_ln45_3_fu_220     |    0    |    39   |
|          |      icmp_ln45_4_fu_244     |    0    |    39   |
|          |      icmp_ln45_5_fu_268     |    0    |    39   |
|          |      icmp_ln45_6_fu_292     |    0    |    39   |
|   icmp   |      icmp_ln45_7_fu_316     |    0    |    39   |
|          |      icmp_ln45_8_fu_340     |    0    |    39   |
|          |      icmp_ln45_9_fu_364     |    0    |    39   |
|          |     icmp_ln45_10_fu_388     |    0    |    39   |
|          |     icmp_ln45_11_fu_412     |    0    |    39   |
|          |     icmp_ln45_12_fu_436     |    0    |    39   |
|          |     icmp_ln45_13_fu_460     |    0    |    39   |
|          |     icmp_ln45_14_fu_484     |    0    |    39   |
|          |     icmp_ln45_15_fu_508     |    0    |    39   |
|----------|-----------------------------|---------|---------|
|          |      select_ln45_fu_164     |    0    |    16   |
|          |     select_ln45_1_fu_188    |    0    |    16   |
|          |     select_ln45_2_fu_212    |    0    |    16   |
|          |     select_ln45_3_fu_236    |    0    |    16   |
|          |     select_ln45_4_fu_260    |    0    |    16   |
|          |     select_ln45_5_fu_284    |    0    |    16   |
|          |     select_ln45_6_fu_308    |    0    |    16   |
|  select  |     select_ln45_7_fu_332    |    0    |    16   |
|          |     select_ln45_8_fu_356    |    0    |    16   |
|          |     select_ln45_9_fu_380    |    0    |    16   |
|          |    select_ln45_10_fu_404    |    0    |    16   |
|          |    select_ln45_11_fu_428    |    0    |    16   |
|          |    select_ln45_12_fu_452    |    0    |    16   |
|          |    select_ln45_13_fu_476    |    0    |    16   |
|          |    select_ln45_14_fu_500    |    0    |    16   |
|          |    select_ln45_15_fu_524    |    0    |    16   |
|----------|-----------------------------|---------|---------|
|          | data_15_val_read_read_fu_52 |    0    |    0    |
|          | data_14_val_read_read_fu_58 |    0    |    0    |
|          | data_13_val_read_read_fu_64 |    0    |    0    |
|          | data_12_val_read_read_fu_70 |    0    |    0    |
|          | data_11_val_read_read_fu_76 |    0    |    0    |
|          | data_10_val_read_read_fu_82 |    0    |    0    |
|          |  data_9_val_read_read_fu_88 |    0    |    0    |
|   read   |  data_8_val_read_read_fu_94 |    0    |    0    |
|          | data_7_val_read_read_fu_100 |    0    |    0    |
|          | data_6_val_read_read_fu_106 |    0    |    0    |
|          | data_5_val_read_read_fu_112 |    0    |    0    |
|          | data_4_val_read_read_fu_118 |    0    |    0    |
|          | data_3_val_read_read_fu_124 |    0    |    0    |
|          | data_2_val_read_read_fu_130 |    0    |    0    |
|          | data_1_val_read_read_fu_136 |    0    |    0    |
|          | data_0_val_read_read_fu_142 |    0    |    0    |
|----------|-----------------------------|---------|---------|
|          |       trunc_ln_fu_154       |    0    |    0    |
|          |     trunc_ln46_1_fu_178     |    0    |    0    |
|          |     trunc_ln46_2_fu_202     |    0    |    0    |
|          |     trunc_ln46_3_fu_226     |    0    |    0    |
|          |     trunc_ln46_4_fu_250     |    0    |    0    |
|          |     trunc_ln46_5_fu_274     |    0    |    0    |
|          |     trunc_ln46_6_fu_298     |    0    |    0    |
|partselect|     trunc_ln46_7_fu_322     |    0    |    0    |
|          |     trunc_ln46_8_fu_346     |    0    |    0    |
|          |     trunc_ln46_9_fu_370     |    0    |    0    |
|          |     trunc_ln46_s_fu_394     |    0    |    0    |
|          |     trunc_ln46_10_fu_418    |    0    |    0    |
|          |     trunc_ln46_11_fu_442    |    0    |    0    |
|          |     trunc_ln46_12_fu_466    |    0    |    0    |
|          |     trunc_ln46_13_fu_490    |    0    |    0    |
|          |     trunc_ln46_14_fu_514    |    0    |    0    |
|----------|-----------------------------|---------|---------|
|          |          mrv_fu_532         |    0    |    0    |
|          |         mrv_1_fu_538        |    0    |    0    |
|          |         mrv_2_fu_544        |    0    |    0    |
|          |         mrv_3_fu_550        |    0    |    0    |
|          |         mrv_4_fu_556        |    0    |    0    |
|          |         mrv_5_fu_562        |    0    |    0    |
|          |         mrv_6_fu_568        |    0    |    0    |
|insertvalue|         mrv_7_fu_574        |    0    |    0    |
|          |         mrv_8_fu_580        |    0    |    0    |
|          |         mrv_9_fu_586        |    0    |    0    |
|          |         mrv_s_fu_592        |    0    |    0    |
|          |        mrv_10_fu_598        |    0    |    0    |
|          |        mrv_11_fu_604        |    0    |    0    |
|          |        mrv_12_fu_610        |    0    |    0    |
|          |        mrv_13_fu_616        |    0    |    0    |
|          |        mrv_14_fu_622        |    0    |    0    |
|----------|-----------------------------|---------|---------|
|   Total  |                             |    0    |   880   |
|----------|-----------------------------|---------|---------|

Memories:
N/A

* Register list:
N/A

* Multiplexer (MUX) list: 
|--------|------|------|------|--------|
|  Comp  |  Pin | Size |  BW  | S x BW |
|--------|------|------|------|--------|
|  Total |      |      |      |    0   |
|--------|------|------|------|--------|



* Summary:
+-----------+--------+--------+
|           |   FF   |   LUT  |
+-----------+--------+--------+
|  Function |    0   |   880  |
|   Memory  |    -   |    -   |
|Multiplexer|    -   |    -   |
|  Register |    -   |    -   |
+-----------+--------+--------+
|   Total   |    0   |   880  |
+-----------+--------+--------+
