

================================================================
== Vitis HLS Report for 'relu_ap_fixed_32_18_5_3_0_ap_fixed_16_6_5_3_0_relu_config3_s'
================================================================
* Date:           Sat Nov 15 21:49:02 2025

* Version:        2023.1 (Build 3854077 on May  4 2023)
* Project:        myproject_prj
* Solution:       solution1 (Vivado IP Flow Target)
* Product family: zynq
* Target device:  xc7z020-clg400-1


================================================================
== Performance Estimates
================================================================
+ Timing: 
    * Summary: 
    +--------+---------+----------+------------+
    |  Clock |  Target | Estimated| Uncertainty|
    +--------+---------+----------+------------+
    |ap_clk  |  0.10 us|  3.357 ns|    27.00 ns|
    +--------+---------+----------+------------+

+ Latency: 
    * Summary: 
    +---------+---------+----------+----------+-----+-----+---------+
    |  Latency (cycles) |  Latency (absolute) |  Interval | Pipeline|
    |   min   |   max   |    min   |    max   | min | max |   Type  |
    +---------+---------+----------+----------+-----+-----+---------+
    |        0|        0|      0 ns|      0 ns|    1|    1|      yes|
    +---------+---------+----------+----------+-----+-----+---------+

    + Detail: 
        * Instance: 
        N/A

        * Loop: 
        N/A



================================================================
== Utilization Estimates
================================================================
* Summary: 
+-----------------+---------+-----+--------+-------+-----+
|       Name      | BRAM_18K| DSP |   FF   |  LUT  | URAM|
+-----------------+---------+-----+--------+-------+-----+
|DSP              |        -|    -|       -|      -|    -|
|Expression       |        -|    -|       0|   3520|    -|
|FIFO             |        -|    -|       -|      -|    -|
|Instance         |        -|    -|       -|      -|    -|
|Memory           |        -|    -|       -|      -|    -|
|Multiplexer      |        -|    -|       -|      -|    -|
|Register         |        -|    -|       -|      -|    -|
+-----------------+---------+-----+--------+-------+-----+
|Total            |        0|    0|       0|   3520|    0|
+-----------------+---------+-----+--------+-------+-----+
|Available        |      280|  220|  106400|  53200|    0|
+-----------------+---------+-----+--------+-------+-----+
|Utilization (%)  |        0|    0|       0|      6|    0|
+-----------------+---------+-----+--------+-------+-----+

+ Detail: 
    * Instance: 
    N/A

    * DSP: 
    N/A

    * Memory: 
    N/A

    * FIFO: 
    N/A

    * Expression: 
    +----------------------------+----------+----+---+----+------------+------------+
    |        Variable Name       | Operation| DSP| FF| LUT| Bitwidth P0| Bitwidth P1|
    +----------------------------+----------+----+---+----+------------+------------+
    |icmp_ln45_100_fu_1828_p2    |      icmp|   0|  0|  39|          32|           1|
    |icmp_ln45_101_fu_1852_p2    |      icmp|   0|  0|  39|          32|           1|
    |icmp_ln45_102_fu_1876_p2    |      icmp|   0|  0|  39|          32|           1|
    |icmp_ln45_103_fu_1900_p2    |      icmp|   0|  0|  39|          32|           1|
    |icmp_ln45_104_fu_1924_p2    |      icmp|   0|  0|  39|          32|           1|
    |icmp_ln45_105_fu_1948_p2    |      icmp|   0|  0|  39|          32|           1|
    |icmp_ln45_106_fu_1972_p2    |      icmp|   0|  0|  39|          32|           1|
    |icmp_ln45_107_fu_1996_p2    |      icmp|   0|  0|  39|          32|           1|
    |icmp_ln45_108_fu_2020_p2    |      icmp|   0|  0|  39|          32|           1|
    |icmp_ln45_109_fu_2044_p2    |      icmp|   0|  0|  39|          32|           1|
    |icmp_ln45_47_fu_556_p2      |      icmp|   0|  0|  39|          32|           1|
    |icmp_ln45_48_fu_580_p2      |      icmp|   0|  0|  39|          32|           1|
    |icmp_ln45_49_fu_604_p2      |      icmp|   0|  0|  39|          32|           1|
    |icmp_ln45_50_fu_628_p2      |      icmp|   0|  0|  39|          32|           1|
    |icmp_ln45_51_fu_652_p2      |      icmp|   0|  0|  39|          32|           1|
    |icmp_ln45_52_fu_676_p2      |      icmp|   0|  0|  39|          32|           1|
    |icmp_ln45_53_fu_700_p2      |      icmp|   0|  0|  39|          32|           1|
    |icmp_ln45_54_fu_724_p2      |      icmp|   0|  0|  39|          32|           1|
    |icmp_ln45_55_fu_748_p2      |      icmp|   0|  0|  39|          32|           1|
    |icmp_ln45_56_fu_772_p2      |      icmp|   0|  0|  39|          32|           1|
    |icmp_ln45_57_fu_796_p2      |      icmp|   0|  0|  39|          32|           1|
    |icmp_ln45_58_fu_820_p2      |      icmp|   0|  0|  39|          32|           1|
    |icmp_ln45_59_fu_844_p2      |      icmp|   0|  0|  39|          32|           1|
    |icmp_ln45_60_fu_868_p2      |      icmp|   0|  0|  39|          32|           1|
    |icmp_ln45_61_fu_892_p2      |      icmp|   0|  0|  39|          32|           1|
    |icmp_ln45_62_fu_916_p2      |      icmp|   0|  0|  39|          32|           1|
    |icmp_ln45_63_fu_940_p2      |      icmp|   0|  0|  39|          32|           1|
    |icmp_ln45_64_fu_964_p2      |      icmp|   0|  0|  39|          32|           1|
    |icmp_ln45_65_fu_988_p2      |      icmp|   0|  0|  39|          32|           1|
    |icmp_ln45_66_fu_1012_p2     |      icmp|   0|  0|  39|          32|           1|
    |icmp_ln45_67_fu_1036_p2     |      icmp|   0|  0|  39|          32|           1|
    |icmp_ln45_68_fu_1060_p2     |      icmp|   0|  0|  39|          32|           1|
    |icmp_ln45_69_fu_1084_p2     |      icmp|   0|  0|  39|          32|           1|
    |icmp_ln45_70_fu_1108_p2     |      icmp|   0|  0|  39|          32|           1|
    |icmp_ln45_71_fu_1132_p2     |      icmp|   0|  0|  39|          32|           1|
    |icmp_ln45_72_fu_1156_p2     |      icmp|   0|  0|  39|          32|           1|
    |icmp_ln45_73_fu_1180_p2     |      icmp|   0|  0|  39|          32|           1|
    |icmp_ln45_74_fu_1204_p2     |      icmp|   0|  0|  39|          32|           1|
    |icmp_ln45_75_fu_1228_p2     |      icmp|   0|  0|  39|          32|           1|
    |icmp_ln45_76_fu_1252_p2     |      icmp|   0|  0|  39|          32|           1|
    |icmp_ln45_77_fu_1276_p2     |      icmp|   0|  0|  39|          32|           1|
    |icmp_ln45_78_fu_1300_p2     |      icmp|   0|  0|  39|          32|           1|
    |icmp_ln45_79_fu_1324_p2     |      icmp|   0|  0|  39|          32|           1|
    |icmp_ln45_80_fu_1348_p2     |      icmp|   0|  0|  39|          32|           1|
    |icmp_ln45_81_fu_1372_p2     |      icmp|   0|  0|  39|          32|           1|
    |icmp_ln45_82_fu_1396_p2     |      icmp|   0|  0|  39|          32|           1|
    |icmp_ln45_83_fu_1420_p2     |      icmp|   0|  0|  39|          32|           1|
    |icmp_ln45_84_fu_1444_p2     |      icmp|   0|  0|  39|          32|           1|
    |icmp_ln45_85_fu_1468_p2     |      icmp|   0|  0|  39|          32|           1|
    |icmp_ln45_86_fu_1492_p2     |      icmp|   0|  0|  39|          32|           1|
    |icmp_ln45_87_fu_1516_p2     |      icmp|   0|  0|  39|          32|           1|
    |icmp_ln45_88_fu_1540_p2     |      icmp|   0|  0|  39|          32|           1|
    |icmp_ln45_89_fu_1564_p2     |      icmp|   0|  0|  39|          32|           1|
    |icmp_ln45_90_fu_1588_p2     |      icmp|   0|  0|  39|          32|           1|
    |icmp_ln45_91_fu_1612_p2     |      icmp|   0|  0|  39|          32|           1|
    |icmp_ln45_92_fu_1636_p2     |      icmp|   0|  0|  39|          32|           1|
    |icmp_ln45_93_fu_1660_p2     |      icmp|   0|  0|  39|          32|           1|
    |icmp_ln45_94_fu_1684_p2     |      icmp|   0|  0|  39|          32|           1|
    |icmp_ln45_95_fu_1708_p2     |      icmp|   0|  0|  39|          32|           1|
    |icmp_ln45_96_fu_1732_p2     |      icmp|   0|  0|  39|          32|           1|
    |icmp_ln45_97_fu_1756_p2     |      icmp|   0|  0|  39|          32|           1|
    |icmp_ln45_98_fu_1780_p2     |      icmp|   0|  0|  39|          32|           1|
    |icmp_ln45_99_fu_1804_p2     |      icmp|   0|  0|  39|          32|           1|
    |icmp_ln45_fu_532_p2         |      icmp|   0|  0|  39|          32|           1|
    |select_ln45_100_fu_1844_p3  |    select|   0|  0|  16|           1|          16|
    |select_ln45_101_fu_1868_p3  |    select|   0|  0|  16|           1|          16|
    |select_ln45_102_fu_1892_p3  |    select|   0|  0|  16|           1|          16|
    |select_ln45_103_fu_1916_p3  |    select|   0|  0|  16|           1|          16|
    |select_ln45_104_fu_1940_p3  |    select|   0|  0|  16|           1|          16|
    |select_ln45_105_fu_1964_p3  |    select|   0|  0|  16|           1|          16|
    |select_ln45_106_fu_1988_p3  |    select|   0|  0|  16|           1|          16|
    |select_ln45_107_fu_2012_p3  |    select|   0|  0|  16|           1|          16|
    |select_ln45_108_fu_2036_p3  |    select|   0|  0|  16|           1|          16|
    |select_ln45_109_fu_2060_p3  |    select|   0|  0|  16|           1|          16|
    |select_ln45_47_fu_572_p3    |    select|   0|  0|  16|           1|          16|
    |select_ln45_48_fu_596_p3    |    select|   0|  0|  16|           1|          16|
    |select_ln45_49_fu_620_p3    |    select|   0|  0|  16|           1|          16|
    |select_ln45_50_fu_644_p3    |    select|   0|  0|  16|           1|          16|
    |select_ln45_51_fu_668_p3    |    select|   0|  0|  16|           1|          16|
    |select_ln45_52_fu_692_p3    |    select|   0|  0|  16|           1|          16|
    |select_ln45_53_fu_716_p3    |    select|   0|  0|  16|           1|          16|
    |select_ln45_54_fu_740_p3    |    select|   0|  0|  16|           1|          16|
    |select_ln45_55_fu_764_p3    |    select|   0|  0|  16|           1|          16|
    |select_ln45_56_fu_788_p3    |    select|   0|  0|  16|           1|          16|
    |select_ln45_57_fu_812_p3    |    select|   0|  0|  16|           1|          16|
    |select_ln45_58_fu_836_p3    |    select|   0|  0|  16|           1|          16|
    |select_ln45_59_fu_860_p3    |    select|   0|  0|  16|           1|          16|
    |select_ln45_60_fu_884_p3    |    select|   0|  0|  16|           1|          16|
    |select_ln45_61_fu_908_p3    |    select|   0|  0|  16|           1|          16|
    |select_ln45_62_fu_932_p3    |    select|   0|  0|  16|           1|          16|
    |select_ln45_63_fu_956_p3    |    select|   0|  0|  16|           1|          16|
    |select_ln45_64_fu_980_p3    |    select|   0|  0|  16|           1|          16|
    |select_ln45_65_fu_1004_p3   |    select|   0|  0|  16|           1|          16|
    |select_ln45_66_fu_1028_p3   |    select|   0|  0|  16|           1|          16|
    |select_ln45_67_fu_1052_p3   |    select|   0|  0|  16|           1|          16|
    |select_ln45_68_fu_1076_p3   |    select|   0|  0|  16|           1|          16|
    |select_ln45_69_fu_1100_p3   |    select|   0|  0|  16|           1|          16|
    |select_ln45_70_fu_1124_p3   |    select|   0|  0|  16|           1|          16|
    |select_ln45_71_fu_1148_p3   |    select|   0|  0|  16|           1|          16|
    |select_ln45_72_fu_1172_p3   |    select|   0|  0|  16|           1|          16|
    |select_ln45_73_fu_1196_p3   |    select|   0|  0|  16|           1|          16|
    |select_ln45_74_fu_1220_p3   |    select|   0|  0|  16|           1|          16|
    |select_ln45_75_fu_1244_p3   |    select|   0|  0|  16|           1|          16|
    |select_ln45_76_fu_1268_p3   |    select|   0|  0|  16|           1|          16|
    |select_ln45_77_fu_1292_p3   |    select|   0|  0|  16|           1|          16|
    |select_ln45_78_fu_1316_p3   |    select|   0|  0|  16|           1|          16|
    |select_ln45_79_fu_1340_p3   |    select|   0|  0|  16|           1|          16|
    |select_ln45_80_fu_1364_p3   |    select|   0|  0|  16|           1|          16|
    |select_ln45_81_fu_1388_p3   |    select|   0|  0|  16|           1|          16|
    |select_ln45_82_fu_1412_p3   |    select|   0|  0|  16|           1|          16|
    |select_ln45_83_fu_1436_p3   |    select|   0|  0|  16|           1|          16|
    |select_ln45_84_fu_1460_p3   |    select|   0|  0|  16|           1|          16|
    |select_ln45_85_fu_1484_p3   |    select|   0|  0|  16|           1|          16|
    |select_ln45_86_fu_1508_p3   |    select|   0|  0|  16|           1|          16|
    |select_ln45_87_fu_1532_p3   |    select|   0|  0|  16|           1|          16|
    |select_ln45_88_fu_1556_p3   |    select|   0|  0|  16|           1|          16|
    |select_ln45_89_fu_1580_p3   |    select|   0|  0|  16|           1|          16|
    |select_ln45_90_fu_1604_p3   |    select|   0|  0|  16|           1|          16|
    |select_ln45_91_fu_1628_p3   |    select|   0|  0|  16|           1|          16|
    |select_ln45_92_fu_1652_p3   |    select|   0|  0|  16|           1|          16|
    |select_ln45_93_fu_1676_p3   |    select|   0|  0|  16|           1|          16|
    |select_ln45_94_fu_1700_p3   |    select|   0|  0|  16|           1|          16|
    |select_ln45_95_fu_1724_p3   |    select|   0|  0|  16|           1|          16|
    |select_ln45_96_fu_1748_p3   |    select|   0|  0|  16|           1|          16|
    |select_ln45_97_fu_1772_p3   |    select|   0|  0|  16|           1|          16|
    |select_ln45_98_fu_1796_p3   |    select|   0|  0|  16|           1|          16|
    |select_ln45_99_fu_1820_p3   |    select|   0|  0|  16|           1|          16|
    |select_ln45_fu_548_p3       |    select|   0|  0|  16|           1|          16|
    +----------------------------+----------+----+---+----+------------+------------+
    |Total                       |          |   0|  0|3520|        2112|        1088|
    +----------------------------+----------+----+---+----+------------+------------+

    * Multiplexer: 
    N/A

    * Register: 
    N/A



================================================================
== Interface
================================================================
* Summary: 
+--------------+-----+-----+------------+-------------------------------------------------------------------------+--------------+
|   RTL Ports  | Dir | Bits|  Protocol  |                              Source Object                              |    C Type    |
+--------------+-----+-----+------------+-------------------------------------------------------------------------+--------------+
|ap_ready      |  out|    1|  ap_ctrl_hs|  relu<ap_fixed<32, 18, 5, 3, 0>, ap_fixed<16, 6, 5, 3, 0>, relu_config3>|  return value|
|ap_return_0   |  out|   16|  ap_ctrl_hs|  relu<ap_fixed<32, 18, 5, 3, 0>, ap_fixed<16, 6, 5, 3, 0>, relu_config3>|  return value|
|ap_return_1   |  out|   16|  ap_ctrl_hs|  relu<ap_fixed<32, 18, 5, 3, 0>, ap_fixed<16, 6, 5, 3, 0>, relu_config3>|  return value|
|ap_return_2   |  out|   16|  ap_ctrl_hs|  relu<ap_fixed<32, 18, 5, 3, 0>, ap_fixed<16, 6, 5, 3, 0>, relu_config3>|  return value|
|ap_return_3   |  out|   16|  ap_ctrl_hs|  relu<ap_fixed<32, 18, 5, 3, 0>, ap_fixed<16, 6, 5, 3, 0>, relu_config3>|  return value|
|ap_return_4   |  out|   16|  ap_ctrl_hs|  relu<ap_fixed<32, 18, 5, 3, 0>, ap_fixed<16, 6, 5, 3, 0>, relu_config3>|  return value|
|ap_return_5   |  out|   16|  ap_ctrl_hs|  relu<ap_fixed<32, 18, 5, 3, 0>, ap_fixed<16, 6, 5, 3, 0>, relu_config3>|  return value|
|ap_return_6   |  out|   16|  ap_ctrl_hs|  relu<ap_fixed<32, 18, 5, 3, 0>, ap_fixed<16, 6, 5, 3, 0>, relu_config3>|  return value|
|ap_return_7   |  out|   16|  ap_ctrl_hs|  relu<ap_fixed<32, 18, 5, 3, 0>, ap_fixed<16, 6, 5, 3, 0>, relu_config3>|  return value|
|ap_return_8   |  out|   16|  ap_ctrl_hs|  relu<ap_fixed<32, 18, 5, 3, 0>, ap_fixed<16, 6, 5, 3, 0>, relu_config3>|  return value|
|ap_return_9   |  out|   16|  ap_ctrl_hs|  relu<ap_fixed<32, 18, 5, 3, 0>, ap_fixed<16, 6, 5, 3, 0>, relu_config3>|  return value|
|ap_return_10  |  out|   16|  ap_ctrl_hs|  relu<ap_fixed<32, 18, 5, 3, 0>, ap_fixed<16, 6, 5, 3, 0>, relu_config3>|  return value|
|ap_return_11  |  out|   16|  ap_ctrl_hs|  relu<ap_fixed<32, 18, 5, 3, 0>, ap_fixed<16, 6, 5, 3, 0>, relu_config3>|  return value|
|ap_return_12  |  out|   16|  ap_ctrl_hs|  relu<ap_fixed<32, 18, 5, 3, 0>, ap_fixed<16, 6, 5, 3, 0>, relu_config3>|  return value|
|ap_return_13  |  out|   16|  ap_ctrl_hs|  relu<ap_fixed<32, 18, 5, 3, 0>, ap_fixed<16, 6, 5, 3, 0>, relu_config3>|  return value|
|ap_return_14  |  out|   16|  ap_ctrl_hs|  relu<ap_fixed<32, 18, 5, 3, 0>, ap_fixed<16, 6, 5, 3, 0>, relu_config3>|  return value|
|ap_return_15  |  out|   16|  ap_ctrl_hs|  relu<ap_fixed<32, 18, 5, 3, 0>, ap_fixed<16, 6, 5, 3, 0>, relu_config3>|  return value|
|ap_return_16  |  out|   16|  ap_ctrl_hs|  relu<ap_fixed<32, 18, 5, 3, 0>, ap_fixed<16, 6, 5, 3, 0>, relu_config3>|  return value|
|ap_return_17  |  out|   16|  ap_ctrl_hs|  relu<ap_fixed<32, 18, 5, 3, 0>, ap_fixed<16, 6, 5, 3, 0>, relu_config3>|  return value|
|ap_return_18  |  out|   16|  ap_ctrl_hs|  relu<ap_fixed<32, 18, 5, 3, 0>, ap_fixed<16, 6, 5, 3, 0>, relu_config3>|  return value|
|ap_return_19  |  out|   16|  ap_ctrl_hs|  relu<ap_fixed<32, 18, 5, 3, 0>, ap_fixed<16, 6, 5, 3, 0>, relu_config3>|  return value|
|ap_return_20  |  out|   16|  ap_ctrl_hs|  relu<ap_fixed<32, 18, 5, 3, 0>, ap_fixed<16, 6, 5, 3, 0>, relu_config3>|  return value|
|ap_return_21  |  out|   16|  ap_ctrl_hs|  relu<ap_fixed<32, 18, 5, 3, 0>, ap_fixed<16, 6, 5, 3, 0>, relu_config3>|  return value|
|ap_return_22  |  out|   16|  ap_ctrl_hs|  relu<ap_fixed<32, 18, 5, 3, 0>, ap_fixed<16, 6, 5, 3, 0>, relu_config3>|  return value|
|ap_return_23  |  out|   16|  ap_ctrl_hs|  relu<ap_fixed<32, 18, 5, 3, 0>, ap_fixed<16, 6, 5, 3, 0>, relu_config3>|  return value|
|ap_return_24  |  out|   16|  ap_ctrl_hs|  relu<ap_fixed<32, 18, 5, 3, 0>, ap_fixed<16, 6, 5, 3, 0>, relu_config3>|  return value|
|ap_return_25  |  out|   16|  ap_ctrl_hs|  relu<ap_fixed<32, 18, 5, 3, 0>, ap_fixed<16, 6, 5, 3, 0>, relu_config3>|  return value|
|ap_return_26  |  out|   16|  ap_ctrl_hs|  relu<ap_fixed<32, 18, 5, 3, 0>, ap_fixed<16, 6, 5, 3, 0>, relu_config3>|  return value|
|ap_return_27  |  out|   16|  ap_ctrl_hs|  relu<ap_fixed<32, 18, 5, 3, 0>, ap_fixed<16, 6, 5, 3, 0>, relu_config3>|  return value|
|ap_return_28  |  out|   16|  ap_ctrl_hs|  relu<ap_fixed<32, 18, 5, 3, 0>, ap_fixed<16, 6, 5, 3, 0>, relu_config3>|  return value|
|ap_return_29  |  out|   16|  ap_ctrl_hs|  relu<ap_fixed<32, 18, 5, 3, 0>, ap_fixed<16, 6, 5, 3, 0>, relu_config3>|  return value|
|ap_return_30  |  out|   16|  ap_ctrl_hs|  relu<ap_fixed<32, 18, 5, 3, 0>, ap_fixed<16, 6, 5, 3, 0>, relu_config3>|  return value|
|ap_return_31  |  out|   16|  ap_ctrl_hs|  relu<ap_fixed<32, 18, 5, 3, 0>, ap_fixed<16, 6, 5, 3, 0>, relu_config3>|  return value|
|ap_return_32  |  out|   16|  ap_ctrl_hs|  relu<ap_fixed<32, 18, 5, 3, 0>, ap_fixed<16, 6, 5, 3, 0>, relu_config3>|  return value|
|ap_return_33  |  out|   16|  ap_ctrl_hs|  relu<ap_fixed<32, 18, 5, 3, 0>, ap_fixed<16, 6, 5, 3, 0>, relu_config3>|  return value|
|ap_return_34  |  out|   16|  ap_ctrl_hs|  relu<ap_fixed<32, 18, 5, 3, 0>, ap_fixed<16, 6, 5, 3, 0>, relu_config3>|  return value|
|ap_return_35  |  out|   16|  ap_ctrl_hs|  relu<ap_fixed<32, 18, 5, 3, 0>, ap_fixed<16, 6, 5, 3, 0>, relu_config3>|  return value|
|ap_return_36  |  out|   16|  ap_ctrl_hs|  relu<ap_fixed<32, 18, 5, 3, 0>, ap_fixed<16, 6, 5, 3, 0>, relu_config3>|  return value|
|ap_return_37  |  out|   16|  ap_ctrl_hs|  relu<ap_fixed<32, 18, 5, 3, 0>, ap_fixed<16, 6, 5, 3, 0>, relu_config3>|  return value|
|ap_return_38  |  out|   16|  ap_ctrl_hs|  relu<ap_fixed<32, 18, 5, 3, 0>, ap_fixed<16, 6, 5, 3, 0>, relu_config3>|  return value|
|ap_return_39  |  out|   16|  ap_ctrl_hs|  relu<ap_fixed<32, 18, 5, 3, 0>, ap_fixed<16, 6, 5, 3, 0>, relu_config3>|  return value|
|ap_return_40  |  out|   16|  ap_ctrl_hs|  relu<ap_fixed<32, 18, 5, 3, 0>, ap_fixed<16, 6, 5, 3, 0>, relu_config3>|  return value|
|ap_return_41  |  out|   16|  ap_ctrl_hs|  relu<ap_fixed<32, 18, 5, 3, 0>, ap_fixed<16, 6, 5, 3, 0>, relu_config3>|  return value|
|ap_return_42  |  out|   16|  ap_ctrl_hs|  relu<ap_fixed<32, 18, 5, 3, 0>, ap_fixed<16, 6, 5, 3, 0>, relu_config3>|  return value|
|ap_return_43  |  out|   16|  ap_ctrl_hs|  relu<ap_fixed<32, 18, 5, 3, 0>, ap_fixed<16, 6, 5, 3, 0>, relu_config3>|  return value|
|ap_return_44  |  out|   16|  ap_ctrl_hs|  relu<ap_fixed<32, 18, 5, 3, 0>, ap_fixed<16, 6, 5, 3, 0>, relu_config3>|  return value|
|ap_return_45  |  out|   16|  ap_ctrl_hs|  relu<ap_fixed<32, 18, 5, 3, 0>, ap_fixed<16, 6, 5, 3, 0>, relu_config3>|  return value|
|ap_return_46  |  out|   16|  ap_ctrl_hs|  relu<ap_fixed<32, 18, 5, 3, 0>, ap_fixed<16, 6, 5, 3, 0>, relu_config3>|  return value|
|ap_return_47  |  out|   16|  ap_ctrl_hs|  relu<ap_fixed<32, 18, 5, 3, 0>, ap_fixed<16, 6, 5, 3, 0>, relu_config3>|  return value|
|ap_return_48  |  out|   16|  ap_ctrl_hs|  relu<ap_fixed<32, 18, 5, 3, 0>, ap_fixed<16, 6, 5, 3, 0>, relu_config3>|  return value|
|ap_return_49  |  out|   16|  ap_ctrl_hs|  relu<ap_fixed<32, 18, 5, 3, 0>, ap_fixed<16, 6, 5, 3, 0>, relu_config3>|  return value|
|ap_return_50  |  out|   16|  ap_ctrl_hs|  relu<ap_fixed<32, 18, 5, 3, 0>, ap_fixed<16, 6, 5, 3, 0>, relu_config3>|  return value|
|ap_return_51  |  out|   16|  ap_ctrl_hs|  relu<ap_fixed<32, 18, 5, 3, 0>, ap_fixed<16, 6, 5, 3, 0>, relu_config3>|  return value|
|ap_return_52  |  out|   16|  ap_ctrl_hs|  relu<ap_fixed<32, 18, 5, 3, 0>, ap_fixed<16, 6, 5, 3, 0>, relu_config3>|  return value|
|ap_return_53  |  out|   16|  ap_ctrl_hs|  relu<ap_fixed<32, 18, 5, 3, 0>, ap_fixed<16, 6, 5, 3, 0>, relu_config3>|  return value|
|ap_return_54  |  out|   16|  ap_ctrl_hs|  relu<ap_fixed<32, 18, 5, 3, 0>, ap_fixed<16, 6, 5, 3, 0>, relu_config3>|  return value|
|ap_return_55  |  out|   16|  ap_ctrl_hs|  relu<ap_fixed<32, 18, 5, 3, 0>, ap_fixed<16, 6, 5, 3, 0>, relu_config3>|  return value|
|ap_return_56  |  out|   16|  ap_ctrl_hs|  relu<ap_fixed<32, 18, 5, 3, 0>, ap_fixed<16, 6, 5, 3, 0>, relu_config3>|  return value|
|ap_return_57  |  out|   16|  ap_ctrl_hs|  relu<ap_fixed<32, 18, 5, 3, 0>, ap_fixed<16, 6, 5, 3, 0>, relu_config3>|  return value|
|ap_return_58  |  out|   16|  ap_ctrl_hs|  relu<ap_fixed<32, 18, 5, 3, 0>, ap_fixed<16, 6, 5, 3, 0>, relu_config3>|  return value|
|ap_return_59  |  out|   16|  ap_ctrl_hs|  relu<ap_fixed<32, 18, 5, 3, 0>, ap_fixed<16, 6, 5, 3, 0>, relu_config3>|  return value|
|ap_return_60  |  out|   16|  ap_ctrl_hs|  relu<ap_fixed<32, 18, 5, 3, 0>, ap_fixed<16, 6, 5, 3, 0>, relu_config3>|  return value|
|ap_return_61  |  out|   16|  ap_ctrl_hs|  relu<ap_fixed<32, 18, 5, 3, 0>, ap_fixed<16, 6, 5, 3, 0>, relu_config3>|  return value|
|ap_return_62  |  out|   16|  ap_ctrl_hs|  relu<ap_fixed<32, 18, 5, 3, 0>, ap_fixed<16, 6, 5, 3, 0>, relu_config3>|  return value|
|ap_return_63  |  out|   16|  ap_ctrl_hs|  relu<ap_fixed<32, 18, 5, 3, 0>, ap_fixed<16, 6, 5, 3, 0>, relu_config3>|  return value|
|data_0_val    |   in|   32|     ap_none|                                                               data_0_val|        scalar|
|data_1_val    |   in|   32|     ap_none|                                                               data_1_val|        scalar|
|data_2_val    |   in|   32|     ap_none|                                                               data_2_val|        scalar|
|data_3_val    |   in|   32|     ap_none|                                                               data_3_val|        scalar|
|data_4_val    |   in|   32|     ap_none|                                                               data_4_val|        scalar|
|data_5_val    |   in|   32|     ap_none|                                                               data_5_val|        scalar|
|data_6_val    |   in|   32|     ap_none|                                                               data_6_val|        scalar|
|data_7_val    |   in|   32|     ap_none|                                                               data_7_val|        scalar|
|data_8_val    |   in|   32|     ap_none|                                                               data_8_val|        scalar|
|data_9_val    |   in|   32|     ap_none|                                                               data_9_val|        scalar|
|data_10_val   |   in|   32|     ap_none|                                                              data_10_val|        scalar|
|data_11_val   |   in|   32|     ap_none|                                                              data_11_val|        scalar|
|data_12_val   |   in|   32|     ap_none|                                                              data_12_val|        scalar|
|data_13_val   |   in|   32|     ap_none|                                                              data_13_val|        scalar|
|data_14_val   |   in|   32|     ap_none|                                                              data_14_val|        scalar|
|data_15_val   |   in|   32|     ap_none|                                                              data_15_val|        scalar|
|data_16_val   |   in|   32|     ap_none|                                                              data_16_val|        scalar|
|data_17_val   |   in|   32|     ap_none|                                                              data_17_val|        scalar|
|data_18_val   |   in|   32|     ap_none|                                                              data_18_val|        scalar|
|data_19_val   |   in|   32|     ap_none|                                                              data_19_val|        scalar|
|data_20_val   |   in|   32|     ap_none|                                                              data_20_val|        scalar|
|data_21_val   |   in|   32|     ap_none|                                                              data_21_val|        scalar|
|data_22_val   |   in|   32|     ap_none|                                                              data_22_val|        scalar|
|data_23_val   |   in|   32|     ap_none|                                                              data_23_val|        scalar|
|data_24_val   |   in|   32|     ap_none|                                                              data_24_val|        scalar|
|data_25_val   |   in|   32|     ap_none|                                                              data_25_val|        scalar|
|data_26_val   |   in|   32|     ap_none|                                                              data_26_val|        scalar|
|data_27_val   |   in|   32|     ap_none|                                                              data_27_val|        scalar|
|data_28_val   |   in|   32|     ap_none|                                                              data_28_val|        scalar|
|data_29_val   |   in|   32|     ap_none|                                                              data_29_val|        scalar|
|data_30_val   |   in|   32|     ap_none|                                                              data_30_val|        scalar|
|data_31_val   |   in|   32|     ap_none|                                                              data_31_val|        scalar|
|data_32_val   |   in|   32|     ap_none|                                                              data_32_val|        scalar|
|data_33_val   |   in|   32|     ap_none|                                                              data_33_val|        scalar|
|data_34_val   |   in|   32|     ap_none|                                                              data_34_val|        scalar|
|data_35_val   |   in|   32|     ap_none|                                                              data_35_val|        scalar|
|data_36_val   |   in|   32|     ap_none|                                                              data_36_val|        scalar|
|data_37_val   |   in|   32|     ap_none|                                                              data_37_val|        scalar|
|data_38_val   |   in|   32|     ap_none|                                                              data_38_val|        scalar|
|data_39_val   |   in|   32|     ap_none|                                                              data_39_val|        scalar|
|data_40_val   |   in|   32|     ap_none|                                                              data_40_val|        scalar|
|data_41_val   |   in|   32|     ap_none|                                                              data_41_val|        scalar|
|data_42_val   |   in|   32|     ap_none|                                                              data_42_val|        scalar|
|data_43_val   |   in|   32|     ap_none|                                                              data_43_val|        scalar|
|data_44_val   |   in|   32|     ap_none|                                                              data_44_val|        scalar|
|data_45_val   |   in|   32|     ap_none|                                                              data_45_val|        scalar|
|data_46_val   |   in|   32|     ap_none|                                                              data_46_val|        scalar|
|data_47_val   |   in|   32|     ap_none|                                                              data_47_val|        scalar|
|data_48_val   |   in|   32|     ap_none|                                                              data_48_val|        scalar|
|data_49_val   |   in|   32|     ap_none|                                                              data_49_val|        scalar|
|data_50_val   |   in|   32|     ap_none|                                                              data_50_val|        scalar|
|data_51_val   |   in|   32|     ap_none|                                                              data_51_val|        scalar|
|data_52_val   |   in|   32|     ap_none|                                                              data_52_val|        scalar|
|data_53_val   |   in|   32|     ap_none|                                                              data_53_val|        scalar|
|data_54_val   |   in|   32|     ap_none|                                                              data_54_val|        scalar|
|data_55_val   |   in|   32|     ap_none|                                                              data_55_val|        scalar|
|data_56_val   |   in|   32|     ap_none|                                                              data_56_val|        scalar|
|data_57_val   |   in|   32|     ap_none|                                                              data_57_val|        scalar|
|data_58_val   |   in|   32|     ap_none|                                                              data_58_val|        scalar|
|data_59_val   |   in|   32|     ap_none|                                                              data_59_val|        scalar|
|data_60_val   |   in|   32|     ap_none|                                                              data_60_val|        scalar|
|data_61_val   |   in|   32|     ap_none|                                                              data_61_val|        scalar|
|data_62_val   |   in|   32|     ap_none|                                                              data_62_val|        scalar|
|data_63_val   |   in|   32|     ap_none|                                                              data_63_val|        scalar|
+--------------+-----+-----+------------+-------------------------------------------------------------------------+--------------+

============================================================
+ Verbose Summary: Synthesis Manager
============================================================
InlineROM: 1
ExposeGlobal: 0
============================================================
+ Verbose Summary: CDFG Model
============================================================
IsTopModel: 0
ResetActiveHigh: 1
IsCombinational: 1
IsDatapathOnly: 2
HasWiredReturn: 1
HasMFsm: 2
HasVarLatency: 0
IsPipeline: 1
IsRtlPipelined: 0
IsInstanceOverlapped: 0
IsDontTouch: 0
HasImplIP: 0
IsGatedGlobalClock: 0

+ Individual pipeline summary: 
  * Pipeline-0: initiation interval (II) = 1, depth = 1


============================================================
+ Verbose Summary: Schedule
============================================================
* Number of FSM states : 1
* Pipeline : 1
  Pipeline-0 : II = 1, D = 1, States = { 1 }
* Dataflow Pipeline: 0

* FSM state transitions: 
1 --> 

* FSM state operations: 

State 1 <SV = 0> <Delay = 3.35>
ST_1 : Operation 2 [1/1] (0.00ns)   --->   "%specpipeline_ln43 = specpipeline void @_ssdm_op_SpecPipeline, i32 4294967295, i32 0, i32 0, i32 0, void @empty_0" [firmware/nnet_utils/nnet_activation.h:43]   --->   Operation 2 'specpipeline' 'specpipeline_ln43' <Predicate = true> <Delay = 0.00>
ST_1 : Operation 3 [1/1] (0.00ns)   --->   "%data_63_val_read = read i32 @_ssdm_op_Read.ap_auto.i32, i32 %data_63_val" [firmware/nnet_utils/nnet_activation.h:42]   --->   Operation 3 'read' 'data_63_val_read' <Predicate = true> <Delay = 0.00>
ST_1 : Operation 4 [1/1] (0.00ns)   --->   "%data_62_val_read = read i32 @_ssdm_op_Read.ap_auto.i32, i32 %data_62_val" [firmware/nnet_utils/nnet_activation.h:42]   --->   Operation 4 'read' 'data_62_val_read' <Predicate = true> <Delay = 0.00>
ST_1 : Operation 5 [1/1] (0.00ns)   --->   "%data_61_val_read = read i32 @_ssdm_op_Read.ap_auto.i32, i32 %data_61_val" [firmware/nnet_utils/nnet_activation.h:42]   --->   Operation 5 'read' 'data_61_val_read' <Predicate = true> <Delay = 0.00>
ST_1 : Operation 6 [1/1] (0.00ns)   --->   "%data_60_val_read = read i32 @_ssdm_op_Read.ap_auto.i32, i32 %data_60_val" [firmware/nnet_utils/nnet_activation.h:42]   --->   Operation 6 'read' 'data_60_val_read' <Predicate = true> <Delay = 0.00>
ST_1 : Operation 7 [1/1] (0.00ns)   --->   "%data_59_val_read = read i32 @_ssdm_op_Read.ap_auto.i32, i32 %data_59_val" [firmware/nnet_utils/nnet_activation.h:42]   --->   Operation 7 'read' 'data_59_val_read' <Predicate = true> <Delay = 0.00>
ST_1 : Operation 8 [1/1] (0.00ns)   --->   "%data_58_val_read = read i32 @_ssdm_op_Read.ap_auto.i32, i32 %data_58_val" [firmware/nnet_utils/nnet_activation.h:42]   --->   Operation 8 'read' 'data_58_val_read' <Predicate = true> <Delay = 0.00>
ST_1 : Operation 9 [1/1] (0.00ns)   --->   "%data_57_val_read = read i32 @_ssdm_op_Read.ap_auto.i32, i32 %data_57_val" [firmware/nnet_utils/nnet_activation.h:42]   --->   Operation 9 'read' 'data_57_val_read' <Predicate = true> <Delay = 0.00>
ST_1 : Operation 10 [1/1] (0.00ns)   --->   "%data_56_val_read = read i32 @_ssdm_op_Read.ap_auto.i32, i32 %data_56_val" [firmware/nnet_utils/nnet_activation.h:42]   --->   Operation 10 'read' 'data_56_val_read' <Predicate = true> <Delay = 0.00>
ST_1 : Operation 11 [1/1] (0.00ns)   --->   "%data_55_val_read = read i32 @_ssdm_op_Read.ap_auto.i32, i32 %data_55_val" [firmware/nnet_utils/nnet_activation.h:42]   --->   Operation 11 'read' 'data_55_val_read' <Predicate = true> <Delay = 0.00>
ST_1 : Operation 12 [1/1] (0.00ns)   --->   "%data_54_val_read = read i32 @_ssdm_op_Read.ap_auto.i32, i32 %data_54_val" [firmware/nnet_utils/nnet_activation.h:42]   --->   Operation 12 'read' 'data_54_val_read' <Predicate = true> <Delay = 0.00>
ST_1 : Operation 13 [1/1] (0.00ns)   --->   "%data_53_val_read = read i32 @_ssdm_op_Read.ap_auto.i32, i32 %data_53_val" [firmware/nnet_utils/nnet_activation.h:42]   --->   Operation 13 'read' 'data_53_val_read' <Predicate = true> <Delay = 0.00>
ST_1 : Operation 14 [1/1] (0.00ns)   --->   "%data_52_val_read = read i32 @_ssdm_op_Read.ap_auto.i32, i32 %data_52_val" [firmware/nnet_utils/nnet_activation.h:42]   --->   Operation 14 'read' 'data_52_val_read' <Predicate = true> <Delay = 0.00>
ST_1 : Operation 15 [1/1] (0.00ns)   --->   "%data_51_val_read = read i32 @_ssdm_op_Read.ap_auto.i32, i32 %data_51_val" [firmware/nnet_utils/nnet_activation.h:42]   --->   Operation 15 'read' 'data_51_val_read' <Predicate = true> <Delay = 0.00>
ST_1 : Operation 16 [1/1] (0.00ns)   --->   "%data_50_val_read = read i32 @_ssdm_op_Read.ap_auto.i32, i32 %data_50_val" [firmware/nnet_utils/nnet_activation.h:42]   --->   Operation 16 'read' 'data_50_val_read' <Predicate = true> <Delay = 0.00>
ST_1 : Operation 17 [1/1] (0.00ns)   --->   "%data_49_val_read = read i32 @_ssdm_op_Read.ap_auto.i32, i32 %data_49_val" [firmware/nnet_utils/nnet_activation.h:42]   --->   Operation 17 'read' 'data_49_val_read' <Predicate = true> <Delay = 0.00>
ST_1 : Operation 18 [1/1] (0.00ns)   --->   "%data_48_val_read = read i32 @_ssdm_op_Read.ap_auto.i32, i32 %data_48_val" [firmware/nnet_utils/nnet_activation.h:42]   --->   Operation 18 'read' 'data_48_val_read' <Predicate = true> <Delay = 0.00>
ST_1 : Operation 19 [1/1] (0.00ns)   --->   "%data_47_val_read = read i32 @_ssdm_op_Read.ap_auto.i32, i32 %data_47_val" [firmware/nnet_utils/nnet_activation.h:42]   --->   Operation 19 'read' 'data_47_val_read' <Predicate = true> <Delay = 0.00>
ST_1 : Operation 20 [1/1] (0.00ns)   --->   "%data_46_val_read = read i32 @_ssdm_op_Read.ap_auto.i32, i32 %data_46_val" [firmware/nnet_utils/nnet_activation.h:42]   --->   Operation 20 'read' 'data_46_val_read' <Predicate = true> <Delay = 0.00>
ST_1 : Operation 21 [1/1] (0.00ns)   --->   "%data_45_val_read = read i32 @_ssdm_op_Read.ap_auto.i32, i32 %data_45_val" [firmware/nnet_utils/nnet_activation.h:42]   --->   Operation 21 'read' 'data_45_val_read' <Predicate = true> <Delay = 0.00>
ST_1 : Operation 22 [1/1] (0.00ns)   --->   "%data_44_val_read = read i32 @_ssdm_op_Read.ap_auto.i32, i32 %data_44_val" [firmware/nnet_utils/nnet_activation.h:42]   --->   Operation 22 'read' 'data_44_val_read' <Predicate = true> <Delay = 0.00>
ST_1 : Operation 23 [1/1] (0.00ns)   --->   "%data_43_val_read = read i32 @_ssdm_op_Read.ap_auto.i32, i32 %data_43_val" [firmware/nnet_utils/nnet_activation.h:42]   --->   Operation 23 'read' 'data_43_val_read' <Predicate = true> <Delay = 0.00>
ST_1 : Operation 24 [1/1] (0.00ns)   --->   "%data_42_val_read = read i32 @_ssdm_op_Read.ap_auto.i32, i32 %data_42_val" [firmware/nnet_utils/nnet_activation.h:42]   --->   Operation 24 'read' 'data_42_val_read' <Predicate = true> <Delay = 0.00>
ST_1 : Operation 25 [1/1] (0.00ns)   --->   "%data_41_val_read = read i32 @_ssdm_op_Read.ap_auto.i32, i32 %data_41_val" [firmware/nnet_utils/nnet_activation.h:42]   --->   Operation 25 'read' 'data_41_val_read' <Predicate = true> <Delay = 0.00>
ST_1 : Operation 26 [1/1] (0.00ns)   --->   "%data_40_val_read = read i32 @_ssdm_op_Read.ap_auto.i32, i32 %data_40_val" [firmware/nnet_utils/nnet_activation.h:42]   --->   Operation 26 'read' 'data_40_val_read' <Predicate = true> <Delay = 0.00>
ST_1 : Operation 27 [1/1] (0.00ns)   --->   "%data_39_val_read = read i32 @_ssdm_op_Read.ap_auto.i32, i32 %data_39_val" [firmware/nnet_utils/nnet_activation.h:42]   --->   Operation 27 'read' 'data_39_val_read' <Predicate = true> <Delay = 0.00>
ST_1 : Operation 28 [1/1] (0.00ns)   --->   "%data_38_val_read = read i32 @_ssdm_op_Read.ap_auto.i32, i32 %data_38_val" [firmware/nnet_utils/nnet_activation.h:42]   --->   Operation 28 'read' 'data_38_val_read' <Predicate = true> <Delay = 0.00>
ST_1 : Operation 29 [1/1] (0.00ns)   --->   "%data_37_val_read = read i32 @_ssdm_op_Read.ap_auto.i32, i32 %data_37_val" [firmware/nnet_utils/nnet_activation.h:42]   --->   Operation 29 'read' 'data_37_val_read' <Predicate = true> <Delay = 0.00>
ST_1 : Operation 30 [1/1] (0.00ns)   --->   "%data_36_val_read = read i32 @_ssdm_op_Read.ap_auto.i32, i32 %data_36_val" [firmware/nnet_utils/nnet_activation.h:42]   --->   Operation 30 'read' 'data_36_val_read' <Predicate = true> <Delay = 0.00>
ST_1 : Operation 31 [1/1] (0.00ns)   --->   "%data_35_val_read = read i32 @_ssdm_op_Read.ap_auto.i32, i32 %data_35_val" [firmware/nnet_utils/nnet_activation.h:42]   --->   Operation 31 'read' 'data_35_val_read' <Predicate = true> <Delay = 0.00>
ST_1 : Operation 32 [1/1] (0.00ns)   --->   "%data_34_val_read = read i32 @_ssdm_op_Read.ap_auto.i32, i32 %data_34_val" [firmware/nnet_utils/nnet_activation.h:42]   --->   Operation 32 'read' 'data_34_val_read' <Predicate = true> <Delay = 0.00>
ST_1 : Operation 33 [1/1] (0.00ns)   --->   "%data_33_val_read = read i32 @_ssdm_op_Read.ap_auto.i32, i32 %data_33_val" [firmware/nnet_utils/nnet_activation.h:42]   --->   Operation 33 'read' 'data_33_val_read' <Predicate = true> <Delay = 0.00>
ST_1 : Operation 34 [1/1] (0.00ns)   --->   "%data_32_val_read = read i32 @_ssdm_op_Read.ap_auto.i32, i32 %data_32_val" [firmware/nnet_utils/nnet_activation.h:42]   --->   Operation 34 'read' 'data_32_val_read' <Predicate = true> <Delay = 0.00>
ST_1 : Operation 35 [1/1] (0.00ns)   --->   "%data_31_val_read = read i32 @_ssdm_op_Read.ap_auto.i32, i32 %data_31_val" [firmware/nnet_utils/nnet_activation.h:42]   --->   Operation 35 'read' 'data_31_val_read' <Predicate = true> <Delay = 0.00>
ST_1 : Operation 36 [1/1] (0.00ns)   --->   "%data_30_val_read = read i32 @_ssdm_op_Read.ap_auto.i32, i32 %data_30_val" [firmware/nnet_utils/nnet_activation.h:42]   --->   Operation 36 'read' 'data_30_val_read' <Predicate = true> <Delay = 0.00>
ST_1 : Operation 37 [1/1] (0.00ns)   --->   "%data_29_val_read = read i32 @_ssdm_op_Read.ap_auto.i32, i32 %data_29_val" [firmware/nnet_utils/nnet_activation.h:42]   --->   Operation 37 'read' 'data_29_val_read' <Predicate = true> <Delay = 0.00>
ST_1 : Operation 38 [1/1] (0.00ns)   --->   "%data_28_val_read = read i32 @_ssdm_op_Read.ap_auto.i32, i32 %data_28_val" [firmware/nnet_utils/nnet_activation.h:42]   --->   Operation 38 'read' 'data_28_val_read' <Predicate = true> <Delay = 0.00>
ST_1 : Operation 39 [1/1] (0.00ns)   --->   "%data_27_val_read = read i32 @_ssdm_op_Read.ap_auto.i32, i32 %data_27_val" [firmware/nnet_utils/nnet_activation.h:42]   --->   Operation 39 'read' 'data_27_val_read' <Predicate = true> <Delay = 0.00>
ST_1 : Operation 40 [1/1] (0.00ns)   --->   "%data_26_val_read = read i32 @_ssdm_op_Read.ap_auto.i32, i32 %data_26_val" [firmware/nnet_utils/nnet_activation.h:42]   --->   Operation 40 'read' 'data_26_val_read' <Predicate = true> <Delay = 0.00>
ST_1 : Operation 41 [1/1] (0.00ns)   --->   "%data_25_val_read = read i32 @_ssdm_op_Read.ap_auto.i32, i32 %data_25_val" [firmware/nnet_utils/nnet_activation.h:42]   --->   Operation 41 'read' 'data_25_val_read' <Predicate = true> <Delay = 0.00>
ST_1 : Operation 42 [1/1] (0.00ns)   --->   "%data_24_val_read = read i32 @_ssdm_op_Read.ap_auto.i32, i32 %data_24_val" [firmware/nnet_utils/nnet_activation.h:42]   --->   Operation 42 'read' 'data_24_val_read' <Predicate = true> <Delay = 0.00>
ST_1 : Operation 43 [1/1] (0.00ns)   --->   "%data_23_val_read = read i32 @_ssdm_op_Read.ap_auto.i32, i32 %data_23_val" [firmware/nnet_utils/nnet_activation.h:42]   --->   Operation 43 'read' 'data_23_val_read' <Predicate = true> <Delay = 0.00>
ST_1 : Operation 44 [1/1] (0.00ns)   --->   "%data_22_val_read = read i32 @_ssdm_op_Read.ap_auto.i32, i32 %data_22_val" [firmware/nnet_utils/nnet_activation.h:42]   --->   Operation 44 'read' 'data_22_val_read' <Predicate = true> <Delay = 0.00>
ST_1 : Operation 45 [1/1] (0.00ns)   --->   "%data_21_val_read = read i32 @_ssdm_op_Read.ap_auto.i32, i32 %data_21_val" [firmware/nnet_utils/nnet_activation.h:42]   --->   Operation 45 'read' 'data_21_val_read' <Predicate = true> <Delay = 0.00>
ST_1 : Operation 46 [1/1] (0.00ns)   --->   "%data_20_val_read = read i32 @_ssdm_op_Read.ap_auto.i32, i32 %data_20_val" [firmware/nnet_utils/nnet_activation.h:42]   --->   Operation 46 'read' 'data_20_val_read' <Predicate = true> <Delay = 0.00>
ST_1 : Operation 47 [1/1] (0.00ns)   --->   "%data_19_val_read = read i32 @_ssdm_op_Read.ap_auto.i32, i32 %data_19_val" [firmware/nnet_utils/nnet_activation.h:42]   --->   Operation 47 'read' 'data_19_val_read' <Predicate = true> <Delay = 0.00>
ST_1 : Operation 48 [1/1] (0.00ns)   --->   "%data_18_val_read = read i32 @_ssdm_op_Read.ap_auto.i32, i32 %data_18_val" [firmware/nnet_utils/nnet_activation.h:42]   --->   Operation 48 'read' 'data_18_val_read' <Predicate = true> <Delay = 0.00>
ST_1 : Operation 49 [1/1] (0.00ns)   --->   "%data_17_val_read = read i32 @_ssdm_op_Read.ap_auto.i32, i32 %data_17_val" [firmware/nnet_utils/nnet_activation.h:42]   --->   Operation 49 'read' 'data_17_val_read' <Predicate = true> <Delay = 0.00>
ST_1 : Operation 50 [1/1] (0.00ns)   --->   "%data_16_val_read = read i32 @_ssdm_op_Read.ap_auto.i32, i32 %data_16_val" [firmware/nnet_utils/nnet_activation.h:42]   --->   Operation 50 'read' 'data_16_val_read' <Predicate = true> <Delay = 0.00>
ST_1 : Operation 51 [1/1] (0.00ns)   --->   "%data_15_val_read = read i32 @_ssdm_op_Read.ap_auto.i32, i32 %data_15_val" [firmware/nnet_utils/nnet_activation.h:42]   --->   Operation 51 'read' 'data_15_val_read' <Predicate = true> <Delay = 0.00>
ST_1 : Operation 52 [1/1] (0.00ns)   --->   "%data_14_val_read = read i32 @_ssdm_op_Read.ap_auto.i32, i32 %data_14_val" [firmware/nnet_utils/nnet_activation.h:42]   --->   Operation 52 'read' 'data_14_val_read' <Predicate = true> <Delay = 0.00>
ST_1 : Operation 53 [1/1] (0.00ns)   --->   "%data_13_val_read = read i32 @_ssdm_op_Read.ap_auto.i32, i32 %data_13_val" [firmware/nnet_utils/nnet_activation.h:42]   --->   Operation 53 'read' 'data_13_val_read' <Predicate = true> <Delay = 0.00>
ST_1 : Operation 54 [1/1] (0.00ns)   --->   "%data_12_val_read = read i32 @_ssdm_op_Read.ap_auto.i32, i32 %data_12_val" [firmware/nnet_utils/nnet_activation.h:42]   --->   Operation 54 'read' 'data_12_val_read' <Predicate = true> <Delay = 0.00>
ST_1 : Operation 55 [1/1] (0.00ns)   --->   "%data_11_val_read = read i32 @_ssdm_op_Read.ap_auto.i32, i32 %data_11_val" [firmware/nnet_utils/nnet_activation.h:42]   --->   Operation 55 'read' 'data_11_val_read' <Predicate = true> <Delay = 0.00>
ST_1 : Operation 56 [1/1] (0.00ns)   --->   "%data_10_val_read = read i32 @_ssdm_op_Read.ap_auto.i32, i32 %data_10_val" [firmware/nnet_utils/nnet_activation.h:42]   --->   Operation 56 'read' 'data_10_val_read' <Predicate = true> <Delay = 0.00>
ST_1 : Operation 57 [1/1] (0.00ns)   --->   "%data_9_val_read = read i32 @_ssdm_op_Read.ap_auto.i32, i32 %data_9_val" [firmware/nnet_utils/nnet_activation.h:42]   --->   Operation 57 'read' 'data_9_val_read' <Predicate = true> <Delay = 0.00>
ST_1 : Operation 58 [1/1] (0.00ns)   --->   "%data_8_val_read = read i32 @_ssdm_op_Read.ap_auto.i32, i32 %data_8_val" [firmware/nnet_utils/nnet_activation.h:42]   --->   Operation 58 'read' 'data_8_val_read' <Predicate = true> <Delay = 0.00>
ST_1 : Operation 59 [1/1] (0.00ns)   --->   "%data_7_val_read = read i32 @_ssdm_op_Read.ap_auto.i32, i32 %data_7_val" [firmware/nnet_utils/nnet_activation.h:42]   --->   Operation 59 'read' 'data_7_val_read' <Predicate = true> <Delay = 0.00>
ST_1 : Operation 60 [1/1] (0.00ns)   --->   "%data_6_val_read = read i32 @_ssdm_op_Read.ap_auto.i32, i32 %data_6_val" [firmware/nnet_utils/nnet_activation.h:42]   --->   Operation 60 'read' 'data_6_val_read' <Predicate = true> <Delay = 0.00>
ST_1 : Operation 61 [1/1] (0.00ns)   --->   "%data_5_val_read = read i32 @_ssdm_op_Read.ap_auto.i32, i32 %data_5_val" [firmware/nnet_utils/nnet_activation.h:42]   --->   Operation 61 'read' 'data_5_val_read' <Predicate = true> <Delay = 0.00>
ST_1 : Operation 62 [1/1] (0.00ns)   --->   "%data_4_val_read = read i32 @_ssdm_op_Read.ap_auto.i32, i32 %data_4_val" [firmware/nnet_utils/nnet_activation.h:42]   --->   Operation 62 'read' 'data_4_val_read' <Predicate = true> <Delay = 0.00>
ST_1 : Operation 63 [1/1] (0.00ns)   --->   "%data_3_val_read = read i32 @_ssdm_op_Read.ap_auto.i32, i32 %data_3_val" [firmware/nnet_utils/nnet_activation.h:42]   --->   Operation 63 'read' 'data_3_val_read' <Predicate = true> <Delay = 0.00>
ST_1 : Operation 64 [1/1] (0.00ns)   --->   "%data_2_val_read = read i32 @_ssdm_op_Read.ap_auto.i32, i32 %data_2_val" [firmware/nnet_utils/nnet_activation.h:42]   --->   Operation 64 'read' 'data_2_val_read' <Predicate = true> <Delay = 0.00>
ST_1 : Operation 65 [1/1] (0.00ns)   --->   "%data_1_val_read = read i32 @_ssdm_op_Read.ap_auto.i32, i32 %data_1_val" [firmware/nnet_utils/nnet_activation.h:42]   --->   Operation 65 'read' 'data_1_val_read' <Predicate = true> <Delay = 0.00>
ST_1 : Operation 66 [1/1] (0.00ns)   --->   "%data_0_val_read = read i32 @_ssdm_op_Read.ap_auto.i32, i32 %data_0_val" [firmware/nnet_utils/nnet_activation.h:42]   --->   Operation 66 'read' 'data_0_val_read' <Predicate = true> <Delay = 0.00>
ST_1 : Operation 67 [1/1] (2.55ns)   --->   "%icmp_ln45 = icmp_sgt  i32 %data_0_val_read, i32 0" [firmware/nnet_utils/nnet_activation.h:45]   --->   Operation 67 'icmp' 'icmp_ln45' <Predicate = true> <Delay = 2.55> <CoreInst = "Cmp">   --->   Core 9 'Cmp' <Latency = 0> <II = 1> <Delay = 2.55> <FuncUnit> <Opcode : 'icmp'> <InPorts = 2> <OutPorts = 1>
ST_1 : Operation 68 [1/1] (0.00ns)   --->   "%trunc_ln = partselect i16 @_ssdm_op_PartSelect.i16.i32.i32.i32, i32 %data_0_val_read, i32 4, i32 19" [firmware/nnet_utils/nnet_activation.h:46]   --->   Operation 68 'partselect' 'trunc_ln' <Predicate = (icmp_ln45)> <Delay = 0.00>
ST_1 : Operation 69 [1/1] (0.80ns)   --->   "%select_ln45 = select i1 %icmp_ln45, i16 %trunc_ln, i16 0" [firmware/nnet_utils/nnet_activation.h:45]   --->   Operation 69 'select' 'select_ln45' <Predicate = true> <Delay = 0.80> <CoreInst = "Sel">   --->   Core 73 'Sel' <Latency = 0> <II = 1> <Delay = 0.80> <FuncUnit> <Opcode : 'select'> <InPorts = 3> <OutPorts = 1>
ST_1 : Operation 70 [1/1] (2.55ns)   --->   "%icmp_ln45_47 = icmp_sgt  i32 %data_1_val_read, i32 0" [firmware/nnet_utils/nnet_activation.h:45]   --->   Operation 70 'icmp' 'icmp_ln45_47' <Predicate = true> <Delay = 2.55> <CoreInst = "Cmp">   --->   Core 9 'Cmp' <Latency = 0> <II = 1> <Delay = 2.55> <FuncUnit> <Opcode : 'icmp'> <InPorts = 2> <OutPorts = 1>
ST_1 : Operation 71 [1/1] (0.00ns)   --->   "%trunc_ln46_s = partselect i16 @_ssdm_op_PartSelect.i16.i32.i32.i32, i32 %data_1_val_read, i32 4, i32 19" [firmware/nnet_utils/nnet_activation.h:46]   --->   Operation 71 'partselect' 'trunc_ln46_s' <Predicate = (icmp_ln45_47)> <Delay = 0.00>
ST_1 : Operation 72 [1/1] (0.80ns)   --->   "%select_ln45_47 = select i1 %icmp_ln45_47, i16 %trunc_ln46_s, i16 0" [firmware/nnet_utils/nnet_activation.h:45]   --->   Operation 72 'select' 'select_ln45_47' <Predicate = true> <Delay = 0.80> <CoreInst = "Sel">   --->   Core 73 'Sel' <Latency = 0> <II = 1> <Delay = 0.80> <FuncUnit> <Opcode : 'select'> <InPorts = 3> <OutPorts = 1>
ST_1 : Operation 73 [1/1] (2.55ns)   --->   "%icmp_ln45_48 = icmp_sgt  i32 %data_2_val_read, i32 0" [firmware/nnet_utils/nnet_activation.h:45]   --->   Operation 73 'icmp' 'icmp_ln45_48' <Predicate = true> <Delay = 2.55> <CoreInst = "Cmp">   --->   Core 9 'Cmp' <Latency = 0> <II = 1> <Delay = 2.55> <FuncUnit> <Opcode : 'icmp'> <InPorts = 2> <OutPorts = 1>
ST_1 : Operation 74 [1/1] (0.00ns)   --->   "%trunc_ln46_45 = partselect i16 @_ssdm_op_PartSelect.i16.i32.i32.i32, i32 %data_2_val_read, i32 4, i32 19" [firmware/nnet_utils/nnet_activation.h:46]   --->   Operation 74 'partselect' 'trunc_ln46_45' <Predicate = (icmp_ln45_48)> <Delay = 0.00>
ST_1 : Operation 75 [1/1] (0.80ns)   --->   "%select_ln45_48 = select i1 %icmp_ln45_48, i16 %trunc_ln46_45, i16 0" [firmware/nnet_utils/nnet_activation.h:45]   --->   Operation 75 'select' 'select_ln45_48' <Predicate = true> <Delay = 0.80> <CoreInst = "Sel">   --->   Core 73 'Sel' <Latency = 0> <II = 1> <Delay = 0.80> <FuncUnit> <Opcode : 'select'> <InPorts = 3> <OutPorts = 1>
ST_1 : Operation 76 [1/1] (2.55ns)   --->   "%icmp_ln45_49 = icmp_sgt  i32 %data_3_val_read, i32 0" [firmware/nnet_utils/nnet_activation.h:45]   --->   Operation 76 'icmp' 'icmp_ln45_49' <Predicate = true> <Delay = 2.55> <CoreInst = "Cmp">   --->   Core 9 'Cmp' <Latency = 0> <II = 1> <Delay = 2.55> <FuncUnit> <Opcode : 'icmp'> <InPorts = 2> <OutPorts = 1>
ST_1 : Operation 77 [1/1] (0.00ns)   --->   "%trunc_ln46_46 = partselect i16 @_ssdm_op_PartSelect.i16.i32.i32.i32, i32 %data_3_val_read, i32 4, i32 19" [firmware/nnet_utils/nnet_activation.h:46]   --->   Operation 77 'partselect' 'trunc_ln46_46' <Predicate = (icmp_ln45_49)> <Delay = 0.00>
ST_1 : Operation 78 [1/1] (0.80ns)   --->   "%select_ln45_49 = select i1 %icmp_ln45_49, i16 %trunc_ln46_46, i16 0" [firmware/nnet_utils/nnet_activation.h:45]   --->   Operation 78 'select' 'select_ln45_49' <Predicate = true> <Delay = 0.80> <CoreInst = "Sel">   --->   Core 73 'Sel' <Latency = 0> <II = 1> <Delay = 0.80> <FuncUnit> <Opcode : 'select'> <InPorts = 3> <OutPorts = 1>
ST_1 : Operation 79 [1/1] (2.55ns)   --->   "%icmp_ln45_50 = icmp_sgt  i32 %data_4_val_read, i32 0" [firmware/nnet_utils/nnet_activation.h:45]   --->   Operation 79 'icmp' 'icmp_ln45_50' <Predicate = true> <Delay = 2.55> <CoreInst = "Cmp">   --->   Core 9 'Cmp' <Latency = 0> <II = 1> <Delay = 2.55> <FuncUnit> <Opcode : 'icmp'> <InPorts = 2> <OutPorts = 1>
ST_1 : Operation 80 [1/1] (0.00ns)   --->   "%trunc_ln46_47 = partselect i16 @_ssdm_op_PartSelect.i16.i32.i32.i32, i32 %data_4_val_read, i32 4, i32 19" [firmware/nnet_utils/nnet_activation.h:46]   --->   Operation 80 'partselect' 'trunc_ln46_47' <Predicate = (icmp_ln45_50)> <Delay = 0.00>
ST_1 : Operation 81 [1/1] (0.80ns)   --->   "%select_ln45_50 = select i1 %icmp_ln45_50, i16 %trunc_ln46_47, i16 0" [firmware/nnet_utils/nnet_activation.h:45]   --->   Operation 81 'select' 'select_ln45_50' <Predicate = true> <Delay = 0.80> <CoreInst = "Sel">   --->   Core 73 'Sel' <Latency = 0> <II = 1> <Delay = 0.80> <FuncUnit> <Opcode : 'select'> <InPorts = 3> <OutPorts = 1>
ST_1 : Operation 82 [1/1] (2.55ns)   --->   "%icmp_ln45_51 = icmp_sgt  i32 %data_5_val_read, i32 0" [firmware/nnet_utils/nnet_activation.h:45]   --->   Operation 82 'icmp' 'icmp_ln45_51' <Predicate = true> <Delay = 2.55> <CoreInst = "Cmp">   --->   Core 9 'Cmp' <Latency = 0> <II = 1> <Delay = 2.55> <FuncUnit> <Opcode : 'icmp'> <InPorts = 2> <OutPorts = 1>
ST_1 : Operation 83 [1/1] (0.00ns)   --->   "%trunc_ln46_48 = partselect i16 @_ssdm_op_PartSelect.i16.i32.i32.i32, i32 %data_5_val_read, i32 4, i32 19" [firmware/nnet_utils/nnet_activation.h:46]   --->   Operation 83 'partselect' 'trunc_ln46_48' <Predicate = (icmp_ln45_51)> <Delay = 0.00>
ST_1 : Operation 84 [1/1] (0.80ns)   --->   "%select_ln45_51 = select i1 %icmp_ln45_51, i16 %trunc_ln46_48, i16 0" [firmware/nnet_utils/nnet_activation.h:45]   --->   Operation 84 'select' 'select_ln45_51' <Predicate = true> <Delay = 0.80> <CoreInst = "Sel">   --->   Core 73 'Sel' <Latency = 0> <II = 1> <Delay = 0.80> <FuncUnit> <Opcode : 'select'> <InPorts = 3> <OutPorts = 1>
ST_1 : Operation 85 [1/1] (2.55ns)   --->   "%icmp_ln45_52 = icmp_sgt  i32 %data_6_val_read, i32 0" [firmware/nnet_utils/nnet_activation.h:45]   --->   Operation 85 'icmp' 'icmp_ln45_52' <Predicate = true> <Delay = 2.55> <CoreInst = "Cmp">   --->   Core 9 'Cmp' <Latency = 0> <II = 1> <Delay = 2.55> <FuncUnit> <Opcode : 'icmp'> <InPorts = 2> <OutPorts = 1>
ST_1 : Operation 86 [1/1] (0.00ns)   --->   "%trunc_ln46_49 = partselect i16 @_ssdm_op_PartSelect.i16.i32.i32.i32, i32 %data_6_val_read, i32 4, i32 19" [firmware/nnet_utils/nnet_activation.h:46]   --->   Operation 86 'partselect' 'trunc_ln46_49' <Predicate = (icmp_ln45_52)> <Delay = 0.00>
ST_1 : Operation 87 [1/1] (0.80ns)   --->   "%select_ln45_52 = select i1 %icmp_ln45_52, i16 %trunc_ln46_49, i16 0" [firmware/nnet_utils/nnet_activation.h:45]   --->   Operation 87 'select' 'select_ln45_52' <Predicate = true> <Delay = 0.80> <CoreInst = "Sel">   --->   Core 73 'Sel' <Latency = 0> <II = 1> <Delay = 0.80> <FuncUnit> <Opcode : 'select'> <InPorts = 3> <OutPorts = 1>
ST_1 : Operation 88 [1/1] (2.55ns)   --->   "%icmp_ln45_53 = icmp_sgt  i32 %data_7_val_read, i32 0" [firmware/nnet_utils/nnet_activation.h:45]   --->   Operation 88 'icmp' 'icmp_ln45_53' <Predicate = true> <Delay = 2.55> <CoreInst = "Cmp">   --->   Core 9 'Cmp' <Latency = 0> <II = 1> <Delay = 2.55> <FuncUnit> <Opcode : 'icmp'> <InPorts = 2> <OutPorts = 1>
ST_1 : Operation 89 [1/1] (0.00ns)   --->   "%trunc_ln46_50 = partselect i16 @_ssdm_op_PartSelect.i16.i32.i32.i32, i32 %data_7_val_read, i32 4, i32 19" [firmware/nnet_utils/nnet_activation.h:46]   --->   Operation 89 'partselect' 'trunc_ln46_50' <Predicate = (icmp_ln45_53)> <Delay = 0.00>
ST_1 : Operation 90 [1/1] (0.80ns)   --->   "%select_ln45_53 = select i1 %icmp_ln45_53, i16 %trunc_ln46_50, i16 0" [firmware/nnet_utils/nnet_activation.h:45]   --->   Operation 90 'select' 'select_ln45_53' <Predicate = true> <Delay = 0.80> <CoreInst = "Sel">   --->   Core 73 'Sel' <Latency = 0> <II = 1> <Delay = 0.80> <FuncUnit> <Opcode : 'select'> <InPorts = 3> <OutPorts = 1>
ST_1 : Operation 91 [1/1] (2.55ns)   --->   "%icmp_ln45_54 = icmp_sgt  i32 %data_8_val_read, i32 0" [firmware/nnet_utils/nnet_activation.h:45]   --->   Operation 91 'icmp' 'icmp_ln45_54' <Predicate = true> <Delay = 2.55> <CoreInst = "Cmp">   --->   Core 9 'Cmp' <Latency = 0> <II = 1> <Delay = 2.55> <FuncUnit> <Opcode : 'icmp'> <InPorts = 2> <OutPorts = 1>
ST_1 : Operation 92 [1/1] (0.00ns)   --->   "%trunc_ln46_51 = partselect i16 @_ssdm_op_PartSelect.i16.i32.i32.i32, i32 %data_8_val_read, i32 4, i32 19" [firmware/nnet_utils/nnet_activation.h:46]   --->   Operation 92 'partselect' 'trunc_ln46_51' <Predicate = (icmp_ln45_54)> <Delay = 0.00>
ST_1 : Operation 93 [1/1] (0.80ns)   --->   "%select_ln45_54 = select i1 %icmp_ln45_54, i16 %trunc_ln46_51, i16 0" [firmware/nnet_utils/nnet_activation.h:45]   --->   Operation 93 'select' 'select_ln45_54' <Predicate = true> <Delay = 0.80> <CoreInst = "Sel">   --->   Core 73 'Sel' <Latency = 0> <II = 1> <Delay = 0.80> <FuncUnit> <Opcode : 'select'> <InPorts = 3> <OutPorts = 1>
ST_1 : Operation 94 [1/1] (2.55ns)   --->   "%icmp_ln45_55 = icmp_sgt  i32 %data_9_val_read, i32 0" [firmware/nnet_utils/nnet_activation.h:45]   --->   Operation 94 'icmp' 'icmp_ln45_55' <Predicate = true> <Delay = 2.55> <CoreInst = "Cmp">   --->   Core 9 'Cmp' <Latency = 0> <II = 1> <Delay = 2.55> <FuncUnit> <Opcode : 'icmp'> <InPorts = 2> <OutPorts = 1>
ST_1 : Operation 95 [1/1] (0.00ns)   --->   "%trunc_ln46_52 = partselect i16 @_ssdm_op_PartSelect.i16.i32.i32.i32, i32 %data_9_val_read, i32 4, i32 19" [firmware/nnet_utils/nnet_activation.h:46]   --->   Operation 95 'partselect' 'trunc_ln46_52' <Predicate = (icmp_ln45_55)> <Delay = 0.00>
ST_1 : Operation 96 [1/1] (0.80ns)   --->   "%select_ln45_55 = select i1 %icmp_ln45_55, i16 %trunc_ln46_52, i16 0" [firmware/nnet_utils/nnet_activation.h:45]   --->   Operation 96 'select' 'select_ln45_55' <Predicate = true> <Delay = 0.80> <CoreInst = "Sel">   --->   Core 73 'Sel' <Latency = 0> <II = 1> <Delay = 0.80> <FuncUnit> <Opcode : 'select'> <InPorts = 3> <OutPorts = 1>
ST_1 : Operation 97 [1/1] (2.55ns)   --->   "%icmp_ln45_56 = icmp_sgt  i32 %data_10_val_read, i32 0" [firmware/nnet_utils/nnet_activation.h:45]   --->   Operation 97 'icmp' 'icmp_ln45_56' <Predicate = true> <Delay = 2.55> <CoreInst = "Cmp">   --->   Core 9 'Cmp' <Latency = 0> <II = 1> <Delay = 2.55> <FuncUnit> <Opcode : 'icmp'> <InPorts = 2> <OutPorts = 1>
ST_1 : Operation 98 [1/1] (0.00ns)   --->   "%trunc_ln46_53 = partselect i16 @_ssdm_op_PartSelect.i16.i32.i32.i32, i32 %data_10_val_read, i32 4, i32 19" [firmware/nnet_utils/nnet_activation.h:46]   --->   Operation 98 'partselect' 'trunc_ln46_53' <Predicate = (icmp_ln45_56)> <Delay = 0.00>
ST_1 : Operation 99 [1/1] (0.80ns)   --->   "%select_ln45_56 = select i1 %icmp_ln45_56, i16 %trunc_ln46_53, i16 0" [firmware/nnet_utils/nnet_activation.h:45]   --->   Operation 99 'select' 'select_ln45_56' <Predicate = true> <Delay = 0.80> <CoreInst = "Sel">   --->   Core 73 'Sel' <Latency = 0> <II = 1> <Delay = 0.80> <FuncUnit> <Opcode : 'select'> <InPorts = 3> <OutPorts = 1>
ST_1 : Operation 100 [1/1] (2.55ns)   --->   "%icmp_ln45_57 = icmp_sgt  i32 %data_11_val_read, i32 0" [firmware/nnet_utils/nnet_activation.h:45]   --->   Operation 100 'icmp' 'icmp_ln45_57' <Predicate = true> <Delay = 2.55> <CoreInst = "Cmp">   --->   Core 9 'Cmp' <Latency = 0> <II = 1> <Delay = 2.55> <FuncUnit> <Opcode : 'icmp'> <InPorts = 2> <OutPorts = 1>
ST_1 : Operation 101 [1/1] (0.00ns)   --->   "%trunc_ln46_54 = partselect i16 @_ssdm_op_PartSelect.i16.i32.i32.i32, i32 %data_11_val_read, i32 4, i32 19" [firmware/nnet_utils/nnet_activation.h:46]   --->   Operation 101 'partselect' 'trunc_ln46_54' <Predicate = (icmp_ln45_57)> <Delay = 0.00>
ST_1 : Operation 102 [1/1] (0.80ns)   --->   "%select_ln45_57 = select i1 %icmp_ln45_57, i16 %trunc_ln46_54, i16 0" [firmware/nnet_utils/nnet_activation.h:45]   --->   Operation 102 'select' 'select_ln45_57' <Predicate = true> <Delay = 0.80> <CoreInst = "Sel">   --->   Core 73 'Sel' <Latency = 0> <II = 1> <Delay = 0.80> <FuncUnit> <Opcode : 'select'> <InPorts = 3> <OutPorts = 1>
ST_1 : Operation 103 [1/1] (2.55ns)   --->   "%icmp_ln45_58 = icmp_sgt  i32 %data_12_val_read, i32 0" [firmware/nnet_utils/nnet_activation.h:45]   --->   Operation 103 'icmp' 'icmp_ln45_58' <Predicate = true> <Delay = 2.55> <CoreInst = "Cmp">   --->   Core 9 'Cmp' <Latency = 0> <II = 1> <Delay = 2.55> <FuncUnit> <Opcode : 'icmp'> <InPorts = 2> <OutPorts = 1>
ST_1 : Operation 104 [1/1] (0.00ns)   --->   "%trunc_ln46_55 = partselect i16 @_ssdm_op_PartSelect.i16.i32.i32.i32, i32 %data_12_val_read, i32 4, i32 19" [firmware/nnet_utils/nnet_activation.h:46]   --->   Operation 104 'partselect' 'trunc_ln46_55' <Predicate = (icmp_ln45_58)> <Delay = 0.00>
ST_1 : Operation 105 [1/1] (0.80ns)   --->   "%select_ln45_58 = select i1 %icmp_ln45_58, i16 %trunc_ln46_55, i16 0" [firmware/nnet_utils/nnet_activation.h:45]   --->   Operation 105 'select' 'select_ln45_58' <Predicate = true> <Delay = 0.80> <CoreInst = "Sel">   --->   Core 73 'Sel' <Latency = 0> <II = 1> <Delay = 0.80> <FuncUnit> <Opcode : 'select'> <InPorts = 3> <OutPorts = 1>
ST_1 : Operation 106 [1/1] (2.55ns)   --->   "%icmp_ln45_59 = icmp_sgt  i32 %data_13_val_read, i32 0" [firmware/nnet_utils/nnet_activation.h:45]   --->   Operation 106 'icmp' 'icmp_ln45_59' <Predicate = true> <Delay = 2.55> <CoreInst = "Cmp">   --->   Core 9 'Cmp' <Latency = 0> <II = 1> <Delay = 2.55> <FuncUnit> <Opcode : 'icmp'> <InPorts = 2> <OutPorts = 1>
ST_1 : Operation 107 [1/1] (0.00ns)   --->   "%trunc_ln46_56 = partselect i16 @_ssdm_op_PartSelect.i16.i32.i32.i32, i32 %data_13_val_read, i32 4, i32 19" [firmware/nnet_utils/nnet_activation.h:46]   --->   Operation 107 'partselect' 'trunc_ln46_56' <Predicate = (icmp_ln45_59)> <Delay = 0.00>
ST_1 : Operation 108 [1/1] (0.80ns)   --->   "%select_ln45_59 = select i1 %icmp_ln45_59, i16 %trunc_ln46_56, i16 0" [firmware/nnet_utils/nnet_activation.h:45]   --->   Operation 108 'select' 'select_ln45_59' <Predicate = true> <Delay = 0.80> <CoreInst = "Sel">   --->   Core 73 'Sel' <Latency = 0> <II = 1> <Delay = 0.80> <FuncUnit> <Opcode : 'select'> <InPorts = 3> <OutPorts = 1>
ST_1 : Operation 109 [1/1] (2.55ns)   --->   "%icmp_ln45_60 = icmp_sgt  i32 %data_14_val_read, i32 0" [firmware/nnet_utils/nnet_activation.h:45]   --->   Operation 109 'icmp' 'icmp_ln45_60' <Predicate = true> <Delay = 2.55> <CoreInst = "Cmp">   --->   Core 9 'Cmp' <Latency = 0> <II = 1> <Delay = 2.55> <FuncUnit> <Opcode : 'icmp'> <InPorts = 2> <OutPorts = 1>
ST_1 : Operation 110 [1/1] (0.00ns)   --->   "%trunc_ln46_57 = partselect i16 @_ssdm_op_PartSelect.i16.i32.i32.i32, i32 %data_14_val_read, i32 4, i32 19" [firmware/nnet_utils/nnet_activation.h:46]   --->   Operation 110 'partselect' 'trunc_ln46_57' <Predicate = (icmp_ln45_60)> <Delay = 0.00>
ST_1 : Operation 111 [1/1] (0.80ns)   --->   "%select_ln45_60 = select i1 %icmp_ln45_60, i16 %trunc_ln46_57, i16 0" [firmware/nnet_utils/nnet_activation.h:45]   --->   Operation 111 'select' 'select_ln45_60' <Predicate = true> <Delay = 0.80> <CoreInst = "Sel">   --->   Core 73 'Sel' <Latency = 0> <II = 1> <Delay = 0.80> <FuncUnit> <Opcode : 'select'> <InPorts = 3> <OutPorts = 1>
ST_1 : Operation 112 [1/1] (2.55ns)   --->   "%icmp_ln45_61 = icmp_sgt  i32 %data_15_val_read, i32 0" [firmware/nnet_utils/nnet_activation.h:45]   --->   Operation 112 'icmp' 'icmp_ln45_61' <Predicate = true> <Delay = 2.55> <CoreInst = "Cmp">   --->   Core 9 'Cmp' <Latency = 0> <II = 1> <Delay = 2.55> <FuncUnit> <Opcode : 'icmp'> <InPorts = 2> <OutPorts = 1>
ST_1 : Operation 113 [1/1] (0.00ns)   --->   "%trunc_ln46_58 = partselect i16 @_ssdm_op_PartSelect.i16.i32.i32.i32, i32 %data_15_val_read, i32 4, i32 19" [firmware/nnet_utils/nnet_activation.h:46]   --->   Operation 113 'partselect' 'trunc_ln46_58' <Predicate = (icmp_ln45_61)> <Delay = 0.00>
ST_1 : Operation 114 [1/1] (0.80ns)   --->   "%select_ln45_61 = select i1 %icmp_ln45_61, i16 %trunc_ln46_58, i16 0" [firmware/nnet_utils/nnet_activation.h:45]   --->   Operation 114 'select' 'select_ln45_61' <Predicate = true> <Delay = 0.80> <CoreInst = "Sel">   --->   Core 73 'Sel' <Latency = 0> <II = 1> <Delay = 0.80> <FuncUnit> <Opcode : 'select'> <InPorts = 3> <OutPorts = 1>
ST_1 : Operation 115 [1/1] (2.55ns)   --->   "%icmp_ln45_62 = icmp_sgt  i32 %data_16_val_read, i32 0" [firmware/nnet_utils/nnet_activation.h:45]   --->   Operation 115 'icmp' 'icmp_ln45_62' <Predicate = true> <Delay = 2.55> <CoreInst = "Cmp">   --->   Core 9 'Cmp' <Latency = 0> <II = 1> <Delay = 2.55> <FuncUnit> <Opcode : 'icmp'> <InPorts = 2> <OutPorts = 1>
ST_1 : Operation 116 [1/1] (0.00ns)   --->   "%trunc_ln46_59 = partselect i16 @_ssdm_op_PartSelect.i16.i32.i32.i32, i32 %data_16_val_read, i32 4, i32 19" [firmware/nnet_utils/nnet_activation.h:46]   --->   Operation 116 'partselect' 'trunc_ln46_59' <Predicate = (icmp_ln45_62)> <Delay = 0.00>
ST_1 : Operation 117 [1/1] (0.80ns)   --->   "%select_ln45_62 = select i1 %icmp_ln45_62, i16 %trunc_ln46_59, i16 0" [firmware/nnet_utils/nnet_activation.h:45]   --->   Operation 117 'select' 'select_ln45_62' <Predicate = true> <Delay = 0.80> <CoreInst = "Sel">   --->   Core 73 'Sel' <Latency = 0> <II = 1> <Delay = 0.80> <FuncUnit> <Opcode : 'select'> <InPorts = 3> <OutPorts = 1>
ST_1 : Operation 118 [1/1] (2.55ns)   --->   "%icmp_ln45_63 = icmp_sgt  i32 %data_17_val_read, i32 0" [firmware/nnet_utils/nnet_activation.h:45]   --->   Operation 118 'icmp' 'icmp_ln45_63' <Predicate = true> <Delay = 2.55> <CoreInst = "Cmp">   --->   Core 9 'Cmp' <Latency = 0> <II = 1> <Delay = 2.55> <FuncUnit> <Opcode : 'icmp'> <InPorts = 2> <OutPorts = 1>
ST_1 : Operation 119 [1/1] (0.00ns)   --->   "%trunc_ln46_60 = partselect i16 @_ssdm_op_PartSelect.i16.i32.i32.i32, i32 %data_17_val_read, i32 4, i32 19" [firmware/nnet_utils/nnet_activation.h:46]   --->   Operation 119 'partselect' 'trunc_ln46_60' <Predicate = (icmp_ln45_63)> <Delay = 0.00>
ST_1 : Operation 120 [1/1] (0.80ns)   --->   "%select_ln45_63 = select i1 %icmp_ln45_63, i16 %trunc_ln46_60, i16 0" [firmware/nnet_utils/nnet_activation.h:45]   --->   Operation 120 'select' 'select_ln45_63' <Predicate = true> <Delay = 0.80> <CoreInst = "Sel">   --->   Core 73 'Sel' <Latency = 0> <II = 1> <Delay = 0.80> <FuncUnit> <Opcode : 'select'> <InPorts = 3> <OutPorts = 1>
ST_1 : Operation 121 [1/1] (2.55ns)   --->   "%icmp_ln45_64 = icmp_sgt  i32 %data_18_val_read, i32 0" [firmware/nnet_utils/nnet_activation.h:45]   --->   Operation 121 'icmp' 'icmp_ln45_64' <Predicate = true> <Delay = 2.55> <CoreInst = "Cmp">   --->   Core 9 'Cmp' <Latency = 0> <II = 1> <Delay = 2.55> <FuncUnit> <Opcode : 'icmp'> <InPorts = 2> <OutPorts = 1>
ST_1 : Operation 122 [1/1] (0.00ns)   --->   "%trunc_ln46_61 = partselect i16 @_ssdm_op_PartSelect.i16.i32.i32.i32, i32 %data_18_val_read, i32 4, i32 19" [firmware/nnet_utils/nnet_activation.h:46]   --->   Operation 122 'partselect' 'trunc_ln46_61' <Predicate = (icmp_ln45_64)> <Delay = 0.00>
ST_1 : Operation 123 [1/1] (0.80ns)   --->   "%select_ln45_64 = select i1 %icmp_ln45_64, i16 %trunc_ln46_61, i16 0" [firmware/nnet_utils/nnet_activation.h:45]   --->   Operation 123 'select' 'select_ln45_64' <Predicate = true> <Delay = 0.80> <CoreInst = "Sel">   --->   Core 73 'Sel' <Latency = 0> <II = 1> <Delay = 0.80> <FuncUnit> <Opcode : 'select'> <InPorts = 3> <OutPorts = 1>
ST_1 : Operation 124 [1/1] (2.55ns)   --->   "%icmp_ln45_65 = icmp_sgt  i32 %data_19_val_read, i32 0" [firmware/nnet_utils/nnet_activation.h:45]   --->   Operation 124 'icmp' 'icmp_ln45_65' <Predicate = true> <Delay = 2.55> <CoreInst = "Cmp">   --->   Core 9 'Cmp' <Latency = 0> <II = 1> <Delay = 2.55> <FuncUnit> <Opcode : 'icmp'> <InPorts = 2> <OutPorts = 1>
ST_1 : Operation 125 [1/1] (0.00ns)   --->   "%trunc_ln46_62 = partselect i16 @_ssdm_op_PartSelect.i16.i32.i32.i32, i32 %data_19_val_read, i32 4, i32 19" [firmware/nnet_utils/nnet_activation.h:46]   --->   Operation 125 'partselect' 'trunc_ln46_62' <Predicate = (icmp_ln45_65)> <Delay = 0.00>
ST_1 : Operation 126 [1/1] (0.80ns)   --->   "%select_ln45_65 = select i1 %icmp_ln45_65, i16 %trunc_ln46_62, i16 0" [firmware/nnet_utils/nnet_activation.h:45]   --->   Operation 126 'select' 'select_ln45_65' <Predicate = true> <Delay = 0.80> <CoreInst = "Sel">   --->   Core 73 'Sel' <Latency = 0> <II = 1> <Delay = 0.80> <FuncUnit> <Opcode : 'select'> <InPorts = 3> <OutPorts = 1>
ST_1 : Operation 127 [1/1] (2.55ns)   --->   "%icmp_ln45_66 = icmp_sgt  i32 %data_20_val_read, i32 0" [firmware/nnet_utils/nnet_activation.h:45]   --->   Operation 127 'icmp' 'icmp_ln45_66' <Predicate = true> <Delay = 2.55> <CoreInst = "Cmp">   --->   Core 9 'Cmp' <Latency = 0> <II = 1> <Delay = 2.55> <FuncUnit> <Opcode : 'icmp'> <InPorts = 2> <OutPorts = 1>
ST_1 : Operation 128 [1/1] (0.00ns)   --->   "%trunc_ln46_63 = partselect i16 @_ssdm_op_PartSelect.i16.i32.i32.i32, i32 %data_20_val_read, i32 4, i32 19" [firmware/nnet_utils/nnet_activation.h:46]   --->   Operation 128 'partselect' 'trunc_ln46_63' <Predicate = (icmp_ln45_66)> <Delay = 0.00>
ST_1 : Operation 129 [1/1] (0.80ns)   --->   "%select_ln45_66 = select i1 %icmp_ln45_66, i16 %trunc_ln46_63, i16 0" [firmware/nnet_utils/nnet_activation.h:45]   --->   Operation 129 'select' 'select_ln45_66' <Predicate = true> <Delay = 0.80> <CoreInst = "Sel">   --->   Core 73 'Sel' <Latency = 0> <II = 1> <Delay = 0.80> <FuncUnit> <Opcode : 'select'> <InPorts = 3> <OutPorts = 1>
ST_1 : Operation 130 [1/1] (2.55ns)   --->   "%icmp_ln45_67 = icmp_sgt  i32 %data_21_val_read, i32 0" [firmware/nnet_utils/nnet_activation.h:45]   --->   Operation 130 'icmp' 'icmp_ln45_67' <Predicate = true> <Delay = 2.55> <CoreInst = "Cmp">   --->   Core 9 'Cmp' <Latency = 0> <II = 1> <Delay = 2.55> <FuncUnit> <Opcode : 'icmp'> <InPorts = 2> <OutPorts = 1>
ST_1 : Operation 131 [1/1] (0.00ns)   --->   "%trunc_ln46_64 = partselect i16 @_ssdm_op_PartSelect.i16.i32.i32.i32, i32 %data_21_val_read, i32 4, i32 19" [firmware/nnet_utils/nnet_activation.h:46]   --->   Operation 131 'partselect' 'trunc_ln46_64' <Predicate = (icmp_ln45_67)> <Delay = 0.00>
ST_1 : Operation 132 [1/1] (0.80ns)   --->   "%select_ln45_67 = select i1 %icmp_ln45_67, i16 %trunc_ln46_64, i16 0" [firmware/nnet_utils/nnet_activation.h:45]   --->   Operation 132 'select' 'select_ln45_67' <Predicate = true> <Delay = 0.80> <CoreInst = "Sel">   --->   Core 73 'Sel' <Latency = 0> <II = 1> <Delay = 0.80> <FuncUnit> <Opcode : 'select'> <InPorts = 3> <OutPorts = 1>
ST_1 : Operation 133 [1/1] (2.55ns)   --->   "%icmp_ln45_68 = icmp_sgt  i32 %data_22_val_read, i32 0" [firmware/nnet_utils/nnet_activation.h:45]   --->   Operation 133 'icmp' 'icmp_ln45_68' <Predicate = true> <Delay = 2.55> <CoreInst = "Cmp">   --->   Core 9 'Cmp' <Latency = 0> <II = 1> <Delay = 2.55> <FuncUnit> <Opcode : 'icmp'> <InPorts = 2> <OutPorts = 1>
ST_1 : Operation 134 [1/1] (0.00ns)   --->   "%trunc_ln46_65 = partselect i16 @_ssdm_op_PartSelect.i16.i32.i32.i32, i32 %data_22_val_read, i32 4, i32 19" [firmware/nnet_utils/nnet_activation.h:46]   --->   Operation 134 'partselect' 'trunc_ln46_65' <Predicate = (icmp_ln45_68)> <Delay = 0.00>
ST_1 : Operation 135 [1/1] (0.80ns)   --->   "%select_ln45_68 = select i1 %icmp_ln45_68, i16 %trunc_ln46_65, i16 0" [firmware/nnet_utils/nnet_activation.h:45]   --->   Operation 135 'select' 'select_ln45_68' <Predicate = true> <Delay = 0.80> <CoreInst = "Sel">   --->   Core 73 'Sel' <Latency = 0> <II = 1> <Delay = 0.80> <FuncUnit> <Opcode : 'select'> <InPorts = 3> <OutPorts = 1>
ST_1 : Operation 136 [1/1] (2.55ns)   --->   "%icmp_ln45_69 = icmp_sgt  i32 %data_23_val_read, i32 0" [firmware/nnet_utils/nnet_activation.h:45]   --->   Operation 136 'icmp' 'icmp_ln45_69' <Predicate = true> <Delay = 2.55> <CoreInst = "Cmp">   --->   Core 9 'Cmp' <Latency = 0> <II = 1> <Delay = 2.55> <FuncUnit> <Opcode : 'icmp'> <InPorts = 2> <OutPorts = 1>
ST_1 : Operation 137 [1/1] (0.00ns)   --->   "%trunc_ln46_66 = partselect i16 @_ssdm_op_PartSelect.i16.i32.i32.i32, i32 %data_23_val_read, i32 4, i32 19" [firmware/nnet_utils/nnet_activation.h:46]   --->   Operation 137 'partselect' 'trunc_ln46_66' <Predicate = (icmp_ln45_69)> <Delay = 0.00>
ST_1 : Operation 138 [1/1] (0.80ns)   --->   "%select_ln45_69 = select i1 %icmp_ln45_69, i16 %trunc_ln46_66, i16 0" [firmware/nnet_utils/nnet_activation.h:45]   --->   Operation 138 'select' 'select_ln45_69' <Predicate = true> <Delay = 0.80> <CoreInst = "Sel">   --->   Core 73 'Sel' <Latency = 0> <II = 1> <Delay = 0.80> <FuncUnit> <Opcode : 'select'> <InPorts = 3> <OutPorts = 1>
ST_1 : Operation 139 [1/1] (2.55ns)   --->   "%icmp_ln45_70 = icmp_sgt  i32 %data_24_val_read, i32 0" [firmware/nnet_utils/nnet_activation.h:45]   --->   Operation 139 'icmp' 'icmp_ln45_70' <Predicate = true> <Delay = 2.55> <CoreInst = "Cmp">   --->   Core 9 'Cmp' <Latency = 0> <II = 1> <Delay = 2.55> <FuncUnit> <Opcode : 'icmp'> <InPorts = 2> <OutPorts = 1>
ST_1 : Operation 140 [1/1] (0.00ns)   --->   "%trunc_ln46_67 = partselect i16 @_ssdm_op_PartSelect.i16.i32.i32.i32, i32 %data_24_val_read, i32 4, i32 19" [firmware/nnet_utils/nnet_activation.h:46]   --->   Operation 140 'partselect' 'trunc_ln46_67' <Predicate = (icmp_ln45_70)> <Delay = 0.00>
ST_1 : Operation 141 [1/1] (0.80ns)   --->   "%select_ln45_70 = select i1 %icmp_ln45_70, i16 %trunc_ln46_67, i16 0" [firmware/nnet_utils/nnet_activation.h:45]   --->   Operation 141 'select' 'select_ln45_70' <Predicate = true> <Delay = 0.80> <CoreInst = "Sel">   --->   Core 73 'Sel' <Latency = 0> <II = 1> <Delay = 0.80> <FuncUnit> <Opcode : 'select'> <InPorts = 3> <OutPorts = 1>
ST_1 : Operation 142 [1/1] (2.55ns)   --->   "%icmp_ln45_71 = icmp_sgt  i32 %data_25_val_read, i32 0" [firmware/nnet_utils/nnet_activation.h:45]   --->   Operation 142 'icmp' 'icmp_ln45_71' <Predicate = true> <Delay = 2.55> <CoreInst = "Cmp">   --->   Core 9 'Cmp' <Latency = 0> <II = 1> <Delay = 2.55> <FuncUnit> <Opcode : 'icmp'> <InPorts = 2> <OutPorts = 1>
ST_1 : Operation 143 [1/1] (0.00ns)   --->   "%trunc_ln46_68 = partselect i16 @_ssdm_op_PartSelect.i16.i32.i32.i32, i32 %data_25_val_read, i32 4, i32 19" [firmware/nnet_utils/nnet_activation.h:46]   --->   Operation 143 'partselect' 'trunc_ln46_68' <Predicate = (icmp_ln45_71)> <Delay = 0.00>
ST_1 : Operation 144 [1/1] (0.80ns)   --->   "%select_ln45_71 = select i1 %icmp_ln45_71, i16 %trunc_ln46_68, i16 0" [firmware/nnet_utils/nnet_activation.h:45]   --->   Operation 144 'select' 'select_ln45_71' <Predicate = true> <Delay = 0.80> <CoreInst = "Sel">   --->   Core 73 'Sel' <Latency = 0> <II = 1> <Delay = 0.80> <FuncUnit> <Opcode : 'select'> <InPorts = 3> <OutPorts = 1>
ST_1 : Operation 145 [1/1] (2.55ns)   --->   "%icmp_ln45_72 = icmp_sgt  i32 %data_26_val_read, i32 0" [firmware/nnet_utils/nnet_activation.h:45]   --->   Operation 145 'icmp' 'icmp_ln45_72' <Predicate = true> <Delay = 2.55> <CoreInst = "Cmp">   --->   Core 9 'Cmp' <Latency = 0> <II = 1> <Delay = 2.55> <FuncUnit> <Opcode : 'icmp'> <InPorts = 2> <OutPorts = 1>
ST_1 : Operation 146 [1/1] (0.00ns)   --->   "%trunc_ln46_69 = partselect i16 @_ssdm_op_PartSelect.i16.i32.i32.i32, i32 %data_26_val_read, i32 4, i32 19" [firmware/nnet_utils/nnet_activation.h:46]   --->   Operation 146 'partselect' 'trunc_ln46_69' <Predicate = (icmp_ln45_72)> <Delay = 0.00>
ST_1 : Operation 147 [1/1] (0.80ns)   --->   "%select_ln45_72 = select i1 %icmp_ln45_72, i16 %trunc_ln46_69, i16 0" [firmware/nnet_utils/nnet_activation.h:45]   --->   Operation 147 'select' 'select_ln45_72' <Predicate = true> <Delay = 0.80> <CoreInst = "Sel">   --->   Core 73 'Sel' <Latency = 0> <II = 1> <Delay = 0.80> <FuncUnit> <Opcode : 'select'> <InPorts = 3> <OutPorts = 1>
ST_1 : Operation 148 [1/1] (2.55ns)   --->   "%icmp_ln45_73 = icmp_sgt  i32 %data_27_val_read, i32 0" [firmware/nnet_utils/nnet_activation.h:45]   --->   Operation 148 'icmp' 'icmp_ln45_73' <Predicate = true> <Delay = 2.55> <CoreInst = "Cmp">   --->   Core 9 'Cmp' <Latency = 0> <II = 1> <Delay = 2.55> <FuncUnit> <Opcode : 'icmp'> <InPorts = 2> <OutPorts = 1>
ST_1 : Operation 149 [1/1] (0.00ns)   --->   "%trunc_ln46_70 = partselect i16 @_ssdm_op_PartSelect.i16.i32.i32.i32, i32 %data_27_val_read, i32 4, i32 19" [firmware/nnet_utils/nnet_activation.h:46]   --->   Operation 149 'partselect' 'trunc_ln46_70' <Predicate = (icmp_ln45_73)> <Delay = 0.00>
ST_1 : Operation 150 [1/1] (0.80ns)   --->   "%select_ln45_73 = select i1 %icmp_ln45_73, i16 %trunc_ln46_70, i16 0" [firmware/nnet_utils/nnet_activation.h:45]   --->   Operation 150 'select' 'select_ln45_73' <Predicate = true> <Delay = 0.80> <CoreInst = "Sel">   --->   Core 73 'Sel' <Latency = 0> <II = 1> <Delay = 0.80> <FuncUnit> <Opcode : 'select'> <InPorts = 3> <OutPorts = 1>
ST_1 : Operation 151 [1/1] (2.55ns)   --->   "%icmp_ln45_74 = icmp_sgt  i32 %data_28_val_read, i32 0" [firmware/nnet_utils/nnet_activation.h:45]   --->   Operation 151 'icmp' 'icmp_ln45_74' <Predicate = true> <Delay = 2.55> <CoreInst = "Cmp">   --->   Core 9 'Cmp' <Latency = 0> <II = 1> <Delay = 2.55> <FuncUnit> <Opcode : 'icmp'> <InPorts = 2> <OutPorts = 1>
ST_1 : Operation 152 [1/1] (0.00ns)   --->   "%trunc_ln46_71 = partselect i16 @_ssdm_op_PartSelect.i16.i32.i32.i32, i32 %data_28_val_read, i32 4, i32 19" [firmware/nnet_utils/nnet_activation.h:46]   --->   Operation 152 'partselect' 'trunc_ln46_71' <Predicate = (icmp_ln45_74)> <Delay = 0.00>
ST_1 : Operation 153 [1/1] (0.80ns)   --->   "%select_ln45_74 = select i1 %icmp_ln45_74, i16 %trunc_ln46_71, i16 0" [firmware/nnet_utils/nnet_activation.h:45]   --->   Operation 153 'select' 'select_ln45_74' <Predicate = true> <Delay = 0.80> <CoreInst = "Sel">   --->   Core 73 'Sel' <Latency = 0> <II = 1> <Delay = 0.80> <FuncUnit> <Opcode : 'select'> <InPorts = 3> <OutPorts = 1>
ST_1 : Operation 154 [1/1] (2.55ns)   --->   "%icmp_ln45_75 = icmp_sgt  i32 %data_29_val_read, i32 0" [firmware/nnet_utils/nnet_activation.h:45]   --->   Operation 154 'icmp' 'icmp_ln45_75' <Predicate = true> <Delay = 2.55> <CoreInst = "Cmp">   --->   Core 9 'Cmp' <Latency = 0> <II = 1> <Delay = 2.55> <FuncUnit> <Opcode : 'icmp'> <InPorts = 2> <OutPorts = 1>
ST_1 : Operation 155 [1/1] (0.00ns)   --->   "%trunc_ln46_72 = partselect i16 @_ssdm_op_PartSelect.i16.i32.i32.i32, i32 %data_29_val_read, i32 4, i32 19" [firmware/nnet_utils/nnet_activation.h:46]   --->   Operation 155 'partselect' 'trunc_ln46_72' <Predicate = (icmp_ln45_75)> <Delay = 0.00>
ST_1 : Operation 156 [1/1] (0.80ns)   --->   "%select_ln45_75 = select i1 %icmp_ln45_75, i16 %trunc_ln46_72, i16 0" [firmware/nnet_utils/nnet_activation.h:45]   --->   Operation 156 'select' 'select_ln45_75' <Predicate = true> <Delay = 0.80> <CoreInst = "Sel">   --->   Core 73 'Sel' <Latency = 0> <II = 1> <Delay = 0.80> <FuncUnit> <Opcode : 'select'> <InPorts = 3> <OutPorts = 1>
ST_1 : Operation 157 [1/1] (2.55ns)   --->   "%icmp_ln45_76 = icmp_sgt  i32 %data_30_val_read, i32 0" [firmware/nnet_utils/nnet_activation.h:45]   --->   Operation 157 'icmp' 'icmp_ln45_76' <Predicate = true> <Delay = 2.55> <CoreInst = "Cmp">   --->   Core 9 'Cmp' <Latency = 0> <II = 1> <Delay = 2.55> <FuncUnit> <Opcode : 'icmp'> <InPorts = 2> <OutPorts = 1>
ST_1 : Operation 158 [1/1] (0.00ns)   --->   "%trunc_ln46_73 = partselect i16 @_ssdm_op_PartSelect.i16.i32.i32.i32, i32 %data_30_val_read, i32 4, i32 19" [firmware/nnet_utils/nnet_activation.h:46]   --->   Operation 158 'partselect' 'trunc_ln46_73' <Predicate = (icmp_ln45_76)> <Delay = 0.00>
ST_1 : Operation 159 [1/1] (0.80ns)   --->   "%select_ln45_76 = select i1 %icmp_ln45_76, i16 %trunc_ln46_73, i16 0" [firmware/nnet_utils/nnet_activation.h:45]   --->   Operation 159 'select' 'select_ln45_76' <Predicate = true> <Delay = 0.80> <CoreInst = "Sel">   --->   Core 73 'Sel' <Latency = 0> <II = 1> <Delay = 0.80> <FuncUnit> <Opcode : 'select'> <InPorts = 3> <OutPorts = 1>
ST_1 : Operation 160 [1/1] (2.55ns)   --->   "%icmp_ln45_77 = icmp_sgt  i32 %data_31_val_read, i32 0" [firmware/nnet_utils/nnet_activation.h:45]   --->   Operation 160 'icmp' 'icmp_ln45_77' <Predicate = true> <Delay = 2.55> <CoreInst = "Cmp">   --->   Core 9 'Cmp' <Latency = 0> <II = 1> <Delay = 2.55> <FuncUnit> <Opcode : 'icmp'> <InPorts = 2> <OutPorts = 1>
ST_1 : Operation 161 [1/1] (0.00ns)   --->   "%trunc_ln46_74 = partselect i16 @_ssdm_op_PartSelect.i16.i32.i32.i32, i32 %data_31_val_read, i32 4, i32 19" [firmware/nnet_utils/nnet_activation.h:46]   --->   Operation 161 'partselect' 'trunc_ln46_74' <Predicate = (icmp_ln45_77)> <Delay = 0.00>
ST_1 : Operation 162 [1/1] (0.80ns)   --->   "%select_ln45_77 = select i1 %icmp_ln45_77, i16 %trunc_ln46_74, i16 0" [firmware/nnet_utils/nnet_activation.h:45]   --->   Operation 162 'select' 'select_ln45_77' <Predicate = true> <Delay = 0.80> <CoreInst = "Sel">   --->   Core 73 'Sel' <Latency = 0> <II = 1> <Delay = 0.80> <FuncUnit> <Opcode : 'select'> <InPorts = 3> <OutPorts = 1>
ST_1 : Operation 163 [1/1] (2.55ns)   --->   "%icmp_ln45_78 = icmp_sgt  i32 %data_32_val_read, i32 0" [firmware/nnet_utils/nnet_activation.h:45]   --->   Operation 163 'icmp' 'icmp_ln45_78' <Predicate = true> <Delay = 2.55> <CoreInst = "Cmp">   --->   Core 9 'Cmp' <Latency = 0> <II = 1> <Delay = 2.55> <FuncUnit> <Opcode : 'icmp'> <InPorts = 2> <OutPorts = 1>
ST_1 : Operation 164 [1/1] (0.00ns)   --->   "%trunc_ln46_75 = partselect i16 @_ssdm_op_PartSelect.i16.i32.i32.i32, i32 %data_32_val_read, i32 4, i32 19" [firmware/nnet_utils/nnet_activation.h:46]   --->   Operation 164 'partselect' 'trunc_ln46_75' <Predicate = (icmp_ln45_78)> <Delay = 0.00>
ST_1 : Operation 165 [1/1] (0.80ns)   --->   "%select_ln45_78 = select i1 %icmp_ln45_78, i16 %trunc_ln46_75, i16 0" [firmware/nnet_utils/nnet_activation.h:45]   --->   Operation 165 'select' 'select_ln45_78' <Predicate = true> <Delay = 0.80> <CoreInst = "Sel">   --->   Core 73 'Sel' <Latency = 0> <II = 1> <Delay = 0.80> <FuncUnit> <Opcode : 'select'> <InPorts = 3> <OutPorts = 1>
ST_1 : Operation 166 [1/1] (2.55ns)   --->   "%icmp_ln45_79 = icmp_sgt  i32 %data_33_val_read, i32 0" [firmware/nnet_utils/nnet_activation.h:45]   --->   Operation 166 'icmp' 'icmp_ln45_79' <Predicate = true> <Delay = 2.55> <CoreInst = "Cmp">   --->   Core 9 'Cmp' <Latency = 0> <II = 1> <Delay = 2.55> <FuncUnit> <Opcode : 'icmp'> <InPorts = 2> <OutPorts = 1>
ST_1 : Operation 167 [1/1] (0.00ns)   --->   "%trunc_ln46_76 = partselect i16 @_ssdm_op_PartSelect.i16.i32.i32.i32, i32 %data_33_val_read, i32 4, i32 19" [firmware/nnet_utils/nnet_activation.h:46]   --->   Operation 167 'partselect' 'trunc_ln46_76' <Predicate = (icmp_ln45_79)> <Delay = 0.00>
ST_1 : Operation 168 [1/1] (0.80ns)   --->   "%select_ln45_79 = select i1 %icmp_ln45_79, i16 %trunc_ln46_76, i16 0" [firmware/nnet_utils/nnet_activation.h:45]   --->   Operation 168 'select' 'select_ln45_79' <Predicate = true> <Delay = 0.80> <CoreInst = "Sel">   --->   Core 73 'Sel' <Latency = 0> <II = 1> <Delay = 0.80> <FuncUnit> <Opcode : 'select'> <InPorts = 3> <OutPorts = 1>
ST_1 : Operation 169 [1/1] (2.55ns)   --->   "%icmp_ln45_80 = icmp_sgt  i32 %data_34_val_read, i32 0" [firmware/nnet_utils/nnet_activation.h:45]   --->   Operation 169 'icmp' 'icmp_ln45_80' <Predicate = true> <Delay = 2.55> <CoreInst = "Cmp">   --->   Core 9 'Cmp' <Latency = 0> <II = 1> <Delay = 2.55> <FuncUnit> <Opcode : 'icmp'> <InPorts = 2> <OutPorts = 1>
ST_1 : Operation 170 [1/1] (0.00ns)   --->   "%trunc_ln46_77 = partselect i16 @_ssdm_op_PartSelect.i16.i32.i32.i32, i32 %data_34_val_read, i32 4, i32 19" [firmware/nnet_utils/nnet_activation.h:46]   --->   Operation 170 'partselect' 'trunc_ln46_77' <Predicate = (icmp_ln45_80)> <Delay = 0.00>
ST_1 : Operation 171 [1/1] (0.80ns)   --->   "%select_ln45_80 = select i1 %icmp_ln45_80, i16 %trunc_ln46_77, i16 0" [firmware/nnet_utils/nnet_activation.h:45]   --->   Operation 171 'select' 'select_ln45_80' <Predicate = true> <Delay = 0.80> <CoreInst = "Sel">   --->   Core 73 'Sel' <Latency = 0> <II = 1> <Delay = 0.80> <FuncUnit> <Opcode : 'select'> <InPorts = 3> <OutPorts = 1>
ST_1 : Operation 172 [1/1] (2.55ns)   --->   "%icmp_ln45_81 = icmp_sgt  i32 %data_35_val_read, i32 0" [firmware/nnet_utils/nnet_activation.h:45]   --->   Operation 172 'icmp' 'icmp_ln45_81' <Predicate = true> <Delay = 2.55> <CoreInst = "Cmp">   --->   Core 9 'Cmp' <Latency = 0> <II = 1> <Delay = 2.55> <FuncUnit> <Opcode : 'icmp'> <InPorts = 2> <OutPorts = 1>
ST_1 : Operation 173 [1/1] (0.00ns)   --->   "%trunc_ln46_78 = partselect i16 @_ssdm_op_PartSelect.i16.i32.i32.i32, i32 %data_35_val_read, i32 4, i32 19" [firmware/nnet_utils/nnet_activation.h:46]   --->   Operation 173 'partselect' 'trunc_ln46_78' <Predicate = (icmp_ln45_81)> <Delay = 0.00>
ST_1 : Operation 174 [1/1] (0.80ns)   --->   "%select_ln45_81 = select i1 %icmp_ln45_81, i16 %trunc_ln46_78, i16 0" [firmware/nnet_utils/nnet_activation.h:45]   --->   Operation 174 'select' 'select_ln45_81' <Predicate = true> <Delay = 0.80> <CoreInst = "Sel">   --->   Core 73 'Sel' <Latency = 0> <II = 1> <Delay = 0.80> <FuncUnit> <Opcode : 'select'> <InPorts = 3> <OutPorts = 1>
ST_1 : Operation 175 [1/1] (2.55ns)   --->   "%icmp_ln45_82 = icmp_sgt  i32 %data_36_val_read, i32 0" [firmware/nnet_utils/nnet_activation.h:45]   --->   Operation 175 'icmp' 'icmp_ln45_82' <Predicate = true> <Delay = 2.55> <CoreInst = "Cmp">   --->   Core 9 'Cmp' <Latency = 0> <II = 1> <Delay = 2.55> <FuncUnit> <Opcode : 'icmp'> <InPorts = 2> <OutPorts = 1>
ST_1 : Operation 176 [1/1] (0.00ns)   --->   "%trunc_ln46_79 = partselect i16 @_ssdm_op_PartSelect.i16.i32.i32.i32, i32 %data_36_val_read, i32 4, i32 19" [firmware/nnet_utils/nnet_activation.h:46]   --->   Operation 176 'partselect' 'trunc_ln46_79' <Predicate = (icmp_ln45_82)> <Delay = 0.00>
ST_1 : Operation 177 [1/1] (0.80ns)   --->   "%select_ln45_82 = select i1 %icmp_ln45_82, i16 %trunc_ln46_79, i16 0" [firmware/nnet_utils/nnet_activation.h:45]   --->   Operation 177 'select' 'select_ln45_82' <Predicate = true> <Delay = 0.80> <CoreInst = "Sel">   --->   Core 73 'Sel' <Latency = 0> <II = 1> <Delay = 0.80> <FuncUnit> <Opcode : 'select'> <InPorts = 3> <OutPorts = 1>
ST_1 : Operation 178 [1/1] (2.55ns)   --->   "%icmp_ln45_83 = icmp_sgt  i32 %data_37_val_read, i32 0" [firmware/nnet_utils/nnet_activation.h:45]   --->   Operation 178 'icmp' 'icmp_ln45_83' <Predicate = true> <Delay = 2.55> <CoreInst = "Cmp">   --->   Core 9 'Cmp' <Latency = 0> <II = 1> <Delay = 2.55> <FuncUnit> <Opcode : 'icmp'> <InPorts = 2> <OutPorts = 1>
ST_1 : Operation 179 [1/1] (0.00ns)   --->   "%trunc_ln46_80 = partselect i16 @_ssdm_op_PartSelect.i16.i32.i32.i32, i32 %data_37_val_read, i32 4, i32 19" [firmware/nnet_utils/nnet_activation.h:46]   --->   Operation 179 'partselect' 'trunc_ln46_80' <Predicate = (icmp_ln45_83)> <Delay = 0.00>
ST_1 : Operation 180 [1/1] (0.80ns)   --->   "%select_ln45_83 = select i1 %icmp_ln45_83, i16 %trunc_ln46_80, i16 0" [firmware/nnet_utils/nnet_activation.h:45]   --->   Operation 180 'select' 'select_ln45_83' <Predicate = true> <Delay = 0.80> <CoreInst = "Sel">   --->   Core 73 'Sel' <Latency = 0> <II = 1> <Delay = 0.80> <FuncUnit> <Opcode : 'select'> <InPorts = 3> <OutPorts = 1>
ST_1 : Operation 181 [1/1] (2.55ns)   --->   "%icmp_ln45_84 = icmp_sgt  i32 %data_38_val_read, i32 0" [firmware/nnet_utils/nnet_activation.h:45]   --->   Operation 181 'icmp' 'icmp_ln45_84' <Predicate = true> <Delay = 2.55> <CoreInst = "Cmp">   --->   Core 9 'Cmp' <Latency = 0> <II = 1> <Delay = 2.55> <FuncUnit> <Opcode : 'icmp'> <InPorts = 2> <OutPorts = 1>
ST_1 : Operation 182 [1/1] (0.00ns)   --->   "%trunc_ln46_81 = partselect i16 @_ssdm_op_PartSelect.i16.i32.i32.i32, i32 %data_38_val_read, i32 4, i32 19" [firmware/nnet_utils/nnet_activation.h:46]   --->   Operation 182 'partselect' 'trunc_ln46_81' <Predicate = (icmp_ln45_84)> <Delay = 0.00>
ST_1 : Operation 183 [1/1] (0.80ns)   --->   "%select_ln45_84 = select i1 %icmp_ln45_84, i16 %trunc_ln46_81, i16 0" [firmware/nnet_utils/nnet_activation.h:45]   --->   Operation 183 'select' 'select_ln45_84' <Predicate = true> <Delay = 0.80> <CoreInst = "Sel">   --->   Core 73 'Sel' <Latency = 0> <II = 1> <Delay = 0.80> <FuncUnit> <Opcode : 'select'> <InPorts = 3> <OutPorts = 1>
ST_1 : Operation 184 [1/1] (2.55ns)   --->   "%icmp_ln45_85 = icmp_sgt  i32 %data_39_val_read, i32 0" [firmware/nnet_utils/nnet_activation.h:45]   --->   Operation 184 'icmp' 'icmp_ln45_85' <Predicate = true> <Delay = 2.55> <CoreInst = "Cmp">   --->   Core 9 'Cmp' <Latency = 0> <II = 1> <Delay = 2.55> <FuncUnit> <Opcode : 'icmp'> <InPorts = 2> <OutPorts = 1>
ST_1 : Operation 185 [1/1] (0.00ns)   --->   "%trunc_ln46_82 = partselect i16 @_ssdm_op_PartSelect.i16.i32.i32.i32, i32 %data_39_val_read, i32 4, i32 19" [firmware/nnet_utils/nnet_activation.h:46]   --->   Operation 185 'partselect' 'trunc_ln46_82' <Predicate = (icmp_ln45_85)> <Delay = 0.00>
ST_1 : Operation 186 [1/1] (0.80ns)   --->   "%select_ln45_85 = select i1 %icmp_ln45_85, i16 %trunc_ln46_82, i16 0" [firmware/nnet_utils/nnet_activation.h:45]   --->   Operation 186 'select' 'select_ln45_85' <Predicate = true> <Delay = 0.80> <CoreInst = "Sel">   --->   Core 73 'Sel' <Latency = 0> <II = 1> <Delay = 0.80> <FuncUnit> <Opcode : 'select'> <InPorts = 3> <OutPorts = 1>
ST_1 : Operation 187 [1/1] (2.55ns)   --->   "%icmp_ln45_86 = icmp_sgt  i32 %data_40_val_read, i32 0" [firmware/nnet_utils/nnet_activation.h:45]   --->   Operation 187 'icmp' 'icmp_ln45_86' <Predicate = true> <Delay = 2.55> <CoreInst = "Cmp">   --->   Core 9 'Cmp' <Latency = 0> <II = 1> <Delay = 2.55> <FuncUnit> <Opcode : 'icmp'> <InPorts = 2> <OutPorts = 1>
ST_1 : Operation 188 [1/1] (0.00ns)   --->   "%trunc_ln46_83 = partselect i16 @_ssdm_op_PartSelect.i16.i32.i32.i32, i32 %data_40_val_read, i32 4, i32 19" [firmware/nnet_utils/nnet_activation.h:46]   --->   Operation 188 'partselect' 'trunc_ln46_83' <Predicate = (icmp_ln45_86)> <Delay = 0.00>
ST_1 : Operation 189 [1/1] (0.80ns)   --->   "%select_ln45_86 = select i1 %icmp_ln45_86, i16 %trunc_ln46_83, i16 0" [firmware/nnet_utils/nnet_activation.h:45]   --->   Operation 189 'select' 'select_ln45_86' <Predicate = true> <Delay = 0.80> <CoreInst = "Sel">   --->   Core 73 'Sel' <Latency = 0> <II = 1> <Delay = 0.80> <FuncUnit> <Opcode : 'select'> <InPorts = 3> <OutPorts = 1>
ST_1 : Operation 190 [1/1] (2.55ns)   --->   "%icmp_ln45_87 = icmp_sgt  i32 %data_41_val_read, i32 0" [firmware/nnet_utils/nnet_activation.h:45]   --->   Operation 190 'icmp' 'icmp_ln45_87' <Predicate = true> <Delay = 2.55> <CoreInst = "Cmp">   --->   Core 9 'Cmp' <Latency = 0> <II = 1> <Delay = 2.55> <FuncUnit> <Opcode : 'icmp'> <InPorts = 2> <OutPorts = 1>
ST_1 : Operation 191 [1/1] (0.00ns)   --->   "%trunc_ln46_84 = partselect i16 @_ssdm_op_PartSelect.i16.i32.i32.i32, i32 %data_41_val_read, i32 4, i32 19" [firmware/nnet_utils/nnet_activation.h:46]   --->   Operation 191 'partselect' 'trunc_ln46_84' <Predicate = (icmp_ln45_87)> <Delay = 0.00>
ST_1 : Operation 192 [1/1] (0.80ns)   --->   "%select_ln45_87 = select i1 %icmp_ln45_87, i16 %trunc_ln46_84, i16 0" [firmware/nnet_utils/nnet_activation.h:45]   --->   Operation 192 'select' 'select_ln45_87' <Predicate = true> <Delay = 0.80> <CoreInst = "Sel">   --->   Core 73 'Sel' <Latency = 0> <II = 1> <Delay = 0.80> <FuncUnit> <Opcode : 'select'> <InPorts = 3> <OutPorts = 1>
ST_1 : Operation 193 [1/1] (2.55ns)   --->   "%icmp_ln45_88 = icmp_sgt  i32 %data_42_val_read, i32 0" [firmware/nnet_utils/nnet_activation.h:45]   --->   Operation 193 'icmp' 'icmp_ln45_88' <Predicate = true> <Delay = 2.55> <CoreInst = "Cmp">   --->   Core 9 'Cmp' <Latency = 0> <II = 1> <Delay = 2.55> <FuncUnit> <Opcode : 'icmp'> <InPorts = 2> <OutPorts = 1>
ST_1 : Operation 194 [1/1] (0.00ns)   --->   "%trunc_ln46_85 = partselect i16 @_ssdm_op_PartSelect.i16.i32.i32.i32, i32 %data_42_val_read, i32 4, i32 19" [firmware/nnet_utils/nnet_activation.h:46]   --->   Operation 194 'partselect' 'trunc_ln46_85' <Predicate = (icmp_ln45_88)> <Delay = 0.00>
ST_1 : Operation 195 [1/1] (0.80ns)   --->   "%select_ln45_88 = select i1 %icmp_ln45_88, i16 %trunc_ln46_85, i16 0" [firmware/nnet_utils/nnet_activation.h:45]   --->   Operation 195 'select' 'select_ln45_88' <Predicate = true> <Delay = 0.80> <CoreInst = "Sel">   --->   Core 73 'Sel' <Latency = 0> <II = 1> <Delay = 0.80> <FuncUnit> <Opcode : 'select'> <InPorts = 3> <OutPorts = 1>
ST_1 : Operation 196 [1/1] (2.55ns)   --->   "%icmp_ln45_89 = icmp_sgt  i32 %data_43_val_read, i32 0" [firmware/nnet_utils/nnet_activation.h:45]   --->   Operation 196 'icmp' 'icmp_ln45_89' <Predicate = true> <Delay = 2.55> <CoreInst = "Cmp">   --->   Core 9 'Cmp' <Latency = 0> <II = 1> <Delay = 2.55> <FuncUnit> <Opcode : 'icmp'> <InPorts = 2> <OutPorts = 1>
ST_1 : Operation 197 [1/1] (0.00ns)   --->   "%trunc_ln46_86 = partselect i16 @_ssdm_op_PartSelect.i16.i32.i32.i32, i32 %data_43_val_read, i32 4, i32 19" [firmware/nnet_utils/nnet_activation.h:46]   --->   Operation 197 'partselect' 'trunc_ln46_86' <Predicate = (icmp_ln45_89)> <Delay = 0.00>
ST_1 : Operation 198 [1/1] (0.80ns)   --->   "%select_ln45_89 = select i1 %icmp_ln45_89, i16 %trunc_ln46_86, i16 0" [firmware/nnet_utils/nnet_activation.h:45]   --->   Operation 198 'select' 'select_ln45_89' <Predicate = true> <Delay = 0.80> <CoreInst = "Sel">   --->   Core 73 'Sel' <Latency = 0> <II = 1> <Delay = 0.80> <FuncUnit> <Opcode : 'select'> <InPorts = 3> <OutPorts = 1>
ST_1 : Operation 199 [1/1] (2.55ns)   --->   "%icmp_ln45_90 = icmp_sgt  i32 %data_44_val_read, i32 0" [firmware/nnet_utils/nnet_activation.h:45]   --->   Operation 199 'icmp' 'icmp_ln45_90' <Predicate = true> <Delay = 2.55> <CoreInst = "Cmp">   --->   Core 9 'Cmp' <Latency = 0> <II = 1> <Delay = 2.55> <FuncUnit> <Opcode : 'icmp'> <InPorts = 2> <OutPorts = 1>
ST_1 : Operation 200 [1/1] (0.00ns)   --->   "%trunc_ln46_87 = partselect i16 @_ssdm_op_PartSelect.i16.i32.i32.i32, i32 %data_44_val_read, i32 4, i32 19" [firmware/nnet_utils/nnet_activation.h:46]   --->   Operation 200 'partselect' 'trunc_ln46_87' <Predicate = (icmp_ln45_90)> <Delay = 0.00>
ST_1 : Operation 201 [1/1] (0.80ns)   --->   "%select_ln45_90 = select i1 %icmp_ln45_90, i16 %trunc_ln46_87, i16 0" [firmware/nnet_utils/nnet_activation.h:45]   --->   Operation 201 'select' 'select_ln45_90' <Predicate = true> <Delay = 0.80> <CoreInst = "Sel">   --->   Core 73 'Sel' <Latency = 0> <II = 1> <Delay = 0.80> <FuncUnit> <Opcode : 'select'> <InPorts = 3> <OutPorts = 1>
ST_1 : Operation 202 [1/1] (2.55ns)   --->   "%icmp_ln45_91 = icmp_sgt  i32 %data_45_val_read, i32 0" [firmware/nnet_utils/nnet_activation.h:45]   --->   Operation 202 'icmp' 'icmp_ln45_91' <Predicate = true> <Delay = 2.55> <CoreInst = "Cmp">   --->   Core 9 'Cmp' <Latency = 0> <II = 1> <Delay = 2.55> <FuncUnit> <Opcode : 'icmp'> <InPorts = 2> <OutPorts = 1>
ST_1 : Operation 203 [1/1] (0.00ns)   --->   "%trunc_ln46_88 = partselect i16 @_ssdm_op_PartSelect.i16.i32.i32.i32, i32 %data_45_val_read, i32 4, i32 19" [firmware/nnet_utils/nnet_activation.h:46]   --->   Operation 203 'partselect' 'trunc_ln46_88' <Predicate = (icmp_ln45_91)> <Delay = 0.00>
ST_1 : Operation 204 [1/1] (0.80ns)   --->   "%select_ln45_91 = select i1 %icmp_ln45_91, i16 %trunc_ln46_88, i16 0" [firmware/nnet_utils/nnet_activation.h:45]   --->   Operation 204 'select' 'select_ln45_91' <Predicate = true> <Delay = 0.80> <CoreInst = "Sel">   --->   Core 73 'Sel' <Latency = 0> <II = 1> <Delay = 0.80> <FuncUnit> <Opcode : 'select'> <InPorts = 3> <OutPorts = 1>
ST_1 : Operation 205 [1/1] (2.55ns)   --->   "%icmp_ln45_92 = icmp_sgt  i32 %data_46_val_read, i32 0" [firmware/nnet_utils/nnet_activation.h:45]   --->   Operation 205 'icmp' 'icmp_ln45_92' <Predicate = true> <Delay = 2.55> <CoreInst = "Cmp">   --->   Core 9 'Cmp' <Latency = 0> <II = 1> <Delay = 2.55> <FuncUnit> <Opcode : 'icmp'> <InPorts = 2> <OutPorts = 1>
ST_1 : Operation 206 [1/1] (0.00ns)   --->   "%trunc_ln46_89 = partselect i16 @_ssdm_op_PartSelect.i16.i32.i32.i32, i32 %data_46_val_read, i32 4, i32 19" [firmware/nnet_utils/nnet_activation.h:46]   --->   Operation 206 'partselect' 'trunc_ln46_89' <Predicate = (icmp_ln45_92)> <Delay = 0.00>
ST_1 : Operation 207 [1/1] (0.80ns)   --->   "%select_ln45_92 = select i1 %icmp_ln45_92, i16 %trunc_ln46_89, i16 0" [firmware/nnet_utils/nnet_activation.h:45]   --->   Operation 207 'select' 'select_ln45_92' <Predicate = true> <Delay = 0.80> <CoreInst = "Sel">   --->   Core 73 'Sel' <Latency = 0> <II = 1> <Delay = 0.80> <FuncUnit> <Opcode : 'select'> <InPorts = 3> <OutPorts = 1>
ST_1 : Operation 208 [1/1] (2.55ns)   --->   "%icmp_ln45_93 = icmp_sgt  i32 %data_47_val_read, i32 0" [firmware/nnet_utils/nnet_activation.h:45]   --->   Operation 208 'icmp' 'icmp_ln45_93' <Predicate = true> <Delay = 2.55> <CoreInst = "Cmp">   --->   Core 9 'Cmp' <Latency = 0> <II = 1> <Delay = 2.55> <FuncUnit> <Opcode : 'icmp'> <InPorts = 2> <OutPorts = 1>
ST_1 : Operation 209 [1/1] (0.00ns)   --->   "%trunc_ln46_90 = partselect i16 @_ssdm_op_PartSelect.i16.i32.i32.i32, i32 %data_47_val_read, i32 4, i32 19" [firmware/nnet_utils/nnet_activation.h:46]   --->   Operation 209 'partselect' 'trunc_ln46_90' <Predicate = (icmp_ln45_93)> <Delay = 0.00>
ST_1 : Operation 210 [1/1] (0.80ns)   --->   "%select_ln45_93 = select i1 %icmp_ln45_93, i16 %trunc_ln46_90, i16 0" [firmware/nnet_utils/nnet_activation.h:45]   --->   Operation 210 'select' 'select_ln45_93' <Predicate = true> <Delay = 0.80> <CoreInst = "Sel">   --->   Core 73 'Sel' <Latency = 0> <II = 1> <Delay = 0.80> <FuncUnit> <Opcode : 'select'> <InPorts = 3> <OutPorts = 1>
ST_1 : Operation 211 [1/1] (2.55ns)   --->   "%icmp_ln45_94 = icmp_sgt  i32 %data_48_val_read, i32 0" [firmware/nnet_utils/nnet_activation.h:45]   --->   Operation 211 'icmp' 'icmp_ln45_94' <Predicate = true> <Delay = 2.55> <CoreInst = "Cmp">   --->   Core 9 'Cmp' <Latency = 0> <II = 1> <Delay = 2.55> <FuncUnit> <Opcode : 'icmp'> <InPorts = 2> <OutPorts = 1>
ST_1 : Operation 212 [1/1] (0.00ns)   --->   "%trunc_ln46_91 = partselect i16 @_ssdm_op_PartSelect.i16.i32.i32.i32, i32 %data_48_val_read, i32 4, i32 19" [firmware/nnet_utils/nnet_activation.h:46]   --->   Operation 212 'partselect' 'trunc_ln46_91' <Predicate = (icmp_ln45_94)> <Delay = 0.00>
ST_1 : Operation 213 [1/1] (0.80ns)   --->   "%select_ln45_94 = select i1 %icmp_ln45_94, i16 %trunc_ln46_91, i16 0" [firmware/nnet_utils/nnet_activation.h:45]   --->   Operation 213 'select' 'select_ln45_94' <Predicate = true> <Delay = 0.80> <CoreInst = "Sel">   --->   Core 73 'Sel' <Latency = 0> <II = 1> <Delay = 0.80> <FuncUnit> <Opcode : 'select'> <InPorts = 3> <OutPorts = 1>
ST_1 : Operation 214 [1/1] (2.55ns)   --->   "%icmp_ln45_95 = icmp_sgt  i32 %data_49_val_read, i32 0" [firmware/nnet_utils/nnet_activation.h:45]   --->   Operation 214 'icmp' 'icmp_ln45_95' <Predicate = true> <Delay = 2.55> <CoreInst = "Cmp">   --->   Core 9 'Cmp' <Latency = 0> <II = 1> <Delay = 2.55> <FuncUnit> <Opcode : 'icmp'> <InPorts = 2> <OutPorts = 1>
ST_1 : Operation 215 [1/1] (0.00ns)   --->   "%trunc_ln46_92 = partselect i16 @_ssdm_op_PartSelect.i16.i32.i32.i32, i32 %data_49_val_read, i32 4, i32 19" [firmware/nnet_utils/nnet_activation.h:46]   --->   Operation 215 'partselect' 'trunc_ln46_92' <Predicate = (icmp_ln45_95)> <Delay = 0.00>
ST_1 : Operation 216 [1/1] (0.80ns)   --->   "%select_ln45_95 = select i1 %icmp_ln45_95, i16 %trunc_ln46_92, i16 0" [firmware/nnet_utils/nnet_activation.h:45]   --->   Operation 216 'select' 'select_ln45_95' <Predicate = true> <Delay = 0.80> <CoreInst = "Sel">   --->   Core 73 'Sel' <Latency = 0> <II = 1> <Delay = 0.80> <FuncUnit> <Opcode : 'select'> <InPorts = 3> <OutPorts = 1>
ST_1 : Operation 217 [1/1] (2.55ns)   --->   "%icmp_ln45_96 = icmp_sgt  i32 %data_50_val_read, i32 0" [firmware/nnet_utils/nnet_activation.h:45]   --->   Operation 217 'icmp' 'icmp_ln45_96' <Predicate = true> <Delay = 2.55> <CoreInst = "Cmp">   --->   Core 9 'Cmp' <Latency = 0> <II = 1> <Delay = 2.55> <FuncUnit> <Opcode : 'icmp'> <InPorts = 2> <OutPorts = 1>
ST_1 : Operation 218 [1/1] (0.00ns)   --->   "%trunc_ln46_93 = partselect i16 @_ssdm_op_PartSelect.i16.i32.i32.i32, i32 %data_50_val_read, i32 4, i32 19" [firmware/nnet_utils/nnet_activation.h:46]   --->   Operation 218 'partselect' 'trunc_ln46_93' <Predicate = (icmp_ln45_96)> <Delay = 0.00>
ST_1 : Operation 219 [1/1] (0.80ns)   --->   "%select_ln45_96 = select i1 %icmp_ln45_96, i16 %trunc_ln46_93, i16 0" [firmware/nnet_utils/nnet_activation.h:45]   --->   Operation 219 'select' 'select_ln45_96' <Predicate = true> <Delay = 0.80> <CoreInst = "Sel">   --->   Core 73 'Sel' <Latency = 0> <II = 1> <Delay = 0.80> <FuncUnit> <Opcode : 'select'> <InPorts = 3> <OutPorts = 1>
ST_1 : Operation 220 [1/1] (2.55ns)   --->   "%icmp_ln45_97 = icmp_sgt  i32 %data_51_val_read, i32 0" [firmware/nnet_utils/nnet_activation.h:45]   --->   Operation 220 'icmp' 'icmp_ln45_97' <Predicate = true> <Delay = 2.55> <CoreInst = "Cmp">   --->   Core 9 'Cmp' <Latency = 0> <II = 1> <Delay = 2.55> <FuncUnit> <Opcode : 'icmp'> <InPorts = 2> <OutPorts = 1>
ST_1 : Operation 221 [1/1] (0.00ns)   --->   "%trunc_ln46_94 = partselect i16 @_ssdm_op_PartSelect.i16.i32.i32.i32, i32 %data_51_val_read, i32 4, i32 19" [firmware/nnet_utils/nnet_activation.h:46]   --->   Operation 221 'partselect' 'trunc_ln46_94' <Predicate = (icmp_ln45_97)> <Delay = 0.00>
ST_1 : Operation 222 [1/1] (0.80ns)   --->   "%select_ln45_97 = select i1 %icmp_ln45_97, i16 %trunc_ln46_94, i16 0" [firmware/nnet_utils/nnet_activation.h:45]   --->   Operation 222 'select' 'select_ln45_97' <Predicate = true> <Delay = 0.80> <CoreInst = "Sel">   --->   Core 73 'Sel' <Latency = 0> <II = 1> <Delay = 0.80> <FuncUnit> <Opcode : 'select'> <InPorts = 3> <OutPorts = 1>
ST_1 : Operation 223 [1/1] (2.55ns)   --->   "%icmp_ln45_98 = icmp_sgt  i32 %data_52_val_read, i32 0" [firmware/nnet_utils/nnet_activation.h:45]   --->   Operation 223 'icmp' 'icmp_ln45_98' <Predicate = true> <Delay = 2.55> <CoreInst = "Cmp">   --->   Core 9 'Cmp' <Latency = 0> <II = 1> <Delay = 2.55> <FuncUnit> <Opcode : 'icmp'> <InPorts = 2> <OutPorts = 1>
ST_1 : Operation 224 [1/1] (0.00ns)   --->   "%trunc_ln46_95 = partselect i16 @_ssdm_op_PartSelect.i16.i32.i32.i32, i32 %data_52_val_read, i32 4, i32 19" [firmware/nnet_utils/nnet_activation.h:46]   --->   Operation 224 'partselect' 'trunc_ln46_95' <Predicate = (icmp_ln45_98)> <Delay = 0.00>
ST_1 : Operation 225 [1/1] (0.80ns)   --->   "%select_ln45_98 = select i1 %icmp_ln45_98, i16 %trunc_ln46_95, i16 0" [firmware/nnet_utils/nnet_activation.h:45]   --->   Operation 225 'select' 'select_ln45_98' <Predicate = true> <Delay = 0.80> <CoreInst = "Sel">   --->   Core 73 'Sel' <Latency = 0> <II = 1> <Delay = 0.80> <FuncUnit> <Opcode : 'select'> <InPorts = 3> <OutPorts = 1>
ST_1 : Operation 226 [1/1] (2.55ns)   --->   "%icmp_ln45_99 = icmp_sgt  i32 %data_53_val_read, i32 0" [firmware/nnet_utils/nnet_activation.h:45]   --->   Operation 226 'icmp' 'icmp_ln45_99' <Predicate = true> <Delay = 2.55> <CoreInst = "Cmp">   --->   Core 9 'Cmp' <Latency = 0> <II = 1> <Delay = 2.55> <FuncUnit> <Opcode : 'icmp'> <InPorts = 2> <OutPorts = 1>
ST_1 : Operation 227 [1/1] (0.00ns)   --->   "%trunc_ln46_96 = partselect i16 @_ssdm_op_PartSelect.i16.i32.i32.i32, i32 %data_53_val_read, i32 4, i32 19" [firmware/nnet_utils/nnet_activation.h:46]   --->   Operation 227 'partselect' 'trunc_ln46_96' <Predicate = (icmp_ln45_99)> <Delay = 0.00>
ST_1 : Operation 228 [1/1] (0.80ns)   --->   "%select_ln45_99 = select i1 %icmp_ln45_99, i16 %trunc_ln46_96, i16 0" [firmware/nnet_utils/nnet_activation.h:45]   --->   Operation 228 'select' 'select_ln45_99' <Predicate = true> <Delay = 0.80> <CoreInst = "Sel">   --->   Core 73 'Sel' <Latency = 0> <II = 1> <Delay = 0.80> <FuncUnit> <Opcode : 'select'> <InPorts = 3> <OutPorts = 1>
ST_1 : Operation 229 [1/1] (2.55ns)   --->   "%icmp_ln45_100 = icmp_sgt  i32 %data_54_val_read, i32 0" [firmware/nnet_utils/nnet_activation.h:45]   --->   Operation 229 'icmp' 'icmp_ln45_100' <Predicate = true> <Delay = 2.55> <CoreInst = "Cmp">   --->   Core 9 'Cmp' <Latency = 0> <II = 1> <Delay = 2.55> <FuncUnit> <Opcode : 'icmp'> <InPorts = 2> <OutPorts = 1>
ST_1 : Operation 230 [1/1] (0.00ns)   --->   "%trunc_ln46_97 = partselect i16 @_ssdm_op_PartSelect.i16.i32.i32.i32, i32 %data_54_val_read, i32 4, i32 19" [firmware/nnet_utils/nnet_activation.h:46]   --->   Operation 230 'partselect' 'trunc_ln46_97' <Predicate = (icmp_ln45_100)> <Delay = 0.00>
ST_1 : Operation 231 [1/1] (0.80ns)   --->   "%select_ln45_100 = select i1 %icmp_ln45_100, i16 %trunc_ln46_97, i16 0" [firmware/nnet_utils/nnet_activation.h:45]   --->   Operation 231 'select' 'select_ln45_100' <Predicate = true> <Delay = 0.80> <CoreInst = "Sel">   --->   Core 73 'Sel' <Latency = 0> <II = 1> <Delay = 0.80> <FuncUnit> <Opcode : 'select'> <InPorts = 3> <OutPorts = 1>
ST_1 : Operation 232 [1/1] (2.55ns)   --->   "%icmp_ln45_101 = icmp_sgt  i32 %data_55_val_read, i32 0" [firmware/nnet_utils/nnet_activation.h:45]   --->   Operation 232 'icmp' 'icmp_ln45_101' <Predicate = true> <Delay = 2.55> <CoreInst = "Cmp">   --->   Core 9 'Cmp' <Latency = 0> <II = 1> <Delay = 2.55> <FuncUnit> <Opcode : 'icmp'> <InPorts = 2> <OutPorts = 1>
ST_1 : Operation 233 [1/1] (0.00ns)   --->   "%trunc_ln46_98 = partselect i16 @_ssdm_op_PartSelect.i16.i32.i32.i32, i32 %data_55_val_read, i32 4, i32 19" [firmware/nnet_utils/nnet_activation.h:46]   --->   Operation 233 'partselect' 'trunc_ln46_98' <Predicate = (icmp_ln45_101)> <Delay = 0.00>
ST_1 : Operation 234 [1/1] (0.80ns)   --->   "%select_ln45_101 = select i1 %icmp_ln45_101, i16 %trunc_ln46_98, i16 0" [firmware/nnet_utils/nnet_activation.h:45]   --->   Operation 234 'select' 'select_ln45_101' <Predicate = true> <Delay = 0.80> <CoreInst = "Sel">   --->   Core 73 'Sel' <Latency = 0> <II = 1> <Delay = 0.80> <FuncUnit> <Opcode : 'select'> <InPorts = 3> <OutPorts = 1>
ST_1 : Operation 235 [1/1] (2.55ns)   --->   "%icmp_ln45_102 = icmp_sgt  i32 %data_56_val_read, i32 0" [firmware/nnet_utils/nnet_activation.h:45]   --->   Operation 235 'icmp' 'icmp_ln45_102' <Predicate = true> <Delay = 2.55> <CoreInst = "Cmp">   --->   Core 9 'Cmp' <Latency = 0> <II = 1> <Delay = 2.55> <FuncUnit> <Opcode : 'icmp'> <InPorts = 2> <OutPorts = 1>
ST_1 : Operation 236 [1/1] (0.00ns)   --->   "%trunc_ln46_99 = partselect i16 @_ssdm_op_PartSelect.i16.i32.i32.i32, i32 %data_56_val_read, i32 4, i32 19" [firmware/nnet_utils/nnet_activation.h:46]   --->   Operation 236 'partselect' 'trunc_ln46_99' <Predicate = (icmp_ln45_102)> <Delay = 0.00>
ST_1 : Operation 237 [1/1] (0.80ns)   --->   "%select_ln45_102 = select i1 %icmp_ln45_102, i16 %trunc_ln46_99, i16 0" [firmware/nnet_utils/nnet_activation.h:45]   --->   Operation 237 'select' 'select_ln45_102' <Predicate = true> <Delay = 0.80> <CoreInst = "Sel">   --->   Core 73 'Sel' <Latency = 0> <II = 1> <Delay = 0.80> <FuncUnit> <Opcode : 'select'> <InPorts = 3> <OutPorts = 1>
ST_1 : Operation 238 [1/1] (2.55ns)   --->   "%icmp_ln45_103 = icmp_sgt  i32 %data_57_val_read, i32 0" [firmware/nnet_utils/nnet_activation.h:45]   --->   Operation 238 'icmp' 'icmp_ln45_103' <Predicate = true> <Delay = 2.55> <CoreInst = "Cmp">   --->   Core 9 'Cmp' <Latency = 0> <II = 1> <Delay = 2.55> <FuncUnit> <Opcode : 'icmp'> <InPorts = 2> <OutPorts = 1>
ST_1 : Operation 239 [1/1] (0.00ns)   --->   "%trunc_ln46_100 = partselect i16 @_ssdm_op_PartSelect.i16.i32.i32.i32, i32 %data_57_val_read, i32 4, i32 19" [firmware/nnet_utils/nnet_activation.h:46]   --->   Operation 239 'partselect' 'trunc_ln46_100' <Predicate = (icmp_ln45_103)> <Delay = 0.00>
ST_1 : Operation 240 [1/1] (0.80ns)   --->   "%select_ln45_103 = select i1 %icmp_ln45_103, i16 %trunc_ln46_100, i16 0" [firmware/nnet_utils/nnet_activation.h:45]   --->   Operation 240 'select' 'select_ln45_103' <Predicate = true> <Delay = 0.80> <CoreInst = "Sel">   --->   Core 73 'Sel' <Latency = 0> <II = 1> <Delay = 0.80> <FuncUnit> <Opcode : 'select'> <InPorts = 3> <OutPorts = 1>
ST_1 : Operation 241 [1/1] (2.55ns)   --->   "%icmp_ln45_104 = icmp_sgt  i32 %data_58_val_read, i32 0" [firmware/nnet_utils/nnet_activation.h:45]   --->   Operation 241 'icmp' 'icmp_ln45_104' <Predicate = true> <Delay = 2.55> <CoreInst = "Cmp">   --->   Core 9 'Cmp' <Latency = 0> <II = 1> <Delay = 2.55> <FuncUnit> <Opcode : 'icmp'> <InPorts = 2> <OutPorts = 1>
ST_1 : Operation 242 [1/1] (0.00ns)   --->   "%trunc_ln46_101 = partselect i16 @_ssdm_op_PartSelect.i16.i32.i32.i32, i32 %data_58_val_read, i32 4, i32 19" [firmware/nnet_utils/nnet_activation.h:46]   --->   Operation 242 'partselect' 'trunc_ln46_101' <Predicate = (icmp_ln45_104)> <Delay = 0.00>
ST_1 : Operation 243 [1/1] (0.80ns)   --->   "%select_ln45_104 = select i1 %icmp_ln45_104, i16 %trunc_ln46_101, i16 0" [firmware/nnet_utils/nnet_activation.h:45]   --->   Operation 243 'select' 'select_ln45_104' <Predicate = true> <Delay = 0.80> <CoreInst = "Sel">   --->   Core 73 'Sel' <Latency = 0> <II = 1> <Delay = 0.80> <FuncUnit> <Opcode : 'select'> <InPorts = 3> <OutPorts = 1>
ST_1 : Operation 244 [1/1] (2.55ns)   --->   "%icmp_ln45_105 = icmp_sgt  i32 %data_59_val_read, i32 0" [firmware/nnet_utils/nnet_activation.h:45]   --->   Operation 244 'icmp' 'icmp_ln45_105' <Predicate = true> <Delay = 2.55> <CoreInst = "Cmp">   --->   Core 9 'Cmp' <Latency = 0> <II = 1> <Delay = 2.55> <FuncUnit> <Opcode : 'icmp'> <InPorts = 2> <OutPorts = 1>
ST_1 : Operation 245 [1/1] (0.00ns)   --->   "%trunc_ln46_102 = partselect i16 @_ssdm_op_PartSelect.i16.i32.i32.i32, i32 %data_59_val_read, i32 4, i32 19" [firmware/nnet_utils/nnet_activation.h:46]   --->   Operation 245 'partselect' 'trunc_ln46_102' <Predicate = (icmp_ln45_105)> <Delay = 0.00>
ST_1 : Operation 246 [1/1] (0.80ns)   --->   "%select_ln45_105 = select i1 %icmp_ln45_105, i16 %trunc_ln46_102, i16 0" [firmware/nnet_utils/nnet_activation.h:45]   --->   Operation 246 'select' 'select_ln45_105' <Predicate = true> <Delay = 0.80> <CoreInst = "Sel">   --->   Core 73 'Sel' <Latency = 0> <II = 1> <Delay = 0.80> <FuncUnit> <Opcode : 'select'> <InPorts = 3> <OutPorts = 1>
ST_1 : Operation 247 [1/1] (2.55ns)   --->   "%icmp_ln45_106 = icmp_sgt  i32 %data_60_val_read, i32 0" [firmware/nnet_utils/nnet_activation.h:45]   --->   Operation 247 'icmp' 'icmp_ln45_106' <Predicate = true> <Delay = 2.55> <CoreInst = "Cmp">   --->   Core 9 'Cmp' <Latency = 0> <II = 1> <Delay = 2.55> <FuncUnit> <Opcode : 'icmp'> <InPorts = 2> <OutPorts = 1>
ST_1 : Operation 248 [1/1] (0.00ns)   --->   "%trunc_ln46_103 = partselect i16 @_ssdm_op_PartSelect.i16.i32.i32.i32, i32 %data_60_val_read, i32 4, i32 19" [firmware/nnet_utils/nnet_activation.h:46]   --->   Operation 248 'partselect' 'trunc_ln46_103' <Predicate = (icmp_ln45_106)> <Delay = 0.00>
ST_1 : Operation 249 [1/1] (0.80ns)   --->   "%select_ln45_106 = select i1 %icmp_ln45_106, i16 %trunc_ln46_103, i16 0" [firmware/nnet_utils/nnet_activation.h:45]   --->   Operation 249 'select' 'select_ln45_106' <Predicate = true> <Delay = 0.80> <CoreInst = "Sel">   --->   Core 73 'Sel' <Latency = 0> <II = 1> <Delay = 0.80> <FuncUnit> <Opcode : 'select'> <InPorts = 3> <OutPorts = 1>
ST_1 : Operation 250 [1/1] (2.55ns)   --->   "%icmp_ln45_107 = icmp_sgt  i32 %data_61_val_read, i32 0" [firmware/nnet_utils/nnet_activation.h:45]   --->   Operation 250 'icmp' 'icmp_ln45_107' <Predicate = true> <Delay = 2.55> <CoreInst = "Cmp">   --->   Core 9 'Cmp' <Latency = 0> <II = 1> <Delay = 2.55> <FuncUnit> <Opcode : 'icmp'> <InPorts = 2> <OutPorts = 1>
ST_1 : Operation 251 [1/1] (0.00ns)   --->   "%trunc_ln46_104 = partselect i16 @_ssdm_op_PartSelect.i16.i32.i32.i32, i32 %data_61_val_read, i32 4, i32 19" [firmware/nnet_utils/nnet_activation.h:46]   --->   Operation 251 'partselect' 'trunc_ln46_104' <Predicate = (icmp_ln45_107)> <Delay = 0.00>
ST_1 : Operation 252 [1/1] (0.80ns)   --->   "%select_ln45_107 = select i1 %icmp_ln45_107, i16 %trunc_ln46_104, i16 0" [firmware/nnet_utils/nnet_activation.h:45]   --->   Operation 252 'select' 'select_ln45_107' <Predicate = true> <Delay = 0.80> <CoreInst = "Sel">   --->   Core 73 'Sel' <Latency = 0> <II = 1> <Delay = 0.80> <FuncUnit> <Opcode : 'select'> <InPorts = 3> <OutPorts = 1>
ST_1 : Operation 253 [1/1] (2.55ns)   --->   "%icmp_ln45_108 = icmp_sgt  i32 %data_62_val_read, i32 0" [firmware/nnet_utils/nnet_activation.h:45]   --->   Operation 253 'icmp' 'icmp_ln45_108' <Predicate = true> <Delay = 2.55> <CoreInst = "Cmp">   --->   Core 9 'Cmp' <Latency = 0> <II = 1> <Delay = 2.55> <FuncUnit> <Opcode : 'icmp'> <InPorts = 2> <OutPorts = 1>
ST_1 : Operation 254 [1/1] (0.00ns)   --->   "%trunc_ln46_105 = partselect i16 @_ssdm_op_PartSelect.i16.i32.i32.i32, i32 %data_62_val_read, i32 4, i32 19" [firmware/nnet_utils/nnet_activation.h:46]   --->   Operation 254 'partselect' 'trunc_ln46_105' <Predicate = (icmp_ln45_108)> <Delay = 0.00>
ST_1 : Operation 255 [1/1] (0.80ns)   --->   "%select_ln45_108 = select i1 %icmp_ln45_108, i16 %trunc_ln46_105, i16 0" [firmware/nnet_utils/nnet_activation.h:45]   --->   Operation 255 'select' 'select_ln45_108' <Predicate = true> <Delay = 0.80> <CoreInst = "Sel">   --->   Core 73 'Sel' <Latency = 0> <II = 1> <Delay = 0.80> <FuncUnit> <Opcode : 'select'> <InPorts = 3> <OutPorts = 1>
ST_1 : Operation 256 [1/1] (2.55ns)   --->   "%icmp_ln45_109 = icmp_sgt  i32 %data_63_val_read, i32 0" [firmware/nnet_utils/nnet_activation.h:45]   --->   Operation 256 'icmp' 'icmp_ln45_109' <Predicate = true> <Delay = 2.55> <CoreInst = "Cmp">   --->   Core 9 'Cmp' <Latency = 0> <II = 1> <Delay = 2.55> <FuncUnit> <Opcode : 'icmp'> <InPorts = 2> <OutPorts = 1>
ST_1 : Operation 257 [1/1] (0.00ns)   --->   "%trunc_ln46_106 = partselect i16 @_ssdm_op_PartSelect.i16.i32.i32.i32, i32 %data_63_val_read, i32 4, i32 19" [firmware/nnet_utils/nnet_activation.h:46]   --->   Operation 257 'partselect' 'trunc_ln46_106' <Predicate = (icmp_ln45_109)> <Delay = 0.00>
ST_1 : Operation 258 [1/1] (0.80ns)   --->   "%select_ln45_109 = select i1 %icmp_ln45_109, i16 %trunc_ln46_106, i16 0" [firmware/nnet_utils/nnet_activation.h:45]   --->   Operation 258 'select' 'select_ln45_109' <Predicate = true> <Delay = 0.80> <CoreInst = "Sel">   --->   Core 73 'Sel' <Latency = 0> <II = 1> <Delay = 0.80> <FuncUnit> <Opcode : 'select'> <InPorts = 3> <OutPorts = 1>
ST_1 : Operation 259 [1/1] (0.00ns)   --->   "%mrv = insertvalue i1024 <undef>, i16 %select_ln45" [firmware/nnet_utils/nnet_activation.h:50]   --->   Operation 259 'insertvalue' 'mrv' <Predicate = true> <Delay = 0.00>
ST_1 : Operation 260 [1/1] (0.00ns)   --->   "%mrv_1 = insertvalue i1024 %mrv, i16 %select_ln45_47" [firmware/nnet_utils/nnet_activation.h:50]   --->   Operation 260 'insertvalue' 'mrv_1' <Predicate = true> <Delay = 0.00>
ST_1 : Operation 261 [1/1] (0.00ns)   --->   "%mrv_2 = insertvalue i1024 %mrv_1, i16 %select_ln45_48" [firmware/nnet_utils/nnet_activation.h:50]   --->   Operation 261 'insertvalue' 'mrv_2' <Predicate = true> <Delay = 0.00>
ST_1 : Operation 262 [1/1] (0.00ns)   --->   "%mrv_3 = insertvalue i1024 %mrv_2, i16 %select_ln45_49" [firmware/nnet_utils/nnet_activation.h:50]   --->   Operation 262 'insertvalue' 'mrv_3' <Predicate = true> <Delay = 0.00>
ST_1 : Operation 263 [1/1] (0.00ns)   --->   "%mrv_4 = insertvalue i1024 %mrv_3, i16 %select_ln45_50" [firmware/nnet_utils/nnet_activation.h:50]   --->   Operation 263 'insertvalue' 'mrv_4' <Predicate = true> <Delay = 0.00>
ST_1 : Operation 264 [1/1] (0.00ns)   --->   "%mrv_5 = insertvalue i1024 %mrv_4, i16 %select_ln45_51" [firmware/nnet_utils/nnet_activation.h:50]   --->   Operation 264 'insertvalue' 'mrv_5' <Predicate = true> <Delay = 0.00>
ST_1 : Operation 265 [1/1] (0.00ns)   --->   "%mrv_6 = insertvalue i1024 %mrv_5, i16 %select_ln45_52" [firmware/nnet_utils/nnet_activation.h:50]   --->   Operation 265 'insertvalue' 'mrv_6' <Predicate = true> <Delay = 0.00>
ST_1 : Operation 266 [1/1] (0.00ns)   --->   "%mrv_7 = insertvalue i1024 %mrv_6, i16 %select_ln45_53" [firmware/nnet_utils/nnet_activation.h:50]   --->   Operation 266 'insertvalue' 'mrv_7' <Predicate = true> <Delay = 0.00>
ST_1 : Operation 267 [1/1] (0.00ns)   --->   "%mrv_8 = insertvalue i1024 %mrv_7, i16 %select_ln45_54" [firmware/nnet_utils/nnet_activation.h:50]   --->   Operation 267 'insertvalue' 'mrv_8' <Predicate = true> <Delay = 0.00>
ST_1 : Operation 268 [1/1] (0.00ns)   --->   "%mrv_9 = insertvalue i1024 %mrv_8, i16 %select_ln45_55" [firmware/nnet_utils/nnet_activation.h:50]   --->   Operation 268 'insertvalue' 'mrv_9' <Predicate = true> <Delay = 0.00>
ST_1 : Operation 269 [1/1] (0.00ns)   --->   "%mrv_10 = insertvalue i1024 %mrv_9, i16 %select_ln45_56" [firmware/nnet_utils/nnet_activation.h:50]   --->   Operation 269 'insertvalue' 'mrv_10' <Predicate = true> <Delay = 0.00>
ST_1 : Operation 270 [1/1] (0.00ns)   --->   "%mrv_11 = insertvalue i1024 %mrv_10, i16 %select_ln45_57" [firmware/nnet_utils/nnet_activation.h:50]   --->   Operation 270 'insertvalue' 'mrv_11' <Predicate = true> <Delay = 0.00>
ST_1 : Operation 271 [1/1] (0.00ns)   --->   "%mrv_12 = insertvalue i1024 %mrv_11, i16 %select_ln45_58" [firmware/nnet_utils/nnet_activation.h:50]   --->   Operation 271 'insertvalue' 'mrv_12' <Predicate = true> <Delay = 0.00>
ST_1 : Operation 272 [1/1] (0.00ns)   --->   "%mrv_13 = insertvalue i1024 %mrv_12, i16 %select_ln45_59" [firmware/nnet_utils/nnet_activation.h:50]   --->   Operation 272 'insertvalue' 'mrv_13' <Predicate = true> <Delay = 0.00>
ST_1 : Operation 273 [1/1] (0.00ns)   --->   "%mrv_14 = insertvalue i1024 %mrv_13, i16 %select_ln45_60" [firmware/nnet_utils/nnet_activation.h:50]   --->   Operation 273 'insertvalue' 'mrv_14' <Predicate = true> <Delay = 0.00>
ST_1 : Operation 274 [1/1] (0.00ns)   --->   "%mrv_15 = insertvalue i1024 %mrv_14, i16 %select_ln45_61" [firmware/nnet_utils/nnet_activation.h:50]   --->   Operation 274 'insertvalue' 'mrv_15' <Predicate = true> <Delay = 0.00>
ST_1 : Operation 275 [1/1] (0.00ns)   --->   "%mrv_16 = insertvalue i1024 %mrv_15, i16 %select_ln45_62" [firmware/nnet_utils/nnet_activation.h:50]   --->   Operation 275 'insertvalue' 'mrv_16' <Predicate = true> <Delay = 0.00>
ST_1 : Operation 276 [1/1] (0.00ns)   --->   "%mrv_17 = insertvalue i1024 %mrv_16, i16 %select_ln45_63" [firmware/nnet_utils/nnet_activation.h:50]   --->   Operation 276 'insertvalue' 'mrv_17' <Predicate = true> <Delay = 0.00>
ST_1 : Operation 277 [1/1] (0.00ns)   --->   "%mrv_18 = insertvalue i1024 %mrv_17, i16 %select_ln45_64" [firmware/nnet_utils/nnet_activation.h:50]   --->   Operation 277 'insertvalue' 'mrv_18' <Predicate = true> <Delay = 0.00>
ST_1 : Operation 278 [1/1] (0.00ns)   --->   "%mrv_19 = insertvalue i1024 %mrv_18, i16 %select_ln45_65" [firmware/nnet_utils/nnet_activation.h:50]   --->   Operation 278 'insertvalue' 'mrv_19' <Predicate = true> <Delay = 0.00>
ST_1 : Operation 279 [1/1] (0.00ns)   --->   "%mrv_20 = insertvalue i1024 %mrv_19, i16 %select_ln45_66" [firmware/nnet_utils/nnet_activation.h:50]   --->   Operation 279 'insertvalue' 'mrv_20' <Predicate = true> <Delay = 0.00>
ST_1 : Operation 280 [1/1] (0.00ns)   --->   "%mrv_21 = insertvalue i1024 %mrv_20, i16 %select_ln45_67" [firmware/nnet_utils/nnet_activation.h:50]   --->   Operation 280 'insertvalue' 'mrv_21' <Predicate = true> <Delay = 0.00>
ST_1 : Operation 281 [1/1] (0.00ns)   --->   "%mrv_22 = insertvalue i1024 %mrv_21, i16 %select_ln45_68" [firmware/nnet_utils/nnet_activation.h:50]   --->   Operation 281 'insertvalue' 'mrv_22' <Predicate = true> <Delay = 0.00>
ST_1 : Operation 282 [1/1] (0.00ns)   --->   "%mrv_23 = insertvalue i1024 %mrv_22, i16 %select_ln45_69" [firmware/nnet_utils/nnet_activation.h:50]   --->   Operation 282 'insertvalue' 'mrv_23' <Predicate = true> <Delay = 0.00>
ST_1 : Operation 283 [1/1] (0.00ns)   --->   "%mrv_24 = insertvalue i1024 %mrv_23, i16 %select_ln45_70" [firmware/nnet_utils/nnet_activation.h:50]   --->   Operation 283 'insertvalue' 'mrv_24' <Predicate = true> <Delay = 0.00>
ST_1 : Operation 284 [1/1] (0.00ns)   --->   "%mrv_25 = insertvalue i1024 %mrv_24, i16 %select_ln45_71" [firmware/nnet_utils/nnet_activation.h:50]   --->   Operation 284 'insertvalue' 'mrv_25' <Predicate = true> <Delay = 0.00>
ST_1 : Operation 285 [1/1] (0.00ns)   --->   "%mrv_26 = insertvalue i1024 %mrv_25, i16 %select_ln45_72" [firmware/nnet_utils/nnet_activation.h:50]   --->   Operation 285 'insertvalue' 'mrv_26' <Predicate = true> <Delay = 0.00>
ST_1 : Operation 286 [1/1] (0.00ns)   --->   "%mrv_27 = insertvalue i1024 %mrv_26, i16 %select_ln45_73" [firmware/nnet_utils/nnet_activation.h:50]   --->   Operation 286 'insertvalue' 'mrv_27' <Predicate = true> <Delay = 0.00>
ST_1 : Operation 287 [1/1] (0.00ns)   --->   "%mrv_28 = insertvalue i1024 %mrv_27, i16 %select_ln45_74" [firmware/nnet_utils/nnet_activation.h:50]   --->   Operation 287 'insertvalue' 'mrv_28' <Predicate = true> <Delay = 0.00>
ST_1 : Operation 288 [1/1] (0.00ns)   --->   "%mrv_29 = insertvalue i1024 %mrv_28, i16 %select_ln45_75" [firmware/nnet_utils/nnet_activation.h:50]   --->   Operation 288 'insertvalue' 'mrv_29' <Predicate = true> <Delay = 0.00>
ST_1 : Operation 289 [1/1] (0.00ns)   --->   "%mrv_30 = insertvalue i1024 %mrv_29, i16 %select_ln45_76" [firmware/nnet_utils/nnet_activation.h:50]   --->   Operation 289 'insertvalue' 'mrv_30' <Predicate = true> <Delay = 0.00>
ST_1 : Operation 290 [1/1] (0.00ns)   --->   "%mrv_s = insertvalue i1024 %mrv_30, i16 %select_ln45_77" [firmware/nnet_utils/nnet_activation.h:50]   --->   Operation 290 'insertvalue' 'mrv_s' <Predicate = true> <Delay = 0.00>
ST_1 : Operation 291 [1/1] (0.00ns)   --->   "%mrv_31 = insertvalue i1024 %mrv_s, i16 %select_ln45_78" [firmware/nnet_utils/nnet_activation.h:50]   --->   Operation 291 'insertvalue' 'mrv_31' <Predicate = true> <Delay = 0.00>
ST_1 : Operation 292 [1/1] (0.00ns)   --->   "%mrv_32 = insertvalue i1024 %mrv_31, i16 %select_ln45_79" [firmware/nnet_utils/nnet_activation.h:50]   --->   Operation 292 'insertvalue' 'mrv_32' <Predicate = true> <Delay = 0.00>
ST_1 : Operation 293 [1/1] (0.00ns)   --->   "%mrv_33 = insertvalue i1024 %mrv_32, i16 %select_ln45_80" [firmware/nnet_utils/nnet_activation.h:50]   --->   Operation 293 'insertvalue' 'mrv_33' <Predicate = true> <Delay = 0.00>
ST_1 : Operation 294 [1/1] (0.00ns)   --->   "%mrv_34 = insertvalue i1024 %mrv_33, i16 %select_ln45_81" [firmware/nnet_utils/nnet_activation.h:50]   --->   Operation 294 'insertvalue' 'mrv_34' <Predicate = true> <Delay = 0.00>
ST_1 : Operation 295 [1/1] (0.00ns)   --->   "%mrv_35 = insertvalue i1024 %mrv_34, i16 %select_ln45_82" [firmware/nnet_utils/nnet_activation.h:50]   --->   Operation 295 'insertvalue' 'mrv_35' <Predicate = true> <Delay = 0.00>
ST_1 : Operation 296 [1/1] (0.00ns)   --->   "%mrv_36 = insertvalue i1024 %mrv_35, i16 %select_ln45_83" [firmware/nnet_utils/nnet_activation.h:50]   --->   Operation 296 'insertvalue' 'mrv_36' <Predicate = true> <Delay = 0.00>
ST_1 : Operation 297 [1/1] (0.00ns)   --->   "%mrv_37 = insertvalue i1024 %mrv_36, i16 %select_ln45_84" [firmware/nnet_utils/nnet_activation.h:50]   --->   Operation 297 'insertvalue' 'mrv_37' <Predicate = true> <Delay = 0.00>
ST_1 : Operation 298 [1/1] (0.00ns)   --->   "%mrv_38 = insertvalue i1024 %mrv_37, i16 %select_ln45_85" [firmware/nnet_utils/nnet_activation.h:50]   --->   Operation 298 'insertvalue' 'mrv_38' <Predicate = true> <Delay = 0.00>
ST_1 : Operation 299 [1/1] (0.00ns)   --->   "%mrv_39 = insertvalue i1024 %mrv_38, i16 %select_ln45_86" [firmware/nnet_utils/nnet_activation.h:50]   --->   Operation 299 'insertvalue' 'mrv_39' <Predicate = true> <Delay = 0.00>
ST_1 : Operation 300 [1/1] (0.00ns)   --->   "%mrv_40 = insertvalue i1024 %mrv_39, i16 %select_ln45_87" [firmware/nnet_utils/nnet_activation.h:50]   --->   Operation 300 'insertvalue' 'mrv_40' <Predicate = true> <Delay = 0.00>
ST_1 : Operation 301 [1/1] (0.00ns)   --->   "%mrv_41 = insertvalue i1024 %mrv_40, i16 %select_ln45_88" [firmware/nnet_utils/nnet_activation.h:50]   --->   Operation 301 'insertvalue' 'mrv_41' <Predicate = true> <Delay = 0.00>
ST_1 : Operation 302 [1/1] (0.00ns)   --->   "%mrv_42 = insertvalue i1024 %mrv_41, i16 %select_ln45_89" [firmware/nnet_utils/nnet_activation.h:50]   --->   Operation 302 'insertvalue' 'mrv_42' <Predicate = true> <Delay = 0.00>
ST_1 : Operation 303 [1/1] (0.00ns)   --->   "%mrv_43 = insertvalue i1024 %mrv_42, i16 %select_ln45_90" [firmware/nnet_utils/nnet_activation.h:50]   --->   Operation 303 'insertvalue' 'mrv_43' <Predicate = true> <Delay = 0.00>
ST_1 : Operation 304 [1/1] (0.00ns)   --->   "%mrv_44 = insertvalue i1024 %mrv_43, i16 %select_ln45_91" [firmware/nnet_utils/nnet_activation.h:50]   --->   Operation 304 'insertvalue' 'mrv_44' <Predicate = true> <Delay = 0.00>
ST_1 : Operation 305 [1/1] (0.00ns)   --->   "%mrv_45 = insertvalue i1024 %mrv_44, i16 %select_ln45_92" [firmware/nnet_utils/nnet_activation.h:50]   --->   Operation 305 'insertvalue' 'mrv_45' <Predicate = true> <Delay = 0.00>
ST_1 : Operation 306 [1/1] (0.00ns)   --->   "%mrv_46 = insertvalue i1024 %mrv_45, i16 %select_ln45_93" [firmware/nnet_utils/nnet_activation.h:50]   --->   Operation 306 'insertvalue' 'mrv_46' <Predicate = true> <Delay = 0.00>
ST_1 : Operation 307 [1/1] (0.00ns)   --->   "%mrv_47 = insertvalue i1024 %mrv_46, i16 %select_ln45_94" [firmware/nnet_utils/nnet_activation.h:50]   --->   Operation 307 'insertvalue' 'mrv_47' <Predicate = true> <Delay = 0.00>
ST_1 : Operation 308 [1/1] (0.00ns)   --->   "%mrv_48 = insertvalue i1024 %mrv_47, i16 %select_ln45_95" [firmware/nnet_utils/nnet_activation.h:50]   --->   Operation 308 'insertvalue' 'mrv_48' <Predicate = true> <Delay = 0.00>
ST_1 : Operation 309 [1/1] (0.00ns)   --->   "%mrv_49 = insertvalue i1024 %mrv_48, i16 %select_ln45_96" [firmware/nnet_utils/nnet_activation.h:50]   --->   Operation 309 'insertvalue' 'mrv_49' <Predicate = true> <Delay = 0.00>
ST_1 : Operation 310 [1/1] (0.00ns)   --->   "%mrv_50 = insertvalue i1024 %mrv_49, i16 %select_ln45_97" [firmware/nnet_utils/nnet_activation.h:50]   --->   Operation 310 'insertvalue' 'mrv_50' <Predicate = true> <Delay = 0.00>
ST_1 : Operation 311 [1/1] (0.00ns)   --->   "%mrv_51 = insertvalue i1024 %mrv_50, i16 %select_ln45_98" [firmware/nnet_utils/nnet_activation.h:50]   --->   Operation 311 'insertvalue' 'mrv_51' <Predicate = true> <Delay = 0.00>
ST_1 : Operation 312 [1/1] (0.00ns)   --->   "%mrv_52 = insertvalue i1024 %mrv_51, i16 %select_ln45_99" [firmware/nnet_utils/nnet_activation.h:50]   --->   Operation 312 'insertvalue' 'mrv_52' <Predicate = true> <Delay = 0.00>
ST_1 : Operation 313 [1/1] (0.00ns)   --->   "%mrv_53 = insertvalue i1024 %mrv_52, i16 %select_ln45_100" [firmware/nnet_utils/nnet_activation.h:50]   --->   Operation 313 'insertvalue' 'mrv_53' <Predicate = true> <Delay = 0.00>
ST_1 : Operation 314 [1/1] (0.00ns)   --->   "%mrv_54 = insertvalue i1024 %mrv_53, i16 %select_ln45_101" [firmware/nnet_utils/nnet_activation.h:50]   --->   Operation 314 'insertvalue' 'mrv_54' <Predicate = true> <Delay = 0.00>
ST_1 : Operation 315 [1/1] (0.00ns)   --->   "%mrv_55 = insertvalue i1024 %mrv_54, i16 %select_ln45_102" [firmware/nnet_utils/nnet_activation.h:50]   --->   Operation 315 'insertvalue' 'mrv_55' <Predicate = true> <Delay = 0.00>
ST_1 : Operation 316 [1/1] (0.00ns)   --->   "%mrv_56 = insertvalue i1024 %mrv_55, i16 %select_ln45_103" [firmware/nnet_utils/nnet_activation.h:50]   --->   Operation 316 'insertvalue' 'mrv_56' <Predicate = true> <Delay = 0.00>
ST_1 : Operation 317 [1/1] (0.00ns)   --->   "%mrv_57 = insertvalue i1024 %mrv_56, i16 %select_ln45_104" [firmware/nnet_utils/nnet_activation.h:50]   --->   Operation 317 'insertvalue' 'mrv_57' <Predicate = true> <Delay = 0.00>
ST_1 : Operation 318 [1/1] (0.00ns)   --->   "%mrv_58 = insertvalue i1024 %mrv_57, i16 %select_ln45_105" [firmware/nnet_utils/nnet_activation.h:50]   --->   Operation 318 'insertvalue' 'mrv_58' <Predicate = true> <Delay = 0.00>
ST_1 : Operation 319 [1/1] (0.00ns)   --->   "%mrv_59 = insertvalue i1024 %mrv_58, i16 %select_ln45_106" [firmware/nnet_utils/nnet_activation.h:50]   --->   Operation 319 'insertvalue' 'mrv_59' <Predicate = true> <Delay = 0.00>
ST_1 : Operation 320 [1/1] (0.00ns)   --->   "%mrv_60 = insertvalue i1024 %mrv_59, i16 %select_ln45_107" [firmware/nnet_utils/nnet_activation.h:50]   --->   Operation 320 'insertvalue' 'mrv_60' <Predicate = true> <Delay = 0.00>
ST_1 : Operation 321 [1/1] (0.00ns)   --->   "%mrv_61 = insertvalue i1024 %mrv_60, i16 %select_ln45_108" [firmware/nnet_utils/nnet_activation.h:50]   --->   Operation 321 'insertvalue' 'mrv_61' <Predicate = true> <Delay = 0.00>
ST_1 : Operation 322 [1/1] (0.00ns)   --->   "%mrv_62 = insertvalue i1024 %mrv_61, i16 %select_ln45_109" [firmware/nnet_utils/nnet_activation.h:50]   --->   Operation 322 'insertvalue' 'mrv_62' <Predicate = true> <Delay = 0.00>
ST_1 : Operation 323 [1/1] (0.00ns)   --->   "%ret_ln50 = ret i1024 %mrv_62" [firmware/nnet_utils/nnet_activation.h:50]   --->   Operation 323 'ret' 'ret_ln50' <Predicate = true> <Delay = 0.00>


============================================================
+ Verbose Summary: Binding
============================================================
STG Binding: 
---------------- STG Properties BEGIN ----------------
- Is combinational: 1
- Is one-state seq: 0
- Is datapath-only: 0
- Is pipelined: 1
- Is top level: 0
Port [ Return ] is wired: 1; IO mode=ap_ctrl_hs:ce=0
Port [ data_0_val]:  wired=1; compound=0; hidden=0; nouse=0; global=0; static=0; extern=0; dir=0; type=0; pingpong=0; private_global=0; IO mode=ap_none:ce=0
Port [ data_1_val]:  wired=1; compound=0; hidden=0; nouse=0; global=0; static=0; extern=0; dir=0; type=0; pingpong=0; private_global=0; IO mode=ap_none:ce=0
Port [ data_2_val]:  wired=1; compound=0; hidden=0; nouse=0; global=0; static=0; extern=0; dir=0; type=0; pingpong=0; private_global=0; IO mode=ap_none:ce=0
Port [ data_3_val]:  wired=1; compound=0; hidden=0; nouse=0; global=0; static=0; extern=0; dir=0; type=0; pingpong=0; private_global=0; IO mode=ap_none:ce=0
Port [ data_4_val]:  wired=1; compound=0; hidden=0; nouse=0; global=0; static=0; extern=0; dir=0; type=0; pingpong=0; private_global=0; IO mode=ap_none:ce=0
Port [ data_5_val]:  wired=1; compound=0; hidden=0; nouse=0; global=0; static=0; extern=0; dir=0; type=0; pingpong=0; private_global=0; IO mode=ap_none:ce=0
Port [ data_6_val]:  wired=1; compound=0; hidden=0; nouse=0; global=0; static=0; extern=0; dir=0; type=0; pingpong=0; private_global=0; IO mode=ap_none:ce=0
Port [ data_7_val]:  wired=1; compound=0; hidden=0; nouse=0; global=0; static=0; extern=0; dir=0; type=0; pingpong=0; private_global=0; IO mode=ap_none:ce=0
Port [ data_8_val]:  wired=1; compound=0; hidden=0; nouse=0; global=0; static=0; extern=0; dir=0; type=0; pingpong=0; private_global=0; IO mode=ap_none:ce=0
Port [ data_9_val]:  wired=1; compound=0; hidden=0; nouse=0; global=0; static=0; extern=0; dir=0; type=0; pingpong=0; private_global=0; IO mode=ap_none:ce=0
Port [ data_10_val]:  wired=1; compound=0; hidden=0; nouse=0; global=0; static=0; extern=0; dir=0; type=0; pingpong=0; private_global=0; IO mode=ap_none:ce=0
Port [ data_11_val]:  wired=1; compound=0; hidden=0; nouse=0; global=0; static=0; extern=0; dir=0; type=0; pingpong=0; private_global=0; IO mode=ap_none:ce=0
Port [ data_12_val]:  wired=1; compound=0; hidden=0; nouse=0; global=0; static=0; extern=0; dir=0; type=0; pingpong=0; private_global=0; IO mode=ap_none:ce=0
Port [ data_13_val]:  wired=1; compound=0; hidden=0; nouse=0; global=0; static=0; extern=0; dir=0; type=0; pingpong=0; private_global=0; IO mode=ap_none:ce=0
Port [ data_14_val]:  wired=1; compound=0; hidden=0; nouse=0; global=0; static=0; extern=0; dir=0; type=0; pingpong=0; private_global=0; IO mode=ap_none:ce=0
Port [ data_15_val]:  wired=1; compound=0; hidden=0; nouse=0; global=0; static=0; extern=0; dir=0; type=0; pingpong=0; private_global=0; IO mode=ap_none:ce=0
Port [ data_16_val]:  wired=1; compound=0; hidden=0; nouse=0; global=0; static=0; extern=0; dir=0; type=0; pingpong=0; private_global=0; IO mode=ap_none:ce=0
Port [ data_17_val]:  wired=1; compound=0; hidden=0; nouse=0; global=0; static=0; extern=0; dir=0; type=0; pingpong=0; private_global=0; IO mode=ap_none:ce=0
Port [ data_18_val]:  wired=1; compound=0; hidden=0; nouse=0; global=0; static=0; extern=0; dir=0; type=0; pingpong=0; private_global=0; IO mode=ap_none:ce=0
Port [ data_19_val]:  wired=1; compound=0; hidden=0; nouse=0; global=0; static=0; extern=0; dir=0; type=0; pingpong=0; private_global=0; IO mode=ap_none:ce=0
Port [ data_20_val]:  wired=1; compound=0; hidden=0; nouse=0; global=0; static=0; extern=0; dir=0; type=0; pingpong=0; private_global=0; IO mode=ap_none:ce=0
Port [ data_21_val]:  wired=1; compound=0; hidden=0; nouse=0; global=0; static=0; extern=0; dir=0; type=0; pingpong=0; private_global=0; IO mode=ap_none:ce=0
Port [ data_22_val]:  wired=1; compound=0; hidden=0; nouse=0; global=0; static=0; extern=0; dir=0; type=0; pingpong=0; private_global=0; IO mode=ap_none:ce=0
Port [ data_23_val]:  wired=1; compound=0; hidden=0; nouse=0; global=0; static=0; extern=0; dir=0; type=0; pingpong=0; private_global=0; IO mode=ap_none:ce=0
Port [ data_24_val]:  wired=1; compound=0; hidden=0; nouse=0; global=0; static=0; extern=0; dir=0; type=0; pingpong=0; private_global=0; IO mode=ap_none:ce=0
Port [ data_25_val]:  wired=1; compound=0; hidden=0; nouse=0; global=0; static=0; extern=0; dir=0; type=0; pingpong=0; private_global=0; IO mode=ap_none:ce=0
Port [ data_26_val]:  wired=1; compound=0; hidden=0; nouse=0; global=0; static=0; extern=0; dir=0; type=0; pingpong=0; private_global=0; IO mode=ap_none:ce=0
Port [ data_27_val]:  wired=1; compound=0; hidden=0; nouse=0; global=0; static=0; extern=0; dir=0; type=0; pingpong=0; private_global=0; IO mode=ap_none:ce=0
Port [ data_28_val]:  wired=1; compound=0; hidden=0; nouse=0; global=0; static=0; extern=0; dir=0; type=0; pingpong=0; private_global=0; IO mode=ap_none:ce=0
Port [ data_29_val]:  wired=1; compound=0; hidden=0; nouse=0; global=0; static=0; extern=0; dir=0; type=0; pingpong=0; private_global=0; IO mode=ap_none:ce=0
Port [ data_30_val]:  wired=1; compound=0; hidden=0; nouse=0; global=0; static=0; extern=0; dir=0; type=0; pingpong=0; private_global=0; IO mode=ap_none:ce=0
Port [ data_31_val]:  wired=1; compound=0; hidden=0; nouse=0; global=0; static=0; extern=0; dir=0; type=0; pingpong=0; private_global=0; IO mode=ap_none:ce=0
Port [ data_32_val]:  wired=1; compound=0; hidden=0; nouse=0; global=0; static=0; extern=0; dir=0; type=0; pingpong=0; private_global=0; IO mode=ap_none:ce=0
Port [ data_33_val]:  wired=1; compound=0; hidden=0; nouse=0; global=0; static=0; extern=0; dir=0; type=0; pingpong=0; private_global=0; IO mode=ap_none:ce=0
Port [ data_34_val]:  wired=1; compound=0; hidden=0; nouse=0; global=0; static=0; extern=0; dir=0; type=0; pingpong=0; private_global=0; IO mode=ap_none:ce=0
Port [ data_35_val]:  wired=1; compound=0; hidden=0; nouse=0; global=0; static=0; extern=0; dir=0; type=0; pingpong=0; private_global=0; IO mode=ap_none:ce=0
Port [ data_36_val]:  wired=1; compound=0; hidden=0; nouse=0; global=0; static=0; extern=0; dir=0; type=0; pingpong=0; private_global=0; IO mode=ap_none:ce=0
Port [ data_37_val]:  wired=1; compound=0; hidden=0; nouse=0; global=0; static=0; extern=0; dir=0; type=0; pingpong=0; private_global=0; IO mode=ap_none:ce=0
Port [ data_38_val]:  wired=1; compound=0; hidden=0; nouse=0; global=0; static=0; extern=0; dir=0; type=0; pingpong=0; private_global=0; IO mode=ap_none:ce=0
Port [ data_39_val]:  wired=1; compound=0; hidden=0; nouse=0; global=0; static=0; extern=0; dir=0; type=0; pingpong=0; private_global=0; IO mode=ap_none:ce=0
Port [ data_40_val]:  wired=1; compound=0; hidden=0; nouse=0; global=0; static=0; extern=0; dir=0; type=0; pingpong=0; private_global=0; IO mode=ap_none:ce=0
Port [ data_41_val]:  wired=1; compound=0; hidden=0; nouse=0; global=0; static=0; extern=0; dir=0; type=0; pingpong=0; private_global=0; IO mode=ap_none:ce=0
Port [ data_42_val]:  wired=1; compound=0; hidden=0; nouse=0; global=0; static=0; extern=0; dir=0; type=0; pingpong=0; private_global=0; IO mode=ap_none:ce=0
Port [ data_43_val]:  wired=1; compound=0; hidden=0; nouse=0; global=0; static=0; extern=0; dir=0; type=0; pingpong=0; private_global=0; IO mode=ap_none:ce=0
Port [ data_44_val]:  wired=1; compound=0; hidden=0; nouse=0; global=0; static=0; extern=0; dir=0; type=0; pingpong=0; private_global=0; IO mode=ap_none:ce=0
Port [ data_45_val]:  wired=1; compound=0; hidden=0; nouse=0; global=0; static=0; extern=0; dir=0; type=0; pingpong=0; private_global=0; IO mode=ap_none:ce=0
Port [ data_46_val]:  wired=1; compound=0; hidden=0; nouse=0; global=0; static=0; extern=0; dir=0; type=0; pingpong=0; private_global=0; IO mode=ap_none:ce=0
Port [ data_47_val]:  wired=1; compound=0; hidden=0; nouse=0; global=0; static=0; extern=0; dir=0; type=0; pingpong=0; private_global=0; IO mode=ap_none:ce=0
Port [ data_48_val]:  wired=1; compound=0; hidden=0; nouse=0; global=0; static=0; extern=0; dir=0; type=0; pingpong=0; private_global=0; IO mode=ap_none:ce=0
Port [ data_49_val]:  wired=1; compound=0; hidden=0; nouse=0; global=0; static=0; extern=0; dir=0; type=0; pingpong=0; private_global=0; IO mode=ap_none:ce=0
Port [ data_50_val]:  wired=1; compound=0; hidden=0; nouse=0; global=0; static=0; extern=0; dir=0; type=0; pingpong=0; private_global=0; IO mode=ap_none:ce=0
Port [ data_51_val]:  wired=1; compound=0; hidden=0; nouse=0; global=0; static=0; extern=0; dir=0; type=0; pingpong=0; private_global=0; IO mode=ap_none:ce=0
Port [ data_52_val]:  wired=1; compound=0; hidden=0; nouse=0; global=0; static=0; extern=0; dir=0; type=0; pingpong=0; private_global=0; IO mode=ap_none:ce=0
Port [ data_53_val]:  wired=1; compound=0; hidden=0; nouse=0; global=0; static=0; extern=0; dir=0; type=0; pingpong=0; private_global=0; IO mode=ap_none:ce=0
Port [ data_54_val]:  wired=1; compound=0; hidden=0; nouse=0; global=0; static=0; extern=0; dir=0; type=0; pingpong=0; private_global=0; IO mode=ap_none:ce=0
Port [ data_55_val]:  wired=1; compound=0; hidden=0; nouse=0; global=0; static=0; extern=0; dir=0; type=0; pingpong=0; private_global=0; IO mode=ap_none:ce=0
Port [ data_56_val]:  wired=1; compound=0; hidden=0; nouse=0; global=0; static=0; extern=0; dir=0; type=0; pingpong=0; private_global=0; IO mode=ap_none:ce=0
Port [ data_57_val]:  wired=1; compound=0; hidden=0; nouse=0; global=0; static=0; extern=0; dir=0; type=0; pingpong=0; private_global=0; IO mode=ap_none:ce=0
Port [ data_58_val]:  wired=1; compound=0; hidden=0; nouse=0; global=0; static=0; extern=0; dir=0; type=0; pingpong=0; private_global=0; IO mode=ap_none:ce=0
Port [ data_59_val]:  wired=1; compound=0; hidden=0; nouse=0; global=0; static=0; extern=0; dir=0; type=0; pingpong=0; private_global=0; IO mode=ap_none:ce=0
Port [ data_60_val]:  wired=1; compound=0; hidden=0; nouse=0; global=0; static=0; extern=0; dir=0; type=0; pingpong=0; private_global=0; IO mode=ap_none:ce=0
Port [ data_61_val]:  wired=1; compound=0; hidden=0; nouse=0; global=0; static=0; extern=0; dir=0; type=0; pingpong=0; private_global=0; IO mode=ap_none:ce=0
Port [ data_62_val]:  wired=1; compound=0; hidden=0; nouse=0; global=0; static=0; extern=0; dir=0; type=0; pingpong=0; private_global=0; IO mode=ap_none:ce=0
Port [ data_63_val]:  wired=1; compound=0; hidden=0; nouse=0; global=0; static=0; extern=0; dir=0; type=0; pingpong=0; private_global=0; IO mode=ap_none:ce=0
---------------- STG Properties END ------------------

---------------- Datapath Model BEGIN ----------------

<LifeTime>
<method=bitvector/>
specpipeline_ln43 (specpipeline) [ 00]
data_63_val_read  (read        ) [ 00]
data_62_val_read  (read        ) [ 00]
data_61_val_read  (read        ) [ 00]
data_60_val_read  (read        ) [ 00]
data_59_val_read  (read        ) [ 00]
data_58_val_read  (read        ) [ 00]
data_57_val_read  (read        ) [ 00]
data_56_val_read  (read        ) [ 00]
data_55_val_read  (read        ) [ 00]
data_54_val_read  (read        ) [ 00]
data_53_val_read  (read        ) [ 00]
data_52_val_read  (read        ) [ 00]
data_51_val_read  (read        ) [ 00]
data_50_val_read  (read        ) [ 00]
data_49_val_read  (read        ) [ 00]
data_48_val_read  (read        ) [ 00]
data_47_val_read  (read        ) [ 00]
data_46_val_read  (read        ) [ 00]
data_45_val_read  (read        ) [ 00]
data_44_val_read  (read        ) [ 00]
data_43_val_read  (read        ) [ 00]
data_42_val_read  (read        ) [ 00]
data_41_val_read  (read        ) [ 00]
data_40_val_read  (read        ) [ 00]
data_39_val_read  (read        ) [ 00]
data_38_val_read  (read        ) [ 00]
data_37_val_read  (read        ) [ 00]
data_36_val_read  (read        ) [ 00]
data_35_val_read  (read        ) [ 00]
data_34_val_read  (read        ) [ 00]
data_33_val_read  (read        ) [ 00]
data_32_val_read  (read        ) [ 00]
data_31_val_read  (read        ) [ 00]
data_30_val_read  (read        ) [ 00]
data_29_val_read  (read        ) [ 00]
data_28_val_read  (read        ) [ 00]
data_27_val_read  (read        ) [ 00]
data_26_val_read  (read        ) [ 00]
data_25_val_read  (read        ) [ 00]
data_24_val_read  (read        ) [ 00]
data_23_val_read  (read        ) [ 00]
data_22_val_read  (read        ) [ 00]
data_21_val_read  (read        ) [ 00]
data_20_val_read  (read        ) [ 00]
data_19_val_read  (read        ) [ 00]
data_18_val_read  (read        ) [ 00]
data_17_val_read  (read        ) [ 00]
data_16_val_read  (read        ) [ 00]
data_15_val_read  (read        ) [ 00]
data_14_val_read  (read        ) [ 00]
data_13_val_read  (read        ) [ 00]
data_12_val_read  (read        ) [ 00]
data_11_val_read  (read        ) [ 00]
data_10_val_read  (read        ) [ 00]
data_9_val_read   (read        ) [ 00]
data_8_val_read   (read        ) [ 00]
data_7_val_read   (read        ) [ 00]
data_6_val_read   (read        ) [ 00]
data_5_val_read   (read        ) [ 00]
data_4_val_read   (read        ) [ 00]
data_3_val_read   (read        ) [ 00]
data_2_val_read   (read        ) [ 00]
data_1_val_read   (read        ) [ 00]
data_0_val_read   (read        ) [ 00]
icmp_ln45         (icmp        ) [ 01]
trunc_ln          (partselect  ) [ 00]
select_ln45       (select      ) [ 00]
icmp_ln45_47      (icmp        ) [ 01]
trunc_ln46_s      (partselect  ) [ 00]
select_ln45_47    (select      ) [ 00]
icmp_ln45_48      (icmp        ) [ 01]
trunc_ln46_45     (partselect  ) [ 00]
select_ln45_48    (select      ) [ 00]
icmp_ln45_49      (icmp        ) [ 01]
trunc_ln46_46     (partselect  ) [ 00]
select_ln45_49    (select      ) [ 00]
icmp_ln45_50      (icmp        ) [ 01]
trunc_ln46_47     (partselect  ) [ 00]
select_ln45_50    (select      ) [ 00]
icmp_ln45_51      (icmp        ) [ 01]
trunc_ln46_48     (partselect  ) [ 00]
select_ln45_51    (select      ) [ 00]
icmp_ln45_52      (icmp        ) [ 01]
trunc_ln46_49     (partselect  ) [ 00]
select_ln45_52    (select      ) [ 00]
icmp_ln45_53      (icmp        ) [ 01]
trunc_ln46_50     (partselect  ) [ 00]
select_ln45_53    (select      ) [ 00]
icmp_ln45_54      (icmp        ) [ 01]
trunc_ln46_51     (partselect  ) [ 00]
select_ln45_54    (select      ) [ 00]
icmp_ln45_55      (icmp        ) [ 01]
trunc_ln46_52     (partselect  ) [ 00]
select_ln45_55    (select      ) [ 00]
icmp_ln45_56      (icmp        ) [ 01]
trunc_ln46_53     (partselect  ) [ 00]
select_ln45_56    (select      ) [ 00]
icmp_ln45_57      (icmp        ) [ 01]
trunc_ln46_54     (partselect  ) [ 00]
select_ln45_57    (select      ) [ 00]
icmp_ln45_58      (icmp        ) [ 01]
trunc_ln46_55     (partselect  ) [ 00]
select_ln45_58    (select      ) [ 00]
icmp_ln45_59      (icmp        ) [ 01]
trunc_ln46_56     (partselect  ) [ 00]
select_ln45_59    (select      ) [ 00]
icmp_ln45_60      (icmp        ) [ 01]
trunc_ln46_57     (partselect  ) [ 00]
select_ln45_60    (select      ) [ 00]
icmp_ln45_61      (icmp        ) [ 01]
trunc_ln46_58     (partselect  ) [ 00]
select_ln45_61    (select      ) [ 00]
icmp_ln45_62      (icmp        ) [ 01]
trunc_ln46_59     (partselect  ) [ 00]
select_ln45_62    (select      ) [ 00]
icmp_ln45_63      (icmp        ) [ 01]
trunc_ln46_60     (partselect  ) [ 00]
select_ln45_63    (select      ) [ 00]
icmp_ln45_64      (icmp        ) [ 01]
trunc_ln46_61     (partselect  ) [ 00]
select_ln45_64    (select      ) [ 00]
icmp_ln45_65      (icmp        ) [ 01]
trunc_ln46_62     (partselect  ) [ 00]
select_ln45_65    (select      ) [ 00]
icmp_ln45_66      (icmp        ) [ 01]
trunc_ln46_63     (partselect  ) [ 00]
select_ln45_66    (select      ) [ 00]
icmp_ln45_67      (icmp        ) [ 01]
trunc_ln46_64     (partselect  ) [ 00]
select_ln45_67    (select      ) [ 00]
icmp_ln45_68      (icmp        ) [ 01]
trunc_ln46_65     (partselect  ) [ 00]
select_ln45_68    (select      ) [ 00]
icmp_ln45_69      (icmp        ) [ 01]
trunc_ln46_66     (partselect  ) [ 00]
select_ln45_69    (select      ) [ 00]
icmp_ln45_70      (icmp        ) [ 01]
trunc_ln46_67     (partselect  ) [ 00]
select_ln45_70    (select      ) [ 00]
icmp_ln45_71      (icmp        ) [ 01]
trunc_ln46_68     (partselect  ) [ 00]
select_ln45_71    (select      ) [ 00]
icmp_ln45_72      (icmp        ) [ 01]
trunc_ln46_69     (partselect  ) [ 00]
select_ln45_72    (select      ) [ 00]
icmp_ln45_73      (icmp        ) [ 01]
trunc_ln46_70     (partselect  ) [ 00]
select_ln45_73    (select      ) [ 00]
icmp_ln45_74      (icmp        ) [ 01]
trunc_ln46_71     (partselect  ) [ 00]
select_ln45_74    (select      ) [ 00]
icmp_ln45_75      (icmp        ) [ 01]
trunc_ln46_72     (partselect  ) [ 00]
select_ln45_75    (select      ) [ 00]
icmp_ln45_76      (icmp        ) [ 01]
trunc_ln46_73     (partselect  ) [ 00]
select_ln45_76    (select      ) [ 00]
icmp_ln45_77      (icmp        ) [ 01]
trunc_ln46_74     (partselect  ) [ 00]
select_ln45_77    (select      ) [ 00]
icmp_ln45_78      (icmp        ) [ 01]
trunc_ln46_75     (partselect  ) [ 00]
select_ln45_78    (select      ) [ 00]
icmp_ln45_79      (icmp        ) [ 01]
trunc_ln46_76     (partselect  ) [ 00]
select_ln45_79    (select      ) [ 00]
icmp_ln45_80      (icmp        ) [ 01]
trunc_ln46_77     (partselect  ) [ 00]
select_ln45_80    (select      ) [ 00]
icmp_ln45_81      (icmp        ) [ 01]
trunc_ln46_78     (partselect  ) [ 00]
select_ln45_81    (select      ) [ 00]
icmp_ln45_82      (icmp        ) [ 01]
trunc_ln46_79     (partselect  ) [ 00]
select_ln45_82    (select      ) [ 00]
icmp_ln45_83      (icmp        ) [ 01]
trunc_ln46_80     (partselect  ) [ 00]
select_ln45_83    (select      ) [ 00]
icmp_ln45_84      (icmp        ) [ 01]
trunc_ln46_81     (partselect  ) [ 00]
select_ln45_84    (select      ) [ 00]
icmp_ln45_85      (icmp        ) [ 01]
trunc_ln46_82     (partselect  ) [ 00]
select_ln45_85    (select      ) [ 00]
icmp_ln45_86      (icmp        ) [ 01]
trunc_ln46_83     (partselect  ) [ 00]
select_ln45_86    (select      ) [ 00]
icmp_ln45_87      (icmp        ) [ 01]
trunc_ln46_84     (partselect  ) [ 00]
select_ln45_87    (select      ) [ 00]
icmp_ln45_88      (icmp        ) [ 01]
trunc_ln46_85     (partselect  ) [ 00]
select_ln45_88    (select      ) [ 00]
icmp_ln45_89      (icmp        ) [ 01]
trunc_ln46_86     (partselect  ) [ 00]
select_ln45_89    (select      ) [ 00]
icmp_ln45_90      (icmp        ) [ 01]
trunc_ln46_87     (partselect  ) [ 00]
select_ln45_90    (select      ) [ 00]
icmp_ln45_91      (icmp        ) [ 01]
trunc_ln46_88     (partselect  ) [ 00]
select_ln45_91    (select      ) [ 00]
icmp_ln45_92      (icmp        ) [ 01]
trunc_ln46_89     (partselect  ) [ 00]
select_ln45_92    (select      ) [ 00]
icmp_ln45_93      (icmp        ) [ 01]
trunc_ln46_90     (partselect  ) [ 00]
select_ln45_93    (select      ) [ 00]
icmp_ln45_94      (icmp        ) [ 01]
trunc_ln46_91     (partselect  ) [ 00]
select_ln45_94    (select      ) [ 00]
icmp_ln45_95      (icmp        ) [ 01]
trunc_ln46_92     (partselect  ) [ 00]
select_ln45_95    (select      ) [ 00]
icmp_ln45_96      (icmp        ) [ 01]
trunc_ln46_93     (partselect  ) [ 00]
select_ln45_96    (select      ) [ 00]
icmp_ln45_97      (icmp        ) [ 01]
trunc_ln46_94     (partselect  ) [ 00]
select_ln45_97    (select      ) [ 00]
icmp_ln45_98      (icmp        ) [ 01]
trunc_ln46_95     (partselect  ) [ 00]
select_ln45_98    (select      ) [ 00]
icmp_ln45_99      (icmp        ) [ 01]
trunc_ln46_96     (partselect  ) [ 00]
select_ln45_99    (select      ) [ 00]
icmp_ln45_100     (icmp        ) [ 01]
trunc_ln46_97     (partselect  ) [ 00]
select_ln45_100   (select      ) [ 00]
icmp_ln45_101     (icmp        ) [ 01]
trunc_ln46_98     (partselect  ) [ 00]
select_ln45_101   (select      ) [ 00]
icmp_ln45_102     (icmp        ) [ 01]
trunc_ln46_99     (partselect  ) [ 00]
select_ln45_102   (select      ) [ 00]
icmp_ln45_103     (icmp        ) [ 01]
trunc_ln46_100    (partselect  ) [ 00]
select_ln45_103   (select      ) [ 00]
icmp_ln45_104     (icmp        ) [ 01]
trunc_ln46_101    (partselect  ) [ 00]
select_ln45_104   (select      ) [ 00]
icmp_ln45_105     (icmp        ) [ 01]
trunc_ln46_102    (partselect  ) [ 00]
select_ln45_105   (select      ) [ 00]
icmp_ln45_106     (icmp        ) [ 01]
trunc_ln46_103    (partselect  ) [ 00]
select_ln45_106   (select      ) [ 00]
icmp_ln45_107     (icmp        ) [ 01]
trunc_ln46_104    (partselect  ) [ 00]
select_ln45_107   (select      ) [ 00]
icmp_ln45_108     (icmp        ) [ 01]
trunc_ln46_105    (partselect  ) [ 00]
select_ln45_108   (select      ) [ 00]
icmp_ln45_109     (icmp        ) [ 01]
trunc_ln46_106    (partselect  ) [ 00]
select_ln45_109   (select      ) [ 00]
mrv               (insertvalue ) [ 00]
mrv_1             (insertvalue ) [ 00]
mrv_2             (insertvalue ) [ 00]
mrv_3             (insertvalue ) [ 00]
mrv_4             (insertvalue ) [ 00]
mrv_5             (insertvalue ) [ 00]
mrv_6             (insertvalue ) [ 00]
mrv_7             (insertvalue ) [ 00]
mrv_8             (insertvalue ) [ 00]
mrv_9             (insertvalue ) [ 00]
mrv_10            (insertvalue ) [ 00]
mrv_11            (insertvalue ) [ 00]
mrv_12            (insertvalue ) [ 00]
mrv_13            (insertvalue ) [ 00]
mrv_14            (insertvalue ) [ 00]
mrv_15            (insertvalue ) [ 00]
mrv_16            (insertvalue ) [ 00]
mrv_17            (insertvalue ) [ 00]
mrv_18            (insertvalue ) [ 00]
mrv_19            (insertvalue ) [ 00]
mrv_20            (insertvalue ) [ 00]
mrv_21            (insertvalue ) [ 00]
mrv_22            (insertvalue ) [ 00]
mrv_23            (insertvalue ) [ 00]
mrv_24            (insertvalue ) [ 00]
mrv_25            (insertvalue ) [ 00]
mrv_26            (insertvalue ) [ 00]
mrv_27            (insertvalue ) [ 00]
mrv_28            (insertvalue ) [ 00]
mrv_29            (insertvalue ) [ 00]
mrv_30            (insertvalue ) [ 00]
mrv_s             (insertvalue ) [ 00]
mrv_31            (insertvalue ) [ 00]
mrv_32            (insertvalue ) [ 00]
mrv_33            (insertvalue ) [ 00]
mrv_34            (insertvalue ) [ 00]
mrv_35            (insertvalue ) [ 00]
mrv_36            (insertvalue ) [ 00]
mrv_37            (insertvalue ) [ 00]
mrv_38            (insertvalue ) [ 00]
mrv_39            (insertvalue ) [ 00]
mrv_40            (insertvalue ) [ 00]
mrv_41            (insertvalue ) [ 00]
mrv_42            (insertvalue ) [ 00]
mrv_43            (insertvalue ) [ 00]
mrv_44            (insertvalue ) [ 00]
mrv_45            (insertvalue ) [ 00]
mrv_46            (insertvalue ) [ 00]
mrv_47            (insertvalue ) [ 00]
mrv_48            (insertvalue ) [ 00]
mrv_49            (insertvalue ) [ 00]
mrv_50            (insertvalue ) [ 00]
mrv_51            (insertvalue ) [ 00]
mrv_52            (insertvalue ) [ 00]
mrv_53            (insertvalue ) [ 00]
mrv_54            (insertvalue ) [ 00]
mrv_55            (insertvalue ) [ 00]
mrv_56            (insertvalue ) [ 00]
mrv_57            (insertvalue ) [ 00]
mrv_58            (insertvalue ) [ 00]
mrv_59            (insertvalue ) [ 00]
mrv_60            (insertvalue ) [ 00]
mrv_61            (insertvalue ) [ 00]
mrv_62            (insertvalue ) [ 00]
ret_ln50          (ret         ) [ 00]
</LifeTime>

<model>

<comp_list>
<comp id="0" class="1000" name="data_0_val">
<pin_list>
<pin id="1" dir="1" index="0" bw="1" slack="0"/>
</pin_list>
<bind>
<StgValue><ssdm name="data_0_val"/></StgValue>
</bind>
</comp>

<comp id="2" class="1000" name="data_1_val">
<pin_list>
<pin id="3" dir="1" index="0" bw="1" slack="0"/>
</pin_list>
<bind>
<StgValue><ssdm name="data_1_val"/></StgValue>
</bind>
</comp>

<comp id="4" class="1000" name="data_2_val">
<pin_list>
<pin id="5" dir="1" index="0" bw="1" slack="0"/>
</pin_list>
<bind>
<StgValue><ssdm name="data_2_val"/></StgValue>
</bind>
</comp>

<comp id="6" class="1000" name="data_3_val">
<pin_list>
<pin id="7" dir="1" index="0" bw="1" slack="0"/>
</pin_list>
<bind>
<StgValue><ssdm name="data_3_val"/></StgValue>
</bind>
</comp>

<comp id="8" class="1000" name="data_4_val">
<pin_list>
<pin id="9" dir="1" index="0" bw="1" slack="0"/>
</pin_list>
<bind>
<StgValue><ssdm name="data_4_val"/></StgValue>
</bind>
</comp>

<comp id="10" class="1000" name="data_5_val">
<pin_list>
<pin id="11" dir="1" index="0" bw="1" slack="0"/>
</pin_list>
<bind>
<StgValue><ssdm name="data_5_val"/></StgValue>
</bind>
</comp>

<comp id="12" class="1000" name="data_6_val">
<pin_list>
<pin id="13" dir="1" index="0" bw="1" slack="0"/>
</pin_list>
<bind>
<StgValue><ssdm name="data_6_val"/></StgValue>
</bind>
</comp>

<comp id="14" class="1000" name="data_7_val">
<pin_list>
<pin id="15" dir="1" index="0" bw="1" slack="0"/>
</pin_list>
<bind>
<StgValue><ssdm name="data_7_val"/></StgValue>
</bind>
</comp>

<comp id="16" class="1000" name="data_8_val">
<pin_list>
<pin id="17" dir="1" index="0" bw="1" slack="0"/>
</pin_list>
<bind>
<StgValue><ssdm name="data_8_val"/></StgValue>
</bind>
</comp>

<comp id="18" class="1000" name="data_9_val">
<pin_list>
<pin id="19" dir="1" index="0" bw="1" slack="0"/>
</pin_list>
<bind>
<StgValue><ssdm name="data_9_val"/></StgValue>
</bind>
</comp>

<comp id="20" class="1000" name="data_10_val">
<pin_list>
<pin id="21" dir="1" index="0" bw="1" slack="0"/>
</pin_list>
<bind>
<StgValue><ssdm name="data_10_val"/></StgValue>
</bind>
</comp>

<comp id="22" class="1000" name="data_11_val">
<pin_list>
<pin id="23" dir="1" index="0" bw="1" slack="0"/>
</pin_list>
<bind>
<StgValue><ssdm name="data_11_val"/></StgValue>
</bind>
</comp>

<comp id="24" class="1000" name="data_12_val">
<pin_list>
<pin id="25" dir="1" index="0" bw="1" slack="0"/>
</pin_list>
<bind>
<StgValue><ssdm name="data_12_val"/></StgValue>
</bind>
</comp>

<comp id="26" class="1000" name="data_13_val">
<pin_list>
<pin id="27" dir="1" index="0" bw="1" slack="0"/>
</pin_list>
<bind>
<StgValue><ssdm name="data_13_val"/></StgValue>
</bind>
</comp>

<comp id="28" class="1000" name="data_14_val">
<pin_list>
<pin id="29" dir="1" index="0" bw="1" slack="0"/>
</pin_list>
<bind>
<StgValue><ssdm name="data_14_val"/></StgValue>
</bind>
</comp>

<comp id="30" class="1000" name="data_15_val">
<pin_list>
<pin id="31" dir="1" index="0" bw="1" slack="0"/>
</pin_list>
<bind>
<StgValue><ssdm name="data_15_val"/></StgValue>
</bind>
</comp>

<comp id="32" class="1000" name="data_16_val">
<pin_list>
<pin id="33" dir="1" index="0" bw="1" slack="0"/>
</pin_list>
<bind>
<StgValue><ssdm name="data_16_val"/></StgValue>
</bind>
</comp>

<comp id="34" class="1000" name="data_17_val">
<pin_list>
<pin id="35" dir="1" index="0" bw="1" slack="0"/>
</pin_list>
<bind>
<StgValue><ssdm name="data_17_val"/></StgValue>
</bind>
</comp>

<comp id="36" class="1000" name="data_18_val">
<pin_list>
<pin id="37" dir="1" index="0" bw="1" slack="0"/>
</pin_list>
<bind>
<StgValue><ssdm name="data_18_val"/></StgValue>
</bind>
</comp>

<comp id="38" class="1000" name="data_19_val">
<pin_list>
<pin id="39" dir="1" index="0" bw="1" slack="0"/>
</pin_list>
<bind>
<StgValue><ssdm name="data_19_val"/></StgValue>
</bind>
</comp>

<comp id="40" class="1000" name="data_20_val">
<pin_list>
<pin id="41" dir="1" index="0" bw="1" slack="0"/>
</pin_list>
<bind>
<StgValue><ssdm name="data_20_val"/></StgValue>
</bind>
</comp>

<comp id="42" class="1000" name="data_21_val">
<pin_list>
<pin id="43" dir="1" index="0" bw="1" slack="0"/>
</pin_list>
<bind>
<StgValue><ssdm name="data_21_val"/></StgValue>
</bind>
</comp>

<comp id="44" class="1000" name="data_22_val">
<pin_list>
<pin id="45" dir="1" index="0" bw="1" slack="0"/>
</pin_list>
<bind>
<StgValue><ssdm name="data_22_val"/></StgValue>
</bind>
</comp>

<comp id="46" class="1000" name="data_23_val">
<pin_list>
<pin id="47" dir="1" index="0" bw="1" slack="0"/>
</pin_list>
<bind>
<StgValue><ssdm name="data_23_val"/></StgValue>
</bind>
</comp>

<comp id="48" class="1000" name="data_24_val">
<pin_list>
<pin id="49" dir="1" index="0" bw="1" slack="0"/>
</pin_list>
<bind>
<StgValue><ssdm name="data_24_val"/></StgValue>
</bind>
</comp>

<comp id="50" class="1000" name="data_25_val">
<pin_list>
<pin id="51" dir="1" index="0" bw="1" slack="0"/>
</pin_list>
<bind>
<StgValue><ssdm name="data_25_val"/></StgValue>
</bind>
</comp>

<comp id="52" class="1000" name="data_26_val">
<pin_list>
<pin id="53" dir="1" index="0" bw="1" slack="0"/>
</pin_list>
<bind>
<StgValue><ssdm name="data_26_val"/></StgValue>
</bind>
</comp>

<comp id="54" class="1000" name="data_27_val">
<pin_list>
<pin id="55" dir="1" index="0" bw="1" slack="0"/>
</pin_list>
<bind>
<StgValue><ssdm name="data_27_val"/></StgValue>
</bind>
</comp>

<comp id="56" class="1000" name="data_28_val">
<pin_list>
<pin id="57" dir="1" index="0" bw="1" slack="0"/>
</pin_list>
<bind>
<StgValue><ssdm name="data_28_val"/></StgValue>
</bind>
</comp>

<comp id="58" class="1000" name="data_29_val">
<pin_list>
<pin id="59" dir="1" index="0" bw="1" slack="0"/>
</pin_list>
<bind>
<StgValue><ssdm name="data_29_val"/></StgValue>
</bind>
</comp>

<comp id="60" class="1000" name="data_30_val">
<pin_list>
<pin id="61" dir="1" index="0" bw="1" slack="0"/>
</pin_list>
<bind>
<StgValue><ssdm name="data_30_val"/></StgValue>
</bind>
</comp>

<comp id="62" class="1000" name="data_31_val">
<pin_list>
<pin id="63" dir="1" index="0" bw="1" slack="0"/>
</pin_list>
<bind>
<StgValue><ssdm name="data_31_val"/></StgValue>
</bind>
</comp>

<comp id="64" class="1000" name="data_32_val">
<pin_list>
<pin id="65" dir="1" index="0" bw="1" slack="0"/>
</pin_list>
<bind>
<StgValue><ssdm name="data_32_val"/></StgValue>
</bind>
</comp>

<comp id="66" class="1000" name="data_33_val">
<pin_list>
<pin id="67" dir="1" index="0" bw="1" slack="0"/>
</pin_list>
<bind>
<StgValue><ssdm name="data_33_val"/></StgValue>
</bind>
</comp>

<comp id="68" class="1000" name="data_34_val">
<pin_list>
<pin id="69" dir="1" index="0" bw="1" slack="0"/>
</pin_list>
<bind>
<StgValue><ssdm name="data_34_val"/></StgValue>
</bind>
</comp>

<comp id="70" class="1000" name="data_35_val">
<pin_list>
<pin id="71" dir="1" index="0" bw="1" slack="0"/>
</pin_list>
<bind>
<StgValue><ssdm name="data_35_val"/></StgValue>
</bind>
</comp>

<comp id="72" class="1000" name="data_36_val">
<pin_list>
<pin id="73" dir="1" index="0" bw="1" slack="0"/>
</pin_list>
<bind>
<StgValue><ssdm name="data_36_val"/></StgValue>
</bind>
</comp>

<comp id="74" class="1000" name="data_37_val">
<pin_list>
<pin id="75" dir="1" index="0" bw="1" slack="0"/>
</pin_list>
<bind>
<StgValue><ssdm name="data_37_val"/></StgValue>
</bind>
</comp>

<comp id="76" class="1000" name="data_38_val">
<pin_list>
<pin id="77" dir="1" index="0" bw="1" slack="0"/>
</pin_list>
<bind>
<StgValue><ssdm name="data_38_val"/></StgValue>
</bind>
</comp>

<comp id="78" class="1000" name="data_39_val">
<pin_list>
<pin id="79" dir="1" index="0" bw="1" slack="0"/>
</pin_list>
<bind>
<StgValue><ssdm name="data_39_val"/></StgValue>
</bind>
</comp>

<comp id="80" class="1000" name="data_40_val">
<pin_list>
<pin id="81" dir="1" index="0" bw="1" slack="0"/>
</pin_list>
<bind>
<StgValue><ssdm name="data_40_val"/></StgValue>
</bind>
</comp>

<comp id="82" class="1000" name="data_41_val">
<pin_list>
<pin id="83" dir="1" index="0" bw="1" slack="0"/>
</pin_list>
<bind>
<StgValue><ssdm name="data_41_val"/></StgValue>
</bind>
</comp>

<comp id="84" class="1000" name="data_42_val">
<pin_list>
<pin id="85" dir="1" index="0" bw="1" slack="0"/>
</pin_list>
<bind>
<StgValue><ssdm name="data_42_val"/></StgValue>
</bind>
</comp>

<comp id="86" class="1000" name="data_43_val">
<pin_list>
<pin id="87" dir="1" index="0" bw="1" slack="0"/>
</pin_list>
<bind>
<StgValue><ssdm name="data_43_val"/></StgValue>
</bind>
</comp>

<comp id="88" class="1000" name="data_44_val">
<pin_list>
<pin id="89" dir="1" index="0" bw="1" slack="0"/>
</pin_list>
<bind>
<StgValue><ssdm name="data_44_val"/></StgValue>
</bind>
</comp>

<comp id="90" class="1000" name="data_45_val">
<pin_list>
<pin id="91" dir="1" index="0" bw="1" slack="0"/>
</pin_list>
<bind>
<StgValue><ssdm name="data_45_val"/></StgValue>
</bind>
</comp>

<comp id="92" class="1000" name="data_46_val">
<pin_list>
<pin id="93" dir="1" index="0" bw="1" slack="0"/>
</pin_list>
<bind>
<StgValue><ssdm name="data_46_val"/></StgValue>
</bind>
</comp>

<comp id="94" class="1000" name="data_47_val">
<pin_list>
<pin id="95" dir="1" index="0" bw="1" slack="0"/>
</pin_list>
<bind>
<StgValue><ssdm name="data_47_val"/></StgValue>
</bind>
</comp>

<comp id="96" class="1000" name="data_48_val">
<pin_list>
<pin id="97" dir="1" index="0" bw="1" slack="0"/>
</pin_list>
<bind>
<StgValue><ssdm name="data_48_val"/></StgValue>
</bind>
</comp>

<comp id="98" class="1000" name="data_49_val">
<pin_list>
<pin id="99" dir="1" index="0" bw="1" slack="0"/>
</pin_list>
<bind>
<StgValue><ssdm name="data_49_val"/></StgValue>
</bind>
</comp>

<comp id="100" class="1000" name="data_50_val">
<pin_list>
<pin id="101" dir="1" index="0" bw="1" slack="0"/>
</pin_list>
<bind>
<StgValue><ssdm name="data_50_val"/></StgValue>
</bind>
</comp>

<comp id="102" class="1000" name="data_51_val">
<pin_list>
<pin id="103" dir="1" index="0" bw="1" slack="0"/>
</pin_list>
<bind>
<StgValue><ssdm name="data_51_val"/></StgValue>
</bind>
</comp>

<comp id="104" class="1000" name="data_52_val">
<pin_list>
<pin id="105" dir="1" index="0" bw="1" slack="0"/>
</pin_list>
<bind>
<StgValue><ssdm name="data_52_val"/></StgValue>
</bind>
</comp>

<comp id="106" class="1000" name="data_53_val">
<pin_list>
<pin id="107" dir="1" index="0" bw="1" slack="0"/>
</pin_list>
<bind>
<StgValue><ssdm name="data_53_val"/></StgValue>
</bind>
</comp>

<comp id="108" class="1000" name="data_54_val">
<pin_list>
<pin id="109" dir="1" index="0" bw="1" slack="0"/>
</pin_list>
<bind>
<StgValue><ssdm name="data_54_val"/></StgValue>
</bind>
</comp>

<comp id="110" class="1000" name="data_55_val">
<pin_list>
<pin id="111" dir="1" index="0" bw="1" slack="0"/>
</pin_list>
<bind>
<StgValue><ssdm name="data_55_val"/></StgValue>
</bind>
</comp>

<comp id="112" class="1000" name="data_56_val">
<pin_list>
<pin id="113" dir="1" index="0" bw="1" slack="0"/>
</pin_list>
<bind>
<StgValue><ssdm name="data_56_val"/></StgValue>
</bind>
</comp>

<comp id="114" class="1000" name="data_57_val">
<pin_list>
<pin id="115" dir="1" index="0" bw="1" slack="0"/>
</pin_list>
<bind>
<StgValue><ssdm name="data_57_val"/></StgValue>
</bind>
</comp>

<comp id="116" class="1000" name="data_58_val">
<pin_list>
<pin id="117" dir="1" index="0" bw="1" slack="0"/>
</pin_list>
<bind>
<StgValue><ssdm name="data_58_val"/></StgValue>
</bind>
</comp>

<comp id="118" class="1000" name="data_59_val">
<pin_list>
<pin id="119" dir="1" index="0" bw="1" slack="0"/>
</pin_list>
<bind>
<StgValue><ssdm name="data_59_val"/></StgValue>
</bind>
</comp>

<comp id="120" class="1000" name="data_60_val">
<pin_list>
<pin id="121" dir="1" index="0" bw="1" slack="0"/>
</pin_list>
<bind>
<StgValue><ssdm name="data_60_val"/></StgValue>
</bind>
</comp>

<comp id="122" class="1000" name="data_61_val">
<pin_list>
<pin id="123" dir="1" index="0" bw="1" slack="0"/>
</pin_list>
<bind>
<StgValue><ssdm name="data_61_val"/></StgValue>
</bind>
</comp>

<comp id="124" class="1000" name="data_62_val">
<pin_list>
<pin id="125" dir="1" index="0" bw="1" slack="0"/>
</pin_list>
<bind>
<StgValue><ssdm name="data_62_val"/></StgValue>
</bind>
</comp>

<comp id="126" class="1000" name="data_63_val">
<pin_list>
<pin id="127" dir="1" index="0" bw="1" slack="0"/>
</pin_list>
<bind>
<StgValue><ssdm name="data_63_val"/></StgValue>
</bind>
</comp>

<comp id="128" class="1001" name="const_128">
<pin_list>
<pin id="129" dir="1" index="0" bw="1" slack="2147483647"/>
</pin_list>
<bind>
<StgValue><ssdm name="_ssdm_op_SpecPipeline"/></StgValue>
</bind>
</comp>

<comp id="130" class="1001" name="const_130">
<pin_list>
<pin id="131" dir="1" index="0" bw="1" slack="2147483647"/>
</pin_list>
<bind>
<StgValue><ssdm name=""/></StgValue>
</bind>
</comp>

<comp id="132" class="1001" name="const_132">
<pin_list>
<pin id="133" dir="1" index="0" bw="1" slack="0"/>
</pin_list>
<bind>
<StgValue><ssdm name=""/></StgValue>
</bind>
</comp>

<comp id="134" class="1001" name="const_134">
<pin_list>
<pin id="135" dir="1" index="0" bw="1" slack="2147483647"/>
</pin_list>
<bind>
<StgValue><ssdm name="empty_0"/></StgValue>
</bind>
</comp>

<comp id="136" class="1001" name="const_136">
<pin_list>
<pin id="137" dir="1" index="0" bw="1" slack="0"/>
</pin_list>
<bind>
<StgValue><ssdm name="_ssdm_op_Read.ap_auto.i32"/></StgValue>
</bind>
</comp>

<comp id="138" class="1001" name="const_138">
<pin_list>
<pin id="139" dir="1" index="0" bw="1" slack="0"/>
</pin_list>
<bind>
<StgValue><ssdm name="_ssdm_op_PartSelect.i16.i32.i32.i32"/></StgValue>
</bind>
</comp>

<comp id="140" class="1001" name="const_140">
<pin_list>
<pin id="141" dir="1" index="0" bw="1" slack="0"/>
</pin_list>
<bind>
<StgValue><ssdm name=""/></StgValue>
</bind>
</comp>

<comp id="142" class="1001" name="const_142">
<pin_list>
<pin id="143" dir="1" index="0" bw="1" slack="0"/>
</pin_list>
<bind>
<StgValue><ssdm name=""/></StgValue>
</bind>
</comp>

<comp id="144" class="1001" name="const_144">
<pin_list>
<pin id="145" dir="1" index="0" bw="1" slack="0"/>
</pin_list>
<bind>
<StgValue><ssdm name=""/></StgValue>
</bind>
</comp>

<comp id="146" class="1001" name="const_146">
<pin_list>
<pin id="147" dir="1" index="0" bw="1" slack="0"/>
</pin_list>
<bind>
<StgValue><ssdm name=""/></StgValue>
</bind>
</comp>

<comp id="148" class="1004" name="data_63_val_read_read_fu_148">
<pin_list>
<pin id="149" dir="0" index="0" bw="32" slack="0"/>
<pin id="150" dir="0" index="1" bw="32" slack="0"/>
<pin id="151" dir="1" index="2" bw="32" slack="0"/>
</pin_list>
<bind>
<opcode="read(1150) " fcode="read"/>
<opset="data_63_val_read/1 "/>
</bind>
</comp>

<comp id="154" class="1004" name="data_62_val_read_read_fu_154">
<pin_list>
<pin id="155" dir="0" index="0" bw="32" slack="0"/>
<pin id="156" dir="0" index="1" bw="32" slack="0"/>
<pin id="157" dir="1" index="2" bw="32" slack="0"/>
</pin_list>
<bind>
<opcode="read(1150) " fcode="read"/>
<opset="data_62_val_read/1 "/>
</bind>
</comp>

<comp id="160" class="1004" name="data_61_val_read_read_fu_160">
<pin_list>
<pin id="161" dir="0" index="0" bw="32" slack="0"/>
<pin id="162" dir="0" index="1" bw="32" slack="0"/>
<pin id="163" dir="1" index="2" bw="32" slack="0"/>
</pin_list>
<bind>
<opcode="read(1150) " fcode="read"/>
<opset="data_61_val_read/1 "/>
</bind>
</comp>

<comp id="166" class="1004" name="data_60_val_read_read_fu_166">
<pin_list>
<pin id="167" dir="0" index="0" bw="32" slack="0"/>
<pin id="168" dir="0" index="1" bw="32" slack="0"/>
<pin id="169" dir="1" index="2" bw="32" slack="0"/>
</pin_list>
<bind>
<opcode="read(1150) " fcode="read"/>
<opset="data_60_val_read/1 "/>
</bind>
</comp>

<comp id="172" class="1004" name="data_59_val_read_read_fu_172">
<pin_list>
<pin id="173" dir="0" index="0" bw="32" slack="0"/>
<pin id="174" dir="0" index="1" bw="32" slack="0"/>
<pin id="175" dir="1" index="2" bw="32" slack="0"/>
</pin_list>
<bind>
<opcode="read(1150) " fcode="read"/>
<opset="data_59_val_read/1 "/>
</bind>
</comp>

<comp id="178" class="1004" name="data_58_val_read_read_fu_178">
<pin_list>
<pin id="179" dir="0" index="0" bw="32" slack="0"/>
<pin id="180" dir="0" index="1" bw="32" slack="0"/>
<pin id="181" dir="1" index="2" bw="32" slack="0"/>
</pin_list>
<bind>
<opcode="read(1150) " fcode="read"/>
<opset="data_58_val_read/1 "/>
</bind>
</comp>

<comp id="184" class="1004" name="data_57_val_read_read_fu_184">
<pin_list>
<pin id="185" dir="0" index="0" bw="32" slack="0"/>
<pin id="186" dir="0" index="1" bw="32" slack="0"/>
<pin id="187" dir="1" index="2" bw="32" slack="0"/>
</pin_list>
<bind>
<opcode="read(1150) " fcode="read"/>
<opset="data_57_val_read/1 "/>
</bind>
</comp>

<comp id="190" class="1004" name="data_56_val_read_read_fu_190">
<pin_list>
<pin id="191" dir="0" index="0" bw="32" slack="0"/>
<pin id="192" dir="0" index="1" bw="32" slack="0"/>
<pin id="193" dir="1" index="2" bw="32" slack="0"/>
</pin_list>
<bind>
<opcode="read(1150) " fcode="read"/>
<opset="data_56_val_read/1 "/>
</bind>
</comp>

<comp id="196" class="1004" name="data_55_val_read_read_fu_196">
<pin_list>
<pin id="197" dir="0" index="0" bw="32" slack="0"/>
<pin id="198" dir="0" index="1" bw="32" slack="0"/>
<pin id="199" dir="1" index="2" bw="32" slack="0"/>
</pin_list>
<bind>
<opcode="read(1150) " fcode="read"/>
<opset="data_55_val_read/1 "/>
</bind>
</comp>

<comp id="202" class="1004" name="data_54_val_read_read_fu_202">
<pin_list>
<pin id="203" dir="0" index="0" bw="32" slack="0"/>
<pin id="204" dir="0" index="1" bw="32" slack="0"/>
<pin id="205" dir="1" index="2" bw="32" slack="0"/>
</pin_list>
<bind>
<opcode="read(1150) " fcode="read"/>
<opset="data_54_val_read/1 "/>
</bind>
</comp>

<comp id="208" class="1004" name="data_53_val_read_read_fu_208">
<pin_list>
<pin id="209" dir="0" index="0" bw="32" slack="0"/>
<pin id="210" dir="0" index="1" bw="32" slack="0"/>
<pin id="211" dir="1" index="2" bw="32" slack="0"/>
</pin_list>
<bind>
<opcode="read(1150) " fcode="read"/>
<opset="data_53_val_read/1 "/>
</bind>
</comp>

<comp id="214" class="1004" name="data_52_val_read_read_fu_214">
<pin_list>
<pin id="215" dir="0" index="0" bw="32" slack="0"/>
<pin id="216" dir="0" index="1" bw="32" slack="0"/>
<pin id="217" dir="1" index="2" bw="32" slack="0"/>
</pin_list>
<bind>
<opcode="read(1150) " fcode="read"/>
<opset="data_52_val_read/1 "/>
</bind>
</comp>

<comp id="220" class="1004" name="data_51_val_read_read_fu_220">
<pin_list>
<pin id="221" dir="0" index="0" bw="32" slack="0"/>
<pin id="222" dir="0" index="1" bw="32" slack="0"/>
<pin id="223" dir="1" index="2" bw="32" slack="0"/>
</pin_list>
<bind>
<opcode="read(1150) " fcode="read"/>
<opset="data_51_val_read/1 "/>
</bind>
</comp>

<comp id="226" class="1004" name="data_50_val_read_read_fu_226">
<pin_list>
<pin id="227" dir="0" index="0" bw="32" slack="0"/>
<pin id="228" dir="0" index="1" bw="32" slack="0"/>
<pin id="229" dir="1" index="2" bw="32" slack="0"/>
</pin_list>
<bind>
<opcode="read(1150) " fcode="read"/>
<opset="data_50_val_read/1 "/>
</bind>
</comp>

<comp id="232" class="1004" name="data_49_val_read_read_fu_232">
<pin_list>
<pin id="233" dir="0" index="0" bw="32" slack="0"/>
<pin id="234" dir="0" index="1" bw="32" slack="0"/>
<pin id="235" dir="1" index="2" bw="32" slack="0"/>
</pin_list>
<bind>
<opcode="read(1150) " fcode="read"/>
<opset="data_49_val_read/1 "/>
</bind>
</comp>

<comp id="238" class="1004" name="data_48_val_read_read_fu_238">
<pin_list>
<pin id="239" dir="0" index="0" bw="32" slack="0"/>
<pin id="240" dir="0" index="1" bw="32" slack="0"/>
<pin id="241" dir="1" index="2" bw="32" slack="0"/>
</pin_list>
<bind>
<opcode="read(1150) " fcode="read"/>
<opset="data_48_val_read/1 "/>
</bind>
</comp>

<comp id="244" class="1004" name="data_47_val_read_read_fu_244">
<pin_list>
<pin id="245" dir="0" index="0" bw="32" slack="0"/>
<pin id="246" dir="0" index="1" bw="32" slack="0"/>
<pin id="247" dir="1" index="2" bw="32" slack="0"/>
</pin_list>
<bind>
<opcode="read(1150) " fcode="read"/>
<opset="data_47_val_read/1 "/>
</bind>
</comp>

<comp id="250" class="1004" name="data_46_val_read_read_fu_250">
<pin_list>
<pin id="251" dir="0" index="0" bw="32" slack="0"/>
<pin id="252" dir="0" index="1" bw="32" slack="0"/>
<pin id="253" dir="1" index="2" bw="32" slack="0"/>
</pin_list>
<bind>
<opcode="read(1150) " fcode="read"/>
<opset="data_46_val_read/1 "/>
</bind>
</comp>

<comp id="256" class="1004" name="data_45_val_read_read_fu_256">
<pin_list>
<pin id="257" dir="0" index="0" bw="32" slack="0"/>
<pin id="258" dir="0" index="1" bw="32" slack="0"/>
<pin id="259" dir="1" index="2" bw="32" slack="0"/>
</pin_list>
<bind>
<opcode="read(1150) " fcode="read"/>
<opset="data_45_val_read/1 "/>
</bind>
</comp>

<comp id="262" class="1004" name="data_44_val_read_read_fu_262">
<pin_list>
<pin id="263" dir="0" index="0" bw="32" slack="0"/>
<pin id="264" dir="0" index="1" bw="32" slack="0"/>
<pin id="265" dir="1" index="2" bw="32" slack="0"/>
</pin_list>
<bind>
<opcode="read(1150) " fcode="read"/>
<opset="data_44_val_read/1 "/>
</bind>
</comp>

<comp id="268" class="1004" name="data_43_val_read_read_fu_268">
<pin_list>
<pin id="269" dir="0" index="0" bw="32" slack="0"/>
<pin id="270" dir="0" index="1" bw="32" slack="0"/>
<pin id="271" dir="1" index="2" bw="32" slack="0"/>
</pin_list>
<bind>
<opcode="read(1150) " fcode="read"/>
<opset="data_43_val_read/1 "/>
</bind>
</comp>

<comp id="274" class="1004" name="data_42_val_read_read_fu_274">
<pin_list>
<pin id="275" dir="0" index="0" bw="32" slack="0"/>
<pin id="276" dir="0" index="1" bw="32" slack="0"/>
<pin id="277" dir="1" index="2" bw="32" slack="0"/>
</pin_list>
<bind>
<opcode="read(1150) " fcode="read"/>
<opset="data_42_val_read/1 "/>
</bind>
</comp>

<comp id="280" class="1004" name="data_41_val_read_read_fu_280">
<pin_list>
<pin id="281" dir="0" index="0" bw="32" slack="0"/>
<pin id="282" dir="0" index="1" bw="32" slack="0"/>
<pin id="283" dir="1" index="2" bw="32" slack="0"/>
</pin_list>
<bind>
<opcode="read(1150) " fcode="read"/>
<opset="data_41_val_read/1 "/>
</bind>
</comp>

<comp id="286" class="1004" name="data_40_val_read_read_fu_286">
<pin_list>
<pin id="287" dir="0" index="0" bw="32" slack="0"/>
<pin id="288" dir="0" index="1" bw="32" slack="0"/>
<pin id="289" dir="1" index="2" bw="32" slack="0"/>
</pin_list>
<bind>
<opcode="read(1150) " fcode="read"/>
<opset="data_40_val_read/1 "/>
</bind>
</comp>

<comp id="292" class="1004" name="data_39_val_read_read_fu_292">
<pin_list>
<pin id="293" dir="0" index="0" bw="32" slack="0"/>
<pin id="294" dir="0" index="1" bw="32" slack="0"/>
<pin id="295" dir="1" index="2" bw="32" slack="0"/>
</pin_list>
<bind>
<opcode="read(1150) " fcode="read"/>
<opset="data_39_val_read/1 "/>
</bind>
</comp>

<comp id="298" class="1004" name="data_38_val_read_read_fu_298">
<pin_list>
<pin id="299" dir="0" index="0" bw="32" slack="0"/>
<pin id="300" dir="0" index="1" bw="32" slack="0"/>
<pin id="301" dir="1" index="2" bw="32" slack="0"/>
</pin_list>
<bind>
<opcode="read(1150) " fcode="read"/>
<opset="data_38_val_read/1 "/>
</bind>
</comp>

<comp id="304" class="1004" name="data_37_val_read_read_fu_304">
<pin_list>
<pin id="305" dir="0" index="0" bw="32" slack="0"/>
<pin id="306" dir="0" index="1" bw="32" slack="0"/>
<pin id="307" dir="1" index="2" bw="32" slack="0"/>
</pin_list>
<bind>
<opcode="read(1150) " fcode="read"/>
<opset="data_37_val_read/1 "/>
</bind>
</comp>

<comp id="310" class="1004" name="data_36_val_read_read_fu_310">
<pin_list>
<pin id="311" dir="0" index="0" bw="32" slack="0"/>
<pin id="312" dir="0" index="1" bw="32" slack="0"/>
<pin id="313" dir="1" index="2" bw="32" slack="0"/>
</pin_list>
<bind>
<opcode="read(1150) " fcode="read"/>
<opset="data_36_val_read/1 "/>
</bind>
</comp>

<comp id="316" class="1004" name="data_35_val_read_read_fu_316">
<pin_list>
<pin id="317" dir="0" index="0" bw="32" slack="0"/>
<pin id="318" dir="0" index="1" bw="32" slack="0"/>
<pin id="319" dir="1" index="2" bw="32" slack="0"/>
</pin_list>
<bind>
<opcode="read(1150) " fcode="read"/>
<opset="data_35_val_read/1 "/>
</bind>
</comp>

<comp id="322" class="1004" name="data_34_val_read_read_fu_322">
<pin_list>
<pin id="323" dir="0" index="0" bw="32" slack="0"/>
<pin id="324" dir="0" index="1" bw="32" slack="0"/>
<pin id="325" dir="1" index="2" bw="32" slack="0"/>
</pin_list>
<bind>
<opcode="read(1150) " fcode="read"/>
<opset="data_34_val_read/1 "/>
</bind>
</comp>

<comp id="328" class="1004" name="data_33_val_read_read_fu_328">
<pin_list>
<pin id="329" dir="0" index="0" bw="32" slack="0"/>
<pin id="330" dir="0" index="1" bw="32" slack="0"/>
<pin id="331" dir="1" index="2" bw="32" slack="0"/>
</pin_list>
<bind>
<opcode="read(1150) " fcode="read"/>
<opset="data_33_val_read/1 "/>
</bind>
</comp>

<comp id="334" class="1004" name="data_32_val_read_read_fu_334">
<pin_list>
<pin id="335" dir="0" index="0" bw="32" slack="0"/>
<pin id="336" dir="0" index="1" bw="32" slack="0"/>
<pin id="337" dir="1" index="2" bw="32" slack="0"/>
</pin_list>
<bind>
<opcode="read(1150) " fcode="read"/>
<opset="data_32_val_read/1 "/>
</bind>
</comp>

<comp id="340" class="1004" name="data_31_val_read_read_fu_340">
<pin_list>
<pin id="341" dir="0" index="0" bw="32" slack="0"/>
<pin id="342" dir="0" index="1" bw="32" slack="0"/>
<pin id="343" dir="1" index="2" bw="32" slack="0"/>
</pin_list>
<bind>
<opcode="read(1150) " fcode="read"/>
<opset="data_31_val_read/1 "/>
</bind>
</comp>

<comp id="346" class="1004" name="data_30_val_read_read_fu_346">
<pin_list>
<pin id="347" dir="0" index="0" bw="32" slack="0"/>
<pin id="348" dir="0" index="1" bw="32" slack="0"/>
<pin id="349" dir="1" index="2" bw="32" slack="0"/>
</pin_list>
<bind>
<opcode="read(1150) " fcode="read"/>
<opset="data_30_val_read/1 "/>
</bind>
</comp>

<comp id="352" class="1004" name="data_29_val_read_read_fu_352">
<pin_list>
<pin id="353" dir="0" index="0" bw="32" slack="0"/>
<pin id="354" dir="0" index="1" bw="32" slack="0"/>
<pin id="355" dir="1" index="2" bw="32" slack="0"/>
</pin_list>
<bind>
<opcode="read(1150) " fcode="read"/>
<opset="data_29_val_read/1 "/>
</bind>
</comp>

<comp id="358" class="1004" name="data_28_val_read_read_fu_358">
<pin_list>
<pin id="359" dir="0" index="0" bw="32" slack="0"/>
<pin id="360" dir="0" index="1" bw="32" slack="0"/>
<pin id="361" dir="1" index="2" bw="32" slack="0"/>
</pin_list>
<bind>
<opcode="read(1150) " fcode="read"/>
<opset="data_28_val_read/1 "/>
</bind>
</comp>

<comp id="364" class="1004" name="data_27_val_read_read_fu_364">
<pin_list>
<pin id="365" dir="0" index="0" bw="32" slack="0"/>
<pin id="366" dir="0" index="1" bw="32" slack="0"/>
<pin id="367" dir="1" index="2" bw="32" slack="0"/>
</pin_list>
<bind>
<opcode="read(1150) " fcode="read"/>
<opset="data_27_val_read/1 "/>
</bind>
</comp>

<comp id="370" class="1004" name="data_26_val_read_read_fu_370">
<pin_list>
<pin id="371" dir="0" index="0" bw="32" slack="0"/>
<pin id="372" dir="0" index="1" bw="32" slack="0"/>
<pin id="373" dir="1" index="2" bw="32" slack="0"/>
</pin_list>
<bind>
<opcode="read(1150) " fcode="read"/>
<opset="data_26_val_read/1 "/>
</bind>
</comp>

<comp id="376" class="1004" name="data_25_val_read_read_fu_376">
<pin_list>
<pin id="377" dir="0" index="0" bw="32" slack="0"/>
<pin id="378" dir="0" index="1" bw="32" slack="0"/>
<pin id="379" dir="1" index="2" bw="32" slack="0"/>
</pin_list>
<bind>
<opcode="read(1150) " fcode="read"/>
<opset="data_25_val_read/1 "/>
</bind>
</comp>

<comp id="382" class="1004" name="data_24_val_read_read_fu_382">
<pin_list>
<pin id="383" dir="0" index="0" bw="32" slack="0"/>
<pin id="384" dir="0" index="1" bw="32" slack="0"/>
<pin id="385" dir="1" index="2" bw="32" slack="0"/>
</pin_list>
<bind>
<opcode="read(1150) " fcode="read"/>
<opset="data_24_val_read/1 "/>
</bind>
</comp>

<comp id="388" class="1004" name="data_23_val_read_read_fu_388">
<pin_list>
<pin id="389" dir="0" index="0" bw="32" slack="0"/>
<pin id="390" dir="0" index="1" bw="32" slack="0"/>
<pin id="391" dir="1" index="2" bw="32" slack="0"/>
</pin_list>
<bind>
<opcode="read(1150) " fcode="read"/>
<opset="data_23_val_read/1 "/>
</bind>
</comp>

<comp id="394" class="1004" name="data_22_val_read_read_fu_394">
<pin_list>
<pin id="395" dir="0" index="0" bw="32" slack="0"/>
<pin id="396" dir="0" index="1" bw="32" slack="0"/>
<pin id="397" dir="1" index="2" bw="32" slack="0"/>
</pin_list>
<bind>
<opcode="read(1150) " fcode="read"/>
<opset="data_22_val_read/1 "/>
</bind>
</comp>

<comp id="400" class="1004" name="data_21_val_read_read_fu_400">
<pin_list>
<pin id="401" dir="0" index="0" bw="32" slack="0"/>
<pin id="402" dir="0" index="1" bw="32" slack="0"/>
<pin id="403" dir="1" index="2" bw="32" slack="0"/>
</pin_list>
<bind>
<opcode="read(1150) " fcode="read"/>
<opset="data_21_val_read/1 "/>
</bind>
</comp>

<comp id="406" class="1004" name="data_20_val_read_read_fu_406">
<pin_list>
<pin id="407" dir="0" index="0" bw="32" slack="0"/>
<pin id="408" dir="0" index="1" bw="32" slack="0"/>
<pin id="409" dir="1" index="2" bw="32" slack="0"/>
</pin_list>
<bind>
<opcode="read(1150) " fcode="read"/>
<opset="data_20_val_read/1 "/>
</bind>
</comp>

<comp id="412" class="1004" name="data_19_val_read_read_fu_412">
<pin_list>
<pin id="413" dir="0" index="0" bw="32" slack="0"/>
<pin id="414" dir="0" index="1" bw="32" slack="0"/>
<pin id="415" dir="1" index="2" bw="32" slack="0"/>
</pin_list>
<bind>
<opcode="read(1150) " fcode="read"/>
<opset="data_19_val_read/1 "/>
</bind>
</comp>

<comp id="418" class="1004" name="data_18_val_read_read_fu_418">
<pin_list>
<pin id="419" dir="0" index="0" bw="32" slack="0"/>
<pin id="420" dir="0" index="1" bw="32" slack="0"/>
<pin id="421" dir="1" index="2" bw="32" slack="0"/>
</pin_list>
<bind>
<opcode="read(1150) " fcode="read"/>
<opset="data_18_val_read/1 "/>
</bind>
</comp>

<comp id="424" class="1004" name="data_17_val_read_read_fu_424">
<pin_list>
<pin id="425" dir="0" index="0" bw="32" slack="0"/>
<pin id="426" dir="0" index="1" bw="32" slack="0"/>
<pin id="427" dir="1" index="2" bw="32" slack="0"/>
</pin_list>
<bind>
<opcode="read(1150) " fcode="read"/>
<opset="data_17_val_read/1 "/>
</bind>
</comp>

<comp id="430" class="1004" name="data_16_val_read_read_fu_430">
<pin_list>
<pin id="431" dir="0" index="0" bw="32" slack="0"/>
<pin id="432" dir="0" index="1" bw="32" slack="0"/>
<pin id="433" dir="1" index="2" bw="32" slack="0"/>
</pin_list>
<bind>
<opcode="read(1150) " fcode="read"/>
<opset="data_16_val_read/1 "/>
</bind>
</comp>

<comp id="436" class="1004" name="data_15_val_read_read_fu_436">
<pin_list>
<pin id="437" dir="0" index="0" bw="32" slack="0"/>
<pin id="438" dir="0" index="1" bw="32" slack="0"/>
<pin id="439" dir="1" index="2" bw="32" slack="0"/>
</pin_list>
<bind>
<opcode="read(1150) " fcode="read"/>
<opset="data_15_val_read/1 "/>
</bind>
</comp>

<comp id="442" class="1004" name="data_14_val_read_read_fu_442">
<pin_list>
<pin id="443" dir="0" index="0" bw="32" slack="0"/>
<pin id="444" dir="0" index="1" bw="32" slack="0"/>
<pin id="445" dir="1" index="2" bw="32" slack="0"/>
</pin_list>
<bind>
<opcode="read(1150) " fcode="read"/>
<opset="data_14_val_read/1 "/>
</bind>
</comp>

<comp id="448" class="1004" name="data_13_val_read_read_fu_448">
<pin_list>
<pin id="449" dir="0" index="0" bw="32" slack="0"/>
<pin id="450" dir="0" index="1" bw="32" slack="0"/>
<pin id="451" dir="1" index="2" bw="32" slack="0"/>
</pin_list>
<bind>
<opcode="read(1150) " fcode="read"/>
<opset="data_13_val_read/1 "/>
</bind>
</comp>

<comp id="454" class="1004" name="data_12_val_read_read_fu_454">
<pin_list>
<pin id="455" dir="0" index="0" bw="32" slack="0"/>
<pin id="456" dir="0" index="1" bw="32" slack="0"/>
<pin id="457" dir="1" index="2" bw="32" slack="0"/>
</pin_list>
<bind>
<opcode="read(1150) " fcode="read"/>
<opset="data_12_val_read/1 "/>
</bind>
</comp>

<comp id="460" class="1004" name="data_11_val_read_read_fu_460">
<pin_list>
<pin id="461" dir="0" index="0" bw="32" slack="0"/>
<pin id="462" dir="0" index="1" bw="32" slack="0"/>
<pin id="463" dir="1" index="2" bw="32" slack="0"/>
</pin_list>
<bind>
<opcode="read(1150) " fcode="read"/>
<opset="data_11_val_read/1 "/>
</bind>
</comp>

<comp id="466" class="1004" name="data_10_val_read_read_fu_466">
<pin_list>
<pin id="467" dir="0" index="0" bw="32" slack="0"/>
<pin id="468" dir="0" index="1" bw="32" slack="0"/>
<pin id="469" dir="1" index="2" bw="32" slack="0"/>
</pin_list>
<bind>
<opcode="read(1150) " fcode="read"/>
<opset="data_10_val_read/1 "/>
</bind>
</comp>

<comp id="472" class="1004" name="data_9_val_read_read_fu_472">
<pin_list>
<pin id="473" dir="0" index="0" bw="32" slack="0"/>
<pin id="474" dir="0" index="1" bw="32" slack="0"/>
<pin id="475" dir="1" index="2" bw="32" slack="0"/>
</pin_list>
<bind>
<opcode="read(1150) " fcode="read"/>
<opset="data_9_val_read/1 "/>
</bind>
</comp>

<comp id="478" class="1004" name="data_8_val_read_read_fu_478">
<pin_list>
<pin id="479" dir="0" index="0" bw="32" slack="0"/>
<pin id="480" dir="0" index="1" bw="32" slack="0"/>
<pin id="481" dir="1" index="2" bw="32" slack="0"/>
</pin_list>
<bind>
<opcode="read(1150) " fcode="read"/>
<opset="data_8_val_read/1 "/>
</bind>
</comp>

<comp id="484" class="1004" name="data_7_val_read_read_fu_484">
<pin_list>
<pin id="485" dir="0" index="0" bw="32" slack="0"/>
<pin id="486" dir="0" index="1" bw="32" slack="0"/>
<pin id="487" dir="1" index="2" bw="32" slack="0"/>
</pin_list>
<bind>
<opcode="read(1150) " fcode="read"/>
<opset="data_7_val_read/1 "/>
</bind>
</comp>

<comp id="490" class="1004" name="data_6_val_read_read_fu_490">
<pin_list>
<pin id="491" dir="0" index="0" bw="32" slack="0"/>
<pin id="492" dir="0" index="1" bw="32" slack="0"/>
<pin id="493" dir="1" index="2" bw="32" slack="0"/>
</pin_list>
<bind>
<opcode="read(1150) " fcode="read"/>
<opset="data_6_val_read/1 "/>
</bind>
</comp>

<comp id="496" class="1004" name="data_5_val_read_read_fu_496">
<pin_list>
<pin id="497" dir="0" index="0" bw="32" slack="0"/>
<pin id="498" dir="0" index="1" bw="32" slack="0"/>
<pin id="499" dir="1" index="2" bw="32" slack="0"/>
</pin_list>
<bind>
<opcode="read(1150) " fcode="read"/>
<opset="data_5_val_read/1 "/>
</bind>
</comp>

<comp id="502" class="1004" name="data_4_val_read_read_fu_502">
<pin_list>
<pin id="503" dir="0" index="0" bw="32" slack="0"/>
<pin id="504" dir="0" index="1" bw="32" slack="0"/>
<pin id="505" dir="1" index="2" bw="32" slack="0"/>
</pin_list>
<bind>
<opcode="read(1150) " fcode="read"/>
<opset="data_4_val_read/1 "/>
</bind>
</comp>

<comp id="508" class="1004" name="data_3_val_read_read_fu_508">
<pin_list>
<pin id="509" dir="0" index="0" bw="32" slack="0"/>
<pin id="510" dir="0" index="1" bw="32" slack="0"/>
<pin id="511" dir="1" index="2" bw="32" slack="0"/>
</pin_list>
<bind>
<opcode="read(1150) " fcode="read"/>
<opset="data_3_val_read/1 "/>
</bind>
</comp>

<comp id="514" class="1004" name="data_2_val_read_read_fu_514">
<pin_list>
<pin id="515" dir="0" index="0" bw="32" slack="0"/>
<pin id="516" dir="0" index="1" bw="32" slack="0"/>
<pin id="517" dir="1" index="2" bw="32" slack="0"/>
</pin_list>
<bind>
<opcode="read(1150) " fcode="read"/>
<opset="data_2_val_read/1 "/>
</bind>
</comp>

<comp id="520" class="1004" name="data_1_val_read_read_fu_520">
<pin_list>
<pin id="521" dir="0" index="0" bw="32" slack="0"/>
<pin id="522" dir="0" index="1" bw="32" slack="0"/>
<pin id="523" dir="1" index="2" bw="32" slack="0"/>
</pin_list>
<bind>
<opcode="read(1150) " fcode="read"/>
<opset="data_1_val_read/1 "/>
</bind>
</comp>

<comp id="526" class="1004" name="data_0_val_read_read_fu_526">
<pin_list>
<pin id="527" dir="0" index="0" bw="32" slack="0"/>
<pin id="528" dir="0" index="1" bw="32" slack="0"/>
<pin id="529" dir="1" index="2" bw="32" slack="0"/>
</pin_list>
<bind>
<opcode="read(1150) " fcode="read"/>
<opset="data_0_val_read/1 "/>
</bind>
</comp>

<comp id="532" class="1004" name="icmp_ln45_fu_532">
<pin_list>
<pin id="533" dir="0" index="0" bw="32" slack="0"/>
<pin id="534" dir="0" index="1" bw="32" slack="0"/>
<pin id="535" dir="1" index="2" bw="1" slack="0"/>
</pin_list>
<bind>
<opcode="icmp(45) " fcode="icmp"/>
<opset="icmp_ln45/1 "/>
</bind>
</comp>

<comp id="538" class="1004" name="trunc_ln_fu_538">
<pin_list>
<pin id="539" dir="0" index="0" bw="16" slack="0"/>
<pin id="540" dir="0" index="1" bw="32" slack="0"/>
<pin id="541" dir="0" index="2" bw="4" slack="0"/>
<pin id="542" dir="0" index="3" bw="6" slack="0"/>
<pin id="543" dir="1" index="4" bw="16" slack="0"/>
</pin_list>
<bind>
<opcode="partselect(1002) " fcode="partselect"/>
<opset="trunc_ln/1 "/>
</bind>
</comp>

<comp id="548" class="1004" name="select_ln45_fu_548">
<pin_list>
<pin id="549" dir="0" index="0" bw="1" slack="0"/>
<pin id="550" dir="0" index="1" bw="16" slack="0"/>
<pin id="551" dir="0" index="2" bw="16" slack="0"/>
<pin id="552" dir="1" index="3" bw="16" slack="0"/>
</pin_list>
<bind>
<opcode="select(49) " fcode="select"/>
<opset="select_ln45/1 "/>
</bind>
</comp>

<comp id="556" class="1004" name="icmp_ln45_47_fu_556">
<pin_list>
<pin id="557" dir="0" index="0" bw="32" slack="0"/>
<pin id="558" dir="0" index="1" bw="32" slack="0"/>
<pin id="559" dir="1" index="2" bw="1" slack="0"/>
</pin_list>
<bind>
<opcode="icmp(45) " fcode="icmp"/>
<opset="icmp_ln45_47/1 "/>
</bind>
</comp>

<comp id="562" class="1004" name="trunc_ln46_s_fu_562">
<pin_list>
<pin id="563" dir="0" index="0" bw="16" slack="0"/>
<pin id="564" dir="0" index="1" bw="32" slack="0"/>
<pin id="565" dir="0" index="2" bw="4" slack="0"/>
<pin id="566" dir="0" index="3" bw="6" slack="0"/>
<pin id="567" dir="1" index="4" bw="16" slack="0"/>
</pin_list>
<bind>
<opcode="partselect(1002) " fcode="partselect"/>
<opset="trunc_ln46_s/1 "/>
</bind>
</comp>

<comp id="572" class="1004" name="select_ln45_47_fu_572">
<pin_list>
<pin id="573" dir="0" index="0" bw="1" slack="0"/>
<pin id="574" dir="0" index="1" bw="16" slack="0"/>
<pin id="575" dir="0" index="2" bw="16" slack="0"/>
<pin id="576" dir="1" index="3" bw="16" slack="0"/>
</pin_list>
<bind>
<opcode="select(49) " fcode="select"/>
<opset="select_ln45_47/1 "/>
</bind>
</comp>

<comp id="580" class="1004" name="icmp_ln45_48_fu_580">
<pin_list>
<pin id="581" dir="0" index="0" bw="32" slack="0"/>
<pin id="582" dir="0" index="1" bw="32" slack="0"/>
<pin id="583" dir="1" index="2" bw="1" slack="0"/>
</pin_list>
<bind>
<opcode="icmp(45) " fcode="icmp"/>
<opset="icmp_ln45_48/1 "/>
</bind>
</comp>

<comp id="586" class="1004" name="trunc_ln46_45_fu_586">
<pin_list>
<pin id="587" dir="0" index="0" bw="16" slack="0"/>
<pin id="588" dir="0" index="1" bw="32" slack="0"/>
<pin id="589" dir="0" index="2" bw="4" slack="0"/>
<pin id="590" dir="0" index="3" bw="6" slack="0"/>
<pin id="591" dir="1" index="4" bw="16" slack="0"/>
</pin_list>
<bind>
<opcode="partselect(1002) " fcode="partselect"/>
<opset="trunc_ln46_45/1 "/>
</bind>
</comp>

<comp id="596" class="1004" name="select_ln45_48_fu_596">
<pin_list>
<pin id="597" dir="0" index="0" bw="1" slack="0"/>
<pin id="598" dir="0" index="1" bw="16" slack="0"/>
<pin id="599" dir="0" index="2" bw="16" slack="0"/>
<pin id="600" dir="1" index="3" bw="16" slack="0"/>
</pin_list>
<bind>
<opcode="select(49) " fcode="select"/>
<opset="select_ln45_48/1 "/>
</bind>
</comp>

<comp id="604" class="1004" name="icmp_ln45_49_fu_604">
<pin_list>
<pin id="605" dir="0" index="0" bw="32" slack="0"/>
<pin id="606" dir="0" index="1" bw="32" slack="0"/>
<pin id="607" dir="1" index="2" bw="1" slack="0"/>
</pin_list>
<bind>
<opcode="icmp(45) " fcode="icmp"/>
<opset="icmp_ln45_49/1 "/>
</bind>
</comp>

<comp id="610" class="1004" name="trunc_ln46_46_fu_610">
<pin_list>
<pin id="611" dir="0" index="0" bw="16" slack="0"/>
<pin id="612" dir="0" index="1" bw="32" slack="0"/>
<pin id="613" dir="0" index="2" bw="4" slack="0"/>
<pin id="614" dir="0" index="3" bw="6" slack="0"/>
<pin id="615" dir="1" index="4" bw="16" slack="0"/>
</pin_list>
<bind>
<opcode="partselect(1002) " fcode="partselect"/>
<opset="trunc_ln46_46/1 "/>
</bind>
</comp>

<comp id="620" class="1004" name="select_ln45_49_fu_620">
<pin_list>
<pin id="621" dir="0" index="0" bw="1" slack="0"/>
<pin id="622" dir="0" index="1" bw="16" slack="0"/>
<pin id="623" dir="0" index="2" bw="16" slack="0"/>
<pin id="624" dir="1" index="3" bw="16" slack="0"/>
</pin_list>
<bind>
<opcode="select(49) " fcode="select"/>
<opset="select_ln45_49/1 "/>
</bind>
</comp>

<comp id="628" class="1004" name="icmp_ln45_50_fu_628">
<pin_list>
<pin id="629" dir="0" index="0" bw="32" slack="0"/>
<pin id="630" dir="0" index="1" bw="32" slack="0"/>
<pin id="631" dir="1" index="2" bw="1" slack="0"/>
</pin_list>
<bind>
<opcode="icmp(45) " fcode="icmp"/>
<opset="icmp_ln45_50/1 "/>
</bind>
</comp>

<comp id="634" class="1004" name="trunc_ln46_47_fu_634">
<pin_list>
<pin id="635" dir="0" index="0" bw="16" slack="0"/>
<pin id="636" dir="0" index="1" bw="32" slack="0"/>
<pin id="637" dir="0" index="2" bw="4" slack="0"/>
<pin id="638" dir="0" index="3" bw="6" slack="0"/>
<pin id="639" dir="1" index="4" bw="16" slack="0"/>
</pin_list>
<bind>
<opcode="partselect(1002) " fcode="partselect"/>
<opset="trunc_ln46_47/1 "/>
</bind>
</comp>

<comp id="644" class="1004" name="select_ln45_50_fu_644">
<pin_list>
<pin id="645" dir="0" index="0" bw="1" slack="0"/>
<pin id="646" dir="0" index="1" bw="16" slack="0"/>
<pin id="647" dir="0" index="2" bw="16" slack="0"/>
<pin id="648" dir="1" index="3" bw="16" slack="0"/>
</pin_list>
<bind>
<opcode="select(49) " fcode="select"/>
<opset="select_ln45_50/1 "/>
</bind>
</comp>

<comp id="652" class="1004" name="icmp_ln45_51_fu_652">
<pin_list>
<pin id="653" dir="0" index="0" bw="32" slack="0"/>
<pin id="654" dir="0" index="1" bw="32" slack="0"/>
<pin id="655" dir="1" index="2" bw="1" slack="0"/>
</pin_list>
<bind>
<opcode="icmp(45) " fcode="icmp"/>
<opset="icmp_ln45_51/1 "/>
</bind>
</comp>

<comp id="658" class="1004" name="trunc_ln46_48_fu_658">
<pin_list>
<pin id="659" dir="0" index="0" bw="16" slack="0"/>
<pin id="660" dir="0" index="1" bw="32" slack="0"/>
<pin id="661" dir="0" index="2" bw="4" slack="0"/>
<pin id="662" dir="0" index="3" bw="6" slack="0"/>
<pin id="663" dir="1" index="4" bw="16" slack="0"/>
</pin_list>
<bind>
<opcode="partselect(1002) " fcode="partselect"/>
<opset="trunc_ln46_48/1 "/>
</bind>
</comp>

<comp id="668" class="1004" name="select_ln45_51_fu_668">
<pin_list>
<pin id="669" dir="0" index="0" bw="1" slack="0"/>
<pin id="670" dir="0" index="1" bw="16" slack="0"/>
<pin id="671" dir="0" index="2" bw="16" slack="0"/>
<pin id="672" dir="1" index="3" bw="16" slack="0"/>
</pin_list>
<bind>
<opcode="select(49) " fcode="select"/>
<opset="select_ln45_51/1 "/>
</bind>
</comp>

<comp id="676" class="1004" name="icmp_ln45_52_fu_676">
<pin_list>
<pin id="677" dir="0" index="0" bw="32" slack="0"/>
<pin id="678" dir="0" index="1" bw="32" slack="0"/>
<pin id="679" dir="1" index="2" bw="1" slack="0"/>
</pin_list>
<bind>
<opcode="icmp(45) " fcode="icmp"/>
<opset="icmp_ln45_52/1 "/>
</bind>
</comp>

<comp id="682" class="1004" name="trunc_ln46_49_fu_682">
<pin_list>
<pin id="683" dir="0" index="0" bw="16" slack="0"/>
<pin id="684" dir="0" index="1" bw="32" slack="0"/>
<pin id="685" dir="0" index="2" bw="4" slack="0"/>
<pin id="686" dir="0" index="3" bw="6" slack="0"/>
<pin id="687" dir="1" index="4" bw="16" slack="0"/>
</pin_list>
<bind>
<opcode="partselect(1002) " fcode="partselect"/>
<opset="trunc_ln46_49/1 "/>
</bind>
</comp>

<comp id="692" class="1004" name="select_ln45_52_fu_692">
<pin_list>
<pin id="693" dir="0" index="0" bw="1" slack="0"/>
<pin id="694" dir="0" index="1" bw="16" slack="0"/>
<pin id="695" dir="0" index="2" bw="16" slack="0"/>
<pin id="696" dir="1" index="3" bw="16" slack="0"/>
</pin_list>
<bind>
<opcode="select(49) " fcode="select"/>
<opset="select_ln45_52/1 "/>
</bind>
</comp>

<comp id="700" class="1004" name="icmp_ln45_53_fu_700">
<pin_list>
<pin id="701" dir="0" index="0" bw="32" slack="0"/>
<pin id="702" dir="0" index="1" bw="32" slack="0"/>
<pin id="703" dir="1" index="2" bw="1" slack="0"/>
</pin_list>
<bind>
<opcode="icmp(45) " fcode="icmp"/>
<opset="icmp_ln45_53/1 "/>
</bind>
</comp>

<comp id="706" class="1004" name="trunc_ln46_50_fu_706">
<pin_list>
<pin id="707" dir="0" index="0" bw="16" slack="0"/>
<pin id="708" dir="0" index="1" bw="32" slack="0"/>
<pin id="709" dir="0" index="2" bw="4" slack="0"/>
<pin id="710" dir="0" index="3" bw="6" slack="0"/>
<pin id="711" dir="1" index="4" bw="16" slack="0"/>
</pin_list>
<bind>
<opcode="partselect(1002) " fcode="partselect"/>
<opset="trunc_ln46_50/1 "/>
</bind>
</comp>

<comp id="716" class="1004" name="select_ln45_53_fu_716">
<pin_list>
<pin id="717" dir="0" index="0" bw="1" slack="0"/>
<pin id="718" dir="0" index="1" bw="16" slack="0"/>
<pin id="719" dir="0" index="2" bw="16" slack="0"/>
<pin id="720" dir="1" index="3" bw="16" slack="0"/>
</pin_list>
<bind>
<opcode="select(49) " fcode="select"/>
<opset="select_ln45_53/1 "/>
</bind>
</comp>

<comp id="724" class="1004" name="icmp_ln45_54_fu_724">
<pin_list>
<pin id="725" dir="0" index="0" bw="32" slack="0"/>
<pin id="726" dir="0" index="1" bw="32" slack="0"/>
<pin id="727" dir="1" index="2" bw="1" slack="0"/>
</pin_list>
<bind>
<opcode="icmp(45) " fcode="icmp"/>
<opset="icmp_ln45_54/1 "/>
</bind>
</comp>

<comp id="730" class="1004" name="trunc_ln46_51_fu_730">
<pin_list>
<pin id="731" dir="0" index="0" bw="16" slack="0"/>
<pin id="732" dir="0" index="1" bw="32" slack="0"/>
<pin id="733" dir="0" index="2" bw="4" slack="0"/>
<pin id="734" dir="0" index="3" bw="6" slack="0"/>
<pin id="735" dir="1" index="4" bw="16" slack="0"/>
</pin_list>
<bind>
<opcode="partselect(1002) " fcode="partselect"/>
<opset="trunc_ln46_51/1 "/>
</bind>
</comp>

<comp id="740" class="1004" name="select_ln45_54_fu_740">
<pin_list>
<pin id="741" dir="0" index="0" bw="1" slack="0"/>
<pin id="742" dir="0" index="1" bw="16" slack="0"/>
<pin id="743" dir="0" index="2" bw="16" slack="0"/>
<pin id="744" dir="1" index="3" bw="16" slack="0"/>
</pin_list>
<bind>
<opcode="select(49) " fcode="select"/>
<opset="select_ln45_54/1 "/>
</bind>
</comp>

<comp id="748" class="1004" name="icmp_ln45_55_fu_748">
<pin_list>
<pin id="749" dir="0" index="0" bw="32" slack="0"/>
<pin id="750" dir="0" index="1" bw="32" slack="0"/>
<pin id="751" dir="1" index="2" bw="1" slack="0"/>
</pin_list>
<bind>
<opcode="icmp(45) " fcode="icmp"/>
<opset="icmp_ln45_55/1 "/>
</bind>
</comp>

<comp id="754" class="1004" name="trunc_ln46_52_fu_754">
<pin_list>
<pin id="755" dir="0" index="0" bw="16" slack="0"/>
<pin id="756" dir="0" index="1" bw="32" slack="0"/>
<pin id="757" dir="0" index="2" bw="4" slack="0"/>
<pin id="758" dir="0" index="3" bw="6" slack="0"/>
<pin id="759" dir="1" index="4" bw="16" slack="0"/>
</pin_list>
<bind>
<opcode="partselect(1002) " fcode="partselect"/>
<opset="trunc_ln46_52/1 "/>
</bind>
</comp>

<comp id="764" class="1004" name="select_ln45_55_fu_764">
<pin_list>
<pin id="765" dir="0" index="0" bw="1" slack="0"/>
<pin id="766" dir="0" index="1" bw="16" slack="0"/>
<pin id="767" dir="0" index="2" bw="16" slack="0"/>
<pin id="768" dir="1" index="3" bw="16" slack="0"/>
</pin_list>
<bind>
<opcode="select(49) " fcode="select"/>
<opset="select_ln45_55/1 "/>
</bind>
</comp>

<comp id="772" class="1004" name="icmp_ln45_56_fu_772">
<pin_list>
<pin id="773" dir="0" index="0" bw="32" slack="0"/>
<pin id="774" dir="0" index="1" bw="32" slack="0"/>
<pin id="775" dir="1" index="2" bw="1" slack="0"/>
</pin_list>
<bind>
<opcode="icmp(45) " fcode="icmp"/>
<opset="icmp_ln45_56/1 "/>
</bind>
</comp>

<comp id="778" class="1004" name="trunc_ln46_53_fu_778">
<pin_list>
<pin id="779" dir="0" index="0" bw="16" slack="0"/>
<pin id="780" dir="0" index="1" bw="32" slack="0"/>
<pin id="781" dir="0" index="2" bw="4" slack="0"/>
<pin id="782" dir="0" index="3" bw="6" slack="0"/>
<pin id="783" dir="1" index="4" bw="16" slack="0"/>
</pin_list>
<bind>
<opcode="partselect(1002) " fcode="partselect"/>
<opset="trunc_ln46_53/1 "/>
</bind>
</comp>

<comp id="788" class="1004" name="select_ln45_56_fu_788">
<pin_list>
<pin id="789" dir="0" index="0" bw="1" slack="0"/>
<pin id="790" dir="0" index="1" bw="16" slack="0"/>
<pin id="791" dir="0" index="2" bw="16" slack="0"/>
<pin id="792" dir="1" index="3" bw="16" slack="0"/>
</pin_list>
<bind>
<opcode="select(49) " fcode="select"/>
<opset="select_ln45_56/1 "/>
</bind>
</comp>

<comp id="796" class="1004" name="icmp_ln45_57_fu_796">
<pin_list>
<pin id="797" dir="0" index="0" bw="32" slack="0"/>
<pin id="798" dir="0" index="1" bw="32" slack="0"/>
<pin id="799" dir="1" index="2" bw="1" slack="0"/>
</pin_list>
<bind>
<opcode="icmp(45) " fcode="icmp"/>
<opset="icmp_ln45_57/1 "/>
</bind>
</comp>

<comp id="802" class="1004" name="trunc_ln46_54_fu_802">
<pin_list>
<pin id="803" dir="0" index="0" bw="16" slack="0"/>
<pin id="804" dir="0" index="1" bw="32" slack="0"/>
<pin id="805" dir="0" index="2" bw="4" slack="0"/>
<pin id="806" dir="0" index="3" bw="6" slack="0"/>
<pin id="807" dir="1" index="4" bw="16" slack="0"/>
</pin_list>
<bind>
<opcode="partselect(1002) " fcode="partselect"/>
<opset="trunc_ln46_54/1 "/>
</bind>
</comp>

<comp id="812" class="1004" name="select_ln45_57_fu_812">
<pin_list>
<pin id="813" dir="0" index="0" bw="1" slack="0"/>
<pin id="814" dir="0" index="1" bw="16" slack="0"/>
<pin id="815" dir="0" index="2" bw="16" slack="0"/>
<pin id="816" dir="1" index="3" bw="16" slack="0"/>
</pin_list>
<bind>
<opcode="select(49) " fcode="select"/>
<opset="select_ln45_57/1 "/>
</bind>
</comp>

<comp id="820" class="1004" name="icmp_ln45_58_fu_820">
<pin_list>
<pin id="821" dir="0" index="0" bw="32" slack="0"/>
<pin id="822" dir="0" index="1" bw="32" slack="0"/>
<pin id="823" dir="1" index="2" bw="1" slack="0"/>
</pin_list>
<bind>
<opcode="icmp(45) " fcode="icmp"/>
<opset="icmp_ln45_58/1 "/>
</bind>
</comp>

<comp id="826" class="1004" name="trunc_ln46_55_fu_826">
<pin_list>
<pin id="827" dir="0" index="0" bw="16" slack="0"/>
<pin id="828" dir="0" index="1" bw="32" slack="0"/>
<pin id="829" dir="0" index="2" bw="4" slack="0"/>
<pin id="830" dir="0" index="3" bw="6" slack="0"/>
<pin id="831" dir="1" index="4" bw="16" slack="0"/>
</pin_list>
<bind>
<opcode="partselect(1002) " fcode="partselect"/>
<opset="trunc_ln46_55/1 "/>
</bind>
</comp>

<comp id="836" class="1004" name="select_ln45_58_fu_836">
<pin_list>
<pin id="837" dir="0" index="0" bw="1" slack="0"/>
<pin id="838" dir="0" index="1" bw="16" slack="0"/>
<pin id="839" dir="0" index="2" bw="16" slack="0"/>
<pin id="840" dir="1" index="3" bw="16" slack="0"/>
</pin_list>
<bind>
<opcode="select(49) " fcode="select"/>
<opset="select_ln45_58/1 "/>
</bind>
</comp>

<comp id="844" class="1004" name="icmp_ln45_59_fu_844">
<pin_list>
<pin id="845" dir="0" index="0" bw="32" slack="0"/>
<pin id="846" dir="0" index="1" bw="32" slack="0"/>
<pin id="847" dir="1" index="2" bw="1" slack="0"/>
</pin_list>
<bind>
<opcode="icmp(45) " fcode="icmp"/>
<opset="icmp_ln45_59/1 "/>
</bind>
</comp>

<comp id="850" class="1004" name="trunc_ln46_56_fu_850">
<pin_list>
<pin id="851" dir="0" index="0" bw="16" slack="0"/>
<pin id="852" dir="0" index="1" bw="32" slack="0"/>
<pin id="853" dir="0" index="2" bw="4" slack="0"/>
<pin id="854" dir="0" index="3" bw="6" slack="0"/>
<pin id="855" dir="1" index="4" bw="16" slack="0"/>
</pin_list>
<bind>
<opcode="partselect(1002) " fcode="partselect"/>
<opset="trunc_ln46_56/1 "/>
</bind>
</comp>

<comp id="860" class="1004" name="select_ln45_59_fu_860">
<pin_list>
<pin id="861" dir="0" index="0" bw="1" slack="0"/>
<pin id="862" dir="0" index="1" bw="16" slack="0"/>
<pin id="863" dir="0" index="2" bw="16" slack="0"/>
<pin id="864" dir="1" index="3" bw="16" slack="0"/>
</pin_list>
<bind>
<opcode="select(49) " fcode="select"/>
<opset="select_ln45_59/1 "/>
</bind>
</comp>

<comp id="868" class="1004" name="icmp_ln45_60_fu_868">
<pin_list>
<pin id="869" dir="0" index="0" bw="32" slack="0"/>
<pin id="870" dir="0" index="1" bw="32" slack="0"/>
<pin id="871" dir="1" index="2" bw="1" slack="0"/>
</pin_list>
<bind>
<opcode="icmp(45) " fcode="icmp"/>
<opset="icmp_ln45_60/1 "/>
</bind>
</comp>

<comp id="874" class="1004" name="trunc_ln46_57_fu_874">
<pin_list>
<pin id="875" dir="0" index="0" bw="16" slack="0"/>
<pin id="876" dir="0" index="1" bw="32" slack="0"/>
<pin id="877" dir="0" index="2" bw="4" slack="0"/>
<pin id="878" dir="0" index="3" bw="6" slack="0"/>
<pin id="879" dir="1" index="4" bw="16" slack="0"/>
</pin_list>
<bind>
<opcode="partselect(1002) " fcode="partselect"/>
<opset="trunc_ln46_57/1 "/>
</bind>
</comp>

<comp id="884" class="1004" name="select_ln45_60_fu_884">
<pin_list>
<pin id="885" dir="0" index="0" bw="1" slack="0"/>
<pin id="886" dir="0" index="1" bw="16" slack="0"/>
<pin id="887" dir="0" index="2" bw="16" slack="0"/>
<pin id="888" dir="1" index="3" bw="16" slack="0"/>
</pin_list>
<bind>
<opcode="select(49) " fcode="select"/>
<opset="select_ln45_60/1 "/>
</bind>
</comp>

<comp id="892" class="1004" name="icmp_ln45_61_fu_892">
<pin_list>
<pin id="893" dir="0" index="0" bw="32" slack="0"/>
<pin id="894" dir="0" index="1" bw="32" slack="0"/>
<pin id="895" dir="1" index="2" bw="1" slack="0"/>
</pin_list>
<bind>
<opcode="icmp(45) " fcode="icmp"/>
<opset="icmp_ln45_61/1 "/>
</bind>
</comp>

<comp id="898" class="1004" name="trunc_ln46_58_fu_898">
<pin_list>
<pin id="899" dir="0" index="0" bw="16" slack="0"/>
<pin id="900" dir="0" index="1" bw="32" slack="0"/>
<pin id="901" dir="0" index="2" bw="4" slack="0"/>
<pin id="902" dir="0" index="3" bw="6" slack="0"/>
<pin id="903" dir="1" index="4" bw="16" slack="0"/>
</pin_list>
<bind>
<opcode="partselect(1002) " fcode="partselect"/>
<opset="trunc_ln46_58/1 "/>
</bind>
</comp>

<comp id="908" class="1004" name="select_ln45_61_fu_908">
<pin_list>
<pin id="909" dir="0" index="0" bw="1" slack="0"/>
<pin id="910" dir="0" index="1" bw="16" slack="0"/>
<pin id="911" dir="0" index="2" bw="16" slack="0"/>
<pin id="912" dir="1" index="3" bw="16" slack="0"/>
</pin_list>
<bind>
<opcode="select(49) " fcode="select"/>
<opset="select_ln45_61/1 "/>
</bind>
</comp>

<comp id="916" class="1004" name="icmp_ln45_62_fu_916">
<pin_list>
<pin id="917" dir="0" index="0" bw="32" slack="0"/>
<pin id="918" dir="0" index="1" bw="32" slack="0"/>
<pin id="919" dir="1" index="2" bw="1" slack="0"/>
</pin_list>
<bind>
<opcode="icmp(45) " fcode="icmp"/>
<opset="icmp_ln45_62/1 "/>
</bind>
</comp>

<comp id="922" class="1004" name="trunc_ln46_59_fu_922">
<pin_list>
<pin id="923" dir="0" index="0" bw="16" slack="0"/>
<pin id="924" dir="0" index="1" bw="32" slack="0"/>
<pin id="925" dir="0" index="2" bw="4" slack="0"/>
<pin id="926" dir="0" index="3" bw="6" slack="0"/>
<pin id="927" dir="1" index="4" bw="16" slack="0"/>
</pin_list>
<bind>
<opcode="partselect(1002) " fcode="partselect"/>
<opset="trunc_ln46_59/1 "/>
</bind>
</comp>

<comp id="932" class="1004" name="select_ln45_62_fu_932">
<pin_list>
<pin id="933" dir="0" index="0" bw="1" slack="0"/>
<pin id="934" dir="0" index="1" bw="16" slack="0"/>
<pin id="935" dir="0" index="2" bw="16" slack="0"/>
<pin id="936" dir="1" index="3" bw="16" slack="0"/>
</pin_list>
<bind>
<opcode="select(49) " fcode="select"/>
<opset="select_ln45_62/1 "/>
</bind>
</comp>

<comp id="940" class="1004" name="icmp_ln45_63_fu_940">
<pin_list>
<pin id="941" dir="0" index="0" bw="32" slack="0"/>
<pin id="942" dir="0" index="1" bw="32" slack="0"/>
<pin id="943" dir="1" index="2" bw="1" slack="0"/>
</pin_list>
<bind>
<opcode="icmp(45) " fcode="icmp"/>
<opset="icmp_ln45_63/1 "/>
</bind>
</comp>

<comp id="946" class="1004" name="trunc_ln46_60_fu_946">
<pin_list>
<pin id="947" dir="0" index="0" bw="16" slack="0"/>
<pin id="948" dir="0" index="1" bw="32" slack="0"/>
<pin id="949" dir="0" index="2" bw="4" slack="0"/>
<pin id="950" dir="0" index="3" bw="6" slack="0"/>
<pin id="951" dir="1" index="4" bw="16" slack="0"/>
</pin_list>
<bind>
<opcode="partselect(1002) " fcode="partselect"/>
<opset="trunc_ln46_60/1 "/>
</bind>
</comp>

<comp id="956" class="1004" name="select_ln45_63_fu_956">
<pin_list>
<pin id="957" dir="0" index="0" bw="1" slack="0"/>
<pin id="958" dir="0" index="1" bw="16" slack="0"/>
<pin id="959" dir="0" index="2" bw="16" slack="0"/>
<pin id="960" dir="1" index="3" bw="16" slack="0"/>
</pin_list>
<bind>
<opcode="select(49) " fcode="select"/>
<opset="select_ln45_63/1 "/>
</bind>
</comp>

<comp id="964" class="1004" name="icmp_ln45_64_fu_964">
<pin_list>
<pin id="965" dir="0" index="0" bw="32" slack="0"/>
<pin id="966" dir="0" index="1" bw="32" slack="0"/>
<pin id="967" dir="1" index="2" bw="1" slack="0"/>
</pin_list>
<bind>
<opcode="icmp(45) " fcode="icmp"/>
<opset="icmp_ln45_64/1 "/>
</bind>
</comp>

<comp id="970" class="1004" name="trunc_ln46_61_fu_970">
<pin_list>
<pin id="971" dir="0" index="0" bw="16" slack="0"/>
<pin id="972" dir="0" index="1" bw="32" slack="0"/>
<pin id="973" dir="0" index="2" bw="4" slack="0"/>
<pin id="974" dir="0" index="3" bw="6" slack="0"/>
<pin id="975" dir="1" index="4" bw="16" slack="0"/>
</pin_list>
<bind>
<opcode="partselect(1002) " fcode="partselect"/>
<opset="trunc_ln46_61/1 "/>
</bind>
</comp>

<comp id="980" class="1004" name="select_ln45_64_fu_980">
<pin_list>
<pin id="981" dir="0" index="0" bw="1" slack="0"/>
<pin id="982" dir="0" index="1" bw="16" slack="0"/>
<pin id="983" dir="0" index="2" bw="16" slack="0"/>
<pin id="984" dir="1" index="3" bw="16" slack="0"/>
</pin_list>
<bind>
<opcode="select(49) " fcode="select"/>
<opset="select_ln45_64/1 "/>
</bind>
</comp>

<comp id="988" class="1004" name="icmp_ln45_65_fu_988">
<pin_list>
<pin id="989" dir="0" index="0" bw="32" slack="0"/>
<pin id="990" dir="0" index="1" bw="32" slack="0"/>
<pin id="991" dir="1" index="2" bw="1" slack="0"/>
</pin_list>
<bind>
<opcode="icmp(45) " fcode="icmp"/>
<opset="icmp_ln45_65/1 "/>
</bind>
</comp>

<comp id="994" class="1004" name="trunc_ln46_62_fu_994">
<pin_list>
<pin id="995" dir="0" index="0" bw="16" slack="0"/>
<pin id="996" dir="0" index="1" bw="32" slack="0"/>
<pin id="997" dir="0" index="2" bw="4" slack="0"/>
<pin id="998" dir="0" index="3" bw="6" slack="0"/>
<pin id="999" dir="1" index="4" bw="16" slack="0"/>
</pin_list>
<bind>
<opcode="partselect(1002) " fcode="partselect"/>
<opset="trunc_ln46_62/1 "/>
</bind>
</comp>

<comp id="1004" class="1004" name="select_ln45_65_fu_1004">
<pin_list>
<pin id="1005" dir="0" index="0" bw="1" slack="0"/>
<pin id="1006" dir="0" index="1" bw="16" slack="0"/>
<pin id="1007" dir="0" index="2" bw="16" slack="0"/>
<pin id="1008" dir="1" index="3" bw="16" slack="0"/>
</pin_list>
<bind>
<opcode="select(49) " fcode="select"/>
<opset="select_ln45_65/1 "/>
</bind>
</comp>

<comp id="1012" class="1004" name="icmp_ln45_66_fu_1012">
<pin_list>
<pin id="1013" dir="0" index="0" bw="32" slack="0"/>
<pin id="1014" dir="0" index="1" bw="32" slack="0"/>
<pin id="1015" dir="1" index="2" bw="1" slack="0"/>
</pin_list>
<bind>
<opcode="icmp(45) " fcode="icmp"/>
<opset="icmp_ln45_66/1 "/>
</bind>
</comp>

<comp id="1018" class="1004" name="trunc_ln46_63_fu_1018">
<pin_list>
<pin id="1019" dir="0" index="0" bw="16" slack="0"/>
<pin id="1020" dir="0" index="1" bw="32" slack="0"/>
<pin id="1021" dir="0" index="2" bw="4" slack="0"/>
<pin id="1022" dir="0" index="3" bw="6" slack="0"/>
<pin id="1023" dir="1" index="4" bw="16" slack="0"/>
</pin_list>
<bind>
<opcode="partselect(1002) " fcode="partselect"/>
<opset="trunc_ln46_63/1 "/>
</bind>
</comp>

<comp id="1028" class="1004" name="select_ln45_66_fu_1028">
<pin_list>
<pin id="1029" dir="0" index="0" bw="1" slack="0"/>
<pin id="1030" dir="0" index="1" bw="16" slack="0"/>
<pin id="1031" dir="0" index="2" bw="16" slack="0"/>
<pin id="1032" dir="1" index="3" bw="16" slack="0"/>
</pin_list>
<bind>
<opcode="select(49) " fcode="select"/>
<opset="select_ln45_66/1 "/>
</bind>
</comp>

<comp id="1036" class="1004" name="icmp_ln45_67_fu_1036">
<pin_list>
<pin id="1037" dir="0" index="0" bw="32" slack="0"/>
<pin id="1038" dir="0" index="1" bw="32" slack="0"/>
<pin id="1039" dir="1" index="2" bw="1" slack="0"/>
</pin_list>
<bind>
<opcode="icmp(45) " fcode="icmp"/>
<opset="icmp_ln45_67/1 "/>
</bind>
</comp>

<comp id="1042" class="1004" name="trunc_ln46_64_fu_1042">
<pin_list>
<pin id="1043" dir="0" index="0" bw="16" slack="0"/>
<pin id="1044" dir="0" index="1" bw="32" slack="0"/>
<pin id="1045" dir="0" index="2" bw="4" slack="0"/>
<pin id="1046" dir="0" index="3" bw="6" slack="0"/>
<pin id="1047" dir="1" index="4" bw="16" slack="0"/>
</pin_list>
<bind>
<opcode="partselect(1002) " fcode="partselect"/>
<opset="trunc_ln46_64/1 "/>
</bind>
</comp>

<comp id="1052" class="1004" name="select_ln45_67_fu_1052">
<pin_list>
<pin id="1053" dir="0" index="0" bw="1" slack="0"/>
<pin id="1054" dir="0" index="1" bw="16" slack="0"/>
<pin id="1055" dir="0" index="2" bw="16" slack="0"/>
<pin id="1056" dir="1" index="3" bw="16" slack="0"/>
</pin_list>
<bind>
<opcode="select(49) " fcode="select"/>
<opset="select_ln45_67/1 "/>
</bind>
</comp>

<comp id="1060" class="1004" name="icmp_ln45_68_fu_1060">
<pin_list>
<pin id="1061" dir="0" index="0" bw="32" slack="0"/>
<pin id="1062" dir="0" index="1" bw="32" slack="0"/>
<pin id="1063" dir="1" index="2" bw="1" slack="0"/>
</pin_list>
<bind>
<opcode="icmp(45) " fcode="icmp"/>
<opset="icmp_ln45_68/1 "/>
</bind>
</comp>

<comp id="1066" class="1004" name="trunc_ln46_65_fu_1066">
<pin_list>
<pin id="1067" dir="0" index="0" bw="16" slack="0"/>
<pin id="1068" dir="0" index="1" bw="32" slack="0"/>
<pin id="1069" dir="0" index="2" bw="4" slack="0"/>
<pin id="1070" dir="0" index="3" bw="6" slack="0"/>
<pin id="1071" dir="1" index="4" bw="16" slack="0"/>
</pin_list>
<bind>
<opcode="partselect(1002) " fcode="partselect"/>
<opset="trunc_ln46_65/1 "/>
</bind>
</comp>

<comp id="1076" class="1004" name="select_ln45_68_fu_1076">
<pin_list>
<pin id="1077" dir="0" index="0" bw="1" slack="0"/>
<pin id="1078" dir="0" index="1" bw="16" slack="0"/>
<pin id="1079" dir="0" index="2" bw="16" slack="0"/>
<pin id="1080" dir="1" index="3" bw="16" slack="0"/>
</pin_list>
<bind>
<opcode="select(49) " fcode="select"/>
<opset="select_ln45_68/1 "/>
</bind>
</comp>

<comp id="1084" class="1004" name="icmp_ln45_69_fu_1084">
<pin_list>
<pin id="1085" dir="0" index="0" bw="32" slack="0"/>
<pin id="1086" dir="0" index="1" bw="32" slack="0"/>
<pin id="1087" dir="1" index="2" bw="1" slack="0"/>
</pin_list>
<bind>
<opcode="icmp(45) " fcode="icmp"/>
<opset="icmp_ln45_69/1 "/>
</bind>
</comp>

<comp id="1090" class="1004" name="trunc_ln46_66_fu_1090">
<pin_list>
<pin id="1091" dir="0" index="0" bw="16" slack="0"/>
<pin id="1092" dir="0" index="1" bw="32" slack="0"/>
<pin id="1093" dir="0" index="2" bw="4" slack="0"/>
<pin id="1094" dir="0" index="3" bw="6" slack="0"/>
<pin id="1095" dir="1" index="4" bw="16" slack="0"/>
</pin_list>
<bind>
<opcode="partselect(1002) " fcode="partselect"/>
<opset="trunc_ln46_66/1 "/>
</bind>
</comp>

<comp id="1100" class="1004" name="select_ln45_69_fu_1100">
<pin_list>
<pin id="1101" dir="0" index="0" bw="1" slack="0"/>
<pin id="1102" dir="0" index="1" bw="16" slack="0"/>
<pin id="1103" dir="0" index="2" bw="16" slack="0"/>
<pin id="1104" dir="1" index="3" bw="16" slack="0"/>
</pin_list>
<bind>
<opcode="select(49) " fcode="select"/>
<opset="select_ln45_69/1 "/>
</bind>
</comp>

<comp id="1108" class="1004" name="icmp_ln45_70_fu_1108">
<pin_list>
<pin id="1109" dir="0" index="0" bw="32" slack="0"/>
<pin id="1110" dir="0" index="1" bw="32" slack="0"/>
<pin id="1111" dir="1" index="2" bw="1" slack="0"/>
</pin_list>
<bind>
<opcode="icmp(45) " fcode="icmp"/>
<opset="icmp_ln45_70/1 "/>
</bind>
</comp>

<comp id="1114" class="1004" name="trunc_ln46_67_fu_1114">
<pin_list>
<pin id="1115" dir="0" index="0" bw="16" slack="0"/>
<pin id="1116" dir="0" index="1" bw="32" slack="0"/>
<pin id="1117" dir="0" index="2" bw="4" slack="0"/>
<pin id="1118" dir="0" index="3" bw="6" slack="0"/>
<pin id="1119" dir="1" index="4" bw="16" slack="0"/>
</pin_list>
<bind>
<opcode="partselect(1002) " fcode="partselect"/>
<opset="trunc_ln46_67/1 "/>
</bind>
</comp>

<comp id="1124" class="1004" name="select_ln45_70_fu_1124">
<pin_list>
<pin id="1125" dir="0" index="0" bw="1" slack="0"/>
<pin id="1126" dir="0" index="1" bw="16" slack="0"/>
<pin id="1127" dir="0" index="2" bw="16" slack="0"/>
<pin id="1128" dir="1" index="3" bw="16" slack="0"/>
</pin_list>
<bind>
<opcode="select(49) " fcode="select"/>
<opset="select_ln45_70/1 "/>
</bind>
</comp>

<comp id="1132" class="1004" name="icmp_ln45_71_fu_1132">
<pin_list>
<pin id="1133" dir="0" index="0" bw="32" slack="0"/>
<pin id="1134" dir="0" index="1" bw="32" slack="0"/>
<pin id="1135" dir="1" index="2" bw="1" slack="0"/>
</pin_list>
<bind>
<opcode="icmp(45) " fcode="icmp"/>
<opset="icmp_ln45_71/1 "/>
</bind>
</comp>

<comp id="1138" class="1004" name="trunc_ln46_68_fu_1138">
<pin_list>
<pin id="1139" dir="0" index="0" bw="16" slack="0"/>
<pin id="1140" dir="0" index="1" bw="32" slack="0"/>
<pin id="1141" dir="0" index="2" bw="4" slack="0"/>
<pin id="1142" dir="0" index="3" bw="6" slack="0"/>
<pin id="1143" dir="1" index="4" bw="16" slack="0"/>
</pin_list>
<bind>
<opcode="partselect(1002) " fcode="partselect"/>
<opset="trunc_ln46_68/1 "/>
</bind>
</comp>

<comp id="1148" class="1004" name="select_ln45_71_fu_1148">
<pin_list>
<pin id="1149" dir="0" index="0" bw="1" slack="0"/>
<pin id="1150" dir="0" index="1" bw="16" slack="0"/>
<pin id="1151" dir="0" index="2" bw="16" slack="0"/>
<pin id="1152" dir="1" index="3" bw="16" slack="0"/>
</pin_list>
<bind>
<opcode="select(49) " fcode="select"/>
<opset="select_ln45_71/1 "/>
</bind>
</comp>

<comp id="1156" class="1004" name="icmp_ln45_72_fu_1156">
<pin_list>
<pin id="1157" dir="0" index="0" bw="32" slack="0"/>
<pin id="1158" dir="0" index="1" bw="32" slack="0"/>
<pin id="1159" dir="1" index="2" bw="1" slack="0"/>
</pin_list>
<bind>
<opcode="icmp(45) " fcode="icmp"/>
<opset="icmp_ln45_72/1 "/>
</bind>
</comp>

<comp id="1162" class="1004" name="trunc_ln46_69_fu_1162">
<pin_list>
<pin id="1163" dir="0" index="0" bw="16" slack="0"/>
<pin id="1164" dir="0" index="1" bw="32" slack="0"/>
<pin id="1165" dir="0" index="2" bw="4" slack="0"/>
<pin id="1166" dir="0" index="3" bw="6" slack="0"/>
<pin id="1167" dir="1" index="4" bw="16" slack="0"/>
</pin_list>
<bind>
<opcode="partselect(1002) " fcode="partselect"/>
<opset="trunc_ln46_69/1 "/>
</bind>
</comp>

<comp id="1172" class="1004" name="select_ln45_72_fu_1172">
<pin_list>
<pin id="1173" dir="0" index="0" bw="1" slack="0"/>
<pin id="1174" dir="0" index="1" bw="16" slack="0"/>
<pin id="1175" dir="0" index="2" bw="16" slack="0"/>
<pin id="1176" dir="1" index="3" bw="16" slack="0"/>
</pin_list>
<bind>
<opcode="select(49) " fcode="select"/>
<opset="select_ln45_72/1 "/>
</bind>
</comp>

<comp id="1180" class="1004" name="icmp_ln45_73_fu_1180">
<pin_list>
<pin id="1181" dir="0" index="0" bw="32" slack="0"/>
<pin id="1182" dir="0" index="1" bw="32" slack="0"/>
<pin id="1183" dir="1" index="2" bw="1" slack="0"/>
</pin_list>
<bind>
<opcode="icmp(45) " fcode="icmp"/>
<opset="icmp_ln45_73/1 "/>
</bind>
</comp>

<comp id="1186" class="1004" name="trunc_ln46_70_fu_1186">
<pin_list>
<pin id="1187" dir="0" index="0" bw="16" slack="0"/>
<pin id="1188" dir="0" index="1" bw="32" slack="0"/>
<pin id="1189" dir="0" index="2" bw="4" slack="0"/>
<pin id="1190" dir="0" index="3" bw="6" slack="0"/>
<pin id="1191" dir="1" index="4" bw="16" slack="0"/>
</pin_list>
<bind>
<opcode="partselect(1002) " fcode="partselect"/>
<opset="trunc_ln46_70/1 "/>
</bind>
</comp>

<comp id="1196" class="1004" name="select_ln45_73_fu_1196">
<pin_list>
<pin id="1197" dir="0" index="0" bw="1" slack="0"/>
<pin id="1198" dir="0" index="1" bw="16" slack="0"/>
<pin id="1199" dir="0" index="2" bw="16" slack="0"/>
<pin id="1200" dir="1" index="3" bw="16" slack="0"/>
</pin_list>
<bind>
<opcode="select(49) " fcode="select"/>
<opset="select_ln45_73/1 "/>
</bind>
</comp>

<comp id="1204" class="1004" name="icmp_ln45_74_fu_1204">
<pin_list>
<pin id="1205" dir="0" index="0" bw="32" slack="0"/>
<pin id="1206" dir="0" index="1" bw="32" slack="0"/>
<pin id="1207" dir="1" index="2" bw="1" slack="0"/>
</pin_list>
<bind>
<opcode="icmp(45) " fcode="icmp"/>
<opset="icmp_ln45_74/1 "/>
</bind>
</comp>

<comp id="1210" class="1004" name="trunc_ln46_71_fu_1210">
<pin_list>
<pin id="1211" dir="0" index="0" bw="16" slack="0"/>
<pin id="1212" dir="0" index="1" bw="32" slack="0"/>
<pin id="1213" dir="0" index="2" bw="4" slack="0"/>
<pin id="1214" dir="0" index="3" bw="6" slack="0"/>
<pin id="1215" dir="1" index="4" bw="16" slack="0"/>
</pin_list>
<bind>
<opcode="partselect(1002) " fcode="partselect"/>
<opset="trunc_ln46_71/1 "/>
</bind>
</comp>

<comp id="1220" class="1004" name="select_ln45_74_fu_1220">
<pin_list>
<pin id="1221" dir="0" index="0" bw="1" slack="0"/>
<pin id="1222" dir="0" index="1" bw="16" slack="0"/>
<pin id="1223" dir="0" index="2" bw="16" slack="0"/>
<pin id="1224" dir="1" index="3" bw="16" slack="0"/>
</pin_list>
<bind>
<opcode="select(49) " fcode="select"/>
<opset="select_ln45_74/1 "/>
</bind>
</comp>

<comp id="1228" class="1004" name="icmp_ln45_75_fu_1228">
<pin_list>
<pin id="1229" dir="0" index="0" bw="32" slack="0"/>
<pin id="1230" dir="0" index="1" bw="32" slack="0"/>
<pin id="1231" dir="1" index="2" bw="1" slack="0"/>
</pin_list>
<bind>
<opcode="icmp(45) " fcode="icmp"/>
<opset="icmp_ln45_75/1 "/>
</bind>
</comp>

<comp id="1234" class="1004" name="trunc_ln46_72_fu_1234">
<pin_list>
<pin id="1235" dir="0" index="0" bw="16" slack="0"/>
<pin id="1236" dir="0" index="1" bw="32" slack="0"/>
<pin id="1237" dir="0" index="2" bw="4" slack="0"/>
<pin id="1238" dir="0" index="3" bw="6" slack="0"/>
<pin id="1239" dir="1" index="4" bw="16" slack="0"/>
</pin_list>
<bind>
<opcode="partselect(1002) " fcode="partselect"/>
<opset="trunc_ln46_72/1 "/>
</bind>
</comp>

<comp id="1244" class="1004" name="select_ln45_75_fu_1244">
<pin_list>
<pin id="1245" dir="0" index="0" bw="1" slack="0"/>
<pin id="1246" dir="0" index="1" bw="16" slack="0"/>
<pin id="1247" dir="0" index="2" bw="16" slack="0"/>
<pin id="1248" dir="1" index="3" bw="16" slack="0"/>
</pin_list>
<bind>
<opcode="select(49) " fcode="select"/>
<opset="select_ln45_75/1 "/>
</bind>
</comp>

<comp id="1252" class="1004" name="icmp_ln45_76_fu_1252">
<pin_list>
<pin id="1253" dir="0" index="0" bw="32" slack="0"/>
<pin id="1254" dir="0" index="1" bw="32" slack="0"/>
<pin id="1255" dir="1" index="2" bw="1" slack="0"/>
</pin_list>
<bind>
<opcode="icmp(45) " fcode="icmp"/>
<opset="icmp_ln45_76/1 "/>
</bind>
</comp>

<comp id="1258" class="1004" name="trunc_ln46_73_fu_1258">
<pin_list>
<pin id="1259" dir="0" index="0" bw="16" slack="0"/>
<pin id="1260" dir="0" index="1" bw="32" slack="0"/>
<pin id="1261" dir="0" index="2" bw="4" slack="0"/>
<pin id="1262" dir="0" index="3" bw="6" slack="0"/>
<pin id="1263" dir="1" index="4" bw="16" slack="0"/>
</pin_list>
<bind>
<opcode="partselect(1002) " fcode="partselect"/>
<opset="trunc_ln46_73/1 "/>
</bind>
</comp>

<comp id="1268" class="1004" name="select_ln45_76_fu_1268">
<pin_list>
<pin id="1269" dir="0" index="0" bw="1" slack="0"/>
<pin id="1270" dir="0" index="1" bw="16" slack="0"/>
<pin id="1271" dir="0" index="2" bw="16" slack="0"/>
<pin id="1272" dir="1" index="3" bw="16" slack="0"/>
</pin_list>
<bind>
<opcode="select(49) " fcode="select"/>
<opset="select_ln45_76/1 "/>
</bind>
</comp>

<comp id="1276" class="1004" name="icmp_ln45_77_fu_1276">
<pin_list>
<pin id="1277" dir="0" index="0" bw="32" slack="0"/>
<pin id="1278" dir="0" index="1" bw="32" slack="0"/>
<pin id="1279" dir="1" index="2" bw="1" slack="0"/>
</pin_list>
<bind>
<opcode="icmp(45) " fcode="icmp"/>
<opset="icmp_ln45_77/1 "/>
</bind>
</comp>

<comp id="1282" class="1004" name="trunc_ln46_74_fu_1282">
<pin_list>
<pin id="1283" dir="0" index="0" bw="16" slack="0"/>
<pin id="1284" dir="0" index="1" bw="32" slack="0"/>
<pin id="1285" dir="0" index="2" bw="4" slack="0"/>
<pin id="1286" dir="0" index="3" bw="6" slack="0"/>
<pin id="1287" dir="1" index="4" bw="16" slack="0"/>
</pin_list>
<bind>
<opcode="partselect(1002) " fcode="partselect"/>
<opset="trunc_ln46_74/1 "/>
</bind>
</comp>

<comp id="1292" class="1004" name="select_ln45_77_fu_1292">
<pin_list>
<pin id="1293" dir="0" index="0" bw="1" slack="0"/>
<pin id="1294" dir="0" index="1" bw="16" slack="0"/>
<pin id="1295" dir="0" index="2" bw="16" slack="0"/>
<pin id="1296" dir="1" index="3" bw="16" slack="0"/>
</pin_list>
<bind>
<opcode="select(49) " fcode="select"/>
<opset="select_ln45_77/1 "/>
</bind>
</comp>

<comp id="1300" class="1004" name="icmp_ln45_78_fu_1300">
<pin_list>
<pin id="1301" dir="0" index="0" bw="32" slack="0"/>
<pin id="1302" dir="0" index="1" bw="32" slack="0"/>
<pin id="1303" dir="1" index="2" bw="1" slack="0"/>
</pin_list>
<bind>
<opcode="icmp(45) " fcode="icmp"/>
<opset="icmp_ln45_78/1 "/>
</bind>
</comp>

<comp id="1306" class="1004" name="trunc_ln46_75_fu_1306">
<pin_list>
<pin id="1307" dir="0" index="0" bw="16" slack="0"/>
<pin id="1308" dir="0" index="1" bw="32" slack="0"/>
<pin id="1309" dir="0" index="2" bw="4" slack="0"/>
<pin id="1310" dir="0" index="3" bw="6" slack="0"/>
<pin id="1311" dir="1" index="4" bw="16" slack="0"/>
</pin_list>
<bind>
<opcode="partselect(1002) " fcode="partselect"/>
<opset="trunc_ln46_75/1 "/>
</bind>
</comp>

<comp id="1316" class="1004" name="select_ln45_78_fu_1316">
<pin_list>
<pin id="1317" dir="0" index="0" bw="1" slack="0"/>
<pin id="1318" dir="0" index="1" bw="16" slack="0"/>
<pin id="1319" dir="0" index="2" bw="16" slack="0"/>
<pin id="1320" dir="1" index="3" bw="16" slack="0"/>
</pin_list>
<bind>
<opcode="select(49) " fcode="select"/>
<opset="select_ln45_78/1 "/>
</bind>
</comp>

<comp id="1324" class="1004" name="icmp_ln45_79_fu_1324">
<pin_list>
<pin id="1325" dir="0" index="0" bw="32" slack="0"/>
<pin id="1326" dir="0" index="1" bw="32" slack="0"/>
<pin id="1327" dir="1" index="2" bw="1" slack="0"/>
</pin_list>
<bind>
<opcode="icmp(45) " fcode="icmp"/>
<opset="icmp_ln45_79/1 "/>
</bind>
</comp>

<comp id="1330" class="1004" name="trunc_ln46_76_fu_1330">
<pin_list>
<pin id="1331" dir="0" index="0" bw="16" slack="0"/>
<pin id="1332" dir="0" index="1" bw="32" slack="0"/>
<pin id="1333" dir="0" index="2" bw="4" slack="0"/>
<pin id="1334" dir="0" index="3" bw="6" slack="0"/>
<pin id="1335" dir="1" index="4" bw="16" slack="0"/>
</pin_list>
<bind>
<opcode="partselect(1002) " fcode="partselect"/>
<opset="trunc_ln46_76/1 "/>
</bind>
</comp>

<comp id="1340" class="1004" name="select_ln45_79_fu_1340">
<pin_list>
<pin id="1341" dir="0" index="0" bw="1" slack="0"/>
<pin id="1342" dir="0" index="1" bw="16" slack="0"/>
<pin id="1343" dir="0" index="2" bw="16" slack="0"/>
<pin id="1344" dir="1" index="3" bw="16" slack="0"/>
</pin_list>
<bind>
<opcode="select(49) " fcode="select"/>
<opset="select_ln45_79/1 "/>
</bind>
</comp>

<comp id="1348" class="1004" name="icmp_ln45_80_fu_1348">
<pin_list>
<pin id="1349" dir="0" index="0" bw="32" slack="0"/>
<pin id="1350" dir="0" index="1" bw="32" slack="0"/>
<pin id="1351" dir="1" index="2" bw="1" slack="0"/>
</pin_list>
<bind>
<opcode="icmp(45) " fcode="icmp"/>
<opset="icmp_ln45_80/1 "/>
</bind>
</comp>

<comp id="1354" class="1004" name="trunc_ln46_77_fu_1354">
<pin_list>
<pin id="1355" dir="0" index="0" bw="16" slack="0"/>
<pin id="1356" dir="0" index="1" bw="32" slack="0"/>
<pin id="1357" dir="0" index="2" bw="4" slack="0"/>
<pin id="1358" dir="0" index="3" bw="6" slack="0"/>
<pin id="1359" dir="1" index="4" bw="16" slack="0"/>
</pin_list>
<bind>
<opcode="partselect(1002) " fcode="partselect"/>
<opset="trunc_ln46_77/1 "/>
</bind>
</comp>

<comp id="1364" class="1004" name="select_ln45_80_fu_1364">
<pin_list>
<pin id="1365" dir="0" index="0" bw="1" slack="0"/>
<pin id="1366" dir="0" index="1" bw="16" slack="0"/>
<pin id="1367" dir="0" index="2" bw="16" slack="0"/>
<pin id="1368" dir="1" index="3" bw="16" slack="0"/>
</pin_list>
<bind>
<opcode="select(49) " fcode="select"/>
<opset="select_ln45_80/1 "/>
</bind>
</comp>

<comp id="1372" class="1004" name="icmp_ln45_81_fu_1372">
<pin_list>
<pin id="1373" dir="0" index="0" bw="32" slack="0"/>
<pin id="1374" dir="0" index="1" bw="32" slack="0"/>
<pin id="1375" dir="1" index="2" bw="1" slack="0"/>
</pin_list>
<bind>
<opcode="icmp(45) " fcode="icmp"/>
<opset="icmp_ln45_81/1 "/>
</bind>
</comp>

<comp id="1378" class="1004" name="trunc_ln46_78_fu_1378">
<pin_list>
<pin id="1379" dir="0" index="0" bw="16" slack="0"/>
<pin id="1380" dir="0" index="1" bw="32" slack="0"/>
<pin id="1381" dir="0" index="2" bw="4" slack="0"/>
<pin id="1382" dir="0" index="3" bw="6" slack="0"/>
<pin id="1383" dir="1" index="4" bw="16" slack="0"/>
</pin_list>
<bind>
<opcode="partselect(1002) " fcode="partselect"/>
<opset="trunc_ln46_78/1 "/>
</bind>
</comp>

<comp id="1388" class="1004" name="select_ln45_81_fu_1388">
<pin_list>
<pin id="1389" dir="0" index="0" bw="1" slack="0"/>
<pin id="1390" dir="0" index="1" bw="16" slack="0"/>
<pin id="1391" dir="0" index="2" bw="16" slack="0"/>
<pin id="1392" dir="1" index="3" bw="16" slack="0"/>
</pin_list>
<bind>
<opcode="select(49) " fcode="select"/>
<opset="select_ln45_81/1 "/>
</bind>
</comp>

<comp id="1396" class="1004" name="icmp_ln45_82_fu_1396">
<pin_list>
<pin id="1397" dir="0" index="0" bw="32" slack="0"/>
<pin id="1398" dir="0" index="1" bw="32" slack="0"/>
<pin id="1399" dir="1" index="2" bw="1" slack="0"/>
</pin_list>
<bind>
<opcode="icmp(45) " fcode="icmp"/>
<opset="icmp_ln45_82/1 "/>
</bind>
</comp>

<comp id="1402" class="1004" name="trunc_ln46_79_fu_1402">
<pin_list>
<pin id="1403" dir="0" index="0" bw="16" slack="0"/>
<pin id="1404" dir="0" index="1" bw="32" slack="0"/>
<pin id="1405" dir="0" index="2" bw="4" slack="0"/>
<pin id="1406" dir="0" index="3" bw="6" slack="0"/>
<pin id="1407" dir="1" index="4" bw="16" slack="0"/>
</pin_list>
<bind>
<opcode="partselect(1002) " fcode="partselect"/>
<opset="trunc_ln46_79/1 "/>
</bind>
</comp>

<comp id="1412" class="1004" name="select_ln45_82_fu_1412">
<pin_list>
<pin id="1413" dir="0" index="0" bw="1" slack="0"/>
<pin id="1414" dir="0" index="1" bw="16" slack="0"/>
<pin id="1415" dir="0" index="2" bw="16" slack="0"/>
<pin id="1416" dir="1" index="3" bw="16" slack="0"/>
</pin_list>
<bind>
<opcode="select(49) " fcode="select"/>
<opset="select_ln45_82/1 "/>
</bind>
</comp>

<comp id="1420" class="1004" name="icmp_ln45_83_fu_1420">
<pin_list>
<pin id="1421" dir="0" index="0" bw="32" slack="0"/>
<pin id="1422" dir="0" index="1" bw="32" slack="0"/>
<pin id="1423" dir="1" index="2" bw="1" slack="0"/>
</pin_list>
<bind>
<opcode="icmp(45) " fcode="icmp"/>
<opset="icmp_ln45_83/1 "/>
</bind>
</comp>

<comp id="1426" class="1004" name="trunc_ln46_80_fu_1426">
<pin_list>
<pin id="1427" dir="0" index="0" bw="16" slack="0"/>
<pin id="1428" dir="0" index="1" bw="32" slack="0"/>
<pin id="1429" dir="0" index="2" bw="4" slack="0"/>
<pin id="1430" dir="0" index="3" bw="6" slack="0"/>
<pin id="1431" dir="1" index="4" bw="16" slack="0"/>
</pin_list>
<bind>
<opcode="partselect(1002) " fcode="partselect"/>
<opset="trunc_ln46_80/1 "/>
</bind>
</comp>

<comp id="1436" class="1004" name="select_ln45_83_fu_1436">
<pin_list>
<pin id="1437" dir="0" index="0" bw="1" slack="0"/>
<pin id="1438" dir="0" index="1" bw="16" slack="0"/>
<pin id="1439" dir="0" index="2" bw="16" slack="0"/>
<pin id="1440" dir="1" index="3" bw="16" slack="0"/>
</pin_list>
<bind>
<opcode="select(49) " fcode="select"/>
<opset="select_ln45_83/1 "/>
</bind>
</comp>

<comp id="1444" class="1004" name="icmp_ln45_84_fu_1444">
<pin_list>
<pin id="1445" dir="0" index="0" bw="32" slack="0"/>
<pin id="1446" dir="0" index="1" bw="32" slack="0"/>
<pin id="1447" dir="1" index="2" bw="1" slack="0"/>
</pin_list>
<bind>
<opcode="icmp(45) " fcode="icmp"/>
<opset="icmp_ln45_84/1 "/>
</bind>
</comp>

<comp id="1450" class="1004" name="trunc_ln46_81_fu_1450">
<pin_list>
<pin id="1451" dir="0" index="0" bw="16" slack="0"/>
<pin id="1452" dir="0" index="1" bw="32" slack="0"/>
<pin id="1453" dir="0" index="2" bw="4" slack="0"/>
<pin id="1454" dir="0" index="3" bw="6" slack="0"/>
<pin id="1455" dir="1" index="4" bw="16" slack="0"/>
</pin_list>
<bind>
<opcode="partselect(1002) " fcode="partselect"/>
<opset="trunc_ln46_81/1 "/>
</bind>
</comp>

<comp id="1460" class="1004" name="select_ln45_84_fu_1460">
<pin_list>
<pin id="1461" dir="0" index="0" bw="1" slack="0"/>
<pin id="1462" dir="0" index="1" bw="16" slack="0"/>
<pin id="1463" dir="0" index="2" bw="16" slack="0"/>
<pin id="1464" dir="1" index="3" bw="16" slack="0"/>
</pin_list>
<bind>
<opcode="select(49) " fcode="select"/>
<opset="select_ln45_84/1 "/>
</bind>
</comp>

<comp id="1468" class="1004" name="icmp_ln45_85_fu_1468">
<pin_list>
<pin id="1469" dir="0" index="0" bw="32" slack="0"/>
<pin id="1470" dir="0" index="1" bw="32" slack="0"/>
<pin id="1471" dir="1" index="2" bw="1" slack="0"/>
</pin_list>
<bind>
<opcode="icmp(45) " fcode="icmp"/>
<opset="icmp_ln45_85/1 "/>
</bind>
</comp>

<comp id="1474" class="1004" name="trunc_ln46_82_fu_1474">
<pin_list>
<pin id="1475" dir="0" index="0" bw="16" slack="0"/>
<pin id="1476" dir="0" index="1" bw="32" slack="0"/>
<pin id="1477" dir="0" index="2" bw="4" slack="0"/>
<pin id="1478" dir="0" index="3" bw="6" slack="0"/>
<pin id="1479" dir="1" index="4" bw="16" slack="0"/>
</pin_list>
<bind>
<opcode="partselect(1002) " fcode="partselect"/>
<opset="trunc_ln46_82/1 "/>
</bind>
</comp>

<comp id="1484" class="1004" name="select_ln45_85_fu_1484">
<pin_list>
<pin id="1485" dir="0" index="0" bw="1" slack="0"/>
<pin id="1486" dir="0" index="1" bw="16" slack="0"/>
<pin id="1487" dir="0" index="2" bw="16" slack="0"/>
<pin id="1488" dir="1" index="3" bw="16" slack="0"/>
</pin_list>
<bind>
<opcode="select(49) " fcode="select"/>
<opset="select_ln45_85/1 "/>
</bind>
</comp>

<comp id="1492" class="1004" name="icmp_ln45_86_fu_1492">
<pin_list>
<pin id="1493" dir="0" index="0" bw="32" slack="0"/>
<pin id="1494" dir="0" index="1" bw="32" slack="0"/>
<pin id="1495" dir="1" index="2" bw="1" slack="0"/>
</pin_list>
<bind>
<opcode="icmp(45) " fcode="icmp"/>
<opset="icmp_ln45_86/1 "/>
</bind>
</comp>

<comp id="1498" class="1004" name="trunc_ln46_83_fu_1498">
<pin_list>
<pin id="1499" dir="0" index="0" bw="16" slack="0"/>
<pin id="1500" dir="0" index="1" bw="32" slack="0"/>
<pin id="1501" dir="0" index="2" bw="4" slack="0"/>
<pin id="1502" dir="0" index="3" bw="6" slack="0"/>
<pin id="1503" dir="1" index="4" bw="16" slack="0"/>
</pin_list>
<bind>
<opcode="partselect(1002) " fcode="partselect"/>
<opset="trunc_ln46_83/1 "/>
</bind>
</comp>

<comp id="1508" class="1004" name="select_ln45_86_fu_1508">
<pin_list>
<pin id="1509" dir="0" index="0" bw="1" slack="0"/>
<pin id="1510" dir="0" index="1" bw="16" slack="0"/>
<pin id="1511" dir="0" index="2" bw="16" slack="0"/>
<pin id="1512" dir="1" index="3" bw="16" slack="0"/>
</pin_list>
<bind>
<opcode="select(49) " fcode="select"/>
<opset="select_ln45_86/1 "/>
</bind>
</comp>

<comp id="1516" class="1004" name="icmp_ln45_87_fu_1516">
<pin_list>
<pin id="1517" dir="0" index="0" bw="32" slack="0"/>
<pin id="1518" dir="0" index="1" bw="32" slack="0"/>
<pin id="1519" dir="1" index="2" bw="1" slack="0"/>
</pin_list>
<bind>
<opcode="icmp(45) " fcode="icmp"/>
<opset="icmp_ln45_87/1 "/>
</bind>
</comp>

<comp id="1522" class="1004" name="trunc_ln46_84_fu_1522">
<pin_list>
<pin id="1523" dir="0" index="0" bw="16" slack="0"/>
<pin id="1524" dir="0" index="1" bw="32" slack="0"/>
<pin id="1525" dir="0" index="2" bw="4" slack="0"/>
<pin id="1526" dir="0" index="3" bw="6" slack="0"/>
<pin id="1527" dir="1" index="4" bw="16" slack="0"/>
</pin_list>
<bind>
<opcode="partselect(1002) " fcode="partselect"/>
<opset="trunc_ln46_84/1 "/>
</bind>
</comp>

<comp id="1532" class="1004" name="select_ln45_87_fu_1532">
<pin_list>
<pin id="1533" dir="0" index="0" bw="1" slack="0"/>
<pin id="1534" dir="0" index="1" bw="16" slack="0"/>
<pin id="1535" dir="0" index="2" bw="16" slack="0"/>
<pin id="1536" dir="1" index="3" bw="16" slack="0"/>
</pin_list>
<bind>
<opcode="select(49) " fcode="select"/>
<opset="select_ln45_87/1 "/>
</bind>
</comp>

<comp id="1540" class="1004" name="icmp_ln45_88_fu_1540">
<pin_list>
<pin id="1541" dir="0" index="0" bw="32" slack="0"/>
<pin id="1542" dir="0" index="1" bw="32" slack="0"/>
<pin id="1543" dir="1" index="2" bw="1" slack="0"/>
</pin_list>
<bind>
<opcode="icmp(45) " fcode="icmp"/>
<opset="icmp_ln45_88/1 "/>
</bind>
</comp>

<comp id="1546" class="1004" name="trunc_ln46_85_fu_1546">
<pin_list>
<pin id="1547" dir="0" index="0" bw="16" slack="0"/>
<pin id="1548" dir="0" index="1" bw="32" slack="0"/>
<pin id="1549" dir="0" index="2" bw="4" slack="0"/>
<pin id="1550" dir="0" index="3" bw="6" slack="0"/>
<pin id="1551" dir="1" index="4" bw="16" slack="0"/>
</pin_list>
<bind>
<opcode="partselect(1002) " fcode="partselect"/>
<opset="trunc_ln46_85/1 "/>
</bind>
</comp>

<comp id="1556" class="1004" name="select_ln45_88_fu_1556">
<pin_list>
<pin id="1557" dir="0" index="0" bw="1" slack="0"/>
<pin id="1558" dir="0" index="1" bw="16" slack="0"/>
<pin id="1559" dir="0" index="2" bw="16" slack="0"/>
<pin id="1560" dir="1" index="3" bw="16" slack="0"/>
</pin_list>
<bind>
<opcode="select(49) " fcode="select"/>
<opset="select_ln45_88/1 "/>
</bind>
</comp>

<comp id="1564" class="1004" name="icmp_ln45_89_fu_1564">
<pin_list>
<pin id="1565" dir="0" index="0" bw="32" slack="0"/>
<pin id="1566" dir="0" index="1" bw="32" slack="0"/>
<pin id="1567" dir="1" index="2" bw="1" slack="0"/>
</pin_list>
<bind>
<opcode="icmp(45) " fcode="icmp"/>
<opset="icmp_ln45_89/1 "/>
</bind>
</comp>

<comp id="1570" class="1004" name="trunc_ln46_86_fu_1570">
<pin_list>
<pin id="1571" dir="0" index="0" bw="16" slack="0"/>
<pin id="1572" dir="0" index="1" bw="32" slack="0"/>
<pin id="1573" dir="0" index="2" bw="4" slack="0"/>
<pin id="1574" dir="0" index="3" bw="6" slack="0"/>
<pin id="1575" dir="1" index="4" bw="16" slack="0"/>
</pin_list>
<bind>
<opcode="partselect(1002) " fcode="partselect"/>
<opset="trunc_ln46_86/1 "/>
</bind>
</comp>

<comp id="1580" class="1004" name="select_ln45_89_fu_1580">
<pin_list>
<pin id="1581" dir="0" index="0" bw="1" slack="0"/>
<pin id="1582" dir="0" index="1" bw="16" slack="0"/>
<pin id="1583" dir="0" index="2" bw="16" slack="0"/>
<pin id="1584" dir="1" index="3" bw="16" slack="0"/>
</pin_list>
<bind>
<opcode="select(49) " fcode="select"/>
<opset="select_ln45_89/1 "/>
</bind>
</comp>

<comp id="1588" class="1004" name="icmp_ln45_90_fu_1588">
<pin_list>
<pin id="1589" dir="0" index="0" bw="32" slack="0"/>
<pin id="1590" dir="0" index="1" bw="32" slack="0"/>
<pin id="1591" dir="1" index="2" bw="1" slack="0"/>
</pin_list>
<bind>
<opcode="icmp(45) " fcode="icmp"/>
<opset="icmp_ln45_90/1 "/>
</bind>
</comp>

<comp id="1594" class="1004" name="trunc_ln46_87_fu_1594">
<pin_list>
<pin id="1595" dir="0" index="0" bw="16" slack="0"/>
<pin id="1596" dir="0" index="1" bw="32" slack="0"/>
<pin id="1597" dir="0" index="2" bw="4" slack="0"/>
<pin id="1598" dir="0" index="3" bw="6" slack="0"/>
<pin id="1599" dir="1" index="4" bw="16" slack="0"/>
</pin_list>
<bind>
<opcode="partselect(1002) " fcode="partselect"/>
<opset="trunc_ln46_87/1 "/>
</bind>
</comp>

<comp id="1604" class="1004" name="select_ln45_90_fu_1604">
<pin_list>
<pin id="1605" dir="0" index="0" bw="1" slack="0"/>
<pin id="1606" dir="0" index="1" bw="16" slack="0"/>
<pin id="1607" dir="0" index="2" bw="16" slack="0"/>
<pin id="1608" dir="1" index="3" bw="16" slack="0"/>
</pin_list>
<bind>
<opcode="select(49) " fcode="select"/>
<opset="select_ln45_90/1 "/>
</bind>
</comp>

<comp id="1612" class="1004" name="icmp_ln45_91_fu_1612">
<pin_list>
<pin id="1613" dir="0" index="0" bw="32" slack="0"/>
<pin id="1614" dir="0" index="1" bw="32" slack="0"/>
<pin id="1615" dir="1" index="2" bw="1" slack="0"/>
</pin_list>
<bind>
<opcode="icmp(45) " fcode="icmp"/>
<opset="icmp_ln45_91/1 "/>
</bind>
</comp>

<comp id="1618" class="1004" name="trunc_ln46_88_fu_1618">
<pin_list>
<pin id="1619" dir="0" index="0" bw="16" slack="0"/>
<pin id="1620" dir="0" index="1" bw="32" slack="0"/>
<pin id="1621" dir="0" index="2" bw="4" slack="0"/>
<pin id="1622" dir="0" index="3" bw="6" slack="0"/>
<pin id="1623" dir="1" index="4" bw="16" slack="0"/>
</pin_list>
<bind>
<opcode="partselect(1002) " fcode="partselect"/>
<opset="trunc_ln46_88/1 "/>
</bind>
</comp>

<comp id="1628" class="1004" name="select_ln45_91_fu_1628">
<pin_list>
<pin id="1629" dir="0" index="0" bw="1" slack="0"/>
<pin id="1630" dir="0" index="1" bw="16" slack="0"/>
<pin id="1631" dir="0" index="2" bw="16" slack="0"/>
<pin id="1632" dir="1" index="3" bw="16" slack="0"/>
</pin_list>
<bind>
<opcode="select(49) " fcode="select"/>
<opset="select_ln45_91/1 "/>
</bind>
</comp>

<comp id="1636" class="1004" name="icmp_ln45_92_fu_1636">
<pin_list>
<pin id="1637" dir="0" index="0" bw="32" slack="0"/>
<pin id="1638" dir="0" index="1" bw="32" slack="0"/>
<pin id="1639" dir="1" index="2" bw="1" slack="0"/>
</pin_list>
<bind>
<opcode="icmp(45) " fcode="icmp"/>
<opset="icmp_ln45_92/1 "/>
</bind>
</comp>

<comp id="1642" class="1004" name="trunc_ln46_89_fu_1642">
<pin_list>
<pin id="1643" dir="0" index="0" bw="16" slack="0"/>
<pin id="1644" dir="0" index="1" bw="32" slack="0"/>
<pin id="1645" dir="0" index="2" bw="4" slack="0"/>
<pin id="1646" dir="0" index="3" bw="6" slack="0"/>
<pin id="1647" dir="1" index="4" bw="16" slack="0"/>
</pin_list>
<bind>
<opcode="partselect(1002) " fcode="partselect"/>
<opset="trunc_ln46_89/1 "/>
</bind>
</comp>

<comp id="1652" class="1004" name="select_ln45_92_fu_1652">
<pin_list>
<pin id="1653" dir="0" index="0" bw="1" slack="0"/>
<pin id="1654" dir="0" index="1" bw="16" slack="0"/>
<pin id="1655" dir="0" index="2" bw="16" slack="0"/>
<pin id="1656" dir="1" index="3" bw="16" slack="0"/>
</pin_list>
<bind>
<opcode="select(49) " fcode="select"/>
<opset="select_ln45_92/1 "/>
</bind>
</comp>

<comp id="1660" class="1004" name="icmp_ln45_93_fu_1660">
<pin_list>
<pin id="1661" dir="0" index="0" bw="32" slack="0"/>
<pin id="1662" dir="0" index="1" bw="32" slack="0"/>
<pin id="1663" dir="1" index="2" bw="1" slack="0"/>
</pin_list>
<bind>
<opcode="icmp(45) " fcode="icmp"/>
<opset="icmp_ln45_93/1 "/>
</bind>
</comp>

<comp id="1666" class="1004" name="trunc_ln46_90_fu_1666">
<pin_list>
<pin id="1667" dir="0" index="0" bw="16" slack="0"/>
<pin id="1668" dir="0" index="1" bw="32" slack="0"/>
<pin id="1669" dir="0" index="2" bw="4" slack="0"/>
<pin id="1670" dir="0" index="3" bw="6" slack="0"/>
<pin id="1671" dir="1" index="4" bw="16" slack="0"/>
</pin_list>
<bind>
<opcode="partselect(1002) " fcode="partselect"/>
<opset="trunc_ln46_90/1 "/>
</bind>
</comp>

<comp id="1676" class="1004" name="select_ln45_93_fu_1676">
<pin_list>
<pin id="1677" dir="0" index="0" bw="1" slack="0"/>
<pin id="1678" dir="0" index="1" bw="16" slack="0"/>
<pin id="1679" dir="0" index="2" bw="16" slack="0"/>
<pin id="1680" dir="1" index="3" bw="16" slack="0"/>
</pin_list>
<bind>
<opcode="select(49) " fcode="select"/>
<opset="select_ln45_93/1 "/>
</bind>
</comp>

<comp id="1684" class="1004" name="icmp_ln45_94_fu_1684">
<pin_list>
<pin id="1685" dir="0" index="0" bw="32" slack="0"/>
<pin id="1686" dir="0" index="1" bw="32" slack="0"/>
<pin id="1687" dir="1" index="2" bw="1" slack="0"/>
</pin_list>
<bind>
<opcode="icmp(45) " fcode="icmp"/>
<opset="icmp_ln45_94/1 "/>
</bind>
</comp>

<comp id="1690" class="1004" name="trunc_ln46_91_fu_1690">
<pin_list>
<pin id="1691" dir="0" index="0" bw="16" slack="0"/>
<pin id="1692" dir="0" index="1" bw="32" slack="0"/>
<pin id="1693" dir="0" index="2" bw="4" slack="0"/>
<pin id="1694" dir="0" index="3" bw="6" slack="0"/>
<pin id="1695" dir="1" index="4" bw="16" slack="0"/>
</pin_list>
<bind>
<opcode="partselect(1002) " fcode="partselect"/>
<opset="trunc_ln46_91/1 "/>
</bind>
</comp>

<comp id="1700" class="1004" name="select_ln45_94_fu_1700">
<pin_list>
<pin id="1701" dir="0" index="0" bw="1" slack="0"/>
<pin id="1702" dir="0" index="1" bw="16" slack="0"/>
<pin id="1703" dir="0" index="2" bw="16" slack="0"/>
<pin id="1704" dir="1" index="3" bw="16" slack="0"/>
</pin_list>
<bind>
<opcode="select(49) " fcode="select"/>
<opset="select_ln45_94/1 "/>
</bind>
</comp>

<comp id="1708" class="1004" name="icmp_ln45_95_fu_1708">
<pin_list>
<pin id="1709" dir="0" index="0" bw="32" slack="0"/>
<pin id="1710" dir="0" index="1" bw="32" slack="0"/>
<pin id="1711" dir="1" index="2" bw="1" slack="0"/>
</pin_list>
<bind>
<opcode="icmp(45) " fcode="icmp"/>
<opset="icmp_ln45_95/1 "/>
</bind>
</comp>

<comp id="1714" class="1004" name="trunc_ln46_92_fu_1714">
<pin_list>
<pin id="1715" dir="0" index="0" bw="16" slack="0"/>
<pin id="1716" dir="0" index="1" bw="32" slack="0"/>
<pin id="1717" dir="0" index="2" bw="4" slack="0"/>
<pin id="1718" dir="0" index="3" bw="6" slack="0"/>
<pin id="1719" dir="1" index="4" bw="16" slack="0"/>
</pin_list>
<bind>
<opcode="partselect(1002) " fcode="partselect"/>
<opset="trunc_ln46_92/1 "/>
</bind>
</comp>

<comp id="1724" class="1004" name="select_ln45_95_fu_1724">
<pin_list>
<pin id="1725" dir="0" index="0" bw="1" slack="0"/>
<pin id="1726" dir="0" index="1" bw="16" slack="0"/>
<pin id="1727" dir="0" index="2" bw="16" slack="0"/>
<pin id="1728" dir="1" index="3" bw="16" slack="0"/>
</pin_list>
<bind>
<opcode="select(49) " fcode="select"/>
<opset="select_ln45_95/1 "/>
</bind>
</comp>

<comp id="1732" class="1004" name="icmp_ln45_96_fu_1732">
<pin_list>
<pin id="1733" dir="0" index="0" bw="32" slack="0"/>
<pin id="1734" dir="0" index="1" bw="32" slack="0"/>
<pin id="1735" dir="1" index="2" bw="1" slack="0"/>
</pin_list>
<bind>
<opcode="icmp(45) " fcode="icmp"/>
<opset="icmp_ln45_96/1 "/>
</bind>
</comp>

<comp id="1738" class="1004" name="trunc_ln46_93_fu_1738">
<pin_list>
<pin id="1739" dir="0" index="0" bw="16" slack="0"/>
<pin id="1740" dir="0" index="1" bw="32" slack="0"/>
<pin id="1741" dir="0" index="2" bw="4" slack="0"/>
<pin id="1742" dir="0" index="3" bw="6" slack="0"/>
<pin id="1743" dir="1" index="4" bw="16" slack="0"/>
</pin_list>
<bind>
<opcode="partselect(1002) " fcode="partselect"/>
<opset="trunc_ln46_93/1 "/>
</bind>
</comp>

<comp id="1748" class="1004" name="select_ln45_96_fu_1748">
<pin_list>
<pin id="1749" dir="0" index="0" bw="1" slack="0"/>
<pin id="1750" dir="0" index="1" bw="16" slack="0"/>
<pin id="1751" dir="0" index="2" bw="16" slack="0"/>
<pin id="1752" dir="1" index="3" bw="16" slack="0"/>
</pin_list>
<bind>
<opcode="select(49) " fcode="select"/>
<opset="select_ln45_96/1 "/>
</bind>
</comp>

<comp id="1756" class="1004" name="icmp_ln45_97_fu_1756">
<pin_list>
<pin id="1757" dir="0" index="0" bw="32" slack="0"/>
<pin id="1758" dir="0" index="1" bw="32" slack="0"/>
<pin id="1759" dir="1" index="2" bw="1" slack="0"/>
</pin_list>
<bind>
<opcode="icmp(45) " fcode="icmp"/>
<opset="icmp_ln45_97/1 "/>
</bind>
</comp>

<comp id="1762" class="1004" name="trunc_ln46_94_fu_1762">
<pin_list>
<pin id="1763" dir="0" index="0" bw="16" slack="0"/>
<pin id="1764" dir="0" index="1" bw="32" slack="0"/>
<pin id="1765" dir="0" index="2" bw="4" slack="0"/>
<pin id="1766" dir="0" index="3" bw="6" slack="0"/>
<pin id="1767" dir="1" index="4" bw="16" slack="0"/>
</pin_list>
<bind>
<opcode="partselect(1002) " fcode="partselect"/>
<opset="trunc_ln46_94/1 "/>
</bind>
</comp>

<comp id="1772" class="1004" name="select_ln45_97_fu_1772">
<pin_list>
<pin id="1773" dir="0" index="0" bw="1" slack="0"/>
<pin id="1774" dir="0" index="1" bw="16" slack="0"/>
<pin id="1775" dir="0" index="2" bw="16" slack="0"/>
<pin id="1776" dir="1" index="3" bw="16" slack="0"/>
</pin_list>
<bind>
<opcode="select(49) " fcode="select"/>
<opset="select_ln45_97/1 "/>
</bind>
</comp>

<comp id="1780" class="1004" name="icmp_ln45_98_fu_1780">
<pin_list>
<pin id="1781" dir="0" index="0" bw="32" slack="0"/>
<pin id="1782" dir="0" index="1" bw="32" slack="0"/>
<pin id="1783" dir="1" index="2" bw="1" slack="0"/>
</pin_list>
<bind>
<opcode="icmp(45) " fcode="icmp"/>
<opset="icmp_ln45_98/1 "/>
</bind>
</comp>

<comp id="1786" class="1004" name="trunc_ln46_95_fu_1786">
<pin_list>
<pin id="1787" dir="0" index="0" bw="16" slack="0"/>
<pin id="1788" dir="0" index="1" bw="32" slack="0"/>
<pin id="1789" dir="0" index="2" bw="4" slack="0"/>
<pin id="1790" dir="0" index="3" bw="6" slack="0"/>
<pin id="1791" dir="1" index="4" bw="16" slack="0"/>
</pin_list>
<bind>
<opcode="partselect(1002) " fcode="partselect"/>
<opset="trunc_ln46_95/1 "/>
</bind>
</comp>

<comp id="1796" class="1004" name="select_ln45_98_fu_1796">
<pin_list>
<pin id="1797" dir="0" index="0" bw="1" slack="0"/>
<pin id="1798" dir="0" index="1" bw="16" slack="0"/>
<pin id="1799" dir="0" index="2" bw="16" slack="0"/>
<pin id="1800" dir="1" index="3" bw="16" slack="0"/>
</pin_list>
<bind>
<opcode="select(49) " fcode="select"/>
<opset="select_ln45_98/1 "/>
</bind>
</comp>

<comp id="1804" class="1004" name="icmp_ln45_99_fu_1804">
<pin_list>
<pin id="1805" dir="0" index="0" bw="32" slack="0"/>
<pin id="1806" dir="0" index="1" bw="32" slack="0"/>
<pin id="1807" dir="1" index="2" bw="1" slack="0"/>
</pin_list>
<bind>
<opcode="icmp(45) " fcode="icmp"/>
<opset="icmp_ln45_99/1 "/>
</bind>
</comp>

<comp id="1810" class="1004" name="trunc_ln46_96_fu_1810">
<pin_list>
<pin id="1811" dir="0" index="0" bw="16" slack="0"/>
<pin id="1812" dir="0" index="1" bw="32" slack="0"/>
<pin id="1813" dir="0" index="2" bw="4" slack="0"/>
<pin id="1814" dir="0" index="3" bw="6" slack="0"/>
<pin id="1815" dir="1" index="4" bw="16" slack="0"/>
</pin_list>
<bind>
<opcode="partselect(1002) " fcode="partselect"/>
<opset="trunc_ln46_96/1 "/>
</bind>
</comp>

<comp id="1820" class="1004" name="select_ln45_99_fu_1820">
<pin_list>
<pin id="1821" dir="0" index="0" bw="1" slack="0"/>
<pin id="1822" dir="0" index="1" bw="16" slack="0"/>
<pin id="1823" dir="0" index="2" bw="16" slack="0"/>
<pin id="1824" dir="1" index="3" bw="16" slack="0"/>
</pin_list>
<bind>
<opcode="select(49) " fcode="select"/>
<opset="select_ln45_99/1 "/>
</bind>
</comp>

<comp id="1828" class="1004" name="icmp_ln45_100_fu_1828">
<pin_list>
<pin id="1829" dir="0" index="0" bw="32" slack="0"/>
<pin id="1830" dir="0" index="1" bw="32" slack="0"/>
<pin id="1831" dir="1" index="2" bw="1" slack="0"/>
</pin_list>
<bind>
<opcode="icmp(45) " fcode="icmp"/>
<opset="icmp_ln45_100/1 "/>
</bind>
</comp>

<comp id="1834" class="1004" name="trunc_ln46_97_fu_1834">
<pin_list>
<pin id="1835" dir="0" index="0" bw="16" slack="0"/>
<pin id="1836" dir="0" index="1" bw="32" slack="0"/>
<pin id="1837" dir="0" index="2" bw="4" slack="0"/>
<pin id="1838" dir="0" index="3" bw="6" slack="0"/>
<pin id="1839" dir="1" index="4" bw="16" slack="0"/>
</pin_list>
<bind>
<opcode="partselect(1002) " fcode="partselect"/>
<opset="trunc_ln46_97/1 "/>
</bind>
</comp>

<comp id="1844" class="1004" name="select_ln45_100_fu_1844">
<pin_list>
<pin id="1845" dir="0" index="0" bw="1" slack="0"/>
<pin id="1846" dir="0" index="1" bw="16" slack="0"/>
<pin id="1847" dir="0" index="2" bw="16" slack="0"/>
<pin id="1848" dir="1" index="3" bw="16" slack="0"/>
</pin_list>
<bind>
<opcode="select(49) " fcode="select"/>
<opset="select_ln45_100/1 "/>
</bind>
</comp>

<comp id="1852" class="1004" name="icmp_ln45_101_fu_1852">
<pin_list>
<pin id="1853" dir="0" index="0" bw="32" slack="0"/>
<pin id="1854" dir="0" index="1" bw="32" slack="0"/>
<pin id="1855" dir="1" index="2" bw="1" slack="0"/>
</pin_list>
<bind>
<opcode="icmp(45) " fcode="icmp"/>
<opset="icmp_ln45_101/1 "/>
</bind>
</comp>

<comp id="1858" class="1004" name="trunc_ln46_98_fu_1858">
<pin_list>
<pin id="1859" dir="0" index="0" bw="16" slack="0"/>
<pin id="1860" dir="0" index="1" bw="32" slack="0"/>
<pin id="1861" dir="0" index="2" bw="4" slack="0"/>
<pin id="1862" dir="0" index="3" bw="6" slack="0"/>
<pin id="1863" dir="1" index="4" bw="16" slack="0"/>
</pin_list>
<bind>
<opcode="partselect(1002) " fcode="partselect"/>
<opset="trunc_ln46_98/1 "/>
</bind>
</comp>

<comp id="1868" class="1004" name="select_ln45_101_fu_1868">
<pin_list>
<pin id="1869" dir="0" index="0" bw="1" slack="0"/>
<pin id="1870" dir="0" index="1" bw="16" slack="0"/>
<pin id="1871" dir="0" index="2" bw="16" slack="0"/>
<pin id="1872" dir="1" index="3" bw="16" slack="0"/>
</pin_list>
<bind>
<opcode="select(49) " fcode="select"/>
<opset="select_ln45_101/1 "/>
</bind>
</comp>

<comp id="1876" class="1004" name="icmp_ln45_102_fu_1876">
<pin_list>
<pin id="1877" dir="0" index="0" bw="32" slack="0"/>
<pin id="1878" dir="0" index="1" bw="32" slack="0"/>
<pin id="1879" dir="1" index="2" bw="1" slack="0"/>
</pin_list>
<bind>
<opcode="icmp(45) " fcode="icmp"/>
<opset="icmp_ln45_102/1 "/>
</bind>
</comp>

<comp id="1882" class="1004" name="trunc_ln46_99_fu_1882">
<pin_list>
<pin id="1883" dir="0" index="0" bw="16" slack="0"/>
<pin id="1884" dir="0" index="1" bw="32" slack="0"/>
<pin id="1885" dir="0" index="2" bw="4" slack="0"/>
<pin id="1886" dir="0" index="3" bw="6" slack="0"/>
<pin id="1887" dir="1" index="4" bw="16" slack="0"/>
</pin_list>
<bind>
<opcode="partselect(1002) " fcode="partselect"/>
<opset="trunc_ln46_99/1 "/>
</bind>
</comp>

<comp id="1892" class="1004" name="select_ln45_102_fu_1892">
<pin_list>
<pin id="1893" dir="0" index="0" bw="1" slack="0"/>
<pin id="1894" dir="0" index="1" bw="16" slack="0"/>
<pin id="1895" dir="0" index="2" bw="16" slack="0"/>
<pin id="1896" dir="1" index="3" bw="16" slack="0"/>
</pin_list>
<bind>
<opcode="select(49) " fcode="select"/>
<opset="select_ln45_102/1 "/>
</bind>
</comp>

<comp id="1900" class="1004" name="icmp_ln45_103_fu_1900">
<pin_list>
<pin id="1901" dir="0" index="0" bw="32" slack="0"/>
<pin id="1902" dir="0" index="1" bw="32" slack="0"/>
<pin id="1903" dir="1" index="2" bw="1" slack="0"/>
</pin_list>
<bind>
<opcode="icmp(45) " fcode="icmp"/>
<opset="icmp_ln45_103/1 "/>
</bind>
</comp>

<comp id="1906" class="1004" name="trunc_ln46_100_fu_1906">
<pin_list>
<pin id="1907" dir="0" index="0" bw="16" slack="0"/>
<pin id="1908" dir="0" index="1" bw="32" slack="0"/>
<pin id="1909" dir="0" index="2" bw="4" slack="0"/>
<pin id="1910" dir="0" index="3" bw="6" slack="0"/>
<pin id="1911" dir="1" index="4" bw="16" slack="0"/>
</pin_list>
<bind>
<opcode="partselect(1002) " fcode="partselect"/>
<opset="trunc_ln46_100/1 "/>
</bind>
</comp>

<comp id="1916" class="1004" name="select_ln45_103_fu_1916">
<pin_list>
<pin id="1917" dir="0" index="0" bw="1" slack="0"/>
<pin id="1918" dir="0" index="1" bw="16" slack="0"/>
<pin id="1919" dir="0" index="2" bw="16" slack="0"/>
<pin id="1920" dir="1" index="3" bw="16" slack="0"/>
</pin_list>
<bind>
<opcode="select(49) " fcode="select"/>
<opset="select_ln45_103/1 "/>
</bind>
</comp>

<comp id="1924" class="1004" name="icmp_ln45_104_fu_1924">
<pin_list>
<pin id="1925" dir="0" index="0" bw="32" slack="0"/>
<pin id="1926" dir="0" index="1" bw="32" slack="0"/>
<pin id="1927" dir="1" index="2" bw="1" slack="0"/>
</pin_list>
<bind>
<opcode="icmp(45) " fcode="icmp"/>
<opset="icmp_ln45_104/1 "/>
</bind>
</comp>

<comp id="1930" class="1004" name="trunc_ln46_101_fu_1930">
<pin_list>
<pin id="1931" dir="0" index="0" bw="16" slack="0"/>
<pin id="1932" dir="0" index="1" bw="32" slack="0"/>
<pin id="1933" dir="0" index="2" bw="4" slack="0"/>
<pin id="1934" dir="0" index="3" bw="6" slack="0"/>
<pin id="1935" dir="1" index="4" bw="16" slack="0"/>
</pin_list>
<bind>
<opcode="partselect(1002) " fcode="partselect"/>
<opset="trunc_ln46_101/1 "/>
</bind>
</comp>

<comp id="1940" class="1004" name="select_ln45_104_fu_1940">
<pin_list>
<pin id="1941" dir="0" index="0" bw="1" slack="0"/>
<pin id="1942" dir="0" index="1" bw="16" slack="0"/>
<pin id="1943" dir="0" index="2" bw="16" slack="0"/>
<pin id="1944" dir="1" index="3" bw="16" slack="0"/>
</pin_list>
<bind>
<opcode="select(49) " fcode="select"/>
<opset="select_ln45_104/1 "/>
</bind>
</comp>

<comp id="1948" class="1004" name="icmp_ln45_105_fu_1948">
<pin_list>
<pin id="1949" dir="0" index="0" bw="32" slack="0"/>
<pin id="1950" dir="0" index="1" bw="32" slack="0"/>
<pin id="1951" dir="1" index="2" bw="1" slack="0"/>
</pin_list>
<bind>
<opcode="icmp(45) " fcode="icmp"/>
<opset="icmp_ln45_105/1 "/>
</bind>
</comp>

<comp id="1954" class="1004" name="trunc_ln46_102_fu_1954">
<pin_list>
<pin id="1955" dir="0" index="0" bw="16" slack="0"/>
<pin id="1956" dir="0" index="1" bw="32" slack="0"/>
<pin id="1957" dir="0" index="2" bw="4" slack="0"/>
<pin id="1958" dir="0" index="3" bw="6" slack="0"/>
<pin id="1959" dir="1" index="4" bw="16" slack="0"/>
</pin_list>
<bind>
<opcode="partselect(1002) " fcode="partselect"/>
<opset="trunc_ln46_102/1 "/>
</bind>
</comp>

<comp id="1964" class="1004" name="select_ln45_105_fu_1964">
<pin_list>
<pin id="1965" dir="0" index="0" bw="1" slack="0"/>
<pin id="1966" dir="0" index="1" bw="16" slack="0"/>
<pin id="1967" dir="0" index="2" bw="16" slack="0"/>
<pin id="1968" dir="1" index="3" bw="16" slack="0"/>
</pin_list>
<bind>
<opcode="select(49) " fcode="select"/>
<opset="select_ln45_105/1 "/>
</bind>
</comp>

<comp id="1972" class="1004" name="icmp_ln45_106_fu_1972">
<pin_list>
<pin id="1973" dir="0" index="0" bw="32" slack="0"/>
<pin id="1974" dir="0" index="1" bw="32" slack="0"/>
<pin id="1975" dir="1" index="2" bw="1" slack="0"/>
</pin_list>
<bind>
<opcode="icmp(45) " fcode="icmp"/>
<opset="icmp_ln45_106/1 "/>
</bind>
</comp>

<comp id="1978" class="1004" name="trunc_ln46_103_fu_1978">
<pin_list>
<pin id="1979" dir="0" index="0" bw="16" slack="0"/>
<pin id="1980" dir="0" index="1" bw="32" slack="0"/>
<pin id="1981" dir="0" index="2" bw="4" slack="0"/>
<pin id="1982" dir="0" index="3" bw="6" slack="0"/>
<pin id="1983" dir="1" index="4" bw="16" slack="0"/>
</pin_list>
<bind>
<opcode="partselect(1002) " fcode="partselect"/>
<opset="trunc_ln46_103/1 "/>
</bind>
</comp>

<comp id="1988" class="1004" name="select_ln45_106_fu_1988">
<pin_list>
<pin id="1989" dir="0" index="0" bw="1" slack="0"/>
<pin id="1990" dir="0" index="1" bw="16" slack="0"/>
<pin id="1991" dir="0" index="2" bw="16" slack="0"/>
<pin id="1992" dir="1" index="3" bw="16" slack="0"/>
</pin_list>
<bind>
<opcode="select(49) " fcode="select"/>
<opset="select_ln45_106/1 "/>
</bind>
</comp>

<comp id="1996" class="1004" name="icmp_ln45_107_fu_1996">
<pin_list>
<pin id="1997" dir="0" index="0" bw="32" slack="0"/>
<pin id="1998" dir="0" index="1" bw="32" slack="0"/>
<pin id="1999" dir="1" index="2" bw="1" slack="0"/>
</pin_list>
<bind>
<opcode="icmp(45) " fcode="icmp"/>
<opset="icmp_ln45_107/1 "/>
</bind>
</comp>

<comp id="2002" class="1004" name="trunc_ln46_104_fu_2002">
<pin_list>
<pin id="2003" dir="0" index="0" bw="16" slack="0"/>
<pin id="2004" dir="0" index="1" bw="32" slack="0"/>
<pin id="2005" dir="0" index="2" bw="4" slack="0"/>
<pin id="2006" dir="0" index="3" bw="6" slack="0"/>
<pin id="2007" dir="1" index="4" bw="16" slack="0"/>
</pin_list>
<bind>
<opcode="partselect(1002) " fcode="partselect"/>
<opset="trunc_ln46_104/1 "/>
</bind>
</comp>

<comp id="2012" class="1004" name="select_ln45_107_fu_2012">
<pin_list>
<pin id="2013" dir="0" index="0" bw="1" slack="0"/>
<pin id="2014" dir="0" index="1" bw="16" slack="0"/>
<pin id="2015" dir="0" index="2" bw="16" slack="0"/>
<pin id="2016" dir="1" index="3" bw="16" slack="0"/>
</pin_list>
<bind>
<opcode="select(49) " fcode="select"/>
<opset="select_ln45_107/1 "/>
</bind>
</comp>

<comp id="2020" class="1004" name="icmp_ln45_108_fu_2020">
<pin_list>
<pin id="2021" dir="0" index="0" bw="32" slack="0"/>
<pin id="2022" dir="0" index="1" bw="32" slack="0"/>
<pin id="2023" dir="1" index="2" bw="1" slack="0"/>
</pin_list>
<bind>
<opcode="icmp(45) " fcode="icmp"/>
<opset="icmp_ln45_108/1 "/>
</bind>
</comp>

<comp id="2026" class="1004" name="trunc_ln46_105_fu_2026">
<pin_list>
<pin id="2027" dir="0" index="0" bw="16" slack="0"/>
<pin id="2028" dir="0" index="1" bw="32" slack="0"/>
<pin id="2029" dir="0" index="2" bw="4" slack="0"/>
<pin id="2030" dir="0" index="3" bw="6" slack="0"/>
<pin id="2031" dir="1" index="4" bw="16" slack="0"/>
</pin_list>
<bind>
<opcode="partselect(1002) " fcode="partselect"/>
<opset="trunc_ln46_105/1 "/>
</bind>
</comp>

<comp id="2036" class="1004" name="select_ln45_108_fu_2036">
<pin_list>
<pin id="2037" dir="0" index="0" bw="1" slack="0"/>
<pin id="2038" dir="0" index="1" bw="16" slack="0"/>
<pin id="2039" dir="0" index="2" bw="16" slack="0"/>
<pin id="2040" dir="1" index="3" bw="16" slack="0"/>
</pin_list>
<bind>
<opcode="select(49) " fcode="select"/>
<opset="select_ln45_108/1 "/>
</bind>
</comp>

<comp id="2044" class="1004" name="icmp_ln45_109_fu_2044">
<pin_list>
<pin id="2045" dir="0" index="0" bw="32" slack="0"/>
<pin id="2046" dir="0" index="1" bw="32" slack="0"/>
<pin id="2047" dir="1" index="2" bw="1" slack="0"/>
</pin_list>
<bind>
<opcode="icmp(45) " fcode="icmp"/>
<opset="icmp_ln45_109/1 "/>
</bind>
</comp>

<comp id="2050" class="1004" name="trunc_ln46_106_fu_2050">
<pin_list>
<pin id="2051" dir="0" index="0" bw="16" slack="0"/>
<pin id="2052" dir="0" index="1" bw="32" slack="0"/>
<pin id="2053" dir="0" index="2" bw="4" slack="0"/>
<pin id="2054" dir="0" index="3" bw="6" slack="0"/>
<pin id="2055" dir="1" index="4" bw="16" slack="0"/>
</pin_list>
<bind>
<opcode="partselect(1002) " fcode="partselect"/>
<opset="trunc_ln46_106/1 "/>
</bind>
</comp>

<comp id="2060" class="1004" name="select_ln45_109_fu_2060">
<pin_list>
<pin id="2061" dir="0" index="0" bw="1" slack="0"/>
<pin id="2062" dir="0" index="1" bw="16" slack="0"/>
<pin id="2063" dir="0" index="2" bw="16" slack="0"/>
<pin id="2064" dir="1" index="3" bw="16" slack="0"/>
</pin_list>
<bind>
<opcode="select(49) " fcode="select"/>
<opset="select_ln45_109/1 "/>
</bind>
</comp>

<comp id="2068" class="1004" name="mrv_fu_2068">
<pin_list>
<pin id="2069" dir="0" index="0" bw="1024" slack="0"/>
<pin id="2070" dir="0" index="1" bw="16" slack="0"/>
<pin id="2071" dir="1" index="2" bw="1024" slack="0"/>
</pin_list>
<bind>
<opcode="insertvalue(57) " fcode="insertvalue"/>
<opset="mrv/1 "/>
</bind>
</comp>

<comp id="2074" class="1004" name="mrv_1_fu_2074">
<pin_list>
<pin id="2075" dir="0" index="0" bw="1024" slack="0"/>
<pin id="2076" dir="0" index="1" bw="16" slack="0"/>
<pin id="2077" dir="1" index="2" bw="1024" slack="0"/>
</pin_list>
<bind>
<opcode="insertvalue(57) " fcode="insertvalue"/>
<opset="mrv_1/1 "/>
</bind>
</comp>

<comp id="2080" class="1004" name="mrv_2_fu_2080">
<pin_list>
<pin id="2081" dir="0" index="0" bw="1024" slack="0"/>
<pin id="2082" dir="0" index="1" bw="16" slack="0"/>
<pin id="2083" dir="1" index="2" bw="1024" slack="0"/>
</pin_list>
<bind>
<opcode="insertvalue(57) " fcode="insertvalue"/>
<opset="mrv_2/1 "/>
</bind>
</comp>

<comp id="2086" class="1004" name="mrv_3_fu_2086">
<pin_list>
<pin id="2087" dir="0" index="0" bw="1024" slack="0"/>
<pin id="2088" dir="0" index="1" bw="16" slack="0"/>
<pin id="2089" dir="1" index="2" bw="1024" slack="0"/>
</pin_list>
<bind>
<opcode="insertvalue(57) " fcode="insertvalue"/>
<opset="mrv_3/1 "/>
</bind>
</comp>

<comp id="2092" class="1004" name="mrv_4_fu_2092">
<pin_list>
<pin id="2093" dir="0" index="0" bw="1024" slack="0"/>
<pin id="2094" dir="0" index="1" bw="16" slack="0"/>
<pin id="2095" dir="1" index="2" bw="1024" slack="0"/>
</pin_list>
<bind>
<opcode="insertvalue(57) " fcode="insertvalue"/>
<opset="mrv_4/1 "/>
</bind>
</comp>

<comp id="2098" class="1004" name="mrv_5_fu_2098">
<pin_list>
<pin id="2099" dir="0" index="0" bw="1024" slack="0"/>
<pin id="2100" dir="0" index="1" bw="16" slack="0"/>
<pin id="2101" dir="1" index="2" bw="1024" slack="0"/>
</pin_list>
<bind>
<opcode="insertvalue(57) " fcode="insertvalue"/>
<opset="mrv_5/1 "/>
</bind>
</comp>

<comp id="2104" class="1004" name="mrv_6_fu_2104">
<pin_list>
<pin id="2105" dir="0" index="0" bw="1024" slack="0"/>
<pin id="2106" dir="0" index="1" bw="16" slack="0"/>
<pin id="2107" dir="1" index="2" bw="1024" slack="0"/>
</pin_list>
<bind>
<opcode="insertvalue(57) " fcode="insertvalue"/>
<opset="mrv_6/1 "/>
</bind>
</comp>

<comp id="2110" class="1004" name="mrv_7_fu_2110">
<pin_list>
<pin id="2111" dir="0" index="0" bw="1024" slack="0"/>
<pin id="2112" dir="0" index="1" bw="16" slack="0"/>
<pin id="2113" dir="1" index="2" bw="1024" slack="0"/>
</pin_list>
<bind>
<opcode="insertvalue(57) " fcode="insertvalue"/>
<opset="mrv_7/1 "/>
</bind>
</comp>

<comp id="2116" class="1004" name="mrv_8_fu_2116">
<pin_list>
<pin id="2117" dir="0" index="0" bw="1024" slack="0"/>
<pin id="2118" dir="0" index="1" bw="16" slack="0"/>
<pin id="2119" dir="1" index="2" bw="1024" slack="0"/>
</pin_list>
<bind>
<opcode="insertvalue(57) " fcode="insertvalue"/>
<opset="mrv_8/1 "/>
</bind>
</comp>

<comp id="2122" class="1004" name="mrv_9_fu_2122">
<pin_list>
<pin id="2123" dir="0" index="0" bw="1024" slack="0"/>
<pin id="2124" dir="0" index="1" bw="16" slack="0"/>
<pin id="2125" dir="1" index="2" bw="1024" slack="0"/>
</pin_list>
<bind>
<opcode="insertvalue(57) " fcode="insertvalue"/>
<opset="mrv_9/1 "/>
</bind>
</comp>

<comp id="2128" class="1004" name="mrv_10_fu_2128">
<pin_list>
<pin id="2129" dir="0" index="0" bw="1024" slack="0"/>
<pin id="2130" dir="0" index="1" bw="16" slack="0"/>
<pin id="2131" dir="1" index="2" bw="1024" slack="0"/>
</pin_list>
<bind>
<opcode="insertvalue(57) " fcode="insertvalue"/>
<opset="mrv_10/1 "/>
</bind>
</comp>

<comp id="2134" class="1004" name="mrv_11_fu_2134">
<pin_list>
<pin id="2135" dir="0" index="0" bw="1024" slack="0"/>
<pin id="2136" dir="0" index="1" bw="16" slack="0"/>
<pin id="2137" dir="1" index="2" bw="1024" slack="0"/>
</pin_list>
<bind>
<opcode="insertvalue(57) " fcode="insertvalue"/>
<opset="mrv_11/1 "/>
</bind>
</comp>

<comp id="2140" class="1004" name="mrv_12_fu_2140">
<pin_list>
<pin id="2141" dir="0" index="0" bw="1024" slack="0"/>
<pin id="2142" dir="0" index="1" bw="16" slack="0"/>
<pin id="2143" dir="1" index="2" bw="1024" slack="0"/>
</pin_list>
<bind>
<opcode="insertvalue(57) " fcode="insertvalue"/>
<opset="mrv_12/1 "/>
</bind>
</comp>

<comp id="2146" class="1004" name="mrv_13_fu_2146">
<pin_list>
<pin id="2147" dir="0" index="0" bw="1024" slack="0"/>
<pin id="2148" dir="0" index="1" bw="16" slack="0"/>
<pin id="2149" dir="1" index="2" bw="1024" slack="0"/>
</pin_list>
<bind>
<opcode="insertvalue(57) " fcode="insertvalue"/>
<opset="mrv_13/1 "/>
</bind>
</comp>

<comp id="2152" class="1004" name="mrv_14_fu_2152">
<pin_list>
<pin id="2153" dir="0" index="0" bw="1024" slack="0"/>
<pin id="2154" dir="0" index="1" bw="16" slack="0"/>
<pin id="2155" dir="1" index="2" bw="1024" slack="0"/>
</pin_list>
<bind>
<opcode="insertvalue(57) " fcode="insertvalue"/>
<opset="mrv_14/1 "/>
</bind>
</comp>

<comp id="2158" class="1004" name="mrv_15_fu_2158">
<pin_list>
<pin id="2159" dir="0" index="0" bw="1024" slack="0"/>
<pin id="2160" dir="0" index="1" bw="16" slack="0"/>
<pin id="2161" dir="1" index="2" bw="1024" slack="0"/>
</pin_list>
<bind>
<opcode="insertvalue(57) " fcode="insertvalue"/>
<opset="mrv_15/1 "/>
</bind>
</comp>

<comp id="2164" class="1004" name="mrv_16_fu_2164">
<pin_list>
<pin id="2165" dir="0" index="0" bw="1024" slack="0"/>
<pin id="2166" dir="0" index="1" bw="16" slack="0"/>
<pin id="2167" dir="1" index="2" bw="1024" slack="0"/>
</pin_list>
<bind>
<opcode="insertvalue(57) " fcode="insertvalue"/>
<opset="mrv_16/1 "/>
</bind>
</comp>

<comp id="2170" class="1004" name="mrv_17_fu_2170">
<pin_list>
<pin id="2171" dir="0" index="0" bw="1024" slack="0"/>
<pin id="2172" dir="0" index="1" bw="16" slack="0"/>
<pin id="2173" dir="1" index="2" bw="1024" slack="0"/>
</pin_list>
<bind>
<opcode="insertvalue(57) " fcode="insertvalue"/>
<opset="mrv_17/1 "/>
</bind>
</comp>

<comp id="2176" class="1004" name="mrv_18_fu_2176">
<pin_list>
<pin id="2177" dir="0" index="0" bw="1024" slack="0"/>
<pin id="2178" dir="0" index="1" bw="16" slack="0"/>
<pin id="2179" dir="1" index="2" bw="1024" slack="0"/>
</pin_list>
<bind>
<opcode="insertvalue(57) " fcode="insertvalue"/>
<opset="mrv_18/1 "/>
</bind>
</comp>

<comp id="2182" class="1004" name="mrv_19_fu_2182">
<pin_list>
<pin id="2183" dir="0" index="0" bw="1024" slack="0"/>
<pin id="2184" dir="0" index="1" bw="16" slack="0"/>
<pin id="2185" dir="1" index="2" bw="1024" slack="0"/>
</pin_list>
<bind>
<opcode="insertvalue(57) " fcode="insertvalue"/>
<opset="mrv_19/1 "/>
</bind>
</comp>

<comp id="2188" class="1004" name="mrv_20_fu_2188">
<pin_list>
<pin id="2189" dir="0" index="0" bw="1024" slack="0"/>
<pin id="2190" dir="0" index="1" bw="16" slack="0"/>
<pin id="2191" dir="1" index="2" bw="1024" slack="0"/>
</pin_list>
<bind>
<opcode="insertvalue(57) " fcode="insertvalue"/>
<opset="mrv_20/1 "/>
</bind>
</comp>

<comp id="2194" class="1004" name="mrv_21_fu_2194">
<pin_list>
<pin id="2195" dir="0" index="0" bw="1024" slack="0"/>
<pin id="2196" dir="0" index="1" bw="16" slack="0"/>
<pin id="2197" dir="1" index="2" bw="1024" slack="0"/>
</pin_list>
<bind>
<opcode="insertvalue(57) " fcode="insertvalue"/>
<opset="mrv_21/1 "/>
</bind>
</comp>

<comp id="2200" class="1004" name="mrv_22_fu_2200">
<pin_list>
<pin id="2201" dir="0" index="0" bw="1024" slack="0"/>
<pin id="2202" dir="0" index="1" bw="16" slack="0"/>
<pin id="2203" dir="1" index="2" bw="1024" slack="0"/>
</pin_list>
<bind>
<opcode="insertvalue(57) " fcode="insertvalue"/>
<opset="mrv_22/1 "/>
</bind>
</comp>

<comp id="2206" class="1004" name="mrv_23_fu_2206">
<pin_list>
<pin id="2207" dir="0" index="0" bw="1024" slack="0"/>
<pin id="2208" dir="0" index="1" bw="16" slack="0"/>
<pin id="2209" dir="1" index="2" bw="1024" slack="0"/>
</pin_list>
<bind>
<opcode="insertvalue(57) " fcode="insertvalue"/>
<opset="mrv_23/1 "/>
</bind>
</comp>

<comp id="2212" class="1004" name="mrv_24_fu_2212">
<pin_list>
<pin id="2213" dir="0" index="0" bw="1024" slack="0"/>
<pin id="2214" dir="0" index="1" bw="16" slack="0"/>
<pin id="2215" dir="1" index="2" bw="1024" slack="0"/>
</pin_list>
<bind>
<opcode="insertvalue(57) " fcode="insertvalue"/>
<opset="mrv_24/1 "/>
</bind>
</comp>

<comp id="2218" class="1004" name="mrv_25_fu_2218">
<pin_list>
<pin id="2219" dir="0" index="0" bw="1024" slack="0"/>
<pin id="2220" dir="0" index="1" bw="16" slack="0"/>
<pin id="2221" dir="1" index="2" bw="1024" slack="0"/>
</pin_list>
<bind>
<opcode="insertvalue(57) " fcode="insertvalue"/>
<opset="mrv_25/1 "/>
</bind>
</comp>

<comp id="2224" class="1004" name="mrv_26_fu_2224">
<pin_list>
<pin id="2225" dir="0" index="0" bw="1024" slack="0"/>
<pin id="2226" dir="0" index="1" bw="16" slack="0"/>
<pin id="2227" dir="1" index="2" bw="1024" slack="0"/>
</pin_list>
<bind>
<opcode="insertvalue(57) " fcode="insertvalue"/>
<opset="mrv_26/1 "/>
</bind>
</comp>

<comp id="2230" class="1004" name="mrv_27_fu_2230">
<pin_list>
<pin id="2231" dir="0" index="0" bw="1024" slack="0"/>
<pin id="2232" dir="0" index="1" bw="16" slack="0"/>
<pin id="2233" dir="1" index="2" bw="1024" slack="0"/>
</pin_list>
<bind>
<opcode="insertvalue(57) " fcode="insertvalue"/>
<opset="mrv_27/1 "/>
</bind>
</comp>

<comp id="2236" class="1004" name="mrv_28_fu_2236">
<pin_list>
<pin id="2237" dir="0" index="0" bw="1024" slack="0"/>
<pin id="2238" dir="0" index="1" bw="16" slack="0"/>
<pin id="2239" dir="1" index="2" bw="1024" slack="0"/>
</pin_list>
<bind>
<opcode="insertvalue(57) " fcode="insertvalue"/>
<opset="mrv_28/1 "/>
</bind>
</comp>

<comp id="2242" class="1004" name="mrv_29_fu_2242">
<pin_list>
<pin id="2243" dir="0" index="0" bw="1024" slack="0"/>
<pin id="2244" dir="0" index="1" bw="16" slack="0"/>
<pin id="2245" dir="1" index="2" bw="1024" slack="0"/>
</pin_list>
<bind>
<opcode="insertvalue(57) " fcode="insertvalue"/>
<opset="mrv_29/1 "/>
</bind>
</comp>

<comp id="2248" class="1004" name="mrv_30_fu_2248">
<pin_list>
<pin id="2249" dir="0" index="0" bw="1024" slack="0"/>
<pin id="2250" dir="0" index="1" bw="16" slack="0"/>
<pin id="2251" dir="1" index="2" bw="1024" slack="0"/>
</pin_list>
<bind>
<opcode="insertvalue(57) " fcode="insertvalue"/>
<opset="mrv_30/1 "/>
</bind>
</comp>

<comp id="2254" class="1004" name="mrv_s_fu_2254">
<pin_list>
<pin id="2255" dir="0" index="0" bw="1024" slack="0"/>
<pin id="2256" dir="0" index="1" bw="16" slack="0"/>
<pin id="2257" dir="1" index="2" bw="1024" slack="0"/>
</pin_list>
<bind>
<opcode="insertvalue(57) " fcode="insertvalue"/>
<opset="mrv_s/1 "/>
</bind>
</comp>

<comp id="2260" class="1004" name="mrv_31_fu_2260">
<pin_list>
<pin id="2261" dir="0" index="0" bw="1024" slack="0"/>
<pin id="2262" dir="0" index="1" bw="16" slack="0"/>
<pin id="2263" dir="1" index="2" bw="1024" slack="0"/>
</pin_list>
<bind>
<opcode="insertvalue(57) " fcode="insertvalue"/>
<opset="mrv_31/1 "/>
</bind>
</comp>

<comp id="2266" class="1004" name="mrv_32_fu_2266">
<pin_list>
<pin id="2267" dir="0" index="0" bw="1024" slack="0"/>
<pin id="2268" dir="0" index="1" bw="16" slack="0"/>
<pin id="2269" dir="1" index="2" bw="1024" slack="0"/>
</pin_list>
<bind>
<opcode="insertvalue(57) " fcode="insertvalue"/>
<opset="mrv_32/1 "/>
</bind>
</comp>

<comp id="2272" class="1004" name="mrv_33_fu_2272">
<pin_list>
<pin id="2273" dir="0" index="0" bw="1024" slack="0"/>
<pin id="2274" dir="0" index="1" bw="16" slack="0"/>
<pin id="2275" dir="1" index="2" bw="1024" slack="0"/>
</pin_list>
<bind>
<opcode="insertvalue(57) " fcode="insertvalue"/>
<opset="mrv_33/1 "/>
</bind>
</comp>

<comp id="2278" class="1004" name="mrv_34_fu_2278">
<pin_list>
<pin id="2279" dir="0" index="0" bw="1024" slack="0"/>
<pin id="2280" dir="0" index="1" bw="16" slack="0"/>
<pin id="2281" dir="1" index="2" bw="1024" slack="0"/>
</pin_list>
<bind>
<opcode="insertvalue(57) " fcode="insertvalue"/>
<opset="mrv_34/1 "/>
</bind>
</comp>

<comp id="2284" class="1004" name="mrv_35_fu_2284">
<pin_list>
<pin id="2285" dir="0" index="0" bw="1024" slack="0"/>
<pin id="2286" dir="0" index="1" bw="16" slack="0"/>
<pin id="2287" dir="1" index="2" bw="1024" slack="0"/>
</pin_list>
<bind>
<opcode="insertvalue(57) " fcode="insertvalue"/>
<opset="mrv_35/1 "/>
</bind>
</comp>

<comp id="2290" class="1004" name="mrv_36_fu_2290">
<pin_list>
<pin id="2291" dir="0" index="0" bw="1024" slack="0"/>
<pin id="2292" dir="0" index="1" bw="16" slack="0"/>
<pin id="2293" dir="1" index="2" bw="1024" slack="0"/>
</pin_list>
<bind>
<opcode="insertvalue(57) " fcode="insertvalue"/>
<opset="mrv_36/1 "/>
</bind>
</comp>

<comp id="2296" class="1004" name="mrv_37_fu_2296">
<pin_list>
<pin id="2297" dir="0" index="0" bw="1024" slack="0"/>
<pin id="2298" dir="0" index="1" bw="16" slack="0"/>
<pin id="2299" dir="1" index="2" bw="1024" slack="0"/>
</pin_list>
<bind>
<opcode="insertvalue(57) " fcode="insertvalue"/>
<opset="mrv_37/1 "/>
</bind>
</comp>

<comp id="2302" class="1004" name="mrv_38_fu_2302">
<pin_list>
<pin id="2303" dir="0" index="0" bw="1024" slack="0"/>
<pin id="2304" dir="0" index="1" bw="16" slack="0"/>
<pin id="2305" dir="1" index="2" bw="1024" slack="0"/>
</pin_list>
<bind>
<opcode="insertvalue(57) " fcode="insertvalue"/>
<opset="mrv_38/1 "/>
</bind>
</comp>

<comp id="2308" class="1004" name="mrv_39_fu_2308">
<pin_list>
<pin id="2309" dir="0" index="0" bw="1024" slack="0"/>
<pin id="2310" dir="0" index="1" bw="16" slack="0"/>
<pin id="2311" dir="1" index="2" bw="1024" slack="0"/>
</pin_list>
<bind>
<opcode="insertvalue(57) " fcode="insertvalue"/>
<opset="mrv_39/1 "/>
</bind>
</comp>

<comp id="2314" class="1004" name="mrv_40_fu_2314">
<pin_list>
<pin id="2315" dir="0" index="0" bw="1024" slack="0"/>
<pin id="2316" dir="0" index="1" bw="16" slack="0"/>
<pin id="2317" dir="1" index="2" bw="1024" slack="0"/>
</pin_list>
<bind>
<opcode="insertvalue(57) " fcode="insertvalue"/>
<opset="mrv_40/1 "/>
</bind>
</comp>

<comp id="2320" class="1004" name="mrv_41_fu_2320">
<pin_list>
<pin id="2321" dir="0" index="0" bw="1024" slack="0"/>
<pin id="2322" dir="0" index="1" bw="16" slack="0"/>
<pin id="2323" dir="1" index="2" bw="1024" slack="0"/>
</pin_list>
<bind>
<opcode="insertvalue(57) " fcode="insertvalue"/>
<opset="mrv_41/1 "/>
</bind>
</comp>

<comp id="2326" class="1004" name="mrv_42_fu_2326">
<pin_list>
<pin id="2327" dir="0" index="0" bw="1024" slack="0"/>
<pin id="2328" dir="0" index="1" bw="16" slack="0"/>
<pin id="2329" dir="1" index="2" bw="1024" slack="0"/>
</pin_list>
<bind>
<opcode="insertvalue(57) " fcode="insertvalue"/>
<opset="mrv_42/1 "/>
</bind>
</comp>

<comp id="2332" class="1004" name="mrv_43_fu_2332">
<pin_list>
<pin id="2333" dir="0" index="0" bw="1024" slack="0"/>
<pin id="2334" dir="0" index="1" bw="16" slack="0"/>
<pin id="2335" dir="1" index="2" bw="1024" slack="0"/>
</pin_list>
<bind>
<opcode="insertvalue(57) " fcode="insertvalue"/>
<opset="mrv_43/1 "/>
</bind>
</comp>

<comp id="2338" class="1004" name="mrv_44_fu_2338">
<pin_list>
<pin id="2339" dir="0" index="0" bw="1024" slack="0"/>
<pin id="2340" dir="0" index="1" bw="16" slack="0"/>
<pin id="2341" dir="1" index="2" bw="1024" slack="0"/>
</pin_list>
<bind>
<opcode="insertvalue(57) " fcode="insertvalue"/>
<opset="mrv_44/1 "/>
</bind>
</comp>

<comp id="2344" class="1004" name="mrv_45_fu_2344">
<pin_list>
<pin id="2345" dir="0" index="0" bw="1024" slack="0"/>
<pin id="2346" dir="0" index="1" bw="16" slack="0"/>
<pin id="2347" dir="1" index="2" bw="1024" slack="0"/>
</pin_list>
<bind>
<opcode="insertvalue(57) " fcode="insertvalue"/>
<opset="mrv_45/1 "/>
</bind>
</comp>

<comp id="2350" class="1004" name="mrv_46_fu_2350">
<pin_list>
<pin id="2351" dir="0" index="0" bw="1024" slack="0"/>
<pin id="2352" dir="0" index="1" bw="16" slack="0"/>
<pin id="2353" dir="1" index="2" bw="1024" slack="0"/>
</pin_list>
<bind>
<opcode="insertvalue(57) " fcode="insertvalue"/>
<opset="mrv_46/1 "/>
</bind>
</comp>

<comp id="2356" class="1004" name="mrv_47_fu_2356">
<pin_list>
<pin id="2357" dir="0" index="0" bw="1024" slack="0"/>
<pin id="2358" dir="0" index="1" bw="16" slack="0"/>
<pin id="2359" dir="1" index="2" bw="1024" slack="0"/>
</pin_list>
<bind>
<opcode="insertvalue(57) " fcode="insertvalue"/>
<opset="mrv_47/1 "/>
</bind>
</comp>

<comp id="2362" class="1004" name="mrv_48_fu_2362">
<pin_list>
<pin id="2363" dir="0" index="0" bw="1024" slack="0"/>
<pin id="2364" dir="0" index="1" bw="16" slack="0"/>
<pin id="2365" dir="1" index="2" bw="1024" slack="0"/>
</pin_list>
<bind>
<opcode="insertvalue(57) " fcode="insertvalue"/>
<opset="mrv_48/1 "/>
</bind>
</comp>

<comp id="2368" class="1004" name="mrv_49_fu_2368">
<pin_list>
<pin id="2369" dir="0" index="0" bw="1024" slack="0"/>
<pin id="2370" dir="0" index="1" bw="16" slack="0"/>
<pin id="2371" dir="1" index="2" bw="1024" slack="0"/>
</pin_list>
<bind>
<opcode="insertvalue(57) " fcode="insertvalue"/>
<opset="mrv_49/1 "/>
</bind>
</comp>

<comp id="2374" class="1004" name="mrv_50_fu_2374">
<pin_list>
<pin id="2375" dir="0" index="0" bw="1024" slack="0"/>
<pin id="2376" dir="0" index="1" bw="16" slack="0"/>
<pin id="2377" dir="1" index="2" bw="1024" slack="0"/>
</pin_list>
<bind>
<opcode="insertvalue(57) " fcode="insertvalue"/>
<opset="mrv_50/1 "/>
</bind>
</comp>

<comp id="2380" class="1004" name="mrv_51_fu_2380">
<pin_list>
<pin id="2381" dir="0" index="0" bw="1024" slack="0"/>
<pin id="2382" dir="0" index="1" bw="16" slack="0"/>
<pin id="2383" dir="1" index="2" bw="1024" slack="0"/>
</pin_list>
<bind>
<opcode="insertvalue(57) " fcode="insertvalue"/>
<opset="mrv_51/1 "/>
</bind>
</comp>

<comp id="2386" class="1004" name="mrv_52_fu_2386">
<pin_list>
<pin id="2387" dir="0" index="0" bw="1024" slack="0"/>
<pin id="2388" dir="0" index="1" bw="16" slack="0"/>
<pin id="2389" dir="1" index="2" bw="1024" slack="0"/>
</pin_list>
<bind>
<opcode="insertvalue(57) " fcode="insertvalue"/>
<opset="mrv_52/1 "/>
</bind>
</comp>

<comp id="2392" class="1004" name="mrv_53_fu_2392">
<pin_list>
<pin id="2393" dir="0" index="0" bw="1024" slack="0"/>
<pin id="2394" dir="0" index="1" bw="16" slack="0"/>
<pin id="2395" dir="1" index="2" bw="1024" slack="0"/>
</pin_list>
<bind>
<opcode="insertvalue(57) " fcode="insertvalue"/>
<opset="mrv_53/1 "/>
</bind>
</comp>

<comp id="2398" class="1004" name="mrv_54_fu_2398">
<pin_list>
<pin id="2399" dir="0" index="0" bw="1024" slack="0"/>
<pin id="2400" dir="0" index="1" bw="16" slack="0"/>
<pin id="2401" dir="1" index="2" bw="1024" slack="0"/>
</pin_list>
<bind>
<opcode="insertvalue(57) " fcode="insertvalue"/>
<opset="mrv_54/1 "/>
</bind>
</comp>

<comp id="2404" class="1004" name="mrv_55_fu_2404">
<pin_list>
<pin id="2405" dir="0" index="0" bw="1024" slack="0"/>
<pin id="2406" dir="0" index="1" bw="16" slack="0"/>
<pin id="2407" dir="1" index="2" bw="1024" slack="0"/>
</pin_list>
<bind>
<opcode="insertvalue(57) " fcode="insertvalue"/>
<opset="mrv_55/1 "/>
</bind>
</comp>

<comp id="2410" class="1004" name="mrv_56_fu_2410">
<pin_list>
<pin id="2411" dir="0" index="0" bw="1024" slack="0"/>
<pin id="2412" dir="0" index="1" bw="16" slack="0"/>
<pin id="2413" dir="1" index="2" bw="1024" slack="0"/>
</pin_list>
<bind>
<opcode="insertvalue(57) " fcode="insertvalue"/>
<opset="mrv_56/1 "/>
</bind>
</comp>

<comp id="2416" class="1004" name="mrv_57_fu_2416">
<pin_list>
<pin id="2417" dir="0" index="0" bw="1024" slack="0"/>
<pin id="2418" dir="0" index="1" bw="16" slack="0"/>
<pin id="2419" dir="1" index="2" bw="1024" slack="0"/>
</pin_list>
<bind>
<opcode="insertvalue(57) " fcode="insertvalue"/>
<opset="mrv_57/1 "/>
</bind>
</comp>

<comp id="2422" class="1004" name="mrv_58_fu_2422">
<pin_list>
<pin id="2423" dir="0" index="0" bw="1024" slack="0"/>
<pin id="2424" dir="0" index="1" bw="16" slack="0"/>
<pin id="2425" dir="1" index="2" bw="1024" slack="0"/>
</pin_list>
<bind>
<opcode="insertvalue(57) " fcode="insertvalue"/>
<opset="mrv_58/1 "/>
</bind>
</comp>

<comp id="2428" class="1004" name="mrv_59_fu_2428">
<pin_list>
<pin id="2429" dir="0" index="0" bw="1024" slack="0"/>
<pin id="2430" dir="0" index="1" bw="16" slack="0"/>
<pin id="2431" dir="1" index="2" bw="1024" slack="0"/>
</pin_list>
<bind>
<opcode="insertvalue(57) " fcode="insertvalue"/>
<opset="mrv_59/1 "/>
</bind>
</comp>

<comp id="2434" class="1004" name="mrv_60_fu_2434">
<pin_list>
<pin id="2435" dir="0" index="0" bw="1024" slack="0"/>
<pin id="2436" dir="0" index="1" bw="16" slack="0"/>
<pin id="2437" dir="1" index="2" bw="1024" slack="0"/>
</pin_list>
<bind>
<opcode="insertvalue(57) " fcode="insertvalue"/>
<opset="mrv_60/1 "/>
</bind>
</comp>

<comp id="2440" class="1004" name="mrv_61_fu_2440">
<pin_list>
<pin id="2441" dir="0" index="0" bw="1024" slack="0"/>
<pin id="2442" dir="0" index="1" bw="16" slack="0"/>
<pin id="2443" dir="1" index="2" bw="1024" slack="0"/>
</pin_list>
<bind>
<opcode="insertvalue(57) " fcode="insertvalue"/>
<opset="mrv_61/1 "/>
</bind>
</comp>

<comp id="2446" class="1004" name="mrv_62_fu_2446">
<pin_list>
<pin id="2447" dir="0" index="0" bw="1024" slack="0"/>
<pin id="2448" dir="0" index="1" bw="16" slack="0"/>
<pin id="2449" dir="1" index="2" bw="1024" slack="2147483647"/>
</pin_list>
<bind>
<opcode="insertvalue(57) " fcode="insertvalue"/>
<opset="mrv_62/1 "/>
</bind>
</comp>

</comp_list>

<net_list>
<net id="152"><net_src comp="136" pin="0"/><net_sink comp="148" pin=0"/></net>

<net id="153"><net_src comp="126" pin="0"/><net_sink comp="148" pin=1"/></net>

<net id="158"><net_src comp="136" pin="0"/><net_sink comp="154" pin=0"/></net>

<net id="159"><net_src comp="124" pin="0"/><net_sink comp="154" pin=1"/></net>

<net id="164"><net_src comp="136" pin="0"/><net_sink comp="160" pin=0"/></net>

<net id="165"><net_src comp="122" pin="0"/><net_sink comp="160" pin=1"/></net>

<net id="170"><net_src comp="136" pin="0"/><net_sink comp="166" pin=0"/></net>

<net id="171"><net_src comp="120" pin="0"/><net_sink comp="166" pin=1"/></net>

<net id="176"><net_src comp="136" pin="0"/><net_sink comp="172" pin=0"/></net>

<net id="177"><net_src comp="118" pin="0"/><net_sink comp="172" pin=1"/></net>

<net id="182"><net_src comp="136" pin="0"/><net_sink comp="178" pin=0"/></net>

<net id="183"><net_src comp="116" pin="0"/><net_sink comp="178" pin=1"/></net>

<net id="188"><net_src comp="136" pin="0"/><net_sink comp="184" pin=0"/></net>

<net id="189"><net_src comp="114" pin="0"/><net_sink comp="184" pin=1"/></net>

<net id="194"><net_src comp="136" pin="0"/><net_sink comp="190" pin=0"/></net>

<net id="195"><net_src comp="112" pin="0"/><net_sink comp="190" pin=1"/></net>

<net id="200"><net_src comp="136" pin="0"/><net_sink comp="196" pin=0"/></net>

<net id="201"><net_src comp="110" pin="0"/><net_sink comp="196" pin=1"/></net>

<net id="206"><net_src comp="136" pin="0"/><net_sink comp="202" pin=0"/></net>

<net id="207"><net_src comp="108" pin="0"/><net_sink comp="202" pin=1"/></net>

<net id="212"><net_src comp="136" pin="0"/><net_sink comp="208" pin=0"/></net>

<net id="213"><net_src comp="106" pin="0"/><net_sink comp="208" pin=1"/></net>

<net id="218"><net_src comp="136" pin="0"/><net_sink comp="214" pin=0"/></net>

<net id="219"><net_src comp="104" pin="0"/><net_sink comp="214" pin=1"/></net>

<net id="224"><net_src comp="136" pin="0"/><net_sink comp="220" pin=0"/></net>

<net id="225"><net_src comp="102" pin="0"/><net_sink comp="220" pin=1"/></net>

<net id="230"><net_src comp="136" pin="0"/><net_sink comp="226" pin=0"/></net>

<net id="231"><net_src comp="100" pin="0"/><net_sink comp="226" pin=1"/></net>

<net id="236"><net_src comp="136" pin="0"/><net_sink comp="232" pin=0"/></net>

<net id="237"><net_src comp="98" pin="0"/><net_sink comp="232" pin=1"/></net>

<net id="242"><net_src comp="136" pin="0"/><net_sink comp="238" pin=0"/></net>

<net id="243"><net_src comp="96" pin="0"/><net_sink comp="238" pin=1"/></net>

<net id="248"><net_src comp="136" pin="0"/><net_sink comp="244" pin=0"/></net>

<net id="249"><net_src comp="94" pin="0"/><net_sink comp="244" pin=1"/></net>

<net id="254"><net_src comp="136" pin="0"/><net_sink comp="250" pin=0"/></net>

<net id="255"><net_src comp="92" pin="0"/><net_sink comp="250" pin=1"/></net>

<net id="260"><net_src comp="136" pin="0"/><net_sink comp="256" pin=0"/></net>

<net id="261"><net_src comp="90" pin="0"/><net_sink comp="256" pin=1"/></net>

<net id="266"><net_src comp="136" pin="0"/><net_sink comp="262" pin=0"/></net>

<net id="267"><net_src comp="88" pin="0"/><net_sink comp="262" pin=1"/></net>

<net id="272"><net_src comp="136" pin="0"/><net_sink comp="268" pin=0"/></net>

<net id="273"><net_src comp="86" pin="0"/><net_sink comp="268" pin=1"/></net>

<net id="278"><net_src comp="136" pin="0"/><net_sink comp="274" pin=0"/></net>

<net id="279"><net_src comp="84" pin="0"/><net_sink comp="274" pin=1"/></net>

<net id="284"><net_src comp="136" pin="0"/><net_sink comp="280" pin=0"/></net>

<net id="285"><net_src comp="82" pin="0"/><net_sink comp="280" pin=1"/></net>

<net id="290"><net_src comp="136" pin="0"/><net_sink comp="286" pin=0"/></net>

<net id="291"><net_src comp="80" pin="0"/><net_sink comp="286" pin=1"/></net>

<net id="296"><net_src comp="136" pin="0"/><net_sink comp="292" pin=0"/></net>

<net id="297"><net_src comp="78" pin="0"/><net_sink comp="292" pin=1"/></net>

<net id="302"><net_src comp="136" pin="0"/><net_sink comp="298" pin=0"/></net>

<net id="303"><net_src comp="76" pin="0"/><net_sink comp="298" pin=1"/></net>

<net id="308"><net_src comp="136" pin="0"/><net_sink comp="304" pin=0"/></net>

<net id="309"><net_src comp="74" pin="0"/><net_sink comp="304" pin=1"/></net>

<net id="314"><net_src comp="136" pin="0"/><net_sink comp="310" pin=0"/></net>

<net id="315"><net_src comp="72" pin="0"/><net_sink comp="310" pin=1"/></net>

<net id="320"><net_src comp="136" pin="0"/><net_sink comp="316" pin=0"/></net>

<net id="321"><net_src comp="70" pin="0"/><net_sink comp="316" pin=1"/></net>

<net id="326"><net_src comp="136" pin="0"/><net_sink comp="322" pin=0"/></net>

<net id="327"><net_src comp="68" pin="0"/><net_sink comp="322" pin=1"/></net>

<net id="332"><net_src comp="136" pin="0"/><net_sink comp="328" pin=0"/></net>

<net id="333"><net_src comp="66" pin="0"/><net_sink comp="328" pin=1"/></net>

<net id="338"><net_src comp="136" pin="0"/><net_sink comp="334" pin=0"/></net>

<net id="339"><net_src comp="64" pin="0"/><net_sink comp="334" pin=1"/></net>

<net id="344"><net_src comp="136" pin="0"/><net_sink comp="340" pin=0"/></net>

<net id="345"><net_src comp="62" pin="0"/><net_sink comp="340" pin=1"/></net>

<net id="350"><net_src comp="136" pin="0"/><net_sink comp="346" pin=0"/></net>

<net id="351"><net_src comp="60" pin="0"/><net_sink comp="346" pin=1"/></net>

<net id="356"><net_src comp="136" pin="0"/><net_sink comp="352" pin=0"/></net>

<net id="357"><net_src comp="58" pin="0"/><net_sink comp="352" pin=1"/></net>

<net id="362"><net_src comp="136" pin="0"/><net_sink comp="358" pin=0"/></net>

<net id="363"><net_src comp="56" pin="0"/><net_sink comp="358" pin=1"/></net>

<net id="368"><net_src comp="136" pin="0"/><net_sink comp="364" pin=0"/></net>

<net id="369"><net_src comp="54" pin="0"/><net_sink comp="364" pin=1"/></net>

<net id="374"><net_src comp="136" pin="0"/><net_sink comp="370" pin=0"/></net>

<net id="375"><net_src comp="52" pin="0"/><net_sink comp="370" pin=1"/></net>

<net id="380"><net_src comp="136" pin="0"/><net_sink comp="376" pin=0"/></net>

<net id="381"><net_src comp="50" pin="0"/><net_sink comp="376" pin=1"/></net>

<net id="386"><net_src comp="136" pin="0"/><net_sink comp="382" pin=0"/></net>

<net id="387"><net_src comp="48" pin="0"/><net_sink comp="382" pin=1"/></net>

<net id="392"><net_src comp="136" pin="0"/><net_sink comp="388" pin=0"/></net>

<net id="393"><net_src comp="46" pin="0"/><net_sink comp="388" pin=1"/></net>

<net id="398"><net_src comp="136" pin="0"/><net_sink comp="394" pin=0"/></net>

<net id="399"><net_src comp="44" pin="0"/><net_sink comp="394" pin=1"/></net>

<net id="404"><net_src comp="136" pin="0"/><net_sink comp="400" pin=0"/></net>

<net id="405"><net_src comp="42" pin="0"/><net_sink comp="400" pin=1"/></net>

<net id="410"><net_src comp="136" pin="0"/><net_sink comp="406" pin=0"/></net>

<net id="411"><net_src comp="40" pin="0"/><net_sink comp="406" pin=1"/></net>

<net id="416"><net_src comp="136" pin="0"/><net_sink comp="412" pin=0"/></net>

<net id="417"><net_src comp="38" pin="0"/><net_sink comp="412" pin=1"/></net>

<net id="422"><net_src comp="136" pin="0"/><net_sink comp="418" pin=0"/></net>

<net id="423"><net_src comp="36" pin="0"/><net_sink comp="418" pin=1"/></net>

<net id="428"><net_src comp="136" pin="0"/><net_sink comp="424" pin=0"/></net>

<net id="429"><net_src comp="34" pin="0"/><net_sink comp="424" pin=1"/></net>

<net id="434"><net_src comp="136" pin="0"/><net_sink comp="430" pin=0"/></net>

<net id="435"><net_src comp="32" pin="0"/><net_sink comp="430" pin=1"/></net>

<net id="440"><net_src comp="136" pin="0"/><net_sink comp="436" pin=0"/></net>

<net id="441"><net_src comp="30" pin="0"/><net_sink comp="436" pin=1"/></net>

<net id="446"><net_src comp="136" pin="0"/><net_sink comp="442" pin=0"/></net>

<net id="447"><net_src comp="28" pin="0"/><net_sink comp="442" pin=1"/></net>

<net id="452"><net_src comp="136" pin="0"/><net_sink comp="448" pin=0"/></net>

<net id="453"><net_src comp="26" pin="0"/><net_sink comp="448" pin=1"/></net>

<net id="458"><net_src comp="136" pin="0"/><net_sink comp="454" pin=0"/></net>

<net id="459"><net_src comp="24" pin="0"/><net_sink comp="454" pin=1"/></net>

<net id="464"><net_src comp="136" pin="0"/><net_sink comp="460" pin=0"/></net>

<net id="465"><net_src comp="22" pin="0"/><net_sink comp="460" pin=1"/></net>

<net id="470"><net_src comp="136" pin="0"/><net_sink comp="466" pin=0"/></net>

<net id="471"><net_src comp="20" pin="0"/><net_sink comp="466" pin=1"/></net>

<net id="476"><net_src comp="136" pin="0"/><net_sink comp="472" pin=0"/></net>

<net id="477"><net_src comp="18" pin="0"/><net_sink comp="472" pin=1"/></net>

<net id="482"><net_src comp="136" pin="0"/><net_sink comp="478" pin=0"/></net>

<net id="483"><net_src comp="16" pin="0"/><net_sink comp="478" pin=1"/></net>

<net id="488"><net_src comp="136" pin="0"/><net_sink comp="484" pin=0"/></net>

<net id="489"><net_src comp="14" pin="0"/><net_sink comp="484" pin=1"/></net>

<net id="494"><net_src comp="136" pin="0"/><net_sink comp="490" pin=0"/></net>

<net id="495"><net_src comp="12" pin="0"/><net_sink comp="490" pin=1"/></net>

<net id="500"><net_src comp="136" pin="0"/><net_sink comp="496" pin=0"/></net>

<net id="501"><net_src comp="10" pin="0"/><net_sink comp="496" pin=1"/></net>

<net id="506"><net_src comp="136" pin="0"/><net_sink comp="502" pin=0"/></net>

<net id="507"><net_src comp="8" pin="0"/><net_sink comp="502" pin=1"/></net>

<net id="512"><net_src comp="136" pin="0"/><net_sink comp="508" pin=0"/></net>

<net id="513"><net_src comp="6" pin="0"/><net_sink comp="508" pin=1"/></net>

<net id="518"><net_src comp="136" pin="0"/><net_sink comp="514" pin=0"/></net>

<net id="519"><net_src comp="4" pin="0"/><net_sink comp="514" pin=1"/></net>

<net id="524"><net_src comp="136" pin="0"/><net_sink comp="520" pin=0"/></net>

<net id="525"><net_src comp="2" pin="0"/><net_sink comp="520" pin=1"/></net>

<net id="530"><net_src comp="136" pin="0"/><net_sink comp="526" pin=0"/></net>

<net id="531"><net_src comp="0" pin="0"/><net_sink comp="526" pin=1"/></net>

<net id="536"><net_src comp="526" pin="2"/><net_sink comp="532" pin=0"/></net>

<net id="537"><net_src comp="132" pin="0"/><net_sink comp="532" pin=1"/></net>

<net id="544"><net_src comp="138" pin="0"/><net_sink comp="538" pin=0"/></net>

<net id="545"><net_src comp="526" pin="2"/><net_sink comp="538" pin=1"/></net>

<net id="546"><net_src comp="140" pin="0"/><net_sink comp="538" pin=2"/></net>

<net id="547"><net_src comp="142" pin="0"/><net_sink comp="538" pin=3"/></net>

<net id="553"><net_src comp="532" pin="2"/><net_sink comp="548" pin=0"/></net>

<net id="554"><net_src comp="538" pin="4"/><net_sink comp="548" pin=1"/></net>

<net id="555"><net_src comp="144" pin="0"/><net_sink comp="548" pin=2"/></net>

<net id="560"><net_src comp="520" pin="2"/><net_sink comp="556" pin=0"/></net>

<net id="561"><net_src comp="132" pin="0"/><net_sink comp="556" pin=1"/></net>

<net id="568"><net_src comp="138" pin="0"/><net_sink comp="562" pin=0"/></net>

<net id="569"><net_src comp="520" pin="2"/><net_sink comp="562" pin=1"/></net>

<net id="570"><net_src comp="140" pin="0"/><net_sink comp="562" pin=2"/></net>

<net id="571"><net_src comp="142" pin="0"/><net_sink comp="562" pin=3"/></net>

<net id="577"><net_src comp="556" pin="2"/><net_sink comp="572" pin=0"/></net>

<net id="578"><net_src comp="562" pin="4"/><net_sink comp="572" pin=1"/></net>

<net id="579"><net_src comp="144" pin="0"/><net_sink comp="572" pin=2"/></net>

<net id="584"><net_src comp="514" pin="2"/><net_sink comp="580" pin=0"/></net>

<net id="585"><net_src comp="132" pin="0"/><net_sink comp="580" pin=1"/></net>

<net id="592"><net_src comp="138" pin="0"/><net_sink comp="586" pin=0"/></net>

<net id="593"><net_src comp="514" pin="2"/><net_sink comp="586" pin=1"/></net>

<net id="594"><net_src comp="140" pin="0"/><net_sink comp="586" pin=2"/></net>

<net id="595"><net_src comp="142" pin="0"/><net_sink comp="586" pin=3"/></net>

<net id="601"><net_src comp="580" pin="2"/><net_sink comp="596" pin=0"/></net>

<net id="602"><net_src comp="586" pin="4"/><net_sink comp="596" pin=1"/></net>

<net id="603"><net_src comp="144" pin="0"/><net_sink comp="596" pin=2"/></net>

<net id="608"><net_src comp="508" pin="2"/><net_sink comp="604" pin=0"/></net>

<net id="609"><net_src comp="132" pin="0"/><net_sink comp="604" pin=1"/></net>

<net id="616"><net_src comp="138" pin="0"/><net_sink comp="610" pin=0"/></net>

<net id="617"><net_src comp="508" pin="2"/><net_sink comp="610" pin=1"/></net>

<net id="618"><net_src comp="140" pin="0"/><net_sink comp="610" pin=2"/></net>

<net id="619"><net_src comp="142" pin="0"/><net_sink comp="610" pin=3"/></net>

<net id="625"><net_src comp="604" pin="2"/><net_sink comp="620" pin=0"/></net>

<net id="626"><net_src comp="610" pin="4"/><net_sink comp="620" pin=1"/></net>

<net id="627"><net_src comp="144" pin="0"/><net_sink comp="620" pin=2"/></net>

<net id="632"><net_src comp="502" pin="2"/><net_sink comp="628" pin=0"/></net>

<net id="633"><net_src comp="132" pin="0"/><net_sink comp="628" pin=1"/></net>

<net id="640"><net_src comp="138" pin="0"/><net_sink comp="634" pin=0"/></net>

<net id="641"><net_src comp="502" pin="2"/><net_sink comp="634" pin=1"/></net>

<net id="642"><net_src comp="140" pin="0"/><net_sink comp="634" pin=2"/></net>

<net id="643"><net_src comp="142" pin="0"/><net_sink comp="634" pin=3"/></net>

<net id="649"><net_src comp="628" pin="2"/><net_sink comp="644" pin=0"/></net>

<net id="650"><net_src comp="634" pin="4"/><net_sink comp="644" pin=1"/></net>

<net id="651"><net_src comp="144" pin="0"/><net_sink comp="644" pin=2"/></net>

<net id="656"><net_src comp="496" pin="2"/><net_sink comp="652" pin=0"/></net>

<net id="657"><net_src comp="132" pin="0"/><net_sink comp="652" pin=1"/></net>

<net id="664"><net_src comp="138" pin="0"/><net_sink comp="658" pin=0"/></net>

<net id="665"><net_src comp="496" pin="2"/><net_sink comp="658" pin=1"/></net>

<net id="666"><net_src comp="140" pin="0"/><net_sink comp="658" pin=2"/></net>

<net id="667"><net_src comp="142" pin="0"/><net_sink comp="658" pin=3"/></net>

<net id="673"><net_src comp="652" pin="2"/><net_sink comp="668" pin=0"/></net>

<net id="674"><net_src comp="658" pin="4"/><net_sink comp="668" pin=1"/></net>

<net id="675"><net_src comp="144" pin="0"/><net_sink comp="668" pin=2"/></net>

<net id="680"><net_src comp="490" pin="2"/><net_sink comp="676" pin=0"/></net>

<net id="681"><net_src comp="132" pin="0"/><net_sink comp="676" pin=1"/></net>

<net id="688"><net_src comp="138" pin="0"/><net_sink comp="682" pin=0"/></net>

<net id="689"><net_src comp="490" pin="2"/><net_sink comp="682" pin=1"/></net>

<net id="690"><net_src comp="140" pin="0"/><net_sink comp="682" pin=2"/></net>

<net id="691"><net_src comp="142" pin="0"/><net_sink comp="682" pin=3"/></net>

<net id="697"><net_src comp="676" pin="2"/><net_sink comp="692" pin=0"/></net>

<net id="698"><net_src comp="682" pin="4"/><net_sink comp="692" pin=1"/></net>

<net id="699"><net_src comp="144" pin="0"/><net_sink comp="692" pin=2"/></net>

<net id="704"><net_src comp="484" pin="2"/><net_sink comp="700" pin=0"/></net>

<net id="705"><net_src comp="132" pin="0"/><net_sink comp="700" pin=1"/></net>

<net id="712"><net_src comp="138" pin="0"/><net_sink comp="706" pin=0"/></net>

<net id="713"><net_src comp="484" pin="2"/><net_sink comp="706" pin=1"/></net>

<net id="714"><net_src comp="140" pin="0"/><net_sink comp="706" pin=2"/></net>

<net id="715"><net_src comp="142" pin="0"/><net_sink comp="706" pin=3"/></net>

<net id="721"><net_src comp="700" pin="2"/><net_sink comp="716" pin=0"/></net>

<net id="722"><net_src comp="706" pin="4"/><net_sink comp="716" pin=1"/></net>

<net id="723"><net_src comp="144" pin="0"/><net_sink comp="716" pin=2"/></net>

<net id="728"><net_src comp="478" pin="2"/><net_sink comp="724" pin=0"/></net>

<net id="729"><net_src comp="132" pin="0"/><net_sink comp="724" pin=1"/></net>

<net id="736"><net_src comp="138" pin="0"/><net_sink comp="730" pin=0"/></net>

<net id="737"><net_src comp="478" pin="2"/><net_sink comp="730" pin=1"/></net>

<net id="738"><net_src comp="140" pin="0"/><net_sink comp="730" pin=2"/></net>

<net id="739"><net_src comp="142" pin="0"/><net_sink comp="730" pin=3"/></net>

<net id="745"><net_src comp="724" pin="2"/><net_sink comp="740" pin=0"/></net>

<net id="746"><net_src comp="730" pin="4"/><net_sink comp="740" pin=1"/></net>

<net id="747"><net_src comp="144" pin="0"/><net_sink comp="740" pin=2"/></net>

<net id="752"><net_src comp="472" pin="2"/><net_sink comp="748" pin=0"/></net>

<net id="753"><net_src comp="132" pin="0"/><net_sink comp="748" pin=1"/></net>

<net id="760"><net_src comp="138" pin="0"/><net_sink comp="754" pin=0"/></net>

<net id="761"><net_src comp="472" pin="2"/><net_sink comp="754" pin=1"/></net>

<net id="762"><net_src comp="140" pin="0"/><net_sink comp="754" pin=2"/></net>

<net id="763"><net_src comp="142" pin="0"/><net_sink comp="754" pin=3"/></net>

<net id="769"><net_src comp="748" pin="2"/><net_sink comp="764" pin=0"/></net>

<net id="770"><net_src comp="754" pin="4"/><net_sink comp="764" pin=1"/></net>

<net id="771"><net_src comp="144" pin="0"/><net_sink comp="764" pin=2"/></net>

<net id="776"><net_src comp="466" pin="2"/><net_sink comp="772" pin=0"/></net>

<net id="777"><net_src comp="132" pin="0"/><net_sink comp="772" pin=1"/></net>

<net id="784"><net_src comp="138" pin="0"/><net_sink comp="778" pin=0"/></net>

<net id="785"><net_src comp="466" pin="2"/><net_sink comp="778" pin=1"/></net>

<net id="786"><net_src comp="140" pin="0"/><net_sink comp="778" pin=2"/></net>

<net id="787"><net_src comp="142" pin="0"/><net_sink comp="778" pin=3"/></net>

<net id="793"><net_src comp="772" pin="2"/><net_sink comp="788" pin=0"/></net>

<net id="794"><net_src comp="778" pin="4"/><net_sink comp="788" pin=1"/></net>

<net id="795"><net_src comp="144" pin="0"/><net_sink comp="788" pin=2"/></net>

<net id="800"><net_src comp="460" pin="2"/><net_sink comp="796" pin=0"/></net>

<net id="801"><net_src comp="132" pin="0"/><net_sink comp="796" pin=1"/></net>

<net id="808"><net_src comp="138" pin="0"/><net_sink comp="802" pin=0"/></net>

<net id="809"><net_src comp="460" pin="2"/><net_sink comp="802" pin=1"/></net>

<net id="810"><net_src comp="140" pin="0"/><net_sink comp="802" pin=2"/></net>

<net id="811"><net_src comp="142" pin="0"/><net_sink comp="802" pin=3"/></net>

<net id="817"><net_src comp="796" pin="2"/><net_sink comp="812" pin=0"/></net>

<net id="818"><net_src comp="802" pin="4"/><net_sink comp="812" pin=1"/></net>

<net id="819"><net_src comp="144" pin="0"/><net_sink comp="812" pin=2"/></net>

<net id="824"><net_src comp="454" pin="2"/><net_sink comp="820" pin=0"/></net>

<net id="825"><net_src comp="132" pin="0"/><net_sink comp="820" pin=1"/></net>

<net id="832"><net_src comp="138" pin="0"/><net_sink comp="826" pin=0"/></net>

<net id="833"><net_src comp="454" pin="2"/><net_sink comp="826" pin=1"/></net>

<net id="834"><net_src comp="140" pin="0"/><net_sink comp="826" pin=2"/></net>

<net id="835"><net_src comp="142" pin="0"/><net_sink comp="826" pin=3"/></net>

<net id="841"><net_src comp="820" pin="2"/><net_sink comp="836" pin=0"/></net>

<net id="842"><net_src comp="826" pin="4"/><net_sink comp="836" pin=1"/></net>

<net id="843"><net_src comp="144" pin="0"/><net_sink comp="836" pin=2"/></net>

<net id="848"><net_src comp="448" pin="2"/><net_sink comp="844" pin=0"/></net>

<net id="849"><net_src comp="132" pin="0"/><net_sink comp="844" pin=1"/></net>

<net id="856"><net_src comp="138" pin="0"/><net_sink comp="850" pin=0"/></net>

<net id="857"><net_src comp="448" pin="2"/><net_sink comp="850" pin=1"/></net>

<net id="858"><net_src comp="140" pin="0"/><net_sink comp="850" pin=2"/></net>

<net id="859"><net_src comp="142" pin="0"/><net_sink comp="850" pin=3"/></net>

<net id="865"><net_src comp="844" pin="2"/><net_sink comp="860" pin=0"/></net>

<net id="866"><net_src comp="850" pin="4"/><net_sink comp="860" pin=1"/></net>

<net id="867"><net_src comp="144" pin="0"/><net_sink comp="860" pin=2"/></net>

<net id="872"><net_src comp="442" pin="2"/><net_sink comp="868" pin=0"/></net>

<net id="873"><net_src comp="132" pin="0"/><net_sink comp="868" pin=1"/></net>

<net id="880"><net_src comp="138" pin="0"/><net_sink comp="874" pin=0"/></net>

<net id="881"><net_src comp="442" pin="2"/><net_sink comp="874" pin=1"/></net>

<net id="882"><net_src comp="140" pin="0"/><net_sink comp="874" pin=2"/></net>

<net id="883"><net_src comp="142" pin="0"/><net_sink comp="874" pin=3"/></net>

<net id="889"><net_src comp="868" pin="2"/><net_sink comp="884" pin=0"/></net>

<net id="890"><net_src comp="874" pin="4"/><net_sink comp="884" pin=1"/></net>

<net id="891"><net_src comp="144" pin="0"/><net_sink comp="884" pin=2"/></net>

<net id="896"><net_src comp="436" pin="2"/><net_sink comp="892" pin=0"/></net>

<net id="897"><net_src comp="132" pin="0"/><net_sink comp="892" pin=1"/></net>

<net id="904"><net_src comp="138" pin="0"/><net_sink comp="898" pin=0"/></net>

<net id="905"><net_src comp="436" pin="2"/><net_sink comp="898" pin=1"/></net>

<net id="906"><net_src comp="140" pin="0"/><net_sink comp="898" pin=2"/></net>

<net id="907"><net_src comp="142" pin="0"/><net_sink comp="898" pin=3"/></net>

<net id="913"><net_src comp="892" pin="2"/><net_sink comp="908" pin=0"/></net>

<net id="914"><net_src comp="898" pin="4"/><net_sink comp="908" pin=1"/></net>

<net id="915"><net_src comp="144" pin="0"/><net_sink comp="908" pin=2"/></net>

<net id="920"><net_src comp="430" pin="2"/><net_sink comp="916" pin=0"/></net>

<net id="921"><net_src comp="132" pin="0"/><net_sink comp="916" pin=1"/></net>

<net id="928"><net_src comp="138" pin="0"/><net_sink comp="922" pin=0"/></net>

<net id="929"><net_src comp="430" pin="2"/><net_sink comp="922" pin=1"/></net>

<net id="930"><net_src comp="140" pin="0"/><net_sink comp="922" pin=2"/></net>

<net id="931"><net_src comp="142" pin="0"/><net_sink comp="922" pin=3"/></net>

<net id="937"><net_src comp="916" pin="2"/><net_sink comp="932" pin=0"/></net>

<net id="938"><net_src comp="922" pin="4"/><net_sink comp="932" pin=1"/></net>

<net id="939"><net_src comp="144" pin="0"/><net_sink comp="932" pin=2"/></net>

<net id="944"><net_src comp="424" pin="2"/><net_sink comp="940" pin=0"/></net>

<net id="945"><net_src comp="132" pin="0"/><net_sink comp="940" pin=1"/></net>

<net id="952"><net_src comp="138" pin="0"/><net_sink comp="946" pin=0"/></net>

<net id="953"><net_src comp="424" pin="2"/><net_sink comp="946" pin=1"/></net>

<net id="954"><net_src comp="140" pin="0"/><net_sink comp="946" pin=2"/></net>

<net id="955"><net_src comp="142" pin="0"/><net_sink comp="946" pin=3"/></net>

<net id="961"><net_src comp="940" pin="2"/><net_sink comp="956" pin=0"/></net>

<net id="962"><net_src comp="946" pin="4"/><net_sink comp="956" pin=1"/></net>

<net id="963"><net_src comp="144" pin="0"/><net_sink comp="956" pin=2"/></net>

<net id="968"><net_src comp="418" pin="2"/><net_sink comp="964" pin=0"/></net>

<net id="969"><net_src comp="132" pin="0"/><net_sink comp="964" pin=1"/></net>

<net id="976"><net_src comp="138" pin="0"/><net_sink comp="970" pin=0"/></net>

<net id="977"><net_src comp="418" pin="2"/><net_sink comp="970" pin=1"/></net>

<net id="978"><net_src comp="140" pin="0"/><net_sink comp="970" pin=2"/></net>

<net id="979"><net_src comp="142" pin="0"/><net_sink comp="970" pin=3"/></net>

<net id="985"><net_src comp="964" pin="2"/><net_sink comp="980" pin=0"/></net>

<net id="986"><net_src comp="970" pin="4"/><net_sink comp="980" pin=1"/></net>

<net id="987"><net_src comp="144" pin="0"/><net_sink comp="980" pin=2"/></net>

<net id="992"><net_src comp="412" pin="2"/><net_sink comp="988" pin=0"/></net>

<net id="993"><net_src comp="132" pin="0"/><net_sink comp="988" pin=1"/></net>

<net id="1000"><net_src comp="138" pin="0"/><net_sink comp="994" pin=0"/></net>

<net id="1001"><net_src comp="412" pin="2"/><net_sink comp="994" pin=1"/></net>

<net id="1002"><net_src comp="140" pin="0"/><net_sink comp="994" pin=2"/></net>

<net id="1003"><net_src comp="142" pin="0"/><net_sink comp="994" pin=3"/></net>

<net id="1009"><net_src comp="988" pin="2"/><net_sink comp="1004" pin=0"/></net>

<net id="1010"><net_src comp="994" pin="4"/><net_sink comp="1004" pin=1"/></net>

<net id="1011"><net_src comp="144" pin="0"/><net_sink comp="1004" pin=2"/></net>

<net id="1016"><net_src comp="406" pin="2"/><net_sink comp="1012" pin=0"/></net>

<net id="1017"><net_src comp="132" pin="0"/><net_sink comp="1012" pin=1"/></net>

<net id="1024"><net_src comp="138" pin="0"/><net_sink comp="1018" pin=0"/></net>

<net id="1025"><net_src comp="406" pin="2"/><net_sink comp="1018" pin=1"/></net>

<net id="1026"><net_src comp="140" pin="0"/><net_sink comp="1018" pin=2"/></net>

<net id="1027"><net_src comp="142" pin="0"/><net_sink comp="1018" pin=3"/></net>

<net id="1033"><net_src comp="1012" pin="2"/><net_sink comp="1028" pin=0"/></net>

<net id="1034"><net_src comp="1018" pin="4"/><net_sink comp="1028" pin=1"/></net>

<net id="1035"><net_src comp="144" pin="0"/><net_sink comp="1028" pin=2"/></net>

<net id="1040"><net_src comp="400" pin="2"/><net_sink comp="1036" pin=0"/></net>

<net id="1041"><net_src comp="132" pin="0"/><net_sink comp="1036" pin=1"/></net>

<net id="1048"><net_src comp="138" pin="0"/><net_sink comp="1042" pin=0"/></net>

<net id="1049"><net_src comp="400" pin="2"/><net_sink comp="1042" pin=1"/></net>

<net id="1050"><net_src comp="140" pin="0"/><net_sink comp="1042" pin=2"/></net>

<net id="1051"><net_src comp="142" pin="0"/><net_sink comp="1042" pin=3"/></net>

<net id="1057"><net_src comp="1036" pin="2"/><net_sink comp="1052" pin=0"/></net>

<net id="1058"><net_src comp="1042" pin="4"/><net_sink comp="1052" pin=1"/></net>

<net id="1059"><net_src comp="144" pin="0"/><net_sink comp="1052" pin=2"/></net>

<net id="1064"><net_src comp="394" pin="2"/><net_sink comp="1060" pin=0"/></net>

<net id="1065"><net_src comp="132" pin="0"/><net_sink comp="1060" pin=1"/></net>

<net id="1072"><net_src comp="138" pin="0"/><net_sink comp="1066" pin=0"/></net>

<net id="1073"><net_src comp="394" pin="2"/><net_sink comp="1066" pin=1"/></net>

<net id="1074"><net_src comp="140" pin="0"/><net_sink comp="1066" pin=2"/></net>

<net id="1075"><net_src comp="142" pin="0"/><net_sink comp="1066" pin=3"/></net>

<net id="1081"><net_src comp="1060" pin="2"/><net_sink comp="1076" pin=0"/></net>

<net id="1082"><net_src comp="1066" pin="4"/><net_sink comp="1076" pin=1"/></net>

<net id="1083"><net_src comp="144" pin="0"/><net_sink comp="1076" pin=2"/></net>

<net id="1088"><net_src comp="388" pin="2"/><net_sink comp="1084" pin=0"/></net>

<net id="1089"><net_src comp="132" pin="0"/><net_sink comp="1084" pin=1"/></net>

<net id="1096"><net_src comp="138" pin="0"/><net_sink comp="1090" pin=0"/></net>

<net id="1097"><net_src comp="388" pin="2"/><net_sink comp="1090" pin=1"/></net>

<net id="1098"><net_src comp="140" pin="0"/><net_sink comp="1090" pin=2"/></net>

<net id="1099"><net_src comp="142" pin="0"/><net_sink comp="1090" pin=3"/></net>

<net id="1105"><net_src comp="1084" pin="2"/><net_sink comp="1100" pin=0"/></net>

<net id="1106"><net_src comp="1090" pin="4"/><net_sink comp="1100" pin=1"/></net>

<net id="1107"><net_src comp="144" pin="0"/><net_sink comp="1100" pin=2"/></net>

<net id="1112"><net_src comp="382" pin="2"/><net_sink comp="1108" pin=0"/></net>

<net id="1113"><net_src comp="132" pin="0"/><net_sink comp="1108" pin=1"/></net>

<net id="1120"><net_src comp="138" pin="0"/><net_sink comp="1114" pin=0"/></net>

<net id="1121"><net_src comp="382" pin="2"/><net_sink comp="1114" pin=1"/></net>

<net id="1122"><net_src comp="140" pin="0"/><net_sink comp="1114" pin=2"/></net>

<net id="1123"><net_src comp="142" pin="0"/><net_sink comp="1114" pin=3"/></net>

<net id="1129"><net_src comp="1108" pin="2"/><net_sink comp="1124" pin=0"/></net>

<net id="1130"><net_src comp="1114" pin="4"/><net_sink comp="1124" pin=1"/></net>

<net id="1131"><net_src comp="144" pin="0"/><net_sink comp="1124" pin=2"/></net>

<net id="1136"><net_src comp="376" pin="2"/><net_sink comp="1132" pin=0"/></net>

<net id="1137"><net_src comp="132" pin="0"/><net_sink comp="1132" pin=1"/></net>

<net id="1144"><net_src comp="138" pin="0"/><net_sink comp="1138" pin=0"/></net>

<net id="1145"><net_src comp="376" pin="2"/><net_sink comp="1138" pin=1"/></net>

<net id="1146"><net_src comp="140" pin="0"/><net_sink comp="1138" pin=2"/></net>

<net id="1147"><net_src comp="142" pin="0"/><net_sink comp="1138" pin=3"/></net>

<net id="1153"><net_src comp="1132" pin="2"/><net_sink comp="1148" pin=0"/></net>

<net id="1154"><net_src comp="1138" pin="4"/><net_sink comp="1148" pin=1"/></net>

<net id="1155"><net_src comp="144" pin="0"/><net_sink comp="1148" pin=2"/></net>

<net id="1160"><net_src comp="370" pin="2"/><net_sink comp="1156" pin=0"/></net>

<net id="1161"><net_src comp="132" pin="0"/><net_sink comp="1156" pin=1"/></net>

<net id="1168"><net_src comp="138" pin="0"/><net_sink comp="1162" pin=0"/></net>

<net id="1169"><net_src comp="370" pin="2"/><net_sink comp="1162" pin=1"/></net>

<net id="1170"><net_src comp="140" pin="0"/><net_sink comp="1162" pin=2"/></net>

<net id="1171"><net_src comp="142" pin="0"/><net_sink comp="1162" pin=3"/></net>

<net id="1177"><net_src comp="1156" pin="2"/><net_sink comp="1172" pin=0"/></net>

<net id="1178"><net_src comp="1162" pin="4"/><net_sink comp="1172" pin=1"/></net>

<net id="1179"><net_src comp="144" pin="0"/><net_sink comp="1172" pin=2"/></net>

<net id="1184"><net_src comp="364" pin="2"/><net_sink comp="1180" pin=0"/></net>

<net id="1185"><net_src comp="132" pin="0"/><net_sink comp="1180" pin=1"/></net>

<net id="1192"><net_src comp="138" pin="0"/><net_sink comp="1186" pin=0"/></net>

<net id="1193"><net_src comp="364" pin="2"/><net_sink comp="1186" pin=1"/></net>

<net id="1194"><net_src comp="140" pin="0"/><net_sink comp="1186" pin=2"/></net>

<net id="1195"><net_src comp="142" pin="0"/><net_sink comp="1186" pin=3"/></net>

<net id="1201"><net_src comp="1180" pin="2"/><net_sink comp="1196" pin=0"/></net>

<net id="1202"><net_src comp="1186" pin="4"/><net_sink comp="1196" pin=1"/></net>

<net id="1203"><net_src comp="144" pin="0"/><net_sink comp="1196" pin=2"/></net>

<net id="1208"><net_src comp="358" pin="2"/><net_sink comp="1204" pin=0"/></net>

<net id="1209"><net_src comp="132" pin="0"/><net_sink comp="1204" pin=1"/></net>

<net id="1216"><net_src comp="138" pin="0"/><net_sink comp="1210" pin=0"/></net>

<net id="1217"><net_src comp="358" pin="2"/><net_sink comp="1210" pin=1"/></net>

<net id="1218"><net_src comp="140" pin="0"/><net_sink comp="1210" pin=2"/></net>

<net id="1219"><net_src comp="142" pin="0"/><net_sink comp="1210" pin=3"/></net>

<net id="1225"><net_src comp="1204" pin="2"/><net_sink comp="1220" pin=0"/></net>

<net id="1226"><net_src comp="1210" pin="4"/><net_sink comp="1220" pin=1"/></net>

<net id="1227"><net_src comp="144" pin="0"/><net_sink comp="1220" pin=2"/></net>

<net id="1232"><net_src comp="352" pin="2"/><net_sink comp="1228" pin=0"/></net>

<net id="1233"><net_src comp="132" pin="0"/><net_sink comp="1228" pin=1"/></net>

<net id="1240"><net_src comp="138" pin="0"/><net_sink comp="1234" pin=0"/></net>

<net id="1241"><net_src comp="352" pin="2"/><net_sink comp="1234" pin=1"/></net>

<net id="1242"><net_src comp="140" pin="0"/><net_sink comp="1234" pin=2"/></net>

<net id="1243"><net_src comp="142" pin="0"/><net_sink comp="1234" pin=3"/></net>

<net id="1249"><net_src comp="1228" pin="2"/><net_sink comp="1244" pin=0"/></net>

<net id="1250"><net_src comp="1234" pin="4"/><net_sink comp="1244" pin=1"/></net>

<net id="1251"><net_src comp="144" pin="0"/><net_sink comp="1244" pin=2"/></net>

<net id="1256"><net_src comp="346" pin="2"/><net_sink comp="1252" pin=0"/></net>

<net id="1257"><net_src comp="132" pin="0"/><net_sink comp="1252" pin=1"/></net>

<net id="1264"><net_src comp="138" pin="0"/><net_sink comp="1258" pin=0"/></net>

<net id="1265"><net_src comp="346" pin="2"/><net_sink comp="1258" pin=1"/></net>

<net id="1266"><net_src comp="140" pin="0"/><net_sink comp="1258" pin=2"/></net>

<net id="1267"><net_src comp="142" pin="0"/><net_sink comp="1258" pin=3"/></net>

<net id="1273"><net_src comp="1252" pin="2"/><net_sink comp="1268" pin=0"/></net>

<net id="1274"><net_src comp="1258" pin="4"/><net_sink comp="1268" pin=1"/></net>

<net id="1275"><net_src comp="144" pin="0"/><net_sink comp="1268" pin=2"/></net>

<net id="1280"><net_src comp="340" pin="2"/><net_sink comp="1276" pin=0"/></net>

<net id="1281"><net_src comp="132" pin="0"/><net_sink comp="1276" pin=1"/></net>

<net id="1288"><net_src comp="138" pin="0"/><net_sink comp="1282" pin=0"/></net>

<net id="1289"><net_src comp="340" pin="2"/><net_sink comp="1282" pin=1"/></net>

<net id="1290"><net_src comp="140" pin="0"/><net_sink comp="1282" pin=2"/></net>

<net id="1291"><net_src comp="142" pin="0"/><net_sink comp="1282" pin=3"/></net>

<net id="1297"><net_src comp="1276" pin="2"/><net_sink comp="1292" pin=0"/></net>

<net id="1298"><net_src comp="1282" pin="4"/><net_sink comp="1292" pin=1"/></net>

<net id="1299"><net_src comp="144" pin="0"/><net_sink comp="1292" pin=2"/></net>

<net id="1304"><net_src comp="334" pin="2"/><net_sink comp="1300" pin=0"/></net>

<net id="1305"><net_src comp="132" pin="0"/><net_sink comp="1300" pin=1"/></net>

<net id="1312"><net_src comp="138" pin="0"/><net_sink comp="1306" pin=0"/></net>

<net id="1313"><net_src comp="334" pin="2"/><net_sink comp="1306" pin=1"/></net>

<net id="1314"><net_src comp="140" pin="0"/><net_sink comp="1306" pin=2"/></net>

<net id="1315"><net_src comp="142" pin="0"/><net_sink comp="1306" pin=3"/></net>

<net id="1321"><net_src comp="1300" pin="2"/><net_sink comp="1316" pin=0"/></net>

<net id="1322"><net_src comp="1306" pin="4"/><net_sink comp="1316" pin=1"/></net>

<net id="1323"><net_src comp="144" pin="0"/><net_sink comp="1316" pin=2"/></net>

<net id="1328"><net_src comp="328" pin="2"/><net_sink comp="1324" pin=0"/></net>

<net id="1329"><net_src comp="132" pin="0"/><net_sink comp="1324" pin=1"/></net>

<net id="1336"><net_src comp="138" pin="0"/><net_sink comp="1330" pin=0"/></net>

<net id="1337"><net_src comp="328" pin="2"/><net_sink comp="1330" pin=1"/></net>

<net id="1338"><net_src comp="140" pin="0"/><net_sink comp="1330" pin=2"/></net>

<net id="1339"><net_src comp="142" pin="0"/><net_sink comp="1330" pin=3"/></net>

<net id="1345"><net_src comp="1324" pin="2"/><net_sink comp="1340" pin=0"/></net>

<net id="1346"><net_src comp="1330" pin="4"/><net_sink comp="1340" pin=1"/></net>

<net id="1347"><net_src comp="144" pin="0"/><net_sink comp="1340" pin=2"/></net>

<net id="1352"><net_src comp="322" pin="2"/><net_sink comp="1348" pin=0"/></net>

<net id="1353"><net_src comp="132" pin="0"/><net_sink comp="1348" pin=1"/></net>

<net id="1360"><net_src comp="138" pin="0"/><net_sink comp="1354" pin=0"/></net>

<net id="1361"><net_src comp="322" pin="2"/><net_sink comp="1354" pin=1"/></net>

<net id="1362"><net_src comp="140" pin="0"/><net_sink comp="1354" pin=2"/></net>

<net id="1363"><net_src comp="142" pin="0"/><net_sink comp="1354" pin=3"/></net>

<net id="1369"><net_src comp="1348" pin="2"/><net_sink comp="1364" pin=0"/></net>

<net id="1370"><net_src comp="1354" pin="4"/><net_sink comp="1364" pin=1"/></net>

<net id="1371"><net_src comp="144" pin="0"/><net_sink comp="1364" pin=2"/></net>

<net id="1376"><net_src comp="316" pin="2"/><net_sink comp="1372" pin=0"/></net>

<net id="1377"><net_src comp="132" pin="0"/><net_sink comp="1372" pin=1"/></net>

<net id="1384"><net_src comp="138" pin="0"/><net_sink comp="1378" pin=0"/></net>

<net id="1385"><net_src comp="316" pin="2"/><net_sink comp="1378" pin=1"/></net>

<net id="1386"><net_src comp="140" pin="0"/><net_sink comp="1378" pin=2"/></net>

<net id="1387"><net_src comp="142" pin="0"/><net_sink comp="1378" pin=3"/></net>

<net id="1393"><net_src comp="1372" pin="2"/><net_sink comp="1388" pin=0"/></net>

<net id="1394"><net_src comp="1378" pin="4"/><net_sink comp="1388" pin=1"/></net>

<net id="1395"><net_src comp="144" pin="0"/><net_sink comp="1388" pin=2"/></net>

<net id="1400"><net_src comp="310" pin="2"/><net_sink comp="1396" pin=0"/></net>

<net id="1401"><net_src comp="132" pin="0"/><net_sink comp="1396" pin=1"/></net>

<net id="1408"><net_src comp="138" pin="0"/><net_sink comp="1402" pin=0"/></net>

<net id="1409"><net_src comp="310" pin="2"/><net_sink comp="1402" pin=1"/></net>

<net id="1410"><net_src comp="140" pin="0"/><net_sink comp="1402" pin=2"/></net>

<net id="1411"><net_src comp="142" pin="0"/><net_sink comp="1402" pin=3"/></net>

<net id="1417"><net_src comp="1396" pin="2"/><net_sink comp="1412" pin=0"/></net>

<net id="1418"><net_src comp="1402" pin="4"/><net_sink comp="1412" pin=1"/></net>

<net id="1419"><net_src comp="144" pin="0"/><net_sink comp="1412" pin=2"/></net>

<net id="1424"><net_src comp="304" pin="2"/><net_sink comp="1420" pin=0"/></net>

<net id="1425"><net_src comp="132" pin="0"/><net_sink comp="1420" pin=1"/></net>

<net id="1432"><net_src comp="138" pin="0"/><net_sink comp="1426" pin=0"/></net>

<net id="1433"><net_src comp="304" pin="2"/><net_sink comp="1426" pin=1"/></net>

<net id="1434"><net_src comp="140" pin="0"/><net_sink comp="1426" pin=2"/></net>

<net id="1435"><net_src comp="142" pin="0"/><net_sink comp="1426" pin=3"/></net>

<net id="1441"><net_src comp="1420" pin="2"/><net_sink comp="1436" pin=0"/></net>

<net id="1442"><net_src comp="1426" pin="4"/><net_sink comp="1436" pin=1"/></net>

<net id="1443"><net_src comp="144" pin="0"/><net_sink comp="1436" pin=2"/></net>

<net id="1448"><net_src comp="298" pin="2"/><net_sink comp="1444" pin=0"/></net>

<net id="1449"><net_src comp="132" pin="0"/><net_sink comp="1444" pin=1"/></net>

<net id="1456"><net_src comp="138" pin="0"/><net_sink comp="1450" pin=0"/></net>

<net id="1457"><net_src comp="298" pin="2"/><net_sink comp="1450" pin=1"/></net>

<net id="1458"><net_src comp="140" pin="0"/><net_sink comp="1450" pin=2"/></net>

<net id="1459"><net_src comp="142" pin="0"/><net_sink comp="1450" pin=3"/></net>

<net id="1465"><net_src comp="1444" pin="2"/><net_sink comp="1460" pin=0"/></net>

<net id="1466"><net_src comp="1450" pin="4"/><net_sink comp="1460" pin=1"/></net>

<net id="1467"><net_src comp="144" pin="0"/><net_sink comp="1460" pin=2"/></net>

<net id="1472"><net_src comp="292" pin="2"/><net_sink comp="1468" pin=0"/></net>

<net id="1473"><net_src comp="132" pin="0"/><net_sink comp="1468" pin=1"/></net>

<net id="1480"><net_src comp="138" pin="0"/><net_sink comp="1474" pin=0"/></net>

<net id="1481"><net_src comp="292" pin="2"/><net_sink comp="1474" pin=1"/></net>

<net id="1482"><net_src comp="140" pin="0"/><net_sink comp="1474" pin=2"/></net>

<net id="1483"><net_src comp="142" pin="0"/><net_sink comp="1474" pin=3"/></net>

<net id="1489"><net_src comp="1468" pin="2"/><net_sink comp="1484" pin=0"/></net>

<net id="1490"><net_src comp="1474" pin="4"/><net_sink comp="1484" pin=1"/></net>

<net id="1491"><net_src comp="144" pin="0"/><net_sink comp="1484" pin=2"/></net>

<net id="1496"><net_src comp="286" pin="2"/><net_sink comp="1492" pin=0"/></net>

<net id="1497"><net_src comp="132" pin="0"/><net_sink comp="1492" pin=1"/></net>

<net id="1504"><net_src comp="138" pin="0"/><net_sink comp="1498" pin=0"/></net>

<net id="1505"><net_src comp="286" pin="2"/><net_sink comp="1498" pin=1"/></net>

<net id="1506"><net_src comp="140" pin="0"/><net_sink comp="1498" pin=2"/></net>

<net id="1507"><net_src comp="142" pin="0"/><net_sink comp="1498" pin=3"/></net>

<net id="1513"><net_src comp="1492" pin="2"/><net_sink comp="1508" pin=0"/></net>

<net id="1514"><net_src comp="1498" pin="4"/><net_sink comp="1508" pin=1"/></net>

<net id="1515"><net_src comp="144" pin="0"/><net_sink comp="1508" pin=2"/></net>

<net id="1520"><net_src comp="280" pin="2"/><net_sink comp="1516" pin=0"/></net>

<net id="1521"><net_src comp="132" pin="0"/><net_sink comp="1516" pin=1"/></net>

<net id="1528"><net_src comp="138" pin="0"/><net_sink comp="1522" pin=0"/></net>

<net id="1529"><net_src comp="280" pin="2"/><net_sink comp="1522" pin=1"/></net>

<net id="1530"><net_src comp="140" pin="0"/><net_sink comp="1522" pin=2"/></net>

<net id="1531"><net_src comp="142" pin="0"/><net_sink comp="1522" pin=3"/></net>

<net id="1537"><net_src comp="1516" pin="2"/><net_sink comp="1532" pin=0"/></net>

<net id="1538"><net_src comp="1522" pin="4"/><net_sink comp="1532" pin=1"/></net>

<net id="1539"><net_src comp="144" pin="0"/><net_sink comp="1532" pin=2"/></net>

<net id="1544"><net_src comp="274" pin="2"/><net_sink comp="1540" pin=0"/></net>

<net id="1545"><net_src comp="132" pin="0"/><net_sink comp="1540" pin=1"/></net>

<net id="1552"><net_src comp="138" pin="0"/><net_sink comp="1546" pin=0"/></net>

<net id="1553"><net_src comp="274" pin="2"/><net_sink comp="1546" pin=1"/></net>

<net id="1554"><net_src comp="140" pin="0"/><net_sink comp="1546" pin=2"/></net>

<net id="1555"><net_src comp="142" pin="0"/><net_sink comp="1546" pin=3"/></net>

<net id="1561"><net_src comp="1540" pin="2"/><net_sink comp="1556" pin=0"/></net>

<net id="1562"><net_src comp="1546" pin="4"/><net_sink comp="1556" pin=1"/></net>

<net id="1563"><net_src comp="144" pin="0"/><net_sink comp="1556" pin=2"/></net>

<net id="1568"><net_src comp="268" pin="2"/><net_sink comp="1564" pin=0"/></net>

<net id="1569"><net_src comp="132" pin="0"/><net_sink comp="1564" pin=1"/></net>

<net id="1576"><net_src comp="138" pin="0"/><net_sink comp="1570" pin=0"/></net>

<net id="1577"><net_src comp="268" pin="2"/><net_sink comp="1570" pin=1"/></net>

<net id="1578"><net_src comp="140" pin="0"/><net_sink comp="1570" pin=2"/></net>

<net id="1579"><net_src comp="142" pin="0"/><net_sink comp="1570" pin=3"/></net>

<net id="1585"><net_src comp="1564" pin="2"/><net_sink comp="1580" pin=0"/></net>

<net id="1586"><net_src comp="1570" pin="4"/><net_sink comp="1580" pin=1"/></net>

<net id="1587"><net_src comp="144" pin="0"/><net_sink comp="1580" pin=2"/></net>

<net id="1592"><net_src comp="262" pin="2"/><net_sink comp="1588" pin=0"/></net>

<net id="1593"><net_src comp="132" pin="0"/><net_sink comp="1588" pin=1"/></net>

<net id="1600"><net_src comp="138" pin="0"/><net_sink comp="1594" pin=0"/></net>

<net id="1601"><net_src comp="262" pin="2"/><net_sink comp="1594" pin=1"/></net>

<net id="1602"><net_src comp="140" pin="0"/><net_sink comp="1594" pin=2"/></net>

<net id="1603"><net_src comp="142" pin="0"/><net_sink comp="1594" pin=3"/></net>

<net id="1609"><net_src comp="1588" pin="2"/><net_sink comp="1604" pin=0"/></net>

<net id="1610"><net_src comp="1594" pin="4"/><net_sink comp="1604" pin=1"/></net>

<net id="1611"><net_src comp="144" pin="0"/><net_sink comp="1604" pin=2"/></net>

<net id="1616"><net_src comp="256" pin="2"/><net_sink comp="1612" pin=0"/></net>

<net id="1617"><net_src comp="132" pin="0"/><net_sink comp="1612" pin=1"/></net>

<net id="1624"><net_src comp="138" pin="0"/><net_sink comp="1618" pin=0"/></net>

<net id="1625"><net_src comp="256" pin="2"/><net_sink comp="1618" pin=1"/></net>

<net id="1626"><net_src comp="140" pin="0"/><net_sink comp="1618" pin=2"/></net>

<net id="1627"><net_src comp="142" pin="0"/><net_sink comp="1618" pin=3"/></net>

<net id="1633"><net_src comp="1612" pin="2"/><net_sink comp="1628" pin=0"/></net>

<net id="1634"><net_src comp="1618" pin="4"/><net_sink comp="1628" pin=1"/></net>

<net id="1635"><net_src comp="144" pin="0"/><net_sink comp="1628" pin=2"/></net>

<net id="1640"><net_src comp="250" pin="2"/><net_sink comp="1636" pin=0"/></net>

<net id="1641"><net_src comp="132" pin="0"/><net_sink comp="1636" pin=1"/></net>

<net id="1648"><net_src comp="138" pin="0"/><net_sink comp="1642" pin=0"/></net>

<net id="1649"><net_src comp="250" pin="2"/><net_sink comp="1642" pin=1"/></net>

<net id="1650"><net_src comp="140" pin="0"/><net_sink comp="1642" pin=2"/></net>

<net id="1651"><net_src comp="142" pin="0"/><net_sink comp="1642" pin=3"/></net>

<net id="1657"><net_src comp="1636" pin="2"/><net_sink comp="1652" pin=0"/></net>

<net id="1658"><net_src comp="1642" pin="4"/><net_sink comp="1652" pin=1"/></net>

<net id="1659"><net_src comp="144" pin="0"/><net_sink comp="1652" pin=2"/></net>

<net id="1664"><net_src comp="244" pin="2"/><net_sink comp="1660" pin=0"/></net>

<net id="1665"><net_src comp="132" pin="0"/><net_sink comp="1660" pin=1"/></net>

<net id="1672"><net_src comp="138" pin="0"/><net_sink comp="1666" pin=0"/></net>

<net id="1673"><net_src comp="244" pin="2"/><net_sink comp="1666" pin=1"/></net>

<net id="1674"><net_src comp="140" pin="0"/><net_sink comp="1666" pin=2"/></net>

<net id="1675"><net_src comp="142" pin="0"/><net_sink comp="1666" pin=3"/></net>

<net id="1681"><net_src comp="1660" pin="2"/><net_sink comp="1676" pin=0"/></net>

<net id="1682"><net_src comp="1666" pin="4"/><net_sink comp="1676" pin=1"/></net>

<net id="1683"><net_src comp="144" pin="0"/><net_sink comp="1676" pin=2"/></net>

<net id="1688"><net_src comp="238" pin="2"/><net_sink comp="1684" pin=0"/></net>

<net id="1689"><net_src comp="132" pin="0"/><net_sink comp="1684" pin=1"/></net>

<net id="1696"><net_src comp="138" pin="0"/><net_sink comp="1690" pin=0"/></net>

<net id="1697"><net_src comp="238" pin="2"/><net_sink comp="1690" pin=1"/></net>

<net id="1698"><net_src comp="140" pin="0"/><net_sink comp="1690" pin=2"/></net>

<net id="1699"><net_src comp="142" pin="0"/><net_sink comp="1690" pin=3"/></net>

<net id="1705"><net_src comp="1684" pin="2"/><net_sink comp="1700" pin=0"/></net>

<net id="1706"><net_src comp="1690" pin="4"/><net_sink comp="1700" pin=1"/></net>

<net id="1707"><net_src comp="144" pin="0"/><net_sink comp="1700" pin=2"/></net>

<net id="1712"><net_src comp="232" pin="2"/><net_sink comp="1708" pin=0"/></net>

<net id="1713"><net_src comp="132" pin="0"/><net_sink comp="1708" pin=1"/></net>

<net id="1720"><net_src comp="138" pin="0"/><net_sink comp="1714" pin=0"/></net>

<net id="1721"><net_src comp="232" pin="2"/><net_sink comp="1714" pin=1"/></net>

<net id="1722"><net_src comp="140" pin="0"/><net_sink comp="1714" pin=2"/></net>

<net id="1723"><net_src comp="142" pin="0"/><net_sink comp="1714" pin=3"/></net>

<net id="1729"><net_src comp="1708" pin="2"/><net_sink comp="1724" pin=0"/></net>

<net id="1730"><net_src comp="1714" pin="4"/><net_sink comp="1724" pin=1"/></net>

<net id="1731"><net_src comp="144" pin="0"/><net_sink comp="1724" pin=2"/></net>

<net id="1736"><net_src comp="226" pin="2"/><net_sink comp="1732" pin=0"/></net>

<net id="1737"><net_src comp="132" pin="0"/><net_sink comp="1732" pin=1"/></net>

<net id="1744"><net_src comp="138" pin="0"/><net_sink comp="1738" pin=0"/></net>

<net id="1745"><net_src comp="226" pin="2"/><net_sink comp="1738" pin=1"/></net>

<net id="1746"><net_src comp="140" pin="0"/><net_sink comp="1738" pin=2"/></net>

<net id="1747"><net_src comp="142" pin="0"/><net_sink comp="1738" pin=3"/></net>

<net id="1753"><net_src comp="1732" pin="2"/><net_sink comp="1748" pin=0"/></net>

<net id="1754"><net_src comp="1738" pin="4"/><net_sink comp="1748" pin=1"/></net>

<net id="1755"><net_src comp="144" pin="0"/><net_sink comp="1748" pin=2"/></net>

<net id="1760"><net_src comp="220" pin="2"/><net_sink comp="1756" pin=0"/></net>

<net id="1761"><net_src comp="132" pin="0"/><net_sink comp="1756" pin=1"/></net>

<net id="1768"><net_src comp="138" pin="0"/><net_sink comp="1762" pin=0"/></net>

<net id="1769"><net_src comp="220" pin="2"/><net_sink comp="1762" pin=1"/></net>

<net id="1770"><net_src comp="140" pin="0"/><net_sink comp="1762" pin=2"/></net>

<net id="1771"><net_src comp="142" pin="0"/><net_sink comp="1762" pin=3"/></net>

<net id="1777"><net_src comp="1756" pin="2"/><net_sink comp="1772" pin=0"/></net>

<net id="1778"><net_src comp="1762" pin="4"/><net_sink comp="1772" pin=1"/></net>

<net id="1779"><net_src comp="144" pin="0"/><net_sink comp="1772" pin=2"/></net>

<net id="1784"><net_src comp="214" pin="2"/><net_sink comp="1780" pin=0"/></net>

<net id="1785"><net_src comp="132" pin="0"/><net_sink comp="1780" pin=1"/></net>

<net id="1792"><net_src comp="138" pin="0"/><net_sink comp="1786" pin=0"/></net>

<net id="1793"><net_src comp="214" pin="2"/><net_sink comp="1786" pin=1"/></net>

<net id="1794"><net_src comp="140" pin="0"/><net_sink comp="1786" pin=2"/></net>

<net id="1795"><net_src comp="142" pin="0"/><net_sink comp="1786" pin=3"/></net>

<net id="1801"><net_src comp="1780" pin="2"/><net_sink comp="1796" pin=0"/></net>

<net id="1802"><net_src comp="1786" pin="4"/><net_sink comp="1796" pin=1"/></net>

<net id="1803"><net_src comp="144" pin="0"/><net_sink comp="1796" pin=2"/></net>

<net id="1808"><net_src comp="208" pin="2"/><net_sink comp="1804" pin=0"/></net>

<net id="1809"><net_src comp="132" pin="0"/><net_sink comp="1804" pin=1"/></net>

<net id="1816"><net_src comp="138" pin="0"/><net_sink comp="1810" pin=0"/></net>

<net id="1817"><net_src comp="208" pin="2"/><net_sink comp="1810" pin=1"/></net>

<net id="1818"><net_src comp="140" pin="0"/><net_sink comp="1810" pin=2"/></net>

<net id="1819"><net_src comp="142" pin="0"/><net_sink comp="1810" pin=3"/></net>

<net id="1825"><net_src comp="1804" pin="2"/><net_sink comp="1820" pin=0"/></net>

<net id="1826"><net_src comp="1810" pin="4"/><net_sink comp="1820" pin=1"/></net>

<net id="1827"><net_src comp="144" pin="0"/><net_sink comp="1820" pin=2"/></net>

<net id="1832"><net_src comp="202" pin="2"/><net_sink comp="1828" pin=0"/></net>

<net id="1833"><net_src comp="132" pin="0"/><net_sink comp="1828" pin=1"/></net>

<net id="1840"><net_src comp="138" pin="0"/><net_sink comp="1834" pin=0"/></net>

<net id="1841"><net_src comp="202" pin="2"/><net_sink comp="1834" pin=1"/></net>

<net id="1842"><net_src comp="140" pin="0"/><net_sink comp="1834" pin=2"/></net>

<net id="1843"><net_src comp="142" pin="0"/><net_sink comp="1834" pin=3"/></net>

<net id="1849"><net_src comp="1828" pin="2"/><net_sink comp="1844" pin=0"/></net>

<net id="1850"><net_src comp="1834" pin="4"/><net_sink comp="1844" pin=1"/></net>

<net id="1851"><net_src comp="144" pin="0"/><net_sink comp="1844" pin=2"/></net>

<net id="1856"><net_src comp="196" pin="2"/><net_sink comp="1852" pin=0"/></net>

<net id="1857"><net_src comp="132" pin="0"/><net_sink comp="1852" pin=1"/></net>

<net id="1864"><net_src comp="138" pin="0"/><net_sink comp="1858" pin=0"/></net>

<net id="1865"><net_src comp="196" pin="2"/><net_sink comp="1858" pin=1"/></net>

<net id="1866"><net_src comp="140" pin="0"/><net_sink comp="1858" pin=2"/></net>

<net id="1867"><net_src comp="142" pin="0"/><net_sink comp="1858" pin=3"/></net>

<net id="1873"><net_src comp="1852" pin="2"/><net_sink comp="1868" pin=0"/></net>

<net id="1874"><net_src comp="1858" pin="4"/><net_sink comp="1868" pin=1"/></net>

<net id="1875"><net_src comp="144" pin="0"/><net_sink comp="1868" pin=2"/></net>

<net id="1880"><net_src comp="190" pin="2"/><net_sink comp="1876" pin=0"/></net>

<net id="1881"><net_src comp="132" pin="0"/><net_sink comp="1876" pin=1"/></net>

<net id="1888"><net_src comp="138" pin="0"/><net_sink comp="1882" pin=0"/></net>

<net id="1889"><net_src comp="190" pin="2"/><net_sink comp="1882" pin=1"/></net>

<net id="1890"><net_src comp="140" pin="0"/><net_sink comp="1882" pin=2"/></net>

<net id="1891"><net_src comp="142" pin="0"/><net_sink comp="1882" pin=3"/></net>

<net id="1897"><net_src comp="1876" pin="2"/><net_sink comp="1892" pin=0"/></net>

<net id="1898"><net_src comp="1882" pin="4"/><net_sink comp="1892" pin=1"/></net>

<net id="1899"><net_src comp="144" pin="0"/><net_sink comp="1892" pin=2"/></net>

<net id="1904"><net_src comp="184" pin="2"/><net_sink comp="1900" pin=0"/></net>

<net id="1905"><net_src comp="132" pin="0"/><net_sink comp="1900" pin=1"/></net>

<net id="1912"><net_src comp="138" pin="0"/><net_sink comp="1906" pin=0"/></net>

<net id="1913"><net_src comp="184" pin="2"/><net_sink comp="1906" pin=1"/></net>

<net id="1914"><net_src comp="140" pin="0"/><net_sink comp="1906" pin=2"/></net>

<net id="1915"><net_src comp="142" pin="0"/><net_sink comp="1906" pin=3"/></net>

<net id="1921"><net_src comp="1900" pin="2"/><net_sink comp="1916" pin=0"/></net>

<net id="1922"><net_src comp="1906" pin="4"/><net_sink comp="1916" pin=1"/></net>

<net id="1923"><net_src comp="144" pin="0"/><net_sink comp="1916" pin=2"/></net>

<net id="1928"><net_src comp="178" pin="2"/><net_sink comp="1924" pin=0"/></net>

<net id="1929"><net_src comp="132" pin="0"/><net_sink comp="1924" pin=1"/></net>

<net id="1936"><net_src comp="138" pin="0"/><net_sink comp="1930" pin=0"/></net>

<net id="1937"><net_src comp="178" pin="2"/><net_sink comp="1930" pin=1"/></net>

<net id="1938"><net_src comp="140" pin="0"/><net_sink comp="1930" pin=2"/></net>

<net id="1939"><net_src comp="142" pin="0"/><net_sink comp="1930" pin=3"/></net>

<net id="1945"><net_src comp="1924" pin="2"/><net_sink comp="1940" pin=0"/></net>

<net id="1946"><net_src comp="1930" pin="4"/><net_sink comp="1940" pin=1"/></net>

<net id="1947"><net_src comp="144" pin="0"/><net_sink comp="1940" pin=2"/></net>

<net id="1952"><net_src comp="172" pin="2"/><net_sink comp="1948" pin=0"/></net>

<net id="1953"><net_src comp="132" pin="0"/><net_sink comp="1948" pin=1"/></net>

<net id="1960"><net_src comp="138" pin="0"/><net_sink comp="1954" pin=0"/></net>

<net id="1961"><net_src comp="172" pin="2"/><net_sink comp="1954" pin=1"/></net>

<net id="1962"><net_src comp="140" pin="0"/><net_sink comp="1954" pin=2"/></net>

<net id="1963"><net_src comp="142" pin="0"/><net_sink comp="1954" pin=3"/></net>

<net id="1969"><net_src comp="1948" pin="2"/><net_sink comp="1964" pin=0"/></net>

<net id="1970"><net_src comp="1954" pin="4"/><net_sink comp="1964" pin=1"/></net>

<net id="1971"><net_src comp="144" pin="0"/><net_sink comp="1964" pin=2"/></net>

<net id="1976"><net_src comp="166" pin="2"/><net_sink comp="1972" pin=0"/></net>

<net id="1977"><net_src comp="132" pin="0"/><net_sink comp="1972" pin=1"/></net>

<net id="1984"><net_src comp="138" pin="0"/><net_sink comp="1978" pin=0"/></net>

<net id="1985"><net_src comp="166" pin="2"/><net_sink comp="1978" pin=1"/></net>

<net id="1986"><net_src comp="140" pin="0"/><net_sink comp="1978" pin=2"/></net>

<net id="1987"><net_src comp="142" pin="0"/><net_sink comp="1978" pin=3"/></net>

<net id="1993"><net_src comp="1972" pin="2"/><net_sink comp="1988" pin=0"/></net>

<net id="1994"><net_src comp="1978" pin="4"/><net_sink comp="1988" pin=1"/></net>

<net id="1995"><net_src comp="144" pin="0"/><net_sink comp="1988" pin=2"/></net>

<net id="2000"><net_src comp="160" pin="2"/><net_sink comp="1996" pin=0"/></net>

<net id="2001"><net_src comp="132" pin="0"/><net_sink comp="1996" pin=1"/></net>

<net id="2008"><net_src comp="138" pin="0"/><net_sink comp="2002" pin=0"/></net>

<net id="2009"><net_src comp="160" pin="2"/><net_sink comp="2002" pin=1"/></net>

<net id="2010"><net_src comp="140" pin="0"/><net_sink comp="2002" pin=2"/></net>

<net id="2011"><net_src comp="142" pin="0"/><net_sink comp="2002" pin=3"/></net>

<net id="2017"><net_src comp="1996" pin="2"/><net_sink comp="2012" pin=0"/></net>

<net id="2018"><net_src comp="2002" pin="4"/><net_sink comp="2012" pin=1"/></net>

<net id="2019"><net_src comp="144" pin="0"/><net_sink comp="2012" pin=2"/></net>

<net id="2024"><net_src comp="154" pin="2"/><net_sink comp="2020" pin=0"/></net>

<net id="2025"><net_src comp="132" pin="0"/><net_sink comp="2020" pin=1"/></net>

<net id="2032"><net_src comp="138" pin="0"/><net_sink comp="2026" pin=0"/></net>

<net id="2033"><net_src comp="154" pin="2"/><net_sink comp="2026" pin=1"/></net>

<net id="2034"><net_src comp="140" pin="0"/><net_sink comp="2026" pin=2"/></net>

<net id="2035"><net_src comp="142" pin="0"/><net_sink comp="2026" pin=3"/></net>

<net id="2041"><net_src comp="2020" pin="2"/><net_sink comp="2036" pin=0"/></net>

<net id="2042"><net_src comp="2026" pin="4"/><net_sink comp="2036" pin=1"/></net>

<net id="2043"><net_src comp="144" pin="0"/><net_sink comp="2036" pin=2"/></net>

<net id="2048"><net_src comp="148" pin="2"/><net_sink comp="2044" pin=0"/></net>

<net id="2049"><net_src comp="132" pin="0"/><net_sink comp="2044" pin=1"/></net>

<net id="2056"><net_src comp="138" pin="0"/><net_sink comp="2050" pin=0"/></net>

<net id="2057"><net_src comp="148" pin="2"/><net_sink comp="2050" pin=1"/></net>

<net id="2058"><net_src comp="140" pin="0"/><net_sink comp="2050" pin=2"/></net>

<net id="2059"><net_src comp="142" pin="0"/><net_sink comp="2050" pin=3"/></net>

<net id="2065"><net_src comp="2044" pin="2"/><net_sink comp="2060" pin=0"/></net>

<net id="2066"><net_src comp="2050" pin="4"/><net_sink comp="2060" pin=1"/></net>

<net id="2067"><net_src comp="144" pin="0"/><net_sink comp="2060" pin=2"/></net>

<net id="2072"><net_src comp="146" pin="0"/><net_sink comp="2068" pin=0"/></net>

<net id="2073"><net_src comp="548" pin="3"/><net_sink comp="2068" pin=1"/></net>

<net id="2078"><net_src comp="2068" pin="2"/><net_sink comp="2074" pin=0"/></net>

<net id="2079"><net_src comp="572" pin="3"/><net_sink comp="2074" pin=1"/></net>

<net id="2084"><net_src comp="2074" pin="2"/><net_sink comp="2080" pin=0"/></net>

<net id="2085"><net_src comp="596" pin="3"/><net_sink comp="2080" pin=1"/></net>

<net id="2090"><net_src comp="2080" pin="2"/><net_sink comp="2086" pin=0"/></net>

<net id="2091"><net_src comp="620" pin="3"/><net_sink comp="2086" pin=1"/></net>

<net id="2096"><net_src comp="2086" pin="2"/><net_sink comp="2092" pin=0"/></net>

<net id="2097"><net_src comp="644" pin="3"/><net_sink comp="2092" pin=1"/></net>

<net id="2102"><net_src comp="2092" pin="2"/><net_sink comp="2098" pin=0"/></net>

<net id="2103"><net_src comp="668" pin="3"/><net_sink comp="2098" pin=1"/></net>

<net id="2108"><net_src comp="2098" pin="2"/><net_sink comp="2104" pin=0"/></net>

<net id="2109"><net_src comp="692" pin="3"/><net_sink comp="2104" pin=1"/></net>

<net id="2114"><net_src comp="2104" pin="2"/><net_sink comp="2110" pin=0"/></net>

<net id="2115"><net_src comp="716" pin="3"/><net_sink comp="2110" pin=1"/></net>

<net id="2120"><net_src comp="2110" pin="2"/><net_sink comp="2116" pin=0"/></net>

<net id="2121"><net_src comp="740" pin="3"/><net_sink comp="2116" pin=1"/></net>

<net id="2126"><net_src comp="2116" pin="2"/><net_sink comp="2122" pin=0"/></net>

<net id="2127"><net_src comp="764" pin="3"/><net_sink comp="2122" pin=1"/></net>

<net id="2132"><net_src comp="2122" pin="2"/><net_sink comp="2128" pin=0"/></net>

<net id="2133"><net_src comp="788" pin="3"/><net_sink comp="2128" pin=1"/></net>

<net id="2138"><net_src comp="2128" pin="2"/><net_sink comp="2134" pin=0"/></net>

<net id="2139"><net_src comp="812" pin="3"/><net_sink comp="2134" pin=1"/></net>

<net id="2144"><net_src comp="2134" pin="2"/><net_sink comp="2140" pin=0"/></net>

<net id="2145"><net_src comp="836" pin="3"/><net_sink comp="2140" pin=1"/></net>

<net id="2150"><net_src comp="2140" pin="2"/><net_sink comp="2146" pin=0"/></net>

<net id="2151"><net_src comp="860" pin="3"/><net_sink comp="2146" pin=1"/></net>

<net id="2156"><net_src comp="2146" pin="2"/><net_sink comp="2152" pin=0"/></net>

<net id="2157"><net_src comp="884" pin="3"/><net_sink comp="2152" pin=1"/></net>

<net id="2162"><net_src comp="2152" pin="2"/><net_sink comp="2158" pin=0"/></net>

<net id="2163"><net_src comp="908" pin="3"/><net_sink comp="2158" pin=1"/></net>

<net id="2168"><net_src comp="2158" pin="2"/><net_sink comp="2164" pin=0"/></net>

<net id="2169"><net_src comp="932" pin="3"/><net_sink comp="2164" pin=1"/></net>

<net id="2174"><net_src comp="2164" pin="2"/><net_sink comp="2170" pin=0"/></net>

<net id="2175"><net_src comp="956" pin="3"/><net_sink comp="2170" pin=1"/></net>

<net id="2180"><net_src comp="2170" pin="2"/><net_sink comp="2176" pin=0"/></net>

<net id="2181"><net_src comp="980" pin="3"/><net_sink comp="2176" pin=1"/></net>

<net id="2186"><net_src comp="2176" pin="2"/><net_sink comp="2182" pin=0"/></net>

<net id="2187"><net_src comp="1004" pin="3"/><net_sink comp="2182" pin=1"/></net>

<net id="2192"><net_src comp="2182" pin="2"/><net_sink comp="2188" pin=0"/></net>

<net id="2193"><net_src comp="1028" pin="3"/><net_sink comp="2188" pin=1"/></net>

<net id="2198"><net_src comp="2188" pin="2"/><net_sink comp="2194" pin=0"/></net>

<net id="2199"><net_src comp="1052" pin="3"/><net_sink comp="2194" pin=1"/></net>

<net id="2204"><net_src comp="2194" pin="2"/><net_sink comp="2200" pin=0"/></net>

<net id="2205"><net_src comp="1076" pin="3"/><net_sink comp="2200" pin=1"/></net>

<net id="2210"><net_src comp="2200" pin="2"/><net_sink comp="2206" pin=0"/></net>

<net id="2211"><net_src comp="1100" pin="3"/><net_sink comp="2206" pin=1"/></net>

<net id="2216"><net_src comp="2206" pin="2"/><net_sink comp="2212" pin=0"/></net>

<net id="2217"><net_src comp="1124" pin="3"/><net_sink comp="2212" pin=1"/></net>

<net id="2222"><net_src comp="2212" pin="2"/><net_sink comp="2218" pin=0"/></net>

<net id="2223"><net_src comp="1148" pin="3"/><net_sink comp="2218" pin=1"/></net>

<net id="2228"><net_src comp="2218" pin="2"/><net_sink comp="2224" pin=0"/></net>

<net id="2229"><net_src comp="1172" pin="3"/><net_sink comp="2224" pin=1"/></net>

<net id="2234"><net_src comp="2224" pin="2"/><net_sink comp="2230" pin=0"/></net>

<net id="2235"><net_src comp="1196" pin="3"/><net_sink comp="2230" pin=1"/></net>

<net id="2240"><net_src comp="2230" pin="2"/><net_sink comp="2236" pin=0"/></net>

<net id="2241"><net_src comp="1220" pin="3"/><net_sink comp="2236" pin=1"/></net>

<net id="2246"><net_src comp="2236" pin="2"/><net_sink comp="2242" pin=0"/></net>

<net id="2247"><net_src comp="1244" pin="3"/><net_sink comp="2242" pin=1"/></net>

<net id="2252"><net_src comp="2242" pin="2"/><net_sink comp="2248" pin=0"/></net>

<net id="2253"><net_src comp="1268" pin="3"/><net_sink comp="2248" pin=1"/></net>

<net id="2258"><net_src comp="2248" pin="2"/><net_sink comp="2254" pin=0"/></net>

<net id="2259"><net_src comp="1292" pin="3"/><net_sink comp="2254" pin=1"/></net>

<net id="2264"><net_src comp="2254" pin="2"/><net_sink comp="2260" pin=0"/></net>

<net id="2265"><net_src comp="1316" pin="3"/><net_sink comp="2260" pin=1"/></net>

<net id="2270"><net_src comp="2260" pin="2"/><net_sink comp="2266" pin=0"/></net>

<net id="2271"><net_src comp="1340" pin="3"/><net_sink comp="2266" pin=1"/></net>

<net id="2276"><net_src comp="2266" pin="2"/><net_sink comp="2272" pin=0"/></net>

<net id="2277"><net_src comp="1364" pin="3"/><net_sink comp="2272" pin=1"/></net>

<net id="2282"><net_src comp="2272" pin="2"/><net_sink comp="2278" pin=0"/></net>

<net id="2283"><net_src comp="1388" pin="3"/><net_sink comp="2278" pin=1"/></net>

<net id="2288"><net_src comp="2278" pin="2"/><net_sink comp="2284" pin=0"/></net>

<net id="2289"><net_src comp="1412" pin="3"/><net_sink comp="2284" pin=1"/></net>

<net id="2294"><net_src comp="2284" pin="2"/><net_sink comp="2290" pin=0"/></net>

<net id="2295"><net_src comp="1436" pin="3"/><net_sink comp="2290" pin=1"/></net>

<net id="2300"><net_src comp="2290" pin="2"/><net_sink comp="2296" pin=0"/></net>

<net id="2301"><net_src comp="1460" pin="3"/><net_sink comp="2296" pin=1"/></net>

<net id="2306"><net_src comp="2296" pin="2"/><net_sink comp="2302" pin=0"/></net>

<net id="2307"><net_src comp="1484" pin="3"/><net_sink comp="2302" pin=1"/></net>

<net id="2312"><net_src comp="2302" pin="2"/><net_sink comp="2308" pin=0"/></net>

<net id="2313"><net_src comp="1508" pin="3"/><net_sink comp="2308" pin=1"/></net>

<net id="2318"><net_src comp="2308" pin="2"/><net_sink comp="2314" pin=0"/></net>

<net id="2319"><net_src comp="1532" pin="3"/><net_sink comp="2314" pin=1"/></net>

<net id="2324"><net_src comp="2314" pin="2"/><net_sink comp="2320" pin=0"/></net>

<net id="2325"><net_src comp="1556" pin="3"/><net_sink comp="2320" pin=1"/></net>

<net id="2330"><net_src comp="2320" pin="2"/><net_sink comp="2326" pin=0"/></net>

<net id="2331"><net_src comp="1580" pin="3"/><net_sink comp="2326" pin=1"/></net>

<net id="2336"><net_src comp="2326" pin="2"/><net_sink comp="2332" pin=0"/></net>

<net id="2337"><net_src comp="1604" pin="3"/><net_sink comp="2332" pin=1"/></net>

<net id="2342"><net_src comp="2332" pin="2"/><net_sink comp="2338" pin=0"/></net>

<net id="2343"><net_src comp="1628" pin="3"/><net_sink comp="2338" pin=1"/></net>

<net id="2348"><net_src comp="2338" pin="2"/><net_sink comp="2344" pin=0"/></net>

<net id="2349"><net_src comp="1652" pin="3"/><net_sink comp="2344" pin=1"/></net>

<net id="2354"><net_src comp="2344" pin="2"/><net_sink comp="2350" pin=0"/></net>

<net id="2355"><net_src comp="1676" pin="3"/><net_sink comp="2350" pin=1"/></net>

<net id="2360"><net_src comp="2350" pin="2"/><net_sink comp="2356" pin=0"/></net>

<net id="2361"><net_src comp="1700" pin="3"/><net_sink comp="2356" pin=1"/></net>

<net id="2366"><net_src comp="2356" pin="2"/><net_sink comp="2362" pin=0"/></net>

<net id="2367"><net_src comp="1724" pin="3"/><net_sink comp="2362" pin=1"/></net>

<net id="2372"><net_src comp="2362" pin="2"/><net_sink comp="2368" pin=0"/></net>

<net id="2373"><net_src comp="1748" pin="3"/><net_sink comp="2368" pin=1"/></net>

<net id="2378"><net_src comp="2368" pin="2"/><net_sink comp="2374" pin=0"/></net>

<net id="2379"><net_src comp="1772" pin="3"/><net_sink comp="2374" pin=1"/></net>

<net id="2384"><net_src comp="2374" pin="2"/><net_sink comp="2380" pin=0"/></net>

<net id="2385"><net_src comp="1796" pin="3"/><net_sink comp="2380" pin=1"/></net>

<net id="2390"><net_src comp="2380" pin="2"/><net_sink comp="2386" pin=0"/></net>

<net id="2391"><net_src comp="1820" pin="3"/><net_sink comp="2386" pin=1"/></net>

<net id="2396"><net_src comp="2386" pin="2"/><net_sink comp="2392" pin=0"/></net>

<net id="2397"><net_src comp="1844" pin="3"/><net_sink comp="2392" pin=1"/></net>

<net id="2402"><net_src comp="2392" pin="2"/><net_sink comp="2398" pin=0"/></net>

<net id="2403"><net_src comp="1868" pin="3"/><net_sink comp="2398" pin=1"/></net>

<net id="2408"><net_src comp="2398" pin="2"/><net_sink comp="2404" pin=0"/></net>

<net id="2409"><net_src comp="1892" pin="3"/><net_sink comp="2404" pin=1"/></net>

<net id="2414"><net_src comp="2404" pin="2"/><net_sink comp="2410" pin=0"/></net>

<net id="2415"><net_src comp="1916" pin="3"/><net_sink comp="2410" pin=1"/></net>

<net id="2420"><net_src comp="2410" pin="2"/><net_sink comp="2416" pin=0"/></net>

<net id="2421"><net_src comp="1940" pin="3"/><net_sink comp="2416" pin=1"/></net>

<net id="2426"><net_src comp="2416" pin="2"/><net_sink comp="2422" pin=0"/></net>

<net id="2427"><net_src comp="1964" pin="3"/><net_sink comp="2422" pin=1"/></net>

<net id="2432"><net_src comp="2422" pin="2"/><net_sink comp="2428" pin=0"/></net>

<net id="2433"><net_src comp="1988" pin="3"/><net_sink comp="2428" pin=1"/></net>

<net id="2438"><net_src comp="2428" pin="2"/><net_sink comp="2434" pin=0"/></net>

<net id="2439"><net_src comp="2012" pin="3"/><net_sink comp="2434" pin=1"/></net>

<net id="2444"><net_src comp="2434" pin="2"/><net_sink comp="2440" pin=0"/></net>

<net id="2445"><net_src comp="2036" pin="3"/><net_sink comp="2440" pin=1"/></net>

<net id="2450"><net_src comp="2440" pin="2"/><net_sink comp="2446" pin=0"/></net>

<net id="2451"><net_src comp="2060" pin="3"/><net_sink comp="2446" pin=1"/></net>

</net_list>

</model> 
---------------- Datapath Model END ------------------

* FSMD analyzer results:
  - Output states:
 - Input state : 
	Port: relu<ap_fixed<32, 18, 5, 3, 0>, ap_fixed<16, 6, 5, 3, 0>, relu_config3> : data_0_val | {1 }
	Port: relu<ap_fixed<32, 18, 5, 3, 0>, ap_fixed<16, 6, 5, 3, 0>, relu_config3> : data_1_val | {1 }
	Port: relu<ap_fixed<32, 18, 5, 3, 0>, ap_fixed<16, 6, 5, 3, 0>, relu_config3> : data_2_val | {1 }
	Port: relu<ap_fixed<32, 18, 5, 3, 0>, ap_fixed<16, 6, 5, 3, 0>, relu_config3> : data_3_val | {1 }
	Port: relu<ap_fixed<32, 18, 5, 3, 0>, ap_fixed<16, 6, 5, 3, 0>, relu_config3> : data_4_val | {1 }
	Port: relu<ap_fixed<32, 18, 5, 3, 0>, ap_fixed<16, 6, 5, 3, 0>, relu_config3> : data_5_val | {1 }
	Port: relu<ap_fixed<32, 18, 5, 3, 0>, ap_fixed<16, 6, 5, 3, 0>, relu_config3> : data_6_val | {1 }
	Port: relu<ap_fixed<32, 18, 5, 3, 0>, ap_fixed<16, 6, 5, 3, 0>, relu_config3> : data_7_val | {1 }
	Port: relu<ap_fixed<32, 18, 5, 3, 0>, ap_fixed<16, 6, 5, 3, 0>, relu_config3> : data_8_val | {1 }
	Port: relu<ap_fixed<32, 18, 5, 3, 0>, ap_fixed<16, 6, 5, 3, 0>, relu_config3> : data_9_val | {1 }
	Port: relu<ap_fixed<32, 18, 5, 3, 0>, ap_fixed<16, 6, 5, 3, 0>, relu_config3> : data_10_val | {1 }
	Port: relu<ap_fixed<32, 18, 5, 3, 0>, ap_fixed<16, 6, 5, 3, 0>, relu_config3> : data_11_val | {1 }
	Port: relu<ap_fixed<32, 18, 5, 3, 0>, ap_fixed<16, 6, 5, 3, 0>, relu_config3> : data_12_val | {1 }
	Port: relu<ap_fixed<32, 18, 5, 3, 0>, ap_fixed<16, 6, 5, 3, 0>, relu_config3> : data_13_val | {1 }
	Port: relu<ap_fixed<32, 18, 5, 3, 0>, ap_fixed<16, 6, 5, 3, 0>, relu_config3> : data_14_val | {1 }
	Port: relu<ap_fixed<32, 18, 5, 3, 0>, ap_fixed<16, 6, 5, 3, 0>, relu_config3> : data_15_val | {1 }
	Port: relu<ap_fixed<32, 18, 5, 3, 0>, ap_fixed<16, 6, 5, 3, 0>, relu_config3> : data_16_val | {1 }
	Port: relu<ap_fixed<32, 18, 5, 3, 0>, ap_fixed<16, 6, 5, 3, 0>, relu_config3> : data_17_val | {1 }
	Port: relu<ap_fixed<32, 18, 5, 3, 0>, ap_fixed<16, 6, 5, 3, 0>, relu_config3> : data_18_val | {1 }
	Port: relu<ap_fixed<32, 18, 5, 3, 0>, ap_fixed<16, 6, 5, 3, 0>, relu_config3> : data_19_val | {1 }
	Port: relu<ap_fixed<32, 18, 5, 3, 0>, ap_fixed<16, 6, 5, 3, 0>, relu_config3> : data_20_val | {1 }
	Port: relu<ap_fixed<32, 18, 5, 3, 0>, ap_fixed<16, 6, 5, 3, 0>, relu_config3> : data_21_val | {1 }
	Port: relu<ap_fixed<32, 18, 5, 3, 0>, ap_fixed<16, 6, 5, 3, 0>, relu_config3> : data_22_val | {1 }
	Port: relu<ap_fixed<32, 18, 5, 3, 0>, ap_fixed<16, 6, 5, 3, 0>, relu_config3> : data_23_val | {1 }
	Port: relu<ap_fixed<32, 18, 5, 3, 0>, ap_fixed<16, 6, 5, 3, 0>, relu_config3> : data_24_val | {1 }
	Port: relu<ap_fixed<32, 18, 5, 3, 0>, ap_fixed<16, 6, 5, 3, 0>, relu_config3> : data_25_val | {1 }
	Port: relu<ap_fixed<32, 18, 5, 3, 0>, ap_fixed<16, 6, 5, 3, 0>, relu_config3> : data_26_val | {1 }
	Port: relu<ap_fixed<32, 18, 5, 3, 0>, ap_fixed<16, 6, 5, 3, 0>, relu_config3> : data_27_val | {1 }
	Port: relu<ap_fixed<32, 18, 5, 3, 0>, ap_fixed<16, 6, 5, 3, 0>, relu_config3> : data_28_val | {1 }
	Port: relu<ap_fixed<32, 18, 5, 3, 0>, ap_fixed<16, 6, 5, 3, 0>, relu_config3> : data_29_val | {1 }
	Port: relu<ap_fixed<32, 18, 5, 3, 0>, ap_fixed<16, 6, 5, 3, 0>, relu_config3> : data_30_val | {1 }
	Port: relu<ap_fixed<32, 18, 5, 3, 0>, ap_fixed<16, 6, 5, 3, 0>, relu_config3> : data_31_val | {1 }
	Port: relu<ap_fixed<32, 18, 5, 3, 0>, ap_fixed<16, 6, 5, 3, 0>, relu_config3> : data_32_val | {1 }
	Port: relu<ap_fixed<32, 18, 5, 3, 0>, ap_fixed<16, 6, 5, 3, 0>, relu_config3> : data_33_val | {1 }
	Port: relu<ap_fixed<32, 18, 5, 3, 0>, ap_fixed<16, 6, 5, 3, 0>, relu_config3> : data_34_val | {1 }
	Port: relu<ap_fixed<32, 18, 5, 3, 0>, ap_fixed<16, 6, 5, 3, 0>, relu_config3> : data_35_val | {1 }
	Port: relu<ap_fixed<32, 18, 5, 3, 0>, ap_fixed<16, 6, 5, 3, 0>, relu_config3> : data_36_val | {1 }
	Port: relu<ap_fixed<32, 18, 5, 3, 0>, ap_fixed<16, 6, 5, 3, 0>, relu_config3> : data_37_val | {1 }
	Port: relu<ap_fixed<32, 18, 5, 3, 0>, ap_fixed<16, 6, 5, 3, 0>, relu_config3> : data_38_val | {1 }
	Port: relu<ap_fixed<32, 18, 5, 3, 0>, ap_fixed<16, 6, 5, 3, 0>, relu_config3> : data_39_val | {1 }
	Port: relu<ap_fixed<32, 18, 5, 3, 0>, ap_fixed<16, 6, 5, 3, 0>, relu_config3> : data_40_val | {1 }
	Port: relu<ap_fixed<32, 18, 5, 3, 0>, ap_fixed<16, 6, 5, 3, 0>, relu_config3> : data_41_val | {1 }
	Port: relu<ap_fixed<32, 18, 5, 3, 0>, ap_fixed<16, 6, 5, 3, 0>, relu_config3> : data_42_val | {1 }
	Port: relu<ap_fixed<32, 18, 5, 3, 0>, ap_fixed<16, 6, 5, 3, 0>, relu_config3> : data_43_val | {1 }
	Port: relu<ap_fixed<32, 18, 5, 3, 0>, ap_fixed<16, 6, 5, 3, 0>, relu_config3> : data_44_val | {1 }
	Port: relu<ap_fixed<32, 18, 5, 3, 0>, ap_fixed<16, 6, 5, 3, 0>, relu_config3> : data_45_val | {1 }
	Port: relu<ap_fixed<32, 18, 5, 3, 0>, ap_fixed<16, 6, 5, 3, 0>, relu_config3> : data_46_val | {1 }
	Port: relu<ap_fixed<32, 18, 5, 3, 0>, ap_fixed<16, 6, 5, 3, 0>, relu_config3> : data_47_val | {1 }
	Port: relu<ap_fixed<32, 18, 5, 3, 0>, ap_fixed<16, 6, 5, 3, 0>, relu_config3> : data_48_val | {1 }
	Port: relu<ap_fixed<32, 18, 5, 3, 0>, ap_fixed<16, 6, 5, 3, 0>, relu_config3> : data_49_val | {1 }
	Port: relu<ap_fixed<32, 18, 5, 3, 0>, ap_fixed<16, 6, 5, 3, 0>, relu_config3> : data_50_val | {1 }
	Port: relu<ap_fixed<32, 18, 5, 3, 0>, ap_fixed<16, 6, 5, 3, 0>, relu_config3> : data_51_val | {1 }
	Port: relu<ap_fixed<32, 18, 5, 3, 0>, ap_fixed<16, 6, 5, 3, 0>, relu_config3> : data_52_val | {1 }
	Port: relu<ap_fixed<32, 18, 5, 3, 0>, ap_fixed<16, 6, 5, 3, 0>, relu_config3> : data_53_val | {1 }
	Port: relu<ap_fixed<32, 18, 5, 3, 0>, ap_fixed<16, 6, 5, 3, 0>, relu_config3> : data_54_val | {1 }
	Port: relu<ap_fixed<32, 18, 5, 3, 0>, ap_fixed<16, 6, 5, 3, 0>, relu_config3> : data_55_val | {1 }
	Port: relu<ap_fixed<32, 18, 5, 3, 0>, ap_fixed<16, 6, 5, 3, 0>, relu_config3> : data_56_val | {1 }
	Port: relu<ap_fixed<32, 18, 5, 3, 0>, ap_fixed<16, 6, 5, 3, 0>, relu_config3> : data_57_val | {1 }
	Port: relu<ap_fixed<32, 18, 5, 3, 0>, ap_fixed<16, 6, 5, 3, 0>, relu_config3> : data_58_val | {1 }
	Port: relu<ap_fixed<32, 18, 5, 3, 0>, ap_fixed<16, 6, 5, 3, 0>, relu_config3> : data_59_val | {1 }
	Port: relu<ap_fixed<32, 18, 5, 3, 0>, ap_fixed<16, 6, 5, 3, 0>, relu_config3> : data_60_val | {1 }
	Port: relu<ap_fixed<32, 18, 5, 3, 0>, ap_fixed<16, 6, 5, 3, 0>, relu_config3> : data_61_val | {1 }
	Port: relu<ap_fixed<32, 18, 5, 3, 0>, ap_fixed<16, 6, 5, 3, 0>, relu_config3> : data_62_val | {1 }
	Port: relu<ap_fixed<32, 18, 5, 3, 0>, ap_fixed<16, 6, 5, 3, 0>, relu_config3> : data_63_val | {1 }
  - Chain level:
	State 1
		select_ln45 : 1
		select_ln45_47 : 1
		select_ln45_48 : 1
		select_ln45_49 : 1
		select_ln45_50 : 1
		select_ln45_51 : 1
		select_ln45_52 : 1
		select_ln45_53 : 1
		select_ln45_54 : 1
		select_ln45_55 : 1
		select_ln45_56 : 1
		select_ln45_57 : 1
		select_ln45_58 : 1
		select_ln45_59 : 1
		select_ln45_60 : 1
		select_ln45_61 : 1
		select_ln45_62 : 1
		select_ln45_63 : 1
		select_ln45_64 : 1
		select_ln45_65 : 1
		select_ln45_66 : 1
		select_ln45_67 : 1
		select_ln45_68 : 1
		select_ln45_69 : 1
		select_ln45_70 : 1
		select_ln45_71 : 1
		select_ln45_72 : 1
		select_ln45_73 : 1
		select_ln45_74 : 1
		select_ln45_75 : 1
		select_ln45_76 : 1
		select_ln45_77 : 1
		select_ln45_78 : 1
		select_ln45_79 : 1
		select_ln45_80 : 1
		select_ln45_81 : 1
		select_ln45_82 : 1
		select_ln45_83 : 1
		select_ln45_84 : 1
		select_ln45_85 : 1
		select_ln45_86 : 1
		select_ln45_87 : 1
		select_ln45_88 : 1
		select_ln45_89 : 1
		select_ln45_90 : 1
		select_ln45_91 : 1
		select_ln45_92 : 1
		select_ln45_93 : 1
		select_ln45_94 : 1
		select_ln45_95 : 1
		select_ln45_96 : 1
		select_ln45_97 : 1
		select_ln45_98 : 1
		select_ln45_99 : 1
		select_ln45_100 : 1
		select_ln45_101 : 1
		select_ln45_102 : 1
		select_ln45_103 : 1
		select_ln45_104 : 1
		select_ln45_105 : 1
		select_ln45_106 : 1
		select_ln45_107 : 1
		select_ln45_108 : 1
		select_ln45_109 : 1
		mrv : 2
		mrv_1 : 3
		mrv_2 : 4
		mrv_3 : 5
		mrv_4 : 6
		mrv_5 : 7
		mrv_6 : 8
		mrv_7 : 9
		mrv_8 : 10
		mrv_9 : 11
		mrv_10 : 12
		mrv_11 : 13
		mrv_12 : 14
		mrv_13 : 15
		mrv_14 : 16
		mrv_15 : 17
		mrv_16 : 18
		mrv_17 : 19
		mrv_18 : 20
		mrv_19 : 21
		mrv_20 : 22
		mrv_21 : 23
		mrv_22 : 24
		mrv_23 : 25
		mrv_24 : 26
		mrv_25 : 27
		mrv_26 : 28
		mrv_27 : 29
		mrv_28 : 30
		mrv_29 : 31
		mrv_30 : 32
		mrv_s : 33
		mrv_31 : 34
		mrv_32 : 35
		mrv_33 : 36
		mrv_34 : 37
		mrv_35 : 38
		mrv_36 : 39
		mrv_37 : 40
		mrv_38 : 41
		mrv_39 : 42
		mrv_40 : 43
		mrv_41 : 44
		mrv_42 : 45
		mrv_43 : 46
		mrv_44 : 47
		mrv_45 : 48
		mrv_46 : 49
		mrv_47 : 50
		mrv_48 : 51
		mrv_49 : 52
		mrv_50 : 53
		mrv_51 : 54
		mrv_52 : 55
		mrv_53 : 56
		mrv_54 : 57
		mrv_55 : 58
		mrv_56 : 59
		mrv_57 : 60
		mrv_58 : 61
		mrv_59 : 62
		mrv_60 : 63
		mrv_61 : 64
		mrv_62 : 65
		ret_ln50 : 66


============================================================
+ Verbose Summary: Datapath Resource usage 
============================================================

* Functional unit list:
|----------|------------------------------|---------|---------|
| Operation|        Functional Unit       |    FF   |   LUT   |
|----------|------------------------------|---------|---------|
|          |       icmp_ln45_fu_532       |    0    |    39   |
|          |      icmp_ln45_47_fu_556     |    0    |    39   |
|          |      icmp_ln45_48_fu_580     |    0    |    39   |
|          |      icmp_ln45_49_fu_604     |    0    |    39   |
|          |      icmp_ln45_50_fu_628     |    0    |    39   |
|          |      icmp_ln45_51_fu_652     |    0    |    39   |
|          |      icmp_ln45_52_fu_676     |    0    |    39   |
|          |      icmp_ln45_53_fu_700     |    0    |    39   |
|          |      icmp_ln45_54_fu_724     |    0    |    39   |
|          |      icmp_ln45_55_fu_748     |    0    |    39   |
|          |      icmp_ln45_56_fu_772     |    0    |    39   |
|          |      icmp_ln45_57_fu_796     |    0    |    39   |
|          |      icmp_ln45_58_fu_820     |    0    |    39   |
|          |      icmp_ln45_59_fu_844     |    0    |    39   |
|          |      icmp_ln45_60_fu_868     |    0    |    39   |
|          |      icmp_ln45_61_fu_892     |    0    |    39   |
|          |      icmp_ln45_62_fu_916     |    0    |    39   |
|          |      icmp_ln45_63_fu_940     |    0    |    39   |
|          |      icmp_ln45_64_fu_964     |    0    |    39   |
|          |      icmp_ln45_65_fu_988     |    0    |    39   |
|          |     icmp_ln45_66_fu_1012     |    0    |    39   |
|          |     icmp_ln45_67_fu_1036     |    0    |    39   |
|          |     icmp_ln45_68_fu_1060     |    0    |    39   |
|          |     icmp_ln45_69_fu_1084     |    0    |    39   |
|          |     icmp_ln45_70_fu_1108     |    0    |    39   |
|          |     icmp_ln45_71_fu_1132     |    0    |    39   |
|          |     icmp_ln45_72_fu_1156     |    0    |    39   |
|          |     icmp_ln45_73_fu_1180     |    0    |    39   |
|          |     icmp_ln45_74_fu_1204     |    0    |    39   |
|          |     icmp_ln45_75_fu_1228     |    0    |    39   |
|          |     icmp_ln45_76_fu_1252     |    0    |    39   |
|   icmp   |     icmp_ln45_77_fu_1276     |    0    |    39   |
|          |     icmp_ln45_78_fu_1300     |    0    |    39   |
|          |     icmp_ln45_79_fu_1324     |    0    |    39   |
|          |     icmp_ln45_80_fu_1348     |    0    |    39   |
|          |     icmp_ln45_81_fu_1372     |    0    |    39   |
|          |     icmp_ln45_82_fu_1396     |    0    |    39   |
|          |     icmp_ln45_83_fu_1420     |    0    |    39   |
|          |     icmp_ln45_84_fu_1444     |    0    |    39   |
|          |     icmp_ln45_85_fu_1468     |    0    |    39   |
|          |     icmp_ln45_86_fu_1492     |    0    |    39   |
|          |     icmp_ln45_87_fu_1516     |    0    |    39   |
|          |     icmp_ln45_88_fu_1540     |    0    |    39   |
|          |     icmp_ln45_89_fu_1564     |    0    |    39   |
|          |     icmp_ln45_90_fu_1588     |    0    |    39   |
|          |     icmp_ln45_91_fu_1612     |    0    |    39   |
|          |     icmp_ln45_92_fu_1636     |    0    |    39   |
|          |     icmp_ln45_93_fu_1660     |    0    |    39   |
|          |     icmp_ln45_94_fu_1684     |    0    |    39   |
|          |     icmp_ln45_95_fu_1708     |    0    |    39   |
|          |     icmp_ln45_96_fu_1732     |    0    |    39   |
|          |     icmp_ln45_97_fu_1756     |    0    |    39   |
|          |     icmp_ln45_98_fu_1780     |    0    |    39   |
|          |     icmp_ln45_99_fu_1804     |    0    |    39   |
|          |     icmp_ln45_100_fu_1828    |    0    |    39   |
|          |     icmp_ln45_101_fu_1852    |    0    |    39   |
|          |     icmp_ln45_102_fu_1876    |    0    |    39   |
|          |     icmp_ln45_103_fu_1900    |    0    |    39   |
|          |     icmp_ln45_104_fu_1924    |    0    |    39   |
|          |     icmp_ln45_105_fu_1948    |    0    |    39   |
|          |     icmp_ln45_106_fu_1972    |    0    |    39   |
|          |     icmp_ln45_107_fu_1996    |    0    |    39   |
|          |     icmp_ln45_108_fu_2020    |    0    |    39   |
|          |     icmp_ln45_109_fu_2044    |    0    |    39   |
|----------|------------------------------|---------|---------|
|          |      select_ln45_fu_548      |    0    |    16   |
|          |     select_ln45_47_fu_572    |    0    |    16   |
|          |     select_ln45_48_fu_596    |    0    |    16   |
|          |     select_ln45_49_fu_620    |    0    |    16   |
|          |     select_ln45_50_fu_644    |    0    |    16   |
|          |     select_ln45_51_fu_668    |    0    |    16   |
|          |     select_ln45_52_fu_692    |    0    |    16   |
|          |     select_ln45_53_fu_716    |    0    |    16   |
|          |     select_ln45_54_fu_740    |    0    |    16   |
|          |     select_ln45_55_fu_764    |    0    |    16   |
|          |     select_ln45_56_fu_788    |    0    |    16   |
|          |     select_ln45_57_fu_812    |    0    |    16   |
|          |     select_ln45_58_fu_836    |    0    |    16   |
|          |     select_ln45_59_fu_860    |    0    |    16   |
|          |     select_ln45_60_fu_884    |    0    |    16   |
|          |     select_ln45_61_fu_908    |    0    |    16   |
|          |     select_ln45_62_fu_932    |    0    |    16   |
|          |     select_ln45_63_fu_956    |    0    |    16   |
|          |     select_ln45_64_fu_980    |    0    |    16   |
|          |    select_ln45_65_fu_1004    |    0    |    16   |
|          |    select_ln45_66_fu_1028    |    0    |    16   |
|          |    select_ln45_67_fu_1052    |    0    |    16   |
|          |    select_ln45_68_fu_1076    |    0    |    16   |
|          |    select_ln45_69_fu_1100    |    0    |    16   |
|          |    select_ln45_70_fu_1124    |    0    |    16   |
|          |    select_ln45_71_fu_1148    |    0    |    16   |
|          |    select_ln45_72_fu_1172    |    0    |    16   |
|          |    select_ln45_73_fu_1196    |    0    |    16   |
|          |    select_ln45_74_fu_1220    |    0    |    16   |
|          |    select_ln45_75_fu_1244    |    0    |    16   |
|          |    select_ln45_76_fu_1268    |    0    |    16   |
|  select  |    select_ln45_77_fu_1292    |    0    |    16   |
|          |    select_ln45_78_fu_1316    |    0    |    16   |
|          |    select_ln45_79_fu_1340    |    0    |    16   |
|          |    select_ln45_80_fu_1364    |    0    |    16   |
|          |    select_ln45_81_fu_1388    |    0    |    16   |
|          |    select_ln45_82_fu_1412    |    0    |    16   |
|          |    select_ln45_83_fu_1436    |    0    |    16   |
|          |    select_ln45_84_fu_1460    |    0    |    16   |
|          |    select_ln45_85_fu_1484    |    0    |    16   |
|          |    select_ln45_86_fu_1508    |    0    |    16   |
|          |    select_ln45_87_fu_1532    |    0    |    16   |
|          |    select_ln45_88_fu_1556    |    0    |    16   |
|          |    select_ln45_89_fu_1580    |    0    |    16   |
|          |    select_ln45_90_fu_1604    |    0    |    16   |
|          |    select_ln45_91_fu_1628    |    0    |    16   |
|          |    select_ln45_92_fu_1652    |    0    |    16   |
|          |    select_ln45_93_fu_1676    |    0    |    16   |
|          |    select_ln45_94_fu_1700    |    0    |    16   |
|          |    select_ln45_95_fu_1724    |    0    |    16   |
|          |    select_ln45_96_fu_1748    |    0    |    16   |
|          |    select_ln45_97_fu_1772    |    0    |    16   |
|          |    select_ln45_98_fu_1796    |    0    |    16   |
|          |    select_ln45_99_fu_1820    |    0    |    16   |
|          |    select_ln45_100_fu_1844   |    0    |    16   |
|          |    select_ln45_101_fu_1868   |    0    |    16   |
|          |    select_ln45_102_fu_1892   |    0    |    16   |
|          |    select_ln45_103_fu_1916   |    0    |    16   |
|          |    select_ln45_104_fu_1940   |    0    |    16   |
|          |    select_ln45_105_fu_1964   |    0    |    16   |
|          |    select_ln45_106_fu_1988   |    0    |    16   |
|          |    select_ln45_107_fu_2012   |    0    |    16   |
|          |    select_ln45_108_fu_2036   |    0    |    16   |
|          |    select_ln45_109_fu_2060   |    0    |    16   |
|----------|------------------------------|---------|---------|
|          | data_63_val_read_read_fu_148 |    0    |    0    |
|          | data_62_val_read_read_fu_154 |    0    |    0    |
|          | data_61_val_read_read_fu_160 |    0    |    0    |
|          | data_60_val_read_read_fu_166 |    0    |    0    |
|          | data_59_val_read_read_fu_172 |    0    |    0    |
|          | data_58_val_read_read_fu_178 |    0    |    0    |
|          | data_57_val_read_read_fu_184 |    0    |    0    |
|          | data_56_val_read_read_fu_190 |    0    |    0    |
|          | data_55_val_read_read_fu_196 |    0    |    0    |
|          | data_54_val_read_read_fu_202 |    0    |    0    |
|          | data_53_val_read_read_fu_208 |    0    |    0    |
|          | data_52_val_read_read_fu_214 |    0    |    0    |
|          | data_51_val_read_read_fu_220 |    0    |    0    |
|          | data_50_val_read_read_fu_226 |    0    |    0    |
|          | data_49_val_read_read_fu_232 |    0    |    0    |
|          | data_48_val_read_read_fu_238 |    0    |    0    |
|          | data_47_val_read_read_fu_244 |    0    |    0    |
|          | data_46_val_read_read_fu_250 |    0    |    0    |
|          | data_45_val_read_read_fu_256 |    0    |    0    |
|          | data_44_val_read_read_fu_262 |    0    |    0    |
|          | data_43_val_read_read_fu_268 |    0    |    0    |
|          | data_42_val_read_read_fu_274 |    0    |    0    |
|          | data_41_val_read_read_fu_280 |    0    |    0    |
|          | data_40_val_read_read_fu_286 |    0    |    0    |
|          | data_39_val_read_read_fu_292 |    0    |    0    |
|          | data_38_val_read_read_fu_298 |    0    |    0    |
|          | data_37_val_read_read_fu_304 |    0    |    0    |
|          | data_36_val_read_read_fu_310 |    0    |    0    |
|          | data_35_val_read_read_fu_316 |    0    |    0    |
|          | data_34_val_read_read_fu_322 |    0    |    0    |
|          | data_33_val_read_read_fu_328 |    0    |    0    |
|   read   | data_32_val_read_read_fu_334 |    0    |    0    |
|          | data_31_val_read_read_fu_340 |    0    |    0    |
|          | data_30_val_read_read_fu_346 |    0    |    0    |
|          | data_29_val_read_read_fu_352 |    0    |    0    |
|          | data_28_val_read_read_fu_358 |    0    |    0    |
|          | data_27_val_read_read_fu_364 |    0    |    0    |
|          | data_26_val_read_read_fu_370 |    0    |    0    |
|          | data_25_val_read_read_fu_376 |    0    |    0    |
|          | data_24_val_read_read_fu_382 |    0    |    0    |
|          | data_23_val_read_read_fu_388 |    0    |    0    |
|          | data_22_val_read_read_fu_394 |    0    |    0    |
|          | data_21_val_read_read_fu_400 |    0    |    0    |
|          | data_20_val_read_read_fu_406 |    0    |    0    |
|          | data_19_val_read_read_fu_412 |    0    |    0    |
|          | data_18_val_read_read_fu_418 |    0    |    0    |
|          | data_17_val_read_read_fu_424 |    0    |    0    |
|          | data_16_val_read_read_fu_430 |    0    |    0    |
|          | data_15_val_read_read_fu_436 |    0    |    0    |
|          | data_14_val_read_read_fu_442 |    0    |    0    |
|          | data_13_val_read_read_fu_448 |    0    |    0    |
|          | data_12_val_read_read_fu_454 |    0    |    0    |
|          | data_11_val_read_read_fu_460 |    0    |    0    |
|          | data_10_val_read_read_fu_466 |    0    |    0    |
|          |  data_9_val_read_read_fu_472 |    0    |    0    |
|          |  data_8_val_read_read_fu_478 |    0    |    0    |
|          |  data_7_val_read_read_fu_484 |    0    |    0    |
|          |  data_6_val_read_read_fu_490 |    0    |    0    |
|          |  data_5_val_read_read_fu_496 |    0    |    0    |
|          |  data_4_val_read_read_fu_502 |    0    |    0    |
|          |  data_3_val_read_read_fu_508 |    0    |    0    |
|          |  data_2_val_read_read_fu_514 |    0    |    0    |
|          |  data_1_val_read_read_fu_520 |    0    |    0    |
|          |  data_0_val_read_read_fu_526 |    0    |    0    |
|----------|------------------------------|---------|---------|
|          |        trunc_ln_fu_538       |    0    |    0    |
|          |      trunc_ln46_s_fu_562     |    0    |    0    |
|          |     trunc_ln46_45_fu_586     |    0    |    0    |
|          |     trunc_ln46_46_fu_610     |    0    |    0    |
|          |     trunc_ln46_47_fu_634     |    0    |    0    |
|          |     trunc_ln46_48_fu_658     |    0    |    0    |
|          |     trunc_ln46_49_fu_682     |    0    |    0    |
|          |     trunc_ln46_50_fu_706     |    0    |    0    |
|          |     trunc_ln46_51_fu_730     |    0    |    0    |
|          |     trunc_ln46_52_fu_754     |    0    |    0    |
|          |     trunc_ln46_53_fu_778     |    0    |    0    |
|          |     trunc_ln46_54_fu_802     |    0    |    0    |
|          |     trunc_ln46_55_fu_826     |    0    |    0    |
|          |     trunc_ln46_56_fu_850     |    0    |    0    |
|          |     trunc_ln46_57_fu_874     |    0    |    0    |
|          |     trunc_ln46_58_fu_898     |    0    |    0    |
|          |     trunc_ln46_59_fu_922     |    0    |    0    |
|          |     trunc_ln46_60_fu_946     |    0    |    0    |
|          |     trunc_ln46_61_fu_970     |    0    |    0    |
|          |     trunc_ln46_62_fu_994     |    0    |    0    |
|          |     trunc_ln46_63_fu_1018    |    0    |    0    |
|          |     trunc_ln46_64_fu_1042    |    0    |    0    |
|          |     trunc_ln46_65_fu_1066    |    0    |    0    |
|          |     trunc_ln46_66_fu_1090    |    0    |    0    |
|          |     trunc_ln46_67_fu_1114    |    0    |    0    |
|          |     trunc_ln46_68_fu_1138    |    0    |    0    |
|          |     trunc_ln46_69_fu_1162    |    0    |    0    |
|          |     trunc_ln46_70_fu_1186    |    0    |    0    |
|          |     trunc_ln46_71_fu_1210    |    0    |    0    |
|          |     trunc_ln46_72_fu_1234    |    0    |    0    |
|          |     trunc_ln46_73_fu_1258    |    0    |    0    |
|partselect|     trunc_ln46_74_fu_1282    |    0    |    0    |
|          |     trunc_ln46_75_fu_1306    |    0    |    0    |
|          |     trunc_ln46_76_fu_1330    |    0    |    0    |
|          |     trunc_ln46_77_fu_1354    |    0    |    0    |
|          |     trunc_ln46_78_fu_1378    |    0    |    0    |
|          |     trunc_ln46_79_fu_1402    |    0    |    0    |
|          |     trunc_ln46_80_fu_1426    |    0    |    0    |
|          |     trunc_ln46_81_fu_1450    |    0    |    0    |
|          |     trunc_ln46_82_fu_1474    |    0    |    0    |
|          |     trunc_ln46_83_fu_1498    |    0    |    0    |
|          |     trunc_ln46_84_fu_1522    |    0    |    0    |
|          |     trunc_ln46_85_fu_1546    |    0    |    0    |
|          |     trunc_ln46_86_fu_1570    |    0    |    0    |
|          |     trunc_ln46_87_fu_1594    |    0    |    0    |
|          |     trunc_ln46_88_fu_1618    |    0    |    0    |
|          |     trunc_ln46_89_fu_1642    |    0    |    0    |
|          |     trunc_ln46_90_fu_1666    |    0    |    0    |
|          |     trunc_ln46_91_fu_1690    |    0    |    0    |
|          |     trunc_ln46_92_fu_1714    |    0    |    0    |
|          |     trunc_ln46_93_fu_1738    |    0    |    0    |
|          |     trunc_ln46_94_fu_1762    |    0    |    0    |
|          |     trunc_ln46_95_fu_1786    |    0    |    0    |
|          |     trunc_ln46_96_fu_1810    |    0    |    0    |
|          |     trunc_ln46_97_fu_1834    |    0    |    0    |
|          |     trunc_ln46_98_fu_1858    |    0    |    0    |
|          |     trunc_ln46_99_fu_1882    |    0    |    0    |
|          |    trunc_ln46_100_fu_1906    |    0    |    0    |
|          |    trunc_ln46_101_fu_1930    |    0    |    0    |
|          |    trunc_ln46_102_fu_1954    |    0    |    0    |
|          |    trunc_ln46_103_fu_1978    |    0    |    0    |
|          |    trunc_ln46_104_fu_2002    |    0    |    0    |
|          |    trunc_ln46_105_fu_2026    |    0    |    0    |
|          |    trunc_ln46_106_fu_2050    |    0    |    0    |
|----------|------------------------------|---------|---------|
|          |          mrv_fu_2068         |    0    |    0    |
|          |         mrv_1_fu_2074        |    0    |    0    |
|          |         mrv_2_fu_2080        |    0    |    0    |
|          |         mrv_3_fu_2086        |    0    |    0    |
|          |         mrv_4_fu_2092        |    0    |    0    |
|          |         mrv_5_fu_2098        |    0    |    0    |
|          |         mrv_6_fu_2104        |    0    |    0    |
|          |         mrv_7_fu_2110        |    0    |    0    |
|          |         mrv_8_fu_2116        |    0    |    0    |
|          |         mrv_9_fu_2122        |    0    |    0    |
|          |        mrv_10_fu_2128        |    0    |    0    |
|          |        mrv_11_fu_2134        |    0    |    0    |
|          |        mrv_12_fu_2140        |    0    |    0    |
|          |        mrv_13_fu_2146        |    0    |    0    |
|          |        mrv_14_fu_2152        |    0    |    0    |
|          |        mrv_15_fu_2158        |    0    |    0    |
|          |        mrv_16_fu_2164        |    0    |    0    |
|          |        mrv_17_fu_2170        |    0    |    0    |
|          |        mrv_18_fu_2176        |    0    |    0    |
|          |        mrv_19_fu_2182        |    0    |    0    |
|          |        mrv_20_fu_2188        |    0    |    0    |
|          |        mrv_21_fu_2194        |    0    |    0    |
|          |        mrv_22_fu_2200        |    0    |    0    |
|          |        mrv_23_fu_2206        |    0    |    0    |
|          |        mrv_24_fu_2212        |    0    |    0    |
|          |        mrv_25_fu_2218        |    0    |    0    |
|          |        mrv_26_fu_2224        |    0    |    0    |
|          |        mrv_27_fu_2230        |    0    |    0    |
|          |        mrv_28_fu_2236        |    0    |    0    |
|          |        mrv_29_fu_2242        |    0    |    0    |
|          |        mrv_30_fu_2248        |    0    |    0    |
|insertvalue|         mrv_s_fu_2254        |    0    |    0    |
|          |        mrv_31_fu_2260        |    0    |    0    |
|          |        mrv_32_fu_2266        |    0    |    0    |
|          |        mrv_33_fu_2272        |    0    |    0    |
|          |        mrv_34_fu_2278        |    0    |    0    |
|          |        mrv_35_fu_2284        |    0    |    0    |
|          |        mrv_36_fu_2290        |    0    |    0    |
|          |        mrv_37_fu_2296        |    0    |    0    |
|          |        mrv_38_fu_2302        |    0    |    0    |
|          |        mrv_39_fu_2308        |    0    |    0    |
|          |        mrv_40_fu_2314        |    0    |    0    |
|          |        mrv_41_fu_2320        |    0    |    0    |
|          |        mrv_42_fu_2326        |    0    |    0    |
|          |        mrv_43_fu_2332        |    0    |    0    |
|          |        mrv_44_fu_2338        |    0    |    0    |
|          |        mrv_45_fu_2344        |    0    |    0    |
|          |        mrv_46_fu_2350        |    0    |    0    |
|          |        mrv_47_fu_2356        |    0    |    0    |
|          |        mrv_48_fu_2362        |    0    |    0    |
|          |        mrv_49_fu_2368        |    0    |    0    |
|          |        mrv_50_fu_2374        |    0    |    0    |
|          |        mrv_51_fu_2380        |    0    |    0    |
|          |        mrv_52_fu_2386        |    0    |    0    |
|          |        mrv_53_fu_2392        |    0    |    0    |
|          |        mrv_54_fu_2398        |    0    |    0    |
|          |        mrv_55_fu_2404        |    0    |    0    |
|          |        mrv_56_fu_2410        |    0    |    0    |
|          |        mrv_57_fu_2416        |    0    |    0    |
|          |        mrv_58_fu_2422        |    0    |    0    |
|          |        mrv_59_fu_2428        |    0    |    0    |
|          |        mrv_60_fu_2434        |    0    |    0    |
|          |        mrv_61_fu_2440        |    0    |    0    |
|          |        mrv_62_fu_2446        |    0    |    0    |
|----------|------------------------------|---------|---------|
|   Total  |                              |    0    |   3520  |
|----------|------------------------------|---------|---------|

Memories:
N/A

* Register list:
N/A

* Multiplexer (MUX) list: 
|--------|------|------|------|--------|
|  Comp  |  Pin | Size |  BW  | S x BW |
|--------|------|------|------|--------|
|  Total |      |      |      |    0   |
|--------|------|------|------|--------|



* Summary:
+-----------+--------+--------+
|           |   FF   |   LUT  |
+-----------+--------+--------+
|  Function |    0   |  3520  |
|   Memory  |    -   |    -   |
|Multiplexer|    -   |    -   |
|  Register |    -   |    -   |
+-----------+--------+--------+
|   Total   |    0   |  3520  |
+-----------+--------+--------+
