

================================================================
== Vitis HLS Report for 'relu_ap_fixed_32_18_5_3_0_ap_fixed_16_6_5_3_0_relu_config3_s'
================================================================
* Date:           Sat Nov 15 22:34:58 2025

* Version:        2023.1 (Build 3854077 on May  4 2023)
* Project:        myproject_prj
* Solution:       solution1 (Vivado IP Flow Target)
* Product family: zynq
* Target device:  xc7z020-clg400-1


================================================================
== Performance Estimates
================================================================
+ Timing: 
    * Summary: 
    +--------+---------+----------+------------+
    |  Clock |  Target | Estimated| Uncertainty|
    +--------+---------+----------+------------+
    |ap_clk  |  0.10 us|  3.357 ns|    27.00 ns|
    +--------+---------+----------+------------+

+ Latency: 
    * Summary: 
    +---------+---------+----------+----------+-----+-----+---------+
    |  Latency (cycles) |  Latency (absolute) |  Interval | Pipeline|
    |   min   |   max   |    min   |    max   | min | max |   Type  |
    +---------+---------+----------+----------+-----+-----+---------+
    |        0|        0|      0 ns|      0 ns|    1|    1|      yes|
    +---------+---------+----------+----------+-----+-----+---------+

    + Detail: 
        * Instance: 
        N/A

        * Loop: 
        N/A

============================================================
+ Verbose Summary: Synthesis Manager
============================================================
InlineROM: 1
ExposeGlobal: 0
============================================================
+ Verbose Summary: CDFG Model
============================================================
IsTopModel: 0
ResetActiveHigh: 1
IsCombinational: 0
IsDatapathOnly: 0
HasWiredReturn: 1
HasMFsm: 2
HasVarLatency: 0
IsPipeline: 1
IsRtlPipelined: 0
IsInstanceOverlapped: 0
IsDontTouch: 0
HasImplIP: 0
IsGatedGlobalClock: 0

+ Individual pipeline summary: 
  * Pipeline-0: initiation interval (II) = 1, depth = 1


============================================================
+ Verbose Summary: Schedule
============================================================
* Number of FSM states : 1
* Pipeline : 1
  Pipeline-0 : II = 1, D = 1, States = { 1 }
* Dataflow Pipeline: 0

* FSM state transitions: 
1 --> 

* FSM state operations: 

State 1 <SV = 0> <Delay = 3.35>
ST_1 : Operation 2 [1/1] (0.00ns)   --->   "%specpipeline_ln43 = specpipeline void @_ssdm_op_SpecPipeline, i32 4294967295, i32 0, i32 0, i32 0, void @empty_0" [firmware/nnet_utils/nnet_activation.h:43]   --->   Operation 2 'specpipeline' 'specpipeline_ln43' <Predicate = true> <Delay = 0.00>
ST_1 : Operation 3 [1/1] (0.00ns)   --->   "%data_63_val_read = read i32 @_ssdm_op_Read.ap_auto.i32, i32 %data_63_val" [firmware/nnet_utils/nnet_activation.h:42]   --->   Operation 3 'read' 'data_63_val_read' <Predicate = true> <Delay = 0.00>
ST_1 : Operation 4 [1/1] (0.00ns)   --->   "%data_62_val_read = read i32 @_ssdm_op_Read.ap_auto.i32, i32 %data_62_val" [firmware/nnet_utils/nnet_activation.h:42]   --->   Operation 4 'read' 'data_62_val_read' <Predicate = true> <Delay = 0.00>
ST_1 : Operation 5 [1/1] (0.00ns)   --->   "%data_61_val_read = read i32 @_ssdm_op_Read.ap_auto.i32, i32 %data_61_val" [firmware/nnet_utils/nnet_activation.h:42]   --->   Operation 5 'read' 'data_61_val_read' <Predicate = true> <Delay = 0.00>
ST_1 : Operation 6 [1/1] (0.00ns)   --->   "%data_60_val_read = read i32 @_ssdm_op_Read.ap_auto.i32, i32 %data_60_val" [firmware/nnet_utils/nnet_activation.h:42]   --->   Operation 6 'read' 'data_60_val_read' <Predicate = true> <Delay = 0.00>
ST_1 : Operation 7 [1/1] (0.00ns)   --->   "%data_59_val_read = read i32 @_ssdm_op_Read.ap_auto.i32, i32 %data_59_val" [firmware/nnet_utils/nnet_activation.h:42]   --->   Operation 7 'read' 'data_59_val_read' <Predicate = true> <Delay = 0.00>
ST_1 : Operation 8 [1/1] (0.00ns)   --->   "%data_58_val_read = read i32 @_ssdm_op_Read.ap_auto.i32, i32 %data_58_val" [firmware/nnet_utils/nnet_activation.h:42]   --->   Operation 8 'read' 'data_58_val_read' <Predicate = true> <Delay = 0.00>
ST_1 : Operation 9 [1/1] (0.00ns)   --->   "%data_57_val_read = read i32 @_ssdm_op_Read.ap_auto.i32, i32 %data_57_val" [firmware/nnet_utils/nnet_activation.h:42]   --->   Operation 9 'read' 'data_57_val_read' <Predicate = true> <Delay = 0.00>
ST_1 : Operation 10 [1/1] (0.00ns)   --->   "%data_56_val_read = read i32 @_ssdm_op_Read.ap_auto.i32, i32 %data_56_val" [firmware/nnet_utils/nnet_activation.h:42]   --->   Operation 10 'read' 'data_56_val_read' <Predicate = true> <Delay = 0.00>
ST_1 : Operation 11 [1/1] (0.00ns)   --->   "%data_55_val_read = read i32 @_ssdm_op_Read.ap_auto.i32, i32 %data_55_val" [firmware/nnet_utils/nnet_activation.h:42]   --->   Operation 11 'read' 'data_55_val_read' <Predicate = true> <Delay = 0.00>
ST_1 : Operation 12 [1/1] (0.00ns)   --->   "%data_54_val_read = read i32 @_ssdm_op_Read.ap_auto.i32, i32 %data_54_val" [firmware/nnet_utils/nnet_activation.h:42]   --->   Operation 12 'read' 'data_54_val_read' <Predicate = true> <Delay = 0.00>
ST_1 : Operation 13 [1/1] (0.00ns)   --->   "%data_53_val_read = read i32 @_ssdm_op_Read.ap_auto.i32, i32 %data_53_val" [firmware/nnet_utils/nnet_activation.h:42]   --->   Operation 13 'read' 'data_53_val_read' <Predicate = true> <Delay = 0.00>
ST_1 : Operation 14 [1/1] (0.00ns)   --->   "%data_52_val_read = read i32 @_ssdm_op_Read.ap_auto.i32, i32 %data_52_val" [firmware/nnet_utils/nnet_activation.h:42]   --->   Operation 14 'read' 'data_52_val_read' <Predicate = true> <Delay = 0.00>
ST_1 : Operation 15 [1/1] (0.00ns)   --->   "%data_51_val_read = read i32 @_ssdm_op_Read.ap_auto.i32, i32 %data_51_val" [firmware/nnet_utils/nnet_activation.h:42]   --->   Operation 15 'read' 'data_51_val_read' <Predicate = true> <Delay = 0.00>
ST_1 : Operation 16 [1/1] (0.00ns)   --->   "%data_50_val_read = read i32 @_ssdm_op_Read.ap_auto.i32, i32 %data_50_val" [firmware/nnet_utils/nnet_activation.h:42]   --->   Operation 16 'read' 'data_50_val_read' <Predicate = true> <Delay = 0.00>
ST_1 : Operation 17 [1/1] (0.00ns)   --->   "%data_49_val_read = read i32 @_ssdm_op_Read.ap_auto.i32, i32 %data_49_val" [firmware/nnet_utils/nnet_activation.h:42]   --->   Operation 17 'read' 'data_49_val_read' <Predicate = true> <Delay = 0.00>
ST_1 : Operation 18 [1/1] (0.00ns)   --->   "%data_48_val_read = read i32 @_ssdm_op_Read.ap_auto.i32, i32 %data_48_val" [firmware/nnet_utils/nnet_activation.h:42]   --->   Operation 18 'read' 'data_48_val_read' <Predicate = true> <Delay = 0.00>
ST_1 : Operation 19 [1/1] (0.00ns)   --->   "%data_47_val_read = read i32 @_ssdm_op_Read.ap_auto.i32, i32 %data_47_val" [firmware/nnet_utils/nnet_activation.h:42]   --->   Operation 19 'read' 'data_47_val_read' <Predicate = true> <Delay = 0.00>
ST_1 : Operation 20 [1/1] (0.00ns)   --->   "%data_46_val_read = read i32 @_ssdm_op_Read.ap_auto.i32, i32 %data_46_val" [firmware/nnet_utils/nnet_activation.h:42]   --->   Operation 20 'read' 'data_46_val_read' <Predicate = true> <Delay = 0.00>
ST_1 : Operation 21 [1/1] (0.00ns)   --->   "%data_45_val_read = read i32 @_ssdm_op_Read.ap_auto.i32, i32 %data_45_val" [firmware/nnet_utils/nnet_activation.h:42]   --->   Operation 21 'read' 'data_45_val_read' <Predicate = true> <Delay = 0.00>
ST_1 : Operation 22 [1/1] (0.00ns)   --->   "%data_44_val_read = read i32 @_ssdm_op_Read.ap_auto.i32, i32 %data_44_val" [firmware/nnet_utils/nnet_activation.h:42]   --->   Operation 22 'read' 'data_44_val_read' <Predicate = true> <Delay = 0.00>
ST_1 : Operation 23 [1/1] (0.00ns)   --->   "%data_43_val_read = read i32 @_ssdm_op_Read.ap_auto.i32, i32 %data_43_val" [firmware/nnet_utils/nnet_activation.h:42]   --->   Operation 23 'read' 'data_43_val_read' <Predicate = true> <Delay = 0.00>
ST_1 : Operation 24 [1/1] (0.00ns)   --->   "%data_42_val_read = read i32 @_ssdm_op_Read.ap_auto.i32, i32 %data_42_val" [firmware/nnet_utils/nnet_activation.h:42]   --->   Operation 24 'read' 'data_42_val_read' <Predicate = true> <Delay = 0.00>
ST_1 : Operation 25 [1/1] (0.00ns)   --->   "%data_41_val_read = read i32 @_ssdm_op_Read.ap_auto.i32, i32 %data_41_val" [firmware/nnet_utils/nnet_activation.h:42]   --->   Operation 25 'read' 'data_41_val_read' <Predicate = true> <Delay = 0.00>
ST_1 : Operation 26 [1/1] (0.00ns)   --->   "%data_40_val_read = read i32 @_ssdm_op_Read.ap_auto.i32, i32 %data_40_val" [firmware/nnet_utils/nnet_activation.h:42]   --->   Operation 26 'read' 'data_40_val_read' <Predicate = true> <Delay = 0.00>
ST_1 : Operation 27 [1/1] (0.00ns)   --->   "%data_39_val_read = read i32 @_ssdm_op_Read.ap_auto.i32, i32 %data_39_val" [firmware/nnet_utils/nnet_activation.h:42]   --->   Operation 27 'read' 'data_39_val_read' <Predicate = true> <Delay = 0.00>
ST_1 : Operation 28 [1/1] (0.00ns)   --->   "%data_38_val_read = read i32 @_ssdm_op_Read.ap_auto.i32, i32 %data_38_val" [firmware/nnet_utils/nnet_activation.h:42]   --->   Operation 28 'read' 'data_38_val_read' <Predicate = true> <Delay = 0.00>
ST_1 : Operation 29 [1/1] (0.00ns)   --->   "%data_37_val_read = read i32 @_ssdm_op_Read.ap_auto.i32, i32 %data_37_val" [firmware/nnet_utils/nnet_activation.h:42]   --->   Operation 29 'read' 'data_37_val_read' <Predicate = true> <Delay = 0.00>
ST_1 : Operation 30 [1/1] (0.00ns)   --->   "%data_36_val_read = read i32 @_ssdm_op_Read.ap_auto.i32, i32 %data_36_val" [firmware/nnet_utils/nnet_activation.h:42]   --->   Operation 30 'read' 'data_36_val_read' <Predicate = true> <Delay = 0.00>
ST_1 : Operation 31 [1/1] (0.00ns)   --->   "%data_35_val_read = read i32 @_ssdm_op_Read.ap_auto.i32, i32 %data_35_val" [firmware/nnet_utils/nnet_activation.h:42]   --->   Operation 31 'read' 'data_35_val_read' <Predicate = true> <Delay = 0.00>
ST_1 : Operation 32 [1/1] (0.00ns)   --->   "%data_34_val_read = read i32 @_ssdm_op_Read.ap_auto.i32, i32 %data_34_val" [firmware/nnet_utils/nnet_activation.h:42]   --->   Operation 32 'read' 'data_34_val_read' <Predicate = true> <Delay = 0.00>
ST_1 : Operation 33 [1/1] (0.00ns)   --->   "%data_33_val_read = read i32 @_ssdm_op_Read.ap_auto.i32, i32 %data_33_val" [firmware/nnet_utils/nnet_activation.h:42]   --->   Operation 33 'read' 'data_33_val_read' <Predicate = true> <Delay = 0.00>
ST_1 : Operation 34 [1/1] (0.00ns)   --->   "%data_32_val_read = read i32 @_ssdm_op_Read.ap_auto.i32, i32 %data_32_val" [firmware/nnet_utils/nnet_activation.h:42]   --->   Operation 34 'read' 'data_32_val_read' <Predicate = true> <Delay = 0.00>
ST_1 : Operation 35 [1/1] (0.00ns)   --->   "%data_31_val_read = read i32 @_ssdm_op_Read.ap_auto.i32, i32 %data_31_val" [firmware/nnet_utils/nnet_activation.h:42]   --->   Operation 35 'read' 'data_31_val_read' <Predicate = true> <Delay = 0.00>
ST_1 : Operation 36 [1/1] (0.00ns)   --->   "%data_30_val_read = read i32 @_ssdm_op_Read.ap_auto.i32, i32 %data_30_val" [firmware/nnet_utils/nnet_activation.h:42]   --->   Operation 36 'read' 'data_30_val_read' <Predicate = true> <Delay = 0.00>
ST_1 : Operation 37 [1/1] (0.00ns)   --->   "%data_29_val_read = read i32 @_ssdm_op_Read.ap_auto.i32, i32 %data_29_val" [firmware/nnet_utils/nnet_activation.h:42]   --->   Operation 37 'read' 'data_29_val_read' <Predicate = true> <Delay = 0.00>
ST_1 : Operation 38 [1/1] (0.00ns)   --->   "%data_28_val_read = read i32 @_ssdm_op_Read.ap_auto.i32, i32 %data_28_val" [firmware/nnet_utils/nnet_activation.h:42]   --->   Operation 38 'read' 'data_28_val_read' <Predicate = true> <Delay = 0.00>
ST_1 : Operation 39 [1/1] (0.00ns)   --->   "%data_27_val_read = read i32 @_ssdm_op_Read.ap_auto.i32, i32 %data_27_val" [firmware/nnet_utils/nnet_activation.h:42]   --->   Operation 39 'read' 'data_27_val_read' <Predicate = true> <Delay = 0.00>
ST_1 : Operation 40 [1/1] (0.00ns)   --->   "%data_26_val_read = read i32 @_ssdm_op_Read.ap_auto.i32, i32 %data_26_val" [firmware/nnet_utils/nnet_activation.h:42]   --->   Operation 40 'read' 'data_26_val_read' <Predicate = true> <Delay = 0.00>
ST_1 : Operation 41 [1/1] (0.00ns)   --->   "%data_25_val_read = read i32 @_ssdm_op_Read.ap_auto.i32, i32 %data_25_val" [firmware/nnet_utils/nnet_activation.h:42]   --->   Operation 41 'read' 'data_25_val_read' <Predicate = true> <Delay = 0.00>
ST_1 : Operation 42 [1/1] (0.00ns)   --->   "%data_24_val_read = read i32 @_ssdm_op_Read.ap_auto.i32, i32 %data_24_val" [firmware/nnet_utils/nnet_activation.h:42]   --->   Operation 42 'read' 'data_24_val_read' <Predicate = true> <Delay = 0.00>
ST_1 : Operation 43 [1/1] (0.00ns)   --->   "%data_23_val_read = read i32 @_ssdm_op_Read.ap_auto.i32, i32 %data_23_val" [firmware/nnet_utils/nnet_activation.h:42]   --->   Operation 43 'read' 'data_23_val_read' <Predicate = true> <Delay = 0.00>
ST_1 : Operation 44 [1/1] (0.00ns)   --->   "%data_22_val_read = read i32 @_ssdm_op_Read.ap_auto.i32, i32 %data_22_val" [firmware/nnet_utils/nnet_activation.h:42]   --->   Operation 44 'read' 'data_22_val_read' <Predicate = true> <Delay = 0.00>
ST_1 : Operation 45 [1/1] (0.00ns)   --->   "%data_21_val_read = read i32 @_ssdm_op_Read.ap_auto.i32, i32 %data_21_val" [firmware/nnet_utils/nnet_activation.h:42]   --->   Operation 45 'read' 'data_21_val_read' <Predicate = true> <Delay = 0.00>
ST_1 : Operation 46 [1/1] (0.00ns)   --->   "%data_20_val_read = read i32 @_ssdm_op_Read.ap_auto.i32, i32 %data_20_val" [firmware/nnet_utils/nnet_activation.h:42]   --->   Operation 46 'read' 'data_20_val_read' <Predicate = true> <Delay = 0.00>
ST_1 : Operation 47 [1/1] (0.00ns)   --->   "%data_19_val_read = read i32 @_ssdm_op_Read.ap_auto.i32, i32 %data_19_val" [firmware/nnet_utils/nnet_activation.h:42]   --->   Operation 47 'read' 'data_19_val_read' <Predicate = true> <Delay = 0.00>
ST_1 : Operation 48 [1/1] (0.00ns)   --->   "%data_18_val_read = read i32 @_ssdm_op_Read.ap_auto.i32, i32 %data_18_val" [firmware/nnet_utils/nnet_activation.h:42]   --->   Operation 48 'read' 'data_18_val_read' <Predicate = true> <Delay = 0.00>
ST_1 : Operation 49 [1/1] (0.00ns)   --->   "%data_17_val_read = read i32 @_ssdm_op_Read.ap_auto.i32, i32 %data_17_val" [firmware/nnet_utils/nnet_activation.h:42]   --->   Operation 49 'read' 'data_17_val_read' <Predicate = true> <Delay = 0.00>
ST_1 : Operation 50 [1/1] (0.00ns)   --->   "%data_16_val_read = read i32 @_ssdm_op_Read.ap_auto.i32, i32 %data_16_val" [firmware/nnet_utils/nnet_activation.h:42]   --->   Operation 50 'read' 'data_16_val_read' <Predicate = true> <Delay = 0.00>
ST_1 : Operation 51 [1/1] (0.00ns)   --->   "%data_15_val_read = read i32 @_ssdm_op_Read.ap_auto.i32, i32 %data_15_val" [firmware/nnet_utils/nnet_activation.h:42]   --->   Operation 51 'read' 'data_15_val_read' <Predicate = true> <Delay = 0.00>
ST_1 : Operation 52 [1/1] (0.00ns)   --->   "%data_14_val_read = read i32 @_ssdm_op_Read.ap_auto.i32, i32 %data_14_val" [firmware/nnet_utils/nnet_activation.h:42]   --->   Operation 52 'read' 'data_14_val_read' <Predicate = true> <Delay = 0.00>
ST_1 : Operation 53 [1/1] (0.00ns)   --->   "%data_13_val_read = read i32 @_ssdm_op_Read.ap_auto.i32, i32 %data_13_val" [firmware/nnet_utils/nnet_activation.h:42]   --->   Operation 53 'read' 'data_13_val_read' <Predicate = true> <Delay = 0.00>
ST_1 : Operation 54 [1/1] (0.00ns)   --->   "%data_12_val_read = read i32 @_ssdm_op_Read.ap_auto.i32, i32 %data_12_val" [firmware/nnet_utils/nnet_activation.h:42]   --->   Operation 54 'read' 'data_12_val_read' <Predicate = true> <Delay = 0.00>
ST_1 : Operation 55 [1/1] (0.00ns)   --->   "%data_11_val_read = read i32 @_ssdm_op_Read.ap_auto.i32, i32 %data_11_val" [firmware/nnet_utils/nnet_activation.h:42]   --->   Operation 55 'read' 'data_11_val_read' <Predicate = true> <Delay = 0.00>
ST_1 : Operation 56 [1/1] (0.00ns)   --->   "%data_10_val_read = read i32 @_ssdm_op_Read.ap_auto.i32, i32 %data_10_val" [firmware/nnet_utils/nnet_activation.h:42]   --->   Operation 56 'read' 'data_10_val_read' <Predicate = true> <Delay = 0.00>
ST_1 : Operation 57 [1/1] (0.00ns)   --->   "%data_9_val_read = read i32 @_ssdm_op_Read.ap_auto.i32, i32 %data_9_val" [firmware/nnet_utils/nnet_activation.h:42]   --->   Operation 57 'read' 'data_9_val_read' <Predicate = true> <Delay = 0.00>
ST_1 : Operation 58 [1/1] (0.00ns)   --->   "%data_8_val_read = read i32 @_ssdm_op_Read.ap_auto.i32, i32 %data_8_val" [firmware/nnet_utils/nnet_activation.h:42]   --->   Operation 58 'read' 'data_8_val_read' <Predicate = true> <Delay = 0.00>
ST_1 : Operation 59 [1/1] (0.00ns)   --->   "%data_7_val_read = read i32 @_ssdm_op_Read.ap_auto.i32, i32 %data_7_val" [firmware/nnet_utils/nnet_activation.h:42]   --->   Operation 59 'read' 'data_7_val_read' <Predicate = true> <Delay = 0.00>
ST_1 : Operation 60 [1/1] (0.00ns)   --->   "%data_6_val_read = read i32 @_ssdm_op_Read.ap_auto.i32, i32 %data_6_val" [firmware/nnet_utils/nnet_activation.h:42]   --->   Operation 60 'read' 'data_6_val_read' <Predicate = true> <Delay = 0.00>
ST_1 : Operation 61 [1/1] (0.00ns)   --->   "%data_5_val_read = read i32 @_ssdm_op_Read.ap_auto.i32, i32 %data_5_val" [firmware/nnet_utils/nnet_activation.h:42]   --->   Operation 61 'read' 'data_5_val_read' <Predicate = true> <Delay = 0.00>
ST_1 : Operation 62 [1/1] (0.00ns)   --->   "%data_4_val_read = read i32 @_ssdm_op_Read.ap_auto.i32, i32 %data_4_val" [firmware/nnet_utils/nnet_activation.h:42]   --->   Operation 62 'read' 'data_4_val_read' <Predicate = true> <Delay = 0.00>
ST_1 : Operation 63 [1/1] (0.00ns)   --->   "%data_3_val_read = read i32 @_ssdm_op_Read.ap_auto.i32, i32 %data_3_val" [firmware/nnet_utils/nnet_activation.h:42]   --->   Operation 63 'read' 'data_3_val_read' <Predicate = true> <Delay = 0.00>
ST_1 : Operation 64 [1/1] (0.00ns)   --->   "%data_2_val_read = read i32 @_ssdm_op_Read.ap_auto.i32, i32 %data_2_val" [firmware/nnet_utils/nnet_activation.h:42]   --->   Operation 64 'read' 'data_2_val_read' <Predicate = true> <Delay = 0.00>
ST_1 : Operation 65 [1/1] (0.00ns)   --->   "%data_1_val_read = read i32 @_ssdm_op_Read.ap_auto.i32, i32 %data_1_val" [firmware/nnet_utils/nnet_activation.h:42]   --->   Operation 65 'read' 'data_1_val_read' <Predicate = true> <Delay = 0.00>
ST_1 : Operation 66 [1/1] (0.00ns)   --->   "%data_0_val_read = read i32 @_ssdm_op_Read.ap_auto.i32, i32 %data_0_val" [firmware/nnet_utils/nnet_activation.h:42]   --->   Operation 66 'read' 'data_0_val_read' <Predicate = true> <Delay = 0.00>
ST_1 : Operation 67 [1/1] (2.55ns)   --->   "%icmp_ln45 = icmp_sgt  i32 %data_0_val_read, i32 0" [firmware/nnet_utils/nnet_activation.h:45]   --->   Operation 67 'icmp' 'icmp_ln45' <Predicate = true> <Delay = 2.55> <CoreInst = "Cmp">   --->   Core 9 'Cmp' <Latency = 0> <II = 1> <Delay = 2.55> <FuncUnit> <Opcode : 'icmp'> <InPorts = 2> <OutPorts = 1>
ST_1 : Operation 68 [1/1] (0.00ns)   --->   "%trunc_ln = partselect i16 @_ssdm_op_PartSelect.i16.i32.i32.i32, i32 %data_0_val_read, i32 4, i32 19" [firmware/nnet_utils/nnet_activation.h:46]   --->   Operation 68 'partselect' 'trunc_ln' <Predicate = (icmp_ln45)> <Delay = 0.00>
ST_1 : Operation 69 [1/1] (0.80ns)   --->   "%select_ln45 = select i1 %icmp_ln45, i16 %trunc_ln, i16 0" [firmware/nnet_utils/nnet_activation.h:45]   --->   Operation 69 'select' 'select_ln45' <Predicate = true> <Delay = 0.80> <CoreInst = "Sel">   --->   Core 73 'Sel' <Latency = 0> <II = 1> <Delay = 0.80> <FuncUnit> <Opcode : 'select'> <InPorts = 3> <OutPorts = 1>
ST_1 : Operation 70 [1/1] (2.55ns)   --->   "%icmp_ln45_47 = icmp_sgt  i32 %data_1_val_read, i32 0" [firmware/nnet_utils/nnet_activation.h:45]   --->   Operation 70 'icmp' 'icmp_ln45_47' <Predicate = true> <Delay = 2.55> <CoreInst = "Cmp">   --->   Core 9 'Cmp' <Latency = 0> <II = 1> <Delay = 2.55> <FuncUnit> <Opcode : 'icmp'> <InPorts = 2> <OutPorts = 1>
ST_1 : Operation 71 [1/1] (0.00ns)   --->   "%trunc_ln46_s = partselect i16 @_ssdm_op_PartSelect.i16.i32.i32.i32, i32 %data_1_val_read, i32 4, i32 19" [firmware/nnet_utils/nnet_activation.h:46]   --->   Operation 71 'partselect' 'trunc_ln46_s' <Predicate = (icmp_ln45_47)> <Delay = 0.00>
ST_1 : Operation 72 [1/1] (0.80ns)   --->   "%select_ln45_47 = select i1 %icmp_ln45_47, i16 %trunc_ln46_s, i16 0" [firmware/nnet_utils/nnet_activation.h:45]   --->   Operation 72 'select' 'select_ln45_47' <Predicate = true> <Delay = 0.80> <CoreInst = "Sel">   --->   Core 73 'Sel' <Latency = 0> <II = 1> <Delay = 0.80> <FuncUnit> <Opcode : 'select'> <InPorts = 3> <OutPorts = 1>
ST_1 : Operation 73 [1/1] (2.55ns)   --->   "%icmp_ln45_48 = icmp_sgt  i32 %data_2_val_read, i32 0" [firmware/nnet_utils/nnet_activation.h:45]   --->   Operation 73 'icmp' 'icmp_ln45_48' <Predicate = true> <Delay = 2.55> <CoreInst = "Cmp">   --->   Core 9 'Cmp' <Latency = 0> <II = 1> <Delay = 2.55> <FuncUnit> <Opcode : 'icmp'> <InPorts = 2> <OutPorts = 1>
ST_1 : Operation 74 [1/1] (0.00ns)   --->   "%trunc_ln46_45 = partselect i16 @_ssdm_op_PartSelect.i16.i32.i32.i32, i32 %data_2_val_read, i32 4, i32 19" [firmware/nnet_utils/nnet_activation.h:46]   --->   Operation 74 'partselect' 'trunc_ln46_45' <Predicate = (icmp_ln45_48)> <Delay = 0.00>
ST_1 : Operation 75 [1/1] (0.80ns)   --->   "%select_ln45_48 = select i1 %icmp_ln45_48, i16 %trunc_ln46_45, i16 0" [firmware/nnet_utils/nnet_activation.h:45]   --->   Operation 75 'select' 'select_ln45_48' <Predicate = true> <Delay = 0.80> <CoreInst = "Sel">   --->   Core 73 'Sel' <Latency = 0> <II = 1> <Delay = 0.80> <FuncUnit> <Opcode : 'select'> <InPorts = 3> <OutPorts = 1>
ST_1 : Operation 76 [1/1] (2.55ns)   --->   "%icmp_ln45_49 = icmp_sgt  i32 %data_3_val_read, i32 0" [firmware/nnet_utils/nnet_activation.h:45]   --->   Operation 76 'icmp' 'icmp_ln45_49' <Predicate = true> <Delay = 2.55> <CoreInst = "Cmp">   --->   Core 9 'Cmp' <Latency = 0> <II = 1> <Delay = 2.55> <FuncUnit> <Opcode : 'icmp'> <InPorts = 2> <OutPorts = 1>
ST_1 : Operation 77 [1/1] (0.00ns)   --->   "%trunc_ln46_46 = partselect i16 @_ssdm_op_PartSelect.i16.i32.i32.i32, i32 %data_3_val_read, i32 4, i32 19" [firmware/nnet_utils/nnet_activation.h:46]   --->   Operation 77 'partselect' 'trunc_ln46_46' <Predicate = (icmp_ln45_49)> <Delay = 0.00>
ST_1 : Operation 78 [1/1] (0.80ns)   --->   "%select_ln45_49 = select i1 %icmp_ln45_49, i16 %trunc_ln46_46, i16 0" [firmware/nnet_utils/nnet_activation.h:45]   --->   Operation 78 'select' 'select_ln45_49' <Predicate = true> <Delay = 0.80> <CoreInst = "Sel">   --->   Core 73 'Sel' <Latency = 0> <II = 1> <Delay = 0.80> <FuncUnit> <Opcode : 'select'> <InPorts = 3> <OutPorts = 1>
ST_1 : Operation 79 [1/1] (2.55ns)   --->   "%icmp_ln45_50 = icmp_sgt  i32 %data_4_val_read, i32 0" [firmware/nnet_utils/nnet_activation.h:45]   --->   Operation 79 'icmp' 'icmp_ln45_50' <Predicate = true> <Delay = 2.55> <CoreInst = "Cmp">   --->   Core 9 'Cmp' <Latency = 0> <II = 1> <Delay = 2.55> <FuncUnit> <Opcode : 'icmp'> <InPorts = 2> <OutPorts = 1>
ST_1 : Operation 80 [1/1] (0.00ns)   --->   "%trunc_ln46_47 = partselect i16 @_ssdm_op_PartSelect.i16.i32.i32.i32, i32 %data_4_val_read, i32 4, i32 19" [firmware/nnet_utils/nnet_activation.h:46]   --->   Operation 80 'partselect' 'trunc_ln46_47' <Predicate = (icmp_ln45_50)> <Delay = 0.00>
ST_1 : Operation 81 [1/1] (0.80ns)   --->   "%select_ln45_50 = select i1 %icmp_ln45_50, i16 %trunc_ln46_47, i16 0" [firmware/nnet_utils/nnet_activation.h:45]   --->   Operation 81 'select' 'select_ln45_50' <Predicate = true> <Delay = 0.80> <CoreInst = "Sel">   --->   Core 73 'Sel' <Latency = 0> <II = 1> <Delay = 0.80> <FuncUnit> <Opcode : 'select'> <InPorts = 3> <OutPorts = 1>
ST_1 : Operation 82 [1/1] (2.55ns)   --->   "%icmp_ln45_51 = icmp_sgt  i32 %data_5_val_read, i32 0" [firmware/nnet_utils/nnet_activation.h:45]   --->   Operation 82 'icmp' 'icmp_ln45_51' <Predicate = true> <Delay = 2.55> <CoreInst = "Cmp">   --->   Core 9 'Cmp' <Latency = 0> <II = 1> <Delay = 2.55> <FuncUnit> <Opcode : 'icmp'> <InPorts = 2> <OutPorts = 1>
ST_1 : Operation 83 [1/1] (0.00ns)   --->   "%trunc_ln46_48 = partselect i16 @_ssdm_op_PartSelect.i16.i32.i32.i32, i32 %data_5_val_read, i32 4, i32 19" [firmware/nnet_utils/nnet_activation.h:46]   --->   Operation 83 'partselect' 'trunc_ln46_48' <Predicate = (icmp_ln45_51)> <Delay = 0.00>
ST_1 : Operation 84 [1/1] (0.80ns)   --->   "%select_ln45_51 = select i1 %icmp_ln45_51, i16 %trunc_ln46_48, i16 0" [firmware/nnet_utils/nnet_activation.h:45]   --->   Operation 84 'select' 'select_ln45_51' <Predicate = true> <Delay = 0.80> <CoreInst = "Sel">   --->   Core 73 'Sel' <Latency = 0> <II = 1> <Delay = 0.80> <FuncUnit> <Opcode : 'select'> <InPorts = 3> <OutPorts = 1>
ST_1 : Operation 85 [1/1] (2.55ns)   --->   "%icmp_ln45_52 = icmp_sgt  i32 %data_6_val_read, i32 0" [firmware/nnet_utils/nnet_activation.h:45]   --->   Operation 85 'icmp' 'icmp_ln45_52' <Predicate = true> <Delay = 2.55> <CoreInst = "Cmp">   --->   Core 9 'Cmp' <Latency = 0> <II = 1> <Delay = 2.55> <FuncUnit> <Opcode : 'icmp'> <InPorts = 2> <OutPorts = 1>
ST_1 : Operation 86 [1/1] (0.00ns)   --->   "%trunc_ln46_49 = partselect i16 @_ssdm_op_PartSelect.i16.i32.i32.i32, i32 %data_6_val_read, i32 4, i32 19" [firmware/nnet_utils/nnet_activation.h:46]   --->   Operation 86 'partselect' 'trunc_ln46_49' <Predicate = (icmp_ln45_52)> <Delay = 0.00>
ST_1 : Operation 87 [1/1] (0.80ns)   --->   "%select_ln45_52 = select i1 %icmp_ln45_52, i16 %trunc_ln46_49, i16 0" [firmware/nnet_utils/nnet_activation.h:45]   --->   Operation 87 'select' 'select_ln45_52' <Predicate = true> <Delay = 0.80> <CoreInst = "Sel">   --->   Core 73 'Sel' <Latency = 0> <II = 1> <Delay = 0.80> <FuncUnit> <Opcode : 'select'> <InPorts = 3> <OutPorts = 1>
ST_1 : Operation 88 [1/1] (2.55ns)   --->   "%icmp_ln45_53 = icmp_sgt  i32 %data_7_val_read, i32 0" [firmware/nnet_utils/nnet_activation.h:45]   --->   Operation 88 'icmp' 'icmp_ln45_53' <Predicate = true> <Delay = 2.55> <CoreInst = "Cmp">   --->   Core 9 'Cmp' <Latency = 0> <II = 1> <Delay = 2.55> <FuncUnit> <Opcode : 'icmp'> <InPorts = 2> <OutPorts = 1>
ST_1 : Operation 89 [1/1] (0.00ns)   --->   "%trunc_ln46_50 = partselect i16 @_ssdm_op_PartSelect.i16.i32.i32.i32, i32 %data_7_val_read, i32 4, i32 19" [firmware/nnet_utils/nnet_activation.h:46]   --->   Operation 89 'partselect' 'trunc_ln46_50' <Predicate = (icmp_ln45_53)> <Delay = 0.00>
ST_1 : Operation 90 [1/1] (0.80ns)   --->   "%select_ln45_53 = select i1 %icmp_ln45_53, i16 %trunc_ln46_50, i16 0" [firmware/nnet_utils/nnet_activation.h:45]   --->   Operation 90 'select' 'select_ln45_53' <Predicate = true> <Delay = 0.80> <CoreInst = "Sel">   --->   Core 73 'Sel' <Latency = 0> <II = 1> <Delay = 0.80> <FuncUnit> <Opcode : 'select'> <InPorts = 3> <OutPorts = 1>
ST_1 : Operation 91 [1/1] (2.55ns)   --->   "%icmp_ln45_54 = icmp_sgt  i32 %data_8_val_read, i32 0" [firmware/nnet_utils/nnet_activation.h:45]   --->   Operation 91 'icmp' 'icmp_ln45_54' <Predicate = true> <Delay = 2.55> <CoreInst = "Cmp">   --->   Core 9 'Cmp' <Latency = 0> <II = 1> <Delay = 2.55> <FuncUnit> <Opcode : 'icmp'> <InPorts = 2> <OutPorts = 1>
ST_1 : Operation 92 [1/1] (0.00ns)   --->   "%trunc_ln46_51 = partselect i16 @_ssdm_op_PartSelect.i16.i32.i32.i32, i32 %data_8_val_read, i32 4, i32 19" [firmware/nnet_utils/nnet_activation.h:46]   --->   Operation 92 'partselect' 'trunc_ln46_51' <Predicate = (icmp_ln45_54)> <Delay = 0.00>
ST_1 : Operation 93 [1/1] (0.80ns)   --->   "%select_ln45_54 = select i1 %icmp_ln45_54, i16 %trunc_ln46_51, i16 0" [firmware/nnet_utils/nnet_activation.h:45]   --->   Operation 93 'select' 'select_ln45_54' <Predicate = true> <Delay = 0.80> <CoreInst = "Sel">   --->   Core 73 'Sel' <Latency = 0> <II = 1> <Delay = 0.80> <FuncUnit> <Opcode : 'select'> <InPorts = 3> <OutPorts = 1>
ST_1 : Operation 94 [1/1] (2.55ns)   --->   "%icmp_ln45_55 = icmp_sgt  i32 %data_9_val_read, i32 0" [firmware/nnet_utils/nnet_activation.h:45]   --->   Operation 94 'icmp' 'icmp_ln45_55' <Predicate = true> <Delay = 2.55> <CoreInst = "Cmp">   --->   Core 9 'Cmp' <Latency = 0> <II = 1> <Delay = 2.55> <FuncUnit> <Opcode : 'icmp'> <InPorts = 2> <OutPorts = 1>
ST_1 : Operation 95 [1/1] (0.00ns)   --->   "%trunc_ln46_52 = partselect i16 @_ssdm_op_PartSelect.i16.i32.i32.i32, i32 %data_9_val_read, i32 4, i32 19" [firmware/nnet_utils/nnet_activation.h:46]   --->   Operation 95 'partselect' 'trunc_ln46_52' <Predicate = (icmp_ln45_55)> <Delay = 0.00>
ST_1 : Operation 96 [1/1] (0.80ns)   --->   "%select_ln45_55 = select i1 %icmp_ln45_55, i16 %trunc_ln46_52, i16 0" [firmware/nnet_utils/nnet_activation.h:45]   --->   Operation 96 'select' 'select_ln45_55' <Predicate = true> <Delay = 0.80> <CoreInst = "Sel">   --->   Core 73 'Sel' <Latency = 0> <II = 1> <Delay = 0.80> <FuncUnit> <Opcode : 'select'> <InPorts = 3> <OutPorts = 1>
ST_1 : Operation 97 [1/1] (2.55ns)   --->   "%icmp_ln45_56 = icmp_sgt  i32 %data_10_val_read, i32 0" [firmware/nnet_utils/nnet_activation.h:45]   --->   Operation 97 'icmp' 'icmp_ln45_56' <Predicate = true> <Delay = 2.55> <CoreInst = "Cmp">   --->   Core 9 'Cmp' <Latency = 0> <II = 1> <Delay = 2.55> <FuncUnit> <Opcode : 'icmp'> <InPorts = 2> <OutPorts = 1>
ST_1 : Operation 98 [1/1] (0.00ns)   --->   "%trunc_ln46_53 = partselect i16 @_ssdm_op_PartSelect.i16.i32.i32.i32, i32 %data_10_val_read, i32 4, i32 19" [firmware/nnet_utils/nnet_activation.h:46]   --->   Operation 98 'partselect' 'trunc_ln46_53' <Predicate = (icmp_ln45_56)> <Delay = 0.00>
ST_1 : Operation 99 [1/1] (0.80ns)   --->   "%select_ln45_56 = select i1 %icmp_ln45_56, i16 %trunc_ln46_53, i16 0" [firmware/nnet_utils/nnet_activation.h:45]   --->   Operation 99 'select' 'select_ln45_56' <Predicate = true> <Delay = 0.80> <CoreInst = "Sel">   --->   Core 73 'Sel' <Latency = 0> <II = 1> <Delay = 0.80> <FuncUnit> <Opcode : 'select'> <InPorts = 3> <OutPorts = 1>
ST_1 : Operation 100 [1/1] (2.55ns)   --->   "%icmp_ln45_57 = icmp_sgt  i32 %data_11_val_read, i32 0" [firmware/nnet_utils/nnet_activation.h:45]   --->   Operation 100 'icmp' 'icmp_ln45_57' <Predicate = true> <Delay = 2.55> <CoreInst = "Cmp">   --->   Core 9 'Cmp' <Latency = 0> <II = 1> <Delay = 2.55> <FuncUnit> <Opcode : 'icmp'> <InPorts = 2> <OutPorts = 1>
ST_1 : Operation 101 [1/1] (0.00ns)   --->   "%trunc_ln46_54 = partselect i16 @_ssdm_op_PartSelect.i16.i32.i32.i32, i32 %data_11_val_read, i32 4, i32 19" [firmware/nnet_utils/nnet_activation.h:46]   --->   Operation 101 'partselect' 'trunc_ln46_54' <Predicate = (icmp_ln45_57)> <Delay = 0.00>
ST_1 : Operation 102 [1/1] (0.80ns)   --->   "%select_ln45_57 = select i1 %icmp_ln45_57, i16 %trunc_ln46_54, i16 0" [firmware/nnet_utils/nnet_activation.h:45]   --->   Operation 102 'select' 'select_ln45_57' <Predicate = true> <Delay = 0.80> <CoreInst = "Sel">   --->   Core 73 'Sel' <Latency = 0> <II = 1> <Delay = 0.80> <FuncUnit> <Opcode : 'select'> <InPorts = 3> <OutPorts = 1>
ST_1 : Operation 103 [1/1] (2.55ns)   --->   "%icmp_ln45_58 = icmp_sgt  i32 %data_12_val_read, i32 0" [firmware/nnet_utils/nnet_activation.h:45]   --->   Operation 103 'icmp' 'icmp_ln45_58' <Predicate = true> <Delay = 2.55> <CoreInst = "Cmp">   --->   Core 9 'Cmp' <Latency = 0> <II = 1> <Delay = 2.55> <FuncUnit> <Opcode : 'icmp'> <InPorts = 2> <OutPorts = 1>
ST_1 : Operation 104 [1/1] (0.00ns)   --->   "%trunc_ln46_55 = partselect i16 @_ssdm_op_PartSelect.i16.i32.i32.i32, i32 %data_12_val_read, i32 4, i32 19" [firmware/nnet_utils/nnet_activation.h:46]   --->   Operation 104 'partselect' 'trunc_ln46_55' <Predicate = (icmp_ln45_58)> <Delay = 0.00>
ST_1 : Operation 105 [1/1] (0.80ns)   --->   "%select_ln45_58 = select i1 %icmp_ln45_58, i16 %trunc_ln46_55, i16 0" [firmware/nnet_utils/nnet_activation.h:45]   --->   Operation 105 'select' 'select_ln45_58' <Predicate = true> <Delay = 0.80> <CoreInst = "Sel">   --->   Core 73 'Sel' <Latency = 0> <II = 1> <Delay = 0.80> <FuncUnit> <Opcode : 'select'> <InPorts = 3> <OutPorts = 1>
ST_1 : Operation 106 [1/1] (2.55ns)   --->   "%icmp_ln45_59 = icmp_sgt  i32 %data_13_val_read, i32 0" [firmware/nnet_utils/nnet_activation.h:45]   --->   Operation 106 'icmp' 'icmp_ln45_59' <Predicate = true> <Delay = 2.55> <CoreInst = "Cmp">   --->   Core 9 'Cmp' <Latency = 0> <II = 1> <Delay = 2.55> <FuncUnit> <Opcode : 'icmp'> <InPorts = 2> <OutPorts = 1>
ST_1 : Operation 107 [1/1] (0.00ns)   --->   "%trunc_ln46_56 = partselect i16 @_ssdm_op_PartSelect.i16.i32.i32.i32, i32 %data_13_val_read, i32 4, i32 19" [firmware/nnet_utils/nnet_activation.h:46]   --->   Operation 107 'partselect' 'trunc_ln46_56' <Predicate = (icmp_ln45_59)> <Delay = 0.00>
ST_1 : Operation 108 [1/1] (0.80ns)   --->   "%select_ln45_59 = select i1 %icmp_ln45_59, i16 %trunc_ln46_56, i16 0" [firmware/nnet_utils/nnet_activation.h:45]   --->   Operation 108 'select' 'select_ln45_59' <Predicate = true> <Delay = 0.80> <CoreInst = "Sel">   --->   Core 73 'Sel' <Latency = 0> <II = 1> <Delay = 0.80> <FuncUnit> <Opcode : 'select'> <InPorts = 3> <OutPorts = 1>
ST_1 : Operation 109 [1/1] (2.55ns)   --->   "%icmp_ln45_60 = icmp_sgt  i32 %data_14_val_read, i32 0" [firmware/nnet_utils/nnet_activation.h:45]   --->   Operation 109 'icmp' 'icmp_ln45_60' <Predicate = true> <Delay = 2.55> <CoreInst = "Cmp">   --->   Core 9 'Cmp' <Latency = 0> <II = 1> <Delay = 2.55> <FuncUnit> <Opcode : 'icmp'> <InPorts = 2> <OutPorts = 1>
ST_1 : Operation 110 [1/1] (0.00ns)   --->   "%trunc_ln46_57 = partselect i16 @_ssdm_op_PartSelect.i16.i32.i32.i32, i32 %data_14_val_read, i32 4, i32 19" [firmware/nnet_utils/nnet_activation.h:46]   --->   Operation 110 'partselect' 'trunc_ln46_57' <Predicate = (icmp_ln45_60)> <Delay = 0.00>
ST_1 : Operation 111 [1/1] (0.80ns)   --->   "%select_ln45_60 = select i1 %icmp_ln45_60, i16 %trunc_ln46_57, i16 0" [firmware/nnet_utils/nnet_activation.h:45]   --->   Operation 111 'select' 'select_ln45_60' <Predicate = true> <Delay = 0.80> <CoreInst = "Sel">   --->   Core 73 'Sel' <Latency = 0> <II = 1> <Delay = 0.80> <FuncUnit> <Opcode : 'select'> <InPorts = 3> <OutPorts = 1>
ST_1 : Operation 112 [1/1] (2.55ns)   --->   "%icmp_ln45_61 = icmp_sgt  i32 %data_15_val_read, i32 0" [firmware/nnet_utils/nnet_activation.h:45]   --->   Operation 112 'icmp' 'icmp_ln45_61' <Predicate = true> <Delay = 2.55> <CoreInst = "Cmp">   --->   Core 9 'Cmp' <Latency = 0> <II = 1> <Delay = 2.55> <FuncUnit> <Opcode : 'icmp'> <InPorts = 2> <OutPorts = 1>
ST_1 : Operation 113 [1/1] (0.00ns)   --->   "%trunc_ln46_58 = partselect i16 @_ssdm_op_PartSelect.i16.i32.i32.i32, i32 %data_15_val_read, i32 4, i32 19" [firmware/nnet_utils/nnet_activation.h:46]   --->   Operation 113 'partselect' 'trunc_ln46_58' <Predicate = (icmp_ln45_61)> <Delay = 0.00>
ST_1 : Operation 114 [1/1] (0.80ns)   --->   "%select_ln45_61 = select i1 %icmp_ln45_61, i16 %trunc_ln46_58, i16 0" [firmware/nnet_utils/nnet_activation.h:45]   --->   Operation 114 'select' 'select_ln45_61' <Predicate = true> <Delay = 0.80> <CoreInst = "Sel">   --->   Core 73 'Sel' <Latency = 0> <II = 1> <Delay = 0.80> <FuncUnit> <Opcode : 'select'> <InPorts = 3> <OutPorts = 1>
ST_1 : Operation 115 [1/1] (2.55ns)   --->   "%icmp_ln45_62 = icmp_sgt  i32 %data_16_val_read, i32 0" [firmware/nnet_utils/nnet_activation.h:45]   --->   Operation 115 'icmp' 'icmp_ln45_62' <Predicate = true> <Delay = 2.55> <CoreInst = "Cmp">   --->   Core 9 'Cmp' <Latency = 0> <II = 1> <Delay = 2.55> <FuncUnit> <Opcode : 'icmp'> <InPorts = 2> <OutPorts = 1>
ST_1 : Operation 116 [1/1] (0.00ns)   --->   "%trunc_ln46_59 = partselect i16 @_ssdm_op_PartSelect.i16.i32.i32.i32, i32 %data_16_val_read, i32 4, i32 19" [firmware/nnet_utils/nnet_activation.h:46]   --->   Operation 116 'partselect' 'trunc_ln46_59' <Predicate = (icmp_ln45_62)> <Delay = 0.00>
ST_1 : Operation 117 [1/1] (0.80ns)   --->   "%select_ln45_62 = select i1 %icmp_ln45_62, i16 %trunc_ln46_59, i16 0" [firmware/nnet_utils/nnet_activation.h:45]   --->   Operation 117 'select' 'select_ln45_62' <Predicate = true> <Delay = 0.80> <CoreInst = "Sel">   --->   Core 73 'Sel' <Latency = 0> <II = 1> <Delay = 0.80> <FuncUnit> <Opcode : 'select'> <InPorts = 3> <OutPorts = 1>
ST_1 : Operation 118 [1/1] (2.55ns)   --->   "%icmp_ln45_63 = icmp_sgt  i32 %data_17_val_read, i32 0" [firmware/nnet_utils/nnet_activation.h:45]   --->   Operation 118 'icmp' 'icmp_ln45_63' <Predicate = true> <Delay = 2.55> <CoreInst = "Cmp">   --->   Core 9 'Cmp' <Latency = 0> <II = 1> <Delay = 2.55> <FuncUnit> <Opcode : 'icmp'> <InPorts = 2> <OutPorts = 1>
ST_1 : Operation 119 [1/1] (0.00ns)   --->   "%trunc_ln46_60 = partselect i16 @_ssdm_op_PartSelect.i16.i32.i32.i32, i32 %data_17_val_read, i32 4, i32 19" [firmware/nnet_utils/nnet_activation.h:46]   --->   Operation 119 'partselect' 'trunc_ln46_60' <Predicate = (icmp_ln45_63)> <Delay = 0.00>
ST_1 : Operation 120 [1/1] (0.80ns)   --->   "%select_ln45_63 = select i1 %icmp_ln45_63, i16 %trunc_ln46_60, i16 0" [firmware/nnet_utils/nnet_activation.h:45]   --->   Operation 120 'select' 'select_ln45_63' <Predicate = true> <Delay = 0.80> <CoreInst = "Sel">   --->   Core 73 'Sel' <Latency = 0> <II = 1> <Delay = 0.80> <FuncUnit> <Opcode : 'select'> <InPorts = 3> <OutPorts = 1>
ST_1 : Operation 121 [1/1] (2.55ns)   --->   "%icmp_ln45_64 = icmp_sgt  i32 %data_18_val_read, i32 0" [firmware/nnet_utils/nnet_activation.h:45]   --->   Operation 121 'icmp' 'icmp_ln45_64' <Predicate = true> <Delay = 2.55> <CoreInst = "Cmp">   --->   Core 9 'Cmp' <Latency = 0> <II = 1> <Delay = 2.55> <FuncUnit> <Opcode : 'icmp'> <InPorts = 2> <OutPorts = 1>
ST_1 : Operation 122 [1/1] (0.00ns)   --->   "%trunc_ln46_61 = partselect i16 @_ssdm_op_PartSelect.i16.i32.i32.i32, i32 %data_18_val_read, i32 4, i32 19" [firmware/nnet_utils/nnet_activation.h:46]   --->   Operation 122 'partselect' 'trunc_ln46_61' <Predicate = (icmp_ln45_64)> <Delay = 0.00>
ST_1 : Operation 123 [1/1] (0.80ns)   --->   "%select_ln45_64 = select i1 %icmp_ln45_64, i16 %trunc_ln46_61, i16 0" [firmware/nnet_utils/nnet_activation.h:45]   --->   Operation 123 'select' 'select_ln45_64' <Predicate = true> <Delay = 0.80> <CoreInst = "Sel">   --->   Core 73 'Sel' <Latency = 0> <II = 1> <Delay = 0.80> <FuncUnit> <Opcode : 'select'> <InPorts = 3> <OutPorts = 1>
ST_1 : Operation 124 [1/1] (2.55ns)   --->   "%icmp_ln45_65 = icmp_sgt  i32 %data_19_val_read, i32 0" [firmware/nnet_utils/nnet_activation.h:45]   --->   Operation 124 'icmp' 'icmp_ln45_65' <Predicate = true> <Delay = 2.55> <CoreInst = "Cmp">   --->   Core 9 'Cmp' <Latency = 0> <II = 1> <Delay = 2.55> <FuncUnit> <Opcode : 'icmp'> <InPorts = 2> <OutPorts = 1>
ST_1 : Operation 125 [1/1] (0.00ns)   --->   "%trunc_ln46_62 = partselect i16 @_ssdm_op_PartSelect.i16.i32.i32.i32, i32 %data_19_val_read, i32 4, i32 19" [firmware/nnet_utils/nnet_activation.h:46]   --->   Operation 125 'partselect' 'trunc_ln46_62' <Predicate = (icmp_ln45_65)> <Delay = 0.00>
ST_1 : Operation 126 [1/1] (0.80ns)   --->   "%select_ln45_65 = select i1 %icmp_ln45_65, i16 %trunc_ln46_62, i16 0" [firmware/nnet_utils/nnet_activation.h:45]   --->   Operation 126 'select' 'select_ln45_65' <Predicate = true> <Delay = 0.80> <CoreInst = "Sel">   --->   Core 73 'Sel' <Latency = 0> <II = 1> <Delay = 0.80> <FuncUnit> <Opcode : 'select'> <InPorts = 3> <OutPorts = 1>
ST_1 : Operation 127 [1/1] (2.55ns)   --->   "%icmp_ln45_66 = icmp_sgt  i32 %data_20_val_read, i32 0" [firmware/nnet_utils/nnet_activation.h:45]   --->   Operation 127 'icmp' 'icmp_ln45_66' <Predicate = true> <Delay = 2.55> <CoreInst = "Cmp">   --->   Core 9 'Cmp' <Latency = 0> <II = 1> <Delay = 2.55> <FuncUnit> <Opcode : 'icmp'> <InPorts = 2> <OutPorts = 1>
ST_1 : Operation 128 [1/1] (0.00ns)   --->   "%trunc_ln46_63 = partselect i16 @_ssdm_op_PartSelect.i16.i32.i32.i32, i32 %data_20_val_read, i32 4, i32 19" [firmware/nnet_utils/nnet_activation.h:46]   --->   Operation 128 'partselect' 'trunc_ln46_63' <Predicate = (icmp_ln45_66)> <Delay = 0.00>
ST_1 : Operation 129 [1/1] (0.80ns)   --->   "%select_ln45_66 = select i1 %icmp_ln45_66, i16 %trunc_ln46_63, i16 0" [firmware/nnet_utils/nnet_activation.h:45]   --->   Operation 129 'select' 'select_ln45_66' <Predicate = true> <Delay = 0.80> <CoreInst = "Sel">   --->   Core 73 'Sel' <Latency = 0> <II = 1> <Delay = 0.80> <FuncUnit> <Opcode : 'select'> <InPorts = 3> <OutPorts = 1>
ST_1 : Operation 130 [1/1] (2.55ns)   --->   "%icmp_ln45_67 = icmp_sgt  i32 %data_21_val_read, i32 0" [firmware/nnet_utils/nnet_activation.h:45]   --->   Operation 130 'icmp' 'icmp_ln45_67' <Predicate = true> <Delay = 2.55> <CoreInst = "Cmp">   --->   Core 9 'Cmp' <Latency = 0> <II = 1> <Delay = 2.55> <FuncUnit> <Opcode : 'icmp'> <InPorts = 2> <OutPorts = 1>
ST_1 : Operation 131 [1/1] (0.00ns)   --->   "%trunc_ln46_64 = partselect i16 @_ssdm_op_PartSelect.i16.i32.i32.i32, i32 %data_21_val_read, i32 4, i32 19" [firmware/nnet_utils/nnet_activation.h:46]   --->   Operation 131 'partselect' 'trunc_ln46_64' <Predicate = (icmp_ln45_67)> <Delay = 0.00>
ST_1 : Operation 132 [1/1] (0.80ns)   --->   "%select_ln45_67 = select i1 %icmp_ln45_67, i16 %trunc_ln46_64, i16 0" [firmware/nnet_utils/nnet_activation.h:45]   --->   Operation 132 'select' 'select_ln45_67' <Predicate = true> <Delay = 0.80> <CoreInst = "Sel">   --->   Core 73 'Sel' <Latency = 0> <II = 1> <Delay = 0.80> <FuncUnit> <Opcode : 'select'> <InPorts = 3> <OutPorts = 1>
ST_1 : Operation 133 [1/1] (2.55ns)   --->   "%icmp_ln45_68 = icmp_sgt  i32 %data_22_val_read, i32 0" [firmware/nnet_utils/nnet_activation.h:45]   --->   Operation 133 'icmp' 'icmp_ln45_68' <Predicate = true> <Delay = 2.55> <CoreInst = "Cmp">   --->   Core 9 'Cmp' <Latency = 0> <II = 1> <Delay = 2.55> <FuncUnit> <Opcode : 'icmp'> <InPorts = 2> <OutPorts = 1>
ST_1 : Operation 134 [1/1] (0.00ns)   --->   "%trunc_ln46_65 = partselect i16 @_ssdm_op_PartSelect.i16.i32.i32.i32, i32 %data_22_val_read, i32 4, i32 19" [firmware/nnet_utils/nnet_activation.h:46]   --->   Operation 134 'partselect' 'trunc_ln46_65' <Predicate = (icmp_ln45_68)> <Delay = 0.00>
ST_1 : Operation 135 [1/1] (0.80ns)   --->   "%select_ln45_68 = select i1 %icmp_ln45_68, i16 %trunc_ln46_65, i16 0" [firmware/nnet_utils/nnet_activation.h:45]   --->   Operation 135 'select' 'select_ln45_68' <Predicate = true> <Delay = 0.80> <CoreInst = "Sel">   --->   Core 73 'Sel' <Latency = 0> <II = 1> <Delay = 0.80> <FuncUnit> <Opcode : 'select'> <InPorts = 3> <OutPorts = 1>
ST_1 : Operation 136 [1/1] (2.55ns)   --->   "%icmp_ln45_69 = icmp_sgt  i32 %data_23_val_read, i32 0" [firmware/nnet_utils/nnet_activation.h:45]   --->   Operation 136 'icmp' 'icmp_ln45_69' <Predicate = true> <Delay = 2.55> <CoreInst = "Cmp">   --->   Core 9 'Cmp' <Latency = 0> <II = 1> <Delay = 2.55> <FuncUnit> <Opcode : 'icmp'> <InPorts = 2> <OutPorts = 1>
ST_1 : Operation 137 [1/1] (0.00ns)   --->   "%trunc_ln46_66 = partselect i16 @_ssdm_op_PartSelect.i16.i32.i32.i32, i32 %data_23_val_read, i32 4, i32 19" [firmware/nnet_utils/nnet_activation.h:46]   --->   Operation 137 'partselect' 'trunc_ln46_66' <Predicate = (icmp_ln45_69)> <Delay = 0.00>
ST_1 : Operation 138 [1/1] (0.80ns)   --->   "%select_ln45_69 = select i1 %icmp_ln45_69, i16 %trunc_ln46_66, i16 0" [firmware/nnet_utils/nnet_activation.h:45]   --->   Operation 138 'select' 'select_ln45_69' <Predicate = true> <Delay = 0.80> <CoreInst = "Sel">   --->   Core 73 'Sel' <Latency = 0> <II = 1> <Delay = 0.80> <FuncUnit> <Opcode : 'select'> <InPorts = 3> <OutPorts = 1>
ST_1 : Operation 139 [1/1] (2.55ns)   --->   "%icmp_ln45_70 = icmp_sgt  i32 %data_24_val_read, i32 0" [firmware/nnet_utils/nnet_activation.h:45]   --->   Operation 139 'icmp' 'icmp_ln45_70' <Predicate = true> <Delay = 2.55> <CoreInst = "Cmp">   --->   Core 9 'Cmp' <Latency = 0> <II = 1> <Delay = 2.55> <FuncUnit> <Opcode : 'icmp'> <InPorts = 2> <OutPorts = 1>
ST_1 : Operation 140 [1/1] (0.00ns)   --->   "%trunc_ln46_67 = partselect i16 @_ssdm_op_PartSelect.i16.i32.i32.i32, i32 %data_24_val_read, i32 4, i32 19" [firmware/nnet_utils/nnet_activation.h:46]   --->   Operation 140 'partselect' 'trunc_ln46_67' <Predicate = (icmp_ln45_70)> <Delay = 0.00>
ST_1 : Operation 141 [1/1] (0.80ns)   --->   "%select_ln45_70 = select i1 %icmp_ln45_70, i16 %trunc_ln46_67, i16 0" [firmware/nnet_utils/nnet_activation.h:45]   --->   Operation 141 'select' 'select_ln45_70' <Predicate = true> <Delay = 0.80> <CoreInst = "Sel">   --->   Core 73 'Sel' <Latency = 0> <II = 1> <Delay = 0.80> <FuncUnit> <Opcode : 'select'> <InPorts = 3> <OutPorts = 1>
ST_1 : Operation 142 [1/1] (2.55ns)   --->   "%icmp_ln45_71 = icmp_sgt  i32 %data_25_val_read, i32 0" [firmware/nnet_utils/nnet_activation.h:45]   --->   Operation 142 'icmp' 'icmp_ln45_71' <Predicate = true> <Delay = 2.55> <CoreInst = "Cmp">   --->   Core 9 'Cmp' <Latency = 0> <II = 1> <Delay = 2.55> <FuncUnit> <Opcode : 'icmp'> <InPorts = 2> <OutPorts = 1>
ST_1 : Operation 143 [1/1] (0.00ns)   --->   "%trunc_ln46_68 = partselect i16 @_ssdm_op_PartSelect.i16.i32.i32.i32, i32 %data_25_val_read, i32 4, i32 19" [firmware/nnet_utils/nnet_activation.h:46]   --->   Operation 143 'partselect' 'trunc_ln46_68' <Predicate = (icmp_ln45_71)> <Delay = 0.00>
ST_1 : Operation 144 [1/1] (0.80ns)   --->   "%select_ln45_71 = select i1 %icmp_ln45_71, i16 %trunc_ln46_68, i16 0" [firmware/nnet_utils/nnet_activation.h:45]   --->   Operation 144 'select' 'select_ln45_71' <Predicate = true> <Delay = 0.80> <CoreInst = "Sel">   --->   Core 73 'Sel' <Latency = 0> <II = 1> <Delay = 0.80> <FuncUnit> <Opcode : 'select'> <InPorts = 3> <OutPorts = 1>
ST_1 : Operation 145 [1/1] (2.55ns)   --->   "%icmp_ln45_72 = icmp_sgt  i32 %data_26_val_read, i32 0" [firmware/nnet_utils/nnet_activation.h:45]   --->   Operation 145 'icmp' 'icmp_ln45_72' <Predicate = true> <Delay = 2.55> <CoreInst = "Cmp">   --->   Core 9 'Cmp' <Latency = 0> <II = 1> <Delay = 2.55> <FuncUnit> <Opcode : 'icmp'> <InPorts = 2> <OutPorts = 1>
ST_1 : Operation 146 [1/1] (0.00ns)   --->   "%trunc_ln46_69 = partselect i16 @_ssdm_op_PartSelect.i16.i32.i32.i32, i32 %data_26_val_read, i32 4, i32 19" [firmware/nnet_utils/nnet_activation.h:46]   --->   Operation 146 'partselect' 'trunc_ln46_69' <Predicate = (icmp_ln45_72)> <Delay = 0.00>
ST_1 : Operation 147 [1/1] (0.80ns)   --->   "%select_ln45_72 = select i1 %icmp_ln45_72, i16 %trunc_ln46_69, i16 0" [firmware/nnet_utils/nnet_activation.h:45]   --->   Operation 147 'select' 'select_ln45_72' <Predicate = true> <Delay = 0.80> <CoreInst = "Sel">   --->   Core 73 'Sel' <Latency = 0> <II = 1> <Delay = 0.80> <FuncUnit> <Opcode : 'select'> <InPorts = 3> <OutPorts = 1>
ST_1 : Operation 148 [1/1] (2.55ns)   --->   "%icmp_ln45_73 = icmp_sgt  i32 %data_27_val_read, i32 0" [firmware/nnet_utils/nnet_activation.h:45]   --->   Operation 148 'icmp' 'icmp_ln45_73' <Predicate = true> <Delay = 2.55> <CoreInst = "Cmp">   --->   Core 9 'Cmp' <Latency = 0> <II = 1> <Delay = 2.55> <FuncUnit> <Opcode : 'icmp'> <InPorts = 2> <OutPorts = 1>
ST_1 : Operation 149 [1/1] (0.00ns)   --->   "%trunc_ln46_70 = partselect i16 @_ssdm_op_PartSelect.i16.i32.i32.i32, i32 %data_27_val_read, i32 4, i32 19" [firmware/nnet_utils/nnet_activation.h:46]   --->   Operation 149 'partselect' 'trunc_ln46_70' <Predicate = (icmp_ln45_73)> <Delay = 0.00>
ST_1 : Operation 150 [1/1] (0.80ns)   --->   "%select_ln45_73 = select i1 %icmp_ln45_73, i16 %trunc_ln46_70, i16 0" [firmware/nnet_utils/nnet_activation.h:45]   --->   Operation 150 'select' 'select_ln45_73' <Predicate = true> <Delay = 0.80> <CoreInst = "Sel">   --->   Core 73 'Sel' <Latency = 0> <II = 1> <Delay = 0.80> <FuncUnit> <Opcode : 'select'> <InPorts = 3> <OutPorts = 1>
ST_1 : Operation 151 [1/1] (2.55ns)   --->   "%icmp_ln45_74 = icmp_sgt  i32 %data_28_val_read, i32 0" [firmware/nnet_utils/nnet_activation.h:45]   --->   Operation 151 'icmp' 'icmp_ln45_74' <Predicate = true> <Delay = 2.55> <CoreInst = "Cmp">   --->   Core 9 'Cmp' <Latency = 0> <II = 1> <Delay = 2.55> <FuncUnit> <Opcode : 'icmp'> <InPorts = 2> <OutPorts = 1>
ST_1 : Operation 152 [1/1] (0.00ns)   --->   "%trunc_ln46_71 = partselect i16 @_ssdm_op_PartSelect.i16.i32.i32.i32, i32 %data_28_val_read, i32 4, i32 19" [firmware/nnet_utils/nnet_activation.h:46]   --->   Operation 152 'partselect' 'trunc_ln46_71' <Predicate = (icmp_ln45_74)> <Delay = 0.00>
ST_1 : Operation 153 [1/1] (0.80ns)   --->   "%select_ln45_74 = select i1 %icmp_ln45_74, i16 %trunc_ln46_71, i16 0" [firmware/nnet_utils/nnet_activation.h:45]   --->   Operation 153 'select' 'select_ln45_74' <Predicate = true> <Delay = 0.80> <CoreInst = "Sel">   --->   Core 73 'Sel' <Latency = 0> <II = 1> <Delay = 0.80> <FuncUnit> <Opcode : 'select'> <InPorts = 3> <OutPorts = 1>
ST_1 : Operation 154 [1/1] (2.55ns)   --->   "%icmp_ln45_75 = icmp_sgt  i32 %data_29_val_read, i32 0" [firmware/nnet_utils/nnet_activation.h:45]   --->   Operation 154 'icmp' 'icmp_ln45_75' <Predicate = true> <Delay = 2.55> <CoreInst = "Cmp">   --->   Core 9 'Cmp' <Latency = 0> <II = 1> <Delay = 2.55> <FuncUnit> <Opcode : 'icmp'> <InPorts = 2> <OutPorts = 1>
ST_1 : Operation 155 [1/1] (0.00ns)   --->   "%trunc_ln46_72 = partselect i16 @_ssdm_op_PartSelect.i16.i32.i32.i32, i32 %data_29_val_read, i32 4, i32 19" [firmware/nnet_utils/nnet_activation.h:46]   --->   Operation 155 'partselect' 'trunc_ln46_72' <Predicate = (icmp_ln45_75)> <Delay = 0.00>
ST_1 : Operation 156 [1/1] (0.80ns)   --->   "%select_ln45_75 = select i1 %icmp_ln45_75, i16 %trunc_ln46_72, i16 0" [firmware/nnet_utils/nnet_activation.h:45]   --->   Operation 156 'select' 'select_ln45_75' <Predicate = true> <Delay = 0.80> <CoreInst = "Sel">   --->   Core 73 'Sel' <Latency = 0> <II = 1> <Delay = 0.80> <FuncUnit> <Opcode : 'select'> <InPorts = 3> <OutPorts = 1>
ST_1 : Operation 157 [1/1] (2.55ns)   --->   "%icmp_ln45_76 = icmp_sgt  i32 %data_30_val_read, i32 0" [firmware/nnet_utils/nnet_activation.h:45]   --->   Operation 157 'icmp' 'icmp_ln45_76' <Predicate = true> <Delay = 2.55> <CoreInst = "Cmp">   --->   Core 9 'Cmp' <Latency = 0> <II = 1> <Delay = 2.55> <FuncUnit> <Opcode : 'icmp'> <InPorts = 2> <OutPorts = 1>
ST_1 : Operation 158 [1/1] (0.00ns)   --->   "%trunc_ln46_73 = partselect i16 @_ssdm_op_PartSelect.i16.i32.i32.i32, i32 %data_30_val_read, i32 4, i32 19" [firmware/nnet_utils/nnet_activation.h:46]   --->   Operation 158 'partselect' 'trunc_ln46_73' <Predicate = (icmp_ln45_76)> <Delay = 0.00>
ST_1 : Operation 159 [1/1] (0.80ns)   --->   "%select_ln45_76 = select i1 %icmp_ln45_76, i16 %trunc_ln46_73, i16 0" [firmware/nnet_utils/nnet_activation.h:45]   --->   Operation 159 'select' 'select_ln45_76' <Predicate = true> <Delay = 0.80> <CoreInst = "Sel">   --->   Core 73 'Sel' <Latency = 0> <II = 1> <Delay = 0.80> <FuncUnit> <Opcode : 'select'> <InPorts = 3> <OutPorts = 1>
ST_1 : Operation 160 [1/1] (2.55ns)   --->   "%icmp_ln45_77 = icmp_sgt  i32 %data_31_val_read, i32 0" [firmware/nnet_utils/nnet_activation.h:45]   --->   Operation 160 'icmp' 'icmp_ln45_77' <Predicate = true> <Delay = 2.55> <CoreInst = "Cmp">   --->   Core 9 'Cmp' <Latency = 0> <II = 1> <Delay = 2.55> <FuncUnit> <Opcode : 'icmp'> <InPorts = 2> <OutPorts = 1>
ST_1 : Operation 161 [1/1] (0.00ns)   --->   "%trunc_ln46_74 = partselect i16 @_ssdm_op_PartSelect.i16.i32.i32.i32, i32 %data_31_val_read, i32 4, i32 19" [firmware/nnet_utils/nnet_activation.h:46]   --->   Operation 161 'partselect' 'trunc_ln46_74' <Predicate = (icmp_ln45_77)> <Delay = 0.00>
ST_1 : Operation 162 [1/1] (0.80ns)   --->   "%select_ln45_77 = select i1 %icmp_ln45_77, i16 %trunc_ln46_74, i16 0" [firmware/nnet_utils/nnet_activation.h:45]   --->   Operation 162 'select' 'select_ln45_77' <Predicate = true> <Delay = 0.80> <CoreInst = "Sel">   --->   Core 73 'Sel' <Latency = 0> <II = 1> <Delay = 0.80> <FuncUnit> <Opcode : 'select'> <InPorts = 3> <OutPorts = 1>
ST_1 : Operation 163 [1/1] (2.55ns)   --->   "%icmp_ln45_78 = icmp_sgt  i32 %data_32_val_read, i32 0" [firmware/nnet_utils/nnet_activation.h:45]   --->   Operation 163 'icmp' 'icmp_ln45_78' <Predicate = true> <Delay = 2.55> <CoreInst = "Cmp">   --->   Core 9 'Cmp' <Latency = 0> <II = 1> <Delay = 2.55> <FuncUnit> <Opcode : 'icmp'> <InPorts = 2> <OutPorts = 1>
ST_1 : Operation 164 [1/1] (0.00ns)   --->   "%trunc_ln46_75 = partselect i16 @_ssdm_op_PartSelect.i16.i32.i32.i32, i32 %data_32_val_read, i32 4, i32 19" [firmware/nnet_utils/nnet_activation.h:46]   --->   Operation 164 'partselect' 'trunc_ln46_75' <Predicate = (icmp_ln45_78)> <Delay = 0.00>
ST_1 : Operation 165 [1/1] (0.80ns)   --->   "%select_ln45_78 = select i1 %icmp_ln45_78, i16 %trunc_ln46_75, i16 0" [firmware/nnet_utils/nnet_activation.h:45]   --->   Operation 165 'select' 'select_ln45_78' <Predicate = true> <Delay = 0.80> <CoreInst = "Sel">   --->   Core 73 'Sel' <Latency = 0> <II = 1> <Delay = 0.80> <FuncUnit> <Opcode : 'select'> <InPorts = 3> <OutPorts = 1>
ST_1 : Operation 166 [1/1] (2.55ns)   --->   "%icmp_ln45_79 = icmp_sgt  i32 %data_33_val_read, i32 0" [firmware/nnet_utils/nnet_activation.h:45]   --->   Operation 166 'icmp' 'icmp_ln45_79' <Predicate = true> <Delay = 2.55> <CoreInst = "Cmp">   --->   Core 9 'Cmp' <Latency = 0> <II = 1> <Delay = 2.55> <FuncUnit> <Opcode : 'icmp'> <InPorts = 2> <OutPorts = 1>
ST_1 : Operation 167 [1/1] (0.00ns)   --->   "%trunc_ln46_76 = partselect i16 @_ssdm_op_PartSelect.i16.i32.i32.i32, i32 %data_33_val_read, i32 4, i32 19" [firmware/nnet_utils/nnet_activation.h:46]   --->   Operation 167 'partselect' 'trunc_ln46_76' <Predicate = (icmp_ln45_79)> <Delay = 0.00>
ST_1 : Operation 168 [1/1] (0.80ns)   --->   "%select_ln45_79 = select i1 %icmp_ln45_79, i16 %trunc_ln46_76, i16 0" [firmware/nnet_utils/nnet_activation.h:45]   --->   Operation 168 'select' 'select_ln45_79' <Predicate = true> <Delay = 0.80> <CoreInst = "Sel">   --->   Core 73 'Sel' <Latency = 0> <II = 1> <Delay = 0.80> <FuncUnit> <Opcode : 'select'> <InPorts = 3> <OutPorts = 1>
ST_1 : Operation 169 [1/1] (2.55ns)   --->   "%icmp_ln45_80 = icmp_sgt  i32 %data_34_val_read, i32 0" [firmware/nnet_utils/nnet_activation.h:45]   --->   Operation 169 'icmp' 'icmp_ln45_80' <Predicate = true> <Delay = 2.55> <CoreInst = "Cmp">   --->   Core 9 'Cmp' <Latency = 0> <II = 1> <Delay = 2.55> <FuncUnit> <Opcode : 'icmp'> <InPorts = 2> <OutPorts = 1>
ST_1 : Operation 170 [1/1] (0.00ns)   --->   "%trunc_ln46_77 = partselect i16 @_ssdm_op_PartSelect.i16.i32.i32.i32, i32 %data_34_val_read, i32 4, i32 19" [firmware/nnet_utils/nnet_activation.h:46]   --->   Operation 170 'partselect' 'trunc_ln46_77' <Predicate = (icmp_ln45_80)> <Delay = 0.00>
ST_1 : Operation 171 [1/1] (0.80ns)   --->   "%select_ln45_80 = select i1 %icmp_ln45_80, i16 %trunc_ln46_77, i16 0" [firmware/nnet_utils/nnet_activation.h:45]   --->   Operation 171 'select' 'select_ln45_80' <Predicate = true> <Delay = 0.80> <CoreInst = "Sel">   --->   Core 73 'Sel' <Latency = 0> <II = 1> <Delay = 0.80> <FuncUnit> <Opcode : 'select'> <InPorts = 3> <OutPorts = 1>
ST_1 : Operation 172 [1/1] (2.55ns)   --->   "%icmp_ln45_81 = icmp_sgt  i32 %data_35_val_read, i32 0" [firmware/nnet_utils/nnet_activation.h:45]   --->   Operation 172 'icmp' 'icmp_ln45_81' <Predicate = true> <Delay = 2.55> <CoreInst = "Cmp">   --->   Core 9 'Cmp' <Latency = 0> <II = 1> <Delay = 2.55> <FuncUnit> <Opcode : 'icmp'> <InPorts = 2> <OutPorts = 1>
ST_1 : Operation 173 [1/1] (0.00ns)   --->   "%trunc_ln46_78 = partselect i16 @_ssdm_op_PartSelect.i16.i32.i32.i32, i32 %data_35_val_read, i32 4, i32 19" [firmware/nnet_utils/nnet_activation.h:46]   --->   Operation 173 'partselect' 'trunc_ln46_78' <Predicate = (icmp_ln45_81)> <Delay = 0.00>
ST_1 : Operation 174 [1/1] (0.80ns)   --->   "%select_ln45_81 = select i1 %icmp_ln45_81, i16 %trunc_ln46_78, i16 0" [firmware/nnet_utils/nnet_activation.h:45]   --->   Operation 174 'select' 'select_ln45_81' <Predicate = true> <Delay = 0.80> <CoreInst = "Sel">   --->   Core 73 'Sel' <Latency = 0> <II = 1> <Delay = 0.80> <FuncUnit> <Opcode : 'select'> <InPorts = 3> <OutPorts = 1>
ST_1 : Operation 175 [1/1] (2.55ns)   --->   "%icmp_ln45_82 = icmp_sgt  i32 %data_36_val_read, i32 0" [firmware/nnet_utils/nnet_activation.h:45]   --->   Operation 175 'icmp' 'icmp_ln45_82' <Predicate = true> <Delay = 2.55> <CoreInst = "Cmp">   --->   Core 9 'Cmp' <Latency = 0> <II = 1> <Delay = 2.55> <FuncUnit> <Opcode : 'icmp'> <InPorts = 2> <OutPorts = 1>
ST_1 : Operation 176 [1/1] (0.00ns)   --->   "%trunc_ln46_79 = partselect i16 @_ssdm_op_PartSelect.i16.i32.i32.i32, i32 %data_36_val_read, i32 4, i32 19" [firmware/nnet_utils/nnet_activation.h:46]   --->   Operation 176 'partselect' 'trunc_ln46_79' <Predicate = (icmp_ln45_82)> <Delay = 0.00>
ST_1 : Operation 177 [1/1] (0.80ns)   --->   "%select_ln45_82 = select i1 %icmp_ln45_82, i16 %trunc_ln46_79, i16 0" [firmware/nnet_utils/nnet_activation.h:45]   --->   Operation 177 'select' 'select_ln45_82' <Predicate = true> <Delay = 0.80> <CoreInst = "Sel">   --->   Core 73 'Sel' <Latency = 0> <II = 1> <Delay = 0.80> <FuncUnit> <Opcode : 'select'> <InPorts = 3> <OutPorts = 1>
ST_1 : Operation 178 [1/1] (2.55ns)   --->   "%icmp_ln45_83 = icmp_sgt  i32 %data_37_val_read, i32 0" [firmware/nnet_utils/nnet_activation.h:45]   --->   Operation 178 'icmp' 'icmp_ln45_83' <Predicate = true> <Delay = 2.55> <CoreInst = "Cmp">   --->   Core 9 'Cmp' <Latency = 0> <II = 1> <Delay = 2.55> <FuncUnit> <Opcode : 'icmp'> <InPorts = 2> <OutPorts = 1>
ST_1 : Operation 179 [1/1] (0.00ns)   --->   "%trunc_ln46_80 = partselect i16 @_ssdm_op_PartSelect.i16.i32.i32.i32, i32 %data_37_val_read, i32 4, i32 19" [firmware/nnet_utils/nnet_activation.h:46]   --->   Operation 179 'partselect' 'trunc_ln46_80' <Predicate = (icmp_ln45_83)> <Delay = 0.00>
ST_1 : Operation 180 [1/1] (0.80ns)   --->   "%select_ln45_83 = select i1 %icmp_ln45_83, i16 %trunc_ln46_80, i16 0" [firmware/nnet_utils/nnet_activation.h:45]   --->   Operation 180 'select' 'select_ln45_83' <Predicate = true> <Delay = 0.80> <CoreInst = "Sel">   --->   Core 73 'Sel' <Latency = 0> <II = 1> <Delay = 0.80> <FuncUnit> <Opcode : 'select'> <InPorts = 3> <OutPorts = 1>
ST_1 : Operation 181 [1/1] (2.55ns)   --->   "%icmp_ln45_84 = icmp_sgt  i32 %data_38_val_read, i32 0" [firmware/nnet_utils/nnet_activation.h:45]   --->   Operation 181 'icmp' 'icmp_ln45_84' <Predicate = true> <Delay = 2.55> <CoreInst = "Cmp">   --->   Core 9 'Cmp' <Latency = 0> <II = 1> <Delay = 2.55> <FuncUnit> <Opcode : 'icmp'> <InPorts = 2> <OutPorts = 1>
ST_1 : Operation 182 [1/1] (0.00ns)   --->   "%trunc_ln46_81 = partselect i16 @_ssdm_op_PartSelect.i16.i32.i32.i32, i32 %data_38_val_read, i32 4, i32 19" [firmware/nnet_utils/nnet_activation.h:46]   --->   Operation 182 'partselect' 'trunc_ln46_81' <Predicate = (icmp_ln45_84)> <Delay = 0.00>
ST_1 : Operation 183 [1/1] (0.80ns)   --->   "%select_ln45_84 = select i1 %icmp_ln45_84, i16 %trunc_ln46_81, i16 0" [firmware/nnet_utils/nnet_activation.h:45]   --->   Operation 183 'select' 'select_ln45_84' <Predicate = true> <Delay = 0.80> <CoreInst = "Sel">   --->   Core 73 'Sel' <Latency = 0> <II = 1> <Delay = 0.80> <FuncUnit> <Opcode : 'select'> <InPorts = 3> <OutPorts = 1>
ST_1 : Operation 184 [1/1] (2.55ns)   --->   "%icmp_ln45_85 = icmp_sgt  i32 %data_39_val_read, i32 0" [firmware/nnet_utils/nnet_activation.h:45]   --->   Operation 184 'icmp' 'icmp_ln45_85' <Predicate = true> <Delay = 2.55> <CoreInst = "Cmp">   --->   Core 9 'Cmp' <Latency = 0> <II = 1> <Delay = 2.55> <FuncUnit> <Opcode : 'icmp'> <InPorts = 2> <OutPorts = 1>
ST_1 : Operation 185 [1/1] (0.00ns)   --->   "%trunc_ln46_82 = partselect i16 @_ssdm_op_PartSelect.i16.i32.i32.i32, i32 %data_39_val_read, i32 4, i32 19" [firmware/nnet_utils/nnet_activation.h:46]   --->   Operation 185 'partselect' 'trunc_ln46_82' <Predicate = (icmp_ln45_85)> <Delay = 0.00>
ST_1 : Operation 186 [1/1] (0.80ns)   --->   "%select_ln45_85 = select i1 %icmp_ln45_85, i16 %trunc_ln46_82, i16 0" [firmware/nnet_utils/nnet_activation.h:45]   --->   Operation 186 'select' 'select_ln45_85' <Predicate = true> <Delay = 0.80> <CoreInst = "Sel">   --->   Core 73 'Sel' <Latency = 0> <II = 1> <Delay = 0.80> <FuncUnit> <Opcode : 'select'> <InPorts = 3> <OutPorts = 1>
ST_1 : Operation 187 [1/1] (2.55ns)   --->   "%icmp_ln45_86 = icmp_sgt  i32 %data_40_val_read, i32 0" [firmware/nnet_utils/nnet_activation.h:45]   --->   Operation 187 'icmp' 'icmp_ln45_86' <Predicate = true> <Delay = 2.55> <CoreInst = "Cmp">   --->   Core 9 'Cmp' <Latency = 0> <II = 1> <Delay = 2.55> <FuncUnit> <Opcode : 'icmp'> <InPorts = 2> <OutPorts = 1>
ST_1 : Operation 188 [1/1] (0.00ns)   --->   "%trunc_ln46_83 = partselect i16 @_ssdm_op_PartSelect.i16.i32.i32.i32, i32 %data_40_val_read, i32 4, i32 19" [firmware/nnet_utils/nnet_activation.h:46]   --->   Operation 188 'partselect' 'trunc_ln46_83' <Predicate = (icmp_ln45_86)> <Delay = 0.00>
ST_1 : Operation 189 [1/1] (0.80ns)   --->   "%select_ln45_86 = select i1 %icmp_ln45_86, i16 %trunc_ln46_83, i16 0" [firmware/nnet_utils/nnet_activation.h:45]   --->   Operation 189 'select' 'select_ln45_86' <Predicate = true> <Delay = 0.80> <CoreInst = "Sel">   --->   Core 73 'Sel' <Latency = 0> <II = 1> <Delay = 0.80> <FuncUnit> <Opcode : 'select'> <InPorts = 3> <OutPorts = 1>
ST_1 : Operation 190 [1/1] (2.55ns)   --->   "%icmp_ln45_87 = icmp_sgt  i32 %data_41_val_read, i32 0" [firmware/nnet_utils/nnet_activation.h:45]   --->   Operation 190 'icmp' 'icmp_ln45_87' <Predicate = true> <Delay = 2.55> <CoreInst = "Cmp">   --->   Core 9 'Cmp' <Latency = 0> <II = 1> <Delay = 2.55> <FuncUnit> <Opcode : 'icmp'> <InPorts = 2> <OutPorts = 1>
ST_1 : Operation 191 [1/1] (0.00ns)   --->   "%trunc_ln46_84 = partselect i16 @_ssdm_op_PartSelect.i16.i32.i32.i32, i32 %data_41_val_read, i32 4, i32 19" [firmware/nnet_utils/nnet_activation.h:46]   --->   Operation 191 'partselect' 'trunc_ln46_84' <Predicate = (icmp_ln45_87)> <Delay = 0.00>
ST_1 : Operation 192 [1/1] (0.80ns)   --->   "%select_ln45_87 = select i1 %icmp_ln45_87, i16 %trunc_ln46_84, i16 0" [firmware/nnet_utils/nnet_activation.h:45]   --->   Operation 192 'select' 'select_ln45_87' <Predicate = true> <Delay = 0.80> <CoreInst = "Sel">   --->   Core 73 'Sel' <Latency = 0> <II = 1> <Delay = 0.80> <FuncUnit> <Opcode : 'select'> <InPorts = 3> <OutPorts = 1>
ST_1 : Operation 193 [1/1] (2.55ns)   --->   "%icmp_ln45_88 = icmp_sgt  i32 %data_42_val_read, i32 0" [firmware/nnet_utils/nnet_activation.h:45]   --->   Operation 193 'icmp' 'icmp_ln45_88' <Predicate = true> <Delay = 2.55> <CoreInst = "Cmp">   --->   Core 9 'Cmp' <Latency = 0> <II = 1> <Delay = 2.55> <FuncUnit> <Opcode : 'icmp'> <InPorts = 2> <OutPorts = 1>
ST_1 : Operation 194 [1/1] (0.00ns)   --->   "%trunc_ln46_85 = partselect i16 @_ssdm_op_PartSelect.i16.i32.i32.i32, i32 %data_42_val_read, i32 4, i32 19" [firmware/nnet_utils/nnet_activation.h:46]   --->   Operation 194 'partselect' 'trunc_ln46_85' <Predicate = (icmp_ln45_88)> <Delay = 0.00>
ST_1 : Operation 195 [1/1] (0.80ns)   --->   "%select_ln45_88 = select i1 %icmp_ln45_88, i16 %trunc_ln46_85, i16 0" [firmware/nnet_utils/nnet_activation.h:45]   --->   Operation 195 'select' 'select_ln45_88' <Predicate = true> <Delay = 0.80> <CoreInst = "Sel">   --->   Core 73 'Sel' <Latency = 0> <II = 1> <Delay = 0.80> <FuncUnit> <Opcode : 'select'> <InPorts = 3> <OutPorts = 1>
ST_1 : Operation 196 [1/1] (2.55ns)   --->   "%icmp_ln45_89 = icmp_sgt  i32 %data_43_val_read, i32 0" [firmware/nnet_utils/nnet_activation.h:45]   --->   Operation 196 'icmp' 'icmp_ln45_89' <Predicate = true> <Delay = 2.55> <CoreInst = "Cmp">   --->   Core 9 'Cmp' <Latency = 0> <II = 1> <Delay = 2.55> <FuncUnit> <Opcode : 'icmp'> <InPorts = 2> <OutPorts = 1>
ST_1 : Operation 197 [1/1] (0.00ns)   --->   "%trunc_ln46_86 = partselect i16 @_ssdm_op_PartSelect.i16.i32.i32.i32, i32 %data_43_val_read, i32 4, i32 19" [firmware/nnet_utils/nnet_activation.h:46]   --->   Operation 197 'partselect' 'trunc_ln46_86' <Predicate = (icmp_ln45_89)> <Delay = 0.00>
ST_1 : Operation 198 [1/1] (0.80ns)   --->   "%select_ln45_89 = select i1 %icmp_ln45_89, i16 %trunc_ln46_86, i16 0" [firmware/nnet_utils/nnet_activation.h:45]   --->   Operation 198 'select' 'select_ln45_89' <Predicate = true> <Delay = 0.80> <CoreInst = "Sel">   --->   Core 73 'Sel' <Latency = 0> <II = 1> <Delay = 0.80> <FuncUnit> <Opcode : 'select'> <InPorts = 3> <OutPorts = 1>
ST_1 : Operation 199 [1/1] (2.55ns)   --->   "%icmp_ln45_90 = icmp_sgt  i32 %data_44_val_read, i32 0" [firmware/nnet_utils/nnet_activation.h:45]   --->   Operation 199 'icmp' 'icmp_ln45_90' <Predicate = true> <Delay = 2.55> <CoreInst = "Cmp">   --->   Core 9 'Cmp' <Latency = 0> <II = 1> <Delay = 2.55> <FuncUnit> <Opcode : 'icmp'> <InPorts = 2> <OutPorts = 1>
ST_1 : Operation 200 [1/1] (0.00ns)   --->   "%trunc_ln46_87 = partselect i16 @_ssdm_op_PartSelect.i16.i32.i32.i32, i32 %data_44_val_read, i32 4, i32 19" [firmware/nnet_utils/nnet_activation.h:46]   --->   Operation 200 'partselect' 'trunc_ln46_87' <Predicate = (icmp_ln45_90)> <Delay = 0.00>
ST_1 : Operation 201 [1/1] (0.80ns)   --->   "%select_ln45_90 = select i1 %icmp_ln45_90, i16 %trunc_ln46_87, i16 0" [firmware/nnet_utils/nnet_activation.h:45]   --->   Operation 201 'select' 'select_ln45_90' <Predicate = true> <Delay = 0.80> <CoreInst = "Sel">   --->   Core 73 'Sel' <Latency = 0> <II = 1> <Delay = 0.80> <FuncUnit> <Opcode : 'select'> <InPorts = 3> <OutPorts = 1>
ST_1 : Operation 202 [1/1] (2.55ns)   --->   "%icmp_ln45_91 = icmp_sgt  i32 %data_45_val_read, i32 0" [firmware/nnet_utils/nnet_activation.h:45]   --->   Operation 202 'icmp' 'icmp_ln45_91' <Predicate = true> <Delay = 2.55> <CoreInst = "Cmp">   --->   Core 9 'Cmp' <Latency = 0> <II = 1> <Delay = 2.55> <FuncUnit> <Opcode : 'icmp'> <InPorts = 2> <OutPorts = 1>
ST_1 : Operation 203 [1/1] (0.00ns)   --->   "%trunc_ln46_88 = partselect i16 @_ssdm_op_PartSelect.i16.i32.i32.i32, i32 %data_45_val_read, i32 4, i32 19" [firmware/nnet_utils/nnet_activation.h:46]   --->   Operation 203 'partselect' 'trunc_ln46_88' <Predicate = (icmp_ln45_91)> <Delay = 0.00>
ST_1 : Operation 204 [1/1] (0.80ns)   --->   "%select_ln45_91 = select i1 %icmp_ln45_91, i16 %trunc_ln46_88, i16 0" [firmware/nnet_utils/nnet_activation.h:45]   --->   Operation 204 'select' 'select_ln45_91' <Predicate = true> <Delay = 0.80> <CoreInst = "Sel">   --->   Core 73 'Sel' <Latency = 0> <II = 1> <Delay = 0.80> <FuncUnit> <Opcode : 'select'> <InPorts = 3> <OutPorts = 1>
ST_1 : Operation 205 [1/1] (2.55ns)   --->   "%icmp_ln45_92 = icmp_sgt  i32 %data_46_val_read, i32 0" [firmware/nnet_utils/nnet_activation.h:45]   --->   Operation 205 'icmp' 'icmp_ln45_92' <Predicate = true> <Delay = 2.55> <CoreInst = "Cmp">   --->   Core 9 'Cmp' <Latency = 0> <II = 1> <Delay = 2.55> <FuncUnit> <Opcode : 'icmp'> <InPorts = 2> <OutPorts = 1>
ST_1 : Operation 206 [1/1] (0.00ns)   --->   "%trunc_ln46_89 = partselect i16 @_ssdm_op_PartSelect.i16.i32.i32.i32, i32 %data_46_val_read, i32 4, i32 19" [firmware/nnet_utils/nnet_activation.h:46]   --->   Operation 206 'partselect' 'trunc_ln46_89' <Predicate = (icmp_ln45_92)> <Delay = 0.00>
ST_1 : Operation 207 [1/1] (0.80ns)   --->   "%select_ln45_92 = select i1 %icmp_ln45_92, i16 %trunc_ln46_89, i16 0" [firmware/nnet_utils/nnet_activation.h:45]   --->   Operation 207 'select' 'select_ln45_92' <Predicate = true> <Delay = 0.80> <CoreInst = "Sel">   --->   Core 73 'Sel' <Latency = 0> <II = 1> <Delay = 0.80> <FuncUnit> <Opcode : 'select'> <InPorts = 3> <OutPorts = 1>
ST_1 : Operation 208 [1/1] (2.55ns)   --->   "%icmp_ln45_93 = icmp_sgt  i32 %data_47_val_read, i32 0" [firmware/nnet_utils/nnet_activation.h:45]   --->   Operation 208 'icmp' 'icmp_ln45_93' <Predicate = true> <Delay = 2.55> <CoreInst = "Cmp">   --->   Core 9 'Cmp' <Latency = 0> <II = 1> <Delay = 2.55> <FuncUnit> <Opcode : 'icmp'> <InPorts = 2> <OutPorts = 1>
ST_1 : Operation 209 [1/1] (0.00ns)   --->   "%trunc_ln46_90 = partselect i16 @_ssdm_op_PartSelect.i16.i32.i32.i32, i32 %data_47_val_read, i32 4, i32 19" [firmware/nnet_utils/nnet_activation.h:46]   --->   Operation 209 'partselect' 'trunc_ln46_90' <Predicate = (icmp_ln45_93)> <Delay = 0.00>
ST_1 : Operation 210 [1/1] (0.80ns)   --->   "%select_ln45_93 = select i1 %icmp_ln45_93, i16 %trunc_ln46_90, i16 0" [firmware/nnet_utils/nnet_activation.h:45]   --->   Operation 210 'select' 'select_ln45_93' <Predicate = true> <Delay = 0.80> <CoreInst = "Sel">   --->   Core 73 'Sel' <Latency = 0> <II = 1> <Delay = 0.80> <FuncUnit> <Opcode : 'select'> <InPorts = 3> <OutPorts = 1>
ST_1 : Operation 211 [1/1] (2.55ns)   --->   "%icmp_ln45_94 = icmp_sgt  i32 %data_48_val_read, i32 0" [firmware/nnet_utils/nnet_activation.h:45]   --->   Operation 211 'icmp' 'icmp_ln45_94' <Predicate = true> <Delay = 2.55> <CoreInst = "Cmp">   --->   Core 9 'Cmp' <Latency = 0> <II = 1> <Delay = 2.55> <FuncUnit> <Opcode : 'icmp'> <InPorts = 2> <OutPorts = 1>
ST_1 : Operation 212 [1/1] (0.00ns)   --->   "%trunc_ln46_91 = partselect i16 @_ssdm_op_PartSelect.i16.i32.i32.i32, i32 %data_48_val_read, i32 4, i32 19" [firmware/nnet_utils/nnet_activation.h:46]   --->   Operation 212 'partselect' 'trunc_ln46_91' <Predicate = (icmp_ln45_94)> <Delay = 0.00>
ST_1 : Operation 213 [1/1] (0.80ns)   --->   "%select_ln45_94 = select i1 %icmp_ln45_94, i16 %trunc_ln46_91, i16 0" [firmware/nnet_utils/nnet_activation.h:45]   --->   Operation 213 'select' 'select_ln45_94' <Predicate = true> <Delay = 0.80> <CoreInst = "Sel">   --->   Core 73 'Sel' <Latency = 0> <II = 1> <Delay = 0.80> <FuncUnit> <Opcode : 'select'> <InPorts = 3> <OutPorts = 1>
ST_1 : Operation 214 [1/1] (2.55ns)   --->   "%icmp_ln45_95 = icmp_sgt  i32 %data_49_val_read, i32 0" [firmware/nnet_utils/nnet_activation.h:45]   --->   Operation 214 'icmp' 'icmp_ln45_95' <Predicate = true> <Delay = 2.55> <CoreInst = "Cmp">   --->   Core 9 'Cmp' <Latency = 0> <II = 1> <Delay = 2.55> <FuncUnit> <Opcode : 'icmp'> <InPorts = 2> <OutPorts = 1>
ST_1 : Operation 215 [1/1] (0.00ns)   --->   "%trunc_ln46_92 = partselect i16 @_ssdm_op_PartSelect.i16.i32.i32.i32, i32 %data_49_val_read, i32 4, i32 19" [firmware/nnet_utils/nnet_activation.h:46]   --->   Operation 215 'partselect' 'trunc_ln46_92' <Predicate = (icmp_ln45_95)> <Delay = 0.00>
ST_1 : Operation 216 [1/1] (0.80ns)   --->   "%select_ln45_95 = select i1 %icmp_ln45_95, i16 %trunc_ln46_92, i16 0" [firmware/nnet_utils/nnet_activation.h:45]   --->   Operation 216 'select' 'select_ln45_95' <Predicate = true> <Delay = 0.80> <CoreInst = "Sel">   --->   Core 73 'Sel' <Latency = 0> <II = 1> <Delay = 0.80> <FuncUnit> <Opcode : 'select'> <InPorts = 3> <OutPorts = 1>
ST_1 : Operation 217 [1/1] (2.55ns)   --->   "%icmp_ln45_96 = icmp_sgt  i32 %data_50_val_read, i32 0" [firmware/nnet_utils/nnet_activation.h:45]   --->   Operation 217 'icmp' 'icmp_ln45_96' <Predicate = true> <Delay = 2.55> <CoreInst = "Cmp">   --->   Core 9 'Cmp' <Latency = 0> <II = 1> <Delay = 2.55> <FuncUnit> <Opcode : 'icmp'> <InPorts = 2> <OutPorts = 1>
ST_1 : Operation 218 [1/1] (0.00ns)   --->   "%trunc_ln46_93 = partselect i16 @_ssdm_op_PartSelect.i16.i32.i32.i32, i32 %data_50_val_read, i32 4, i32 19" [firmware/nnet_utils/nnet_activation.h:46]   --->   Operation 218 'partselect' 'trunc_ln46_93' <Predicate = (icmp_ln45_96)> <Delay = 0.00>
ST_1 : Operation 219 [1/1] (0.80ns)   --->   "%select_ln45_96 = select i1 %icmp_ln45_96, i16 %trunc_ln46_93, i16 0" [firmware/nnet_utils/nnet_activation.h:45]   --->   Operation 219 'select' 'select_ln45_96' <Predicate = true> <Delay = 0.80> <CoreInst = "Sel">   --->   Core 73 'Sel' <Latency = 0> <II = 1> <Delay = 0.80> <FuncUnit> <Opcode : 'select'> <InPorts = 3> <OutPorts = 1>
ST_1 : Operation 220 [1/1] (2.55ns)   --->   "%icmp_ln45_97 = icmp_sgt  i32 %data_51_val_read, i32 0" [firmware/nnet_utils/nnet_activation.h:45]   --->   Operation 220 'icmp' 'icmp_ln45_97' <Predicate = true> <Delay = 2.55> <CoreInst = "Cmp">   --->   Core 9 'Cmp' <Latency = 0> <II = 1> <Delay = 2.55> <FuncUnit> <Opcode : 'icmp'> <InPorts = 2> <OutPorts = 1>
ST_1 : Operation 221 [1/1] (0.00ns)   --->   "%trunc_ln46_94 = partselect i16 @_ssdm_op_PartSelect.i16.i32.i32.i32, i32 %data_51_val_read, i32 4, i32 19" [firmware/nnet_utils/nnet_activation.h:46]   --->   Operation 221 'partselect' 'trunc_ln46_94' <Predicate = (icmp_ln45_97)> <Delay = 0.00>
ST_1 : Operation 222 [1/1] (0.80ns)   --->   "%select_ln45_97 = select i1 %icmp_ln45_97, i16 %trunc_ln46_94, i16 0" [firmware/nnet_utils/nnet_activation.h:45]   --->   Operation 222 'select' 'select_ln45_97' <Predicate = true> <Delay = 0.80> <CoreInst = "Sel">   --->   Core 73 'Sel' <Latency = 0> <II = 1> <Delay = 0.80> <FuncUnit> <Opcode : 'select'> <InPorts = 3> <OutPorts = 1>
ST_1 : Operation 223 [1/1] (2.55ns)   --->   "%icmp_ln45_98 = icmp_sgt  i32 %data_52_val_read, i32 0" [firmware/nnet_utils/nnet_activation.h:45]   --->   Operation 223 'icmp' 'icmp_ln45_98' <Predicate = true> <Delay = 2.55> <CoreInst = "Cmp">   --->   Core 9 'Cmp' <Latency = 0> <II = 1> <Delay = 2.55> <FuncUnit> <Opcode : 'icmp'> <InPorts = 2> <OutPorts = 1>
ST_1 : Operation 224 [1/1] (0.00ns)   --->   "%trunc_ln46_95 = partselect i16 @_ssdm_op_PartSelect.i16.i32.i32.i32, i32 %data_52_val_read, i32 4, i32 19" [firmware/nnet_utils/nnet_activation.h:46]   --->   Operation 224 'partselect' 'trunc_ln46_95' <Predicate = (icmp_ln45_98)> <Delay = 0.00>
ST_1 : Operation 225 [1/1] (0.80ns)   --->   "%select_ln45_98 = select i1 %icmp_ln45_98, i16 %trunc_ln46_95, i16 0" [firmware/nnet_utils/nnet_activation.h:45]   --->   Operation 225 'select' 'select_ln45_98' <Predicate = true> <Delay = 0.80> <CoreInst = "Sel">   --->   Core 73 'Sel' <Latency = 0> <II = 1> <Delay = 0.80> <FuncUnit> <Opcode : 'select'> <InPorts = 3> <OutPorts = 1>
ST_1 : Operation 226 [1/1] (2.55ns)   --->   "%icmp_ln45_99 = icmp_sgt  i32 %data_53_val_read, i32 0" [firmware/nnet_utils/nnet_activation.h:45]   --->   Operation 226 'icmp' 'icmp_ln45_99' <Predicate = true> <Delay = 2.55> <CoreInst = "Cmp">   --->   Core 9 'Cmp' <Latency = 0> <II = 1> <Delay = 2.55> <FuncUnit> <Opcode : 'icmp'> <InPorts = 2> <OutPorts = 1>
ST_1 : Operation 227 [1/1] (0.00ns)   --->   "%trunc_ln46_96 = partselect i16 @_ssdm_op_PartSelect.i16.i32.i32.i32, i32 %data_53_val_read, i32 4, i32 19" [firmware/nnet_utils/nnet_activation.h:46]   --->   Operation 227 'partselect' 'trunc_ln46_96' <Predicate = (icmp_ln45_99)> <Delay = 0.00>
ST_1 : Operation 228 [1/1] (0.80ns)   --->   "%select_ln45_99 = select i1 %icmp_ln45_99, i16 %trunc_ln46_96, i16 0" [firmware/nnet_utils/nnet_activation.h:45]   --->   Operation 228 'select' 'select_ln45_99' <Predicate = true> <Delay = 0.80> <CoreInst = "Sel">   --->   Core 73 'Sel' <Latency = 0> <II = 1> <Delay = 0.80> <FuncUnit> <Opcode : 'select'> <InPorts = 3> <OutPorts = 1>
ST_1 : Operation 229 [1/1] (2.55ns)   --->   "%icmp_ln45_100 = icmp_sgt  i32 %data_54_val_read, i32 0" [firmware/nnet_utils/nnet_activation.h:45]   --->   Operation 229 'icmp' 'icmp_ln45_100' <Predicate = true> <Delay = 2.55> <CoreInst = "Cmp">   --->   Core 9 'Cmp' <Latency = 0> <II = 1> <Delay = 2.55> <FuncUnit> <Opcode : 'icmp'> <InPorts = 2> <OutPorts = 1>
ST_1 : Operation 230 [1/1] (0.00ns)   --->   "%trunc_ln46_97 = partselect i16 @_ssdm_op_PartSelect.i16.i32.i32.i32, i32 %data_54_val_read, i32 4, i32 19" [firmware/nnet_utils/nnet_activation.h:46]   --->   Operation 230 'partselect' 'trunc_ln46_97' <Predicate = (icmp_ln45_100)> <Delay = 0.00>
ST_1 : Operation 231 [1/1] (0.80ns)   --->   "%select_ln45_100 = select i1 %icmp_ln45_100, i16 %trunc_ln46_97, i16 0" [firmware/nnet_utils/nnet_activation.h:45]   --->   Operation 231 'select' 'select_ln45_100' <Predicate = true> <Delay = 0.80> <CoreInst = "Sel">   --->   Core 73 'Sel' <Latency = 0> <II = 1> <Delay = 0.80> <FuncUnit> <Opcode : 'select'> <InPorts = 3> <OutPorts = 1>
ST_1 : Operation 232 [1/1] (2.55ns)   --->   "%icmp_ln45_101 = icmp_sgt  i32 %data_55_val_read, i32 0" [firmware/nnet_utils/nnet_activation.h:45]   --->   Operation 232 'icmp' 'icmp_ln45_101' <Predicate = true> <Delay = 2.55> <CoreInst = "Cmp">   --->   Core 9 'Cmp' <Latency = 0> <II = 1> <Delay = 2.55> <FuncUnit> <Opcode : 'icmp'> <InPorts = 2> <OutPorts = 1>
ST_1 : Operation 233 [1/1] (0.00ns)   --->   "%trunc_ln46_98 = partselect i16 @_ssdm_op_PartSelect.i16.i32.i32.i32, i32 %data_55_val_read, i32 4, i32 19" [firmware/nnet_utils/nnet_activation.h:46]   --->   Operation 233 'partselect' 'trunc_ln46_98' <Predicate = (icmp_ln45_101)> <Delay = 0.00>
ST_1 : Operation 234 [1/1] (0.80ns)   --->   "%select_ln45_101 = select i1 %icmp_ln45_101, i16 %trunc_ln46_98, i16 0" [firmware/nnet_utils/nnet_activation.h:45]   --->   Operation 234 'select' 'select_ln45_101' <Predicate = true> <Delay = 0.80> <CoreInst = "Sel">   --->   Core 73 'Sel' <Latency = 0> <II = 1> <Delay = 0.80> <FuncUnit> <Opcode : 'select'> <InPorts = 3> <OutPorts = 1>
ST_1 : Operation 235 [1/1] (2.55ns)   --->   "%icmp_ln45_102 = icmp_sgt  i32 %data_56_val_read, i32 0" [firmware/nnet_utils/nnet_activation.h:45]   --->   Operation 235 'icmp' 'icmp_ln45_102' <Predicate = true> <Delay = 2.55> <CoreInst = "Cmp">   --->   Core 9 'Cmp' <Latency = 0> <II = 1> <Delay = 2.55> <FuncUnit> <Opcode : 'icmp'> <InPorts = 2> <OutPorts = 1>
ST_1 : Operation 236 [1/1] (0.00ns)   --->   "%trunc_ln46_99 = partselect i16 @_ssdm_op_PartSelect.i16.i32.i32.i32, i32 %data_56_val_read, i32 4, i32 19" [firmware/nnet_utils/nnet_activation.h:46]   --->   Operation 236 'partselect' 'trunc_ln46_99' <Predicate = (icmp_ln45_102)> <Delay = 0.00>
ST_1 : Operation 237 [1/1] (0.80ns)   --->   "%select_ln45_102 = select i1 %icmp_ln45_102, i16 %trunc_ln46_99, i16 0" [firmware/nnet_utils/nnet_activation.h:45]   --->   Operation 237 'select' 'select_ln45_102' <Predicate = true> <Delay = 0.80> <CoreInst = "Sel">   --->   Core 73 'Sel' <Latency = 0> <II = 1> <Delay = 0.80> <FuncUnit> <Opcode : 'select'> <InPorts = 3> <OutPorts = 1>
ST_1 : Operation 238 [1/1] (2.55ns)   --->   "%icmp_ln45_103 = icmp_sgt  i32 %data_57_val_read, i32 0" [firmware/nnet_utils/nnet_activation.h:45]   --->   Operation 238 'icmp' 'icmp_ln45_103' <Predicate = true> <Delay = 2.55> <CoreInst = "Cmp">   --->   Core 9 'Cmp' <Latency = 0> <II = 1> <Delay = 2.55> <FuncUnit> <Opcode : 'icmp'> <InPorts = 2> <OutPorts = 1>
ST_1 : Operation 239 [1/1] (0.00ns)   --->   "%trunc_ln46_100 = partselect i16 @_ssdm_op_PartSelect.i16.i32.i32.i32, i32 %data_57_val_read, i32 4, i32 19" [firmware/nnet_utils/nnet_activation.h:46]   --->   Operation 239 'partselect' 'trunc_ln46_100' <Predicate = (icmp_ln45_103)> <Delay = 0.00>
ST_1 : Operation 240 [1/1] (0.80ns)   --->   "%select_ln45_103 = select i1 %icmp_ln45_103, i16 %trunc_ln46_100, i16 0" [firmware/nnet_utils/nnet_activation.h:45]   --->   Operation 240 'select' 'select_ln45_103' <Predicate = true> <Delay = 0.80> <CoreInst = "Sel">   --->   Core 73 'Sel' <Latency = 0> <II = 1> <Delay = 0.80> <FuncUnit> <Opcode : 'select'> <InPorts = 3> <OutPorts = 1>
ST_1 : Operation 241 [1/1] (2.55ns)   --->   "%icmp_ln45_104 = icmp_sgt  i32 %data_58_val_read, i32 0" [firmware/nnet_utils/nnet_activation.h:45]   --->   Operation 241 'icmp' 'icmp_ln45_104' <Predicate = true> <Delay = 2.55> <CoreInst = "Cmp">   --->   Core 9 'Cmp' <Latency = 0> <II = 1> <Delay = 2.55> <FuncUnit> <Opcode : 'icmp'> <InPorts = 2> <OutPorts = 1>
ST_1 : Operation 242 [1/1] (0.00ns)   --->   "%trunc_ln46_101 = partselect i16 @_ssdm_op_PartSelect.i16.i32.i32.i32, i32 %data_58_val_read, i32 4, i32 19" [firmware/nnet_utils/nnet_activation.h:46]   --->   Operation 242 'partselect' 'trunc_ln46_101' <Predicate = (icmp_ln45_104)> <Delay = 0.00>
ST_1 : Operation 243 [1/1] (0.80ns)   --->   "%select_ln45_104 = select i1 %icmp_ln45_104, i16 %trunc_ln46_101, i16 0" [firmware/nnet_utils/nnet_activation.h:45]   --->   Operation 243 'select' 'select_ln45_104' <Predicate = true> <Delay = 0.80> <CoreInst = "Sel">   --->   Core 73 'Sel' <Latency = 0> <II = 1> <Delay = 0.80> <FuncUnit> <Opcode : 'select'> <InPorts = 3> <OutPorts = 1>
ST_1 : Operation 244 [1/1] (2.55ns)   --->   "%icmp_ln45_105 = icmp_sgt  i32 %data_59_val_read, i32 0" [firmware/nnet_utils/nnet_activation.h:45]   --->   Operation 244 'icmp' 'icmp_ln45_105' <Predicate = true> <Delay = 2.55> <CoreInst = "Cmp">   --->   Core 9 'Cmp' <Latency = 0> <II = 1> <Delay = 2.55> <FuncUnit> <Opcode : 'icmp'> <InPorts = 2> <OutPorts = 1>
ST_1 : Operation 245 [1/1] (0.00ns)   --->   "%trunc_ln46_102 = partselect i16 @_ssdm_op_PartSelect.i16.i32.i32.i32, i32 %data_59_val_read, i32 4, i32 19" [firmware/nnet_utils/nnet_activation.h:46]   --->   Operation 245 'partselect' 'trunc_ln46_102' <Predicate = (icmp_ln45_105)> <Delay = 0.00>
ST_1 : Operation 246 [1/1] (0.80ns)   --->   "%select_ln45_105 = select i1 %icmp_ln45_105, i16 %trunc_ln46_102, i16 0" [firmware/nnet_utils/nnet_activation.h:45]   --->   Operation 246 'select' 'select_ln45_105' <Predicate = true> <Delay = 0.80> <CoreInst = "Sel">   --->   Core 73 'Sel' <Latency = 0> <II = 1> <Delay = 0.80> <FuncUnit> <Opcode : 'select'> <InPorts = 3> <OutPorts = 1>
ST_1 : Operation 247 [1/1] (2.55ns)   --->   "%icmp_ln45_106 = icmp_sgt  i32 %data_60_val_read, i32 0" [firmware/nnet_utils/nnet_activation.h:45]   --->   Operation 247 'icmp' 'icmp_ln45_106' <Predicate = true> <Delay = 2.55> <CoreInst = "Cmp">   --->   Core 9 'Cmp' <Latency = 0> <II = 1> <Delay = 2.55> <FuncUnit> <Opcode : 'icmp'> <InPorts = 2> <OutPorts = 1>
ST_1 : Operation 248 [1/1] (0.00ns)   --->   "%trunc_ln46_103 = partselect i16 @_ssdm_op_PartSelect.i16.i32.i32.i32, i32 %data_60_val_read, i32 4, i32 19" [firmware/nnet_utils/nnet_activation.h:46]   --->   Operation 248 'partselect' 'trunc_ln46_103' <Predicate = (icmp_ln45_106)> <Delay = 0.00>
ST_1 : Operation 249 [1/1] (0.80ns)   --->   "%select_ln45_106 = select i1 %icmp_ln45_106, i16 %trunc_ln46_103, i16 0" [firmware/nnet_utils/nnet_activation.h:45]   --->   Operation 249 'select' 'select_ln45_106' <Predicate = true> <Delay = 0.80> <CoreInst = "Sel">   --->   Core 73 'Sel' <Latency = 0> <II = 1> <Delay = 0.80> <FuncUnit> <Opcode : 'select'> <InPorts = 3> <OutPorts = 1>
ST_1 : Operation 250 [1/1] (2.55ns)   --->   "%icmp_ln45_107 = icmp_sgt  i32 %data_61_val_read, i32 0" [firmware/nnet_utils/nnet_activation.h:45]   --->   Operation 250 'icmp' 'icmp_ln45_107' <Predicate = true> <Delay = 2.55> <CoreInst = "Cmp">   --->   Core 9 'Cmp' <Latency = 0> <II = 1> <Delay = 2.55> <FuncUnit> <Opcode : 'icmp'> <InPorts = 2> <OutPorts = 1>
ST_1 : Operation 251 [1/1] (0.00ns)   --->   "%trunc_ln46_104 = partselect i16 @_ssdm_op_PartSelect.i16.i32.i32.i32, i32 %data_61_val_read, i32 4, i32 19" [firmware/nnet_utils/nnet_activation.h:46]   --->   Operation 251 'partselect' 'trunc_ln46_104' <Predicate = (icmp_ln45_107)> <Delay = 0.00>
ST_1 : Operation 252 [1/1] (0.80ns)   --->   "%select_ln45_107 = select i1 %icmp_ln45_107, i16 %trunc_ln46_104, i16 0" [firmware/nnet_utils/nnet_activation.h:45]   --->   Operation 252 'select' 'select_ln45_107' <Predicate = true> <Delay = 0.80> <CoreInst = "Sel">   --->   Core 73 'Sel' <Latency = 0> <II = 1> <Delay = 0.80> <FuncUnit> <Opcode : 'select'> <InPorts = 3> <OutPorts = 1>
ST_1 : Operation 253 [1/1] (2.55ns)   --->   "%icmp_ln45_108 = icmp_sgt  i32 %data_62_val_read, i32 0" [firmware/nnet_utils/nnet_activation.h:45]   --->   Operation 253 'icmp' 'icmp_ln45_108' <Predicate = true> <Delay = 2.55> <CoreInst = "Cmp">   --->   Core 9 'Cmp' <Latency = 0> <II = 1> <Delay = 2.55> <FuncUnit> <Opcode : 'icmp'> <InPorts = 2> <OutPorts = 1>
ST_1 : Operation 254 [1/1] (0.00ns)   --->   "%trunc_ln46_105 = partselect i16 @_ssdm_op_PartSelect.i16.i32.i32.i32, i32 %data_62_val_read, i32 4, i32 19" [firmware/nnet_utils/nnet_activation.h:46]   --->   Operation 254 'partselect' 'trunc_ln46_105' <Predicate = (icmp_ln45_108)> <Delay = 0.00>
ST_1 : Operation 255 [1/1] (0.80ns)   --->   "%select_ln45_108 = select i1 %icmp_ln45_108, i16 %trunc_ln46_105, i16 0" [firmware/nnet_utils/nnet_activation.h:45]   --->   Operation 255 'select' 'select_ln45_108' <Predicate = true> <Delay = 0.80> <CoreInst = "Sel">   --->   Core 73 'Sel' <Latency = 0> <II = 1> <Delay = 0.80> <FuncUnit> <Opcode : 'select'> <InPorts = 3> <OutPorts = 1>
ST_1 : Operation 256 [1/1] (2.55ns)   --->   "%icmp_ln45_109 = icmp_sgt  i32 %data_63_val_read, i32 0" [firmware/nnet_utils/nnet_activation.h:45]   --->   Operation 256 'icmp' 'icmp_ln45_109' <Predicate = true> <Delay = 2.55> <CoreInst = "Cmp">   --->   Core 9 'Cmp' <Latency = 0> <II = 1> <Delay = 2.55> <FuncUnit> <Opcode : 'icmp'> <InPorts = 2> <OutPorts = 1>
ST_1 : Operation 257 [1/1] (0.00ns)   --->   "%trunc_ln46_106 = partselect i16 @_ssdm_op_PartSelect.i16.i32.i32.i32, i32 %data_63_val_read, i32 4, i32 19" [firmware/nnet_utils/nnet_activation.h:46]   --->   Operation 257 'partselect' 'trunc_ln46_106' <Predicate = (icmp_ln45_109)> <Delay = 0.00>
ST_1 : Operation 258 [1/1] (0.80ns)   --->   "%select_ln45_109 = select i1 %icmp_ln45_109, i16 %trunc_ln46_106, i16 0" [firmware/nnet_utils/nnet_activation.h:45]   --->   Operation 258 'select' 'select_ln45_109' <Predicate = true> <Delay = 0.80> <CoreInst = "Sel">   --->   Core 73 'Sel' <Latency = 0> <II = 1> <Delay = 0.80> <FuncUnit> <Opcode : 'select'> <InPorts = 3> <OutPorts = 1>
ST_1 : Operation 259 [1/1] (0.00ns)   --->   "%mrv = insertvalue i1024 <undef>, i16 %select_ln45" [firmware/nnet_utils/nnet_activation.h:50]   --->   Operation 259 'insertvalue' 'mrv' <Predicate = true> <Delay = 0.00>
ST_1 : Operation 260 [1/1] (0.00ns)   --->   "%mrv_1 = insertvalue i1024 %mrv, i16 %select_ln45_47" [firmware/nnet_utils/nnet_activation.h:50]   --->   Operation 260 'insertvalue' 'mrv_1' <Predicate = true> <Delay = 0.00>
ST_1 : Operation 261 [1/1] (0.00ns)   --->   "%mrv_2 = insertvalue i1024 %mrv_1, i16 %select_ln45_48" [firmware/nnet_utils/nnet_activation.h:50]   --->   Operation 261 'insertvalue' 'mrv_2' <Predicate = true> <Delay = 0.00>
ST_1 : Operation 262 [1/1] (0.00ns)   --->   "%mrv_3 = insertvalue i1024 %mrv_2, i16 %select_ln45_49" [firmware/nnet_utils/nnet_activation.h:50]   --->   Operation 262 'insertvalue' 'mrv_3' <Predicate = true> <Delay = 0.00>
ST_1 : Operation 263 [1/1] (0.00ns)   --->   "%mrv_4 = insertvalue i1024 %mrv_3, i16 %select_ln45_50" [firmware/nnet_utils/nnet_activation.h:50]   --->   Operation 263 'insertvalue' 'mrv_4' <Predicate = true> <Delay = 0.00>
ST_1 : Operation 264 [1/1] (0.00ns)   --->   "%mrv_5 = insertvalue i1024 %mrv_4, i16 %select_ln45_51" [firmware/nnet_utils/nnet_activation.h:50]   --->   Operation 264 'insertvalue' 'mrv_5' <Predicate = true> <Delay = 0.00>
ST_1 : Operation 265 [1/1] (0.00ns)   --->   "%mrv_6 = insertvalue i1024 %mrv_5, i16 %select_ln45_52" [firmware/nnet_utils/nnet_activation.h:50]   --->   Operation 265 'insertvalue' 'mrv_6' <Predicate = true> <Delay = 0.00>
ST_1 : Operation 266 [1/1] (0.00ns)   --->   "%mrv_7 = insertvalue i1024 %mrv_6, i16 %select_ln45_53" [firmware/nnet_utils/nnet_activation.h:50]   --->   Operation 266 'insertvalue' 'mrv_7' <Predicate = true> <Delay = 0.00>
ST_1 : Operation 267 [1/1] (0.00ns)   --->   "%mrv_8 = insertvalue i1024 %mrv_7, i16 %select_ln45_54" [firmware/nnet_utils/nnet_activation.h:50]   --->   Operation 267 'insertvalue' 'mrv_8' <Predicate = true> <Delay = 0.00>
ST_1 : Operation 268 [1/1] (0.00ns)   --->   "%mrv_9 = insertvalue i1024 %mrv_8, i16 %select_ln45_55" [firmware/nnet_utils/nnet_activation.h:50]   --->   Operation 268 'insertvalue' 'mrv_9' <Predicate = true> <Delay = 0.00>
ST_1 : Operation 269 [1/1] (0.00ns)   --->   "%mrv_10 = insertvalue i1024 %mrv_9, i16 %select_ln45_56" [firmware/nnet_utils/nnet_activation.h:50]   --->   Operation 269 'insertvalue' 'mrv_10' <Predicate = true> <Delay = 0.00>
ST_1 : Operation 270 [1/1] (0.00ns)   --->   "%mrv_11 = insertvalue i1024 %mrv_10, i16 %select_ln45_57" [firmware/nnet_utils/nnet_activation.h:50]   --->   Operation 270 'insertvalue' 'mrv_11' <Predicate = true> <Delay = 0.00>
ST_1 : Operation 271 [1/1] (0.00ns)   --->   "%mrv_12 = insertvalue i1024 %mrv_11, i16 %select_ln45_58" [firmware/nnet_utils/nnet_activation.h:50]   --->   Operation 271 'insertvalue' 'mrv_12' <Predicate = true> <Delay = 0.00>
ST_1 : Operation 272 [1/1] (0.00ns)   --->   "%mrv_13 = insertvalue i1024 %mrv_12, i16 %select_ln45_59" [firmware/nnet_utils/nnet_activation.h:50]   --->   Operation 272 'insertvalue' 'mrv_13' <Predicate = true> <Delay = 0.00>
ST_1 : Operation 273 [1/1] (0.00ns)   --->   "%mrv_14 = insertvalue i1024 %mrv_13, i16 %select_ln45_60" [firmware/nnet_utils/nnet_activation.h:50]   --->   Operation 273 'insertvalue' 'mrv_14' <Predicate = true> <Delay = 0.00>
ST_1 : Operation 274 [1/1] (0.00ns)   --->   "%mrv_15 = insertvalue i1024 %mrv_14, i16 %select_ln45_61" [firmware/nnet_utils/nnet_activation.h:50]   --->   Operation 274 'insertvalue' 'mrv_15' <Predicate = true> <Delay = 0.00>
ST_1 : Operation 275 [1/1] (0.00ns)   --->   "%mrv_16 = insertvalue i1024 %mrv_15, i16 %select_ln45_62" [firmware/nnet_utils/nnet_activation.h:50]   --->   Operation 275 'insertvalue' 'mrv_16' <Predicate = true> <Delay = 0.00>
ST_1 : Operation 276 [1/1] (0.00ns)   --->   "%mrv_17 = insertvalue i1024 %mrv_16, i16 %select_ln45_63" [firmware/nnet_utils/nnet_activation.h:50]   --->   Operation 276 'insertvalue' 'mrv_17' <Predicate = true> <Delay = 0.00>
ST_1 : Operation 277 [1/1] (0.00ns)   --->   "%mrv_18 = insertvalue i1024 %mrv_17, i16 %select_ln45_64" [firmware/nnet_utils/nnet_activation.h:50]   --->   Operation 277 'insertvalue' 'mrv_18' <Predicate = true> <Delay = 0.00>
ST_1 : Operation 278 [1/1] (0.00ns)   --->   "%mrv_19 = insertvalue i1024 %mrv_18, i16 %select_ln45_65" [firmware/nnet_utils/nnet_activation.h:50]   --->   Operation 278 'insertvalue' 'mrv_19' <Predicate = true> <Delay = 0.00>
ST_1 : Operation 279 [1/1] (0.00ns)   --->   "%mrv_20 = insertvalue i1024 %mrv_19, i16 %select_ln45_66" [firmware/nnet_utils/nnet_activation.h:50]   --->   Operation 279 'insertvalue' 'mrv_20' <Predicate = true> <Delay = 0.00>
ST_1 : Operation 280 [1/1] (0.00ns)   --->   "%mrv_21 = insertvalue i1024 %mrv_20, i16 %select_ln45_67" [firmware/nnet_utils/nnet_activation.h:50]   --->   Operation 280 'insertvalue' 'mrv_21' <Predicate = true> <Delay = 0.00>
ST_1 : Operation 281 [1/1] (0.00ns)   --->   "%mrv_22 = insertvalue i1024 %mrv_21, i16 %select_ln45_68" [firmware/nnet_utils/nnet_activation.h:50]   --->   Operation 281 'insertvalue' 'mrv_22' <Predicate = true> <Delay = 0.00>
ST_1 : Operation 282 [1/1] (0.00ns)   --->   "%mrv_23 = insertvalue i1024 %mrv_22, i16 %select_ln45_69" [firmware/nnet_utils/nnet_activation.h:50]   --->   Operation 282 'insertvalue' 'mrv_23' <Predicate = true> <Delay = 0.00>
ST_1 : Operation 283 [1/1] (0.00ns)   --->   "%mrv_24 = insertvalue i1024 %mrv_23, i16 %select_ln45_70" [firmware/nnet_utils/nnet_activation.h:50]   --->   Operation 283 'insertvalue' 'mrv_24' <Predicate = true> <Delay = 0.00>
ST_1 : Operation 284 [1/1] (0.00ns)   --->   "%mrv_25 = insertvalue i1024 %mrv_24, i16 %select_ln45_71" [firmware/nnet_utils/nnet_activation.h:50]   --->   Operation 284 'insertvalue' 'mrv_25' <Predicate = true> <Delay = 0.00>
ST_1 : Operation 285 [1/1] (0.00ns)   --->   "%mrv_26 = insertvalue i1024 %mrv_25, i16 %select_ln45_72" [firmware/nnet_utils/nnet_activation.h:50]   --->   Operation 285 'insertvalue' 'mrv_26' <Predicate = true> <Delay = 0.00>
ST_1 : Operation 286 [1/1] (0.00ns)   --->   "%mrv_27 = insertvalue i1024 %mrv_26, i16 %select_ln45_73" [firmware/nnet_utils/nnet_activation.h:50]   --->   Operation 286 'insertvalue' 'mrv_27' <Predicate = true> <Delay = 0.00>
ST_1 : Operation 287 [1/1] (0.00ns)   --->   "%mrv_28 = insertvalue i1024 %mrv_27, i16 %select_ln45_74" [firmware/nnet_utils/nnet_activation.h:50]   --->   Operation 287 'insertvalue' 'mrv_28' <Predicate = true> <Delay = 0.00>
ST_1 : Operation 288 [1/1] (0.00ns)   --->   "%mrv_29 = insertvalue i1024 %mrv_28, i16 %select_ln45_75" [firmware/nnet_utils/nnet_activation.h:50]   --->   Operation 288 'insertvalue' 'mrv_29' <Predicate = true> <Delay = 0.00>
ST_1 : Operation 289 [1/1] (0.00ns)   --->   "%mrv_30 = insertvalue i1024 %mrv_29, i16 %select_ln45_76" [firmware/nnet_utils/nnet_activation.h:50]   --->   Operation 289 'insertvalue' 'mrv_30' <Predicate = true> <Delay = 0.00>
ST_1 : Operation 290 [1/1] (0.00ns)   --->   "%mrv_s = insertvalue i1024 %mrv_30, i16 %select_ln45_77" [firmware/nnet_utils/nnet_activation.h:50]   --->   Operation 290 'insertvalue' 'mrv_s' <Predicate = true> <Delay = 0.00>
ST_1 : Operation 291 [1/1] (0.00ns)   --->   "%mrv_31 = insertvalue i1024 %mrv_s, i16 %select_ln45_78" [firmware/nnet_utils/nnet_activation.h:50]   --->   Operation 291 'insertvalue' 'mrv_31' <Predicate = true> <Delay = 0.00>
ST_1 : Operation 292 [1/1] (0.00ns)   --->   "%mrv_32 = insertvalue i1024 %mrv_31, i16 %select_ln45_79" [firmware/nnet_utils/nnet_activation.h:50]   --->   Operation 292 'insertvalue' 'mrv_32' <Predicate = true> <Delay = 0.00>
ST_1 : Operation 293 [1/1] (0.00ns)   --->   "%mrv_33 = insertvalue i1024 %mrv_32, i16 %select_ln45_80" [firmware/nnet_utils/nnet_activation.h:50]   --->   Operation 293 'insertvalue' 'mrv_33' <Predicate = true> <Delay = 0.00>
ST_1 : Operation 294 [1/1] (0.00ns)   --->   "%mrv_34 = insertvalue i1024 %mrv_33, i16 %select_ln45_81" [firmware/nnet_utils/nnet_activation.h:50]   --->   Operation 294 'insertvalue' 'mrv_34' <Predicate = true> <Delay = 0.00>
ST_1 : Operation 295 [1/1] (0.00ns)   --->   "%mrv_35 = insertvalue i1024 %mrv_34, i16 %select_ln45_82" [firmware/nnet_utils/nnet_activation.h:50]   --->   Operation 295 'insertvalue' 'mrv_35' <Predicate = true> <Delay = 0.00>
ST_1 : Operation 296 [1/1] (0.00ns)   --->   "%mrv_36 = insertvalue i1024 %mrv_35, i16 %select_ln45_83" [firmware/nnet_utils/nnet_activation.h:50]   --->   Operation 296 'insertvalue' 'mrv_36' <Predicate = true> <Delay = 0.00>
ST_1 : Operation 297 [1/1] (0.00ns)   --->   "%mrv_37 = insertvalue i1024 %mrv_36, i16 %select_ln45_84" [firmware/nnet_utils/nnet_activation.h:50]   --->   Operation 297 'insertvalue' 'mrv_37' <Predicate = true> <Delay = 0.00>
ST_1 : Operation 298 [1/1] (0.00ns)   --->   "%mrv_38 = insertvalue i1024 %mrv_37, i16 %select_ln45_85" [firmware/nnet_utils/nnet_activation.h:50]   --->   Operation 298 'insertvalue' 'mrv_38' <Predicate = true> <Delay = 0.00>
ST_1 : Operation 299 [1/1] (0.00ns)   --->   "%mrv_39 = insertvalue i1024 %mrv_38, i16 %select_ln45_86" [firmware/nnet_utils/nnet_activation.h:50]   --->   Operation 299 'insertvalue' 'mrv_39' <Predicate = true> <Delay = 0.00>
ST_1 : Operation 300 [1/1] (0.00ns)   --->   "%mrv_40 = insertvalue i1024 %mrv_39, i16 %select_ln45_87" [firmware/nnet_utils/nnet_activation.h:50]   --->   Operation 300 'insertvalue' 'mrv_40' <Predicate = true> <Delay = 0.00>
ST_1 : Operation 301 [1/1] (0.00ns)   --->   "%mrv_41 = insertvalue i1024 %mrv_40, i16 %select_ln45_88" [firmware/nnet_utils/nnet_activation.h:50]   --->   Operation 301 'insertvalue' 'mrv_41' <Predicate = true> <Delay = 0.00>
ST_1 : Operation 302 [1/1] (0.00ns)   --->   "%mrv_42 = insertvalue i1024 %mrv_41, i16 %select_ln45_89" [firmware/nnet_utils/nnet_activation.h:50]   --->   Operation 302 'insertvalue' 'mrv_42' <Predicate = true> <Delay = 0.00>
ST_1 : Operation 303 [1/1] (0.00ns)   --->   "%mrv_43 = insertvalue i1024 %mrv_42, i16 %select_ln45_90" [firmware/nnet_utils/nnet_activation.h:50]   --->   Operation 303 'insertvalue' 'mrv_43' <Predicate = true> <Delay = 0.00>
ST_1 : Operation 304 [1/1] (0.00ns)   --->   "%mrv_44 = insertvalue i1024 %mrv_43, i16 %select_ln45_91" [firmware/nnet_utils/nnet_activation.h:50]   --->   Operation 304 'insertvalue' 'mrv_44' <Predicate = true> <Delay = 0.00>
ST_1 : Operation 305 [1/1] (0.00ns)   --->   "%mrv_45 = insertvalue i1024 %mrv_44, i16 %select_ln45_92" [firmware/nnet_utils/nnet_activation.h:50]   --->   Operation 305 'insertvalue' 'mrv_45' <Predicate = true> <Delay = 0.00>
ST_1 : Operation 306 [1/1] (0.00ns)   --->   "%mrv_46 = insertvalue i1024 %mrv_45, i16 %select_ln45_93" [firmware/nnet_utils/nnet_activation.h:50]   --->   Operation 306 'insertvalue' 'mrv_46' <Predicate = true> <Delay = 0.00>
ST_1 : Operation 307 [1/1] (0.00ns)   --->   "%mrv_47 = insertvalue i1024 %mrv_46, i16 %select_ln45_94" [firmware/nnet_utils/nnet_activation.h:50]   --->   Operation 307 'insertvalue' 'mrv_47' <Predicate = true> <Delay = 0.00>
ST_1 : Operation 308 [1/1] (0.00ns)   --->   "%mrv_48 = insertvalue i1024 %mrv_47, i16 %select_ln45_95" [firmware/nnet_utils/nnet_activation.h:50]   --->   Operation 308 'insertvalue' 'mrv_48' <Predicate = true> <Delay = 0.00>
ST_1 : Operation 309 [1/1] (0.00ns)   --->   "%mrv_49 = insertvalue i1024 %mrv_48, i16 %select_ln45_96" [firmware/nnet_utils/nnet_activation.h:50]   --->   Operation 309 'insertvalue' 'mrv_49' <Predicate = true> <Delay = 0.00>
ST_1 : Operation 310 [1/1] (0.00ns)   --->   "%mrv_50 = insertvalue i1024 %mrv_49, i16 %select_ln45_97" [firmware/nnet_utils/nnet_activation.h:50]   --->   Operation 310 'insertvalue' 'mrv_50' <Predicate = true> <Delay = 0.00>
ST_1 : Operation 311 [1/1] (0.00ns)   --->   "%mrv_51 = insertvalue i1024 %mrv_50, i16 %select_ln45_98" [firmware/nnet_utils/nnet_activation.h:50]   --->   Operation 311 'insertvalue' 'mrv_51' <Predicate = true> <Delay = 0.00>
ST_1 : Operation 312 [1/1] (0.00ns)   --->   "%mrv_52 = insertvalue i1024 %mrv_51, i16 %select_ln45_99" [firmware/nnet_utils/nnet_activation.h:50]   --->   Operation 312 'insertvalue' 'mrv_52' <Predicate = true> <Delay = 0.00>
ST_1 : Operation 313 [1/1] (0.00ns)   --->   "%mrv_53 = insertvalue i1024 %mrv_52, i16 %select_ln45_100" [firmware/nnet_utils/nnet_activation.h:50]   --->   Operation 313 'insertvalue' 'mrv_53' <Predicate = true> <Delay = 0.00>
ST_1 : Operation 314 [1/1] (0.00ns)   --->   "%mrv_54 = insertvalue i1024 %mrv_53, i16 %select_ln45_101" [firmware/nnet_utils/nnet_activation.h:50]   --->   Operation 314 'insertvalue' 'mrv_54' <Predicate = true> <Delay = 0.00>
ST_1 : Operation 315 [1/1] (0.00ns)   --->   "%mrv_55 = insertvalue i1024 %mrv_54, i16 %select_ln45_102" [firmware/nnet_utils/nnet_activation.h:50]   --->   Operation 315 'insertvalue' 'mrv_55' <Predicate = true> <Delay = 0.00>
ST_1 : Operation 316 [1/1] (0.00ns)   --->   "%mrv_56 = insertvalue i1024 %mrv_55, i16 %select_ln45_103" [firmware/nnet_utils/nnet_activation.h:50]   --->   Operation 316 'insertvalue' 'mrv_56' <Predicate = true> <Delay = 0.00>
ST_1 : Operation 317 [1/1] (0.00ns)   --->   "%mrv_57 = insertvalue i1024 %mrv_56, i16 %select_ln45_104" [firmware/nnet_utils/nnet_activation.h:50]   --->   Operation 317 'insertvalue' 'mrv_57' <Predicate = true> <Delay = 0.00>
ST_1 : Operation 318 [1/1] (0.00ns)   --->   "%mrv_58 = insertvalue i1024 %mrv_57, i16 %select_ln45_105" [firmware/nnet_utils/nnet_activation.h:50]   --->   Operation 318 'insertvalue' 'mrv_58' <Predicate = true> <Delay = 0.00>
ST_1 : Operation 319 [1/1] (0.00ns)   --->   "%mrv_59 = insertvalue i1024 %mrv_58, i16 %select_ln45_106" [firmware/nnet_utils/nnet_activation.h:50]   --->   Operation 319 'insertvalue' 'mrv_59' <Predicate = true> <Delay = 0.00>
ST_1 : Operation 320 [1/1] (0.00ns)   --->   "%mrv_60 = insertvalue i1024 %mrv_59, i16 %select_ln45_107" [firmware/nnet_utils/nnet_activation.h:50]   --->   Operation 320 'insertvalue' 'mrv_60' <Predicate = true> <Delay = 0.00>
ST_1 : Operation 321 [1/1] (0.00ns)   --->   "%mrv_61 = insertvalue i1024 %mrv_60, i16 %select_ln45_108" [firmware/nnet_utils/nnet_activation.h:50]   --->   Operation 321 'insertvalue' 'mrv_61' <Predicate = true> <Delay = 0.00>
ST_1 : Operation 322 [1/1] (0.00ns)   --->   "%mrv_62 = insertvalue i1024 %mrv_61, i16 %select_ln45_109" [firmware/nnet_utils/nnet_activation.h:50]   --->   Operation 322 'insertvalue' 'mrv_62' <Predicate = true> <Delay = 0.00>
ST_1 : Operation 323 [1/1] (0.00ns)   --->   "%ret_ln50 = ret i1024 %mrv_62" [firmware/nnet_utils/nnet_activation.h:50]   --->   Operation 323 'ret' 'ret_ln50' <Predicate = true> <Delay = 0.00>


============================================================
+ Verbose Summary: Timing violations
============================================================
Target clock period: 100.000ns, clock uncertainty: 27.000ns.

 <State 1>: 3.357ns
The critical path consists of the following:
	wire read operation ('data_0_val_read', firmware/nnet_utils/nnet_activation.h:42) on port 'data_0_val' (firmware/nnet_utils/nnet_activation.h:42) [129]  (0.000 ns)
	'icmp' operation ('icmp_ln45', firmware/nnet_utils/nnet_activation.h:45) [130]  (2.552 ns)
	'select' operation ('select_ln45', firmware/nnet_utils/nnet_activation.h:45) [132]  (0.805 ns)


============================================================
+ Verbose Summary: Binding
============================================================
N/A
* FSMD analyzer results:
  - Output states:
 - Input state : 
  - Chain level:
	State 1


============================================================
+ Verbose Summary: Datapath Resource usage 
============================================================
N/A
